point,point_hash,suite,workload,batch,organization,core_m,mode,n_tile,k_tile,group,dispatch,split,condition,hbm_bytes_per_ns,hbm_latency_ns,ideal_hbm,ideal_onchip,latency_cycles_at_1ghz,latency_ms,experts_done_ms,combine_tail_ms,weight_mib,x_staging_mib,z_transfer_kib,remote_copy_bytes,all_copy_bytes,useful_macs,issued_macs,mac_spatial_utilization,control_service_ns_sum_not_wall_time,vector_service_ns_sum_not_wall_time,dispatch_decisions,deferrals,credit_peak,repeats_equal,raw_report_sha256,raw_directory,latency_us,tile_issues,hbm_read_bytes,hbm_write_bytes,input_backpressure_cycles,arbiter,credit_limit,over_budget_credit_diagnostic,extra_return_bytes,extra_credit_tag_bytes,hbm_byte_lower_bound_us,achieved_weight_bandwidth_GBps,gap_above_byte_lower_bound_percent,late_bind_wait_cycles,binding_mean_signed_error_us,binding_mean_absolute_error_us,binding_worst_underestimate_us,bindings_with_1_eligible_cores,bindings_with_2_eligible_cores,dma_accepted,dma_landed,dma_backpressure_cycles,next_bindings,next_prefetch_tiles,next_ready_at_promotion,next_inflight_at_promotion,next_weight_wait_cycles,core0_private_peak_bytes,core0_weight_peak_bytes,core0_x_peak_bytes,core0_completion_ns,core0_control_service_ns,core0_private_capacity_bytes,core1_private_peak_bytes,core1_weight_peak_bytes,core1_x_peak_bytes,core1_completion_ns,core1_control_service_ns,core1_private_capacity_bytes,design_id,architecture,budget_group,descriptor_order,shared_bind_cycle,shared_owner,shared_finish_cycle,two_core_choice_fraction,credit_occupancy_lower_bound_cycles,latency_over_credit_lower_bound,core_finish_gap_cycles,joint_aging_forced_rounds,joint_control_cycles,joint_deferred_placements,joint_estimate_saturations,joint_initial_fill_wait_cycles,joint_late_floor_blocked_core_cycles,joint_max_bypass,joint_no_eligible_cycles,joint_pair_comparisons,joint_paired_rounds,joint_preferred_core_wait_cycles,joint_reordered_bindings,joint_revalidation_cancellations,joint_single_rounds,joint_snapshot_candidate_sum,joint_snapshot_count,joint_audit_count,joint_candidate_observations,joint_candidate_potential_both_fraction,joint_candidate_due_both_fraction,expert_Me,hidden,intermediate,synthetic,shared_expert,route_semantics,padding_macs_total,m_tail_macs_derived,ownership
mechanism__synthetic_me1_six__M6_3+3_W5-5_Aproportional_Pproportional_G4_joint_budget__dynamic,892495102672db8e57f048e34f6009e2b0678edc199e4ccce13930b6af88f778,synthetic_full_ffn_mechanism,synthetic_me1_six,6,3+3,3+3,dynamic,4,512,4,dynamic,none,equal_budget_actual_supply,256,64,False,False,20569,0.020569,0.02012,0.000449,2.25,0.01318359375,0.0,9216,30720,1179648,7077888,0.16666666666666666,2376,2072,6,0,256,True,8dc78dbe8234872154c59f25e7a0740e4fdc3aa7e88010f010ff4aedad764d3a,/tmp/plena-joint-runtime-20260930/mechanism/raw/points/mechanism__synthetic_me1_six__M6_3+3_W5-5_Aproportional_Pproportional_G4_joint_budget__dynamic__892495102672db8e,20.569,1152,2359296,0,0,stock,256,False,0,0,9.216,114.70154115416403,123.18793402777777,0,0.6328333333333334,0.6328333333333334,1.003,3,3,73728,73728,0,6,4,4,0,0,21856,20480,3072,20022,1202,1048576,21856,20480,3072,20120,1174,1048576,M6_3+3_W5-5_Aproportional_Pproportional_G4_joint_budget,homogeneous,M6,natural,,,,0.5,18432,1.1159396701388888,98,0,0,0,0,0,0,0,0,0,0,0,0,0,0,0,0,0,0,0,0,"1,1,1,1,1,1",512,128,True,False,disjoint_top1,5898240,2359296,e0(M1)->c0@12;e1(M1)->c1@26;e2(M1)->c0@40;e3(M1)->c1@50;e4(M1)->c0@6867;e5(M1)->c1@6924
mechanism__synthetic_me1_six__M6_3+3_W5-5_Aproportional_Pproportional_G4_joint_budget__joint,3e381eba83c65bbc1312c4b75ba3983b8c0babe2f31babf9febf9958ced2e900,synthetic_full_ffn_mechanism,synthetic_me1_six,6,3+3,3+3,joint,4,512,4,joint,none,equal_budget_actual_supply,256,64,False,False,20204,0.020204,0.019755,0.000449,2.25,0.01318359375,0.0,9216,30720,1179648,7077888,0.16666666666666666,2528,2072,6,0,256,True,d2da6338ede6a0a5f55db4eb79b2278f0a8cabb74ac33d2007ff0e2878f726c8,/tmp/plena-joint-runtime-20260930/mechanism/raw/points/mechanism__synthetic_me1_six__M6_3+3_W5-5_Aproportional_Pproportional_G4_joint_budget__joint__3e381eba83c65bbc,20.204,1152,2359296,0,0,stock,256,False,0,0,9.216,116.77370817659869,119.22743055555554,0,0.18633333333333335,0.18633333333333335,0.298,4,2,73728,73728,0,6,6,4,2,119,21856,20480,3072,19657,1370,1048576,21856,20480,3072,19753,1158,1048576,M6_3+3_W5-5_Aproportional_Pproportional_G4_joint_budget,homogeneous,M6,natural,,,,0.3333333333333333,18432,1.0961371527777777,96,0,212,2,0,5,0,4,12167,20,1,0,0,0,4,16,5,5,16,0.75,0.375,"1,1,1,1,1,1",512,128,True,False,disjoint_top1,5898240,2359296,e0(M1)->c0@85;e1(M1)->c1@85;e2(M1)->c0@6520;e3(M1)->c1@6556;e4(M1)->c0@13061;e5(M1)->c1@13158
mechanism__synthetic_me1_six__M6_3+3_W5-5_Aproportional_Pproportional_G4_joint_budget__joint_no_late,1bde4100bc42018dc69420e72b68e3c7632a35208a86b7ed2ad1b79cc189de30,synthetic_full_ffn_mechanism,synthetic_me1_six,6,3+3,3+3,joint_no_late,4,512,4,joint,none,equal_budget_actual_supply,256,64,False,False,20732,0.020732,0.020283,0.000449,2.25,0.01318359375,0.0,9216,30720,1179648,7077888,0.16666666666666666,2516,2072,6,0,256,True,75bc6489fc780ded9b98e2ab24aa17cedcd2f8817d97890fed5ffb1311aec606,/tmp/plena-joint-runtime-20260930/mechanism/raw/points/mechanism__synthetic_me1_six__M6_3+3_W5-5_Aproportional_Pproportional_G4_joint_budget__joint_no_late__1bde4100bc42018d,20.732,1152,2359296,0,0,stock,256,False,0,0,9.216,113.79972988616632,124.95659722222223,0,0.5773333333333334,0.5773333333333334,1.076,4,2,73728,73728,0,6,6,4,2,95,21856,20480,3072,20281,1358,1048576,21856,20480,3072,20160,1158,1048576,M6_3+3_W5-5_Aproportional_Pproportional_G4_joint_budget,homogeneous,M6,natural,,,,0.3333333333333333,18432,1.1247829861111112,121,0,200,0,0,5,0,4,6510,14,1,0,0,0,4,16,5,5,16,0.375,0.375,"1,1,1,1,1,1",512,128,True,False,disjoint_top1,5898240,2359296,e0(M1)->c0@85;e1(M1)->c1@85;e2(M1)->c0@129;e3(M1)->c1@165;e4(M1)->c1@7037;e5(M1)->c0@7112
mechanism__synthetic_me1_six__M6_3+3_W5-5_Aproportional_Pproportional_G4_joint_budget__window_lpt_ect,f84201f8ff96208ed25c4ef612443b7357e0ff1039e28d978e04225f2445c82f,synthetic_full_ffn_mechanism,synthetic_me1_six,6,3+3,3+3,window_lpt_ect,4,512,4,joint,none,equal_budget_actual_supply,256,64,False,False,20766,0.020766,0.020317,0.000449,2.25,0.01318359375,0.0,9216,30720,1179648,7077888,0.16666666666666666,2538,2072,6,0,256,True,32f3451d995e48fecabf8102257f6226a27c61f7609ad1dd16d0b7188b3625c1,/tmp/plena-joint-runtime-20260930/mechanism/raw/points/mechanism__synthetic_me1_six__M6_3+3_W5-5_Aproportional_Pproportional_G4_joint_budget__window_lpt_ect__f84201f8ff96208e,20.766,1152,2359296,0,0,stock,256,False,0,0,9.216,113.61340652990465,125.32552083333334,0,0.6778333333333334,0.6778333333333334,1.055,3,3,73728,73728,0,6,6,4,2,107,21856,20480,3072,20317,1386,1048576,21856,20480,3072,20196,1152,1048576,M6_3+3_W5-5_Aproportional_Pproportional_G4_joint_budget,homogeneous,M6,natural,,,,0.5,18432,1.1266276041666667,121,0,234,0,0,5,0,5,6472,9,0,0,0,0,6,21,6,6,21,0.7142857142857143,0.7142857142857143,"1,1,1,1,1,1",512,128,True,False,disjoint_top1,5898240,2359296,e0(M1)->c0@65;e1(M1)->c1@119;e2(M1)->c0@165;e3(M1)->c1@201;e4(M1)->c1@7030;e5(M1)->c0@7105
mechanism__synthetic_me1_six__M6_4+2_W5-5_Aproportional_Pproportional_G4_joint_budget__dynamic,428bfda25da8402ad2418526744216fb635664e499ba4f0de354f8a7868de502,synthetic_full_ffn_mechanism,synthetic_me1_six,6,4+2,4+2,dynamic,4,512,4,dynamic,none,equal_budget_actual_supply,256,64,False,False,20647,0.020647,0.020196,0.000451,2.25,0.01318359375,0.0,9216,30720,1179648,7077888,0.16666666666666666,2376,2073,6,0,256,True,08364185eb26d3c1ae26bf048dc48d185cf8d62903ea7d81bd290f7a90436e62,/tmp/plena-joint-runtime-20260930/mechanism/raw/points/mechanism__synthetic_me1_six__M6_4+2_W5-5_Aproportional_Pproportional_G4_joint_budget__dynamic__428bfda25da8402a,20.647,1152,2359296,0,0,stock,256,False,0,0,9.216,114.26822298639027,124.03428819444446,0,0.6161666666666666,0.6161666666666666,1.063,3,3,73728,73728,0,6,4,4,0,0,26912,20480,4096,19875,1202,1398080,16832,20480,2048,20196,1174,699072,M6_4+2_W5-5_Aproportional_Pproportional_G4_joint_budget,heterogeneous,M6,natural,,,,0.5,18432,1.1201714409722223,321,0,0,0,0,0,0,0,0,0,0,0,0,0,0,0,0,0,0,0,0,"1,1,1,1,1,1",512,128,True,False,disjoint_top1,5898240,2359296,e0(M1)->c0@12;e1(M1)->c1@26;e2(M1)->c0@40;e3(M1)->c1@50;e4(M1)->c0@6873;e5(M1)->c1@6990
mechanism__synthetic_me1_six__M6_4+2_W5-5_Aproportional_Pproportional_G4_joint_budget__joint,8670add99da2a90fdf866e775c0cdbfef74401d682a60eee6b3cd88b23f84536,synthetic_full_ffn_mechanism,synthetic_me1_six,6,4+2,4+2,joint,4,512,4,joint,none,equal_budget_actual_supply,256,64,False,False,20191,0.020191,0.01974,0.000451,2.25,0.01318359375,0.0,9216,30720,1179648,7077888,0.16666666666666666,2528,2073,6,0,256,True,31de06d3f51e4b10dfe0ab9319fff544cfddc02fae6a8edaaf406173c7330691,/tmp/plena-joint-runtime-20260930/mechanism/raw/points/mechanism__synthetic_me1_six__M6_4+2_W5-5_Aproportional_Pproportional_G4_joint_budget__joint__8670add99da2a90f,20.191,1152,2359296,0,0,stock,256,False,0,0,9.216,116.84889307117032,119.08637152777777,0,0.1635,0.16883333333333334,0.326,4,2,73728,73728,0,6,6,4,2,119,26912,20480,4096,19550,1370,1398080,16832,20480,2048,19738,1158,699072,M6_4+2_W5-5_Aproportional_Pproportional_G4_joint_budget,heterogeneous,M6,natural,,,,0.3333333333333333,18432,1.0954318576388888,188,0,212,2,0,5,0,4,12124,20,1,0,0,0,4,16,5,5,16,0.75,0.375,"1,1,1,1,1,1",512,128,True,False,disjoint_top1,5898240,2359296,e0(M1)->c0@85;e1(M1)->c1@85;e2(M1)->c0@6539;e3(M1)->c1@6575;e4(M1)->c0@13011;e5(M1)->c1@13115
mechanism__synthetic_me1_six__M6_4+2_W5-5_Aproportional_Pproportional_G4_joint_budget__joint_no_late,a41c0bb3a0ee72c8b9545e61dd69b1f17c3d00af9467f37b8e71868d95c1248b,synthetic_full_ffn_mechanism,synthetic_me1_six,6,4+2,4+2,joint_no_late,4,512,4,joint,none,equal_budget_actual_supply,256,64,False,False,20922,0.020922,0.020471,0.000451,2.25,0.01318359375,0.0,9216,30720,1179648,7077888,0.16666666666666666,2516,2073,6,0,256,True,59760241396700f9b2c4785100a6dc36848df48b735ac4ad3e93ddb035991fa7,/tmp/plena-joint-runtime-20260930/mechanism/raw/points/mechanism__synthetic_me1_six__M6_4+2_W5-5_Aproportional_Pproportional_G4_joint_budget__joint_no_late__a41c0bb3a0ee72c8,20.922,1152,2359296,0,0,stock,256,False,0,0,9.216,112.766274734729,127.01822916666666,0,0.7043333333333334,0.7043333333333334,1.162,4,2,73728,73728,0,6,6,4,2,92,26912,20480,4096,20340,1358,1398080,16832,20480,2048,20469,1158,699072,M6_4+2_W5-5_Aproportional_Pproportional_G4_joint_budget,heterogeneous,M6,natural,,,,0.3333333333333333,18432,1.1350911458333333,129,0,200,0,0,5,0,4,6463,14,1,0,0,0,4,16,5,5,16,0.375,0.375,"1,1,1,1,1,1",512,128,True,False,disjoint_top1,5898240,2359296,e0(M1)->c0@85;e1(M1)->c1@85;e2(M1)->c0@129;e3(M1)->c1@165;e4(M1)->c1@7022;e5(M1)->c0@7062
mechanism__synthetic_me1_six__M6_4+2_W5-5_Aproportional_Pproportional_G4_joint_budget__window_lpt_ect,8bdabab4f0bc77c5eca87fbfb2a881c1714b1146cfd7c60c764f6f4d815c3a4c,synthetic_full_ffn_mechanism,synthetic_me1_six,6,4+2,4+2,window_lpt_ect,4,512,4,joint,none,equal_budget_actual_supply,256,64,False,False,20914,0.020914,0.020463,0.000451,2.25,0.01318359375,0.0,9216,30720,1179648,7077888,0.16666666666666666,2538,2073,6,0,256,True,a4bd9e90b01c9d4dbd5ad93695611ea42fca6a97fcdccfa1a335375e2fc94cfd,/tmp/plena-joint-runtime-20260930/mechanism/raw/points/mechanism__synthetic_me1_six__M6_4+2_W5-5_Aproportional_Pproportional_G4_joint_budget__window_lpt_ect__8bdabab4f0bc77c5,20.914,1152,2359296,0,0,stock,256,False,0,0,9.216,112.809409964617,126.93142361111111,0,0.7626666666666666,0.7626666666666666,1.121,3,3,73728,73728,0,6,6,4,2,104,26912,20480,4096,20334,1386,1398080,16832,20480,2048,20463,1152,699072,M6_4+2_W5-5_Aproportional_Pproportional_G4_joint_budget,heterogeneous,M6,natural,,,,0.5,18432,1.1346571180555556,129,0,234,0,0,5,0,5,6425,9,0,0,0,0,6,21,6,6,21,0.7142857142857143,0.7142857142857143,"1,1,1,1,1,1",512,128,True,False,disjoint_top1,5898240,2359296,e0(M1)->c0@65;e1(M1)->c1@119;e2(M1)->c0@165;e3(M1)->c1@201;e4(M1)->c1@7015;e5(M1)->c0@7055
mechanism__synthetic_me1_six__M6_6_W10_Aproportional_Pproportional_G4_joint_budget__dynamic,64e3eb449d0456dc97f7894c400888afa3455d452e924ab9ade89cfa628260e6,synthetic_full_ffn_mechanism,synthetic_me1_six,6,6,6,dynamic,4,512,4,dynamic,none,equal_budget_actual_supply,256,64,False,False,24570,0.02457,0.024137,0.000433,2.25,0.01318359375,0.0,0,30720,1179648,14155776,0.08333333333333333,2364,2056,6,0,256,True,34de9df33351f529f34935aa6dde2e194541b9304e77250cfc52b153a1007041,/tmp/plena-joint-runtime-20260930/mechanism/raw/points/mechanism__synthetic_me1_six__M6_6_W10_Aproportional_Pproportional_G4_joint_budget__dynamic__64e3eb449d0456dc,24.57,1152,2359296,0,0,stock,256,False,0,0,9.216,96.02344322344322,166.6015625,0,-0.7866666666666666,0.7866666666666666,0.0,6,0,73728,73728,0,6,5,5,0,0,39392,40960,6144,24137,2364,2097152,,,,,,,M6_6_W10_Aproportional_Pproportional_G4_joint_budget,single,M6,natural,,,,0.0,18432,1.3330078125,0,0,0,0,0,0,0,0,0,0,0,0,0,0,0,0,0,0,0,0,0,"1,1,1,1,1,1",512,128,True,False,disjoint_top1,12976128,5898240,e0(M1)->c0@8;e1(M1)->c0@18;e2(M1)->c0@4059;e3(M1)->c0@8077;e4(M1)->c0@12095;e5(M1)->c0@16113
mechanism__synthetic_me1_six__M6_6_W10_Aproportional_Pproportional_G4_joint_budget__joint,cbc0a8dd419853f5fc36a0f47993112a8937c16eba6482de0c4c6bd715fe2c03,synthetic_full_ffn_mechanism,synthetic_me1_six,6,6,6,joint,4,512,4,joint,none,equal_budget_actual_supply,256,64,False,False,24584,0.024584,0.024151,0.000433,2.25,0.01318359375,0.0,0,30720,1179648,14155776,0.08333333333333333,2460,2056,6,0,256,True,2ac9e527d43c1207d88c7ab25ff304a8d88f5e4f055ad1f3086935122170f675,/tmp/plena-joint-runtime-20260930/mechanism/raw/points/mechanism__synthetic_me1_six__M6_6_W10_Aproportional_Pproportional_G4_joint_budget__joint__cbc0a8dd419853f5,24.584,1152,2359296,0,0,stock,256,False,0,0,9.216,95.96876016921576,166.75347222222223,0,-0.2743333333333333,0.2743333333333333,0.0,6,0,73728,73728,0,6,6,5,1,62,39392,40960,6144,24149,2460,2097152,,,,,,,M6_6_W10_Aproportional_Pproportional_G4_joint_budget,single,M6,natural,,,,0.0,18432,1.3337673611111112,0,0,144,0,0,5,0,5,18862,6,0,0,0,0,6,21,6,6,21,0.0,0.0,"1,1,1,1,1,1",512,128,True,False,disjoint_top1,12976128,5898240,e0(M1)->c0@39;e1(M1)->c0@3924;e2(M1)->c0@7939;e3(M1)->c0@11955;e4(M1)->c0@15969;e5(M1)->c0@19984
mechanism__synthetic_me1_six__M6_6_W10_Aproportional_Pproportional_G4_joint_budget__joint_no_late,590a6153090fc92d09cd07d24c2102312275b24d1eea82092a177d8c551e05f6,synthetic_full_ffn_mechanism,synthetic_me1_six,6,6,6,joint_no_late,4,512,4,joint,none,equal_budget_actual_supply,256,64,False,False,24613,0.024613,0.02418,0.000433,2.25,0.01318359375,0.0,0,30720,1179648,14155776,0.08333333333333333,2460,2056,6,0,256,True,d2ddbcd84a77530059371ba703f23e4a6457ac69b5f69d4fbe8c4f47d18e3c54,/tmp/plena-joint-runtime-20260930/mechanism/raw/points/mechanism__synthetic_me1_six__M6_6_W10_Aproportional_Pproportional_G4_joint_budget__joint_no_late__590a6153090fc92d,24.613,1152,2359296,0,0,stock,256,False,0,0,9.216,95.85568601958315,167.06814236111111,0,-0.4816666666666667,0.4816666666666667,0.0,6,0,73728,73728,0,6,6,5,1,62,39392,40960,6144,24178,2460,2097152,,,,,,,M6_6_W10_Aproportional_Pproportional_G4_joint_budget,single,M6,natural,,,,0.0,18432,1.3353407118055556,0,0,144,0,0,5,0,5,15227,6,0,0,0,0,6,21,6,6,21,0.0,0.0,"1,1,1,1,1,1",512,128,True,False,disjoint_top1,12976128,5898240,e0(M1)->c0@39;e1(M1)->c0@71;e2(M1)->c0@4098;e3(M1)->c0@8122;e4(M1)->c0@12142;e5(M1)->c0@16158
mechanism__synthetic_me1_six__M6_6_W10_Aproportional_Pproportional_G4_joint_budget__window_lpt_ect,f37088b6f09a8888a475a5dada0d9238b0462fe713e1b0396b5921b4e37e5c1e,synthetic_full_ffn_mechanism,synthetic_me1_six,6,6,6,window_lpt_ect,4,512,4,joint,none,equal_budget_actual_supply,256,64,False,False,24601,0.024601,0.024168,0.000433,2.25,0.01318359375,0.0,0,30720,1179648,14155776,0.08333333333333333,2448,2056,6,0,256,True,79da2d0e79644d71736725aa2f48b1495b75e9beebb10dfb146348720b850767,/tmp/plena-joint-runtime-20260930/mechanism/raw/points/mechanism__synthetic_me1_six__M6_6_W10_Aproportional_Pproportional_G4_joint_budget__window_lpt_ect__f37088b6f09a8888,24.601,1152,2359296,0,0,stock,256,False,0,0,9.216,95.90244299012235,166.93793402777777,0,-0.7983333333333333,0.7983333333333333,0.0,6,0,73728,73728,0,6,6,5,1,62,39392,40960,6144,24168,2448,2097152,,,,,,,M6_6_W10_Aproportional_Pproportional_G4_joint_budget,single,M6,natural,,,,0.0,18432,1.3346896701388888,0,0,144,0,0,5,0,5,15227,6,0,0,0,0,6,21,6,6,21,0.0,0.0,"1,1,1,1,1,1",512,128,True,False,disjoint_top1,12976128,5898240,e0(M1)->c0@39;e1(M1)->c0@71;e2(M1)->c0@4096;e3(M1)->c0@8118;e4(M1)->c0@12136;e5(M1)->c0@16150
mechanism__synthetic_me1_six__M8_4+4_W5-5_Aproportional_Pproportional_G4_joint_budget__dynamic,60f6418d5cff3f44fa72d26a4373baa2869714b1761e80d5c6f0e86245433d1a,synthetic_full_ffn_mechanism,synthetic_me1_six,6,4+4,4+4,dynamic,4,512,4,dynamic,none,equal_budget_actual_supply,256,64,False,False,20615,0.020615,0.020198,0.000417,2.25,0.01318359375,0.0,9216,30720,1179648,9437184,0.125,2376,2072,6,0,256,True,8ebdc41238418d9421c61e3600008aa9eceb68109909a41a7de13416453a9cd0,/tmp/plena-joint-runtime-20260930/mechanism/raw/points/mechanism__synthetic_me1_six__M8_4+4_W5-5_Aproportional_Pproportional_G4_joint_budget__dynamic__60f6418d5cff3f44,20.615,1152,2359296,0,0,stock,256,False,0,0,9.216,114.44559786563183,123.68706597222223,0,0.6705,0.6705,1.008,3,3,73728,73728,0,6,4,4,0,0,21856,20480,4096,20117,1202,1048576,21856,20480,4096,20198,1174,1048576,M8_4+4_W5-5_Aproportional_Pproportional_G4_joint_budget,homogeneous,M8,natural,,,,0.5,18432,1.1184353298611112,81,0,0,0,0,0,0,0,0,0,0,0,0,0,0,0,0,0,0,0,0,"1,1,1,1,1,1",512,128,True,False,disjoint_top1,8257536,3538944,e0(M1)->c0@12;e1(M1)->c1@26;e2(M1)->c0@40;e3(M1)->c1@50;e4(M1)->c0@6913;e5(M1)->c1@6955
mechanism__synthetic_me1_six__M8_4+4_W5-5_Aproportional_Pproportional_G4_joint_budget__joint,2d7e8b74bf7b3f14e4a99ffa660fbd3b463e001791bd5085df215d2617fff492,synthetic_full_ffn_mechanism,synthetic_me1_six,6,4+4,4+4,joint,4,512,4,joint,none,equal_budget_actual_supply,256,64,False,False,20133,0.020133,0.019716,0.000417,2.25,0.01318359375,0.0,9216,30720,1179648,9437184,0.125,2528,2072,6,0,256,True,151d46c1f9c4747b5f03a25d5e452b633e16004efe1f074a2dc9e749527bcedc,/tmp/plena-joint-runtime-20260930/mechanism/raw/points/mechanism__synthetic_me1_six__M8_4+4_W5-5_Aproportional_Pproportional_G4_joint_budget__joint__2d7e8b74bf7b3f14,20.133,1152,2359296,0,0,stock,256,False,0,0,9.216,117.18551631649531,118.45703125,0,0.17316666666666666,0.17316666666666666,0.264,4,2,73728,73728,0,6,6,4,2,136,21856,20480,4096,19663,1370,1048576,21856,20480,4096,19714,1158,1048576,M8_4+4_W5-5_Aproportional_Pproportional_G4_joint_budget,homogeneous,M8,natural,,,,0.3333333333333333,18432,1.09228515625,51,0,212,2,0,5,0,4,12111,20,1,0,0,0,4,16,5,5,16,0.75,0.375,"1,1,1,1,1,1",512,128,True,False,disjoint_top1,8257536,3538944,e0(M1)->c0@85;e1(M1)->c1@85;e2(M1)->c0@6510;e3(M1)->c1@6546;e4(M1)->c0@13061;e5(M1)->c1@13102
mechanism__synthetic_me1_six__M8_4+4_W5-5_Aproportional_Pproportional_G4_joint_budget__joint_no_late,c53764504f678eea7e41820f0a2625e2bf820486821709b0ce062e069bb93a85,synthetic_full_ffn_mechanism,synthetic_me1_six,6,4+4,4+4,joint_no_late,4,512,4,joint,none,equal_budget_actual_supply,256,64,False,False,20743,0.020743,0.020326,0.000417,2.25,0.01318359375,0.0,9216,30720,1179648,9437184,0.125,2516,2072,6,0,256,True,3536aacb3e106e4f928ec1e90a827d52e4cba4822856ccda55ce103e497e78d2,/tmp/plena-joint-runtime-20260930/mechanism/raw/points/mechanism__synthetic_me1_six__M8_4+4_W5-5_Aproportional_Pproportional_G4_joint_budget__joint_no_late__c53764504f678eea,20.743,1152,2359296,0,0,stock,256,False,0,0,9.216,113.73938196017934,125.07595486111111,0,0.6085,0.6085,1.069,4,2,73728,73728,0,6,6,4,2,107,21856,20480,4096,20324,1358,1048576,21856,20480,4096,20234,1158,1048576,M8_4+4_W5-5_Aproportional_Pproportional_G4_joint_budget,homogeneous,M8,natural,,,,0.3333333333333333,18432,1.1253797743055556,90,0,200,0,0,5,0,4,6472,14,1,0,0,0,4,16,5,5,16,0.375,0.375,"1,1,1,1,1,1",512,128,True,False,disjoint_top1,8257536,3538944,e0(M1)->c0@85;e1(M1)->c1@85;e2(M1)->c0@129;e3(M1)->c1@165;e4(M1)->c1@7018;e5(M1)->c0@7074
mechanism__synthetic_me1_six__M8_4+4_W5-5_Aproportional_Pproportional_G4_joint_budget__window_lpt_ect,9c9fd59757e49d50dc9837d1f5741b040d4c91d215ca0720cae6e2f8dfc205ef,synthetic_full_ffn_mechanism,synthetic_me1_six,6,4+4,4+4,window_lpt_ect,4,512,4,joint,none,equal_budget_actual_supply,256,64,False,False,20738,0.020738,0.020321,0.000417,2.25,0.01318359375,0.0,9216,30720,1179648,9437184,0.125,2538,2072,6,0,256,True,ec113a2ff2cc1e6cf66b3c93a9616adb6fbfa6f0aa53c2a145d14a10554d7311,/tmp/plena-joint-runtime-20260930/mechanism/raw/points/mechanism__synthetic_me1_six__M8_4+4_W5-5_Aproportional_Pproportional_G4_joint_budget__window_lpt_ect__9c9fd59757e49d50,20.738,1152,2359296,0,0,stock,256,False,0,0,9.216,113.76680489921883,125.02170138888889,0,0.6768333333333334,0.6768333333333334,1.03,3,3,73728,73728,0,6,6,4,2,119,21856,20480,4096,20321,1386,1048576,21856,20480,4096,20231,1152,1048576,M8_4+4_W5-5_Aproportional_Pproportional_G4_joint_budget,homogeneous,M8,natural,,,,0.5,18432,1.1251085069444444,90,0,234,0,0,5,0,5,6436,9,0,0,0,0,6,21,6,6,21,0.7142857142857143,0.7142857142857143,"1,1,1,1,1,1",512,128,True,False,disjoint_top1,8257536,3538944,e0(M1)->c0@65;e1(M1)->c1@119;e2(M1)->c0@165;e3(M1)->c1@201;e4(M1)->c1@7015;e5(M1)->c0@7069
mechanism__synthetic_me1_six__M8_5+3_W5-5_Aequal_Pproportional_G2_joint_budget__dynamic,1666d81ad4b8ce95a7dcdd7e6d88a9bed6e0403054f6942bc2aec3c48f7bc42f,synthetic_full_ffn_mechanism,synthetic_me1_six,6,5+3,5+3,dynamic,4,512,2,dynamic,none,equal_budget_actual_supply,256,64,False,False,21357,0.021357,0.02094,0.000417,2.25,0.01318359375,0.0,9216,30720,1179648,9437184,0.125,2376,3704,6,0,256,True,04262d4ca2a52087bcc4f8a9c70a8fb0e87b7bd06164e825c3b9c684ebf9ba5c,/tmp/plena-joint-runtime-20260930/mechanism/raw/points/mechanism__synthetic_me1_six__M8_5+3_W5-5_Aequal_Pproportional_G2_joint_budget__dynamic__1666d81ad4b8ce95,21.357,1152,2359296,0,0,stock,256,False,0,0,9.216,110.46944795617362,131.73828125,0,1.0131666666666665,1.0131666666666665,1.326,3,3,73728,73728,0,6,4,4,0,0,25568,20480,5120,20820,1202,1048576,17888,20480,3072,20940,1174,1048576,M8_5+3_W5-5_Aequal_Pproportional_G2_joint_budget,heterogeneous,M8,natural,,,,0.5,18432,1.15869140625,120,0,0,0,0,0,0,0,0,0,0,0,0,0,0,0,0,0,0,0,0,"1,1,1,1,1,1",512,128,True,False,disjoint_top1,8257536,3538944,e0(M1)->c0@12;e1(M1)->c1@26;e2(M1)->c0@40;e3(M1)->c1@50;e4(M1)->c0@7060;e5(M1)->c1@7136
mechanism__synthetic_me1_six__M8_5+3_W5-5_Aequal_Pproportional_G2_joint_budget__joint,963a115fda25c63fbd192effa82e4bf731e17fb67db36eebe7a58761884f0fa9,synthetic_full_ffn_mechanism,synthetic_me1_six,6,5+3,5+3,joint,4,512,2,joint,none,equal_budget_actual_supply,256,64,False,False,21500,0.0215,0.021083,0.000417,2.25,0.01318359375,0.0,9216,30720,1179648,9437184,0.125,2528,3704,6,0,256,True,8c0b43503a766ab4a2325a2ce4b53a9ef6d46f1b61149d08e726e23431e3d197,/tmp/plena-joint-runtime-20260930/mechanism/raw/points/mechanism__synthetic_me1_six__M8_5+3_W5-5_Aequal_Pproportional_G2_joint_budget__joint__963a115fda25c63f,21.5,1152,2359296,0,0,stock,256,False,0,0,9.216,109.7346976744186,133.28993055555554,0,0.5865,0.5865,0.77,4,2,73728,73728,0,6,6,4,2,136,25568,20480,5120,20961,1370,1048576,17888,20480,3072,21081,1158,1048576,M8_5+3_W5-5_Aequal_Pproportional_G2_joint_budget,heterogeneous,M8,natural,,,,0.3333333333333333,18432,1.1664496527777777,120,0,212,2,0,5,0,4,13026,20,1,0,0,0,4,16,5,5,16,0.75,0.375,"1,1,1,1,1,1",512,128,True,False,disjoint_top1,8257536,3538944,e0(M1)->c0@85;e1(M1)->c1@85;e2(M1)->c0@7001;e3(M1)->c1@7037;e4(M1)->c0@13954;e5(M1)->c1@14017
mechanism__synthetic_me1_six__M8_5+3_W5-5_Aequal_Pproportional_G2_joint_budget__joint_no_late,326a7416b24452509c566ad8ac74b69c379339cca7fd5544805a3324cd6cce5e,synthetic_full_ffn_mechanism,synthetic_me1_six,6,5+3,5+3,joint_no_late,4,512,2,joint,none,equal_budget_actual_supply,256,64,False,False,21477,0.021477,0.02106,0.000417,2.25,0.01318359375,0.0,9216,30720,1179648,9437184,0.125,2516,3704,6,0,256,True,8b7c19a43d8d31ca7b7c0e510a097be9ecd78ecf0afc80f135e8d56df5ddf5fd,/tmp/plena-joint-runtime-20260930/mechanism/raw/points/mechanism__synthetic_me1_six__M8_5+3_W5-5_Aequal_Pproportional_G2_joint_budget__joint_no_late__326a7416b2445250,21.477,1152,2359296,0,0,stock,256,False,0,0,9.216,109.8522139963682,133.04036458333334,0,0.9228333333333334,0.9228333333333334,1.347,4,2,73728,73728,0,6,6,4,2,106,25568,20480,5120,21058,1358,1048576,17888,20480,3072,20979,1158,1048576,M8_5+3_W5-5_Aequal_Pproportional_G2_joint_budget,heterogeneous,M8,natural,,,,0.3333333333333333,18432,1.1652018229166667,79,0,200,0,0,5,0,4,6645,14,1,0,0,0,4,16,5,5,16,0.375,0.375,"1,1,1,1,1,1",512,128,True,False,disjoint_top1,8257536,3538944,e0(M1)->c0@85;e1(M1)->c1@85;e2(M1)->c0@129;e3(M1)->c1@165;e4(M1)->c1@7174;e5(M1)->c0@7248
mechanism__synthetic_me1_six__M8_5+3_W5-5_Aequal_Pproportional_G2_joint_budget__window_lpt_ect,0182655aba9567f0cb2d60e8e873cb11817bcf0e485f28ff3163e6bb2bb17610,synthetic_full_ffn_mechanism,synthetic_me1_six,6,5+3,5+3,window_lpt_ect,4,512,2,joint,none,equal_budget_actual_supply,256,64,False,False,21528,0.021528,0.021111,0.000417,2.25,0.01318359375,0.0,9216,30720,1179648,9437184,0.125,2538,3704,6,0,256,True,3e738702dbb903d89a1f6c4b12ae8f292b4949839185684df099ca793267fffa,/tmp/plena-joint-runtime-20260930/mechanism/raw/points/mechanism__synthetic_me1_six__M8_5+3_W5-5_Aequal_Pproportional_G2_joint_budget__window_lpt_ect__0182655aba9567f0,21.528,1152,2359296,0,0,stock,256,False,0,0,9.216,109.59197324414716,133.59375,0,1.0536666666666668,1.0536666666666668,1.364,3,3,73728,73728,0,6,6,4,2,118,25568,20480,5120,21111,1386,1048576,17888,20480,3072,21032,1152,1048576,M8_5+3_W5-5_Aequal_Pproportional_G2_joint_budget,heterogeneous,M8,natural,,,,0.5,18432,1.16796875,79,0,234,0,0,5,0,5,6638,9,0,0,0,0,6,21,6,6,21,0.7142857142857143,0.7142857142857143,"1,1,1,1,1,1",512,128,True,False,disjoint_top1,8257536,3538944,e0(M1)->c0@65;e1(M1)->c1@119;e2(M1)->c0@165;e3(M1)->c1@201;e4(M1)->c1@7213;e5(M1)->c0@7271
mechanism__synthetic_me1_six__M8_8_W10_Aproportional_Pproportional_G4_joint_budget__dynamic,b98449cfc8cff09b24da1f70007ba944986cd54f64e17702aaa96583fb8ea393,synthetic_full_ffn_mechanism,synthetic_me1_six,6,8,8,dynamic,4,512,4,dynamic,none,equal_budget_actual_supply,256,64,False,False,24466,0.024466,0.024065,0.000401,2.25,0.01318359375,0.0,0,30720,1179648,18874368,0.0625,2364,2056,6,0,256,True,ad3452c1b7348a4539687a6a0939b6419a288b88a3aea8b85336d096069e232e,/tmp/plena-joint-runtime-20260930/mechanism/raw/points/mechanism__synthetic_me1_six__M8_8_W10_Aproportional_Pproportional_G4_joint_budget__dynamic__b98449cfc8cff09b,24.466,1152,2359296,0,0,stock,256,False,0,0,9.216,96.43161939017412,165.47309027777777,0,-0.8086666666666666,0.8086666666666666,0.0,6,0,73728,73728,0,6,5,5,0,0,39392,40960,8192,24065,2364,2097152,,,,,,,M8_8_W10_Aproportional_Pproportional_G4_joint_budget,single,M8,natural,,,,0.0,18432,1.3273654513888888,0,0,0,0,0,0,0,0,0,0,0,0,0,0,0,0,0,0,0,0,0,"1,1,1,1,1,1",512,128,True,False,disjoint_top1,17694720,8257536,e0(M1)->c0@8;e1(M1)->c0@18;e2(M1)->c0@4047;e3(M1)->c0@8053;e4(M1)->c0@12059;e5(M1)->c0@16065
mechanism__synthetic_me1_six__M8_8_W10_Aproportional_Pproportional_G4_joint_budget__joint,623137fa3816fd064f6e7cdf00ea48ef655a7aeab6da21caa1f02cdd0de3066f,synthetic_full_ffn_mechanism,synthetic_me1_six,6,8,8,joint,4,512,4,joint,none,equal_budget_actual_supply,256,64,False,False,24483,0.024483,0.024082,0.000401,2.25,0.01318359375,0.0,0,30720,1179648,18874368,0.0625,2460,2056,6,0,256,True,eb0afef3f511558b25763a1e6bf397c9f13b495b535e3c5f3ca69eaa23285464,/tmp/plena-joint-runtime-20260930/mechanism/raw/points/mechanism__synthetic_me1_six__M8_8_W10_Aproportional_Pproportional_G4_joint_budget__joint__623137fa3816fd06,24.483,1152,2359296,0,0,stock,256,False,0,0,9.216,96.3646611934812,165.65755208333334,0,-0.29083333333333333,0.29083333333333333,0.0,6,0,73728,73728,0,6,6,5,1,66,39392,40960,8192,24080,2460,2097152,,,,,,,M8_8_W10_Aproportional_Pproportional_G4_joint_budget,single,M8,natural,,,,0.0,18432,1.3282877604166667,0,0,144,0,0,5,0,5,18811,6,0,0,0,0,6,21,6,6,21,0.0,0.0,"1,1,1,1,1,1",512,128,True,False,disjoint_top1,17694720,8257536,e0(M1)->c0@39;e1(M1)->c0@3921;e2(M1)->c0@7924;e3(M1)->c0@11928;e4(M1)->c0@15930;e5(M1)->c0@19933
mechanism__synthetic_me1_six__M8_8_W10_Aproportional_Pproportional_G4_joint_budget__joint_no_late,08273bbd19eee62293f1b4d3b3d3b0cfced9003ee2c68c0f4f8902883423a063,synthetic_full_ffn_mechanism,synthetic_me1_six,6,8,8,joint_no_late,4,512,4,joint,none,equal_budget_actual_supply,256,64,False,False,24525,0.024525,0.024124,0.000401,2.25,0.01318359375,0.0,0,30720,1179648,18874368,0.0625,2460,2056,6,0,256,True,f18f72161d665c04c277de2299e29a3d366408fe573cb0199be1ae6c4d0e0c7e,/tmp/plena-joint-runtime-20260930/mechanism/raw/points/mechanism__synthetic_me1_six__M8_8_W10_Aproportional_Pproportional_G4_joint_budget__joint_no_late__08273bbd19eee622,24.525,1152,2359296,0,0,stock,256,False,0,0,9.216,96.19963302752294,166.11328125,0,-0.4983333333333333,0.4983333333333333,0.0,6,0,73728,73728,0,6,6,5,1,66,39392,40960,8192,24122,2460,2097152,,,,,,,M8_8_W10_Aproportional_Pproportional_G4_joint_budget,single,M8,natural,,,,0.0,18432,1.33056640625,0,0,144,0,0,5,0,5,15195,6,0,0,0,0,6,21,6,6,21,0.0,0.0,"1,1,1,1,1,1",512,128,True,False,disjoint_top1,17694720,8257536,e0(M1)->c0@39;e1(M1)->c0@71;e2(M1)->c0@4090;e3(M1)->c0@8106;e4(M1)->c0@12118;e5(M1)->c0@16126
mechanism__synthetic_me1_six__M8_8_W10_Aproportional_Pproportional_G4_joint_budget__window_lpt_ect,45647d33d42d2e9c329c5ed4b6ca1c7be191678c86e60d24825bc1496cde048d,synthetic_full_ffn_mechanism,synthetic_me1_six,6,8,8,window_lpt_ect,4,512,4,joint,none,equal_budget_actual_supply,256,64,False,False,24513,0.024513,0.024112,0.000401,2.25,0.01318359375,0.0,0,30720,1179648,18874368,0.0625,2448,2056,6,0,256,True,9d83f675eed1df2deb6db791ec03462afb66f7c47a3588bbc2a7215f2b1ec148,/tmp/plena-joint-runtime-20260930/mechanism/raw/points/mechanism__synthetic_me1_six__M8_8_W10_Aproportional_Pproportional_G4_joint_budget__window_lpt_ect__45647d33d42d2e9c,24.513,1152,2359296,0,0,stock,256,False,0,0,9.216,96.24672622690001,165.98307291666666,0,-0.815,0.815,0.0,6,0,73728,73728,0,6,6,5,1,66,39392,40960,8192,24112,2448,2097152,,,,,,,M8_8_W10_Aproportional_Pproportional_G4_joint_budget,single,M8,natural,,,,0.0,18432,1.3299153645833333,0,0,144,0,0,5,0,5,15195,6,0,0,0,0,6,21,6,6,21,0.0,0.0,"1,1,1,1,1,1",512,128,True,False,disjoint_top1,17694720,8257536,e0(M1)->c0@39;e1(M1)->c0@71;e2(M1)->c0@4088;e3(M1)->c0@8102;e4(M1)->c0@12112;e5(M1)->c0@16118
mechanism__synthetic_me3_3__M6_3+3_W5-5_Aproportional_Pproportional_G4_joint_budget__dynamic,a959c95528f4ead83786bf78ddf90b96336f4cb639fb24f6300baa446e864238,synthetic_full_ffn_mechanism,synthetic_me3_3,6,3+3,3+3,dynamic,4,512,4,dynamic,none,equal_budget_actual_supply,256,64,False,False,7358,0.007358,0.006909,0.000449,0.75,0.01318359375,0.0,9216,30720,1179648,2359296,0.5,796,952,2,0,256,True,807073bde76167a3fddd2c4615977460b5817ecf10c6b1530d3989143b0480c9,/tmp/plena-joint-runtime-20260930/mechanism/raw/points/mechanism__synthetic_me3_3__M6_3+3_W5-5_Aproportional_Pproportional_G4_joint_budget__dynamic__a959c95528f4ead8,7.358,384,786432,0,0,stock,256,False,0,0,3.072,106.88121772220713,139.51822916666666,0,0.3875,0.3875,0.447,0,2,24576,24576,0,2,0,0,0,0,29280,20480,3072,6776,410,1048576,29280,20480,3072,6909,386,1048576,M6_3+3_W5-5_Aproportional_Pproportional_G4_joint_budget,homogeneous,M6,natural,,,,1.0,6144,1.1975911458333333,133,0,0,0,0,0,0,0,0,0,0,0,0,0,0,0,0,0,0,0,0,"3,3",512,128,True,False,disjoint_top1,1179648,0,e0(M3)->c0@12;e1(M3)->c1@26
mechanism__synthetic_me3_3__M6_3+3_W5-5_Aproportional_Pproportional_G4_joint_budget__joint,75aea38d7ba40d19337affebcecf90d3b6b8e4e2a8d0f5ef4cfe389cd6c65a1f,synthetic_full_ffn_mechanism,synthetic_me3_3,6,3+3,3+3,joint,4,512,4,joint,none,equal_budget_actual_supply,256,64,False,False,7279,0.007279,0.00683,0.000449,0.75,0.01318359375,0.0,9216,30720,1179648,2359296,0.5,804,952,2,0,256,True,307d6ce6252004f7155f178ef20fd07ecf02ec075646b1036a03e90070006e05,/tmp/plena-joint-runtime-20260930/mechanism/raw/points/mechanism__synthetic_me3_3__M6_3+3_W5-5_Aproportional_Pproportional_G4_joint_budget__joint__75aea38d7ba40d19,7.279,384,786432,0,0,stock,256,False,0,0,3.072,108.04121445253469,136.94661458333334,0,0.271,0.271,0.359,0,2,24576,24576,0,2,2,0,2,41,29280,20480,3072,6652,418,1048576,29280,20480,3072,6828,386,1048576,M6_3+3_W5-5_Aproportional_Pproportional_G4_joint_budget,homogeneous,M6,natural,,,,1.0,6144,1.1847330729166667,176,0,32,0,0,1,0,0,0,2,1,0,0,0,0,2,1,1,2,1.0,1.0,"3,3",512,128,True,False,disjoint_top1,1179648,0,e0(M3)->c0@33;e1(M3)->c1@33
mechanism__synthetic_me3_3__M6_3+3_W5-5_Aproportional_Pproportional_G4_joint_budget__joint_no_late,d243df798c576c3414603dc765b34870fb6dab84f7cf99847aa572b0c566914e,synthetic_full_ffn_mechanism,synthetic_me3_3,6,3+3,3+3,joint_no_late,4,512,4,joint,none,equal_budget_actual_supply,256,64,False,False,7279,0.007279,0.00683,0.000449,0.75,0.01318359375,0.0,9216,30720,1179648,2359296,0.5,804,952,2,0,256,True,a08a66c05f52493ad7d488379918bafcab3fb6aaa664893e054c578ee84e2ec4,/tmp/plena-joint-runtime-20260930/mechanism/raw/points/mechanism__synthetic_me3_3__M6_3+3_W5-5_Aproportional_Pproportional_G4_joint_budget__joint_no_late__d243df798c576c34,7.279,384,786432,0,0,stock,256,False,0,0,3.072,108.04121445253469,136.94661458333334,0,0.271,0.271,0.359,0,2,24576,24576,0,2,2,0,2,41,29280,20480,3072,6652,418,1048576,29280,20480,3072,6828,386,1048576,M6_3+3_W5-5_Aproportional_Pproportional_G4_joint_budget,homogeneous,M6,natural,,,,1.0,6144,1.1847330729166667,176,0,32,0,0,1,0,0,0,2,1,0,0,0,0,2,1,1,2,1.0,1.0,"3,3",512,128,True,False,disjoint_top1,1179648,0,e0(M3)->c0@33;e1(M3)->c1@33
mechanism__synthetic_me3_3__M6_3+3_W5-5_Aproportional_Pproportional_G4_joint_budget__window_lpt_ect,007b126e3548edd4ff7e88e830e838c0cf890c87a9fd4650cd77d380284e5e1b,synthetic_full_ffn_mechanism,synthetic_me3_3,6,3+3,3+3,window_lpt_ect,4,512,4,joint,none,equal_budget_actual_supply,256,64,False,False,7358,0.007358,0.006909,0.000449,0.75,0.01318359375,0.0,9216,30720,1179648,2359296,0.5,816,952,2,0,256,True,543e2a982b468818fcff295d50dd7a3f64641cbff47c682f5ec44f15a17b8db5,/tmp/plena-joint-runtime-20260930/mechanism/raw/points/mechanism__synthetic_me3_3__M6_3+3_W5-5_Aproportional_Pproportional_G4_joint_budget__window_lpt_ect__007b126e3548edd4,7.358,384,786432,0,0,stock,256,False,0,0,3.072,106.88121772220713,139.51822916666666,0,0.35,0.35,0.422,0,2,24576,24576,0,2,2,0,2,25,29280,20480,3072,6743,432,1048576,29280,20480,3072,6909,384,1048576,M6_3+3_W5-5_Aproportional_Pproportional_G4_joint_budget,homogeneous,M6,natural,,,,1.0,6144,1.1975911458333333,166,0,48,0,0,1,0,1,0,4,0,0,0,0,2,3,2,2,3,1.0,1.0,"3,3",512,128,True,False,disjoint_top1,1179648,0,e0(M3)->c0@29;e1(M3)->c1@51
mechanism__synthetic_me3_3__M6_4+2_W5-5_Aproportional_Pproportional_G4_joint_budget__dynamic,e56670a6b56bd8f7225c081511791840bdafd0a783fe5a296badf9686aab2da0,synthetic_full_ffn_mechanism,synthetic_me3_3,6,4+2,4+2,dynamic,4,512,4,dynamic,none,equal_budget_actual_supply,256,64,False,False,9942,0.009942,0.009491,0.000451,0.75,0.01318359375,0.0,9216,30720,1179648,3145728,0.375,796,953,2,0,256,True,9197d6768f260f257a17f671742fb4f11915f4b219211a0313bba7c594f099b0,/tmp/plena-joint-runtime-20260930/mechanism/raw/points/mechanism__synthetic_me3_3__M6_4+2_W5-5_Aproportional_Pproportional_G4_joint_budget__dynamic__e56670a6b56bd8f7,9.942,576,786432,0,0,stock,256,False,0,0,3.072,79.10199155099578,223.6328125,0,0.1735,1.5115,1.685,0,2,24576,24576,0,2,0,0,0,0,34336,20480,4096,5110,410,1398080,24256,20480,4096,9491,386,699072,M6_4+2_W5-5_Aproportional_Pproportional_G4_joint_budget,heterogeneous,M6,natural,,,,1.0,6144,1.6181640625,4381,0,0,0,0,0,0,0,0,0,0,0,0,0,0,0,0,0,0,0,0,"3,3",512,128,True,False,disjoint_top1,1966080,393216,e0(M3)->c0@12;e1(M3)->c1@26
mechanism__synthetic_me3_3__M6_4+2_W5-5_Aproportional_Pproportional_G4_joint_budget__joint,5add63157d5e46f10b4957ae580e0fce6d62ef2d803f18b30f116cc0e721a1f3,synthetic_full_ffn_mechanism,synthetic_me3_3,6,4+2,4+2,joint,4,512,4,joint,none,equal_budget_actual_supply,256,64,False,False,9849,0.009849,0.009398,0.000451,0.75,0.01318359375,0.0,9216,30720,1179648,3145728,0.375,804,953,2,0,256,True,e9c193a0285b35e394b12a724ee96e2aff75e62ad442634e69f1ff58debe09ea,/tmp/plena-joint-runtime-20260930/mechanism/raw/points/mechanism__synthetic_me3_3__M6_4+2_W5-5_Aproportional_Pproportional_G4_joint_budget__joint__5add63157d5e46f1,9.849,576,786432,0,0,stock,256,False,0,0,3.072,79.8489186719464,220.60546875,0,0.1545,1.4285,1.583,0,2,24576,24576,0,2,2,0,2,43,34336,20480,4096,5195,418,1398080,24256,20480,4096,9396,386,699072,M6_4+2_W5-5_Aproportional_Pproportional_G4_joint_budget,heterogeneous,M6,natural,,,,1.0,6144,1.60302734375,4201,0,32,0,0,1,0,0,0,2,1,0,0,0,0,2,1,1,2,1.0,1.0,"3,3",512,128,True,False,disjoint_top1,1966080,393216,e0(M3)->c0@33;e1(M3)->c1@33
mechanism__synthetic_me3_3__M6_4+2_W5-5_Aproportional_Pproportional_G4_joint_budget__joint_no_late,869c2e675cdfa2aad97be7a270e371adc454151348dd80de540d1b3dcd2a4a8d,synthetic_full_ffn_mechanism,synthetic_me3_3,6,4+2,4+2,joint_no_late,4,512,4,joint,none,equal_budget_actual_supply,256,64,False,False,9849,0.009849,0.009398,0.000451,0.75,0.01318359375,0.0,9216,30720,1179648,3145728,0.375,804,953,2,0,256,True,4ebf8083c351d2315828e2c5b55707f4b493b1117d7600598279e82bda1d41f0,/tmp/plena-joint-runtime-20260930/mechanism/raw/points/mechanism__synthetic_me3_3__M6_4+2_W5-5_Aproportional_Pproportional_G4_joint_budget__joint_no_late__869c2e675cdfa2aa,9.849,576,786432,0,0,stock,256,False,0,0,3.072,79.8489186719464,220.60546875,0,0.1545,1.4285,1.583,0,2,24576,24576,0,2,2,0,2,43,34336,20480,4096,5195,418,1398080,24256,20480,4096,9396,386,699072,M6_4+2_W5-5_Aproportional_Pproportional_G4_joint_budget,heterogeneous,M6,natural,,,,1.0,6144,1.60302734375,4201,0,32,0,0,1,0,0,0,2,1,0,0,0,0,2,1,1,2,1.0,1.0,"3,3",512,128,True,False,disjoint_top1,1966080,393216,e0(M3)->c0@33;e1(M3)->c1@33
mechanism__synthetic_me3_3__M6_4+2_W5-5_Aproportional_Pproportional_G4_joint_budget__window_lpt_ect,b67b2c45c414e3c7eadc4c4e2cc625fb407f55f28fb393a1e855edd6003db41e,synthetic_full_ffn_mechanism,synthetic_me3_3,6,4+2,4+2,window_lpt_ect,4,512,4,joint,none,equal_budget_actual_supply,256,64,False,False,9913,0.009913,0.009462,0.000451,0.75,0.01318359375,0.0,9216,30720,1179648,3145728,0.375,816,953,2,0,256,True,8194406bd05110d6b91d9f7d489ab3c8961abe01acee75d9b0bc30bc97b16bf8,/tmp/plena-joint-runtime-20260930/mechanism/raw/points/mechanism__synthetic_me3_3__M6_4+2_W5-5_Aproportional_Pproportional_G4_joint_budget__window_lpt_ect__b67b2c45c414e3c7,9.913,576,786432,0,0,stock,256,False,0,0,3.072,79.33340058509029,222.68880208333334,0,0.1235,1.5075,1.631,0,2,24576,24576,0,2,2,0,2,27,34336,20480,4096,5081,432,1398080,24256,20480,4096,9462,384,699072,M6_4+2_W5-5_Aproportional_Pproportional_G4_joint_budget,heterogeneous,M6,natural,,,,1.0,6144,1.6134440104166667,4381,0,48,0,0,1,0,1,0,4,0,0,0,0,2,3,2,2,3,1.0,1.0,"3,3",512,128,True,False,disjoint_top1,1966080,393216,e0(M3)->c0@29;e1(M3)->c1@51
mechanism__synthetic_me3_3__M6_6_W10_Aproportional_Pproportional_G4_joint_budget__dynamic,44029dfd22cab203b82a707f8f593d089552c8017b8dffeda600b4648ee9a73c,synthetic_full_ffn_mechanism,synthetic_me3_3,6,6,6,dynamic,4,512,4,dynamic,none,equal_budget_actual_supply,256,64,False,False,8775,0.008775,0.008342,0.000433,0.75,0.01318359375,0.0,0,30720,1179648,4718592,0.25,788,936,2,0,256,True,c308b5742a92b3bb425d2eef16594780a70725c01eee531415896751d51c0d16,/tmp/plena-joint-runtime-20260930/mechanism/raw/points/mechanism__synthetic_me3_3__M6_6_W10_Aproportional_Pproportional_G4_joint_budget__dynamic__44029dfd22cab203,8.775,384,786432,0,0,stock,256,False,0,0,3.072,89.62188034188034,185.64453125,0,-0.4705,0.4705,0.0,2,0,24576,24576,0,2,1,1,0,0,46816,40960,6144,8342,788,2097152,,,,,,,M6_6_W10_Aproportional_Pproportional_G4_joint_budget,single,M6,natural,,,,0.0,6144,1.42822265625,0,0,0,0,0,0,0,0,0,0,0,0,0,0,0,0,0,0,0,0,0,"3,3",512,128,True,False,disjoint_top1,3538944,1179648,e0(M3)->c0@8;e1(M3)->c0@18
mechanism__synthetic_me3_3__M6_6_W10_Aproportional_Pproportional_G4_joint_budget__joint,e063c1859dd61942853757ccdb2343ec08902649f5cd8b8a322909ecb08da6c6,synthetic_full_ffn_mechanism,synthetic_me3_3,6,6,6,joint,4,512,4,joint,none,equal_budget_actual_supply,256,64,False,False,8758,0.008758,0.008325,0.000433,0.75,0.01318359375,0.0,0,30720,1179648,4718592,0.25,804,936,2,0,256,True,722bb2ca1fa163dd65cd36840d21e3d26c04e9839edafbdbc708ed91fade9af4,/tmp/plena-joint-runtime-20260930/mechanism/raw/points/mechanism__synthetic_me3_3__M6_6_W10_Aproportional_Pproportional_G4_joint_budget__joint__e063c1859dd61942,8.758,384,786432,0,0,stock,256,False,0,0,3.072,89.79584379995433,185.09114583333334,0,-0.3135,0.3135,0.0,2,0,24576,24576,0,2,2,1,1,37,46816,40960,6144,8323,804,2097152,,,,,,,M6_6_W10_Aproportional_Pproportional_G4_joint_budget,single,M6,natural,,,,0.0,6144,1.4254557291666667,0,0,32,0,0,1,0,1,3778,2,0,0,0,0,2,3,2,2,3,0.0,0.0,"3,3",512,128,True,False,disjoint_top1,3538944,1179648,e0(M3)->c0@19;e1(M3)->c0@4004
mechanism__synthetic_me3_3__M6_6_W10_Aproportional_Pproportional_G4_joint_budget__joint_no_late,25fc5b6df87406decea719712d89b210e43072ad99bf3307661271780149be69,synthetic_full_ffn_mechanism,synthetic_me3_3,6,6,6,joint_no_late,4,512,4,joint,none,equal_budget_actual_supply,256,64,False,False,8778,0.008778,0.008345,0.000433,0.75,0.01318359375,0.0,0,30720,1179648,4718592,0.25,804,936,2,0,256,True,7e318d064b3dc4972831231574d8e2665c79272ffc391032753b1ba84c8e5d03,/tmp/plena-joint-runtime-20260930/mechanism/raw/points/mechanism__synthetic_me3_3__M6_6_W10_Aproportional_Pproportional_G4_joint_budget__joint_no_late__25fc5b6df87406de,8.778,384,786432,0,0,stock,256,False,0,0,3.072,89.59125085440876,185.7421875,0,-0.4845,0.4845,0.0,2,0,24576,24576,0,2,2,1,1,37,46816,40960,6144,8343,804,2097152,,,,,,,M6_6_W10_Aproportional_Pproportional_G4_joint_budget,single,M6,natural,,,,0.0,6144,1.4287109375,0,0,32,0,0,1,0,1,0,2,0,0,0,0,2,3,2,2,3,0.0,0.0,"3,3",512,128,True,False,disjoint_top1,3538944,1179648,e0(M3)->c0@19;e1(M3)->c0@35
mechanism__synthetic_me3_3__M6_6_W10_Aproportional_Pproportional_G4_joint_budget__window_lpt_ect,05d04e0a97c46f1e71b519015774a5c38af3762b0b694a1c9c542c2beeb9f6d1,synthetic_full_ffn_mechanism,synthetic_me3_3,6,6,6,window_lpt_ect,4,512,4,joint,none,equal_budget_actual_supply,256,64,False,False,8774,0.008774,0.008341,0.000433,0.75,0.01318359375,0.0,0,30720,1179648,4718592,0.25,800,936,2,0,256,True,7cccbf4123414c0c62e5e03d1360e2e612a472fc6ba1ad48978e5bbb16380ce9,/tmp/plena-joint-runtime-20260930/mechanism/raw/points/mechanism__synthetic_me3_3__M6_6_W10_Aproportional_Pproportional_G4_joint_budget__window_lpt_ect__05d04e0a97c46f1e,8.774,384,786432,0,0,stock,256,False,0,0,3.072,89.63209482562115,185.61197916666666,0,-0.4855,0.4855,0.0,2,0,24576,24576,0,2,2,1,1,37,46816,40960,6144,8341,800,2097152,,,,,,,M6_6_W10_Aproportional_Pproportional_G4_joint_budget,single,M6,natural,,,,0.0,6144,1.4280598958333333,0,0,32,0,0,1,0,1,0,2,0,0,0,0,2,3,2,2,3,0.0,0.0,"3,3",512,128,True,False,disjoint_top1,3538944,1179648,e0(M3)->c0@19;e1(M3)->c0@35
mechanism__synthetic_me3_3__M8_4+4_W5-5_Aproportional_Pproportional_G4_joint_budget__dynamic,572e0fab0dd060e187e864adc7f68bdcc62815b49635b554713dcd32a8c2010e,synthetic_full_ffn_mechanism,synthetic_me3_3,6,4+4,4+4,dynamic,4,512,4,dynamic,none,equal_budget_actual_supply,256,64,False,False,7290,0.00729,0.006873,0.000417,0.75,0.01318359375,0.0,9216,30720,1179648,3145728,0.375,796,952,2,0,256,True,a6c946272fe02e6e844de9787c71a3aa2fd5eb330a2b148010442280f3746b91,/tmp/plena-joint-runtime-20260930/mechanism/raw/points/mechanism__synthetic_me3_3__M8_4+4_W5-5_Aproportional_Pproportional_G4_joint_budget__dynamic__572e0fab0dd060e1,7.29,384,786432,0,0,stock,256,False,0,0,3.072,107.87818930041152,137.3046875,0,0.366,0.366,0.411,0,2,24576,24576,0,2,0,0,0,0,29280,20480,4096,6769,410,1048576,29280,20480,4096,6873,386,1048576,M8_4+4_W5-5_Aproportional_Pproportional_G4_joint_budget,homogeneous,M8,natural,,,,1.0,6144,1.1865234375,104,0,0,0,0,0,0,0,0,0,0,0,0,0,0,0,0,0,0,0,0,"3,3",512,128,True,False,disjoint_top1,1966080,393216,e0(M3)->c0@12;e1(M3)->c1@26
mechanism__synthetic_me3_3__M8_4+4_W5-5_Aproportional_Pproportional_G4_joint_budget__joint,d3d0418bb11fc07dad0b309f851fefc590c109bb694ae92ff992a431e9362411,synthetic_full_ffn_mechanism,synthetic_me3_3,6,4+4,4+4,joint,4,512,4,joint,none,equal_budget_actual_supply,256,64,False,False,7197,0.007197,0.00678,0.000417,0.75,0.01318359375,0.0,9216,30720,1179648,3145728,0.375,804,952,2,0,256,True,c7f3b2747549eb5cc2bd99de2cd7a9a0421b1f7fda91f933c02559efa8f283de,/tmp/plena-joint-runtime-20260930/mechanism/raw/points/mechanism__synthetic_me3_3__M8_4+4_W5-5_Aproportional_Pproportional_G4_joint_budget__joint__d3d0418bb11fc07d,7.197,384,786432,0,0,stock,256,False,0,0,3.072,109.27219674864527,134.27734375,0,0.238,0.238,0.309,0,2,24576,24576,0,2,2,0,2,53,29280,20480,4096,6636,418,1048576,29280,20480,4096,6778,386,1048576,M8_4+4_W5-5_Aproportional_Pproportional_G4_joint_budget,homogeneous,M8,natural,,,,1.0,6144,1.17138671875,142,0,32,0,0,1,0,0,0,2,1,0,0,0,0,2,1,1,2,1.0,1.0,"3,3",512,128,True,False,disjoint_top1,1966080,393216,e0(M3)->c0@33;e1(M3)->c1@33
mechanism__synthetic_me3_3__M8_4+4_W5-5_Aproportional_Pproportional_G4_joint_budget__joint_no_late,28c4c3d651c1731e5060c86897eba392d4e95ba17160174fc11b716d93865557,synthetic_full_ffn_mechanism,synthetic_me3_3,6,4+4,4+4,joint_no_late,4,512,4,joint,none,equal_budget_actual_supply,256,64,False,False,7197,0.007197,0.00678,0.000417,0.75,0.01318359375,0.0,9216,30720,1179648,3145728,0.375,804,952,2,0,256,True,aff45be8718ef4b7bbce0b5d49d4b138f23a4b505016c3a54bab278dd5ef1dd4,/tmp/plena-joint-runtime-20260930/mechanism/raw/points/mechanism__synthetic_me3_3__M8_4+4_W5-5_Aproportional_Pproportional_G4_joint_budget__joint_no_late__28c4c3d651c1731e,7.197,384,786432,0,0,stock,256,False,0,0,3.072,109.27219674864527,134.27734375,0,0.238,0.238,0.309,0,2,24576,24576,0,2,2,0,2,53,29280,20480,4096,6636,418,1048576,29280,20480,4096,6778,386,1048576,M8_4+4_W5-5_Aproportional_Pproportional_G4_joint_budget,homogeneous,M8,natural,,,,1.0,6144,1.17138671875,142,0,32,0,0,1,0,0,0,2,1,0,0,0,0,2,1,1,2,1.0,1.0,"3,3",512,128,True,False,disjoint_top1,1966080,393216,e0(M3)->c0@33;e1(M3)->c1@33
mechanism__synthetic_me3_3__M8_4+4_W5-5_Aproportional_Pproportional_G4_joint_budget__window_lpt_ect,abde9fef1a067509345d3863622469b566663edb0466a39f2bd4c09645601e42,synthetic_full_ffn_mechanism,synthetic_me3_3,6,4+4,4+4,window_lpt_ect,4,512,4,joint,none,equal_budget_actual_supply,256,64,False,False,7202,0.007202,0.006785,0.000417,0.75,0.01318359375,0.0,9216,30720,1179648,3145728,0.375,816,952,2,0,256,True,b086826687473d88a2907a2b037a6f5736718d191d519d4db84f9e0ee543dd4d,/tmp/plena-joint-runtime-20260930/mechanism/raw/points/mechanism__synthetic_me3_3__M8_4+4_W5-5_Aproportional_Pproportional_G4_joint_budget__window_lpt_ect__abde9fef1a067509,7.202,384,786432,0,0,stock,256,False,0,0,3.072,109.196334351569,134.44010416666666,0,0.238,0.238,0.298,0,2,24576,24576,0,2,2,0,2,38,29280,20480,4096,6643,432,1048576,29280,20480,4096,6785,384,1048576,M8_4+4_W5-5_Aproportional_Pproportional_G4_joint_budget,homogeneous,M8,natural,,,,1.0,6144,1.1722005208333333,142,0,48,0,0,1,0,1,0,4,0,0,0,0,2,3,2,2,3,1.0,1.0,"3,3",512,128,True,False,disjoint_top1,1966080,393216,e0(M3)->c0@29;e1(M3)->c1@51
mechanism__synthetic_me3_3__M8_5+3_W5-5_Aequal_Pproportional_G2_joint_budget__dynamic,7376078ba84b0fc50ca480a46163010d0f95cb476450c8fa6885c20fdedc0fde,synthetic_full_ffn_mechanism,synthetic_me3_3,6,5+3,5+3,dynamic,4,512,2,dynamic,none,equal_budget_actual_supply,256,64,False,False,7691,0.007691,0.007274,0.000417,0.75,0.01318359375,0.0,9216,30720,1179648,3145728,0.375,796,1464,2,0,256,True,94934c82c136d14e3d00629ba01c7b6907b5560854ad8b8a58c83c1ebf9d52a0,/tmp/plena-joint-runtime-20260930/mechanism/raw/points/mechanism__synthetic_me3_3__M8_5+3_W5-5_Aequal_Pproportional_G2_joint_budget__dynamic__7376078ba84b0fc5,7.691,384,786432,0,0,stock,256,False,0,0,3.072,102.2535431023274,150.35807291666666,0,0.704,0.704,0.812,0,2,24576,24576,0,2,0,0,0,0,32736,20480,5120,7044,410,1048576,25056,20480,3072,7274,386,1048576,M8_5+3_W5-5_Aequal_Pproportional_G2_joint_budget,heterogeneous,M8,natural,,,,1.0,6144,1.2517903645833333,230,0,0,0,0,0,0,0,0,0,0,0,0,0,0,0,0,0,0,0,0,"3,3",512,128,True,False,disjoint_top1,1966080,393216,e0(M3)->c0@12;e1(M3)->c1@26
mechanism__synthetic_me3_3__M8_5+3_W5-5_Aequal_Pproportional_G2_joint_budget__joint,903ff1f6f16a2e551673d8b8d3e90ef1655786375a7f748a6504038e048a002c,synthetic_full_ffn_mechanism,synthetic_me3_3,6,5+3,5+3,joint,4,512,2,joint,none,equal_budget_actual_supply,256,64,False,False,7654,0.007654,0.007237,0.000417,0.75,0.01318359375,0.0,9216,30720,1179648,3145728,0.375,804,1464,2,0,256,True,bb7f1d6c35a4034e25155ae367027bb1aa1c6a48a298d2f0b0d2b84a346360cd,/tmp/plena-joint-runtime-20260930/mechanism/raw/points/mechanism__synthetic_me3_3__M8_5+3_W5-5_Aequal_Pproportional_G2_joint_budget__joint__903ff1f6f16a2e55,7.654,384,786432,0,0,stock,256,False,0,0,3.072,102.74784426443689,149.15364583333334,0,0.651,0.651,0.766,0,2,24576,24576,0,2,2,0,2,56,32736,20480,5120,7005,418,1048576,25056,20480,3072,7235,386,1048576,M8_5+3_W5-5_Aequal_Pproportional_G2_joint_budget,heterogeneous,M8,natural,,,,1.0,6144,1.2457682291666667,230,0,32,0,0,1,0,0,0,2,1,0,0,0,0,2,1,1,2,1.0,1.0,"3,3",512,128,True,False,disjoint_top1,1966080,393216,e0(M3)->c0@33;e1(M3)->c1@33
mechanism__synthetic_me3_3__M8_5+3_W5-5_Aequal_Pproportional_G2_joint_budget__joint_no_late,b5a20188c3e3b4ef4ed56cf338e67ef079dcb098c0ac47d264f629e5fe3b85ef,synthetic_full_ffn_mechanism,synthetic_me3_3,6,5+3,5+3,joint_no_late,4,512,2,joint,none,equal_budget_actual_supply,256,64,False,False,7654,0.007654,0.007237,0.000417,0.75,0.01318359375,0.0,9216,30720,1179648,3145728,0.375,804,1464,2,0,256,True,11c9cd54bbac34c2623ba9bd0150da60423cb3cae266aa8f4661aa4e9e96e534,/tmp/plena-joint-runtime-20260930/mechanism/raw/points/mechanism__synthetic_me3_3__M8_5+3_W5-5_Aequal_Pproportional_G2_joint_budget__joint_no_late__b5a20188c3e3b4ef,7.654,384,786432,0,0,stock,256,False,0,0,3.072,102.74784426443689,149.15364583333334,0,0.651,0.651,0.766,0,2,24576,24576,0,2,2,0,2,56,32736,20480,5120,7005,418,1048576,25056,20480,3072,7235,386,1048576,M8_5+3_W5-5_Aequal_Pproportional_G2_joint_budget,heterogeneous,M8,natural,,,,1.0,6144,1.2457682291666667,230,0,32,0,0,1,0,0,0,2,1,0,0,0,0,2,1,1,2,1.0,1.0,"3,3",512,128,True,False,disjoint_top1,1966080,393216,e0(M3)->c0@33;e1(M3)->c1@33
mechanism__synthetic_me3_3__M8_5+3_W5-5_Aequal_Pproportional_G2_joint_budget__window_lpt_ect,14684dba5c44a290e25951813e61d75ad1a30a3b20d78931195a0c76422514b8,synthetic_full_ffn_mechanism,synthetic_me3_3,6,5+3,5+3,window_lpt_ect,4,512,2,joint,none,equal_budget_actual_supply,256,64,False,False,7648,0.007648,0.007231,0.000417,0.75,0.01318359375,0.0,9216,30720,1179648,3145728,0.375,816,1464,2,0,256,True,84f1b301c1772a12773b2680f716c9304d45099faaf71490c9ffe8ad79df85fd,/tmp/plena-joint-runtime-20260930/mechanism/raw/points/mechanism__synthetic_me3_3__M8_5+3_W5-5_Aequal_Pproportional_G2_joint_budget__window_lpt_ect__14684dba5c44a290,7.648,384,786432,0,0,stock,256,False,0,0,3.072,102.82845188284519,148.95833333333334,0,0.64,0.64,0.744,0,2,24576,24576,0,2,2,0,2,40,32736,20480,5120,7001,432,1048576,25056,20480,3072,7231,384,1048576,M8_5+3_W5-5_Aequal_Pproportional_G2_joint_budget,heterogeneous,M8,natural,,,,1.0,6144,1.2447916666666667,230,0,48,0,0,1,0,1,0,4,0,0,0,0,2,3,2,2,3,1.0,1.0,"3,3",512,128,True,False,disjoint_top1,1966080,393216,e0(M3)->c0@29;e1(M3)->c1@51
mechanism__synthetic_me3_3__M8_8_W10_Aproportional_Pproportional_G4_joint_budget__dynamic,ec846ffbc2396d93403bf8fb7f2f97d3ea9ed6c644bde490247f0a851e938933,synthetic_full_ffn_mechanism,synthetic_me3_3,6,8,8,dynamic,4,512,4,dynamic,none,equal_budget_actual_supply,256,64,False,False,8825,0.008825,0.008424,0.000401,0.75,0.01318359375,0.0,0,30720,1179648,6291456,0.1875,788,936,2,0,256,True,f3dea3535796a60f43a565e10aba20299e81c7098979d2bd9757038d3be83904,/tmp/plena-joint-runtime-20260930/mechanism/raw/points/mechanism__synthetic_me3_3__M8_8_W10_Aproportional_Pproportional_G4_joint_budget__dynamic__ec846ffbc2396d93,8.825,384,786432,0,0,stock,256,False,0,0,3.072,89.11410764872521,187.27213541666666,0,-0.407,0.407,0.0,2,0,24576,24576,0,2,1,1,0,0,46816,40960,8192,8424,788,2097152,,,,,,,M8_8_W10_Aproportional_Pproportional_G4_joint_budget,single,M8,natural,,,,0.0,6144,1.4363606770833333,0,0,0,0,0,0,0,0,0,0,0,0,0,0,0,0,0,0,0,0,0,"3,3",512,128,True,False,disjoint_top1,5111808,1966080,e0(M3)->c0@8;e1(M3)->c0@18
mechanism__synthetic_me3_3__M8_8_W10_Aproportional_Pproportional_G4_joint_budget__joint,2084cbaa8367b9348de89fbc9ba7b3e80de46fc0218b32ee66c5fd998fe10687,synthetic_full_ffn_mechanism,synthetic_me3_3,6,8,8,joint,4,512,4,joint,none,equal_budget_actual_supply,256,64,False,False,8800,0.0088,0.008399,0.000401,0.75,0.01318359375,0.0,0,30720,1179648,6291456,0.1875,804,936,2,0,256,True,5356476f4626702ea8839f15593b149e6d270ed79a7dfd6fa9c8d88e623e9044,/tmp/plena-joint-runtime-20260930/mechanism/raw/points/mechanism__synthetic_me3_3__M8_8_W10_Aproportional_Pproportional_G4_joint_budget__joint__2084cbaa8367b934,8.8,384,786432,0,0,stock,256,False,0,0,3.072,89.36727272727273,186.45833333333334,0,-0.2825,0.2825,0.0,2,0,24576,24576,0,2,2,1,1,45,46816,40960,8192,8397,804,2097152,,,,,,,M8_8_W10_Aproportional_Pproportional_G4_joint_budget,single,M8,natural,,,,0.0,6144,1.4322916666666667,0,0,32,0,0,1,0,1,3827,2,0,0,0,0,2,3,2,2,3,0.0,0.0,"3,3",512,128,True,False,disjoint_top1,5111808,1966080,e0(M3)->c0@19;e1(M3)->c0@4053
mechanism__synthetic_me3_3__M8_8_W10_Aproportional_Pproportional_G4_joint_budget__joint_no_late,0b5cb9baf3b65e0cdf8f6e7bdb7a2fe4c842e085b4bda694c26a8819cc315159,synthetic_full_ffn_mechanism,synthetic_me3_3,6,8,8,joint_no_late,4,512,4,joint,none,equal_budget_actual_supply,256,64,False,False,8828,0.008828,0.008427,0.000401,0.75,0.01318359375,0.0,0,30720,1179648,6291456,0.1875,804,936,2,0,256,True,3a2dbb445eda58716c6e36af1da4a702219fa4498fed864b2d81dc502b8da5d5,/tmp/plena-joint-runtime-20260930/mechanism/raw/points/mechanism__synthetic_me3_3__M8_8_W10_Aproportional_Pproportional_G4_joint_budget__joint_no_late__0b5cb9baf3b65e0c,8.828,384,786432,0,0,stock,256,False,0,0,3.072,89.08382419574083,187.36979166666666,0,-0.421,0.421,0.0,2,0,24576,24576,0,2,2,1,1,45,46816,40960,8192,8425,804,2097152,,,,,,,M8_8_W10_Aproportional_Pproportional_G4_joint_budget,single,M8,natural,,,,0.0,6144,1.4368489583333333,0,0,32,0,0,1,0,1,0,2,0,0,0,0,2,3,2,2,3,0.0,0.0,"3,3",512,128,True,False,disjoint_top1,5111808,1966080,e0(M3)->c0@19;e1(M3)->c0@35
mechanism__synthetic_me3_3__M8_8_W10_Aproportional_Pproportional_G4_joint_budget__window_lpt_ect,c5d0aaa8b946fcf799a4be5db8a52434f402995f14665d03ab744667dc60f29b,synthetic_full_ffn_mechanism,synthetic_me3_3,6,8,8,window_lpt_ect,4,512,4,joint,none,equal_budget_actual_supply,256,64,False,False,8824,0.008824,0.008423,0.000401,0.75,0.01318359375,0.0,0,30720,1179648,6291456,0.1875,800,936,2,0,256,True,794db4f4ee052dc4db54cd79bffa896701b451ca1eb4d4a4e7cfe4cb11cd646c,/tmp/plena-joint-runtime-20260930/mechanism/raw/points/mechanism__synthetic_me3_3__M8_8_W10_Aproportional_Pproportional_G4_joint_budget__window_lpt_ect__c5d0aaa8b946fcf7,8.824,384,786432,0,0,stock,256,False,0,0,3.072,89.12420670897552,187.23958333333334,0,-0.422,0.422,0.0,2,0,24576,24576,0,2,2,1,1,45,46816,40960,8192,8423,800,2097152,,,,,,,M8_8_W10_Aproportional_Pproportional_G4_joint_budget,single,M8,natural,,,,0.0,6144,1.4361979166666667,0,0,32,0,0,1,0,1,0,2,0,0,0,0,2,3,2,2,3,0.0,0.0,"3,3",512,128,True,False,disjoint_top1,5111808,1966080,e0(M3)->c0@19;e1(M3)->c0@35
mechanism__synthetic_me4_2__M6_3+3_W5-5_Aproportional_Pproportional_G4_joint_budget__dynamic,44781914b198a509c6d335781c5ea238b0106a78fc525b55488daa64673c2e63,synthetic_full_ffn_mechanism,synthetic_me4_2,6,3+3,3+3,dynamic,4,512,4,dynamic,none,equal_budget_actual_supply,256,64,False,False,9916,0.009916,0.009467,0.000449,0.75,0.01318359375,0.0,9216,30720,1179648,3538944,0.3333333333333333,796,936,2,0,256,True,edb7bc61d49da546515f71a36cba3f459d81e96256762d328c685ce2a2d577ef,/tmp/plena-joint-runtime-20260930/mechanism/raw/points/mechanism__synthetic_me4_2__M6_3+3_W5-5_Aproportional_Pproportional_G4_joint_budget__dynamic__44781914b198a509,9.916,576,786432,0,0,stock,256,False,0,0,3.072,79.30939895118999,222.78645833333334,0,0.1935,1.4695,1.663,0,2,24576,24576,0,2,0,0,0,0,33120,20480,6144,9467,410,1048576,25440,20480,3072,5174,386,1048576,M6_3+3_W5-5_Aproportional_Pproportional_G4_joint_budget,homogeneous,M6,natural,,,,1.0,6144,1.6139322916666667,4293,0,0,0,0,0,0,0,0,0,0,0,0,0,0,0,0,0,0,0,0,"4,2",512,128,True,False,disjoint_top1,2359296,589824,e0(M4)->c0@12;e1(M2)->c1@26
mechanism__synthetic_me4_2__M6_3+3_W5-5_Aproportional_Pproportional_G4_joint_budget__joint,fa0460ba89377dbb82ee35bb5f34919b420b45dc2c60027186eac8a06f35bffb,synthetic_full_ffn_mechanism,synthetic_me4_2,6,3+3,3+3,joint,4,512,4,joint,none,equal_budget_actual_supply,256,64,False,False,9938,0.009938,0.009489,0.000449,0.75,0.01318359375,0.0,9216,30720,1179648,3538944,0.3333333333333333,804,936,2,0,256,True,da72a17da7f5ab33f634bb6d5d92b286174126da408a354518fd74e8ecb5e6e0,/tmp/plena-joint-runtime-20260930/mechanism/raw/points/mechanism__synthetic_me4_2__M6_3+3_W5-5_Aproportional_Pproportional_G4_joint_budget__joint__fa0460ba89377dbb,9.938,576,786432,0,0,stock,256,False,0,0,3.072,79.13382974441538,223.50260416666666,0,0.139,1.523,1.662,0,2,24576,24576,0,2,2,0,2,22,33120,20480,6144,9487,418,1048576,25440,20480,3072,5073,386,1048576,M6_3+3_W5-5_Aproportional_Pproportional_G4_joint_budget,homogeneous,M6,natural,,,,1.0,6144,1.6175130208333333,4414,0,32,0,0,1,0,0,0,2,1,0,0,0,0,2,1,1,2,1.0,1.0,"4,2",512,128,True,False,disjoint_top1,2359296,589824,e0(M4)->c0@33;e1(M2)->c1@33
mechanism__synthetic_me4_2__M6_3+3_W5-5_Aproportional_Pproportional_G4_joint_budget__joint_no_late,f2fd6605079f93db8d7cf685ed44130b172d768c44b455c5aa26c6fa0cbc5690,synthetic_full_ffn_mechanism,synthetic_me4_2,6,3+3,3+3,joint_no_late,4,512,4,joint,none,equal_budget_actual_supply,256,64,False,False,9938,0.009938,0.009489,0.000449,0.75,0.01318359375,0.0,9216,30720,1179648,3538944,0.3333333333333333,804,936,2,0,256,True,c2488adb820683e64e407bb35f7e66670a4ea5924f89a4418fd8fe2e98502247,/tmp/plena-joint-runtime-20260930/mechanism/raw/points/mechanism__synthetic_me4_2__M6_3+3_W5-5_Aproportional_Pproportional_G4_joint_budget__joint_no_late__f2fd6605079f93db,9.938,576,786432,0,0,stock,256,False,0,0,3.072,79.13382974441538,223.50260416666666,0,0.139,1.523,1.662,0,2,24576,24576,0,2,2,0,2,22,33120,20480,6144,9487,418,1048576,25440,20480,3072,5073,386,1048576,M6_3+3_W5-5_Aproportional_Pproportional_G4_joint_budget,homogeneous,M6,natural,,,,1.0,6144,1.6175130208333333,4414,0,32,0,0,1,0,0,0,2,1,0,0,0,0,2,1,1,2,1.0,1.0,"4,2",512,128,True,False,disjoint_top1,2359296,589824,e0(M4)->c0@33;e1(M2)->c1@33
mechanism__synthetic_me4_2__M6_3+3_W5-5_Aproportional_Pproportional_G4_joint_budget__window_lpt_ect,e8f6c86d2d4f66ae44293983c06eca9e147ac7ac07ddec16f74416b1d23a115e,synthetic_full_ffn_mechanism,synthetic_me4_2,6,3+3,3+3,window_lpt_ect,4,512,4,joint,none,equal_budget_actual_supply,256,64,False,False,9932,0.009932,0.009483,0.000449,0.75,0.01318359375,0.0,9216,30720,1179648,3538944,0.3333333333333333,816,936,2,0,256,True,2738dadcbaa1e22c9fb8db3d830750dd77a4c15df3d3e6ccddc4ca2293af07c0,/tmp/plena-joint-runtime-20260930/mechanism/raw/points/mechanism__synthetic_me4_2__M6_3+3_W5-5_Aproportional_Pproportional_G4_joint_budget__window_lpt_ect__e8f6c86d2d4f66ae,9.932,576,786432,0,0,stock,256,False,0,0,3.072,79.18163511880789,223.30729166666666,0,0.128,1.534,1.662,0,2,24576,24576,0,2,2,0,2,6,33120,20480,6144,9483,432,1048576,25440,20480,3072,5069,384,1048576,M6_3+3_W5-5_Aproportional_Pproportional_G4_joint_budget,homogeneous,M6,natural,,,,1.0,6144,1.6165364583333333,4414,0,48,0,0,1,0,1,0,4,0,0,0,0,2,3,2,2,3,1.0,1.0,"4,2",512,128,True,False,disjoint_top1,2359296,589824,e0(M4)->c0@29;e1(M2)->c1@51
mechanism__synthetic_me4_2__M6_4+2_W5-5_Aproportional_Pproportional_G4_joint_budget__dynamic,8976f4ae294c1a62b9f6e4d06eb417eebaeb51333bb9c92b6101c6240838c121,synthetic_full_ffn_mechanism,synthetic_me4_2,6,4+2,4+2,dynamic,4,512,4,dynamic,none,equal_budget_actual_supply,256,64,False,False,7428,0.007428,0.006977,0.000451,0.75,0.01318359375,0.0,8208,30720,1179648,2359296,0.5,796,937,2,0,256,True,f0e24ef7d80ec8b6885899064f2a22ff0ab43037a44a30b0202e686b9f45d514,/tmp/plena-joint-runtime-20260930/mechanism/raw/points/mechanism__synthetic_me4_2__M6_4+2_W5-5_Aproportional_Pproportional_G4_joint_budget__dynamic__8976f4ae294c1a62,7.428,384,786432,0,0,stock,256,False,0,0,3.072,105.8739903069467,141.796875,0,0.4625,0.4625,0.527,0,2,24576,24576,0,2,0,0,0,0,38176,20480,4096,6858,410,1398080,20416,20480,2048,6977,386,699072,M6_4+2_W5-5_Aproportional_Pproportional_G4_joint_budget,heterogeneous,M6,natural,,,,1.0,6144,1.208984375,119,0,0,0,0,0,0,0,0,0,0,0,0,0,0,0,0,0,0,0,0,"4,2",512,128,True,False,disjoint_top1,1179648,0,e0(M4)->c0@12;e1(M2)->c1@26
mechanism__synthetic_me4_2__M6_4+2_W5-5_Aproportional_Pproportional_G4_joint_budget__joint,e7f274e953db91e565cc724f9c40cdf1054c9080cafe89592a6a9ce5f18a153d,synthetic_full_ffn_mechanism,synthetic_me4_2,6,4+2,4+2,joint,4,512,4,joint,none,equal_budget_actual_supply,256,64,False,False,7372,0.007372,0.006921,0.000451,0.75,0.01318359375,0.0,8208,30720,1179648,2359296,0.5,804,937,2,0,256,True,cee32813149fbe56c04a695b036310b31aaf3355cb1a289d5022b02405a75675,/tmp/plena-joint-runtime-20260930/mechanism/raw/points/mechanism__synthetic_me4_2__M6_4+2_W5-5_Aproportional_Pproportional_G4_joint_budget__joint__e7f274e953db91e5,7.372,384,786432,0,0,stock,256,False,0,0,3.072,106.67824199674443,139.97395833333334,0,0.3905,0.3905,0.462,0,2,24576,24576,0,2,2,0,2,27,38176,20480,4096,6800,418,1398080,20416,20480,2048,6919,386,699072,M6_4+2_W5-5_Aproportional_Pproportional_G4_joint_budget,heterogeneous,M6,natural,,,,1.0,6144,1.1998697916666667,119,0,32,0,0,1,0,0,0,2,1,0,0,0,0,2,1,1,2,1.0,1.0,"4,2",512,128,True,False,disjoint_top1,1179648,0,e0(M4)->c0@33;e1(M2)->c1@33
mechanism__synthetic_me4_2__M6_4+2_W5-5_Aproportional_Pproportional_G4_joint_budget__joint_no_late,068916ef6128065ed2fbf3680906ab00eac80f3d1f09d2a753dfce16491a28d9,synthetic_full_ffn_mechanism,synthetic_me4_2,6,4+2,4+2,joint_no_late,4,512,4,joint,none,equal_budget_actual_supply,256,64,False,False,7372,0.007372,0.006921,0.000451,0.75,0.01318359375,0.0,8208,30720,1179648,2359296,0.5,804,937,2,0,256,True,694c69684878fd8946ca6101a0451ccf0b3b37ba8f7c2fa2d88cf7c6d0498631,/tmp/plena-joint-runtime-20260930/mechanism/raw/points/mechanism__synthetic_me4_2__M6_4+2_W5-5_Aproportional_Pproportional_G4_joint_budget__joint_no_late__068916ef6128065e,7.372,384,786432,0,0,stock,256,False,0,0,3.072,106.67824199674443,139.97395833333334,0,0.3905,0.3905,0.462,0,2,24576,24576,0,2,2,0,2,27,38176,20480,4096,6800,418,1398080,20416,20480,2048,6919,386,699072,M6_4+2_W5-5_Aproportional_Pproportional_G4_joint_budget,heterogeneous,M6,natural,,,,1.0,6144,1.1998697916666667,119,0,32,0,0,1,0,0,0,2,1,0,0,0,0,2,1,1,2,1.0,1.0,"4,2",512,128,True,False,disjoint_top1,1179648,0,e0(M4)->c0@33;e1(M2)->c1@33
mechanism__synthetic_me4_2__M6_4+2_W5-5_Aproportional_Pproportional_G4_joint_budget__window_lpt_ect,1503e871ce537a01223d1838e2d4e823f95eb1e995faff17d54e92d404e46689,synthetic_full_ffn_mechanism,synthetic_me4_2,6,4+2,4+2,window_lpt_ect,4,512,4,joint,none,equal_budget_actual_supply,256,64,False,False,7366,0.007366,0.006915,0.000451,0.75,0.01318359375,0.0,8208,30720,1179648,2359296,0.5,816,937,2,0,256,True,43550cb65e0b98f51cdd73f8d9bc12df73b1fa631364495123c83e2d636c62cd,/tmp/plena-joint-runtime-20260930/mechanism/raw/points/mechanism__synthetic_me4_2__M6_4+2_W5-5_Aproportional_Pproportional_G4_joint_budget__window_lpt_ect__1503e871ce537a01,7.366,384,786432,0,0,stock,256,False,0,0,3.072,106.76513711648113,139.77864583333334,0,0.3795,0.3795,0.44,0,2,24576,24576,0,2,2,0,2,11,38176,20480,4096,6796,432,1398080,20416,20480,2048,6915,384,699072,M6_4+2_W5-5_Aproportional_Pproportional_G4_joint_budget,heterogeneous,M6,natural,,,,1.0,6144,1.1988932291666667,119,0,48,0,0,1,0,1,0,4,0,0,0,0,2,3,2,2,3,1.0,1.0,"4,2",512,128,True,False,disjoint_top1,1179648,0,e0(M4)->c0@29;e1(M2)->c1@51
mechanism__synthetic_me4_2__M6_6_W10_Aproportional_Pproportional_G4_joint_budget__dynamic,6efc632a57791f503de99c86d433f786a0d09d49a4be6f5d8d081691f90da108,synthetic_full_ffn_mechanism,synthetic_me4_2,6,6,6,dynamic,4,512,4,dynamic,none,equal_budget_actual_supply,256,64,False,False,8839,0.008839,0.008406,0.000433,0.75,0.01318359375,0.0,0,30720,1179648,4718592,0.25,788,920,2,0,256,True,663cd14a53eac8e58ac51319fe61734dd17426f225c24f6349927e8268948ed6,/tmp/plena-joint-runtime-20260930/mechanism/raw/points/mechanism__synthetic_me4_2__M6_6_W10_Aproportional_Pproportional_G4_joint_budget__dynamic__6efc632a57791f50,8.839,384,786432,0,0,stock,256,False,0,0,3.072,88.9729607421654,187.72786458333334,0,-0.3875,0.3875,0.0,2,0,24576,24576,0,2,1,1,0,0,50656,40960,6144,8406,788,2097152,,,,,,,M6_6_W10_Aproportional_Pproportional_G4_joint_budget,single,M6,natural,,,,0.0,6144,1.4386393229166667,0,0,0,0,0,0,0,0,0,0,0,0,0,0,0,0,0,0,0,0,0,"4,2",512,128,True,False,disjoint_top1,3538944,1179648,e0(M4)->c0@8;e1(M2)->c0@18
mechanism__synthetic_me4_2__M6_6_W10_Aproportional_Pproportional_G4_joint_budget__joint,239888bcfbb60f87c7810f38b91c732e03a2f4d8675005f22c194342371f8f02,synthetic_full_ffn_mechanism,synthetic_me4_2,6,6,6,joint,4,512,4,joint,none,equal_budget_actual_supply,256,64,False,False,8834,0.008834,0.008401,0.000433,0.75,0.01318359375,0.0,0,30720,1179648,4718592,0.25,804,920,2,0,256,True,5ff68cb7d30f1a41aa60eec3e56ecb50d7509b72e1b0b3a686ec7e5784b6410d,/tmp/plena-joint-runtime-20260930/mechanism/raw/points/mechanism__synthetic_me4_2__M6_6_W10_Aproportional_Pproportional_G4_joint_budget__joint__239888bcfbb60f87,8.834,384,786432,0,0,stock,256,False,0,0,3.072,89.02331899479285,187.56510416666666,0,-0.26,0.26,0.0,2,0,24576,24576,0,2,2,1,1,22,50656,40960,6144,8399,804,2097152,,,,,,,M6_6_W10_Aproportional_Pproportional_G4_joint_budget,single,M6,natural,,,,0.0,6144,1.4378255208333333,0,0,32,0,0,1,0,1,3872,2,0,0,0,0,2,3,2,2,3,0.0,0.0,"4,2",512,128,True,False,disjoint_top1,3538944,1179648,e0(M4)->c0@19;e1(M2)->c0@4098
mechanism__synthetic_me4_2__M6_6_W10_Aproportional_Pproportional_G4_joint_budget__joint_no_late,4191677bf0e945f90166ee0d2c6eb13da4791b8ec711918c1382385dcee1c5a6,synthetic_full_ffn_mechanism,synthetic_me4_2,6,6,6,joint_no_late,4,512,4,joint,none,equal_budget_actual_supply,256,64,False,False,8839,0.008839,0.008406,0.000433,0.75,0.01318359375,0.0,0,30720,1179648,4718592,0.25,804,920,2,0,256,True,20b02986a76b09924656a8f3dd532ef1db9936fc32162a59d615737c5d371397,/tmp/plena-joint-runtime-20260930/mechanism/raw/points/mechanism__synthetic_me4_2__M6_6_W10_Aproportional_Pproportional_G4_joint_budget__joint_no_late__4191677bf0e945f9,8.839,384,786432,0,0,stock,256,False,0,0,3.072,88.9729607421654,187.72786458333334,0,-0.4045,0.4045,0.0,2,0,24576,24576,0,2,2,1,1,22,50656,40960,6144,8404,804,2097152,,,,,,,M6_6_W10_Aproportional_Pproportional_G4_joint_budget,single,M6,natural,,,,0.0,6144,1.4386393229166667,0,0,32,0,0,1,0,1,0,2,0,0,0,0,2,3,2,2,3,0.0,0.0,"4,2",512,128,True,False,disjoint_top1,3538944,1179648,e0(M4)->c0@19;e1(M2)->c0@35
mechanism__synthetic_me4_2__M6_6_W10_Aproportional_Pproportional_G4_joint_budget__window_lpt_ect,4a8ca9f6ee9c240ea3fb07ed33055ddf2b15bf2bf8e5c1d05792015e32e0d942,synthetic_full_ffn_mechanism,synthetic_me4_2,6,6,6,window_lpt_ect,4,512,4,joint,none,equal_budget_actual_supply,256,64,False,False,8835,0.008835,0.008402,0.000433,0.75,0.01318359375,0.0,0,30720,1179648,4718592,0.25,800,920,2,0,256,True,b3431ee088f19ffe20c24db3c4e8e3892477585370cb40ff962b9780ce8b0a0d,/tmp/plena-joint-runtime-20260930/mechanism/raw/points/mechanism__synthetic_me4_2__M6_6_W10_Aproportional_Pproportional_G4_joint_budget__window_lpt_ect__4a8ca9f6ee9c240e,8.835,384,786432,0,0,stock,256,False,0,0,3.072,89.01324278438031,187.59765625,0,-0.4055,0.4055,0.0,2,0,24576,24576,0,2,2,1,1,22,50656,40960,6144,8402,800,2097152,,,,,,,M6_6_W10_Aproportional_Pproportional_G4_joint_budget,single,M6,natural,,,,0.0,6144,1.43798828125,0,0,32,0,0,1,0,1,0,2,0,0,0,0,2,3,2,2,3,0.0,0.0,"4,2",512,128,True,False,disjoint_top1,3538944,1179648,e0(M4)->c0@19;e1(M2)->c0@35
mechanism__synthetic_me4_2__M8_4+4_W5-5_Aproportional_Pproportional_G4_joint_budget__dynamic,6f011dad67338b3a6cd49eea8d76b79be3f20b5a3d37ac6465f5eaf3cdf03988,synthetic_full_ffn_mechanism,synthetic_me4_2,6,4+4,4+4,dynamic,4,512,4,dynamic,none,equal_budget_actual_supply,256,64,False,False,7301,0.007301,0.006884,0.000417,0.75,0.01318359375,0.0,9216,30720,1179648,3145728,0.375,796,936,2,0,256,True,dc76475d81bdc3f887f2d628b60df0a709724837885645c91fb04318e091601b,/tmp/plena-joint-runtime-20260930/mechanism/raw/points/mechanism__synthetic_me4_2__M8_4+4_W5-5_Aproportional_Pproportional_G4_joint_budget__dynamic__6f011dad67338b3a,7.301,384,786432,0,0,stock,256,False,0,0,3.072,107.71565538967265,137.66276041666666,0,0.396,0.396,0.434,0,2,24576,24576,0,2,0,0,0,0,33120,20480,4096,6818,410,1048576,25440,20480,4096,6884,386,1048576,M8_4+4_W5-5_Aproportional_Pproportional_G4_joint_budget,homogeneous,M8,natural,,,,1.0,6144,1.1883138020833333,66,0,0,0,0,0,0,0,0,0,0,0,0,0,0,0,0,0,0,0,0,"4,2",512,128,True,False,disjoint_top1,1966080,393216,e0(M4)->c0@12;e1(M2)->c1@26
mechanism__synthetic_me4_2__M8_4+4_W5-5_Aproportional_Pproportional_G4_joint_budget__joint,5e282ff53f93d67070a3e878a29214d678021f32a7b701c566daa10cbab0d5f2,synthetic_full_ffn_mechanism,synthetic_me4_2,6,4+4,4+4,joint,4,512,4,joint,none,equal_budget_actual_supply,256,64,False,False,7260,0.00726,0.006843,0.000417,0.75,0.01318359375,0.0,9216,30720,1179648,3145728,0.375,804,936,2,0,256,True,a283ce56540d8d02e4b70e66cb568cb133771783d15ead3e1f8435bf92495558,/tmp/plena-joint-runtime-20260930/mechanism/raw/points/mechanism__synthetic_me4_2__M8_4+4_W5-5_Aproportional_Pproportional_G4_joint_budget__joint__5e282ff53f93d670,7.26,384,786432,0,0,stock,256,False,0,0,3.072,108.32396694214876,136.328125,0,0.339,0.339,0.384,0,2,24576,24576,0,2,2,0,2,39,33120,20480,4096,6775,418,1048576,25440,20480,4096,6841,386,1048576,M8_4+4_W5-5_Aproportional_Pproportional_G4_joint_budget,homogeneous,M8,natural,,,,1.0,6144,1.181640625,66,0,32,0,0,1,0,0,0,2,1,0,0,0,0,2,1,1,2,1.0,1.0,"4,2",512,128,True,False,disjoint_top1,1966080,393216,e0(M4)->c0@33;e1(M2)->c1@33
mechanism__synthetic_me4_2__M8_4+4_W5-5_Aproportional_Pproportional_G4_joint_budget__joint_no_late,bbf821bcc717da3922663ed8306f353a3b46aa17f08a008c4e8009a2b3461d19,synthetic_full_ffn_mechanism,synthetic_me4_2,6,4+4,4+4,joint_no_late,4,512,4,joint,none,equal_budget_actual_supply,256,64,False,False,7260,0.00726,0.006843,0.000417,0.75,0.01318359375,0.0,9216,30720,1179648,3145728,0.375,804,936,2,0,256,True,3f9047d92700172e61320a1a7e6ceb00a8babda858251327421a3bced1608943,/tmp/plena-joint-runtime-20260930/mechanism/raw/points/mechanism__synthetic_me4_2__M8_4+4_W5-5_Aproportional_Pproportional_G4_joint_budget__joint_no_late__bbf821bcc717da39,7.26,384,786432,0,0,stock,256,False,0,0,3.072,108.32396694214876,136.328125,0,0.339,0.339,0.384,0,2,24576,24576,0,2,2,0,2,39,33120,20480,4096,6775,418,1048576,25440,20480,4096,6841,386,1048576,M8_4+4_W5-5_Aproportional_Pproportional_G4_joint_budget,homogeneous,M8,natural,,,,1.0,6144,1.181640625,66,0,32,0,0,1,0,0,0,2,1,0,0,0,0,2,1,1,2,1.0,1.0,"4,2",512,128,True,False,disjoint_top1,1966080,393216,e0(M4)->c0@33;e1(M2)->c1@33
mechanism__synthetic_me4_2__M8_4+4_W5-5_Aproportional_Pproportional_G4_joint_budget__window_lpt_ect,8dd036d9052a41b286fa0206d7379507a6e75cda5c7a21857d511297010b4111,synthetic_full_ffn_mechanism,synthetic_me4_2,6,4+4,4+4,window_lpt_ect,4,512,4,joint,none,equal_budget_actual_supply,256,64,False,False,7256,0.007256,0.006839,0.000417,0.75,0.01318359375,0.0,9216,30720,1179648,3145728,0.375,816,936,2,0,256,True,b658cbf7984dee7c04cdb7a37a0b127dc48235355dac99dd9487bf8d5ff1b1a6,/tmp/plena-joint-runtime-20260930/mechanism/raw/points/mechanism__synthetic_me4_2__M8_4+4_W5-5_Aproportional_Pproportional_G4_joint_budget__window_lpt_ect__8dd036d9052a41b2,7.256,384,786432,0,0,stock,256,False,0,0,3.072,108.38368246968027,136.19791666666666,0,0.33,0.33,0.364,0,2,24576,24576,0,2,2,0,2,28,33120,20480,4096,6773,432,1048576,25440,20480,4096,6839,384,1048576,M8_4+4_W5-5_Aproportional_Pproportional_G4_joint_budget,homogeneous,M8,natural,,,,1.0,6144,1.1809895833333333,66,0,48,0,0,1,0,1,0,4,0,0,0,0,2,3,2,2,3,1.0,1.0,"4,2",512,128,True,False,disjoint_top1,1966080,393216,e0(M4)->c0@29;e1(M2)->c1@51
mechanism__synthetic_me4_2__M8_5+3_W5-5_Aequal_Pproportional_G2_joint_budget__dynamic,0774ed613af6bf8c7759a3f13253c9e37b5e370dbe8320b804e871078b5722a4,synthetic_full_ffn_mechanism,synthetic_me4_2,6,5+3,5+3,dynamic,4,512,2,dynamic,none,equal_budget_actual_supply,256,64,False,False,7732,0.007732,0.007315,0.000417,0.75,0.01318359375,0.0,8448,30720,1179648,3145728,0.375,796,1464,2,0,256,True,cc364172954608eee6e6aff9fb00fd7be32e47d937e964fbe7d873bd8a1f5324,/tmp/plena-joint-runtime-20260930/mechanism/raw/points/mechanism__synthetic_me4_2__M8_5+3_W5-5_Aequal_Pproportional_G2_joint_budget__dynamic__0774ed613af6bf8c,7.732,384,786432,0,0,stock,256,False,0,0,3.072,101.71132953957579,151.69270833333334,0,0.803,0.803,0.865,0,2,24576,24576,0,2,0,0,0,0,36448,20480,5120,7201,410,1048576,21344,20480,3072,7315,386,1048576,M8_5+3_W5-5_Aequal_Pproportional_G2_joint_budget,heterogeneous,M8,natural,,,,1.0,6144,1.2584635416666667,114,0,0,0,0,0,0,0,0,0,0,0,0,0,0,0,0,0,0,0,0,"4,2",512,128,True,False,disjoint_top1,1966080,393216,e0(M4)->c0@12;e1(M2)->c1@26
mechanism__synthetic_me4_2__M8_5+3_W5-5_Aequal_Pproportional_G2_joint_budget__joint,e21f0c132b28cc030ecb5a84c836de55c70f136b509e9608e98075bb7c1d9862,synthetic_full_ffn_mechanism,synthetic_me4_2,6,5+3,5+3,joint,4,512,2,joint,none,equal_budget_actual_supply,256,64,False,False,7681,0.007681,0.007264,0.000417,0.75,0.01318359375,0.0,8448,30720,1179648,3145728,0.375,804,1464,2,0,256,True,a6d0ff7624e5af596342d7f007296262b1690ac07464feb0588b2ed71fa85b2a,/tmp/plena-joint-runtime-20260930/mechanism/raw/points/mechanism__synthetic_me4_2__M8_5+3_W5-5_Aequal_Pproportional_G2_joint_budget__joint__e21f0c132b28cc03,7.681,384,786432,0,0,stock,256,False,0,0,3.072,102.38666840255175,150.03255208333334,0,0.736,0.736,0.805,0,2,24576,24576,0,2,2,0,2,44,36448,20480,5120,7148,418,1048576,21344,20480,3072,7262,386,1048576,M8_5+3_W5-5_Aequal_Pproportional_G2_joint_budget,heterogeneous,M8,natural,,,,1.0,6144,1.2501627604166667,114,0,32,0,0,1,0,0,0,2,1,0,0,0,0,2,1,1,2,1.0,1.0,"4,2",512,128,True,False,disjoint_top1,1966080,393216,e0(M4)->c0@33;e1(M2)->c1@33
mechanism__synthetic_me4_2__M8_5+3_W5-5_Aequal_Pproportional_G2_joint_budget__joint_no_late,20ca80c6bcb1f49d1d50ed522468d03279e6bc55c70d7899adc601af552cd6f6,synthetic_full_ffn_mechanism,synthetic_me4_2,6,5+3,5+3,joint_no_late,4,512,2,joint,none,equal_budget_actual_supply,256,64,False,False,7681,0.007681,0.007264,0.000417,0.75,0.01318359375,0.0,8448,30720,1179648,3145728,0.375,804,1464,2,0,256,True,d132c3e3f8f32804f437e51a75dea9ba0f163ae5082b8e935f4a33bbcc4973fb,/tmp/plena-joint-runtime-20260930/mechanism/raw/points/mechanism__synthetic_me4_2__M8_5+3_W5-5_Aequal_Pproportional_G2_joint_budget__joint_no_late__20ca80c6bcb1f49d,7.681,384,786432,0,0,stock,256,False,0,0,3.072,102.38666840255175,150.03255208333334,0,0.736,0.736,0.805,0,2,24576,24576,0,2,2,0,2,44,36448,20480,5120,7148,418,1048576,21344,20480,3072,7262,386,1048576,M8_5+3_W5-5_Aequal_Pproportional_G2_joint_budget,heterogeneous,M8,natural,,,,1.0,6144,1.2501627604166667,114,0,32,0,0,1,0,0,0,2,1,0,0,0,0,2,1,1,2,1.0,1.0,"4,2",512,128,True,False,disjoint_top1,1966080,393216,e0(M4)->c0@33;e1(M2)->c1@33
mechanism__synthetic_me4_2__M8_5+3_W5-5_Aequal_Pproportional_G2_joint_budget__window_lpt_ect,accae4e0bf04ec06ad174eea79a4f9be740bcabeb2dcd2179dfbbb18da4f7e56,synthetic_full_ffn_mechanism,synthetic_me4_2,6,5+3,5+3,window_lpt_ect,4,512,2,joint,none,equal_budget_actual_supply,256,64,False,False,7677,0.007677,0.00726,0.000417,0.75,0.01318359375,0.0,8448,30720,1179648,3145728,0.375,816,1464,2,0,256,True,6246db0024a03bcf81ccf2bdb426d629b45875b665fb4fc082759542dc76f2c5,/tmp/plena-joint-runtime-20260930/mechanism/raw/points/mechanism__synthetic_me4_2__M8_5+3_W5-5_Aequal_Pproportional_G2_joint_budget__window_lpt_ect__accae4e0bf04ec06,7.677,384,786432,0,0,stock,256,False,0,0,3.072,102.44001563110591,149.90234375,0,0.7045,0.7045,0.785,0,2,24576,24576,0,2,2,0,2,32,36448,20480,5120,7101,432,1048576,21344,20480,3072,7260,384,1048576,M8_5+3_W5-5_Aequal_Pproportional_G2_joint_budget,heterogeneous,M8,natural,,,,1.0,6144,1.24951171875,159,0,48,0,0,1,0,1,0,4,0,0,0,0,2,3,2,2,3,1.0,1.0,"4,2",512,128,True,False,disjoint_top1,1966080,393216,e0(M4)->c0@29;e1(M2)->c1@51
mechanism__synthetic_me4_2__M8_8_W10_Aproportional_Pproportional_G4_joint_budget__dynamic,0e698c4448c444605fa68e6d62947aefef3c9518171e8d1dd83b0deef623523d,synthetic_full_ffn_mechanism,synthetic_me4_2,6,8,8,dynamic,4,512,4,dynamic,none,equal_budget_actual_supply,256,64,False,False,8781,0.008781,0.00838,0.000401,0.75,0.01318359375,0.0,0,30720,1179648,6291456,0.1875,788,920,2,0,256,True,b689c4af2e4df8f6aaa44a5b199ec3a7184efb8322e0bb9128b68dde02dda9ce,/tmp/plena-joint-runtime-20260930/mechanism/raw/points/mechanism__synthetic_me4_2__M8_8_W10_Aproportional_Pproportional_G4_joint_budget__dynamic__0e698c4448c44460,8.781,384,786432,0,0,stock,256,False,0,0,3.072,89.56064229586607,185.83984375,0,-0.401,0.401,0.0,2,0,24576,24576,0,2,1,1,0,0,50656,40960,8192,8380,788,2097152,,,,,,,M8_8_W10_Aproportional_Pproportional_G4_joint_budget,single,M8,natural,,,,0.0,6144,1.42919921875,0,0,0,0,0,0,0,0,0,0,0,0,0,0,0,0,0,0,0,0,0,"4,2",512,128,True,False,disjoint_top1,5111808,1966080,e0(M4)->c0@8;e1(M2)->c0@18
mechanism__synthetic_me4_2__M8_8_W10_Aproportional_Pproportional_G4_joint_budget__joint,59f46ab309f6ba750c6ccc23e6aae308e4dc6957179ac6aa2686a69bf1453522,synthetic_full_ffn_mechanism,synthetic_me4_2,6,8,8,joint,4,512,4,joint,none,equal_budget_actual_supply,256,64,False,False,8767,0.008767,0.008366,0.000401,0.75,0.01318359375,0.0,0,30720,1179648,6291456,0.1875,804,920,2,0,256,True,cbf6e74d51608a050c44451285f3534e504e5ea5756888842836113b8d88d214,/tmp/plena-joint-runtime-20260930/mechanism/raw/points/mechanism__synthetic_me4_2__M8_8_W10_Aproportional_Pproportional_G4_joint_budget__joint__59f46ab309f6ba75,8.767,384,786432,0,0,stock,256,False,0,0,3.072,89.70366145773924,185.38411458333334,0,-0.2875,0.2875,0.0,2,0,24576,24576,0,2,2,1,1,34,50656,40960,8192,8364,804,2097152,,,,,,,M8_8_W10_Aproportional_Pproportional_G4_joint_budget,single,M8,natural,,,,0.0,6144,1.4269205729166667,0,0,32,0,0,1,0,1,3882,2,0,0,0,0,2,3,2,2,3,0.0,0.0,"4,2",512,128,True,False,disjoint_top1,5111808,1966080,e0(M4)->c0@19;e1(M2)->c0@4108
mechanism__synthetic_me4_2__M8_8_W10_Aproportional_Pproportional_G4_joint_budget__joint_no_late,648971a3902e940a85c1b9294b2e9df200255bf0b380d30a832c83d7b2a3a7b5,synthetic_full_ffn_mechanism,synthetic_me4_2,6,8,8,joint_no_late,4,512,4,joint,none,equal_budget_actual_supply,256,64,False,False,8784,0.008784,0.008383,0.000401,0.75,0.01318359375,0.0,0,30720,1179648,6291456,0.1875,804,920,2,0,256,True,43320b486d6e71e9529080c391a028face1a39c5abc40bd3d11916a5b3294f3b,/tmp/plena-joint-runtime-20260930/mechanism/raw/points/mechanism__synthetic_me4_2__M8_8_W10_Aproportional_Pproportional_G4_joint_budget__joint_no_late__648971a3902e940a,8.784,384,786432,0,0,stock,256,False,0,0,3.072,89.53005464480874,185.9375,0,-0.415,0.415,0.0,2,0,24576,24576,0,2,2,1,1,34,50656,40960,8192,8381,804,2097152,,,,,,,M8_8_W10_Aproportional_Pproportional_G4_joint_budget,single,M8,natural,,,,0.0,6144,1.4296875,0,0,32,0,0,1,0,1,0,2,0,0,0,0,2,3,2,2,3,0.0,0.0,"4,2",512,128,True,False,disjoint_top1,5111808,1966080,e0(M4)->c0@19;e1(M2)->c0@35
mechanism__synthetic_me4_2__M8_8_W10_Aproportional_Pproportional_G4_joint_budget__window_lpt_ect,b59fe4f6c2bcc7a2f6d833e12131dbad6bc04ab7d71cfa49b2318a6cc64dc841,synthetic_full_ffn_mechanism,synthetic_me4_2,6,8,8,window_lpt_ect,4,512,4,joint,none,equal_budget_actual_supply,256,64,False,False,8780,0.00878,0.008379,0.000401,0.75,0.01318359375,0.0,0,30720,1179648,6291456,0.1875,800,920,2,0,256,True,a0c72b39fef3cd60aa4e091f674b2d7d9be25a904723e160cd76c1b97f5cc72b,/tmp/plena-joint-runtime-20260930/mechanism/raw/points/mechanism__synthetic_me4_2__M8_8_W10_Aproportional_Pproportional_G4_joint_budget__window_lpt_ect__b59fe4f6c2bcc7a2,8.78,384,786432,0,0,stock,256,False,0,0,3.072,89.57084282460137,185.80729166666666,0,-0.416,0.416,0.0,2,0,24576,24576,0,2,2,1,1,34,50656,40960,8192,8379,800,2097152,,,,,,,M8_8_W10_Aproportional_Pproportional_G4_joint_budget,single,M8,natural,,,,0.0,6144,1.4290364583333333,0,0,32,0,0,1,0,1,0,2,0,0,0,0,2,3,2,2,3,0.0,0.0,"4,2",512,128,True,False,disjoint_top1,5111808,1966080,e0(M4)->c0@19;e1(M2)->c0@35
mechanism__synthetic_mixed_natural__M6_3+3_W5-5_Aproportional_Pproportional_G4_joint_budget__dynamic,65ab857b01857697f9f8b32dfc5ca63e972442fe7510fd42854de7760c988c11,synthetic_full_ffn_mechanism,synthetic_mixed_natural,23,3+3,3+3,dynamic,4,512,4,dynamic,none,equal_budget_actual_supply,256,64,False,False,33783,0.033783,0.032154,0.001629,2.25,0.390380859375,0.0,35328,117760,4521984,12976128,0.3484848484848485,2376,3068,6,0,256,True,1d88bf49f4454b7c09a7cdbaf67df9f6c54f7ea8a4a4f685c7b247ec89e7963d,/tmp/plena-joint-runtime-20260930/mechanism/raw/points/mechanism__synthetic_mixed_natural__M6_3+3_W5-5_Aproportional_Pproportional_G4_joint_budget__dynamic__65ab857b01857697,33.783,2112,2359296,0,0,stock,256,False,0,0,9.216,69.83678181333806,266.56901041666663,0,0.6336666666666666,3.123,6.446,3,3,73728,73728,0,6,4,4,0,0,123264,20480,6144,32154,816,1048576,69504,20480,3072,20973,1560,1048576,M6_3+3_W5-5_Aproportional_Pproportional_G4_joint_budget,homogeneous,M6,natural,,,,0.5,18432,1.8328450520833333,11181,0,0,0,0,0,0,0,0,0,0,0,0,0,0,0,0,0,0,0,0,"16,1,1,2,2,1",512,128,True,False,disjoint_top1,8454144,1966080,e0(M16)->c0@12;e1(M1)->c1@26;e2(M1)->c1@40;e3(M2)->c0@50;e4(M2)->c1@5588;e5(M1)->c1@10817
mechanism__synthetic_mixed_natural__M6_3+3_W5-5_Aproportional_Pproportional_G4_joint_budget__joint,9c979dc6ea951888fe94aa11138336155cbc11f00be3c296b7de4c3b3cdb5e0b,synthetic_full_ffn_mechanism,synthetic_mixed_natural,23,3+3,3+3,joint,4,512,4,joint,none,equal_budget_actual_supply,256,64,False,False,29765,0.029765,0.028136,0.001629,2.25,0.390380859375,0.0,35328,117760,4521984,12976128,0.3484848484848485,2536,3068,6,0,256,True,7b7ca154476f91345d1c6a5afe5e6decfcc2996d72a7a731214dd551f6e0de42,/tmp/plena-joint-runtime-20260930/mechanism/raw/points/mechanism__synthetic_mixed_natural__M6_3+3_W5-5_Aproportional_Pproportional_G4_joint_budget__joint__9c979dc6ea951888,29.765,2112,2359296,0,0,stock,256,False,0,0,9.216,79.26410213337813,222.97092013888889,0,0.0125,2.3398333333333334,7.057,4,2,73728,73728,0,6,6,4,2,0,123264,20480,6144,28134,606,1048576,69504,20480,3072,24394,1930,1048576,M6_3+3_W5-5_Aproportional_Pproportional_G4_joint_budget,homogeneous,M6,natural,,,,0.3333333333333333,18432,1.6148546006944444,3740,0,220,3,0,5,0,4,18527,24,1,0,4,0,4,16,5,5,16,1.0,0.375,"16,1,1,2,2,1",512,128,True,False,disjoint_top1,8454144,1966080,e0(M16)->c0@85;e3(M2)->c1@85;e4(M2)->c1@5066;e2(M1)->c1@10062;e5(M1)->c1@14948;e1(M1)->c1@19632
mechanism__synthetic_mixed_natural__M6_3+3_W5-5_Aproportional_Pproportional_G4_joint_budget__joint_no_late,96143ceaab14630876e0343b0ac6e5c643276010075147bd78c0215c566b48d7,synthetic_full_ffn_mechanism,synthetic_mixed_natural,23,3+3,3+3,joint_no_late,4,512,4,joint,none,equal_budget_actual_supply,256,64,False,False,33847,0.033847,0.032218,0.001629,2.25,0.390380859375,0.0,35328,117760,4521984,12976128,0.3484848484848485,2516,3068,6,0,256,True,9e3d73edfc437886a12705fbb29f235b1a06b439c20108d9e37ccf9b9d15e167,/tmp/plena-joint-runtime-20260930/mechanism/raw/points/mechanism__synthetic_mixed_natural__M6_3+3_W5-5_Aproportional_Pproportional_G4_joint_budget__joint_no_late__96143ceaab146308,33.847,2112,2359296,0,0,stock,256,False,0,0,9.216,69.70473010902,267.26345486111114,0,0.7045,3.0421666666666667,6.433,4,2,73728,73728,0,6,6,4,2,0,123264,20480,6144,32216,972,1048576,69504,20480,3072,21033,1544,1048576,M6_3+3_W5-5_Aproportional_Pproportional_G4_joint_budget,homogeneous,M6,natural,,,,0.3333333333333333,18432,1.8363172743055556,11183,0,200,0,0,5,0,4,10318,14,1,0,2,0,4,16,5,5,16,0.375,0.375,"16,1,1,2,2,1",512,128,True,False,disjoint_top1,8454144,1966080,e0(M16)->c0@85;e3(M2)->c1@85;e4(M2)->c0@129;e1(M1)->c1@165;e2(M1)->c1@5686;e5(M1)->c1@10956
mechanism__synthetic_mixed_natural__M6_3+3_W5-5_Aproportional_Pproportional_G4_joint_budget__window_lpt_ect,eab7db7b21859a041e18b590622f146bc4827c2409c8406528c40d91b686bd61,synthetic_full_ffn_mechanism,synthetic_mixed_natural,23,3+3,3+3,window_lpt_ect,4,512,4,joint,none,equal_budget_actual_supply,256,64,False,False,33740,0.03374,0.032111,0.001629,2.25,0.390380859375,0.0,35328,117760,4521984,12976128,0.3484848484848485,2538,3068,6,0,256,True,4ea4109ad8b6dde49f95439d216fd70e2d1defc8a3fecf175763d1ddc84aa9a8,/tmp/plena-joint-runtime-20260930/mechanism/raw/points/mechanism__synthetic_mixed_natural__M6_3+3_W5-5_Aproportional_Pproportional_G4_joint_budget__window_lpt_ect__eab7db7b21859a04,33.74,2112,2359296,0,0,stock,256,False,0,0,9.216,69.9257854179016,266.10243055555554,0,0.5801666666666666,3.1185,6.453,3,3,73728,73728,0,6,6,4,2,0,123264,20480,6144,32111,1002,1048576,69504,20480,3072,21033,1536,1048576,M6_3+3_W5-5_Aproportional_Pproportional_G4_joint_budget,homogeneous,M6,natural,,,,0.5,18432,1.8305121527777777,11078,0,234,0,0,5,0,5,10315,9,0,0,2,0,6,21,6,6,21,0.7142857142857143,0.7142857142857143,"16,1,1,2,2,1",512,128,True,False,disjoint_top1,8454144,1966080,e0(M16)->c0@65;e3(M2)->c1@119;e4(M2)->c1@165;e1(M1)->c0@200;e2(M1)->c1@5664;e5(M1)->c1@10984
mechanism__synthetic_mixed_natural__M6_4+2_W5-5_Aproportional_Pproportional_G4_joint_budget__dynamic,29f35236845c9762a3d52e854c51f8d1e2f470e168e1e69c4db823e98a12a089,synthetic_full_ffn_mechanism,synthetic_mixed_natural,23,4+2,4+2,dynamic,4,512,4,dynamic,none,equal_budget_actual_supply,256,64,False,False,29255,0.029255,0.027616,0.001639,2.25,0.390380859375,0.0,28776,117760,4521984,11010048,0.4107142857142857,2376,3069,6,0,256,True,2d15dd3ce9d9bbf6d5f379d8689f6c08eb07937eeae13b42fbc3bc02d36a5148,/tmp/plena-joint-runtime-20260930/mechanism/raw/points/mechanism__synthetic_mixed_natural__M6_4+2_W5-5_Aproportional_Pproportional_G4_joint_budget__dynamic__29f35236845c9762,29.255,1728,2359296,0,0,stock,256,False,0,0,9.216,80.64590668261836,217.43706597222223,0,1.3393333333333333,3.7543333333333333,8.467,3,3,73728,73728,0,6,4,4,0,0,142592,20480,8192,27616,816,1398080,50208,20480,2048,21158,1560,699072,M6_4+2_W5-5_Aproportional_Pproportional_G4_joint_budget,heterogeneous,M6,natural,,,,0.5,18432,1.5871853298611112,6458,0,0,0,0,0,0,0,0,0,0,0,0,0,0,0,0,0,0,0,0,"16,1,1,2,2,1",512,128,True,False,disjoint_top1,6488064,983040,e0(M16)->c0@12;e1(M1)->c1@26;e2(M1)->c1@40;e3(M2)->c0@50;e4(M2)->c1@5597;e5(M1)->c1@10864
mechanism__synthetic_mixed_natural__M6_4+2_W5-5_Aproportional_Pproportional_G4_joint_budget__joint,e4e7e665d7694e77417b13857ab2b7be11f510024ea9ae2d0a642848b405c20d,synthetic_full_ffn_mechanism,synthetic_mixed_natural,23,4+2,4+2,joint,4,512,4,joint,none,equal_budget_actual_supply,256,64,False,False,27356,0.027356,0.025717,0.001639,2.25,0.390380859375,0.0,30792,117760,4521984,10223616,0.4423076923076923,2536,3069,6,0,256,True,9b9c4090c937e625d03442442391d9a137824351eee952439d2c5ef0de2bc66a,/tmp/plena-joint-runtime-20260930/mechanism/raw/points/mechanism__synthetic_mixed_natural__M6_4+2_W5-5_Aproportional_Pproportional_G4_joint_budget__joint__e4e7e665d7694e77,27.356,1728,2359296,0,0,stock,256,False,0,0,9.216,86.2441877467466,196.83159722222223,0,0.6858333333333334,3.0361666666666665,11.166,4,2,73728,73728,0,6,6,4,2,0,142592,20480,8192,25715,606,1398080,50208,20480,2048,24273,1930,699072,M6_4+2_W5-5_Aproportional_Pproportional_G4_joint_budget,heterogeneous,M6,natural,,,,0.3333333333333333,18432,1.4841579861111112,1442,0,220,3,0,5,0,4,18310,24,1,0,4,0,4,16,5,5,16,1.0,0.375,"16,1,1,2,2,1",512,128,True,False,disjoint_top1,5701632,589824,e0(M16)->c0@85;e3(M2)->c1@85;e4(M2)->c1@4987;e2(M1)->c1@9896;e5(M1)->c1@14747;e1(M1)->c1@19435
mechanism__synthetic_mixed_natural__M6_4+2_W5-5_Aproportional_Pproportional_G4_joint_budget__joint_no_late,2b6cc715284bdb2c0279dc46b7fbb3a6ab422f6fb7531ebc711ae0d6f5f19d25,synthetic_full_ffn_mechanism,synthetic_mixed_natural,23,4+2,4+2,joint_no_late,4,512,4,joint,none,equal_budget_actual_supply,256,64,False,False,28650,0.02865,0.027011,0.001639,2.25,0.390380859375,0.0,28776,117760,4521984,11010048,0.4107142857142857,2516,3069,6,0,256,True,7633fe6cf55cc6fecd90f2d34ad75e0dc39b0ee1c906dd8f47837423c1d734ec,/tmp/plena-joint-runtime-20260930/mechanism/raw/points/mechanism__synthetic_mixed_natural__M6_4+2_W5-5_Aproportional_Pproportional_G4_joint_budget__joint_no_late__2b6cc715284bdb2c,28.65,1728,2359296,0,0,stock,256,False,0,0,9.216,82.3489005235602,210.87239583333334,0,1.1715,3.4661666666666666,7.785,4,2,73728,73728,0,6,6,4,2,0,142592,20480,8192,27009,972,1398080,50208,20480,2048,21164,1544,699072,M6_4+2_W5-5_Aproportional_Pproportional_G4_joint_budget,heterogeneous,M6,natural,,,,0.3333333333333333,18432,1.5543619791666667,5845,0,200,0,0,5,0,4,10371,14,1,0,2,0,4,16,5,5,16,0.375,0.375,"16,1,1,2,2,1",512,128,True,False,disjoint_top1,6488064,983040,e0(M16)->c0@85;e3(M2)->c1@85;e4(M2)->c0@129;e1(M1)->c1@165;e2(M1)->c1@5818;e5(M1)->c1@11021
mechanism__synthetic_mixed_natural__M6_4+2_W5-5_Aproportional_Pproportional_G4_joint_budget__window_lpt_ect,e7fe289db3ca7166fcaf3f87b553b4c3d1994267a2c24843f668ef15b100c839,synthetic_full_ffn_mechanism,synthetic_mixed_natural,23,4+2,4+2,window_lpt_ect,4,512,4,joint,none,equal_budget_actual_supply,256,64,False,False,28143,0.028143,0.026504,0.001639,2.25,0.390380859375,0.0,29784,117760,4521984,11010048,0.4107142857142857,2538,3069,6,0,256,True,358d6dbed5c4a860c2636ff2231a25f05614b3792cc2b388326d048759a18562,/tmp/plena-joint-runtime-20260930/mechanism/raw/points/mechanism__synthetic_mixed_natural__M6_4+2_W5-5_Aproportional_Pproportional_G4_joint_budget__window_lpt_ect__e7fe289db3ca7166,28.143,1728,2359296,0,0,stock,256,False,0,0,9.216,83.8324272465622,205.37109375,0,0.932,3.3873333333333333,7.394,3,3,73728,73728,0,6,6,4,2,0,142592,20480,8192,26504,1002,1398080,50208,20480,2048,21223,1536,699072,M6_4+2_W5-5_Aproportional_Pproportional_G4_joint_budget,heterogeneous,M6,natural,,,,0.5,18432,1.52685546875,5281,0,234,0,0,5,0,5,10568,9,0,0,2,0,6,21,6,6,21,0.7142857142857143,0.7142857142857143,"16,1,1,2,2,1",512,128,True,False,disjoint_top1,6488064,983040,e0(M16)->c0@65;e3(M2)->c1@119;e4(M2)->c1@165;e1(M1)->c0@200;e2(M1)->c1@5796;e5(M1)->c1@11255
mechanism__synthetic_mixed_natural__M6_6_W10_Aproportional_Pproportional_G4_joint_budget__dynamic,3fa676fde19c2308cd3fa8cf47eb8db42d83a17ded65d6cfe98ef305c1769e1c,synthetic_full_ffn_mechanism,synthetic_mixed_natural,23,6,6,dynamic,4,512,4,dynamic,none,equal_budget_actual_supply,256,64,False,False,34411,0.034411,0.032798,0.001613,2.25,0.390380859375,0.0,0,117760,4521984,18874368,0.23958333333333334,2364,3052,6,0,256,True,cf9838bfec6f4c1b2d028e833a7ba4e70a6e8106afe8cea49a327a3fdf90c743,/tmp/plena-joint-runtime-20260930/mechanism/raw/points/mechanism__synthetic_mixed_natural__M6_6_W10_Aproportional_Pproportional_G4_joint_budget__dynamic__3fa676fde19c2308,34.411,1536,2359296,0,0,stock,256,False,0,0,9.216,68.56226206736218,273.38324652777777,0,-0.14366666666666666,0.9063333333333333,1.336,6,0,73728,73728,0,6,5,5,0,0,184320,40960,12288,32798,2364,2097152,,,,,,,M6_6_W10_Aproportional_Pproportional_G4_joint_budget,single,M6,natural,,,,0.0,18432,1.8669162326388888,0,0,0,0,0,0,0,0,0,0,0,0,0,0,0,0,0,0,0,0,0,"16,1,1,2,2,1",512,128,True,False,disjoint_top1,14352384,4915200,e0(M16)->c0@8;e1(M1)->c0@18;e2(M1)->c0@12554;e3(M2)->c0@16572;e4(M2)->c0@20590;e5(M1)->c0@24691
mechanism__synthetic_mixed_natural__M6_6_W10_Aproportional_Pproportional_G4_joint_budget__joint,abdabaf72fd466658724544b91847f941bf5c4dffe3f57b3844522ed6c9a92ee,synthetic_full_ffn_mechanism,synthetic_mixed_natural,23,6,6,joint,4,512,4,joint,none,equal_budget_actual_supply,256,64,False,False,34441,0.034441,0.032828,0.001613,2.25,0.390380859375,0.0,0,117760,4521984,18874368,0.23958333333333334,2460,3052,6,0,256,True,c461bf65454cc050c95abc404468e76ced1066a53ed086f1557cb5667c0c3b07,/tmp/plena-joint-runtime-20260930/mechanism/raw/points/mechanism__synthetic_mixed_natural__M6_6_W10_Aproportional_Pproportional_G4_joint_budget__joint__abdabaf72fd46665,34.441,1536,2359296,0,0,stock,256,False,0,0,9.216,68.50254057663831,273.70876736111114,0,-0.012333333333333333,0.46,1.323,6,0,73728,73728,0,6,6,5,1,0,184320,40960,12288,32826,2460,2097152,,,,,,,M6_6_W10_Aproportional_Pproportional_G4_joint_budget,single,M6,natural,,,,0.0,18432,1.8685438368055556,0,0,144,0,0,5,0,5,27539,6,0,0,2,0,6,21,6,6,21,0.0,0.0,"16,1,1,2,2,1",512,128,True,False,disjoint_top1,14352384,4915200,e0(M16)->c0@39;e3(M2)->c0@12028;e4(M2)->c0@16501;e1(M1)->c0@20601;e2(M1)->c0@24646;e5(M1)->c0@28661
mechanism__synthetic_mixed_natural__M6_6_W10_Aproportional_Pproportional_G4_joint_budget__joint_no_late,de3a0137edab5aaa315cc9b9c76c7544e3f7ba3f05b44d2b5771e568e7c75568,synthetic_full_ffn_mechanism,synthetic_mixed_natural,23,6,6,joint_no_late,4,512,4,joint,none,equal_budget_actual_supply,256,64,False,False,34442,0.034442,0.032829,0.001613,2.25,0.390380859375,0.0,0,117760,4521984,18874368,0.23958333333333334,2460,3052,6,0,256,True,25d28fccf4acc88bef8fb8989aa7be57dc38933938b62b2fc92596603fdac105,/tmp/plena-joint-runtime-20260930/mechanism/raw/points/mechanism__synthetic_mixed_natural__M6_6_W10_Aproportional_Pproportional_G4_joint_budget__joint_no_late__de3a0137edab5aaa,34.442,1536,2359296,0,0,stock,256,False,0,0,9.216,68.50055165205272,273.71961805555554,0,-0.0995,0.8691666666666666,1.32,6,0,73728,73728,0,6,6,5,1,0,184320,40960,12288,32827,2460,2097152,,,,,,,M6_6_W10_Aproportional_Pproportional_G4_joint_budget,single,M6,natural,,,,0.0,18432,1.8685980902777777,0,0,144,0,0,5,0,5,23876,6,0,0,2,0,6,21,6,6,21,0.0,0.0,"16,1,1,2,2,1",512,128,True,False,disjoint_top1,14352384,4915200,e0(M16)->c0@39;e3(M2)->c0@71;e4(M2)->c0@12589;e1(M1)->c0@16690;e2(M1)->c0@20791;e5(M1)->c0@24807
mechanism__synthetic_mixed_natural__M6_6_W10_Aproportional_Pproportional_G4_joint_budget__window_lpt_ect,b3739bddfc029a7a7d2e76080d698364f6d62547b4305f60f29036650d772917,synthetic_full_ffn_mechanism,synthetic_mixed_natural,23,6,6,window_lpt_ect,4,512,4,joint,none,equal_budget_actual_supply,256,64,False,False,34430,0.03443,0.032817,0.001613,2.25,0.390380859375,0.0,0,117760,4521984,18874368,0.23958333333333334,2448,3052,6,0,256,True,001714fe96747f46634147dbf94a48ebd4ae2c167d09cf9f1ba977a74a33daef,/tmp/plena-joint-runtime-20260930/mechanism/raw/points/mechanism__synthetic_mixed_natural__M6_6_W10_Aproportional_Pproportional_G4_joint_budget__window_lpt_ect__b3739bddfc029a7a,34.43,1536,2359296,0,0,stock,256,False,0,0,9.216,68.5244263723497,273.58940972222223,0,-0.15933333333333335,0.9283333333333333,1.32,6,0,73728,73728,0,6,6,5,1,0,184320,40960,12288,32817,2448,2097152,,,,,,,M6_6_W10_Aproportional_Pproportional_G4_joint_budget,single,M6,natural,,,,0.0,18432,1.8679470486111112,0,0,144,0,0,5,0,5,23876,6,0,0,2,0,6,21,6,6,21,0.0,0.0,"16,1,1,2,2,1",512,128,True,False,disjoint_top1,14352384,4915200,e0(M16)->c0@39;e3(M2)->c0@71;e4(M2)->c0@12587;e1(M1)->c0@16686;e2(M1)->c0@20785;e5(M1)->c0@24799
mechanism__synthetic_mixed_natural__M8_4+4_W5-5_Aproportional_Pproportional_G4_joint_budget__dynamic,1f436ec1e0443b8fc4468b5585748cb3cab6c1e87e504fa7fa400bc47217cc39,synthetic_full_ffn_mechanism,synthetic_mixed_natural,23,4+4,4+4,dynamic,4,512,4,dynamic,none,equal_budget_actual_supply,256,64,False,False,28712,0.028712,0.027207,0.001505,2.25,0.390380859375,0.0,35328,117760,4521984,14155776,0.3194444444444444,2376,3068,6,0,256,True,40153ffaa175dbeb17559eb445251debdb454143d59cc4c40084a64718613c65,/tmp/plena-joint-runtime-20260930/mechanism/raw/points/mechanism__synthetic_mixed_natural__M8_4+4_W5-5_Aproportional_Pproportional_G4_joint_budget__dynamic__1f436ec1e0443b8f,28.712,1728,2359296,0,0,stock,256,False,0,0,9.216,82.17107829478964,211.54513888888889,0,1.1175,3.7105,8.079,3,3,73728,73728,0,6,4,4,0,0,123264,20480,8192,27207,816,1048576,69504,20480,4096,20878,1560,1048576,M8_4+4_W5-5_Aproportional_Pproportional_G4_joint_budget,homogeneous,M8,natural,,,,0.5,18432,1.5577256944444444,6329,0,0,0,0,0,0,0,0,0,0,0,0,0,0,0,0,0,0,0,0,"16,1,1,2,2,1",512,128,True,False,disjoint_top1,9633792,2555904,e0(M16)->c0@12;e1(M1)->c1@26;e2(M1)->c1@40;e3(M2)->c0@50;e4(M2)->c1@5453;e5(M1)->c1@10713
mechanism__synthetic_mixed_natural__M8_4+4_W5-5_Aproportional_Pproportional_G4_joint_budget__joint,e442a33c831ab76e793b866c2e1143dade66625dbc3336d967494094ce2169e4,synthetic_full_ffn_mechanism,synthetic_mixed_natural,23,4+4,4+4,joint,4,512,4,joint,none,equal_budget_actual_supply,256,64,False,False,26830,0.02683,0.025325,0.001505,2.25,0.390380859375,0.0,35328,117760,4521984,14155776,0.3194444444444444,2536,3068,6,0,256,True,49fe0db1465a04edadf382e2c2abfe702b1e68c6284d6c9583ff6c613a4751d8,/tmp/plena-joint-runtime-20260930/mechanism/raw/points/mechanism__synthetic_mixed_natural__M8_4+4_W5-5_Aproportional_Pproportional_G4_joint_budget__joint__e442a33c831ab76e,26.83,1728,2359296,0,0,stock,256,False,0,0,9.216,87.93499813641446,191.12413194444446,0,0.562,3.0293333333333337,10.774,4,2,73728,73728,0,6,6,4,2,0,123264,20480,8192,25323,606,1048576,69504,20480,4096,23989,1930,1048576,M8_4+4_W5-5_Aproportional_Pproportional_G4_joint_budget,homogeneous,M8,natural,,,,0.3333333333333333,18432,1.4556206597222223,1334,0,220,3,0,5,0,4,18082,24,1,0,4,0,4,16,5,5,16,1.0,0.375,"16,1,1,2,2,1",512,128,True,False,disjoint_top1,9633792,2555904,e0(M16)->c0@85;e3(M2)->c1@85;e4(M2)->c1@4906;e2(M1)->c1@9778;e5(M1)->c1@14556;e1(M1)->c1@19207
mechanism__synthetic_mixed_natural__M8_4+4_W5-5_Aproportional_Pproportional_G4_joint_budget__joint_no_late,739248e149f37489deb7997509fe1113e04783fb8df6284f960e9db942d62596,synthetic_full_ffn_mechanism,synthetic_mixed_natural,23,4+4,4+4,joint_no_late,4,512,4,joint,none,equal_budget_actual_supply,256,64,False,False,28775,0.028775,0.02727,0.001505,2.25,0.390380859375,0.0,35328,117760,4521984,14155776,0.3194444444444444,2516,3068,6,0,256,True,870d17969d2025078fe9d4bc684a00cc3d50808d1fc9be55ca878e63454d868c,/tmp/plena-joint-runtime-20260930/mechanism/raw/points/mechanism__synthetic_mixed_natural__M8_4+4_W5-5_Aproportional_Pproportional_G4_joint_budget__joint_no_late__739248e149f37489,28.775,1728,2359296,0,0,stock,256,False,0,0,9.216,81.99117289313641,212.22873263888889,0,1.1911666666666667,3.6261666666666663,8.065,4,2,73728,73728,0,6,6,4,2,0,123264,20480,8192,27268,972,1048576,69504,20480,4096,20937,1544,1048576,M8_4+4_W5-5_Aproportional_Pproportional_G4_joint_budget,homogeneous,M8,natural,,,,0.3333333333333333,18432,1.5611436631944444,6331,0,200,0,0,5,0,4,10200,14,1,0,2,0,4,16,5,5,16,0.375,0.375,"16,1,1,2,2,1",512,128,True,False,disjoint_top1,9633792,2555904,e0(M16)->c0@85;e3(M2)->c1@85;e4(M2)->c0@129;e1(M1)->c1@165;e2(M1)->c1@5604;e5(M1)->c1@10846
mechanism__synthetic_mixed_natural__M8_4+4_W5-5_Aproportional_Pproportional_G4_joint_budget__window_lpt_ect,a11dcf27fd9366800c99ac70944546c787c13e2e46de97aaa16b8026cc0a1d48,synthetic_full_ffn_mechanism,synthetic_mixed_natural,23,4+4,4+4,window_lpt_ect,4,512,4,joint,none,equal_budget_actual_supply,256,64,False,False,28726,0.028726,0.027221,0.001505,2.25,0.390380859375,0.0,35328,117760,4521984,14155776,0.3194444444444444,2538,3068,6,0,256,True,2578ec4482b84a2b28b826132a1fa6acd07b21c206ced0b1424952812d0da6c6,/tmp/plena-joint-runtime-20260930/mechanism/raw/points/mechanism__synthetic_mixed_natural__M8_4+4_W5-5_Aproportional_Pproportional_G4_joint_budget__window_lpt_ect__a11dcf27fd936680,28.726,1728,2359296,0,0,stock,256,False,0,0,9.216,82.13103112163198,211.69704861111111,0,1.0858333333333332,3.7148333333333334,8.121,3,3,73728,73728,0,6,6,4,2,0,123264,20480,8192,27221,1002,1048576,69504,20480,4096,20973,1536,1048576,M8_4+4_W5-5_Aproportional_Pproportional_G4_joint_budget,homogeneous,M8,natural,,,,0.5,18432,1.5584852430555556,6248,0,234,0,0,5,0,5,10187,9,0,0,2,0,6,21,6,6,21,0.7142857142857143,0.7142857142857143,"16,1,1,2,2,1",512,128,True,False,disjoint_top1,9633792,2555904,e0(M16)->c0@65;e3(M2)->c1@119;e4(M2)->c1@165;e1(M1)->c0@200;e2(M1)->c1@5582;e5(M1)->c1@10864
mechanism__synthetic_mixed_natural__M8_5+3_W5-5_Aequal_Pproportional_G2_joint_budget__dynamic,cb986f0d1271478863e05c7f5f05536f9c6c419c0377bfb79d0d6e608c2b39aa,synthetic_full_ffn_mechanism,synthetic_mixed_natural,23,5+3,5+3,dynamic,4,512,2,dynamic,none,equal_budget_actual_supply,256,64,False,False,29292,0.029292,0.027787,0.001505,2.25,0.765380859375,0.0,30336,117760,4521984,14548992,0.3108108108108108,2376,4684,6,0,256,True,351710d43b140c81eb02a5439c0dccaefc9ad22696f647bf95134fd520339960,/tmp/plena-joint-runtime-20260930/mechanism/raw/points/mechanism__synthetic_mixed_natural__M8_5+3_W5-5_Aequal_Pproportional_G2_joint_budget__dynamic__cb986f0d12714788,29.292,1728,2359296,0,0,stock,256,False,0,0,9.216,80.54403932814421,217.83854166666666,0,1.7295,2.5055,6.68,3,3,73728,73728,0,6,4,4,0,0,135936,20480,10240,27787,816,1048576,54528,20480,3072,24377,1560,1048576,M8_5+3_W5-5_Aequal_Pproportional_G2_joint_budget,heterogeneous,M8,natural,,,,0.5,18432,1.5891927083333333,3410,0,0,0,0,0,0,0,0,0,0,0,0,0,0,0,0,0,0,0,0,"16,1,1,2,2,1",512,128,True,False,disjoint_top1,10027008,2752512,e0(M16)->c0@12;e1(M1)->c1@26;e2(M1)->c1@40;e3(M2)->c0@50;e4(M2)->c1@6158;e5(M1)->c1@12046
mechanism__synthetic_mixed_natural__M8_5+3_W5-5_Aequal_Pproportional_G2_joint_budget__joint,9e7394df3be089695593f84460c0024d0a3bd29bd1326397a91873da6950c627,synthetic_full_ffn_mechanism,synthetic_mixed_natural,23,5+3,5+3,joint,4,512,2,joint,none,equal_budget_actual_supply,256,64,False,False,30143,0.030143,0.028638,0.001505,2.25,0.765380859375,0.0,31872,117760,4521984,13762560,0.32857142857142857,2536,4684,6,0,256,True,051e211ce038c72bcfd1b5df954f4a8ea4995ac8b2a1b86c56678ed09123432c,/tmp/plena-joint-runtime-20260930/mechanism/raw/points/mechanism__synthetic_mixed_natural__M8_5+3_W5-5_Aequal_Pproportional_G2_joint_budget__joint__9e7394df3be08969,30.143,1728,2359296,0,0,stock,256,False,0,0,9.216,78.27011246392198,227.07248263888889,0,1.6201666666666668,2.5291666666666663,12.448,4,2,73728,73728,0,6,6,4,2,0,135936,20480,10240,27957,606,1048576,54528,20480,3072,28636,1930,1048576,M8_5+3_W5-5_Aequal_Pproportional_G2_joint_budget,heterogeneous,M8,natural,,,,0.3333333333333333,18432,1.6353624131944444,679,0,220,3,0,5,0,4,21441,24,1,0,4,0,4,16,5,5,16,1.0,0.375,"16,1,1,2,2,1",512,128,True,False,disjoint_top1,9240576,2359296,e0(M16)->c0@85;e3(M2)->c1@85;e4(M2)->c1@5775;e2(M1)->c1@11688;e5(M1)->c1@17148;e1(M1)->c1@22593
mechanism__synthetic_mixed_natural__M8_5+3_W5-5_Aequal_Pproportional_G2_joint_budget__joint_no_late,7bef30454d97b083b99d16cd1de2d26098188a70ea14ca6116209b205cf6e569,synthetic_full_ffn_mechanism,synthetic_mixed_natural,23,5+3,5+3,joint_no_late,4,512,2,joint,none,equal_budget_actual_supply,256,64,False,False,29961,0.029961,0.028456,0.001505,2.25,0.765380859375,0.0,30336,117760,4521984,14548992,0.3108108108108108,2516,4684,6,0,256,True,dce122f8ddd53fd6ad4db883e9b8ef170ace766bdef0752c9456320f0799abc3,/tmp/plena-joint-runtime-20260930/mechanism/raw/points/mechanism__synthetic_mixed_natural__M8_5+3_W5-5_Aequal_Pproportional_G2_joint_budget__joint_no_late__7bef30454d97b083,29.961,1728,2359296,0,0,stock,256,False,0,0,9.216,78.74556924001202,225.09765625,0,1.898,2.8466666666666667,7.621,4,2,73728,73728,0,6,6,4,2,0,135936,20480,10240,28454,972,1048576,54528,20480,3072,24000,1544,1048576,M8_5+3_W5-5_Aequal_Pproportional_G2_joint_budget,heterogeneous,M8,natural,,,,0.3333333333333333,18432,1.62548828125,4454,0,200,0,0,5,0,4,11387,14,1,0,2,0,4,16,5,5,16,0.375,0.375,"16,1,1,2,2,1",512,128,True,False,disjoint_top1,10027008,2752512,e0(M16)->c0@85;e3(M2)->c1@85;e4(M2)->c0@129;e1(M1)->c1@165;e2(M1)->c1@6110;e5(M1)->c1@12045
mechanism__synthetic_mixed_natural__M8_5+3_W5-5_Aequal_Pproportional_G2_joint_budget__window_lpt_ect,aa13ac7faabc5d52ffb3bd7c4a16fa5a693c08db2c8395c46393787ec7ab2344,synthetic_full_ffn_mechanism,synthetic_mixed_natural,23,5+3,5+3,window_lpt_ect,4,512,2,joint,none,equal_budget_actual_supply,256,64,False,False,30302,0.030302,0.028797,0.001505,2.25,0.765380859375,0.0,31104,117760,4521984,14548992,0.3108108108108108,2538,4684,6,0,256,True,a17fb45f73580c83de570c1708719ba5ff71c5159558d9833575b45a73e0a942,/tmp/plena-joint-runtime-20260930/mechanism/raw/points/mechanism__synthetic_mixed_natural__M8_5+3_W5-5_Aequal_Pproportional_G2_joint_budget__window_lpt_ect__aa13ac7faabc5d52,30.302,1728,2359296,0,0,stock,256,False,0,0,9.216,77.85941522011748,228.79774305555554,0,1.9563333333333333,3.0796666666666663,8.211,3,3,73728,73728,0,6,6,4,2,0,135936,20480,10240,28797,1002,1048576,54528,20480,3072,23824,1536,1048576,M8_5+3_W5-5_Aequal_Pproportional_G2_joint_budget,heterogeneous,M8,natural,,,,0.5,18432,1.6439887152777777,4973,0,234,0,0,5,0,5,11308,9,0,0,2,0,6,21,6,6,21,0.7142857142857143,0.7142857142857143,"16,1,1,2,2,1",512,128,True,False,disjoint_top1,10027008,2752512,e0(M16)->c0@65;e3(M2)->c1@119;e4(M2)->c1@165;e1(M1)->c0@200;e2(M1)->c1@6088;e5(M1)->c1@11993
mechanism__synthetic_mixed_natural__M8_8_W10_Aproportional_Pproportional_G4_joint_budget__dynamic,f0f567e5890ca7440bdc0c92e50a0cce82a213ca9ef303fa0a4bbe84fde86683,synthetic_full_ffn_mechanism,synthetic_mixed_natural,23,8,8,dynamic,4,512,4,dynamic,none,equal_budget_actual_supply,256,64,False,False,29987,0.029987,0.028498,0.001489,2.25,0.050537109375,0.0,0,117760,4521984,22020096,0.20535714285714285,2364,3052,6,0,256,True,35dc5c66e4dd5f7f605ddf7b2710ad027284786a7277db1412ff202b825b7f42,/tmp/plena-joint-runtime-20260930/mechanism/raw/points/mechanism__synthetic_mixed_natural__M8_8_W10_Aproportional_Pproportional_G4_joint_budget__dynamic__f0f567e5890ca744,29.987,1344,2359296,0,0,stock,256,False,0,0,9.216,78.67729349384733,225.37977430555554,0,-0.487,0.6136666666666666,0.38,6,0,73728,73728,0,6,5,5,0,0,184320,40960,16384,28498,2364,2097152,,,,,,,M8_8_W10_Aproportional_Pproportional_G4_joint_budget,single,M8,natural,,,,0.0,18432,1.6268988715277777,0,0,0,0,0,0,0,0,0,0,0,0,0,0,0,0,0,0,0,0,0,"16,1,1,2,2,1",512,128,True,False,disjoint_top1,17498112,6488064,e0(M16)->c0@8;e1(M1)->c0@18;e2(M1)->c0@8334;e3(M2)->c0@12340;e4(M2)->c0@16346;e5(M1)->c0@20425
mechanism__synthetic_mixed_natural__M8_8_W10_Aproportional_Pproportional_G4_joint_budget__joint,3c62bd4591fc3cf005c75dbc81511466372d9700e739f7a6c3b2a901f89597ed,synthetic_full_ffn_mechanism,synthetic_mixed_natural,23,8,8,joint,4,512,4,joint,none,equal_budget_actual_supply,256,64,False,False,30012,0.030012,0.028523,0.001489,2.25,0.050537109375,0.0,0,117760,4521984,22020096,0.20535714285714285,2460,3052,6,0,256,True,33de4cf23a03f381022a2ddee661359b7fac322a5676a124d334836e49310604,/tmp/plena-joint-runtime-20260930/mechanism/raw/points/mechanism__synthetic_mixed_natural__M8_8_W10_Aproportional_Pproportional_G4_joint_budget__joint__3c62bd4591fc3cf0,30.012,1344,2359296,0,0,stock,256,False,0,0,9.216,78.61175529788085,225.65104166666666,0,-0.1935,0.3161666666666667,0.368,6,0,73728,73728,0,6,6,5,1,0,184320,40960,16384,28521,2460,2097152,,,,,,,M8_8_W10_Aproportional_Pproportional_G4_joint_budget,single,M8,natural,,,,0.0,18432,1.6282552083333333,0,0,144,0,0,5,0,5,23252,6,0,0,2,0,6,21,6,6,21,0.0,0.0,"16,1,1,2,2,1",512,128,True,False,disjoint_top1,17498112,6488064,e0(M16)->c0@39;e3(M2)->c0@7826;e4(M2)->c0@12269;e1(M1)->c0@16344;e2(M1)->c0@20371;e5(M1)->c0@24374
mechanism__synthetic_mixed_natural__M8_8_W10_Aproportional_Pproportional_G4_joint_budget__joint_no_late,9a9a89f4c6ac6ef6f99173183fe3865bdd816d06f54fc9a20c96a4e8a5835129,synthetic_full_ffn_mechanism,synthetic_mixed_natural,23,8,8,joint_no_late,4,512,4,joint,none,equal_budget_actual_supply,256,64,False,False,30023,0.030023,0.028534,0.001489,2.25,0.050537109375,0.0,0,117760,4521984,22020096,0.20535714285714285,2460,3052,6,0,256,True,edcc6d1eb5f3e4390a54f23c69c2c24e51a25924360d65b388c305ffdb44389a,/tmp/plena-joint-runtime-20260930/mechanism/raw/points/mechanism__synthetic_mixed_natural__M8_8_W10_Aproportional_Pproportional_G4_joint_budget__joint_no_late__9a9a89f4c6ac6ef6,30.023,1344,2359296,0,0,stock,256,False,0,0,9.216,78.58295306931353,225.77039930555554,0,-0.4411666666666667,0.5685,0.368,6,0,73728,73728,0,6,6,5,1,0,184320,40960,16384,28532,2460,2097152,,,,,,,M8_8_W10_Aproportional_Pproportional_G4_joint_budget,single,M8,natural,,,,0.0,18432,1.6288519965277777,0,0,144,0,0,5,0,5,19605,6,0,0,2,0,6,21,6,6,21,0.0,0.0,"16,1,1,2,2,1",512,128,True,False,disjoint_top1,17498112,6488064,e0(M16)->c0@39;e3(M2)->c0@71;e4(M2)->c0@8373;e1(M1)->c0@12451;e2(M1)->c0@16528;e5(M1)->c0@20536
mechanism__synthetic_mixed_natural__M8_8_W10_Aproportional_Pproportional_G4_joint_budget__window_lpt_ect,be2e7841cd1adaec0d9853730f9e113e852b1a449870029c977d6e76c3c0cc9c,synthetic_full_ffn_mechanism,synthetic_mixed_natural,23,8,8,window_lpt_ect,4,512,4,joint,none,equal_budget_actual_supply,256,64,False,False,30011,0.030011,0.028522,0.001489,2.25,0.050537109375,0.0,0,117760,4521984,22020096,0.20535714285714285,2448,3052,6,0,256,True,23692a67746f8cbbfc37c7f1c3dde0f8ff3e4a26617a494d4237d766093923e4,/tmp/plena-joint-runtime-20260930/mechanism/raw/points/mechanism__synthetic_mixed_natural__M8_8_W10_Aproportional_Pproportional_G4_joint_budget__window_lpt_ect__be2e7841cd1adaec,30.011,1344,2359296,0,0,stock,256,False,0,0,9.216,78.61437472926593,225.64019097222223,0,-0.501,0.6276666666666666,0.368,6,0,73728,73728,0,6,6,5,1,0,184320,40960,16384,28522,2448,2097152,,,,,,,M8_8_W10_Aproportional_Pproportional_G4_joint_budget,single,M8,natural,,,,0.0,18432,1.6282009548611112,0,0,144,0,0,5,0,5,19605,6,0,0,2,0,6,21,6,6,21,0.0,0.0,"16,1,1,2,2,1",512,128,True,False,disjoint_top1,17498112,6488064,e0(M16)->c0@39;e3(M2)->c0@71;e4(M2)->c0@8371;e1(M1)->c0@12447;e2(M1)->c0@16522;e5(M1)->c0@20528
mechanism__synthetic_mixed_reversed__M6_3+3_W5-5_Aproportional_Pproportional_G4_joint_budget__dynamic,77a9239c8a885d5652ec39f0858a6980beeb66a2a1f8da3d91e1f50d31cbb3f7,synthetic_full_ffn_mechanism,synthetic_mixed_reversed,23,3+3,3+3,dynamic,4,512,4,dynamic,none,equal_budget_actual_supply,256,64,False,False,38165,0.038165,0.036536,0.001629,2.25,0.390380859375,0.0,35328,117760,4521984,12976128,0.3484848484848485,2376,3068,6,0,256,True,95bb9c120a447c50351d2e0abe3e7f9d121e56c3af704213db229356400b5ad6,/tmp/plena-joint-runtime-20260930/mechanism/raw/points/mechanism__synthetic_mixed_reversed__M6_3+3_W5-5_Aproportional_Pproportional_G4_joint_budget__dynamic__77a9239c8a885d56,38.165,2112,2359296,0,0,stock,256,False,0,0,9.216,61.818315210271194,314.11675347222223,0,0.6906666666666667,1.0483333333333333,2.245,3,3,73728,73728,0,6,4,4,0,0,69504,20480,3072,18498,1202,1048576,123264,20480,6144,36536,1174,1048576,M6_3+3_W5-5_Aproportional_Pproportional_G4_joint_budget,homogeneous,M6,reversed_same_experts_tokens_weights,,,,0.5,18432,2.070583767361111,18038,0,0,0,0,0,0,0,0,0,0,0,0,0,0,0,0,0,0,0,0,"1,2,2,1,1,16",512,128,True,False,disjoint_top1,8454144,1966080,e5(M1)->c0@12;e4(M2)->c1@26;e3(M2)->c0@40;e2(M1)->c1@50;e1(M1)->c0@6871;e0(M16)->c1@7023
mechanism__synthetic_mixed_reversed__M6_3+3_W5-5_Aproportional_Pproportional_G4_joint_budget__joint,379224a8906fcd54a5efdf9c3b09f6952aa3bca5d693d82ba4256c3956ae95d0,synthetic_full_ffn_mechanism,synthetic_mixed_reversed,23,3+3,3+3,joint,4,512,4,joint,none,equal_budget_actual_supply,256,64,False,False,29767,0.029767,0.028138,0.001629,2.25,0.390380859375,0.0,35328,117760,4521984,12976128,0.3484848484848485,2536,3068,6,0,256,True,4fe9bad6354c4074752c2dab95d3cb85f19cdd4ac17429c97acf208c355d1919,/tmp/plena-joint-runtime-20260930/mechanism/raw/points/mechanism__synthetic_mixed_reversed__M6_3+3_W5-5_Aproportional_Pproportional_G4_joint_budget__joint__379224a8906fcd54,29.767,2112,2359296,0,0,stock,256,False,0,0,9.216,79.25877649746363,222.99262152777777,0,0.013166666666666667,2.3398333333333334,7.059,4,2,73728,73728,0,6,6,4,2,0,123264,20480,6144,28136,606,1048576,69504,20480,3072,24396,1930,1048576,M6_3+3_W5-5_Aproportional_Pproportional_G4_joint_budget,homogeneous,M6,reversed_same_experts_tokens_weights,,,,0.3333333333333333,18432,1.6149631076388888,3740,0,220,3,0,5,0,4,18530,24,1,0,5,0,4,16,5,5,16,1.0,0.375,"1,2,2,1,1,16",512,128,True,False,disjoint_top1,8454144,1966080,e0(M16)->c0@85;e4(M2)->c1@85;e3(M2)->c1@5066;e2(M1)->c1@10062;e1(M1)->c1@14951;e5(M1)->c1@19635
mechanism__synthetic_mixed_reversed__M6_3+3_W5-5_Aproportional_Pproportional_G4_joint_budget__joint_no_late,436c9d52149939a8c19d2c4d5a27e84dce92738f677b0863a33a3b010e4543c2,synthetic_full_ffn_mechanism,synthetic_mixed_reversed,23,3+3,3+3,joint_no_late,4,512,4,joint,none,equal_budget_actual_supply,256,64,False,False,33847,0.033847,0.032218,0.001629,2.25,0.390380859375,0.0,35328,117760,4521984,12976128,0.3484848484848485,2516,3068,6,0,256,True,050568d98e089e879f944b89dc77ff7738550383e8a50aaafcf717441c3bc19e,/tmp/plena-joint-runtime-20260930/mechanism/raw/points/mechanism__synthetic_mixed_reversed__M6_3+3_W5-5_Aproportional_Pproportional_G4_joint_budget__joint_no_late__436c9d52149939a8,33.847,2112,2359296,0,0,stock,256,False,0,0,9.216,69.70473010902,267.26345486111114,0,0.7045,3.0421666666666667,6.433,4,2,73728,73728,0,6,6,4,2,0,123264,20480,6144,32216,972,1048576,69504,20480,3072,21033,1544,1048576,M6_3+3_W5-5_Aproportional_Pproportional_G4_joint_budget,homogeneous,M6,reversed_same_experts_tokens_weights,,,,0.3333333333333333,18432,1.8363172743055556,11183,0,200,0,0,5,0,4,10318,14,1,0,3,0,4,16,5,5,16,0.375,0.375,"1,2,2,1,1,16",512,128,True,False,disjoint_top1,8454144,1966080,e0(M16)->c0@85;e4(M2)->c1@85;e3(M2)->c0@129;e5(M1)->c1@165;e2(M1)->c1@5686;e1(M1)->c1@10956
mechanism__synthetic_mixed_reversed__M6_3+3_W5-5_Aproportional_Pproportional_G4_joint_budget__window_lpt_ect,a3ab316dd198a9654142e755c2a888adfd4afbb72f18d953f3b7bdda9f4d7fb2,synthetic_full_ffn_mechanism,synthetic_mixed_reversed,23,3+3,3+3,window_lpt_ect,4,512,4,joint,none,equal_budget_actual_supply,256,64,False,False,33741,0.033741,0.032112,0.001629,2.25,0.390380859375,0.0,35328,117760,4521984,12976128,0.3484848484848485,2538,3068,6,0,256,True,a94c67ee5cae69759564c2e6fd81c2023e30b038a425be4a1bd8b6e3333e7219,/tmp/plena-joint-runtime-20260930/mechanism/raw/points/mechanism__synthetic_mixed_reversed__M6_3+3_W5-5_Aproportional_Pproportional_G4_joint_budget__window_lpt_ect__a3ab316dd198a965,33.741,2112,2359296,0,0,stock,256,False,0,0,9.216,69.9237129901307,266.11328125,0,0.5808333333333334,3.1185,6.454,3,3,73728,73728,0,6,6,4,2,0,123264,20480,6144,32112,1002,1048576,69504,20480,3072,21034,1536,1048576,M6_3+3_W5-5_Aproportional_Pproportional_G4_joint_budget,homogeneous,M6,reversed_same_experts_tokens_weights,,,,0.5,18432,1.83056640625,11078,0,234,0,0,5,0,5,10315,9,0,0,3,0,6,21,6,6,21,0.7142857142857143,0.7142857142857143,"1,2,2,1,1,16",512,128,True,False,disjoint_top1,8454144,1966080,e0(M16)->c0@65;e4(M2)->c1@119;e3(M2)->c1@165;e5(M1)->c0@200;e2(M1)->c1@5664;e1(M1)->c1@10984
mechanism__synthetic_mixed_reversed__M6_4+2_W5-5_Aproportional_Pproportional_G4_joint_budget__dynamic,f27f2debf64ff42c7bb07905c5cd39b18ef52e4b8a54aa0af6478c9c34e84367,synthetic_full_ffn_mechanism,synthetic_mixed_reversed,23,4+2,4+2,dynamic,4,512,4,dynamic,none,equal_budget_actual_supply,256,64,False,False,46245,0.046245,0.044606,0.001639,2.25,0.390380859375,0.0,42888,117760,4521984,12582912,0.359375,2376,3069,6,0,256,True,ed47dfa59ab9e2a611dab3a1cb7b2e1f03d904d7084da165a9b0ca785b8ec040,/tmp/plena-joint-runtime-20260930/mechanism/raw/points/mechanism__synthetic_mixed_reversed__M6_4+2_W5-5_Aproportional_Pproportional_G4_joint_budget__dynamic__f27f2debf64ff42c,46.245,2496,2359296,0,0,stock,256,False,0,0,9.216,51.01732079143691,401.7903645833333,0,0.925,1.3436666666666668,3.734,3,3,73728,73728,0,6,4,4,0,0,88832,20480,4096,18331,1202,1398080,103968,20480,4096,44606,1174,699072,M6_4+2_W5-5_Aproportional_Pproportional_G4_joint_budget,heterogeneous,M6,reversed_same_experts_tokens_weights,,,,0.5,18432,2.5089518229166665,26275,0,0,0,0,0,0,0,0,0,0,0,0,0,0,0,0,0,0,0,0,"1,2,2,1,1,16",512,128,True,False,disjoint_top1,8060928,1769472,e5(M1)->c0@12;e4(M2)->c1@26;e3(M2)->c0@40;e2(M1)->c1@50;e1(M1)->c0@6887;e0(M16)->c1@7076
mechanism__synthetic_mixed_reversed__M6_4+2_W5-5_Aproportional_Pproportional_G4_joint_budget__joint,a756bcf1b6cb6808c5f4694bdece8bf7005d134c8231182f9db4a4608cf94b96,synthetic_full_ffn_mechanism,synthetic_mixed_reversed,23,4+2,4+2,joint,4,512,4,joint,none,equal_budget_actual_supply,256,64,False,False,27357,0.027357,0.025718,0.001639,2.25,0.390380859375,0.0,30792,117760,4521984,10223616,0.4423076923076923,2536,3069,6,0,256,True,52352275986b5e8b6a52a742213652043182b00c22611ba3d298bdae3cddf268,/tmp/plena-joint-runtime-20260930/mechanism/raw/points/mechanism__synthetic_mixed_reversed__M6_4+2_W5-5_Aproportional_Pproportional_G4_joint_budget__joint__a756bcf1b6cb6808,27.357,1728,2359296,0,0,stock,256,False,0,0,9.216,86.2410352012282,196.84244791666666,0,0.6861666666666666,3.0361666666666665,11.167,4,2,73728,73728,0,6,6,4,2,0,142592,20480,8192,25716,606,1398080,50208,20480,2048,24274,1930,699072,M6_4+2_W5-5_Aproportional_Pproportional_G4_joint_budget,heterogeneous,M6,reversed_same_experts_tokens_weights,,,,0.3333333333333333,18432,1.4842122395833333,1442,0,220,3,0,5,0,4,18311,24,1,0,5,0,4,16,5,5,16,1.0,0.375,"1,2,2,1,1,16",512,128,True,False,disjoint_top1,5701632,589824,e0(M16)->c0@85;e4(M2)->c1@85;e3(M2)->c1@4987;e2(M1)->c1@9897;e1(M1)->c1@14748;e5(M1)->c1@19436
mechanism__synthetic_mixed_reversed__M6_4+2_W5-5_Aproportional_Pproportional_G4_joint_budget__joint_no_late,59a01e3d57bba819fc7ce472ac66f175f2d53076e9dbdf2c4989b16e197cdecb,synthetic_full_ffn_mechanism,synthetic_mixed_reversed,23,4+2,4+2,joint_no_late,4,512,4,joint,none,equal_budget_actual_supply,256,64,False,False,28650,0.02865,0.027011,0.001639,2.25,0.390380859375,0.0,28776,117760,4521984,11010048,0.4107142857142857,2516,3069,6,0,256,True,937d7306824d6a7d18844bb16a92d6271be8c3bee6f518ef9d39176a2e038fcd,/tmp/plena-joint-runtime-20260930/mechanism/raw/points/mechanism__synthetic_mixed_reversed__M6_4+2_W5-5_Aproportional_Pproportional_G4_joint_budget__joint_no_late__59a01e3d57bba819,28.65,1728,2359296,0,0,stock,256,False,0,0,9.216,82.3489005235602,210.87239583333334,0,1.1715,3.4661666666666666,7.785,4,2,73728,73728,0,6,6,4,2,0,142592,20480,8192,27009,972,1398080,50208,20480,2048,21164,1544,699072,M6_4+2_W5-5_Aproportional_Pproportional_G4_joint_budget,heterogeneous,M6,reversed_same_experts_tokens_weights,,,,0.3333333333333333,18432,1.5543619791666667,5845,0,200,0,0,5,0,4,10371,14,1,0,3,0,4,16,5,5,16,0.375,0.375,"1,2,2,1,1,16",512,128,True,False,disjoint_top1,6488064,983040,e0(M16)->c0@85;e4(M2)->c1@85;e3(M2)->c0@129;e5(M1)->c1@165;e2(M1)->c1@5818;e1(M1)->c1@11021
mechanism__synthetic_mixed_reversed__M6_4+2_W5-5_Aproportional_Pproportional_G4_joint_budget__window_lpt_ect,5851f92870bff1c7fcee39cc09cc721c89609f49953e0d9421bd85bb3c047d74,synthetic_full_ffn_mechanism,synthetic_mixed_reversed,23,4+2,4+2,window_lpt_ect,4,512,4,joint,none,equal_budget_actual_supply,256,64,False,False,28111,0.028111,0.026472,0.001639,2.25,0.390380859375,0.0,29784,117760,4521984,11010048,0.4107142857142857,2538,3069,6,0,256,True,3626de853808ba3ccfd09c189fc84e11a7e8e798bd84149e29e059c4bdda12c1,/tmp/plena-joint-runtime-20260930/mechanism/raw/points/mechanism__synthetic_mixed_reversed__M6_4+2_W5-5_Aproportional_Pproportional_G4_joint_budget__window_lpt_ect__5851f92870bff1c7,28.111,1728,2359296,0,0,stock,256,False,0,0,9.216,83.92785742236136,205.02387152777777,0,0.9106666666666666,3.3873333333333333,7.362,3,3,73728,73728,0,6,6,4,2,0,142592,20480,8192,26472,1002,1398080,50208,20480,2048,21191,1536,699072,M6_4+2_W5-5_Aproportional_Pproportional_G4_joint_budget,heterogeneous,M6,reversed_same_experts_tokens_weights,,,,0.5,18432,1.5251193576388888,5281,0,234,0,0,5,0,5,10487,9,0,0,3,0,6,21,6,6,21,0.7142857142857143,0.7142857142857143,"1,2,2,1,1,16",512,128,True,False,disjoint_top1,6488064,983040,e0(M16)->c0@65;e4(M2)->c1@119;e3(M2)->c1@165;e5(M1)->c0@200;e2(M1)->c1@5796;e1(M1)->c1@11172
mechanism__synthetic_mixed_reversed__M6_6_W10_Aproportional_Pproportional_G4_joint_budget__dynamic,b9ab7e78ab4aca2eb72ac2fecef3f2fea0c38e9c0eca706ec01e69ec4d0ed148,synthetic_full_ffn_mechanism,synthetic_mixed_reversed,23,6,6,dynamic,4,512,4,dynamic,none,equal_budget_actual_supply,256,64,False,False,34423,0.034423,0.03281,0.001613,2.25,0.390380859375,0.0,0,117760,4521984,18874368,0.23958333333333334,2364,3052,6,0,256,True,c1743051b983a51b18249a27425dbfdb0348ea592c0e5176d584ebd71fb5d077,/tmp/plena-joint-runtime-20260930/mechanism/raw/points/mechanism__synthetic_mixed_reversed__M6_6_W10_Aproportional_Pproportional_G4_joint_budget__dynamic__b9ab7e78ab4aca2e,34.423,1536,2359296,0,0,stock,256,False,0,0,9.216,68.5383609795776,273.51345486111114,0,-0.4395,0.7525,0.939,6,0,73728,73728,0,6,5,5,0,0,184320,40960,12288,32810,2364,2097152,,,,,,,M6_6_W10_Aproportional_Pproportional_G4_joint_budget,single,M6,reversed_same_experts_tokens_weights,,,,0.0,18432,1.8675672743055556,0,0,0,0,0,0,0,0,0,0,0,0,0,0,0,0,0,0,0,0,0,"1,2,2,1,1,16",512,128,True,False,disjoint_top1,14352384,4915200,e5(M1)->c0@8;e4(M2)->c0@18;e3(M2)->c0@4059;e2(M1)->c0@8160;e1(M1)->c0@12261;e0(M16)->c0@16279
mechanism__synthetic_mixed_reversed__M6_6_W10_Aproportional_Pproportional_G4_joint_budget__joint,045e0a22683ca43b4ed78165af3cc7cf9f6ffa9bf4fb3cedefa668c14fb6a3c6,synthetic_full_ffn_mechanism,synthetic_mixed_reversed,23,6,6,joint,4,512,4,joint,none,equal_budget_actual_supply,256,64,False,False,34441,0.034441,0.032828,0.001613,2.25,0.390380859375,0.0,0,117760,4521984,18874368,0.23958333333333334,2460,3052,6,0,256,True,b2f3091b8c1d71d5b47a13e58ea0f351ba83f338e12f5b001c4eda079800f608,/tmp/plena-joint-runtime-20260930/mechanism/raw/points/mechanism__synthetic_mixed_reversed__M6_6_W10_Aproportional_Pproportional_G4_joint_budget__joint__045e0a22683ca43b,34.441,1536,2359296,0,0,stock,256,False,0,0,9.216,68.50254057663831,273.70876736111114,0,-0.012333333333333333,0.46,1.323,6,0,73728,73728,0,6,6,5,1,0,184320,40960,12288,32826,2460,2097152,,,,,,,M6_6_W10_Aproportional_Pproportional_G4_joint_budget,single,M6,reversed_same_experts_tokens_weights,,,,0.0,18432,1.8685438368055556,0,0,144,0,0,5,0,5,27539,6,0,0,3,0,6,21,6,6,21,0.0,0.0,"1,2,2,1,1,16",512,128,True,False,disjoint_top1,14352384,4915200,e0(M16)->c0@39;e4(M2)->c0@12028;e3(M2)->c0@16501;e5(M1)->c0@20601;e2(M1)->c0@24646;e1(M1)->c0@28661
mechanism__synthetic_mixed_reversed__M6_6_W10_Aproportional_Pproportional_G4_joint_budget__joint_no_late,8d44cb8bf0992714a57c919b856672358831dc59fd57306fc55111649e822449,synthetic_full_ffn_mechanism,synthetic_mixed_reversed,23,6,6,joint_no_late,4,512,4,joint,none,equal_budget_actual_supply,256,64,False,False,34442,0.034442,0.032829,0.001613,2.25,0.390380859375,0.0,0,117760,4521984,18874368,0.23958333333333334,2460,3052,6,0,256,True,641dfb2249be395c7f6c2027dc402045be1cc40480e11d669ff4dcd64db6a0eb,/tmp/plena-joint-runtime-20260930/mechanism/raw/points/mechanism__synthetic_mixed_reversed__M6_6_W10_Aproportional_Pproportional_G4_joint_budget__joint_no_late__8d44cb8bf0992714,34.442,1536,2359296,0,0,stock,256,False,0,0,9.216,68.50055165205272,273.71961805555554,0,-0.0995,0.8691666666666666,1.32,6,0,73728,73728,0,6,6,5,1,0,184320,40960,12288,32827,2460,2097152,,,,,,,M6_6_W10_Aproportional_Pproportional_G4_joint_budget,single,M6,reversed_same_experts_tokens_weights,,,,0.0,18432,1.8685980902777777,0,0,144,0,0,5,0,5,23876,6,0,0,3,0,6,21,6,6,21,0.0,0.0,"1,2,2,1,1,16",512,128,True,False,disjoint_top1,14352384,4915200,e0(M16)->c0@39;e4(M2)->c0@71;e3(M2)->c0@12589;e5(M1)->c0@16690;e2(M1)->c0@20791;e1(M1)->c0@24807
mechanism__synthetic_mixed_reversed__M6_6_W10_Aproportional_Pproportional_G4_joint_budget__window_lpt_ect,908a46ef4fd0298e2d56a1285036b746cc64b1bf630c106f9d167dede308681d,synthetic_full_ffn_mechanism,synthetic_mixed_reversed,23,6,6,window_lpt_ect,4,512,4,joint,none,equal_budget_actual_supply,256,64,False,False,34430,0.03443,0.032817,0.001613,2.25,0.390380859375,0.0,0,117760,4521984,18874368,0.23958333333333334,2448,3052,6,0,256,True,6bda626ce1ac06a84c204d7ac58567c332e58c1b3862d4f17d6d53bd04c6dda2,/tmp/plena-joint-runtime-20260930/mechanism/raw/points/mechanism__synthetic_mixed_reversed__M6_6_W10_Aproportional_Pproportional_G4_joint_budget__window_lpt_ect__908a46ef4fd0298e,34.43,1536,2359296,0,0,stock,256,False,0,0,9.216,68.5244263723497,273.58940972222223,0,-0.15933333333333335,0.9283333333333333,1.32,6,0,73728,73728,0,6,6,5,1,0,184320,40960,12288,32817,2448,2097152,,,,,,,M6_6_W10_Aproportional_Pproportional_G4_joint_budget,single,M6,reversed_same_experts_tokens_weights,,,,0.0,18432,1.8679470486111112,0,0,144,0,0,5,0,5,23876,6,0,0,3,0,6,21,6,6,21,0.0,0.0,"1,2,2,1,1,16",512,128,True,False,disjoint_top1,14352384,4915200,e0(M16)->c0@39;e4(M2)->c0@71;e3(M2)->c0@12587;e5(M1)->c0@16686;e2(M1)->c0@20785;e1(M1)->c0@24799
mechanism__synthetic_mixed_reversed__M8_4+4_W5-5_Aproportional_Pproportional_G4_joint_budget__dynamic,81f6b551b5ce453743370117350f8025d78a3976c1799472a883f6f4558838a5,synthetic_full_ffn_mechanism,synthetic_mixed_reversed,23,4+4,4+4,dynamic,4,512,4,dynamic,none,equal_budget_actual_supply,256,64,False,False,33513,0.033513,0.032008,0.001505,2.25,0.390380859375,0.0,35328,117760,4521984,14155776,0.3194444444444444,2376,3068,6,0,256,True,58068b4ff816a61b442295fc15db00d8cfba8a4fd26cfbfc5a1ab9d09b0ace5d,/tmp/plena-joint-runtime-20260930/mechanism/raw/points/mechanism__synthetic_mixed_reversed__M8_4+4_W5-5_Aproportional_Pproportional_G4_joint_budget__dynamic__81f6b551b5ce4537,33.513,1728,2359296,0,0,stock,256,False,0,0,9.216,70.3994270879957,263.63932291666663,0,0.9686666666666667,1.3846666666666667,4.272,3,3,73728,73728,0,6,4,4,0,0,69504,20480,4096,18315,1202,1048576,123264,20480,8192,32008,1174,1048576,M8_4+4_W5-5_Aproportional_Pproportional_G4_joint_budget,homogeneous,M8,reversed_same_experts_tokens_weights,,,,0.5,18432,1.8181966145833333,13693,0,0,0,0,0,0,0,0,0,0,0,0,0,0,0,0,0,0,0,0,"1,2,2,1,1,16",512,128,True,False,disjoint_top1,9633792,2555904,e5(M1)->c0@12;e4(M2)->c1@26;e3(M2)->c0@40;e2(M1)->c1@50;e1(M1)->c0@6863;e0(M16)->c1@6996
mechanism__synthetic_mixed_reversed__M8_4+4_W5-5_Aproportional_Pproportional_G4_joint_budget__joint,b6568d306950dc1e761107c911e834df6136c71e331a7ec2c62355100f048000,synthetic_full_ffn_mechanism,synthetic_mixed_reversed,23,4+4,4+4,joint,4,512,4,joint,none,equal_budget_actual_supply,256,64,False,False,26830,0.02683,0.025325,0.001505,2.25,0.390380859375,0.0,35328,117760,4521984,14155776,0.3194444444444444,2536,3068,6,0,256,True,891468e4465e9bc5c55bd47aecc6bdcf797f1d6dd08e77dab7e74294c70e388b,/tmp/plena-joint-runtime-20260930/mechanism/raw/points/mechanism__synthetic_mixed_reversed__M8_4+4_W5-5_Aproportional_Pproportional_G4_joint_budget__joint__b6568d306950dc1e,26.83,1728,2359296,0,0,stock,256,False,0,0,9.216,87.93499813641446,191.12413194444446,0,0.562,3.0293333333333337,10.774,4,2,73728,73728,0,6,6,4,2,0,123264,20480,8192,25323,606,1048576,69504,20480,4096,23989,1930,1048576,M8_4+4_W5-5_Aproportional_Pproportional_G4_joint_budget,homogeneous,M8,reversed_same_experts_tokens_weights,,,,0.3333333333333333,18432,1.4556206597222223,1334,0,220,3,0,5,0,4,18082,24,1,0,5,0,4,16,5,5,16,1.0,0.375,"1,2,2,1,1,16",512,128,True,False,disjoint_top1,9633792,2555904,e0(M16)->c0@85;e4(M2)->c1@85;e3(M2)->c1@4906;e2(M1)->c1@9778;e1(M1)->c1@14556;e5(M1)->c1@19207
mechanism__synthetic_mixed_reversed__M8_4+4_W5-5_Aproportional_Pproportional_G4_joint_budget__joint_no_late,4fd0b58dffa9325f28a74e21e414e54e852fc0f830358b6b9f6906151dad8ab2,synthetic_full_ffn_mechanism,synthetic_mixed_reversed,23,4+4,4+4,joint_no_late,4,512,4,joint,none,equal_budget_actual_supply,256,64,False,False,28775,0.028775,0.02727,0.001505,2.25,0.390380859375,0.0,35328,117760,4521984,14155776,0.3194444444444444,2516,3068,6,0,256,True,2bc4259e8dd856ae88c8232d0093a9f039c52681a6bfbf4361ace5b277bf1e69,/tmp/plena-joint-runtime-20260930/mechanism/raw/points/mechanism__synthetic_mixed_reversed__M8_4+4_W5-5_Aproportional_Pproportional_G4_joint_budget__joint_no_late__4fd0b58dffa9325f,28.775,1728,2359296,0,0,stock,256,False,0,0,9.216,81.99117289313641,212.22873263888889,0,1.1911666666666667,3.6261666666666663,8.065,4,2,73728,73728,0,6,6,4,2,0,123264,20480,8192,27268,972,1048576,69504,20480,4096,20937,1544,1048576,M8_4+4_W5-5_Aproportional_Pproportional_G4_joint_budget,homogeneous,M8,reversed_same_experts_tokens_weights,,,,0.3333333333333333,18432,1.5611436631944444,6331,0,200,0,0,5,0,4,10200,14,1,0,3,0,4,16,5,5,16,0.375,0.375,"1,2,2,1,1,16",512,128,True,False,disjoint_top1,9633792,2555904,e0(M16)->c0@85;e4(M2)->c1@85;e3(M2)->c0@129;e5(M1)->c1@165;e2(M1)->c1@5604;e1(M1)->c1@10846
mechanism__synthetic_mixed_reversed__M8_4+4_W5-5_Aproportional_Pproportional_G4_joint_budget__window_lpt_ect,ceb858ca8d7e5b51f03555b5575802025e07c65460029bb82fdf99bc07bce51f,synthetic_full_ffn_mechanism,synthetic_mixed_reversed,23,4+4,4+4,window_lpt_ect,4,512,4,joint,none,equal_budget_actual_supply,256,64,False,False,28726,0.028726,0.027221,0.001505,2.25,0.390380859375,0.0,35328,117760,4521984,14155776,0.3194444444444444,2538,3068,6,0,256,True,2fa8b17ac9af08319ae2fd428360368c169730a89fb693e7c3f02a654eddd4bd,/tmp/plena-joint-runtime-20260930/mechanism/raw/points/mechanism__synthetic_mixed_reversed__M8_4+4_W5-5_Aproportional_Pproportional_G4_joint_budget__window_lpt_ect__ceb858ca8d7e5b51,28.726,1728,2359296,0,0,stock,256,False,0,0,9.216,82.13103112163198,211.69704861111111,0,1.0858333333333332,3.7148333333333334,8.121,3,3,73728,73728,0,6,6,4,2,0,123264,20480,8192,27221,1002,1048576,69504,20480,4096,20973,1536,1048576,M8_4+4_W5-5_Aproportional_Pproportional_G4_joint_budget,homogeneous,M8,reversed_same_experts_tokens_weights,,,,0.5,18432,1.5584852430555556,6248,0,234,0,0,5,0,5,10187,9,0,0,3,0,6,21,6,6,21,0.7142857142857143,0.7142857142857143,"1,2,2,1,1,16",512,128,True,False,disjoint_top1,9633792,2555904,e0(M16)->c0@65;e4(M2)->c1@119;e3(M2)->c1@165;e5(M1)->c0@200;e2(M1)->c1@5582;e1(M1)->c1@10864
mechanism__synthetic_mixed_reversed__M8_5+3_W5-5_Aequal_Pproportional_G2_joint_budget__dynamic,c21c40e93c3b4ce2cafcadba23f858caa627afc89f7bb8a05ecddc602d89550f,synthetic_full_ffn_mechanism,synthetic_mixed_reversed,23,5+3,5+3,dynamic,4,512,2,dynamic,none,equal_budget_actual_supply,256,64,False,False,47116,0.047116,0.045611,0.001505,2.25,0.765380859375,0.0,41088,117760,4521984,15335424,0.2948717948717949,2376,4684,6,0,256,True,c253dcc1793a1ba7edd34ff50aa11233dd2b782aff8079c4ddb91d59c3c2523c,/tmp/plena-joint-runtime-20260930/mechanism/raw/points/mechanism__synthetic_mixed_reversed__M8_5+3_W5-5_Aequal_Pproportional_G2_joint_budget__dynamic__c21c40e93c3b4ce2,47.116,2112,2359296,0,0,stock,256,False,0,0,9.216,50.07419984718567,411.24131944444446,0,2.2981666666666665,2.3991666666666664,10.186,3,3,73728,73728,0,6,4,4,0,0,83968,20480,5120,19440,1202,1048576,106496,20480,6144,45611,1174,1048576,M8_5+3_W5-5_Aequal_Pproportional_G2_joint_budget,heterogeneous,M8,reversed_same_experts_tokens_weights,,,,0.5,18432,2.5562065972222223,26171,0,0,0,0,0,0,0,0,0,0,0,0,0,0,0,0,0,0,0,0,"1,2,2,1,1,16",512,128,True,False,disjoint_top1,10813440,3145728,e5(M1)->c0@12;e4(M2)->c1@26;e3(M2)->c0@40;e2(M1)->c1@50;e1(M1)->c0@7043;e0(M16)->c1@7197
mechanism__synthetic_mixed_reversed__M8_5+3_W5-5_Aequal_Pproportional_G2_joint_budget__joint,5f0b4c9c15ae3ce041b66765fca37c55699fda6b9dc708c6df80dbb7eaf24466,synthetic_full_ffn_mechanism,synthetic_mixed_reversed,23,5+3,5+3,joint,4,512,2,joint,none,equal_budget_actual_supply,256,64,False,False,30143,0.030143,0.028638,0.001505,2.25,0.765380859375,0.0,31872,117760,4521984,13762560,0.32857142857142857,2536,4684,6,0,256,True,9f423fa40c913bc29b5c96aa0b62e61c730a38cf804cc9129f59d45f850d7567,/tmp/plena-joint-runtime-20260930/mechanism/raw/points/mechanism__synthetic_mixed_reversed__M8_5+3_W5-5_Aequal_Pproportional_G2_joint_budget__joint__5f0b4c9c15ae3ce0,30.143,1728,2359296,0,0,stock,256,False,0,0,9.216,78.27011246392198,227.07248263888889,0,1.6201666666666668,2.5291666666666663,12.448,4,2,73728,73728,0,6,6,4,2,0,135936,20480,10240,27957,606,1048576,54528,20480,3072,28636,1930,1048576,M8_5+3_W5-5_Aequal_Pproportional_G2_joint_budget,heterogeneous,M8,reversed_same_experts_tokens_weights,,,,0.3333333333333333,18432,1.6353624131944444,679,0,220,3,0,5,0,4,21441,24,1,0,5,0,4,16,5,5,16,1.0,0.375,"1,2,2,1,1,16",512,128,True,False,disjoint_top1,9240576,2359296,e0(M16)->c0@85;e4(M2)->c1@85;e3(M2)->c1@5775;e2(M1)->c1@11688;e1(M1)->c1@17148;e5(M1)->c1@22593
mechanism__synthetic_mixed_reversed__M8_5+3_W5-5_Aequal_Pproportional_G2_joint_budget__joint_no_late,14bc518195a935d7dfc780af80041606e5c431e3b5ee77613de9110a117ae6b7,synthetic_full_ffn_mechanism,synthetic_mixed_reversed,23,5+3,5+3,joint_no_late,4,512,2,joint,none,equal_budget_actual_supply,256,64,False,False,29961,0.029961,0.028456,0.001505,2.25,0.765380859375,0.0,30336,117760,4521984,14548992,0.3108108108108108,2516,4684,6,0,256,True,ab6df700bb9dc9c84d16affca45225742c13d412033043767c01dd65ae34631c,/tmp/plena-joint-runtime-20260930/mechanism/raw/points/mechanism__synthetic_mixed_reversed__M8_5+3_W5-5_Aequal_Pproportional_G2_joint_budget__joint_no_late__14bc518195a935d7,29.961,1728,2359296,0,0,stock,256,False,0,0,9.216,78.74556924001202,225.09765625,0,1.898,2.8466666666666667,7.621,4,2,73728,73728,0,6,6,4,2,0,135936,20480,10240,28454,972,1048576,54528,20480,3072,24000,1544,1048576,M8_5+3_W5-5_Aequal_Pproportional_G2_joint_budget,heterogeneous,M8,reversed_same_experts_tokens_weights,,,,0.3333333333333333,18432,1.62548828125,4454,0,200,0,0,5,0,4,11387,14,1,0,3,0,4,16,5,5,16,0.375,0.375,"1,2,2,1,1,16",512,128,True,False,disjoint_top1,10027008,2752512,e0(M16)->c0@85;e4(M2)->c1@85;e3(M2)->c0@129;e5(M1)->c1@165;e2(M1)->c1@6110;e1(M1)->c1@12045
mechanism__synthetic_mixed_reversed__M8_5+3_W5-5_Aequal_Pproportional_G2_joint_budget__window_lpt_ect,d86fec88fa7ca85996204e39061f6d4902ab8fbb4baa633f2b5977842d9bd3ad,synthetic_full_ffn_mechanism,synthetic_mixed_reversed,23,5+3,5+3,window_lpt_ect,4,512,2,joint,none,equal_budget_actual_supply,256,64,False,False,30302,0.030302,0.028797,0.001505,2.25,0.765380859375,0.0,31104,117760,4521984,14548992,0.3108108108108108,2538,4684,6,0,256,True,32974f13b27055ab99ef7ef2827a6dcee991e9ca57bfd821b880d14e2478e61a,/tmp/plena-joint-runtime-20260930/mechanism/raw/points/mechanism__synthetic_mixed_reversed__M8_5+3_W5-5_Aequal_Pproportional_G2_joint_budget__window_lpt_ect__d86fec88fa7ca859,30.302,1728,2359296,0,0,stock,256,False,0,0,9.216,77.85941522011748,228.79774305555554,0,1.9563333333333333,3.0796666666666663,8.211,3,3,73728,73728,0,6,6,4,2,0,135936,20480,10240,28797,1002,1048576,54528,20480,3072,23824,1536,1048576,M8_5+3_W5-5_Aequal_Pproportional_G2_joint_budget,heterogeneous,M8,reversed_same_experts_tokens_weights,,,,0.5,18432,1.6439887152777777,4973,0,234,0,0,5,0,5,11308,9,0,0,3,0,6,21,6,6,21,0.7142857142857143,0.7142857142857143,"1,2,2,1,1,16",512,128,True,False,disjoint_top1,10027008,2752512,e0(M16)->c0@65;e4(M2)->c1@119;e3(M2)->c1@165;e5(M1)->c0@200;e2(M1)->c1@6088;e1(M1)->c1@11993
mechanism__synthetic_mixed_reversed__M8_8_W10_Aproportional_Pproportional_G4_joint_budget__dynamic,56c290fcc9dc0417b6e310f385f62460743ef82a74d6f4234001ab1fb11f4a06,synthetic_full_ffn_mechanism,synthetic_mixed_reversed,23,8,8,dynamic,4,512,4,dynamic,none,equal_budget_actual_supply,256,64,False,False,30000,0.03,0.028511,0.001489,2.25,0.050537109375,0.0,0,117760,4521984,22020096,0.20535714285714285,2364,3052,6,0,256,True,2c296411bcd8d7ef88d706ef003f6792da7cffb0eb8856efd1bd4a4f8a7b62ae,/tmp/plena-joint-runtime-20260930/mechanism/raw/points/mechanism__synthetic_mixed_reversed__M8_8_W10_Aproportional_Pproportional_G4_joint_budget__dynamic__56c290fcc9dc0417,30.0,1344,2359296,0,0,stock,256,False,0,0,9.216,78.6432,225.52083333333334,0,-0.6253333333333334,0.6253333333333334,0.0,6,0,73728,73728,0,6,5,5,0,0,184320,40960,16384,28511,2364,2097152,,,,,,,M8_8_W10_Aproportional_Pproportional_G4_joint_budget,single,M8,reversed_same_experts_tokens_weights,,,,0.0,18432,1.6276041666666667,0,0,0,0,0,0,0,0,0,0,0,0,0,0,0,0,0,0,0,0,0,"1,2,2,1,1,16",512,128,True,False,disjoint_top1,17498112,6488064,e5(M1)->c0@8;e4(M2)->c0@18;e3(M2)->c0@4047;e2(M1)->c0@8126;e1(M1)->c0@12205;e0(M16)->c0@16211
mechanism__synthetic_mixed_reversed__M8_8_W10_Aproportional_Pproportional_G4_joint_budget__joint,ea7a8a4b836d970a088b03b24d04f674e3b7fb643ca8fbb1842231510629b091,synthetic_full_ffn_mechanism,synthetic_mixed_reversed,23,8,8,joint,4,512,4,joint,none,equal_budget_actual_supply,256,64,False,False,30012,0.030012,0.028523,0.001489,2.25,0.050537109375,0.0,0,117760,4521984,22020096,0.20535714285714285,2460,3052,6,0,256,True,c30d4ec6966df00eb557c094e31b7f90493ceca2842f8f022fbbe9f7d535e0f3,/tmp/plena-joint-runtime-20260930/mechanism/raw/points/mechanism__synthetic_mixed_reversed__M8_8_W10_Aproportional_Pproportional_G4_joint_budget__joint__ea7a8a4b836d970a,30.012,1344,2359296,0,0,stock,256,False,0,0,9.216,78.61175529788085,225.65104166666666,0,-0.1935,0.3161666666666667,0.368,6,0,73728,73728,0,6,6,5,1,0,184320,40960,16384,28521,2460,2097152,,,,,,,M8_8_W10_Aproportional_Pproportional_G4_joint_budget,single,M8,reversed_same_experts_tokens_weights,,,,0.0,18432,1.6282552083333333,0,0,144,0,0,5,0,5,23252,6,0,0,3,0,6,21,6,6,21,0.0,0.0,"1,2,2,1,1,16",512,128,True,False,disjoint_top1,17498112,6488064,e0(M16)->c0@39;e4(M2)->c0@7826;e3(M2)->c0@12269;e5(M1)->c0@16344;e2(M1)->c0@20371;e1(M1)->c0@24374
mechanism__synthetic_mixed_reversed__M8_8_W10_Aproportional_Pproportional_G4_joint_budget__joint_no_late,d44cf4a8afe5fed4029c89ac1133a314dd210e7a2d90dae186e15bf07085b647,synthetic_full_ffn_mechanism,synthetic_mixed_reversed,23,8,8,joint_no_late,4,512,4,joint,none,equal_budget_actual_supply,256,64,False,False,30023,0.030023,0.028534,0.001489,2.25,0.050537109375,0.0,0,117760,4521984,22020096,0.20535714285714285,2460,3052,6,0,256,True,153222970157783a0dce85074e90da15172fcc75f08694e39db808a7669e65d1,/tmp/plena-joint-runtime-20260930/mechanism/raw/points/mechanism__synthetic_mixed_reversed__M8_8_W10_Aproportional_Pproportional_G4_joint_budget__joint_no_late__d44cf4a8afe5fed4,30.023,1344,2359296,0,0,stock,256,False,0,0,9.216,78.58295306931353,225.77039930555554,0,-0.4411666666666667,0.5685,0.368,6,0,73728,73728,0,6,6,5,1,0,184320,40960,16384,28532,2460,2097152,,,,,,,M8_8_W10_Aproportional_Pproportional_G4_joint_budget,single,M8,reversed_same_experts_tokens_weights,,,,0.0,18432,1.6288519965277777,0,0,144,0,0,5,0,5,19605,6,0,0,3,0,6,21,6,6,21,0.0,0.0,"1,2,2,1,1,16",512,128,True,False,disjoint_top1,17498112,6488064,e0(M16)->c0@39;e4(M2)->c0@71;e3(M2)->c0@8373;e5(M1)->c0@12451;e2(M1)->c0@16528;e1(M1)->c0@20536
mechanism__synthetic_mixed_reversed__M8_8_W10_Aproportional_Pproportional_G4_joint_budget__window_lpt_ect,9aedcaf42ed4a743d7d19eb292f19dd4389b80d0b59660b2e2da8f8df9dbbb71,synthetic_full_ffn_mechanism,synthetic_mixed_reversed,23,8,8,window_lpt_ect,4,512,4,joint,none,equal_budget_actual_supply,256,64,False,False,30011,0.030011,0.028522,0.001489,2.25,0.050537109375,0.0,0,117760,4521984,22020096,0.20535714285714285,2448,3052,6,0,256,True,67fe874cb1650f082234334c8a0c3d951b9af0152a112fb80d76b30e77a3e545,/tmp/plena-joint-runtime-20260930/mechanism/raw/points/mechanism__synthetic_mixed_reversed__M8_8_W10_Aproportional_Pproportional_G4_joint_budget__window_lpt_ect__9aedcaf42ed4a743,30.011,1344,2359296,0,0,stock,256,False,0,0,9.216,78.61437472926593,225.64019097222223,0,-0.501,0.6276666666666666,0.368,6,0,73728,73728,0,6,6,5,1,0,184320,40960,16384,28522,2448,2097152,,,,,,,M8_8_W10_Aproportional_Pproportional_G4_joint_budget,single,M8,reversed_same_experts_tokens_weights,,,,0.0,18432,1.6282009548611112,0,0,144,0,0,5,0,5,19605,6,0,0,3,0,6,21,6,6,21,0.0,0.0,"1,2,2,1,1,16",512,128,True,False,disjoint_top1,17498112,6488064,e0(M16)->c0@39;e4(M2)->c0@71;e3(M2)->c0@8371;e5(M1)->c0@12447;e2(M1)->c0@16522;e1(M1)->c0@20528
