arm,model,batch,stage,category,matrix_shape,issue,scalar,sram,arithmetic,dependency,dma,total,hbm_read_bytes,hbm_write_bytes
traditional,mamba,1,input_norm,norm,[],52,36,26,30,0,486,630,24576,8192
traditional,mamba,1,input_projection,input_projections,"[1,10304,2688]",21315,13886,150719,906752,0,1065332,2158004,55463936,24576
traditional,mamba,1,convolution,conv,[],276,194,154,483,0,3548,4655,114688,61440
traditional,mamba,1,gate_production,gate_prepare,[],104,72,70,168,0,1226,1640,40960,8192
traditional,mamba,1,recurrence_0,recurrence,[],23973,17043,15710,18950,0,23275,98951,700416,528384
traditional,mamba,1,recurrence_1,recurrence,[],23972,17042,15710,18950,0,24460,100134,700416,528384
traditional,mamba,1,silu_gate,gate_prepare,[],44,27,33,306,0,470,880,20480,8192
traditional,mamba,1,gate_product,gate_prepare,[],28,20,12,2,0,312,374,16384,8192
traditional,mamba,1,gated_rms,norm,[],215,161,110,128,0,974,1588,49152,8192
traditional,mamba,1,norm_weight,norm,[],28,20,12,2,0,322,384,16384,8192
traditional,mamba,1,output_projection,output_projection,"[1,2688,4096]",7054,4262,59324,344064,0,429857,844561,22093824,8192
traditional,mamba,2,r0/input_norm,norm,[],52,36,26,30,0,486,630,24576,8192
traditional,mamba,2,r1/input_norm,norm,[],60,44,26,30,0,529,689,24576,8192
traditional,mamba,2,input_projection,input_projections,"[2,10304,2688]",42651,31335,287914,1813504,0,975299,3150703,55533568,49152
traditional,mamba,2,r0/convolution,conv,[],276,194,154,483,0,3425,4532,114688,61440
traditional,mamba,2,r1/convolution,conv,[],277,195,154,483,0,2940,4049,114688,61440
traditional,mamba,2,r0/gate_production,gate_prepare,[],104,72,70,168,0,1033,1447,40960,8192
traditional,mamba,2,r1/gate_production,gate_prepare,[],111,79,70,168,0,1372,1800,40960,8192
traditional,mamba,2,r0/recurrence_0,recurrence,[],23973,17043,15710,18950,0,24117,99793,700416,528384
traditional,mamba,2,r1/recurrence_0,recurrence,[],23974,17044,15710,18950,0,24082,99760,700416,528384
traditional,mamba,2,r0/recurrence_1,recurrence,[],23972,17042,15710,18950,0,24552,100226,700416,528384
traditional,mamba,2,r1/recurrence_1,recurrence,[],23974,17044,15710,18950,0,24666,100344,700416,528384
traditional,mamba,2,r0/silu_gate,gate_prepare,[],44,27,33,306,0,747,1157,20480,8192
traditional,mamba,2,r1/silu_gate,gate_prepare,[],45,28,33,306,0,495,907,20480,8192
traditional,mamba,2,r0/gate_product,gate_prepare,[],28,20,12,2,0,460,522,16384,8192
traditional,mamba,2,r1/gate_product,gate_prepare,[],28,20,12,2,0,525,587,16384,8192
traditional,mamba,2,r0/gated_rms,norm,[],215,161,110,128,0,1427,2041,49152,8192
traditional,mamba,2,r1/gated_rms,norm,[],217,163,110,128,0,934,1552,49152,8192
traditional,mamba,2,r0/norm_weight,norm,[],28,20,12,2,0,434,496,16384,8192
traditional,mamba,2,r1/norm_weight,norm,[],28,20,12,2,0,402,464,16384,8192
traditional,mamba,2,output_projection,output_projection,"[2,2688,4096]",13934,9694,113272,688128,0,391558,1216586,22167552,16384
traditional,mamba,4,r0/input_norm,norm,[],52,36,26,30,0,486,630,24576,8192
traditional,mamba,4,r1/input_norm,norm,[],60,44,26,30,0,529,689,24576,8192
traditional,mamba,4,r2/input_norm,norm,[],60,44,26,30,0,510,670,24576,8192
traditional,mamba,4,r3/input_norm,norm,[],60,44,26,30,0,579,739,24576,8192
traditional,mamba,4,input_projection,input_projections,"[4,10304,2688]",69215,50125,562304,3627008,0,992573,5301225,55672832,98304
traditional,mamba,4,r0/convolution,conv,[],276,194,154,483,0,3818,4925,114688,61440
traditional,mamba,4,r1/convolution,conv,[],277,195,154,483,0,2746,3855,114688,61440
traditional,mamba,4,r2/convolution,conv,[],277,195,154,483,0,2774,3883,114688,61440
traditional,mamba,4,r3/convolution,conv,[],277,195,154,483,0,4139,5248,114688,61440
traditional,mamba,4,r0/gate_production,gate_prepare,[],104,72,70,168,0,1023,1437,40960,8192
traditional,mamba,4,r1/gate_production,gate_prepare,[],111,79,70,168,0,1281,1709,40960,8192
traditional,mamba,4,r2/gate_production,gate_prepare,[],111,79,70,168,0,916,1344,40960,8192
traditional,mamba,4,r3/gate_production,gate_prepare,[],111,79,70,168,0,1373,1801,40960,8192
traditional,mamba,4,r0/recurrence_0,recurrence,[],23973,17043,15710,18950,0,24002,99678,700416,528384
traditional,mamba,4,r1/recurrence_0,recurrence,[],23974,17044,15710,18950,0,24052,99730,700416,528384
traditional,mamba,4,r2/recurrence_0,recurrence,[],23974,17044,15710,18950,0,24116,99794,700416,528384
traditional,mamba,4,r3/recurrence_0,recurrence,[],23975,17045,15710,18950,0,24045,99725,700416,528384
traditional,mamba,4,r0/recurrence_1,recurrence,[],23972,17042,15710,18950,0,24458,100132,700416,528384
traditional,mamba,4,r1/recurrence_1,recurrence,[],23974,17044,15710,18950,0,24481,100159,700416,528384
traditional,mamba,4,r2/recurrence_1,recurrence,[],23975,17045,15710,18950,0,24032,99712,700416,528384
traditional,mamba,4,r3/recurrence_1,recurrence,[],23974,17044,15710,18950,0,24558,100236,700416,528384
traditional,mamba,4,r0/silu_gate,gate_prepare,[],44,27,33,306,0,482,892,20480,8192
traditional,mamba,4,r1/silu_gate,gate_prepare,[],45,28,33,306,0,495,907,20480,8192
traditional,mamba,4,r2/silu_gate,gate_prepare,[],45,28,33,306,0,529,941,20480,8192
traditional,mamba,4,r3/silu_gate,gate_prepare,[],45,28,33,306,0,855,1267,20480,8192
traditional,mamba,4,r0/gate_product,gate_prepare,[],28,20,12,2,0,377,439,16384,8192
traditional,mamba,4,r1/gate_product,gate_prepare,[],28,20,12,2,0,525,587,16384,8192
traditional,mamba,4,r2/gate_product,gate_prepare,[],28,20,12,2,0,453,515,16384,8192
traditional,mamba,4,r3/gate_product,gate_prepare,[],28,20,12,2,0,547,609,16384,8192
traditional,mamba,4,r0/gated_rms,norm,[],215,161,110,128,0,1428,2042,49152,8192
traditional,mamba,4,r1/gated_rms,norm,[],217,163,110,128,0,934,1552,49152,8192
traditional,mamba,4,r2/gated_rms,norm,[],217,163,110,128,0,1325,1943,49152,8192
traditional,mamba,4,r3/gated_rms,norm,[],217,163,110,128,0,1079,1697,49152,8192
traditional,mamba,4,r0/norm_weight,norm,[],28,20,12,2,0,426,488,16384,8192
traditional,mamba,4,r1/norm_weight,norm,[],28,20,12,2,0,454,516,16384,8192
traditional,mamba,4,r2/norm_weight,norm,[],28,20,12,2,0,440,502,16384,8192
traditional,mamba,4,r3/norm_weight,norm,[],28,20,12,2,0,853,915,16384,8192
traditional,mamba,4,output_projection,output_projection,"[4,2688,4096]",26138,18089,222081,1376256,0,492268,2134832,26054656,32768
traditional,mamba,8,r0/input_norm,norm,[],52,36,26,30,0,486,630,24576,8192
traditional,mamba,8,r1/input_norm,norm,[],60,44,26,30,0,529,689,24576,8192
traditional,mamba,8,r2/input_norm,norm,[],60,44,26,30,0,510,670,24576,8192
traditional,mamba,8,r3/input_norm,norm,[],60,44,26,30,0,579,739,24576,8192
traditional,mamba,8,r4/input_norm,norm,[],60,44,26,30,0,558,718,24576,8192
traditional,mamba,8,r5/input_norm,norm,[],60,44,26,30,0,955,1115,24576,8192
traditional,mamba,8,r6/input_norm,norm,[],60,44,26,30,0,546,706,24576,8192
traditional,mamba,8,r7/input_norm,norm,[],60,44,26,30,0,583,743,24576,8192
traditional,mamba,8,input_projection,input_projections,"[8,10304,2688]",171135,123978,1123603,7254016,0,2243684,10916416,107229184,196608
traditional,mamba,8,r0/convolution,conv,[],276,194,154,483,0,3485,4592,114688,61440
traditional,mamba,8,r1/convolution,conv,[],277,195,154,483,0,2856,3965,114688,61440
traditional,mamba,8,r2/convolution,conv,[],277,195,154,483,0,2809,3918,114688,61440
traditional,mamba,8,r3/convolution,conv,[],277,195,154,483,0,4403,5512,114688,61440
traditional,mamba,8,r4/convolution,conv,[],277,195,154,483,0,2726,3835,114688,61440
traditional,mamba,8,r5/convolution,conv,[],274,192,154,483,0,2619,3722,114688,61440
traditional,mamba,8,r6/convolution,conv,[],277,195,154,483,0,4022,5131,114688,61440
traditional,mamba,8,r7/convolution,conv,[],277,195,154,483,0,3053,4162,114688,61440
traditional,mamba,8,r0/gate_production,gate_prepare,[],104,72,70,168,0,1041,1455,40960,8192
traditional,mamba,8,r1/gate_production,gate_prepare,[],111,79,70,168,0,1292,1720,40960,8192
traditional,mamba,8,r2/gate_production,gate_prepare,[],111,79,70,168,0,916,1344,40960,8192
traditional,mamba,8,r3/gate_production,gate_prepare,[],111,79,70,168,0,1113,1541,40960,8192
traditional,mamba,8,r4/gate_production,gate_prepare,[],111,79,70,168,0,820,1248,40960,8192
traditional,mamba,8,r5/gate_production,gate_prepare,[],111,79,70,168,0,990,1418,40960,8192
traditional,mamba,8,r6/gate_production,gate_prepare,[],111,79,70,168,0,1314,1742,40960,8192
traditional,mamba,8,r7/gate_production,gate_prepare,[],111,79,70,168,0,913,1341,40960,8192
traditional,mamba,8,r0/recurrence_0,recurrence,[],23973,17043,15710,18950,0,24051,99727,700416,528384
traditional,mamba,8,r1/recurrence_0,recurrence,[],23974,17044,15710,18950,0,23856,99534,700416,528384
traditional,mamba,8,r2/recurrence_0,recurrence,[],23974,17044,15710,18950,0,24348,100026,700416,528384
traditional,mamba,8,r3/recurrence_0,recurrence,[],23975,17045,15710,18950,0,23809,99489,700416,528384
traditional,mamba,8,r4/recurrence_0,recurrence,[],23974,17044,15710,18950,0,23739,99417,700416,528384
traditional,mamba,8,r5/recurrence_0,recurrence,[],23975,17045,15710,18950,0,24431,100111,700416,528384
traditional,mamba,8,r6/recurrence_0,recurrence,[],23974,17044,15710,18950,0,24451,100129,700416,528384
traditional,mamba,8,r7/recurrence_0,recurrence,[],23974,17044,15710,18950,0,24069,99747,700416,528384
traditional,mamba,8,r0/recurrence_1,recurrence,[],23972,17042,15710,18950,0,23822,99496,700416,528384
traditional,mamba,8,r1/recurrence_1,recurrence,[],23974,17044,15710,18950,0,24390,100068,700416,528384
traditional,mamba,8,r2/recurrence_1,recurrence,[],23975,17045,15710,18950,0,24533,100213,700416,528384
traditional,mamba,8,r3/recurrence_1,recurrence,[],23974,17044,15710,18950,0,24017,99695,700416,528384
traditional,mamba,8,r4/recurrence_1,recurrence,[],23975,17045,15710,18950,0,24686,100366,700416,528384
traditional,mamba,8,r5/recurrence_1,recurrence,[],23974,17044,15710,18950,0,24113,99791,700416,528384
traditional,mamba,8,r6/recurrence_1,recurrence,[],23975,17045,15710,18950,0,24470,100150,700416,528384
traditional,mamba,8,r7/recurrence_1,recurrence,[],23973,17043,15710,18950,0,24358,100034,700416,528384
traditional,mamba,8,r0/silu_gate,gate_prepare,[],44,27,33,306,0,497,907,20480,8192
traditional,mamba,8,r1/silu_gate,gate_prepare,[],45,28,33,306,0,495,907,20480,8192
traditional,mamba,8,r2/silu_gate,gate_prepare,[],45,28,33,306,0,937,1349,20480,8192
traditional,mamba,8,r3/silu_gate,gate_prepare,[],45,28,33,306,0,467,879,20480,8192
traditional,mamba,8,r4/silu_gate,gate_prepare,[],45,28,33,306,0,510,922,20480,8192
traditional,mamba,8,r5/silu_gate,gate_prepare,[],45,28,33,306,0,526,938,20480,8192
traditional,mamba,8,r6/silu_gate,gate_prepare,[],45,28,33,306,0,983,1395,20480,8192
traditional,mamba,8,r7/silu_gate,gate_prepare,[],45,28,33,306,0,448,860,20480,8192
traditional,mamba,8,r0/gate_product,gate_prepare,[],28,20,12,2,0,438,500,16384,8192
traditional,mamba,8,r1/gate_product,gate_prepare,[],28,20,12,2,0,525,587,16384,8192
traditional,mamba,8,r2/gate_product,gate_prepare,[],28,20,12,2,0,437,499,16384,8192
traditional,mamba,8,r3/gate_product,gate_prepare,[],28,20,12,2,0,547,609,16384,8192
traditional,mamba,8,r4/gate_product,gate_prepare,[],28,20,12,2,0,811,873,16384,8192
traditional,mamba,8,r5/gate_product,gate_prepare,[],28,20,12,2,0,453,515,16384,8192
traditional,mamba,8,r6/gate_product,gate_prepare,[],28,20,12,2,0,465,527,16384,8192
traditional,mamba,8,r7/gate_product,gate_prepare,[],28,20,12,2,0,482,544,16384,8192
traditional,mamba,8,r0/gated_rms,norm,[],215,161,110,128,0,1449,2063,49152,8192
traditional,mamba,8,r1/gated_rms,norm,[],217,163,110,128,0,906,1524,49152,8192
traditional,mamba,8,r2/gated_rms,norm,[],217,163,110,128,0,914,1532,49152,8192
traditional,mamba,8,r3/gated_rms,norm,[],217,163,110,128,0,1500,2118,49152,8192
traditional,mamba,8,r4/gated_rms,norm,[],217,163,110,128,0,1009,1627,49152,8192
traditional,mamba,8,r5/gated_rms,norm,[],217,163,110,128,0,1488,2106,49152,8192
traditional,mamba,8,r6/gated_rms,norm,[],217,163,110,128,0,1057,1675,49152,8192
traditional,mamba,8,r7/gated_rms,norm,[],217,163,110,128,0,1514,2132,49152,8192
traditional,mamba,8,r0/norm_weight,norm,[],28,20,12,2,0,450,512,16384,8192
traditional,mamba,8,r1/norm_weight,norm,[],28,20,12,2,0,454,516,16384,8192
traditional,mamba,8,r2/norm_weight,norm,[],28,20,12,2,0,412,474,16384,8192
traditional,mamba,8,r3/norm_weight,norm,[],28,20,12,2,0,436,498,16384,8192
traditional,mamba,8,r4/norm_weight,norm,[],28,20,12,2,0,905,967,16384,8192
traditional,mamba,8,r5/norm_weight,norm,[],28,20,12,2,0,361,423,16384,8192
traditional,mamba,8,r6/norm_weight,norm,[],28,20,12,2,0,428,490,16384,8192
traditional,mamba,8,r7/norm_weight,norm,[],28,20,12,2,0,372,434,16384,8192
traditional,mamba,8,output_projection,output_projection,"[8,2688,4096]",65818,46333,443517,2752512,0,962374,4270554,49467392,65536
traditional,mamba,16,r0/input_norm,norm,[],52,36,26,30,0,486,630,24576,8192
traditional,mamba,16,r1/input_norm,norm,[],60,44,26,30,0,529,689,24576,8192
traditional,mamba,16,r2/input_norm,norm,[],60,44,26,30,0,510,670,24576,8192
traditional,mamba,16,r3/input_norm,norm,[],60,44,26,30,0,579,739,24576,8192
traditional,mamba,16,r4/input_norm,norm,[],60,44,26,30,0,558,718,24576,8192
traditional,mamba,16,r5/input_norm,norm,[],60,44,26,30,0,955,1115,24576,8192
traditional,mamba,16,r6/input_norm,norm,[],60,44,26,30,0,546,706,24576,8192
traditional,mamba,16,r7/input_norm,norm,[],60,44,26,30,0,583,743,24576,8192
traditional,mamba,16,r8/input_norm,norm,[],60,44,26,30,0,472,632,24576,8192
traditional,mamba,16,r9/input_norm,norm,[],60,44,26,30,0,563,723,24576,8192
traditional,mamba,16,r10/input_norm,norm,[],60,44,26,30,0,920,1080,24576,8192
traditional,mamba,16,r11/input_norm,norm,[],60,44,26,30,0,531,691,24576,8192
traditional,mamba,16,r12/input_norm,norm,[],60,44,26,30,0,515,675,24576,8192
traditional,mamba,16,r13/input_norm,norm,[],60,44,26,30,0,644,804,24576,8192
traditional,mamba,16,r14/input_norm,norm,[],58,42,26,30,0,563,719,24576,8192
traditional,mamba,16,r15/input_norm,norm,[],60,44,26,30,0,928,1088,24576,8192
traditional,mamba,16,input_projection,input_projections,"[16,10304,2688]",399371,290302,2251979,14508032,0,3927088,21376772,234008576,393216
traditional,mamba,16,r0/convolution,conv,[],276,194,154,483,0,3597,4704,114688,61440
traditional,mamba,16,r1/convolution,conv,[],277,195,154,483,0,2950,4059,114688,61440
traditional,mamba,16,r2/convolution,conv,[],277,195,154,483,0,2848,3957,114688,61440
traditional,mamba,16,r3/convolution,conv,[],277,195,154,483,0,4005,5114,114688,61440
traditional,mamba,16,r4/convolution,conv,[],277,195,154,483,0,2597,3706,114688,61440
traditional,mamba,16,r5/convolution,conv,[],274,192,154,483,0,2674,3777,114688,61440
traditional,mamba,16,r6/convolution,conv,[],277,195,154,483,0,4290,5399,114688,61440
traditional,mamba,16,r7/convolution,conv,[],277,195,154,483,0,2963,4072,114688,61440
traditional,mamba,16,r8/convolution,conv,[],277,195,154,483,0,2926,4035,114688,61440
traditional,mamba,16,r9/convolution,conv,[],277,195,154,483,0,3685,4794,114688,61440
traditional,mamba,16,r10/convolution,conv,[],277,195,154,483,0,3090,4199,114688,61440
traditional,mamba,16,r11/convolution,conv,[],277,195,154,483,0,2801,3910,114688,61440
traditional,mamba,16,r12/convolution,conv,[],277,195,154,483,0,2807,3916,114688,61440
traditional,mamba,16,r13/convolution,conv,[],277,195,154,483,0,2714,3823,114688,61440
traditional,mamba,16,r14/convolution,conv,[],277,195,154,483,0,2854,3963,114688,61440
traditional,mamba,16,r15/convolution,conv,[],277,195,154,483,0,2780,3889,114688,61440
traditional,mamba,16,r0/gate_production,gate_prepare,[],104,72,70,168,0,1304,1718,40960,8192
traditional,mamba,16,r1/gate_production,gate_prepare,[],111,79,70,168,0,873,1301,40960,8192
traditional,mamba,16,r2/gate_production,gate_prepare,[],111,79,70,168,0,944,1372,40960,8192
traditional,mamba,16,r3/gate_production,gate_prepare,[],111,79,70,168,0,1309,1737,40960,8192
traditional,mamba,16,r4/gate_production,gate_prepare,[],111,79,70,168,0,870,1298,40960,8192
traditional,mamba,16,r5/gate_production,gate_prepare,[],111,79,70,168,0,990,1418,40960,8192
traditional,mamba,16,r6/gate_production,gate_prepare,[],111,79,70,168,0,1243,1671,40960,8192
traditional,mamba,16,r7/gate_production,gate_prepare,[],111,79,70,168,0,991,1419,40960,8192
traditional,mamba,16,r8/gate_production,gate_prepare,[],111,79,70,168,0,1054,1482,40960,8192
traditional,mamba,16,r9/gate_production,gate_prepare,[],111,79,70,168,0,826,1254,40960,8192
traditional,mamba,16,r10/gate_production,gate_prepare,[],111,79,70,168,0,1015,1443,40960,8192
traditional,mamba,16,r11/gate_production,gate_prepare,[],111,79,70,168,0,1354,1782,40960,8192
traditional,mamba,16,r12/gate_production,gate_prepare,[],110,78,70,168,0,874,1300,40960,8192
traditional,mamba,16,r13/gate_production,gate_prepare,[],111,79,70,168,0,935,1363,40960,8192
traditional,mamba,16,r14/gate_production,gate_prepare,[],111,79,70,168,0,1264,1692,40960,8192
traditional,mamba,16,r15/gate_production,gate_prepare,[],111,79,70,168,0,892,1320,40960,8192
traditional,mamba,16,r0/recurrence_0,recurrence,[],23973,17043,15710,18950,0,23901,99577,700416,528384
traditional,mamba,16,r1/recurrence_0,recurrence,[],23974,17044,15710,18950,0,24127,99805,700416,528384
traditional,mamba,16,r2/recurrence_0,recurrence,[],23974,17044,15710,18950,0,24361,100039,700416,528384
traditional,mamba,16,r3/recurrence_0,recurrence,[],23975,17045,15710,18950,0,24243,99923,700416,528384
traditional,mamba,16,r4/recurrence_0,recurrence,[],23974,17044,15710,18950,0,24025,99703,700416,528384
traditional,mamba,16,r5/recurrence_0,recurrence,[],23975,17045,15710,18950,0,24351,100031,700416,528384
traditional,mamba,16,r6/recurrence_0,recurrence,[],23974,17044,15710,18950,0,24141,99819,700416,528384
traditional,mamba,16,r7/recurrence_0,recurrence,[],23974,17044,15710,18950,0,24027,99705,700416,528384
traditional,mamba,16,r8/recurrence_0,recurrence,[],23974,17044,15710,18950,0,24262,99940,700416,528384
traditional,mamba,16,r9/recurrence_0,recurrence,[],23975,17045,15710,18950,0,24001,99681,700416,528384
traditional,mamba,16,r10/recurrence_0,recurrence,[],23974,17044,15710,18950,0,23722,99400,700416,528384
traditional,mamba,16,r11/recurrence_0,recurrence,[],23974,17044,15710,18950,0,24181,99859,700416,528384
traditional,mamba,16,r12/recurrence_0,recurrence,[],23975,17045,15710,18950,0,24345,100025,700416,528384
traditional,mamba,16,r13/recurrence_0,recurrence,[],23974,17044,15710,18950,0,24107,99785,700416,528384
traditional,mamba,16,r14/recurrence_0,recurrence,[],23975,17045,15710,18950,0,23725,99405,700416,528384
traditional,mamba,16,r15/recurrence_0,recurrence,[],23974,17044,15710,18950,0,24316,99994,700416,528384
traditional,mamba,16,r0/recurrence_1,recurrence,[],23972,17042,15710,18950,0,24302,99976,700416,528384
traditional,mamba,16,r1/recurrence_1,recurrence,[],23974,17044,15710,18950,0,24390,100068,700416,528384
traditional,mamba,16,r2/recurrence_1,recurrence,[],23975,17045,15710,18950,0,24533,100213,700416,528384
traditional,mamba,16,r3/recurrence_1,recurrence,[],23974,17044,15710,18950,0,24017,99695,700416,528384
traditional,mamba,16,r4/recurrence_1,recurrence,[],23975,17045,15710,18950,0,24686,100366,700416,528384
traditional,mamba,16,r5/recurrence_1,recurrence,[],23974,17044,15710,18950,0,24113,99791,700416,528384
traditional,mamba,16,r6/recurrence_1,recurrence,[],23975,17045,15710,18950,0,24470,100150,700416,528384
traditional,mamba,16,r7/recurrence_1,recurrence,[],23973,17043,15710,18950,0,24358,100034,700416,528384
traditional,mamba,16,r8/recurrence_1,recurrence,[],23975,17045,15710,18950,0,24147,99827,700416,528384
traditional,mamba,16,r9/recurrence_1,recurrence,[],23974,17044,15710,18950,0,24016,99694,700416,528384
traditional,mamba,16,r10/recurrence_1,recurrence,[],23974,17044,15710,18950,0,24564,100242,700416,528384
traditional,mamba,16,r11/recurrence_1,recurrence,[],23975,17045,15710,18950,0,24329,100009,700416,528384
traditional,mamba,16,r12/recurrence_1,recurrence,[],23974,17044,15710,18950,0,24115,99793,700416,528384
traditional,mamba,16,r13/recurrence_1,recurrence,[],23975,17045,15710,18950,0,24519,100199,700416,528384
traditional,mamba,16,r14/recurrence_1,recurrence,[],23974,17044,15710,18950,0,24305,99983,700416,528384
traditional,mamba,16,r15/recurrence_1,recurrence,[],23975,17045,15710,18950,0,24067,99747,700416,528384
traditional,mamba,16,r0/silu_gate,gate_prepare,[],44,27,33,306,0,484,894,20480,8192
traditional,mamba,16,r1/silu_gate,gate_prepare,[],45,28,33,306,0,495,907,20480,8192
traditional,mamba,16,r2/silu_gate,gate_prepare,[],45,28,33,306,0,950,1362,20480,8192
traditional,mamba,16,r3/silu_gate,gate_prepare,[],45,28,33,306,0,459,871,20480,8192
traditional,mamba,16,r4/silu_gate,gate_prepare,[],45,28,33,306,0,510,922,20480,8192
traditional,mamba,16,r5/silu_gate,gate_prepare,[],45,28,33,306,0,526,938,20480,8192
traditional,mamba,16,r6/silu_gate,gate_prepare,[],45,28,33,306,0,999,1411,20480,8192
traditional,mamba,16,r7/silu_gate,gate_prepare,[],45,28,33,306,0,448,860,20480,8192
traditional,mamba,16,r8/silu_gate,gate_prepare,[],43,26,33,306,0,449,857,20480,8192
traditional,mamba,16,r9/silu_gate,gate_prepare,[],45,28,33,306,0,521,933,20480,8192
traditional,mamba,16,r10/silu_gate,gate_prepare,[],45,28,33,306,0,870,1282,20480,8192
traditional,mamba,16,r11/silu_gate,gate_prepare,[],45,28,33,306,0,473,885,20480,8192
traditional,mamba,16,r12/silu_gate,gate_prepare,[],45,28,33,306,0,537,949,20480,8192
traditional,mamba,16,r13/silu_gate,gate_prepare,[],45,28,33,306,0,622,1034,20480,8192
traditional,mamba,16,r14/silu_gate,gate_prepare,[],45,28,33,306,0,709,1121,20480,8192
traditional,mamba,16,r15/silu_gate,gate_prepare,[],45,28,33,306,0,458,870,20480,8192
traditional,mamba,16,r0/gate_product,gate_prepare,[],28,20,12,2,0,461,523,16384,8192
traditional,mamba,16,r1/gate_product,gate_prepare,[],28,20,12,2,0,528,590,16384,8192
traditional,mamba,16,r2/gate_product,gate_prepare,[],28,20,12,2,0,478,540,16384,8192
traditional,mamba,16,r3/gate_product,gate_prepare,[],28,20,12,2,0,912,974,16384,8192
traditional,mamba,16,r4/gate_product,gate_prepare,[],28,20,12,2,0,396,458,16384,8192
traditional,mamba,16,r5/gate_product,gate_prepare,[],28,20,12,2,0,453,515,16384,8192
traditional,mamba,16,r6/gate_product,gate_prepare,[],28,20,12,2,0,469,531,16384,8192
traditional,mamba,16,r7/gate_product,gate_prepare,[],28,20,12,2,0,510,572,16384,8192
traditional,mamba,16,r8/gate_product,gate_prepare,[],26,18,12,2,0,397,455,16384,8192
traditional,mamba,16,r9/gate_product,gate_prepare,[],28,20,12,2,0,502,564,16384,8192
traditional,mamba,16,r10/gate_product,gate_prepare,[],28,20,12,2,0,955,1017,16384,8192
traditional,mamba,16,r11/gate_product,gate_prepare,[],28,20,12,2,0,373,435,16384,8192
traditional,mamba,16,r12/gate_product,gate_prepare,[],28,20,12,2,0,474,536,16384,8192
traditional,mamba,16,r13/gate_product,gate_prepare,[],28,20,12,2,0,488,550,16384,8192
traditional,mamba,16,r14/gate_product,gate_prepare,[],28,20,12,2,0,499,561,16384,8192
traditional,mamba,16,r15/gate_product,gate_prepare,[],28,20,12,2,0,544,606,16384,8192
traditional,mamba,16,r0/gated_rms,norm,[],215,161,110,128,0,1369,1983,49152,8192
traditional,mamba,16,r1/gated_rms,norm,[],217,163,110,128,0,962,1580,49152,8192
traditional,mamba,16,r2/gated_rms,norm,[],217,163,110,128,0,1420,2038,49152,8192
traditional,mamba,16,r3/gated_rms,norm,[],217,163,110,128,0,1148,1766,49152,8192
traditional,mamba,16,r4/gated_rms,norm,[],217,163,110,128,0,1508,2126,49152,8192
traditional,mamba,16,r5/gated_rms,norm,[],217,163,110,128,0,1064,1682,49152,8192
traditional,mamba,16,r6/gated_rms,norm,[],217,163,110,128,0,1478,2096,49152,8192
traditional,mamba,16,r7/gated_rms,norm,[],217,163,110,128,0,1056,1674,49152,8192
traditional,mamba,16,r8/gated_rms,norm,[],217,163,110,128,0,1275,1893,49152,8192
traditional,mamba,16,r9/gated_rms,norm,[],217,163,110,128,0,893,1511,49152,8192
traditional,mamba,16,r10/gated_rms,norm,[],217,163,110,128,0,1476,2094,49152,8192
traditional,mamba,16,r11/gated_rms,norm,[],217,163,110,128,0,927,1545,49152,8192
traditional,mamba,16,r12/gated_rms,norm,[],217,163,110,128,0,1086,1704,49152,8192
traditional,mamba,16,r13/gated_rms,norm,[],217,163,110,128,0,1661,2279,49152,8192
traditional,mamba,16,r14/gated_rms,norm,[],217,163,110,128,0,1111,1729,49152,8192
traditional,mamba,16,r15/gated_rms,norm,[],217,163,110,128,0,1284,1902,49152,8192
traditional,mamba,16,r0/norm_weight,norm,[],28,20,12,2,0,450,512,16384,8192
traditional,mamba,16,r1/norm_weight,norm,[],28,20,12,2,0,458,520,16384,8192
traditional,mamba,16,r2/norm_weight,norm,[],28,20,12,2,0,412,474,16384,8192
traditional,mamba,16,r3/norm_weight,norm,[],28,20,12,2,0,436,498,16384,8192
traditional,mamba,16,r4/norm_weight,norm,[],28,20,12,2,0,780,842,16384,8192
traditional,mamba,16,r5/norm_weight,norm,[],28,20,12,2,0,361,423,16384,8192
traditional,mamba,16,r6/norm_weight,norm,[],28,20,12,2,0,428,490,16384,8192
traditional,mamba,16,r7/norm_weight,norm,[],28,20,12,2,0,372,434,16384,8192
traditional,mamba,16,r8/norm_weight,norm,[],28,20,12,2,0,451,513,16384,8192
traditional,mamba,16,r9/norm_weight,norm,[],28,20,12,2,0,443,505,16384,8192
traditional,mamba,16,r10/norm_weight,norm,[],28,20,12,2,0,453,515,16384,8192
traditional,mamba,16,r11/norm_weight,norm,[],28,20,12,2,0,871,933,16384,8192
traditional,mamba,16,r12/norm_weight,norm,[],28,20,12,2,0,453,515,16384,8192
traditional,mamba,16,r13/norm_weight,norm,[],28,20,12,2,0,445,507,16384,8192
traditional,mamba,16,r14/norm_weight,norm,[],28,20,12,2,0,389,451,16384,8192
traditional,mamba,16,r15/norm_weight,norm,[],26,18,12,2,0,411,469,16384,8192
traditional,mamba,16,output_projection,output_projection,"[16,2688,4096]",145178,102821,886389,5505024,0,1998030,8637442,96292864,131072
traditional,kda,1,input_norm,norm,[],94,62,52,60,0,948,1216,49152,16384
traditional,kda,1,q_projection,input_projections,"[1,12288,7168]",55031,33103,473896,2752512,0,3426070,6740612,176300032,24576
traditional,kda,1,k_projection,input_projections,"[1,12288,7168]",55038,33110,473896,2752512,0,3429224,6743780,176300032,24576
traditional,kda,1,v_projection,input_projections,"[1,12288,7168]",55038,33110,473896,2752512,0,3429561,6744117,176300032,24576
traditional,kda,1,f_a_projection,input_projections,"[1,128,7168]",668,410,4966,28672,0,37735,72451,1953792,4096
traditional,kda,1,b_projection,input_projections,"[1,96,7168]",525,324,3732,21504,0,24567,50652,1495040,4096
traditional,kda,1,g_projection,input_projections,"[1,12288,7168]",55038,33110,473896,2752512,0,3429597,6744153,176300032,24576
traditional,kda,1,f_b_projection,input_projections,"[1,12288,128]",2740,1575,10765,98304,0,69702,183086,3174400,24576
traditional,kda,1,q_conv,conv,[],501,350,283,960,0,7471,9565,200704,122880
traditional,kda,1,k_conv,conv,[],501,350,283,960,0,5377,7471,200704,122880
traditional,kda,1,v_conv,conv,[],501,350,283,960,0,5132,7226,200704,122880
traditional,kda,1,q_norm,norm,[],2271,1677,1266,1536,0,9727,16477,442368,24576
traditional,kda,1,k_norm,norm,[],2271,1677,1266,1536,0,9640,16390,442368,24576
traditional,kda,1,decay_beta,gate_prepare,[],628,411,529,2790,0,4095,8453,126976,49152
traditional,kda,1,recurrence_0,recurrence,[],147189,104076,95435,132865,0,33285,512850,1142784,1052672
traditional,kda,1,recurrence_1,recurrence,[],147188,104075,95435,132865,0,32349,511912,1142784,1052672
traditional,kda,1,recurrence_2,recurrence,[],147189,104076,95435,132865,0,33846,513411,1142784,1052672
traditional,kda,1,recurrence_3,recurrence,[],147189,104076,95435,132865,0,32593,512158,1142784,1052672
traditional,kda,1,recurrence_4,recurrence,[],147189,104076,95435,132865,0,32531,512096,1142784,1052672
traditional,kda,1,recurrence_5,recurrence,[],147188,104075,95435,132865,0,25409,504972,1142784,1052672
traditional,kda,1,output_rms,norm,[],2271,1677,1266,1536,0,9713,16463,442368,24576
traditional,kda,1,output_norm_weight,norm,[],80,56,36,6,0,1137,1315,49152,24576
traditional,kda,1,output_gate,gate_prepare,[],124,75,97,918,0,2032,3246,53248,24576
traditional,kda,1,output_projection,output_projection,"[1,7168,12288]",54654,32870,473592,2752512,0,3430947,6744575,176373760,16384
traditional,kda,2,r0/input_norm,norm,[],94,62,52,60,0,948,1216,49152,16384
traditional,kda,2,r1/input_norm,norm,[],110,78,52,60,0,1107,1407,49152,16384
traditional,kda,2,q_projection,input_projections,"[2,12288,7168]",110859,77372,905167,5505024,0,3188839,9787261,178008064,49152
traditional,kda,2,k_projection,input_projections,"[2,12288,7168]",110866,77379,905167,5505024,0,3206694,9805130,178008064,49152
traditional,kda,2,v_projection,input_projections,"[2,12288,7168]",110866,77379,905167,5505024,0,3204465,9802901,178008064,49152
traditional,kda,2,f_a_projection,input_projections,"[2,128,7168]",1361,954,9487,57344,0,39074,108220,2084864,8192
traditional,kda,2,b_projection,input_projections,"[2,96,7168]",1073,753,7130,43008,0,27818,79782,1622016,8192
traditional,kda,2,g_projection,input_projections,"[2,12288,7168]",110866,77379,905167,5505024,0,3208608,9807044,178008064,49152
traditional,kda,2,f_b_projection,input_projections,"[2,12288,128]",5083,3137,20762,196608,0,74464,300054,3203072,49152
traditional,kda,2,r0/q_conv,conv,[],501,350,283,960,0,7643,9737,200704,122880
traditional,kda,2,r1/q_conv,conv,[],502,351,283,960,0,6004,8100,200704,122880
traditional,kda,2,r0/k_conv,conv,[],501,350,283,960,0,5420,7514,200704,122880
traditional,kda,2,r1/k_conv,conv,[],502,351,283,960,0,5358,7454,200704,122880
traditional,kda,2,r0/v_conv,conv,[],501,350,283,960,0,4938,7032,200704,122880
traditional,kda,2,r1/v_conv,conv,[],502,351,283,960,0,7376,9472,200704,122880
traditional,kda,2,r0/q_norm,norm,[],2271,1677,1266,1536,0,9914,16664,442368,24576
traditional,kda,2,r1/q_norm,norm,[],2373,1779,1266,1536,0,9662,16616,442368,24576
traditional,kda,2,r0/k_norm,norm,[],2271,1677,1266,1536,0,9917,16667,442368,24576
traditional,kda,2,r1/k_norm,norm,[],2373,1779,1266,1536,0,9286,16240,442368,24576
traditional,kda,2,r0/decay_beta,gate_prepare,[],628,411,529,2790,0,4212,8570,126976,49152
traditional,kda,2,r1/decay_beta,gate_prepare,[],635,418,529,2790,0,4176,8548,126976,49152
traditional,kda,2,r0/recurrence_0,recurrence,[],147189,104076,95435,132865,0,33305,512870,1142784,1052672
traditional,kda,2,r1/recurrence_0,recurrence,[],147190,104077,95435,132865,0,32131,511698,1142784,1052672
traditional,kda,2,r0/recurrence_1,recurrence,[],147188,104075,95435,132865,0,32436,511999,1142784,1052672
traditional,kda,2,r1/recurrence_1,recurrence,[],147191,104078,95435,132865,0,33431,513000,1142784,1052672
traditional,kda,2,r0/recurrence_2,recurrence,[],147189,104076,95435,132865,0,33294,512859,1142784,1052672
traditional,kda,2,r1/recurrence_2,recurrence,[],147191,104078,95435,132865,0,33232,512801,1142784,1052672
traditional,kda,2,r0/recurrence_3,recurrence,[],147189,104076,95435,132865,0,33148,512713,1142784,1052672
traditional,kda,2,r1/recurrence_3,recurrence,[],147191,104078,95435,132865,0,33060,512629,1142784,1052672
traditional,kda,2,r0/recurrence_4,recurrence,[],147189,104076,95435,132865,0,32611,512176,1142784,1052672
traditional,kda,2,r1/recurrence_4,recurrence,[],147190,104077,95435,132865,0,32392,511959,1142784,1052672
traditional,kda,2,r0/recurrence_5,recurrence,[],147188,104075,95435,132865,0,25445,505008,1142784,1052672
traditional,kda,2,r1/recurrence_5,recurrence,[],147191,104078,95435,132865,0,33329,512898,1142784,1052672
traditional,kda,2,r0/output_rms,norm,[],2271,1677,1266,1536,0,9579,16329,442368,24576
traditional,kda,2,r1/output_rms,norm,[],2373,1779,1266,1536,0,9851,16805,442368,24576
traditional,kda,2,r0/output_norm_weight,norm,[],80,56,36,6,0,1132,1310,49152,24576
traditional,kda,2,r1/output_norm_weight,norm,[],80,56,36,6,0,1153,1331,49152,24576
traditional,kda,2,r0/output_gate,gate_prepare,[],124,75,97,918,0,1998,3212,53248,24576
traditional,kda,2,r1/output_gate,gate_prepare,[],125,76,97,918,0,1870,3086,53248,24576
traditional,kda,2,output_projection,output_projection,"[2,7168,12288]",145428,103469,913319,5505024,0,3822998,10490238,214036480,32768
traditional,kda,4,r0/input_norm,norm,[],94,62,52,60,0,948,1216,49152,16384
traditional,kda,4,r1/input_norm,norm,[],110,78,52,60,0,1107,1407,49152,16384
traditional,kda,4,r2/input_norm,norm,[],110,78,52,60,0,1459,1759,49152,16384
traditional,kda,4,r3/input_norm,norm,[],110,78,52,60,0,1104,1404,49152,16384
traditional,kda,4,q_projection,input_projections,"[4,12288,7168]",260697,182644,1789157,11010048,0,5014015,18256561,269275136,98304
traditional,kda,4,k_projection,input_projections,"[4,12288,7168]",260704,182651,1789157,11010048,0,5026073,18268633,269275136,98304
traditional,kda,4,v_projection,input_projections,"[4,12288,7168]",260704,182651,1789157,11010048,0,5015793,18258353,269275136,98304
traditional,kda,4,f_a_projection,input_projections,"[4,128,7168]",2939,2066,18697,114688,0,57067,195457,3035136,16384
traditional,kda,4,b_projection,input_projections,"[4,96,7168]",2261,1591,14038,86016,0,41462,145368,2334720,16384
traditional,kda,4,g_projection,input_projections,"[4,12288,7168]",260704,182651,1789157,11010048,0,5015722,18258282,269275136,98304
traditional,kda,4,f_b_projection,input_projections,"[4,12288,128]",8997,5489,40756,393216,0,62901,511359,3260416,98304
traditional,kda,4,r0/q_conv,conv,[],501,350,283,960,0,7436,9530,200704,122880
traditional,kda,4,r1/q_conv,conv,[],502,351,283,960,0,6009,8105,200704,122880
traditional,kda,4,r2/q_conv,conv,[],502,351,283,960,0,5397,7493,200704,122880
traditional,kda,4,r3/q_conv,conv,[],502,351,283,960,0,4431,6527,200704,122880
traditional,kda,4,r0/k_conv,conv,[],501,350,283,960,0,5237,7331,200704,122880
traditional,kda,4,r1/k_conv,conv,[],502,351,283,960,0,5611,7707,200704,122880
traditional,kda,4,r2/k_conv,conv,[],502,351,283,960,0,5766,7862,200704,122880
traditional,kda,4,r3/k_conv,conv,[],502,351,283,960,0,6775,8871,200704,122880
traditional,kda,4,r0/v_conv,conv,[],501,350,283,960,0,5367,7461,200704,122880
traditional,kda,4,r1/v_conv,conv,[],502,351,283,960,0,7194,9290,200704,122880
traditional,kda,4,r2/v_conv,conv,[],502,351,283,960,0,5583,7679,200704,122880
traditional,kda,4,r3/v_conv,conv,[],502,351,283,960,0,4728,6824,200704,122880
traditional,kda,4,r0/q_norm,norm,[],2271,1677,1266,1536,0,10101,16851,442368,24576
traditional,kda,4,r1/q_norm,norm,[],2373,1779,1266,1536,0,9441,16395,442368,24576
traditional,kda,4,r2/q_norm,norm,[],2373,1779,1266,1536,0,9624,16578,442368,24576
traditional,kda,4,r3/q_norm,norm,[],2373,1779,1266,1536,0,9689,16643,442368,24576
traditional,kda,4,r0/k_norm,norm,[],2271,1677,1266,1536,0,9898,16648,442368,24576
traditional,kda,4,r1/k_norm,norm,[],2373,1779,1266,1536,0,9307,16261,442368,24576
traditional,kda,4,r2/k_norm,norm,[],2373,1779,1266,1536,0,9525,16479,442368,24576
traditional,kda,4,r3/k_norm,norm,[],2373,1779,1266,1536,0,9600,16554,442368,24576
traditional,kda,4,r0/decay_beta,gate_prepare,[],628,411,529,2790,0,4274,8632,126976,49152
traditional,kda,4,r1/decay_beta,gate_prepare,[],635,418,529,2790,0,3704,8076,126976,49152
traditional,kda,4,r2/decay_beta,gate_prepare,[],629,412,529,2790,0,3467,7827,126976,49152
traditional,kda,4,r3/decay_beta,gate_prepare,[],629,412,529,2790,0,3565,7925,126976,49152
traditional,kda,4,r0/recurrence_0,recurrence,[],147189,104076,95435,132865,0,32290,511855,1142784,1052672
traditional,kda,4,r1/recurrence_0,recurrence,[],147190,104077,95435,132865,0,32233,511800,1142784,1052672
traditional,kda,4,r2/recurrence_0,recurrence,[],147190,104077,95435,132865,0,33342,512909,1142784,1052672
traditional,kda,4,r3/recurrence_0,recurrence,[],147191,104078,95435,132865,0,33158,512727,1142784,1052672
traditional,kda,4,r0/recurrence_1,recurrence,[],147188,104075,95435,132865,0,33190,512753,1142784,1052672
traditional,kda,4,r1/recurrence_1,recurrence,[],147191,104078,95435,132865,0,33259,512828,1142784,1052672
traditional,kda,4,r2/recurrence_1,recurrence,[],147190,104077,95435,132865,0,33323,512890,1142784,1052672
traditional,kda,4,r3/recurrence_1,recurrence,[],147191,104078,95435,132865,0,33446,513015,1142784,1052672
traditional,kda,4,r0/recurrence_2,recurrence,[],147189,104076,95435,132865,0,33406,512971,1142784,1052672
traditional,kda,4,r1/recurrence_2,recurrence,[],147191,104078,95435,132865,0,33356,512925,1142784,1052672
traditional,kda,4,r2/recurrence_2,recurrence,[],147190,104077,95435,132865,0,32921,512488,1142784,1052672
traditional,kda,4,r3/recurrence_2,recurrence,[],147190,104077,95435,132865,0,31745,511312,1142784,1052672
traditional,kda,4,r0/recurrence_3,recurrence,[],147189,104076,95435,132865,0,33230,512795,1142784,1052672
traditional,kda,4,r1/recurrence_3,recurrence,[],147191,104078,95435,132865,0,33032,512601,1142784,1052672
traditional,kda,4,r2/recurrence_3,recurrence,[],147189,104076,95435,132865,0,32362,511927,1142784,1052672
traditional,kda,4,r3/recurrence_3,recurrence,[],147191,104078,95435,132865,0,33314,512883,1142784,1052672
traditional,kda,4,r0/recurrence_4,recurrence,[],147189,104076,95435,132865,0,32492,512057,1142784,1052672
traditional,kda,4,r1/recurrence_4,recurrence,[],147190,104077,95435,132865,0,32263,511830,1142784,1052672
traditional,kda,4,r2/recurrence_4,recurrence,[],147190,104077,95435,132865,0,33774,513341,1142784,1052672
traditional,kda,4,r3/recurrence_4,recurrence,[],147191,104078,95435,132865,0,32682,512251,1142784,1052672
traditional,kda,4,r0/recurrence_5,recurrence,[],147188,104075,95435,132865,0,25467,505030,1142784,1052672
traditional,kda,4,r1/recurrence_5,recurrence,[],147191,104078,95435,132865,0,33286,512855,1142784,1052672
traditional,kda,4,r2/recurrence_5,recurrence,[],147190,104077,95435,132865,0,33328,512895,1142784,1052672
traditional,kda,4,r3/recurrence_5,recurrence,[],147191,104078,95435,132865,0,32441,512010,1142784,1052672
traditional,kda,4,r0/output_rms,norm,[],2271,1677,1266,1536,0,9794,16544,442368,24576
traditional,kda,4,r1/output_rms,norm,[],2373,1779,1266,1536,0,9586,16540,442368,24576
traditional,kda,4,r2/output_rms,norm,[],2373,1779,1266,1536,0,10087,17041,442368,24576
traditional,kda,4,r3/output_rms,norm,[],2373,1779,1266,1536,0,9519,16473,442368,24576
traditional,kda,4,r0/output_norm_weight,norm,[],80,56,36,6,0,1159,1337,49152,24576
traditional,kda,4,r1/output_norm_weight,norm,[],80,56,36,6,0,1578,1756,49152,24576
traditional,kda,4,r2/output_norm_weight,norm,[],80,56,36,6,0,1098,1276,49152,24576
traditional,kda,4,r3/output_norm_weight,norm,[],80,56,36,6,0,1222,1400,49152,24576
traditional,kda,4,r0/output_gate,gate_prepare,[],124,75,97,918,0,1902,3116,53248,24576
traditional,kda,4,r1/output_gate,gate_prepare,[],125,76,97,918,0,1669,2885,53248,24576
traditional,kda,4,r2/output_gate,gate_prepare,[],125,76,97,918,0,1839,3055,53248,24576
traditional,kda,4,r3/output_gate,gate_prepare,[],125,76,97,918,0,1580,2796,53248,24576
traditional,kda,4,output_projection,output_projection,"[4,7168,12288]",298680,212803,1796341,11010048,0,5659048,18976920,303976448,65536
traditional,kda,8,r0/input_norm,norm,[],94,62,52,60,0,948,1216,49152,16384
traditional,kda,8,r1/input_norm,norm,[],110,78,52,60,0,1107,1407,49152,16384
traditional,kda,8,r2/input_norm,norm,[],110,78,52,60,0,1459,1759,49152,16384
traditional,kda,8,r3/input_norm,norm,[],110,78,52,60,0,1104,1404,49152,16384
traditional,kda,8,r4/input_norm,norm,[],110,78,52,60,0,1057,1357,49152,16384
traditional,kda,8,r5/input_norm,norm,[],110,78,52,60,0,1485,1785,49152,16384
traditional,kda,8,r6/input_norm,norm,[],110,78,52,60,0,1147,1447,49152,16384
traditional,kda,8,r7/input_norm,norm,[],110,78,52,60,0,1448,1748,49152,16384
traditional,kda,8,q_projection,input_projections,"[8,12288,7168]",568416,401231,3557137,22020096,0,8862161,35409041,451809280,196608
traditional,kda,8,k_projection,input_projections,"[8,12288,7168]",568423,401238,3557137,22020096,0,8861884,35408778,451809280,196608
traditional,kda,8,v_projection,input_projections,"[8,12288,7168]",568423,401238,3557137,22020096,0,8945403,35492297,451809280,196608
traditional,kda,8,f_a_projection,input_projections,"[8,128,7168]",6158,4353,37117,229376,0,98361,375365,4935680,32768
traditional,kda,8,b_projection,input_projections,"[8,96,7168]",4679,3309,27854,172032,0,73619,281493,3760128,32768
traditional,kda,8,g_projection,input_projections,"[8,12288,7168]",568423,401238,3557137,22020096,0,8911120,35458014,451809280,196608
traditional,kda,8,f_b_projection,input_projections,"[8,12288,128]",16837,10205,80744,786432,0,111542,1005760,3375104,196608
traditional,kda,8,r0/q_conv,conv,[],501,350,283,960,0,7208,9302,200704,122880
traditional,kda,8,r1/q_conv,conv,[],502,351,283,960,0,6065,8161,200704,122880
traditional,kda,8,r2/q_conv,conv,[],502,351,283,960,0,5546,7642,200704,122880
traditional,kda,8,r3/q_conv,conv,[],502,351,283,960,0,5043,7139,200704,122880
traditional,kda,8,r4/q_conv,conv,[],502,351,283,960,0,4513,6609,200704,122880
traditional,kda,8,r5/q_conv,conv,[],502,351,283,960,0,6820,8916,200704,122880
traditional,kda,8,r6/q_conv,conv,[],502,351,283,960,0,5943,8039,200704,122880
traditional,kda,8,r7/q_conv,conv,[],502,351,283,960,0,5741,7837,200704,122880
traditional,kda,8,r0/k_conv,conv,[],501,350,283,960,0,5446,7540,200704,122880
traditional,kda,8,r1/k_conv,conv,[],502,351,283,960,0,5458,7554,200704,122880
traditional,kda,8,r2/k_conv,conv,[],502,351,283,960,0,5685,7781,200704,122880
traditional,kda,8,r3/k_conv,conv,[],502,351,283,960,0,6846,8942,200704,122880
traditional,kda,8,r4/k_conv,conv,[],502,351,283,960,0,5633,7729,200704,122880
traditional,kda,8,r5/k_conv,conv,[],502,351,283,960,0,5343,7439,200704,122880
traditional,kda,8,r6/k_conv,conv,[],502,351,283,960,0,5678,7774,200704,122880
traditional,kda,8,r7/k_conv,conv,[],502,351,283,960,0,5897,7993,200704,122880
traditional,kda,8,r0/v_conv,conv,[],501,350,283,960,0,5487,7581,200704,122880
traditional,kda,8,r1/v_conv,conv,[],502,351,283,960,0,7013,9109,200704,122880
traditional,kda,8,r2/v_conv,conv,[],502,351,283,960,0,5519,7615,200704,122880
traditional,kda,8,r3/v_conv,conv,[],502,351,283,960,0,5394,7490,200704,122880
traditional,kda,8,r4/v_conv,conv,[],502,351,283,960,0,5471,7567,200704,122880
traditional,kda,8,r5/v_conv,conv,[],502,351,283,960,0,5662,7758,200704,122880
traditional,kda,8,r6/v_conv,conv,[],502,351,283,960,0,7239,9335,200704,122880
traditional,kda,8,r7/v_conv,conv,[],460,309,283,960,0,4516,6528,200704,122880
traditional,kda,8,r0/q_norm,norm,[],2271,1677,1266,1536,0,10114,16864,442368,24576
traditional,kda,8,r1/q_norm,norm,[],2373,1779,1266,1536,0,9466,16420,442368,24576
traditional,kda,8,r2/q_norm,norm,[],2373,1779,1266,1536,0,9687,16641,442368,24576
traditional,kda,8,r3/q_norm,norm,[],2373,1779,1266,1536,0,9786,16740,442368,24576
traditional,kda,8,r4/q_norm,norm,[],2373,1779,1266,1536,0,10006,16960,442368,24576
traditional,kda,8,r5/q_norm,norm,[],2373,1779,1266,1536,0,9644,16598,442368,24576
traditional,kda,8,r6/q_norm,norm,[],2373,1779,1266,1536,0,8065,15019,442368,24576
traditional,kda,8,r7/q_norm,norm,[],2373,1779,1266,1536,0,9707,16661,442368,24576
traditional,kda,8,r0/k_norm,norm,[],2271,1677,1266,1536,0,9689,16439,442368,24576
traditional,kda,8,r1/k_norm,norm,[],2373,1779,1266,1536,0,9295,16249,442368,24576
traditional,kda,8,r2/k_norm,norm,[],2373,1779,1266,1536,0,9824,16778,442368,24576
traditional,kda,8,r3/k_norm,norm,[],2373,1779,1266,1536,0,9660,16614,442368,24576
traditional,kda,8,r4/k_norm,norm,[],2373,1779,1266,1536,0,10062,17016,442368,24576
traditional,kda,8,r5/k_norm,norm,[],2373,1779,1266,1536,0,9707,16661,442368,24576
traditional,kda,8,r6/k_norm,norm,[],2373,1779,1266,1536,0,7592,14546,442368,24576
traditional,kda,8,r7/k_norm,norm,[],2373,1779,1266,1536,0,9990,16944,442368,24576
traditional,kda,8,r0/decay_beta,gate_prepare,[],628,411,529,2790,0,4057,8415,126976,49152
traditional,kda,8,r1/decay_beta,gate_prepare,[],635,418,529,2790,0,3758,8130,126976,49152
traditional,kda,8,r2/decay_beta,gate_prepare,[],629,412,529,2790,0,3990,8350,126976,49152
traditional,kda,8,r3/decay_beta,gate_prepare,[],629,412,529,2790,0,3907,8267,126976,49152
traditional,kda,8,r4/decay_beta,gate_prepare,[],635,418,529,2790,0,4790,9162,126976,49152
traditional,kda,8,r5/decay_beta,gate_prepare,[],635,418,529,2790,0,3742,8114,126976,49152
traditional,kda,8,r6/decay_beta,gate_prepare,[],635,418,529,2790,0,4114,8486,126976,49152
traditional,kda,8,r7/decay_beta,gate_prepare,[],635,418,529,2790,0,3906,8278,126976,49152
traditional,kda,8,r0/recurrence_0,recurrence,[],147189,104076,95435,132865,0,32389,511954,1142784,1052672
traditional,kda,8,r1/recurrence_0,recurrence,[],147190,104077,95435,132865,0,32797,512364,1142784,1052672
traditional,kda,8,r2/recurrence_0,recurrence,[],147190,104077,95435,132865,0,32599,512166,1142784,1052672
traditional,kda,8,r3/recurrence_0,recurrence,[],147191,104078,95435,132865,0,32993,512562,1142784,1052672
traditional,kda,8,r4/recurrence_0,recurrence,[],147191,104078,95435,132865,0,33222,512791,1142784,1052672
traditional,kda,8,r5/recurrence_0,recurrence,[],147190,104077,95435,132865,0,31561,511128,1142784,1052672
traditional,kda,8,r6/recurrence_0,recurrence,[],147190,104077,95435,132865,0,25344,504911,1142784,1052672
traditional,kda,8,r7/recurrence_0,recurrence,[],147191,104078,95435,132865,0,33468,513037,1142784,1052672
traditional,kda,8,r0/recurrence_1,recurrence,[],147188,104075,95435,132865,0,32346,511909,1142784,1052672
traditional,kda,8,r1/recurrence_1,recurrence,[],147191,104078,95435,132865,0,33402,512971,1142784,1052672
traditional,kda,8,r2/recurrence_1,recurrence,[],147190,104077,95435,132865,0,33013,512580,1142784,1052672
traditional,kda,8,r3/recurrence_1,recurrence,[],147191,104078,95435,132865,0,33324,512893,1142784,1052672
traditional,kda,8,r4/recurrence_1,recurrence,[],147190,104077,95435,132865,0,32259,511826,1142784,1052672
traditional,kda,8,r5/recurrence_1,recurrence,[],147191,104078,95435,132865,0,33502,513071,1142784,1052672
traditional,kda,8,r6/recurrence_1,recurrence,[],147191,104078,95435,132865,0,33095,512664,1142784,1052672
traditional,kda,8,r7/recurrence_1,recurrence,[],147191,104078,95435,132865,0,33330,512899,1142784,1052672
traditional,kda,8,r0/recurrence_2,recurrence,[],147189,104076,95435,132865,0,33506,513071,1142784,1052672
traditional,kda,8,r1/recurrence_2,recurrence,[],147191,104078,95435,132865,0,33751,513320,1142784,1052672
traditional,kda,8,r2/recurrence_2,recurrence,[],147190,104077,95435,132865,0,32455,512022,1142784,1052672
traditional,kda,8,r3/recurrence_2,recurrence,[],147190,104077,95435,132865,0,32367,511934,1142784,1052672
traditional,kda,8,r4/recurrence_2,recurrence,[],147191,104078,95435,132865,0,34142,513711,1142784,1052672
traditional,kda,8,r5/recurrence_2,recurrence,[],147191,104078,95435,132865,0,32726,512295,1142784,1052672
traditional,kda,8,r6/recurrence_2,recurrence,[],147191,104078,95435,132865,0,33297,512866,1142784,1052672
traditional,kda,8,r7/recurrence_2,recurrence,[],146679,103566,95435,132865,0,24055,502600,1142784,1052672
traditional,kda,8,r0/recurrence_3,recurrence,[],147189,104076,95435,132865,0,32861,512426,1142784,1052672
traditional,kda,8,r1/recurrence_3,recurrence,[],147191,104078,95435,132865,0,33047,512616,1142784,1052672
traditional,kda,8,r2/recurrence_3,recurrence,[],147189,104076,95435,132865,0,32434,511999,1142784,1052672
traditional,kda,8,r3/recurrence_3,recurrence,[],147191,104078,95435,132865,0,33353,512922,1142784,1052672
traditional,kda,8,r4/recurrence_3,recurrence,[],147191,104078,95435,132865,0,33169,512738,1142784,1052672
traditional,kda,8,r5/recurrence_3,recurrence,[],147191,104078,95435,132865,0,33215,512784,1142784,1052672
traditional,kda,8,r6/recurrence_3,recurrence,[],147190,104077,95435,132865,0,32470,512037,1142784,1052672
traditional,kda,8,r7/recurrence_3,recurrence,[],147191,104078,95435,132865,0,33892,513461,1142784,1052672
traditional,kda,8,r0/recurrence_4,recurrence,[],147189,104076,95435,132865,0,33195,512760,1142784,1052672
traditional,kda,8,r1/recurrence_4,recurrence,[],147190,104077,95435,132865,0,32516,512083,1142784,1052672
traditional,kda,8,r2/recurrence_4,recurrence,[],147190,104077,95435,132865,0,33268,512835,1142784,1052672
traditional,kda,8,r3/recurrence_4,recurrence,[],147191,104078,95435,132865,0,33428,512997,1142784,1052672
traditional,kda,8,r4/recurrence_4,recurrence,[],147191,104078,95435,132865,0,32376,511945,1142784,1052672
traditional,kda,8,r5/recurrence_4,recurrence,[],147190,104077,95435,132865,0,32298,511865,1142784,1052672
traditional,kda,8,r6/recurrence_4,recurrence,[],147191,104078,95435,132865,0,33872,513441,1142784,1052672
traditional,kda,8,r7/recurrence_4,recurrence,[],147191,104078,95435,132865,0,33380,512949,1142784,1052672
traditional,kda,8,r0/recurrence_5,recurrence,[],147188,104075,95435,132865,0,26373,505936,1142784,1052672
traditional,kda,8,r1/recurrence_5,recurrence,[],147191,104078,95435,132865,0,33582,513151,1142784,1052672
traditional,kda,8,r2/recurrence_5,recurrence,[],147190,104077,95435,132865,0,33326,512893,1142784,1052672
traditional,kda,8,r3/recurrence_5,recurrence,[],147191,104078,95435,132865,0,32441,512010,1142784,1052672
traditional,kda,8,r4/recurrence_5,recurrence,[],147190,104077,95435,132865,0,32826,512393,1142784,1052672
traditional,kda,8,r5/recurrence_5,recurrence,[],147191,104078,95435,132865,0,34357,513926,1142784,1052672
traditional,kda,8,r6/recurrence_5,recurrence,[],147191,104078,95435,132865,0,32507,512076,1142784,1052672
traditional,kda,8,r7/recurrence_5,recurrence,[],147191,104078,95435,132865,0,33130,512699,1142784,1052672
traditional,kda,8,r0/output_rms,norm,[],2271,1677,1266,1536,0,9742,16492,442368,24576
traditional,kda,8,r1/output_rms,norm,[],2373,1779,1266,1536,0,9448,16402,442368,24576
traditional,kda,8,r2/output_rms,norm,[],2373,1779,1266,1536,0,9609,16563,442368,24576
traditional,kda,8,r3/output_rms,norm,[],2373,1779,1266,1536,0,10064,17018,442368,24576
traditional,kda,8,r4/output_rms,norm,[],2373,1779,1266,1536,0,10061,17015,442368,24576
traditional,kda,8,r5/output_rms,norm,[],2373,1779,1266,1536,0,9844,16798,442368,24576
traditional,kda,8,r6/output_rms,norm,[],2373,1779,1266,1536,0,8268,15222,442368,24576
traditional,kda,8,r7/output_rms,norm,[],2373,1779,1266,1536,0,10137,17091,442368,24576
traditional,kda,8,r0/output_norm_weight,norm,[],80,56,36,6,0,1122,1300,49152,24576
traditional,kda,8,r1/output_norm_weight,norm,[],80,56,36,6,0,1153,1331,49152,24576
traditional,kda,8,r2/output_norm_weight,norm,[],80,56,36,6,0,1656,1834,49152,24576
traditional,kda,8,r3/output_norm_weight,norm,[],80,56,36,6,0,1222,1400,49152,24576
traditional,kda,8,r4/output_norm_weight,norm,[],80,56,36,6,0,1990,2168,49152,24576
traditional,kda,8,r5/output_norm_weight,norm,[],80,56,36,6,0,1095,1273,49152,24576
traditional,kda,8,r6/output_norm_weight,norm,[],80,56,36,6,0,1187,1365,49152,24576
traditional,kda,8,r7/output_norm_weight,norm,[],80,56,36,6,0,1606,1784,49152,24576
traditional,kda,8,r0/output_gate,gate_prepare,[],124,75,97,918,0,2174,3388,53248,24576
traditional,kda,8,r1/output_gate,gate_prepare,[],125,76,97,918,0,1369,2585,53248,24576
traditional,kda,8,r2/output_gate,gate_prepare,[],125,76,97,918,0,1829,3045,53248,24576
traditional,kda,8,r3/output_gate,gate_prepare,[],125,76,97,918,0,1908,3124,53248,24576
traditional,kda,8,r4/output_gate,gate_prepare,[],125,76,97,918,0,1746,2962,53248,24576
traditional,kda,8,r5/output_gate,gate_prepare,[],125,76,97,918,0,1651,2867,53248,24576
traditional,kda,8,r6/output_gate,gate_prepare,[],125,76,97,918,0,1839,3055,53248,24576
traditional,kda,8,r7/output_gate,gate_prepare,[],125,76,97,918,0,1865,3081,53248,24576
traditional,kda,8,output_projection,output_projection,"[8,7168,12288]",605192,431479,3562385,22020096,0,9220565,35839717,483856384,131072
traditional,kda,16,r0/input_norm,norm,[],94,62,52,60,0,948,1216,49152,16384
traditional,kda,16,r1/input_norm,norm,[],110,78,52,60,0,1107,1407,49152,16384
traditional,kda,16,r2/input_norm,norm,[],110,78,52,60,0,1459,1759,49152,16384
traditional,kda,16,r3/input_norm,norm,[],110,78,52,60,0,1104,1404,49152,16384
traditional,kda,16,r4/input_norm,norm,[],110,78,52,60,0,1057,1357,49152,16384
traditional,kda,16,r5/input_norm,norm,[],110,78,52,60,0,1485,1785,49152,16384
traditional,kda,16,r6/input_norm,norm,[],110,78,52,60,0,1147,1447,49152,16384
traditional,kda,16,r7/input_norm,norm,[],110,78,52,60,0,1448,1748,49152,16384
traditional,kda,16,r8/input_norm,norm,[],110,78,52,60,0,1279,1579,49152,16384
traditional,kda,16,r9/input_norm,norm,[],110,78,52,60,0,989,1289,49152,16384
traditional,kda,16,r10/input_norm,norm,[],110,78,52,60,0,1433,1733,49152,16384
traditional,kda,16,r11/input_norm,norm,[],110,78,52,60,0,1043,1343,49152,16384
traditional,kda,16,r12/input_norm,norm,[],110,78,52,60,0,1116,1416,49152,16384
traditional,kda,16,r13/input_norm,norm,[],110,78,52,60,0,1536,1836,49152,16384
traditional,kda,16,r14/input_norm,norm,[],110,78,52,60,0,1073,1373,49152,16384
traditional,kda,16,r15/input_norm,norm,[],110,78,52,60,0,1463,1763,49152,16384
traditional,kda,16,q_projection,input_projections,"[16,12288,7168]",1187678,842229,7093097,44040192,0,16680446,69843642,816877568,393216
traditional,kda,16,k_projection,input_projections,"[16,12288,7168]",1187691,842242,7093097,44040192,0,16668051,69831273,816877568,393216
traditional,kda,16,v_projection,input_projections,"[16,12288,7168]",1187691,842242,7093097,44040192,0,16678975,69842197,816877568,393216
traditional,kda,16,f_a_projection,input_projections,"[16,128,7168]",12626,8957,73957,458752,0,181132,735424,8736768,65536
traditional,kda,16,b_projection,input_projections,"[16,96,7168]",9535,6765,55486,344064,0,133964,549814,6610944,65536
traditional,kda,16,g_projection,input_projections,"[16,12288,7168]",1187691,842242,7093097,44040192,0,16669134,69832356,816877568,393216
traditional,kda,16,f_b_projection,input_projections,"[16,12288,128]",32517,19637,160720,1572864,0,100815,1886553,3604480,393216
traditional,kda,16,r0/q_conv,conv,[],501,350,283,960,0,7621,9715,200704,122880
traditional,kda,16,r1/q_conv,conv,[],502,351,283,960,0,6009,8105,200704,122880
traditional,kda,16,r2/q_conv,conv,[],502,351,283,960,0,5397,7493,200704,122880
traditional,kda,16,r3/q_conv,conv,[],502,351,283,960,0,4431,6527,200704,122880
traditional,kda,16,r4/q_conv,conv,[],502,351,283,960,0,4759,6855,200704,122880
traditional,kda,16,r5/q_conv,conv,[],502,351,283,960,0,6882,8978,200704,122880
traditional,kda,16,r6/q_conv,conv,[],502,351,283,960,0,5934,8030,200704,122880
traditional,kda,16,r7/q_conv,conv,[],502,351,283,960,0,5555,7651,200704,122880
traditional,kda,16,r8/q_conv,conv,[],496,345,283,960,0,4772,6856,200704,122880
traditional,kda,16,r9/q_conv,conv,[],502,351,283,960,0,4778,6874,200704,122880
traditional,kda,16,r10/q_conv,conv,[],502,351,283,960,0,6787,8883,200704,122880
traditional,kda,16,r11/q_conv,conv,[],502,351,283,960,0,5622,7718,200704,122880
traditional,kda,16,r12/q_conv,conv,[],460,309,283,960,0,4755,6767,200704,122880
traditional,kda,16,r13/q_conv,conv,[],502,351,283,960,0,5073,7169,200704,122880
traditional,kda,16,r14/q_conv,conv,[],502,351,283,960,0,4444,6540,200704,122880
traditional,kda,16,r15/q_conv,conv,[],502,351,283,960,0,7155,9251,200704,122880
traditional,kda,16,r0/k_conv,conv,[],501,350,283,960,0,5445,7539,200704,122880
traditional,kda,16,r1/k_conv,conv,[],502,351,283,960,0,5359,7455,200704,122880
traditional,kda,16,r2/k_conv,conv,[],502,351,283,960,0,5132,7228,200704,122880
traditional,kda,16,r3/k_conv,conv,[],502,351,283,960,0,7078,9174,200704,122880
traditional,kda,16,r4/k_conv,conv,[],502,351,283,960,0,5930,8026,200704,122880
traditional,kda,16,r5/k_conv,conv,[],502,351,283,960,0,5475,7571,200704,122880
traditional,kda,16,r6/k_conv,conv,[],502,351,283,960,0,5759,7855,200704,122880
traditional,kda,16,r7/k_conv,conv,[],502,351,283,960,0,5809,7905,200704,122880
traditional,kda,16,r8/k_conv,conv,[],502,351,283,960,0,7099,9195,200704,122880
traditional,kda,16,r9/k_conv,conv,[],502,351,283,960,0,5560,7656,200704,122880
traditional,kda,16,r10/k_conv,conv,[],502,351,283,960,0,5501,7597,200704,122880
traditional,kda,16,r11/k_conv,conv,[],502,351,283,960,0,5797,7893,200704,122880
traditional,kda,16,r12/k_conv,conv,[],502,351,283,960,0,5882,7978,200704,122880
traditional,kda,16,r13/k_conv,conv,[],502,351,283,960,0,6583,8679,200704,122880
traditional,kda,16,r14/k_conv,conv,[],502,351,283,960,0,5532,7628,200704,122880
traditional,kda,16,r15/k_conv,conv,[],502,351,283,960,0,5639,7735,200704,122880
traditional,kda,16,r0/v_conv,conv,[],501,350,283,960,0,5480,7574,200704,122880
traditional,kda,16,r1/v_conv,conv,[],502,351,283,960,0,7366,9462,200704,122880
traditional,kda,16,r2/v_conv,conv,[],502,351,283,960,0,5583,7679,200704,122880
traditional,kda,16,r3/v_conv,conv,[],502,351,283,960,0,4728,6824,200704,122880
traditional,kda,16,r4/v_conv,conv,[],502,351,283,960,0,5306,7402,200704,122880
traditional,kda,16,r5/v_conv,conv,[],502,351,283,960,0,5738,7834,200704,122880
traditional,kda,16,r6/v_conv,conv,[],502,351,283,960,0,7442,9538,200704,122880
traditional,kda,16,r7/v_conv,conv,[],460,309,283,960,0,4622,6634,200704,122880
traditional,kda,16,r8/v_conv,conv,[],502,351,283,960,0,5349,7445,200704,122880
traditional,kda,16,r9/v_conv,conv,[],502,351,283,960,0,5274,7370,200704,122880
traditional,kda,16,r10/v_conv,conv,[],502,351,283,960,0,5981,8077,200704,122880
traditional,kda,16,r11/v_conv,conv,[],502,351,283,960,0,7429,9525,200704,122880
traditional,kda,16,r12/v_conv,conv,[],502,351,283,960,0,5476,7572,200704,122880
traditional,kda,16,r13/v_conv,conv,[],502,351,283,960,0,5639,7735,200704,122880
traditional,kda,16,r14/v_conv,conv,[],502,351,283,960,0,5218,7314,200704,122880
traditional,kda,16,r15/v_conv,conv,[],502,351,283,960,0,5702,7798,200704,122880
traditional,kda,16,r0/q_norm,norm,[],2271,1677,1266,1536,0,9733,16483,442368,24576
traditional,kda,16,r1/q_norm,norm,[],2373,1779,1266,1536,0,9550,16504,442368,24576
traditional,kda,16,r2/q_norm,norm,[],2373,1779,1266,1536,0,9661,16615,442368,24576
traditional,kda,16,r3/q_norm,norm,[],2373,1779,1266,1536,0,9925,16879,442368,24576
traditional,kda,16,r4/q_norm,norm,[],2373,1779,1266,1536,0,9478,16432,442368,24576
traditional,kda,16,r5/q_norm,norm,[],2373,1779,1266,1536,0,9622,16576,442368,24576
traditional,kda,16,r6/q_norm,norm,[],2373,1779,1266,1536,0,8139,15093,442368,24576
traditional,kda,16,r7/q_norm,norm,[],2373,1779,1266,1536,0,9737,16691,442368,24576
traditional,kda,16,r8/q_norm,norm,[],2373,1779,1266,1536,0,10072,17026,442368,24576
traditional,kda,16,r9/q_norm,norm,[],2373,1779,1266,1536,0,9723,16677,442368,24576
traditional,kda,16,r10/q_norm,norm,[],2373,1779,1266,1536,0,9779,16733,442368,24576
traditional,kda,16,r11/q_norm,norm,[],2373,1779,1266,1536,0,9344,16298,442368,24576
traditional,kda,16,r12/q_norm,norm,[],2373,1779,1266,1536,0,9692,16646,442368,24576
traditional,kda,16,r13/q_norm,norm,[],2373,1779,1266,1536,0,9611,16565,442368,24576
traditional,kda,16,r14/q_norm,norm,[],2373,1779,1266,1536,0,9290,16244,442368,24576
traditional,kda,16,r15/q_norm,norm,[],2373,1779,1266,1536,0,9958,16912,442368,24576
traditional,kda,16,r0/k_norm,norm,[],2271,1677,1266,1536,0,9971,16721,442368,24576
traditional,kda,16,r1/k_norm,norm,[],2373,1779,1266,1536,0,9395,16349,442368,24576
traditional,kda,16,r2/k_norm,norm,[],2373,1779,1266,1536,0,9455,16409,442368,24576
traditional,kda,16,r3/k_norm,norm,[],2373,1779,1266,1536,0,9715,16669,442368,24576
traditional,kda,16,r4/k_norm,norm,[],2373,1779,1266,1536,0,10494,17448,442368,24576
traditional,kda,16,r5/k_norm,norm,[],2373,1779,1266,1536,0,9512,16466,442368,24576
traditional,kda,16,r6/k_norm,norm,[],2373,1779,1266,1536,0,7945,14899,442368,24576
traditional,kda,16,r7/k_norm,norm,[],2373,1779,1266,1536,0,9734,16688,442368,24576
traditional,kda,16,r8/k_norm,norm,[],2373,1779,1266,1536,0,9804,16758,442368,24576
traditional,kda,16,r9/k_norm,norm,[],2373,1779,1266,1536,0,10413,17367,442368,24576
traditional,kda,16,r10/k_norm,norm,[],2373,1779,1266,1536,0,9886,16840,442368,24576
traditional,kda,16,r11/k_norm,norm,[],2373,1779,1266,1536,0,9440,16394,442368,24576
traditional,kda,16,r12/k_norm,norm,[],2373,1779,1266,1536,0,9663,16617,442368,24576
traditional,kda,16,r13/k_norm,norm,[],2373,1779,1266,1536,0,9646,16600,442368,24576
traditional,kda,16,r14/k_norm,norm,[],2373,1779,1266,1536,0,9705,16659,442368,24576
traditional,kda,16,r15/k_norm,norm,[],2373,1779,1266,1536,0,10374,17328,442368,24576
traditional,kda,16,r0/decay_beta,gate_prepare,[],628,411,529,2790,0,3590,7948,126976,49152
traditional,kda,16,r1/decay_beta,gate_prepare,[],635,418,529,2790,0,4137,8509,126976,49152
traditional,kda,16,r2/decay_beta,gate_prepare,[],629,412,529,2790,0,3802,8162,126976,49152
traditional,kda,16,r3/decay_beta,gate_prepare,[],629,412,529,2790,0,3657,8017,126976,49152
traditional,kda,16,r4/decay_beta,gate_prepare,[],635,418,529,2790,0,4595,8967,126976,49152
traditional,kda,16,r5/decay_beta,gate_prepare,[],635,418,529,2790,0,4035,8407,126976,49152
traditional,kda,16,r6/decay_beta,gate_prepare,[],635,418,529,2790,0,3932,8304,126976,49152
traditional,kda,16,r7/decay_beta,gate_prepare,[],635,418,529,2790,0,3740,8112,126976,49152
traditional,kda,16,r8/decay_beta,gate_prepare,[],635,418,529,2790,0,4041,8413,126976,49152
traditional,kda,16,r9/decay_beta,gate_prepare,[],635,418,529,2790,0,4086,8458,126976,49152
traditional,kda,16,r10/decay_beta,gate_prepare,[],635,418,529,2790,0,4065,8437,126976,49152
traditional,kda,16,r11/decay_beta,gate_prepare,[],634,417,529,2790,0,3664,8034,126976,49152
traditional,kda,16,r12/decay_beta,gate_prepare,[],635,418,529,2790,0,3615,7987,126976,49152
traditional,kda,16,r13/decay_beta,gate_prepare,[],635,418,529,2790,0,3494,7866,126976,49152
traditional,kda,16,r14/decay_beta,gate_prepare,[],635,418,529,2790,0,4623,8995,126976,49152
traditional,kda,16,r15/decay_beta,gate_prepare,[],635,418,529,2790,0,3740,8112,126976,49152
traditional,kda,16,r0/recurrence_0,recurrence,[],147189,104076,95435,132865,0,32401,511966,1142784,1052672
traditional,kda,16,r1/recurrence_0,recurrence,[],147190,104077,95435,132865,0,32233,511800,1142784,1052672
traditional,kda,16,r2/recurrence_0,recurrence,[],147190,104077,95435,132865,0,33342,512909,1142784,1052672
traditional,kda,16,r3/recurrence_0,recurrence,[],147191,104078,95435,132865,0,33158,512727,1142784,1052672
traditional,kda,16,r4/recurrence_0,recurrence,[],147191,104078,95435,132865,0,33257,512826,1142784,1052672
traditional,kda,16,r5/recurrence_0,recurrence,[],147190,104077,95435,132865,0,31574,511141,1142784,1052672
traditional,kda,16,r6/recurrence_0,recurrence,[],147190,104077,95435,132865,0,26126,505693,1142784,1052672
traditional,kda,16,r7/recurrence_0,recurrence,[],147191,104078,95435,132865,0,33551,513120,1142784,1052672
traditional,kda,16,r8/recurrence_0,recurrence,[],147191,104078,95435,132865,0,33871,513440,1142784,1052672
traditional,kda,16,r9/recurrence_0,recurrence,[],147191,104078,95435,132865,0,32564,512133,1142784,1052672
traditional,kda,16,r10/recurrence_0,recurrence,[],147190,104077,95435,132865,0,32181,511748,1142784,1052672
traditional,kda,16,r11/recurrence_0,recurrence,[],147191,104078,95435,132865,0,34244,513813,1142784,1052672
traditional,kda,16,r12/recurrence_0,recurrence,[],147191,104078,95435,132865,0,32606,512175,1142784,1052672
traditional,kda,16,r13/recurrence_0,recurrence,[],147190,104077,95435,132865,0,33069,512636,1142784,1052672
traditional,kda,16,r14/recurrence_0,recurrence,[],146679,103566,95435,132865,0,23339,501884,1142784,1052672
traditional,kda,16,r15/recurrence_0,recurrence,[],147190,104077,95435,132865,0,32565,512132,1142784,1052672
traditional,kda,16,r0/recurrence_1,recurrence,[],147188,104075,95435,132865,0,32468,512031,1142784,1052672
traditional,kda,16,r1/recurrence_1,recurrence,[],147191,104078,95435,132865,0,33115,512684,1142784,1052672
traditional,kda,16,r2/recurrence_1,recurrence,[],147190,104077,95435,132865,0,33136,512703,1142784,1052672
traditional,kda,16,r3/recurrence_1,recurrence,[],147191,104078,95435,132865,0,33240,512809,1142784,1052672
traditional,kda,16,r4/recurrence_1,recurrence,[],147190,104077,95435,132865,0,32569,512136,1142784,1052672
traditional,kda,16,r5/recurrence_1,recurrence,[],147191,104078,95435,132865,0,33559,513128,1142784,1052672
traditional,kda,16,r6/recurrence_1,recurrence,[],147191,104078,95435,132865,0,33254,512823,1142784,1052672
traditional,kda,16,r7/recurrence_1,recurrence,[],147191,104078,95435,132865,0,33143,512712,1142784,1052672
traditional,kda,16,r8/recurrence_1,recurrence,[],147191,104078,95435,132865,0,33248,512817,1142784,1052672
traditional,kda,16,r9/recurrence_1,recurrence,[],147190,104077,95435,132865,0,32468,512035,1142784,1052672
traditional,kda,16,r10/recurrence_1,recurrence,[],147191,104078,95435,132865,0,33211,512780,1142784,1052672
traditional,kda,16,r11/recurrence_1,recurrence,[],147191,104078,95435,132865,0,32981,512550,1142784,1052672
traditional,kda,16,r12/recurrence_1,recurrence,[],147191,104078,95435,132865,0,33260,512829,1142784,1052672
traditional,kda,16,r13/recurrence_1,recurrence,[],147189,104076,95435,132865,0,32499,512064,1142784,1052672
traditional,kda,16,r14/recurrence_1,recurrence,[],147191,104078,95435,132865,0,33534,513103,1142784,1052672
traditional,kda,16,r15/recurrence_1,recurrence,[],147191,104078,95435,132865,0,33756,513325,1142784,1052672
traditional,kda,16,r0/recurrence_2,recurrence,[],147189,104076,95435,132865,0,33375,512940,1142784,1052672
traditional,kda,16,r1/recurrence_2,recurrence,[],147191,104078,95435,132865,0,33543,513112,1142784,1052672
traditional,kda,16,r2/recurrence_2,recurrence,[],147190,104077,95435,132865,0,32461,512028,1142784,1052672
traditional,kda,16,r3/recurrence_2,recurrence,[],147190,104077,95435,132865,0,32704,512271,1142784,1052672
traditional,kda,16,r4/recurrence_2,recurrence,[],147191,104078,95435,132865,0,33442,513011,1142784,1052672
traditional,kda,16,r5/recurrence_2,recurrence,[],147191,104078,95435,132865,0,33446,513015,1142784,1052672
traditional,kda,16,r6/recurrence_2,recurrence,[],147191,104078,95435,132865,0,32529,512098,1142784,1052672
traditional,kda,16,r7/recurrence_2,recurrence,[],146679,103566,95435,132865,0,24001,502546,1142784,1052672
traditional,kda,16,r8/recurrence_2,recurrence,[],147190,104077,95435,132865,0,32526,512093,1142784,1052672
traditional,kda,16,r9/recurrence_2,recurrence,[],147191,104078,95435,132865,0,33523,513092,1142784,1052672
traditional,kda,16,r10/recurrence_2,recurrence,[],147191,104078,95435,132865,0,33337,512906,1142784,1052672
traditional,kda,16,r11/recurrence_2,recurrence,[],147191,104078,95435,132865,0,32852,512421,1142784,1052672
traditional,kda,16,r12/recurrence_2,recurrence,[],147190,104077,95435,132865,0,31627,511194,1142784,1052672
traditional,kda,16,r13/recurrence_2,recurrence,[],147190,104077,95435,132865,0,33483,513050,1142784,1052672
traditional,kda,16,r14/recurrence_2,recurrence,[],147191,104078,95435,132865,0,33227,512796,1142784,1052672
traditional,kda,16,r15/recurrence_2,recurrence,[],147191,104078,95435,132865,0,27292,506861,1142784,1052672
traditional,kda,16,r0/recurrence_3,recurrence,[],147189,104076,95435,132865,0,33161,512726,1142784,1052672
traditional,kda,16,r1/recurrence_3,recurrence,[],147191,104078,95435,132865,0,33060,512629,1142784,1052672
traditional,kda,16,r2/recurrence_3,recurrence,[],147189,104076,95435,132865,0,32277,511842,1142784,1052672
traditional,kda,16,r3/recurrence_3,recurrence,[],147191,104078,95435,132865,0,33515,513084,1142784,1052672
traditional,kda,16,r4/recurrence_3,recurrence,[],147191,104078,95435,132865,0,33290,512859,1142784,1052672
traditional,kda,16,r5/recurrence_3,recurrence,[],147191,104078,95435,132865,0,33182,512751,1142784,1052672
traditional,kda,16,r6/recurrence_3,recurrence,[],147190,104077,95435,132865,0,32585,512152,1142784,1052672
traditional,kda,16,r7/recurrence_3,recurrence,[],147191,104078,95435,132865,0,33881,513450,1142784,1052672
traditional,kda,16,r8/recurrence_3,recurrence,[],147191,104078,95435,132865,0,33616,513185,1142784,1052672
traditional,kda,16,r9/recurrence_3,recurrence,[],147191,104078,95435,132865,0,33180,512749,1142784,1052672
traditional,kda,16,r10/recurrence_3,recurrence,[],147191,104078,95435,132865,0,32489,512058,1142784,1052672
traditional,kda,16,r11/recurrence_3,recurrence,[],147190,104077,95435,132865,0,32235,511802,1142784,1052672
traditional,kda,16,r12/recurrence_3,recurrence,[],147191,104078,95435,132865,0,33902,513471,1142784,1052672
traditional,kda,16,r13/recurrence_3,recurrence,[],147190,104077,95435,132865,0,32630,512197,1142784,1052672
traditional,kda,16,r14/recurrence_3,recurrence,[],147191,104078,95435,132865,0,34230,513799,1142784,1052672
traditional,kda,16,r15/recurrence_3,recurrence,[],147190,104077,95435,132865,0,32387,511954,1142784,1052672
traditional,kda,16,r0/recurrence_4,recurrence,[],147189,104076,95435,132865,0,32924,512489,1142784,1052672
traditional,kda,16,r1/recurrence_4,recurrence,[],147190,104077,95435,132865,0,32638,512205,1142784,1052672
traditional,kda,16,r2/recurrence_4,recurrence,[],147190,104077,95435,132865,0,33349,512916,1142784,1052672
traditional,kda,16,r3/recurrence_4,recurrence,[],147191,104078,95435,132865,0,33198,512767,1142784,1052672
traditional,kda,16,r4/recurrence_4,recurrence,[],147191,104078,95435,132865,0,32986,512555,1142784,1052672
traditional,kda,16,r5/recurrence_4,recurrence,[],147190,104077,95435,132865,0,32482,512049,1142784,1052672
traditional,kda,16,r6/recurrence_4,recurrence,[],147191,104078,95435,132865,0,34010,513579,1142784,1052672
traditional,kda,16,r7/recurrence_4,recurrence,[],147191,104078,95435,132865,0,33426,512995,1142784,1052672
traditional,kda,16,r8/recurrence_4,recurrence,[],147191,104078,95435,132865,0,26698,506267,1142784,1052672
traditional,kda,16,r9/recurrence_4,recurrence,[],147191,104078,95435,132865,0,32361,511930,1142784,1052672
traditional,kda,16,r10/recurrence_4,recurrence,[],147190,104077,95435,132865,0,32318,511885,1142784,1052672
traditional,kda,16,r11/recurrence_4,recurrence,[],147191,104078,95435,132865,0,33881,513450,1142784,1052672
traditional,kda,16,r12/recurrence_4,recurrence,[],147191,104078,95435,132865,0,32347,511916,1142784,1052672
traditional,kda,16,r13/recurrence_4,recurrence,[],147190,104077,95435,132865,0,32709,512276,1142784,1052672
traditional,kda,16,r14/recurrence_4,recurrence,[],147190,104077,95435,132865,0,32903,512470,1142784,1052672
traditional,kda,16,r15/recurrence_4,recurrence,[],147191,104078,95435,132865,0,33621,513190,1142784,1052672
traditional,kda,16,r0/recurrence_5,recurrence,[],147188,104075,95435,132865,0,25395,504958,1142784,1052672
traditional,kda,16,r1/recurrence_5,recurrence,[],147191,104078,95435,132865,0,33322,512891,1142784,1052672
traditional,kda,16,r2/recurrence_5,recurrence,[],147190,104077,95435,132865,0,33854,513421,1142784,1052672
traditional,kda,16,r3/recurrence_5,recurrence,[],147191,104078,95435,132865,0,32641,512210,1142784,1052672
traditional,kda,16,r4/recurrence_5,recurrence,[],147190,104077,95435,132865,0,32986,512553,1142784,1052672
traditional,kda,16,r5/recurrence_5,recurrence,[],147191,104078,95435,132865,0,33562,513131,1142784,1052672
traditional,kda,16,r6/recurrence_5,recurrence,[],147191,104078,95435,132865,0,33184,512753,1142784,1052672
traditional,kda,16,r7/recurrence_5,recurrence,[],147191,104078,95435,132865,0,32634,512203,1142784,1052672
traditional,kda,16,r8/recurrence_5,recurrence,[],147190,104077,95435,132865,0,32239,511806,1142784,1052672
traditional,kda,16,r9/recurrence_5,recurrence,[],147190,104077,95435,132865,0,32850,512417,1142784,1052672
traditional,kda,16,r10/recurrence_5,recurrence,[],147191,104078,95435,132865,0,33420,512989,1142784,1052672
traditional,kda,16,r11/recurrence_5,recurrence,[],147191,104078,95435,132865,0,33568,513137,1142784,1052672
traditional,kda,16,r12/recurrence_5,recurrence,[],147191,104078,95435,132865,0,32868,512437,1142784,1052672
traditional,kda,16,r13/recurrence_5,recurrence,[],147189,104076,95435,132865,0,32410,511975,1142784,1052672
traditional,kda,16,r14/recurrence_5,recurrence,[],147191,104078,95435,132865,0,34217,513786,1142784,1052672
traditional,kda,16,r15/recurrence_5,recurrence,[],147191,104078,95435,132865,0,33251,512820,1142784,1052672
traditional,kda,16,r0/output_rms,norm,[],2271,1677,1266,1536,0,9691,16441,442368,24576
traditional,kda,16,r1/output_rms,norm,[],2373,1779,1266,1536,0,9470,16424,442368,24576
traditional,kda,16,r2/output_rms,norm,[],2373,1779,1266,1536,0,9624,16578,442368,24576
traditional,kda,16,r3/output_rms,norm,[],2373,1779,1266,1536,0,10035,16989,442368,24576
traditional,kda,16,r4/output_rms,norm,[],2373,1779,1266,1536,0,10059,17013,442368,24576
traditional,kda,16,r5/output_rms,norm,[],2373,1779,1266,1536,0,9897,16851,442368,24576
traditional,kda,16,r6/output_rms,norm,[],2373,1779,1266,1536,0,8275,15229,442368,24576
traditional,kda,16,r7/output_rms,norm,[],2373,1779,1266,1536,0,9971,16925,442368,24576
traditional,kda,16,r8/output_rms,norm,[],2373,1779,1266,1536,0,9521,16475,442368,24576
traditional,kda,16,r9/output_rms,norm,[],2373,1779,1266,1536,0,9999,16953,442368,24576
traditional,kda,16,r10/output_rms,norm,[],2373,1779,1266,1536,0,9612,16566,442368,24576
traditional,kda,16,r11/output_rms,norm,[],2373,1779,1266,1536,0,9750,16704,442368,24576
traditional,kda,16,r12/output_rms,norm,[],2373,1779,1266,1536,0,9680,16634,442368,24576
traditional,kda,16,r13/output_rms,norm,[],2373,1779,1266,1536,0,9779,16733,442368,24576
traditional,kda,16,r14/output_rms,norm,[],2373,1779,1266,1536,0,9983,16937,442368,24576
traditional,kda,16,r15/output_rms,norm,[],2373,1779,1266,1536,0,9668,16622,442368,24576
traditional,kda,16,r0/output_norm_weight,norm,[],80,56,36,6,0,1188,1366,49152,24576
traditional,kda,16,r1/output_norm_weight,norm,[],80,56,36,6,0,1605,1783,49152,24576
traditional,kda,16,r2/output_norm_weight,norm,[],80,56,36,6,0,1155,1333,49152,24576
traditional,kda,16,r3/output_norm_weight,norm,[],80,56,36,6,0,1222,1400,49152,24576
traditional,kda,16,r4/output_norm_weight,norm,[],80,56,36,6,0,1947,2125,49152,24576
traditional,kda,16,r5/output_norm_weight,norm,[],80,56,36,6,0,1146,1324,49152,24576
traditional,kda,16,r6/output_norm_weight,norm,[],80,56,36,6,0,1572,1750,49152,24576
traditional,kda,16,r7/output_norm_weight,norm,[],80,56,36,6,0,1202,1380,49152,24576
traditional,kda,16,r8/output_norm_weight,norm,[],80,56,36,6,0,1242,1420,49152,24576
traditional,kda,16,r9/output_norm_weight,norm,[],80,56,36,6,0,1873,2051,49152,24576
traditional,kda,16,r10/output_norm_weight,norm,[],80,56,36,6,0,1072,1250,49152,24576
traditional,kda,16,r11/output_norm_weight,norm,[],80,56,36,6,0,1690,1868,49152,24576
traditional,kda,16,r12/output_norm_weight,norm,[],80,56,36,6,0,1242,1420,49152,24576
traditional,kda,16,r13/output_norm_weight,norm,[],80,56,36,6,0,1218,1396,49152,24576
traditional,kda,16,r14/output_norm_weight,norm,[],80,56,36,6,0,1783,1961,49152,24576
traditional,kda,16,r15/output_norm_weight,norm,[],80,56,36,6,0,1185,1363,49152,24576
traditional,kda,16,r0/output_gate,gate_prepare,[],124,75,97,918,0,2126,3340,53248,24576
traditional,kda,16,r1/output_gate,gate_prepare,[],125,76,97,918,0,1783,2999,53248,24576
traditional,kda,16,r2/output_gate,gate_prepare,[],125,76,97,918,0,2086,3302,53248,24576
traditional,kda,16,r3/output_gate,gate_prepare,[],125,76,97,918,0,1925,3141,53248,24576
traditional,kda,16,r4/output_gate,gate_prepare,[],125,76,97,918,0,1388,2604,53248,24576
traditional,kda,16,r5/output_gate,gate_prepare,[],125,76,97,918,0,2047,3263,53248,24576
traditional,kda,16,r6/output_gate,gate_prepare,[],125,76,97,918,0,1692,2908,53248,24576
traditional,kda,16,r7/output_gate,gate_prepare,[],125,76,97,918,0,1818,3034,53248,24576
traditional,kda,16,r8/output_gate,gate_prepare,[],125,76,97,918,0,1603,2819,53248,24576
traditional,kda,16,r9/output_gate,gate_prepare,[],125,76,97,918,0,1974,3190,53248,24576
traditional,kda,16,r10/output_gate,gate_prepare,[],125,76,97,918,0,1714,2930,53248,24576
traditional,kda,16,r11/output_gate,gate_prepare,[],125,76,97,918,0,1970,3186,53248,24576
traditional,kda,16,r12/output_gate,gate_prepare,[],125,76,97,918,0,1312,2528,53248,24576
traditional,kda,16,r13/output_gate,gate_prepare,[],125,76,97,918,0,1851,3067,53248,24576
traditional,kda,16,r14/output_gate,gate_prepare,[],125,76,97,918,0,1961,3177,53248,24576
traditional,kda,16,r15/output_gate,gate_prepare,[],125,76,97,918,0,1659,2875,53248,24576
traditional,kda,16,output_projection,output_projection,"[16,7168,12288]",1218216,868831,7094473,44040192,0,16769118,69990830,843616256,262144
native_reference,mamba,1,input_norm,norm,[],52,36,26,30,0,486,630,24576,8192
native_reference,mamba,1,input_projection,input_projections,"[1,10304,2688]",21315,13886,150719,906752,0,1065332,2158004,55463936,24576
native_reference,mamba,1,convolution,conv,[],276,194,154,483,0,3548,4655,114688,61440
native_reference,mamba,1,gate_production,gate_prepare,[],104,72,70,168,0,1226,1640,40960,8192
native_reference,mamba,1,pack_dt_0,coefficient_layout,[],685,489,420,544,0,248,2386,12288,4096
native_reference,mamba,1,pack_skip_0,coefficient_layout,[],969,701,595,625,0,343,3233,20480,4096
native_reference,mamba,1,recurrence_0,recurrence,[],106,92,3801,1906,15,13371,19291,536832,528384
native_reference,mamba,1,pack_dt_1,coefficient_layout,[],685,489,420,544,0,324,2462,12288,4096
native_reference,mamba,1,pack_skip_1,coefficient_layout,[],969,701,595,625,0,427,3317,20480,4096
native_reference,mamba,1,recurrence_1,recurrence,[],108,94,3801,1906,15,14816,20740,536832,528384
native_reference,mamba,1,silu_gate,gate_prepare,[],44,27,33,306,0,509,919,20480,8192
native_reference,mamba,1,gate_product,gate_prepare,[],28,20,12,2,0,316,378,16384,8192
native_reference,mamba,1,gated_rms,norm,[],215,161,110,128,0,1246,1860,49152,8192
native_reference,mamba,1,norm_weight,norm,[],28,20,12,2,0,301,363,16384,8192
native_reference,mamba,1,output_projection,output_projection,"[1,2688,4096]",7054,4262,59324,344064,0,429417,844121,22093824,8192
native_reference,mamba,2,r0/input_norm,norm,[],52,36,26,30,0,486,630,24576,8192
native_reference,mamba,2,r1/input_norm,norm,[],60,44,26,30,0,605,765,24576,8192
native_reference,mamba,2,input_projection,input_projections,"[2,10304,2688]",42651,31335,287914,1813504,0,976951,3152355,55533568,49152
native_reference,mamba,2,r0/convolution,conv,[],276,194,154,483,0,3361,4468,114688,61440
native_reference,mamba,2,r1/convolution,conv,[],277,195,154,483,0,4473,5582,114688,61440
native_reference,mamba,2,r0/gate_production,gate_prepare,[],104,72,70,168,0,980,1394,40960,8192
native_reference,mamba,2,r1/gate_production,gate_prepare,[],111,79,70,168,0,951,1379,40960,8192
native_reference,mamba,2,r0/pack_dt_0,coefficient_layout,[],685,489,420,544,0,675,2813,12288,4096
native_reference,mamba,2,r1/pack_dt_0,coefficient_layout,[],687,491,420,544,0,357,2499,12288,4096
native_reference,mamba,2,r0/pack_skip_0,coefficient_layout,[],969,701,595,625,0,444,3334,20480,4096
native_reference,mamba,2,r1/pack_skip_0,coefficient_layout,[],972,704,595,625,0,808,3704,20480,4096
native_reference,mamba,2,r0/recurrence_0,recurrence,[],106,92,3801,1906,15,14296,20216,536832,528384
native_reference,mamba,2,r1/recurrence_0,recurrence,[],106,92,3801,1906,15,13773,19693,536832,528384
native_reference,mamba,2,r0/pack_dt_1,coefficient_layout,[],685,489,420,544,0,361,2499,12288,4096
native_reference,mamba,2,r1/pack_dt_1,coefficient_layout,[],687,491,420,544,0,706,2848,12288,4096
native_reference,mamba,2,r0/pack_skip_1,coefficient_layout,[],969,701,595,625,0,476,3366,20480,4096
native_reference,mamba,2,r1/pack_skip_1,coefficient_layout,[],972,704,595,625,0,523,3419,20480,4096
native_reference,mamba,2,r0/recurrence_1,recurrence,[],108,94,3801,1906,15,13803,19727,536832,528384
native_reference,mamba,2,r1/recurrence_1,recurrence,[],108,94,3801,1906,15,14957,20881,536832,528384
native_reference,mamba,2,r0/silu_gate,gate_prepare,[],44,27,33,306,0,947,1357,20480,8192
native_reference,mamba,2,r1/silu_gate,gate_prepare,[],45,28,33,306,0,448,860,20480,8192
native_reference,mamba,2,r0/gate_product,gate_prepare,[],28,20,12,2,0,375,437,16384,8192
native_reference,mamba,2,r1/gate_product,gate_prepare,[],28,20,12,2,0,523,585,16384,8192
native_reference,mamba,2,r0/gated_rms,norm,[],215,161,110,128,0,1421,2035,49152,8192
native_reference,mamba,2,r1/gated_rms,norm,[],217,163,110,128,0,951,1569,49152,8192
native_reference,mamba,2,r0/norm_weight,norm,[],28,20,12,2,0,362,424,16384,8192
native_reference,mamba,2,r1/norm_weight,norm,[],28,20,12,2,0,369,431,16384,8192
native_reference,mamba,2,output_projection,output_projection,"[2,2688,4096]",13934,9694,113272,688128,0,390459,1215487,22167552,16384
native_reference,mamba,4,r0/input_norm,norm,[],52,36,26,30,0,486,630,24576,8192
native_reference,mamba,4,r1/input_norm,norm,[],60,44,26,30,0,605,765,24576,8192
native_reference,mamba,4,r2/input_norm,norm,[],60,44,26,30,0,515,675,24576,8192
native_reference,mamba,4,r3/input_norm,norm,[],60,44,26,30,0,519,679,24576,8192
native_reference,mamba,4,input_projection,input_projections,"[4,10304,2688]",69215,50125,562304,3627008,0,992558,5301210,55672832,98304
native_reference,mamba,4,r0/convolution,conv,[],276,194,154,483,0,3812,4919,114688,61440
native_reference,mamba,4,r1/convolution,conv,[],277,195,154,483,0,4100,5209,114688,61440
native_reference,mamba,4,r2/convolution,conv,[],277,195,154,483,0,2951,4060,114688,61440
native_reference,mamba,4,r3/convolution,conv,[],277,195,154,483,0,3000,4109,114688,61440
native_reference,mamba,4,r0/gate_production,gate_prepare,[],104,72,70,168,0,1259,1673,40960,8192
native_reference,mamba,4,r1/gate_production,gate_prepare,[],111,79,70,168,0,873,1301,40960,8192
native_reference,mamba,4,r2/gate_production,gate_prepare,[],111,79,70,168,0,906,1334,40960,8192
native_reference,mamba,4,r3/gate_production,gate_prepare,[],111,79,70,168,0,1366,1794,40960,8192
native_reference,mamba,4,r0/pack_dt_0,coefficient_layout,[],685,489,420,544,0,278,2416,12288,4096
native_reference,mamba,4,r1/pack_dt_0,coefficient_layout,[],687,491,420,544,0,357,2499,12288,4096
native_reference,mamba,4,r2/pack_dt_0,coefficient_layout,[],687,491,420,544,0,275,2417,12288,4096
native_reference,mamba,4,r3/pack_dt_0,coefficient_layout,[],687,491,420,544,0,276,2418,12288,4096
native_reference,mamba,4,r0/pack_skip_0,coefficient_layout,[],969,701,595,625,0,850,3740,20480,4096
native_reference,mamba,4,r1/pack_skip_0,coefficient_layout,[],972,704,595,625,0,912,3808,20480,4096
native_reference,mamba,4,r2/pack_skip_0,coefficient_layout,[],972,704,595,625,0,450,3346,20480,4096
native_reference,mamba,4,r3/pack_skip_0,coefficient_layout,[],971,703,595,625,0,367,3261,20480,4096
native_reference,mamba,4,r0/recurrence_0,recurrence,[],106,92,3801,1906,15,13694,19614,536832,528384
native_reference,mamba,4,r1/recurrence_0,recurrence,[],106,92,3801,1906,15,13938,19858,536832,528384
native_reference,mamba,4,r2/recurrence_0,recurrence,[],106,92,3801,1906,15,14924,20844,536832,528384
native_reference,mamba,4,r3/recurrence_0,recurrence,[],106,92,3801,1906,15,14608,20528,536832,528384
native_reference,mamba,4,r0/pack_dt_1,coefficient_layout,[],685,489,420,544,0,280,2418,12288,4096
native_reference,mamba,4,r1/pack_dt_1,coefficient_layout,[],687,491,420,544,0,345,2487,12288,4096
native_reference,mamba,4,r2/pack_dt_1,coefficient_layout,[],687,491,420,544,0,323,2465,12288,4096
native_reference,mamba,4,r3/pack_dt_1,coefficient_layout,[],687,491,420,544,0,682,2824,12288,4096
native_reference,mamba,4,r0/pack_skip_1,coefficient_layout,[],969,701,595,625,0,444,3334,20480,4096
native_reference,mamba,4,r1/pack_skip_1,coefficient_layout,[],972,704,595,625,0,523,3419,20480,4096
native_reference,mamba,4,r2/pack_skip_1,coefficient_layout,[],972,704,595,625,0,450,3346,20480,4096
native_reference,mamba,4,r3/pack_skip_1,coefficient_layout,[],971,703,595,625,0,381,3275,20480,4096
native_reference,mamba,4,r0/recurrence_1,recurrence,[],108,94,3801,1906,15,14218,20142,536832,528384
native_reference,mamba,4,r1/recurrence_1,recurrence,[],108,94,3801,1906,15,14005,19929,536832,528384
native_reference,mamba,4,r2/recurrence_1,recurrence,[],108,94,3801,1906,15,14590,20514,536832,528384
native_reference,mamba,4,r3/recurrence_1,recurrence,[],108,94,3801,1906,15,14658,20582,536832,528384
native_reference,mamba,4,r0/silu_gate,gate_prepare,[],44,27,33,306,0,888,1298,20480,8192
native_reference,mamba,4,r1/silu_gate,gate_prepare,[],45,28,33,306,0,448,860,20480,8192
native_reference,mamba,4,r2/silu_gate,gate_prepare,[],45,28,33,306,0,567,979,20480,8192
native_reference,mamba,4,r3/silu_gate,gate_prepare,[],45,28,33,306,0,934,1346,20480,8192
native_reference,mamba,4,r0/gate_product,gate_prepare,[],28,20,12,2,0,382,444,16384,8192
native_reference,mamba,4,r1/gate_product,gate_prepare,[],28,20,12,2,0,479,541,16384,8192
native_reference,mamba,4,r2/gate_product,gate_prepare,[],28,20,12,2,0,516,578,16384,8192
native_reference,mamba,4,r3/gate_product,gate_prepare,[],28,20,12,2,0,438,500,16384,8192
native_reference,mamba,4,r0/gated_rms,norm,[],215,161,110,128,0,1364,1978,49152,8192
native_reference,mamba,4,r1/gated_rms,norm,[],217,163,110,128,0,951,1569,49152,8192
native_reference,mamba,4,r2/gated_rms,norm,[],217,163,110,128,0,1059,1677,49152,8192
native_reference,mamba,4,r3/gated_rms,norm,[],217,163,110,128,0,1448,2066,49152,8192
native_reference,mamba,4,r0/norm_weight,norm,[],28,20,12,2,0,368,430,16384,8192
native_reference,mamba,4,r1/norm_weight,norm,[],28,20,12,2,0,459,521,16384,8192
native_reference,mamba,4,r2/norm_weight,norm,[],28,20,12,2,0,443,505,16384,8192
native_reference,mamba,4,r3/norm_weight,norm,[],28,20,12,2,0,832,894,16384,8192
native_reference,mamba,4,output_projection,output_projection,"[4,2688,4096]",26138,18089,222081,1376256,0,492493,2135057,26054656,32768
native_reference,mamba,8,r0/input_norm,norm,[],52,36,26,30,0,486,630,24576,8192
native_reference,mamba,8,r1/input_norm,norm,[],60,44,26,30,0,605,765,24576,8192
native_reference,mamba,8,r2/input_norm,norm,[],60,44,26,30,0,515,675,24576,8192
native_reference,mamba,8,r3/input_norm,norm,[],60,44,26,30,0,519,679,24576,8192
native_reference,mamba,8,r4/input_norm,norm,[],60,44,26,30,0,523,683,24576,8192
native_reference,mamba,8,r5/input_norm,norm,[],60,44,26,30,0,982,1142,24576,8192
native_reference,mamba,8,r6/input_norm,norm,[],60,44,26,30,0,518,678,24576,8192
native_reference,mamba,8,r7/input_norm,norm,[],60,44,26,30,0,513,673,24576,8192
native_reference,mamba,8,input_projection,input_projections,"[8,10304,2688]",171135,123978,1123603,7254016,0,2321395,10994127,107229184,196608
native_reference,mamba,8,r0/convolution,conv,[],276,194,154,483,0,3632,4739,114688,61440
native_reference,mamba,8,r1/convolution,conv,[],277,195,154,483,0,4506,5615,114688,61440
native_reference,mamba,8,r2/convolution,conv,[],277,195,154,483,0,2573,3682,114688,61440
native_reference,mamba,8,r3/convolution,conv,[],277,195,154,483,0,2270,3379,114688,61440
native_reference,mamba,8,r4/convolution,conv,[],277,195,154,483,0,2608,3717,114688,61440
native_reference,mamba,8,r5/convolution,conv,[],274,192,154,483,0,2650,3753,114688,61440
native_reference,mamba,8,r6/convolution,conv,[],277,195,154,483,0,2759,3868,114688,61440
native_reference,mamba,8,r7/convolution,conv,[],277,195,154,483,0,2768,3877,114688,61440
native_reference,mamba,8,r0/gate_production,gate_prepare,[],104,72,70,168,0,1364,1778,40960,8192
native_reference,mamba,8,r1/gate_production,gate_prepare,[],111,79,70,168,0,943,1371,40960,8192
native_reference,mamba,8,r2/gate_production,gate_prepare,[],111,79,70,168,0,1170,1598,40960,8192
native_reference,mamba,8,r3/gate_production,gate_prepare,[],111,79,70,168,0,858,1286,40960,8192
native_reference,mamba,8,r4/gate_production,gate_prepare,[],111,79,70,168,0,920,1348,40960,8192
native_reference,mamba,8,r5/gate_production,gate_prepare,[],111,79,70,168,0,1326,1754,40960,8192
native_reference,mamba,8,r6/gate_production,gate_prepare,[],111,79,70,168,0,803,1231,40960,8192
native_reference,mamba,8,r7/gate_production,gate_prepare,[],111,79,70,168,0,1002,1430,40960,8192
native_reference,mamba,8,r0/pack_dt_0,coefficient_layout,[],685,489,420,544,0,324,2462,12288,4096
native_reference,mamba,8,r1/pack_dt_0,coefficient_layout,[],687,491,420,544,0,329,2471,12288,4096
native_reference,mamba,8,r2/pack_dt_0,coefficient_layout,[],687,491,420,544,0,261,2403,12288,4096
native_reference,mamba,8,r3/pack_dt_0,coefficient_layout,[],687,491,420,544,0,296,2438,12288,4096
native_reference,mamba,8,r4/pack_dt_0,coefficient_layout,[],687,491,420,544,0,527,2669,12288,4096
native_reference,mamba,8,r5/pack_dt_0,coefficient_layout,[],687,491,420,544,0,281,2423,12288,4096
native_reference,mamba,8,r6/pack_dt_0,coefficient_layout,[],687,491,420,544,0,294,2436,12288,4096
native_reference,mamba,8,r7/pack_dt_0,coefficient_layout,[],686,490,420,544,0,281,2421,12288,4096
native_reference,mamba,8,r0/pack_skip_0,coefficient_layout,[],969,701,595,625,0,845,3735,20480,4096
native_reference,mamba,8,r1/pack_skip_0,coefficient_layout,[],972,704,595,625,0,523,3419,20480,4096
native_reference,mamba,8,r2/pack_skip_0,coefficient_layout,[],972,704,595,625,0,717,3613,20480,4096
native_reference,mamba,8,r3/pack_skip_0,coefficient_layout,[],971,703,595,625,0,792,3686,20480,4096
native_reference,mamba,8,r4/pack_skip_0,coefficient_layout,[],972,704,595,625,0,398,3294,20480,4096
native_reference,mamba,8,r5/pack_skip_0,coefficient_layout,[],972,704,595,625,0,408,3304,20480,4096
native_reference,mamba,8,r6/pack_skip_0,coefficient_layout,[],972,704,595,625,0,413,3309,20480,4096
native_reference,mamba,8,r7/pack_skip_0,coefficient_layout,[],971,703,595,625,0,574,3468,20480,4096
native_reference,mamba,8,r0/recurrence_0,recurrence,[],106,92,3801,1906,15,14290,20210,536832,528384
native_reference,mamba,8,r1/recurrence_0,recurrence,[],106,92,3801,1906,15,13773,19693,536832,528384
native_reference,mamba,8,r2/recurrence_0,recurrence,[],106,92,3801,1906,15,14574,20494,536832,528384
native_reference,mamba,8,r3/recurrence_0,recurrence,[],106,92,3801,1906,15,14407,20327,536832,528384
native_reference,mamba,8,r4/recurrence_0,recurrence,[],106,92,3801,1906,15,14252,20172,536832,528384
native_reference,mamba,8,r5/recurrence_0,recurrence,[],106,92,3801,1906,15,14890,20810,536832,528384
native_reference,mamba,8,r6/recurrence_0,recurrence,[],106,92,3801,1906,15,13945,19865,536832,528384
native_reference,mamba,8,r7/recurrence_0,recurrence,[],106,92,3801,1906,15,14381,20301,536832,528384
native_reference,mamba,8,r0/pack_dt_1,coefficient_layout,[],685,489,420,544,0,324,2462,12288,4096
native_reference,mamba,8,r1/pack_dt_1,coefficient_layout,[],687,491,420,544,0,321,2463,12288,4096
native_reference,mamba,8,r2/pack_dt_1,coefficient_layout,[],687,491,420,544,0,323,2465,12288,4096
native_reference,mamba,8,r3/pack_dt_1,coefficient_layout,[],687,491,420,544,0,304,2446,12288,4096
native_reference,mamba,8,r4/pack_dt_1,coefficient_layout,[],687,491,420,544,0,272,2414,12288,4096
native_reference,mamba,8,r5/pack_dt_1,coefficient_layout,[],687,491,420,544,0,330,2472,12288,4096
native_reference,mamba,8,r6/pack_dt_1,coefficient_layout,[],687,491,420,544,0,662,2804,12288,4096
native_reference,mamba,8,r7/pack_dt_1,coefficient_layout,[],686,490,420,544,0,281,2421,12288,4096
native_reference,mamba,8,r0/pack_skip_1,coefficient_layout,[],969,701,595,625,0,906,3796,20480,4096
native_reference,mamba,8,r1/pack_skip_1,coefficient_layout,[],972,704,595,625,0,915,3811,20480,4096
native_reference,mamba,8,r2/pack_skip_1,coefficient_layout,[],972,704,595,625,0,450,3346,20480,4096
native_reference,mamba,8,r3/pack_skip_1,coefficient_layout,[],971,703,595,625,0,381,3275,20480,4096
native_reference,mamba,8,r4/pack_skip_1,coefficient_layout,[],972,704,595,625,0,372,3268,20480,4096
native_reference,mamba,8,r5/pack_skip_1,coefficient_layout,[],972,704,595,625,0,589,3485,20480,4096
native_reference,mamba,8,r6/pack_skip_1,coefficient_layout,[],972,704,595,625,0,439,3335,20480,4096
native_reference,mamba,8,r7/pack_skip_1,coefficient_layout,[],971,703,595,625,0,807,3701,20480,4096
native_reference,mamba,8,r0/recurrence_1,recurrence,[],108,94,3801,1906,15,14960,20884,536832,528384
native_reference,mamba,8,r1/recurrence_1,recurrence,[],108,94,3801,1906,15,14119,20043,536832,528384
native_reference,mamba,8,r2/recurrence_1,recurrence,[],108,94,3801,1906,15,14607,20531,536832,528384
native_reference,mamba,8,r3/recurrence_1,recurrence,[],108,94,3801,1906,15,14786,20710,536832,528384
native_reference,mamba,8,r4/recurrence_1,recurrence,[],108,94,3801,1906,15,14391,20315,536832,528384
native_reference,mamba,8,r5/recurrence_1,recurrence,[],108,94,3801,1906,15,13980,19904,536832,528384
native_reference,mamba,8,r6/recurrence_1,recurrence,[],108,94,3801,1906,15,14302,20226,536832,528384
native_reference,mamba,8,r7/recurrence_1,recurrence,[],108,94,3801,1906,15,14315,20239,536832,528384
native_reference,mamba,8,r0/silu_gate,gate_prepare,[],44,27,33,306,0,547,957,20480,8192
native_reference,mamba,8,r1/silu_gate,gate_prepare,[],45,28,33,306,0,806,1218,20480,8192
native_reference,mamba,8,r2/silu_gate,gate_prepare,[],45,28,33,306,0,523,935,20480,8192
native_reference,mamba,8,r3/silu_gate,gate_prepare,[],45,28,33,306,0,563,975,20480,8192
native_reference,mamba,8,r4/silu_gate,gate_prepare,[],45,28,33,306,0,497,909,20480,8192
native_reference,mamba,8,r5/silu_gate,gate_prepare,[],45,28,33,306,0,870,1282,20480,8192
native_reference,mamba,8,r6/silu_gate,gate_prepare,[],45,28,33,306,0,506,918,20480,8192
native_reference,mamba,8,r7/silu_gate,gate_prepare,[],45,28,33,306,0,523,935,20480,8192
native_reference,mamba,8,r0/gate_product,gate_prepare,[],28,20,12,2,0,470,532,16384,8192
native_reference,mamba,8,r1/gate_product,gate_prepare,[],28,20,12,2,0,928,990,16384,8192
native_reference,mamba,8,r2/gate_product,gate_prepare,[],28,20,12,2,0,444,506,16384,8192
native_reference,mamba,8,r3/gate_product,gate_prepare,[],28,20,12,2,0,387,449,16384,8192
native_reference,mamba,8,r4/gate_product,gate_prepare,[],28,20,12,2,0,415,477,16384,8192
native_reference,mamba,8,r5/gate_product,gate_prepare,[],28,20,12,2,0,491,553,16384,8192
native_reference,mamba,8,r6/gate_product,gate_prepare,[],28,20,12,2,0,543,605,16384,8192
native_reference,mamba,8,r7/gate_product,gate_prepare,[],28,20,12,2,0,497,559,16384,8192
native_reference,mamba,8,r0/gated_rms,norm,[],215,161,110,128,0,1297,1911,49152,8192
native_reference,mamba,8,r1/gated_rms,norm,[],217,163,110,128,0,985,1603,49152,8192
native_reference,mamba,8,r2/gated_rms,norm,[],217,163,110,128,0,1429,2047,49152,8192
native_reference,mamba,8,r3/gated_rms,norm,[],217,163,110,128,0,1107,1725,49152,8192
native_reference,mamba,8,r4/gated_rms,norm,[],217,163,110,128,0,1456,2074,49152,8192
native_reference,mamba,8,r5/gated_rms,norm,[],217,163,110,128,0,1165,1783,49152,8192
native_reference,mamba,8,r6/gated_rms,norm,[],217,163,110,128,0,1467,2085,49152,8192
native_reference,mamba,8,r7/gated_rms,norm,[],217,163,110,128,0,964,1582,49152,8192
native_reference,mamba,8,r0/norm_weight,norm,[],28,20,12,2,0,362,424,16384,8192
native_reference,mamba,8,r1/norm_weight,norm,[],28,20,12,2,0,441,503,16384,8192
native_reference,mamba,8,r2/norm_weight,norm,[],28,20,12,2,0,810,872,16384,8192
native_reference,mamba,8,r3/norm_weight,norm,[],28,20,12,2,0,381,443,16384,8192
native_reference,mamba,8,r4/norm_weight,norm,[],28,20,12,2,0,455,517,16384,8192
native_reference,mamba,8,r5/norm_weight,norm,[],28,20,12,2,0,471,533,16384,8192
native_reference,mamba,8,r6/norm_weight,norm,[],28,20,12,2,0,470,532,16384,8192
native_reference,mamba,8,r7/norm_weight,norm,[],28,20,12,2,0,442,504,16384,8192
native_reference,mamba,8,output_projection,output_projection,"[8,2688,4096]",65818,46333,443517,2752512,0,961024,4269204,49467392,65536
native_reference,mamba,16,r0/input_norm,norm,[],52,36,26,30,0,486,630,24576,8192
native_reference,mamba,16,r1/input_norm,norm,[],60,44,26,30,0,605,765,24576,8192
native_reference,mamba,16,r2/input_norm,norm,[],60,44,26,30,0,515,675,24576,8192
native_reference,mamba,16,r3/input_norm,norm,[],60,44,26,30,0,519,679,24576,8192
native_reference,mamba,16,r4/input_norm,norm,[],60,44,26,30,0,523,683,24576,8192
native_reference,mamba,16,r5/input_norm,norm,[],60,44,26,30,0,982,1142,24576,8192
native_reference,mamba,16,r6/input_norm,norm,[],60,44,26,30,0,518,678,24576,8192
native_reference,mamba,16,r7/input_norm,norm,[],60,44,26,30,0,513,673,24576,8192
native_reference,mamba,16,r8/input_norm,norm,[],60,44,26,30,0,541,701,24576,8192
native_reference,mamba,16,r9/input_norm,norm,[],60,44,26,30,0,731,891,24576,8192
native_reference,mamba,16,r10/input_norm,norm,[],60,44,26,30,0,932,1092,24576,8192
native_reference,mamba,16,r11/input_norm,norm,[],60,44,26,30,0,572,732,24576,8192
native_reference,mamba,16,r12/input_norm,norm,[],60,44,26,30,0,494,654,24576,8192
native_reference,mamba,16,r13/input_norm,norm,[],60,44,26,30,0,576,736,24576,8192
native_reference,mamba,16,r14/input_norm,norm,[],58,42,26,30,0,510,666,24576,8192
native_reference,mamba,16,r15/input_norm,norm,[],60,44,26,30,0,951,1111,24576,8192
native_reference,mamba,16,input_projection,input_projections,"[16,10304,2688]",399371,290302,2251979,14508032,0,3926961,21376645,234008576,393216
native_reference,mamba,16,r0/convolution,conv,[],276,194,154,483,0,3564,4671,114688,61440
native_reference,mamba,16,r1/convolution,conv,[],277,195,154,483,0,4006,5115,114688,61440
native_reference,mamba,16,r2/convolution,conv,[],277,195,154,483,0,2730,3839,114688,61440
native_reference,mamba,16,r3/convolution,conv,[],277,195,154,483,0,2873,3982,114688,61440
native_reference,mamba,16,r4/convolution,conv,[],277,195,154,483,0,2737,3846,114688,61440
native_reference,mamba,16,r5/convolution,conv,[],274,192,154,483,0,2722,3825,114688,61440
native_reference,mamba,16,r6/convolution,conv,[],277,195,154,483,0,2764,3873,114688,61440
native_reference,mamba,16,r7/convolution,conv,[],277,195,154,483,0,2812,3921,114688,61440
native_reference,mamba,16,r8/convolution,conv,[],277,195,154,483,0,2792,3901,114688,61440
native_reference,mamba,16,r9/convolution,conv,[],277,195,154,483,0,2790,3899,114688,61440
native_reference,mamba,16,r10/convolution,conv,[],277,195,154,483,0,3257,4366,114688,61440
native_reference,mamba,16,r11/convolution,conv,[],277,195,154,483,0,4260,5369,114688,61440
native_reference,mamba,16,r12/convolution,conv,[],277,195,154,483,0,3157,4266,114688,61440
native_reference,mamba,16,r13/convolution,conv,[],277,195,154,483,0,2776,3885,114688,61440
native_reference,mamba,16,r14/convolution,conv,[],277,195,154,483,0,2980,4089,114688,61440
native_reference,mamba,16,r15/convolution,conv,[],277,195,154,483,0,2921,4030,114688,61440
native_reference,mamba,16,r0/gate_production,gate_prepare,[],104,72,70,168,0,1035,1449,40960,8192
native_reference,mamba,16,r1/gate_production,gate_prepare,[],111,79,70,168,0,1292,1720,40960,8192
native_reference,mamba,16,r2/gate_production,gate_prepare,[],111,79,70,168,0,906,1334,40960,8192
native_reference,mamba,16,r3/gate_production,gate_prepare,[],111,79,70,168,0,1162,1590,40960,8192
native_reference,mamba,16,r4/gate_production,gate_prepare,[],111,79,70,168,0,770,1198,40960,8192
native_reference,mamba,16,r5/gate_production,gate_prepare,[],111,79,70,168,0,972,1400,40960,8192
native_reference,mamba,16,r6/gate_production,gate_prepare,[],111,79,70,168,0,1239,1667,40960,8192
native_reference,mamba,16,r7/gate_production,gate_prepare,[],111,79,70,168,0,889,1317,40960,8192
native_reference,mamba,16,r8/gate_production,gate_prepare,[],111,79,70,168,0,976,1404,40960,8192
native_reference,mamba,16,r9/gate_production,gate_prepare,[],111,79,70,168,0,1234,1662,40960,8192
native_reference,mamba,16,r10/gate_production,gate_prepare,[],111,79,70,168,0,981,1409,40960,8192
native_reference,mamba,16,r11/gate_production,gate_prepare,[],111,79,70,168,0,1221,1649,40960,8192
native_reference,mamba,16,r12/gate_production,gate_prepare,[],110,78,70,168,0,814,1240,40960,8192
native_reference,mamba,16,r13/gate_production,gate_prepare,[],111,79,70,168,0,923,1351,40960,8192
native_reference,mamba,16,r14/gate_production,gate_prepare,[],111,79,70,168,0,1384,1812,40960,8192
native_reference,mamba,16,r15/gate_production,gate_prepare,[],111,79,70,168,0,741,1169,40960,8192
native_reference,mamba,16,r0/pack_dt_0,coefficient_layout,[],685,489,420,544,0,324,2462,12288,4096
native_reference,mamba,16,r1/pack_dt_0,coefficient_layout,[],687,491,420,544,0,357,2499,12288,4096
native_reference,mamba,16,r2/pack_dt_0,coefficient_layout,[],687,491,420,544,0,303,2445,12288,4096
native_reference,mamba,16,r3/pack_dt_0,coefficient_layout,[],687,491,420,544,0,472,2614,12288,4096
native_reference,mamba,16,r4/pack_dt_0,coefficient_layout,[],687,491,420,544,0,260,2402,12288,4096
native_reference,mamba,16,r5/pack_dt_0,coefficient_layout,[],687,491,420,544,0,326,2468,12288,4096
native_reference,mamba,16,r6/pack_dt_0,coefficient_layout,[],687,491,420,544,0,268,2410,12288,4096
native_reference,mamba,16,r7/pack_dt_0,coefficient_layout,[],686,490,420,544,0,701,2841,12288,4096
native_reference,mamba,16,r8/pack_dt_0,coefficient_layout,[],687,491,420,544,0,370,2512,12288,4096
native_reference,mamba,16,r9/pack_dt_0,coefficient_layout,[],687,491,420,544,0,346,2488,12288,4096
native_reference,mamba,16,r10/pack_dt_0,coefficient_layout,[],686,490,420,544,0,697,2837,12288,4096
native_reference,mamba,16,r11/pack_dt_0,coefficient_layout,[],687,491,420,544,0,308,2450,12288,4096
native_reference,mamba,16,r12/pack_dt_0,coefficient_layout,[],687,491,420,544,0,252,2394,12288,4096
native_reference,mamba,16,r13/pack_dt_0,coefficient_layout,[],687,491,420,544,0,699,2841,12288,4096
native_reference,mamba,16,r14/pack_dt_0,coefficient_layout,[],687,491,420,544,0,262,2404,12288,4096
native_reference,mamba,16,r15/pack_dt_0,coefficient_layout,[],687,491,420,544,0,295,2437,12288,4096
native_reference,mamba,16,r0/pack_skip_0,coefficient_layout,[],969,701,595,625,0,430,3320,20480,4096
native_reference,mamba,16,r1/pack_skip_0,coefficient_layout,[],972,704,595,625,0,888,3784,20480,4096
native_reference,mamba,16,r2/pack_skip_0,coefficient_layout,[],972,704,595,625,0,838,3734,20480,4096
native_reference,mamba,16,r3/pack_skip_0,coefficient_layout,[],971,703,595,625,0,395,3289,20480,4096
native_reference,mamba,16,r4/pack_skip_0,coefficient_layout,[],972,704,595,625,0,398,3294,20480,4096
native_reference,mamba,16,r5/pack_skip_0,coefficient_layout,[],972,704,595,625,0,408,3304,20480,4096
native_reference,mamba,16,r6/pack_skip_0,coefficient_layout,[],972,704,595,625,0,501,3397,20480,4096
native_reference,mamba,16,r7/pack_skip_0,coefficient_layout,[],971,703,595,625,0,403,3297,20480,4096
native_reference,mamba,16,r8/pack_skip_0,coefficient_layout,[],972,704,595,625,0,890,3786,20480,4096
native_reference,mamba,16,r9/pack_skip_0,coefficient_layout,[],972,704,595,625,0,472,3368,20480,4096
native_reference,mamba,16,r10/pack_skip_0,coefficient_layout,[],972,704,595,625,0,798,3694,20480,4096
native_reference,mamba,16,r11/pack_skip_0,coefficient_layout,[],972,704,595,625,0,893,3789,20480,4096
native_reference,mamba,16,r12/pack_skip_0,coefficient_layout,[],972,704,595,625,0,477,3373,20480,4096
native_reference,mamba,16,r13/pack_skip_0,coefficient_layout,[],972,704,595,625,0,402,3298,20480,4096
native_reference,mamba,16,r14/pack_skip_0,coefficient_layout,[],972,704,595,625,0,397,3293,20480,4096
native_reference,mamba,16,r15/pack_skip_0,coefficient_layout,[],972,704,595,625,0,406,3302,20480,4096
native_reference,mamba,16,r0/recurrence_0,recurrence,[],106,92,3801,1906,15,14292,20212,536832,528384
native_reference,mamba,16,r1/recurrence_0,recurrence,[],106,92,3801,1906,15,13773,19693,536832,528384
native_reference,mamba,16,r2/recurrence_0,recurrence,[],106,92,3801,1906,15,14574,20494,536832,528384
native_reference,mamba,16,r3/recurrence_0,recurrence,[],106,92,3801,1906,15,14407,20327,536832,528384
native_reference,mamba,16,r4/recurrence_0,recurrence,[],106,92,3801,1906,15,14252,20172,536832,528384
native_reference,mamba,16,r5/recurrence_0,recurrence,[],106,92,3801,1906,15,14890,20810,536832,528384
native_reference,mamba,16,r6/recurrence_0,recurrence,[],106,92,3801,1906,15,13945,19865,536832,528384
native_reference,mamba,16,r7/recurrence_0,recurrence,[],106,92,3801,1906,15,14381,20301,536832,528384
native_reference,mamba,16,r8/recurrence_0,recurrence,[],106,92,3801,1906,15,14457,20377,536832,528384
native_reference,mamba,16,r9/recurrence_0,recurrence,[],106,92,3801,1906,15,14782,20702,536832,528384
native_reference,mamba,16,r10/recurrence_0,recurrence,[],105,91,3801,1906,15,14247,20165,536832,528384
native_reference,mamba,16,r11/recurrence_0,recurrence,[],106,92,3801,1906,15,13883,19803,536832,528384
native_reference,mamba,16,r12/recurrence_0,recurrence,[],106,92,3801,1906,15,14435,20355,536832,528384
native_reference,mamba,16,r13/recurrence_0,recurrence,[],106,92,3801,1906,15,14570,20490,536832,528384
native_reference,mamba,16,r14/recurrence_0,recurrence,[],106,92,3801,1906,15,13990,19910,536832,528384
native_reference,mamba,16,r15/recurrence_0,recurrence,[],106,92,3801,1906,15,14903,20823,536832,528384
native_reference,mamba,16,r0/pack_dt_1,coefficient_layout,[],685,489,420,544,0,352,2490,12288,4096
native_reference,mamba,16,r1/pack_dt_1,coefficient_layout,[],687,491,420,544,0,736,2878,12288,4096
native_reference,mamba,16,r2/pack_dt_1,coefficient_layout,[],687,491,420,544,0,323,2465,12288,4096
native_reference,mamba,16,r3/pack_dt_1,coefficient_layout,[],687,491,420,544,0,304,2446,12288,4096
native_reference,mamba,16,r4/pack_dt_1,coefficient_layout,[],687,491,420,544,0,688,2830,12288,4096
native_reference,mamba,16,r5/pack_dt_1,coefficient_layout,[],687,491,420,544,0,302,2444,12288,4096
native_reference,mamba,16,r6/pack_dt_1,coefficient_layout,[],687,491,420,544,0,330,2472,12288,4096
native_reference,mamba,16,r7/pack_dt_1,coefficient_layout,[],686,490,420,544,0,281,2421,12288,4096
native_reference,mamba,16,r8/pack_dt_1,coefficient_layout,[],687,491,420,544,0,350,2492,12288,4096
native_reference,mamba,16,r9/pack_dt_1,coefficient_layout,[],687,491,420,544,0,359,2501,12288,4096
native_reference,mamba,16,r10/pack_dt_1,coefficient_layout,[],687,491,420,544,0,325,2467,12288,4096
native_reference,mamba,16,r11/pack_dt_1,coefficient_layout,[],687,491,420,544,0,346,2488,12288,4096
native_reference,mamba,16,r12/pack_dt_1,coefficient_layout,[],687,491,420,544,0,268,2410,12288,4096
native_reference,mamba,16,r13/pack_dt_1,coefficient_layout,[],687,491,420,544,0,276,2418,12288,4096
native_reference,mamba,16,r14/pack_dt_1,coefficient_layout,[],687,491,420,544,0,323,2465,12288,4096
native_reference,mamba,16,r15/pack_dt_1,coefficient_layout,[],687,491,420,544,0,689,2831,12288,4096
native_reference,mamba,16,r0/pack_skip_1,coefficient_layout,[],969,701,595,625,0,463,3353,20480,4096
native_reference,mamba,16,r1/pack_skip_1,coefficient_layout,[],972,704,595,625,0,523,3419,20480,4096
native_reference,mamba,16,r2/pack_skip_1,coefficient_layout,[],972,704,595,625,0,450,3346,20480,4096
native_reference,mamba,16,r3/pack_skip_1,coefficient_layout,[],971,703,595,625,0,381,3275,20480,4096
native_reference,mamba,16,r4/pack_skip_1,coefficient_layout,[],972,704,595,625,0,388,3284,20480,4096
native_reference,mamba,16,r5/pack_skip_1,coefficient_layout,[],972,704,595,625,0,816,3712,20480,4096
native_reference,mamba,16,r6/pack_skip_1,coefficient_layout,[],972,704,595,625,0,473,3369,20480,4096
native_reference,mamba,16,r7/pack_skip_1,coefficient_layout,[],971,703,595,625,0,760,3654,20480,4096
native_reference,mamba,16,r8/pack_skip_1,coefficient_layout,[],972,704,595,625,0,835,3731,20480,4096
native_reference,mamba,16,r9/pack_skip_1,coefficient_layout,[],972,704,595,625,0,533,3429,20480,4096
native_reference,mamba,16,r10/pack_skip_1,coefficient_layout,[],972,704,595,625,0,432,3328,20480,4096
native_reference,mamba,16,r11/pack_skip_1,coefficient_layout,[],972,704,595,625,0,441,3337,20480,4096
native_reference,mamba,16,r12/pack_skip_1,coefficient_layout,[],972,704,595,625,0,519,3415,20480,4096
native_reference,mamba,16,r13/pack_skip_1,coefficient_layout,[],972,704,595,625,0,804,3700,20480,4096
native_reference,mamba,16,r14/pack_skip_1,coefficient_layout,[],972,704,595,625,0,397,3293,20480,4096
native_reference,mamba,16,r15/pack_skip_1,coefficient_layout,[],972,704,595,625,0,423,3319,20480,4096
native_reference,mamba,16,r0/recurrence_1,recurrence,[],108,94,3801,1906,15,14797,20721,536832,528384
native_reference,mamba,16,r1/recurrence_1,recurrence,[],108,94,3801,1906,15,14386,20310,536832,528384
native_reference,mamba,16,r2/recurrence_1,recurrence,[],108,94,3801,1906,15,14421,20345,536832,528384
native_reference,mamba,16,r3/recurrence_1,recurrence,[],108,94,3801,1906,15,14891,20815,536832,528384
native_reference,mamba,16,r4/recurrence_1,recurrence,[],108,94,3801,1906,15,14020,19944,536832,528384
native_reference,mamba,16,r5/recurrence_1,recurrence,[],108,94,3801,1906,15,14672,20596,536832,528384
native_reference,mamba,16,r6/recurrence_1,recurrence,[],108,94,3801,1906,15,14363,20287,536832,528384
native_reference,mamba,16,r7/recurrence_1,recurrence,[],108,94,3801,1906,15,14328,20252,536832,528384
native_reference,mamba,16,r8/recurrence_1,recurrence,[],108,94,3801,1906,15,14792,20716,536832,528384
native_reference,mamba,16,r9/recurrence_1,recurrence,[],108,94,3801,1906,15,14854,20778,536832,528384
native_reference,mamba,16,r10/recurrence_1,recurrence,[],108,94,3801,1906,15,14410,20334,536832,528384
native_reference,mamba,16,r11/recurrence_1,recurrence,[],108,94,3801,1906,15,14832,20756,536832,528384
native_reference,mamba,16,r12/recurrence_1,recurrence,[],108,94,3801,1906,15,15197,21121,536832,528384
native_reference,mamba,16,r13/recurrence_1,recurrence,[],108,94,3801,1906,15,13917,19841,536832,528384
native_reference,mamba,16,r14/recurrence_1,recurrence,[],108,94,3801,1906,15,13938,19862,536832,528384
native_reference,mamba,16,r15/recurrence_1,recurrence,[],108,94,3801,1906,15,13835,19759,536832,528384
native_reference,mamba,16,r0/silu_gate,gate_prepare,[],44,27,33,306,0,547,957,20480,8192
native_reference,mamba,16,r1/silu_gate,gate_prepare,[],45,28,33,306,0,536,948,20480,8192
native_reference,mamba,16,r2/silu_gate,gate_prepare,[],45,28,33,306,0,867,1279,20480,8192
native_reference,mamba,16,r3/silu_gate,gate_prepare,[],45,28,33,306,0,563,975,20480,8192
native_reference,mamba,16,r4/silu_gate,gate_prepare,[],45,28,33,306,0,479,891,20480,8192
native_reference,mamba,16,r5/silu_gate,gate_prepare,[],45,28,33,306,0,918,1330,20480,8192
native_reference,mamba,16,r6/silu_gate,gate_prepare,[],45,28,33,306,0,501,913,20480,8192
native_reference,mamba,16,r7/silu_gate,gate_prepare,[],45,28,33,306,0,523,935,20480,8192
native_reference,mamba,16,r8/silu_gate,gate_prepare,[],43,26,33,306,0,501,909,20480,8192
native_reference,mamba,16,r9/silu_gate,gate_prepare,[],45,28,33,306,0,938,1350,20480,8192
native_reference,mamba,16,r10/silu_gate,gate_prepare,[],45,28,33,306,0,498,910,20480,8192
native_reference,mamba,16,r11/silu_gate,gate_prepare,[],45,28,33,306,0,507,919,20480,8192
native_reference,mamba,16,r12/silu_gate,gate_prepare,[],45,28,33,306,0,563,975,20480,8192
native_reference,mamba,16,r13/silu_gate,gate_prepare,[],45,28,33,306,0,838,1250,20480,8192
native_reference,mamba,16,r14/silu_gate,gate_prepare,[],45,28,33,306,0,528,940,20480,8192
native_reference,mamba,16,r15/silu_gate,gate_prepare,[],45,28,33,306,0,479,891,20480,8192
native_reference,mamba,16,r0/gate_product,gate_prepare,[],28,20,12,2,0,438,500,16384,8192
native_reference,mamba,16,r1/gate_product,gate_prepare,[],28,20,12,2,0,525,587,16384,8192
native_reference,mamba,16,r2/gate_product,gate_prepare,[],28,20,12,2,0,824,886,16384,8192
native_reference,mamba,16,r3/gate_product,gate_prepare,[],28,20,12,2,0,387,449,16384,8192
native_reference,mamba,16,r4/gate_product,gate_prepare,[],28,20,12,2,0,415,477,16384,8192
native_reference,mamba,16,r5/gate_product,gate_prepare,[],28,20,12,2,0,491,553,16384,8192
native_reference,mamba,16,r6/gate_product,gate_prepare,[],28,20,12,2,0,543,605,16384,8192
native_reference,mamba,16,r7/gate_product,gate_prepare,[],28,20,12,2,0,497,559,16384,8192
native_reference,mamba,16,r8/gate_product,gate_prepare,[],26,18,12,2,0,395,453,16384,8192
native_reference,mamba,16,r9/gate_product,gate_prepare,[],28,20,12,2,0,765,827,16384,8192
native_reference,mamba,16,r10/gate_product,gate_prepare,[],28,20,12,2,0,525,587,16384,8192
native_reference,mamba,16,r11/gate_product,gate_prepare,[],28,20,12,2,0,541,603,16384,8192
native_reference,mamba,16,r12/gate_product,gate_prepare,[],28,20,12,2,0,441,503,16384,8192
native_reference,mamba,16,r13/gate_product,gate_prepare,[],28,20,12,2,0,455,517,16384,8192
native_reference,mamba,16,r14/gate_product,gate_prepare,[],28,20,12,2,0,489,551,16384,8192
native_reference,mamba,16,r15/gate_product,gate_prepare,[],28,20,12,2,0,841,903,16384,8192
native_reference,mamba,16,r0/gated_rms,norm,[],215,161,110,128,0,922,1536,49152,8192
native_reference,mamba,16,r1/gated_rms,norm,[],217,163,110,128,0,1003,1621,49152,8192
native_reference,mamba,16,r2/gated_rms,norm,[],217,163,110,128,0,1407,2025,49152,8192
native_reference,mamba,16,r3/gated_rms,norm,[],217,163,110,128,0,1107,1725,49152,8192
native_reference,mamba,16,r4/gated_rms,norm,[],217,163,110,128,0,1463,2081,49152,8192
native_reference,mamba,16,r5/gated_rms,norm,[],217,163,110,128,0,1165,1783,49152,8192
native_reference,mamba,16,r6/gated_rms,norm,[],217,163,110,128,0,1458,2076,49152,8192
native_reference,mamba,16,r7/gated_rms,norm,[],217,163,110,128,0,964,1582,49152,8192
native_reference,mamba,16,r8/gated_rms,norm,[],217,163,110,128,0,1484,2102,49152,8192
native_reference,mamba,16,r9/gated_rms,norm,[],217,163,110,128,0,934,1552,49152,8192
native_reference,mamba,16,r10/gated_rms,norm,[],217,163,110,128,0,1365,1983,49152,8192
native_reference,mamba,16,r11/gated_rms,norm,[],217,163,110,128,0,1152,1770,49152,8192
native_reference,mamba,16,r12/gated_rms,norm,[],217,163,110,128,0,1500,2118,49152,8192
native_reference,mamba,16,r13/gated_rms,norm,[],217,163,110,128,0,1089,1707,49152,8192
native_reference,mamba,16,r14/gated_rms,norm,[],217,163,110,128,0,1532,2150,49152,8192
native_reference,mamba,16,r15/gated_rms,norm,[],217,163,110,128,0,1108,1726,49152,8192
native_reference,mamba,16,r0/norm_weight,norm,[],28,20,12,2,0,362,424,16384,8192
native_reference,mamba,16,r1/norm_weight,norm,[],28,20,12,2,0,460,522,16384,8192
native_reference,mamba,16,r2/norm_weight,norm,[],28,20,12,2,0,795,857,16384,8192
native_reference,mamba,16,r3/norm_weight,norm,[],28,20,12,2,0,381,443,16384,8192
native_reference,mamba,16,r4/norm_weight,norm,[],28,20,12,2,0,455,517,16384,8192
native_reference,mamba,16,r5/norm_weight,norm,[],28,20,12,2,0,469,531,16384,8192
native_reference,mamba,16,r6/norm_weight,norm,[],28,20,12,2,0,470,532,16384,8192
native_reference,mamba,16,r7/norm_weight,norm,[],28,20,12,2,0,442,504,16384,8192
native_reference,mamba,16,r8/norm_weight,norm,[],28,20,12,2,0,458,520,16384,8192
native_reference,mamba,16,r9/norm_weight,norm,[],28,20,12,2,0,780,842,16384,8192
native_reference,mamba,16,r10/norm_weight,norm,[],28,20,12,2,0,445,507,16384,8192
native_reference,mamba,16,r11/norm_weight,norm,[],28,20,12,2,0,419,481,16384,8192
native_reference,mamba,16,r12/norm_weight,norm,[],28,20,12,2,0,486,548,16384,8192
native_reference,mamba,16,r13/norm_weight,norm,[],28,20,12,2,0,415,477,16384,8192
native_reference,mamba,16,r14/norm_weight,norm,[],28,20,12,2,0,460,522,16384,8192
native_reference,mamba,16,r15/norm_weight,norm,[],26,18,12,2,0,428,486,16384,8192
native_reference,mamba,16,output_projection,output_projection,"[16,2688,4096]",145178,102821,886389,5505024,0,1998461,8637873,96292864,131072
native_reference,kda,1,input_norm,norm,[],94,62,52,60,0,948,1216,49152,16384
native_reference,kda,1,q_projection,input_projections,"[1,12288,7168]",55031,33103,473896,2752512,0,3426070,6740612,176300032,24576
native_reference,kda,1,k_projection,input_projections,"[1,12288,7168]",55038,33110,473896,2752512,0,3429224,6743780,176300032,24576
native_reference,kda,1,v_projection,input_projections,"[1,12288,7168]",55038,33110,473896,2752512,0,3429561,6744117,176300032,24576
native_reference,kda,1,f_a_projection,input_projections,"[1,128,7168]",668,410,4966,28672,0,37735,72451,1953792,4096
native_reference,kda,1,b_projection,input_projections,"[1,96,7168]",525,324,3732,21504,0,24567,50652,1495040,4096
native_reference,kda,1,g_projection,input_projections,"[1,12288,7168]",55038,33110,473896,2752512,0,3429597,6744153,176300032,24576
native_reference,kda,1,f_b_projection,input_projections,"[1,12288,128]",2740,1575,10765,98304,0,69702,183086,3174400,24576
native_reference,kda,1,q_conv,conv,[],501,350,283,960,0,7471,9565,200704,122880
native_reference,kda,1,k_conv,conv,[],501,350,283,960,0,5377,7471,200704,122880
native_reference,kda,1,v_conv,conv,[],501,350,283,960,0,5132,7226,200704,122880
native_reference,kda,1,q_norm,norm,[],2271,1677,1266,1536,0,9727,16477,442368,24576
native_reference,kda,1,k_norm,norm,[],2271,1677,1266,1536,0,9640,16390,442368,24576
native_reference,kda,1,decay_beta,gate_prepare,[],628,411,529,2790,0,4095,8453,126976,49152
native_reference,kda,1,pack_beta_0,coefficient_layout,[],349,249,212,272,0,489,1571,12288,4096
native_reference,kda,1,recurrence_0,recurrence,[],105,90,5676,3992,292,14378,24533,540736,528384
native_reference,kda,1,pack_beta_1,coefficient_layout,[],349,249,212,272,0,336,1418,12288,4096
native_reference,kda,1,recurrence_1,recurrence,[],105,90,5676,3992,292,15154,25309,540736,528384
native_reference,kda,1,pack_beta_2,coefficient_layout,[],349,249,212,272,0,373,1455,12288,4096
native_reference,kda,1,recurrence_2,recurrence,[],105,90,5676,3992,292,14297,24452,540736,528384
native_reference,kda,1,pack_beta_3,coefficient_layout,[],349,249,212,272,0,334,1416,12288,4096
native_reference,kda,1,recurrence_3,recurrence,[],105,90,5676,3992,292,14169,24324,540736,528384
native_reference,kda,1,pack_beta_4,coefficient_layout,[],349,249,212,272,0,310,1392,12288,4096
native_reference,kda,1,recurrence_4,recurrence,[],105,90,5676,3992,292,14657,24812,540736,528384
native_reference,kda,1,pack_beta_5,coefficient_layout,[],349,249,212,272,0,306,1388,12288,4096
native_reference,kda,1,recurrence_5,recurrence,[],105,90,5676,3992,292,14787,24942,540736,528384
native_reference,kda,1,output_rms,norm,[],2271,1677,1266,1536,0,9836,16586,442368,24576
native_reference,kda,1,output_norm_weight,norm,[],80,56,36,6,0,1059,1237,49152,24576
native_reference,kda,1,output_gate,gate_prepare,[],124,75,97,918,0,1532,2746,53248,24576
native_reference,kda,1,output_projection,output_projection,"[1,7168,12288]",54654,32870,473592,2752512,0,3429461,6743089,176373760,16384
native_reference,kda,2,r0/input_norm,norm,[],94,62,52,60,0,948,1216,49152,16384
native_reference,kda,2,r1/input_norm,norm,[],110,78,52,60,0,1099,1399,49152,16384
native_reference,kda,2,q_projection,input_projections,"[2,12288,7168]",110859,77372,905167,5505024,0,3202705,9801127,178008064,49152
native_reference,kda,2,k_projection,input_projections,"[2,12288,7168]",110866,77379,905167,5505024,0,3210150,9808586,178008064,49152
native_reference,kda,2,v_projection,input_projections,"[2,12288,7168]",110866,77379,905167,5505024,0,3218319,9816755,178008064,49152
native_reference,kda,2,f_a_projection,input_projections,"[2,128,7168]",1361,954,9487,57344,0,37328,106474,2084864,8192
native_reference,kda,2,b_projection,input_projections,"[2,96,7168]",1073,753,7130,43008,0,26145,78109,1622016,8192
native_reference,kda,2,g_projection,input_projections,"[2,12288,7168]",110866,77379,905167,5505024,0,3207865,9806301,178008064,49152
native_reference,kda,2,f_b_projection,input_projections,"[2,12288,128]",5083,3137,20762,196608,0,74730,300320,3203072,49152
native_reference,kda,2,r0/q_conv,conv,[],501,350,283,960,0,7352,9446,200704,122880
native_reference,kda,2,r1/q_conv,conv,[],502,351,283,960,0,4451,6547,200704,122880
native_reference,kda,2,r0/k_conv,conv,[],501,350,283,960,0,5473,7567,200704,122880
native_reference,kda,2,r1/k_conv,conv,[],502,351,283,960,0,7194,9290,200704,122880
native_reference,kda,2,r0/v_conv,conv,[],501,350,283,960,0,4985,7079,200704,122880
native_reference,kda,2,r1/v_conv,conv,[],502,351,283,960,0,5490,7586,200704,122880
native_reference,kda,2,r0/q_norm,norm,[],2271,1677,1266,1536,0,10249,16999,442368,24576
native_reference,kda,2,r1/q_norm,norm,[],2373,1779,1266,1536,0,10049,17003,442368,24576
native_reference,kda,2,r0/k_norm,norm,[],2271,1677,1266,1536,0,9739,16489,442368,24576
native_reference,kda,2,r1/k_norm,norm,[],2373,1779,1266,1536,0,10418,17372,442368,24576
native_reference,kda,2,r0/decay_beta,gate_prepare,[],628,411,529,2790,0,3993,8351,126976,49152
native_reference,kda,2,r1/decay_beta,gate_prepare,[],635,418,529,2790,0,4338,8710,126976,49152
native_reference,kda,2,r0/pack_beta_0,coefficient_layout,[],349,249,212,272,0,712,1794,12288,4096
native_reference,kda,2,r1/pack_beta_0,coefficient_layout,[],351,251,212,272,0,357,1443,12288,4096
native_reference,kda,2,r0/recurrence_0,recurrence,[],105,90,5676,3992,292,14173,24328,540736,528384
native_reference,kda,2,r1/recurrence_0,recurrence,[],105,90,5676,3992,292,14780,24935,540736,528384
native_reference,kda,2,r0/pack_beta_1,coefficient_layout,[],349,249,212,272,0,289,1371,12288,4096
native_reference,kda,2,r1/pack_beta_1,coefficient_layout,[],351,251,212,272,0,374,1460,12288,4096
native_reference,kda,2,r0/recurrence_1,recurrence,[],105,90,5676,3992,292,14955,25110,540736,528384
native_reference,kda,2,r1/recurrence_1,recurrence,[],105,90,5676,3992,292,14410,24565,540736,528384
native_reference,kda,2,r0/pack_beta_2,coefficient_layout,[],349,249,212,272,0,364,1446,12288,4096
native_reference,kda,2,r1/pack_beta_2,coefficient_layout,[],351,251,212,272,0,711,1797,12288,4096
native_reference,kda,2,r0/recurrence_2,recurrence,[],105,90,5676,3992,292,13854,24009,540736,528384
native_reference,kda,2,r1/recurrence_2,recurrence,[],105,90,5676,3992,292,14920,25075,540736,528384
native_reference,kda,2,r0/pack_beta_3,coefficient_layout,[],349,249,212,272,0,704,1786,12288,4096
native_reference,kda,2,r1/pack_beta_3,coefficient_layout,[],351,251,212,272,0,322,1408,12288,4096
native_reference,kda,2,r0/recurrence_3,recurrence,[],105,90,5676,3992,292,14695,24850,540736,528384
native_reference,kda,2,r1/recurrence_3,recurrence,[],105,90,5676,3992,292,13864,24019,540736,528384
native_reference,kda,2,r0/pack_beta_4,coefficient_layout,[],349,249,212,272,0,372,1454,12288,4096
native_reference,kda,2,r1/pack_beta_4,coefficient_layout,[],351,251,212,272,0,461,1547,12288,4096
native_reference,kda,2,r0/recurrence_4,recurrence,[],105,90,5676,3992,292,14384,24539,540736,528384
native_reference,kda,2,r1/recurrence_4,recurrence,[],105,90,5676,3992,292,14375,24530,540736,528384
native_reference,kda,2,r0/pack_beta_5,coefficient_layout,[],349,249,212,272,0,547,1629,12288,4096
native_reference,kda,2,r1/pack_beta_5,coefficient_layout,[],351,251,212,272,0,326,1412,12288,4096
native_reference,kda,2,r0/recurrence_5,recurrence,[],105,90,5676,3992,292,14867,25022,540736,528384
native_reference,kda,2,r1/recurrence_5,recurrence,[],105,90,5676,3992,292,14829,24984,540736,528384
native_reference,kda,2,r0/output_rms,norm,[],2271,1677,1266,1536,0,9690,16440,442368,24576
native_reference,kda,2,r1/output_rms,norm,[],2373,1779,1266,1536,0,10219,17173,442368,24576
native_reference,kda,2,r0/output_norm_weight,norm,[],80,56,36,6,0,1579,1757,49152,24576
native_reference,kda,2,r1/output_norm_weight,norm,[],80,56,36,6,0,1246,1424,49152,24576
native_reference,kda,2,r0/output_gate,gate_prepare,[],124,75,97,918,0,1780,2994,53248,24576
native_reference,kda,2,r1/output_gate,gate_prepare,[],125,76,97,918,0,1670,2886,53248,24576
native_reference,kda,2,output_projection,output_projection,"[2,7168,12288]",145428,103469,913319,5505024,0,3823733,10490973,214036480,32768
native_reference,kda,4,r0/input_norm,norm,[],94,62,52,60,0,948,1216,49152,16384
native_reference,kda,4,r1/input_norm,norm,[],110,78,52,60,0,1099,1399,49152,16384
native_reference,kda,4,r2/input_norm,norm,[],110,78,52,60,0,1464,1764,49152,16384
native_reference,kda,4,r3/input_norm,norm,[],110,78,52,60,0,995,1295,49152,16384
native_reference,kda,4,q_projection,input_projections,"[4,12288,7168]",260697,182644,1789157,11010048,0,5014060,18256606,269275136,98304
native_reference,kda,4,k_projection,input_projections,"[4,12288,7168]",260704,182651,1789157,11010048,0,5022297,18264857,269275136,98304
native_reference,kda,4,v_projection,input_projections,"[4,12288,7168]",260704,182651,1789157,11010048,0,5017250,18259810,269275136,98304
native_reference,kda,4,f_a_projection,input_projections,"[4,128,7168]",2939,2066,18697,114688,0,57498,195888,3035136,16384
native_reference,kda,4,b_projection,input_projections,"[4,96,7168]",2261,1591,14038,86016,0,41159,145065,2334720,16384
native_reference,kda,4,g_projection,input_projections,"[4,12288,7168]",260704,182651,1789157,11010048,0,5014138,18256698,269275136,98304
native_reference,kda,4,f_b_projection,input_projections,"[4,12288,128]",9003,5495,40756,393216,0,62893,511363,3260416,98304
native_reference,kda,4,r0/q_conv,conv,[],501,350,283,960,0,7647,9741,200704,122880
native_reference,kda,4,r1/q_conv,conv,[],502,351,283,960,0,4464,6560,200704,122880
native_reference,kda,4,r2/q_conv,conv,[],502,351,283,960,0,5270,7366,200704,122880
native_reference,kda,4,r3/q_conv,conv,[],502,351,283,960,0,7105,9201,200704,122880
native_reference,kda,4,r0/k_conv,conv,[],501,350,283,960,0,4956,7050,200704,122880
native_reference,kda,4,r1/k_conv,conv,[],502,351,283,960,0,7492,9588,200704,122880
native_reference,kda,4,r2/k_conv,conv,[],502,351,283,960,0,5624,7720,200704,122880
native_reference,kda,4,r3/k_conv,conv,[],502,351,283,960,0,5727,7823,200704,122880
native_reference,kda,4,r0/v_conv,conv,[],501,350,283,960,0,5347,7441,200704,122880
native_reference,kda,4,r1/v_conv,conv,[],502,351,283,960,0,5569,7665,200704,122880
native_reference,kda,4,r2/v_conv,conv,[],502,351,283,960,0,6097,8193,200704,122880
native_reference,kda,4,r3/v_conv,conv,[],502,351,283,960,0,5856,7952,200704,122880
native_reference,kda,4,r0/q_norm,norm,[],2271,1677,1266,1536,0,9777,16527,442368,24576
native_reference,kda,4,r1/q_norm,norm,[],2373,1779,1266,1536,0,9929,16883,442368,24576
native_reference,kda,4,r2/q_norm,norm,[],2373,1779,1266,1536,0,9862,16816,442368,24576
native_reference,kda,4,r3/q_norm,norm,[],2373,1779,1266,1536,0,9513,16467,442368,24576
native_reference,kda,4,r0/k_norm,norm,[],2271,1677,1266,1536,0,9669,16419,442368,24576
native_reference,kda,4,r1/k_norm,norm,[],2373,1779,1266,1536,0,10454,17408,442368,24576
native_reference,kda,4,r2/k_norm,norm,[],2373,1779,1266,1536,0,9790,16744,442368,24576
native_reference,kda,4,r3/k_norm,norm,[],2373,1779,1266,1536,0,9752,16706,442368,24576
native_reference,kda,4,r0/decay_beta,gate_prepare,[],628,411,529,2790,0,3729,8087,126976,49152
native_reference,kda,4,r1/decay_beta,gate_prepare,[],635,418,529,2790,0,4132,8504,126976,49152
native_reference,kda,4,r2/decay_beta,gate_prepare,[],635,418,529,2790,0,4249,8621,126976,49152
native_reference,kda,4,r3/decay_beta,gate_prepare,[],635,418,529,2790,0,4320,8692,126976,49152
native_reference,kda,4,r0/pack_beta_0,coefficient_layout,[],349,249,212,272,0,314,1396,12288,4096
native_reference,kda,4,r1/pack_beta_0,coefficient_layout,[],351,251,212,272,0,374,1460,12288,4096
native_reference,kda,4,r2/pack_beta_0,coefficient_layout,[],351,251,212,272,0,320,1406,12288,4096
native_reference,kda,4,r3/pack_beta_0,coefficient_layout,[],351,251,212,272,0,402,1488,12288,4096
native_reference,kda,4,r0/recurrence_0,recurrence,[],105,90,5676,3992,292,14848,25003,540736,528384
native_reference,kda,4,r1/recurrence_0,recurrence,[],105,90,5676,3992,292,14279,24434,540736,528384
native_reference,kda,4,r2/recurrence_0,recurrence,[],105,90,5676,3992,292,14634,24789,540736,528384
native_reference,kda,4,r3/recurrence_0,recurrence,[],105,90,5676,3992,292,14776,24931,540736,528384
native_reference,kda,4,r0/pack_beta_1,coefficient_layout,[],349,249,212,272,0,362,1444,12288,4096
native_reference,kda,4,r1/pack_beta_1,coefficient_layout,[],351,251,212,272,0,555,1641,12288,4096
native_reference,kda,4,r2/pack_beta_1,coefficient_layout,[],351,251,212,272,0,275,1361,12288,4096
native_reference,kda,4,r3/pack_beta_1,coefficient_layout,[],351,251,212,272,0,374,1460,12288,4096
native_reference,kda,4,r0/recurrence_1,recurrence,[],105,90,5676,3992,292,14964,25119,540736,528384
native_reference,kda,4,r1/recurrence_1,recurrence,[],105,90,5676,3992,292,14410,24565,540736,528384
native_reference,kda,4,r2/recurrence_1,recurrence,[],105,90,5676,3992,292,14898,25053,540736,528384
native_reference,kda,4,r3/recurrence_1,recurrence,[],105,90,5676,3992,292,14826,24981,540736,528384
native_reference,kda,4,r0/pack_beta_2,coefficient_layout,[],349,249,212,272,0,364,1446,12288,4096
native_reference,kda,4,r1/pack_beta_2,coefficient_layout,[],351,251,212,272,0,374,1460,12288,4096
native_reference,kda,4,r2/pack_beta_2,coefficient_layout,[],351,251,212,272,0,288,1374,12288,4096
native_reference,kda,4,r3/pack_beta_2,coefficient_layout,[],351,251,212,272,0,372,1458,12288,4096
native_reference,kda,4,r0/recurrence_2,recurrence,[],105,90,5676,3992,292,14778,24933,540736,528384
native_reference,kda,4,r1/recurrence_2,recurrence,[],105,90,5676,3992,292,14540,24695,540736,528384
native_reference,kda,4,r2/recurrence_2,recurrence,[],105,90,5676,3992,292,14640,24795,540736,528384
native_reference,kda,4,r3/recurrence_2,recurrence,[],105,90,5676,3992,292,14717,24872,540736,528384
native_reference,kda,4,r0/pack_beta_3,coefficient_layout,[],349,249,212,272,0,362,1444,12288,4096
native_reference,kda,4,r1/pack_beta_3,coefficient_layout,[],351,251,212,272,0,494,1580,12288,4096
native_reference,kda,4,r2/pack_beta_3,coefficient_layout,[],351,251,212,272,0,281,1367,12288,4096
native_reference,kda,4,r3/pack_beta_3,coefficient_layout,[],351,251,212,272,0,374,1460,12288,4096
native_reference,kda,4,r0/recurrence_3,recurrence,[],105,90,5676,3992,292,14829,24984,540736,528384
native_reference,kda,4,r1/recurrence_3,recurrence,[],105,90,5676,3992,292,14355,24510,540736,528384
native_reference,kda,4,r2/recurrence_3,recurrence,[],105,90,5676,3992,292,14071,24226,540736,528384
native_reference,kda,4,r3/recurrence_3,recurrence,[],105,90,5676,3992,292,14262,24417,540736,528384
native_reference,kda,4,r0/pack_beta_4,coefficient_layout,[],349,249,212,272,0,667,1749,12288,4096
native_reference,kda,4,r1/pack_beta_4,coefficient_layout,[],351,251,212,272,0,351,1437,12288,4096
native_reference,kda,4,r2/pack_beta_4,coefficient_layout,[],351,251,212,272,0,344,1430,12288,4096
native_reference,kda,4,r3/pack_beta_4,coefficient_layout,[],351,251,212,272,0,323,1409,12288,4096
native_reference,kda,4,r0/recurrence_4,recurrence,[],105,90,5676,3992,292,14622,24777,540736,528384
native_reference,kda,4,r1/recurrence_4,recurrence,[],105,90,5676,3992,292,14630,24785,540736,528384
native_reference,kda,4,r2/recurrence_4,recurrence,[],105,90,5676,3992,292,14374,24529,540736,528384
native_reference,kda,4,r3/recurrence_4,recurrence,[],105,90,5676,3992,292,14782,24937,540736,528384
native_reference,kda,4,r0/pack_beta_5,coefficient_layout,[],349,249,212,272,0,723,1805,12288,4096
native_reference,kda,4,r1/pack_beta_5,coefficient_layout,[],351,251,212,272,0,326,1412,12288,4096
native_reference,kda,4,r2/pack_beta_5,coefficient_layout,[],351,251,212,272,0,291,1377,12288,4096
native_reference,kda,4,r3/pack_beta_5,coefficient_layout,[],351,251,212,272,0,343,1429,12288,4096
native_reference,kda,4,r0/recurrence_5,recurrence,[],105,90,5676,3992,292,14847,25002,540736,528384
native_reference,kda,4,r1/recurrence_5,recurrence,[],105,90,5676,3992,292,14819,24974,540736,528384
native_reference,kda,4,r2/recurrence_5,recurrence,[],105,90,5676,3992,292,14281,24436,540736,528384
native_reference,kda,4,r3/recurrence_5,recurrence,[],105,90,5676,3992,292,15398,25553,540736,528384
native_reference,kda,4,r0/output_rms,norm,[],2271,1677,1266,1536,0,9444,16194,442368,24576
native_reference,kda,4,r1/output_rms,norm,[],2373,1779,1266,1536,0,10109,17063,442368,24576
native_reference,kda,4,r2/output_rms,norm,[],2373,1779,1266,1536,0,9800,16754,442368,24576
native_reference,kda,4,r3/output_rms,norm,[],2373,1779,1266,1536,0,9931,16885,442368,24576
native_reference,kda,4,r0/output_norm_weight,norm,[],80,56,36,6,0,1098,1276,49152,24576
native_reference,kda,4,r1/output_norm_weight,norm,[],80,56,36,6,0,1246,1424,49152,24576
native_reference,kda,4,r2/output_norm_weight,norm,[],80,56,36,6,0,1803,1981,49152,24576
native_reference,kda,4,r3/output_norm_weight,norm,[],80,56,36,6,0,1163,1341,49152,24576
native_reference,kda,4,r0/output_gate,gate_prepare,[],124,75,97,918,0,1563,2777,53248,24576
native_reference,kda,4,r1/output_gate,gate_prepare,[],125,76,97,918,0,1848,3064,53248,24576
native_reference,kda,4,r2/output_gate,gate_prepare,[],125,76,97,918,0,1383,2599,53248,24576
native_reference,kda,4,r3/output_gate,gate_prepare,[],125,76,97,918,0,1641,2857,53248,24576
native_reference,kda,4,output_projection,output_projection,"[4,7168,12288]",298684,212807,1796341,11010048,0,5659673,18977553,303976448,65536
native_reference,kda,8,r0/input_norm,norm,[],94,62,52,60,0,948,1216,49152,16384
native_reference,kda,8,r1/input_norm,norm,[],110,78,52,60,0,1099,1399,49152,16384
native_reference,kda,8,r2/input_norm,norm,[],110,78,52,60,0,1464,1764,49152,16384
native_reference,kda,8,r3/input_norm,norm,[],110,78,52,60,0,995,1295,49152,16384
native_reference,kda,8,r4/input_norm,norm,[],110,78,52,60,0,1091,1391,49152,16384
native_reference,kda,8,r5/input_norm,norm,[],110,78,52,60,0,1510,1810,49152,16384
native_reference,kda,8,r6/input_norm,norm,[],110,78,52,60,0,1085,1385,49152,16384
native_reference,kda,8,r7/input_norm,norm,[],110,78,52,60,0,1122,1422,49152,16384
native_reference,kda,8,q_projection,input_projections,"[8,12288,7168]",568416,401231,3557137,22020096,0,9025842,35572722,451809280,196608
native_reference,kda,8,k_projection,input_projections,"[8,12288,7168]",568423,401238,3557137,22020096,0,9025543,35572437,451809280,196608
native_reference,kda,8,v_projection,input_projections,"[8,12288,7168]",568423,401238,3557137,22020096,0,9029709,35576603,451809280,196608
native_reference,kda,8,f_a_projection,input_projections,"[8,128,7168]",6158,4353,37117,229376,0,100878,377882,4935680,32768
native_reference,kda,8,b_projection,input_projections,"[8,96,7168]",4679,3309,27854,172032,0,73660,281534,3760128,32768
native_reference,kda,8,g_projection,input_projections,"[8,12288,7168]",568423,401238,3557137,22020096,0,9029711,35576605,451809280,196608
native_reference,kda,8,f_b_projection,input_projections,"[8,12288,128]",16843,10211,80744,786432,0,112171,1006401,3375104,196608
native_reference,kda,8,r0/q_conv,conv,[],501,350,283,960,0,7555,9649,200704,122880
native_reference,kda,8,r1/q_conv,conv,[],502,351,283,960,0,5083,7179,200704,122880
native_reference,kda,8,r2/q_conv,conv,[],502,351,283,960,0,4661,6757,200704,122880
native_reference,kda,8,r3/q_conv,conv,[],502,351,283,960,0,7090,9186,200704,122880
native_reference,kda,8,r4/q_conv,conv,[],502,351,283,960,0,4432,6528,200704,122880
native_reference,kda,8,r5/q_conv,conv,[],502,351,283,960,0,5276,7372,200704,122880
native_reference,kda,8,r6/q_conv,conv,[],502,351,283,960,0,7225,9321,200704,122880
native_reference,kda,8,r7/q_conv,conv,[],502,351,283,960,0,4226,6322,200704,122880
native_reference,kda,8,r0/k_conv,conv,[],501,350,283,960,0,5440,7534,200704,122880
native_reference,kda,8,r1/k_conv,conv,[],502,351,283,960,0,7445,9541,200704,122880
native_reference,kda,8,r2/k_conv,conv,[],502,351,283,960,0,5555,7651,200704,122880
native_reference,kda,8,r3/k_conv,conv,[],502,351,283,960,0,5627,7723,200704,122880
native_reference,kda,8,r4/k_conv,conv,[],502,351,283,960,0,6866,8962,200704,122880
native_reference,kda,8,r5/k_conv,conv,[],502,351,283,960,0,5653,7749,200704,122880
native_reference,kda,8,r6/k_conv,conv,[],502,351,283,960,0,5500,7596,200704,122880
native_reference,kda,8,r7/k_conv,conv,[],502,351,283,960,0,6632,8728,200704,122880
native_reference,kda,8,r0/v_conv,conv,[],501,350,283,960,0,5503,7597,200704,122880
native_reference,kda,8,r1/v_conv,conv,[],502,351,283,960,0,5663,7759,200704,122880
native_reference,kda,8,r2/v_conv,conv,[],502,351,283,960,0,6206,8302,200704,122880
native_reference,kda,8,r3/v_conv,conv,[],502,351,283,960,0,5748,7844,200704,122880
native_reference,kda,8,r4/v_conv,conv,[],502,351,283,960,0,5445,7541,200704,122880
native_reference,kda,8,r5/v_conv,conv,[],502,351,283,960,0,5560,7656,200704,122880
native_reference,kda,8,r6/v_conv,conv,[],502,351,283,960,0,6359,8455,200704,122880
native_reference,kda,8,r7/v_conv,conv,[],502,351,283,960,0,5612,7708,200704,122880
native_reference,kda,8,r0/q_norm,norm,[],2271,1677,1266,1536,0,10139,16889,442368,24576
native_reference,kda,8,r1/q_norm,norm,[],2373,1779,1266,1536,0,9997,16951,442368,24576
native_reference,kda,8,r2/q_norm,norm,[],2373,1779,1266,1536,0,9801,16755,442368,24576
native_reference,kda,8,r3/q_norm,norm,[],2373,1779,1266,1536,0,9595,16549,442368,24576
native_reference,kda,8,r4/q_norm,norm,[],2373,1779,1266,1536,0,10919,17873,442368,24576
native_reference,kda,8,r5/q_norm,norm,[],2373,1779,1266,1536,0,9682,16636,442368,24576
native_reference,kda,8,r6/q_norm,norm,[],2373,1779,1266,1536,0,10072,17026,442368,24576
native_reference,kda,8,r7/q_norm,norm,[],2373,1779,1266,1536,0,10638,17592,442368,24576
native_reference,kda,8,r0/k_norm,norm,[],2271,1677,1266,1536,0,9500,16250,442368,24576
native_reference,kda,8,r1/k_norm,norm,[],2373,1779,1266,1536,0,10540,17494,442368,24576
native_reference,kda,8,r2/k_norm,norm,[],2373,1779,1266,1536,0,9913,16867,442368,24576
native_reference,kda,8,r3/k_norm,norm,[],2373,1779,1266,1536,0,9750,16704,442368,24576
native_reference,kda,8,r4/k_norm,norm,[],2373,1779,1266,1536,0,10994,17948,442368,24576
native_reference,kda,8,r5/k_norm,norm,[],2373,1779,1266,1536,0,9609,16563,442368,24576
native_reference,kda,8,r6/k_norm,norm,[],2373,1779,1266,1536,0,10205,17159,442368,24576
native_reference,kda,8,r7/k_norm,norm,[],2373,1779,1266,1536,0,10674,17628,442368,24576
native_reference,kda,8,r0/decay_beta,gate_prepare,[],628,411,529,2790,0,3650,8008,126976,49152
native_reference,kda,8,r1/decay_beta,gate_prepare,[],635,418,529,2790,0,4132,8504,126976,49152
native_reference,kda,8,r2/decay_beta,gate_prepare,[],635,418,529,2790,0,4249,8621,126976,49152
native_reference,kda,8,r3/decay_beta,gate_prepare,[],635,418,529,2790,0,4320,8692,126976,49152
native_reference,kda,8,r4/decay_beta,gate_prepare,[],635,418,529,2790,0,4403,8775,126976,49152
native_reference,kda,8,r5/decay_beta,gate_prepare,[],635,418,529,2790,0,3973,8345,126976,49152
native_reference,kda,8,r6/decay_beta,gate_prepare,[],635,418,529,2790,0,4593,8965,126976,49152
native_reference,kda,8,r7/decay_beta,gate_prepare,[],635,418,529,2790,0,3765,8137,126976,49152
native_reference,kda,8,r0/pack_beta_0,coefficient_layout,[],349,249,212,272,0,331,1413,12288,4096
native_reference,kda,8,r1/pack_beta_0,coefficient_layout,[],351,251,212,272,0,384,1470,12288,4096
native_reference,kda,8,r2/pack_beta_0,coefficient_layout,[],351,251,212,272,0,693,1779,12288,4096
native_reference,kda,8,r3/pack_beta_0,coefficient_layout,[],351,251,212,272,0,357,1443,12288,4096
native_reference,kda,8,r4/pack_beta_0,coefficient_layout,[],351,251,212,272,0,314,1400,12288,4096
native_reference,kda,8,r5/pack_beta_0,coefficient_layout,[],351,251,212,272,0,357,1443,12288,4096
native_reference,kda,8,r6/pack_beta_0,coefficient_layout,[],351,251,212,272,0,336,1422,12288,4096
native_reference,kda,8,r7/pack_beta_0,coefficient_layout,[],351,251,212,272,0,350,1436,12288,4096
native_reference,kda,8,r0/recurrence_0,recurrence,[],105,90,5676,3992,292,14126,24281,540736,528384
native_reference,kda,8,r1/recurrence_0,recurrence,[],105,90,5676,3992,292,14227,24382,540736,528384
native_reference,kda,8,r2/recurrence_0,recurrence,[],105,90,5676,3992,292,15284,25439,540736,528384
native_reference,kda,8,r3/recurrence_0,recurrence,[],105,90,5676,3992,292,14212,24367,540736,528384
native_reference,kda,8,r4/recurrence_0,recurrence,[],105,90,5676,3992,292,14876,25031,540736,528384
native_reference,kda,8,r5/recurrence_0,recurrence,[],105,90,5676,3992,292,14795,24950,540736,528384
native_reference,kda,8,r6/recurrence_0,recurrence,[],105,90,5676,3992,292,14153,24308,540736,528384
native_reference,kda,8,r7/recurrence_0,recurrence,[],105,90,5676,3992,292,15022,25177,540736,528384
native_reference,kda,8,r0/pack_beta_1,coefficient_layout,[],349,249,212,272,0,690,1772,12288,4096
native_reference,kda,8,r1/pack_beta_1,coefficient_layout,[],351,251,212,272,0,372,1458,12288,4096
native_reference,kda,8,r2/pack_beta_1,coefficient_layout,[],351,251,212,272,0,303,1389,12288,4096
native_reference,kda,8,r3/pack_beta_1,coefficient_layout,[],351,251,212,272,0,347,1433,12288,4096
native_reference,kda,8,r4/pack_beta_1,coefficient_layout,[],351,251,212,272,0,321,1407,12288,4096
native_reference,kda,8,r5/pack_beta_1,coefficient_layout,[],351,251,212,272,0,344,1430,12288,4096
native_reference,kda,8,r6/pack_beta_1,coefficient_layout,[],351,251,212,272,0,306,1392,12288,4096
native_reference,kda,8,r7/pack_beta_1,coefficient_layout,[],351,251,212,272,0,324,1410,12288,4096
native_reference,kda,8,r0/recurrence_1,recurrence,[],105,90,5676,3992,292,14714,24869,540736,528384
native_reference,kda,8,r1/recurrence_1,recurrence,[],105,90,5676,3992,292,14437,24592,540736,528384
native_reference,kda,8,r2/recurrence_1,recurrence,[],105,90,5676,3992,292,15382,25537,540736,528384
native_reference,kda,8,r3/recurrence_1,recurrence,[],105,90,5676,3992,292,14437,24592,540736,528384
native_reference,kda,8,r4/recurrence_1,recurrence,[],105,90,5676,3992,292,14964,25119,540736,528384
native_reference,kda,8,r5/recurrence_1,recurrence,[],105,90,5676,3992,292,14833,24988,540736,528384
native_reference,kda,8,r6/recurrence_1,recurrence,[],105,90,5676,3992,292,14173,24328,540736,528384
native_reference,kda,8,r7/recurrence_1,recurrence,[],105,90,5676,3992,292,15393,25548,540736,528384
native_reference,kda,8,r0/pack_beta_2,coefficient_layout,[],349,249,212,272,0,315,1397,12288,4096
native_reference,kda,8,r1/pack_beta_2,coefficient_layout,[],351,251,212,272,0,356,1442,12288,4096
native_reference,kda,8,r2/pack_beta_2,coefficient_layout,[],351,251,212,272,0,305,1391,12288,4096
native_reference,kda,8,r3/pack_beta_2,coefficient_layout,[],351,251,212,272,0,324,1410,12288,4096
native_reference,kda,8,r4/pack_beta_2,coefficient_layout,[],351,251,212,272,0,336,1422,12288,4096
native_reference,kda,8,r5/pack_beta_2,coefficient_layout,[],351,251,212,272,0,721,1807,12288,4096
native_reference,kda,8,r6/pack_beta_2,coefficient_layout,[],351,251,212,272,0,328,1414,12288,4096
native_reference,kda,8,r7/pack_beta_2,coefficient_layout,[],351,251,212,272,0,350,1436,12288,4096
native_reference,kda,8,r0/recurrence_2,recurrence,[],105,90,5676,3992,292,14448,24603,540736,528384
native_reference,kda,8,r1/recurrence_2,recurrence,[],105,90,5676,3992,292,15029,25184,540736,528384
native_reference,kda,8,r2/recurrence_2,recurrence,[],105,90,5676,3992,292,14744,24899,540736,528384
native_reference,kda,8,r3/recurrence_2,recurrence,[],105,90,5676,3992,292,14286,24441,540736,528384
native_reference,kda,8,r4/recurrence_2,recurrence,[],105,90,5676,3992,292,14931,25086,540736,528384
native_reference,kda,8,r5/recurrence_2,recurrence,[],105,90,5676,3992,292,14712,24867,540736,528384
native_reference,kda,8,r6/recurrence_2,recurrence,[],105,90,5676,3992,292,14235,24390,540736,528384
native_reference,kda,8,r7/recurrence_2,recurrence,[],105,90,5676,3992,292,15354,25509,540736,528384
native_reference,kda,8,r0/pack_beta_3,coefficient_layout,[],349,249,212,272,0,306,1388,12288,4096
native_reference,kda,8,r1/pack_beta_3,coefficient_layout,[],351,251,212,272,0,402,1488,12288,4096
native_reference,kda,8,r2/pack_beta_3,coefficient_layout,[],351,251,212,272,0,328,1414,12288,4096
native_reference,kda,8,r3/pack_beta_3,coefficient_layout,[],351,251,212,272,0,322,1408,12288,4096
native_reference,kda,8,r4/pack_beta_3,coefficient_layout,[],351,251,212,272,0,336,1422,12288,4096
native_reference,kda,8,r5/pack_beta_3,coefficient_layout,[],351,251,212,272,0,729,1815,12288,4096
native_reference,kda,8,r6/pack_beta_3,coefficient_layout,[],351,251,212,272,0,317,1403,12288,4096
native_reference,kda,8,r7/pack_beta_3,coefficient_layout,[],351,251,212,272,0,374,1460,12288,4096
native_reference,kda,8,r0/recurrence_3,recurrence,[],105,90,5676,3992,292,14205,24360,540736,528384
native_reference,kda,8,r1/recurrence_3,recurrence,[],105,90,5676,3992,292,14425,24580,540736,528384
native_reference,kda,8,r2/recurrence_3,recurrence,[],105,90,5676,3992,292,15011,25166,540736,528384
native_reference,kda,8,r3/recurrence_3,recurrence,[],105,90,5676,3992,292,14449,24604,540736,528384
native_reference,kda,8,r4/recurrence_3,recurrence,[],105,90,5676,3992,292,14765,24920,540736,528384
native_reference,kda,8,r5/recurrence_3,recurrence,[],105,90,5676,3992,292,14609,24764,540736,528384
native_reference,kda,8,r6/recurrence_3,recurrence,[],105,90,5676,3992,292,14392,24547,540736,528384
native_reference,kda,8,r7/recurrence_3,recurrence,[],105,90,5676,3992,292,14916,25071,540736,528384
native_reference,kda,8,r0/pack_beta_4,coefficient_layout,[],349,249,212,272,0,709,1791,12288,4096
native_reference,kda,8,r1/pack_beta_4,coefficient_layout,[],351,251,212,272,0,351,1437,12288,4096
native_reference,kda,8,r2/pack_beta_4,coefficient_layout,[],351,251,212,272,0,340,1426,12288,4096
native_reference,kda,8,r3/pack_beta_4,coefficient_layout,[],351,251,212,272,0,323,1409,12288,4096
native_reference,kda,8,r4/pack_beta_4,coefficient_layout,[],351,251,212,272,0,346,1432,12288,4096
native_reference,kda,8,r5/pack_beta_4,coefficient_layout,[],351,251,212,272,0,358,1444,12288,4096
native_reference,kda,8,r6/pack_beta_4,coefficient_layout,[],351,251,212,272,0,318,1404,12288,4096
native_reference,kda,8,r7/pack_beta_4,coefficient_layout,[],351,251,212,272,0,347,1433,12288,4096
native_reference,kda,8,r0/recurrence_4,recurrence,[],105,90,5676,3992,292,14684,24839,540736,528384
native_reference,kda,8,r1/recurrence_4,recurrence,[],105,90,5676,3992,292,14429,24584,540736,528384
native_reference,kda,8,r2/recurrence_4,recurrence,[],105,90,5676,3992,292,14194,24349,540736,528384
native_reference,kda,8,r3/recurrence_4,recurrence,[],105,90,5676,3992,292,14600,24755,540736,528384
native_reference,kda,8,r4/recurrence_4,recurrence,[],105,90,5676,3992,292,13864,24019,540736,528384
native_reference,kda,8,r5/recurrence_4,recurrence,[],105,90,5676,3992,292,13968,24123,540736,528384
native_reference,kda,8,r6/recurrence_4,recurrence,[],105,90,5676,3992,292,14762,24917,540736,528384
native_reference,kda,8,r7/recurrence_4,recurrence,[],105,90,5676,3992,292,14466,24621,540736,528384
native_reference,kda,8,r0/pack_beta_5,coefficient_layout,[],349,249,212,272,0,356,1438,12288,4096
native_reference,kda,8,r1/pack_beta_5,coefficient_layout,[],351,251,212,272,0,648,1734,12288,4096
native_reference,kda,8,r2/pack_beta_5,coefficient_layout,[],351,251,212,272,0,305,1391,12288,4096
native_reference,kda,8,r3/pack_beta_5,coefficient_layout,[],351,251,212,272,0,370,1456,12288,4096
native_reference,kda,8,r4/pack_beta_5,coefficient_layout,[],351,251,212,272,0,311,1397,12288,4096
native_reference,kda,8,r5/pack_beta_5,coefficient_layout,[],351,251,212,272,0,315,1401,12288,4096
native_reference,kda,8,r6/pack_beta_5,coefficient_layout,[],351,251,212,272,0,326,1412,12288,4096
native_reference,kda,8,r7/pack_beta_5,coefficient_layout,[],351,251,212,272,0,348,1434,12288,4096
native_reference,kda,8,r0/recurrence_5,recurrence,[],105,90,5676,3992,292,14378,24533,540736,528384
native_reference,kda,8,r1/recurrence_5,recurrence,[],105,90,5676,3992,292,15469,25624,540736,528384
native_reference,kda,8,r2/recurrence_5,recurrence,[],105,90,5676,3992,292,14137,24292,540736,528384
native_reference,kda,8,r3/recurrence_5,recurrence,[],105,90,5676,3992,292,14384,24539,540736,528384
native_reference,kda,8,r4/recurrence_5,recurrence,[],105,90,5676,3992,292,15398,25553,540736,528384
native_reference,kda,8,r5/recurrence_5,recurrence,[],105,90,5676,3992,292,13964,24119,540736,528384
native_reference,kda,8,r6/recurrence_5,recurrence,[],105,90,5676,3992,292,14385,24540,540736,528384
native_reference,kda,8,r7/recurrence_5,recurrence,[],105,90,5676,3992,292,15345,25500,540736,528384
native_reference,kda,8,r0/output_rms,norm,[],2271,1677,1266,1536,0,9637,16387,442368,24576
native_reference,kda,8,r1/output_rms,norm,[],2373,1779,1266,1536,0,10272,17226,442368,24576
native_reference,kda,8,r2/output_rms,norm,[],2373,1779,1266,1536,0,10021,16975,442368,24576
native_reference,kda,8,r3/output_rms,norm,[],2373,1779,1266,1536,0,9572,16526,442368,24576
native_reference,kda,8,r4/output_rms,norm,[],2373,1779,1266,1536,0,10716,17670,442368,24576
native_reference,kda,8,r5/output_rms,norm,[],2373,1779,1266,1536,0,9914,16868,442368,24576
native_reference,kda,8,r6/output_rms,norm,[],2373,1779,1266,1536,0,9763,16717,442368,24576
native_reference,kda,8,r7/output_rms,norm,[],2373,1779,1266,1536,0,10977,17931,442368,24576
native_reference,kda,8,r0/output_norm_weight,norm,[],80,56,36,6,0,1081,1259,49152,24576
native_reference,kda,8,r1/output_norm_weight,norm,[],80,56,36,6,0,1246,1424,49152,24576
native_reference,kda,8,r2/output_norm_weight,norm,[],80,56,36,6,0,1860,2038,49152,24576
native_reference,kda,8,r3/output_norm_weight,norm,[],80,56,36,6,0,1163,1341,49152,24576
native_reference,kda,8,r4/output_norm_weight,norm,[],80,56,36,6,0,1723,1901,49152,24576
native_reference,kda,8,r5/output_norm_weight,norm,[],80,56,36,6,0,1376,1554,49152,24576
native_reference,kda,8,r6/output_norm_weight,norm,[],80,56,36,6,0,1158,1336,49152,24576
native_reference,kda,8,r7/output_norm_weight,norm,[],80,56,36,6,0,1456,1634,49152,24576
native_reference,kda,8,r0/output_gate,gate_prepare,[],124,75,97,918,0,1702,2916,53248,24576
native_reference,kda,8,r1/output_gate,gate_prepare,[],125,76,97,918,0,1283,2499,53248,24576
native_reference,kda,8,r2/output_gate,gate_prepare,[],125,76,97,918,0,1725,2941,53248,24576
native_reference,kda,8,r3/output_gate,gate_prepare,[],125,76,97,918,0,1771,2987,53248,24576
native_reference,kda,8,r4/output_gate,gate_prepare,[],125,76,97,918,0,1372,2588,53248,24576
native_reference,kda,8,r5/output_gate,gate_prepare,[],125,76,97,918,0,1619,2835,53248,24576
native_reference,kda,8,r6/output_gate,gate_prepare,[],125,76,97,918,0,1804,3020,53248,24576
native_reference,kda,8,r7/output_gate,gate_prepare,[],125,76,97,918,0,1734,2950,53248,24576
native_reference,kda,8,output_projection,output_projection,"[8,7168,12288]",605196,431483,3562385,22020096,0,9421957,36041117,483856384,131072
native_reference,kda,16,r0/input_norm,norm,[],94,62,52,60,0,948,1216,49152,16384
native_reference,kda,16,r1/input_norm,norm,[],110,78,52,60,0,1099,1399,49152,16384
native_reference,kda,16,r2/input_norm,norm,[],110,78,52,60,0,1464,1764,49152,16384
native_reference,kda,16,r3/input_norm,norm,[],110,78,52,60,0,995,1295,49152,16384
native_reference,kda,16,r4/input_norm,norm,[],110,78,52,60,0,1091,1391,49152,16384
native_reference,kda,16,r5/input_norm,norm,[],110,78,52,60,0,1510,1810,49152,16384
native_reference,kda,16,r6/input_norm,norm,[],110,78,52,60,0,1085,1385,49152,16384
native_reference,kda,16,r7/input_norm,norm,[],110,78,52,60,0,1122,1422,49152,16384
native_reference,kda,16,r8/input_norm,norm,[],110,78,52,60,0,1348,1648,49152,16384
native_reference,kda,16,r9/input_norm,norm,[],110,78,52,60,0,1003,1303,49152,16384
native_reference,kda,16,r10/input_norm,norm,[],110,78,52,60,0,1574,1874,49152,16384
native_reference,kda,16,r11/input_norm,norm,[],110,78,52,60,0,1080,1380,49152,16384
native_reference,kda,16,r12/input_norm,norm,[],110,78,52,60,0,1019,1319,49152,16384
native_reference,kda,16,r13/input_norm,norm,[],110,78,52,60,0,1443,1743,49152,16384
native_reference,kda,16,r14/input_norm,norm,[],110,78,52,60,0,1078,1378,49152,16384
native_reference,kda,16,r15/input_norm,norm,[],110,78,52,60,0,1513,1813,49152,16384
native_reference,kda,16,q_projection,input_projections,"[16,12288,7168]",1187684,842235,7093097,44040192,0,16680534,69843742,816877568,393216
native_reference,kda,16,k_projection,input_projections,"[16,12288,7168]",1187691,842242,7093097,44040192,0,16668376,69831598,816877568,393216
native_reference,kda,16,v_projection,input_projections,"[16,12288,7168]",1187691,842242,7093097,44040192,0,16678956,69842178,816877568,393216
native_reference,kda,16,f_a_projection,input_projections,"[16,128,7168]",12626,8957,73957,458752,0,181036,735328,8736768,65536
native_reference,kda,16,b_projection,input_projections,"[16,96,7168]",9535,6765,55486,344064,0,134070,549920,6610944,65536
native_reference,kda,16,g_projection,input_projections,"[16,12288,7168]",1187691,842242,7093097,44040192,0,16669131,69832353,816877568,393216
native_reference,kda,16,f_b_projection,input_projections,"[16,12288,128]",32523,19643,160720,1572864,0,100804,1886554,3604480,393216
native_reference,kda,16,r0/q_conv,conv,[],501,350,283,960,0,7522,9616,200704,122880
native_reference,kda,16,r1/q_conv,conv,[],502,351,283,960,0,4447,6543,200704,122880
native_reference,kda,16,r2/q_conv,conv,[],502,351,283,960,0,5200,7296,200704,122880
native_reference,kda,16,r3/q_conv,conv,[],502,351,283,960,0,6774,8870,200704,122880
native_reference,kda,16,r4/q_conv,conv,[],502,351,283,960,0,4498,6594,200704,122880
native_reference,kda,16,r5/q_conv,conv,[],502,351,283,960,0,5531,7627,200704,122880
native_reference,kda,16,r6/q_conv,conv,[],502,351,283,960,0,6741,8837,200704,122880
native_reference,kda,16,r7/q_conv,conv,[],502,351,283,960,0,4837,6933,200704,122880
native_reference,kda,16,r8/q_conv,conv,[],502,351,283,960,0,5618,7714,200704,122880
native_reference,kda,16,r9/q_conv,conv,[],502,351,283,960,0,6821,8917,200704,122880
native_reference,kda,16,r10/q_conv,conv,[],502,351,283,960,0,4687,6783,200704,122880
native_reference,kda,16,r11/q_conv,conv,[],502,351,283,960,0,5393,7489,200704,122880
native_reference,kda,16,r12/q_conv,conv,[],502,351,283,960,0,6467,8563,200704,122880
native_reference,kda,16,r13/q_conv,conv,[],502,351,283,960,0,5040,7136,200704,122880
native_reference,kda,16,r14/q_conv,conv,[],502,351,283,960,0,5447,7543,200704,122880
native_reference,kda,16,r15/q_conv,conv,[],502,351,283,960,0,6230,8326,200704,122880
native_reference,kda,16,r0/k_conv,conv,[],501,350,283,960,0,5514,7608,200704,122880
native_reference,kda,16,r1/k_conv,conv,[],502,351,283,960,0,6897,8993,200704,122880
native_reference,kda,16,r2/k_conv,conv,[],502,351,283,960,0,5549,7645,200704,122880
native_reference,kda,16,r3/k_conv,conv,[],502,351,283,960,0,5618,7714,200704,122880
native_reference,kda,16,r4/k_conv,conv,[],502,351,283,960,0,7659,9755,200704,122880
native_reference,kda,16,r5/k_conv,conv,[],502,351,283,960,0,5680,7776,200704,122880
native_reference,kda,16,r6/k_conv,conv,[],502,351,283,960,0,5744,7840,200704,122880
native_reference,kda,16,r7/k_conv,conv,[],502,351,283,960,0,6535,8631,200704,122880
native_reference,kda,16,r8/k_conv,conv,[],502,351,283,960,0,5713,7809,200704,122880
native_reference,kda,16,r9/k_conv,conv,[],502,351,283,960,0,5697,7793,200704,122880
native_reference,kda,16,r10/k_conv,conv,[],502,351,283,960,0,6148,8244,200704,122880
native_reference,kda,16,r11/k_conv,conv,[],502,351,283,960,0,5986,8082,200704,122880
native_reference,kda,16,r12/k_conv,conv,[],502,351,283,960,0,5487,7583,200704,122880
native_reference,kda,16,r13/k_conv,conv,[],502,351,283,960,0,5683,7779,200704,122880
native_reference,kda,16,r14/k_conv,conv,[],502,351,283,960,0,6342,8438,200704,122880
native_reference,kda,16,r15/k_conv,conv,[],502,351,283,960,0,5648,7744,200704,122880
native_reference,kda,16,r0/v_conv,conv,[],501,350,283,960,0,5472,7566,200704,122880
native_reference,kda,16,r1/v_conv,conv,[],502,351,283,960,0,5531,7627,200704,122880
native_reference,kda,16,r2/v_conv,conv,[],502,351,283,960,0,6295,8391,200704,122880
native_reference,kda,16,r3/v_conv,conv,[],502,351,283,960,0,5958,8054,200704,122880
native_reference,kda,16,r4/v_conv,conv,[],502,351,283,960,0,5340,7436,200704,122880
native_reference,kda,16,r5/v_conv,conv,[],502,351,283,960,0,5697,7793,200704,122880
native_reference,kda,16,r6/v_conv,conv,[],502,351,283,960,0,6732,8828,200704,122880
native_reference,kda,16,r7/v_conv,conv,[],502,351,283,960,0,5002,7098,200704,122880
native_reference,kda,16,r8/v_conv,conv,[],502,351,283,960,0,5385,7481,200704,122880
native_reference,kda,16,r9/v_conv,conv,[],502,351,283,960,0,7159,9255,200704,122880
native_reference,kda,16,r10/v_conv,conv,[],502,351,283,960,0,5270,7366,200704,122880
native_reference,kda,16,r11/v_conv,conv,[],502,351,283,960,0,5066,7162,200704,122880
native_reference,kda,16,r12/v_conv,conv,[],502,351,283,960,0,7510,9606,200704,122880
native_reference,kda,16,r13/v_conv,conv,[],502,351,283,960,0,5390,7486,200704,122880
native_reference,kda,16,r14/v_conv,conv,[],502,351,283,960,0,5536,7632,200704,122880
native_reference,kda,16,r15/v_conv,conv,[],502,351,283,960,0,7186,9282,200704,122880
native_reference,kda,16,r0/q_norm,norm,[],2271,1677,1266,1536,0,9632,16382,442368,24576
native_reference,kda,16,r1/q_norm,norm,[],2373,1779,1266,1536,0,10378,17332,442368,24576
native_reference,kda,16,r2/q_norm,norm,[],2373,1779,1266,1536,0,9692,16646,442368,24576
native_reference,kda,16,r3/q_norm,norm,[],2373,1779,1266,1536,0,9521,16475,442368,24576
native_reference,kda,16,r4/q_norm,norm,[],2373,1779,1266,1536,0,11223,18177,442368,24576
native_reference,kda,16,r5/q_norm,norm,[],2373,1779,1266,1536,0,9785,16739,442368,24576
native_reference,kda,16,r6/q_norm,norm,[],2373,1779,1266,1536,0,10259,17213,442368,24576
native_reference,kda,16,r7/q_norm,norm,[],2373,1779,1266,1536,0,10677,17631,442368,24576
native_reference,kda,16,r8/q_norm,norm,[],2373,1779,1266,1536,0,9718,16672,442368,24576
native_reference,kda,16,r9/q_norm,norm,[],2373,1779,1266,1536,0,9887,16841,442368,24576
native_reference,kda,16,r10/q_norm,norm,[],2373,1779,1266,1536,0,10416,17370,442368,24576
native_reference,kda,16,r11/q_norm,norm,[],2373,1779,1266,1536,0,9555,16509,442368,24576
native_reference,kda,16,r12/q_norm,norm,[],2373,1779,1266,1536,0,9895,16849,442368,24576
native_reference,kda,16,r13/q_norm,norm,[],2373,1779,1266,1536,0,9894,16848,442368,24576
native_reference,kda,16,r14/q_norm,norm,[],2373,1779,1266,1536,0,9730,16684,442368,24576
native_reference,kda,16,r15/q_norm,norm,[],2373,1779,1266,1536,0,9886,16840,442368,24576
native_reference,kda,16,r0/k_norm,norm,[],2271,1677,1266,1536,0,9591,16341,442368,24576
native_reference,kda,16,r1/k_norm,norm,[],2373,1779,1266,1536,0,10124,17078,442368,24576
native_reference,kda,16,r2/k_norm,norm,[],2373,1779,1266,1536,0,10095,17049,442368,24576
native_reference,kda,16,r3/k_norm,norm,[],2373,1779,1266,1536,0,9530,16484,442368,24576
native_reference,kda,16,r4/k_norm,norm,[],2373,1779,1266,1536,0,10811,17765,442368,24576
native_reference,kda,16,r5/k_norm,norm,[],2373,1779,1266,1536,0,10068,17022,442368,24576
native_reference,kda,16,r6/k_norm,norm,[],2373,1779,1266,1536,0,9938,16892,442368,24576
native_reference,kda,16,r7/k_norm,norm,[],2373,1779,1266,1536,0,11241,18195,442368,24576
native_reference,kda,16,r8/k_norm,norm,[],2373,1779,1266,1536,0,9621,16575,442368,24576
native_reference,kda,16,r9/k_norm,norm,[],2373,1779,1266,1536,0,9791,16745,442368,24576
native_reference,kda,16,r10/k_norm,norm,[],2373,1779,1266,1536,0,10862,17816,442368,24576
native_reference,kda,16,r11/k_norm,norm,[],2373,1779,1266,1536,0,9825,16779,442368,24576
native_reference,kda,16,r12/k_norm,norm,[],2373,1779,1266,1536,0,10215,17169,442368,24576
native_reference,kda,16,r13/k_norm,norm,[],2373,1779,1266,1536,0,10196,17150,442368,24576
native_reference,kda,16,r14/k_norm,norm,[],2373,1779,1266,1536,0,9756,16710,442368,24576
native_reference,kda,16,r15/k_norm,norm,[],2373,1779,1266,1536,0,9918,16872,442368,24576
native_reference,kda,16,r0/decay_beta,gate_prepare,[],628,411,529,2790,0,3752,8110,126976,49152
native_reference,kda,16,r1/decay_beta,gate_prepare,[],635,418,529,2790,0,4271,8643,126976,49152
native_reference,kda,16,r2/decay_beta,gate_prepare,[],635,418,529,2790,0,3831,8203,126976,49152
native_reference,kda,16,r3/decay_beta,gate_prepare,[],635,418,529,2790,0,4168,8540,126976,49152
native_reference,kda,16,r4/decay_beta,gate_prepare,[],635,418,529,2790,0,3840,8212,126976,49152
native_reference,kda,16,r5/decay_beta,gate_prepare,[],635,418,529,2790,0,4083,8455,126976,49152
native_reference,kda,16,r6/decay_beta,gate_prepare,[],635,418,529,2790,0,4261,8633,126976,49152
native_reference,kda,16,r7/decay_beta,gate_prepare,[],635,418,529,2790,0,4269,8641,126976,49152
native_reference,kda,16,r8/decay_beta,gate_prepare,[],635,418,529,2790,0,3792,8164,126976,49152
native_reference,kda,16,r9/decay_beta,gate_prepare,[],635,418,529,2790,0,4136,8508,126976,49152
native_reference,kda,16,r10/decay_beta,gate_prepare,[],635,418,529,2790,0,4091,8463,126976,49152
native_reference,kda,16,r11/decay_beta,gate_prepare,[],635,418,529,2790,0,3893,8265,126976,49152
native_reference,kda,16,r12/decay_beta,gate_prepare,[],635,418,529,2790,0,4276,8648,126976,49152
native_reference,kda,16,r13/decay_beta,gate_prepare,[],635,418,529,2790,0,4305,8677,126976,49152
native_reference,kda,16,r14/decay_beta,gate_prepare,[],635,418,529,2790,0,3711,8083,126976,49152
native_reference,kda,16,r15/decay_beta,gate_prepare,[],635,418,529,2790,0,4134,8506,126976,49152
native_reference,kda,16,r0/pack_beta_0,coefficient_layout,[],349,249,212,272,0,640,1722,12288,4096
native_reference,kda,16,r1/pack_beta_0,coefficient_layout,[],351,251,212,272,0,357,1443,12288,4096
native_reference,kda,16,r2/pack_beta_0,coefficient_layout,[],351,251,212,272,0,322,1408,12288,4096
native_reference,kda,16,r3/pack_beta_0,coefficient_layout,[],351,251,212,272,0,374,1460,12288,4096
native_reference,kda,16,r4/pack_beta_0,coefficient_layout,[],351,251,212,272,0,306,1392,12288,4096
native_reference,kda,16,r5/pack_beta_0,coefficient_layout,[],351,251,212,272,0,357,1443,12288,4096
native_reference,kda,16,r6/pack_beta_0,coefficient_layout,[],351,251,212,272,0,713,1799,12288,4096
native_reference,kda,16,r7/pack_beta_0,coefficient_layout,[],351,251,212,272,0,329,1415,12288,4096
native_reference,kda,16,r8/pack_beta_0,coefficient_layout,[],351,251,212,272,0,331,1417,12288,4096
native_reference,kda,16,r9/pack_beta_0,coefficient_layout,[],351,251,212,272,0,288,1374,12288,4096
native_reference,kda,16,r10/pack_beta_0,coefficient_layout,[],351,251,212,272,0,346,1432,12288,4096
native_reference,kda,16,r11/pack_beta_0,coefficient_layout,[],351,251,212,272,0,353,1439,12288,4096
native_reference,kda,16,r12/pack_beta_0,coefficient_layout,[],351,251,212,272,0,318,1404,12288,4096
native_reference,kda,16,r13/pack_beta_0,coefficient_layout,[],351,251,212,272,0,335,1421,12288,4096
native_reference,kda,16,r14/pack_beta_0,coefficient_layout,[],351,251,212,272,0,714,1800,12288,4096
native_reference,kda,16,r15/pack_beta_0,coefficient_layout,[],351,251,212,272,0,329,1415,12288,4096
native_reference,kda,16,r0/recurrence_0,recurrence,[],105,90,5676,3992,292,15329,25484,540736,528384
native_reference,kda,16,r1/recurrence_0,recurrence,[],105,90,5676,3992,292,14260,24415,540736,528384
native_reference,kda,16,r2/recurrence_0,recurrence,[],105,90,5676,3992,292,14569,24724,540736,528384
native_reference,kda,16,r3/recurrence_0,recurrence,[],105,90,5676,3992,292,14810,24965,540736,528384
native_reference,kda,16,r4/recurrence_0,recurrence,[],105,90,5676,3992,292,14462,24617,540736,528384
native_reference,kda,16,r5/recurrence_0,recurrence,[],105,90,5676,3992,292,15196,25351,540736,528384
native_reference,kda,16,r6/recurrence_0,recurrence,[],105,90,5676,3992,292,14197,24352,540736,528384
native_reference,kda,16,r7/recurrence_0,recurrence,[],105,90,5676,3992,292,14620,24775,540736,528384
native_reference,kda,16,r8/recurrence_0,recurrence,[],105,90,5676,3992,292,15324,25479,540736,528384
native_reference,kda,16,r9/recurrence_0,recurrence,[],105,90,5676,3992,292,14329,24484,540736,528384
native_reference,kda,16,r10/recurrence_0,recurrence,[],105,90,5676,3992,292,15067,25222,540736,528384
native_reference,kda,16,r11/recurrence_0,recurrence,[],105,90,5676,3992,292,14645,24800,540736,528384
native_reference,kda,16,r12/recurrence_0,recurrence,[],105,90,5676,3992,292,14150,24305,540736,528384
native_reference,kda,16,r13/recurrence_0,recurrence,[],105,90,5676,3992,292,15391,25546,540736,528384
native_reference,kda,16,r14/recurrence_0,recurrence,[],105,90,5676,3992,292,14205,24360,540736,528384
native_reference,kda,16,r15/recurrence_0,recurrence,[],105,90,5676,3992,292,14218,24373,540736,528384
native_reference,kda,16,r0/pack_beta_1,coefficient_layout,[],349,249,212,272,0,362,1444,12288,4096
native_reference,kda,16,r1/pack_beta_1,coefficient_layout,[],351,251,212,272,0,740,1826,12288,4096
native_reference,kda,16,r2/pack_beta_1,coefficient_layout,[],351,251,212,272,0,297,1383,12288,4096
native_reference,kda,16,r3/pack_beta_1,coefficient_layout,[],351,251,212,272,0,346,1432,12288,4096
native_reference,kda,16,r4/pack_beta_1,coefficient_layout,[],351,251,212,272,0,293,1379,12288,4096
native_reference,kda,16,r5/pack_beta_1,coefficient_layout,[],351,251,212,272,0,347,1433,12288,4096
native_reference,kda,16,r6/pack_beta_1,coefficient_layout,[],351,251,212,272,0,317,1403,12288,4096
native_reference,kda,16,r7/pack_beta_1,coefficient_layout,[],351,251,212,272,0,291,1377,12288,4096
native_reference,kda,16,r8/pack_beta_1,coefficient_layout,[],351,251,212,272,0,358,1444,12288,4096
native_reference,kda,16,r9/pack_beta_1,coefficient_layout,[],351,251,212,272,0,674,1760,12288,4096
native_reference,kda,16,r10/pack_beta_1,coefficient_layout,[],351,251,212,272,0,352,1438,12288,4096
native_reference,kda,16,r11/pack_beta_1,coefficient_layout,[],351,251,212,272,0,339,1425,12288,4096
native_reference,kda,16,r12/pack_beta_1,coefficient_layout,[],351,251,212,272,0,306,1392,12288,4096
native_reference,kda,16,r13/pack_beta_1,coefficient_layout,[],351,251,212,272,0,339,1425,12288,4096
native_reference,kda,16,r14/pack_beta_1,coefficient_layout,[],351,251,212,272,0,338,1424,12288,4096
native_reference,kda,16,r15/pack_beta_1,coefficient_layout,[],351,251,212,272,0,291,1377,12288,4096
native_reference,kda,16,r0/recurrence_1,recurrence,[],105,90,5676,3992,292,14710,24865,540736,528384
native_reference,kda,16,r1/recurrence_1,recurrence,[],105,90,5676,3992,292,14425,24580,540736,528384
native_reference,kda,16,r2/recurrence_1,recurrence,[],105,90,5676,3992,292,14139,24294,540736,528384
native_reference,kda,16,r3/recurrence_1,recurrence,[],105,90,5676,3992,292,14103,24258,540736,528384
native_reference,kda,16,r4/recurrence_1,recurrence,[],105,90,5676,3992,292,14926,25081,540736,528384
native_reference,kda,16,r5/recurrence_1,recurrence,[],105,90,5676,3992,292,14416,24571,540736,528384
native_reference,kda,16,r6/recurrence_1,recurrence,[],105,90,5676,3992,292,14233,24388,540736,528384
native_reference,kda,16,r7/recurrence_1,recurrence,[],105,90,5676,3992,292,15095,25250,540736,528384
native_reference,kda,16,r8/recurrence_1,recurrence,[],105,90,5676,3992,292,14405,24560,540736,528384
native_reference,kda,16,r9/recurrence_1,recurrence,[],105,90,5676,3992,292,14866,25021,540736,528384
native_reference,kda,16,r10/recurrence_1,recurrence,[],105,90,5676,3992,292,14597,24752,540736,528384
native_reference,kda,16,r11/recurrence_1,recurrence,[],105,90,5676,3992,292,14447,24602,540736,528384
native_reference,kda,16,r12/recurrence_1,recurrence,[],105,90,5676,3992,292,14817,24972,540736,528384
native_reference,kda,16,r13/recurrence_1,recurrence,[],105,90,5676,3992,292,14541,24696,540736,528384
native_reference,kda,16,r14/recurrence_1,recurrence,[],105,90,5676,3992,292,14163,24318,540736,528384
native_reference,kda,16,r15/recurrence_1,recurrence,[],105,90,5676,3992,292,14968,25123,540736,528384
native_reference,kda,16,r0/pack_beta_2,coefficient_layout,[],349,249,212,272,0,717,1799,12288,4096
native_reference,kda,16,r1/pack_beta_2,coefficient_layout,[],351,251,212,272,0,331,1417,12288,4096
native_reference,kda,16,r2/pack_beta_2,coefficient_layout,[],351,251,212,272,0,305,1391,12288,4096
native_reference,kda,16,r3/pack_beta_2,coefficient_layout,[],351,251,212,272,0,324,1410,12288,4096
native_reference,kda,16,r4/pack_beta_2,coefficient_layout,[],351,251,212,272,0,336,1422,12288,4096
native_reference,kda,16,r5/pack_beta_2,coefficient_layout,[],351,251,212,272,0,345,1431,12288,4096
native_reference,kda,16,r6/pack_beta_2,coefficient_layout,[],351,251,212,272,0,280,1366,12288,4096
native_reference,kda,16,r7/pack_beta_2,coefficient_layout,[],351,251,212,272,0,378,1464,12288,4096
native_reference,kda,16,r8/pack_beta_2,coefficient_layout,[],351,251,212,272,0,728,1814,12288,4096
native_reference,kda,16,r9/pack_beta_2,coefficient_layout,[],351,251,212,272,0,345,1431,12288,4096
native_reference,kda,16,r10/pack_beta_2,coefficient_layout,[],351,251,212,272,0,330,1416,12288,4096
native_reference,kda,16,r11/pack_beta_2,coefficient_layout,[],351,251,212,272,0,289,1375,12288,4096
native_reference,kda,16,r12/pack_beta_2,coefficient_layout,[],351,251,212,272,0,360,1446,12288,4096
native_reference,kda,16,r13/pack_beta_2,coefficient_layout,[],351,251,212,272,0,365,1451,12288,4096
native_reference,kda,16,r14/pack_beta_2,coefficient_layout,[],351,251,212,272,0,312,1398,12288,4096
native_reference,kda,16,r15/pack_beta_2,coefficient_layout,[],351,251,212,272,0,781,1867,12288,4096
native_reference,kda,16,r0/recurrence_2,recurrence,[],105,90,5676,3992,292,14452,24607,540736,528384
native_reference,kda,16,r1/recurrence_2,recurrence,[],105,90,5676,3992,292,14596,24751,540736,528384
native_reference,kda,16,r2/recurrence_2,recurrence,[],105,90,5676,3992,292,15218,25373,540736,528384
native_reference,kda,16,r3/recurrence_2,recurrence,[],105,90,5676,3992,292,14335,24490,540736,528384
native_reference,kda,16,r4/recurrence_2,recurrence,[],105,90,5676,3992,292,14993,25148,540736,528384
native_reference,kda,16,r5/recurrence_2,recurrence,[],105,90,5676,3992,292,14712,24867,540736,528384
native_reference,kda,16,r6/recurrence_2,recurrence,[],105,90,5676,3992,292,14235,24390,540736,528384
native_reference,kda,16,r7/recurrence_2,recurrence,[],105,90,5676,3992,292,15354,25509,540736,528384
native_reference,kda,16,r8/recurrence_2,recurrence,[],105,90,5676,3992,292,14406,24561,540736,528384
native_reference,kda,16,r9/recurrence_2,recurrence,[],105,90,5676,3992,292,14925,25080,540736,528384
native_reference,kda,16,r10/recurrence_2,recurrence,[],105,90,5676,3992,292,14717,24872,540736,528384
native_reference,kda,16,r11/recurrence_2,recurrence,[],105,90,5676,3992,292,14211,24366,540736,528384
native_reference,kda,16,r12/recurrence_2,recurrence,[],105,90,5676,3992,292,14981,25136,540736,528384
native_reference,kda,16,r13/recurrence_2,recurrence,[],105,90,5676,3992,292,14578,24733,540736,528384
native_reference,kda,16,r14/recurrence_2,recurrence,[],105,90,5676,3992,292,13987,24142,540736,528384
native_reference,kda,16,r15/recurrence_2,recurrence,[],105,90,5676,3992,292,14864,25019,540736,528384
native_reference,kda,16,r0/pack_beta_3,coefficient_layout,[],349,249,212,272,0,334,1416,12288,4096
native_reference,kda,16,r1/pack_beta_3,coefficient_layout,[],351,251,212,272,0,322,1408,12288,4096
native_reference,kda,16,r2/pack_beta_3,coefficient_layout,[],351,251,212,272,0,733,1819,12288,4096
native_reference,kda,16,r3/pack_beta_3,coefficient_layout,[],351,251,212,272,0,319,1405,12288,4096
native_reference,kda,16,r4/pack_beta_3,coefficient_layout,[],351,251,212,272,0,324,1410,12288,4096
native_reference,kda,16,r5/pack_beta_3,coefficient_layout,[],351,251,212,272,0,347,1433,12288,4096
native_reference,kda,16,r6/pack_beta_3,coefficient_layout,[],351,251,212,272,0,295,1381,12288,4096
native_reference,kda,16,r7/pack_beta_3,coefficient_layout,[],351,251,212,272,0,402,1488,12288,4096
native_reference,kda,16,r8/pack_beta_3,coefficient_layout,[],351,251,212,272,0,717,1803,12288,4096
native_reference,kda,16,r9/pack_beta_3,coefficient_layout,[],351,251,212,272,0,348,1434,12288,4096
native_reference,kda,16,r10/pack_beta_3,coefficient_layout,[],351,251,212,272,0,324,1410,12288,4096
native_reference,kda,16,r11/pack_beta_3,coefficient_layout,[],351,251,212,272,0,360,1446,12288,4096
native_reference,kda,16,r12/pack_beta_3,coefficient_layout,[],351,251,212,272,0,330,1416,12288,4096
native_reference,kda,16,r13/pack_beta_3,coefficient_layout,[],351,251,212,272,0,367,1453,12288,4096
native_reference,kda,16,r14/pack_beta_3,coefficient_layout,[],351,251,212,272,0,347,1433,12288,4096
native_reference,kda,16,r15/pack_beta_3,coefficient_layout,[],351,251,212,272,0,395,1481,12288,4096
native_reference,kda,16,r0/recurrence_3,recurrence,[],105,90,5676,3992,292,14611,24766,540736,528384
native_reference,kda,16,r1/recurrence_3,recurrence,[],105,90,5676,3992,292,14471,24626,540736,528384
native_reference,kda,16,r2/recurrence_3,recurrence,[],105,90,5676,3992,292,14323,24478,540736,528384
native_reference,kda,16,r3/recurrence_3,recurrence,[],105,90,5676,3992,292,14528,24683,540736,528384
native_reference,kda,16,r4/recurrence_3,recurrence,[],105,90,5676,3992,292,13772,23927,540736,528384
native_reference,kda,16,r5/recurrence_3,recurrence,[],105,90,5676,3992,292,14137,24292,540736,528384
native_reference,kda,16,r6/recurrence_3,recurrence,[],105,90,5676,3992,292,14650,24805,540736,528384
native_reference,kda,16,r7/recurrence_3,recurrence,[],105,90,5676,3992,292,14426,24581,540736,528384
native_reference,kda,16,r8/recurrence_3,recurrence,[],105,90,5676,3992,292,14088,24243,540736,528384
native_reference,kda,16,r9/recurrence_3,recurrence,[],105,90,5676,3992,292,14873,25028,540736,528384
native_reference,kda,16,r10/recurrence_3,recurrence,[],105,90,5676,3992,292,14619,24774,540736,528384
native_reference,kda,16,r11/recurrence_3,recurrence,[],105,90,5676,3992,292,13773,23928,540736,528384
native_reference,kda,16,r12/recurrence_3,recurrence,[],105,90,5676,3992,292,14288,24443,540736,528384
native_reference,kda,16,r13/recurrence_3,recurrence,[],105,90,5676,3992,292,15252,25407,540736,528384
native_reference,kda,16,r14/recurrence_3,recurrence,[],105,90,5676,3992,292,13523,23678,540736,528384
native_reference,kda,16,r15/recurrence_3,recurrence,[],105,90,5676,3992,292,14102,24257,540736,528384
native_reference,kda,16,r0/pack_beta_4,coefficient_layout,[],349,249,212,272,0,364,1446,12288,4096
native_reference,kda,16,r1/pack_beta_4,coefficient_layout,[],351,251,212,272,0,372,1458,12288,4096
native_reference,kda,16,r2/pack_beta_4,coefficient_layout,[],351,251,212,272,0,318,1404,12288,4096
native_reference,kda,16,r3/pack_beta_4,coefficient_layout,[],351,251,212,272,0,350,1436,12288,4096
native_reference,kda,16,r4/pack_beta_4,coefficient_layout,[],351,251,212,272,0,775,1861,12288,4096
native_reference,kda,16,r5/pack_beta_4,coefficient_layout,[],351,251,212,272,0,364,1450,12288,4096
native_reference,kda,16,r6/pack_beta_4,coefficient_layout,[],351,251,212,272,0,340,1426,12288,4096
native_reference,kda,16,r7/pack_beta_4,coefficient_layout,[],351,251,212,272,0,314,1400,12288,4096
native_reference,kda,16,r8/pack_beta_4,coefficient_layout,[],351,251,212,272,0,374,1460,12288,4096
native_reference,kda,16,r9/pack_beta_4,coefficient_layout,[],351,251,212,272,0,358,1444,12288,4096
native_reference,kda,16,r10/pack_beta_4,coefficient_layout,[],351,251,212,272,0,318,1404,12288,4096
native_reference,kda,16,r11/pack_beta_4,coefficient_layout,[],351,251,212,272,0,807,1893,12288,4096
native_reference,kda,16,r12/pack_beta_4,coefficient_layout,[],351,251,212,272,0,308,1394,12288,4096
native_reference,kda,16,r13/pack_beta_4,coefficient_layout,[],351,251,212,272,0,343,1429,12288,4096
native_reference,kda,16,r14/pack_beta_4,coefficient_layout,[],351,251,212,272,0,336,1422,12288,4096
native_reference,kda,16,r15/pack_beta_4,coefficient_layout,[],351,251,212,272,0,295,1381,12288,4096
native_reference,kda,16,r0/recurrence_4,recurrence,[],105,90,5676,3992,292,14605,24760,540736,528384
native_reference,kda,16,r1/recurrence_4,recurrence,[],105,90,5676,3992,292,14630,24785,540736,528384
native_reference,kda,16,r2/recurrence_4,recurrence,[],105,90,5676,3992,292,14374,24529,540736,528384
native_reference,kda,16,r3/recurrence_4,recurrence,[],105,90,5676,3992,292,14782,24937,540736,528384
native_reference,kda,16,r4/recurrence_4,recurrence,[],105,90,5676,3992,292,14516,24671,540736,528384
native_reference,kda,16,r5/recurrence_4,recurrence,[],105,90,5676,3992,292,14071,24226,540736,528384
native_reference,kda,16,r6/recurrence_4,recurrence,[],105,90,5676,3992,292,14888,25043,540736,528384
native_reference,kda,16,r7/recurrence_4,recurrence,[],105,90,5676,3992,292,14673,24828,540736,528384
native_reference,kda,16,r8/recurrence_4,recurrence,[],105,90,5676,3992,292,13822,23977,540736,528384
native_reference,kda,16,r9/recurrence_4,recurrence,[],105,90,5676,3992,292,14249,24404,540736,528384
native_reference,kda,16,r10/recurrence_4,recurrence,[],105,90,5676,3992,292,15231,25386,540736,528384
native_reference,kda,16,r11/recurrence_4,recurrence,[],105,90,5676,3992,292,13582,23737,540736,528384
native_reference,kda,16,r12/recurrence_4,recurrence,[],105,90,5676,3992,292,14270,24425,540736,528384
native_reference,kda,16,r13/recurrence_4,recurrence,[],105,90,5676,3992,292,14700,24855,540736,528384
native_reference,kda,16,r14/recurrence_4,recurrence,[],105,90,5676,3992,292,14246,24401,540736,528384
native_reference,kda,16,r15/recurrence_4,recurrence,[],105,90,5676,3992,292,14097,24252,540736,528384
native_reference,kda,16,r0/pack_beta_5,coefficient_layout,[],349,249,212,272,0,356,1438,12288,4096
native_reference,kda,16,r1/pack_beta_5,coefficient_layout,[],351,251,212,272,0,370,1456,12288,4096
native_reference,kda,16,r2/pack_beta_5,coefficient_layout,[],351,251,212,272,0,305,1391,12288,4096
native_reference,kda,16,r3/pack_beta_5,coefficient_layout,[],351,251,212,272,0,370,1456,12288,4096
native_reference,kda,16,r4/pack_beta_5,coefficient_layout,[],351,251,212,272,0,311,1397,12288,4096
native_reference,kda,16,r5/pack_beta_5,coefficient_layout,[],351,251,212,272,0,315,1401,12288,4096
native_reference,kda,16,r6/pack_beta_5,coefficient_layout,[],351,251,212,272,0,326,1412,12288,4096
native_reference,kda,16,r7/pack_beta_5,coefficient_layout,[],351,251,212,272,0,742,1828,12288,4096
native_reference,kda,16,r8/pack_beta_5,coefficient_layout,[],351,251,212,272,0,328,1414,12288,4096
native_reference,kda,16,r9/pack_beta_5,coefficient_layout,[],351,251,212,272,0,315,1401,12288,4096
native_reference,kda,16,r10/pack_beta_5,coefficient_layout,[],351,251,212,272,0,280,1366,12288,4096
native_reference,kda,16,r11/pack_beta_5,coefficient_layout,[],351,251,212,272,0,363,1449,12288,4096
native_reference,kda,16,r12/pack_beta_5,coefficient_layout,[],351,251,212,272,0,328,1414,12288,4096
native_reference,kda,16,r13/pack_beta_5,coefficient_layout,[],351,251,212,272,0,315,1401,12288,4096
native_reference,kda,16,r14/pack_beta_5,coefficient_layout,[],351,251,212,272,0,307,1393,12288,4096
native_reference,kda,16,r15/pack_beta_5,coefficient_layout,[],351,251,212,272,0,335,1421,12288,4096
native_reference,kda,16,r0/recurrence_5,recurrence,[],105,90,5676,3992,292,14396,24551,540736,528384
native_reference,kda,16,r1/recurrence_5,recurrence,[],105,90,5676,3992,292,15484,25639,540736,528384
native_reference,kda,16,r2/recurrence_5,recurrence,[],105,90,5676,3992,292,14137,24292,540736,528384
native_reference,kda,16,r3/recurrence_5,recurrence,[],105,90,5676,3992,292,14384,24539,540736,528384
native_reference,kda,16,r4/recurrence_5,recurrence,[],105,90,5676,3992,292,15398,25553,540736,528384
native_reference,kda,16,r5/recurrence_5,recurrence,[],105,90,5676,3992,292,13964,24119,540736,528384
native_reference,kda,16,r6/recurrence_5,recurrence,[],105,90,5676,3992,292,14385,24540,540736,528384
native_reference,kda,16,r7/recurrence_5,recurrence,[],105,90,5676,3992,292,15345,25500,540736,528384
native_reference,kda,16,r8/recurrence_5,recurrence,[],105,90,5676,3992,292,13884,24039,540736,528384
native_reference,kda,16,r9/recurrence_5,recurrence,[],105,90,5676,3992,292,14456,24611,540736,528384
native_reference,kda,16,r10/recurrence_5,recurrence,[],105,90,5676,3992,292,15412,25567,540736,528384
native_reference,kda,16,r11/recurrence_5,recurrence,[],105,90,5676,3992,292,14112,24267,540736,528384
native_reference,kda,16,r12/recurrence_5,recurrence,[],105,90,5676,3992,292,14792,24947,540736,528384
native_reference,kda,16,r13/recurrence_5,recurrence,[],105,90,5676,3992,292,14792,24947,540736,528384
native_reference,kda,16,r14/recurrence_5,recurrence,[],105,90,5676,3992,292,14302,24457,540736,528384
native_reference,kda,16,r15/recurrence_5,recurrence,[],105,90,5676,3992,292,14896,25051,540736,528384
native_reference,kda,16,r0/output_rms,norm,[],2271,1677,1266,1536,0,9795,16545,442368,24576
native_reference,kda,16,r1/output_rms,norm,[],2373,1779,1266,1536,0,10152,17106,442368,24576
native_reference,kda,16,r2/output_rms,norm,[],2373,1779,1266,1536,0,9793,16747,442368,24576
native_reference,kda,16,r3/output_rms,norm,[],2373,1779,1266,1536,0,9780,16734,442368,24576
native_reference,kda,16,r4/output_rms,norm,[],2373,1779,1266,1536,0,10581,17535,442368,24576
native_reference,kda,16,r5/output_rms,norm,[],2373,1779,1266,1536,0,9550,16504,442368,24576
native_reference,kda,16,r6/output_rms,norm,[],2373,1779,1266,1536,0,9974,16928,442368,24576
native_reference,kda,16,r7/output_rms,norm,[],2373,1779,1266,1536,0,10793,17747,442368,24576
native_reference,kda,16,r8/output_rms,norm,[],2373,1779,1266,1536,0,10219,17173,442368,24576
native_reference,kda,16,r9/output_rms,norm,[],2373,1779,1266,1536,0,9526,16480,442368,24576
native_reference,kda,16,r10/output_rms,norm,[],2373,1779,1266,1536,0,10623,17577,442368,24576
native_reference,kda,16,r11/output_rms,norm,[],2373,1779,1266,1536,0,9980,16934,442368,24576
native_reference,kda,16,r12/output_rms,norm,[],2373,1779,1266,1536,0,9507,16461,442368,24576
native_reference,kda,16,r13/output_rms,norm,[],2373,1779,1266,1536,0,10185,17139,442368,24576
native_reference,kda,16,r14/output_rms,norm,[],2373,1779,1266,1536,0,9986,16940,442368,24576
native_reference,kda,16,r15/output_rms,norm,[],2373,1779,1266,1536,0,9243,16197,442368,24576
native_reference,kda,16,r0/output_norm_weight,norm,[],80,56,36,6,0,1119,1297,49152,24576
native_reference,kda,16,r1/output_norm_weight,norm,[],80,56,36,6,0,1684,1862,49152,24576
native_reference,kda,16,r2/output_norm_weight,norm,[],80,56,36,6,0,1477,1655,49152,24576
native_reference,kda,16,r3/output_norm_weight,norm,[],80,56,36,6,0,1190,1368,49152,24576
native_reference,kda,16,r4/output_norm_weight,norm,[],80,56,36,6,0,1428,1606,49152,24576
native_reference,kda,16,r5/output_norm_weight,norm,[],80,56,36,6,0,1422,1600,49152,24576
native_reference,kda,16,r6/output_norm_weight,norm,[],80,56,36,6,0,1640,1818,49152,24576
native_reference,kda,16,r7/output_norm_weight,norm,[],80,56,36,6,0,1190,1368,49152,24576
native_reference,kda,16,r8/output_norm_weight,norm,[],80,56,36,6,0,1207,1385,49152,24576
native_reference,kda,16,r9/output_norm_weight,norm,[],80,56,36,6,0,1461,1639,49152,24576
native_reference,kda,16,r10/output_norm_weight,norm,[],80,56,36,6,0,1220,1398,49152,24576
native_reference,kda,16,r11/output_norm_weight,norm,[],80,56,36,6,0,1629,1807,49152,24576
native_reference,kda,16,r12/output_norm_weight,norm,[],80,56,36,6,0,1166,1344,49152,24576
native_reference,kda,16,r13/output_norm_weight,norm,[],80,56,36,6,0,1174,1352,49152,24576
native_reference,kda,16,r14/output_norm_weight,norm,[],80,56,36,6,0,1598,1776,49152,24576
native_reference,kda,16,r15/output_norm_weight,norm,[],80,56,36,6,0,1252,1430,49152,24576
native_reference,kda,16,r0/output_gate,gate_prepare,[],124,75,97,918,0,1773,2987,53248,24576
native_reference,kda,16,r1/output_gate,gate_prepare,[],125,76,97,918,0,1656,2872,53248,24576
native_reference,kda,16,r2/output_gate,gate_prepare,[],125,76,97,918,0,1383,2599,53248,24576
native_reference,kda,16,r3/output_gate,gate_prepare,[],125,76,97,918,0,1692,2908,53248,24576
native_reference,kda,16,r4/output_gate,gate_prepare,[],125,76,97,918,0,1788,3004,53248,24576
native_reference,kda,16,r5/output_gate,gate_prepare,[],125,76,97,918,0,1586,2802,53248,24576
native_reference,kda,16,r6/output_gate,gate_prepare,[],125,76,97,918,0,1287,2503,53248,24576
native_reference,kda,16,r7/output_gate,gate_prepare,[],125,76,97,918,0,1608,2824,53248,24576
native_reference,kda,16,r8/output_gate,gate_prepare,[],125,76,97,918,0,1661,2877,53248,24576
native_reference,kda,16,r9/output_gate,gate_prepare,[],125,76,97,918,0,1262,2478,53248,24576
native_reference,kda,16,r10/output_gate,gate_prepare,[],125,76,97,918,0,1659,2875,53248,24576
native_reference,kda,16,r11/output_gate,gate_prepare,[],125,76,97,918,0,1593,2809,53248,24576
native_reference,kda,16,r12/output_gate,gate_prepare,[],125,76,97,918,0,1274,2490,53248,24576
native_reference,kda,16,r13/output_gate,gate_prepare,[],125,76,97,918,0,1711,2927,53248,24576
native_reference,kda,16,r14/output_gate,gate_prepare,[],125,76,97,918,0,1664,2880,53248,24576
native_reference,kda,16,r15/output_gate,gate_prepare,[],125,76,97,918,0,1736,2952,53248,24576
native_reference,kda,16,output_projection,output_projection,"[16,7168,12288]",1218220,868835,7094473,44040192,0,16769170,69990890,843616256,262144
previous,mamba,1,input_norm,norm,[],52,36,26,30,0,486,630,24576,8192
previous,mamba,1,input_projection,input_projections,"[1,10304,2688]",29010,21912,94360,906752,0,1008780,2060814,55427072,24576
previous,mamba,1,convolution,conv,[],276,194,154,483,0,3490,4597,114688,61440
previous,mamba,1,gate_production,gate_prepare,[],104,72,70,168,0,1352,1766,40960,8192
previous,mamba,1,pack_dt_0,coefficient_layout,[],685,489,420,544,0,232,2370,12288,4096
previous,mamba,1,pack_skip_0,coefficient_layout,[],969,701,595,625,0,687,3577,20480,4096
previous,mamba,1,recurrence_0,recurrence,[],106,92,3801,1906,15,14503,20423,536832,528384
previous,mamba,1,pack_dt_1,coefficient_layout,[],685,489,420,544,0,693,2831,12288,4096
previous,mamba,1,pack_skip_1,coefficient_layout,[],969,701,595,625,0,410,3300,20480,4096
previous,mamba,1,recurrence_1,recurrence,[],108,94,3801,1906,15,13526,19450,536832,528384
previous,mamba,1,silu_gate,gate_prepare,[],44,27,33,306,0,483,893,20480,8192
previous,mamba,1,gate_product,gate_prepare,[],28,20,12,2,0,316,378,16384,8192
previous,mamba,1,gated_rms,norm,[],215,161,110,128,0,1368,1982,49152,8192
previous,mamba,1,norm_weight,norm,[],28,20,12,2,0,288,350,16384,8192
previous,mamba,1,output_projection,output_projection,"[1,2688,4096]",9516,6822,36294,344064,0,389743,786439,22036480,8192
previous,mamba,2,r0/input_norm,norm,[],52,36,26,30,0,486,630,24576,8192
previous,mamba,2,r1/input_norm,norm,[],60,44,26,30,0,605,765,24576,8192
previous,mamba,2,input_projection,input_projections,"[2,10304,2688]",29065,21953,105000,963424,0,982481,2101923,55459840,49152
previous,mamba,2,r0/convolution,conv,[],276,194,154,483,0,3362,4469,114688,61440
previous,mamba,2,r1/convolution,conv,[],277,195,154,483,0,4216,5325,114688,61440
previous,mamba,2,r0/gate_production,gate_prepare,[],104,72,70,168,0,1347,1761,40960,8192
previous,mamba,2,r1/gate_production,gate_prepare,[],111,79,70,168,0,943,1371,40960,8192
previous,mamba,2,r0/pack_dt_0,coefficient_layout,[],685,489,420,544,0,294,2432,12288,4096
previous,mamba,2,r1/pack_dt_0,coefficient_layout,[],687,491,420,544,0,357,2499,12288,4096
previous,mamba,2,r0/pack_skip_0,coefficient_layout,[],969,701,595,625,0,443,3333,20480,4096
previous,mamba,2,r1/pack_skip_0,coefficient_layout,[],972,704,595,625,0,908,3804,20480,4096
previous,mamba,2,r0/recurrence_0,recurrence,[],106,92,3801,1906,15,14500,20420,536832,528384
previous,mamba,2,r1/recurrence_0,recurrence,[],106,92,3801,1906,15,14770,20690,536832,528384
previous,mamba,2,r0/pack_dt_1,coefficient_layout,[],685,489,420,544,0,348,2486,12288,4096
previous,mamba,2,r1/pack_dt_1,coefficient_layout,[],687,491,420,544,0,353,2495,12288,4096
previous,mamba,2,r0/pack_skip_1,coefficient_layout,[],969,701,595,625,0,442,3332,20480,4096
previous,mamba,2,r1/pack_skip_1,coefficient_layout,[],972,704,595,625,0,523,3419,20480,4096
previous,mamba,2,r0/recurrence_1,recurrence,[],108,94,3801,1906,15,14169,20093,536832,528384
previous,mamba,2,r1/recurrence_1,recurrence,[],108,94,3801,1906,15,14121,20045,536832,528384
previous,mamba,2,r0/silu_gate,gate_prepare,[],44,27,33,306,0,563,973,20480,8192
previous,mamba,2,r1/silu_gate,gate_prepare,[],45,28,33,306,0,840,1252,20480,8192
previous,mamba,2,r0/gate_product,gate_prepare,[],28,20,12,2,0,395,457,16384,8192
previous,mamba,2,r1/gate_product,gate_prepare,[],28,20,12,2,0,479,541,16384,8192
previous,mamba,2,r0/gated_rms,norm,[],215,161,110,128,0,959,1573,49152,8192
previous,mamba,2,r1/gated_rms,norm,[],217,163,110,128,0,1478,2096,49152,8192
previous,mamba,2,r0/norm_weight,norm,[],28,20,12,2,0,362,424,16384,8192
previous,mamba,2,r1/norm_weight,norm,[],28,20,12,2,0,369,431,16384,8192
previous,mamba,2,output_projection,output_projection,"[2,2688,4096]",9539,6839,40332,365568,0,396672,818950,22052864,16384
previous,mamba,4,r0/input_norm,norm,[],52,36,26,30,0,486,630,24576,8192
previous,mamba,4,r1/input_norm,norm,[],60,44,26,30,0,605,765,24576,8192
previous,mamba,4,r2/input_norm,norm,[],60,44,26,30,0,515,675,24576,8192
previous,mamba,4,r3/input_norm,norm,[],60,44,26,30,0,519,679,24576,8192
previous,mamba,4,input_projection,input_projections,"[4,10304,2688]",29153,22013,126280,1076768,0,1006725,2260939,55525376,98304
previous,mamba,4,r0/convolution,conv,[],276,194,154,483,0,3570,4677,114688,61440
previous,mamba,4,r1/convolution,conv,[],277,195,154,483,0,4176,5285,114688,61440
previous,mamba,4,r2/convolution,conv,[],277,195,154,483,0,2658,3767,114688,61440
previous,mamba,4,r3/convolution,conv,[],277,195,154,483,0,2709,3818,114688,61440
previous,mamba,4,r0/gate_production,gate_prepare,[],104,72,70,168,0,1317,1731,40960,8192
previous,mamba,4,r1/gate_production,gate_prepare,[],111,79,70,168,0,957,1385,40960,8192
previous,mamba,4,r2/gate_production,gate_prepare,[],111,79,70,168,0,1050,1478,40960,8192
previous,mamba,4,r3/gate_production,gate_prepare,[],111,79,70,168,0,858,1286,40960,8192
previous,mamba,4,r0/pack_dt_0,coefficient_layout,[],685,489,420,544,0,476,2614,12288,4096
previous,mamba,4,r1/pack_dt_0,coefficient_layout,[],687,491,420,544,0,357,2499,12288,4096
previous,mamba,4,r2/pack_dt_0,coefficient_layout,[],687,491,420,544,0,303,2445,12288,4096
previous,mamba,4,r3/pack_dt_0,coefficient_layout,[],687,491,420,544,0,276,2418,12288,4096
previous,mamba,4,r0/pack_skip_0,coefficient_layout,[],969,701,595,625,0,808,3698,20480,4096
previous,mamba,4,r1/pack_skip_0,coefficient_layout,[],972,704,595,625,0,523,3419,20480,4096
previous,mamba,4,r2/pack_skip_0,coefficient_layout,[],972,704,595,625,0,664,3560,20480,4096
previous,mamba,4,r3/pack_skip_0,coefficient_layout,[],971,703,595,625,0,792,3686,20480,4096
previous,mamba,4,r0/recurrence_0,recurrence,[],106,92,3801,1906,15,14599,20519,536832,528384
previous,mamba,4,r1/recurrence_0,recurrence,[],106,92,3801,1906,15,14829,20749,536832,528384
previous,mamba,4,r2/recurrence_0,recurrence,[],106,92,3801,1906,15,14469,20389,536832,528384
previous,mamba,4,r3/recurrence_0,recurrence,[],106,92,3801,1906,15,14112,20032,536832,528384
previous,mamba,4,r0/pack_dt_1,coefficient_layout,[],685,489,420,544,0,324,2462,12288,4096
previous,mamba,4,r1/pack_dt_1,coefficient_layout,[],687,491,420,544,0,321,2463,12288,4096
previous,mamba,4,r2/pack_dt_1,coefficient_layout,[],687,491,420,544,0,323,2465,12288,4096
previous,mamba,4,r3/pack_dt_1,coefficient_layout,[],687,491,420,544,0,304,2446,12288,4096
previous,mamba,4,r0/pack_skip_1,coefficient_layout,[],969,701,595,625,0,847,3737,20480,4096
previous,mamba,4,r1/pack_skip_1,coefficient_layout,[],972,704,595,625,0,523,3419,20480,4096
previous,mamba,4,r2/pack_skip_1,coefficient_layout,[],972,704,595,625,0,823,3719,20480,4096
previous,mamba,4,r3/pack_skip_1,coefficient_layout,[],971,703,595,625,0,454,3348,20480,4096
previous,mamba,4,r0/recurrence_1,recurrence,[],108,94,3801,1906,15,14937,20861,536832,528384
previous,mamba,4,r1/recurrence_1,recurrence,[],108,94,3801,1906,15,14252,20176,536832,528384
previous,mamba,4,r2/recurrence_1,recurrence,[],108,94,3801,1906,15,14421,20345,536832,528384
previous,mamba,4,r3/recurrence_1,recurrence,[],108,94,3801,1906,15,14891,20815,536832,528384
previous,mamba,4,r0/silu_gate,gate_prepare,[],44,27,33,306,0,898,1308,20480,8192
previous,mamba,4,r1/silu_gate,gate_prepare,[],45,28,33,306,0,448,860,20480,8192
previous,mamba,4,r2/silu_gate,gate_prepare,[],45,28,33,306,0,567,979,20480,8192
previous,mamba,4,r3/silu_gate,gate_prepare,[],45,28,33,306,0,568,980,20480,8192
previous,mamba,4,r0/gate_product,gate_prepare,[],28,20,12,2,0,862,924,16384,8192
previous,mamba,4,r1/gate_product,gate_prepare,[],28,20,12,2,0,462,524,16384,8192
previous,mamba,4,r2/gate_product,gate_prepare,[],28,20,12,2,0,516,578,16384,8192
previous,mamba,4,r3/gate_product,gate_prepare,[],28,20,12,2,0,411,473,16384,8192
previous,mamba,4,r0/gated_rms,norm,[],215,161,110,128,0,959,1573,49152,8192
previous,mamba,4,r1/gated_rms,norm,[],217,163,110,128,0,1319,1937,49152,8192
previous,mamba,4,r2/gated_rms,norm,[],217,163,110,128,0,1059,1677,49152,8192
previous,mamba,4,r3/gated_rms,norm,[],217,163,110,128,0,1442,2060,49152,8192
previous,mamba,4,r0/norm_weight,norm,[],28,20,12,2,0,368,430,16384,8192
previous,mamba,4,r1/norm_weight,norm,[],28,20,12,2,0,459,521,16384,8192
previous,mamba,4,r2/norm_weight,norm,[],28,20,12,2,0,443,505,16384,8192
previous,mamba,4,r3/norm_weight,norm,[],28,20,12,2,0,422,484,16384,8192
previous,mamba,4,output_projection,output_projection,"[4,2688,4096]",9579,6867,48408,408576,0,389733,863163,22085632,32768
previous,mamba,8,r0/input_norm,norm,[],52,36,26,30,0,486,630,24576,8192
previous,mamba,8,r1/input_norm,norm,[],60,44,26,30,0,605,765,24576,8192
previous,mamba,8,r2/input_norm,norm,[],60,44,26,30,0,515,675,24576,8192
previous,mamba,8,r3/input_norm,norm,[],60,44,26,30,0,519,679,24576,8192
previous,mamba,8,r4/input_norm,norm,[],60,44,26,30,0,523,683,24576,8192
previous,mamba,8,r5/input_norm,norm,[],60,44,26,30,0,982,1142,24576,8192
previous,mamba,8,r6/input_norm,norm,[],60,44,26,30,0,518,678,24576,8192
previous,mamba,8,r7/input_norm,norm,[],60,44,26,30,0,513,673,24576,8192
previous,mamba,8,input_projection,input_projections,"[8,10304,2688]",42853,32115,239036,2153536,0,1007088,3474628,55656448,196608
previous,mamba,8,r0/convolution,conv,[],276,194,154,483,0,3612,4719,114688,61440
previous,mamba,8,r1/convolution,conv,[],277,195,154,483,0,4542,5651,114688,61440
previous,mamba,8,r2/convolution,conv,[],277,195,154,483,0,2279,3388,114688,61440
previous,mamba,8,r3/convolution,conv,[],277,195,154,483,0,2695,3804,114688,61440
previous,mamba,8,r4/convolution,conv,[],277,195,154,483,0,2675,3784,114688,61440
previous,mamba,8,r5/convolution,conv,[],274,192,154,483,0,2679,3782,114688,61440
previous,mamba,8,r6/convolution,conv,[],277,195,154,483,0,2769,3878,114688,61440
previous,mamba,8,r7/convolution,conv,[],277,195,154,483,0,2757,3866,114688,61440
previous,mamba,8,r0/gate_production,gate_prepare,[],104,72,70,168,0,1343,1757,40960,8192
previous,mamba,8,r1/gate_production,gate_prepare,[],111,79,70,168,0,943,1371,40960,8192
previous,mamba,8,r2/gate_production,gate_prepare,[],111,79,70,168,0,1248,1676,40960,8192
previous,mamba,8,r3/gate_production,gate_prepare,[],111,79,70,168,0,858,1286,40960,8192
previous,mamba,8,r4/gate_production,gate_prepare,[],111,79,70,168,0,920,1348,40960,8192
previous,mamba,8,r5/gate_production,gate_prepare,[],111,79,70,168,0,1326,1754,40960,8192
previous,mamba,8,r6/gate_production,gate_prepare,[],111,79,70,168,0,803,1231,40960,8192
previous,mamba,8,r7/gate_production,gate_prepare,[],111,79,70,168,0,1002,1430,40960,8192
previous,mamba,8,r0/pack_dt_0,coefficient_layout,[],685,489,420,544,0,324,2462,12288,4096
previous,mamba,8,r1/pack_dt_0,coefficient_layout,[],687,491,420,544,0,329,2471,12288,4096
previous,mamba,8,r2/pack_dt_0,coefficient_layout,[],687,491,420,544,0,261,2403,12288,4096
previous,mamba,8,r3/pack_dt_0,coefficient_layout,[],687,491,420,544,0,296,2438,12288,4096
previous,mamba,8,r4/pack_dt_0,coefficient_layout,[],687,491,420,544,0,527,2669,12288,4096
previous,mamba,8,r5/pack_dt_0,coefficient_layout,[],687,491,420,544,0,281,2423,12288,4096
previous,mamba,8,r6/pack_dt_0,coefficient_layout,[],687,491,420,544,0,294,2436,12288,4096
previous,mamba,8,r7/pack_dt_0,coefficient_layout,[],686,490,420,544,0,281,2421,12288,4096
previous,mamba,8,r0/pack_skip_0,coefficient_layout,[],969,701,595,625,0,845,3735,20480,4096
previous,mamba,8,r1/pack_skip_0,coefficient_layout,[],972,704,595,625,0,523,3419,20480,4096
previous,mamba,8,r2/pack_skip_0,coefficient_layout,[],972,704,595,625,0,717,3613,20480,4096
previous,mamba,8,r3/pack_skip_0,coefficient_layout,[],971,703,595,625,0,792,3686,20480,4096
previous,mamba,8,r4/pack_skip_0,coefficient_layout,[],972,704,595,625,0,398,3294,20480,4096
previous,mamba,8,r5/pack_skip_0,coefficient_layout,[],972,704,595,625,0,408,3304,20480,4096
previous,mamba,8,r6/pack_skip_0,coefficient_layout,[],972,704,595,625,0,413,3309,20480,4096
previous,mamba,8,r7/pack_skip_0,coefficient_layout,[],971,703,595,625,0,574,3468,20480,4096
previous,mamba,8,r0/recurrence_0,recurrence,[],106,92,3801,1906,15,14290,20210,536832,528384
previous,mamba,8,r1/recurrence_0,recurrence,[],106,92,3801,1906,15,13773,19693,536832,528384
previous,mamba,8,r2/recurrence_0,recurrence,[],106,92,3801,1906,15,14574,20494,536832,528384
previous,mamba,8,r3/recurrence_0,recurrence,[],106,92,3801,1906,15,14407,20327,536832,528384
previous,mamba,8,r4/recurrence_0,recurrence,[],106,92,3801,1906,15,14252,20172,536832,528384
previous,mamba,8,r5/recurrence_0,recurrence,[],106,92,3801,1906,15,14890,20810,536832,528384
previous,mamba,8,r6/recurrence_0,recurrence,[],106,92,3801,1906,15,13945,19865,536832,528384
previous,mamba,8,r7/recurrence_0,recurrence,[],106,92,3801,1906,15,14381,20301,536832,528384
previous,mamba,8,r0/pack_dt_1,coefficient_layout,[],685,489,420,544,0,324,2462,12288,4096
previous,mamba,8,r1/pack_dt_1,coefficient_layout,[],687,491,420,544,0,321,2463,12288,4096
previous,mamba,8,r2/pack_dt_1,coefficient_layout,[],687,491,420,544,0,323,2465,12288,4096
previous,mamba,8,r3/pack_dt_1,coefficient_layout,[],687,491,420,544,0,304,2446,12288,4096
previous,mamba,8,r4/pack_dt_1,coefficient_layout,[],687,491,420,544,0,272,2414,12288,4096
previous,mamba,8,r5/pack_dt_1,coefficient_layout,[],687,491,420,544,0,330,2472,12288,4096
previous,mamba,8,r6/pack_dt_1,coefficient_layout,[],687,491,420,544,0,662,2804,12288,4096
previous,mamba,8,r7/pack_dt_1,coefficient_layout,[],686,490,420,544,0,281,2421,12288,4096
previous,mamba,8,r0/pack_skip_1,coefficient_layout,[],969,701,595,625,0,906,3796,20480,4096
previous,mamba,8,r1/pack_skip_1,coefficient_layout,[],972,704,595,625,0,915,3811,20480,4096
previous,mamba,8,r2/pack_skip_1,coefficient_layout,[],972,704,595,625,0,450,3346,20480,4096
previous,mamba,8,r3/pack_skip_1,coefficient_layout,[],971,703,595,625,0,381,3275,20480,4096
previous,mamba,8,r4/pack_skip_1,coefficient_layout,[],972,704,595,625,0,372,3268,20480,4096
previous,mamba,8,r5/pack_skip_1,coefficient_layout,[],972,704,595,625,0,589,3485,20480,4096
previous,mamba,8,r6/pack_skip_1,coefficient_layout,[],972,704,595,625,0,439,3335,20480,4096
previous,mamba,8,r7/pack_skip_1,coefficient_layout,[],971,703,595,625,0,807,3701,20480,4096
previous,mamba,8,r0/recurrence_1,recurrence,[],108,94,3801,1906,15,14960,20884,536832,528384
previous,mamba,8,r1/recurrence_1,recurrence,[],108,94,3801,1906,15,14119,20043,536832,528384
previous,mamba,8,r2/recurrence_1,recurrence,[],108,94,3801,1906,15,14607,20531,536832,528384
previous,mamba,8,r3/recurrence_1,recurrence,[],108,94,3801,1906,15,14786,20710,536832,528384
previous,mamba,8,r4/recurrence_1,recurrence,[],108,94,3801,1906,15,14391,20315,536832,528384
previous,mamba,8,r5/recurrence_1,recurrence,[],108,94,3801,1906,15,13980,19904,536832,528384
previous,mamba,8,r6/recurrence_1,recurrence,[],108,94,3801,1906,15,14302,20226,536832,528384
previous,mamba,8,r7/recurrence_1,recurrence,[],108,94,3801,1906,15,14315,20239,536832,528384
previous,mamba,8,r0/silu_gate,gate_prepare,[],44,27,33,306,0,547,957,20480,8192
previous,mamba,8,r1/silu_gate,gate_prepare,[],45,28,33,306,0,806,1218,20480,8192
previous,mamba,8,r2/silu_gate,gate_prepare,[],45,28,33,306,0,523,935,20480,8192
previous,mamba,8,r3/silu_gate,gate_prepare,[],45,28,33,306,0,563,975,20480,8192
previous,mamba,8,r4/silu_gate,gate_prepare,[],45,28,33,306,0,497,909,20480,8192
previous,mamba,8,r5/silu_gate,gate_prepare,[],45,28,33,306,0,870,1282,20480,8192
previous,mamba,8,r6/silu_gate,gate_prepare,[],45,28,33,306,0,506,918,20480,8192
previous,mamba,8,r7/silu_gate,gate_prepare,[],45,28,33,306,0,523,935,20480,8192
previous,mamba,8,r0/gate_product,gate_prepare,[],28,20,12,2,0,470,532,16384,8192
previous,mamba,8,r1/gate_product,gate_prepare,[],28,20,12,2,0,928,990,16384,8192
previous,mamba,8,r2/gate_product,gate_prepare,[],28,20,12,2,0,444,506,16384,8192
previous,mamba,8,r3/gate_product,gate_prepare,[],28,20,12,2,0,387,449,16384,8192
previous,mamba,8,r4/gate_product,gate_prepare,[],28,20,12,2,0,415,477,16384,8192
previous,mamba,8,r5/gate_product,gate_prepare,[],28,20,12,2,0,491,553,16384,8192
previous,mamba,8,r6/gate_product,gate_prepare,[],28,20,12,2,0,543,605,16384,8192
previous,mamba,8,r7/gate_product,gate_prepare,[],28,20,12,2,0,497,559,16384,8192
previous,mamba,8,r0/gated_rms,norm,[],215,161,110,128,0,1297,1911,49152,8192
previous,mamba,8,r1/gated_rms,norm,[],217,163,110,128,0,985,1603,49152,8192
previous,mamba,8,r2/gated_rms,norm,[],217,163,110,128,0,1429,2047,49152,8192
previous,mamba,8,r3/gated_rms,norm,[],217,163,110,128,0,1107,1725,49152,8192
previous,mamba,8,r4/gated_rms,norm,[],217,163,110,128,0,1456,2074,49152,8192
previous,mamba,8,r5/gated_rms,norm,[],217,163,110,128,0,1165,1783,49152,8192
previous,mamba,8,r6/gated_rms,norm,[],217,163,110,128,0,1467,2085,49152,8192
previous,mamba,8,r7/gated_rms,norm,[],217,163,110,128,0,964,1582,49152,8192
previous,mamba,8,r0/norm_weight,norm,[],28,20,12,2,0,362,424,16384,8192
previous,mamba,8,r1/norm_weight,norm,[],28,20,12,2,0,441,503,16384,8192
previous,mamba,8,r2/norm_weight,norm,[],28,20,12,2,0,810,872,16384,8192
previous,mamba,8,r3/norm_weight,norm,[],28,20,12,2,0,381,443,16384,8192
previous,mamba,8,r4/norm_weight,norm,[],28,20,12,2,0,455,517,16384,8192
previous,mamba,8,r5/norm_weight,norm,[],28,20,12,2,0,471,533,16384,8192
previous,mamba,8,r6/norm_weight,norm,[],28,20,12,2,0,470,532,16384,8192
previous,mamba,8,r7/norm_weight,norm,[],28,20,12,2,0,442,504,16384,8192
previous,mamba,8,output_projection,output_projection,"[8,2688,4096]",13943,9863,91440,817152,0,387242,1319640,22151168,65536
previous,mamba,16,r0/input_norm,norm,[],52,36,26,30,0,486,630,24576,8192
previous,mamba,16,r1/input_norm,norm,[],60,44,26,30,0,605,765,24576,8192
previous,mamba,16,r2/input_norm,norm,[],60,44,26,30,0,515,675,24576,8192
previous,mamba,16,r3/input_norm,norm,[],60,44,26,30,0,519,679,24576,8192
previous,mamba,16,r4/input_norm,norm,[],60,44,26,30,0,523,683,24576,8192
previous,mamba,16,r5/input_norm,norm,[],60,44,26,30,0,982,1142,24576,8192
previous,mamba,16,r6/input_norm,norm,[],60,44,26,30,0,518,678,24576,8192
previous,mamba,16,r7/input_norm,norm,[],60,44,26,30,0,513,673,24576,8192
previous,mamba,16,r8/input_norm,norm,[],60,44,26,30,0,541,701,24576,8192
previous,mamba,16,r9/input_norm,norm,[],60,44,26,30,0,731,891,24576,8192
previous,mamba,16,r10/input_norm,norm,[],60,44,26,30,0,932,1092,24576,8192
previous,mamba,16,r11/input_norm,norm,[],60,44,26,30,0,572,732,24576,8192
previous,mamba,16,r12/input_norm,norm,[],60,44,26,30,0,494,654,24576,8192
previous,mamba,16,r13/input_norm,norm,[],60,44,26,30,0,576,736,24576,8192
previous,mamba,16,r14/input_norm,norm,[],58,42,26,30,0,510,666,24576,8192
previous,mamba,16,r15/input_norm,norm,[],60,44,26,30,0,951,1111,24576,8192
previous,mamba,16,input_projection,input_projections,"[16,10304,2688]",69609,51675,464548,4307072,0,1005722,5898626,55918592,393216
previous,mamba,16,r0/convolution,conv,[],276,194,154,483,0,3550,4657,114688,61440
previous,mamba,16,r1/convolution,conv,[],277,195,154,483,0,4374,5483,114688,61440
previous,mamba,16,r2/convolution,conv,[],277,195,154,483,0,2923,4032,114688,61440
previous,mamba,16,r3/convolution,conv,[],277,195,154,483,0,2922,4031,114688,61440
previous,mamba,16,r4/convolution,conv,[],277,195,154,483,0,2833,3942,114688,61440
previous,mamba,16,r5/convolution,conv,[],274,192,154,483,0,2882,3985,114688,61440
previous,mamba,16,r6/convolution,conv,[],277,195,154,483,0,2905,4014,114688,61440
previous,mamba,16,r7/convolution,conv,[],277,195,154,483,0,2783,3892,114688,61440
previous,mamba,16,r8/convolution,conv,[],277,195,154,483,0,2794,3903,114688,61440
previous,mamba,16,r9/convolution,conv,[],277,195,154,483,0,2800,3909,114688,61440
previous,mamba,16,r10/convolution,conv,[],277,195,154,483,0,3461,4570,114688,61440
previous,mamba,16,r11/convolution,conv,[],277,195,154,483,0,4064,5173,114688,61440
previous,mamba,16,r12/convolution,conv,[],277,195,154,483,0,3565,4674,114688,61440
previous,mamba,16,r13/convolution,conv,[],277,195,154,483,0,2137,3246,114688,61440
previous,mamba,16,r14/convolution,conv,[],277,195,154,483,0,2692,3801,114688,61440
previous,mamba,16,r15/convolution,conv,[],277,195,154,483,0,2721,3830,114688,61440
previous,mamba,16,r0/gate_production,gate_prepare,[],104,72,70,168,0,1330,1744,40960,8192
previous,mamba,16,r1/gate_production,gate_prepare,[],111,79,70,168,0,943,1371,40960,8192
previous,mamba,16,r2/gate_production,gate_prepare,[],111,79,70,168,0,1210,1638,40960,8192
previous,mamba,16,r3/gate_production,gate_prepare,[],111,79,70,168,0,858,1286,40960,8192
previous,mamba,16,r4/gate_production,gate_prepare,[],111,79,70,168,0,920,1348,40960,8192
previous,mamba,16,r5/gate_production,gate_prepare,[],111,79,70,168,0,1326,1754,40960,8192
previous,mamba,16,r6/gate_production,gate_prepare,[],111,79,70,168,0,803,1231,40960,8192
previous,mamba,16,r7/gate_production,gate_prepare,[],111,79,70,168,0,1002,1430,40960,8192
previous,mamba,16,r8/gate_production,gate_prepare,[],111,79,70,168,0,1272,1700,40960,8192
previous,mamba,16,r9/gate_production,gate_prepare,[],111,79,70,168,0,919,1347,40960,8192
previous,mamba,16,r10/gate_production,gate_prepare,[],111,79,70,168,0,1170,1598,40960,8192
previous,mamba,16,r11/gate_production,gate_prepare,[],111,79,70,168,0,858,1286,40960,8192
previous,mamba,16,r12/gate_production,gate_prepare,[],110,78,70,168,0,936,1362,40960,8192
previous,mamba,16,r13/gate_production,gate_prepare,[],111,79,70,168,0,1332,1760,40960,8192
previous,mamba,16,r14/gate_production,gate_prepare,[],111,79,70,168,0,833,1261,40960,8192
previous,mamba,16,r15/gate_production,gate_prepare,[],111,79,70,168,0,861,1289,40960,8192
previous,mamba,16,r0/pack_dt_0,coefficient_layout,[],685,489,420,544,0,324,2462,12288,4096
previous,mamba,16,r1/pack_dt_0,coefficient_layout,[],687,491,420,544,0,329,2471,12288,4096
previous,mamba,16,r2/pack_dt_0,coefficient_layout,[],687,491,420,544,0,261,2403,12288,4096
previous,mamba,16,r3/pack_dt_0,coefficient_layout,[],687,491,420,544,0,296,2438,12288,4096
previous,mamba,16,r4/pack_dt_0,coefficient_layout,[],687,491,420,544,0,624,2766,12288,4096
previous,mamba,16,r5/pack_dt_0,coefficient_layout,[],687,491,420,544,0,281,2423,12288,4096
previous,mamba,16,r6/pack_dt_0,coefficient_layout,[],687,491,420,544,0,294,2436,12288,4096
previous,mamba,16,r7/pack_dt_0,coefficient_layout,[],686,490,420,544,0,281,2421,12288,4096
previous,mamba,16,r8/pack_dt_0,coefficient_layout,[],687,491,420,544,0,777,2919,12288,4096
previous,mamba,16,r9/pack_dt_0,coefficient_layout,[],687,491,420,544,0,354,2496,12288,4096
previous,mamba,16,r10/pack_dt_0,coefficient_layout,[],686,490,420,544,0,307,2447,12288,4096
previous,mamba,16,r11/pack_dt_0,coefficient_layout,[],687,491,420,544,0,702,2844,12288,4096
previous,mamba,16,r12/pack_dt_0,coefficient_layout,[],687,491,420,544,0,268,2410,12288,4096
previous,mamba,16,r13/pack_dt_0,coefficient_layout,[],687,491,420,544,0,288,2430,12288,4096
previous,mamba,16,r14/pack_dt_0,coefficient_layout,[],687,491,420,544,0,720,2862,12288,4096
previous,mamba,16,r15/pack_dt_0,coefficient_layout,[],687,491,420,544,0,275,2417,12288,4096
previous,mamba,16,r0/pack_skip_0,coefficient_layout,[],969,701,595,625,0,435,3325,20480,4096
previous,mamba,16,r1/pack_skip_0,coefficient_layout,[],972,704,595,625,0,776,3672,20480,4096
previous,mamba,16,r2/pack_skip_0,coefficient_layout,[],972,704,595,625,0,450,3346,20480,4096
previous,mamba,16,r3/pack_skip_0,coefficient_layout,[],971,703,595,625,0,821,3715,20480,4096
previous,mamba,16,r4/pack_skip_0,coefficient_layout,[],972,704,595,625,0,416,3312,20480,4096
previous,mamba,16,r5/pack_skip_0,coefficient_layout,[],972,704,595,625,0,830,3726,20480,4096
previous,mamba,16,r6/pack_skip_0,coefficient_layout,[],972,704,595,625,0,413,3309,20480,4096
previous,mamba,16,r7/pack_skip_0,coefficient_layout,[],971,703,595,625,0,411,3305,20480,4096
previous,mamba,16,r8/pack_skip_0,coefficient_layout,[],972,704,595,625,0,474,3370,20480,4096
previous,mamba,16,r9/pack_skip_0,coefficient_layout,[],972,704,595,625,0,496,3392,20480,4096
previous,mamba,16,r10/pack_skip_0,coefficient_layout,[],972,704,595,625,0,843,3739,20480,4096
previous,mamba,16,r11/pack_skip_0,coefficient_layout,[],972,704,595,625,0,434,3330,20480,4096
previous,mamba,16,r12/pack_skip_0,coefficient_layout,[],972,704,595,625,0,859,3755,20480,4096
previous,mamba,16,r13/pack_skip_0,coefficient_layout,[],972,704,595,625,0,440,3336,20480,4096
previous,mamba,16,r14/pack_skip_0,coefficient_layout,[],972,704,595,625,0,772,3668,20480,4096
previous,mamba,16,r15/pack_skip_0,coefficient_layout,[],972,704,595,625,0,407,3303,20480,4096
previous,mamba,16,r0/recurrence_0,recurrence,[],106,92,3801,1906,15,13594,19514,536832,528384
previous,mamba,16,r1/recurrence_0,recurrence,[],106,92,3801,1906,15,14693,20613,536832,528384
previous,mamba,16,r2/recurrence_0,recurrence,[],106,92,3801,1906,15,14888,20808,536832,528384
previous,mamba,16,r3/recurrence_0,recurrence,[],106,92,3801,1906,15,13798,19718,536832,528384
previous,mamba,16,r4/recurrence_0,recurrence,[],106,92,3801,1906,15,14007,19927,536832,528384
previous,mamba,16,r5/recurrence_0,recurrence,[],106,92,3801,1906,15,14232,20152,536832,528384
previous,mamba,16,r6/recurrence_0,recurrence,[],106,92,3801,1906,15,14194,20114,536832,528384
previous,mamba,16,r7/recurrence_0,recurrence,[],106,92,3801,1906,15,15223,21143,536832,528384
previous,mamba,16,r8/recurrence_0,recurrence,[],106,92,3801,1906,15,14142,20062,536832,528384
previous,mamba,16,r9/recurrence_0,recurrence,[],106,92,3801,1906,15,14134,20054,536832,528384
previous,mamba,16,r10/recurrence_0,recurrence,[],105,91,3801,1906,15,13902,19820,536832,528384
previous,mamba,16,r11/recurrence_0,recurrence,[],106,92,3801,1906,15,14293,20213,536832,528384
previous,mamba,16,r12/recurrence_0,recurrence,[],106,92,3801,1906,15,14863,20783,536832,528384
previous,mamba,16,r13/recurrence_0,recurrence,[],106,92,3801,1906,15,14511,20431,536832,528384
previous,mamba,16,r14/recurrence_0,recurrence,[],106,92,3801,1906,15,13650,19570,536832,528384
previous,mamba,16,r15/recurrence_0,recurrence,[],106,92,3801,1906,15,14294,20214,536832,528384
previous,mamba,16,r0/pack_dt_1,coefficient_layout,[],685,489,420,544,0,526,2664,12288,4096
previous,mamba,16,r1/pack_dt_1,coefficient_layout,[],687,491,420,544,0,321,2463,12288,4096
previous,mamba,16,r2/pack_dt_1,coefficient_layout,[],687,491,420,544,0,323,2465,12288,4096
previous,mamba,16,r3/pack_dt_1,coefficient_layout,[],687,491,420,544,0,711,2853,12288,4096
previous,mamba,16,r4/pack_dt_1,coefficient_layout,[],687,491,420,544,0,272,2414,12288,4096
previous,mamba,16,r5/pack_dt_1,coefficient_layout,[],687,491,420,544,0,330,2472,12288,4096
previous,mamba,16,r6/pack_dt_1,coefficient_layout,[],687,491,420,544,0,330,2472,12288,4096
previous,mamba,16,r7/pack_dt_1,coefficient_layout,[],686,490,420,544,0,673,2813,12288,4096
previous,mamba,16,r8/pack_dt_1,coefficient_layout,[],687,491,420,544,0,375,2517,12288,4096
previous,mamba,16,r9/pack_dt_1,coefficient_layout,[],687,491,420,544,0,764,2906,12288,4096
previous,mamba,16,r10/pack_dt_1,coefficient_layout,[],687,491,420,544,0,303,2445,12288,4096
previous,mamba,16,r11/pack_dt_1,coefficient_layout,[],687,491,420,544,0,337,2479,12288,4096
previous,mamba,16,r12/pack_dt_1,coefficient_layout,[],687,491,420,544,0,268,2410,12288,4096
previous,mamba,16,r13/pack_dt_1,coefficient_layout,[],687,491,420,544,0,694,2836,12288,4096
previous,mamba,16,r14/pack_dt_1,coefficient_layout,[],687,491,420,544,0,330,2472,12288,4096
previous,mamba,16,r15/pack_dt_1,coefficient_layout,[],687,491,420,544,0,303,2445,12288,4096
previous,mamba,16,r0/pack_skip_1,coefficient_layout,[],969,701,595,625,0,810,3700,20480,4096
previous,mamba,16,r1/pack_skip_1,coefficient_layout,[],972,704,595,625,0,511,3407,20480,4096
previous,mamba,16,r2/pack_skip_1,coefficient_layout,[],972,704,595,625,0,774,3670,20480,4096
previous,mamba,16,r3/pack_skip_1,coefficient_layout,[],971,703,595,625,0,792,3686,20480,4096
previous,mamba,16,r4/pack_skip_1,coefficient_layout,[],972,704,595,625,0,372,3268,20480,4096
previous,mamba,16,r5/pack_skip_1,coefficient_layout,[],972,704,595,625,0,402,3298,20480,4096
previous,mamba,16,r6/pack_skip_1,coefficient_layout,[],972,704,595,625,0,439,3335,20480,4096
previous,mamba,16,r7/pack_skip_1,coefficient_layout,[],971,703,595,625,0,580,3474,20480,4096
previous,mamba,16,r8/pack_skip_1,coefficient_layout,[],972,704,595,625,0,450,3346,20480,4096
previous,mamba,16,r9/pack_skip_1,coefficient_layout,[],972,704,595,625,0,865,3761,20480,4096
previous,mamba,16,r10/pack_skip_1,coefficient_layout,[],972,704,595,625,0,462,3358,20480,4096
previous,mamba,16,r11/pack_skip_1,coefficient_layout,[],972,704,595,625,0,784,3680,20480,4096
previous,mamba,16,r12/pack_skip_1,coefficient_layout,[],972,704,595,625,0,901,3797,20480,4096
previous,mamba,16,r13/pack_skip_1,coefficient_layout,[],972,704,595,625,0,407,3303,20480,4096
previous,mamba,16,r14/pack_skip_1,coefficient_layout,[],972,704,595,625,0,411,3307,20480,4096
previous,mamba,16,r15/pack_skip_1,coefficient_layout,[],972,704,595,625,0,377,3273,20480,4096
previous,mamba,16,r0/recurrence_1,recurrence,[],108,94,3801,1906,15,14195,20119,536832,528384
previous,mamba,16,r1/recurrence_1,recurrence,[],108,94,3801,1906,15,13895,19819,536832,528384
previous,mamba,16,r2/recurrence_1,recurrence,[],108,94,3801,1906,15,15037,20961,536832,528384
previous,mamba,16,r3/recurrence_1,recurrence,[],108,94,3801,1906,15,14828,20752,536832,528384
previous,mamba,16,r4/recurrence_1,recurrence,[],108,94,3801,1906,15,13646,19570,536832,528384
previous,mamba,16,r5/recurrence_1,recurrence,[],108,94,3801,1906,15,14001,19925,536832,528384
previous,mamba,16,r6/recurrence_1,recurrence,[],108,94,3801,1906,15,14313,20237,536832,528384
previous,mamba,16,r7/recurrence_1,recurrence,[],108,94,3801,1906,15,14658,20582,536832,528384
previous,mamba,16,r8/recurrence_1,recurrence,[],108,94,3801,1906,15,14884,20808,536832,528384
previous,mamba,16,r9/recurrence_1,recurrence,[],108,94,3801,1906,15,14316,20240,536832,528384
previous,mamba,16,r10/recurrence_1,recurrence,[],108,94,3801,1906,15,14415,20339,536832,528384
previous,mamba,16,r11/recurrence_1,recurrence,[],108,94,3801,1906,15,14832,20756,536832,528384
previous,mamba,16,r12/recurrence_1,recurrence,[],108,94,3801,1906,15,15197,21121,536832,528384
previous,mamba,16,r13/recurrence_1,recurrence,[],108,94,3801,1906,15,13917,19841,536832,528384
previous,mamba,16,r14/recurrence_1,recurrence,[],108,94,3801,1906,15,13938,19862,536832,528384
previous,mamba,16,r15/recurrence_1,recurrence,[],108,94,3801,1906,15,13835,19759,536832,528384
previous,mamba,16,r0/silu_gate,gate_prepare,[],44,27,33,306,0,547,957,20480,8192
previous,mamba,16,r1/silu_gate,gate_prepare,[],45,28,33,306,0,536,948,20480,8192
previous,mamba,16,r2/silu_gate,gate_prepare,[],45,28,33,306,0,867,1279,20480,8192
previous,mamba,16,r3/silu_gate,gate_prepare,[],45,28,33,306,0,563,975,20480,8192
previous,mamba,16,r4/silu_gate,gate_prepare,[],45,28,33,306,0,479,891,20480,8192
previous,mamba,16,r5/silu_gate,gate_prepare,[],45,28,33,306,0,918,1330,20480,8192
previous,mamba,16,r6/silu_gate,gate_prepare,[],45,28,33,306,0,501,913,20480,8192
previous,mamba,16,r7/silu_gate,gate_prepare,[],45,28,33,306,0,523,935,20480,8192
previous,mamba,16,r8/silu_gate,gate_prepare,[],43,26,33,306,0,501,909,20480,8192
previous,mamba,16,r9/silu_gate,gate_prepare,[],45,28,33,306,0,938,1350,20480,8192
previous,mamba,16,r10/silu_gate,gate_prepare,[],45,28,33,306,0,498,910,20480,8192
previous,mamba,16,r11/silu_gate,gate_prepare,[],45,28,33,306,0,507,919,20480,8192
previous,mamba,16,r12/silu_gate,gate_prepare,[],45,28,33,306,0,563,975,20480,8192
previous,mamba,16,r13/silu_gate,gate_prepare,[],45,28,33,306,0,838,1250,20480,8192
previous,mamba,16,r14/silu_gate,gate_prepare,[],45,28,33,306,0,528,940,20480,8192
previous,mamba,16,r15/silu_gate,gate_prepare,[],45,28,33,306,0,479,891,20480,8192
previous,mamba,16,r0/gate_product,gate_prepare,[],28,20,12,2,0,438,500,16384,8192
previous,mamba,16,r1/gate_product,gate_prepare,[],28,20,12,2,0,525,587,16384,8192
previous,mamba,16,r2/gate_product,gate_prepare,[],28,20,12,2,0,824,886,16384,8192
previous,mamba,16,r3/gate_product,gate_prepare,[],28,20,12,2,0,387,449,16384,8192
previous,mamba,16,r4/gate_product,gate_prepare,[],28,20,12,2,0,415,477,16384,8192
previous,mamba,16,r5/gate_product,gate_prepare,[],28,20,12,2,0,491,553,16384,8192
previous,mamba,16,r6/gate_product,gate_prepare,[],28,20,12,2,0,543,605,16384,8192
previous,mamba,16,r7/gate_product,gate_prepare,[],28,20,12,2,0,497,559,16384,8192
previous,mamba,16,r8/gate_product,gate_prepare,[],26,18,12,2,0,395,453,16384,8192
previous,mamba,16,r9/gate_product,gate_prepare,[],28,20,12,2,0,765,827,16384,8192
previous,mamba,16,r10/gate_product,gate_prepare,[],28,20,12,2,0,525,587,16384,8192
previous,mamba,16,r11/gate_product,gate_prepare,[],28,20,12,2,0,541,603,16384,8192
previous,mamba,16,r12/gate_product,gate_prepare,[],28,20,12,2,0,441,503,16384,8192
previous,mamba,16,r13/gate_product,gate_prepare,[],28,20,12,2,0,455,517,16384,8192
previous,mamba,16,r14/gate_product,gate_prepare,[],28,20,12,2,0,489,551,16384,8192
previous,mamba,16,r15/gate_product,gate_prepare,[],28,20,12,2,0,841,903,16384,8192
previous,mamba,16,r0/gated_rms,norm,[],215,161,110,128,0,922,1536,49152,8192
previous,mamba,16,r1/gated_rms,norm,[],217,163,110,128,0,1003,1621,49152,8192
previous,mamba,16,r2/gated_rms,norm,[],217,163,110,128,0,1407,2025,49152,8192
previous,mamba,16,r3/gated_rms,norm,[],217,163,110,128,0,1107,1725,49152,8192
previous,mamba,16,r4/gated_rms,norm,[],217,163,110,128,0,1463,2081,49152,8192
previous,mamba,16,r5/gated_rms,norm,[],217,163,110,128,0,1165,1783,49152,8192
previous,mamba,16,r6/gated_rms,norm,[],217,163,110,128,0,1458,2076,49152,8192
previous,mamba,16,r7/gated_rms,norm,[],217,163,110,128,0,964,1582,49152,8192
previous,mamba,16,r8/gated_rms,norm,[],217,163,110,128,0,1484,2102,49152,8192
previous,mamba,16,r9/gated_rms,norm,[],217,163,110,128,0,934,1552,49152,8192
previous,mamba,16,r10/gated_rms,norm,[],217,163,110,128,0,1365,1983,49152,8192
previous,mamba,16,r11/gated_rms,norm,[],217,163,110,128,0,1152,1770,49152,8192
previous,mamba,16,r12/gated_rms,norm,[],217,163,110,128,0,1500,2118,49152,8192
previous,mamba,16,r13/gated_rms,norm,[],217,163,110,128,0,1089,1707,49152,8192
previous,mamba,16,r14/gated_rms,norm,[],217,163,110,128,0,1532,2150,49152,8192
previous,mamba,16,r15/gated_rms,norm,[],217,163,110,128,0,1108,1726,49152,8192
previous,mamba,16,r0/norm_weight,norm,[],28,20,12,2,0,362,424,16384,8192
previous,mamba,16,r1/norm_weight,norm,[],28,20,12,2,0,460,522,16384,8192
previous,mamba,16,r2/norm_weight,norm,[],28,20,12,2,0,795,857,16384,8192
previous,mamba,16,r3/norm_weight,norm,[],28,20,12,2,0,381,443,16384,8192
previous,mamba,16,r4/norm_weight,norm,[],28,20,12,2,0,455,517,16384,8192
previous,mamba,16,r5/norm_weight,norm,[],28,20,12,2,0,469,531,16384,8192
previous,mamba,16,r6/norm_weight,norm,[],28,20,12,2,0,470,532,16384,8192
previous,mamba,16,r7/norm_weight,norm,[],28,20,12,2,0,442,504,16384,8192
previous,mamba,16,r8/norm_weight,norm,[],28,20,12,2,0,458,520,16384,8192
previous,mamba,16,r9/norm_weight,norm,[],28,20,12,2,0,780,842,16384,8192
previous,mamba,16,r10/norm_weight,norm,[],28,20,12,2,0,445,507,16384,8192
previous,mamba,16,r11/norm_weight,norm,[],28,20,12,2,0,419,481,16384,8192
previous,mamba,16,r12/norm_weight,norm,[],28,20,12,2,0,486,548,16384,8192
previous,mamba,16,r13/norm_weight,norm,[],28,20,12,2,0,415,477,16384,8192
previous,mamba,16,r14/norm_weight,norm,[],28,20,12,2,0,460,522,16384,8192
previous,mamba,16,r15/norm_weight,norm,[],26,18,12,2,0,428,486,16384,8192
previous,mamba,16,output_projection,output_projection,"[16,2688,4096]",22503,15687,177504,1634304,0,398555,2248553,22282240,131072
previous,kda,1,input_norm,norm,[],94,62,52,60,0,948,1216,49152,16384
previous,kda,1,q_projection,input_projections,"[1,12288,7168]",75689,54169,290320,2752512,0,3122004,6294694,176201728,24576
previous,kda,1,k_projection,input_projections,"[1,12288,7168]",75696,54176,290320,2752512,0,3145893,6318597,176201728,24576
previous,kda,1,v_projection,input_projections,"[1,12288,7168]",75696,54176,290320,2752512,0,3145449,6318153,176201728,24576
previous,kda,1,f_a_projection,input_projections,"[1,128,7168]",811,581,3030,28672,0,33080,66174,1855488,4096
previous,kda,1,b_projection,input_projections,"[1,96,7168]",614,440,2274,21504,0,22155,46987,1396736,4096
previous,kda,1,g_projection,input_projections,"[1,12288,7168]",75696,54176,290320,2752512,0,3133956,6306660,176201728,24576
previous,kda,1,f_b_projection,input_projections,"[1,12288,128]",1968,1187,8845,98304,0,67350,177654,3174400,24576
previous,kda,1,q_conv,conv,[],501,350,283,960,0,7119,9213,200704,122880
previous,kda,1,k_conv,conv,[],501,350,283,960,0,5365,7459,200704,122880
previous,kda,1,v_conv,conv,[],501,350,283,960,0,5071,7165,200704,122880
previous,kda,1,q_norm,norm,[],2271,1677,1266,1536,0,9812,16562,442368,24576
previous,kda,1,k_norm,norm,[],2271,1677,1266,1536,0,9389,16139,442368,24576
previous,kda,1,decay_beta,gate_prepare,[],628,411,529,2790,0,3864,8222,126976,49152
previous,kda,1,pack_beta_0,coefficient_layout,[],349,249,212,272,0,295,1377,12288,4096
previous,kda,1,recurrence_0,recurrence,[],105,90,5676,3992,292,14282,24437,540736,528384
previous,kda,1,pack_beta_1,coefficient_layout,[],349,249,212,272,0,336,1418,12288,4096
previous,kda,1,recurrence_1,recurrence,[],105,90,5676,3992,292,15185,25340,540736,528384
previous,kda,1,pack_beta_2,coefficient_layout,[],349,249,212,272,0,372,1454,12288,4096
previous,kda,1,recurrence_2,recurrence,[],105,90,5676,3992,292,14342,24497,540736,528384
previous,kda,1,pack_beta_3,coefficient_layout,[],349,249,212,272,0,713,1795,12288,4096
previous,kda,1,recurrence_3,recurrence,[],105,90,5676,3992,292,13930,24085,540736,528384
previous,kda,1,pack_beta_4,coefficient_layout,[],349,249,212,272,0,310,1392,12288,4096
previous,kda,1,recurrence_4,recurrence,[],105,90,5676,3992,292,14511,24666,540736,528384
previous,kda,1,pack_beta_5,coefficient_layout,[],349,249,212,272,0,323,1405,12288,4096
previous,kda,1,recurrence_5,recurrence,[],105,90,5676,3992,292,14699,24854,540736,528384
previous,kda,1,output_rms,norm,[],2271,1677,1266,1536,0,9782,16532,442368,24576
previous,kda,1,output_norm_weight,norm,[],80,56,36,6,0,1059,1237,49152,24576
previous,kda,1,output_gate,gate_prepare,[],124,75,97,918,0,1532,2746,53248,24576
previous,kda,1,output_projection,output_projection,"[1,7168,12288]",75538,54020,290318,2752512,0,3089681,6262069,176201728,16384
previous,kda,2,r0/input_norm,norm,[],94,62,52,60,0,948,1216,49152,16384
previous,kda,2,r1/input_norm,norm,[],110,78,52,60,0,1099,1399,49152,16384
previous,kda,2,q_projection,input_projections,"[2,12288,7168]",75752,54216,322592,2924544,0,3118304,6495408,176242688,49152
previous,kda,2,k_projection,input_projections,"[2,12288,7168]",75759,54223,322592,2924544,0,3145249,6522367,176242688,49152
previous,kda,2,v_projection,input_projections,"[2,12288,7168]",75759,54223,322592,2924544,0,3140323,6517441,176242688,49152
previous,kda,2,f_a_projection,input_projections,"[2,128,7168]",834,598,3372,30464,0,33614,68882,1875968,8192
previous,kda,2,b_projection,input_projections,"[2,96,7168]",637,457,2532,22848,0,22701,49175,1417216,8192
previous,kda,2,g_projection,input_projections,"[2,12288,7168]",75759,54223,322592,2924544,0,3128828,6505946,176242688,49152
previous,kda,2,f_b_projection,input_projections,"[2,12288,128]",2019,1225,10010,104448,0,72464,190166,3203072,49152
previous,kda,2,r0/q_conv,conv,[],501,350,283,960,0,7516,9610,200704,122880
previous,kda,2,r1/q_conv,conv,[],502,351,283,960,0,5063,7159,200704,122880
previous,kda,2,r0/k_conv,conv,[],501,350,283,960,0,5266,7360,200704,122880
previous,kda,2,r1/k_conv,conv,[],502,351,283,960,0,7041,9137,200704,122880
previous,kda,2,r0/v_conv,conv,[],501,350,283,960,0,5419,7513,200704,122880
previous,kda,2,r1/v_conv,conv,[],502,351,283,960,0,5504,7600,200704,122880
previous,kda,2,r0/q_norm,norm,[],2271,1677,1266,1536,0,9959,16709,442368,24576
previous,kda,2,r1/q_norm,norm,[],2373,1779,1266,1536,0,9929,16883,442368,24576
previous,kda,2,r0/k_norm,norm,[],2271,1677,1266,1536,0,9926,16676,442368,24576
previous,kda,2,r1/k_norm,norm,[],2373,1779,1266,1536,0,10139,17093,442368,24576
previous,kda,2,r0/decay_beta,gate_prepare,[],628,411,529,2790,0,4231,8589,126976,49152
previous,kda,2,r1/decay_beta,gate_prepare,[],635,418,529,2790,0,4127,8499,126976,49152
previous,kda,2,r0/pack_beta_0,coefficient_layout,[],349,249,212,272,0,684,1766,12288,4096
previous,kda,2,r1/pack_beta_0,coefficient_layout,[],351,251,212,272,0,357,1443,12288,4096
previous,kda,2,r0/recurrence_0,recurrence,[],105,90,5676,3992,292,15115,25270,540736,528384
previous,kda,2,r1/recurrence_0,recurrence,[],105,90,5676,3992,292,14220,24375,540736,528384
previous,kda,2,r0/pack_beta_1,coefficient_layout,[],349,249,212,272,0,362,1444,12288,4096
previous,kda,2,r1/pack_beta_1,coefficient_layout,[],351,251,212,272,0,374,1460,12288,4096
previous,kda,2,r0/recurrence_1,recurrence,[],105,90,5676,3992,292,14073,24228,540736,528384
previous,kda,2,r1/recurrence_1,recurrence,[],105,90,5676,3992,292,14799,24954,540736,528384
previous,kda,2,r0/pack_beta_2,coefficient_layout,[],349,249,212,272,0,336,1418,12288,4096
previous,kda,2,r1/pack_beta_2,coefficient_layout,[],351,251,212,272,0,324,1410,12288,4096
previous,kda,2,r0/recurrence_2,recurrence,[],105,90,5676,3992,292,14320,24475,540736,528384
previous,kda,2,r1/recurrence_2,recurrence,[],105,90,5676,3992,292,14550,24705,540736,528384
previous,kda,2,r0/pack_beta_3,coefficient_layout,[],349,249,212,272,0,345,1427,12288,4096
previous,kda,2,r1/pack_beta_3,coefficient_layout,[],351,251,212,272,0,321,1407,12288,4096
previous,kda,2,r0/recurrence_3,recurrence,[],105,90,5676,3992,292,14493,24648,540736,528384
previous,kda,2,r1/recurrence_3,recurrence,[],105,90,5676,3992,292,14432,24587,540736,528384
previous,kda,2,r0/pack_beta_4,coefficient_layout,[],349,249,212,272,0,372,1454,12288,4096
previous,kda,2,r1/pack_beta_4,coefficient_layout,[],351,251,212,272,0,754,1840,12288,4096
previous,kda,2,r0/recurrence_4,recurrence,[],105,90,5676,3992,292,14018,24173,540736,528384
previous,kda,2,r1/recurrence_4,recurrence,[],105,90,5676,3992,292,15229,25384,540736,528384
previous,kda,2,r0/pack_beta_5,coefficient_layout,[],349,249,212,272,0,333,1415,12288,4096
previous,kda,2,r1/pack_beta_5,coefficient_layout,[],351,251,212,272,0,343,1429,12288,4096
previous,kda,2,r0/recurrence_5,recurrence,[],105,90,5676,3992,292,14697,24852,540736,528384
previous,kda,2,r1/recurrence_5,recurrence,[],105,90,5676,3992,292,13880,24035,540736,528384
previous,kda,2,r0/output_rms,norm,[],2271,1677,1266,1536,0,9703,16453,442368,24576
previous,kda,2,r1/output_rms,norm,[],2373,1779,1266,1536,0,10111,17065,442368,24576
previous,kda,2,r0/output_norm_weight,norm,[],80,56,36,6,0,1423,1601,49152,24576
previous,kda,2,r1/output_norm_weight,norm,[],80,56,36,6,0,1246,1424,49152,24576
previous,kda,2,r0/output_gate,gate_prepare,[],124,75,97,918,0,1752,2966,53248,24576
previous,kda,2,r1/output_gate,gate_prepare,[],125,76,97,918,0,1828,3044,53248,24576
previous,kda,2,output_projection,output_projection,"[2,7168,12288]",75593,54061,322588,2924544,0,3106250,6483036,176242688,32768
previous,kda,4,r0/input_norm,norm,[],94,62,52,60,0,948,1216,49152,16384
previous,kda,4,r1/input_norm,norm,[],110,78,52,60,0,1099,1399,49152,16384
previous,kda,4,r2/input_norm,norm,[],110,78,52,60,0,1464,1764,49152,16384
previous,kda,4,r3/input_norm,norm,[],110,78,52,60,0,995,1295,49152,16384
previous,kda,4,q_projection,input_projections,"[4,12288,7168]",75856,54288,387136,3268608,0,3143111,6928999,176324608,98304
previous,kda,4,k_projection,input_projections,"[4,12288,7168]",75863,54295,387136,3268608,0,3144916,6930818,176324608,98304
previous,kda,4,v_projection,input_projections,"[4,12288,7168]",75863,54295,387136,3268608,0,3140886,6926788,176324608,98304
previous,kda,4,f_a_projection,input_projections,"[4,128,7168]",878,630,4056,34048,0,34183,73795,1916928,16384
previous,kda,4,b_projection,input_projections,"[4,96,7168]",681,489,3048,25536,0,23114,52868,1458176,16384
previous,kda,4,g_projection,input_projections,"[4,12288,7168]",75863,54295,387136,3268608,0,3144774,6930676,176324608,98304
previous,kda,4,f_b_projection,input_projections,"[4,12288,128]",2099,1279,12340,116736,0,67236,199690,3260416,98304
previous,kda,4,r0/q_conv,conv,[],501,350,283,960,0,6831,8925,200704,122880
previous,kda,4,r1/q_conv,conv,[],502,351,283,960,0,4940,7036,200704,122880
previous,kda,4,r2/q_conv,conv,[],502,351,283,960,0,4590,6686,200704,122880
previous,kda,4,r3/q_conv,conv,[],502,351,283,960,0,7090,9186,200704,122880
previous,kda,4,r0/k_conv,conv,[],501,350,283,960,0,5458,7552,200704,122880
previous,kda,4,r1/k_conv,conv,[],502,351,283,960,0,7071,9167,200704,122880
previous,kda,4,r2/k_conv,conv,[],502,351,283,960,0,5840,7936,200704,122880
previous,kda,4,r3/k_conv,conv,[],502,351,283,960,0,5711,7807,200704,122880
previous,kda,4,r0/v_conv,conv,[],501,350,283,960,0,5521,7615,200704,122880
previous,kda,4,r1/v_conv,conv,[],502,351,283,960,0,5666,7762,200704,122880
previous,kda,4,r2/v_conv,conv,[],502,351,283,960,0,6214,8310,200704,122880
previous,kda,4,r3/v_conv,conv,[],502,351,283,960,0,5701,7797,200704,122880
previous,kda,4,r0/q_norm,norm,[],2271,1677,1266,1536,0,9667,16417,442368,24576
previous,kda,4,r1/q_norm,norm,[],2373,1779,1266,1536,0,10253,17207,442368,24576
previous,kda,4,r2/q_norm,norm,[],2373,1779,1266,1536,0,9692,16646,442368,24576
previous,kda,4,r3/q_norm,norm,[],2373,1779,1266,1536,0,9521,16475,442368,24576
previous,kda,4,r0/k_norm,norm,[],2271,1677,1266,1536,0,9598,16348,442368,24576
previous,kda,4,r1/k_norm,norm,[],2373,1779,1266,1536,0,10282,17236,442368,24576
previous,kda,4,r2/k_norm,norm,[],2373,1779,1266,1536,0,9865,16819,442368,24576
previous,kda,4,r3/k_norm,norm,[],2373,1779,1266,1536,0,10136,17090,442368,24576
previous,kda,4,r0/decay_beta,gate_prepare,[],628,411,529,2790,0,3774,8132,126976,49152
previous,kda,4,r1/decay_beta,gate_prepare,[],635,418,529,2790,0,4271,8643,126976,49152
previous,kda,4,r2/decay_beta,gate_prepare,[],635,418,529,2790,0,3831,8203,126976,49152
previous,kda,4,r3/decay_beta,gate_prepare,[],635,418,529,2790,0,4168,8540,126976,49152
previous,kda,4,r0/pack_beta_0,coefficient_layout,[],349,249,212,272,0,495,1577,12288,4096
previous,kda,4,r1/pack_beta_0,coefficient_layout,[],351,251,212,272,0,357,1443,12288,4096
previous,kda,4,r2/pack_beta_0,coefficient_layout,[],351,251,212,272,0,322,1408,12288,4096
previous,kda,4,r3/pack_beta_0,coefficient_layout,[],351,251,212,272,0,374,1460,12288,4096
previous,kda,4,r0/recurrence_0,recurrence,[],105,90,5676,3992,292,14156,24311,540736,528384
previous,kda,4,r1/recurrence_0,recurrence,[],105,90,5676,3992,292,14229,24384,540736,528384
previous,kda,4,r2/recurrence_0,recurrence,[],105,90,5676,3992,292,15284,25439,540736,528384
previous,kda,4,r3/recurrence_0,recurrence,[],105,90,5676,3992,292,14212,24367,540736,528384
previous,kda,4,r0/pack_beta_1,coefficient_layout,[],349,249,212,272,0,362,1444,12288,4096
previous,kda,4,r1/pack_beta_1,coefficient_layout,[],351,251,212,272,0,374,1460,12288,4096
previous,kda,4,r2/pack_beta_1,coefficient_layout,[],351,251,212,272,0,275,1361,12288,4096
previous,kda,4,r3/pack_beta_1,coefficient_layout,[],351,251,212,272,0,374,1460,12288,4096
previous,kda,4,r0/recurrence_1,recurrence,[],105,90,5676,3992,292,14766,24921,540736,528384
previous,kda,4,r1/recurrence_1,recurrence,[],105,90,5676,3992,292,14407,24562,540736,528384
previous,kda,4,r2/recurrence_1,recurrence,[],105,90,5676,3992,292,15410,25565,540736,528384
previous,kda,4,r3/recurrence_1,recurrence,[],105,90,5676,3992,292,14457,24612,540736,528384
previous,kda,4,r0/pack_beta_2,coefficient_layout,[],349,249,212,272,0,364,1446,12288,4096
previous,kda,4,r1/pack_beta_2,coefficient_layout,[],351,251,212,272,0,374,1460,12288,4096
previous,kda,4,r2/pack_beta_2,coefficient_layout,[],351,251,212,272,0,288,1374,12288,4096
previous,kda,4,r3/pack_beta_2,coefficient_layout,[],351,251,212,272,0,372,1458,12288,4096
previous,kda,4,r0/recurrence_2,recurrence,[],105,90,5676,3992,292,14809,24964,540736,528384
previous,kda,4,r1/recurrence_2,recurrence,[],105,90,5676,3992,292,14568,24723,540736,528384
previous,kda,4,r2/recurrence_2,recurrence,[],105,90,5676,3992,292,15362,25517,540736,528384
previous,kda,4,r3/recurrence_2,recurrence,[],105,90,5676,3992,292,14358,24513,540736,528384
previous,kda,4,r0/pack_beta_3,coefficient_layout,[],349,249,212,272,0,362,1444,12288,4096
previous,kda,4,r1/pack_beta_3,coefficient_layout,[],351,251,212,272,0,374,1460,12288,4096
previous,kda,4,r2/pack_beta_3,coefficient_layout,[],351,251,212,272,0,281,1367,12288,4096
previous,kda,4,r3/pack_beta_3,coefficient_layout,[],351,251,212,272,0,775,1861,12288,4096
previous,kda,4,r0/recurrence_3,recurrence,[],105,90,5676,3992,292,14205,24360,540736,528384
previous,kda,4,r1/recurrence_3,recurrence,[],105,90,5676,3992,292,14448,24603,540736,528384
previous,kda,4,r2/recurrence_3,recurrence,[],105,90,5676,3992,292,14265,24420,540736,528384
previous,kda,4,r3/recurrence_3,recurrence,[],105,90,5676,3992,292,14516,24671,540736,528384
previous,kda,4,r0/pack_beta_4,coefficient_layout,[],349,249,212,272,0,360,1442,12288,4096
previous,kda,4,r1/pack_beta_4,coefficient_layout,[],351,251,212,272,0,373,1459,12288,4096
previous,kda,4,r2/pack_beta_4,coefficient_layout,[],351,251,212,272,0,712,1798,12288,4096
previous,kda,4,r3/pack_beta_4,coefficient_layout,[],351,251,212,272,0,350,1436,12288,4096
previous,kda,4,r0/recurrence_4,recurrence,[],105,90,5676,3992,292,14611,24766,540736,528384
previous,kda,4,r1/recurrence_4,recurrence,[],105,90,5676,3992,292,13728,23883,540736,528384
previous,kda,4,r2/recurrence_4,recurrence,[],105,90,5676,3992,292,14241,24396,540736,528384
previous,kda,4,r3/recurrence_4,recurrence,[],105,90,5676,3992,292,14804,24959,540736,528384
previous,kda,4,r0/pack_beta_5,coefficient_layout,[],349,249,212,272,0,787,1869,12288,4096
previous,kda,4,r1/pack_beta_5,coefficient_layout,[],351,251,212,272,0,343,1429,12288,4096
previous,kda,4,r2/pack_beta_5,coefficient_layout,[],351,251,212,272,0,291,1377,12288,4096
previous,kda,4,r3/pack_beta_5,coefficient_layout,[],351,251,212,272,0,343,1429,12288,4096
previous,kda,4,r0/recurrence_5,recurrence,[],105,90,5676,3992,292,14838,24993,540736,528384
previous,kda,4,r1/recurrence_5,recurrence,[],105,90,5676,3992,292,14690,24845,540736,528384
previous,kda,4,r2/recurrence_5,recurrence,[],105,90,5676,3992,292,14281,24436,540736,528384
previous,kda,4,r3/recurrence_5,recurrence,[],105,90,5676,3992,292,15398,25553,540736,528384
previous,kda,4,r0/output_rms,norm,[],2271,1677,1266,1536,0,9444,16194,442368,24576
previous,kda,4,r1/output_rms,norm,[],2373,1779,1266,1536,0,10109,17063,442368,24576
previous,kda,4,r2/output_rms,norm,[],2373,1779,1266,1536,0,9800,16754,442368,24576
previous,kda,4,r3/output_rms,norm,[],2373,1779,1266,1536,0,9931,16885,442368,24576
previous,kda,4,r0/output_norm_weight,norm,[],80,56,36,6,0,1098,1276,49152,24576
previous,kda,4,r1/output_norm_weight,norm,[],80,56,36,6,0,1246,1424,49152,24576
previous,kda,4,r2/output_norm_weight,norm,[],80,56,36,6,0,1803,1981,49152,24576
previous,kda,4,r3/output_norm_weight,norm,[],80,56,36,6,0,1163,1341,49152,24576
previous,kda,4,r0/output_gate,gate_prepare,[],124,75,97,918,0,1563,2777,53248,24576
previous,kda,4,r1/output_gate,gate_prepare,[],125,76,97,918,0,1848,3064,53248,24576
previous,kda,4,r2/output_gate,gate_prepare,[],125,76,97,918,0,1383,2599,53248,24576
previous,kda,4,r3/output_gate,gate_prepare,[],125,76,97,918,0,1641,2857,53248,24576
previous,kda,4,output_projection,output_projection,"[4,7168,12288]",75689,54129,387128,3268608,0,3164191,6949745,176324608,65536
previous,kda,8,r0/input_norm,norm,[],94,62,52,60,0,948,1216,49152,16384
previous,kda,8,r1/input_norm,norm,[],110,78,52,60,0,1099,1399,49152,16384
previous,kda,8,r2/input_norm,norm,[],110,78,52,60,0,1464,1764,49152,16384
previous,kda,8,r3/input_norm,norm,[],110,78,52,60,0,995,1295,49152,16384
previous,kda,8,r4/input_norm,norm,[],110,78,52,60,0,1091,1391,49152,16384
previous,kda,8,r5/input_norm,norm,[],110,78,52,60,0,1510,1810,49152,16384
previous,kda,8,r6/input_norm,norm,[],110,78,52,60,0,1085,1385,49152,16384
previous,kda,8,r7/input_norm,norm,[],110,78,52,60,0,1122,1422,49152,16384
previous,kda,8,q_projection,input_projections,"[8,12288,7168]",111008,78624,731264,6537216,0,3122321,10580433,176488448,196608
previous,kda,8,k_projection,input_projections,"[8,12288,7168]",111015,78631,731264,6537216,0,3135016,10593142,176488448,196608
previous,kda,8,v_projection,input_projections,"[8,12288,7168]",111015,78631,731264,6537216,0,3134837,10592963,176488448,196608
previous,kda,8,f_a_projection,input_projections,"[8,128,7168]",1330,946,7664,68096,0,37145,115181,1998848,32768
previous,kda,8,b_projection,input_projections,"[8,96,7168]",1042,742,5760,51072,0,25787,84403,1540096,32768
previous,kda,8,g_projection,input_projections,"[8,12288,7168]",111015,78631,731264,6537216,0,3130932,10589058,176488448,196608
previous,kda,8,f_b_projection,input_projections,"[8,12288,128]",3794,2538,23912,233472,0,78410,342126,3375104,196608
previous,kda,8,r0/q_conv,conv,[],501,350,283,960,0,7151,9245,200704,122880
previous,kda,8,r1/q_conv,conv,[],502,351,283,960,0,4946,7042,200704,122880
previous,kda,8,r2/q_conv,conv,[],502,351,283,960,0,5402,7498,200704,122880
previous,kda,8,r3/q_conv,conv,[],502,351,283,960,0,6897,8993,200704,122880
previous,kda,8,r4/q_conv,conv,[],502,351,283,960,0,4832,6928,200704,122880
previous,kda,8,r5/q_conv,conv,[],502,351,283,960,0,5610,7706,200704,122880
previous,kda,8,r6/q_conv,conv,[],502,351,283,960,0,6831,8927,200704,122880
previous,kda,8,r7/q_conv,conv,[],502,351,283,960,0,5064,7160,200704,122880
previous,kda,8,r0/k_conv,conv,[],501,350,283,960,0,5521,7615,200704,122880
previous,kda,8,r1/k_conv,conv,[],502,351,283,960,0,7017,9113,200704,122880
previous,kda,8,r2/k_conv,conv,[],502,351,283,960,0,5511,7607,200704,122880
previous,kda,8,r3/k_conv,conv,[],502,351,283,960,0,5588,7684,200704,122880
previous,kda,8,r4/k_conv,conv,[],502,351,283,960,0,7426,9522,200704,122880
previous,kda,8,r5/k_conv,conv,[],502,351,283,960,0,5569,7665,200704,122880
previous,kda,8,r6/k_conv,conv,[],502,351,283,960,0,5340,7436,200704,122880
previous,kda,8,r7/k_conv,conv,[],502,351,283,960,0,6507,8603,200704,122880
previous,kda,8,r0/v_conv,conv,[],501,350,283,960,0,5409,7503,200704,122880
previous,kda,8,r1/v_conv,conv,[],502,351,283,960,0,5568,7664,200704,122880
previous,kda,8,r2/v_conv,conv,[],502,351,283,960,0,6184,8280,200704,122880
previous,kda,8,r3/v_conv,conv,[],502,351,283,960,0,5897,7993,200704,122880
previous,kda,8,r4/v_conv,conv,[],502,351,283,960,0,5410,7506,200704,122880
previous,kda,8,r5/v_conv,conv,[],502,351,283,960,0,5763,7859,200704,122880
previous,kda,8,r6/v_conv,conv,[],502,351,283,960,0,6318,8414,200704,122880
previous,kda,8,r7/v_conv,conv,[],502,351,283,960,0,5397,7493,200704,122880
previous,kda,8,r0/q_norm,norm,[],2271,1677,1266,1536,0,9823,16573,442368,24576
previous,kda,8,r1/q_norm,norm,[],2373,1779,1266,1536,0,9969,16923,442368,24576
previous,kda,8,r2/q_norm,norm,[],2373,1779,1266,1536,0,9825,16779,442368,24576
previous,kda,8,r3/q_norm,norm,[],2373,1779,1266,1536,0,9631,16585,442368,24576
previous,kda,8,r4/q_norm,norm,[],2373,1779,1266,1536,0,10999,17953,442368,24576
previous,kda,8,r5/q_norm,norm,[],2373,1779,1266,1536,0,9534,16488,442368,24576
previous,kda,8,r6/q_norm,norm,[],2373,1779,1266,1536,0,9739,16693,442368,24576
previous,kda,8,r7/q_norm,norm,[],2373,1779,1266,1536,0,11019,17973,442368,24576
previous,kda,8,r0/k_norm,norm,[],2271,1677,1266,1536,0,9661,16411,442368,24576
previous,kda,8,r1/k_norm,norm,[],2373,1779,1266,1536,0,10198,17152,442368,24576
previous,kda,8,r2/k_norm,norm,[],2373,1779,1266,1536,0,10203,17157,442368,24576
previous,kda,8,r3/k_norm,norm,[],2373,1779,1266,1536,0,9768,16722,442368,24576
previous,kda,8,r4/k_norm,norm,[],2373,1779,1266,1536,0,11347,18301,442368,24576
previous,kda,8,r5/k_norm,norm,[],2373,1779,1266,1536,0,9839,16793,442368,24576
previous,kda,8,r6/k_norm,norm,[],2373,1779,1266,1536,0,9914,16868,442368,24576
previous,kda,8,r7/k_norm,norm,[],2373,1779,1266,1536,0,11082,18036,442368,24576
previous,kda,8,r0/decay_beta,gate_prepare,[],628,411,529,2790,0,4194,8552,126976,49152
previous,kda,8,r1/decay_beta,gate_prepare,[],635,418,529,2790,0,3887,8259,126976,49152
previous,kda,8,r2/decay_beta,gate_prepare,[],635,418,529,2790,0,4125,8497,126976,49152
previous,kda,8,r3/decay_beta,gate_prepare,[],635,418,529,2790,0,4216,8588,126976,49152
previous,kda,8,r4/decay_beta,gate_prepare,[],635,418,529,2790,0,4256,8628,126976,49152
previous,kda,8,r5/decay_beta,gate_prepare,[],635,418,529,2790,0,3803,8175,126976,49152
previous,kda,8,r6/decay_beta,gate_prepare,[],635,418,529,2790,0,4305,8677,126976,49152
previous,kda,8,r7/decay_beta,gate_prepare,[],635,418,529,2790,0,3732,8104,126976,49152
previous,kda,8,r0/pack_beta_0,coefficient_layout,[],349,249,212,272,0,331,1413,12288,4096
previous,kda,8,r1/pack_beta_0,coefficient_layout,[],351,251,212,272,0,357,1443,12288,4096
previous,kda,8,r2/pack_beta_0,coefficient_layout,[],351,251,212,272,0,322,1408,12288,4096
previous,kda,8,r3/pack_beta_0,coefficient_layout,[],351,251,212,272,0,374,1460,12288,4096
previous,kda,8,r4/pack_beta_0,coefficient_layout,[],351,251,212,272,0,306,1392,12288,4096
previous,kda,8,r5/pack_beta_0,coefficient_layout,[],351,251,212,272,0,357,1443,12288,4096
previous,kda,8,r6/pack_beta_0,coefficient_layout,[],351,251,212,272,0,701,1787,12288,4096
previous,kda,8,r7/pack_beta_0,coefficient_layout,[],351,251,212,272,0,378,1464,12288,4096
previous,kda,8,r0/recurrence_0,recurrence,[],105,90,5676,3992,292,15011,25166,540736,528384
previous,kda,8,r1/recurrence_0,recurrence,[],105,90,5676,3992,292,14220,24375,540736,528384
previous,kda,8,r2/recurrence_0,recurrence,[],105,90,5676,3992,292,14433,24588,540736,528384
previous,kda,8,r3/recurrence_0,recurrence,[],105,90,5676,3992,292,14991,25146,540736,528384
previous,kda,8,r4/recurrence_0,recurrence,[],105,90,5676,3992,292,14446,24601,540736,528384
previous,kda,8,r5/recurrence_0,recurrence,[],105,90,5676,3992,292,14724,24879,540736,528384
previous,kda,8,r6/recurrence_0,recurrence,[],105,90,5676,3992,292,14603,24758,540736,528384
previous,kda,8,r7/recurrence_0,recurrence,[],105,90,5676,3992,292,14649,24804,540736,528384
previous,kda,8,r0/pack_beta_1,coefficient_layout,[],349,249,212,272,0,583,1665,12288,4096
previous,kda,8,r1/pack_beta_1,coefficient_layout,[],351,251,212,272,0,372,1458,12288,4096
previous,kda,8,r2/pack_beta_1,coefficient_layout,[],351,251,212,272,0,303,1389,12288,4096
previous,kda,8,r3/pack_beta_1,coefficient_layout,[],351,251,212,272,0,346,1432,12288,4096
previous,kda,8,r4/pack_beta_1,coefficient_layout,[],351,251,212,272,0,293,1379,12288,4096
previous,kda,8,r5/pack_beta_1,coefficient_layout,[],351,251,212,272,0,347,1433,12288,4096
previous,kda,8,r6/pack_beta_1,coefficient_layout,[],351,251,212,272,0,317,1403,12288,4096
previous,kda,8,r7/pack_beta_1,coefficient_layout,[],351,251,212,272,0,291,1377,12288,4096
previous,kda,8,r0/recurrence_1,recurrence,[],105,90,5676,3992,292,15094,25249,540736,528384
previous,kda,8,r1/recurrence_1,recurrence,[],105,90,5676,3992,292,14232,24387,540736,528384
previous,kda,8,r2/recurrence_1,recurrence,[],105,90,5676,3992,292,14208,24363,540736,528384
previous,kda,8,r3/recurrence_1,recurrence,[],105,90,5676,3992,292,14458,24613,540736,528384
previous,kda,8,r4/recurrence_1,recurrence,[],105,90,5676,3992,292,14327,24482,540736,528384
previous,kda,8,r5/recurrence_1,recurrence,[],105,90,5676,3992,292,14350,24505,540736,528384
previous,kda,8,r6/recurrence_1,recurrence,[],105,90,5676,3992,292,14193,24348,540736,528384
previous,kda,8,r7/recurrence_1,recurrence,[],105,90,5676,3992,292,15087,25242,540736,528384
previous,kda,8,r0/pack_beta_2,coefficient_layout,[],349,249,212,272,0,362,1444,12288,4096
previous,kda,8,r1/pack_beta_2,coefficient_layout,[],351,251,212,272,0,372,1458,12288,4096
previous,kda,8,r2/pack_beta_2,coefficient_layout,[],351,251,212,272,0,701,1787,12288,4096
previous,kda,8,r3/pack_beta_2,coefficient_layout,[],351,251,212,272,0,345,1431,12288,4096
previous,kda,8,r4/pack_beta_2,coefficient_layout,[],351,251,212,272,0,308,1394,12288,4096
previous,kda,8,r5/pack_beta_2,coefficient_layout,[],351,251,212,272,0,324,1410,12288,4096
previous,kda,8,r6/pack_beta_2,coefficient_layout,[],351,251,212,272,0,330,1416,12288,4096
previous,kda,8,r7/pack_beta_2,coefficient_layout,[],351,251,212,272,0,350,1436,12288,4096
previous,kda,8,r0/recurrence_2,recurrence,[],105,90,5676,3992,292,14321,24476,540736,528384
previous,kda,8,r1/recurrence_2,recurrence,[],105,90,5676,3992,292,14971,25126,540736,528384
previous,kda,8,r2/recurrence_2,recurrence,[],105,90,5676,3992,292,14784,24939,540736,528384
previous,kda,8,r3/recurrence_2,recurrence,[],105,90,5676,3992,292,14187,24342,540736,528384
previous,kda,8,r4/recurrence_2,recurrence,[],105,90,5676,3992,292,15322,25477,540736,528384
previous,kda,8,r5/recurrence_2,recurrence,[],105,90,5676,3992,292,14371,24526,540736,528384
previous,kda,8,r6/recurrence_2,recurrence,[],105,90,5676,3992,292,14155,24310,540736,528384
previous,kda,8,r7/recurrence_2,recurrence,[],105,90,5676,3992,292,15428,25583,540736,528384
previous,kda,8,r0/pack_beta_3,coefficient_layout,[],349,249,212,272,0,306,1388,12288,4096
previous,kda,8,r1/pack_beta_3,coefficient_layout,[],351,251,212,272,0,402,1488,12288,4096
previous,kda,8,r2/pack_beta_3,coefficient_layout,[],351,251,212,272,0,707,1793,12288,4096
previous,kda,8,r3/pack_beta_3,coefficient_layout,[],351,251,212,272,0,322,1408,12288,4096
previous,kda,8,r4/pack_beta_3,coefficient_layout,[],351,251,212,272,0,330,1416,12288,4096
previous,kda,8,r5/pack_beta_3,coefficient_layout,[],351,251,212,272,0,322,1408,12288,4096
previous,kda,8,r6/pack_beta_3,coefficient_layout,[],351,251,212,272,0,334,1420,12288,4096
previous,kda,8,r7/pack_beta_3,coefficient_layout,[],351,251,212,272,0,374,1460,12288,4096
previous,kda,8,r0/recurrence_3,recurrence,[],105,90,5676,3992,292,14189,24344,540736,528384
previous,kda,8,r1/recurrence_3,recurrence,[],105,90,5676,3992,292,14829,24984,540736,528384
previous,kda,8,r2/recurrence_3,recurrence,[],105,90,5676,3992,292,14806,24961,540736,528384
previous,kda,8,r3/recurrence_3,recurrence,[],105,90,5676,3992,292,14381,24536,540736,528384
previous,kda,8,r4/recurrence_3,recurrence,[],105,90,5676,3992,292,14802,24957,540736,528384
previous,kda,8,r5/recurrence_3,recurrence,[],105,90,5676,3992,292,14568,24723,540736,528384
previous,kda,8,r6/recurrence_3,recurrence,[],105,90,5676,3992,292,14334,24489,540736,528384
previous,kda,8,r7/recurrence_3,recurrence,[],105,90,5676,3992,292,14869,25024,540736,528384
previous,kda,8,r0/pack_beta_4,coefficient_layout,[],349,249,212,272,0,677,1759,12288,4096
previous,kda,8,r1/pack_beta_4,coefficient_layout,[],351,251,212,272,0,351,1437,12288,4096
previous,kda,8,r2/pack_beta_4,coefficient_layout,[],351,251,212,272,0,344,1430,12288,4096
previous,kda,8,r3/pack_beta_4,coefficient_layout,[],351,251,212,272,0,323,1409,12288,4096
previous,kda,8,r4/pack_beta_4,coefficient_layout,[],351,251,212,272,0,346,1432,12288,4096
previous,kda,8,r5/pack_beta_4,coefficient_layout,[],351,251,212,272,0,358,1444,12288,4096
previous,kda,8,r6/pack_beta_4,coefficient_layout,[],351,251,212,272,0,318,1404,12288,4096
previous,kda,8,r7/pack_beta_4,coefficient_layout,[],351,251,212,272,0,347,1433,12288,4096
previous,kda,8,r0/recurrence_4,recurrence,[],105,90,5676,3992,292,14645,24800,540736,528384
previous,kda,8,r1/recurrence_4,recurrence,[],105,90,5676,3992,292,14429,24584,540736,528384
previous,kda,8,r2/recurrence_4,recurrence,[],105,90,5676,3992,292,14194,24349,540736,528384
previous,kda,8,r3/recurrence_4,recurrence,[],105,90,5676,3992,292,14600,24755,540736,528384
previous,kda,8,r4/recurrence_4,recurrence,[],105,90,5676,3992,292,13864,24019,540736,528384
previous,kda,8,r5/recurrence_4,recurrence,[],105,90,5676,3992,292,13968,24123,540736,528384
previous,kda,8,r6/recurrence_4,recurrence,[],105,90,5676,3992,292,14762,24917,540736,528384
previous,kda,8,r7/recurrence_4,recurrence,[],105,90,5676,3992,292,14466,24621,540736,528384
previous,kda,8,r0/pack_beta_5,coefficient_layout,[],349,249,212,272,0,356,1438,12288,4096
previous,kda,8,r1/pack_beta_5,coefficient_layout,[],351,251,212,272,0,648,1734,12288,4096
previous,kda,8,r2/pack_beta_5,coefficient_layout,[],351,251,212,272,0,305,1391,12288,4096
previous,kda,8,r3/pack_beta_5,coefficient_layout,[],351,251,212,272,0,370,1456,12288,4096
previous,kda,8,r4/pack_beta_5,coefficient_layout,[],351,251,212,272,0,311,1397,12288,4096
previous,kda,8,r5/pack_beta_5,coefficient_layout,[],351,251,212,272,0,315,1401,12288,4096
previous,kda,8,r6/pack_beta_5,coefficient_layout,[],351,251,212,272,0,326,1412,12288,4096
previous,kda,8,r7/pack_beta_5,coefficient_layout,[],351,251,212,272,0,348,1434,12288,4096
previous,kda,8,r0/recurrence_5,recurrence,[],105,90,5676,3992,292,14378,24533,540736,528384
previous,kda,8,r1/recurrence_5,recurrence,[],105,90,5676,3992,292,15469,25624,540736,528384
previous,kda,8,r2/recurrence_5,recurrence,[],105,90,5676,3992,292,14137,24292,540736,528384
previous,kda,8,r3/recurrence_5,recurrence,[],105,90,5676,3992,292,14384,24539,540736,528384
previous,kda,8,r4/recurrence_5,recurrence,[],105,90,5676,3992,292,15398,25553,540736,528384
previous,kda,8,r5/recurrence_5,recurrence,[],105,90,5676,3992,292,13964,24119,540736,528384
previous,kda,8,r6/recurrence_5,recurrence,[],105,90,5676,3992,292,14385,24540,540736,528384
previous,kda,8,r7/recurrence_5,recurrence,[],105,90,5676,3992,292,15345,25500,540736,528384
previous,kda,8,r0/output_rms,norm,[],2271,1677,1266,1536,0,9637,16387,442368,24576
previous,kda,8,r1/output_rms,norm,[],2373,1779,1266,1536,0,10272,17226,442368,24576
previous,kda,8,r2/output_rms,norm,[],2373,1779,1266,1536,0,10021,16975,442368,24576
previous,kda,8,r3/output_rms,norm,[],2373,1779,1266,1536,0,9572,16526,442368,24576
previous,kda,8,r4/output_rms,norm,[],2373,1779,1266,1536,0,10716,17670,442368,24576
previous,kda,8,r5/output_rms,norm,[],2373,1779,1266,1536,0,9914,16868,442368,24576
previous,kda,8,r6/output_rms,norm,[],2373,1779,1266,1536,0,9763,16717,442368,24576
previous,kda,8,r7/output_rms,norm,[],2373,1779,1266,1536,0,10977,17931,442368,24576
previous,kda,8,r0/output_norm_weight,norm,[],80,56,36,6,0,1081,1259,49152,24576
previous,kda,8,r1/output_norm_weight,norm,[],80,56,36,6,0,1246,1424,49152,24576
previous,kda,8,r2/output_norm_weight,norm,[],80,56,36,6,0,1860,2038,49152,24576
previous,kda,8,r3/output_norm_weight,norm,[],80,56,36,6,0,1163,1341,49152,24576
previous,kda,8,r4/output_norm_weight,norm,[],80,56,36,6,0,1723,1901,49152,24576
previous,kda,8,r5/output_norm_weight,norm,[],80,56,36,6,0,1376,1554,49152,24576
previous,kda,8,r6/output_norm_weight,norm,[],80,56,36,6,0,1158,1336,49152,24576
previous,kda,8,r7/output_norm_weight,norm,[],80,56,36,6,0,1456,1634,49152,24576
previous,kda,8,r0/output_gate,gate_prepare,[],124,75,97,918,0,1702,2916,53248,24576
previous,kda,8,r1/output_gate,gate_prepare,[],125,76,97,918,0,1283,2499,53248,24576
previous,kda,8,r2/output_gate,gate_prepare,[],125,76,97,918,0,1725,2941,53248,24576
previous,kda,8,r3/output_gate,gate_prepare,[],125,76,97,918,0,1771,2987,53248,24576
previous,kda,8,r4/output_gate,gate_prepare,[],125,76,97,918,0,1372,2588,53248,24576
previous,kda,8,r5/output_gate,gate_prepare,[],125,76,97,918,0,1619,2835,53248,24576
previous,kda,8,r6/output_gate,gate_prepare,[],125,76,97,918,0,1804,3020,53248,24576
previous,kda,8,r7/output_gate,gate_prepare,[],125,76,97,918,0,1734,2950,53248,24576
previous,kda,8,output_projection,output_projection,"[8,7168,12288]",114169,80909,732140,6537216,0,3175101,10639535,180142080,131072
previous,kda,16,r0/input_norm,norm,[],94,62,52,60,0,948,1216,49152,16384
previous,kda,16,r1/input_norm,norm,[],110,78,52,60,0,1099,1399,49152,16384
previous,kda,16,r2/input_norm,norm,[],110,78,52,60,0,1464,1764,49152,16384
previous,kda,16,r3/input_norm,norm,[],110,78,52,60,0,995,1295,49152,16384
previous,kda,16,r4/input_norm,norm,[],110,78,52,60,0,1091,1391,49152,16384
previous,kda,16,r5/input_norm,norm,[],110,78,52,60,0,1510,1810,49152,16384
previous,kda,16,r6/input_norm,norm,[],110,78,52,60,0,1085,1385,49152,16384
previous,kda,16,r7/input_norm,norm,[],110,78,52,60,0,1122,1422,49152,16384
previous,kda,16,r8/input_norm,norm,[],110,78,52,60,0,1348,1648,49152,16384
previous,kda,16,r9/input_norm,norm,[],110,78,52,60,0,1003,1303,49152,16384
previous,kda,16,r10/input_norm,norm,[],110,78,52,60,0,1574,1874,49152,16384
previous,kda,16,r11/input_norm,norm,[],110,78,52,60,0,1080,1380,49152,16384
previous,kda,16,r12/input_norm,norm,[],110,78,52,60,0,1019,1319,49152,16384
previous,kda,16,r13/input_norm,norm,[],110,78,52,60,0,1443,1743,49152,16384
previous,kda,16,r14/input_norm,norm,[],110,78,52,60,0,1078,1378,49152,16384
previous,kda,16,r15/input_norm,norm,[],110,78,52,60,0,1513,1813,49152,16384
previous,kda,16,q_projection,input_projections,"[16,12288,7168]",221521,156781,1430244,13074432,0,4508132,19391110,220741632,393216
previous,kda,16,k_projection,input_projections,"[16,12288,7168]",221528,156788,1430244,13074432,0,4508065,19391057,220741632,393216
previous,kda,16,v_projection,input_projections,"[16,12288,7168]",221528,156788,1430244,13074432,0,4507866,19390858,220741632,393216
previous,kda,16,f_a_projection,input_projections,"[16,128,7168]",2543,1803,14964,136192,0,52927,208429,2506752,65536
previous,kda,16,b_projection,input_projections,"[16,96,7168]",1968,1396,11240,102144,0,37785,154533,1933312,65536
previous,kda,16,g_projection,input_projections,"[16,12288,7168]",221528,156788,1430244,13074432,0,4509611,19392603,220741632,393216
previous,kda,16,f_b_projection,input_projections,"[16,12288,128]",6418,4290,47056,466944,0,91257,615965,3604480,393216
previous,kda,16,r0/q_conv,conv,[],501,350,283,960,0,7485,9579,200704,122880
previous,kda,16,r1/q_conv,conv,[],502,351,283,960,0,4602,6698,200704,122880
previous,kda,16,r2/q_conv,conv,[],502,351,283,960,0,5159,7255,200704,122880
previous,kda,16,r3/q_conv,conv,[],502,351,283,960,0,7146,9242,200704,122880
previous,kda,16,r4/q_conv,conv,[],502,351,283,960,0,4338,6434,200704,122880
previous,kda,16,r5/q_conv,conv,[],502,351,283,960,0,5425,7521,200704,122880
previous,kda,16,r6/q_conv,conv,[],502,351,283,960,0,7286,9382,200704,122880
previous,kda,16,r7/q_conv,conv,[],502,351,283,960,0,4378,6474,200704,122880
previous,kda,16,r8/q_conv,conv,[],502,351,283,960,0,5437,7533,200704,122880
previous,kda,16,r9/q_conv,conv,[],502,351,283,960,0,7285,9381,200704,122880
previous,kda,16,r10/q_conv,conv,[],502,351,283,960,0,4410,6506,200704,122880
previous,kda,16,r11/q_conv,conv,[],502,351,283,960,0,5258,7354,200704,122880
previous,kda,16,r12/q_conv,conv,[],502,351,283,960,0,6566,8662,200704,122880
previous,kda,16,r13/q_conv,conv,[],502,351,283,960,0,4692,6788,200704,122880
previous,kda,16,r14/q_conv,conv,[],502,351,283,960,0,5240,7336,200704,122880
previous,kda,16,r15/q_conv,conv,[],502,351,283,960,0,6006,8102,200704,122880
previous,kda,16,r0/k_conv,conv,[],501,350,283,960,0,5372,7466,200704,122880
previous,kda,16,r1/k_conv,conv,[],502,351,283,960,0,6897,8993,200704,122880
previous,kda,16,r2/k_conv,conv,[],502,351,283,960,0,5549,7645,200704,122880
previous,kda,16,r3/k_conv,conv,[],502,351,283,960,0,5618,7714,200704,122880
previous,kda,16,r4/k_conv,conv,[],502,351,283,960,0,7659,9755,200704,122880
previous,kda,16,r5/k_conv,conv,[],502,351,283,960,0,5680,7776,200704,122880
previous,kda,16,r6/k_conv,conv,[],502,351,283,960,0,5744,7840,200704,122880
previous,kda,16,r7/k_conv,conv,[],502,351,283,960,0,6535,8631,200704,122880
previous,kda,16,r8/k_conv,conv,[],502,351,283,960,0,5713,7809,200704,122880
previous,kda,16,r9/k_conv,conv,[],502,351,283,960,0,5697,7793,200704,122880
previous,kda,16,r10/k_conv,conv,[],502,351,283,960,0,6148,8244,200704,122880
previous,kda,16,r11/k_conv,conv,[],502,351,283,960,0,5986,8082,200704,122880
previous,kda,16,r12/k_conv,conv,[],502,351,283,960,0,5487,7583,200704,122880
previous,kda,16,r13/k_conv,conv,[],502,351,283,960,0,5683,7779,200704,122880
previous,kda,16,r14/k_conv,conv,[],502,351,283,960,0,6342,8438,200704,122880
previous,kda,16,r15/k_conv,conv,[],502,351,283,960,0,5648,7744,200704,122880
previous,kda,16,r0/v_conv,conv,[],501,350,283,960,0,5472,7566,200704,122880
previous,kda,16,r1/v_conv,conv,[],502,351,283,960,0,5531,7627,200704,122880
previous,kda,16,r2/v_conv,conv,[],502,351,283,960,0,6295,8391,200704,122880
previous,kda,16,r3/v_conv,conv,[],502,351,283,960,0,5958,8054,200704,122880
previous,kda,16,r4/v_conv,conv,[],502,351,283,960,0,5340,7436,200704,122880
previous,kda,16,r5/v_conv,conv,[],502,351,283,960,0,5697,7793,200704,122880
previous,kda,16,r6/v_conv,conv,[],502,351,283,960,0,6732,8828,200704,122880
previous,kda,16,r7/v_conv,conv,[],502,351,283,960,0,5002,7098,200704,122880
previous,kda,16,r8/v_conv,conv,[],502,351,283,960,0,5385,7481,200704,122880
previous,kda,16,r9/v_conv,conv,[],502,351,283,960,0,7159,9255,200704,122880
previous,kda,16,r10/v_conv,conv,[],502,351,283,960,0,5270,7366,200704,122880
previous,kda,16,r11/v_conv,conv,[],502,351,283,960,0,5066,7162,200704,122880
previous,kda,16,r12/v_conv,conv,[],502,351,283,960,0,7510,9606,200704,122880
previous,kda,16,r13/v_conv,conv,[],502,351,283,960,0,5390,7486,200704,122880
previous,kda,16,r14/v_conv,conv,[],502,351,283,960,0,5536,7632,200704,122880
previous,kda,16,r15/v_conv,conv,[],502,351,283,960,0,7186,9282,200704,122880
previous,kda,16,r0/q_norm,norm,[],2271,1677,1266,1536,0,9632,16382,442368,24576
previous,kda,16,r1/q_norm,norm,[],2373,1779,1266,1536,0,10378,17332,442368,24576
previous,kda,16,r2/q_norm,norm,[],2373,1779,1266,1536,0,9692,16646,442368,24576
previous,kda,16,r3/q_norm,norm,[],2373,1779,1266,1536,0,9521,16475,442368,24576
previous,kda,16,r4/q_norm,norm,[],2373,1779,1266,1536,0,11223,18177,442368,24576
previous,kda,16,r5/q_norm,norm,[],2373,1779,1266,1536,0,9785,16739,442368,24576
previous,kda,16,r6/q_norm,norm,[],2373,1779,1266,1536,0,10259,17213,442368,24576
previous,kda,16,r7/q_norm,norm,[],2373,1779,1266,1536,0,10677,17631,442368,24576
previous,kda,16,r8/q_norm,norm,[],2373,1779,1266,1536,0,9718,16672,442368,24576
previous,kda,16,r9/q_norm,norm,[],2373,1779,1266,1536,0,9887,16841,442368,24576
previous,kda,16,r10/q_norm,norm,[],2373,1779,1266,1536,0,10416,17370,442368,24576
previous,kda,16,r11/q_norm,norm,[],2373,1779,1266,1536,0,9555,16509,442368,24576
previous,kda,16,r12/q_norm,norm,[],2373,1779,1266,1536,0,9895,16849,442368,24576
previous,kda,16,r13/q_norm,norm,[],2373,1779,1266,1536,0,9894,16848,442368,24576
previous,kda,16,r14/q_norm,norm,[],2373,1779,1266,1536,0,9730,16684,442368,24576
previous,kda,16,r15/q_norm,norm,[],2373,1779,1266,1536,0,9886,16840,442368,24576
previous,kda,16,r0/k_norm,norm,[],2271,1677,1266,1536,0,9591,16341,442368,24576
previous,kda,16,r1/k_norm,norm,[],2373,1779,1266,1536,0,10124,17078,442368,24576
previous,kda,16,r2/k_norm,norm,[],2373,1779,1266,1536,0,10095,17049,442368,24576
previous,kda,16,r3/k_norm,norm,[],2373,1779,1266,1536,0,9530,16484,442368,24576
previous,kda,16,r4/k_norm,norm,[],2373,1779,1266,1536,0,10811,17765,442368,24576
previous,kda,16,r5/k_norm,norm,[],2373,1779,1266,1536,0,10068,17022,442368,24576
previous,kda,16,r6/k_norm,norm,[],2373,1779,1266,1536,0,9938,16892,442368,24576
previous,kda,16,r7/k_norm,norm,[],2373,1779,1266,1536,0,11241,18195,442368,24576
previous,kda,16,r8/k_norm,norm,[],2373,1779,1266,1536,0,9621,16575,442368,24576
previous,kda,16,r9/k_norm,norm,[],2373,1779,1266,1536,0,9791,16745,442368,24576
previous,kda,16,r10/k_norm,norm,[],2373,1779,1266,1536,0,10862,17816,442368,24576
previous,kda,16,r11/k_norm,norm,[],2373,1779,1266,1536,0,9825,16779,442368,24576
previous,kda,16,r12/k_norm,norm,[],2373,1779,1266,1536,0,10215,17169,442368,24576
previous,kda,16,r13/k_norm,norm,[],2373,1779,1266,1536,0,10196,17150,442368,24576
previous,kda,16,r14/k_norm,norm,[],2373,1779,1266,1536,0,9756,16710,442368,24576
previous,kda,16,r15/k_norm,norm,[],2373,1779,1266,1536,0,9918,16872,442368,24576
previous,kda,16,r0/decay_beta,gate_prepare,[],628,411,529,2790,0,3752,8110,126976,49152
previous,kda,16,r1/decay_beta,gate_prepare,[],635,418,529,2790,0,4271,8643,126976,49152
previous,kda,16,r2/decay_beta,gate_prepare,[],635,418,529,2790,0,3831,8203,126976,49152
previous,kda,16,r3/decay_beta,gate_prepare,[],635,418,529,2790,0,4168,8540,126976,49152
previous,kda,16,r4/decay_beta,gate_prepare,[],635,418,529,2790,0,3840,8212,126976,49152
previous,kda,16,r5/decay_beta,gate_prepare,[],635,418,529,2790,0,4083,8455,126976,49152
previous,kda,16,r6/decay_beta,gate_prepare,[],635,418,529,2790,0,4261,8633,126976,49152
previous,kda,16,r7/decay_beta,gate_prepare,[],635,418,529,2790,0,4269,8641,126976,49152
previous,kda,16,r8/decay_beta,gate_prepare,[],635,418,529,2790,0,3792,8164,126976,49152
previous,kda,16,r9/decay_beta,gate_prepare,[],635,418,529,2790,0,4136,8508,126976,49152
previous,kda,16,r10/decay_beta,gate_prepare,[],635,418,529,2790,0,4091,8463,126976,49152
previous,kda,16,r11/decay_beta,gate_prepare,[],635,418,529,2790,0,3893,8265,126976,49152
previous,kda,16,r12/decay_beta,gate_prepare,[],635,418,529,2790,0,4276,8648,126976,49152
previous,kda,16,r13/decay_beta,gate_prepare,[],635,418,529,2790,0,4305,8677,126976,49152
previous,kda,16,r14/decay_beta,gate_prepare,[],635,418,529,2790,0,3711,8083,126976,49152
previous,kda,16,r15/decay_beta,gate_prepare,[],635,418,529,2790,0,4134,8506,126976,49152
previous,kda,16,r0/pack_beta_0,coefficient_layout,[],349,249,212,272,0,640,1722,12288,4096
previous,kda,16,r1/pack_beta_0,coefficient_layout,[],351,251,212,272,0,357,1443,12288,4096
previous,kda,16,r2/pack_beta_0,coefficient_layout,[],351,251,212,272,0,322,1408,12288,4096
previous,kda,16,r3/pack_beta_0,coefficient_layout,[],351,251,212,272,0,374,1460,12288,4096
previous,kda,16,r4/pack_beta_0,coefficient_layout,[],351,251,212,272,0,306,1392,12288,4096
previous,kda,16,r5/pack_beta_0,coefficient_layout,[],351,251,212,272,0,357,1443,12288,4096
previous,kda,16,r6/pack_beta_0,coefficient_layout,[],351,251,212,272,0,713,1799,12288,4096
previous,kda,16,r7/pack_beta_0,coefficient_layout,[],351,251,212,272,0,329,1415,12288,4096
previous,kda,16,r8/pack_beta_0,coefficient_layout,[],351,251,212,272,0,331,1417,12288,4096
previous,kda,16,r9/pack_beta_0,coefficient_layout,[],351,251,212,272,0,288,1374,12288,4096
previous,kda,16,r10/pack_beta_0,coefficient_layout,[],351,251,212,272,0,346,1432,12288,4096
previous,kda,16,r11/pack_beta_0,coefficient_layout,[],351,251,212,272,0,353,1439,12288,4096
previous,kda,16,r12/pack_beta_0,coefficient_layout,[],351,251,212,272,0,318,1404,12288,4096
previous,kda,16,r13/pack_beta_0,coefficient_layout,[],351,251,212,272,0,335,1421,12288,4096
previous,kda,16,r14/pack_beta_0,coefficient_layout,[],351,251,212,272,0,714,1800,12288,4096
previous,kda,16,r15/pack_beta_0,coefficient_layout,[],351,251,212,272,0,329,1415,12288,4096
previous,kda,16,r0/recurrence_0,recurrence,[],105,90,5676,3992,292,15329,25484,540736,528384
previous,kda,16,r1/recurrence_0,recurrence,[],105,90,5676,3992,292,14260,24415,540736,528384
previous,kda,16,r2/recurrence_0,recurrence,[],105,90,5676,3992,292,14569,24724,540736,528384
previous,kda,16,r3/recurrence_0,recurrence,[],105,90,5676,3992,292,14810,24965,540736,528384
previous,kda,16,r4/recurrence_0,recurrence,[],105,90,5676,3992,292,14462,24617,540736,528384
previous,kda,16,r5/recurrence_0,recurrence,[],105,90,5676,3992,292,15196,25351,540736,528384
previous,kda,16,r6/recurrence_0,recurrence,[],105,90,5676,3992,292,14197,24352,540736,528384
previous,kda,16,r7/recurrence_0,recurrence,[],105,90,5676,3992,292,14620,24775,540736,528384
previous,kda,16,r8/recurrence_0,recurrence,[],105,90,5676,3992,292,15324,25479,540736,528384
previous,kda,16,r9/recurrence_0,recurrence,[],105,90,5676,3992,292,14329,24484,540736,528384
previous,kda,16,r10/recurrence_0,recurrence,[],105,90,5676,3992,292,15067,25222,540736,528384
previous,kda,16,r11/recurrence_0,recurrence,[],105,90,5676,3992,292,14645,24800,540736,528384
previous,kda,16,r12/recurrence_0,recurrence,[],105,90,5676,3992,292,14150,24305,540736,528384
previous,kda,16,r13/recurrence_0,recurrence,[],105,90,5676,3992,292,15391,25546,540736,528384
previous,kda,16,r14/recurrence_0,recurrence,[],105,90,5676,3992,292,14205,24360,540736,528384
previous,kda,16,r15/recurrence_0,recurrence,[],105,90,5676,3992,292,14218,24373,540736,528384
previous,kda,16,r0/pack_beta_1,coefficient_layout,[],349,249,212,272,0,362,1444,12288,4096
previous,kda,16,r1/pack_beta_1,coefficient_layout,[],351,251,212,272,0,740,1826,12288,4096
previous,kda,16,r2/pack_beta_1,coefficient_layout,[],351,251,212,272,0,297,1383,12288,4096
previous,kda,16,r3/pack_beta_1,coefficient_layout,[],351,251,212,272,0,346,1432,12288,4096
previous,kda,16,r4/pack_beta_1,coefficient_layout,[],351,251,212,272,0,293,1379,12288,4096
previous,kda,16,r5/pack_beta_1,coefficient_layout,[],351,251,212,272,0,347,1433,12288,4096
previous,kda,16,r6/pack_beta_1,coefficient_layout,[],351,251,212,272,0,317,1403,12288,4096
previous,kda,16,r7/pack_beta_1,coefficient_layout,[],351,251,212,272,0,291,1377,12288,4096
previous,kda,16,r8/pack_beta_1,coefficient_layout,[],351,251,212,272,0,358,1444,12288,4096
previous,kda,16,r9/pack_beta_1,coefficient_layout,[],351,251,212,272,0,674,1760,12288,4096
previous,kda,16,r10/pack_beta_1,coefficient_layout,[],351,251,212,272,0,352,1438,12288,4096
previous,kda,16,r11/pack_beta_1,coefficient_layout,[],351,251,212,272,0,339,1425,12288,4096
previous,kda,16,r12/pack_beta_1,coefficient_layout,[],351,251,212,272,0,306,1392,12288,4096
previous,kda,16,r13/pack_beta_1,coefficient_layout,[],351,251,212,272,0,339,1425,12288,4096
previous,kda,16,r14/pack_beta_1,coefficient_layout,[],351,251,212,272,0,338,1424,12288,4096
previous,kda,16,r15/pack_beta_1,coefficient_layout,[],351,251,212,272,0,291,1377,12288,4096
previous,kda,16,r0/recurrence_1,recurrence,[],105,90,5676,3992,292,14710,24865,540736,528384
previous,kda,16,r1/recurrence_1,recurrence,[],105,90,5676,3992,292,14425,24580,540736,528384
previous,kda,16,r2/recurrence_1,recurrence,[],105,90,5676,3992,292,14139,24294,540736,528384
previous,kda,16,r3/recurrence_1,recurrence,[],105,90,5676,3992,292,14103,24258,540736,528384
previous,kda,16,r4/recurrence_1,recurrence,[],105,90,5676,3992,292,14926,25081,540736,528384
previous,kda,16,r5/recurrence_1,recurrence,[],105,90,5676,3992,292,14416,24571,540736,528384
previous,kda,16,r6/recurrence_1,recurrence,[],105,90,5676,3992,292,14233,24388,540736,528384
previous,kda,16,r7/recurrence_1,recurrence,[],105,90,5676,3992,292,15095,25250,540736,528384
previous,kda,16,r8/recurrence_1,recurrence,[],105,90,5676,3992,292,14405,24560,540736,528384
previous,kda,16,r9/recurrence_1,recurrence,[],105,90,5676,3992,292,14866,25021,540736,528384
previous,kda,16,r10/recurrence_1,recurrence,[],105,90,5676,3992,292,14597,24752,540736,528384
previous,kda,16,r11/recurrence_1,recurrence,[],105,90,5676,3992,292,14447,24602,540736,528384
previous,kda,16,r12/recurrence_1,recurrence,[],105,90,5676,3992,292,14817,24972,540736,528384
previous,kda,16,r13/recurrence_1,recurrence,[],105,90,5676,3992,292,14541,24696,540736,528384
previous,kda,16,r14/recurrence_1,recurrence,[],105,90,5676,3992,292,14163,24318,540736,528384
previous,kda,16,r15/recurrence_1,recurrence,[],105,90,5676,3992,292,14968,25123,540736,528384
previous,kda,16,r0/pack_beta_2,coefficient_layout,[],349,249,212,272,0,717,1799,12288,4096
previous,kda,16,r1/pack_beta_2,coefficient_layout,[],351,251,212,272,0,331,1417,12288,4096
previous,kda,16,r2/pack_beta_2,coefficient_layout,[],351,251,212,272,0,305,1391,12288,4096
previous,kda,16,r3/pack_beta_2,coefficient_layout,[],351,251,212,272,0,324,1410,12288,4096
previous,kda,16,r4/pack_beta_2,coefficient_layout,[],351,251,212,272,0,336,1422,12288,4096
previous,kda,16,r5/pack_beta_2,coefficient_layout,[],351,251,212,272,0,345,1431,12288,4096
previous,kda,16,r6/pack_beta_2,coefficient_layout,[],351,251,212,272,0,280,1366,12288,4096
previous,kda,16,r7/pack_beta_2,coefficient_layout,[],351,251,212,272,0,378,1464,12288,4096
previous,kda,16,r8/pack_beta_2,coefficient_layout,[],351,251,212,272,0,728,1814,12288,4096
previous,kda,16,r9/pack_beta_2,coefficient_layout,[],351,251,212,272,0,345,1431,12288,4096
previous,kda,16,r10/pack_beta_2,coefficient_layout,[],351,251,212,272,0,330,1416,12288,4096
previous,kda,16,r11/pack_beta_2,coefficient_layout,[],351,251,212,272,0,289,1375,12288,4096
previous,kda,16,r12/pack_beta_2,coefficient_layout,[],351,251,212,272,0,360,1446,12288,4096
previous,kda,16,r13/pack_beta_2,coefficient_layout,[],351,251,212,272,0,365,1451,12288,4096
previous,kda,16,r14/pack_beta_2,coefficient_layout,[],351,251,212,272,0,312,1398,12288,4096
previous,kda,16,r15/pack_beta_2,coefficient_layout,[],351,251,212,272,0,781,1867,12288,4096
previous,kda,16,r0/recurrence_2,recurrence,[],105,90,5676,3992,292,14452,24607,540736,528384
previous,kda,16,r1/recurrence_2,recurrence,[],105,90,5676,3992,292,14596,24751,540736,528384
previous,kda,16,r2/recurrence_2,recurrence,[],105,90,5676,3992,292,15218,25373,540736,528384
previous,kda,16,r3/recurrence_2,recurrence,[],105,90,5676,3992,292,14335,24490,540736,528384
previous,kda,16,r4/recurrence_2,recurrence,[],105,90,5676,3992,292,14993,25148,540736,528384
previous,kda,16,r5/recurrence_2,recurrence,[],105,90,5676,3992,292,14712,24867,540736,528384
previous,kda,16,r6/recurrence_2,recurrence,[],105,90,5676,3992,292,14235,24390,540736,528384
previous,kda,16,r7/recurrence_2,recurrence,[],105,90,5676,3992,292,15354,25509,540736,528384
previous,kda,16,r8/recurrence_2,recurrence,[],105,90,5676,3992,292,14406,24561,540736,528384
previous,kda,16,r9/recurrence_2,recurrence,[],105,90,5676,3992,292,14925,25080,540736,528384
previous,kda,16,r10/recurrence_2,recurrence,[],105,90,5676,3992,292,14717,24872,540736,528384
previous,kda,16,r11/recurrence_2,recurrence,[],105,90,5676,3992,292,14211,24366,540736,528384
previous,kda,16,r12/recurrence_2,recurrence,[],105,90,5676,3992,292,14981,25136,540736,528384
previous,kda,16,r13/recurrence_2,recurrence,[],105,90,5676,3992,292,14578,24733,540736,528384
previous,kda,16,r14/recurrence_2,recurrence,[],105,90,5676,3992,292,13987,24142,540736,528384
previous,kda,16,r15/recurrence_2,recurrence,[],105,90,5676,3992,292,14864,25019,540736,528384
previous,kda,16,r0/pack_beta_3,coefficient_layout,[],349,249,212,272,0,334,1416,12288,4096
previous,kda,16,r1/pack_beta_3,coefficient_layout,[],351,251,212,272,0,322,1408,12288,4096
previous,kda,16,r2/pack_beta_3,coefficient_layout,[],351,251,212,272,0,733,1819,12288,4096
previous,kda,16,r3/pack_beta_3,coefficient_layout,[],351,251,212,272,0,319,1405,12288,4096
previous,kda,16,r4/pack_beta_3,coefficient_layout,[],351,251,212,272,0,324,1410,12288,4096
previous,kda,16,r5/pack_beta_3,coefficient_layout,[],351,251,212,272,0,347,1433,12288,4096
previous,kda,16,r6/pack_beta_3,coefficient_layout,[],351,251,212,272,0,295,1381,12288,4096
previous,kda,16,r7/pack_beta_3,coefficient_layout,[],351,251,212,272,0,402,1488,12288,4096
previous,kda,16,r8/pack_beta_3,coefficient_layout,[],351,251,212,272,0,717,1803,12288,4096
previous,kda,16,r9/pack_beta_3,coefficient_layout,[],351,251,212,272,0,348,1434,12288,4096
previous,kda,16,r10/pack_beta_3,coefficient_layout,[],351,251,212,272,0,324,1410,12288,4096
previous,kda,16,r11/pack_beta_3,coefficient_layout,[],351,251,212,272,0,360,1446,12288,4096
previous,kda,16,r12/pack_beta_3,coefficient_layout,[],351,251,212,272,0,330,1416,12288,4096
previous,kda,16,r13/pack_beta_3,coefficient_layout,[],351,251,212,272,0,367,1453,12288,4096
previous,kda,16,r14/pack_beta_3,coefficient_layout,[],351,251,212,272,0,347,1433,12288,4096
previous,kda,16,r15/pack_beta_3,coefficient_layout,[],351,251,212,272,0,395,1481,12288,4096
previous,kda,16,r0/recurrence_3,recurrence,[],105,90,5676,3992,292,14611,24766,540736,528384
previous,kda,16,r1/recurrence_3,recurrence,[],105,90,5676,3992,292,14471,24626,540736,528384
previous,kda,16,r2/recurrence_3,recurrence,[],105,90,5676,3992,292,14323,24478,540736,528384
previous,kda,16,r3/recurrence_3,recurrence,[],105,90,5676,3992,292,14528,24683,540736,528384
previous,kda,16,r4/recurrence_3,recurrence,[],105,90,5676,3992,292,13772,23927,540736,528384
previous,kda,16,r5/recurrence_3,recurrence,[],105,90,5676,3992,292,14137,24292,540736,528384
previous,kda,16,r6/recurrence_3,recurrence,[],105,90,5676,3992,292,14650,24805,540736,528384
previous,kda,16,r7/recurrence_3,recurrence,[],105,90,5676,3992,292,14426,24581,540736,528384
previous,kda,16,r8/recurrence_3,recurrence,[],105,90,5676,3992,292,14088,24243,540736,528384
previous,kda,16,r9/recurrence_3,recurrence,[],105,90,5676,3992,292,14873,25028,540736,528384
previous,kda,16,r10/recurrence_3,recurrence,[],105,90,5676,3992,292,14619,24774,540736,528384
previous,kda,16,r11/recurrence_3,recurrence,[],105,90,5676,3992,292,13773,23928,540736,528384
previous,kda,16,r12/recurrence_3,recurrence,[],105,90,5676,3992,292,14288,24443,540736,528384
previous,kda,16,r13/recurrence_3,recurrence,[],105,90,5676,3992,292,15252,25407,540736,528384
previous,kda,16,r14/recurrence_3,recurrence,[],105,90,5676,3992,292,13523,23678,540736,528384
previous,kda,16,r15/recurrence_3,recurrence,[],105,90,5676,3992,292,14102,24257,540736,528384
previous,kda,16,r0/pack_beta_4,coefficient_layout,[],349,249,212,272,0,364,1446,12288,4096
previous,kda,16,r1/pack_beta_4,coefficient_layout,[],351,251,212,272,0,372,1458,12288,4096
previous,kda,16,r2/pack_beta_4,coefficient_layout,[],351,251,212,272,0,318,1404,12288,4096
previous,kda,16,r3/pack_beta_4,coefficient_layout,[],351,251,212,272,0,350,1436,12288,4096
previous,kda,16,r4/pack_beta_4,coefficient_layout,[],351,251,212,272,0,775,1861,12288,4096
previous,kda,16,r5/pack_beta_4,coefficient_layout,[],351,251,212,272,0,364,1450,12288,4096
previous,kda,16,r6/pack_beta_4,coefficient_layout,[],351,251,212,272,0,340,1426,12288,4096
previous,kda,16,r7/pack_beta_4,coefficient_layout,[],351,251,212,272,0,314,1400,12288,4096
previous,kda,16,r8/pack_beta_4,coefficient_layout,[],351,251,212,272,0,374,1460,12288,4096
previous,kda,16,r9/pack_beta_4,coefficient_layout,[],351,251,212,272,0,358,1444,12288,4096
previous,kda,16,r10/pack_beta_4,coefficient_layout,[],351,251,212,272,0,318,1404,12288,4096
previous,kda,16,r11/pack_beta_4,coefficient_layout,[],351,251,212,272,0,807,1893,12288,4096
previous,kda,16,r12/pack_beta_4,coefficient_layout,[],351,251,212,272,0,308,1394,12288,4096
previous,kda,16,r13/pack_beta_4,coefficient_layout,[],351,251,212,272,0,343,1429,12288,4096
previous,kda,16,r14/pack_beta_4,coefficient_layout,[],351,251,212,272,0,336,1422,12288,4096
previous,kda,16,r15/pack_beta_4,coefficient_layout,[],351,251,212,272,0,295,1381,12288,4096
previous,kda,16,r0/recurrence_4,recurrence,[],105,90,5676,3992,292,14605,24760,540736,528384
previous,kda,16,r1/recurrence_4,recurrence,[],105,90,5676,3992,292,14630,24785,540736,528384
previous,kda,16,r2/recurrence_4,recurrence,[],105,90,5676,3992,292,14374,24529,540736,528384
previous,kda,16,r3/recurrence_4,recurrence,[],105,90,5676,3992,292,14782,24937,540736,528384
previous,kda,16,r4/recurrence_4,recurrence,[],105,90,5676,3992,292,14516,24671,540736,528384
previous,kda,16,r5/recurrence_4,recurrence,[],105,90,5676,3992,292,14071,24226,540736,528384
previous,kda,16,r6/recurrence_4,recurrence,[],105,90,5676,3992,292,14888,25043,540736,528384
previous,kda,16,r7/recurrence_4,recurrence,[],105,90,5676,3992,292,14673,24828,540736,528384
previous,kda,16,r8/recurrence_4,recurrence,[],105,90,5676,3992,292,13822,23977,540736,528384
previous,kda,16,r9/recurrence_4,recurrence,[],105,90,5676,3992,292,14249,24404,540736,528384
previous,kda,16,r10/recurrence_4,recurrence,[],105,90,5676,3992,292,15231,25386,540736,528384
previous,kda,16,r11/recurrence_4,recurrence,[],105,90,5676,3992,292,13582,23737,540736,528384
previous,kda,16,r12/recurrence_4,recurrence,[],105,90,5676,3992,292,14270,24425,540736,528384
previous,kda,16,r13/recurrence_4,recurrence,[],105,90,5676,3992,292,14700,24855,540736,528384
previous,kda,16,r14/recurrence_4,recurrence,[],105,90,5676,3992,292,14246,24401,540736,528384
previous,kda,16,r15/recurrence_4,recurrence,[],105,90,5676,3992,292,14097,24252,540736,528384
previous,kda,16,r0/pack_beta_5,coefficient_layout,[],349,249,212,272,0,356,1438,12288,4096
previous,kda,16,r1/pack_beta_5,coefficient_layout,[],351,251,212,272,0,370,1456,12288,4096
previous,kda,16,r2/pack_beta_5,coefficient_layout,[],351,251,212,272,0,305,1391,12288,4096
previous,kda,16,r3/pack_beta_5,coefficient_layout,[],351,251,212,272,0,370,1456,12288,4096
previous,kda,16,r4/pack_beta_5,coefficient_layout,[],351,251,212,272,0,311,1397,12288,4096
previous,kda,16,r5/pack_beta_5,coefficient_layout,[],351,251,212,272,0,315,1401,12288,4096
previous,kda,16,r6/pack_beta_5,coefficient_layout,[],351,251,212,272,0,326,1412,12288,4096
previous,kda,16,r7/pack_beta_5,coefficient_layout,[],351,251,212,272,0,742,1828,12288,4096
previous,kda,16,r8/pack_beta_5,coefficient_layout,[],351,251,212,272,0,328,1414,12288,4096
previous,kda,16,r9/pack_beta_5,coefficient_layout,[],351,251,212,272,0,315,1401,12288,4096
previous,kda,16,r10/pack_beta_5,coefficient_layout,[],351,251,212,272,0,280,1366,12288,4096
previous,kda,16,r11/pack_beta_5,coefficient_layout,[],351,251,212,272,0,363,1449,12288,4096
previous,kda,16,r12/pack_beta_5,coefficient_layout,[],351,251,212,272,0,328,1414,12288,4096
previous,kda,16,r13/pack_beta_5,coefficient_layout,[],351,251,212,272,0,315,1401,12288,4096
previous,kda,16,r14/pack_beta_5,coefficient_layout,[],351,251,212,272,0,307,1393,12288,4096
previous,kda,16,r15/pack_beta_5,coefficient_layout,[],351,251,212,272,0,335,1421,12288,4096
previous,kda,16,r0/recurrence_5,recurrence,[],105,90,5676,3992,292,14396,24551,540736,528384
previous,kda,16,r1/recurrence_5,recurrence,[],105,90,5676,3992,292,15484,25639,540736,528384
previous,kda,16,r2/recurrence_5,recurrence,[],105,90,5676,3992,292,14137,24292,540736,528384
previous,kda,16,r3/recurrence_5,recurrence,[],105,90,5676,3992,292,14384,24539,540736,528384
previous,kda,16,r4/recurrence_5,recurrence,[],105,90,5676,3992,292,15398,25553,540736,528384
previous,kda,16,r5/recurrence_5,recurrence,[],105,90,5676,3992,292,13964,24119,540736,528384
previous,kda,16,r6/recurrence_5,recurrence,[],105,90,5676,3992,292,14385,24540,540736,528384
previous,kda,16,r7/recurrence_5,recurrence,[],105,90,5676,3992,292,15345,25500,540736,528384
previous,kda,16,r8/recurrence_5,recurrence,[],105,90,5676,3992,292,13884,24039,540736,528384
previous,kda,16,r9/recurrence_5,recurrence,[],105,90,5676,3992,292,14456,24611,540736,528384
previous,kda,16,r10/recurrence_5,recurrence,[],105,90,5676,3992,292,15412,25567,540736,528384
previous,kda,16,r11/recurrence_5,recurrence,[],105,90,5676,3992,292,14112,24267,540736,528384
previous,kda,16,r12/recurrence_5,recurrence,[],105,90,5676,3992,292,14792,24947,540736,528384
previous,kda,16,r13/recurrence_5,recurrence,[],105,90,5676,3992,292,14792,24947,540736,528384
previous,kda,16,r14/recurrence_5,recurrence,[],105,90,5676,3992,292,14302,24457,540736,528384
previous,kda,16,r15/recurrence_5,recurrence,[],105,90,5676,3992,292,14896,25051,540736,528384
previous,kda,16,r0/output_rms,norm,[],2271,1677,1266,1536,0,9795,16545,442368,24576
previous,kda,16,r1/output_rms,norm,[],2373,1779,1266,1536,0,10152,17106,442368,24576
previous,kda,16,r2/output_rms,norm,[],2373,1779,1266,1536,0,9793,16747,442368,24576
previous,kda,16,r3/output_rms,norm,[],2373,1779,1266,1536,0,9780,16734,442368,24576
previous,kda,16,r4/output_rms,norm,[],2373,1779,1266,1536,0,10581,17535,442368,24576
previous,kda,16,r5/output_rms,norm,[],2373,1779,1266,1536,0,9550,16504,442368,24576
previous,kda,16,r6/output_rms,norm,[],2373,1779,1266,1536,0,9974,16928,442368,24576
previous,kda,16,r7/output_rms,norm,[],2373,1779,1266,1536,0,10793,17747,442368,24576
previous,kda,16,r8/output_rms,norm,[],2373,1779,1266,1536,0,10219,17173,442368,24576
previous,kda,16,r9/output_rms,norm,[],2373,1779,1266,1536,0,9526,16480,442368,24576
previous,kda,16,r10/output_rms,norm,[],2373,1779,1266,1536,0,10623,17577,442368,24576
previous,kda,16,r11/output_rms,norm,[],2373,1779,1266,1536,0,9980,16934,442368,24576
previous,kda,16,r12/output_rms,norm,[],2373,1779,1266,1536,0,9507,16461,442368,24576
previous,kda,16,r13/output_rms,norm,[],2373,1779,1266,1536,0,10185,17139,442368,24576
previous,kda,16,r14/output_rms,norm,[],2373,1779,1266,1536,0,9986,16940,442368,24576
previous,kda,16,r15/output_rms,norm,[],2373,1779,1266,1536,0,9243,16197,442368,24576
previous,kda,16,r0/output_norm_weight,norm,[],80,56,36,6,0,1119,1297,49152,24576
previous,kda,16,r1/output_norm_weight,norm,[],80,56,36,6,0,1684,1862,49152,24576
previous,kda,16,r2/output_norm_weight,norm,[],80,56,36,6,0,1477,1655,49152,24576
previous,kda,16,r3/output_norm_weight,norm,[],80,56,36,6,0,1190,1368,49152,24576
previous,kda,16,r4/output_norm_weight,norm,[],80,56,36,6,0,1428,1606,49152,24576
previous,kda,16,r5/output_norm_weight,norm,[],80,56,36,6,0,1422,1600,49152,24576
previous,kda,16,r6/output_norm_weight,norm,[],80,56,36,6,0,1640,1818,49152,24576
previous,kda,16,r7/output_norm_weight,norm,[],80,56,36,6,0,1190,1368,49152,24576
previous,kda,16,r8/output_norm_weight,norm,[],80,56,36,6,0,1207,1385,49152,24576
previous,kda,16,r9/output_norm_weight,norm,[],80,56,36,6,0,1461,1639,49152,24576
previous,kda,16,r10/output_norm_weight,norm,[],80,56,36,6,0,1220,1398,49152,24576
previous,kda,16,r11/output_norm_weight,norm,[],80,56,36,6,0,1629,1807,49152,24576
previous,kda,16,r12/output_norm_weight,norm,[],80,56,36,6,0,1166,1344,49152,24576
previous,kda,16,r13/output_norm_weight,norm,[],80,56,36,6,0,1174,1352,49152,24576
previous,kda,16,r14/output_norm_weight,norm,[],80,56,36,6,0,1598,1776,49152,24576
previous,kda,16,r15/output_norm_weight,norm,[],80,56,36,6,0,1252,1430,49152,24576
previous,kda,16,r0/output_gate,gate_prepare,[],124,75,97,918,0,1773,2987,53248,24576
previous,kda,16,r1/output_gate,gate_prepare,[],125,76,97,918,0,1656,2872,53248,24576
previous,kda,16,r2/output_gate,gate_prepare,[],125,76,97,918,0,1383,2599,53248,24576
previous,kda,16,r3/output_gate,gate_prepare,[],125,76,97,918,0,1692,2908,53248,24576
previous,kda,16,r4/output_gate,gate_prepare,[],125,76,97,918,0,1788,3004,53248,24576
previous,kda,16,r5/output_gate,gate_prepare,[],125,76,97,918,0,1586,2802,53248,24576
previous,kda,16,r6/output_gate,gate_prepare,[],125,76,97,918,0,1287,2503,53248,24576
previous,kda,16,r7/output_gate,gate_prepare,[],125,76,97,918,0,1608,2824,53248,24576
previous,kda,16,r8/output_gate,gate_prepare,[],125,76,97,918,0,1661,2877,53248,24576
previous,kda,16,r9/output_gate,gate_prepare,[],125,76,97,918,0,1262,2478,53248,24576
previous,kda,16,r10/output_gate,gate_prepare,[],125,76,97,918,0,1659,2875,53248,24576
previous,kda,16,r11/output_gate,gate_prepare,[],125,76,97,918,0,1593,2809,53248,24576
previous,kda,16,r12/output_gate,gate_prepare,[],125,76,97,918,0,1274,2490,53248,24576
previous,kda,16,r13/output_gate,gate_prepare,[],125,76,97,918,0,1711,2927,53248,24576
previous,kda,16,r14/output_gate,gate_prepare,[],125,76,97,918,0,1664,2880,53248,24576
previous,kda,16,r15/output_gate,gate_prepare,[],125,76,97,918,0,1736,2952,53248,24576
previous,kda,16,output_projection,output_projection,"[16,7168,12288]",231705,164341,1432868,13074432,0,4547422,19450768,231620608,262144
latest,mamba,1,input_norm,norm,[],52,36,26,30,0,486,630,24576,8192
latest,mamba,1,input_projection,input_projections,"[1,10304,2688]",27809,20711,58296,354200,127512,981704,1570232,55427072,24576
latest,mamba,1,convolution,conv,[],276,194,154,483,0,3438,4545,114688,61440
latest,mamba,1,gate_production,gate_prepare,[],104,72,70,168,0,1284,1698,40960,8192
latest,mamba,1,pack_dt_0,coefficient_layout,[],685,489,420,544,0,232,2370,12288,4096
latest,mamba,1,pack_skip_0,coefficient_layout,[],969,701,595,625,0,757,3647,20480,4096
latest,mamba,1,recurrence_0,recurrence,[],106,92,3801,1906,15,14825,20745,536832,528384
latest,mamba,1,pack_dt_1,coefficient_layout,[],685,489,420,544,0,328,2466,12288,4096
latest,mamba,1,pack_skip_1,coefficient_layout,[],969,701,595,625,0,457,3347,20480,4096
latest,mamba,1,recurrence_1,recurrence,[],108,94,3801,1906,15,14473,20397,536832,528384
latest,mamba,1,silu_gate,gate_prepare,[],44,27,33,306,0,841,1251,20480,8192
latest,mamba,1,gate_product,gate_prepare,[],28,20,12,2,0,319,381,16384,8192
latest,mamba,1,gated_rms,norm,[],215,161,110,128,0,925,1539,49152,8192
latest,mamba,1,norm_weight,norm,[],28,20,12,2,0,288,350,16384,8192
latest,mamba,1,output_projection,output_projection,"[1,2688,4096]",9516,6822,22854,134400,48384,393132,615108,22036480,8192
latest,mamba,2,r0/input_norm,norm,[],52,36,26,30,0,486,630,24576,8192
latest,mamba,2,r1/input_norm,norm,[],60,44,26,30,0,605,765,24576,8192
latest,mamba,2,input_projection,input_projections,"[2,10304,2688]",27344,20232,68936,410872,127512,1003966,1658862,55459840,49152
latest,mamba,2,r0/convolution,conv,[],276,194,154,483,0,3503,4610,114688,61440
latest,mamba,2,r1/convolution,conv,[],277,195,154,483,0,4345,5454,114688,61440
latest,mamba,2,r0/gate_production,gate_prepare,[],104,72,70,168,0,980,1394,40960,8192
latest,mamba,2,r1/gate_production,gate_prepare,[],111,79,70,168,0,936,1364,40960,8192
latest,mamba,2,r0/pack_dt_0,coefficient_layout,[],685,489,420,544,0,685,2823,12288,4096
latest,mamba,2,r1/pack_dt_0,coefficient_layout,[],687,491,420,544,0,357,2499,12288,4096
latest,mamba,2,r0/pack_skip_0,coefficient_layout,[],969,701,595,625,0,444,3334,20480,4096
latest,mamba,2,r1/pack_skip_0,coefficient_layout,[],972,704,595,625,0,592,3488,20480,4096
latest,mamba,2,r0/recurrence_0,recurrence,[],106,92,3801,1906,15,14296,20216,536832,528384
latest,mamba,2,r1/recurrence_0,recurrence,[],106,92,3801,1906,15,13773,19693,536832,528384
latest,mamba,2,r0/pack_dt_1,coefficient_layout,[],685,489,420,544,0,361,2499,12288,4096
latest,mamba,2,r1/pack_dt_1,coefficient_layout,[],687,491,420,544,0,706,2848,12288,4096
latest,mamba,2,r0/pack_skip_1,coefficient_layout,[],969,701,595,625,0,476,3366,20480,4096
latest,mamba,2,r1/pack_skip_1,coefficient_layout,[],972,704,595,625,0,523,3419,20480,4096
latest,mamba,2,r0/recurrence_1,recurrence,[],108,94,3801,1906,15,13803,19727,536832,528384
latest,mamba,2,r1/recurrence_1,recurrence,[],108,94,3801,1906,15,14957,20881,536832,528384
latest,mamba,2,r0/silu_gate,gate_prepare,[],44,27,33,306,0,947,1357,20480,8192
latest,mamba,2,r1/silu_gate,gate_prepare,[],45,28,33,306,0,448,860,20480,8192
latest,mamba,2,r0/gate_product,gate_prepare,[],28,20,12,2,0,375,437,16384,8192
latest,mamba,2,r1/gate_product,gate_prepare,[],28,20,12,2,0,523,585,16384,8192
latest,mamba,2,r0/gated_rms,norm,[],215,161,110,128,0,1421,2035,49152,8192
latest,mamba,2,r1/gated_rms,norm,[],217,163,110,128,0,951,1569,49152,8192
latest,mamba,2,r0/norm_weight,norm,[],28,20,12,2,0,362,424,16384,8192
latest,mamba,2,r1/norm_weight,norm,[],28,20,12,2,0,369,431,16384,8192
latest,mamba,2,output_projection,output_projection,"[2,2688,4096]",9631,6931,26892,155904,48384,400781,648523,22052864,16384
latest,mamba,4,r0/input_norm,norm,[],52,36,26,30,0,486,630,24576,8192
latest,mamba,4,r1/input_norm,norm,[],60,44,26,30,0,605,765,24576,8192
latest,mamba,4,r2/input_norm,norm,[],60,44,26,30,0,515,675,24576,8192
latest,mamba,4,r3/input_norm,norm,[],60,44,26,30,0,519,679,24576,8192
latest,mamba,4,input_projection,input_projections,"[4,10304,2688]",27952,20812,96656,524216,127512,1000685,1797833,55525376,98304
latest,mamba,4,r0/convolution,conv,[],276,194,154,483,0,3505,4612,114688,61440
latest,mamba,4,r1/convolution,conv,[],277,195,154,483,0,4375,5484,114688,61440
latest,mamba,4,r2/convolution,conv,[],277,195,154,483,0,2918,4027,114688,61440
latest,mamba,4,r3/convolution,conv,[],277,195,154,483,0,2927,4036,114688,61440
latest,mamba,4,r0/gate_production,gate_prepare,[],104,72,70,168,0,1008,1422,40960,8192
latest,mamba,4,r1/gate_production,gate_prepare,[],111,79,70,168,0,1136,1564,40960,8192
latest,mamba,4,r2/gate_production,gate_prepare,[],111,79,70,168,0,798,1226,40960,8192
latest,mamba,4,r3/gate_production,gate_prepare,[],111,79,70,168,0,953,1381,40960,8192
latest,mamba,4,r0/pack_dt_0,coefficient_layout,[],685,489,420,544,0,324,2462,12288,4096
latest,mamba,4,r1/pack_dt_0,coefficient_layout,[],687,491,420,544,0,585,2727,12288,4096
latest,mamba,4,r2/pack_dt_0,coefficient_layout,[],687,491,420,544,0,261,2403,12288,4096
latest,mamba,4,r3/pack_dt_0,coefficient_layout,[],687,491,420,544,0,296,2438,12288,4096
latest,mamba,4,r0/pack_skip_0,coefficient_layout,[],969,701,595,625,0,424,3314,20480,4096
latest,mamba,4,r1/pack_skip_0,coefficient_layout,[],972,704,595,625,0,649,3545,20480,4096
latest,mamba,4,r2/pack_skip_0,coefficient_layout,[],972,704,595,625,0,450,3346,20480,4096
latest,mamba,4,r3/pack_skip_0,coefficient_layout,[],971,703,595,625,0,821,3715,20480,4096
latest,mamba,4,r0/recurrence_0,recurrence,[],106,92,3801,1906,15,14904,20824,536832,528384
latest,mamba,4,r1/recurrence_0,recurrence,[],106,92,3801,1906,15,13798,19718,536832,528384
latest,mamba,4,r2/recurrence_0,recurrence,[],106,92,3801,1906,15,14572,20492,536832,528384
latest,mamba,4,r3/recurrence_0,recurrence,[],106,92,3801,1906,15,14399,20319,536832,528384
latest,mamba,4,r0/pack_dt_1,coefficient_layout,[],685,489,420,544,0,324,2462,12288,4096
latest,mamba,4,r1/pack_dt_1,coefficient_layout,[],687,491,420,544,0,584,2726,12288,4096
latest,mamba,4,r2/pack_dt_1,coefficient_layout,[],687,491,420,544,0,323,2465,12288,4096
latest,mamba,4,r3/pack_dt_1,coefficient_layout,[],687,491,420,544,0,324,2466,12288,4096
latest,mamba,4,r0/pack_skip_1,coefficient_layout,[],969,701,595,625,0,444,3334,20480,4096
latest,mamba,4,r1/pack_skip_1,coefficient_layout,[],972,704,595,625,0,535,3431,20480,4096
latest,mamba,4,r2/pack_skip_1,coefficient_layout,[],972,704,595,625,0,450,3346,20480,4096
latest,mamba,4,r3/pack_skip_1,coefficient_layout,[],971,703,595,625,0,812,3706,20480,4096
latest,mamba,4,r0/recurrence_1,recurrence,[],108,94,3801,1906,15,14998,20922,536832,528384
latest,mamba,4,r1/recurrence_1,recurrence,[],108,94,3801,1906,15,14049,19973,536832,528384
latest,mamba,4,r2/recurrence_1,recurrence,[],108,94,3801,1906,15,14609,20533,536832,528384
latest,mamba,4,r3/recurrence_1,recurrence,[],108,94,3801,1906,15,14680,20604,536832,528384
latest,mamba,4,r0/silu_gate,gate_prepare,[],44,27,33,306,0,882,1292,20480,8192
latest,mamba,4,r1/silu_gate,gate_prepare,[],45,28,33,306,0,448,860,20480,8192
latest,mamba,4,r2/silu_gate,gate_prepare,[],45,28,33,306,0,567,979,20480,8192
latest,mamba,4,r3/silu_gate,gate_prepare,[],45,28,33,306,0,960,1372,20480,8192
latest,mamba,4,r0/gate_product,gate_prepare,[],28,20,12,2,0,365,427,16384,8192
latest,mamba,4,r1/gate_product,gate_prepare,[],28,20,12,2,0,479,541,16384,8192
latest,mamba,4,r2/gate_product,gate_prepare,[],28,20,12,2,0,516,578,16384,8192
latest,mamba,4,r3/gate_product,gate_prepare,[],28,20,12,2,0,438,500,16384,8192
latest,mamba,4,r0/gated_rms,norm,[],215,161,110,128,0,1369,1983,49152,8192
latest,mamba,4,r1/gated_rms,norm,[],217,163,110,128,0,951,1569,49152,8192
latest,mamba,4,r2/gated_rms,norm,[],217,163,110,128,0,1059,1677,49152,8192
latest,mamba,4,r3/gated_rms,norm,[],217,163,110,128,0,1421,2039,49152,8192
latest,mamba,4,r0/norm_weight,norm,[],28,20,12,2,0,368,430,16384,8192
latest,mamba,4,r1/norm_weight,norm,[],28,20,12,2,0,459,521,16384,8192
latest,mamba,4,r2/norm_weight,norm,[],28,20,12,2,0,443,505,16384,8192
latest,mamba,4,r3/norm_weight,norm,[],28,20,12,2,0,422,484,16384,8192
latest,mamba,4,output_projection,output_projection,"[4,2688,4096]",9579,6867,37656,198912,48384,389741,691139,22085632,32768
latest,mamba,8,r0/input_norm,norm,[],52,36,26,30,0,486,630,24576,8192
latest,mamba,8,r1/input_norm,norm,[],60,44,26,30,0,605,765,24576,8192
latest,mamba,8,r2/input_norm,norm,[],60,44,26,30,0,515,675,24576,8192
latest,mamba,8,r3/input_norm,norm,[],60,44,26,30,0,519,679,24576,8192
latest,mamba,8,r4/input_norm,norm,[],60,44,26,30,0,523,683,24576,8192
latest,mamba,8,r5/input_norm,norm,[],60,44,26,30,0,982,1142,24576,8192
latest,mamba,8,r6/input_norm,norm,[],60,44,26,30,0,518,678,24576,8192
latest,mamba,8,r7/input_norm,norm,[],60,44,26,30,0,513,673,24576,8192
latest,mamba,8,input_projection,input_projections,"[8,10304,2688]",42853,32115,179788,1048432,255024,973354,2531566,55656448,196608
latest,mamba,8,r0/convolution,conv,[],276,194,154,483,0,3420,4527,114688,61440
latest,mamba,8,r1/convolution,conv,[],277,195,154,483,0,4473,5582,114688,61440
latest,mamba,8,r2/convolution,conv,[],277,195,154,483,0,2815,3924,114688,61440
latest,mamba,8,r3/convolution,conv,[],277,195,154,483,0,2780,3889,114688,61440
latest,mamba,8,r4/convolution,conv,[],277,195,154,483,0,2755,3864,114688,61440
latest,mamba,8,r5/convolution,conv,[],274,192,154,483,0,2739,3842,114688,61440
latest,mamba,8,r6/convolution,conv,[],277,195,154,483,0,2681,3790,114688,61440
latest,mamba,8,r7/convolution,conv,[],277,195,154,483,0,2510,3619,114688,61440
latest,mamba,8,r0/gate_production,gate_prepare,[],104,72,70,168,0,898,1312,40960,8192
latest,mamba,8,r1/gate_production,gate_prepare,[],111,79,70,168,0,980,1408,40960,8192
latest,mamba,8,r2/gate_production,gate_prepare,[],111,79,70,168,0,1263,1691,40960,8192
latest,mamba,8,r3/gate_production,gate_prepare,[],111,79,70,168,0,886,1314,40960,8192
latest,mamba,8,r4/gate_production,gate_prepare,[],111,79,70,168,0,920,1348,40960,8192
latest,mamba,8,r5/gate_production,gate_prepare,[],111,79,70,168,0,1238,1666,40960,8192
latest,mamba,8,r6/gate_production,gate_prepare,[],111,79,70,168,0,898,1326,40960,8192
latest,mamba,8,r7/gate_production,gate_prepare,[],111,79,70,168,0,1204,1632,40960,8192
latest,mamba,8,r0/pack_dt_0,coefficient_layout,[],685,489,420,544,0,302,2440,12288,4096
latest,mamba,8,r1/pack_dt_0,coefficient_layout,[],687,491,420,544,0,357,2499,12288,4096
latest,mamba,8,r2/pack_dt_0,coefficient_layout,[],687,491,420,544,0,261,2403,12288,4096
latest,mamba,8,r3/pack_dt_0,coefficient_layout,[],687,491,420,544,0,695,2837,12288,4096
latest,mamba,8,r4/pack_dt_0,coefficient_layout,[],687,491,420,544,0,298,2440,12288,4096
latest,mamba,8,r5/pack_dt_0,coefficient_layout,[],687,491,420,544,0,281,2423,12288,4096
latest,mamba,8,r6/pack_dt_0,coefficient_layout,[],687,491,420,544,0,666,2808,12288,4096
latest,mamba,8,r7/pack_dt_0,coefficient_layout,[],686,490,420,544,0,281,2421,12288,4096
latest,mamba,8,r0/pack_skip_0,coefficient_layout,[],969,701,595,625,0,424,3314,20480,4096
latest,mamba,8,r1/pack_skip_0,coefficient_layout,[],972,704,595,625,0,817,3713,20480,4096
latest,mamba,8,r2/pack_skip_0,coefficient_layout,[],972,704,595,625,0,450,3346,20480,4096
latest,mamba,8,r3/pack_skip_0,coefficient_layout,[],971,703,595,625,0,821,3715,20480,4096
latest,mamba,8,r4/pack_skip_0,coefficient_layout,[],972,704,595,625,0,416,3312,20480,4096
latest,mamba,8,r5/pack_skip_0,coefficient_layout,[],972,704,595,625,0,830,3726,20480,4096
latest,mamba,8,r6/pack_skip_0,coefficient_layout,[],972,704,595,625,0,413,3309,20480,4096
latest,mamba,8,r7/pack_skip_0,coefficient_layout,[],971,703,595,625,0,411,3305,20480,4096
latest,mamba,8,r0/recurrence_0,recurrence,[],106,92,3801,1906,15,13583,19503,536832,528384
latest,mamba,8,r1/recurrence_0,recurrence,[],106,92,3801,1906,15,14071,19991,536832,528384
latest,mamba,8,r2/recurrence_0,recurrence,[],106,92,3801,1906,15,14971,20891,536832,528384
latest,mamba,8,r3/recurrence_0,recurrence,[],106,92,3801,1906,15,14629,20549,536832,528384
latest,mamba,8,r4/recurrence_0,recurrence,[],106,92,3801,1906,15,13931,19851,536832,528384
latest,mamba,8,r5/recurrence_0,recurrence,[],106,92,3801,1906,15,14334,20254,536832,528384
latest,mamba,8,r6/recurrence_0,recurrence,[],106,92,3801,1906,15,14108,20028,536832,528384
latest,mamba,8,r7/recurrence_0,recurrence,[],106,92,3801,1906,15,14432,20352,536832,528384
latest,mamba,8,r0/pack_dt_1,coefficient_layout,[],685,489,420,544,0,324,2462,12288,4096
latest,mamba,8,r1/pack_dt_1,coefficient_layout,[],687,491,420,544,0,466,2608,12288,4096
latest,mamba,8,r2/pack_dt_1,coefficient_layout,[],687,491,420,544,0,323,2465,12288,4096
latest,mamba,8,r3/pack_dt_1,coefficient_layout,[],687,491,420,544,0,324,2466,12288,4096
latest,mamba,8,r4/pack_dt_1,coefficient_layout,[],687,491,420,544,0,272,2414,12288,4096
latest,mamba,8,r5/pack_dt_1,coefficient_layout,[],687,491,420,544,0,693,2835,12288,4096
latest,mamba,8,r6/pack_dt_1,coefficient_layout,[],687,491,420,544,0,330,2472,12288,4096
latest,mamba,8,r7/pack_dt_1,coefficient_layout,[],686,490,420,544,0,281,2421,12288,4096
latest,mamba,8,r0/pack_skip_1,coefficient_layout,[],969,701,595,625,0,846,3736,20480,4096
latest,mamba,8,r1/pack_skip_1,coefficient_layout,[],972,704,595,625,0,511,3407,20480,4096
latest,mamba,8,r2/pack_skip_1,coefficient_layout,[],972,704,595,625,0,731,3627,20480,4096
latest,mamba,8,r3/pack_skip_1,coefficient_layout,[],971,703,595,625,0,792,3686,20480,4096
latest,mamba,8,r4/pack_skip_1,coefficient_layout,[],972,704,595,625,0,372,3268,20480,4096
latest,mamba,8,r5/pack_skip_1,coefficient_layout,[],972,704,595,625,0,402,3298,20480,4096
latest,mamba,8,r6/pack_skip_1,coefficient_layout,[],972,704,595,625,0,439,3335,20480,4096
latest,mamba,8,r7/pack_skip_1,coefficient_layout,[],971,703,595,625,0,580,3474,20480,4096
latest,mamba,8,r0/recurrence_1,recurrence,[],108,94,3801,1906,15,14305,20229,536832,528384
latest,mamba,8,r1/recurrence_1,recurrence,[],108,94,3801,1906,15,14078,20002,536832,528384
latest,mamba,8,r2/recurrence_1,recurrence,[],108,94,3801,1906,15,14594,20518,536832,528384
latest,mamba,8,r3/recurrence_1,recurrence,[],108,94,3801,1906,15,14726,20650,536832,528384
latest,mamba,8,r4/recurrence_1,recurrence,[],108,94,3801,1906,15,14396,20320,536832,528384
latest,mamba,8,r5/recurrence_1,recurrence,[],108,94,3801,1906,15,13980,19904,536832,528384
latest,mamba,8,r6/recurrence_1,recurrence,[],108,94,3801,1906,15,14302,20226,536832,528384
latest,mamba,8,r7/recurrence_1,recurrence,[],108,94,3801,1906,15,14315,20239,536832,528384
latest,mamba,8,r0/silu_gate,gate_prepare,[],44,27,33,306,0,547,957,20480,8192
latest,mamba,8,r1/silu_gate,gate_prepare,[],45,28,33,306,0,806,1218,20480,8192
latest,mamba,8,r2/silu_gate,gate_prepare,[],45,28,33,306,0,523,935,20480,8192
latest,mamba,8,r3/silu_gate,gate_prepare,[],45,28,33,306,0,563,975,20480,8192
latest,mamba,8,r4/silu_gate,gate_prepare,[],45,28,33,306,0,497,909,20480,8192
latest,mamba,8,r5/silu_gate,gate_prepare,[],45,28,33,306,0,870,1282,20480,8192
latest,mamba,8,r6/silu_gate,gate_prepare,[],45,28,33,306,0,506,918,20480,8192
latest,mamba,8,r7/silu_gate,gate_prepare,[],45,28,33,306,0,523,935,20480,8192
latest,mamba,8,r0/gate_product,gate_prepare,[],28,20,12,2,0,470,532,16384,8192
latest,mamba,8,r1/gate_product,gate_prepare,[],28,20,12,2,0,928,990,16384,8192
latest,mamba,8,r2/gate_product,gate_prepare,[],28,20,12,2,0,444,506,16384,8192
latest,mamba,8,r3/gate_product,gate_prepare,[],28,20,12,2,0,387,449,16384,8192
latest,mamba,8,r4/gate_product,gate_prepare,[],28,20,12,2,0,415,477,16384,8192
latest,mamba,8,r5/gate_product,gate_prepare,[],28,20,12,2,0,491,553,16384,8192
latest,mamba,8,r6/gate_product,gate_prepare,[],28,20,12,2,0,543,605,16384,8192
latest,mamba,8,r7/gate_product,gate_prepare,[],28,20,12,2,0,497,559,16384,8192
latest,mamba,8,r0/gated_rms,norm,[],215,161,110,128,0,1297,1911,49152,8192
latest,mamba,8,r1/gated_rms,norm,[],217,163,110,128,0,985,1603,49152,8192
latest,mamba,8,r2/gated_rms,norm,[],217,163,110,128,0,1429,2047,49152,8192
latest,mamba,8,r3/gated_rms,norm,[],217,163,110,128,0,1107,1725,49152,8192
latest,mamba,8,r4/gated_rms,norm,[],217,163,110,128,0,1456,2074,49152,8192
latest,mamba,8,r5/gated_rms,norm,[],217,163,110,128,0,1165,1783,49152,8192
latest,mamba,8,r6/gated_rms,norm,[],217,163,110,128,0,1467,2085,49152,8192
latest,mamba,8,r7/gated_rms,norm,[],217,163,110,128,0,964,1582,49152,8192
latest,mamba,8,r0/norm_weight,norm,[],28,20,12,2,0,362,424,16384,8192
latest,mamba,8,r1/norm_weight,norm,[],28,20,12,2,0,441,503,16384,8192
latest,mamba,8,r2/norm_weight,norm,[],28,20,12,2,0,810,872,16384,8192
latest,mamba,8,r3/norm_weight,norm,[],28,20,12,2,0,381,443,16384,8192
latest,mamba,8,r4/norm_weight,norm,[],28,20,12,2,0,455,517,16384,8192
latest,mamba,8,r5/norm_weight,norm,[],28,20,12,2,0,471,533,16384,8192
latest,mamba,8,r6/norm_weight,norm,[],28,20,12,2,0,470,532,16384,8192
latest,mamba,8,r7/norm_weight,norm,[],28,20,12,2,0,442,504,16384,8192
latest,mamba,8,output_projection,output_projection,"[8,2688,4096]",13943,9863,69936,397824,96768,395906,984240,22151168,65536
latest,mamba,16,r0/input_norm,norm,[],52,36,26,30,0,486,630,24576,8192
latest,mamba,16,r1/input_norm,norm,[],60,44,26,30,0,605,765,24576,8192
latest,mamba,16,r2/input_norm,norm,[],60,44,26,30,0,515,675,24576,8192
latest,mamba,16,r3/input_norm,norm,[],60,44,26,30,0,519,679,24576,8192
latest,mamba,16,r4/input_norm,norm,[],60,44,26,30,0,523,683,24576,8192
latest,mamba,16,r5/input_norm,norm,[],60,44,26,30,0,982,1142,24576,8192
latest,mamba,16,r6/input_norm,norm,[],60,44,26,30,0,518,678,24576,8192
latest,mamba,16,r7/input_norm,norm,[],60,44,26,30,0,513,673,24576,8192
latest,mamba,16,r8/input_norm,norm,[],60,44,26,30,0,541,701,24576,8192
latest,mamba,16,r9/input_norm,norm,[],60,44,26,30,0,731,891,24576,8192
latest,mamba,16,r10/input_norm,norm,[],60,44,26,30,0,932,1092,24576,8192
latest,mamba,16,r11/input_norm,norm,[],60,44,26,30,0,572,732,24576,8192
latest,mamba,16,r12/input_norm,norm,[],60,44,26,30,0,494,654,24576,8192
latest,mamba,16,r13/input_norm,norm,[],60,44,26,30,0,576,736,24576,8192
latest,mamba,16,r14/input_norm,norm,[],58,42,26,30,0,510,666,24576,8192
latest,mamba,16,r15/input_norm,norm,[],60,44,26,30,0,951,1111,24576,8192
latest,mamba,16,input_projection,input_projections,"[16,10304,2688]",69609,51675,346052,2096864,510048,1005605,4079853,55918592,393216
latest,mamba,16,r0/convolution,conv,[],276,194,154,483,0,3578,4685,114688,61440
latest,mamba,16,r1/convolution,conv,[],277,195,154,483,0,4225,5334,114688,61440
latest,mamba,16,r2/convolution,conv,[],277,195,154,483,0,2753,3862,114688,61440
latest,mamba,16,r3/convolution,conv,[],277,195,154,483,0,2828,3937,114688,61440
latest,mamba,16,r4/convolution,conv,[],277,195,154,483,0,2711,3820,114688,61440
latest,mamba,16,r5/convolution,conv,[],274,192,154,483,0,2786,3889,114688,61440
latest,mamba,16,r6/convolution,conv,[],277,195,154,483,0,2780,3889,114688,61440
latest,mamba,16,r7/convolution,conv,[],277,195,154,483,0,2796,3905,114688,61440
latest,mamba,16,r8/convolution,conv,[],277,195,154,483,0,2818,3927,114688,61440
latest,mamba,16,r9/convolution,conv,[],277,195,154,483,0,2823,3932,114688,61440
latest,mamba,16,r10/convolution,conv,[],277,195,154,483,0,3241,4350,114688,61440
latest,mamba,16,r11/convolution,conv,[],277,195,154,483,0,4260,5369,114688,61440
latest,mamba,16,r12/convolution,conv,[],277,195,154,483,0,3157,4266,114688,61440
latest,mamba,16,r13/convolution,conv,[],277,195,154,483,0,2776,3885,114688,61440
latest,mamba,16,r14/convolution,conv,[],277,195,154,483,0,2980,4089,114688,61440
latest,mamba,16,r15/convolution,conv,[],277,195,154,483,0,2921,4030,114688,61440
latest,mamba,16,r0/gate_production,gate_prepare,[],104,72,70,168,0,1035,1449,40960,8192
latest,mamba,16,r1/gate_production,gate_prepare,[],111,79,70,168,0,1292,1720,40960,8192
latest,mamba,16,r2/gate_production,gate_prepare,[],111,79,70,168,0,906,1334,40960,8192
latest,mamba,16,r3/gate_production,gate_prepare,[],111,79,70,168,0,1162,1590,40960,8192
latest,mamba,16,r4/gate_production,gate_prepare,[],111,79,70,168,0,770,1198,40960,8192
latest,mamba,16,r5/gate_production,gate_prepare,[],111,79,70,168,0,972,1400,40960,8192
latest,mamba,16,r6/gate_production,gate_prepare,[],111,79,70,168,0,1239,1667,40960,8192
latest,mamba,16,r7/gate_production,gate_prepare,[],111,79,70,168,0,889,1317,40960,8192
latest,mamba,16,r8/gate_production,gate_prepare,[],111,79,70,168,0,976,1404,40960,8192
latest,mamba,16,r9/gate_production,gate_prepare,[],111,79,70,168,0,1234,1662,40960,8192
latest,mamba,16,r10/gate_production,gate_prepare,[],111,79,70,168,0,981,1409,40960,8192
latest,mamba,16,r11/gate_production,gate_prepare,[],111,79,70,168,0,1221,1649,40960,8192
latest,mamba,16,r12/gate_production,gate_prepare,[],110,78,70,168,0,814,1240,40960,8192
latest,mamba,16,r13/gate_production,gate_prepare,[],111,79,70,168,0,923,1351,40960,8192
latest,mamba,16,r14/gate_production,gate_prepare,[],111,79,70,168,0,1384,1812,40960,8192
latest,mamba,16,r15/gate_production,gate_prepare,[],111,79,70,168,0,741,1169,40960,8192
latest,mamba,16,r0/pack_dt_0,coefficient_layout,[],685,489,420,544,0,324,2462,12288,4096
latest,mamba,16,r1/pack_dt_0,coefficient_layout,[],687,491,420,544,0,357,2499,12288,4096
latest,mamba,16,r2/pack_dt_0,coefficient_layout,[],687,491,420,544,0,303,2445,12288,4096
latest,mamba,16,r3/pack_dt_0,coefficient_layout,[],687,491,420,544,0,472,2614,12288,4096
latest,mamba,16,r4/pack_dt_0,coefficient_layout,[],687,491,420,544,0,260,2402,12288,4096
latest,mamba,16,r5/pack_dt_0,coefficient_layout,[],687,491,420,544,0,326,2468,12288,4096
latest,mamba,16,r6/pack_dt_0,coefficient_layout,[],687,491,420,544,0,268,2410,12288,4096
latest,mamba,16,r7/pack_dt_0,coefficient_layout,[],686,490,420,544,0,701,2841,12288,4096
latest,mamba,16,r8/pack_dt_0,coefficient_layout,[],687,491,420,544,0,370,2512,12288,4096
latest,mamba,16,r9/pack_dt_0,coefficient_layout,[],687,491,420,544,0,346,2488,12288,4096
latest,mamba,16,r10/pack_dt_0,coefficient_layout,[],686,490,420,544,0,697,2837,12288,4096
latest,mamba,16,r11/pack_dt_0,coefficient_layout,[],687,491,420,544,0,308,2450,12288,4096
latest,mamba,16,r12/pack_dt_0,coefficient_layout,[],687,491,420,544,0,252,2394,12288,4096
latest,mamba,16,r13/pack_dt_0,coefficient_layout,[],687,491,420,544,0,699,2841,12288,4096
latest,mamba,16,r14/pack_dt_0,coefficient_layout,[],687,491,420,544,0,262,2404,12288,4096
latest,mamba,16,r15/pack_dt_0,coefficient_layout,[],687,491,420,544,0,295,2437,12288,4096
latest,mamba,16,r0/pack_skip_0,coefficient_layout,[],969,701,595,625,0,430,3320,20480,4096
latest,mamba,16,r1/pack_skip_0,coefficient_layout,[],972,704,595,625,0,888,3784,20480,4096
latest,mamba,16,r2/pack_skip_0,coefficient_layout,[],972,704,595,625,0,838,3734,20480,4096
latest,mamba,16,r3/pack_skip_0,coefficient_layout,[],971,703,595,625,0,395,3289,20480,4096
latest,mamba,16,r4/pack_skip_0,coefficient_layout,[],972,704,595,625,0,398,3294,20480,4096
latest,mamba,16,r5/pack_skip_0,coefficient_layout,[],972,704,595,625,0,408,3304,20480,4096
latest,mamba,16,r6/pack_skip_0,coefficient_layout,[],972,704,595,625,0,501,3397,20480,4096
latest,mamba,16,r7/pack_skip_0,coefficient_layout,[],971,703,595,625,0,403,3297,20480,4096
latest,mamba,16,r8/pack_skip_0,coefficient_layout,[],972,704,595,625,0,890,3786,20480,4096
latest,mamba,16,r9/pack_skip_0,coefficient_layout,[],972,704,595,625,0,472,3368,20480,4096
latest,mamba,16,r10/pack_skip_0,coefficient_layout,[],972,704,595,625,0,798,3694,20480,4096
latest,mamba,16,r11/pack_skip_0,coefficient_layout,[],972,704,595,625,0,893,3789,20480,4096
latest,mamba,16,r12/pack_skip_0,coefficient_layout,[],972,704,595,625,0,477,3373,20480,4096
latest,mamba,16,r13/pack_skip_0,coefficient_layout,[],972,704,595,625,0,402,3298,20480,4096
latest,mamba,16,r14/pack_skip_0,coefficient_layout,[],972,704,595,625,0,397,3293,20480,4096
latest,mamba,16,r15/pack_skip_0,coefficient_layout,[],972,704,595,625,0,406,3302,20480,4096
latest,mamba,16,r0/recurrence_0,recurrence,[],106,92,3801,1906,15,14292,20212,536832,528384
latest,mamba,16,r1/recurrence_0,recurrence,[],106,92,3801,1906,15,13773,19693,536832,528384
latest,mamba,16,r2/recurrence_0,recurrence,[],106,92,3801,1906,15,14574,20494,536832,528384
latest,mamba,16,r3/recurrence_0,recurrence,[],106,92,3801,1906,15,14407,20327,536832,528384
latest,mamba,16,r4/recurrence_0,recurrence,[],106,92,3801,1906,15,14252,20172,536832,528384
latest,mamba,16,r5/recurrence_0,recurrence,[],106,92,3801,1906,15,14890,20810,536832,528384
latest,mamba,16,r6/recurrence_0,recurrence,[],106,92,3801,1906,15,13945,19865,536832,528384
latest,mamba,16,r7/recurrence_0,recurrence,[],106,92,3801,1906,15,14381,20301,536832,528384
latest,mamba,16,r8/recurrence_0,recurrence,[],106,92,3801,1906,15,14457,20377,536832,528384
latest,mamba,16,r9/recurrence_0,recurrence,[],106,92,3801,1906,15,14782,20702,536832,528384
latest,mamba,16,r10/recurrence_0,recurrence,[],105,91,3801,1906,15,14247,20165,536832,528384
latest,mamba,16,r11/recurrence_0,recurrence,[],106,92,3801,1906,15,13883,19803,536832,528384
latest,mamba,16,r12/recurrence_0,recurrence,[],106,92,3801,1906,15,14435,20355,536832,528384
latest,mamba,16,r13/recurrence_0,recurrence,[],106,92,3801,1906,15,14570,20490,536832,528384
latest,mamba,16,r14/recurrence_0,recurrence,[],106,92,3801,1906,15,13990,19910,536832,528384
latest,mamba,16,r15/recurrence_0,recurrence,[],106,92,3801,1906,15,14903,20823,536832,528384
latest,mamba,16,r0/pack_dt_1,coefficient_layout,[],685,489,420,544,0,352,2490,12288,4096
latest,mamba,16,r1/pack_dt_1,coefficient_layout,[],687,491,420,544,0,736,2878,12288,4096
latest,mamba,16,r2/pack_dt_1,coefficient_layout,[],687,491,420,544,0,323,2465,12288,4096
latest,mamba,16,r3/pack_dt_1,coefficient_layout,[],687,491,420,544,0,304,2446,12288,4096
latest,mamba,16,r4/pack_dt_1,coefficient_layout,[],687,491,420,544,0,688,2830,12288,4096
latest,mamba,16,r5/pack_dt_1,coefficient_layout,[],687,491,420,544,0,302,2444,12288,4096
latest,mamba,16,r6/pack_dt_1,coefficient_layout,[],687,491,420,544,0,330,2472,12288,4096
latest,mamba,16,r7/pack_dt_1,coefficient_layout,[],686,490,420,544,0,281,2421,12288,4096
latest,mamba,16,r8/pack_dt_1,coefficient_layout,[],687,491,420,544,0,350,2492,12288,4096
latest,mamba,16,r9/pack_dt_1,coefficient_layout,[],687,491,420,544,0,359,2501,12288,4096
latest,mamba,16,r10/pack_dt_1,coefficient_layout,[],687,491,420,544,0,325,2467,12288,4096
latest,mamba,16,r11/pack_dt_1,coefficient_layout,[],687,491,420,544,0,346,2488,12288,4096
latest,mamba,16,r12/pack_dt_1,coefficient_layout,[],687,491,420,544,0,268,2410,12288,4096
latest,mamba,16,r13/pack_dt_1,coefficient_layout,[],687,491,420,544,0,276,2418,12288,4096
latest,mamba,16,r14/pack_dt_1,coefficient_layout,[],687,491,420,544,0,323,2465,12288,4096
latest,mamba,16,r15/pack_dt_1,coefficient_layout,[],687,491,420,544,0,689,2831,12288,4096
latest,mamba,16,r0/pack_skip_1,coefficient_layout,[],969,701,595,625,0,463,3353,20480,4096
latest,mamba,16,r1/pack_skip_1,coefficient_layout,[],972,704,595,625,0,523,3419,20480,4096
latest,mamba,16,r2/pack_skip_1,coefficient_layout,[],972,704,595,625,0,450,3346,20480,4096
latest,mamba,16,r3/pack_skip_1,coefficient_layout,[],971,703,595,625,0,381,3275,20480,4096
latest,mamba,16,r4/pack_skip_1,coefficient_layout,[],972,704,595,625,0,388,3284,20480,4096
latest,mamba,16,r5/pack_skip_1,coefficient_layout,[],972,704,595,625,0,816,3712,20480,4096
latest,mamba,16,r6/pack_skip_1,coefficient_layout,[],972,704,595,625,0,473,3369,20480,4096
latest,mamba,16,r7/pack_skip_1,coefficient_layout,[],971,703,595,625,0,760,3654,20480,4096
latest,mamba,16,r8/pack_skip_1,coefficient_layout,[],972,704,595,625,0,835,3731,20480,4096
latest,mamba,16,r9/pack_skip_1,coefficient_layout,[],972,704,595,625,0,533,3429,20480,4096
latest,mamba,16,r10/pack_skip_1,coefficient_layout,[],972,704,595,625,0,432,3328,20480,4096
latest,mamba,16,r11/pack_skip_1,coefficient_layout,[],972,704,595,625,0,441,3337,20480,4096
latest,mamba,16,r12/pack_skip_1,coefficient_layout,[],972,704,595,625,0,519,3415,20480,4096
latest,mamba,16,r13/pack_skip_1,coefficient_layout,[],972,704,595,625,0,804,3700,20480,4096
latest,mamba,16,r14/pack_skip_1,coefficient_layout,[],972,704,595,625,0,397,3293,20480,4096
latest,mamba,16,r15/pack_skip_1,coefficient_layout,[],972,704,595,625,0,423,3319,20480,4096
latest,mamba,16,r0/recurrence_1,recurrence,[],108,94,3801,1906,15,14797,20721,536832,528384
latest,mamba,16,r1/recurrence_1,recurrence,[],108,94,3801,1906,15,14386,20310,536832,528384
latest,mamba,16,r2/recurrence_1,recurrence,[],108,94,3801,1906,15,14421,20345,536832,528384
latest,mamba,16,r3/recurrence_1,recurrence,[],108,94,3801,1906,15,14891,20815,536832,528384
latest,mamba,16,r4/recurrence_1,recurrence,[],108,94,3801,1906,15,14020,19944,536832,528384
latest,mamba,16,r5/recurrence_1,recurrence,[],108,94,3801,1906,15,14672,20596,536832,528384
latest,mamba,16,r6/recurrence_1,recurrence,[],108,94,3801,1906,15,14363,20287,536832,528384
latest,mamba,16,r7/recurrence_1,recurrence,[],108,94,3801,1906,15,14328,20252,536832,528384
latest,mamba,16,r8/recurrence_1,recurrence,[],108,94,3801,1906,15,14792,20716,536832,528384
latest,mamba,16,r9/recurrence_1,recurrence,[],108,94,3801,1906,15,14854,20778,536832,528384
latest,mamba,16,r10/recurrence_1,recurrence,[],108,94,3801,1906,15,14410,20334,536832,528384
latest,mamba,16,r11/recurrence_1,recurrence,[],108,94,3801,1906,15,14832,20756,536832,528384
latest,mamba,16,r12/recurrence_1,recurrence,[],108,94,3801,1906,15,15197,21121,536832,528384
latest,mamba,16,r13/recurrence_1,recurrence,[],108,94,3801,1906,15,13917,19841,536832,528384
latest,mamba,16,r14/recurrence_1,recurrence,[],108,94,3801,1906,15,13938,19862,536832,528384
latest,mamba,16,r15/recurrence_1,recurrence,[],108,94,3801,1906,15,13835,19759,536832,528384
latest,mamba,16,r0/silu_gate,gate_prepare,[],44,27,33,306,0,547,957,20480,8192
latest,mamba,16,r1/silu_gate,gate_prepare,[],45,28,33,306,0,536,948,20480,8192
latest,mamba,16,r2/silu_gate,gate_prepare,[],45,28,33,306,0,867,1279,20480,8192
latest,mamba,16,r3/silu_gate,gate_prepare,[],45,28,33,306,0,563,975,20480,8192
latest,mamba,16,r4/silu_gate,gate_prepare,[],45,28,33,306,0,479,891,20480,8192
latest,mamba,16,r5/silu_gate,gate_prepare,[],45,28,33,306,0,918,1330,20480,8192
latest,mamba,16,r6/silu_gate,gate_prepare,[],45,28,33,306,0,501,913,20480,8192
latest,mamba,16,r7/silu_gate,gate_prepare,[],45,28,33,306,0,523,935,20480,8192
latest,mamba,16,r8/silu_gate,gate_prepare,[],43,26,33,306,0,501,909,20480,8192
latest,mamba,16,r9/silu_gate,gate_prepare,[],45,28,33,306,0,938,1350,20480,8192
latest,mamba,16,r10/silu_gate,gate_prepare,[],45,28,33,306,0,498,910,20480,8192
latest,mamba,16,r11/silu_gate,gate_prepare,[],45,28,33,306,0,507,919,20480,8192
latest,mamba,16,r12/silu_gate,gate_prepare,[],45,28,33,306,0,563,975,20480,8192
latest,mamba,16,r13/silu_gate,gate_prepare,[],45,28,33,306,0,838,1250,20480,8192
latest,mamba,16,r14/silu_gate,gate_prepare,[],45,28,33,306,0,528,940,20480,8192
latest,mamba,16,r15/silu_gate,gate_prepare,[],45,28,33,306,0,479,891,20480,8192
latest,mamba,16,r0/gate_product,gate_prepare,[],28,20,12,2,0,438,500,16384,8192
latest,mamba,16,r1/gate_product,gate_prepare,[],28,20,12,2,0,525,587,16384,8192
latest,mamba,16,r2/gate_product,gate_prepare,[],28,20,12,2,0,824,886,16384,8192
latest,mamba,16,r3/gate_product,gate_prepare,[],28,20,12,2,0,387,449,16384,8192
latest,mamba,16,r4/gate_product,gate_prepare,[],28,20,12,2,0,415,477,16384,8192
latest,mamba,16,r5/gate_product,gate_prepare,[],28,20,12,2,0,491,553,16384,8192
latest,mamba,16,r6/gate_product,gate_prepare,[],28,20,12,2,0,543,605,16384,8192
latest,mamba,16,r7/gate_product,gate_prepare,[],28,20,12,2,0,497,559,16384,8192
latest,mamba,16,r8/gate_product,gate_prepare,[],26,18,12,2,0,395,453,16384,8192
latest,mamba,16,r9/gate_product,gate_prepare,[],28,20,12,2,0,765,827,16384,8192
latest,mamba,16,r10/gate_product,gate_prepare,[],28,20,12,2,0,525,587,16384,8192
latest,mamba,16,r11/gate_product,gate_prepare,[],28,20,12,2,0,541,603,16384,8192
latest,mamba,16,r12/gate_product,gate_prepare,[],28,20,12,2,0,441,503,16384,8192
latest,mamba,16,r13/gate_product,gate_prepare,[],28,20,12,2,0,455,517,16384,8192
latest,mamba,16,r14/gate_product,gate_prepare,[],28,20,12,2,0,489,551,16384,8192
latest,mamba,16,r15/gate_product,gate_prepare,[],28,20,12,2,0,841,903,16384,8192
latest,mamba,16,r0/gated_rms,norm,[],215,161,110,128,0,922,1536,49152,8192
latest,mamba,16,r1/gated_rms,norm,[],217,163,110,128,0,1003,1621,49152,8192
latest,mamba,16,r2/gated_rms,norm,[],217,163,110,128,0,1407,2025,49152,8192
latest,mamba,16,r3/gated_rms,norm,[],217,163,110,128,0,1107,1725,49152,8192
latest,mamba,16,r4/gated_rms,norm,[],217,163,110,128,0,1463,2081,49152,8192
latest,mamba,16,r5/gated_rms,norm,[],217,163,110,128,0,1165,1783,49152,8192
latest,mamba,16,r6/gated_rms,norm,[],217,163,110,128,0,1458,2076,49152,8192
latest,mamba,16,r7/gated_rms,norm,[],217,163,110,128,0,964,1582,49152,8192
latest,mamba,16,r8/gated_rms,norm,[],217,163,110,128,0,1484,2102,49152,8192
latest,mamba,16,r9/gated_rms,norm,[],217,163,110,128,0,934,1552,49152,8192
latest,mamba,16,r10/gated_rms,norm,[],217,163,110,128,0,1365,1983,49152,8192
latest,mamba,16,r11/gated_rms,norm,[],217,163,110,128,0,1152,1770,49152,8192
latest,mamba,16,r12/gated_rms,norm,[],217,163,110,128,0,1500,2118,49152,8192
latest,mamba,16,r13/gated_rms,norm,[],217,163,110,128,0,1089,1707,49152,8192
latest,mamba,16,r14/gated_rms,norm,[],217,163,110,128,0,1532,2150,49152,8192
latest,mamba,16,r15/gated_rms,norm,[],217,163,110,128,0,1108,1726,49152,8192
latest,mamba,16,r0/norm_weight,norm,[],28,20,12,2,0,362,424,16384,8192
latest,mamba,16,r1/norm_weight,norm,[],28,20,12,2,0,460,522,16384,8192
latest,mamba,16,r2/norm_weight,norm,[],28,20,12,2,0,795,857,16384,8192
latest,mamba,16,r3/norm_weight,norm,[],28,20,12,2,0,381,443,16384,8192
latest,mamba,16,r4/norm_weight,norm,[],28,20,12,2,0,455,517,16384,8192
latest,mamba,16,r5/norm_weight,norm,[],28,20,12,2,0,469,531,16384,8192
latest,mamba,16,r6/norm_weight,norm,[],28,20,12,2,0,470,532,16384,8192
latest,mamba,16,r7/norm_weight,norm,[],28,20,12,2,0,442,504,16384,8192
latest,mamba,16,r8/norm_weight,norm,[],28,20,12,2,0,458,520,16384,8192
latest,mamba,16,r9/norm_weight,norm,[],28,20,12,2,0,780,842,16384,8192
latest,mamba,16,r10/norm_weight,norm,[],28,20,12,2,0,445,507,16384,8192
latest,mamba,16,r11/norm_weight,norm,[],28,20,12,2,0,419,481,16384,8192
latest,mamba,16,r12/norm_weight,norm,[],28,20,12,2,0,486,548,16384,8192
latest,mamba,16,r13/norm_weight,norm,[],28,20,12,2,0,415,477,16384,8192
latest,mamba,16,r14/norm_weight,norm,[],28,20,12,2,0,460,522,16384,8192
latest,mamba,16,r15/norm_weight,norm,[],26,18,12,2,0,428,486,16384,8192
latest,mamba,16,output_projection,output_projection,"[16,2688,4096]",22503,15687,134496,795648,193536,397347,1559217,22282240,131072
latest,kda,1,input_norm,norm,[],94,62,52,60,0,948,1216,49152,16384
latest,kda,1,q_projection,input_projections,"[1,12288,7168]",75689,54169,182800,1075200,387072,3131338,4906268,176201728,24576
latest,kda,1,k_projection,input_projections,"[1,12288,7168]",75696,54176,182800,1075200,387072,3154438,4929382,176201728,24576
latest,kda,1,v_projection,input_projections,"[1,12288,7168]",75696,54176,182800,1075200,387072,3154727,4929671,176201728,24576
latest,kda,1,f_a_projection,input_projections,"[1,128,7168]",811,581,1910,11200,4032,33123,51657,1855488,4096
latest,kda,1,b_projection,input_projections,"[1,96,7168]",614,440,1434,8400,3024,22220,36132,1396736,4096
latest,kda,1,g_projection,input_projections,"[1,12288,7168]",75696,54176,182800,1075200,387072,3132431,4907375,176201728,24576
latest,kda,1,f_b_projection,input_projections,"[1,12288,128]",2729,1948,4237,38400,13824,58248,119386,3174400,24576
latest,kda,1,q_conv,conv,[],501,350,283,960,0,7559,9653,200704,122880
latest,kda,1,k_conv,conv,[],501,350,283,960,0,4725,6819,200704,122880
latest,kda,1,v_conv,conv,[],501,350,283,960,0,5324,7418,200704,122880
latest,kda,1,q_norm,norm,[],2271,1677,1266,1536,0,10227,16977,442368,24576
latest,kda,1,k_norm,norm,[],2271,1677,1266,1536,0,9642,16392,442368,24576
latest,kda,1,decay_beta,gate_prepare,[],628,411,529,2790,0,3860,8218,126976,49152
latest,kda,1,pack_beta_0,coefficient_layout,[],349,249,212,272,0,295,1377,12288,4096
latest,kda,1,recurrence_0,recurrence,[],105,90,5676,3992,292,14911,25066,540736,528384
latest,kda,1,pack_beta_1,coefficient_layout,[],349,249,212,272,0,336,1418,12288,4096
latest,kda,1,recurrence_1,recurrence,[],105,90,5676,3992,292,15032,25187,540736,528384
latest,kda,1,pack_beta_2,coefficient_layout,[],349,249,212,272,0,330,1412,12288,4096
latest,kda,1,recurrence_2,recurrence,[],105,90,5676,3992,292,13930,24085,540736,528384
latest,kda,1,pack_beta_3,coefficient_layout,[],349,249,212,272,0,717,1799,12288,4096
latest,kda,1,recurrence_3,recurrence,[],105,90,5676,3992,292,14199,24354,540736,528384
latest,kda,1,pack_beta_4,coefficient_layout,[],349,249,212,272,0,310,1392,12288,4096
latest,kda,1,recurrence_4,recurrence,[],105,90,5676,3992,292,14378,24533,540736,528384
latest,kda,1,pack_beta_5,coefficient_layout,[],349,249,212,272,0,687,1769,12288,4096
latest,kda,1,recurrence_5,recurrence,[],105,90,5676,3992,292,14087,24242,540736,528384
latest,kda,1,output_rms,norm,[],2271,1677,1266,1536,0,9614,16364,442368,24576
latest,kda,1,output_norm_weight,norm,[],80,56,36,6,0,1639,1817,49152,24576
latest,kda,1,output_gate,gate_prepare,[],124,75,97,918,0,1204,2418,53248,24576
latest,kda,1,output_projection,output_projection,"[1,7168,12288]",75538,54020,182798,1075200,387072,3117630,4892258,176201728,16384
latest,kda,2,r0/input_norm,norm,[],94,62,52,60,0,948,1216,49152,16384
latest,kda,2,r1/input_norm,norm,[],110,78,52,60,0,1099,1399,49152,16384
latest,kda,2,q_projection,input_projections,"[2,12288,7168]",75752,54216,215072,1247232,387072,3138248,5117592,176242688,49152
latest,kda,2,k_projection,input_projections,"[2,12288,7168]",75759,54223,215072,1247232,387072,3156828,5136186,176242688,49152
latest,kda,2,v_projection,input_projections,"[2,12288,7168]",75759,54223,215072,1247232,387072,3157016,5136374,176242688,49152
latest,kda,2,f_a_projection,input_projections,"[2,128,7168]",834,598,2252,12992,4032,33773,54481,1875968,8192
latest,kda,2,b_projection,input_projections,"[2,96,7168]",637,457,1692,9744,3024,22398,37952,1417216,8192
latest,kda,2,g_projection,input_projections,"[2,12288,7168]",75759,54223,215072,1247232,387072,3144739,5124097,176242688,49152
latest,kda,2,f_b_projection,input_projections,"[2,12288,128]",2780,1986,5402,44544,13824,58955,127491,3203072,49152
latest,kda,2,r0/q_conv,conv,[],501,350,283,960,0,6851,8945,200704,122880
latest,kda,2,r1/q_conv,conv,[],502,351,283,960,0,4940,7036,200704,122880
latest,kda,2,r0/k_conv,conv,[],501,350,283,960,0,5266,7360,200704,122880
latest,kda,2,r1/k_conv,conv,[],502,351,283,960,0,7041,9137,200704,122880
latest,kda,2,r0/v_conv,conv,[],501,350,283,960,0,5419,7513,200704,122880
latest,kda,2,r1/v_conv,conv,[],502,351,283,960,0,5504,7600,200704,122880
latest,kda,2,r0/q_norm,norm,[],2271,1677,1266,1536,0,9959,16709,442368,24576
latest,kda,2,r1/q_norm,norm,[],2373,1779,1266,1536,0,9929,16883,442368,24576
latest,kda,2,r0/k_norm,norm,[],2271,1677,1266,1536,0,9926,16676,442368,24576
latest,kda,2,r1/k_norm,norm,[],2373,1779,1266,1536,0,10139,17093,442368,24576
latest,kda,2,r0/decay_beta,gate_prepare,[],628,411,529,2790,0,4231,8589,126976,49152
latest,kda,2,r1/decay_beta,gate_prepare,[],635,418,529,2790,0,4127,8499,126976,49152
latest,kda,2,r0/pack_beta_0,coefficient_layout,[],349,249,212,272,0,684,1766,12288,4096
latest,kda,2,r1/pack_beta_0,coefficient_layout,[],351,251,212,272,0,357,1443,12288,4096
latest,kda,2,r0/recurrence_0,recurrence,[],105,90,5676,3992,292,15115,25270,540736,528384
latest,kda,2,r1/recurrence_0,recurrence,[],105,90,5676,3992,292,14220,24375,540736,528384
latest,kda,2,r0/pack_beta_1,coefficient_layout,[],349,249,212,272,0,362,1444,12288,4096
latest,kda,2,r1/pack_beta_1,coefficient_layout,[],351,251,212,272,0,374,1460,12288,4096
latest,kda,2,r0/recurrence_1,recurrence,[],105,90,5676,3992,292,14073,24228,540736,528384
latest,kda,2,r1/recurrence_1,recurrence,[],105,90,5676,3992,292,14799,24954,540736,528384
latest,kda,2,r0/pack_beta_2,coefficient_layout,[],349,249,212,272,0,336,1418,12288,4096
latest,kda,2,r1/pack_beta_2,coefficient_layout,[],351,251,212,272,0,324,1410,12288,4096
latest,kda,2,r0/recurrence_2,recurrence,[],105,90,5676,3992,292,14320,24475,540736,528384
latest,kda,2,r1/recurrence_2,recurrence,[],105,90,5676,3992,292,14550,24705,540736,528384
latest,kda,2,r0/pack_beta_3,coefficient_layout,[],349,249,212,272,0,345,1427,12288,4096
latest,kda,2,r1/pack_beta_3,coefficient_layout,[],351,251,212,272,0,321,1407,12288,4096
latest,kda,2,r0/recurrence_3,recurrence,[],105,90,5676,3992,292,14493,24648,540736,528384
latest,kda,2,r1/recurrence_3,recurrence,[],105,90,5676,3992,292,14432,24587,540736,528384
latest,kda,2,r0/pack_beta_4,coefficient_layout,[],349,249,212,272,0,372,1454,12288,4096
latest,kda,2,r1/pack_beta_4,coefficient_layout,[],351,251,212,272,0,754,1840,12288,4096
latest,kda,2,r0/recurrence_4,recurrence,[],105,90,5676,3992,292,14018,24173,540736,528384
latest,kda,2,r1/recurrence_4,recurrence,[],105,90,5676,3992,292,15229,25384,540736,528384
latest,kda,2,r0/pack_beta_5,coefficient_layout,[],349,249,212,272,0,333,1415,12288,4096
latest,kda,2,r1/pack_beta_5,coefficient_layout,[],351,251,212,272,0,343,1429,12288,4096
latest,kda,2,r0/recurrence_5,recurrence,[],105,90,5676,3992,292,14697,24852,540736,528384
latest,kda,2,r1/recurrence_5,recurrence,[],105,90,5676,3992,292,13880,24035,540736,528384
latest,kda,2,r0/output_rms,norm,[],2271,1677,1266,1536,0,9703,16453,442368,24576
latest,kda,2,r1/output_rms,norm,[],2373,1779,1266,1536,0,10111,17065,442368,24576
latest,kda,2,r0/output_norm_weight,norm,[],80,56,36,6,0,1423,1601,49152,24576
latest,kda,2,r1/output_norm_weight,norm,[],80,56,36,6,0,1246,1424,49152,24576
latest,kda,2,r0/output_gate,gate_prepare,[],124,75,97,918,0,1752,2966,53248,24576
latest,kda,2,r1/output_gate,gate_prepare,[],125,76,97,918,0,1828,3044,53248,24576
latest,kda,2,output_projection,output_projection,"[2,7168,12288]",75593,54061,215068,1247232,387072,3131536,5110562,176242688,32768
latest,kda,4,r0/input_norm,norm,[],94,62,52,60,0,948,1216,49152,16384
latest,kda,4,r1/input_norm,norm,[],110,78,52,60,0,1099,1399,49152,16384
latest,kda,4,r2/input_norm,norm,[],110,78,52,60,0,1464,1764,49152,16384
latest,kda,4,r3/input_norm,norm,[],110,78,52,60,0,995,1295,49152,16384
latest,kda,4,q_projection,input_projections,"[4,12288,7168]",75856,54288,301120,1591296,387072,3137845,5547477,176324608,98304
latest,kda,4,k_projection,input_projections,"[4,12288,7168]",75863,54295,301120,1591296,387072,3207716,5617362,176324608,98304
latest,kda,4,v_projection,input_projections,"[4,12288,7168]",75863,54295,301120,1591296,387072,3160551,5570197,176324608,98304
latest,kda,4,f_a_projection,input_projections,"[4,128,7168]",878,630,3160,16576,4032,34952,60228,1916928,16384
latest,kda,4,b_projection,input_projections,"[4,96,7168]",681,489,2376,12432,3024,23978,42980,1458176,16384
latest,kda,4,g_projection,input_projections,"[4,12288,7168]",75863,54295,301120,1591296,387072,3158064,5567710,176324608,98304
latest,kda,4,f_b_projection,input_projections,"[4,12288,128]",2860,2040,7732,56832,13824,63290,146578,3260416,98304
latest,kda,4,r0/q_conv,conv,[],501,350,283,960,0,7114,9208,200704,122880
latest,kda,4,r1/q_conv,conv,[],502,351,283,960,0,5051,7147,200704,122880
latest,kda,4,r2/q_conv,conv,[],502,351,283,960,0,5346,7442,200704,122880
latest,kda,4,r3/q_conv,conv,[],502,351,283,960,0,6565,8661,200704,122880
latest,kda,4,r0/k_conv,conv,[],501,350,283,960,0,5327,7421,200704,122880
latest,kda,4,r1/k_conv,conv,[],502,351,283,960,0,7061,9157,200704,122880
latest,kda,4,r2/k_conv,conv,[],502,351,283,960,0,5506,7602,200704,122880
latest,kda,4,r3/k_conv,conv,[],502,351,283,960,0,5550,7646,200704,122880
latest,kda,4,r0/v_conv,conv,[],501,350,283,960,0,5508,7602,200704,122880
latest,kda,4,r1/v_conv,conv,[],502,351,283,960,0,5671,7767,200704,122880
latest,kda,4,r2/v_conv,conv,[],502,351,283,960,0,6240,8336,200704,122880
latest,kda,4,r3/v_conv,conv,[],502,351,283,960,0,5775,7871,200704,122880
latest,kda,4,r0/q_norm,norm,[],2271,1677,1266,1536,0,9792,16542,442368,24576
latest,kda,4,r1/q_norm,norm,[],2373,1779,1266,1536,0,10403,17357,442368,24576
latest,kda,4,r2/q_norm,norm,[],2373,1779,1266,1536,0,9710,16664,442368,24576
latest,kda,4,r3/q_norm,norm,[],2373,1779,1266,1536,0,9699,16653,442368,24576
latest,kda,4,r0/k_norm,norm,[],2271,1677,1266,1536,0,9962,16712,442368,24576
latest,kda,4,r1/k_norm,norm,[],2373,1779,1266,1536,0,10098,17052,442368,24576
latest,kda,4,r2/k_norm,norm,[],2373,1779,1266,1536,0,9930,16884,442368,24576
latest,kda,4,r3/k_norm,norm,[],2373,1779,1266,1536,0,10072,17026,442368,24576
latest,kda,4,r0/decay_beta,gate_prepare,[],628,411,529,2790,0,4150,8508,126976,49152
latest,kda,4,r1/decay_beta,gate_prepare,[],635,418,529,2790,0,4284,8656,126976,49152
latest,kda,4,r2/decay_beta,gate_prepare,[],635,418,529,2790,0,3756,8128,126976,49152
latest,kda,4,r3/decay_beta,gate_prepare,[],635,418,529,2790,0,4043,8415,126976,49152
latest,kda,4,r0/pack_beta_0,coefficient_layout,[],349,249,212,272,0,742,1824,12288,4096
latest,kda,4,r1/pack_beta_0,coefficient_layout,[],351,251,212,272,0,357,1443,12288,4096
latest,kda,4,r2/pack_beta_0,coefficient_layout,[],351,251,212,272,0,294,1380,12288,4096
latest,kda,4,r3/pack_beta_0,coefficient_layout,[],351,251,212,272,0,357,1443,12288,4096
latest,kda,4,r0/recurrence_0,recurrence,[],105,90,5676,3992,292,14631,24786,540736,528384
latest,kda,4,r1/recurrence_0,recurrence,[],105,90,5676,3992,292,14408,24563,540736,528384
latest,kda,4,r2/recurrence_0,recurrence,[],105,90,5676,3992,292,14066,24221,540736,528384
latest,kda,4,r3/recurrence_0,recurrence,[],105,90,5676,3992,292,13873,24028,540736,528384
latest,kda,4,r0/pack_beta_1,coefficient_layout,[],349,249,212,272,0,362,1444,12288,4096
latest,kda,4,r1/pack_beta_1,coefficient_layout,[],351,251,212,272,0,758,1844,12288,4096
latest,kda,4,r2/pack_beta_1,coefficient_layout,[],351,251,212,272,0,295,1381,12288,4096
latest,kda,4,r3/pack_beta_1,coefficient_layout,[],351,251,212,272,0,346,1432,12288,4096
latest,kda,4,r0/recurrence_1,recurrence,[],105,90,5676,3992,292,14392,24547,540736,528384
latest,kda,4,r1/recurrence_1,recurrence,[],105,90,5676,3992,292,14421,24576,540736,528384
latest,kda,4,r2/recurrence_1,recurrence,[],105,90,5676,3992,292,15314,25469,540736,528384
latest,kda,4,r3/recurrence_1,recurrence,[],105,90,5676,3992,292,14316,24471,540736,528384
latest,kda,4,r0/pack_beta_2,coefficient_layout,[],349,249,212,272,0,364,1446,12288,4096
latest,kda,4,r1/pack_beta_2,coefficient_layout,[],351,251,212,272,0,374,1460,12288,4096
latest,kda,4,r2/pack_beta_2,coefficient_layout,[],351,251,212,272,0,288,1374,12288,4096
latest,kda,4,r3/pack_beta_2,coefficient_layout,[],351,251,212,272,0,372,1458,12288,4096
latest,kda,4,r0/recurrence_2,recurrence,[],105,90,5676,3992,292,14866,25021,540736,528384
latest,kda,4,r1/recurrence_2,recurrence,[],105,90,5676,3992,292,14588,24743,540736,528384
latest,kda,4,r2/recurrence_2,recurrence,[],105,90,5676,3992,292,15308,25463,540736,528384
latest,kda,4,r3/recurrence_2,recurrence,[],105,90,5676,3992,292,14314,24469,540736,528384
latest,kda,4,r0/pack_beta_3,coefficient_layout,[],349,249,212,272,0,362,1444,12288,4096
latest,kda,4,r1/pack_beta_3,coefficient_layout,[],351,251,212,272,0,736,1822,12288,4096
latest,kda,4,r2/pack_beta_3,coefficient_layout,[],351,251,212,272,0,281,1367,12288,4096
latest,kda,4,r3/pack_beta_3,coefficient_layout,[],351,251,212,272,0,374,1460,12288,4096
latest,kda,4,r0/recurrence_3,recurrence,[],105,90,5676,3992,292,14214,24369,540736,528384
latest,kda,4,r1/recurrence_3,recurrence,[],105,90,5676,3992,292,14458,24613,540736,528384
latest,kda,4,r2/recurrence_3,recurrence,[],105,90,5676,3992,292,14324,24479,540736,528384
latest,kda,4,r3/recurrence_3,recurrence,[],105,90,5676,3992,292,14562,24717,540736,528384
latest,kda,4,r0/pack_beta_4,coefficient_layout,[],349,249,212,272,0,364,1446,12288,4096
latest,kda,4,r1/pack_beta_4,coefficient_layout,[],351,251,212,272,0,671,1757,12288,4096
latest,kda,4,r2/pack_beta_4,coefficient_layout,[],351,251,212,272,0,318,1404,12288,4096
latest,kda,4,r3/pack_beta_4,coefficient_layout,[],351,251,212,272,0,350,1436,12288,4096
latest,kda,4,r0/recurrence_4,recurrence,[],105,90,5676,3992,292,14671,24826,540736,528384
latest,kda,4,r1/recurrence_4,recurrence,[],105,90,5676,3992,292,13704,23859,540736,528384
latest,kda,4,r2/recurrence_4,recurrence,[],105,90,5676,3992,292,14265,24420,540736,528384
latest,kda,4,r3/recurrence_4,recurrence,[],105,90,5676,3992,292,14679,24834,540736,528384
latest,kda,4,r0/pack_beta_5,coefficient_layout,[],349,249,212,272,0,787,1869,12288,4096
latest,kda,4,r1/pack_beta_5,coefficient_layout,[],351,251,212,272,0,343,1429,12288,4096
latest,kda,4,r2/pack_beta_5,coefficient_layout,[],351,251,212,272,0,291,1377,12288,4096
latest,kda,4,r3/pack_beta_5,coefficient_layout,[],351,251,212,272,0,343,1429,12288,4096
latest,kda,4,r0/recurrence_5,recurrence,[],105,90,5676,3992,292,14834,24989,540736,528384
latest,kda,4,r1/recurrence_5,recurrence,[],105,90,5676,3992,292,14689,24844,540736,528384
latest,kda,4,r2/recurrence_5,recurrence,[],105,90,5676,3992,292,14281,24436,540736,528384
latest,kda,4,r3/recurrence_5,recurrence,[],105,90,5676,3992,292,15398,25553,540736,528384
latest,kda,4,r0/output_rms,norm,[],2271,1677,1266,1536,0,9444,16194,442368,24576
latest,kda,4,r1/output_rms,norm,[],2373,1779,1266,1536,0,10109,17063,442368,24576
latest,kda,4,r2/output_rms,norm,[],2373,1779,1266,1536,0,9800,16754,442368,24576
latest,kda,4,r3/output_rms,norm,[],2373,1779,1266,1536,0,9931,16885,442368,24576
latest,kda,4,r0/output_norm_weight,norm,[],80,56,36,6,0,1098,1276,49152,24576
latest,kda,4,r1/output_norm_weight,norm,[],80,56,36,6,0,1246,1424,49152,24576
latest,kda,4,r2/output_norm_weight,norm,[],80,56,36,6,0,1803,1981,49152,24576
latest,kda,4,r3/output_norm_weight,norm,[],80,56,36,6,0,1163,1341,49152,24576
latest,kda,4,r0/output_gate,gate_prepare,[],124,75,97,918,0,1563,2777,53248,24576
latest,kda,4,r1/output_gate,gate_prepare,[],125,76,97,918,0,1848,3064,53248,24576
latest,kda,4,r2/output_gate,gate_prepare,[],125,76,97,918,0,1383,2599,53248,24576
latest,kda,4,r3/output_gate,gate_prepare,[],125,76,97,918,0,1641,2857,53248,24576
latest,kda,4,output_projection,output_projection,"[4,7168,12288]",75689,54129,301112,1591296,387072,3101267,5510565,176324608,65536
latest,kda,8,r0/input_norm,norm,[],94,62,52,60,0,948,1216,49152,16384
latest,kda,8,r1/input_norm,norm,[],110,78,52,60,0,1099,1399,49152,16384
latest,kda,8,r2/input_norm,norm,[],110,78,52,60,0,1464,1764,49152,16384
latest,kda,8,r3/input_norm,norm,[],110,78,52,60,0,995,1295,49152,16384
latest,kda,8,r4/input_norm,norm,[],110,78,52,60,0,1091,1391,49152,16384
latest,kda,8,r5/input_norm,norm,[],110,78,52,60,0,1510,1810,49152,16384
latest,kda,8,r6/input_norm,norm,[],110,78,52,60,0,1085,1385,49152,16384
latest,kda,8,r7/input_norm,norm,[],110,78,52,60,0,1122,1422,49152,16384
latest,kda,8,q_projection,input_projections,"[8,12288,7168]",111008,78624,559232,3182592,774144,3136755,7842355,176488448,196608
latest,kda,8,k_projection,input_projections,"[8,12288,7168]",111015,78631,559232,3182592,774144,3164980,7870594,176488448,196608
latest,kda,8,v_projection,input_projections,"[8,12288,7168]",111015,78631,559232,3182592,774144,3150086,7855700,176488448,196608
latest,kda,8,f_a_projection,input_projections,"[8,128,7168]",1330,946,5872,33152,8064,37768,87132,1998848,32768
latest,kda,8,b_projection,input_projections,"[8,96,7168]",1042,742,4416,24864,6048,26493,63605,1540096,32768
latest,kda,8,g_projection,input_projections,"[8,12288,7168]",111015,78631,559232,3182592,774144,3146047,7851661,176488448,196608
latest,kda,8,f_b_projection,input_projections,"[8,12288,128]",3794,2538,14696,113664,27648,72119,234459,3375104,196608
latest,kda,8,r0/q_conv,conv,[],501,350,283,960,0,7079,9173,200704,122880
latest,kda,8,r1/q_conv,conv,[],502,351,283,960,0,4828,6924,200704,122880
latest,kda,8,r2/q_conv,conv,[],502,351,283,960,0,5344,7440,200704,122880
latest,kda,8,r3/q_conv,conv,[],502,351,283,960,0,6731,8827,200704,122880
latest,kda,8,r4/q_conv,conv,[],502,351,283,960,0,5063,7159,200704,122880
latest,kda,8,r5/q_conv,conv,[],502,351,283,960,0,5413,7509,200704,122880
latest,kda,8,r6/q_conv,conv,[],502,351,283,960,0,6674,8770,200704,122880
latest,kda,8,r7/q_conv,conv,[],502,351,283,960,0,4973,7069,200704,122880
latest,kda,8,r0/k_conv,conv,[],501,350,283,960,0,5472,7566,200704,122880
latest,kda,8,r1/k_conv,conv,[],502,351,283,960,0,7106,9202,200704,122880
latest,kda,8,r2/k_conv,conv,[],502,351,283,960,0,5519,7615,200704,122880
latest,kda,8,r3/k_conv,conv,[],502,351,283,960,0,5681,7777,200704,122880
latest,kda,8,r4/k_conv,conv,[],502,351,283,960,0,6925,9021,200704,122880
latest,kda,8,r5/k_conv,conv,[],502,351,283,960,0,5497,7593,200704,122880
latest,kda,8,r6/k_conv,conv,[],502,351,283,960,0,5573,7669,200704,122880
latest,kda,8,r7/k_conv,conv,[],502,351,283,960,0,6731,8827,200704,122880
latest,kda,8,r0/v_conv,conv,[],501,350,283,960,0,4978,7072,200704,122880
latest,kda,8,r1/v_conv,conv,[],502,351,283,960,0,5440,7536,200704,122880
latest,kda,8,r2/v_conv,conv,[],502,351,283,960,0,6200,8296,200704,122880
latest,kda,8,r3/v_conv,conv,[],502,351,283,960,0,5717,7813,200704,122880
latest,kda,8,r4/v_conv,conv,[],502,351,283,960,0,5296,7392,200704,122880
latest,kda,8,r5/v_conv,conv,[],502,351,283,960,0,5643,7739,200704,122880
latest,kda,8,r6/v_conv,conv,[],502,351,283,960,0,6656,8752,200704,122880
latest,kda,8,r7/v_conv,conv,[],502,351,283,960,0,5002,7098,200704,122880
latest,kda,8,r0/q_norm,norm,[],2271,1677,1266,1536,0,10153,16903,442368,24576
latest,kda,8,r1/q_norm,norm,[],2373,1779,1266,1536,0,10066,17020,442368,24576
latest,kda,8,r2/q_norm,norm,[],2373,1779,1266,1536,0,9719,16673,442368,24576
latest,kda,8,r3/q_norm,norm,[],2373,1779,1266,1536,0,9902,16856,442368,24576
latest,kda,8,r4/q_norm,norm,[],2373,1779,1266,1536,0,10637,17591,442368,24576
latest,kda,8,r5/q_norm,norm,[],2373,1779,1266,1536,0,9614,16568,442368,24576
latest,kda,8,r6/q_norm,norm,[],2373,1779,1266,1536,0,9827,16781,442368,24576
latest,kda,8,r7/q_norm,norm,[],2373,1779,1266,1536,0,10776,17730,442368,24576
latest,kda,8,r0/k_norm,norm,[],2271,1677,1266,1536,0,10072,16822,442368,24576
latest,kda,8,r1/k_norm,norm,[],2373,1779,1266,1536,0,10123,17077,442368,24576
latest,kda,8,r2/k_norm,norm,[],2373,1779,1266,1536,0,9876,16830,442368,24576
latest,kda,8,r3/k_norm,norm,[],2373,1779,1266,1536,0,10288,17242,442368,24576
latest,kda,8,r4/k_norm,norm,[],2373,1779,1266,1536,0,10757,17711,442368,24576
latest,kda,8,r5/k_norm,norm,[],2373,1779,1266,1536,0,10129,17083,442368,24576
latest,kda,8,r6/k_norm,norm,[],2373,1779,1266,1536,0,9938,16892,442368,24576
latest,kda,8,r7/k_norm,norm,[],2373,1779,1266,1536,0,11122,18076,442368,24576
latest,kda,8,r0/decay_beta,gate_prepare,[],628,411,529,2790,0,3617,7975,126976,49152
latest,kda,8,r1/decay_beta,gate_prepare,[],635,418,529,2790,0,4271,8643,126976,49152
latest,kda,8,r2/decay_beta,gate_prepare,[],635,418,529,2790,0,3831,8203,126976,49152
latest,kda,8,r3/decay_beta,gate_prepare,[],635,418,529,2790,0,4168,8540,126976,49152
latest,kda,8,r4/decay_beta,gate_prepare,[],635,418,529,2790,0,3840,8212,126976,49152
latest,kda,8,r5/decay_beta,gate_prepare,[],635,418,529,2790,0,4083,8455,126976,49152
latest,kda,8,r6/decay_beta,gate_prepare,[],635,418,529,2790,0,4261,8633,126976,49152
latest,kda,8,r7/decay_beta,gate_prepare,[],635,418,529,2790,0,4269,8641,126976,49152
latest,kda,8,r0/pack_beta_0,coefficient_layout,[],349,249,212,272,0,359,1441,12288,4096
latest,kda,8,r1/pack_beta_0,coefficient_layout,[],351,251,212,272,0,374,1460,12288,4096
latest,kda,8,r2/pack_beta_0,coefficient_layout,[],351,251,212,272,0,320,1406,12288,4096
latest,kda,8,r3/pack_beta_0,coefficient_layout,[],351,251,212,272,0,402,1488,12288,4096
latest,kda,8,r4/pack_beta_0,coefficient_layout,[],351,251,212,272,0,314,1400,12288,4096
latest,kda,8,r5/pack_beta_0,coefficient_layout,[],351,251,212,272,0,357,1443,12288,4096
latest,kda,8,r6/pack_beta_0,coefficient_layout,[],351,251,212,272,0,336,1422,12288,4096
latest,kda,8,r7/pack_beta_0,coefficient_layout,[],351,251,212,272,0,698,1784,12288,4096
latest,kda,8,r0/recurrence_0,recurrence,[],105,90,5676,3992,292,14118,24273,540736,528384
latest,kda,8,r1/recurrence_0,recurrence,[],105,90,5676,3992,292,14348,24503,540736,528384
latest,kda,8,r2/recurrence_0,recurrence,[],105,90,5676,3992,292,14574,24729,540736,528384
latest,kda,8,r3/recurrence_0,recurrence,[],105,90,5676,3992,292,14050,24205,540736,528384
latest,kda,8,r4/recurrence_0,recurrence,[],105,90,5676,3992,292,14844,24999,540736,528384
latest,kda,8,r5/recurrence_0,recurrence,[],105,90,5676,3992,292,14743,24898,540736,528384
latest,kda,8,r6/recurrence_0,recurrence,[],105,90,5676,3992,292,14163,24318,540736,528384
latest,kda,8,r7/recurrence_0,recurrence,[],105,90,5676,3992,292,15009,25164,540736,528384
latest,kda,8,r0/pack_beta_1,coefficient_layout,[],349,249,212,272,0,733,1815,12288,4096
latest,kda,8,r1/pack_beta_1,coefficient_layout,[],351,251,212,272,0,372,1458,12288,4096
latest,kda,8,r2/pack_beta_1,coefficient_layout,[],351,251,212,272,0,303,1389,12288,4096
latest,kda,8,r3/pack_beta_1,coefficient_layout,[],351,251,212,272,0,347,1433,12288,4096
latest,kda,8,r4/pack_beta_1,coefficient_layout,[],351,251,212,272,0,321,1407,12288,4096
latest,kda,8,r5/pack_beta_1,coefficient_layout,[],351,251,212,272,0,344,1430,12288,4096
latest,kda,8,r6/pack_beta_1,coefficient_layout,[],351,251,212,272,0,306,1392,12288,4096
latest,kda,8,r7/pack_beta_1,coefficient_layout,[],351,251,212,272,0,324,1410,12288,4096
latest,kda,8,r0/recurrence_1,recurrence,[],105,90,5676,3992,292,14802,24957,540736,528384
latest,kda,8,r1/recurrence_1,recurrence,[],105,90,5676,3992,292,14419,24574,540736,528384
latest,kda,8,r2/recurrence_1,recurrence,[],105,90,5676,3992,292,15313,25468,540736,528384
latest,kda,8,r3/recurrence_1,recurrence,[],105,90,5676,3992,292,14394,24549,540736,528384
latest,kda,8,r4/recurrence_1,recurrence,[],105,90,5676,3992,292,14944,25099,540736,528384
latest,kda,8,r5/recurrence_1,recurrence,[],105,90,5676,3992,292,14833,24988,540736,528384
latest,kda,8,r6/recurrence_1,recurrence,[],105,90,5676,3992,292,14173,24328,540736,528384
latest,kda,8,r7/recurrence_1,recurrence,[],105,90,5676,3992,292,15393,25548,540736,528384
latest,kda,8,r0/pack_beta_2,coefficient_layout,[],349,249,212,272,0,315,1397,12288,4096
latest,kda,8,r1/pack_beta_2,coefficient_layout,[],351,251,212,272,0,356,1442,12288,4096
latest,kda,8,r2/pack_beta_2,coefficient_layout,[],351,251,212,272,0,305,1391,12288,4096
latest,kda,8,r3/pack_beta_2,coefficient_layout,[],351,251,212,272,0,324,1410,12288,4096
latest,kda,8,r4/pack_beta_2,coefficient_layout,[],351,251,212,272,0,336,1422,12288,4096
latest,kda,8,r5/pack_beta_2,coefficient_layout,[],351,251,212,272,0,721,1807,12288,4096
latest,kda,8,r6/pack_beta_2,coefficient_layout,[],351,251,212,272,0,328,1414,12288,4096
latest,kda,8,r7/pack_beta_2,coefficient_layout,[],351,251,212,272,0,350,1436,12288,4096
latest,kda,8,r0/recurrence_2,recurrence,[],105,90,5676,3992,292,14448,24603,540736,528384
latest,kda,8,r1/recurrence_2,recurrence,[],105,90,5676,3992,292,15029,25184,540736,528384
latest,kda,8,r2/recurrence_2,recurrence,[],105,90,5676,3992,292,14744,24899,540736,528384
latest,kda,8,r3/recurrence_2,recurrence,[],105,90,5676,3992,292,14286,24441,540736,528384
latest,kda,8,r4/recurrence_2,recurrence,[],105,90,5676,3992,292,14931,25086,540736,528384
latest,kda,8,r5/recurrence_2,recurrence,[],105,90,5676,3992,292,14712,24867,540736,528384
latest,kda,8,r6/recurrence_2,recurrence,[],105,90,5676,3992,292,14235,24390,540736,528384
latest,kda,8,r7/recurrence_2,recurrence,[],105,90,5676,3992,292,15354,25509,540736,528384
latest,kda,8,r0/pack_beta_3,coefficient_layout,[],349,249,212,272,0,306,1388,12288,4096
latest,kda,8,r1/pack_beta_3,coefficient_layout,[],351,251,212,272,0,402,1488,12288,4096
latest,kda,8,r2/pack_beta_3,coefficient_layout,[],351,251,212,272,0,328,1414,12288,4096
latest,kda,8,r3/pack_beta_3,coefficient_layout,[],351,251,212,272,0,322,1408,12288,4096
latest,kda,8,r4/pack_beta_3,coefficient_layout,[],351,251,212,272,0,336,1422,12288,4096
latest,kda,8,r5/pack_beta_3,coefficient_layout,[],351,251,212,272,0,729,1815,12288,4096
latest,kda,8,r6/pack_beta_3,coefficient_layout,[],351,251,212,272,0,317,1403,12288,4096
latest,kda,8,r7/pack_beta_3,coefficient_layout,[],351,251,212,272,0,374,1460,12288,4096
latest,kda,8,r0/recurrence_3,recurrence,[],105,90,5676,3992,292,14205,24360,540736,528384
latest,kda,8,r1/recurrence_3,recurrence,[],105,90,5676,3992,292,14425,24580,540736,528384
latest,kda,8,r2/recurrence_3,recurrence,[],105,90,5676,3992,292,15011,25166,540736,528384
latest,kda,8,r3/recurrence_3,recurrence,[],105,90,5676,3992,292,14449,24604,540736,528384
latest,kda,8,r4/recurrence_3,recurrence,[],105,90,5676,3992,292,14765,24920,540736,528384
latest,kda,8,r5/recurrence_3,recurrence,[],105,90,5676,3992,292,14609,24764,540736,528384
latest,kda,8,r6/recurrence_3,recurrence,[],105,90,5676,3992,292,14392,24547,540736,528384
latest,kda,8,r7/recurrence_3,recurrence,[],105,90,5676,3992,292,14916,25071,540736,528384
latest,kda,8,r0/pack_beta_4,coefficient_layout,[],349,249,212,272,0,709,1791,12288,4096
latest,kda,8,r1/pack_beta_4,coefficient_layout,[],351,251,212,272,0,351,1437,12288,4096
latest,kda,8,r2/pack_beta_4,coefficient_layout,[],351,251,212,272,0,340,1426,12288,4096
latest,kda,8,r3/pack_beta_4,coefficient_layout,[],351,251,212,272,0,323,1409,12288,4096
latest,kda,8,r4/pack_beta_4,coefficient_layout,[],351,251,212,272,0,346,1432,12288,4096
latest,kda,8,r5/pack_beta_4,coefficient_layout,[],351,251,212,272,0,358,1444,12288,4096
latest,kda,8,r6/pack_beta_4,coefficient_layout,[],351,251,212,272,0,318,1404,12288,4096
latest,kda,8,r7/pack_beta_4,coefficient_layout,[],351,251,212,272,0,347,1433,12288,4096
latest,kda,8,r0/recurrence_4,recurrence,[],105,90,5676,3992,292,14684,24839,540736,528384
latest,kda,8,r1/recurrence_4,recurrence,[],105,90,5676,3992,292,14429,24584,540736,528384
latest,kda,8,r2/recurrence_4,recurrence,[],105,90,5676,3992,292,14194,24349,540736,528384
latest,kda,8,r3/recurrence_4,recurrence,[],105,90,5676,3992,292,14600,24755,540736,528384
latest,kda,8,r4/recurrence_4,recurrence,[],105,90,5676,3992,292,13864,24019,540736,528384
latest,kda,8,r5/recurrence_4,recurrence,[],105,90,5676,3992,292,13968,24123,540736,528384
latest,kda,8,r6/recurrence_4,recurrence,[],105,90,5676,3992,292,14762,24917,540736,528384
latest,kda,8,r7/recurrence_4,recurrence,[],105,90,5676,3992,292,14466,24621,540736,528384
latest,kda,8,r0/pack_beta_5,coefficient_layout,[],349,249,212,272,0,356,1438,12288,4096
latest,kda,8,r1/pack_beta_5,coefficient_layout,[],351,251,212,272,0,648,1734,12288,4096
latest,kda,8,r2/pack_beta_5,coefficient_layout,[],351,251,212,272,0,305,1391,12288,4096
latest,kda,8,r3/pack_beta_5,coefficient_layout,[],351,251,212,272,0,370,1456,12288,4096
latest,kda,8,r4/pack_beta_5,coefficient_layout,[],351,251,212,272,0,311,1397,12288,4096
latest,kda,8,r5/pack_beta_5,coefficient_layout,[],351,251,212,272,0,315,1401,12288,4096
latest,kda,8,r6/pack_beta_5,coefficient_layout,[],351,251,212,272,0,326,1412,12288,4096
latest,kda,8,r7/pack_beta_5,coefficient_layout,[],351,251,212,272,0,348,1434,12288,4096
latest,kda,8,r0/recurrence_5,recurrence,[],105,90,5676,3992,292,14378,24533,540736,528384
latest,kda,8,r1/recurrence_5,recurrence,[],105,90,5676,3992,292,15469,25624,540736,528384
latest,kda,8,r2/recurrence_5,recurrence,[],105,90,5676,3992,292,14137,24292,540736,528384
latest,kda,8,r3/recurrence_5,recurrence,[],105,90,5676,3992,292,14384,24539,540736,528384
latest,kda,8,r4/recurrence_5,recurrence,[],105,90,5676,3992,292,15398,25553,540736,528384
latest,kda,8,r5/recurrence_5,recurrence,[],105,90,5676,3992,292,13964,24119,540736,528384
latest,kda,8,r6/recurrence_5,recurrence,[],105,90,5676,3992,292,14385,24540,540736,528384
latest,kda,8,r7/recurrence_5,recurrence,[],105,90,5676,3992,292,15345,25500,540736,528384
latest,kda,8,r0/output_rms,norm,[],2271,1677,1266,1536,0,9637,16387,442368,24576
latest,kda,8,r1/output_rms,norm,[],2373,1779,1266,1536,0,10272,17226,442368,24576
latest,kda,8,r2/output_rms,norm,[],2373,1779,1266,1536,0,10021,16975,442368,24576
latest,kda,8,r3/output_rms,norm,[],2373,1779,1266,1536,0,9572,16526,442368,24576
latest,kda,8,r4/output_rms,norm,[],2373,1779,1266,1536,0,10716,17670,442368,24576
latest,kda,8,r5/output_rms,norm,[],2373,1779,1266,1536,0,9914,16868,442368,24576
latest,kda,8,r6/output_rms,norm,[],2373,1779,1266,1536,0,9763,16717,442368,24576
latest,kda,8,r7/output_rms,norm,[],2373,1779,1266,1536,0,10977,17931,442368,24576
latest,kda,8,r0/output_norm_weight,norm,[],80,56,36,6,0,1081,1259,49152,24576
latest,kda,8,r1/output_norm_weight,norm,[],80,56,36,6,0,1246,1424,49152,24576
latest,kda,8,r2/output_norm_weight,norm,[],80,56,36,6,0,1860,2038,49152,24576
latest,kda,8,r3/output_norm_weight,norm,[],80,56,36,6,0,1163,1341,49152,24576
latest,kda,8,r4/output_norm_weight,norm,[],80,56,36,6,0,1723,1901,49152,24576
latest,kda,8,r5/output_norm_weight,norm,[],80,56,36,6,0,1376,1554,49152,24576
latest,kda,8,r6/output_norm_weight,norm,[],80,56,36,6,0,1158,1336,49152,24576
latest,kda,8,r7/output_norm_weight,norm,[],80,56,36,6,0,1456,1634,49152,24576
latest,kda,8,r0/output_gate,gate_prepare,[],124,75,97,918,0,1702,2916,53248,24576
latest,kda,8,r1/output_gate,gate_prepare,[],125,76,97,918,0,1283,2499,53248,24576
latest,kda,8,r2/output_gate,gate_prepare,[],125,76,97,918,0,1725,2941,53248,24576
latest,kda,8,r3/output_gate,gate_prepare,[],125,76,97,918,0,1771,2987,53248,24576
latest,kda,8,r4/output_gate,gate_prepare,[],125,76,97,918,0,1372,2588,53248,24576
latest,kda,8,r5/output_gate,gate_prepare,[],125,76,97,918,0,1619,2835,53248,24576
latest,kda,8,r6/output_gate,gate_prepare,[],125,76,97,918,0,1804,3020,53248,24576
latest,kda,8,r7/output_gate,gate_prepare,[],125,76,97,918,0,1734,2950,53248,24576
latest,kda,8,output_projection,output_projection,"[8,7168,12288]",114169,80909,560108,3182592,774144,3170031,7881953,180142080,131072
latest,kda,16,r0/input_norm,norm,[],94,62,52,60,0,948,1216,49152,16384
latest,kda,16,r1/input_norm,norm,[],110,78,52,60,0,1099,1399,49152,16384
latest,kda,16,r2/input_norm,norm,[],110,78,52,60,0,1464,1764,49152,16384
latest,kda,16,r3/input_norm,norm,[],110,78,52,60,0,995,1295,49152,16384
latest,kda,16,r4/input_norm,norm,[],110,78,52,60,0,1091,1391,49152,16384
latest,kda,16,r5/input_norm,norm,[],110,78,52,60,0,1510,1810,49152,16384
latest,kda,16,r6/input_norm,norm,[],110,78,52,60,0,1085,1385,49152,16384
latest,kda,16,r7/input_norm,norm,[],110,78,52,60,0,1122,1422,49152,16384
latest,kda,16,r8/input_norm,norm,[],110,78,52,60,0,1348,1648,49152,16384
latest,kda,16,r9/input_norm,norm,[],110,78,52,60,0,1003,1303,49152,16384
latest,kda,16,r10/input_norm,norm,[],110,78,52,60,0,1574,1874,49152,16384
latest,kda,16,r11/input_norm,norm,[],110,78,52,60,0,1080,1380,49152,16384
latest,kda,16,r12/input_norm,norm,[],110,78,52,60,0,1019,1319,49152,16384
latest,kda,16,r13/input_norm,norm,[],110,78,52,60,0,1443,1743,49152,16384
latest,kda,16,r14/input_norm,norm,[],110,78,52,60,0,1078,1378,49152,16384
latest,kda,16,r15/input_norm,norm,[],110,78,52,60,0,1513,1813,49152,16384
latest,kda,16,q_projection,input_projections,"[16,12288,7168]",183457,128125,1076772,6365184,1548288,3456151,12757977,182206464,393216
latest,kda,16,k_projection,input_projections,"[16,12288,7168]",183464,128132,1076772,6365184,1548288,3549052,12850892,182206464,393216
latest,kda,16,v_projection,input_projections,"[16,12288,7168]",183464,128132,1076772,6365184,1548288,3573303,12875143,182206464,393216
latest,kda,16,f_a_projection,input_projections,"[16,128,7168]",2258,1602,11296,66304,16128,44856,142444,2162688,65536
latest,kda,16,b_projection,input_projections,"[16,96,7168]",1810,1294,8496,49728,12096,32952,106376,1703936,65536
latest,kda,16,g_projection,input_projections,"[16,12288,7168]",183464,128132,1076772,6365184,1548288,3585465,12887305,182206464,393216
latest,kda,16,f_b_projection,input_projections,"[16,12288,128]",6418,4290,28624,227328,55296,73511,395467,3604480,393216
latest,kda,16,r0/q_conv,conv,[],501,350,283,960,0,7223,9317,200704,122880
latest,kda,16,r1/q_conv,conv,[],502,351,283,960,0,4909,7005,200704,122880
latest,kda,16,r2/q_conv,conv,[],502,351,283,960,0,5224,7320,200704,122880
latest,kda,16,r3/q_conv,conv,[],502,351,283,960,0,6926,9022,200704,122880
latest,kda,16,r4/q_conv,conv,[],502,351,283,960,0,4628,6724,200704,122880
latest,kda,16,r5/q_conv,conv,[],502,351,283,960,0,5531,7627,200704,122880
latest,kda,16,r6/q_conv,conv,[],502,351,283,960,0,6741,8837,200704,122880
latest,kda,16,r7/q_conv,conv,[],502,351,283,960,0,4837,6933,200704,122880
latest,kda,16,r8/q_conv,conv,[],502,351,283,960,0,5618,7714,200704,122880
latest,kda,16,r9/q_conv,conv,[],502,351,283,960,0,6821,8917,200704,122880
latest,kda,16,r10/q_conv,conv,[],502,351,283,960,0,4687,6783,200704,122880
latest,kda,16,r11/q_conv,conv,[],502,351,283,960,0,5393,7489,200704,122880
latest,kda,16,r12/q_conv,conv,[],502,351,283,960,0,6467,8563,200704,122880
latest,kda,16,r13/q_conv,conv,[],502,351,283,960,0,5040,7136,200704,122880
latest,kda,16,r14/q_conv,conv,[],502,351,283,960,0,5447,7543,200704,122880
latest,kda,16,r15/q_conv,conv,[],502,351,283,960,0,6230,8326,200704,122880
latest,kda,16,r0/k_conv,conv,[],501,350,283,960,0,5514,7608,200704,122880
latest,kda,16,r1/k_conv,conv,[],502,351,283,960,0,6897,8993,200704,122880
latest,kda,16,r2/k_conv,conv,[],502,351,283,960,0,5549,7645,200704,122880
latest,kda,16,r3/k_conv,conv,[],502,351,283,960,0,5618,7714,200704,122880
latest,kda,16,r4/k_conv,conv,[],502,351,283,960,0,7659,9755,200704,122880
latest,kda,16,r5/k_conv,conv,[],502,351,283,960,0,5680,7776,200704,122880
latest,kda,16,r6/k_conv,conv,[],502,351,283,960,0,5744,7840,200704,122880
latest,kda,16,r7/k_conv,conv,[],502,351,283,960,0,6535,8631,200704,122880
latest,kda,16,r8/k_conv,conv,[],502,351,283,960,0,5713,7809,200704,122880
latest,kda,16,r9/k_conv,conv,[],502,351,283,960,0,5697,7793,200704,122880
latest,kda,16,r10/k_conv,conv,[],502,351,283,960,0,6148,8244,200704,122880
latest,kda,16,r11/k_conv,conv,[],502,351,283,960,0,5986,8082,200704,122880
latest,kda,16,r12/k_conv,conv,[],502,351,283,960,0,5487,7583,200704,122880
latest,kda,16,r13/k_conv,conv,[],502,351,283,960,0,5683,7779,200704,122880
latest,kda,16,r14/k_conv,conv,[],502,351,283,960,0,6342,8438,200704,122880
latest,kda,16,r15/k_conv,conv,[],502,351,283,960,0,5648,7744,200704,122880
latest,kda,16,r0/v_conv,conv,[],501,350,283,960,0,5472,7566,200704,122880
latest,kda,16,r1/v_conv,conv,[],502,351,283,960,0,5531,7627,200704,122880
latest,kda,16,r2/v_conv,conv,[],502,351,283,960,0,6295,8391,200704,122880
latest,kda,16,r3/v_conv,conv,[],502,351,283,960,0,5958,8054,200704,122880
latest,kda,16,r4/v_conv,conv,[],502,351,283,960,0,5340,7436,200704,122880
latest,kda,16,r5/v_conv,conv,[],502,351,283,960,0,5697,7793,200704,122880
latest,kda,16,r6/v_conv,conv,[],502,351,283,960,0,6732,8828,200704,122880
latest,kda,16,r7/v_conv,conv,[],502,351,283,960,0,5002,7098,200704,122880
latest,kda,16,r8/v_conv,conv,[],502,351,283,960,0,5385,7481,200704,122880
latest,kda,16,r9/v_conv,conv,[],502,351,283,960,0,7159,9255,200704,122880
latest,kda,16,r10/v_conv,conv,[],502,351,283,960,0,5270,7366,200704,122880
latest,kda,16,r11/v_conv,conv,[],502,351,283,960,0,5066,7162,200704,122880
latest,kda,16,r12/v_conv,conv,[],502,351,283,960,0,7510,9606,200704,122880
latest,kda,16,r13/v_conv,conv,[],502,351,283,960,0,5390,7486,200704,122880
latest,kda,16,r14/v_conv,conv,[],502,351,283,960,0,5536,7632,200704,122880
latest,kda,16,r15/v_conv,conv,[],502,351,283,960,0,7186,9282,200704,122880
latest,kda,16,r0/q_norm,norm,[],2271,1677,1266,1536,0,9632,16382,442368,24576
latest,kda,16,r1/q_norm,norm,[],2373,1779,1266,1536,0,10378,17332,442368,24576
latest,kda,16,r2/q_norm,norm,[],2373,1779,1266,1536,0,9692,16646,442368,24576
latest,kda,16,r3/q_norm,norm,[],2373,1779,1266,1536,0,9521,16475,442368,24576
latest,kda,16,r4/q_norm,norm,[],2373,1779,1266,1536,0,11223,18177,442368,24576
latest,kda,16,r5/q_norm,norm,[],2373,1779,1266,1536,0,9785,16739,442368,24576
latest,kda,16,r6/q_norm,norm,[],2373,1779,1266,1536,0,10259,17213,442368,24576
latest,kda,16,r7/q_norm,norm,[],2373,1779,1266,1536,0,10677,17631,442368,24576
latest,kda,16,r8/q_norm,norm,[],2373,1779,1266,1536,0,9718,16672,442368,24576
latest,kda,16,r9/q_norm,norm,[],2373,1779,1266,1536,0,9887,16841,442368,24576
latest,kda,16,r10/q_norm,norm,[],2373,1779,1266,1536,0,10416,17370,442368,24576
latest,kda,16,r11/q_norm,norm,[],2373,1779,1266,1536,0,9555,16509,442368,24576
latest,kda,16,r12/q_norm,norm,[],2373,1779,1266,1536,0,9895,16849,442368,24576
latest,kda,16,r13/q_norm,norm,[],2373,1779,1266,1536,0,9894,16848,442368,24576
latest,kda,16,r14/q_norm,norm,[],2373,1779,1266,1536,0,9730,16684,442368,24576
latest,kda,16,r15/q_norm,norm,[],2373,1779,1266,1536,0,9886,16840,442368,24576
latest,kda,16,r0/k_norm,norm,[],2271,1677,1266,1536,0,9591,16341,442368,24576
latest,kda,16,r1/k_norm,norm,[],2373,1779,1266,1536,0,10124,17078,442368,24576
latest,kda,16,r2/k_norm,norm,[],2373,1779,1266,1536,0,10095,17049,442368,24576
latest,kda,16,r3/k_norm,norm,[],2373,1779,1266,1536,0,9530,16484,442368,24576
latest,kda,16,r4/k_norm,norm,[],2373,1779,1266,1536,0,10811,17765,442368,24576
latest,kda,16,r5/k_norm,norm,[],2373,1779,1266,1536,0,10068,17022,442368,24576
latest,kda,16,r6/k_norm,norm,[],2373,1779,1266,1536,0,9938,16892,442368,24576
latest,kda,16,r7/k_norm,norm,[],2373,1779,1266,1536,0,11241,18195,442368,24576
latest,kda,16,r8/k_norm,norm,[],2373,1779,1266,1536,0,9621,16575,442368,24576
latest,kda,16,r9/k_norm,norm,[],2373,1779,1266,1536,0,9791,16745,442368,24576
latest,kda,16,r10/k_norm,norm,[],2373,1779,1266,1536,0,10862,17816,442368,24576
latest,kda,16,r11/k_norm,norm,[],2373,1779,1266,1536,0,9825,16779,442368,24576
latest,kda,16,r12/k_norm,norm,[],2373,1779,1266,1536,0,10215,17169,442368,24576
latest,kda,16,r13/k_norm,norm,[],2373,1779,1266,1536,0,10196,17150,442368,24576
latest,kda,16,r14/k_norm,norm,[],2373,1779,1266,1536,0,9756,16710,442368,24576
latest,kda,16,r15/k_norm,norm,[],2373,1779,1266,1536,0,9918,16872,442368,24576
latest,kda,16,r0/decay_beta,gate_prepare,[],628,411,529,2790,0,3752,8110,126976,49152
latest,kda,16,r1/decay_beta,gate_prepare,[],635,418,529,2790,0,4271,8643,126976,49152
latest,kda,16,r2/decay_beta,gate_prepare,[],635,418,529,2790,0,3831,8203,126976,49152
latest,kda,16,r3/decay_beta,gate_prepare,[],635,418,529,2790,0,4168,8540,126976,49152
latest,kda,16,r4/decay_beta,gate_prepare,[],635,418,529,2790,0,3840,8212,126976,49152
latest,kda,16,r5/decay_beta,gate_prepare,[],635,418,529,2790,0,4083,8455,126976,49152
latest,kda,16,r6/decay_beta,gate_prepare,[],635,418,529,2790,0,4261,8633,126976,49152
latest,kda,16,r7/decay_beta,gate_prepare,[],635,418,529,2790,0,4269,8641,126976,49152
latest,kda,16,r8/decay_beta,gate_prepare,[],635,418,529,2790,0,3792,8164,126976,49152
latest,kda,16,r9/decay_beta,gate_prepare,[],635,418,529,2790,0,4136,8508,126976,49152
latest,kda,16,r10/decay_beta,gate_prepare,[],635,418,529,2790,0,4091,8463,126976,49152
latest,kda,16,r11/decay_beta,gate_prepare,[],635,418,529,2790,0,3893,8265,126976,49152
latest,kda,16,r12/decay_beta,gate_prepare,[],635,418,529,2790,0,4276,8648,126976,49152
latest,kda,16,r13/decay_beta,gate_prepare,[],635,418,529,2790,0,4305,8677,126976,49152
latest,kda,16,r14/decay_beta,gate_prepare,[],635,418,529,2790,0,3711,8083,126976,49152
latest,kda,16,r15/decay_beta,gate_prepare,[],635,418,529,2790,0,4134,8506,126976,49152
latest,kda,16,r0/pack_beta_0,coefficient_layout,[],349,249,212,272,0,640,1722,12288,4096
latest,kda,16,r1/pack_beta_0,coefficient_layout,[],351,251,212,272,0,357,1443,12288,4096
latest,kda,16,r2/pack_beta_0,coefficient_layout,[],351,251,212,272,0,322,1408,12288,4096
latest,kda,16,r3/pack_beta_0,coefficient_layout,[],351,251,212,272,0,374,1460,12288,4096
latest,kda,16,r4/pack_beta_0,coefficient_layout,[],351,251,212,272,0,306,1392,12288,4096
latest,kda,16,r5/pack_beta_0,coefficient_layout,[],351,251,212,272,0,357,1443,12288,4096
latest,kda,16,r6/pack_beta_0,coefficient_layout,[],351,251,212,272,0,713,1799,12288,4096
latest,kda,16,r7/pack_beta_0,coefficient_layout,[],351,251,212,272,0,329,1415,12288,4096
latest,kda,16,r8/pack_beta_0,coefficient_layout,[],351,251,212,272,0,331,1417,12288,4096
latest,kda,16,r9/pack_beta_0,coefficient_layout,[],351,251,212,272,0,288,1374,12288,4096
latest,kda,16,r10/pack_beta_0,coefficient_layout,[],351,251,212,272,0,346,1432,12288,4096
latest,kda,16,r11/pack_beta_0,coefficient_layout,[],351,251,212,272,0,353,1439,12288,4096
latest,kda,16,r12/pack_beta_0,coefficient_layout,[],351,251,212,272,0,318,1404,12288,4096
latest,kda,16,r13/pack_beta_0,coefficient_layout,[],351,251,212,272,0,335,1421,12288,4096
latest,kda,16,r14/pack_beta_0,coefficient_layout,[],351,251,212,272,0,714,1800,12288,4096
latest,kda,16,r15/pack_beta_0,coefficient_layout,[],351,251,212,272,0,329,1415,12288,4096
latest,kda,16,r0/recurrence_0,recurrence,[],105,90,5676,3992,292,15329,25484,540736,528384
latest,kda,16,r1/recurrence_0,recurrence,[],105,90,5676,3992,292,14260,24415,540736,528384
latest,kda,16,r2/recurrence_0,recurrence,[],105,90,5676,3992,292,14569,24724,540736,528384
latest,kda,16,r3/recurrence_0,recurrence,[],105,90,5676,3992,292,14810,24965,540736,528384
latest,kda,16,r4/recurrence_0,recurrence,[],105,90,5676,3992,292,14462,24617,540736,528384
latest,kda,16,r5/recurrence_0,recurrence,[],105,90,5676,3992,292,15196,25351,540736,528384
latest,kda,16,r6/recurrence_0,recurrence,[],105,90,5676,3992,292,14197,24352,540736,528384
latest,kda,16,r7/recurrence_0,recurrence,[],105,90,5676,3992,292,14620,24775,540736,528384
latest,kda,16,r8/recurrence_0,recurrence,[],105,90,5676,3992,292,15324,25479,540736,528384
latest,kda,16,r9/recurrence_0,recurrence,[],105,90,5676,3992,292,14329,24484,540736,528384
latest,kda,16,r10/recurrence_0,recurrence,[],105,90,5676,3992,292,15067,25222,540736,528384
latest,kda,16,r11/recurrence_0,recurrence,[],105,90,5676,3992,292,14645,24800,540736,528384
latest,kda,16,r12/recurrence_0,recurrence,[],105,90,5676,3992,292,14150,24305,540736,528384
latest,kda,16,r13/recurrence_0,recurrence,[],105,90,5676,3992,292,15391,25546,540736,528384
latest,kda,16,r14/recurrence_0,recurrence,[],105,90,5676,3992,292,14205,24360,540736,528384
latest,kda,16,r15/recurrence_0,recurrence,[],105,90,5676,3992,292,14218,24373,540736,528384
latest,kda,16,r0/pack_beta_1,coefficient_layout,[],349,249,212,272,0,362,1444,12288,4096
latest,kda,16,r1/pack_beta_1,coefficient_layout,[],351,251,212,272,0,740,1826,12288,4096
latest,kda,16,r2/pack_beta_1,coefficient_layout,[],351,251,212,272,0,297,1383,12288,4096
latest,kda,16,r3/pack_beta_1,coefficient_layout,[],351,251,212,272,0,346,1432,12288,4096
latest,kda,16,r4/pack_beta_1,coefficient_layout,[],351,251,212,272,0,293,1379,12288,4096
latest,kda,16,r5/pack_beta_1,coefficient_layout,[],351,251,212,272,0,347,1433,12288,4096
latest,kda,16,r6/pack_beta_1,coefficient_layout,[],351,251,212,272,0,317,1403,12288,4096
latest,kda,16,r7/pack_beta_1,coefficient_layout,[],351,251,212,272,0,291,1377,12288,4096
latest,kda,16,r8/pack_beta_1,coefficient_layout,[],351,251,212,272,0,358,1444,12288,4096
latest,kda,16,r9/pack_beta_1,coefficient_layout,[],351,251,212,272,0,674,1760,12288,4096
latest,kda,16,r10/pack_beta_1,coefficient_layout,[],351,251,212,272,0,352,1438,12288,4096
latest,kda,16,r11/pack_beta_1,coefficient_layout,[],351,251,212,272,0,339,1425,12288,4096
latest,kda,16,r12/pack_beta_1,coefficient_layout,[],351,251,212,272,0,306,1392,12288,4096
latest,kda,16,r13/pack_beta_1,coefficient_layout,[],351,251,212,272,0,339,1425,12288,4096
latest,kda,16,r14/pack_beta_1,coefficient_layout,[],351,251,212,272,0,338,1424,12288,4096
latest,kda,16,r15/pack_beta_1,coefficient_layout,[],351,251,212,272,0,291,1377,12288,4096
latest,kda,16,r0/recurrence_1,recurrence,[],105,90,5676,3992,292,14710,24865,540736,528384
latest,kda,16,r1/recurrence_1,recurrence,[],105,90,5676,3992,292,14425,24580,540736,528384
latest,kda,16,r2/recurrence_1,recurrence,[],105,90,5676,3992,292,14139,24294,540736,528384
latest,kda,16,r3/recurrence_1,recurrence,[],105,90,5676,3992,292,14103,24258,540736,528384
latest,kda,16,r4/recurrence_1,recurrence,[],105,90,5676,3992,292,14926,25081,540736,528384
latest,kda,16,r5/recurrence_1,recurrence,[],105,90,5676,3992,292,14416,24571,540736,528384
latest,kda,16,r6/recurrence_1,recurrence,[],105,90,5676,3992,292,14233,24388,540736,528384
latest,kda,16,r7/recurrence_1,recurrence,[],105,90,5676,3992,292,15095,25250,540736,528384
latest,kda,16,r8/recurrence_1,recurrence,[],105,90,5676,3992,292,14405,24560,540736,528384
latest,kda,16,r9/recurrence_1,recurrence,[],105,90,5676,3992,292,14866,25021,540736,528384
latest,kda,16,r10/recurrence_1,recurrence,[],105,90,5676,3992,292,14597,24752,540736,528384
latest,kda,16,r11/recurrence_1,recurrence,[],105,90,5676,3992,292,14447,24602,540736,528384
latest,kda,16,r12/recurrence_1,recurrence,[],105,90,5676,3992,292,14817,24972,540736,528384
latest,kda,16,r13/recurrence_1,recurrence,[],105,90,5676,3992,292,14541,24696,540736,528384
latest,kda,16,r14/recurrence_1,recurrence,[],105,90,5676,3992,292,14163,24318,540736,528384
latest,kda,16,r15/recurrence_1,recurrence,[],105,90,5676,3992,292,14968,25123,540736,528384
latest,kda,16,r0/pack_beta_2,coefficient_layout,[],349,249,212,272,0,717,1799,12288,4096
latest,kda,16,r1/pack_beta_2,coefficient_layout,[],351,251,212,272,0,331,1417,12288,4096
latest,kda,16,r2/pack_beta_2,coefficient_layout,[],351,251,212,272,0,305,1391,12288,4096
latest,kda,16,r3/pack_beta_2,coefficient_layout,[],351,251,212,272,0,324,1410,12288,4096
latest,kda,16,r4/pack_beta_2,coefficient_layout,[],351,251,212,272,0,336,1422,12288,4096
latest,kda,16,r5/pack_beta_2,coefficient_layout,[],351,251,212,272,0,345,1431,12288,4096
latest,kda,16,r6/pack_beta_2,coefficient_layout,[],351,251,212,272,0,280,1366,12288,4096
latest,kda,16,r7/pack_beta_2,coefficient_layout,[],351,251,212,272,0,378,1464,12288,4096
latest,kda,16,r8/pack_beta_2,coefficient_layout,[],351,251,212,272,0,728,1814,12288,4096
latest,kda,16,r9/pack_beta_2,coefficient_layout,[],351,251,212,272,0,345,1431,12288,4096
latest,kda,16,r10/pack_beta_2,coefficient_layout,[],351,251,212,272,0,330,1416,12288,4096
latest,kda,16,r11/pack_beta_2,coefficient_layout,[],351,251,212,272,0,289,1375,12288,4096
latest,kda,16,r12/pack_beta_2,coefficient_layout,[],351,251,212,272,0,360,1446,12288,4096
latest,kda,16,r13/pack_beta_2,coefficient_layout,[],351,251,212,272,0,365,1451,12288,4096
latest,kda,16,r14/pack_beta_2,coefficient_layout,[],351,251,212,272,0,312,1398,12288,4096
latest,kda,16,r15/pack_beta_2,coefficient_layout,[],351,251,212,272,0,781,1867,12288,4096
latest,kda,16,r0/recurrence_2,recurrence,[],105,90,5676,3992,292,14452,24607,540736,528384
latest,kda,16,r1/recurrence_2,recurrence,[],105,90,5676,3992,292,14596,24751,540736,528384
latest,kda,16,r2/recurrence_2,recurrence,[],105,90,5676,3992,292,15218,25373,540736,528384
latest,kda,16,r3/recurrence_2,recurrence,[],105,90,5676,3992,292,14335,24490,540736,528384
latest,kda,16,r4/recurrence_2,recurrence,[],105,90,5676,3992,292,14993,25148,540736,528384
latest,kda,16,r5/recurrence_2,recurrence,[],105,90,5676,3992,292,14712,24867,540736,528384
latest,kda,16,r6/recurrence_2,recurrence,[],105,90,5676,3992,292,14235,24390,540736,528384
latest,kda,16,r7/recurrence_2,recurrence,[],105,90,5676,3992,292,15354,25509,540736,528384
latest,kda,16,r8/recurrence_2,recurrence,[],105,90,5676,3992,292,14406,24561,540736,528384
latest,kda,16,r9/recurrence_2,recurrence,[],105,90,5676,3992,292,14925,25080,540736,528384
latest,kda,16,r10/recurrence_2,recurrence,[],105,90,5676,3992,292,14717,24872,540736,528384
latest,kda,16,r11/recurrence_2,recurrence,[],105,90,5676,3992,292,14211,24366,540736,528384
latest,kda,16,r12/recurrence_2,recurrence,[],105,90,5676,3992,292,14981,25136,540736,528384
latest,kda,16,r13/recurrence_2,recurrence,[],105,90,5676,3992,292,14578,24733,540736,528384
latest,kda,16,r14/recurrence_2,recurrence,[],105,90,5676,3992,292,13987,24142,540736,528384
latest,kda,16,r15/recurrence_2,recurrence,[],105,90,5676,3992,292,14864,25019,540736,528384
latest,kda,16,r0/pack_beta_3,coefficient_layout,[],349,249,212,272,0,334,1416,12288,4096
latest,kda,16,r1/pack_beta_3,coefficient_layout,[],351,251,212,272,0,322,1408,12288,4096
latest,kda,16,r2/pack_beta_3,coefficient_layout,[],351,251,212,272,0,733,1819,12288,4096
latest,kda,16,r3/pack_beta_3,coefficient_layout,[],351,251,212,272,0,319,1405,12288,4096
latest,kda,16,r4/pack_beta_3,coefficient_layout,[],351,251,212,272,0,324,1410,12288,4096
latest,kda,16,r5/pack_beta_3,coefficient_layout,[],351,251,212,272,0,347,1433,12288,4096
latest,kda,16,r6/pack_beta_3,coefficient_layout,[],351,251,212,272,0,295,1381,12288,4096
latest,kda,16,r7/pack_beta_3,coefficient_layout,[],351,251,212,272,0,402,1488,12288,4096
latest,kda,16,r8/pack_beta_3,coefficient_layout,[],351,251,212,272,0,717,1803,12288,4096
latest,kda,16,r9/pack_beta_3,coefficient_layout,[],351,251,212,272,0,348,1434,12288,4096
latest,kda,16,r10/pack_beta_3,coefficient_layout,[],351,251,212,272,0,324,1410,12288,4096
latest,kda,16,r11/pack_beta_3,coefficient_layout,[],351,251,212,272,0,360,1446,12288,4096
latest,kda,16,r12/pack_beta_3,coefficient_layout,[],351,251,212,272,0,330,1416,12288,4096
latest,kda,16,r13/pack_beta_3,coefficient_layout,[],351,251,212,272,0,367,1453,12288,4096
latest,kda,16,r14/pack_beta_3,coefficient_layout,[],351,251,212,272,0,347,1433,12288,4096
latest,kda,16,r15/pack_beta_3,coefficient_layout,[],351,251,212,272,0,395,1481,12288,4096
latest,kda,16,r0/recurrence_3,recurrence,[],105,90,5676,3992,292,14611,24766,540736,528384
latest,kda,16,r1/recurrence_3,recurrence,[],105,90,5676,3992,292,14471,24626,540736,528384
latest,kda,16,r2/recurrence_3,recurrence,[],105,90,5676,3992,292,14323,24478,540736,528384
latest,kda,16,r3/recurrence_3,recurrence,[],105,90,5676,3992,292,14528,24683,540736,528384
latest,kda,16,r4/recurrence_3,recurrence,[],105,90,5676,3992,292,13772,23927,540736,528384
latest,kda,16,r5/recurrence_3,recurrence,[],105,90,5676,3992,292,14137,24292,540736,528384
latest,kda,16,r6/recurrence_3,recurrence,[],105,90,5676,3992,292,14650,24805,540736,528384
latest,kda,16,r7/recurrence_3,recurrence,[],105,90,5676,3992,292,14426,24581,540736,528384
latest,kda,16,r8/recurrence_3,recurrence,[],105,90,5676,3992,292,14088,24243,540736,528384
latest,kda,16,r9/recurrence_3,recurrence,[],105,90,5676,3992,292,14873,25028,540736,528384
latest,kda,16,r10/recurrence_3,recurrence,[],105,90,5676,3992,292,14619,24774,540736,528384
latest,kda,16,r11/recurrence_3,recurrence,[],105,90,5676,3992,292,13773,23928,540736,528384
latest,kda,16,r12/recurrence_3,recurrence,[],105,90,5676,3992,292,14288,24443,540736,528384
latest,kda,16,r13/recurrence_3,recurrence,[],105,90,5676,3992,292,15252,25407,540736,528384
latest,kda,16,r14/recurrence_3,recurrence,[],105,90,5676,3992,292,13523,23678,540736,528384
latest,kda,16,r15/recurrence_3,recurrence,[],105,90,5676,3992,292,14102,24257,540736,528384
latest,kda,16,r0/pack_beta_4,coefficient_layout,[],349,249,212,272,0,364,1446,12288,4096
latest,kda,16,r1/pack_beta_4,coefficient_layout,[],351,251,212,272,0,372,1458,12288,4096
latest,kda,16,r2/pack_beta_4,coefficient_layout,[],351,251,212,272,0,318,1404,12288,4096
latest,kda,16,r3/pack_beta_4,coefficient_layout,[],351,251,212,272,0,350,1436,12288,4096
latest,kda,16,r4/pack_beta_4,coefficient_layout,[],351,251,212,272,0,775,1861,12288,4096
latest,kda,16,r5/pack_beta_4,coefficient_layout,[],351,251,212,272,0,364,1450,12288,4096
latest,kda,16,r6/pack_beta_4,coefficient_layout,[],351,251,212,272,0,340,1426,12288,4096
latest,kda,16,r7/pack_beta_4,coefficient_layout,[],351,251,212,272,0,314,1400,12288,4096
latest,kda,16,r8/pack_beta_4,coefficient_layout,[],351,251,212,272,0,374,1460,12288,4096
latest,kda,16,r9/pack_beta_4,coefficient_layout,[],351,251,212,272,0,358,1444,12288,4096
latest,kda,16,r10/pack_beta_4,coefficient_layout,[],351,251,212,272,0,318,1404,12288,4096
latest,kda,16,r11/pack_beta_4,coefficient_layout,[],351,251,212,272,0,807,1893,12288,4096
latest,kda,16,r12/pack_beta_4,coefficient_layout,[],351,251,212,272,0,308,1394,12288,4096
latest,kda,16,r13/pack_beta_4,coefficient_layout,[],351,251,212,272,0,343,1429,12288,4096
latest,kda,16,r14/pack_beta_4,coefficient_layout,[],351,251,212,272,0,336,1422,12288,4096
latest,kda,16,r15/pack_beta_4,coefficient_layout,[],351,251,212,272,0,295,1381,12288,4096
latest,kda,16,r0/recurrence_4,recurrence,[],105,90,5676,3992,292,14605,24760,540736,528384
latest,kda,16,r1/recurrence_4,recurrence,[],105,90,5676,3992,292,14630,24785,540736,528384
latest,kda,16,r2/recurrence_4,recurrence,[],105,90,5676,3992,292,14374,24529,540736,528384
latest,kda,16,r3/recurrence_4,recurrence,[],105,90,5676,3992,292,14782,24937,540736,528384
latest,kda,16,r4/recurrence_4,recurrence,[],105,90,5676,3992,292,14516,24671,540736,528384
latest,kda,16,r5/recurrence_4,recurrence,[],105,90,5676,3992,292,14071,24226,540736,528384
latest,kda,16,r6/recurrence_4,recurrence,[],105,90,5676,3992,292,14888,25043,540736,528384
latest,kda,16,r7/recurrence_4,recurrence,[],105,90,5676,3992,292,14673,24828,540736,528384
latest,kda,16,r8/recurrence_4,recurrence,[],105,90,5676,3992,292,13822,23977,540736,528384
latest,kda,16,r9/recurrence_4,recurrence,[],105,90,5676,3992,292,14249,24404,540736,528384
latest,kda,16,r10/recurrence_4,recurrence,[],105,90,5676,3992,292,15231,25386,540736,528384
latest,kda,16,r11/recurrence_4,recurrence,[],105,90,5676,3992,292,13582,23737,540736,528384
latest,kda,16,r12/recurrence_4,recurrence,[],105,90,5676,3992,292,14270,24425,540736,528384
latest,kda,16,r13/recurrence_4,recurrence,[],105,90,5676,3992,292,14700,24855,540736,528384
latest,kda,16,r14/recurrence_4,recurrence,[],105,90,5676,3992,292,14246,24401,540736,528384
latest,kda,16,r15/recurrence_4,recurrence,[],105,90,5676,3992,292,14097,24252,540736,528384
latest,kda,16,r0/pack_beta_5,coefficient_layout,[],349,249,212,272,0,356,1438,12288,4096
latest,kda,16,r1/pack_beta_5,coefficient_layout,[],351,251,212,272,0,370,1456,12288,4096
latest,kda,16,r2/pack_beta_5,coefficient_layout,[],351,251,212,272,0,305,1391,12288,4096
latest,kda,16,r3/pack_beta_5,coefficient_layout,[],351,251,212,272,0,370,1456,12288,4096
latest,kda,16,r4/pack_beta_5,coefficient_layout,[],351,251,212,272,0,311,1397,12288,4096
latest,kda,16,r5/pack_beta_5,coefficient_layout,[],351,251,212,272,0,315,1401,12288,4096
latest,kda,16,r6/pack_beta_5,coefficient_layout,[],351,251,212,272,0,326,1412,12288,4096
latest,kda,16,r7/pack_beta_5,coefficient_layout,[],351,251,212,272,0,742,1828,12288,4096
latest,kda,16,r8/pack_beta_5,coefficient_layout,[],351,251,212,272,0,328,1414,12288,4096
latest,kda,16,r9/pack_beta_5,coefficient_layout,[],351,251,212,272,0,315,1401,12288,4096
latest,kda,16,r10/pack_beta_5,coefficient_layout,[],351,251,212,272,0,280,1366,12288,4096
latest,kda,16,r11/pack_beta_5,coefficient_layout,[],351,251,212,272,0,363,1449,12288,4096
latest,kda,16,r12/pack_beta_5,coefficient_layout,[],351,251,212,272,0,328,1414,12288,4096
latest,kda,16,r13/pack_beta_5,coefficient_layout,[],351,251,212,272,0,315,1401,12288,4096
latest,kda,16,r14/pack_beta_5,coefficient_layout,[],351,251,212,272,0,307,1393,12288,4096
latest,kda,16,r15/pack_beta_5,coefficient_layout,[],351,251,212,272,0,335,1421,12288,4096
latest,kda,16,r0/recurrence_5,recurrence,[],105,90,5676,3992,292,14396,24551,540736,528384
latest,kda,16,r1/recurrence_5,recurrence,[],105,90,5676,3992,292,15484,25639,540736,528384
latest,kda,16,r2/recurrence_5,recurrence,[],105,90,5676,3992,292,14137,24292,540736,528384
latest,kda,16,r3/recurrence_5,recurrence,[],105,90,5676,3992,292,14384,24539,540736,528384
latest,kda,16,r4/recurrence_5,recurrence,[],105,90,5676,3992,292,15398,25553,540736,528384
latest,kda,16,r5/recurrence_5,recurrence,[],105,90,5676,3992,292,13964,24119,540736,528384
latest,kda,16,r6/recurrence_5,recurrence,[],105,90,5676,3992,292,14385,24540,540736,528384
latest,kda,16,r7/recurrence_5,recurrence,[],105,90,5676,3992,292,15345,25500,540736,528384
latest,kda,16,r8/recurrence_5,recurrence,[],105,90,5676,3992,292,13884,24039,540736,528384
latest,kda,16,r9/recurrence_5,recurrence,[],105,90,5676,3992,292,14456,24611,540736,528384
latest,kda,16,r10/recurrence_5,recurrence,[],105,90,5676,3992,292,15412,25567,540736,528384
latest,kda,16,r11/recurrence_5,recurrence,[],105,90,5676,3992,292,14112,24267,540736,528384
latest,kda,16,r12/recurrence_5,recurrence,[],105,90,5676,3992,292,14792,24947,540736,528384
latest,kda,16,r13/recurrence_5,recurrence,[],105,90,5676,3992,292,14792,24947,540736,528384
latest,kda,16,r14/recurrence_5,recurrence,[],105,90,5676,3992,292,14302,24457,540736,528384
latest,kda,16,r15/recurrence_5,recurrence,[],105,90,5676,3992,292,14896,25051,540736,528384
latest,kda,16,r0/output_rms,norm,[],2271,1677,1266,1536,0,9795,16545,442368,24576
latest,kda,16,r1/output_rms,norm,[],2373,1779,1266,1536,0,10152,17106,442368,24576
latest,kda,16,r2/output_rms,norm,[],2373,1779,1266,1536,0,9793,16747,442368,24576
latest,kda,16,r3/output_rms,norm,[],2373,1779,1266,1536,0,9780,16734,442368,24576
latest,kda,16,r4/output_rms,norm,[],2373,1779,1266,1536,0,10581,17535,442368,24576
latest,kda,16,r5/output_rms,norm,[],2373,1779,1266,1536,0,9550,16504,442368,24576
latest,kda,16,r6/output_rms,norm,[],2373,1779,1266,1536,0,9974,16928,442368,24576
latest,kda,16,r7/output_rms,norm,[],2373,1779,1266,1536,0,10793,17747,442368,24576
latest,kda,16,r8/output_rms,norm,[],2373,1779,1266,1536,0,10219,17173,442368,24576
latest,kda,16,r9/output_rms,norm,[],2373,1779,1266,1536,0,9526,16480,442368,24576
latest,kda,16,r10/output_rms,norm,[],2373,1779,1266,1536,0,10623,17577,442368,24576
latest,kda,16,r11/output_rms,norm,[],2373,1779,1266,1536,0,9980,16934,442368,24576
latest,kda,16,r12/output_rms,norm,[],2373,1779,1266,1536,0,9507,16461,442368,24576
latest,kda,16,r13/output_rms,norm,[],2373,1779,1266,1536,0,10185,17139,442368,24576
latest,kda,16,r14/output_rms,norm,[],2373,1779,1266,1536,0,9986,16940,442368,24576
latest,kda,16,r15/output_rms,norm,[],2373,1779,1266,1536,0,9243,16197,442368,24576
latest,kda,16,r0/output_norm_weight,norm,[],80,56,36,6,0,1119,1297,49152,24576
latest,kda,16,r1/output_norm_weight,norm,[],80,56,36,6,0,1684,1862,49152,24576
latest,kda,16,r2/output_norm_weight,norm,[],80,56,36,6,0,1477,1655,49152,24576
latest,kda,16,r3/output_norm_weight,norm,[],80,56,36,6,0,1190,1368,49152,24576
latest,kda,16,r4/output_norm_weight,norm,[],80,56,36,6,0,1428,1606,49152,24576
latest,kda,16,r5/output_norm_weight,norm,[],80,56,36,6,0,1422,1600,49152,24576
latest,kda,16,r6/output_norm_weight,norm,[],80,56,36,6,0,1640,1818,49152,24576
latest,kda,16,r7/output_norm_weight,norm,[],80,56,36,6,0,1190,1368,49152,24576
latest,kda,16,r8/output_norm_weight,norm,[],80,56,36,6,0,1207,1385,49152,24576
latest,kda,16,r9/output_norm_weight,norm,[],80,56,36,6,0,1461,1639,49152,24576
latest,kda,16,r10/output_norm_weight,norm,[],80,56,36,6,0,1220,1398,49152,24576
latest,kda,16,r11/output_norm_weight,norm,[],80,56,36,6,0,1629,1807,49152,24576
latest,kda,16,r12/output_norm_weight,norm,[],80,56,36,6,0,1166,1344,49152,24576
latest,kda,16,r13/output_norm_weight,norm,[],80,56,36,6,0,1174,1352,49152,24576
latest,kda,16,r14/output_norm_weight,norm,[],80,56,36,6,0,1598,1776,49152,24576
latest,kda,16,r15/output_norm_weight,norm,[],80,56,36,6,0,1252,1430,49152,24576
latest,kda,16,r0/output_gate,gate_prepare,[],124,75,97,918,0,1773,2987,53248,24576
latest,kda,16,r1/output_gate,gate_prepare,[],125,76,97,918,0,1656,2872,53248,24576
latest,kda,16,r2/output_gate,gate_prepare,[],125,76,97,918,0,1383,2599,53248,24576
latest,kda,16,r3/output_gate,gate_prepare,[],125,76,97,918,0,1692,2908,53248,24576
latest,kda,16,r4/output_gate,gate_prepare,[],125,76,97,918,0,1788,3004,53248,24576
latest,kda,16,r5/output_gate,gate_prepare,[],125,76,97,918,0,1586,2802,53248,24576
latest,kda,16,r6/output_gate,gate_prepare,[],125,76,97,918,0,1287,2503,53248,24576
latest,kda,16,r7/output_gate,gate_prepare,[],125,76,97,918,0,1608,2824,53248,24576
latest,kda,16,r8/output_gate,gate_prepare,[],125,76,97,918,0,1661,2877,53248,24576
latest,kda,16,r9/output_gate,gate_prepare,[],125,76,97,918,0,1262,2478,53248,24576
latest,kda,16,r10/output_gate,gate_prepare,[],125,76,97,918,0,1659,2875,53248,24576
latest,kda,16,r11/output_gate,gate_prepare,[],125,76,97,918,0,1593,2809,53248,24576
latest,kda,16,r12/output_gate,gate_prepare,[],125,76,97,918,0,1274,2490,53248,24576
latest,kda,16,r13/output_gate,gate_prepare,[],125,76,97,918,0,1711,2927,53248,24576
latest,kda,16,r14/output_gate,gate_prepare,[],125,76,97,918,0,1664,2880,53248,24576
latest,kda,16,r15/output_gate,gate_prepare,[],125,76,97,918,0,1736,2952,53248,24576
latest,kda,16,output_projection,output_projection,"[16,7168,12288]",184665,129061,1077044,6365184,1548288,3596817,12901059,183451648,262144
