design,window_id,batch,prev_ms,now_ms,abs_diff
historical945:selected_single:6x16x128,heldout_bfcl_b2_l2_s3,2,1.9241206666666666,1.9241206666666666,0.0
historical945:selected_single:6x16x128,heldout_bfcl_b4_l2_s3,4,2.7488393333333336,2.7488393333333336,0.0
historical945:selected_single:6x16x128,heldout_bfcl_b8_l2_s3,8,3.7110466666666664,3.7110466666666664,0.0
historical945:selected_single:6x16x128,heldout_bfcl_b16_l2_s3,16,4.948231333333333,4.948231333333333,0.0
historical945:selected_single:6x16x128,heldout_bfcl_b2_l2_s7,2,1.9241206666666666,1.9241206666666666,0.0
historical945:selected_single:6x16x128,heldout_bfcl_b4_l2_s7,4,3.0237313333333335,3.0237313333333335,0.0
historical945:selected_single:6x16x128,heldout_bfcl_b8_l2_s7,8,4.1233846666666665,4.1233846666666665,0.0
historical945:selected_single:6x16x128,heldout_bfcl_b16_l2_s7,16,6.185245333333333,6.185245333333333,0.0
historical945:selected_single:6x16x128,heldout_bfcl_b2_l2_s11,2,1.3743366666666665,1.3743366666666665,0.0
historical945:selected_single:6x16x128,heldout_bfcl_b4_l2_s11,4,3.0237313333333335,3.0237313333333335,0.0
historical945:selected_single:6x16x128,heldout_bfcl_b8_l2_s11,8,4.260830666666666,4.260830666666666,0.0
historical945:selected_single:6x16x128,heldout_bfcl_b16_l2_s11,16,7.009921333333333,7.009921333333333,0.0
historical945:selected_single:6x16x128,heldout_bfcl_b2_l13_s3,2,1.6492286666666665,1.6492286666666665,0.0
historical945:selected_single:6x16x128,heldout_bfcl_b4_l13_s3,4,3.2986233333333335,3.2986233333333335,0.0
historical945:selected_single:6x16x128,heldout_bfcl_b8_l13_s3,8,3.9859386666666663,3.9859386666666663,0.0
historical945:selected_single:6x16x128,heldout_bfcl_b16_l13_s3,16,5.498015333333333,5.498015333333333,0.0
historical945:selected_single:6x16x128,heldout_bfcl_b2_l13_s7,2,1.9241206666666666,1.9241206666666666,0.0
historical945:selected_single:6x16x128,heldout_bfcl_b4_l13_s7,4,3.0237313333333335,3.0237313333333335,0.0
historical945:selected_single:6x16x128,heldout_bfcl_b8_l13_s7,8,4.398276666666666,4.398276666666666,0.0
historical945:selected_single:6x16x128,heldout_bfcl_b16_l13_s7,16,5.498015333333333,5.498015333333333,0.0
historical945:selected_single:6x16x128,heldout_bfcl_b2_l13_s11,2,1.2368906666666666,1.2368906666666666,0.0
historical945:selected_single:6x16x128,heldout_bfcl_b4_l13_s11,4,2.8862853333333334,2.8862853333333334,0.0
historical945:selected_single:6x16x128,heldout_bfcl_b8_l13_s11,8,3.7110466666666664,3.7110466666666664,0.0
historical945:selected_single:6x16x128,heldout_bfcl_b16_l13_s11,16,6.460137333333333,6.460137333333333,0.0
historical945:selected_single:6x16x128,heldout_bfcl_b2_l26_s3,2,1.7866746666666664,1.7866746666666664,0.0
historical945:selected_single:6x16x128,heldout_bfcl_b4_l26_s3,4,3.2986233333333335,3.2986233333333335,0.0
historical945:selected_single:6x16x128,heldout_bfcl_b8_l26_s3,8,4.260830666666666,4.260830666666666,0.0
historical945:selected_single:6x16x128,heldout_bfcl_b16_l26_s3,16,6.322691333333333,6.322691333333333,0.0
historical945:selected_single:6x16x128,heldout_bfcl_b2_l26_s7,2,1.6492286666666665,1.6492286666666665,0.0
historical945:selected_single:6x16x128,heldout_bfcl_b4_l26_s7,4,3.2986233333333335,3.2986233333333335,0.0
historical945:selected_single:6x16x128,heldout_bfcl_b8_l26_s7,8,4.673168666666666,4.673168666666666,0.0
historical945:selected_single:6x16x128,heldout_bfcl_b16_l26_s7,16,5.772907333333333,5.772907333333333,0.0
historical945:selected_single:6x16x128,heldout_bfcl_b2_l26_s11,2,1.3743366666666665,1.3743366666666665,0.0
historical945:selected_single:6x16x128,heldout_bfcl_b4_l26_s11,4,3.0237313333333335,3.0237313333333335,0.0
historical945:selected_single:6x16x128,heldout_bfcl_b8_l26_s11,8,4.535722666666666,4.535722666666666,0.0
historical945:selected_single:6x16x128,heldout_bfcl_b16_l26_s11,16,6.597583333333333,6.597583333333333,0.0
historical945:selected_single:6x16x128,heldout_gpqa_b2_l2_s3,2,1.7866746666666664,1.7866746666666664,0.0
historical945:selected_single:6x16x128,heldout_gpqa_b4_l2_s3,4,2.4739473333333333,2.4739473333333333,0.0
historical945:selected_single:6x16x128,heldout_gpqa_b8_l2_s3,8,3.1612626666666666,3.1612626666666666,0.0
historical945:selected_single:6x16x128,heldout_gpqa_b16_l2_s3,16,3.848663333333333,3.848663333333333,0.0
historical945:selected_single:6x16x128,heldout_gpqa_b2_l2_s7,2,1.9241206666666666,1.9241206666666666,0.0
historical945:selected_single:6x16x128,heldout_gpqa_b4_l2_s7,4,3.2986233333333335,3.2986233333333335,0.0
historical945:selected_single:6x16x128,heldout_gpqa_b8_l2_s7,8,4.673168666666666,4.673168666666666,0.0
historical945:selected_single:6x16x128,heldout_gpqa_b16_l2_s7,16,6.460137333333333,6.460137333333333,0.0
historical945:selected_single:6x16x128,heldout_gpqa_b2_l2_s11,2,1.5117826666666665,1.5117826666666665,0.0
historical945:selected_single:6x16x128,heldout_gpqa_b4_l2_s11,4,3.1611773333333333,3.1611773333333333,0.0
historical945:selected_single:6x16x128,heldout_gpqa_b8_l2_s11,8,5.222952666666666,5.222952666666666,0.0
historical945:selected_single:6x16x128,heldout_gpqa_b16_l2_s11,16,6.872475333333333,6.872475333333333,0.0
historical945:selected_single:6x16x128,heldout_gpqa_b2_l13_s3,2,1.7866746666666664,1.7866746666666664,0.0
historical945:selected_single:6x16x128,heldout_gpqa_b4_l13_s3,4,2.6113933333333335,2.6113933333333335,0.0
historical945:selected_single:6x16x128,heldout_gpqa_b8_l13_s3,8,3.8484926666666666,3.8484926666666666,0.0
historical945:selected_single:6x16x128,heldout_gpqa_b16_l13_s3,16,4.398447333333333,4.398447333333333,0.0
historical945:selected_single:6x16x128,heldout_gpqa_b2_l13_s7,2,1.7866746666666664,1.7866746666666664,0.0
historical945:selected_single:6x16x128,heldout_gpqa_b4_l13_s7,4,3.1611773333333333,3.1611773333333333,0.0
historical945:selected_single:6x16x128,heldout_gpqa_b8_l13_s7,8,4.810614666666666,4.810614666666666,0.0
historical945:selected_single:6x16x128,heldout_gpqa_b16_l13_s7,16,6.047799333333333,6.047799333333333,0.0
historical945:selected_single:6x16x128,heldout_gpqa_b2_l13_s11,2,1.2368906666666666,1.2368906666666666,0.0
historical945:selected_single:6x16x128,heldout_gpqa_b4_l13_s11,4,3.2986233333333335,3.2986233333333335,0.0
historical945:selected_single:6x16x128,heldout_gpqa_b8_l13_s11,8,4.1233846666666665,4.1233846666666665,0.0
historical945:selected_single:6x16x128,heldout_gpqa_b16_l13_s11,16,6.185245333333333,6.185245333333333,0.0
historical945:selected_single:6x16x128,heldout_gpqa_b2_l26_s3,2,1.9241206666666666,1.9241206666666666,0.0
historical945:selected_single:6x16x128,heldout_gpqa_b4_l26_s3,4,2.3365013333333335,2.3365013333333335,0.0
historical945:selected_single:6x16x128,heldout_gpqa_b8_l26_s3,8,3.4361546666666665,3.4361546666666665,0.0
historical945:selected_single:6x16x128,heldout_gpqa_b16_l26_s3,16,4.673339333333333,4.673339333333333,0.0
historical945:selected_single:6x16x128,heldout_gpqa_b2_l26_s7,2,1.9241206666666666,1.9241206666666666,0.0
historical945:selected_single:6x16x128,heldout_gpqa_b4_l26_s7,4,3.1611773333333333,3.1611773333333333,0.0
historical945:selected_single:6x16x128,heldout_gpqa_b8_l26_s7,8,4.673168666666666,4.673168666666666,0.0
historical945:selected_single:6x16x128,heldout_gpqa_b16_l26_s7,16,6.322691333333333,6.322691333333333,0.0
historical945:selected_single:6x16x128,heldout_gpqa_b2_l26_s11,2,1.7866746666666664,1.7866746666666664,0.0
historical945:selected_single:6x16x128,heldout_gpqa_b4_l26_s11,4,3.4360693333333336,3.4360693333333336,0.0
historical945:selected_single:6x16x128,heldout_gpqa_b8_l26_s11,8,4.673168666666666,4.673168666666666,0.0
historical945:selected_single:6x16x128,heldout_gpqa_b16_l26_s11,16,6.872475333333333,6.872475333333333,0.0
historical945:selected_single:6x16x128,heldout_swe_b2_l2_s3,2,1.7866746666666664,1.7866746666666664,0.0
historical945:selected_single:6x16x128,heldout_swe_b4_l2_s3,4,2.0616093333333336,2.0616093333333336,0.0
historical945:selected_single:6x16x128,heldout_swe_b8_l2_s3,8,2.3365866666666664,2.3365866666666664,0.0
historical945:selected_single:6x16x128,heldout_swe_b16_l2_s3,16,2.749095333333333,2.749095333333333,0.0
historical945:selected_single:6x16x128,heldout_swe_b2_l2_s7,2,1.7866746666666664,1.7866746666666664,0.0
historical945:selected_single:6x16x128,heldout_swe_b4_l2_s7,4,2.3365013333333335,2.3365013333333335,0.0
historical945:selected_single:6x16x128,heldout_swe_b8_l2_s7,8,2.4740326666666665,2.4740326666666665,0.0
historical945:selected_single:6x16x128,heldout_swe_b16_l2_s7,16,3.023987333333333,3.023987333333333,0.0
historical945:selected_single:6x16x128,heldout_swe_b2_l2_s11,2,1.7866746666666664,1.7866746666666664,0.0
historical945:selected_single:6x16x128,heldout_swe_b4_l2_s11,4,2.8862853333333334,2.8862853333333334,0.0
historical945:selected_single:6x16x128,heldout_swe_b8_l2_s11,8,2.6114786666666667,2.6114786666666667,0.0
historical945:selected_single:6x16x128,heldout_swe_b16_l2_s11,16,3.848663333333333,3.848663333333333,0.0
historical945:selected_single:6x16x128,heldout_swe_b2_l13_s3,2,1.9241206666666666,1.9241206666666666,0.0
historical945:selected_single:6x16x128,heldout_swe_b4_l13_s3,4,2.6113933333333335,2.6113933333333335,0.0
historical945:selected_single:6x16x128,heldout_swe_b8_l13_s3,8,2.7489246666666665,2.7489246666666665,0.0
historical945:selected_single:6x16x128,heldout_swe_b16_l13_s3,16,2.886541333333333,2.886541333333333,0.0
historical945:selected_single:6x16x128,heldout_swe_b2_l13_s7,2,1.9241206666666666,1.9241206666666666,0.0
historical945:selected_single:6x16x128,heldout_swe_b4_l13_s7,4,2.8862853333333334,2.8862853333333334,0.0
historical945:selected_single:6x16x128,heldout_swe_b8_l13_s7,8,2.8863706666666666,2.8863706666666666,0.0
historical945:selected_single:6x16x128,heldout_swe_b16_l13_s7,16,3.023987333333333,3.023987333333333,0.0
historical945:selected_single:6x16x128,heldout_swe_b2_l13_s11,2,1.6492286666666665,1.6492286666666665,0.0
historical945:selected_single:6x16x128,heldout_swe_b4_l13_s11,4,3.0237313333333335,3.0237313333333335,0.0
historical945:selected_single:6x16x128,heldout_swe_b8_l13_s11,8,2.6114786666666667,2.6114786666666667,0.0
historical945:selected_single:6x16x128,heldout_swe_b16_l13_s11,16,3.848663333333333,3.848663333333333,0.0
historical945:selected_single:6x16x128,heldout_swe_b2_l26_s3,2,1.6492286666666665,1.6492286666666665,0.0
historical945:selected_single:6x16x128,heldout_swe_b4_l26_s3,4,2.6113933333333335,2.6113933333333335,0.0
historical945:selected_single:6x16x128,heldout_swe_b8_l26_s3,8,3.1612626666666666,3.1612626666666666,0.0
historical945:selected_single:6x16x128,heldout_swe_b16_l26_s3,16,3.848663333333333,3.848663333333333,0.0
historical945:selected_single:6x16x128,heldout_swe_b2_l26_s7,2,1.9241206666666666,1.9241206666666666,0.0
historical945:selected_single:6x16x128,heldout_swe_b4_l26_s7,4,2.4739473333333333,2.4739473333333333,0.0
historical945:selected_single:6x16x128,heldout_swe_b8_l26_s7,8,3.0238166666666664,3.0238166666666664,0.0
historical945:selected_single:6x16x128,heldout_swe_b16_l26_s7,16,3.161433333333333,3.161433333333333,0.0
historical945:selected_single:6x16x128,heldout_swe_b2_l26_s11,2,1.9241206666666666,1.9241206666666666,0.0
historical945:selected_single:6x16x128,heldout_swe_b4_l26_s11,4,3.4360693333333336,3.4360693333333336,0.0
historical945:selected_single:6x16x128,heldout_swe_b8_l26_s11,8,2.6114786666666667,2.6114786666666667,0.0
historical945:selected_single:6x16x128,heldout_swe_b16_l26_s11,16,4.123555333333333,4.123555333333333,0.0
historical945:selected_single:6x16x128,v3_captured_mixed_heldout_bfcl_t64_l2,64,8.997748,8.997748,0.0
historical945:selected_single:6x16x128,v3_captured_mixed_heldout_bfcl_t96_l2,96,9.469030666666667,9.469030666666667,0.0
historical945:selected_single:6x16x128,v3_captured_mixed_heldout_bfcl_t128_l2,128,10.263453333333334,10.263453333333334,0.0
historical945:selected_single:6x16x128,v3_captured_mixed_heldout_bfcl_t64_l13,64,8.362613999999999,8.362613999999999,0.0
historical945:selected_single:6x16x128,v3_captured_mixed_heldout_bfcl_t96_l13,96,9.528000666666667,9.528000666666667,0.0
historical945:selected_single:6x16x128,v3_captured_mixed_heldout_bfcl_t128_l13,128,10.192956,10.192956,0.0
historical945:selected_single:6x16x128,v3_captured_mixed_heldout_bfcl_t64_l26,64,8.860302,8.860302,0.0
historical945:selected_single:6x16x128,v3_captured_mixed_heldout_bfcl_t96_l26,96,9.636279333333334,9.636279333333334,0.0
historical945:selected_single:6x16x128,v3_captured_mixed_heldout_bfcl_t128_l26,128,10.22966133333333,10.22966133333333,0.0
historical945:selected_single:6x16x128,v3_captured_mixed_heldout_gpqa_t64_l2,64,9.27264,9.27264,0.0
historical945:selected_single:6x16x128,v3_captured_mixed_heldout_gpqa_t96_l2,96,9.71412,9.71412,0.0
historical945:selected_single:6x16x128,v3_captured_mixed_heldout_gpqa_t128_l2,128,10.031367999999999,10.031367999999999,0.0
historical945:selected_single:6x16x128,v3_captured_mixed_heldout_gpqa_t64_l13,64,8.310517999999998,8.310517999999998,0.0
historical945:selected_single:6x16x128,v3_captured_mixed_heldout_gpqa_t96_l13,96,9.035572666666669,9.035572666666669,0.0
historical945:selected_single:6x16x128,v3_captured_mixed_heldout_gpqa_t128_l13,128,9.529690666666665,9.529690666666665,0.0
historical945:selected_single:6x16x128,v3_captured_mixed_heldout_gpqa_t64_l26,64,9.27264,9.27264,0.0
historical945:selected_single:6x16x128,v3_captured_mixed_heldout_gpqa_t96_l26,96,9.71412,9.71412,0.0
historical945:selected_single:6x16x128,v3_captured_mixed_heldout_gpqa_t128_l26,128,10.041927999999999,10.041927999999999,0.0
historical945:selected_single:6x16x128,v3_captured_mixed_heldout_swe_t64_l2,64,9.135194,9.135194,0.0
historical945:selected_single:6x16x128,v3_captured_mixed_heldout_swe_t96_l2,96,9.582540666666667,9.582540666666667,0.0
historical945:selected_single:6x16x128,v3_captured_mixed_heldout_swe_t128_l2,128,10.069853333333333,10.069853333333333,0.0
historical945:selected_single:6x16x128,v3_captured_mixed_heldout_swe_t64_l13,64,7.830899333333332,7.830899333333332,0.0
historical945:selected_single:6x16x128,v3_captured_mixed_heldout_swe_t96_l13,96,9.112377333333335,9.112377333333335,0.0
historical945:selected_single:6x16x128,v3_captured_mixed_heldout_swe_t128_l13,128,10.165030666666665,10.165030666666665,0.0
historical945:selected_single:6x16x128,v3_captured_mixed_heldout_swe_t64_l26,64,8.722856,8.722856,0.0
historical945:selected_single:6x16x128,v3_captured_mixed_heldout_swe_t96_l26,96,9.164336,9.164336,0.0
historical945:selected_single:6x16x128,v3_captured_mixed_heldout_swe_t128_l26,128,10.032306666666667,10.032306666666667,0.0
historical945:selected_homogeneous:6x16x64+6x16x64,heldout_bfcl_b2_l2_s3,2,1.9231466666666666,1.9231466666666666,0.0
historical945:selected_homogeneous:6x16x64+6x16x64,heldout_bfcl_b4_l2_s3,4,2.7473793333333334,2.7473793333333334,0.0
historical945:selected_homogeneous:6x16x64+6x16x64,heldout_bfcl_b8_l2_s3,8,3.8461416666666666,3.8461416666666666,0.0
historical945:selected_homogeneous:6x16x64+6x16x64,heldout_bfcl_b16_l2_s3,16,4.945174999698144,4.945174999698144,0.0
historical945:selected_homogeneous:6x16x64+6x16x64,heldout_bfcl_b2_l2_s7,2,1.9231466666666666,1.9231466666666666,0.0
historical945:selected_homogeneous:6x16x64+6x16x64,heldout_bfcl_b4_l2_s7,4,3.0221093333333333,3.0221093333333333,0.0
historical945:selected_homogeneous:6x16x64+6x16x64,heldout_bfcl_b8_l2_s7,8,4.121114666666666,4.121114666666666,0.0
historical945:selected_homogeneous:6x16x64+6x16x64,heldout_bfcl_b16_l2_s7,16,6.318797888486414,6.318797888486414,0.0
historical945:selected_homogeneous:6x16x64+6x16x64,heldout_bfcl_b2_l2_s11,2,1.3736866666666665,1.3736866666666665,0.0
historical945:selected_homogeneous:6x16x64+6x16x64,heldout_bfcl_b4_l2_s11,4,3.0221093333333333,3.0221093333333333,0.0
historical945:selected_homogeneous:6x16x64+6x16x64,heldout_bfcl_b8_l2_s11,8,4.395601666666666,4.395601666666666,0.0
historical945:selected_homogeneous:6x16x64+6x16x64,heldout_bfcl_b16_l2_s11,16,7.143066888486414,7.143066888486414,0.0
historical945:selected_homogeneous:6x16x64+6x16x64,heldout_bfcl_b2_l13_s3,2,1.6484166666666664,1.6484166666666664,0.0
historical945:selected_homogeneous:6x16x64+6x16x64,heldout_bfcl_b4_l13_s3,4,3.2968393333333337,3.2968393333333337,0.0
historical945:selected_homogeneous:6x16x64+6x16x64,heldout_bfcl_b8_l13_s3,8,4.120871666666667,4.120871666666667,0.0
historical945:selected_homogeneous:6x16x64+6x16x64,heldout_bfcl_b16_l13_s3,16,5.494777333333333,5.494777333333333,0.0
historical945:selected_homogeneous:6x16x64+6x16x64,heldout_bfcl_b2_l13_s7,2,1.9231466666666666,1.9231466666666666,0.0
historical945:selected_homogeneous:6x16x64+6x16x64,heldout_bfcl_b4_l13_s7,4,3.0221093333333333,3.0221093333333333,0.0
historical945:selected_homogeneous:6x16x64+6x16x64,heldout_bfcl_b8_l13_s7,8,4.395844666666666,4.395844666666666,0.0
historical945:selected_homogeneous:6x16x64+6x16x64,heldout_bfcl_b16_l13_s7,16,5.494856333333333,5.494856333333333,0.0
historical945:selected_homogeneous:6x16x64+6x16x64,heldout_bfcl_b2_l13_s11,2,1.3735226666666664,1.3735226666666664,0.0
historical945:selected_homogeneous:6x16x64+6x16x64,heldout_bfcl_b4_l13_s11,4,3.0219453333333335,3.0219453333333335,0.0
historical945:selected_homogeneous:6x16x64+6x16x64,heldout_bfcl_b8_l13_s11,8,3.8461416666666666,3.8461416666666666,0.0
historical945:selected_homogeneous:6x16x64+6x16x64,heldout_bfcl_b16_l13_s11,16,6.5936068884864145,6.5936068884864145,0.0
historical945:selected_homogeneous:6x16x64+6x16x64,heldout_bfcl_b2_l26_s3,2,1.9229826666666665,1.9229826666666665,0.0
historical945:selected_homogeneous:6x16x64+6x16x64,heldout_bfcl_b4_l26_s3,4,3.2968393333333337,3.2968393333333337,0.0
historical945:selected_homogeneous:6x16x64+6x16x64,heldout_bfcl_b8_l26_s3,8,4.395601666666666,4.395601666666666,0.0
historical945:selected_homogeneous:6x16x64+6x16x64,heldout_bfcl_b16_l26_s3,16,6.319046333333333,6.319046333333333,0.0
historical945:selected_homogeneous:6x16x64+6x16x64,heldout_bfcl_b2_l26_s7,2,1.6484166666666664,1.6484166666666664,0.0
historical945:selected_homogeneous:6x16x64+6x16x64,heldout_bfcl_b4_l26_s7,4,3.2968393333333337,3.2968393333333337,0.0
historical945:selected_homogeneous:6x16x64+6x16x64,heldout_bfcl_b8_l26_s7,8,4.670574666666666,4.670574666666666,0.0
historical945:selected_homogeneous:6x16x64+6x16x64,heldout_bfcl_b16_l26_s7,16,5.769665333333333,5.769665333333333,0.0
historical945:selected_homogeneous:6x16x64+6x16x64,heldout_bfcl_b2_l26_s11,2,1.3736866666666665,1.3736866666666665,0.0
historical945:selected_homogeneous:6x16x64+6x16x64,heldout_bfcl_b4_l26_s11,4,3.0221093333333333,3.0221093333333333,0.0
historical945:selected_homogeneous:6x16x64+6x16x64,heldout_bfcl_b8_l26_s11,8,4.670331666666666,4.670331666666666,0.0
historical945:selected_homogeneous:6x16x64+6x16x64,heldout_bfcl_b16_l26_s11,16,6.593855333333333,6.593855333333333,0.0
historical945:selected_homogeneous:6x16x64+6x16x64,heldout_gpqa_b2_l2_s3,2,1.9229826666666665,1.9229826666666665,0.0
historical945:selected_homogeneous:6x16x64+6x16x64,heldout_gpqa_b4_l2_s3,4,2.4726493333333335,2.4726493333333335,0.0
historical945:selected_homogeneous:6x16x64+6x16x64,heldout_gpqa_b8_l2_s3,8,3.2966816666666667,3.2966816666666667,0.0
historical945:selected_homogeneous:6x16x64+6x16x64,heldout_gpqa_b16_l2_s3,16,3.8464192289923034,3.8464192289923034,0.0
historical945:selected_homogeneous:6x16x64+6x16x64,heldout_gpqa_b2_l2_s7,2,1.9231466666666666,1.9231466666666666,0.0
historical945:selected_homogeneous:6x16x64+6x16x64,heldout_gpqa_b4_l2_s7,4,3.2968393333333337,3.2968393333333337,0.0
historical945:selected_homogeneous:6x16x64+6x16x64,heldout_gpqa_b8_l2_s7,8,4.670574666666666,4.670574666666666,0.0
historical945:selected_homogeneous:6x16x64+6x16x64,heldout_gpqa_b16_l2_s7,16,6.593527888486414,6.593527888486414,0.0
historical945:selected_homogeneous:6x16x64+6x16x64,heldout_gpqa_b2_l2_s11,2,1.6482526666666666,1.6482526666666666,0.0
historical945:selected_homogeneous:6x16x64+6x16x64,heldout_gpqa_b4_l2_s11,4,3.2966753333333334,3.2966753333333334,0.0
historical945:selected_homogeneous:6x16x64+6x16x64,heldout_gpqa_b8_l2_s11,8,5.220034666666666,5.220034666666666,0.0
historical945:selected_homogeneous:6x16x64+6x16x64,heldout_gpqa_b16_l2_s11,16,6.868585333333333,6.868585333333333,0.0
historical945:selected_homogeneous:6x16x64+6x16x64,heldout_gpqa_b2_l13_s3,2,1.9229826666666665,1.9229826666666665,0.0
historical945:selected_homogeneous:6x16x64+6x16x64,heldout_gpqa_b4_l13_s3,4,2.7472153333333336,2.7472153333333336,0.0
historical945:selected_homogeneous:6x16x64+6x16x64,heldout_gpqa_b8_l13_s3,8,3.8463846666666663,3.8463846666666663,0.0
historical945:selected_homogeneous:6x16x64+6x16x64,heldout_gpqa_b16_l13_s3,16,4.395815110909874,4.395815110909874,0.0
historical945:selected_homogeneous:6x16x64+6x16x64,heldout_gpqa_b2_l13_s7,2,1.9229826666666665,1.9229826666666665,0.0
historical945:selected_homogeneous:6x16x64+6x16x64,heldout_gpqa_b4_l13_s7,4,3.2966753333333334,3.2966753333333334,0.0
historical945:selected_homogeneous:6x16x64+6x16x64,heldout_gpqa_b8_l13_s7,8,4.945061666666666,4.945061666666666,0.0
historical945:selected_homogeneous:6x16x64+6x16x64,heldout_gpqa_b16_l13_s7,16,6.044316333333333,6.044316333333333,0.0
historical945:selected_homogeneous:6x16x64+6x16x64,heldout_gpqa_b2_l13_s11,2,1.3735226666666664,1.3735226666666664,0.0
historical945:selected_homogeneous:6x16x64+6x16x64,heldout_gpqa_b4_l13_s11,4,3.2968393333333337,3.2968393333333337,0.0
historical945:selected_homogeneous:6x16x64+6x16x64,heldout_gpqa_b8_l13_s11,8,4.121114666666666,4.121114666666666,0.0
historical945:selected_homogeneous:6x16x64+6x16x64,heldout_gpqa_b16_l13_s11,16,6.318876888486415,6.318876888486415,0.0
historical945:selected_homogeneous:6x16x64+6x16x64,heldout_gpqa_b2_l26_s3,2,1.9231466666666666,1.9231466666666666,0.0
historical945:selected_homogeneous:6x16x64+6x16x64,heldout_gpqa_b4_l26_s3,4,2.4724853333333336,2.4724853333333336,0.0
historical945:selected_homogeneous:6x16x64+6x16x64,heldout_gpqa_b8_l26_s3,8,3.5714116666666667,3.5714116666666667,0.0
historical945:selected_homogeneous:6x16x64+6x16x64,heldout_gpqa_b16_l26_s3,16,4.670508333333333,4.670508333333333,0.0
historical945:selected_homogeneous:6x16x64+6x16x64,heldout_gpqa_b2_l26_s7,2,1.9231466666666666,1.9231466666666666,0.0
historical945:selected_homogeneous:6x16x64+6x16x64,heldout_gpqa_b4_l26_s7,4,3.2966753333333334,3.2966753333333334,0.0
historical945:selected_homogeneous:6x16x64+6x16x64,heldout_gpqa_b8_l26_s7,8,4.670574666666666,4.670574666666666,0.0
historical945:selected_homogeneous:6x16x64+6x16x64,heldout_gpqa_b16_l26_s7,16,6.593363888486414,6.593363888486414,0.0
historical945:selected_homogeneous:6x16x64+6x16x64,heldout_gpqa_b2_l26_s11,2,1.9229826666666665,1.9229826666666665,0.0
historical945:selected_homogeneous:6x16x64+6x16x64,heldout_gpqa_b4_l26_s11,4,3.5714053333333333,3.5714053333333333,0.0
historical945:selected_homogeneous:6x16x64+6x16x64,heldout_gpqa_b8_l26_s11,8,4.670574666666666,4.670574666666666,0.0
historical945:selected_homogeneous:6x16x64+6x16x64,heldout_gpqa_b16_l26_s11,16,6.868585333333333,6.868585333333333,0.0
historical945:selected_homogeneous:6x16x64+6x16x64,heldout_swe_b2_l2_s3,2,1.9229826666666665,1.9229826666666665,0.0
historical945:selected_homogeneous:6x16x64+6x16x64,heldout_swe_b4_l2_s3,4,2.1977553333333333,2.1977553333333333,0.0
historical945:selected_homogeneous:6x16x64+6x16x64,heldout_swe_b8_l2_s3,8,2.4724916666666665,2.4724916666666665,0.0
historical945:selected_homogeneous:6x16x64+6x16x64,heldout_swe_b16_l2_s3,16,2.7473983333333334,2.7473983333333334,0.0
historical945:selected_homogeneous:6x16x64+6x16x64,heldout_swe_b2_l2_s7,2,1.9229826666666665,1.9229826666666665,0.0
historical945:selected_homogeneous:6x16x64+6x16x64,heldout_swe_b4_l2_s7,4,2.4724853333333336,2.4724853333333336,0.0
historical945:selected_homogeneous:6x16x64+6x16x64,heldout_swe_b8_l2_s7,8,2.4727346666666663,2.4727346666666663,0.0
historical945:selected_homogeneous:6x16x64+6x16x64,heldout_swe_b16_l2_s7,16,3.0221283333333333,3.0221283333333333,0.0
historical945:selected_homogeneous:6x16x64+6x16x64,heldout_swe_b2_l2_s11,2,1.9229826666666665,1.9229826666666665,0.0
historical945:selected_homogeneous:6x16x64+6x16x64,heldout_swe_b4_l2_s11,4,3.0219453333333335,3.0219453333333335,0.0
historical945:selected_homogeneous:6x16x64+6x16x64,heldout_swe_b8_l2_s11,8,2.7471426666666665,2.7471426666666665,0.0
historical945:selected_homogeneous:6x16x64+6x16x64,heldout_swe_b16_l2_s11,16,3.8462761109098738,3.8462761109098738,0.0
historical945:selected_homogeneous:6x16x64+6x16x64,heldout_swe_b2_l13_s3,2,1.9231466666666666,1.9231466666666666,0.0
historical945:selected_homogeneous:6x16x64+6x16x64,heldout_swe_b4_l13_s3,4,2.7472153333333336,2.7472153333333336,0.0
historical945:selected_homogeneous:6x16x64+6x16x64,heldout_swe_b8_l13_s3,8,2.7474646666666667,2.7474646666666667,0.0
historical945:selected_homogeneous:6x16x64+6x16x64,heldout_swe_b16_l13_s3,16,2.9762778884864143,2.9762778884864143,0.0
historical945:selected_homogeneous:6x16x64+6x16x64,heldout_swe_b2_l13_s7,2,1.9231466666666666,1.9231466666666666,0.0
historical945:selected_homogeneous:6x16x64+6x16x64,heldout_swe_b4_l13_s7,4,3.0219453333333335,3.0219453333333335,0.0
historical945:selected_homogeneous:6x16x64+6x16x64,heldout_swe_b8_l13_s7,8,3.021872666666667,3.021872666666667,0.0
historical945:selected_homogeneous:6x16x64+6x16x64,heldout_swe_b16_l13_s7,16,3.0221283333333333,3.0221283333333333,0.0
historical945:selected_homogeneous:6x16x64+6x16x64,heldout_swe_b2_l13_s11,2,1.6484166666666664,1.6484166666666664,0.0
historical945:selected_homogeneous:6x16x64+6x16x64,heldout_swe_b4_l13_s11,4,3.0221093333333333,3.0221093333333333,0.0
historical945:selected_homogeneous:6x16x64+6x16x64,heldout_swe_b8_l13_s11,8,2.7472216666666665,2.7472216666666665,0.0
historical945:selected_homogeneous:6x16x64+6x16x64,heldout_swe_b16_l13_s11,16,3.8463183333333335,3.8463183333333335,0.0
historical945:selected_homogeneous:6x16x64+6x16x64,heldout_swe_b2_l26_s3,2,1.6484166666666664,1.6484166666666664,0.0
historical945:selected_homogeneous:6x16x64+6x16x64,heldout_swe_b4_l26_s3,4,2.7472153333333336,2.7472153333333336,0.0
historical945:selected_homogeneous:6x16x64+6x16x64,heldout_swe_b8_l26_s3,8,3.2965236666666664,3.2965236666666664,0.0
historical945:selected_homogeneous:6x16x64+6x16x64,heldout_swe_b16_l26_s3,16,3.8463183333333335,3.8463183333333335,0.0
historical945:selected_homogeneous:6x16x64+6x16x64,heldout_swe_b2_l26_s7,2,1.9231466666666666,1.9231466666666666,0.0
historical945:selected_homogeneous:6x16x64+6x16x64,heldout_swe_b4_l26_s7,4,2.4726493333333335,2.4726493333333335,0.0
historical945:selected_homogeneous:6x16x64+6x16x64,heldout_swe_b8_l26_s7,8,3.0221946666666666,3.0221946666666666,0.0
historical945:selected_homogeneous:6x16x64+6x16x64,heldout_swe_b16_l26_s7,16,3.2966888884864143,3.2966888884864143,0.0
historical945:selected_homogeneous:6x16x64+6x16x64,heldout_swe_b2_l26_s11,2,1.9231466666666666,1.9231466666666666,0.0
historical945:selected_homogeneous:6x16x64+6x16x64,heldout_swe_b4_l26_s11,4,3.5714053333333333,3.5714053333333333,0.0
historical945:selected_homogeneous:6x16x64+6x16x64,heldout_swe_b8_l26_s11,8,2.7472216666666665,2.7472216666666665,0.0
historical945:selected_homogeneous:6x16x64+6x16x64,heldout_swe_b16_l26_s11,16,4.121127333333334,4.121127333333334,0.0
historical945:selected_homogeneous:6x16x64+6x16x64,v3_captured_mixed_heldout_bfcl_t64_l2,64,10.419269333333332,10.419269333333332,0.0
historical945:selected_homogeneous:6x16x64+6x16x64,v3_captured_mixed_heldout_bfcl_t96_l2,96,11.239752545052136,11.239752545052136,0.0
historical945:selected_homogeneous:6x16x64+6x16x64,v3_captured_mixed_heldout_bfcl_t128_l2,128,12.55767058413963,12.55767058413963,0.0
historical945:selected_homogeneous:6x16x64+6x16x64,v3_captured_mixed_heldout_bfcl_t64_l13,64,9.805635237180576,9.805635237180576,0.0
historical945:selected_homogeneous:6x16x64+6x16x64,v3_captured_mixed_heldout_bfcl_t96_l13,96,11.425871060513595,11.425871060513595,0.0
historical945:selected_homogeneous:6x16x64+6x16x64,v3_captured_mixed_heldout_bfcl_t128_l13,128,12.277803628118193,12.277803628118193,0.0
historical945:selected_homogeneous:6x16x64+6x16x64,v3_captured_mixed_heldout_bfcl_t64_l26,64,10.144545333333333,10.144545333333333,0.0
historical945:selected_homogeneous:6x16x64+6x16x64,v3_captured_mixed_heldout_bfcl_t96_l26,96,11.28132810283847,11.28132810283847,0.0
historical945:selected_homogeneous:6x16x64+6x16x64,v3_captured_mixed_heldout_bfcl_t128_l26,128,12.241869006277108,12.241869006277108,0.0
historical945:selected_homogeneous:6x16x64+6x16x64,v3_captured_mixed_heldout_gpqa_t64_l2,64,10.419281333333334,10.419281333333334,0.0
historical945:selected_homogeneous:6x16x64+6x16x64,v3_captured_mixed_heldout_gpqa_t96_l2,96,11.370686,11.370686,0.0
historical945:selected_homogeneous:6x16x64+6x16x64,v3_captured_mixed_heldout_gpqa_t128_l2,128,11.742230423747754,11.742230423747754,0.0
historical945:selected_homogeneous:6x16x64+6x16x64,v3_captured_mixed_heldout_gpqa_t64_l13,64,9.595085333333332,9.595085333333332,0.0
historical945:selected_homogeneous:6x16x64+6x16x64,v3_captured_mixed_heldout_gpqa_t96_l13,96,10.77546,10.77546,0.0
historical945:selected_homogeneous:6x16x64+6x16x64,v3_captured_mixed_heldout_gpqa_t128_l13,128,11.303408507702063,11.303408507702063,0.0
historical945:selected_homogeneous:6x16x64+6x16x64,v3_captured_mixed_heldout_gpqa_t64_l26,64,10.419281333333334,10.419281333333334,0.0
historical945:selected_homogeneous:6x16x64+6x16x64,v3_captured_mixed_heldout_gpqa_t96_l26,96,11.095968,11.095968,0.0
historical945:selected_homogeneous:6x16x64+6x16x64,v3_captured_mixed_heldout_gpqa_t128_l26,128,11.738935242222945,11.738935242222945,0.0
historical945:selected_homogeneous:6x16x64+6x16x64,v3_captured_mixed_heldout_swe_t64_l2,64,10.144557333333333,10.144557333333333,0.0
historical945:selected_homogeneous:6x16x64+6x16x64,v3_captured_mixed_heldout_swe_t96_l2,96,11.158150666666666,11.158150666666666,0.0
historical945:selected_homogeneous:6x16x64+6x16x64,v3_captured_mixed_heldout_swe_t128_l2,128,11.886405510305906,11.886405510305906,0.0
historical945:selected_homogeneous:6x16x64+6x16x64,v3_captured_mixed_heldout_swe_t64_l13,64,9.095197671167247,9.095197671167247,0.0
historical945:selected_homogeneous:6x16x64+6x16x64,v3_captured_mixed_heldout_swe_t96_l13,96,10.93567725841682,10.93567725841682,0.0
historical945:selected_homogeneous:6x16x64+6x16x64,v3_captured_mixed_heldout_swe_t128_l13,128,12.227312587264604,12.227312587264604,0.0
historical945:selected_homogeneous:6x16x64+6x16x64,v3_captured_mixed_heldout_swe_t64_l26,64,9.869821333333334,9.869821333333334,0.0
historical945:selected_homogeneous:6x16x64+6x16x64,v3_captured_mixed_heldout_swe_t96_l26,96,10.821226,10.821226,0.0
historical945:selected_homogeneous:6x16x64+6x16x64,v3_captured_mixed_heldout_swe_t128_l26,128,11.742776896915348,11.742776896915348,0.0
historical945:selected_heterogeneous:2x23x32+13x13x64,heldout_bfcl_b2_l2_s3,2,1.9235542670250898,1.9235542670250898,0.0
historical945:selected_heterogeneous:2x23x32+13x13x64,heldout_bfcl_b4_l2_s3,4,2.74797670358423,2.74797670358423,0.0
historical945:selected_heterogeneous:2x23x32+13x13x64,heldout_bfcl_b8_l2_s3,8,3.709885806810036,3.709885806810036,0.0
historical945:selected_heterogeneous:2x23x32+13x13x64,heldout_bfcl_b16_l2_s3,16,4.963800511259437,4.963800511259437,0.0
historical945:selected_heterogeneous:2x23x32+13x13x64,heldout_bfcl_b2_l2_s7,2,1.9235542670250898,1.9235542670250898,0.0
historical945:selected_heterogeneous:2x23x32+13x13x64,heldout_bfcl_b4_l2_s7,4,3.02286470358423,3.02286470358423,0.0
historical945:selected_heterogeneous:2x23x32+13x13x64,heldout_bfcl_b8_l2_s7,8,4.122217806810036,4.122217806810036,0.0
historical945:selected_heterogeneous:2x23x32+13x13x64,heldout_bfcl_b16_l2_s7,16,6.19674338530466,6.19674338530466,0.0
historical945:selected_heterogeneous:2x23x32+13x13x64,heldout_bfcl_b2_l2_s11,2,1.3740765132616486,1.3740765132616486,0.0
historical945:selected_heterogeneous:2x23x32+13x13x64,heldout_bfcl_b4_l2_s11,4,3.02286470358423,3.02286470358423,0.0
historical945:selected_heterogeneous:2x23x32+13x13x64,heldout_bfcl_b8_l2_s11,8,4.259661806810035,4.259661806810035,0.0
historical945:selected_heterogeneous:2x23x32+13x13x64,heldout_bfcl_b16_l2_s11,16,7.021407385304659,7.021407385304659,0.0
historical945:selected_heterogeneous:2x23x32+13x13x64,heldout_bfcl_b2_l13_s3,2,1.6489645132616486,1.6489645132616486,0.0
historical945:selected_heterogeneous:2x23x32+13x13x64,heldout_bfcl_b4_l13_s3,4,3.29775270358423,3.29775270358423,0.0
historical945:selected_heterogeneous:2x23x32+13x13x64,heldout_bfcl_b8_l13_s3,8,3.984773806810036,3.984773806810036,0.0
historical945:selected_heterogeneous:2x23x32+13x13x64,heldout_bfcl_b16_l13_s3,16,5.509807615412186,5.509807615412186,0.0
historical945:selected_heterogeneous:2x23x32+13x13x64,heldout_bfcl_b2_l13_s7,2,1.9235542670250898,1.9235542670250898,0.0
historical945:selected_heterogeneous:2x23x32+13x13x64,heldout_bfcl_b4_l13_s7,4,3.02286470358423,3.02286470358423,0.0
historical945:selected_heterogeneous:2x23x32+13x13x64,heldout_bfcl_b8_l13_s7,8,4.3971058068100355,4.3971058068100355,0.0
historical945:selected_heterogeneous:2x23x32+13x13x64,heldout_bfcl_b16_l13_s7,16,5.509807615412186,5.509807615412186,0.0
historical945:selected_heterogeneous:2x23x32+13x13x64,heldout_bfcl_b2_l13_s11,2,1.2366325132616487,1.2366325132616487,0.0
historical945:selected_heterogeneous:2x23x32+13x13x64,heldout_bfcl_b4_l13_s11,4,2.88542070358423,2.88542070358423,0.0
historical945:selected_heterogeneous:2x23x32+13x13x64,heldout_bfcl_b8_l13_s11,8,3.709885806810036,3.709885806810036,0.0
historical945:selected_heterogeneous:2x23x32+13x13x64,heldout_bfcl_b16_l13_s11,16,6.47163138530466,6.47163138530466,0.0
historical945:selected_heterogeneous:2x23x32+13x13x64,heldout_bfcl_b2_l26_s3,2,1.78611026702509,1.78611026702509,0.0
historical945:selected_heterogeneous:2x23x32+13x13x64,heldout_bfcl_b4_l26_s3,4,3.29775270358423,3.29775270358423,0.0
historical945:selected_heterogeneous:2x23x32+13x13x64,heldout_bfcl_b8_l26_s3,8,4.259661806810035,4.259661806810035,0.0
historical945:selected_heterogeneous:2x23x32+13x13x64,heldout_bfcl_b16_l26_s3,16,6.334187385304659,6.334187385304659,0.0
historical945:selected_heterogeneous:2x23x32+13x13x64,heldout_bfcl_b2_l26_s7,2,1.6489645132616486,1.6489645132616486,0.0
historical945:selected_heterogeneous:2x23x32+13x13x64,heldout_bfcl_b4_l26_s7,4,3.29775270358423,3.29775270358423,0.0
historical945:selected_heterogeneous:2x23x32+13x13x64,heldout_bfcl_b8_l26_s7,8,4.671695532258065,4.671695532258065,0.0
historical945:selected_heterogeneous:2x23x32+13x13x64,heldout_bfcl_b16_l26_s7,16,5.784695615412187,5.784695615412187,0.0
historical945:selected_heterogeneous:2x23x32+13x13x64,heldout_bfcl_b2_l26_s11,2,1.3740765132616486,1.3740765132616486,0.0
historical945:selected_heterogeneous:2x23x32+13x13x64,heldout_bfcl_b4_l26_s11,4,3.02286470358423,3.02286470358423,0.0
historical945:selected_heterogeneous:2x23x32+13x13x64,heldout_bfcl_b8_l26_s11,8,4.5342515322580645,4.5342515322580645,0.0
historical945:selected_heterogeneous:2x23x32+13x13x64,heldout_bfcl_b16_l26_s11,16,6.60907538530466,6.60907538530466,0.0
historical945:selected_heterogeneous:2x23x32+13x13x64,heldout_gpqa_b2_l2_s3,2,1.78611026702509,1.78611026702509,0.0
historical945:selected_heterogeneous:2x23x32+13x13x64,heldout_gpqa_b4_l2_s3,4,2.4733729336917563,2.4733729336917563,0.0
historical945:selected_heterogeneous:2x23x32+13x13x64,heldout_gpqa_b8_l2_s3,8,3.160394036917563,3.160394036917563,0.0
historical945:selected_heterogeneous:2x23x32+13x13x64,heldout_gpqa_b16_l2_s3,16,3.8610621200716855,3.8610621200716855,0.0
historical945:selected_heterogeneous:2x23x32+13x13x64,heldout_gpqa_b2_l2_s7,2,1.9235542670250898,1.9235542670250898,0.0
historical945:selected_heterogeneous:2x23x32+13x13x64,heldout_gpqa_b4_l2_s7,4,3.29775270358423,3.29775270358423,0.0
historical945:selected_heterogeneous:2x23x32+13x13x64,heldout_gpqa_b8_l2_s7,8,4.671695532258065,4.671695532258065,0.0
historical945:selected_heterogeneous:2x23x32+13x13x64,heldout_gpqa_b16_l2_s7,16,6.471639256238608,6.471639256238608,0.0
historical945:selected_heterogeneous:2x23x32+13x13x64,heldout_gpqa_b2_l2_s11,2,1.5115205132616485,1.5115205132616485,0.0
historical945:selected_heterogeneous:2x23x32+13x13x64,heldout_gpqa_b4_l2_s11,4,3.16030870358423,3.16030870358423,0.0
historical945:selected_heterogeneous:2x23x32+13x13x64,heldout_gpqa_b8_l2_s11,8,5.2214715322580645,5.2214715322580645,0.0
historical945:selected_heterogeneous:2x23x32+13x13x64,heldout_gpqa_b16_l2_s11,16,6.883971256238608,6.883971256238608,0.0
historical945:selected_heterogeneous:2x23x32+13x13x64,heldout_gpqa_b2_l13_s3,2,1.78611026702509,1.78611026702509,0.0
historical945:selected_heterogeneous:2x23x32+13x13x64,heldout_gpqa_b4_l13_s3,4,2.61053270358423,2.61053270358423,0.0
historical945:selected_heterogeneous:2x23x32+13x13x64,heldout_gpqa_b8_l13_s3,8,3.847329806810036,3.847329806810036,0.0
historical945:selected_heterogeneous:2x23x32+13x13x64,heldout_gpqa_b16_l13_s3,16,4.410539845519714,4.410539845519714,0.0
historical945:selected_heterogeneous:2x23x32+13x13x64,heldout_gpqa_b2_l13_s7,2,1.78611026702509,1.78611026702509,0.0
historical945:selected_heterogeneous:2x23x32+13x13x64,heldout_gpqa_b4_l13_s7,4,3.16030870358423,3.16030870358423,0.0
historical945:selected_heterogeneous:2x23x32+13x13x64,heldout_gpqa_b8_l13_s7,8,4.809139532258064,4.809139532258064,0.0
historical945:selected_heterogeneous:2x23x32+13x13x64,heldout_gpqa_b16_l13_s7,16,6.059583615412187,6.059583615412187,0.0
historical945:selected_heterogeneous:2x23x32+13x13x64,heldout_gpqa_b2_l13_s11,2,1.2366325132616487,1.2366325132616487,0.0
historical945:selected_heterogeneous:2x23x32+13x13x64,heldout_gpqa_b4_l13_s11,4,3.29775270358423,3.29775270358423,0.0
historical945:selected_heterogeneous:2x23x32+13x13x64,heldout_gpqa_b8_l13_s11,8,4.122217806810036,4.122217806810036,0.0
historical945:selected_heterogeneous:2x23x32+13x13x64,heldout_gpqa_b16_l13_s11,16,6.19674338530466,6.19674338530466,0.0
historical945:selected_heterogeneous:2x23x32+13x13x64,heldout_gpqa_b2_l26_s3,2,1.9235542670250898,1.9235542670250898,0.0
historical945:selected_heterogeneous:2x23x32+13x13x64,heldout_gpqa_b4_l26_s3,4,2.3359289336917564,2.3359289336917564,0.0
historical945:selected_heterogeneous:2x23x32+13x13x64,heldout_gpqa_b8_l26_s3,8,3.435282036917563,3.435282036917563,0.0
historical945:selected_heterogeneous:2x23x32+13x13x64,heldout_gpqa_b16_l26_s3,16,4.685435738768336,4.685435738768336,0.0
historical945:selected_heterogeneous:2x23x32+13x13x64,heldout_gpqa_b2_l26_s7,2,1.9235542670250898,1.9235542670250898,0.0
historical945:selected_heterogeneous:2x23x32+13x13x64,heldout_gpqa_b4_l26_s7,4,3.16030870358423,3.16030870358423,0.0
historical945:selected_heterogeneous:2x23x32+13x13x64,heldout_gpqa_b8_l26_s7,8,4.671695532258065,4.671695532258065,0.0
historical945:selected_heterogeneous:2x23x32+13x13x64,heldout_gpqa_b16_l26_s7,16,6.334187385304659,6.334187385304659,0.0
historical945:selected_heterogeneous:2x23x32+13x13x64,heldout_gpqa_b2_l26_s11,2,1.78611026702509,1.78611026702509,0.0
historical945:selected_heterogeneous:2x23x32+13x13x64,heldout_gpqa_b4_l26_s11,4,3.43519670358423,3.43519670358423,0.0
historical945:selected_heterogeneous:2x23x32+13x13x64,heldout_gpqa_b8_l26_s11,8,4.671695532258065,4.671695532258065,0.0
historical945:selected_heterogeneous:2x23x32+13x13x64,heldout_gpqa_b16_l26_s11,16,6.88396338530466,6.88396338530466,0.0
historical945:selected_heterogeneous:2x23x32+13x13x64,heldout_swe_b2_l2_s3,2,1.78611026702509,1.78611026702509,0.0
historical945:selected_heterogeneous:2x23x32+13x13x64,heldout_swe_b4_l2_s3,4,2.0610409336917566,2.0610409336917566,0.0
historical945:selected_heterogeneous:2x23x32+13x13x64,heldout_swe_b8_l2_s3,8,2.3360142670250896,2.3360142670250896,0.0
historical945:selected_heterogeneous:2x23x32+13x13x64,heldout_swe_b16_l2_s3,16,2.7617943501792124,2.7617943501792124,0.0
historical945:selected_heterogeneous:2x23x32+13x13x64,heldout_swe_b2_l2_s7,2,1.78611026702509,1.78611026702509,0.0
historical945:selected_heterogeneous:2x23x32+13x13x64,heldout_swe_b4_l2_s7,4,2.3359289336917564,2.3359289336917564,0.0
historical945:selected_heterogeneous:2x23x32+13x13x64,heldout_swe_b8_l2_s7,8,2.47345826702509,2.47345826702509,0.0
historical945:selected_heterogeneous:2x23x32+13x13x64,heldout_swe_b16_l2_s7,16,3.0485393606623923,3.0485393606623923,0.0
historical945:selected_heterogeneous:2x23x32+13x13x64,heldout_swe_b2_l2_s11,2,1.78611026702509,1.78611026702509,0.0
historical945:selected_heterogeneous:2x23x32+13x13x64,heldout_swe_b4_l2_s11,4,2.88542070358423,2.88542070358423,0.0
historical945:selected_heterogeneous:2x23x32+13x13x64,heldout_swe_b8_l2_s11,8,2.6109101319583,2.6109101319583,0.0
historical945:selected_heterogeneous:2x23x32+13x13x64,heldout_swe_b16_l2_s11,16,3.8610621200716855,3.8610621200716855,0.0
historical945:selected_heterogeneous:2x23x32+13x13x64,heldout_swe_b2_l13_s3,2,1.9235542670250898,1.9235542670250898,0.0
historical945:selected_heterogeneous:2x23x32+13x13x64,heldout_swe_b4_l13_s3,4,2.61053270358423,2.61053270358423,0.0
historical945:selected_heterogeneous:2x23x32+13x13x64,heldout_swe_b8_l13_s3,8,2.7480620369175632,2.7480620369175632,0.0
historical945:selected_heterogeneous:2x23x32+13x13x64,heldout_swe_b16_l13_s3,16,2.8992383501792123,2.8992383501792123,0.0
historical945:selected_heterogeneous:2x23x32+13x13x64,heldout_swe_b2_l13_s7,2,1.9235542670250898,1.9235542670250898,0.0
historical945:selected_heterogeneous:2x23x32+13x13x64,heldout_swe_b4_l13_s7,4,2.88542070358423,2.88542070358423,0.0
historical945:selected_heterogeneous:2x23x32+13x13x64,heldout_swe_b8_l13_s7,8,2.885506036917563,2.885506036917563,0.0
historical945:selected_heterogeneous:2x23x32+13x13x64,heldout_swe_b16_l13_s7,16,3.036682350179212,3.036682350179212,0.0
historical945:selected_heterogeneous:2x23x32+13x13x64,heldout_swe_b2_l13_s11,2,1.6489645132616486,1.6489645132616486,0.0
historical945:selected_heterogeneous:2x23x32+13x13x64,heldout_swe_b4_l13_s11,4,3.02286470358423,3.02286470358423,0.0
historical945:selected_heterogeneous:2x23x32+13x13x64,heldout_swe_b8_l13_s11,8,2.610618036917563,2.610618036917563,0.0
historical945:selected_heterogeneous:2x23x32+13x13x64,heldout_swe_b16_l13_s11,16,3.87293317499931,3.87293317499931,0.0
historical945:selected_heterogeneous:2x23x32+13x13x64,heldout_swe_b2_l26_s3,2,1.6489645132616486,1.6489645132616486,0.0
historical945:selected_heterogeneous:2x23x32+13x13x64,heldout_swe_b4_l26_s3,4,2.61053270358423,2.61053270358423,0.0
historical945:selected_heterogeneous:2x23x32+13x13x64,heldout_swe_b8_l26_s3,8,3.160394036917563,3.160394036917563,0.0
historical945:selected_heterogeneous:2x23x32+13x13x64,heldout_swe_b16_l26_s3,16,3.8610621200716855,3.8610621200716855,0.0
historical945:selected_heterogeneous:2x23x32+13x13x64,heldout_swe_b2_l26_s7,2,1.9235542670250898,1.9235542670250898,0.0
historical945:selected_heterogeneous:2x23x32+13x13x64,heldout_swe_b4_l26_s7,4,2.4733729336917563,2.4733729336917563,0.0
historical945:selected_heterogeneous:2x23x32+13x13x64,heldout_swe_b8_l26_s7,8,3.022950036917563,3.022950036917563,0.0
historical945:selected_heterogeneous:2x23x32+13x13x64,heldout_swe_b16_l26_s7,16,3.17411644784334,3.17411644784334,0.0
historical945:selected_heterogeneous:2x23x32+13x13x64,heldout_swe_b2_l26_s11,2,1.9235542670250898,1.9235542670250898,0.0
historical945:selected_heterogeneous:2x23x32+13x13x64,heldout_swe_b4_l26_s11,4,3.43519670358423,3.43519670358423,0.0
historical945:selected_heterogeneous:2x23x32+13x13x64,heldout_swe_b8_l26_s11,8,2.610618036917563,2.610618036917563,0.0
historical945:selected_heterogeneous:2x23x32+13x13x64,heldout_swe_b16_l26_s11,16,4.135950120071685,4.135950120071685,0.0
historical945:selected_heterogeneous:2x23x32+13x13x64,v3_captured_mixed_heldout_bfcl_t64_l2,64,9.42163855764987,9.42163855764987,0.0
historical945:selected_heterogeneous:2x23x32+13x13x64,v3_captured_mixed_heldout_bfcl_t96_l2,96,10.390099993566452,10.390099993566452,0.0
historical945:selected_heterogeneous:2x23x32+13x13x64,v3_captured_mixed_heldout_bfcl_t128_l2,128,11.558370444624694,11.558370444624694,0.0
historical945:selected_heterogeneous:2x23x32+13x13x64,v3_captured_mixed_heldout_bfcl_t64_l13,64,8.977885749268367,8.977885749268367,0.0
historical945:selected_heterogeneous:2x23x32+13x13x64,v3_captured_mixed_heldout_bfcl_t96_l13,96,10.428910268804392,10.428910268804392,0.0
historical945:selected_heterogeneous:2x23x32+13x13x64,v3_captured_mixed_heldout_bfcl_t128_l13,128,11.320672959860644,11.320672959860644,0.0
historical945:selected_heterogeneous:2x23x32+13x13x64,v3_captured_mixed_heldout_bfcl_t64_l26,64,9.306214540735649,9.306214540735649,0.0
historical945:selected_heterogeneous:2x23x32+13x13x64,v3_captured_mixed_heldout_bfcl_t96_l26,96,10.471803139587829,10.471803139587829,0.0
historical945:selected_heterogeneous:2x23x32+13x13x64,v3_captured_mixed_heldout_bfcl_t128_l26,128,11.515940127145743,11.515940127145743,0.0
historical945:selected_heterogeneous:2x23x32+13x13x64,v3_captured_mixed_heldout_gpqa_t64_l2,64,9.674891172816809,9.674891172816809,0.0
historical945:selected_heterogeneous:2x23x32+13x13x64,v3_captured_mixed_heldout_gpqa_t96_l2,96,10.334887255038671,10.334887255038671,0.0
historical945:selected_heterogeneous:2x23x32+13x13x64,v3_captured_mixed_heldout_gpqa_t128_l2,128,10.982842444477802,10.982842444477802,0.0
historical945:selected_heterogeneous:2x23x32+13x13x64,v3_captured_mixed_heldout_gpqa_t64_l13,64,8.805066779086875,8.805066779086875,0.0
historical945:selected_heterogeneous:2x23x32+13x13x64,v3_captured_mixed_heldout_gpqa_t96_l13,96,9.894296564366742,9.894296564366742,0.0
historical945:selected_heterogeneous:2x23x32+13x13x64,v3_captured_mixed_heldout_gpqa_t128_l13,128,10.553657167780473,10.553657167780473,0.0
historical945:selected_heterogeneous:2x23x32+13x13x64,v3_captured_mixed_heldout_gpqa_t64_l26,64,9.643862190107527,9.643862190107527,0.0
historical945:selected_heterogeneous:2x23x32+13x13x64,v3_captured_mixed_heldout_gpqa_t96_l26,96,10.429659138598588,10.429659138598588,0.0
historical945:selected_heterogeneous:2x23x32+13x13x64,v3_captured_mixed_heldout_gpqa_t128_l26,128,11.04533879185336,11.04533879185336,0.0
historical945:selected_heterogeneous:2x23x32+13x13x64,v3_captured_mixed_heldout_swe_t64_l2,64,9.53639761063453,9.53639761063453,0.0
historical945:selected_heterogeneous:2x23x32+13x13x64,v3_captured_mixed_heldout_swe_t96_l2,96,10.247678855252053,10.247678855252053,0.0
historical945:selected_heterogeneous:2x23x32+13x13x64,v3_captured_mixed_heldout_swe_t128_l2,128,10.986138306679992,10.986138306679992,0.0
historical945:selected_heterogeneous:2x23x32+13x13x64,v3_captured_mixed_heldout_swe_t64_l13,64,8.441002765548255,8.441002765548255,0.0
historical945:selected_heterogeneous:2x23x32+13x13x64,v3_captured_mixed_heldout_swe_t96_l13,96,10.052986601081145,10.052986601081145,0.0
historical945:selected_heterogeneous:2x23x32+13x13x64,v3_captured_mixed_heldout_swe_t128_l13,128,11.359426874900246,11.359426874900246,0.0
historical945:selected_heterogeneous:2x23x32+13x13x64,v3_captured_mixed_heldout_swe_t64_l26,64,9.152755878968039,9.152755878968039,0.0
historical945:selected_heterogeneous:2x23x32+13x13x64,v3_captured_mixed_heldout_swe_t96_l26,96,9.909148579136483,9.909148579136483,0.0
historical945:selected_heterogeneous:2x23x32+13x13x64,v3_captured_mixed_heldout_swe_t128_l26,128,11.071703791531094,11.071703791531094,0.0
historical945:fixed_6:6x4x512,heldout_bfcl_b2_l2_s3,2,1.9824646666666665,1.9824646666666665,0.0
historical945:fixed_6:6x4x512,heldout_bfcl_b4_l2_s3,4,2.8321913333333333,2.8321913333333333,0.0
historical945:fixed_6:6x4x512,heldout_bfcl_b8_l2_s3,8,3.84926,3.84926,0.0
historical945:fixed_6:6x4x512,heldout_bfcl_b16_l2_s3,16,5.432266,5.432266,0.0
historical945:fixed_6:6x4x512,heldout_bfcl_b2_l2_s7,2,1.9824646666666665,1.9824646666666665,0.0
historical945:fixed_6:6x4x512,heldout_bfcl_b4_l2_s7,4,3.1154193333333335,3.1154193333333335,0.0
historical945:fixed_6:6x4x512,heldout_bfcl_b8_l2_s7,8,4.274102,4.274102,0.0
historical945:fixed_6:6x4x512,heldout_bfcl_b16_l2_s7,16,6.6497893333333336,6.6497893333333336,0.0
historical945:fixed_6:6x4x512,heldout_bfcl_b2_l2_s11,2,1.4160086666666665,1.4160086666666665,0.0
historical945:fixed_6:6x4x512,heldout_bfcl_b4_l2_s11,4,3.1154193333333335,3.1154193333333335,0.0
historical945:fixed_6:6x4x512,heldout_bfcl_b8_l2_s11,8,4.415716,4.415716,0.0
historical945:fixed_6:6x4x512,heldout_bfcl_b16_l2_s11,16,7.4775426666666664,7.4775426666666664,0.0
historical945:fixed_6:6x4x512,heldout_bfcl_b2_l13_s3,2,1.6992366666666665,1.6992366666666665,0.0
historical945:fixed_6:6x4x512,heldout_bfcl_b4_l13_s3,4,3.3986473333333334,3.3986473333333334,0.0
historical945:fixed_6:6x4x512,heldout_bfcl_b8_l13_s3,8,4.132488,4.132488,0.0
historical945:fixed_6:6x4x512,heldout_bfcl_b16_l13_s3,16,5.962071333333333,5.962071333333333,0.0
historical945:fixed_6:6x4x512,heldout_bfcl_b2_l13_s7,2,1.9824646666666665,1.9824646666666665,0.0
historical945:fixed_6:6x4x512,heldout_bfcl_b4_l13_s7,4,3.1154193333333335,3.1154193333333335,0.0
historical945:fixed_6:6x4x512,heldout_bfcl_b8_l13_s7,8,4.55733,4.55733,0.0
historical945:fixed_6:6x4x512,heldout_bfcl_b16_l13_s7,16,5.956439333333334,5.956439333333334,0.0
historical945:fixed_6:6x4x512,heldout_bfcl_b2_l13_s11,2,1.2743946666666666,1.2743946666666666,0.0
historical945:fixed_6:6x4x512,heldout_bfcl_b4_l13_s11,4,2.9738053333333334,2.9738053333333334,0.0
historical945:fixed_6:6x4x512,heldout_bfcl_b8_l13_s11,8,3.84926,3.84926,0.0
historical945:fixed_6:6x4x512,heldout_bfcl_b16_l13_s11,16,6.922052,6.922052,0.0
historical945:fixed_6:6x4x512,heldout_bfcl_b2_l26_s3,2,1.8408506666666664,1.8408506666666664,0.0
historical945:fixed_6:6x4x512,heldout_bfcl_b4_l26_s3,4,3.3986473333333334,3.3986473333333334,0.0
historical945:fixed_6:6x4x512,heldout_bfcl_b8_l26_s3,8,4.415716,4.415716,0.0
historical945:fixed_6:6x4x512,heldout_bfcl_b16_l26_s3,16,6.8189660000000005,6.8189660000000005,0.0
historical945:fixed_6:6x4x512,heldout_bfcl_b2_l26_s7,2,1.6992366666666665,1.6992366666666665,0.0
historical945:fixed_6:6x4x512,heldout_bfcl_b4_l26_s7,4,3.3986473333333334,3.3986473333333334,0.0
historical945:fixed_6:6x4x512,heldout_bfcl_b8_l26_s7,8,4.840558,4.840558,0.0
historical945:fixed_6:6x4x512,heldout_bfcl_b16_l26_s7,16,6.203016666666666,6.203016666666666,0.0
historical945:fixed_6:6x4x512,heldout_bfcl_b2_l26_s11,2,1.4160086666666665,1.4160086666666665,0.0
historical945:fixed_6:6x4x512,heldout_bfcl_b4_l26_s11,4,3.1154193333333335,3.1154193333333335,0.0
historical945:fixed_6:6x4x512,heldout_bfcl_b8_l26_s11,8,4.698944,4.698944,0.0
historical945:fixed_6:6x4x512,heldout_bfcl_b16_l26_s11,16,7.052700666666666,7.052700666666666,0.0
historical945:fixed_6:6x4x512,heldout_gpqa_b2_l2_s3,2,1.8408506666666664,1.8408506666666664,0.0
historical945:fixed_6:6x4x512,heldout_gpqa_b4_l2_s3,4,2.5489633333333335,2.5489633333333335,0.0
historical945:fixed_6:6x4x512,heldout_gpqa_b8_l2_s3,8,3.293769333333333,3.293769333333333,0.0
historical945:fixed_6:6x4x512,heldout_gpqa_b16_l2_s3,16,4.410287333333333,4.410287333333333,0.0
historical945:fixed_6:6x4x512,heldout_gpqa_b2_l2_s7,2,1.9824646666666665,1.9824646666666665,0.0
historical945:fixed_6:6x4x512,heldout_gpqa_b4_l2_s7,4,3.3986473333333334,3.3986473333333334,0.0
historical945:fixed_6:6x4x512,heldout_gpqa_b8_l2_s7,8,4.840558,4.840558,0.0
historical945:fixed_6:6x4x512,heldout_gpqa_b16_l2_s7,16,6.922052,6.922052,0.0
historical945:fixed_6:6x4x512,heldout_gpqa_b2_l2_s11,2,1.5576226666666666,1.5576226666666666,0.0
historical945:fixed_6:6x4x512,heldout_gpqa_b4_l2_s11,4,3.2570333333333337,3.2570333333333337,0.0
historical945:fixed_6:6x4x512,heldout_gpqa_b8_l2_s11,8,5.407014,5.407014,0.0
historical945:fixed_6:6x4x512,heldout_gpqa_b16_l2_s11,16,7.346894,7.346894,0.0
historical945:fixed_6:6x4x512,heldout_gpqa_b2_l13_s3,2,1.8408506666666664,1.8408506666666664,0.0
historical945:fixed_6:6x4x512,heldout_gpqa_b4_l13_s3,4,2.6905773333333336,2.6905773333333336,0.0
historical945:fixed_6:6x4x512,heldout_gpqa_b8_l13_s3,8,3.990874,3.990874,0.0
historical945:fixed_6:6x4x512,heldout_gpqa_b16_l13_s3,16,4.8382473333333325,4.8382473333333325,0.0
historical945:fixed_6:6x4x512,heldout_gpqa_b2_l13_s7,2,1.8408506666666664,1.8408506666666664,0.0
historical945:fixed_6:6x4x512,heldout_gpqa_b4_l13_s7,4,3.2570333333333337,3.2570333333333337,0.0
historical945:fixed_6:6x4x512,heldout_gpqa_b8_l13_s7,8,4.982172,4.982172,0.0
historical945:fixed_6:6x4x512,heldout_gpqa_b16_l13_s7,16,6.510052666666666,6.510052666666666,0.0
historical945:fixed_6:6x4x512,heldout_gpqa_b2_l13_s11,2,1.2743946666666666,1.2743946666666666,0.0
historical945:fixed_6:6x4x512,heldout_gpqa_b4_l13_s11,4,3.3986473333333334,3.3986473333333334,0.0
historical945:fixed_6:6x4x512,heldout_gpqa_b8_l13_s11,8,4.274102,4.274102,0.0
historical945:fixed_6:6x4x512,heldout_gpqa_b16_l13_s11,16,6.627858666666666,6.627858666666666,0.0
historical945:fixed_6:6x4x512,heldout_gpqa_b2_l26_s3,2,1.9824646666666665,1.9824646666666665,0.0
historical945:fixed_6:6x4x512,heldout_gpqa_b4_l26_s3,4,2.4073493333333333,2.4073493333333333,0.0
historical945:fixed_6:6x4x512,heldout_gpqa_b8_l26_s3,8,3.566032,3.566032,0.0
historical945:fixed_6:6x4x512,heldout_gpqa_b16_l26_s3,16,5.149336666666666,5.149336666666666,0.0
historical945:fixed_6:6x4x512,heldout_gpqa_b2_l26_s7,2,1.9824646666666665,1.9824646666666665,0.0
historical945:fixed_6:6x4x512,heldout_gpqa_b4_l26_s7,4,3.2570333333333337,3.2570333333333337,0.0
historical945:fixed_6:6x4x512,heldout_gpqa_b8_l26_s7,8,4.840558,4.840558,0.0
historical945:fixed_6:6x4x512,heldout_gpqa_b16_l26_s7,16,6.806123333333334,6.806123333333334,0.0
historical945:fixed_6:6x4x512,heldout_gpqa_b2_l26_s11,2,1.8408506666666664,1.8408506666666664,0.0
historical945:fixed_6:6x4x512,heldout_gpqa_b4_l26_s11,4,3.5402613333333335,3.5402613333333335,0.0
historical945:fixed_6:6x4x512,heldout_gpqa_b8_l26_s11,8,4.840558,4.840558,0.0
historical945:fixed_6:6x4x512,heldout_gpqa_b16_l26_s11,16,7.335928666666666,7.335928666666666,0.0
historical945:fixed_6:6x4x512,heldout_swe_b2_l2_s3,2,1.8408506666666664,1.8408506666666664,0.0
historical945:fixed_6:6x4x512,heldout_swe_b4_l2_s3,4,2.1241213333333335,2.1241213333333335,0.0
historical945:fixed_6:6x4x512,heldout_swe_b8_l2_s3,8,2.43312,2.43312,0.0
historical945:fixed_6:6x4x512,heldout_swe_b16_l2_s3,16,3.185215333333333,3.185215333333333,0.0
historical945:fixed_6:6x4x512,heldout_swe_b2_l2_s7,2,1.8408506666666664,1.8408506666666664,0.0
historical945:fixed_6:6x4x512,heldout_swe_b4_l2_s7,4,2.4073493333333333,2.4073493333333333,0.0
historical945:fixed_6:6x4x512,heldout_swe_b8_l2_s7,8,2.5856993333333333,2.5856993333333333,0.0
historical945:fixed_6:6x4x512,heldout_swe_b16_l2_s7,16,3.4646886666666665,3.4646886666666665,0.0
historical945:fixed_6:6x4x512,heldout_swe_b2_l2_s11,2,1.8408506666666664,1.8408506666666664,0.0
historical945:fixed_6:6x4x512,heldout_swe_b4_l2_s11,4,2.9738053333333334,2.9738053333333334,0.0
historical945:fixed_6:6x4x512,heldout_swe_b8_l2_s11,8,2.7273133333333335,2.7273133333333335,0.0
historical945:fixed_6:6x4x512,heldout_swe_b16_l2_s11,16,4.299652666666666,4.299652666666666,0.0
historical945:fixed_6:6x4x512,heldout_swe_b2_l13_s3,2,1.9824646666666665,1.9824646666666665,0.0
historical945:fixed_6:6x4x512,heldout_swe_b4_l13_s3,4,2.6905773333333336,2.6905773333333336,0.0
historical945:fixed_6:6x4x512,heldout_swe_b8_l13_s3,8,2.857962,2.857962,0.0
historical945:fixed_6:6x4x512,heldout_swe_b16_l13_s3,16,3.315565333333333,3.315565333333333,0.0
historical945:fixed_6:6x4x512,heldout_swe_b2_l13_s7,2,1.9824646666666665,1.9824646666666665,0.0
historical945:fixed_6:6x4x512,heldout_swe_b4_l13_s7,4,2.9738053333333334,2.9738053333333334,0.0
historical945:fixed_6:6x4x512,heldout_swe_b8_l13_s7,8,3.010541333333333,3.010541333333333,0.0
historical945:fixed_6:6x4x512,heldout_swe_b16_l13_s7,16,3.4646886666666665,3.4646886666666665,0.0
historical945:fixed_6:6x4x512,heldout_swe_b2_l13_s11,2,1.6992366666666665,1.6992366666666665,0.0
historical945:fixed_6:6x4x512,heldout_swe_b4_l13_s11,4,3.1154193333333335,3.1154193333333335,0.0
historical945:fixed_6:6x4x512,heldout_swe_b8_l13_s11,8,2.7291906666666663,2.7291906666666663,0.0
historical945:fixed_6:6x4x512,heldout_swe_b16_l13_s11,16,4.310916666666667,4.310916666666667,0.0
historical945:fixed_6:6x4x512,heldout_swe_b2_l26_s3,2,1.6992366666666665,1.6992366666666665,0.0
historical945:fixed_6:6x4x512,heldout_swe_b4_l26_s3,4,2.6905773333333336,2.6905773333333336,0.0
historical945:fixed_6:6x4x512,heldout_swe_b8_l26_s3,8,3.304734666666667,3.304734666666667,0.0
historical945:fixed_6:6x4x512,heldout_swe_b16_l26_s3,16,4.31625,4.31625,0.0
historical945:fixed_6:6x4x512,heldout_swe_b2_l26_s7,2,1.9824646666666665,1.9824646666666665,0.0
historical945:fixed_6:6x4x512,heldout_swe_b4_l26_s7,4,2.5489633333333335,2.5489633333333335,0.0
historical945:fixed_6:6x4x512,heldout_swe_b8_l26_s7,8,3.14119,3.14119,0.0
historical945:fixed_6:6x4x512,heldout_swe_b16_l26_s7,16,3.591284,3.591284,0.0
historical945:fixed_6:6x4x512,heldout_swe_b2_l26_s11,2,1.9824646666666665,1.9824646666666665,0.0
historical945:fixed_6:6x4x512,heldout_swe_b4_l26_s11,4,3.5402613333333335,3.5402613333333335,0.0
historical945:fixed_6:6x4x512,heldout_swe_b8_l26_s11,8,2.716348,2.716348,0.0
historical945:fixed_6:6x4x512,heldout_swe_b16_l26_s11,16,4.601355333333334,4.601355333333334,0.0
historical945:fixed_6:6x4x512,v3_captured_mixed_heldout_bfcl_t64_l2,64,12.502436000000003,12.502436000000003,0.0
historical945:fixed_6:6x4x512,v3_captured_mixed_heldout_bfcl_t96_l2,96,16.255697333333337,16.255697333333337,0.0
historical945:fixed_6:6x4x512,v3_captured_mixed_heldout_bfcl_t128_l2,128,20.969047999999994,20.969047999999994,0.0
historical945:fixed_6:6x4x512,v3_captured_mixed_heldout_bfcl_t64_l13,64,12.92708066666667,12.92708066666667,0.0
historical945:fixed_6:6x4x512,v3_captured_mixed_heldout_bfcl_t96_l13,96,16.800931333333335,16.800931333333335,0.0
historical945:fixed_6:6x4x512,v3_captured_mixed_heldout_bfcl_t128_l13,128,20.862289333333337,20.862289333333337,0.0
historical945:fixed_6:6x4x512,v3_captured_mixed_heldout_bfcl_t64_l26,64,11.993163333333332,11.993163333333332,0.0
historical945:fixed_6:6x4x512,v3_captured_mixed_heldout_bfcl_t96_l26,96,15.806292666666668,15.806292666666668,0.0
historical945:fixed_6:6x4x512,v3_captured_mixed_heldout_bfcl_t128_l26,128,20.265474666666673,20.265474666666673,0.0
historical945:fixed_6:6x4x512,v3_captured_mixed_heldout_gpqa_t64_l2,64,11.996202666666669,11.996202666666669,0.0
historical945:fixed_6:6x4x512,v3_captured_mixed_heldout_gpqa_t96_l2,96,14.642775999999992,14.642775999999992,0.0
historical945:fixed_6:6x4x512,v3_captured_mixed_heldout_gpqa_t128_l2,128,18.776024,18.776024,0.0
historical945:fixed_6:6x4x512,v3_captured_mixed_heldout_gpqa_t64_l13,64,11.366462000000004,11.366462000000004,0.0
historical945:fixed_6:6x4x512,v3_captured_mixed_heldout_gpqa_t96_l13,96,15.086705999999998,15.086705999999998,0.0
historical945:fixed_6:6x4x512,v3_captured_mixed_heldout_gpqa_t128_l13,128,19.476298666666676,19.476298666666676,0.0
historical945:fixed_6:6x4x512,v3_captured_mixed_heldout_gpqa_t64_l26,64,11.941290666666669,11.941290666666669,0.0
historical945:fixed_6:6x4x512,v3_captured_mixed_heldout_gpqa_t96_l26,96,15.029890666666669,15.029890666666669,0.0
historical945:fixed_6:6x4x512,v3_captured_mixed_heldout_gpqa_t128_l26,128,18.956333333333344,18.956333333333344,0.0
historical945:fixed_6:6x4x512,v3_captured_mixed_heldout_swe_t64_l2,64,12.356007333333338,12.356007333333338,0.0
historical945:fixed_6:6x4x512,v3_captured_mixed_heldout_swe_t96_l2,96,15.42801,15.42801,0.0
historical945:fixed_6:6x4x512,v3_captured_mixed_heldout_swe_t128_l2,128,19.58784266666667,19.58784266666667,0.0
historical945:fixed_6:6x4x512,v3_captured_mixed_heldout_swe_t64_l13,64,12.225285999999999,12.225285999999999,0.0
historical945:fixed_6:6x4x512,v3_captured_mixed_heldout_swe_t96_l13,96,16.604867999999996,16.604867999999996,0.0
historical945:fixed_6:6x4x512,v3_captured_mixed_heldout_swe_t128_l13,128,21.10749466666667,21.10749466666667,0.0
historical945:fixed_6:6x4x512,v3_captured_mixed_heldout_swe_t64_l26,64,11.956551999999999,11.956551999999999,0.0
historical945:fixed_6:6x4x512,v3_captured_mixed_heldout_swe_t96_l26,96,15.180661333333331,15.180661333333331,0.0
historical945:fixed_6:6x4x512,v3_captured_mixed_heldout_swe_t128_l26,128,19.195565333333338,19.195565333333338,0.0
historical945:fixed_3+3:3x4x512+3x4x512,heldout_bfcl_b2_l2_s3,2,1.9814706666666666,1.9814706666666666,0.0
historical945:fixed_3+3:3x4x512+3x4x512,heldout_bfcl_b4_l2_s3,4,2.830699333333333,2.830699333333333,0.0
historical945:fixed_3+3:3x4x512+3x4x512,heldout_bfcl_b8_l2_s3,8,3.9630266666666665,3.9630266666666665,0.0
historical945:fixed_3+3:3x4x512+3x4x512,heldout_bfcl_b16_l2_s3,16,5.574599333333334,5.574599333333334,0.0
historical945:fixed_3+3:3x4x512+3x4x512,heldout_bfcl_b2_l2_s7,2,1.9814706666666666,1.9814706666666666,0.0
historical945:fixed_3+3:3x4x512+3x4x512,heldout_bfcl_b4_l2_s7,4,3.113761333333333,3.113761333333333,0.0
historical945:fixed_3+3:3x4x512+3x4x512,heldout_bfcl_b8_l2_s7,8,4.2537753333333335,4.2537753333333335,0.0
historical945:fixed_3+3:3x4x512+3x4x512,heldout_bfcl_b16_l2_s7,16,6.793976,6.793976,0.0
historical945:fixed_3+3:3x4x512+3x4x512,heldout_bfcl_b2_l2_s11,2,1.4153466666666665,1.4153466666666665,0.0
historical945:fixed_3+3:3x4x512+3x4x512,heldout_bfcl_b4_l2_s11,4,3.113761333333333,3.113761333333333,0.0
historical945:fixed_3+3:3x4x512+3x4x512,heldout_bfcl_b8_l2_s11,8,4.529150666666666,4.529150666666666,0.0
historical945:fixed_3+3:3x4x512+3x4x512,heldout_bfcl_b16_l2_s11,16,7.642991333333333,7.642991333333333,0.0
historical945:fixed_3+3:3x4x512+3x4x512,heldout_bfcl_b2_l13_s3,2,1.6984086666666665,1.6984086666666665,0.0
historical945:fixed_3+3:3x4x512+3x4x512,heldout_bfcl_b4_l13_s3,4,3.396823333333333,3.396823333333333,0.0
historical945:fixed_3+3:3x4x512+3x4x512,heldout_bfcl_b8_l13_s3,8,4.246088666666666,4.246088666666666,0.0
historical945:fixed_3+3:3x4x512+3x4x512,heldout_bfcl_b16_l13_s3,16,6.132702,6.132702,0.0
historical945:fixed_3+3:3x4x512+3x4x512,heldout_bfcl_b2_l13_s7,2,1.9814706666666666,1.9814706666666666,0.0
historical945:fixed_3+3:3x4x512+3x4x512,heldout_bfcl_b4_l13_s7,4,3.113761333333333,3.113761333333333,0.0
historical945:fixed_3+3:3x4x512+3x4x512,heldout_bfcl_b8_l13_s7,8,4.536837333333333,4.536837333333333,0.0
historical945:fixed_3+3:3x4x512+3x4x512,heldout_bfcl_b16_l13_s7,16,6.132702,6.132702,0.0
historical945:fixed_3+3:3x4x512+3x4x512,heldout_bfcl_b2_l13_s11,2,1.4151706666666666,1.4151706666666666,0.0
historical945:fixed_3+3:3x4x512+3x4x512,heldout_bfcl_b4_l13_s11,4,3.113585333333333,3.113585333333333,0.0
historical945:fixed_3+3:3x4x512+3x4x512,heldout_bfcl_b8_l13_s11,8,3.9630266666666665,3.9630266666666665,0.0
historical945:fixed_3+3:3x4x512+3x4x512,heldout_bfcl_b16_l13_s11,16,7.076867333333334,7.076867333333334,0.0
historical945:fixed_3+3:3x4x512+3x4x512,heldout_bfcl_b2_l26_s3,2,1.9812946666666664,1.9812946666666664,0.0
historical945:fixed_3+3:3x4x512+3x4x512,heldout_bfcl_b4_l26_s3,4,3.396823333333333,3.396823333333333,0.0
historical945:fixed_3+3:3x4x512+3x4x512,heldout_bfcl_b8_l26_s3,8,4.529150666666666,4.529150666666666,0.0
historical945:fixed_3+3:3x4x512+3x4x512,heldout_bfcl_b16_l26_s3,16,6.978133333333335,6.978133333333335,0.0
historical945:fixed_3+3:3x4x512+3x4x512,heldout_bfcl_b2_l26_s7,2,1.6984086666666665,1.6984086666666665,0.0
historical945:fixed_3+3:3x4x512+3x4x512,heldout_bfcl_b4_l26_s7,4,3.396823333333333,3.396823333333333,0.0
historical945:fixed_3+3:3x4x512+3x4x512,heldout_bfcl_b8_l26_s7,8,4.819899333333333,4.819899333333333,0.0
historical945:fixed_3+3:3x4x512+3x4x512,heldout_bfcl_b16_l26_s7,16,6.411838666666666,6.411838666666666,0.0
historical945:fixed_3+3:3x4x512+3x4x512,heldout_bfcl_b2_l26_s11,2,1.4153466666666665,1.4153466666666665,0.0
historical945:fixed_3+3:3x4x512+3x4x512,heldout_bfcl_b4_l26_s11,4,3.113761333333333,3.113761333333333,0.0
historical945:fixed_3+3:3x4x512+3x4x512,heldout_bfcl_b8_l26_s11,8,4.8122126666666665,4.8122126666666665,0.0
historical945:fixed_3+3:3x4x512+3x4x512,heldout_bfcl_b16_l26_s11,16,7.261024666666666,7.261024666666666,0.0
historical945:fixed_3+3:3x4x512+3x4x512,heldout_gpqa_b2_l2_s3,2,1.9812946666666664,1.9812946666666664,0.0
historical945:fixed_3+3:3x4x512+3x4x512,heldout_gpqa_b4_l2_s3,4,2.547637333333333,2.547637333333333,0.0
historical945:fixed_3+3:3x4x512+3x4x512,heldout_gpqa_b8_l2_s3,8,3.3969026666666666,3.3969026666666666,0.0
historical945:fixed_3+3:3x4x512+3x4x512,heldout_gpqa_b16_l2_s3,16,4.600557333333334,4.600557333333334,0.0
historical945:fixed_3+3:3x4x512+3x4x512,heldout_gpqa_b2_l2_s7,2,1.9814706666666666,1.9814706666666666,0.0
historical945:fixed_3+3:3x4x512+3x4x512,heldout_gpqa_b4_l2_s7,4,3.396823333333333,3.396823333333333,0.0
historical945:fixed_3+3:3x4x512+3x4x512,heldout_gpqa_b8_l2_s7,8,4.819899333333333,4.819899333333333,0.0
historical945:fixed_3+3:3x4x512+3x4x512,heldout_gpqa_b16_l2_s7,16,7.077038,7.077038,0.0
historical945:fixed_3+3:3x4x512+3x4x512,heldout_gpqa_b2_l2_s11,2,1.6982326666666665,1.6982326666666665,0.0
historical945:fixed_3+3:3x4x512+3x4x512,heldout_gpqa_b4_l2_s11,4,3.396647333333333,3.396647333333333,0.0
historical945:fixed_3+3:3x4x512+3x4x512,heldout_gpqa_b8_l2_s11,8,5.386023333333333,5.386023333333333,0.0
historical945:fixed_3+3:3x4x512+3x4x512,heldout_gpqa_b16_l2_s11,16,7.544086666666666,7.544086666666666,0.0
historical945:fixed_3+3:3x4x512+3x4x512,heldout_gpqa_b2_l13_s3,2,1.9812946666666664,1.9812946666666664,0.0
historical945:fixed_3+3:3x4x512+3x4x512,heldout_gpqa_b4_l13_s3,4,2.830523333333333,2.830523333333333,0.0
historical945:fixed_3+3:3x4x512+3x4x512,heldout_gpqa_b8_l13_s3,8,3.970713333333333,3.970713333333333,0.0
historical945:fixed_3+3:3x4x512+3x4x512,heldout_gpqa_b16_l13_s3,16,5.075120666666666,5.075120666666666,0.0
historical945:fixed_3+3:3x4x512+3x4x512,heldout_gpqa_b2_l13_s7,2,1.9812946666666664,1.9812946666666664,0.0
historical945:fixed_3+3:3x4x512+3x4x512,heldout_gpqa_b4_l13_s7,4,3.396647333333333,3.396647333333333,0.0
historical945:fixed_3+3:3x4x512+3x4x512,heldout_gpqa_b8_l13_s7,8,5.095274666666666,5.095274666666666,0.0
historical945:fixed_3+3:3x4x512+3x4x512,heldout_gpqa_b16_l13_s7,16,6.695071333333333,6.695071333333333,0.0
historical945:fixed_3+3:3x4x512+3x4x512,heldout_gpqa_b2_l13_s11,2,1.4151706666666666,1.4151706666666666,0.0
historical945:fixed_3+3:3x4x512+3x4x512,heldout_gpqa_b4_l13_s11,4,3.396823333333333,3.396823333333333,0.0
historical945:fixed_3+3:3x4x512+3x4x512,heldout_gpqa_b8_l13_s11,8,4.2537753333333335,4.2537753333333335,0.0
historical945:fixed_3+3:3x4x512+3x4x512,heldout_gpqa_b16_l13_s11,16,6.793805333333333,6.793805333333333,0.0
historical945:fixed_3+3:3x4x512+3x4x512,heldout_gpqa_b2_l26_s3,2,1.9814706666666666,1.9814706666666666,0.0
historical945:fixed_3+3:3x4x512+3x4x512,heldout_gpqa_b4_l26_s3,4,2.547461333333333,2.547461333333333,0.0
historical945:fixed_3+3:3x4x512+3x4x512,heldout_gpqa_b8_l26_s3,8,3.6799646666666663,3.6799646666666663,0.0
historical945:fixed_3+3:3x4x512+3x4x512,heldout_gpqa_b16_l26_s3,16,5.295121333333333,5.295121333333333,0.0
historical945:fixed_3+3:3x4x512+3x4x512,heldout_gpqa_b2_l26_s7,2,1.9814706666666666,1.9814706666666666,0.0
historical945:fixed_3+3:3x4x512+3x4x512,heldout_gpqa_b4_l26_s7,4,3.396647333333333,3.396647333333333,0.0
historical945:fixed_3+3:3x4x512+3x4x512,heldout_gpqa_b8_l26_s7,8,4.819899333333333,4.819899333333333,0.0
historical945:fixed_3+3:3x4x512+3x4x512,heldout_gpqa_b16_l26_s7,16,6.977962666666666,6.977962666666666,0.0
historical945:fixed_3+3:3x4x512+3x4x512,heldout_gpqa_b2_l26_s11,2,1.9812946666666664,1.9812946666666664,0.0
historical945:fixed_3+3:3x4x512+3x4x512,heldout_gpqa_b4_l26_s11,4,3.679709333333333,3.679709333333333,0.0
historical945:fixed_3+3:3x4x512+3x4x512,heldout_gpqa_b8_l26_s11,8,4.819899333333333,4.819899333333333,0.0
historical945:fixed_3+3:3x4x512+3x4x512,heldout_gpqa_b16_l26_s11,16,7.544086666666666,7.544086666666666,0.0
historical945:fixed_3+3:3x4x512+3x4x512,heldout_swe_b2_l2_s3,2,1.9812946666666664,1.9812946666666664,0.0
historical945:fixed_3+3:3x4x512+3x4x512,heldout_swe_b4_l2_s3,4,2.264399333333333,2.264399333333333,0.0
historical945:fixed_3+3:3x4x512+3x4x512,heldout_swe_b8_l2_s3,8,2.5477166666666666,2.5477166666666666,0.0
historical945:fixed_3+3:3x4x512+3x4x512,heldout_swe_b16_l2_s3,16,3.3840873333333334,3.3840873333333334,0.0
historical945:fixed_3+3:3x4x512+3x4x512,heldout_swe_b2_l2_s7,2,1.9812946666666664,1.9812946666666664,0.0
historical945:fixed_3+3:3x4x512+3x4x512,heldout_swe_b4_l2_s7,4,2.547461333333333,2.547461333333333,0.0
historical945:fixed_3+3:3x4x512+3x4x512,heldout_swe_b8_l2_s7,8,2.5554033333333335,2.5554033333333335,0.0
historical945:fixed_3+3:3x4x512+3x4x512,heldout_swe_b16_l2_s7,16,3.5965786666666664,3.5965786666666664,0.0
historical945:fixed_3+3:3x4x512+3x4x512,heldout_swe_b2_l2_s11,2,1.9812946666666664,1.9812946666666664,0.0
historical945:fixed_3+3:3x4x512+3x4x512,heldout_swe_b4_l2_s11,4,3.113585333333333,3.113585333333333,0.0
historical945:fixed_3+3:3x4x512+3x4x512,heldout_swe_b8_l2_s11,8,2.830949333333333,2.830949333333333,0.0
historical945:fixed_3+3:3x4x512+3x4x512,heldout_swe_b16_l2_s11,16,4.438084666666666,4.438084666666666,0.0
historical945:fixed_3+3:3x4x512+3x4x512,heldout_swe_b2_l13_s3,2,1.9814706666666666,1.9814706666666666,0.0
historical945:fixed_3+3:3x4x512+3x4x512,heldout_swe_b4_l13_s3,4,2.830523333333333,2.830523333333333,0.0
historical945:fixed_3+3:3x4x512+3x4x512,heldout_swe_b8_l13_s3,8,2.838465333333333,2.838465333333333,0.0
historical945:fixed_3+3:3x4x512+3x4x512,heldout_swe_b16_l13_s3,16,3.4831626666666664,3.4831626666666664,0.0
historical945:fixed_3+3:3x4x512+3x4x512,heldout_swe_b2_l13_s7,2,1.9814706666666666,1.9814706666666666,0.0
historical945:fixed_3+3:3x4x512+3x4x512,heldout_swe_b4_l13_s7,4,3.113585333333333,3.113585333333333,0.0
historical945:fixed_3+3:3x4x512+3x4x512,heldout_swe_b8_l13_s7,8,3.114011333333333,3.114011333333333,0.0
historical945:fixed_3+3:3x4x512+3x4x512,heldout_swe_b16_l13_s7,16,3.6042586666666665,3.6042586666666665,0.0
historical945:fixed_3+3:3x4x512+3x4x512,heldout_swe_b2_l13_s11,2,1.6984086666666665,1.6984086666666665,0.0
historical945:fixed_3+3:3x4x512+3x4x512,heldout_swe_b4_l13_s11,4,3.113761333333333,3.113761333333333,0.0
historical945:fixed_3+3:3x4x512+3x4x512,heldout_swe_b8_l13_s11,8,2.8307786666666663,2.8307786666666663,0.0
historical945:fixed_3+3:3x4x512+3x4x512,heldout_swe_b16_l13_s11,16,4.586906,4.586906,0.0
historical945:fixed_3+3:3x4x512+3x4x512,heldout_swe_b2_l26_s3,2,1.6984086666666665,1.6984086666666665,0.0
historical945:fixed_3+3:3x4x512+3x4x512,heldout_swe_b4_l26_s3,4,2.830523333333333,2.830523333333333,0.0
historical945:fixed_3+3:3x4x512+3x4x512,heldout_swe_b8_l26_s3,8,3.397244,3.397244,0.0
historical945:fixed_3+3:3x4x512+3x4x512,heldout_swe_b16_l26_s3,16,4.523844666666667,4.523844666666667,0.0
historical945:fixed_3+3:3x4x512+3x4x512,heldout_swe_b2_l26_s7,2,1.9814706666666666,1.9814706666666666,0.0
historical945:fixed_3+3:3x4x512+3x4x512,heldout_swe_b4_l26_s7,4,2.547637333333333,2.547637333333333,0.0
historical945:fixed_3+3:3x4x512+3x4x512,heldout_swe_b8_l26_s7,8,3.121527333333333,3.121527333333333,0.0
historical945:fixed_3+3:3x4x512+3x4x512,heldout_swe_b16_l26_s7,16,3.6918993333333336,3.6918993333333336,0.0
historical945:fixed_3+3:3x4x512+3x4x512,heldout_swe_b2_l26_s11,2,1.9814706666666666,1.9814706666666666,0.0
historical945:fixed_3+3:3x4x512+3x4x512,heldout_swe_b4_l26_s11,4,3.679709333333333,3.679709333333333,0.0
historical945:fixed_3+3:3x4x512+3x4x512,heldout_swe_b8_l26_s11,8,2.8307786666666663,2.8307786666666663,0.0
historical945:fixed_3+3:3x4x512+3x4x512,heldout_swe_b16_l26_s11,16,4.791717333333333,4.791717333333333,0.0
historical945:fixed_3+3:3x4x512+3x4x512,v3_captured_mixed_heldout_bfcl_t64_l2,64,15.275015333333334,15.275015333333334,0.0
historical945:fixed_3+3:3x4x512+3x4x512,v3_captured_mixed_heldout_bfcl_t96_l2,96,20.535649333333335,20.535649333333335,0.0
historical945:fixed_3+3:3x4x512+3x4x512,v3_captured_mixed_heldout_bfcl_t128_l2,128,25.884695333333333,25.884695333333333,0.0
historical945:fixed_3+3:3x4x512+3x4x512,v3_captured_mixed_heldout_bfcl_t64_l13,64,15.296835333333332,15.296835333333332,0.0
historical945:fixed_3+3:3x4x512+3x4x512,v3_captured_mixed_heldout_bfcl_t96_l13,96,20.881843333333332,20.881843333333332,0.0
historical945:fixed_3+3:3x4x512+3x4x512,v3_captured_mixed_heldout_bfcl_t128_l13,128,26.22661666666666,26.22661666666666,0.0
historical945:fixed_3+3:3x4x512+3x4x512,v3_captured_mixed_heldout_bfcl_t64_l26,64,14.525103333333332,14.525103333333332,0.0
historical945:fixed_3+3:3x4x512+3x4x512,v3_captured_mixed_heldout_bfcl_t96_l26,96,19.83251,19.83251,0.0
historical945:fixed_3+3:3x4x512+3x4x512,v3_captured_mixed_heldout_bfcl_t128_l26,128,25.907823333333333,25.907823333333333,0.0
historical945:fixed_3+3:3x4x512+3x4x512,v3_captured_mixed_heldout_gpqa_t64_l2,64,14.270911999999997,14.270911999999997,0.0
historical945:fixed_3+3:3x4x512+3x4x512,v3_captured_mixed_heldout_gpqa_t96_l2,96,18.813551333333336,18.813551333333336,0.0
historical945:fixed_3+3:3x4x512+3x4x512,v3_captured_mixed_heldout_gpqa_t128_l2,128,24.49948,24.49948,0.0
historical945:fixed_3+3:3x4x512+3x4x512,v3_captured_mixed_heldout_gpqa_t64_l13,64,13.796418666666666,13.796418666666666,0.0
historical945:fixed_3+3:3x4x512+3x4x512,v3_captured_mixed_heldout_gpqa_t96_l13,96,19.16159800000001,19.16159800000001,0.0
historical945:fixed_3+3:3x4x512+3x4x512,v3_captured_mixed_heldout_gpqa_t128_l13,128,24.882945999999997,24.882945999999997,0.0
historical945:fixed_3+3:3x4x512+3x4x512,v3_captured_mixed_heldout_gpqa_t64_l26,64,14.331155999999996,14.331155999999996,0.0
historical945:fixed_3+3:3x4x512+3x4x512,v3_captured_mixed_heldout_gpqa_t96_l26,96,19.226906000000003,19.226906000000003,0.0
historical945:fixed_3+3:3x4x512+3x4x512,v3_captured_mixed_heldout_gpqa_t128_l26,128,24.949870666666673,24.949870666666673,0.0
historical945:fixed_3+3:3x4x512+3x4x512,v3_captured_mixed_heldout_swe_t64_l2,64,15.045221333333332,15.045221333333332,0.0
historical945:fixed_3+3:3x4x512+3x4x512,v3_captured_mixed_heldout_swe_t96_l2,96,19.40209,19.40209,0.0
historical945:fixed_3+3:3x4x512+3x4x512,v3_captured_mixed_heldout_swe_t128_l2,128,25.074284666666667,25.074284666666667,0.0
historical945:fixed_3+3:3x4x512+3x4x512,v3_captured_mixed_heldout_swe_t64_l13,64,14.875007333333333,14.875007333333333,0.0
historical945:fixed_3+3:3x4x512+3x4x512,v3_captured_mixed_heldout_swe_t96_l13,96,20.402421999999994,20.402421999999994,0.0
historical945:fixed_3+3:3x4x512+3x4x512,v3_captured_mixed_heldout_swe_t128_l13,128,26.144183999999992,26.144183999999992,0.0
historical945:fixed_3+3:3x4x512+3x4x512,v3_captured_mixed_heldout_swe_t64_l26,64,14.611623999999997,14.611623999999997,0.0
historical945:fixed_3+3:3x4x512+3x4x512,v3_captured_mixed_heldout_swe_t96_l26,96,19.181656,19.181656,0.0
historical945:fixed_3+3:3x4x512+3x4x512,v3_captured_mixed_heldout_swe_t128_l26,128,25.450179999999996,25.450179999999996,0.0
historical945:fixed_4+2:2x4x512+4x4x512,heldout_bfcl_b2_l2_s3,2,2.0747896092162583,2.0747896092162583,0.0
historical945:fixed_4+2:2x4x512+4x4x512,heldout_bfcl_b4_l2_s3,4,3.0227854707700073,3.0227854707700073,0.0
historical945:fixed_4+2:2x4x512+4x4x512,heldout_bfcl_b8_l2_s3,8,4.036425524167873,4.036425524167873,0.0
historical945:fixed_4+2:2x4x512+4x4x512,heldout_bfcl_b16_l2_s3,16,5.5626751536851025,5.5626751536851025,0.0
historical945:fixed_4+2:2x4x512+4x4x512,heldout_bfcl_b2_l2_s7,2,2.0747896092162583,2.0747896092162583,0.0
historical945:fixed_4+2:2x4x512+4x4x512,heldout_bfcl_b4_l2_s7,4,3.305147357223064,3.305147357223064,0.0
historical945:fixed_4+2:2x4x512+4x4x512,heldout_bfcl_b8_l2_s7,8,4.508059470626308,4.508059470626308,0.0
historical945:fixed_4+2:2x4x512+4x4x512,heldout_bfcl_b16_l2_s7,16,6.737646928457857,6.737646928457857,0.0
historical945:fixed_4+2:2x4x512+4x4x512,heldout_bfcl_b2_l2_s11,2,1.5097245674189816,1.5097245674189816,0.0
historical945:fixed_4+2:2x4x512+4x4x512,heldout_bfcl_b4_l2_s11,4,3.305147357223064,3.305147357223064,0.0
historical945:fixed_4+2:2x4x512+4x4x512,heldout_bfcl_b8_l2_s11,8,4.699595470626307,4.699595470626307,0.0
historical945:fixed_4+2:2x4x512+4x4x512,heldout_bfcl_b16_l2_s11,16,7.707614865693389,7.707614865693389,0.0
historical945:fixed_4+2:2x4x512+4x4x512,heldout_bfcl_b2_l13_s3,2,1.7922782674816744,1.7922782674816744,0.0
historical945:fixed_4+2:2x4x512+4x4x512,heldout_bfcl_b4_l13_s3,4,3.5874509008805413,3.5874509008805413,0.0
historical945:fixed_4+2:2x4x512+4x4x512,heldout_bfcl_b8_l13_s3,8,4.409806572256986,4.409806572256986,0.0
historical945:fixed_4+2:2x4x512+4x4x512,heldout_bfcl_b16_l13_s3,16,5.987610813652162,5.987610813652162,0.0
historical945:fixed_4+2:2x4x512+4x4x512,heldout_bfcl_b2_l13_s7,2,2.0747896092162583,2.0747896092162583,0.0
historical945:fixed_4+2:2x4x512+4x4x512,heldout_bfcl_b4_l13_s7,4,3.305147357223064,3.305147357223064,0.0
historical945:fixed_4+2:2x4x512+4x4x512,heldout_bfcl_b8_l13_s7,8,4.787910412622945,4.787910412622945,0.0
historical945:fixed_4+2:2x4x512+4x4x512,heldout_bfcl_b16_l13_s7,16,6.06915135213625,6.06915135213625,0.0
historical945:fixed_4+2:2x4x512+4x4x512,heldout_bfcl_b2_l13_s11,2,1.3181885674189815,1.3181885674189815,0.0
historical945:fixed_4+2:2x4x512+4x4x512,heldout_bfcl_b4_l13_s11,4,3.2143214707700074,3.2143214707700074,0.0
historical945:fixed_4+2:2x4x512+4x4x512,heldout_bfcl_b8_l13_s11,8,4.039945498502001,4.039945498502001,0.0
historical945:fixed_4+2:2x4x512+4x4x512,heldout_bfcl_b16_l13_s11,16,7.114018713551664,7.114018713551664,0.0
historical945:fixed_4+2:2x4x512+4x4x512,heldout_bfcl_b2_l26_s3,2,1.9838142674816743,1.9838142674816743,0.0
historical945:fixed_4+2:2x4x512+4x4x512,heldout_bfcl_b4_l26_s3,4,3.5874509008805413,3.5874509008805413,0.0
historical945:fixed_4+2:2x4x512+4x4x512,heldout_bfcl_b8_l26_s3,8,4.699595470626307,4.699595470626307,0.0
historical945:fixed_4+2:2x4x512+4x4x512,heldout_bfcl_b16_l26_s3,16,6.912902224474351,6.912902224474351,0.0
historical945:fixed_4+2:2x4x512+4x4x512,heldout_bfcl_b2_l26_s7,2,1.7922782674816744,1.7922782674816744,0.0
historical945:fixed_4+2:2x4x512+4x4x512,heldout_bfcl_b4_l26_s7,4,3.5874509008805413,3.5874509008805413,0.0
historical945:fixed_4+2:2x4x512+4x4x512,heldout_bfcl_b8_l26_s7,8,5.0674937664526345,5.0674937664526345,0.0
historical945:fixed_4+2:2x4x512+4x4x512,heldout_bfcl_b16_l26_s7,16,6.367782924696762,6.367782924696762,0.0
historical945:fixed_4+2:2x4x512+4x4x512,heldout_bfcl_b2_l26_s11,2,1.5097245674189816,1.5097245674189816,0.0
historical945:fixed_4+2:2x4x512+4x4x512,heldout_bfcl_b4_l26_s11,4,3.305147357223064,3.305147357223064,0.0
historical945:fixed_4+2:2x4x512+4x4x512,heldout_bfcl_b8_l26_s11,8,4.9720136114801665,4.9720136114801665,0.0
historical945:fixed_4+2:2x4x512+4x4x512,heldout_bfcl_b16_l26_s11,16,7.205308444030006,7.205308444030006,0.0
historical945:fixed_4+2:2x4x512+4x4x512,heldout_gpqa_b2_l2_s3,2,1.9838142674816743,1.9838142674816743,0.0
historical945:fixed_4+2:2x4x512+4x4x512,heldout_gpqa_b4_l2_s3,4,2.7403697294287244,2.7403697294287244,0.0
historical945:fixed_4+2:2x4x512+4x4x512,heldout_gpqa_b8_l2_s3,8,3.435293476566954,3.435293476566954,0.0
historical945:fixed_4+2:2x4x512+4x4x512,heldout_gpqa_b16_l2_s3,16,4.152814791731066,4.152814791731066,0.0
historical945:fixed_4+2:2x4x512+4x4x512,heldout_gpqa_b2_l2_s7,2,2.0747896092162583,2.0747896092162583,0.0
historical945:fixed_4+2:2x4x512+4x4x512,heldout_gpqa_b4_l2_s7,4,3.5874509008805413,3.5874509008805413,0.0
historical945:fixed_4+2:2x4x512+4x4x512,heldout_gpqa_b8_l2_s7,8,5.0674937664526345,5.0674937664526345,0.0
historical945:fixed_4+2:2x4x512+4x4x512,heldout_gpqa_b16_l2_s7,16,7.057728884781135,7.057728884781135,0.0
historical945:fixed_4+2:2x4x512+4x4x512,heldout_gpqa_b2_l2_s11,2,1.7012605674189816,1.7012605674189816,0.0
historical945:fixed_4+2:2x4x512+4x4x512,heldout_gpqa_b4_l2_s11,4,3.4966833572230636,3.4966833572230636,0.0
historical945:fixed_4+2:2x4x512+4x4x512,heldout_gpqa_b8_l2_s11,8,5.729859233101464,5.729859233101464,0.0
historical945:fixed_4+2:2x4x512+4x4x512,heldout_gpqa_b16_l2_s11,16,7.49673082027505,7.49673082027505,0.0
historical945:fixed_4+2:2x4x512+4x4x512,heldout_gpqa_b2_l13_s3,2,1.9838142674816743,1.9838142674816743,0.0
historical945:fixed_4+2:2x4x512+4x4x512,heldout_gpqa_b4_l13_s3,4,2.8312494707700075,2.8312494707700075,0.0
historical945:fixed_4+2:2x4x512+4x4x512,heldout_gpqa_b8_l13_s3,8,4.227961524167873,4.227961524167873,0.0
historical945:fixed_4+2:2x4x512+4x4x512,heldout_gpqa_b16_l13_s3,16,4.827526089299643,4.827526089299643,0.0
historical945:fixed_4+2:2x4x512+4x4x512,heldout_gpqa_b2_l13_s7,2,1.9838142674816743,1.9838142674816743,0.0
historical945:fixed_4+2:2x4x512+4x4x512,heldout_gpqa_b4_l13_s7,4,3.4966833572230636,3.4966833572230636,0.0
historical945:fixed_4+2:2x4x512+4x4x512,heldout_gpqa_b8_l13_s7,8,5.259029766452635,5.259029766452635,0.0
historical945:fixed_4+2:2x4x512+4x4x512,heldout_gpqa_b16_l13_s7,16,6.6409192712912,6.6409192712912,0.0
historical945:fixed_4+2:2x4x512+4x4x512,heldout_gpqa_b2_l13_s11,2,1.3181885674189815,1.3181885674189815,0.0
historical945:fixed_4+2:2x4x512+4x4x512,heldout_gpqa_b4_l13_s11,4,3.5874509008805413,3.5874509008805413,0.0
historical945:fixed_4+2:2x4x512+4x4x512,heldout_gpqa_b8_l13_s11,8,4.5086630790820355,4.5086630790820355,0.0
historical945:fixed_4+2:2x4x512+4x4x512,heldout_gpqa_b16_l13_s11,16,6.715984161494397,6.715984161494397,0.0
historical945:fixed_4+2:2x4x512+4x4x512,heldout_gpqa_b2_l26_s3,2,2.0747896092162583,2.0747896092162583,0.0
historical945:fixed_4+2:2x4x512+4x4x512,heldout_gpqa_b4_l26_s3,4,2.548833729428724,2.548833729428724,0.0
historical945:fixed_4+2:2x4x512+4x4x512,heldout_gpqa_b8_l26_s3,8,3.745445277632258,3.745445277632258,0.0
historical945:fixed_4+2:2x4x512+4x4x512,heldout_gpqa_b16_l26_s3,16,5.195691570891314,5.195691570891314,0.0
historical945:fixed_4+2:2x4x512+4x4x512,heldout_gpqa_b2_l26_s7,2,2.0747896092162583,2.0747896092162583,0.0
historical945:fixed_4+2:2x4x512+4x4x512,heldout_gpqa_b4_l26_s7,4,3.4966833572230636,3.4966833572230636,0.0
historical945:fixed_4+2:2x4x512+4x4x512,heldout_gpqa_b8_l26_s7,8,5.0674937664526345,5.0674937664526345,0.0
historical945:fixed_4+2:2x4x512+4x4x512,heldout_gpqa_b16_l26_s7,16,6.933727650996913,6.933727650996913,0.0
historical945:fixed_4+2:2x4x512+4x4x512,heldout_gpqa_b2_l26_s11,2,1.9838142674816743,1.9838142674816743,0.0
historical945:fixed_4+2:2x4x512+4x4x512,heldout_gpqa_b4_l26_s11,4,3.778986900880541,3.778986900880541,0.0
historical945:fixed_4+2:2x4x512+4x4x512,heldout_gpqa_b8_l26_s11,8,5.0674937664526345,5.0674937664526345,0.0
historical945:fixed_4+2:2x4x512+4x4x512,heldout_gpqa_b16_l26_s11,16,7.526737785827937,7.526737785827937,0.0
historical945:fixed_4+2:2x4x512+4x4x512,heldout_swe_b2_l2_s3,2,1.9838142674816743,1.9838142674816743,0.0
historical945:fixed_4+2:2x4x512+4x4x512,heldout_swe_b4_l2_s3,4,2.2663682758829253,2.2663682758829253,0.0
historical945:fixed_4+2:2x4x512+4x4x512,heldout_swe_b8_l2_s3,8,2.4580652941451446,2.4580652941451446,0.0
historical945:fixed_4+2:2x4x512+4x4x512,heldout_swe_b16_l2_s3,16,3.1210420804100574,3.1210420804100574,0.0
historical945:fixed_4+2:2x4x512+4x4x512,heldout_swe_b2_l2_s7,2,1.9838142674816743,1.9838142674816743,0.0
historical945:fixed_4+2:2x4x512+4x4x512,heldout_swe_b4_l2_s7,4,2.548833729428724,2.548833729428724,0.0
historical945:fixed_4+2:2x4x512+4x4x512,heldout_swe_b8_l2_s7,8,2.688342022326751,2.688342022326751,0.0
historical945:fixed_4+2:2x4x512+4x4x512,heldout_swe_b16_l2_s7,16,3.6402811510292654,3.6402811510292654,0.0
historical945:fixed_4+2:2x4x512+4x4x512,heldout_swe_b2_l2_s11,2,1.9838142674816743,1.9838142674816743,0.0
historical945:fixed_4+2:2x4x512+4x4x512,heldout_swe_b4_l2_s11,4,3.2143214707700074,3.2143214707700074,0.0
historical945:fixed_4+2:2x4x512+4x4x512,heldout_swe_b8_l2_s11,8,2.847697518259801,2.847697518259801,0.0
historical945:fixed_4+2:2x4x512+4x4x512,heldout_swe_b16_l2_s11,16,4.387660542062941,4.387660542062941,0.0
historical945:fixed_4+2:2x4x512+4x4x512,heldout_swe_b2_l13_s3,2,2.0747896092162583,2.0747896092162583,0.0
historical945:fixed_4+2:2x4x512+4x4x512,heldout_swe_b4_l13_s3,4,2.8312494707700075,2.8312494707700075,0.0
historical945:fixed_4+2:2x4x512+4x4x512,heldout_swe_b8_l13_s3,8,3.003296466057693,3.003296466057693,0.0
historical945:fixed_4+2:2x4x512+4x4x512,heldout_swe_b16_l13_s3,16,3.4990957036706085,3.4990957036706085,0.0
historical945:fixed_4+2:2x4x512+4x4x512,heldout_swe_b2_l13_s7,2,2.0747896092162583,2.0747896092162583,0.0
historical945:fixed_4+2:2x4x512+4x4x512,heldout_swe_b4_l13_s7,4,3.2143214707700074,3.2143214707700074,0.0
historical945:fixed_4+2:2x4x512+4x4x512,heldout_swe_b8_l13_s7,8,3.169917468246923,3.169917468246923,0.0
historical945:fixed_4+2:2x4x512+4x4x512,heldout_swe_b16_l13_s7,16,3.5273680146185367,3.5273680146185367,0.0
historical945:fixed_4+2:2x4x512+4x4x512,heldout_swe_b2_l13_s11,2,1.7922782674816744,1.7922782674816744,0.0
historical945:fixed_4+2:2x4x512+4x4x512,heldout_swe_b4_l13_s11,4,3.305147357223064,3.305147357223064,0.0
historical945:fixed_4+2:2x4x512+4x4x512,heldout_swe_b8_l13_s11,8,2.87815080219673,2.87815080219673,0.0
historical945:fixed_4+2:2x4x512+4x4x512,heldout_swe_b16_l13_s11,16,4.272649457737992,4.272649457737992,0.0
historical945:fixed_4+2:2x4x512+4x4x512,heldout_swe_b2_l26_s3,2,1.7922782674816744,1.7922782674816744,0.0
historical945:fixed_4+2:2x4x512+4x4x512,heldout_swe_b4_l26_s3,4,2.8312494707700075,2.8312494707700075,0.0
historical945:fixed_4+2:2x4x512+4x4x512,heldout_swe_b8_l26_s3,8,3.4587675618804044,3.4587675618804044,0.0
historical945:fixed_4+2:2x4x512+4x4x512,heldout_swe_b16_l26_s3,16,4.302800100469282,4.302800100469282,0.0
historical945:fixed_4+2:2x4x512+4x4x512,heldout_swe_b2_l26_s7,2,2.0747896092162583,2.0747896092162583,0.0
historical945:fixed_4+2:2x4x512+4x4x512,heldout_swe_b4_l26_s7,4,2.7403697294287244,2.7403697294287244,0.0
historical945:fixed_4+2:2x4x512+4x4x512,heldout_swe_b8_l26_s7,8,3.2852551059755926,3.2852551059755926,0.0
historical945:fixed_4+2:2x4x512+4x4x512,heldout_swe_b16_l26_s7,16,3.6391423735674917,3.6391423735674917,0.0
historical945:fixed_4+2:2x4x512+4x4x512,heldout_swe_b2_l26_s11,2,2.0747896092162583,2.0747896092162583,0.0
historical945:fixed_4+2:2x4x512+4x4x512,heldout_swe_b4_l26_s11,4,3.778986900880541,3.778986900880541,0.0
historical945:fixed_4+2:2x4x512+4x4x512,heldout_swe_b8_l26_s11,8,2.906079490856559,2.906079490856559,0.0
historical945:fixed_4+2:2x4x512+4x4x512,heldout_swe_b16_l26_s11,16,4.629515953223957,4.629515953223957,0.0
historical945:fixed_4+2:2x4x512+4x4x512,v3_captured_mixed_heldout_bfcl_t64_l2,64,13.768832149029864,13.768832149029864,0.0
historical945:fixed_4+2:2x4x512+4x4x512,v3_captured_mixed_heldout_bfcl_t96_l2,96,18.492864230241537,18.492864230241537,0.0
historical945:fixed_4+2:2x4x512+4x4x512,v3_captured_mixed_heldout_bfcl_t128_l2,128,23.237331952672086,23.237331952672086,0.0
historical945:fixed_4+2:2x4x512+4x4x512,v3_captured_mixed_heldout_bfcl_t64_l13,64,13.609894006006249,13.609894006006249,0.0
historical945:fixed_4+2:2x4x512+4x4x512,v3_captured_mixed_heldout_bfcl_t96_l13,96,18.29735781572164,18.29735781572164,0.0
historical945:fixed_4+2:2x4x512+4x4x512,v3_captured_mixed_heldout_bfcl_t128_l13,128,23.63270849736575,23.63270849736575,0.0
historical945:fixed_4+2:2x4x512+4x4x512,v3_captured_mixed_heldout_bfcl_t64_l26,64,13.419869106339991,13.419869106339991,0.0
historical945:fixed_4+2:2x4x512+4x4x512,v3_captured_mixed_heldout_bfcl_t96_l26,96,18.280183141411673,18.280183141411673,0.0
historical945:fixed_4+2:2x4x512+4x4x512,v3_captured_mixed_heldout_bfcl_t128_l26,128,23.36745507801888,23.36745507801888,0.0
historical945:fixed_4+2:2x4x512+4x4x512,v3_captured_mixed_heldout_gpqa_t64_l2,64,13.165772128859949,13.165772128859949,0.0
historical945:fixed_4+2:2x4x512+4x4x512,v3_captured_mixed_heldout_gpqa_t96_l2,96,16.76848750991153,16.76848750991153,0.0
historical945:fixed_4+2:2x4x512+4x4x512,v3_captured_mixed_heldout_gpqa_t128_l2,128,21.911377156760512,21.911377156760512,0.0
historical945:fixed_4+2:2x4x512+4x4x512,v3_captured_mixed_heldout_gpqa_t64_l13,64,12.88166022459032,12.88166022459032,0.0
historical945:fixed_4+2:2x4x512+4x4x512,v3_captured_mixed_heldout_gpqa_t96_l13,96,17.170050183472558,17.170050183472558,0.0
historical945:fixed_4+2:2x4x512+4x4x512,v3_captured_mixed_heldout_gpqa_t128_l13,128,23.05440221681133,23.05440221681133,0.0
historical945:fixed_4+2:2x4x512+4x4x512,v3_captured_mixed_heldout_gpqa_t64_l26,64,13.32005812148683,13.32005812148683,0.0
historical945:fixed_4+2:2x4x512+4x4x512,v3_captured_mixed_heldout_gpqa_t96_l26,96,17.347787176571774,17.347787176571774,0.0
historical945:fixed_4+2:2x4x512+4x4x512,v3_captured_mixed_heldout_gpqa_t128_l26,128,22.418406918202887,22.418406918202887,0.0
historical945:fixed_4+2:2x4x512+4x4x512,v3_captured_mixed_heldout_swe_t64_l2,64,13.306480409088248,13.306480409088248,0.0
historical945:fixed_4+2:2x4x512+4x4x512,v3_captured_mixed_heldout_swe_t96_l2,96,17.24441470400835,17.24441470400835,0.0
historical945:fixed_4+2:2x4x512+4x4x512,v3_captured_mixed_heldout_swe_t128_l2,128,22.331094513113964,22.331094513113964,0.0
historical945:fixed_4+2:2x4x512+4x4x512,v3_captured_mixed_heldout_swe_t64_l13,64,13.180246032466837,13.180246032466837,0.0
historical945:fixed_4+2:2x4x512+4x4x512,v3_captured_mixed_heldout_swe_t96_l13,96,18.601971612878614,18.601971612878614,0.0
historical945:fixed_4+2:2x4x512+4x4x512,v3_captured_mixed_heldout_swe_t128_l13,128,23.99812832941328,23.99812832941328,0.0
historical945:fixed_4+2:2x4x512+4x4x512,v3_captured_mixed_heldout_swe_t64_l26,64,13.249607184078718,13.249607184078718,0.0
historical945:fixed_4+2:2x4x512+4x4x512,v3_captured_mixed_heldout_swe_t96_l26,96,16.774577586735873,16.774577586735873,0.0
historical945:fixed_4+2:2x4x512+4x4x512,v3_captured_mixed_heldout_swe_t128_l26,128,22.262731208949006,22.262731208949006,0.0
historical945:selected_unequal_PK:2x23x32+13x13x64,heldout_bfcl_b2_l2_s3,2,1.9235542670250898,1.9235542670250898,0.0
historical945:selected_unequal_PK:2x23x32+13x13x64,heldout_bfcl_b4_l2_s3,4,2.74797670358423,2.74797670358423,0.0
historical945:selected_unequal_PK:2x23x32+13x13x64,heldout_bfcl_b8_l2_s3,8,3.709885806810036,3.709885806810036,0.0
historical945:selected_unequal_PK:2x23x32+13x13x64,heldout_bfcl_b16_l2_s3,16,4.963800511259437,4.963800511259437,0.0
historical945:selected_unequal_PK:2x23x32+13x13x64,heldout_bfcl_b2_l2_s7,2,1.9235542670250898,1.9235542670250898,0.0
historical945:selected_unequal_PK:2x23x32+13x13x64,heldout_bfcl_b4_l2_s7,4,3.02286470358423,3.02286470358423,0.0
historical945:selected_unequal_PK:2x23x32+13x13x64,heldout_bfcl_b8_l2_s7,8,4.122217806810036,4.122217806810036,0.0
historical945:selected_unequal_PK:2x23x32+13x13x64,heldout_bfcl_b16_l2_s7,16,6.19674338530466,6.19674338530466,0.0
historical945:selected_unequal_PK:2x23x32+13x13x64,heldout_bfcl_b2_l2_s11,2,1.3740765132616486,1.3740765132616486,0.0
historical945:selected_unequal_PK:2x23x32+13x13x64,heldout_bfcl_b4_l2_s11,4,3.02286470358423,3.02286470358423,0.0
historical945:selected_unequal_PK:2x23x32+13x13x64,heldout_bfcl_b8_l2_s11,8,4.259661806810035,4.259661806810035,0.0
historical945:selected_unequal_PK:2x23x32+13x13x64,heldout_bfcl_b16_l2_s11,16,7.021407385304659,7.021407385304659,0.0
historical945:selected_unequal_PK:2x23x32+13x13x64,heldout_bfcl_b2_l13_s3,2,1.6489645132616486,1.6489645132616486,0.0
historical945:selected_unequal_PK:2x23x32+13x13x64,heldout_bfcl_b4_l13_s3,4,3.29775270358423,3.29775270358423,0.0
historical945:selected_unequal_PK:2x23x32+13x13x64,heldout_bfcl_b8_l13_s3,8,3.984773806810036,3.984773806810036,0.0
historical945:selected_unequal_PK:2x23x32+13x13x64,heldout_bfcl_b16_l13_s3,16,5.509807615412186,5.509807615412186,0.0
historical945:selected_unequal_PK:2x23x32+13x13x64,heldout_bfcl_b2_l13_s7,2,1.9235542670250898,1.9235542670250898,0.0
historical945:selected_unequal_PK:2x23x32+13x13x64,heldout_bfcl_b4_l13_s7,4,3.02286470358423,3.02286470358423,0.0
historical945:selected_unequal_PK:2x23x32+13x13x64,heldout_bfcl_b8_l13_s7,8,4.3971058068100355,4.3971058068100355,0.0
historical945:selected_unequal_PK:2x23x32+13x13x64,heldout_bfcl_b16_l13_s7,16,5.509807615412186,5.509807615412186,0.0
historical945:selected_unequal_PK:2x23x32+13x13x64,heldout_bfcl_b2_l13_s11,2,1.2366325132616487,1.2366325132616487,0.0
historical945:selected_unequal_PK:2x23x32+13x13x64,heldout_bfcl_b4_l13_s11,4,2.88542070358423,2.88542070358423,0.0
historical945:selected_unequal_PK:2x23x32+13x13x64,heldout_bfcl_b8_l13_s11,8,3.709885806810036,3.709885806810036,0.0
historical945:selected_unequal_PK:2x23x32+13x13x64,heldout_bfcl_b16_l13_s11,16,6.47163138530466,6.47163138530466,0.0
historical945:selected_unequal_PK:2x23x32+13x13x64,heldout_bfcl_b2_l26_s3,2,1.78611026702509,1.78611026702509,0.0
historical945:selected_unequal_PK:2x23x32+13x13x64,heldout_bfcl_b4_l26_s3,4,3.29775270358423,3.29775270358423,0.0
historical945:selected_unequal_PK:2x23x32+13x13x64,heldout_bfcl_b8_l26_s3,8,4.259661806810035,4.259661806810035,0.0
historical945:selected_unequal_PK:2x23x32+13x13x64,heldout_bfcl_b16_l26_s3,16,6.334187385304659,6.334187385304659,0.0
historical945:selected_unequal_PK:2x23x32+13x13x64,heldout_bfcl_b2_l26_s7,2,1.6489645132616486,1.6489645132616486,0.0
historical945:selected_unequal_PK:2x23x32+13x13x64,heldout_bfcl_b4_l26_s7,4,3.29775270358423,3.29775270358423,0.0
historical945:selected_unequal_PK:2x23x32+13x13x64,heldout_bfcl_b8_l26_s7,8,4.671695532258065,4.671695532258065,0.0
historical945:selected_unequal_PK:2x23x32+13x13x64,heldout_bfcl_b16_l26_s7,16,5.784695615412187,5.784695615412187,0.0
historical945:selected_unequal_PK:2x23x32+13x13x64,heldout_bfcl_b2_l26_s11,2,1.3740765132616486,1.3740765132616486,0.0
historical945:selected_unequal_PK:2x23x32+13x13x64,heldout_bfcl_b4_l26_s11,4,3.02286470358423,3.02286470358423,0.0
historical945:selected_unequal_PK:2x23x32+13x13x64,heldout_bfcl_b8_l26_s11,8,4.5342515322580645,4.5342515322580645,0.0
historical945:selected_unequal_PK:2x23x32+13x13x64,heldout_bfcl_b16_l26_s11,16,6.60907538530466,6.60907538530466,0.0
historical945:selected_unequal_PK:2x23x32+13x13x64,heldout_gpqa_b2_l2_s3,2,1.78611026702509,1.78611026702509,0.0
historical945:selected_unequal_PK:2x23x32+13x13x64,heldout_gpqa_b4_l2_s3,4,2.4733729336917563,2.4733729336917563,0.0
historical945:selected_unequal_PK:2x23x32+13x13x64,heldout_gpqa_b8_l2_s3,8,3.160394036917563,3.160394036917563,0.0
historical945:selected_unequal_PK:2x23x32+13x13x64,heldout_gpqa_b16_l2_s3,16,3.8610621200716855,3.8610621200716855,0.0
historical945:selected_unequal_PK:2x23x32+13x13x64,heldout_gpqa_b2_l2_s7,2,1.9235542670250898,1.9235542670250898,0.0
historical945:selected_unequal_PK:2x23x32+13x13x64,heldout_gpqa_b4_l2_s7,4,3.29775270358423,3.29775270358423,0.0
historical945:selected_unequal_PK:2x23x32+13x13x64,heldout_gpqa_b8_l2_s7,8,4.671695532258065,4.671695532258065,0.0
historical945:selected_unequal_PK:2x23x32+13x13x64,heldout_gpqa_b16_l2_s7,16,6.471639256238608,6.471639256238608,0.0
historical945:selected_unequal_PK:2x23x32+13x13x64,heldout_gpqa_b2_l2_s11,2,1.5115205132616485,1.5115205132616485,0.0
historical945:selected_unequal_PK:2x23x32+13x13x64,heldout_gpqa_b4_l2_s11,4,3.16030870358423,3.16030870358423,0.0
historical945:selected_unequal_PK:2x23x32+13x13x64,heldout_gpqa_b8_l2_s11,8,5.2214715322580645,5.2214715322580645,0.0
historical945:selected_unequal_PK:2x23x32+13x13x64,heldout_gpqa_b16_l2_s11,16,6.883971256238608,6.883971256238608,0.0
historical945:selected_unequal_PK:2x23x32+13x13x64,heldout_gpqa_b2_l13_s3,2,1.78611026702509,1.78611026702509,0.0
historical945:selected_unequal_PK:2x23x32+13x13x64,heldout_gpqa_b4_l13_s3,4,2.61053270358423,2.61053270358423,0.0
historical945:selected_unequal_PK:2x23x32+13x13x64,heldout_gpqa_b8_l13_s3,8,3.847329806810036,3.847329806810036,0.0
historical945:selected_unequal_PK:2x23x32+13x13x64,heldout_gpqa_b16_l13_s3,16,4.410539845519714,4.410539845519714,0.0
historical945:selected_unequal_PK:2x23x32+13x13x64,heldout_gpqa_b2_l13_s7,2,1.78611026702509,1.78611026702509,0.0
historical945:selected_unequal_PK:2x23x32+13x13x64,heldout_gpqa_b4_l13_s7,4,3.16030870358423,3.16030870358423,0.0
historical945:selected_unequal_PK:2x23x32+13x13x64,heldout_gpqa_b8_l13_s7,8,4.809139532258064,4.809139532258064,0.0
historical945:selected_unequal_PK:2x23x32+13x13x64,heldout_gpqa_b16_l13_s7,16,6.059583615412187,6.059583615412187,0.0
historical945:selected_unequal_PK:2x23x32+13x13x64,heldout_gpqa_b2_l13_s11,2,1.2366325132616487,1.2366325132616487,0.0
historical945:selected_unequal_PK:2x23x32+13x13x64,heldout_gpqa_b4_l13_s11,4,3.29775270358423,3.29775270358423,0.0
historical945:selected_unequal_PK:2x23x32+13x13x64,heldout_gpqa_b8_l13_s11,8,4.122217806810036,4.122217806810036,0.0
historical945:selected_unequal_PK:2x23x32+13x13x64,heldout_gpqa_b16_l13_s11,16,6.19674338530466,6.19674338530466,0.0
historical945:selected_unequal_PK:2x23x32+13x13x64,heldout_gpqa_b2_l26_s3,2,1.9235542670250898,1.9235542670250898,0.0
historical945:selected_unequal_PK:2x23x32+13x13x64,heldout_gpqa_b4_l26_s3,4,2.3359289336917564,2.3359289336917564,0.0
historical945:selected_unequal_PK:2x23x32+13x13x64,heldout_gpqa_b8_l26_s3,8,3.435282036917563,3.435282036917563,0.0
historical945:selected_unequal_PK:2x23x32+13x13x64,heldout_gpqa_b16_l26_s3,16,4.685435738768336,4.685435738768336,0.0
historical945:selected_unequal_PK:2x23x32+13x13x64,heldout_gpqa_b2_l26_s7,2,1.9235542670250898,1.9235542670250898,0.0
historical945:selected_unequal_PK:2x23x32+13x13x64,heldout_gpqa_b4_l26_s7,4,3.16030870358423,3.16030870358423,0.0
historical945:selected_unequal_PK:2x23x32+13x13x64,heldout_gpqa_b8_l26_s7,8,4.671695532258065,4.671695532258065,0.0
historical945:selected_unequal_PK:2x23x32+13x13x64,heldout_gpqa_b16_l26_s7,16,6.334187385304659,6.334187385304659,0.0
historical945:selected_unequal_PK:2x23x32+13x13x64,heldout_gpqa_b2_l26_s11,2,1.78611026702509,1.78611026702509,0.0
historical945:selected_unequal_PK:2x23x32+13x13x64,heldout_gpqa_b4_l26_s11,4,3.43519670358423,3.43519670358423,0.0
historical945:selected_unequal_PK:2x23x32+13x13x64,heldout_gpqa_b8_l26_s11,8,4.671695532258065,4.671695532258065,0.0
historical945:selected_unequal_PK:2x23x32+13x13x64,heldout_gpqa_b16_l26_s11,16,6.88396338530466,6.88396338530466,0.0
historical945:selected_unequal_PK:2x23x32+13x13x64,heldout_swe_b2_l2_s3,2,1.78611026702509,1.78611026702509,0.0
historical945:selected_unequal_PK:2x23x32+13x13x64,heldout_swe_b4_l2_s3,4,2.0610409336917566,2.0610409336917566,0.0
historical945:selected_unequal_PK:2x23x32+13x13x64,heldout_swe_b8_l2_s3,8,2.3360142670250896,2.3360142670250896,0.0
historical945:selected_unequal_PK:2x23x32+13x13x64,heldout_swe_b16_l2_s3,16,2.7617943501792124,2.7617943501792124,0.0
historical945:selected_unequal_PK:2x23x32+13x13x64,heldout_swe_b2_l2_s7,2,1.78611026702509,1.78611026702509,0.0
historical945:selected_unequal_PK:2x23x32+13x13x64,heldout_swe_b4_l2_s7,4,2.3359289336917564,2.3359289336917564,0.0
historical945:selected_unequal_PK:2x23x32+13x13x64,heldout_swe_b8_l2_s7,8,2.47345826702509,2.47345826702509,0.0
historical945:selected_unequal_PK:2x23x32+13x13x64,heldout_swe_b16_l2_s7,16,3.0485393606623923,3.0485393606623923,0.0
historical945:selected_unequal_PK:2x23x32+13x13x64,heldout_swe_b2_l2_s11,2,1.78611026702509,1.78611026702509,0.0
historical945:selected_unequal_PK:2x23x32+13x13x64,heldout_swe_b4_l2_s11,4,2.88542070358423,2.88542070358423,0.0
historical945:selected_unequal_PK:2x23x32+13x13x64,heldout_swe_b8_l2_s11,8,2.6109101319583,2.6109101319583,0.0
historical945:selected_unequal_PK:2x23x32+13x13x64,heldout_swe_b16_l2_s11,16,3.8610621200716855,3.8610621200716855,0.0
historical945:selected_unequal_PK:2x23x32+13x13x64,heldout_swe_b2_l13_s3,2,1.9235542670250898,1.9235542670250898,0.0
historical945:selected_unequal_PK:2x23x32+13x13x64,heldout_swe_b4_l13_s3,4,2.61053270358423,2.61053270358423,0.0
historical945:selected_unequal_PK:2x23x32+13x13x64,heldout_swe_b8_l13_s3,8,2.7480620369175632,2.7480620369175632,0.0
historical945:selected_unequal_PK:2x23x32+13x13x64,heldout_swe_b16_l13_s3,16,2.8992383501792123,2.8992383501792123,0.0
historical945:selected_unequal_PK:2x23x32+13x13x64,heldout_swe_b2_l13_s7,2,1.9235542670250898,1.9235542670250898,0.0
historical945:selected_unequal_PK:2x23x32+13x13x64,heldout_swe_b4_l13_s7,4,2.88542070358423,2.88542070358423,0.0
historical945:selected_unequal_PK:2x23x32+13x13x64,heldout_swe_b8_l13_s7,8,2.885506036917563,2.885506036917563,0.0
historical945:selected_unequal_PK:2x23x32+13x13x64,heldout_swe_b16_l13_s7,16,3.036682350179212,3.036682350179212,0.0
historical945:selected_unequal_PK:2x23x32+13x13x64,heldout_swe_b2_l13_s11,2,1.6489645132616486,1.6489645132616486,0.0
historical945:selected_unequal_PK:2x23x32+13x13x64,heldout_swe_b4_l13_s11,4,3.02286470358423,3.02286470358423,0.0
historical945:selected_unequal_PK:2x23x32+13x13x64,heldout_swe_b8_l13_s11,8,2.610618036917563,2.610618036917563,0.0
historical945:selected_unequal_PK:2x23x32+13x13x64,heldout_swe_b16_l13_s11,16,3.87293317499931,3.87293317499931,0.0
historical945:selected_unequal_PK:2x23x32+13x13x64,heldout_swe_b2_l26_s3,2,1.6489645132616486,1.6489645132616486,0.0
historical945:selected_unequal_PK:2x23x32+13x13x64,heldout_swe_b4_l26_s3,4,2.61053270358423,2.61053270358423,0.0
historical945:selected_unequal_PK:2x23x32+13x13x64,heldout_swe_b8_l26_s3,8,3.160394036917563,3.160394036917563,0.0
historical945:selected_unequal_PK:2x23x32+13x13x64,heldout_swe_b16_l26_s3,16,3.8610621200716855,3.8610621200716855,0.0
historical945:selected_unequal_PK:2x23x32+13x13x64,heldout_swe_b2_l26_s7,2,1.9235542670250898,1.9235542670250898,0.0
historical945:selected_unequal_PK:2x23x32+13x13x64,heldout_swe_b4_l26_s7,4,2.4733729336917563,2.4733729336917563,0.0
historical945:selected_unequal_PK:2x23x32+13x13x64,heldout_swe_b8_l26_s7,8,3.022950036917563,3.022950036917563,0.0
historical945:selected_unequal_PK:2x23x32+13x13x64,heldout_swe_b16_l26_s7,16,3.17411644784334,3.17411644784334,0.0
historical945:selected_unequal_PK:2x23x32+13x13x64,heldout_swe_b2_l26_s11,2,1.9235542670250898,1.9235542670250898,0.0
historical945:selected_unequal_PK:2x23x32+13x13x64,heldout_swe_b4_l26_s11,4,3.43519670358423,3.43519670358423,0.0
historical945:selected_unequal_PK:2x23x32+13x13x64,heldout_swe_b8_l26_s11,8,2.610618036917563,2.610618036917563,0.0
historical945:selected_unequal_PK:2x23x32+13x13x64,heldout_swe_b16_l26_s11,16,4.135950120071685,4.135950120071685,0.0
historical945:selected_unequal_PK:2x23x32+13x13x64,v3_captured_mixed_heldout_bfcl_t64_l2,64,9.42163855764987,9.42163855764987,0.0
historical945:selected_unequal_PK:2x23x32+13x13x64,v3_captured_mixed_heldout_bfcl_t96_l2,96,10.390099993566452,10.390099993566452,0.0
historical945:selected_unequal_PK:2x23x32+13x13x64,v3_captured_mixed_heldout_bfcl_t128_l2,128,11.558370444624694,11.558370444624694,0.0
historical945:selected_unequal_PK:2x23x32+13x13x64,v3_captured_mixed_heldout_bfcl_t64_l13,64,8.977885749268367,8.977885749268367,0.0
historical945:selected_unequal_PK:2x23x32+13x13x64,v3_captured_mixed_heldout_bfcl_t96_l13,96,10.428910268804392,10.428910268804392,0.0
historical945:selected_unequal_PK:2x23x32+13x13x64,v3_captured_mixed_heldout_bfcl_t128_l13,128,11.320672959860644,11.320672959860644,0.0
historical945:selected_unequal_PK:2x23x32+13x13x64,v3_captured_mixed_heldout_bfcl_t64_l26,64,9.306214540735649,9.306214540735649,0.0
historical945:selected_unequal_PK:2x23x32+13x13x64,v3_captured_mixed_heldout_bfcl_t96_l26,96,10.471803139587829,10.471803139587829,0.0
historical945:selected_unequal_PK:2x23x32+13x13x64,v3_captured_mixed_heldout_bfcl_t128_l26,128,11.515940127145743,11.515940127145743,0.0
historical945:selected_unequal_PK:2x23x32+13x13x64,v3_captured_mixed_heldout_gpqa_t64_l2,64,9.674891172816809,9.674891172816809,0.0
historical945:selected_unequal_PK:2x23x32+13x13x64,v3_captured_mixed_heldout_gpqa_t96_l2,96,10.334887255038671,10.334887255038671,0.0
historical945:selected_unequal_PK:2x23x32+13x13x64,v3_captured_mixed_heldout_gpqa_t128_l2,128,10.982842444477802,10.982842444477802,0.0
historical945:selected_unequal_PK:2x23x32+13x13x64,v3_captured_mixed_heldout_gpqa_t64_l13,64,8.805066779086875,8.805066779086875,0.0
historical945:selected_unequal_PK:2x23x32+13x13x64,v3_captured_mixed_heldout_gpqa_t96_l13,96,9.894296564366742,9.894296564366742,0.0
historical945:selected_unequal_PK:2x23x32+13x13x64,v3_captured_mixed_heldout_gpqa_t128_l13,128,10.553657167780473,10.553657167780473,0.0
historical945:selected_unequal_PK:2x23x32+13x13x64,v3_captured_mixed_heldout_gpqa_t64_l26,64,9.643862190107527,9.643862190107527,0.0
historical945:selected_unequal_PK:2x23x32+13x13x64,v3_captured_mixed_heldout_gpqa_t96_l26,96,10.429659138598588,10.429659138598588,0.0
historical945:selected_unequal_PK:2x23x32+13x13x64,v3_captured_mixed_heldout_gpqa_t128_l26,128,11.04533879185336,11.04533879185336,0.0
historical945:selected_unequal_PK:2x23x32+13x13x64,v3_captured_mixed_heldout_swe_t64_l2,64,9.53639761063453,9.53639761063453,0.0
historical945:selected_unequal_PK:2x23x32+13x13x64,v3_captured_mixed_heldout_swe_t96_l2,96,10.247678855252053,10.247678855252053,0.0
historical945:selected_unequal_PK:2x23x32+13x13x64,v3_captured_mixed_heldout_swe_t128_l2,128,10.986138306679992,10.986138306679992,0.0
historical945:selected_unequal_PK:2x23x32+13x13x64,v3_captured_mixed_heldout_swe_t64_l13,64,8.441002765548255,8.441002765548255,0.0
historical945:selected_unequal_PK:2x23x32+13x13x64,v3_captured_mixed_heldout_swe_t96_l13,96,10.052986601081145,10.052986601081145,0.0
historical945:selected_unequal_PK:2x23x32+13x13x64,v3_captured_mixed_heldout_swe_t128_l13,128,11.359426874900246,11.359426874900246,0.0
historical945:selected_unequal_PK:2x23x32+13x13x64,v3_captured_mixed_heldout_swe_t64_l26,64,9.152755878968039,9.152755878968039,0.0
historical945:selected_unequal_PK:2x23x32+13x13x64,v3_captured_mixed_heldout_swe_t96_l26,96,9.909148579136483,9.909148579136483,0.0
historical945:selected_unequal_PK:2x23x32+13x13x64,v3_captured_mixed_heldout_swe_t128_l26,128,11.071703791531094,11.071703791531094,0.0
