window_id,design,onchip_mode,batch,expert_index,expert_id,Me,is_shared,fixed_core,milp_core,unique_hbm_bytes,fixed_hbm_bytes,milp_hbm_bytes,delta_bytes,delta_MiB,fixed_refetch_factor,milp_refetch_factor,best_refetch_factor,best_refetch_core,decision_kind,bind_cycle,candidate_comparisons
heldout_gpqa_b4_l13_s3,B2,pipelined,4,17,63,4,False,0,1,17301504,34603008.0,17301504,17301504.0,16.5,2.0,1.0,1.0,1,immediate_refetch_faster_than_wait,264.66666666666663,"[{""admissible"":true,""core"":0,""earliest_start"":244.66666666666666,""predicted_cycles"":548910.75390625,""predicted_finish"":549155.4205729166,""refetch"":2.0},{""admissible"":false,""core"":1,""earliest_start"":549234.4830729166,""predicted_cycles"":274616.8154296875,""predicted_finish"":823851.2985026041,""refetch"":1.0}]"
heldout_gpqa_b4_l26_s3,B2,pipelined,4,1,10,3,False,0,1,17301504,34603008.0,17301504,17301504.0,16.5,2.0,1.0,1.0,1,immediate_refetch_faster_than_wait,254.66666666666666,"[{""admissible"":true,""core"":0,""earliest_start"":234.66666666666666,""predicted_cycles"":549070.02734375,""predicted_finish"":549304.6940104166,""refetch"":2.0},{""admissible"":false,""core"":1,""earliest_start"":547996.4010416666,""predicted_cycles"":274002.48828125,""predicted_finish"":821998.8893229166,""refetch"":1.0}]"
heldout_gpqa_b4_l2_s3,B2,pipelined,4,6,26,3,False,0,1,17301504,34603008.0,17301504,17301504.0,16.5,2.0,1.0,1.0,1,immediate_refetch_faster_than_wait,823563.0216946597,"[{""admissible"":true,""core"":0,""earliest_start"":824067.0216946597,""predicted_cycles"":547116.83203125,""predicted_finish"":1371183.8537259097,""refetch"":2.0},{""admissible"":false,""core"":1,""earliest_start"":1097842.7973544493,""predicted_cycles"":274623.10546875,""predicted_finish"":1372465.9028231993,""refetch"":1.0}]"
heldout_gpqa_b4_l2_s3,B2,pipelined,4,11,40,3,False,0,1,17301504,34603008.0,17301504,17301504.0,16.5,2.0,1.0,1.0,1,immediate_refetch_faster_than_wait,1647282.6290203696,"[{""admissible"":true,""core"":0,""earliest_start"":1647783.9121490847,""predicted_cycles"":547590.4609375,""predicted_finish"":2195374.3730865847,""refetch"":2.0},{""admissible"":false,""core"":1,""earliest_start"":1921953.0450359946,""predicted_cycles"":274623.10546875,""predicted_finish"":2196576.1505047446,""refetch"":1.0}]"
heldout_swe_b4_l2_s3,B2,pipelined,4,6,35,3,False,0,1,17301504,34603008.0,17301504,17301504.0,16.5,2.0,1.0,1.0,1,immediate_refetch_faster_than_wait,1098231.9405864198,"[{""admissible"":true,""core"":0,""earliest_start"":1098729.9367283948,""predicted_cycles"":549120.32421875,""predicted_finish"":1647850.2609471448,""refetch"":2.0},{""admissible"":false,""core"":1,""earliest_start"":1373353.1427348573,""predicted_cycles"":274644.072265625,""predicted_finish"":1647997.2150004823,""refetch"":1.0}]"
heldout_swe_b4_l2_s3,B2,pipelined,4,11,57,4,False,0,1,17301504,34603008.0,17301504,17301504.0,16.5,2.0,1.0,1.0,1,immediate_refetch_faster_than_wait,248.66666666666666,"[{""admissible"":true,""core"":0,""earliest_start"":228.66666666666666,""predicted_cycles"":549078.41015625,""predicted_finish"":549307.0768229166,""refetch"":2.0},{""admissible"":false,""core"":1,""earliest_start"":549201.7174479166,""predicted_cycles"":274608.4287109375,""predicted_finish"":823810.1461588541,""refetch"":1.0}]"
heldout_bfcl_b8_l13_s11,B2,pipelined,8,3,6,4,False,0,1,17301504,34603008.0,17301504,17301504.0,16.5,2.0,1.0,1.0,1,immediate_refetch_faster_than_wait,480.3333333333333,"[{""admissible"":true,""core"":0,""earliest_start"":460.3333333333333,""predicted_cycles"":549023.921875,""predicted_finish"":549484.2552083334,""refetch"":2.0},{""admissible"":false,""core"":1,""earliest_start"":549366.3216145834,""predicted_cycles"":274641.9755859375,""predicted_finish"":824008.2972005209,""refetch"":1.0}]"
heldout_bfcl_b8_l13_s11,B2,pipelined,8,24,62,4,False,0,1,17301504,34603008.0,17301504,17301504.0,16.5,2.0,1.0,1.0,1,immediate_refetch_faster_than_wait,549256.3333333333,"[{""admissible"":true,""core"":0,""earliest_start"":549760.3333333333,""predicted_cycles"":549023.921875,""predicted_finish"":1098784.2552083333,""refetch"":2.0},{""admissible"":false,""core"":1,""earliest_start"":824383.642252604,""predicted_cycles"":274641.9755859375,""predicted_finish"":1099025.6178385415,""refetch"":1.0}]"
heldout_bfcl_b8_l13_s3,B2,pipelined,8,4,6,6,False,0,1,17301504,51904512.0,17301504,34603008.0,33.0,3.0,1.0,1.0,1,immediate_refetch_faster_than_wait,481.3333333333333,"[{""admissible"":true,""core"":0,""earliest_start"":461.3333333333333,""predicted_cycles"":693750.189453125,""predicted_finish"":694211.5227864584,""refetch"":3.0},{""admissible"":false,""core"":1,""earliest_start"":543168.2317708334,""predicted_cycles"":271473.892578125,""predicted_finish"":814642.1243489584,""refetch"":1.0}]"
heldout_bfcl_b8_l13_s7,B2,pipelined,8,13,21,4,False,0,1,17301504,34603008.0,17301504,17301504.0,16.5,2.0,1.0,1.0,1,immediate_refetch_faster_than_wait,493.3333333333333,"[{""admissible"":true,""core"":0,""earliest_start"":473.3333333333333,""predicted_cycles"":548785.01171875,""predicted_finish"":549258.3450520834,""refetch"":2.0},{""admissible"":false,""core"":1,""earliest_start"":548859.5872395834,""predicted_cycles"":274629.3955078125,""predicted_finish"":823488.9827473959,""refetch"":1.0}]"
heldout_bfcl_b8_l13_s7,B2,pipelined,8,23,41,4,False,0,1,17301504,34603008.0,17301504,17301504.0,16.5,2.0,1.0,1.0,1,immediate_refetch_faster_than_wait,549269.3333333333,"[{""admissible"":true,""core"":0,""earliest_start"":549773.3333333333,""predicted_cycles"":548785.01171875,""predicted_finish"":1098558.3450520833,""refetch"":2.0},{""admissible"":false,""core"":1,""earliest_start"":824384.062174479,""predicted_cycles"":274629.3955078125,""predicted_finish"":1099013.4576822915,""refetch"":1.0}]"
heldout_bfcl_b8_l26_s11,B2,pipelined,8,14,25,6,False,0,1,17301504,51904512.0,17301504,34603008.0,33.0,3.0,1.0,1.0,1,immediate_refetch_faster_than_wait,497.3333333333333,"[{""admissible"":true,""core"":0,""earliest_start"":477.3333333333333,""predicted_cycles"":750576.830078125,""predicted_finish"":751054.1634114584,""refetch"":3.0},{""admissible"":false,""core"":1,""earliest_start"":549517.4466145834,""predicted_cycles"":274641.9755859375,""predicted_finish"":824159.4222005209,""refetch"":1.0}]"
heldout_bfcl_b8_l26_s3,B2,pipelined,8,5,10,3,False,0,1,17301504,34603008.0,17301504,17301504.0,16.5,2.0,1.0,1.0,1,immediate_refetch_faster_than_wait,1098470.6072530863,"[{""admissible"":true,""core"":0,""earliest_start"":1098968.6033950616,""predicted_cycles"":549141.28125,""predicted_finish"":1648109.8846450616,""refetch"":2.0},{""admissible"":false,""core"":1,""earliest_start"":1373572.9392843363,""predicted_cycles"":274637.7822265625,""predicted_finish"":1648210.7215108988,""refetch"":1.0}]"
heldout_bfcl_b8_l26_s3,B2,pipelined,8,10,17,4,False,0,1,17301504,34603008.0,17301504,17301504.0,16.5,2.0,1.0,1.0,1,immediate_refetch_faster_than_wait,487.3333333333333,"[{""admissible"":true,""core"":0,""earliest_start"":467.3333333333333,""predicted_cycles"":549103.55859375,""predicted_finish"":549570.8919270834,""refetch"":2.0},{""admissible"":false,""core"":1,""earliest_start"":549444.5755208334,""predicted_cycles"":274637.7822265625,""predicted_finish"":824082.3577473959,""refetch"":1.0}]"
heldout_bfcl_b8_l26_s3,B2,pipelined,8,20,42,3,False,0,1,17301504,34603008.0,17301504,17301504.0,16.5,2.0,1.0,1.0,1,immediate_refetch_faster_than_wait,3020683.194190081,"[{""admissible"":true,""core"":0,""earliest_start"":3021179.520191525,""predicted_cycles"":549116.1328125,""predicted_finish"":3570295.653004025,""refetch"":2.0},{""admissible"":false,""core"":1,""earliest_start"":3295783.4295416437,""predicted_cycles"":274637.7822265625,""predicted_finish"":3570421.211768206,""refetch"":1.0}]"
heldout_bfcl_b8_l26_s3,B2,pipelined,8,28,58,3,False,0,1,17301504,34603008.0,17301504,17301504.0,16.5,2.0,1.0,1.0,1,immediate_refetch_faster_than_wait,4393654.285381549,"[{""admissible"":true,""core"":0,""earliest_start"":4394158.285381549,""predicted_cycles"":549095.17578125,""predicted_finish"":4943253.461162799,""refetch"":2.0},{""admissible"":false,""core"":1,""earliest_start"":4668781.797664265,""predicted_cycles"":274637.7822265625,""predicted_finish"":4943419.579890828,""refetch"":1.0}]"
heldout_bfcl_b8_l26_s7,B2,pipelined,8,12,30,4,False,0,1,17301504,34603008.0,17301504,17301504.0,16.5,2.0,1.0,1.0,1,immediate_refetch_faster_than_wait,499.3333333333333,"[{""admissible"":true,""core"":0,""earliest_start"":479.3333333333333,""predicted_cycles"":529814.70703125,""predicted_finish"":530294.0403645834,""refetch"":2.0},{""admissible"":false,""core"":1,""earliest_start"":549464.9583333334,""predicted_cycles"":274639.87890625,""predicted_finish"":824104.8372395834,""refetch"":1.0}]"
heldout_bfcl_b8_l26_s7,B2,pipelined,8,18,36,3,False,0,1,17301504,34603008.0,17301504,17301504.0,16.5,2.0,1.0,1.0,1,immediate_refetch_faster_than_wait,2746222.891660764,"[{""admissible"":true,""core"":0,""earliest_start"":2746719.044327954,""predicted_cycles"":534672.546875,""predicted_finish"":3281391.591202954,""refetch"":2.0},{""admissible"":false,""core"":1,""earliest_start"":3021341.997129514,""predicted_cycles"":274635.685546875,""predicted_finish"":3295977.682676389,""refetch"":1.0}]"
heldout_bfcl_b8_l2_s11,B2,pipelined,8,8,18,4,False,0,1,17301504,34603008.0,17301504,17301504.0,16.5,2.0,1.0,1.0,1,immediate_refetch_faster_than_wait,496.3333333333333,"[{""admissible"":true,""core"":0,""earliest_start"":476.3333333333333,""predicted_cycles"":545863.6015625,""predicted_finish"":546339.9348958334,""refetch"":2.0},{""admissible"":false,""core"":1,""earliest_start"":538216.4153645834,""predicted_cycles"":274467.951171875,""predicted_finish"":812684.3665364584,""refetch"":1.0}]"
heldout_bfcl_b8_l2_s11,B2,pipelined,8,18,43,4,False,0,1,17301504,34603008.0,17301504,17301504.0,16.5,2.0,1.0,1.0,1,immediate_refetch_faster_than_wait,549272.3333333333,"[{""admissible"":true,""core"":0,""earliest_start"":549776.3333333333,""predicted_cycles"":545863.6015625,""predicted_finish"":1095639.9348958333,""refetch"":2.0},{""admissible"":false,""core"":1,""earliest_start"":824225.6178385415,""predicted_cycles"":274467.951171875,""predicted_finish"":1098693.5690104165,""refetch"":1.0}]"
heldout_bfcl_b8_l2_s7,B2,pipelined,8,1,0,4,False,0,1,17301504,34603008.0,17301504,17301504.0,16.5,2.0,1.0,1.0,1,immediate_refetch_faster_than_wait,485.3333333333333,"[{""admissible"":true,""core"":0,""earliest_start"":465.3333333333333,""predicted_cycles"":535380.89453125,""predicted_finish"":535846.2278645834,""refetch"":2.0},{""admissible"":false,""core"":1,""earliest_start"":486152.3411458333,""predicted_cycles"":271673.0771484375,""predicted_finish"":757825.4182942708,""refetch"":1.0}]"
heldout_bfcl_b8_l2_s7,B2,pipelined,8,7,11,3,False,0,1,17301504,34603008.0,17301504,17301504.0,16.5,2.0,1.0,1.0,1,immediate_refetch_faster_than_wait,1372981.3773417315,"[{""admissible"":true,""core"":0,""earliest_start"":1373485.3773417315,""predicted_cycles"":541399.75390625,""predicted_finish"":1914885.1312479815,""refetch"":2.0},{""admissible"":false,""core"":1,""earliest_start"":1647872.535452331,""predicted_cycles"":272413.205078125,""predicted_finish"":1920285.740530456,""refetch"":1.0}]"
heldout_bfcl_b8_l2_s7,B2,pipelined,8,19,46,4,False,0,1,17301504,34603008.0,17301504,17301504.0,16.5,2.0,1.0,1.0,1,immediate_refetch_faster_than_wait,549261.3333333333,"[{""admissible"":true,""core"":0,""earliest_start"":549765.3333333333,""predicted_cycles"":535380.89453125,""predicted_finish"":1085146.2278645833,""refetch"":2.0},{""admissible"":false,""core"":1,""earliest_start"":821419.743815104,""predicted_cycles"":271673.0771484375,""predicted_finish"":1093092.8209635415,""refetch"":1.0}]"
heldout_gpqa_b8_l13_s11,B2,pipelined,8,25,57,5,False,0,1,17301504,51904512.0,17301504,34603008.0,33.0,3.0,1.0,1.0,1,immediate_refetch_faster_than_wait,483.3333333333333,"[{""admissible"":true,""core"":0,""earliest_start"":463.3333333333333,""predicted_cycles"":813890.759765625,""predicted_finish"":814354.0930989584,""refetch"":3.0},{""admissible"":false,""core"":1,""earliest_start"":549394.4700520834,""predicted_cycles"":274587.4619140625,""predicted_finish"":823981.9319661459,""refetch"":1.0}]"
heldout_gpqa_b8_l13_s3,B2,pipelined,8,15,36,4,False,0,1,17301504,34603008.0,17301504,17301504.0,16.5,2.0,1.0,1.0,1,immediate_refetch_faster_than_wait,477.3333333333333,"[{""admissible"":true,""core"":0,""earliest_start"":457.3333333333333,""predicted_cycles"":548994.58203125,""predicted_finish"":549451.9153645834,""refetch"":2.0},{""admissible"":false,""core"":1,""earliest_start"":549413.6184895834,""predicted_cycles"":274644.072265625,""predicted_finish"":824057.6907552084,""refetch"":1.0}]"
heldout_gpqa_b8_l13_s3,B2,pipelined,8,26,63,4,False,0,1,17301504,34603008.0,17301504,17301504.0,16.5,2.0,1.0,1.0,1,immediate_refetch_faster_than_wait,549253.3333333333,"[{""admissible"":true,""core"":0,""earliest_start"":549757.3333333333,""predicted_cycles"":548994.58203125,""predicted_finish"":1098751.9153645833,""refetch"":2.0},{""admissible"":false,""core"":1,""earliest_start"":824382.7389322915,""predicted_cycles"":274644.072265625,""predicted_finish"":1099026.8111979165,""refetch"":1.0}]"
heldout_gpqa_b8_l13_s7,B2,pipelined,8,1,5,3,False,0,1,17301504,34603008.0,17301504,17301504.0,16.5,2.0,1.0,1.0,1,immediate_refetch_faster_than_wait,497.3333333333333,"[{""admissible"":true,""core"":0,""earliest_start"":477.3333333333333,""predicted_cycles"":549049.0703125,""predicted_finish"":549526.4036458334,""refetch"":2.0},{""admissible"":false,""core"":1,""earliest_start"":549408.4700520834,""predicted_cycles"":274621.0087890625,""predicted_finish"":824029.4788411459,""refetch"":1.0}]"
heldout_gpqa_b8_l26_s11,B2,pipelined,8,2,2,3,False,0,1,17301504,34603008.0,17301504,17301504.0,16.5,2.0,1.0,1.0,1,immediate_refetch_faster_than_wait,274720.0,"[{""admissible"":true,""core"":0,""earliest_start"":275224.0,""predicted_cycles"":549111.94140625,""predicted_finish"":824335.94140625,""refetch"":2.0},{""admissible"":false,""core"":1,""earliest_start"":549829.3333333333,""predicted_cycles"":274623.10546875,""predicted_finish"":824452.4388020833,""refetch"":1.0}]"
heldout_gpqa_b8_l26_s11,B2,pipelined,8,8,15,3,False,0,1,17301504,34603008.0,17301504,17301504.0,16.5,2.0,1.0,1.0,1,immediate_refetch_faster_than_wait,1372914.711548354,"[{""admissible"":true,""core"":0,""earliest_start"":1373418.711548354,""predicted_cycles"":549107.75,""predicted_finish"":1922526.461548354,""refetch"":2.0},{""admissible"":false,""core"":1,""earliest_start"":1647989.1538226593,""predicted_cycles"":274623.10546875,""predicted_finish"":1922612.2592914093,""refetch"":1.0}]"
heldout_gpqa_b8_l26_s3,B2,pipelined,8,5,10,6,False,0,1,17301504,51904512.0,17301504,34603008.0,33.0,3.0,1.0,1.0,1,immediate_refetch_faster_than_wait,465.3333333333333,"[{""admissible"":true,""core"":0,""earliest_start"":445.3333333333333,""predicted_cycles"":818159.0439453125,""predicted_finish"":818604.3772786459,""refetch"":3.0},{""admissible"":false,""core"":1,""earliest_start"":549393.2356770834,""predicted_cycles"":274595.8486328125,""predicted_finish"":823989.0843098959,""refetch"":1.0}]"
heldout_gpqa_b8_l26_s7,B2,pipelined,8,22,39,3,False,0,1,17301504,34603008.0,17301504,17301504.0,16.5,2.0,1.0,1.0,1,immediate_refetch_faster_than_wait,3020755.0781907416,"[{""admissible"":true,""core"":0,""earliest_start"":3021251.6408937974,""predicted_cycles"":549116.1328125,""predicted_finish"":3570367.7737062974,""refetch"":2.0},{""admissible"":false,""core"":1,""earliest_start"":3295869.9903001166,""predicted_cycles"":274618.912109375,""predicted_finish"":3570488.9024094916,""refetch"":1.0}]"
heldout_gpqa_b8_l26_s7,B2,pipelined,8,27,44,3,False,0,1,17301504,34603008.0,17301504,17301504.0,16.5,2.0,1.0,1.0,1,immediate_refetch_faster_than_wait,3844501.359229798,"[{""admissible"":true,""core"":0,""earliest_start"":3845005.359229798,""predicted_cycles"":549095.17578125,""predicted_finish"":4394100.5350110475,""refetch"":2.0},{""admissible"":false,""core"":1,""earliest_start"":4119606.0341544175,""predicted_cycles"":274618.912109375,""predicted_finish"":4394224.946263792,""refetch"":1.0}]"
heldout_gpqa_b8_l2_s3,B2,pipelined,8,9,30,5,False,0,1,17301504,51904512.0,17301504,34603008.0,33.0,3.0,1.0,1.0,1,immediate_refetch_faster_than_wait,470.3333333333333,"[{""admissible"":true,""core"":0,""earliest_start"":450.3333333333333,""predicted_cycles"":782541.8154296875,""predicted_finish"":782992.1487630209,""refetch"":3.0},{""admissible"":false,""core"":1,""earliest_start"":549523.9778645834,""predicted_cycles"":274658.7490234375,""predicted_finish"":824182.7268880209,""refetch"":1.0}]"
heldout_swe_b8_l13_s11,B2,pipelined,8,6,24,4,False,0,1,17301504,34603008.0,17301504,17301504.0,16.5,2.0,1.0,1.0,1,immediate_refetch_faster_than_wait,451.3333333333333,"[{""admissible"":true,""core"":0,""earliest_start"":431.3333333333333,""predicted_cycles"":549225.109375,""predicted_finish"":549656.4427083334,""refetch"":2.0},{""admissible"":false,""core"":1,""earliest_start"":461657.2942708333,""predicted_cycles"":198956.0322265625,""predicted_finish"":660613.3264973958,""refetch"":1.0}]"
heldout_swe_b8_l13_s3,B2,pipelined,8,2,3,4,False,0,1,17301504,34603008.0,17301504,17301504.0,16.5,2.0,1.0,1.0,1,immediate_refetch_faster_than_wait,458.3333333333333,"[{""admissible"":true,""core"":0,""earliest_start"":438.3333333333333,""predicted_cycles"":549187.38671875,""predicted_finish"":549625.7200520834,""refetch"":2.0},{""admissible"":false,""core"":1,""earliest_start"":463764.1888020833,""predicted_cycles"":272887.0546875,""predicted_finish"":736651.2434895833,""refetch"":1.0}]"
heldout_swe_b8_l13_s7,B2,pipelined,8,12,31,4,False,0,1,17301504,34603008.0,17301504,17301504.0,16.5,2.0,1.0,1.0,1,immediate_refetch_faster_than_wait,456.3333333333333,"[{""admissible"":true,""core"":0,""earliest_start"":436.3333333333333,""predicted_cycles"":549212.53515625,""predicted_finish"":549648.8684895834,""refetch"":2.0},{""admissible"":false,""core"":1,""earliest_start"":393292.0755208333,""predicted_cycles"":173512.82421875,""predicted_finish"":566804.8997395833,""refetch"":1.0}]"
heldout_swe_b8_l26_s11,B2,pipelined,8,1,2,4,False,0,1,17301504,34603008.0,17301504,17301504.0,16.5,2.0,1.0,1.0,1,immediate_refetch_faster_than_wait,469.3333333333333,"[{""admissible"":true,""core"":0,""earliest_start"":449.3333333333333,""predicted_cycles"":549229.30078125,""predicted_finish"":549678.6341145834,""refetch"":2.0},{""admissible"":false,""core"":1,""earliest_start"":548185.9192708334,""predicted_cycles"":199681.4833984375,""predicted_finish"":747867.4026692709,""refetch"":1.0}]"
heldout_swe_b8_l26_s3,B2,pipelined,8,2,5,4,False,0,1,17301504,34603008.0,17301504,17301504.0,16.5,2.0,1.0,1.0,1,immediate_refetch_faster_than_wait,470.3333333333333,"[{""admissible"":true,""core"":0,""earliest_start"":450.3333333333333,""predicted_cycles"":549233.4921875,""predicted_finish"":549683.8255208334,""refetch"":2.0},{""admissible"":false,""core"":1,""earliest_start"":533877.4583333334,""predicted_cycles"":252811.3466796875,""predicted_finish"":786688.8050130209,""refetch"":1.0}]"
heldout_swe_b8_l26_s7,B2,pipelined,8,6,22,4,False,0,1,17301504,34603008.0,17301504,17301504.0,16.5,2.0,1.0,1.0,1,immediate_refetch_faster_than_wait,463.3333333333333,"[{""admissible"":true,""core"":0,""earliest_start"":443.3333333333333,""predicted_cycles"":549237.68359375,""predicted_finish"":549681.0169270834,""refetch"":2.0},{""admissible"":false,""core"":1,""earliest_start"":542919.7044270834,""predicted_cycles"":273671.212890625,""predicted_finish"":816590.9173177084,""refetch"":1.0}]"
heldout_swe_b8_l2_s11,B2,pipelined,8,7,18,4,False,0,1,17301504,34603008.0,17301504,17301504.0,16.5,2.0,1.0,1.0,1,immediate_refetch_faster_than_wait,454.3333333333333,"[{""admissible"":true,""core"":0,""earliest_start"":434.3333333333333,""predicted_cycles"":549137.08984375,""predicted_finish"":549571.4231770834,""refetch"":2.0},{""admissible"":false,""core"":1,""earliest_start"":476430.8098958333,""predicted_cycles"":202979.560546875,""predicted_finish"":679410.3704427083,""refetch"":1.0}]"
heldout_swe_b8_l2_s3,B2,pipelined,8,1,7,5,False,0,1,17301504,51904512.0,17301504,34603008.0,33.0,3.0,1.0,1.0,1,immediate_refetch_faster_than_wait,461.3333333333333,"[{""admissible"":true,""core"":0,""earliest_start"":441.3333333333333,""predicted_cycles"":821333.541015625,""predicted_finish"":821774.8743489584,""refetch"":3.0},{""admissible"":false,""core"":1,""earliest_start"":549477.2552083334,""predicted_cycles"":274639.87890625,""predicted_finish"":824117.1341145834,""refetch"":1.0}]"
heldout_swe_b8_l2_s7,B2,pipelined,8,2,1,4,False,0,1,17301504,34603008.0,17301504,17301504.0,16.5,2.0,1.0,1.0,1,immediate_refetch_faster_than_wait,453.3333333333333,"[{""admissible"":true,""core"":0,""earliest_start"":433.3333333333333,""predicted_cycles"":549099.3671875,""predicted_finish"":549532.7005208334,""refetch"":2.0},{""admissible"":false,""core"":1,""earliest_start"":480889.4661458333,""predicted_cycles"":218369.189453125,""predicted_finish"":699258.6555989583,""refetch"":1.0}]"
heldout_bfcl_b16_l13_s11,B2,pipelined,16,1,0,4,False,0,1,17301504,34603008.0,17301504,17301504.0,16.5,2.0,1.0,1.0,1,immediate_refetch_faster_than_wait,922.6666666666666,"[{""admissible"":true,""core"":0,""earliest_start"":902.6666666666666,""predicted_cycles"":549074.21875,""predicted_finish"":549976.8854166666,""refetch"":2.0},{""admissible"":false,""core"":1,""earliest_start"":547289.6197916666,""predicted_cycles"":274631.4921875,""predicted_finish"":821921.1119791666,""refetch"":1.0}]"
heldout_bfcl_b16_l13_s11,B2,pipelined,16,19,27,4,False,0,1,17301504,34603008.0,17301504,17301504.0,16.5,2.0,1.0,1.0,1,immediate_refetch_faster_than_wait,549698.6666666666,"[{""admissible"":true,""core"":0,""earliest_start"":550202.6666666666,""predicted_cycles"":549074.21875,""predicted_finish"":1099276.8854166665,""refetch"":2.0},{""admissible"":false,""core"":1,""earliest_start"":824815.4921875,""predicted_cycles"":274631.4921875,""predicted_finish"":1099446.984375,""refetch"":1.0}]"
heldout_bfcl_b16_l13_s3,B2,pipelined,16,3,3,4,False,0,1,17301504,34603008.0,17301504,17301504.0,16.5,2.0,1.0,1.0,1,immediate_refetch_faster_than_wait,894.6666666666666,"[{""admissible"":true,""core"":0,""earliest_start"":874.6666666666666,""predicted_cycles"":548516.76171875,""predicted_finish"":549391.4283854166,""refetch"":2.0},{""admissible"":false,""core"":1,""earliest_start"":543447.4401041666,""predicted_cycles"":274610.525390625,""predicted_finish"":818057.9654947916,""refetch"":1.0}]"
heldout_bfcl_b16_l13_s3,B2,pipelined,16,15,26,3,False,0,1,17301504,34603008.0,17301504,17301504.0,16.5,2.0,1.0,1.0,1,immediate_refetch_faster_than_wait,2746618.224994098,"[{""admissible"":true,""core"":0,""earliest_start"":2747114.3776612883,""predicted_cycles"":548701.18359375,""predicted_finish"":3295815.5612550383,""refetch"":2.0},{""admissible"":false,""core"":1,""earliest_start"":3021726.8470644103,""predicted_cycles"":274618.912109375,""predicted_finish"":3296345.7591737853,""refetch"":1.0}]"
heldout_bfcl_b16_l13_s7,B2,pipelined,16,2,1,3,False,0,1,17301504,34603008.0,17301504,17301504.0,16.5,2.0,1.0,1.0,1,immediate_refetch_faster_than_wait,824261.0208333331,"[{""admissible"":true,""core"":0,""earliest_start"":824765.0208333331,""predicted_cycles"":549019.73046875,""predicted_finish"":1373784.751302083,""refetch"":2.0},{""admissible"":false,""core"":1,""earliest_start"":1099179.4070095485,""predicted_cycles"":274625.2021484375,""predicted_finish"":1373804.609157986,""refetch"":1.0}]"
heldout_bfcl_b16_l13_s7,B2,pipelined,16,4,3,4,False,0,1,17301504,34603008.0,17301504,17301504.0,16.5,2.0,1.0,1.0,1,immediate_refetch_faster_than_wait,894.6666666666666,"[{""admissible"":true,""core"":0,""earliest_start"":874.6666666666666,""predicted_cycles"":548940.09375,""predicted_finish"":549814.7604166666,""refetch"":2.0},{""admissible"":false,""core"":1,""earliest_start"":546305.9791666666,""predicted_cycles"":274625.2021484375,""predicted_finish"":820931.1813151041,""refetch"":1.0}]"
heldout_bfcl_b16_l26_s11,B2,pipelined,16,14,16,5,False,0,1,17301504,51904512.0,17301504,34603008.0,33.0,3.0,1.0,1.0,1,immediate_refetch_faster_than_wait,908.6666666666666,"[{""admissible"":true,""core"":0,""earliest_start"":888.6666666666666,""predicted_cycles"":768844.33203125,""predicted_finish"":769732.9986979166,""refetch"":3.0},{""admissible"":false,""core"":1,""earliest_start"":549170.1354166666,""predicted_cycles"":274662.9423828125,""predicted_finish"":823833.0777994791,""refetch"":1.0}]"
heldout_bfcl_b16_l26_s11,B2,pipelined,16,16,18,3,False,0,1,17301504,34603008.0,17301504,17301504.0,16.5,2.0,1.0,1.0,1,immediate_refetch_faster_than_wait,3020919.0304851425,"[{""admissible"":true,""core"":0,""earliest_start"":3021419.8416883857,""predicted_cycles"":544493.01171875,""predicted_finish"":3565912.8534071357,""refetch"":2.0},{""admissible"":false,""core"":1,""earliest_start"":3295998.29903983,""predicted_cycles"":274583.2685546875,""predicted_finish"":3570581.5675945175,""refetch"":1.0}]"
heldout_bfcl_b16_l26_s11,B2,pipelined,16,30,38,3,False,0,1,17301504,34603008.0,17301504,17301504.0,16.5,2.0,1.0,1.0,1,immediate_refetch_faster_than_wait,4943137.100639987,"[{""admissible"":true,""core"":0,""earliest_start"":4943633.105008092,""predicted_cycles"":545628.8828125,""predicted_finish"":5489261.987820592,""refetch"":2.0},{""admissible"":false,""core"":1,""earliest_start"":5218224.755913424,""predicted_cycles"":274591.6552734375,""predicted_finish"":5492816.411186862,""refetch"":1.0}]"
heldout_bfcl_b16_l26_s11,B2,pipelined,16,43,60,3,False,0,1,17301504,34603008.0,17301504,17301504.0,16.5,2.0,1.0,1.0,1,immediate_refetch_faster_than_wait,6590725.561116617,"[{""admissible"":true,""core"":0,""earliest_start"":6591227.211296489,""predicted_cycles"":546479.73828125,""predicted_finish"":7137706.949577739,""refetch"":2.0},{""admissible"":false,""core"":1,""earliest_start"":6863246.880452555,""predicted_cycles"":274595.8486328125,""predicted_finish"":7137842.729085367,""refetch"":1.0}]"
heldout_bfcl_b16_l26_s3,B2,pipelined,16,1,0,3,False,0,1,17301504,34603008.0,17301504,17301504.0,16.5,2.0,1.0,1.0,1,immediate_refetch_faster_than_wait,549676.6666666666,"[{""admissible"":true,""core"":0,""earliest_start"":550180.6666666666,""predicted_cycles"":514784.32421875,""predicted_finish"":1064964.9908854165,""refetch"":2.0},{""admissible"":false,""core"":1,""earliest_start"":824806.072265625,""predicted_cycles"":274625.2021484375,""predicted_finish"":1099431.2744140625,""refetch"":1.0}]"
heldout_bfcl_b16_l26_s3,B2,pipelined,16,20,29,4,False,0,1,17301504,34603008.0,17301504,17301504.0,16.5,2.0,1.0,1.0,1,immediate_refetch_faster_than_wait,900.6666666666666,"[{""admissible"":true,""core"":0,""earliest_start"":880.6666666666666,""predicted_cycles"":514784.32421875,""predicted_finish"":515664.9908854167,""refetch"":2.0},{""admissible"":false,""core"":1,""earliest_start"":547984.3502604166,""predicted_cycles"":274625.2021484375,""predicted_finish"":822609.5524088541,""refetch"":1.0}]"
heldout_bfcl_b16_l26_s7,B2,pipelined,16,2,1,3,False,0,1,17301504,34603008.0,17301504,17301504.0,16.5,2.0,1.0,1.0,1,immediate_refetch_faster_than_wait,2197036.968622069,"[{""admissible"":true,""core"":0,""earliest_start"":2197538.8625431345,""predicted_cycles"":538264.58203125,""predicted_finish"":2735803.4445743845,""refetch"":2.0},{""admissible"":false,""core"":1,""earliest_start"":2472120.4305361314,""predicted_cycles"":274587.4619140625,""predicted_finish"":2746707.892450194,""refetch"":1.0}]"
heldout_bfcl_b16_l26_s7,B2,pipelined,16,10,15,6,False,0,1,17301504,51904512.0,17301504,34603008.0,33.0,3.0,1.0,1.0,1,immediate_refetch_faster_than_wait,890.6666666666666,"[{""admissible"":true,""core"":0,""earliest_start"":870.6666666666666,""predicted_cycles"":726224.3515625,""predicted_finish"":727095.0182291666,""refetch"":3.0},{""admissible"":false,""core"":1,""earliest_start"":548846.1627604166,""predicted_cycles"":274648.265625,""predicted_finish"":823494.4283854166,""refetch"":1.0}]"
heldout_bfcl_b16_l26_s7,B2,pipelined,16,19,28,3,False,0,1,17301504,34603008.0,17301504,17301504.0,16.5,2.0,1.0,1.0,1,immediate_refetch_faster_than_wait,3295408.1533347177,"[{""admissible"":true,""core"":0,""earliest_start"":3295912.1533347177,""predicted_cycles"":540963.84765625,""predicted_finish"":3836876.0009909677,""refetch"":2.0},{""admissible"":false,""core"":1,""earliest_start"":3570471.596042375,""predicted_cycles"":274587.4619140625,""predicted_finish"":3845059.0579564376,""refetch"":1.0}]"
heldout_bfcl_b16_l26_s7,B2,pipelined,16,31,49,3,False,0,1,17301504,34603008.0,17301504,17301504.0,16.5,2.0,1.0,1.0,1,immediate_refetch_faster_than_wait,4942991.976195045,"[{""admissible"":true,""core"":0,""earliest_start"":4943491.621537523,""predicted_cycles"":542979.9140625,""predicted_finish"":5486471.535600023,""refetch"":2.0},{""admissible"":false,""core"":1,""earliest_start"":5218083.824827857,""predicted_cycles"":274597.9453125,""predicted_finish"":5492681.770140357,""refetch"":1.0}]"
heldout_bfcl_b16_l2_s11,B2,pipelined,16,3,3,4,False,0,1,17301504,34603008.0,17301504,17301504.0,16.5,2.0,1.0,1.0,1,immediate_refetch_faster_than_wait,923.6666666666666,"[{""admissible"":true,""core"":0,""earliest_start"":903.6666666666666,""predicted_cycles"":547297.0625,""predicted_finish"":548200.7291666666,""refetch"":2.0},{""admissible"":false,""core"":1,""earliest_start"":541250.8033854166,""predicted_cycles"":274547.625,""predicted_finish"":815798.4283854166,""refetch"":1.0}]"
heldout_bfcl_b16_l2_s11,B2,pipelined,16,15,17,4,False,0,1,17301504,34603008.0,17301504,17301504.0,16.5,2.0,1.0,1.0,1,immediate_refetch_faster_than_wait,549699.6666666666,"[{""admissible"":true,""core"":0,""earliest_start"":550203.6666666666,""predicted_cycles"":547297.0625,""predicted_finish"":1097500.7291666665,""refetch"":2.0},{""admissible"":false,""core"":1,""earliest_start"":824732.625,""predicted_cycles"":274547.625,""predicted_finish"":1099280.25,""refetch"":1.0}]"
heldout_bfcl_b16_l2_s11,B2,pipelined,16,25,31,3,False,0,1,17301504,34603008.0,17301504,17301504.0,16.5,2.0,1.0,1.0,1,immediate_refetch_faster_than_wait,4119627.594959904,"[{""admissible"":true,""core"":0,""earliest_start"":4120123.749166616,""predicted_cycles"":548106.00390625,""predicted_finish"":4668229.753072865,""refetch"":2.0},{""admissible"":false,""core"":1,""earliest_start"":4394719.443592716,""predicted_cycles"":274595.8486328125,""predicted_finish"":4669315.2922255285,""refetch"":1.0}]"
heldout_bfcl_b16_l2_s11,B2,pipelined,16,30,37,3,False,0,1,17301504,34603008.0,17301504,17301504.0,16.5,2.0,1.0,1.0,1,immediate_refetch_faster_than_wait,4943373.49656109,"[{""admissible"":true,""core"":0,""earliest_start"":4943877.49656109,""predicted_cycles"":548336.53125,""predicted_finish"":5492214.02781109,""refetch"":2.0},{""admissible"":false,""core"":1,""earliest_start"":5218402.771500512,""predicted_cycles"":274597.9453125,""predicted_finish"":5493000.716813012,""refetch"":1.0}]"
heldout_bfcl_b16_l2_s3,B2,pipelined,16,9,18,4,False,0,1,17301504,34603008.0,17301504,17301504.0,16.5,2.0,1.0,1.0,1,immediate_refetch_faster_than_wait,878.6666666666666,"[{""admissible"":true,""core"":0,""earliest_start"":858.6666666666666,""predicted_cycles"":524688.6171875,""predicted_finish"":525547.2838541666,""refetch"":2.0},{""admissible"":false,""core"":1,""earliest_start"":522201.9674479167,""predicted_cycles"":265250.947265625,""predicted_finish"":787452.9147135417,""refetch"":1.0}]"
heldout_bfcl_b16_l2_s3,B2,pipelined,16,13,26,3,False,0,1,17301504,34603008.0,17301504,17301504.0,16.5,2.0,1.0,1.0,1,immediate_refetch_faster_than_wait,2471978.237364216,"[{""admissible"":true,""core"":0,""earliest_start"":2472474.241162916,""predicted_cycles"":530829.02734375,""predicted_finish"":3003303.268506666,""refetch"":2.0},{""admissible"":false,""core"":1,""earliest_start"":2740073.465879841,""predicted_cycles"":267599.228515625,""predicted_finish"":3007672.694395466,""refetch"":1.0}]"
heldout_bfcl_b16_l2_s7,B2,pipelined,16,1,0,4,False,0,1,17301504,34603008.0,17301504,17301504.0,16.5,2.0,1.0,1.0,1,immediate_refetch_faster_than_wait,918.6666666666666,"[{""admissible"":true,""core"":0,""earliest_start"":898.6666666666666,""predicted_cycles"":543315.2265625,""predicted_finish"":544213.8932291666,""refetch"":2.0},{""admissible"":false,""core"":1,""earliest_start"":538278.2877604166,""predicted_cycles"":273375.5810546875,""predicted_finish"":811653.8688151041,""refetch"":1.0}]"
heldout_bfcl_b16_l2_s7,B2,pipelined,16,11,14,4,False,0,1,17301504,34603008.0,17301504,17301504.0,16.5,2.0,1.0,1.0,1,immediate_refetch_faster_than_wait,549694.6666666666,"[{""admissible"":true,""core"":0,""earliest_start"":550198.6666666666,""predicted_cycles"":543315.2265625,""predicted_finish"":1093513.8932291665,""refetch"":2.0},{""admissible"":false,""core"":1,""earliest_start"":823555.5810546875,""predicted_cycles"":273375.5810546875,""predicted_finish"":1096931.162109375,""refetch"":1.0}]"
heldout_gpqa_b16_l13_s11,B2,pipelined,16,27,36,6,False,0,1,17301504,51904512.0,17301504,34603008.0,33.0,3.0,1.0,1.0,1,immediate_refetch_faster_than_wait,902.6666666666666,"[{""admissible"":true,""core"":0,""earliest_start"":882.6666666666666,""predicted_cycles"":816329.779296875,""predicted_finish"":817212.4459635416,""refetch"":3.0},{""admissible"":false,""core"":1,""earliest_start"":549952.1197916666,""predicted_cycles"":274621.0087890625,""predicted_finish"":824573.1285807291,""refetch"":1.0}]"
heldout_gpqa_b16_l13_s3,B2,pipelined,16,3,6,6,False,0,1,17301504,51904512.0,17301504,34603008.0,33.0,3.0,1.0,1.0,1,immediate_refetch_faster_than_wait,866.6666666666666,"[{""admissible"":true,""core"":0,""earliest_start"":846.6666666666666,""predicted_cycles"":806303.3974609375,""predicted_finish"":807150.0641276041,""refetch"":3.0},{""admissible"":false,""core"":1,""earliest_start"":549857.4401041666,""predicted_cycles"":274637.7822265625,""predicted_finish"":824495.2223307291,""refetch"":1.0}]"
heldout_gpqa_b16_l13_s3,B2,pipelined,16,13,35,4,False,0,1,17301504,34603008.0,17301504,17301504.0,16.5,2.0,1.0,1.0,1,immediate_refetch_faster_than_wait,2197012.968622069,"[{""admissible"":true,""core"":0,""earliest_start"":2197514.8625431354,""predicted_cycles"":549057.453125,""predicted_finish"":2746572.3156681354,""refetch"":2.0},{""admissible"":false,""core"":1,""earliest_start"":2472159.3309267564,""predicted_cycles"":274621.0087890625,""predicted_finish"":2746780.339715819,""refetch"":1.0}]"
heldout_gpqa_b16_l13_s3,B2,pipelined,16,16,39,3,False,0,1,17301504,34603008.0,17301504,17301504.0,16.5,2.0,1.0,1.0,1,immediate_refetch_faster_than_wait,3295384.1533347177,"[{""admissible"":true,""core"":0,""earliest_start"":3295888.1533347177,""predicted_cycles"":549057.453125,""predicted_finish"":3844945.6064597177,""refetch"":2.0},{""admissible"":false,""core"":1,""earliest_start"":3570474.8528783126,""predicted_cycles"":274600.0419921875,""predicted_finish"":3845074.8948705,""refetch"":1.0}]"
heldout_gpqa_b16_l13_s7,B2,pipelined,16,11,16,3,False,0,1,17301504,34603008.0,17301504,17301504.0,16.5,2.0,1.0,1.0,1,immediate_refetch_faster_than_wait,2746287.907923142,"[{""admissible"":true,""core"":0,""earliest_start"":2746791.907923142,""predicted_cycles"":549099.3671875,""predicted_finish"":3295891.275110642,""refetch"":2.0},{""admissible"":false,""core"":1,""earliest_start"":3021391.637315844,""predicted_cycles"":274610.525390625,""predicted_finish"":3296002.162706469,""refetch"":1.0}]"
heldout_gpqa_b16_l13_s7,B2,pipelined,16,13,19,5,False,0,1,17301504,51904512.0,17301504,34603008.0,33.0,3.0,1.0,1.0,1,immediate_refetch_faster_than_wait,898.6666666666666,"[{""admissible"":true,""core"":0,""earliest_start"":878.6666666666666,""predicted_cycles"":810640.8291015625,""predicted_finish"":811519.4957682291,""refetch"":3.0},{""admissible"":false,""core"":1,""earliest_start"":549906.2057291666,""predicted_cycles"":274627.298828125,""predicted_finish"":824533.5045572916,""refetch"":1.0}]"
heldout_gpqa_b16_l13_s7,B2,pipelined,16,25,35,3,False,0,1,17301504,34603008.0,17301504,17301504.0,16.5,2.0,1.0,1.0,1,immediate_refetch_faster_than_wait,4393880.887910583,"[{""admissible"":true,""core"":0,""earliest_start"":4394381.73472656,""predicted_cycles"":549082.6015625,""predicted_finish"":4943464.33628906,""refetch"":2.0},{""admissible"":false,""core"":1,""earliest_start"":4668989.509980896,""predicted_cycles"":274608.4287109375,""predicted_finish"":4943597.938691833,""refetch"":1.0}]"
heldout_gpqa_b16_l26_s11,B2,pipelined,16,1,0,5,False,0,1,17301504,51904512.0,17301504,34603008.0,33.0,3.0,1.0,1.0,1,immediate_refetch_faster_than_wait,916.6666666666666,"[{""admissible"":true,""core"":0,""earliest_start"":896.6666666666666,""predicted_cycles"":820560.3466796875,""predicted_finish"":821457.0133463541,""refetch"":3.0},{""admissible"":false,""core"":1,""earliest_start"":549970.3111979166,""predicted_cycles"":274644.072265625,""predicted_finish"":824614.3834635416,""refetch"":1.0}]"
heldout_gpqa_b16_l26_s3,B2,pipelined,16,2,5,6,False,0,1,17301504,51904512.0,17301504,34603008.0,33.0,3.0,1.0,1.0,1,immediate_refetch_faster_than_wait,870.6666666666666,"[{""admissible"":true,""core"":0,""earliest_start"":850.6666666666666,""predicted_cycles"":819529.4208984375,""predicted_finish"":820380.0875651041,""refetch"":3.0},{""admissible"":false,""core"":1,""earliest_start"":549953.6510416666,""predicted_cycles"":274631.4921875,""predicted_finish"":824585.1432291666,""refetch"":1.0}]"
heldout_gpqa_b16_l26_s7,B2,pipelined,16,2,3,4,False,0,1,17301504,34603008.0,17301504,17301504.0,16.5,2.0,1.0,1.0,1,immediate_refetch_faster_than_wait,922.6666666666666,"[{""admissible"":true,""core"":0,""earliest_start"":902.6666666666666,""predicted_cycles"":549086.79296875,""predicted_finish"":549989.4596354166,""refetch"":2.0},{""admissible"":false,""core"":1,""earliest_start"":549938.5885416666,""predicted_cycles"":274618.912109375,""predicted_finish"":824557.5006510416,""refetch"":1.0}]"
heldout_gpqa_b16_l26_s7,B2,pipelined,16,32,45,4,False,0,1,17301504,34603008.0,17301504,17301504.0,16.5,2.0,1.0,1.0,1,immediate_refetch_faster_than_wait,549698.6666666666,"[{""admissible"":true,""core"":0,""earliest_start"":550202.6666666666,""predicted_cycles"":549086.79296875,""predicted_finish"":1099289.4596354165,""refetch"":2.0},{""admissible"":false,""core"":1,""earliest_start"":824823.87890625,""predicted_cycles"":274618.912109375,""predicted_finish"":1099442.791015625,""refetch"":1.0}]"
heldout_gpqa_b16_l2_s11,B2,pipelined,16,1,0,3,False,0,1,17301504,34603008.0,17301504,17301504.0,16.5,2.0,1.0,1.0,1,immediate_refetch_faster_than_wait,549682.6666666666,"[{""admissible"":true,""core"":0,""earliest_start"":550186.6666666666,""predicted_cycles"":548437.125,""predicted_finish"":1098623.7916666665,""refetch"":2.0},{""admissible"":false,""core"":1,""earliest_start"":824795.298828125,""predicted_cycles"":274627.298828125,""predicted_finish"":1099422.59765625,""refetch"":1.0}]"
heldout_gpqa_b16_l2_s11,B2,pipelined,16,11,12,3,False,0,1,17301504,34603008.0,17301504,17301504.0,16.5,2.0,1.0,1.0,1,immediate_refetch_faster_than_wait,2197241.6565084388,"[{""admissible"":true,""core"":0,""earliest_start"":2197742.507491672,""predicted_cycles"":548747.2890625,""predicted_finish"":2746489.796554172,""refetch"":2.0},{""admissible"":false,""core"":1,""earliest_start"":2472352.3752584388,""predicted_cycles"":274629.3955078125,""predicted_finish"":2746981.7707662513,""refetch"":1.0}]"
heldout_gpqa_b16_l2_s11,B2,pipelined,16,22,27,3,False,0,1,17301504,34603008.0,17301504,17301504.0,16.5,2.0,1.0,1.0,1,immediate_refetch_faster_than_wait,3844833.6024165894,"[{""admissible"":true,""core"":0,""earliest_start"":3845335.0932463836,""predicted_cycles"":548818.54296875,""predicted_finish"":4394153.636215134,""refetch"":2.0},{""admissible"":false,""core"":1,""earliest_start"":4119952.7078853394,""predicted_cycles"":274623.10546875,""predicted_finish"":4394575.81335409,""refetch"":1.0}]"
heldout_gpqa_b16_l2_s11,B2,pipelined,16,23,30,4,False,0,1,17301504,34603008.0,17301504,17301504.0,16.5,2.0,1.0,1.0,1,immediate_refetch_faster_than_wait,906.6666666666666,"[{""admissible"":true,""core"":0,""earliest_start"":886.6666666666666,""predicted_cycles"":548437.125,""predicted_finish"":549323.7916666666,""refetch"":2.0},{""admissible"":false,""core"":1,""earliest_start"":549817.8033854166,""predicted_cycles"":274627.298828125,""predicted_finish"":824445.1022135416,""refetch"":1.0}]"
heldout_gpqa_b16_l2_s11,B2,pipelined,16,32,46,3,False,0,1,17301504,34603008.0,17301504,17301504.0,16.5,2.0,1.0,1.0,1,immediate_refetch_faster_than_wait,5217808.174576563,"[{""admissible"":true,""core"":0,""earliest_start"":5218312.174576563,""predicted_cycles"":548873.03125,""predicted_finish"":5767185.205826563,""refetch"":2.0},{""admissible"":false,""core"":1,""earliest_start"":5492914.798462274,""predicted_cycles"":274616.8154296875,""predicted_finish"":5767531.613891961,""refetch"":1.0}]"
heldout_gpqa_b16_l2_s3,B2,pipelined,16,12,26,6,False,0,1,17301504,51904512.0,17301504,34603008.0,33.0,3.0,1.0,1.0,1,immediate_refetch_faster_than_wait,846.6666666666666,"[{""admissible"":true,""core"":0,""earliest_start"":826.6666666666666,""predicted_cycles"":792819.642578125,""predicted_finish"":793646.3092447916,""refetch"":3.0},{""admissible"":false,""core"":1,""earliest_start"":549338.6627604166,""predicted_cycles"":274656.65234375,""predicted_finish"":823995.3151041666,""refetch"":1.0}]"
heldout_gpqa_b16_l2_s7,B2,pipelined,16,1,3,5,False,0,1,17301504,51904512.0,17301504,34603008.0,33.0,3.0,1.0,1.0,1,immediate_refetch_faster_than_wait,907.6666666666666,"[{""admissible"":true,""core"":0,""earliest_start"":887.6666666666666,""predicted_cycles"":800526.44140625,""predicted_finish"":801414.1080729166,""refetch"":3.0},{""admissible"":false,""core"":1,""earliest_start"":549730.7838541666,""predicted_cycles"":274656.65234375,""predicted_finish"":824387.4361979166,""refetch"":1.0}]"
heldout_gpqa_b16_l2_s7,B2,pipelined,16,28,35,3,False,0,1,17301504,34603008.0,17301504,17301504.0,16.5,2.0,1.0,1.0,1,immediate_refetch_faster_than_wait,4668663.324939377,"[{""admissible"":true,""core"":0,""earliest_start"":4669159.354917453,""predicted_cycles"":547959.3046875,""predicted_finish"":5217118.659604953,""refetch"":2.0},{""admissible"":false,""core"":1,""earliest_start"":4943776.140369064,""predicted_cycles"":274616.8154296875,""predicted_finish"":5218392.955798752,""refetch"":1.0}]"
heldout_gpqa_b16_l2_s7,B2,pipelined,16,33,45,3,False,0,1,17301504,34603008.0,17301504,17301504.0,16.5,2.0,1.0,1.0,1,immediate_refetch_faster_than_wait,5492409.227621898,"[{""admissible"":true,""core"":0,""earliest_start"":5492913.227621898,""predicted_cycles"":548227.5546875,""predicted_finish"":6041140.782309398,""refetch"":2.0},{""admissible"":false,""core"":1,""earliest_start"":5767461.540668902,""predicted_cycles"":274612.6220703125,""predicted_finish"":6042074.1627392145,""refetch"":1.0}]"
heldout_swe_b16_l13_s3,B2,pipelined,16,4,11,4,False,0,1,17301504,34603008.0,17301504,17301504.0,16.5,2.0,1.0,1.0,1,immediate_refetch_faster_than_wait,830.6666666666666,"[{""admissible"":true,""core"":0,""earliest_start"":810.6666666666666,""predicted_cycles"":549204.15234375,""predicted_finish"":550014.8190104166,""refetch"":2.0},{""admissible"":false,""core"":1,""earliest_start"":529493.1197916666,""predicted_cycles"":169847.828125,""predicted_finish"":699340.9479166666,""refetch"":1.0}]"
heldout_swe_b16_l13_s7,B2,pipelined,16,2,5,4,False,0,1,17301504,34603008.0,17301504,17301504.0,16.5,2.0,1.0,1.0,1,immediate_refetch_faster_than_wait,830.6666666666666,"[{""admissible"":true,""core"":0,""earliest_start"":810.6666666666666,""predicted_cycles"":549220.91796875,""predicted_finish"":550031.5846354166,""refetch"":2.0},{""admissible"":false,""core"":1,""earliest_start"":426891.6861979167,""predicted_cycles"":204438.849609375,""predicted_finish"":631330.5358072917,""refetch"":1.0}]"
heldout_swe_b16_l26_s7,B2,pipelined,16,5,17,4,False,0,1,17301504,34603008.0,17301504,17301504.0,16.5,2.0,1.0,1.0,1,immediate_refetch_faster_than_wait,846.6666666666666,"[{""admissible"":true,""core"":0,""earliest_start"":826.6666666666666,""predicted_cycles"":549241.875,""predicted_finish"":550068.5416666666,""refetch"":2.0},{""admissible"":false,""core"":1,""earliest_start"":493936.6549479167,""predicted_cycles"":274524.5615234375,""predicted_finish"":768461.2164713542,""refetch"":1.0}]"
heldout_swe_b16_l26_s7,B2,pipelined,16,14,43,4,False,0,1,17301504,34603008.0,17301504,17301504.0,16.5,2.0,1.0,1.0,1,immediate_refetch_faster_than_wait,686952.7638888889,"[{""admissible"":true,""core"":0,""earliest_start"":686932.7638888889,""predicted_cycles"":549241.875,""predicted_finish"":1236174.638888889,""refetch"":2.0},{""admissible"":false,""core"":1,""earliest_start"":961969.3254123264,""predicted_cycles"":274524.5615234375,""predicted_finish"":1236493.886935764,""refetch"":1.0}]"
heldout_swe_b16_l2_s11,B2,pipelined,16,2,1,4,False,0,1,17301504,34603008.0,17301504,17301504.0,16.5,2.0,1.0,1.0,1,immediate_refetch_faster_than_wait,854.6666666666666,"[{""admissible"":true,""core"":0,""earliest_start"":834.6666666666666,""predicted_cycles"":549166.4296875,""predicted_finish"":550001.0963541666,""refetch"":2.0},{""admissible"":false,""core"":1,""earliest_start"":436333.7760416667,""predicted_cycles"":244399.4677734375,""predicted_finish"":680733.2438151042,""refetch"":1.0}]"
heldout_swe_b16_l2_s3,B2,pipelined,16,15,57,5,False,0,1,17301504,51904512.0,17301504,34603008.0,33.0,3.0,1.0,1.0,1,immediate_refetch_faster_than_wait,822.6666666666666,"[{""admissible"":true,""core"":0,""earliest_start"":802.6666666666666,""predicted_cycles"":821911.865234375,""predicted_finish"":822714.5319010416,""refetch"":3.0},{""admissible"":false,""core"":1,""earliest_start"":549909.8424479166,""predicted_cycles"":274648.265625,""predicted_finish"":824558.1080729166,""refetch"":1.0}]"
v3_captured_mixed_heldout_bfcl_t64_l13,B2,pipelined,64,30,33,11,False,0,1,17301504,103809024.0,17301504,86507520.0,82.5,6.0,1.0,1.0,1,immediate_refetch_faster_than_wait,3192.6666666666665,"[{""admissible"":true,""core"":0,""earliest_start"":3174.6666666666665,""predicted_cycles"":1029646.8671875,""predicted_finish"":1032821.5338541666,""refetch"":6.0},{""admissible"":false,""core"":1,""earliest_start"":981562.0338541666,""predicted_cycles"":211131.451171875,""predicted_finish"":1192693.4850260415,""refetch"":1.0}]"
v3_captured_mixed_heldout_bfcl_t64_l2,B2,pipelined,64,1,2,6,False,0,1,17301504,51904512.0,17301504,34603008.0,33.0,3.0,1.0,1.0,1,immediate_refetch_faster_than_wait,3236.6666666666665,"[{""admissible"":true,""core"":0,""earliest_start"":3218.6666666666665,""predicted_cycles"":822345.6083984375,""predicted_finish"":825564.2750651041,""refetch"":3.0},{""admissible"":false,""core"":1,""earliest_start"":973499.4869791666,""predicted_cycles"":274384.083984375,""predicted_finish"":1247883.5709635415,""refetch"":1.0}]"
v3_captured_mixed_heldout_bfcl_t64_l26,B2,pipelined,64,0,0,5,False,0,1,17301504,51904512.0,17301504,34603008.0,33.0,3.0,1.0,1.0,1,immediate_refetch_faster_than_wait,3256.6666666666665,"[{""admissible"":true,""core"":0,""earliest_start"":3238.6666666666665,""predicted_cycles"":823313.6728515625,""predicted_finish"":826552.3395182291,""refetch"":3.0},{""admissible"":false,""core"":1,""earliest_start"":981522.4830729166,""predicted_cycles"":200788.5302734375,""predicted_finish"":1182311.013346354,""refetch"":1.0}]"
v3_captured_mixed_heldout_gpqa_t64_l2,B2,pipelined,64,3,3,9,False,0,1,17301504,86507520.0,17301504,69206016.0,66.0,5.0,1.0,1.0,1,immediate_refetch_faster_than_wait,3310.6666666666665,"[{""admissible"":true,""core"":0,""earliest_start"":3292.6666666666665,""predicted_cycles"":1083238.439453125,""predicted_finish"":1086531.1061197917,""refetch"":5.0},{""admissible"":false,""core"":1,""earliest_start"":981265.8307291666,""predicted_cycles"":226487.533203125,""predicted_finish"":1207753.3639322915,""refetch"":1.0}]"
v3_captured_mixed_heldout_gpqa_t64_l26,B2,pipelined,64,3,4,7,False,0,1,17301504,69206016.0,17301504,51904512.0,49.5,4.0,1.0,1.0,1,immediate_refetch_faster_than_wait,3292.6666666666665,"[{""admissible"":true,""core"":0,""earliest_start"":3274.6666666666665,""predicted_cycles"":1097984.767578125,""predicted_finish"":1101259.4342447917,""refetch"":4.0},{""admissible"":false,""core"":1,""earliest_start"":994487.5377604166,""predicted_cycles"":197492.5498046875,""predicted_finish"":1191980.087565104,""refetch"":1.0}]"
v3_captured_mixed_heldout_swe_t64_l26,B2,pipelined,64,1,1,8,False,0,1,17301504,69206016.0,17301504,51904512.0,49.5,4.0,1.0,1.0,1,immediate_refetch_faster_than_wait,3258.6666666666665,"[{""admissible"":true,""core"":0,""earliest_start"":3240.6666666666665,""predicted_cycles"":1098068.576171875,""predicted_finish"":1101309.2428385417,""refetch"":4.0},{""admissible"":false,""core"":1,""earliest_start"":974364.6861979166,""predicted_cycles"":250228.2373046875,""predicted_finish"":1224592.923502604,""refetch"":1.0}]"
v3_captured_mixed_heldout_bfcl_t96_l13,B2,pipelined,96,1,1,6,False,0,1,17301504,51904512.0,17301504,34603008.0,33.0,3.0,1.0,1.0,1,immediate_refetch_faster_than_wait,4626.0,"[{""admissible"":true,""core"":0,""earliest_start"":4608.0,""predicted_cycles"":823081.0859375,""predicted_finish"":827689.0859375,""refetch"":3.0},{""admissible"":false,""core"":1,""earliest_start"":1560675.58984375,""predicted_cycles"":260818.56640625,""predicted_finish"":1821494.15625,""refetch"":1.0}]"
v3_captured_mixed_heldout_bfcl_t96_l13,B2,pipelined,96,9,9,6,False,0,1,17301504,51904512.0,17301504,34603008.0,33.0,3.0,1.0,1.0,1,immediate_refetch_faster_than_wait,827801.9999999999,"[{""admissible"":true,""core"":0,""earliest_start"":828305.9999999999,""predicted_cycles"":823081.0859375,""predicted_finish"":1651387.0859375,""refetch"":3.0},{""admissible"":false,""core"":1,""earliest_start"":1555448.8315820158,""predicted_cycles"":260818.56640625,""predicted_finish"":1816267.3979882658,""refetch"":1.0}]"
v3_captured_mixed_heldout_bfcl_t96_l2,B2,pipelined,96,9,10,4,False,0,1,17301504,34603008.0,17301504,17301504.0,16.5,2.0,1.0,1.0,1,immediate_refetch_faster_than_wait,4648.0,"[{""admissible"":true,""core"":0,""earliest_start"":4630.0,""predicted_cycles"":549233.4921875,""predicted_finish"":553863.4921875,""refetch"":2.0},{""admissible"":false,""core"":1,""earliest_start"":1541170.87109375,""predicted_cycles"":233048.0439453125,""predicted_finish"":1774218.9150390625,""refetch"":1.0}]"
v3_captured_mixed_heldout_bfcl_t96_l2,B2,pipelined,96,14,15,4,False,0,1,17301504,34603008.0,17301504,17301504.0,16.5,2.0,1.0,1.0,1,immediate_refetch_faster_than_wait,553428.9803403801,"[{""admissible"":true,""core"":0,""earliest_start"":553932.9803403801,""predicted_cycles"":549233.4921875,""predicted_finish"":1103166.4725278802,""refetch"":2.0},{""admissible"":false,""core"":1,""earliest_start"":1555605.209142193,""predicted_cycles"":233048.0439453125,""predicted_finish"":1788653.2530875055,""refetch"":1.0}]"
v3_captured_mixed_heldout_bfcl_t96_l2,B2,pipelined,96,42,43,4,False,0,1,17301504,34603008.0,17301504,17301504.0,16.5,2.0,1.0,1.0,1,immediate_refetch_faster_than_wait,1102419.9400068605,"[{""admissible"":true,""core"":0,""earliest_start"":1102923.9400068605,""predicted_cycles"":549237.68359375,""predicted_finish"":1652161.6236006105,""refetch"":2.0},{""admissible"":false,""core"":1,""earliest_start"":1555481.7941633232,""predicted_cycles"":233048.0439453125,""predicted_finish"":1788529.8381086357,""refetch"":1.0}]"
v3_captured_mixed_heldout_bfcl_t96_l26,B2,pipelined,96,3,3,12,False,0,1,17301504,103809024.0,17301504,86507520.0,82.5,6.0,1.0,1.0,1,immediate_refetch_faster_than_wait,4664.0,"[{""admissible"":true,""core"":0,""earliest_start"":4646.0,""predicted_cycles"":1184048.015625,""predicted_finish"":1188694.015625,""refetch"":6.0},{""admissible"":false,""core"":1,""earliest_start"":1565284.6171875,""predicted_cycles"":256337.9619140625,""predicted_finish"":1821622.5791015625,""refetch"":1.0}]"
v3_captured_mixed_heldout_gpqa_t96_l13,B2,pipelined,96,4,5,5,False,0,1,17301504,51904512.0,17301504,34603008.0,33.0,3.0,1.0,1.0,1,immediate_refetch_faster_than_wait,4654.0,"[{""admissible"":true,""core"":0,""earliest_start"":4636.0,""predicted_cycles"":823502.2568359375,""predicted_finish"":828138.2568359375,""refetch"":3.0},{""admissible"":false,""core"":1,""earliest_start"":1616598.822265625,""predicted_cycles"":250138.080078125,""predicted_finish"":1866736.90234375,""refetch"":1.0}]"
v3_captured_mixed_heldout_gpqa_t96_l13,B2,pipelined,96,12,14,6,False,0,1,17301504,51904512.0,17301504,34603008.0,33.0,3.0,1.0,1.0,1,immediate_refetch_faster_than_wait,827830.0,"[{""admissible"":true,""core"":0,""earliest_start"":828334.0,""predicted_cycles"":823502.2568359375,""predicted_finish"":1651836.2568359375,""refetch"":3.0},{""admissible"":false,""core"":1,""earliest_start"":1555476.8315820158,""predicted_cycles"":250138.080078125,""predicted_finish"":1805614.9116601408,""refetch"":1.0}]"
v3_captured_mixed_heldout_gpqa_t96_l2,B2,pipelined,96,7,7,4,False,0,1,17301504,34603008.0,17301504,17301504.0,16.5,2.0,1.0,1.0,1,immediate_refetch_faster_than_wait,4734.0,"[{""admissible"":true,""core"":0,""earliest_start"":4716.0,""predicted_cycles"":549158.046875,""predicted_finish"":553874.046875,""refetch"":2.0},{""admissible"":false,""core"":1,""earliest_start"":1588853.248046875,""predicted_cycles"":153281.9619140625,""predicted_finish"":1742135.2099609375,""refetch"":1.0}]"
v3_captured_mixed_heldout_gpqa_t96_l2,B2,pipelined,96,16,16,4,False,0,1,17301504,34603008.0,17301504,17301504.0,16.5,2.0,1.0,1.0,1,immediate_refetch_faster_than_wait,553514.9803403801,"[{""admissible"":true,""core"":0,""earliest_start"":554018.9803403801,""predicted_cycles"":549158.046875,""predicted_finish"":1103177.0272153802,""refetch"":2.0},{""admissible"":false,""core"":1,""earliest_start"":1555691.209142193,""predicted_cycles"":153281.9619140625,""predicted_finish"":1708973.1710562555,""refetch"":1.0}]"
v3_captured_mixed_heldout_gpqa_t96_l2,B2,pipelined,96,19,19,4,False,0,1,17301504,34603008.0,17301504,17301504.0,16.5,2.0,1.0,1.0,1,immediate_refetch_faster_than_wait,1102505.9400068605,"[{""admissible"":true,""core"":0,""earliest_start"":1103009.9400068605,""predicted_cycles"":549179.00390625,""predicted_finish"":1652188.9439131105,""refetch"":2.0},{""admissible"":false,""core"":1,""earliest_start"":1555567.7941633232,""predicted_cycles"":153281.9619140625,""predicted_finish"":1708849.7560773857,""refetch"":1.0}]"
v3_captured_mixed_heldout_gpqa_t96_l26,B2,pipelined,96,4,4,14,False,0,1,17301504,121110528.0,17301504,103809024.0,99.0,7.0,1.0,1.0,1,immediate_refetch_faster_than_wait,4722.0,"[{""admissible"":true,""core"":0,""earliest_start"":4704.0,""predicted_cycles"":1693738.6865234375,""predicted_finish"":1698442.6865234375,""refetch"":7.0},{""admissible"":false,""core"":1,""earliest_start"":1603153.4453125,""predicted_cycles"":256241.5146484375,""predicted_finish"":1859394.9599609375,""refetch"":1.0}]"
v3_captured_mixed_heldout_swe_t96_l13,B2,pipelined,96,5,5,5,False,0,1,17301504,51904512.0,17301504,34603008.0,33.0,3.0,1.0,1.0,1,immediate_refetch_faster_than_wait,4608.0,"[{""admissible"":true,""core"":0,""earliest_start"":4590.0,""predicted_cycles"":823621.693359375,""predicted_finish"":828211.693359375,""refetch"":3.0},{""admissible"":false,""core"":1,""earliest_start"":1636723.03515625,""predicted_cycles"":260814.373046875,""predicted_finish"":1897537.408203125,""refetch"":1.0}]"
v3_captured_mixed_heldout_swe_t96_l13,B2,pipelined,96,9,9,6,False,0,1,17301504,51904512.0,17301504,34603008.0,33.0,3.0,1.0,1.0,1,immediate_refetch_faster_than_wait,827784.0,"[{""admissible"":true,""core"":0,""earliest_start"":828288.0,""predicted_cycles"":823621.693359375,""predicted_finish"":1651909.693359375,""refetch"":3.0},{""admissible"":false,""core"":1,""earliest_start"":1555430.8315820158,""predicted_cycles"":260814.373046875,""predicted_finish"":1816245.2046288908,""refetch"":1.0}]"
v3_captured_mixed_heldout_swe_t96_l2,B2,pipelined,96,1,1,6,False,0,1,17301504,51904512.0,17301504,34603008.0,33.0,3.0,1.0,1.0,1,immediate_refetch_faster_than_wait,4694.0,"[{""admissible"":true,""core"":0,""earliest_start"":4676.0,""predicted_cycles"":823627.9794921875,""predicted_finish"":828303.9794921875,""refetch"":3.0},{""admissible"":false,""core"":1,""earliest_start"":1624671.404296875,""predicted_cycles"":260824.8564453125,""predicted_finish"":1885496.2607421875,""refetch"":1.0}]"
v3_captured_mixed_heldout_swe_t96_l2,B2,pipelined,96,5,5,5,False,0,1,17301504,51904512.0,17301504,34603008.0,33.0,3.0,1.0,1.0,1,immediate_refetch_faster_than_wait,827869.9999999999,"[{""admissible"":true,""core"":0,""earliest_start"":828373.9999999999,""predicted_cycles"":823627.9794921875,""predicted_finish"":1652001.9794921875,""refetch"":3.0},{""admissible"":false,""core"":1,""earliest_start"":1555516.8315820158,""predicted_cycles"":260824.8564453125,""predicted_finish"":1816341.6880273283,""refetch"":1.0}]"
v3_captured_mixed_heldout_swe_t96_l26,B2,pipelined,96,1,1,10,False,0,1,17301504,86507520.0,17301504,69206016.0,66.0,5.0,1.0,1.0,1,immediate_refetch_faster_than_wait,4706.0,"[{""admissible"":true,""core"":0,""earliest_start"":4688.0,""predicted_cycles"":1281111.7822265625,""predicted_finish"":1285799.7822265625,""refetch"":5.0},{""admissible"":false,""core"":1,""earliest_start"":1611280.974609375,""predicted_cycles"":254736.0986328125,""predicted_finish"":1866017.0732421875,""refetch"":1.0}]"
v3_captured_mixed_heldout_bfcl_t128_l13,B2,pipelined,128,34,34,31,False,0,1,17301504,276824064.0,17301504,259522560.0,247.5,16.0,1.0,1.0,1,immediate_refetch_faster_than_wait,6049.333333333333,"[{""admissible"":true,""core"":0,""earliest_start"":6031.333333333333,""predicted_cycles"":2196608.0,""predicted_finish"":2202639.3333333335,""refetch"":16.0},{""admissible"":false,""core"":1,""earliest_start"":2111317.4739583335,""predicted_cycles"":299408.9411417643,""predicted_finish"":2410726.4151000977,""refetch"":1.0}]"
v3_captured_mixed_heldout_bfcl_t128_l2,B2,pipelined,128,4,4,5,False,0,1,17301504,51904512.0,17301504,34603008.0,33.0,3.0,1.0,1.0,1,immediate_refetch_faster_than_wait,6069.333333333333,"[{""admissible"":true,""core"":0,""earliest_start"":6051.333333333333,""predicted_cycles"":822678.7734375,""predicted_finish"":828730.1067708334,""refetch"":3.0},{""admissible"":false,""core"":1,""earliest_start"":2091840.3411458333,""predicted_cycles"":250196.787109375,""predicted_finish"":2342037.128255208,""refetch"":1.0}]"
v3_captured_mixed_heldout_bfcl_t128_l2,B2,pipelined,128,6,6,5,False,0,1,17301504,51904512.0,17301504,34603008.0,33.0,3.0,1.0,1.0,1,immediate_refetch_faster_than_wait,829245.3333333335,"[{""admissible"":true,""core"":0,""earliest_start"":829749.3333333335,""predicted_cycles"":822678.7734375,""predicted_finish"":1652428.1067708335,""refetch"":3.0},{""admissible"":false,""core"":1,""earliest_start"":2073846.5094932616,""predicted_cycles"":250196.787109375,""predicted_finish"":2324043.2966026366,""refetch"":1.0}]"
v3_captured_mixed_heldout_bfcl_t128_l26,B2,pipelined,128,0,0,8,False,0,1,17301504,69206016.0,17301504,51904512.0,49.5,4.0,1.0,1.0,1,immediate_refetch_faster_than_wait,6069.333333333333,"[{""admissible"":true,""core"":0,""earliest_start"":6051.333333333333,""predicted_cycles"":1097792.0078125,""predicted_finish"":1103843.3411458333,""refetch"":4.0},{""admissible"":false,""core"":1,""earliest_start"":2115923.2942708335,""predicted_cycles"":260820.6630859375,""predicted_finish"":2376743.957356771,""refetch"":1.0}]"
v3_captured_mixed_heldout_bfcl_t128_l26,B2,pipelined,128,1,1,6,False,0,1,17301504,51904512.0,17301504,34603008.0,33.0,3.0,1.0,1.0,1,immediate_refetch_faster_than_wait,1103805.333333333,"[{""admissible"":true,""core"":0,""earliest_start"":1104309.333333333,""predicted_cycles"":823407.96484375,""predicted_finish"":1927717.298177083,""refetch"":3.0},{""admissible"":false,""core"":1,""earliest_start"":2073839.096641244,""predicted_cycles"":260820.6630859375,""predicted_finish"":2334659.7597271814,""refetch"":1.0}]"
v3_captured_mixed_heldout_gpqa_t128_l13,B2,pipelined,128,0,0,12,False,0,1,17301504,103809024.0,17301504,86507520.0,82.5,6.0,1.0,1.0,1,immediate_refetch_faster_than_wait,6041.333333333333,"[{""admissible"":true,""core"":0,""earliest_start"":6023.333333333333,""predicted_cycles"":1386681.453125,""predicted_finish"":1392704.7864583333,""refetch"":6.0},{""admissible"":false,""core"":1,""earliest_start"":2167197.3098958335,""predicted_cycles"":226498.0166015625,""predicted_finish"":2393695.326497396,""refetch"":1.0}]"
v3_captured_mixed_heldout_gpqa_t128_l2,B2,pipelined,128,15,15,25,False,0,1,17301504,224919552.0,17301504,207618048.0,198.0,13.0,1.0,1.0,1,immediate_refetch_faster_than_wait,6111.333333333333,"[{""admissible"":true,""core"":0,""earliest_start"":6093.333333333333,""predicted_cycles"":2151574.6435546875,""predicted_finish"":2157667.976888021,""refetch"":13.0},{""admissible"":false,""core"":1,""earliest_start"":2139456.5286458335,""predicted_cycles"":193200.7704671224,""predicted_finish"":2332657.299112956,""refetch"":1.0}]"
v3_captured_mixed_heldout_gpqa_t128_l26,B2,pipelined,128,1,1,8,False,0,1,17301504,69206016.0,17301504,51904512.0,49.5,4.0,1.0,1.0,1,immediate_refetch_faster_than_wait,6099.333333333333,"[{""admissible"":true,""core"":0,""earliest_start"":6081.333333333333,""predicted_cycles"":1098043.43359375,""predicted_finish"":1104124.7669270833,""refetch"":4.0},{""admissible"":false,""core"":1,""earliest_start"":2153793.7083333335,""predicted_cycles"":200778.046875,""predicted_finish"":2354571.7552083335,""refetch"":1.0}]"
v3_captured_mixed_heldout_gpqa_t128_l26,B2,pipelined,128,3,3,8,False,0,1,17301504,69206016.0,17301504,51904512.0,49.5,4.0,1.0,1.0,1,immediate_refetch_faster_than_wait,1103835.333333333,"[{""admissible"":true,""core"":0,""earliest_start"":1104339.333333333,""predicted_cycles"":1098043.43359375,""predicted_finish"":2202382.766927083,""refetch"":4.0},{""admissible"":false,""core"":1,""earliest_start"":2073869.096641244,""predicted_cycles"":200778.046875,""predicted_finish"":2274647.143516244,""refetch"":1.0}]"
v3_captured_mixed_heldout_swe_t128_l13,B2,pipelined,128,3,3,9,False,0,1,17301504,86507520.0,17301504,69206016.0,66.0,5.0,1.0,1.0,1,immediate_refetch_faster_than_wait,6031.333333333333,"[{""admissible"":true,""core"":0,""earliest_start"":6013.333333333333,""predicted_cycles"":1250585.9248046875,""predicted_finish"":1256599.2581380208,""refetch"":5.0},{""admissible"":false,""core"":1,""earliest_start"":2187364.9192708335,""predicted_cycles"":256239.41796875,""predicted_finish"":2443604.3372395835,""refetch"":1.0}]"
v3_captured_mixed_heldout_swe_t128_l2,B2,pipelined,128,57,57,34,False,0,1,17301504,294125568.0,17301504,276824064.0,264.0,17.0,1.0,1.0,1,immediate_refetch_faster_than_wait,6105.333333333333,"[{""admissible"":true,""core"":0,""earliest_start"":6087.333333333333,""predicted_cycles"":2333888.0,""predicted_finish"":2339975.3333333335,""refetch"":17.0},{""admissible"":false,""core"":1,""earliest_start"":2175308.6848958335,""predicted_cycles"":267252.3933105469,""predicted_finish"":2442561.0782063804,""refetch"":1.0}]"
v3_captured_mixed_heldout_swe_t128_l26,B2,pipelined,128,15,15,23,False,0,1,17301504,207618048.0,17301504,190316544.0,181.5,12.0,1.0,1.0,1,immediate_refetch_faster_than_wait,6093.333333333333,"[{""admissible"":true,""core"":0,""earliest_start"":6075.333333333333,""predicted_cycles"":2313134.892578125,""predicted_finish"":2319210.2259114585,""refetch"":12.0},{""admissible"":false,""core"":1,""earliest_start"":2141036.1692708335,""predicted_cycles"":191884.1508178711,""predicted_finish"":2332920.3200887046,""refetch"":1.0}]"
heldout_gpqa_b16_l26_s3,best_hetero,pipelined,16,5,10,12,False,0,1,17301504,34603008.0,17301504,17301504.0,16.5,2.0,1.0,1.0,1,immediate_refetch_faster_than_wait,870.6666666666666,"[{""admissible"":true,""core"":0,""earliest_start"":850.6666666666666,""predicted_cycles"":535273.0913085938,""predicted_finish"":536123.7579752604,""refetch"":2.0},{""admissible"":false,""core"":1,""earliest_start"":549953.6510416666,""predicted_cycles"":274673.42578125,""predicted_finish"":824627.0768229166,""refetch"":1.0}]"
heldout_gpqa_b16_l2_s3,best_hetero,pipelined,16,15,30,12,False,0,1,17301504,34603008.0,17301504,17301504.0,16.5,2.0,1.0,1.0,1,immediate_refetch_faster_than_wait,846.6666666666666,"[{""admissible"":true,""core"":0,""earliest_start"":826.6666666666666,""predicted_cycles"":542102.8739013672,""predicted_finish"":542929.5405680338,""refetch"":2.0},{""admissible"":false,""core"":1,""earliest_start"":549917.0768229166,""predicted_cycles"":274667.1357421875,""predicted_finish"":824584.2125651041,""refetch"":1.0}]"
heldout_gpqa_b16_l2_s3,best_hetero,pipelined,16,19,45,13,False,0,1,17301504,34603008.0,17301504,17301504.0,16.5,2.0,1.0,1.0,1,immediate_refetch_faster_than_wait,550164.738198087,"[{""admissible"":true,""core"":0,""earliest_start"":550156.738198087,""predicted_cycles"":543906.6876831055,""predicted_finish"":1094063.4258811926,""refetch"":2.0},{""admissible"":false,""core"":1,""earliest_start"":824566.9211479264,""predicted_cycles"":274665.0390625,""predicted_finish"":1099231.9602104262,""refetch"":1.0}]"
heldout_swe_b16_l13_s7,best_hetero,pipelined,16,3,6,12,False,0,1,17301504,34603008.0,17301504,17301504.0,16.5,2.0,1.0,1.0,1,immediate_refetch_faster_than_wait,830.6666666666666,"[{""admissible"":true,""core"":0,""earliest_start"":810.6666666666666,""predicted_cycles"":563338.4569702148,""predicted_finish"":564149.1236368815,""refetch"":2.0},{""admissible"":false,""core"":1,""earliest_start"":549825.6315104166,""predicted_cycles"":274629.3955078125,""predicted_finish"":824455.0270182291,""refetch"":1.0}]"
heldout_swe_b16_l2_s11,best_hetero,pipelined,16,19,35,12,False,0,1,17301504,34603008.0,17301504,17301504.0,16.5,2.0,1.0,1.0,1,immediate_refetch_faster_than_wait,854.6666666666666,"[{""admissible"":true,""core"":0,""earliest_start"":834.6666666666666,""predicted_cycles"":557739.2213134766,""predicted_finish"":558573.8879801432,""refetch"":2.0},{""admissible"":false,""core"":1,""earliest_start"":549883.1627604166,""predicted_cycles"":274646.1689453125,""predicted_finish"":824529.3317057291,""refetch"":1.0}]"
v3_captured_mixed_heldout_bfcl_t64_l13,best_hetero,pipelined,64,4,6,30,False,0,1,17301504,51904512.0,17301504,34603008.0,33.0,3.0,1.0,1.0,1,immediate_refetch_faster_than_wait,3194.6666666666665,"[{""admissible"":true,""core"":0,""earliest_start"":3174.6666666666665,""predicted_cycles"":837999.5502929688,""predicted_finish"":841174.2169596354,""refetch"":3.0},{""admissible"":false,""core"":1,""earliest_start"":863030.6432291666,""predicted_cycles"":275071.4140625,""predicted_finish"":1138102.0572916665,""refetch"":1.0}]"
v3_captured_mixed_heldout_swe_t64_l13,best_hetero,pipelined,64,9,11,14,False,0,1,17301504,34603008.0,17301504,17301504.0,16.5,2.0,1.0,1.0,1,immediate_refetch_faster_than_wait,3166.6666666666665,"[{""admissible"":true,""core"":0,""earliest_start"":3146.6666666666665,""predicted_cycles"":561302.3712768555,""predicted_finish"":564449.0379435221,""refetch"":2.0},{""admissible"":false,""core"":1,""earliest_start"":766625.7975260416,""predicted_cycles"":274189.0927734375,""predicted_finish"":1040814.8902994791,""refetch"":1.0}]"
v3_captured_mixed_heldout_swe_t64_l26,best_hetero,pipelined,64,10,10,13,False,0,1,17301504,34603008.0,17301504,17301504.0,16.5,2.0,1.0,1.0,1,immediate_refetch_faster_than_wait,277956.66666666657,"[{""admissible"":true,""core"":0,""earliest_start"":277948.66666666657,""predicted_cycles"":542878.760925293,""predicted_finish"":820827.4275919595,""refetch"":2.0},{""admissible"":false,""core"":1,""earliest_start"":552498.4166666665,""predicted_cycles"":274537.1416015625,""predicted_finish"":827035.558268229,""refetch"":1.0}]"
v3_captured_mixed_heldout_bfcl_t96_l13,best_hetero,pipelined,96,20,20,15,False,0,1,17301504,34603008.0,17301504,17301504.0,16.5,2.0,1.0,1.0,1,immediate_refetch_faster_than_wait,2201425.8724292633,"[{""admissible"":true,""core"":0,""earliest_start"":2201405.8724292633,""predicted_cycles"":528522.3800048828,""predicted_finish"":2729928.252434146,""refetch"":2.0},{""admissible"":false,""core"":1,""earliest_start"":2474688.619499576,""predicted_cycles"":273270.7470703125,""predicted_finish"":2747959.3665698883,""refetch"":1.0}]"
v3_captured_mixed_heldout_bfcl_t96_l13,best_hetero,pipelined,96,37,37,53,False,0,1,17301504,86507520.0,17301504,69206016.0,66.0,5.0,1.0,1.0,1,immediate_refetch_faster_than_wait,4626.0,"[{""admissible"":true,""core"":0,""earliest_start"":4608.0,""predicted_cycles"":1111038.1365966797,""predicted_finish"":1115646.1365966797,""refetch"":5.0},{""admissible"":false,""core"":1,""earliest_start"":932680.609375,""predicted_cycles"":360447.4821777344,""predicted_finish"":1293128.0915527344,""refetch"":1.0}]"
v3_captured_mixed_heldout_bfcl_t96_l13,best_hetero,pipelined,96,42,43,15,False,0,1,17301504,34603008.0,17301504,17301504.0,16.5,2.0,1.0,1.0,1,immediate_refetch_faster_than_wait,2750796.635552851,"[{""admissible"":true,""core"":0,""earliest_start"":2750788.635552851,""predicted_cycles"":533731.201171875,""predicted_finish"":3284519.836724726,""refetch"":2.0},{""admissible"":false,""core"":1,""earliest_start"":3024260.348895271,""predicted_cycles"":273851.52734375,""predicted_finish"":3298111.876239021,""refetch"":1.0}]"
v3_captured_mixed_heldout_bfcl_t96_l13,best_hetero,pipelined,96,58,61,17,False,0,1,17301504,34603008.0,17301504,17301504.0,16.5,2.0,1.0,1.0,1,immediate_refetch_faster_than_wait,3300199.856115658,"[{""admissible"":true,""core"":0,""earliest_start"":3300191.856115658,""predicted_cycles"":528725.0001831055,""predicted_finish"":3828916.8562987633,""refetch"":2.0},{""admissible"":false,""core"":1,""earliest_start"":3572341.382067906,""predicted_cycles"":273220.4267578125,""predicted_finish"":3845561.8088257187,""refetch"":1.0}]"
v3_captured_mixed_heldout_bfcl_t96_l2,best_hetero,pipelined,96,11,12,18,False,0,1,17301504,34603008.0,17301504,17301504.0,16.5,2.0,1.0,1.0,1,immediate_refetch_faster_than_wait,2751095.0682152803,"[{""admissible"":true,""core"":0,""earliest_start"":2751087.0682152803,""predicted_cycles"":509851.671875,""predicted_finish"":3260938.7400902803,""refetch"":2.0},{""admissible"":false,""core"":1,""earliest_start"":3023498.487382896,""predicted_cycles"":273075.755859375,""predicted_finish"":3296574.243242271,""refetch"":1.0}]"
v3_captured_mixed_heldout_bfcl_t96_l2,best_hetero,pipelined,96,18,19,15,False,0,1,17301504,34603008.0,17301504,17301504.0,16.5,2.0,1.0,1.0,1,immediate_refetch_faster_than_wait,1652320.9886561,"[{""admissible"":true,""core"":0,""earliest_start"":1652300.9886561,""predicted_cycles"":513340.6925048828,""predicted_finish"":2165641.6811609827,""refetch"":2.0},{""admissible"":false,""core"":1,""earliest_start"":1926856.420296725,""predicted_cycles"":274543.431640625,""predicted_finish"":2201399.85193735,""refetch"":1.0}]"
v3_captured_mixed_heldout_bfcl_t96_l2,best_hetero,pipelined,96,35,36,30,False,0,1,17301504,51904512.0,17301504,34603008.0,33.0,3.0,1.0,1.0,1,immediate_refetch_faster_than_wait,4648.0,"[{""admissible"":true,""core"":0,""earliest_start"":4630.0,""predicted_cycles"":798323.6060791016,""predicted_finish"":802953.6060791016,""refetch"":3.0},{""admissible"":false,""core"":1,""earliest_start"":915579.078125,""predicted_cycles"":275050.3984375,""predicted_finish"":1190629.4765625,""refetch"":1.0}]"
v3_captured_mixed_heldout_bfcl_t96_l2,best_hetero,pipelined,96,41,42,16,False,0,1,17301504,34603008.0,17301504,17301504.0,16.5,2.0,1.0,1.0,1,immediate_refetch_faster_than_wait,2201691.757566778,"[{""admissible"":true,""core"":0,""earliest_start"":2201683.757566778,""predicted_cycles"":522344.935546875,""predicted_finish"":2724028.693113653,""refetch"":2.0},{""admissible"":false,""core"":1,""earliest_start"":2476109.425444471,""predicted_cycles"":274566.4951171875,""predicted_finish"":2750675.9205616587,""refetch"":1.0}]"
v3_captured_mixed_heldout_bfcl_t96_l26,best_hetero,pipelined,96,3,3,12,False,0,1,17301504,34603008.0,17301504,17301504.0,16.5,2.0,1.0,1.0,1,immediate_refetch_faster_than_wait,4664.0,"[{""admissible"":true,""core"":0,""earliest_start"":4646.0,""predicted_cycles"":567390.860534668,""predicted_finish"":572036.860534668,""refetch"":2.0},{""admissible"":false,""core"":1,""earliest_start"":942339.5625,""predicted_cycles"":274518.271484375,""predicted_finish"":1216857.833984375,""refetch"":1.0}]"
v3_captured_mixed_heldout_gpqa_t96_l13,best_hetero,pipelined,96,5,6,15,False,0,1,17301504,34603008.0,17301504,17301504.0,16.5,2.0,1.0,1.0,1,immediate_refetch_faster_than_wait,548856.1964907497,"[{""admissible"":true,""core"":0,""earliest_start"":548848.1964907497,""predicted_cycles"":533726.2592163086,""predicted_finish"":1082574.4557070583,""refetch"":2.0},{""admissible"":false,""core"":1,""earliest_start"":831290.0833333333,""predicted_cycles"":274507.7880859375,""predicted_finish"":1105797.8714192708,""refetch"":1.0}]"
v3_captured_mixed_heldout_gpqa_t96_l26,best_hetero,pipelined,96,4,4,14,False,0,1,17301504,34603008.0,17301504,17301504.0,16.5,2.0,1.0,1.0,1,immediate_refetch_faster_than_wait,4123321.931077074,"[{""admissible"":true,""core"":0,""earliest_start"":4123301.931077074,""predicted_cycles"":532574.7835693359,""predicted_finish"":4655876.71464641,""refetch"":2.0},{""admissible"":false,""core"":1,""earliest_start"":4393921.894944262,""predicted_cycles"":271098.5869140625,""predicted_finish"":4665020.481858324,""refetch"":1.0}]"
v3_captured_mixed_heldout_gpqa_t96_l26,best_hetero,pipelined,96,9,9,12,False,0,1,17301504,34603008.0,17301504,17301504.0,16.5,2.0,1.0,1.0,1,immediate_refetch_faster_than_wait,4672692.642180933,"[{""admissible"":true,""core"":0,""earliest_start"":4672684.642180933,""predicted_cycles"":536770.5038452148,""predicted_finish"":5209455.1460261475,""refetch"":2.0},{""admissible"":false,""core"":1,""earliest_start"":4944158.393180259,""predicted_cycles"":271098.5869140625,""predicted_finish"":5215256.980094321,""refetch"":1.0}]"
v3_captured_mixed_heldout_gpqa_t96_l26,best_hetero,pipelined,96,16,16,14,False,0,1,17301504,34603008.0,17301504,17301504.0,16.5,2.0,1.0,1.0,1,immediate_refetch_faster_than_wait,5222095.781679542,"[{""admissible"":true,""core"":0,""earliest_start"":5222087.781679542,""predicted_cycles"":539928.4134521484,""predicted_finish"":5762016.19513169,""refetch"":2.0},{""admissible"":false,""core"":1,""earliest_start"":5494302.570869959,""predicted_cycles"":271098.5869140625,""predicted_finish"":5765401.157784021,""refetch"":1.0}]"
v3_captured_mixed_heldout_gpqa_t96_l26,best_hetero,pipelined,96,23,23,14,False,0,1,17301504,34603008.0,17301504,17301504.0,16.5,2.0,1.0,1.0,1,immediate_refetch_faster_than_wait,6046219.791101508,"[{""admissible"":true,""core"":0,""earliest_start"":6046211.791101508,""predicted_cycles"":526006.924621582,""predicted_finish"":6572218.71572309,""refetch"":2.0},{""admissible"":false,""core"":1,""earliest_start"":6316660.603762132,""predicted_cycles"":272557.8759765625,""predicted_finish"":6589218.479738695,""refetch"":1.0}]"
v3_captured_mixed_heldout_gpqa_t96_l26,best_hetero,pipelined,96,62,62,16,False,0,1,17301504,34603008.0,17301504,17301504.0,16.5,2.0,1.0,1.0,1,immediate_refetch_faster_than_wait,7419099.38684863,"[{""admissible"":true,""core"":0,""earliest_start"":7419603.38684863,""predicted_cycles"":516800.0614013672,""predicted_finish"":7936403.448249998,""refetch"":2.0},{""admissible"":false,""core"":1,""earliest_start"":7690888.629607103,""predicted_cycles"":274012.9716796875,""predicted_finish"":7964901.60128679,""refetch"":1.0}]"
v3_captured_mixed_heldout_swe_t96_l13,best_hetero,pipelined,96,19,19,44,False,0,1,17301504,69206016.0,17301504,51904512.0,49.5,4.0,1.0,1.0,1,immediate_refetch_faster_than_wait,4608.0,"[{""admissible"":true,""core"":0,""earliest_start"":4590.0,""predicted_cycles"":1019359.9174804688,""predicted_finish"":1023949.9174804688,""refetch"":4.0},{""admissible"":false,""core"":1,""earliest_start"":954060.71875,""predicted_cycles"":286579.013671875,""predicted_finish"":1240639.732421875,""refetch"":1.0}]"
v3_captured_mixed_heldout_swe_t96_l13,best_hetero,pipelined,96,24,26,14,False,0,1,17301504,34603008.0,17301504,17301504.0,16.5,2.0,1.0,1.0,1,immediate_refetch_faster_than_wait,1380164.9958835787,"[{""admissible"":true,""core"":0,""earliest_start"":1380144.9958835787,""predicted_cycles"":546639.5891113281,""predicted_finish"":1926784.5849949068,""refetch"":2.0},{""admissible"":false,""core"":1,""earliest_start"":1654610.2702976412,""predicted_cycles"":274453.2744140625,""predicted_finish"":1929063.5447117037,""refetch"":1.0}]"
v3_captured_mixed_heldout_swe_t96_l13,best_hetero,pipelined,96,35,38,13,False,0,1,17301504,34603008.0,17301504,17301504.0,16.5,2.0,1.0,1.0,1,immediate_refetch_faster_than_wait,1929535.776368436,"[{""admissible"":true,""core"":0,""earliest_start"":1929527.776368436,""predicted_cycles"":547321.5789794922,""predicted_finish"":2476849.355347928,""refetch"":2.0},{""admissible"":false,""core"":1,""earliest_start"":2203886.315773591,""predicted_cycles"":274516.1748046875,""predicted_finish"":2478402.4905782784,""refetch"":1.0}]"
v3_captured_mixed_heldout_swe_t96_l26,best_hetero,pipelined,96,5,5,14,False,0,1,17301504,34603008.0,17301504,17301504.0,16.5,2.0,1.0,1.0,1,immediate_refetch_faster_than_wait,278932.6666666666,"[{""admissible"":true,""core"":0,""earliest_start"":279436.6666666666,""predicted_cycles"":536894.052734375,""predicted_finish"":816330.7194010416,""refetch"":2.0},{""admissible"":false,""core"":1,""earliest_start"":828629.4999999999,""predicted_cycles"":274545.5283203125,""predicted_finish"":1103175.0283203125,""refetch"":1.0}]"
v3_captured_mixed_heldout_swe_t96_l26,best_hetero,pipelined,96,19,19,16,False,0,1,17301504,34603008.0,17301504,17301504.0,16.5,2.0,1.0,1.0,1,immediate_refetch_faster_than_wait,1926884.0056786726,"[{""admissible"":true,""core"":0,""earliest_start"":1926864.0056786726,""predicted_cycles"":528304.9339599609,""predicted_finish"":2455168.9396386333,""refetch"":2.0},{""admissible"":false,""core"":1,""earliest_start"":2200104.819155235,""predicted_cycles"":273228.8134765625,""predicted_finish"":2473333.6326317973,""refetch"":1.0}]"
v3_captured_mixed_heldout_swe_t96_l26,best_hetero,pipelined,96,38,39,13,False,0,1,17301504,34603008.0,17301504,17301504.0,16.5,2.0,1.0,1.0,1,immediate_refetch_faster_than_wait,2476254.7861635294,"[{""admissible"":true,""core"":0,""earliest_start"":2476246.7861635294,""predicted_cycles"":533568.1166381836,""predicted_finish"":3009814.902801713,""refetch"":2.0},{""admissible"":false,""core"":1,""earliest_start"":2749686.97986556,""predicted_cycles"":273826.3671875,""predicted_finish"":3023513.34705306,""refetch"":1.0}]"
v3_captured_mixed_heldout_swe_t96_l26,best_hetero,pipelined,96,53,56,15,False,0,1,17301504,34603008.0,17301504,17301504.0,16.5,2.0,1.0,1.0,1,immediate_refetch_faster_than_wait,3025658.14185488,"[{""admissible"":true,""core"":0,""earliest_start"":3025650.14185488,""predicted_cycles"":537526.623046875,""predicted_finish"":3563176.764901755,""refetch"":2.0},{""admissible"":false,""core"":1,""earliest_start"":3298969.3100931286,""predicted_cycles"":274096.8388671875,""predicted_finish"":3573066.148960316,""refetch"":1.0}]"
v3_captured_mixed_heldout_swe_t96_l26,best_hetero,pipelined,96,57,60,15,False,0,1,17301504,34603008.0,17301504,17301504.0,16.5,2.0,1.0,1.0,1,immediate_refetch_faster_than_wait,3575060.4169621333,"[{""admissible"":true,""core"":0,""earliest_start"":3575052.4169621333,""predicted_cycles"":540491.7963867188,""predicted_finish"":4115544.213348852,""refetch"":2.0},{""admissible"":false,""core"":1,""earliest_start"":3848037.945303101,""predicted_cycles"":274245.703125,""predicted_finish"":4122283.648428101,""refetch"":1.0}]"
v3_captured_mixed_heldout_bfcl_t128_l13,best_hetero,pipelined,128,15,15,18,False,0,1,17301504,34603008.0,17301504,17301504.0,16.5,2.0,1.0,1.0,1,immediate_refetch_faster_than_wait,6321527.331632051,"[{""admissible"":true,""core"":0,""earliest_start"":6321507.331632051,""predicted_cycles"":533894.2857055664,""predicted_finish"":6855401.617337617,""refetch"":2.0},{""admissible"":false,""core"":1,""earliest_start"":6594016.403897676,""predicted_cycles"":272497.072265625,""predicted_finish"":6866513.476163301,""refetch"":1.0}]"
v3_captured_mixed_heldout_bfcl_t128_l13,best_hetero,pipelined,128,20,20,19,False,0,1,17301504,34603008.0,17301504,17301504.0,16.5,2.0,1.0,1.0,1,immediate_refetch_faster_than_wait,6870897.985134907,"[{""admissible"":true,""core"":0,""earliest_start"":6870889.985134907,""predicted_cycles"":537763.8369140625,""predicted_finish"":7408653.82204897,""refetch"":2.0},{""admissible"":false,""core"":1,""earliest_start"":7143781.3335527,""predicted_cycles"":273415.41796875,""predicted_finish"":7417196.75152145,""refetch"":1.0}]"
v3_captured_mixed_heldout_bfcl_t128_l13,best_hetero,pipelined,128,33,33,18,False,0,1,17301504,34603008.0,17301504,17301504.0,16.5,2.0,1.0,1.0,1,immediate_refetch_faster_than_wait,7420300.985276278,"[{""admissible"":true,""core"":0,""earliest_start"":7420292.985276278,""predicted_cycles"":540669.7067871094,""predicted_finish"":7960962.6920633875,""refetch"":2.0},{""admissible"":false,""core"":1,""earliest_start"":7693304.906664421,""predicted_cycles"":273866.2041015625,""predicted_finish"":7967171.110765983,""refetch"":1.0}]"
v3_captured_mixed_heldout_bfcl_t128_l13,best_hetero,pipelined,128,37,37,69,False,0,1,17301504,121110528.0,17301504,103809024.0,99.0,7.0,1.0,1.0,1,immediate_refetch_faster_than_wait,6049.333333333333,"[{""admissible"":true,""core"":0,""earliest_start"":6031.333333333333,""predicted_cycles"":1408795.9462890625,""predicted_finish"":1414827.2796223958,""refetch"":7.0},{""admissible"":false,""core"":1,""earliest_start"":1297465.9348958333,""predicted_cycles"":358132.0803222656,""predicted_finish"":1655598.0152180989,""refetch"":1.0}]"
v3_captured_mixed_heldout_bfcl_t128_l13,best_hetero,pipelined,128,52,53,17,False,0,1,17301504,34603008.0,17301504,17301504.0,16.5,2.0,1.0,1.0,1,immediate_refetch_faster_than_wait,7969702.894882365,"[{""admissible"":true,""core"":0,""earliest_start"":7969694.894882365,""predicted_cycles"":542849.1091918945,""predicted_finish"":8512544.00407426,""refetch"":2.0},{""admissible"":false,""core"":1,""earliest_start"":8242508.094875558,""predicted_cycles"":274115.708984375,""predicted_finish"":8516623.803859934,""refetch"":1.0}]"
v3_captured_mixed_heldout_bfcl_t128_l2,best_hetero,pipelined,128,19,19,20,False,0,1,17301504,34603008.0,17301504,17301504.0,16.5,2.0,1.0,1.0,1,immediate_refetch_faster_than_wait,5772323.631097206,"[{""admissible"":true,""core"":0,""earliest_start"":5772303.631097206,""predicted_cycles"":540106.6472167969,""predicted_finish"":6312410.278314003,""refetch"":2.0},{""admissible"":false,""core"":1,""earliest_start"":6046596.977776893,""predicted_cycles"":274281.3466796875,""predicted_finish"":6320878.324456581,""refetch"":1.0}]"
v3_captured_mixed_heldout_bfcl_t128_l2,best_hetero,pipelined,128,34,34,19,False,0,1,17301504,34603008.0,17301504,17301504.0,16.5,2.0,1.0,1.0,1,immediate_refetch_faster_than_wait,6321707.19013064,"[{""admissible"":true,""core"":0,""earliest_start"":6321699.19013064,""predicted_cycles"":518139.3313598633,""predicted_finish"":6839838.521490503,""refetch"":2.0},{""admissible"":false,""core"":1,""earliest_start"":6595915.257220382,""predicted_cycles"":274417.630859375,""predicted_finish"":6870332.888079757,""refetch"":1.0}]"
v3_captured_mixed_heldout_bfcl_t128_l2,best_hetero,pipelined,128,46,46,18,False,0,1,17301504,34603008.0,17301504,17301504.0,16.5,2.0,1.0,1.0,1,immediate_refetch_faster_than_wait,6871110.158894779,"[{""admissible"":true,""core"":0,""earliest_start"":6871102.158894779,""predicted_cycles"":525952.5631103516,""predicted_finish"":7397054.722005131,""refetch"":2.0},{""admissible"":false,""core"":1,""earliest_start"":7144851.837381316,""predicted_cycles"":274430.2109375,""predicted_finish"":7419282.048318816,""refetch"":1.0}]"
v3_captured_mixed_heldout_bfcl_t128_l2,best_hetero,pipelined,128,59,59,31,False,0,1,17301504,51904512.0,17301504,34603008.0,33.0,3.0,1.0,1.0,1,immediate_refetch_faster_than_wait,6069.333333333333,"[{""admissible"":true,""core"":0,""earliest_start"":6051.333333333333,""predicted_cycles"":843327.4541015625,""predicted_finish"":849378.7874348959,""refetch"":3.0},{""admissible"":false,""core"":1,""earliest_start"":1280447.2122395833,""predicted_cycles"":280741.8427734375,""predicted_finish"":1561189.0550130208,""refetch"":1.0}]"
v3_captured_mixed_heldout_bfcl_t128_l26,best_hetero,pipelined,128,10,10,17,False,0,1,17301504,34603008.0,17301504,17301504.0,16.5,2.0,1.0,1.0,1,immediate_refetch_faster_than_wait,6046962.8997301515,"[{""admissible"":true,""core"":0,""earliest_start"":6046942.8997301515,""predicted_cycles"":544484.896484375,""predicted_finish"":6591427.7962145265,""refetch"":2.0},{""admissible"":false,""core"":1,""earliest_start"":6321324.306956714,""predicted_cycles"":274369.4072265625,""predicted_finish"":6595693.7141832765,""refetch"":1.0}]"
v3_captured_mixed_heldout_bfcl_t128_l26,best_hetero,pipelined,128,15,15,18,False,0,1,17301504,34603008.0,17301504,17301504.0,16.5,2.0,1.0,1.0,1,immediate_refetch_faster_than_wait,6596333.524453642,"[{""admissible"":true,""core"":0,""earliest_start"":6596325.524453642,""predicted_cycles"":545705.5595092773,""predicted_finish"":7142031.083962919,""refetch"":2.0},{""admissible"":false,""core"":1,""earliest_start"":6870621.751833815,""predicted_cycles"":274467.951171875,""predicted_finish"":7145089.70300569,""refetch"":1.0}]"
v3_captured_mixed_heldout_bfcl_t128_l26,best_hetero,pipelined,128,28,28,17,False,0,1,17301504,34603008.0,17301504,17301504.0,16.5,2.0,1.0,1.0,1,immediate_refetch_faster_than_wait,7145736.696921479,"[{""admissible"":true,""core"":0,""earliest_start"":7145728.696921479,""predicted_cycles"":546629.7052001953,""predicted_finish"":7692358.402121674,""refetch"":2.0},{""admissible"":false,""core"":1,""earliest_start"":7419528.682777926,""predicted_cycles"":274457.4677734375,""predicted_finish"":7693986.150551364,""refetch"":1.0}]"
v3_captured_mixed_heldout_bfcl_t128_l26,best_hetero,pipelined,128,29,29,46,False,0,1,17301504,86507520.0,17301504,69206016.0,66.0,5.0,1.0,1.0,1,immediate_refetch_faster_than_wait,6069.333333333333,"[{""admissible"":true,""core"":0,""earliest_start"":6051.333333333333,""predicted_cycles"":1155382.9650878906,""predicted_finish"":1161434.2984212239,""refetch"":5.0},{""admissible"":false,""core"":1,""earliest_start"":1307069.1692708333,""predicted_cycles"":315359.7265625,""predicted_finish"":1622428.8958333333,""refetch"":1.0}]"
v3_captured_mixed_heldout_gpqa_t128_l13,best_hetero,pipelined,128,10,11,17,False,0,1,17301504,34603008.0,17301504,17301504.0,16.5,2.0,1.0,1.0,1,immediate_refetch_faster_than_wait,5085734.989128937,"[{""admissible"":true,""core"":0,""earliest_start"":5085714.989128937,""predicted_cycles"":548186.4212036133,""predicted_finish"":5633901.41033255,""refetch"":2.0},{""admissible"":false,""core"":1,""earliest_start"":5360317.537957062,""predicted_cycles"":274090.548828125,""predicted_finish"":5634408.086785187,""refetch"":1.0}]"
v3_captured_mixed_heldout_gpqa_t128_l13,best_hetero,pipelined,128,14,15,19,False,0,1,17301504,34603008.0,17301504,17301504.0,16.5,2.0,1.0,1.0,1,immediate_refetch_faster_than_wait,5634973.93276766,"[{""admissible"":true,""core"":0,""earliest_start"":5634965.93276766,""predicted_cycles"":548448.3448486328,""predicted_finish"":6183414.277616293,""refetch"":2.0},{""admissible"":false,""core"":1,""earliest_start"":5909435.42106549,""predicted_cycles"":274210.0595703125,""predicted_finish"":6183645.480635802,""refetch"":1.0}]"
v3_captured_mixed_heldout_gpqa_t128_l13,best_hetero,pipelined,128,22,23,12,False,0,1,17301504,34603008.0,17301504,17301504.0,16.5,2.0,1.0,1.0,1,immediate_refetch_faster_than_wait,2751952.8785408433,"[{""admissible"":true,""core"":0,""earliest_start"":2751932.8785408433,""predicted_cycles"":530864.8669433594,""predicted_finish"":3282797.7454842026,""refetch"":2.0},{""admissible"":false,""core"":1,""earliest_start"":3023764.7232674058,""predicted_cycles"":271819.8447265625,""predicted_finish"":3295584.5679939683,""refetch"":1.0}]"
v3_captured_mixed_heldout_gpqa_t128_l13,best_hetero,pipelined,128,28,29,17,False,0,1,17301504,34603008.0,17301504,17301504.0,16.5,2.0,1.0,1.0,1,immediate_refetch_faster_than_wait,6184357.779960596,"[{""admissible"":true,""core"":0,""earliest_start"":6184349.779960596,""predicted_cycles"":548680.6167602539,""predicted_finish"":6733030.39672085,""refetch"":2.0},{""admissible"":false,""core"":1,""earliest_start"":6458699.264919744,""predicted_cycles"":274417.630859375,""predicted_finish"":6733116.895779119,""refetch"":1.0}]"
v3_captured_mixed_heldout_gpqa_t128_l13,best_hetero,pipelined,128,31,32,15,False,0,1,17301504,34603008.0,17301504,17301504.0,16.5,2.0,1.0,1.0,1,immediate_refetch_faster_than_wait,3301323.6590257003,"[{""admissible"":true,""core"":0,""earliest_start"":3301315.6590257003,""predicted_cycles"":535490.5373535156,""predicted_finish"":3836806.196379216,""refetch"":2.0},{""admissible"":false,""core"":1,""earliest_start"":3573699.1261652308,""predicted_cycles"":273033.822265625,""predicted_finish"":3846732.9484308558,""refetch"":1.0}]"
v3_captured_mixed_heldout_gpqa_t128_l13,best_hetero,pipelined,128,40,41,17,False,0,1,17301504,34603008.0,17301504,17301504.0,16.5,2.0,1.0,1.0,1,immediate_refetch_faster_than_wait,6870372.690484486,"[{""admissible"":true,""core"":0,""earliest_start"":6870352.690484486,""predicted_cycles"":548858.5271606445,""predicted_finish"":7419211.21764513,""refetch"":2.0},{""admissible"":false,""core"":1,""earliest_start"":7145301.191461048,""predicted_cycles"":274436.5009765625,""predicted_finish"":7419737.692437611,""refetch"":1.0}]"
v3_captured_mixed_heldout_gpqa_t128_l13,best_hetero,pipelined,128,43,44,16,False,0,1,17301504,34603008.0,17301504,17301504.0,16.5,2.0,1.0,1.0,1,immediate_refetch_faster_than_wait,3850727.1000369224,"[{""admissible"":true,""core"":0,""earliest_start"":3850719.1000369224,""predicted_cycles"":538964.7321166992,""predicted_finish"":4389683.832153622,""refetch"":2.0},{""admissible"":false,""core"":1,""earliest_start"":4123442.6406041775,""predicted_cycles"":273650.24609375,""predicted_finish"":4397092.8866979275,""refetch"":1.0}]"
v3_captured_mixed_heldout_gpqa_t128_l13,best_hetero,pipelined,128,52,55,15,False,0,1,17301504,34603008.0,17301504,17301504.0,16.5,2.0,1.0,1.0,1,immediate_refetch_faster_than_wait,4400129.467918069,"[{""admissible"":true,""core"":0,""earliest_start"":4400121.467918069,""predicted_cycles"":541574.0846557617,""predicted_finish"":4941695.552573831,""refetch"":2.0},{""admissible"":false,""core"":1,""earliest_start"":4672771.171321508,""predicted_cycles"":273994.1015625,""predicted_finish"":4946765.272884008,""refetch"":1.0}]"
v3_captured_mixed_heldout_gpqa_t128_l2,best_hetero,pipelined,128,2,2,12,False,0,1,17301504,34603008.0,17301504,17301504.0,16.5,2.0,1.0,1.0,1,immediate_refetch_faster_than_wait,6111.333333333333,"[{""admissible"":true,""core"":0,""earliest_start"":6093.333333333333,""predicted_cycles"":538297.5681152344,""predicted_finish"":544390.9014485677,""refetch"":2.0},{""admissible"":false,""core"":1,""earliest_start"":1312589.6966145833,""predicted_cycles"":274522.46484375,""predicted_finish"":1587112.1614583333,""refetch"":1.0}]"
v3_captured_mixed_heldout_gpqa_t128_l2,best_hetero,pipelined,128,30,30,18,False,0,1,17301504,34603008.0,17301504,17301504.0,16.5,2.0,1.0,1.0,1,immediate_refetch_faster_than_wait,4674902.9542645775,"[{""admissible"":true,""core"":0,""earliest_start"":4674894.9542645775,""predicted_cycles"":547321.5789794922,""predicted_finish"":5222216.53324407,""refetch"":2.0},{""admissible"":false,""core"":1,""earliest_start"":4948207.937560278,""predicted_cycles"":274491.0146484375,""predicted_finish"":5222698.9522087155,""refetch"":1.0}]"
v3_captured_mixed_heldout_gpqa_t128_l2,best_hetero,pipelined,128,41,41,13,False,0,1,17301504,34603008.0,17301504,17301504.0,16.5,2.0,1.0,1.0,1,immediate_refetch_faster_than_wait,3026726.729442859,"[{""admissible"":true,""core"":0,""earliest_start"":3026706.729442859,""predicted_cycles"":498954.6598510742,""predicted_finish"":3525661.3892939333,""refetch"":2.0},{""admissible"":false,""core"":1,""earliest_start"":3298626.6347162966,""predicted_cycles"":271907.9052734375,""predicted_finish"":3570534.539989734,""refetch"":1.0}]"
v3_captured_mixed_heldout_gpqa_t128_l2,best_hetero,pipelined,128,45,45,17,False,0,1,17301504,34603008.0,17301504,17301504.0,16.5,2.0,1.0,1.0,1,immediate_refetch_faster_than_wait,5360508.599165132,"[{""admissible"":true,""core"":0,""earliest_start"":5360488.599165132,""predicted_cycles"":547840.4843139648,""predicted_finish"":5908329.083479097,""refetch"":2.0},{""admissible"":false,""core"":1,""earliest_start"":5635468.550337007,""predicted_cycles"":274467.951171875,""predicted_finish"":5909936.501508882,""refetch"":1.0}]"
v3_captured_mixed_heldout_gpqa_t128_l2,best_hetero,pipelined,128,48,48,15,False,0,1,17301504,34603008.0,17301504,17301504.0,16.5,2.0,1.0,1.0,1,immediate_refetch_faster_than_wait,3576097.4983535367,"[{""admissible"":true,""core"":0,""earliest_start"":3576089.4983535367,""predicted_cycles"":511556.64654541016,""predicted_finish"":4087646.144898947,""refetch"":2.0},{""admissible"":false,""core"":1,""earliest_start"":3848537.9972859174,""predicted_cycles"":273082.0458984375,""predicted_finish"":4121620.043184355,""refetch"":1.0}]"
v3_captured_mixed_heldout_gpqa_t128_l2,best_hetero,pipelined,128,61,61,16,False,0,1,17301504,34603008.0,17301504,17301504.0,16.5,2.0,1.0,1.0,1,immediate_refetch_faster_than_wait,4125500.8127237586,"[{""admissible"":true,""core"":0,""earliest_start"":4125492.8127237586,""predicted_cycles"":521015.5494995117,""predicted_finish"":4646508.36222327,""refetch"":2.0},{""admissible"":false,""core"":1,""earliest_start"":4398254.369955747,""predicted_cycles"":273679.599609375,""predicted_finish"":4671933.969565122,""refetch"":1.0}]"
v3_captured_mixed_heldout_gpqa_t128_l26,best_hetero,pipelined,128,20,20,14,False,0,1,17301504,34603008.0,17301504,17301504.0,16.5,2.0,1.0,1.0,1,immediate_refetch_faster_than_wait,3301154.878540843,"[{""admissible"":true,""core"":0,""earliest_start"":3301134.878540843,""predicted_cycles"":532372.1633911133,""predicted_finish"":3833507.041931956,""refetch"":2.0},{""admissible"":false,""core"":1,""earliest_start"":3572966.7232674053,""predicted_cycles"":271819.8447265625,""predicted_finish"":3844786.567993968,""refetch"":1.0}]"
v3_captured_mixed_heldout_gpqa_t128_l26,best_hetero,pipelined,128,26,26,14,False,0,1,17301504,34603008.0,17301504,17301504.0,16.5,2.0,1.0,1.0,1,immediate_refetch_faster_than_wait,3850525.6706141513,"[{""admissible"":true,""core"":0,""earliest_start"":3850517.6706141513,""predicted_cycles"":536622.2451782227,""predicted_finish"":4387139.915792374,""refetch"":2.0},{""admissible"":false,""core"":1,""earliest_start"":4122901.1029883283,""predicted_cycles"":273033.822265625,""predicted_finish"":4395934.925253954,""refetch"":1.0}]"
v3_captured_mixed_heldout_gpqa_t128_l26,best_hetero,pipelined,128,31,31,12,False,0,1,17301504,34603008.0,17301504,17301504.0,16.5,2.0,1.0,1.0,1,immediate_refetch_faster_than_wait,4399928.986031821,"[{""admissible"":true,""core"":0,""earliest_start"":4399920.986031821,""predicted_cycles"":539814.7484741211,""predicted_finish"":4939735.734505942,""refetch"":2.0},{""admissible"":false,""core"":1,""earliest_start"":4672644.754609279,""predicted_cycles"":273650.24609375,""predicted_finish"":4946295.000703029,""refetch"":1.0}]"
v3_captured_mixed_heldout_gpqa_t128_l26,best_hetero,pipelined,128,45,45,15,False,0,1,17301504,34603008.0,17301504,17301504.0,16.5,2.0,1.0,1.0,1,immediate_refetch_faster_than_wait,5224053.041840734,"[{""admissible"":true,""core"":0,""earliest_start"":5224045.041840734,""predicted_cycles"":525947.6211547852,""predicted_finish"":5749992.662995519,""refetch"":2.0},{""admissible"":false,""core"":1,""earliest_start"":5496554.2840832565,""predicted_cycles"":274103.12890625,""predicted_finish"":5770657.4129895065,""refetch"":1.0}]"
v3_captured_mixed_heldout_gpqa_t128_l26,best_hetero,pipelined,128,52,52,13,False,0,1,17301504,34603008.0,17301504,17301504.0,16.5,2.0,1.0,1.0,1,immediate_refetch_faster_than_wait,5773455.454244025,"[{""admissible"":true,""core"":0,""earliest_start"":5773447.454244025,""predicted_cycles"":531808.780456543,""predicted_finish"":6305256.234700568,""refetch"":2.0},{""admissible"":false,""core"":1,""earliest_start"":6045616.491958129,""predicted_cycles"":274247.7998046875,""predicted_finish"":6319864.291762817,""refetch"":1.0}]"
v3_captured_mixed_heldout_gpqa_t128_l26,best_hetero,pipelined,128,63,63,16,False,0,1,17301504,34603008.0,17301504,17301504.0,16.5,2.0,1.0,1.0,1,immediate_refetch_faster_than_wait,6597579.691871119,"[{""admissible"":true,""core"":0,""earliest_start"":6597571.691871119,""predicted_cycles"":521440.55767822266,""predicted_finish"":7119012.249549341,""refetch"":2.0},{""admissible"":false,""core"":1,""earliest_start"":6869064.570082674,""predicted_cycles"":274354.73046875,""predicted_finish"":7143419.300551424,""refetch"":1.0}]"
v3_captured_mixed_heldout_swe_t128_l13,best_hetero,pipelined,128,19,19,49,False,0,1,17301504,86507520.0,17301504,69206016.0,66.0,5.0,1.0,1.0,1,immediate_refetch_faster_than_wait,6031.333333333333,"[{""admissible"":true,""core"":0,""earliest_start"":6013.333333333333,""predicted_cycles"":1229039.0502929688,""predicted_finish"":1235052.383626302,""refetch"":5.0},{""admissible"":false,""core"":1,""earliest_start"":1318758.9036458333,""predicted_cycles"":326692.9249267578,""predicted_finish"":1645451.828572591,""refetch"":1.0}]"
v3_captured_mixed_heldout_swe_t128_l2,best_hetero,pipelined,128,3,3,15,False,0,1,17301504,34603008.0,17301504,17301504.0,16.5,2.0,1.0,1.0,1,immediate_refetch_faster_than_wait,6105.333333333333,"[{""admissible"":true,""core"":0,""earliest_start"":6087.333333333333,""predicted_cycles"":548097.466003418,""predicted_finish"":554184.7993367513,""refetch"":2.0},{""admissible"":false,""core"":1,""earliest_start"":1318363.7942708333,""predicted_cycles"":274535.044921875,""predicted_finish"":1592898.8391927083,""refetch"":1.0}]"
v3_captured_mixed_heldout_swe_t128_l2,best_hetero,pipelined,128,14,14,16,False,0,1,17301504,34603008.0,17301504,17301504.0,16.5,2.0,1.0,1.0,1,immediate_refetch_faster_than_wait,824129.0497226082,"[{""admissible"":true,""core"":0,""earliest_start"":824633.0497226082,""predicted_cycles"":547133.7846679688,""predicted_finish"":1371766.834390577,""refetch"":2.0},{""admissible"":false,""core"":1,""earliest_start"":1115341.0833333335,""predicted_cycles"":274535.044921875,""predicted_finish"":1389876.1282552085,""refetch"":1.0}]"
v3_captured_mixed_heldout_swe_t128_l2,best_hetero,pipelined,128,36,36,14,False,0,1,17301504,34603008.0,17301504,17301504.0,16.5,2.0,1.0,1.0,1,immediate_refetch_faster_than_wait,2202965.1731627584,"[{""admissible"":true,""core"":0,""earliest_start"":2202945.1731627584,""predicted_cycles"":531942.2132568359,""predicted_finish"":2734887.3864195943,""refetch"":2.0},{""admissible"":false,""core"":1,""earliest_start"":2474823.144842446,""predicted_cycles"":271865.9716796875,""predicted_finish"":2746689.1165221334,""refetch"":1.0}]"
v3_captured_mixed_heldout_swe_t128_l2,best_hetero,pipelined,128,42,42,15,False,0,1,17301504,34603008.0,17301504,17301504.0,16.5,2.0,1.0,1.0,1,immediate_refetch_faster_than_wait,2752335.9536476154,"[{""admissible"":true,""core"":0,""earliest_start"":2752327.9536476154,""predicted_cycles"":536296.0761108398,""predicted_finish"":3288624.029758455,""refetch"":2.0},{""admissible"":false,""core"":1,""earliest_start"":3024744.967662146,""predicted_cycles"":273058.982421875,""predicted_finish"":3297803.950084021,""refetch"":1.0}]"
v3_captured_mixed_heldout_swe_t128_l2,best_hetero,pipelined,128,53,53,14,False,0,1,17301504,34603008.0,17301504,17301504.0,16.5,2.0,1.0,1.0,1,immediate_refetch_faster_than_wait,3301739.224019094,"[{""admissible"":true,""core"":0,""earliest_start"":3301731.224019094,""predicted_cycles"":539572.5926513672,""predicted_finish"":3841303.816670461,""refetch"":2.0},{""admissible"":false,""core"":1,""earliest_start"":3574473.9759830236,""predicted_cycles"":273664.9228515625,""predicted_finish"":3848138.898834586,""refetch"":1.0}]"
v3_captured_mixed_heldout_swe_t128_l2,best_hetero,pipelined,128,62,62,14,False,0,1,17301504,34603008.0,17301504,17301504.0,16.5,2.0,1.0,1.0,1,immediate_refetch_faster_than_wait,4125863.4171240428,"[{""admissible"":true,""core"":0,""earliest_start"":4125855.4171240428,""predicted_cycles"":525809.2463989258,""predicted_finish"":4651664.663522968,""refetch"":2.0},{""admissible"":false,""core"":1,""earliest_start"":4398372.884762526,""predicted_cycles"":274109.4189453125,""predicted_finish"":4672482.303707838,""refetch"":1.0}]"
v3_captured_mixed_heldout_swe_t128_l26,best_hetero,pipelined,128,27,27,12,False,0,1,17301504,34603008.0,17301504,17301504.0,16.5,2.0,1.0,1.0,1,immediate_refetch_faster_than_wait,3301146.3330862974,"[{""admissible"":true,""core"":0,""earliest_start"":3301126.3330862974,""predicted_cycles"":516276.2141113281,""predicted_finish"":3817402.5471976255,""refetch"":2.0},{""admissible"":false,""core"":1,""earliest_start"":3572897.3741019224,""predicted_cycles"":271759.041015625,""predicted_finish"":3844656.4151175474,""refetch"":1.0}]"
v3_captured_mixed_heldout_swe_t128_l26,best_hetero,pipelined,128,38,38,15,False,0,1,17301504,34603008.0,17301504,17301504.0,16.5,2.0,1.0,1.0,1,immediate_refetch_faster_than_wait,3850517.0846357057,"[{""admissible"":true,""core"":0,""earliest_start"":3850509.0846357057,""predicted_cycles"":524549.0477294922,""predicted_finish"":4375058.132365198,""refetch"":2.0},{""admissible"":false,""core"":1,""earliest_start"":4122846.5289897257,""predicted_cycles"":273000.275390625,""predicted_finish"":4395846.804380351,""refetch"":1.0}]"
v3_captured_mixed_heldout_swe_t128_l26,best_hetero,pipelined,128,43,43,15,False,0,1,17301504,34603008.0,17301504,17301504.0,16.5,2.0,1.0,1.0,1,immediate_refetch_faster_than_wait,4399920.35291358,"[{""admissible"":true,""core"":0,""earliest_start"":4399912.35291358,""predicted_cycles"":530761.0858764648,""predicted_finish"":4930673.438790045,""refetch"":2.0},{""admissible"":false,""core"":1,""earliest_start"":4672611.136662178,""predicted_cycles"":273631.3759765625,""predicted_finish"":4946242.51263874,""refetch"":1.0}]"
v3_captured_mixed_heldout_swe_t128_l26,best_hetero,pipelined,128,56,56,16,False,0,1,17301504,34603008.0,17301504,17301504.0,16.5,2.0,1.0,1.0,1,immediate_refetch_faster_than_wait,4949322.720794726,"[{""admissible"":true,""core"":0,""earliest_start"":4949314.720794726,""predicted_cycles"":535421.3499755859,""predicted_finish"":5484736.070770312,""refetch"":2.0},{""admissible"":false,""core"":1,""earliest_start"":5221950.150777945,""predicted_cycles"":273983.6181640625,""predicted_finish"":5495933.768942008,""refetch"":1.0}]"
heldout_bfcl_b4_l2_s3,fixed_4+2,pipelined,4,1,0,3,False,1,0,17301504,34603008.0,17301504,17301504.0,16.5,2.0,1.0,1.0,0,immediate_refetch_faster_than_wait,266.66666666666663,"[{""admissible"":false,""core"":0,""earliest_start"":548532.3268229166,""predicted_cycles"":274264.5732421875,""predicted_finish"":822796.9000651041,""refetch"":1.0},{""admissible"":true,""core"":1,""earliest_start"":246.66666666666666,""predicted_cycles"":530241.3499644886,""predicted_finish"":530488.0166311553,""refetch"":2.0}]"
heldout_gpqa_b4_l13_s3,fixed_4+2,pipelined,4,17,63,4,False,1,0,17301504,34603008.0,17301504,17301504.0,16.5,2.0,1.0,1.0,0,immediate_refetch_faster_than_wait,264.66666666666663,"[{""admissible"":false,""core"":0,""earliest_start"":549054.2526041666,""predicted_cycles"":274526.658203125,""predicted_finish"":823580.9108072916,""refetch"":1.0},{""admissible"":true,""core"":1,""earliest_start"":244.66666666666666,""predicted_cycles"":549168.53515625,""predicted_finish"":549413.2018229166,""refetch"":2.0}]"
heldout_gpqa_b4_l26_s3,fixed_4+2,pipelined,4,1,10,3,False,1,0,17301504,34603008.0,17301504,17301504.0,16.5,2.0,1.0,1.0,0,immediate_refetch_faster_than_wait,254.66666666666666,"[{""admissible"":false,""core"":0,""earliest_start"":540967.4127604166,""predicted_cycles"":270486.3564453125,""predicted_finish"":811453.7692057291,""refetch"":1.0},{""admissible"":true,""core"":1,""earliest_start"":234.66666666666666,""predicted_cycles"":549196.0923295454,""predicted_finish"":549430.758996212,""refetch"":2.0}]"
heldout_swe_b4_l2_s3,fixed_4+2,pipelined,4,11,57,4,False,1,0,17301504,34603008.0,17301504,17301504.0,16.5,2.0,1.0,1.0,0,immediate_refetch_faster_than_wait,248.66666666666666,"[{""admissible"":false,""core"":0,""earliest_start"":546946.7408854166,""predicted_cycles"":273480.4150390625,""predicted_finish"":820427.1559244791,""refetch"":1.0},{""admissible"":true,""core"":1,""earliest_start"":228.66666666666666,""predicted_cycles"":549191.4994673296,""predicted_finish"":549420.1661339962,""refetch"":2.0}]"
heldout_bfcl_b8_l13_s11,fixed_4+2,pipelined,8,25,63,6,False,1,0,17301504,51904512.0,34603008.0,17301504.0,16.5,3.0,2.0,2.0,0,all_cores_refetch,478.3333333333333,"[{""admissible"":false,""core"":0,""earliest_start"":1098564.0520833333,""predicted_cycles"":549174.8125,""predicted_finish"":1647738.8645833333,""refetch"":2.0},{""admissible"":true,""core"":1,""earliest_start"":460.3333333333333,""predicted_cycles"":823732.4715909092,""predicted_finish"":824192.8049242425,""refetch"":3.0}]"
heldout_bfcl_b8_l13_s3,fixed_4+2,pipelined,8,4,6,6,False,1,0,17301504,51904512.0,34603008.0,17301504.0,16.5,3.0,2.0,2.0,0,all_cores_refetch,479.3333333333333,"[{""admissible"":false,""core"":0,""earliest_start"":1098548.2903645833,""predicted_cycles"":549166.4296875,""predicted_finish"":1647714.7200520833,""refetch"":2.0},{""admissible"":true,""core"":1,""earliest_start"":461.3333333333333,""predicted_cycles"":823746.2482244319,""predicted_finish"":824207.5815577653,""refetch"":3.0}]"
heldout_bfcl_b8_l13_s3,fixed_4+2,pipelined,8,20,42,5,False,1,0,17301504,51904512.0,34603008.0,17301504.0,16.5,3.0,2.0,2.0,0,all_cores_refetch,823825.9999999999,"[{""admissible"":false,""core"":0,""earliest_start"":1098823.333333333,""predicted_cycles"":549166.4296875,""predicted_finish"":1647989.763020833,""refetch"":2.0},{""admissible"":true,""core"":1,""earliest_start"":824329.9999999999,""predicted_cycles"":823746.2482244319,""predicted_finish"":1648076.2482244316,""refetch"":3.0}]"
heldout_bfcl_b8_l13_s7,fixed_4+2,pipelined,8,13,21,4,False,1,0,17301504,34603008.0,17301504,17301504.0,16.5,2.0,1.0,1.0,0,immediate_refetch_faster_than_wait,491.3333333333333,"[{""admissible"":false,""core"":0,""earliest_start"":1098593.8138020833,""predicted_cycles"":274553.9150390625,""predicted_finish"":1373147.7288411458,""refetch"":1.0},{""admissible"":true,""core"":1,""earliest_start"":473.3333333333333,""predicted_cycles"":549072.0850497159,""predicted_finish"":549545.4183830493,""refetch"":2.0}]"
heldout_bfcl_b8_l13_s7,fixed_4+2,pipelined,8,19,33,4,False,1,0,17301504,34603008.0,17301504,17301504.0,16.5,2.0,1.0,1.0,0,immediate_refetch_faster_than_wait,549278.0,"[{""admissible"":false,""core"":0,""earliest_start"":1098947.333333333,""predicted_cycles"":274553.9150390625,""predicted_finish"":1373501.2483723955,""refetch"":1.0},{""admissible"":true,""core"":1,""earliest_start"":549782.0,""predicted_cycles"":549072.0850497159,""predicted_finish"":1098854.0850497158,""refetch"":2.0}]"
heldout_bfcl_b8_l26_s11,fixed_4+2,pipelined,8,14,25,6,False,1,0,17301504,51904512.0,34603008.0,17301504.0,16.5,3.0,2.0,2.0,0,all_cores_refetch,495.3333333333333,"[{""admissible"":false,""core"":0,""earliest_start"":1098656.4798177083,""predicted_cycles"":549212.53515625,""predicted_finish"":1647869.0149739583,""refetch"":2.0},{""admissible"":true,""core"":1,""earliest_start"":477.3333333333333,""predicted_cycles"":823739.3599076705,""predicted_finish"":824216.6932410039,""refetch"":3.0}]"
heldout_bfcl_b8_l26_s3,fixed_4+2,pipelined,8,10,17,4,False,1,0,17301504,34603008.0,17301504,17301504.0,16.5,2.0,1.0,1.0,0,immediate_refetch_faster_than_wait,485.3333333333333,"[{""admissible"":false,""core"":0,""earliest_start"":1098562.6712239583,""predicted_cycles"":274551.818359375,""predicted_finish"":1373114.4895833333,""refetch"":1.0},{""admissible"":true,""core"":1,""earliest_start"":467.3333333333333,""predicted_cycles"":549136.3851207386,""predicted_finish"":549603.718454072,""refetch"":2.0}]"
heldout_bfcl_b8_l26_s3,fixed_4+2,pipelined,8,13,25,4,False,1,0,17301504,34603008.0,17301504,17301504.0,16.5,2.0,1.0,1.0,0,immediate_refetch_faster_than_wait,549272.0,"[{""admissible"":false,""core"":0,""earliest_start"":1098941.333333333,""predicted_cycles"":274551.818359375,""predicted_finish"":1373493.151692708,""refetch"":1.0},{""admissible"":true,""core"":1,""earliest_start"":549776.0,""predicted_cycles"":549136.3851207386,""predicted_finish"":1098912.3851207388,""refetch"":2.0}]"
heldout_bfcl_b8_l26_s7,fixed_4+2,pipelined,8,12,30,4,False,1,0,17301504,34603008.0,17301504,17301504.0,16.5,2.0,1.0,1.0,0,immediate_refetch_faster_than_wait,497.3333333333333,"[{""admissible"":false,""core"":0,""earliest_start"":1098641.7180989583,""predicted_cycles"":271146.810546875,""predicted_finish"":1369788.5286458333,""refetch"":1.0},{""admissible"":true,""core"":1,""earliest_start"":479.3333333333333,""predicted_cycles"":549150.1637073864,""predicted_finish"":549629.4970407197,""refetch"":2.0}]"
heldout_bfcl_b8_l26_s7,fixed_4+2,pipelined,8,27,54,4,False,1,0,17301504,34603008.0,17301504,17301504.0,16.5,2.0,1.0,1.0,0,immediate_refetch_faster_than_wait,549284.0,"[{""admissible"":false,""core"":0,""earliest_start"":1098953.333333333,""predicted_cycles"":271146.810546875,""predicted_finish"":1370100.143880208,""refetch"":1.0},{""admissible"":true,""core"":1,""earliest_start"":549788.0,""predicted_cycles"":549150.1637073864,""predicted_finish"":1098938.1637073862,""refetch"":2.0}]"
heldout_bfcl_b8_l2_s11,fixed_4+2,pipelined,8,8,18,4,False,1,0,17301504,34603008.0,17301504,17301504.0,16.5,2.0,1.0,1.0,0,immediate_refetch_faster_than_wait,494.3333333333333,"[{""admissible"":false,""core"":0,""earliest_start"":1098513.0052083333,""predicted_cycles"":274585.365234375,""predicted_finish"":1373098.3704427083,""refetch"":1.0},{""admissible"":true,""core"":1,""earliest_start"":476.3333333333333,""predicted_cycles"":548805.6990411931,""predicted_finish"":549282.0323745265,""refetch"":2.0}]"
heldout_bfcl_b8_l2_s11,fixed_4+2,pipelined,8,12,27,4,False,1,0,17301504,34603008.0,17301504,17301504.0,16.5,2.0,1.0,1.0,0,immediate_refetch_faster_than_wait,549281.0,"[{""admissible"":false,""core"":0,""earliest_start"":1098950.333333333,""predicted_cycles"":274585.365234375,""predicted_finish"":1373535.698567708,""refetch"":1.0},{""admissible"":true,""core"":1,""earliest_start"":549785.0,""predicted_cycles"":548805.6990411931,""predicted_finish"":1098590.6990411931,""refetch"":2.0}]"
heldout_bfcl_b8_l2_s11,fixed_4+2,pipelined,8,19,45,4,False,1,0,17301504,34603008.0,17301504,17301504.0,16.5,2.0,1.0,1.0,0,immediate_refetch_faster_than_wait,1098382.044758584,"[{""admissible"":false,""core"":0,""earliest_start"":1373372.809678819,""predicted_cycles"":274585.365234375,""predicted_finish"":1647958.174913194,""refetch"":1.0},{""admissible"":true,""core"":1,""earliest_start"":1098886.044758584,""predicted_cycles"":548915.927734375,""predicted_finish"":1647801.972492959,""refetch"":2.0}]"
heldout_bfcl_b8_l2_s3,fixed_4+2,pipelined,8,2,7,4,False,1,0,17301504,34603008.0,17301504,17301504.0,16.5,2.0,1.0,1.0,0,immediate_refetch_faster_than_wait,478.3333333333333,"[{""admissible"":false,""core"":0,""earliest_start"":1098589.1946614583,""predicted_cycles"":274384.083984375,""predicted_finish"":1372973.2786458333,""refetch"":1.0},{""admissible"":true,""core"":1,""earliest_start"":460.3333333333333,""predicted_cycles"":534990.3694957386,""predicted_finish"":535450.702829072,""refetch"":2.0}]"
heldout_bfcl_b8_l2_s3,fixed_4+2,pipelined,8,3,12,4,False,1,0,17301504,34603008.0,17301504,17301504.0,16.5,2.0,1.0,1.0,0,immediate_refetch_faster_than_wait,549265.0,"[{""admissible"":false,""core"":0,""earliest_start"":1098934.333333333,""predicted_cycles"":274384.083984375,""predicted_finish"":1373318.417317708,""refetch"":1.0},{""admissible"":true,""core"":1,""earliest_start"":549769.0,""predicted_cycles"":534990.3694957386,""predicted_finish"":1084759.3694957388,""refetch"":2.0}]"
heldout_bfcl_b8_l2_s3,fixed_4+2,pipelined,8,21,51,4,False,1,0,17301504,34603008.0,17301504,17301504.0,16.5,2.0,1.0,1.0,0,immediate_refetch_faster_than_wait,1098366.044758584,"[{""admissible"":false,""core"":0,""earliest_start"":1373155.528428819,""predicted_cycles"":274384.083984375,""predicted_finish"":1647539.612413194,""refetch"":1.0},{""admissible"":true,""core"":1,""earliest_start"":1098870.044758584,""predicted_cycles"":538554.4305752841,""predicted_finish"":1637424.475333868,""refetch"":2.0}]"
heldout_bfcl_b8_l2_s7,fixed_4+2,pipelined,8,1,0,4,False,1,0,17301504,34603008.0,17301504,17301504.0,16.5,2.0,1.0,1.0,0,immediate_refetch_faster_than_wait,483.3333333333333,"[{""admissible"":false,""core"":0,""earliest_start"":1098535.5286458333,""predicted_cycles"":274530.8515625,""predicted_finish"":1373066.3802083333,""refetch"":1.0},{""admissible"":true,""core"":1,""earliest_start"":465.3333333333333,""predicted_cycles"":545737.6670809659,""predicted_finish"":546203.0004142993,""refetch"":2.0}]"
heldout_bfcl_b8_l2_s7,fixed_4+2,pipelined,8,5,8,4,False,1,0,17301504,34603008.0,17301504,17301504.0,16.5,2.0,1.0,1.0,0,immediate_refetch_faster_than_wait,549270.0,"[{""admissible"":false,""core"":0,""earliest_start"":1098939.333333333,""predicted_cycles"":274530.8515625,""predicted_finish"":1373470.184895833,""refetch"":1.0},{""admissible"":true,""core"":1,""earliest_start"":549774.0,""predicted_cycles"":545737.6670809659,""predicted_finish"":1095511.6670809658,""refetch"":2.0}]"
heldout_bfcl_b8_l2_s7,fixed_4+2,pipelined,8,7,11,3,False,1,0,17301504,34603008.0,17301504,17301504.0,16.5,2.0,1.0,1.0,0,immediate_refetch_faster_than_wait,1648105.891496654,"[{""admissible"":false,""core"":0,""earliest_start"":1922296.559665348,""predicted_cycles"":274539.23828125,""predicted_finish"":2196835.797946598,""refetch"":1.0},{""admissible"":true,""core"":1,""earliest_start"":1648097.891496654,""predicted_cycles"":547234.9401633523,""predicted_finish"":2195332.831660006,""refetch"":2.0}]"
heldout_bfcl_b8_l2_s7,fixed_4+2,pipelined,8,25,55,3,False,1,0,17301504,34603008.0,17301504,17301504.0,16.5,2.0,1.0,1.0,0,immediate_refetch_faster_than_wait,4119524.6742401496,"[{""admissible"":false,""core"":0,""earliest_start"":4393109.714394633,""predicted_cycles"":274539.23828125,""predicted_finish"":4667648.952675883,""refetch"":1.0},{""admissible"":true,""core"":1,""earliest_start"":4119516.6742401496,""predicted_cycles"":547708.0049715909,""predicted_finish"":4667224.67921174,""refetch"":2.0}]"
heldout_gpqa_b8_l13_s11,fixed_4+2,pipelined,8,25,57,5,False,1,0,17301504,51904512.0,34603008.0,17301504.0,16.5,3.0,2.0,2.0,0,all_cores_refetch,481.3333333333333,"[{""admissible"":false,""core"":0,""earliest_start"":1098508.3860677083,""predicted_cycles"":549145.47265625,""predicted_finish"":1647653.8587239583,""refetch"":2.0},{""admissible"":true,""core"":1,""earliest_start"":463.3333333333333,""predicted_cycles"":823732.4715909092,""predicted_finish"":824195.8049242425,""refetch"":3.0}]"
heldout_gpqa_b8_l13_s3,fixed_4+2,pipelined,8,15,36,4,False,1,0,17301504,34603008.0,17301504,17301504.0,16.5,2.0,1.0,1.0,0,immediate_refetch_faster_than_wait,475.3333333333333,"[{""admissible"":false,""core"":0,""earliest_start"":1098494.0052083333,""predicted_cycles"":274541.3349609375,""predicted_finish"":1373035.3401692708,""refetch"":1.0},{""admissible"":true,""core"":1,""earliest_start"":457.3333333333333,""predicted_cycles"":549186.9066051136,""predicted_finish"":549644.239938447,""refetch"":2.0}]"
heldout_gpqa_b8_l13_s3,fixed_4+2,pipelined,8,24,57,4,False,1,0,17301504,34603008.0,17301504,17301504.0,16.5,2.0,1.0,1.0,0,immediate_refetch_faster_than_wait,549262.0,"[{""admissible"":false,""core"":0,""earliest_start"":1098931.333333333,""predicted_cycles"":274541.3349609375,""predicted_finish"":1373472.6682942705,""refetch"":1.0},{""admissible"":true,""core"":1,""earliest_start"":549766.0,""predicted_cycles"":549186.9066051136,""predicted_finish"":1098952.9066051138,""refetch"":2.0}]"
heldout_gpqa_b8_l13_s7,fixed_4+2,pipelined,8,1,5,3,False,1,0,17301504,34603008.0,17301504,17301504.0,16.5,2.0,1.0,1.0,0,immediate_refetch_faster_than_wait,495.3333333333333,"[{""admissible"":false,""core"":0,""earliest_start"":1098564.2903645833,""predicted_cycles"":274583.2685546875,""predicted_finish"":1373147.5589192708,""refetch"":1.0},{""admissible"":true,""core"":1,""earliest_start"":477.3333333333333,""predicted_cycles"":549177.7208806818,""predicted_finish"":549655.0542140151,""refetch"":2.0}]"
heldout_gpqa_b8_l26_s11,fixed_4+2,pipelined,8,2,2,3,False,1,0,17301504,34603008.0,17301504,17301504.0,16.5,2.0,1.0,1.0,0,immediate_refetch_faster_than_wait,274718.0,"[{""admissible"":false,""core"":0,""earliest_start"":1098526.7669270833,""predicted_cycles"":249068.7734375,""predicted_finish"":1347595.5403645833,""refetch"":1.0},{""admissible"":true,""core"":1,""earliest_start"":275222.0,""predicted_cycles"":549209.8709161931,""predicted_finish"":824431.8709161931,""refetch"":2.0}]"
heldout_gpqa_b8_l26_s3,fixed_4+2,pipelined,8,5,10,6,False,1,0,17301504,51904512.0,34603008.0,17301504.0,16.5,3.0,2.0,2.0,0,all_cores_refetch,463.3333333333333,"[{""admissible"":false,""core"":0,""earliest_start"":1098507.1477864583,""predicted_cycles"":549153.85546875,""predicted_finish"":1647661.0032552083,""refetch"":2.0},{""admissible"":true,""core"":1,""earliest_start"":445.3333333333333,""predicted_cycles"":823732.4715909092,""predicted_finish"":824177.8049242425,""refetch"":3.0}]"
heldout_gpqa_b8_l26_s3,fixed_4+2,pipelined,8,8,16,6,False,1,0,17301504,51904512.0,34603008.0,17301504.0,16.5,3.0,2.0,2.0,0,all_cores_refetch,823809.9999999999,"[{""admissible"":false,""core"":0,""earliest_start"":1098807.333333333,""predicted_cycles"":549153.85546875,""predicted_finish"":1647961.188802083,""refetch"":2.0},{""admissible"":true,""core"":1,""earliest_start"":824313.9999999999,""predicted_cycles"":823732.4715909092,""predicted_finish"":1648046.4715909092,""refetch"":3.0}]"
heldout_gpqa_b8_l2_s3,fixed_4+2,pipelined,8,9,30,5,False,1,0,17301504,51904512.0,34603008.0,17301504.0,16.5,3.0,2.0,2.0,0,all_cores_refetch,468.3333333333333,"[{""admissible"":false,""core"":0,""earliest_start"":1098629.4798177083,""predicted_cycles"":549212.53515625,""predicted_finish"":1647842.0149739583,""refetch"":2.0},{""admissible"":true,""core"":1,""earliest_start"":450.3333333333333,""predicted_cycles"":823746.2482244319,""predicted_finish"":824196.5815577653,""refetch"":3.0}]"
heldout_gpqa_b8_l2_s3,fixed_4+2,pipelined,8,13,40,5,False,1,0,17301504,51904512.0,34603008.0,17301504.0,16.5,3.0,2.0,2.0,0,all_cores_refetch,823815.0,"[{""admissible"":false,""core"":0,""earliest_start"":1098812.333333333,""predicted_cycles"":549212.53515625,""predicted_finish"":1648024.868489583,""refetch"":2.0},{""admissible"":true,""core"":1,""earliest_start"":824319.0,""predicted_cycles"":823746.2482244319,""predicted_finish"":1648065.2482244319,""refetch"":3.0}]"
heldout_gpqa_b8_l2_s7,fixed_4+2,pipelined,8,3,7,3,False,1,0,17301504,34603008.0,17301504,17301504.0,16.5,2.0,1.0,1.0,0,immediate_refetch_faster_than_wait,549883.3333333333,"[{""admissible"":false,""core"":0,""earliest_start"":1098435.3333333335,""predicted_cycles"":274574.8818359375,""predicted_finish"":1373010.215169271,""refetch"":1.0},{""admissible"":true,""core"":1,""earliest_start"":549875.3333333333,""predicted_cycles"":549163.9422940341,""predicted_finish"":1099039.2756273672,""refetch"":2.0}]"
heldout_swe_b8_l13_s11,fixed_4+2,pipelined,8,2,6,6,False,1,0,17301504,51904512.0,34603008.0,17301504.0,16.5,3.0,2.0,2.0,0,all_cores_refetch,449.3333333333333,"[{""admissible"":false,""core"":0,""earliest_start"":1098627.2415364583,""predicted_cycles"":549220.91796875,""predicted_finish"":1647848.1595052083,""refetch"":2.0},{""admissible"":true,""core"":1,""earliest_start"":431.3333333333333,""predicted_cycles"":823739.3599076705,""predicted_finish"":824170.6932410039,""refetch"":3.0}]"
heldout_swe_b8_l13_s11,fixed_4+2,pipelined,8,4,15,6,False,1,0,17301504,51904512.0,34603008.0,17301504.0,16.5,3.0,2.0,2.0,0,all_cores_refetch,823795.9999999999,"[{""admissible"":false,""core"":0,""earliest_start"":1098793.333333333,""predicted_cycles"":549220.91796875,""predicted_finish"":1648014.251302083,""refetch"":2.0},{""admissible"":true,""core"":1,""earliest_start"":824299.9999999999,""predicted_cycles"":823739.3599076705,""predicted_finish"":1648039.3599076704,""refetch"":3.0}]"
heldout_swe_b8_l13_s3,fixed_4+2,pipelined,8,2,3,4,False,1,0,17301504,34603008.0,17301504,17301504.0,16.5,2.0,1.0,1.0,0,immediate_refetch_faster_than_wait,456.3333333333333,"[{""admissible"":false,""core"":0,""earliest_start"":1098533.6712239583,""predicted_cycles"":259313.150390625,""predicted_finish"":1357846.8216145833,""refetch"":1.0},{""admissible"":true,""core"":1,""earliest_start"":438.3333333333333,""predicted_cycles"":549205.2780539773,""predicted_finish"":549643.6113873107,""refetch"":2.0}]"
heldout_swe_b8_l13_s3,fixed_4+2,pipelined,8,3,6,4,False,1,0,17301504,34603008.0,17301504,17301504.0,16.5,2.0,1.0,1.0,0,immediate_refetch_faster_than_wait,549243.0,"[{""admissible"":false,""core"":0,""earliest_start"":1098912.333333333,""predicted_cycles"":259313.150390625,""predicted_finish"":1358225.483723958,""refetch"":1.0},{""admissible"":true,""core"":1,""earliest_start"":549747.0,""predicted_cycles"":549205.2780539773,""predicted_finish"":1098952.2780539773,""refetch"":2.0}]"
heldout_swe_b8_l13_s7,fixed_4+2,pipelined,8,3,6,7,False,1,0,17301504,69206016.0,34603008.0,34603008.0,33.0,4.0,2.0,2.0,0,all_cores_refetch,454.3333333333333,"[{""admissible"":false,""core"":0,""earliest_start"":1098573.5755208333,""predicted_cycles"":549191.578125,""predicted_finish"":1647765.1536458333,""refetch"":2.0},{""admissible"":true,""core"":1,""earliest_start"":436.3333333333333,""predicted_cycles"":1098195.3728693181,""predicted_finish"":1098631.7062026514,""refetch"":4.0}]"
heldout_swe_b8_l26_s11,fixed_4+2,pipelined,8,6,17,5,False,1,0,17301504,51904512.0,34603008.0,17301504.0,16.5,3.0,2.0,2.0,0,all_cores_refetch,467.3333333333333,"[{""admissible"":false,""core"":0,""earliest_start"":1098594.9563802083,""predicted_cycles"":549195.76953125,""predicted_finish"":1647790.7259114583,""refetch"":2.0},{""admissible"":true,""core"":1,""earliest_start"":449.3333333333333,""predicted_cycles"":823698.0300071023,""predicted_finish"":824147.3633404357,""refetch"":3.0}]"
heldout_swe_b8_l26_s3,fixed_4+2,pipelined,8,2,5,4,False,1,0,17301504,34603008.0,17301504,17301504.0,16.5,2.0,1.0,1.0,0,immediate_refetch_faster_than_wait,1098365.1240093238,"[{""admissible"":false,""core"":0,""earliest_start"":1648065.6025531758,""predicted_cycles"":254572.5576171875,""predicted_finish"":1902638.1601703633,""refetch"":1.0},{""admissible"":true,""core"":1,""earliest_start"":1098869.1240093238,""predicted_cycles"":549191.4994673296,""predicted_finish"":1648060.6234766534,""refetch"":2.0}]"
heldout_swe_b8_l26_s3,fixed_4+2,pipelined,8,5,10,7,False,1,0,17301504,69206016.0,34603008.0,34603008.0,33.0,4.0,2.0,2.0,0,all_cores_refetch,468.3333333333333,"[{""admissible"":false,""core"":0,""earliest_start"":1098637.8606770833,""predicted_cycles"":549216.7265625,""predicted_finish"":1647854.5872395833,""refetch"":2.0},{""admissible"":true,""core"":1,""earliest_start"":450.3333333333333,""predicted_cycles"":1098195.3728693181,""predicted_finish"":1098645.7062026514,""refetch"":4.0}]"
heldout_swe_b8_l26_s7,fixed_4+2,pipelined,8,20,63,5,False,1,0,17301504,51904512.0,34603008.0,17301504.0,16.5,3.0,2.0,2.0,0,all_cores_refetch,461.3333333333333,"[{""admissible"":false,""core"":0,""earliest_start"":1098639.2415364583,""predicted_cycles"":549220.91796875,""predicted_finish"":1647860.1595052083,""refetch"":2.0},{""admissible"":true,""core"":1,""earliest_start"":443.3333333333333,""predicted_cycles"":823739.3599076705,""predicted_finish"":824182.6932410039,""refetch"":3.0}]"
heldout_swe_b8_l2_s11,fixed_4+2,pipelined,8,9,27,5,False,1,0,17301504,51904512.0,34603008.0,17301504.0,16.5,3.0,2.0,2.0,0,all_cores_refetch,452.3333333333333,"[{""admissible"":false,""core"":0,""earliest_start"":1098512.9095052083,""predicted_cycles"":549162.23828125,""predicted_finish"":1647675.1477864583,""refetch"":2.0},{""admissible"":true,""core"":1,""earliest_start"":434.3333333333333,""predicted_cycles"":823766.9131747159,""predicted_finish"":824201.2465080493,""refetch"":3.0}]"
heldout_swe_b8_l2_s11,fixed_4+2,pipelined,8,11,35,7,False,1,0,17301504,69206016.0,34603008.0,34603008.0,33.0,4.0,2.0,2.0,0,all_cores_refetch,823799.0,"[{""admissible"":false,""core"":0,""earliest_start"":1098796.333333333,""predicted_cycles"":549162.23828125,""predicted_finish"":1647958.571614583,""refetch"":2.0},{""admissible"":true,""core"":1,""earliest_start"":824303.0,""predicted_cycles"":1098278.0268110796,""predicted_finish"":1922581.0268110796,""refetch"":4.0}]"
heldout_swe_b8_l2_s3,fixed_4+2,pipelined,8,1,7,5,False,1,0,17301504,51904512.0,34603008.0,17301504.0,16.5,3.0,2.0,2.0,0,all_cores_refetch,459.3333333333333,"[{""admissible"":false,""core"":0,""earliest_start"":1098511.5286458333,""predicted_cycles"":549158.046875,""predicted_finish"":1647669.5755208333,""refetch"":2.0},{""admissible"":true,""core"":1,""earliest_start"":441.3333333333333,""predicted_cycles"":823725.5832741478,""predicted_finish"":824166.9166074812,""refetch"":3.0}]"
heldout_swe_b8_l2_s3,fixed_4+2,pipelined,8,11,56,5,False,1,0,17301504,51904512.0,34603008.0,17301504.0,16.5,3.0,2.0,2.0,0,all_cores_refetch,823806.0,"[{""admissible"":false,""core"":0,""earliest_start"":1098803.333333333,""predicted_cycles"":549158.046875,""predicted_finish"":1647961.380208333,""refetch"":2.0},{""admissible"":true,""core"":1,""earliest_start"":824310.0,""predicted_cycles"":823725.5832741478,""predicted_finish"":1648035.583274148,""refetch"":3.0}]"
heldout_swe_b8_l2_s7,fixed_4+2,pipelined,8,1,0,7,False,1,0,17301504,69206016.0,34603008.0,34603008.0,33.0,4.0,2.0,2.0,0,all_cores_refetch,451.3333333333333,"[{""admissible"":false,""core"":0,""earliest_start"":1098486.7669270833,""predicted_cycles"":549149.6640625,""predicted_finish"":1647636.4309895833,""refetch"":2.0},{""admissible"":true,""core"":1,""earliest_start"":433.3333333333333,""predicted_cycles"":1098232.1079545454,""predicted_finish"":1098665.4412878787,""refetch"":4.0}]"
heldout_bfcl_b16_l13_s11,fixed_4+2,pipelined,16,4,6,5,False,1,0,17301504,51904512.0,34603008.0,17301504.0,16.5,3.0,2.0,2.0,0,all_cores_refetch,920.6666666666666,"[{""admissible"":false,""core"":0,""earliest_start"":2197296.7115885415,""predicted_cycles"":549183.1953125,""predicted_finish"":2746479.9069010415,""refetch"":2.0},{""admissible"":true,""core"":1,""earliest_start"":902.6666666666666,""predicted_cycles"":823739.3599076705,""predicted_finish"":824642.0265743372,""refetch"":3.0}]"
heldout_bfcl_b16_l13_s11,fixed_4+2,pipelined,16,13,19,6,False,1,0,17301504,51904512.0,34603008.0,17301504.0,16.5,3.0,2.0,2.0,0,all_cores_refetch,824267.3333333333,"[{""admissible"":false,""core"":0,""earliest_start"":2197616.666666666,""predicted_cycles"":549183.1953125,""predicted_finish"":2746799.861979166,""refetch"":2.0},{""admissible"":true,""core"":1,""earliest_start"":824771.3333333333,""predicted_cycles"":823739.3599076705,""predicted_finish"":1648510.693241004,""refetch"":3.0}]"
heldout_bfcl_b16_l13_s11,fixed_4+2,pipelined,16,16,23,7,False,1,0,17301504,69206016.0,34603008.0,34603008.0,33.0,4.0,2.0,2.0,0,all_cores_refetch,1648001.924242424,"[{""admissible"":false,""core"":0,""earliest_start"":2197356.333333333,""predicted_cycles"":549183.1953125,""predicted_finish"":2746539.528645833,""refetch"":2.0},{""admissible"":true,""core"":1,""earliest_start"":1648505.924242424,""predicted_cycles"":1098268.8430397727,""predicted_finish"":2746774.767282197,""refetch"":4.0}]"
heldout_bfcl_b16_l13_s3,fixed_4+2,pipelined,16,4,6,10,False,1,0,17301504,86507520.0,51904512.0,34603008.0,33.0,5.0,3.0,3.0,0,all_cores_refetch,892.6666666666666,"[{""admissible"":false,""core"":0,""earliest_start"":2197201.6725260415,""predicted_cycles"":823778.8466796875,""predicted_finish"":3020980.519205729,""refetch"":3.0},{""admissible"":true,""core"":1,""earliest_start"":874.6666666666666,""predicted_cycles"":1372812.0988991477,""predicted_finish"":1373686.7655658145,""refetch"":5.0}]"
heldout_bfcl_b16_l13_s3,fixed_4+2,pipelined,16,8,11,5,False,1,0,17301504,51904512.0,34603008.0,17301504.0,16.5,3.0,2.0,2.0,0,all_cores_refetch,1373359.333333333,"[{""admissible"":false,""core"":0,""earliest_start"":2197348.666666666,""predicted_cycles"":549183.1953125,""predicted_finish"":2746531.861979166,""refetch"":2.0},{""admissible"":true,""core"":1,""earliest_start"":1373863.333333333,""predicted_cycles"":823746.2482244319,""predicted_finish"":2197609.5815577647,""refetch"":3.0}]"
heldout_bfcl_b16_l13_s3,fixed_4+2,pipelined,16,25,41,6,False,1,0,17301504,51904512.0,34603008.0,17301504.0,16.5,3.0,2.0,2.0,0,all_cores_refetch,2197020.3749566535,"[{""admissible"":false,""core"":0,""earliest_start"":2746608.973090277,""predicted_cycles"":549183.1953125,""predicted_finish"":3295792.168402777,""refetch"":2.0},{""admissible"":true,""core"":1,""earliest_start"":2197524.3749566535,""predicted_cycles"":823746.2482244319,""predicted_finish"":3021270.623181085,""refetch"":3.0}]"
heldout_bfcl_b16_l13_s3,fixed_4+2,pipelined,16,33,55,3,False,1,0,17301504,34603008.0,17301504,17301504.0,16.5,2.0,1.0,1.0,0,immediate_refetch_faster_than_wait,7414396.454792806,"[{""admissible"":false,""core"":0,""earliest_start"":7689019.817521693,""predicted_cycles"":274528.7548828125,""predicted_finish"":7963548.572404506,""refetch"":1.0},{""admissible"":true,""core"":1,""earliest_start"":7414388.454792806,""predicted_cycles"":549067.4921875,""predicted_finish"":7963455.946980306,""refetch"":2.0}]"
heldout_bfcl_b16_l13_s3,fixed_4+2,pipelined,16,35,57,8,False,1,0,17301504,69206016.0,34603008.0,34603008.0,33.0,4.0,2.0,2.0,0,all_cores_refetch,3020680.4643221633,"[{""admissible"":false,""core"":0,""earliest_start"":3295683.1018930213,""predicted_cycles"":549191.578125,""predicted_finish"":3844874.6800180213,""refetch"":2.0},{""admissible"":true,""core"":1,""earliest_start"":3021184.4643221633,""predicted_cycles"":1098222.9241832385,""predicted_finish"":4119407.388505402,""refetch"":4.0}]"
heldout_bfcl_b16_l13_s7,fixed_4+2,pipelined,16,4,3,4,False,1,0,17301504,34603008.0,17301504,17301504.0,16.5,2.0,1.0,1.0,0,immediate_refetch_faster_than_wait,3295238.2659300994,"[{""admissible"":false,""core"":0,""earliest_start"":3844896.4293166017,""predicted_cycles"":274509.884765625,""predicted_finish"":4119406.3140822267,""refetch"":1.0},{""admissible"":true,""core"":1,""earliest_start"":3295742.2659300994,""predicted_cycles"":549113.4208096591,""predicted_finish"":3844855.6867397586,""refetch"":2.0}]"
heldout_bfcl_b16_l13_s7,fixed_4+2,pipelined,16,5,6,8,False,1,0,17301504,69206016.0,34603008.0,34603008.0,33.0,4.0,2.0,2.0,0,all_cores_refetch,892.6666666666666,"[{""admissible"":false,""core"":0,""earliest_start"":2197235.1920572915,""predicted_cycles"":549195.76953125,""predicted_finish"":2746430.9615885415,""refetch"":2.0},{""admissible"":true,""core"":1,""earliest_start"":874.6666666666666,""predicted_cycles"":1098195.3728693181,""predicted_finish"":1099070.0395359849,""refetch"":4.0}]"
heldout_bfcl_b16_l13_s7,fixed_4+2,pipelined,16,14,19,8,False,1,0,17301504,69206016.0,34603008.0,34603008.0,33.0,4.0,2.0,2.0,0,all_cores_refetch,1098799.333333333,"[{""admissible"":false,""core"":0,""earliest_start"":2197588.6666666665,""predicted_cycles"":549195.76953125,""predicted_finish"":2746784.4361979165,""refetch"":2.0},{""admissible"":true,""core"":1,""earliest_start"":1099303.333333333,""predicted_cycles"":1098195.3728693181,""predicted_finish"":2197498.7062026514,""refetch"":4.0}]"
heldout_bfcl_b16_l13_s7,fixed_4+2,pipelined,16,27,34,7,False,1,0,17301504,69206016.0,34603008.0,34603008.0,33.0,4.0,2.0,2.0,0,all_cores_refetch,2197020.373389114,"[{""admissible"":false,""core"":0,""earliest_start"":2746621.5473090275,""predicted_cycles"":549195.76953125,""predicted_finish"":3295817.3168402775,""refetch"":2.0},{""admissible"":true,""core"":1,""earliest_start"":2197524.373389114,""predicted_cycles"":1098241.2917258523,""predicted_finish"":3295765.665114966,""refetch"":4.0}]"
heldout_bfcl_b16_l26_s11,fixed_4+2,pipelined,16,7,8,4,False,1,0,17301504,34603008.0,17301504,17301504.0,16.5,2.0,1.0,1.0,0,immediate_refetch_faster_than_wait,1647987.924242424,"[{""admissible"":false,""core"":0,""earliest_start"":2197342.333333333,""predicted_cycles"":274499.4013671875,""predicted_finish"":2471841.7347005205,""refetch"":1.0},{""admissible"":true,""core"":1,""earliest_start"":1648491.924242424,""predicted_cycles"":549159.3494318181,""predicted_finish"":2197651.273674242,""refetch"":2.0}]"
heldout_bfcl_b16_l26_s11,fixed_4+2,pipelined,16,14,16,5,False,1,0,17301504,51904512.0,34603008.0,17301504.0,16.5,3.0,2.0,2.0,0,all_cores_refetch,906.6666666666666,"[{""admissible"":false,""core"":0,""earliest_start"":2197316.2311197915,""predicted_cycles"":549212.53515625,""predicted_finish"":2746528.7662760415,""refetch"":2.0},{""admissible"":true,""core"":1,""earliest_start"":888.6666666666666,""predicted_cycles"":823746.2482244319,""predicted_finish"":824634.9148910985,""refetch"":3.0}]"
heldout_bfcl_b16_l26_s11,fixed_4+2,pipelined,16,36,47,5,False,1,0,17301504,51904512.0,34603008.0,17301504.0,16.5,3.0,2.0,2.0,0,all_cores_refetch,824253.3333333333,"[{""admissible"":false,""core"":0,""earliest_start"":2197602.666666666,""predicted_cycles"":549212.53515625,""predicted_finish"":2746815.201822916,""refetch"":2.0},{""admissible"":true,""core"":1,""earliest_start"":824757.3333333333,""predicted_cycles"":823746.2482244319,""predicted_finish"":1648503.5815577651,""refetch"":3.0}]"
heldout_bfcl_b16_l26_s3,fixed_4+2,pipelined,16,8,10,7,False,1,0,17301504,69206016.0,34603008.0,34603008.0,33.0,4.0,2.0,2.0,0,all_cores_refetch,1373365.333333333,"[{""admissible"":false,""core"":0,""earliest_start"":2197354.666666666,""predicted_cycles"":549187.38671875,""predicted_finish"":2746542.053385416,""refetch"":2.0},{""admissible"":true,""core"":1,""earliest_start"":1373869.333333333,""predicted_cycles"":1098268.8430397727,""predicted_finish"":2472138.1763731055,""refetch"":4.0}]"
heldout_bfcl_b16_l26_s3,fixed_4+2,pipelined,16,17,25,10,False,1,0,17301504,86507520.0,51904512.0,34603008.0,33.0,5.0,3.0,3.0,0,all_cores_refetch,898.6666666666666,"[{""admissible"":false,""core"":0,""earliest_start"":2197291.4713541665,""predicted_cycles"":823810.27734375,""predicted_finish"":3021101.7486979165,""refetch"":3.0},{""admissible"":true,""core"":1,""earliest_start"":880.6666666666666,""predicted_cycles"":1372846.5365767044,""predicted_finish"":1373727.203243371,""refetch"":5.0}]"
heldout_bfcl_b16_l26_s3,fixed_4+2,pipelined,16,41,58,7,False,1,0,17301504,69206016.0,34603008.0,34603008.0,33.0,4.0,2.0,2.0,0,all_cores_refetch,2471539.2475623935,"[{""admissible"":false,""core"":0,""earliest_start"":2746822.111111111,""predicted_cycles"":549187.38671875,""predicted_finish"":3296009.497829861,""refetch"":2.0},{""admissible"":true,""core"":1,""earliest_start"":2472043.2475623935,""predicted_cycles"":1098268.8430397727,""predicted_finish"":3570312.090602166,""refetch"":4.0}]"
heldout_bfcl_b16_l26_s7,fixed_4+2,pipelined,16,10,15,6,False,1,0,17301504,51904512.0,34603008.0,17301504.0,16.5,3.0,2.0,2.0,0,all_cores_refetch,888.6666666666666,"[{""admissible"":false,""core"":0,""earliest_start"":2197298.2311197915,""predicted_cycles"":549212.53515625,""predicted_finish"":2746510.7662760415,""refetch"":2.0},{""admissible"":true,""core"":1,""earliest_start"":870.6666666666666,""predicted_cycles"":823725.5832741478,""predicted_finish"":824596.2499408145,""refetch"":3.0}]"
heldout_bfcl_b16_l26_s7,fixed_4+2,pipelined,16,15,20,6,False,1,0,17301504,51904512.0,34603008.0,17301504.0,16.5,3.0,2.0,2.0,0,all_cores_refetch,824235.3333333333,"[{""admissible"":false,""core"":0,""earliest_start"":2197584.666666666,""predicted_cycles"":549212.53515625,""predicted_finish"":2746797.201822916,""refetch"":2.0},{""admissible"":true,""core"":1,""earliest_start"":824739.3333333333,""predicted_cycles"":823725.5832741478,""predicted_finish"":1648464.916607481,""refetch"":3.0}]"
heldout_bfcl_b16_l26_s7,fixed_4+2,pipelined,16,27,42,6,False,1,0,17301504,51904512.0,34603008.0,17301504.0,16.5,3.0,2.0,2.0,0,all_cores_refetch,1647969.924242424,"[{""admissible"":false,""core"":0,""earliest_start"":2197324.333333333,""predicted_cycles"":549212.53515625,""predicted_finish"":2746536.868489583,""refetch"":2.0},{""admissible"":true,""core"":1,""earliest_start"":1648473.924242424,""predicted_cycles"":823746.2482244319,""predicted_finish"":2472220.172466856,""refetch"":3.0}]"
heldout_bfcl_b16_l2_s11,fixed_4+2,pipelined,16,3,3,4,False,1,0,17301504,34603008.0,17301504,17301504.0,16.5,2.0,1.0,1.0,0,immediate_refetch_faster_than_wait,824268.3333333333,"[{""admissible"":false,""core"":0,""earliest_start"":2197617.666666666,""predicted_cycles"":274566.4951171875,""predicted_finish"":2472184.1617838535,""refetch"":1.0},{""admissible"":true,""core"":1,""earliest_start"":824772.3333333333,""predicted_cycles"":548994.0063920454,""predicted_finish"":1373766.3397253787,""refetch"":2.0}]"
heldout_bfcl_b16_l2_s11,fixed_4+2,pipelined,16,12,14,4,False,1,0,17301504,34603008.0,17301504,17301504.0,16.5,2.0,1.0,1.0,0,immediate_refetch_faster_than_wait,1373442.924242424,"[{""admissible"":false,""core"":0,""earliest_start"":2197357.333333333,""predicted_cycles"":274566.4951171875,""predicted_finish"":2471923.8284505205,""refetch"":1.0},{""admissible"":true,""core"":1,""earliest_start"":1373946.924242424,""predicted_cycles"":548994.0063920454,""predicted_finish"":1922940.9306344695,""refetch"":2.0}]"
heldout_bfcl_b16_l2_s11,fixed_4+2,pipelined,16,43,53,5,False,1,0,17301504,51904512.0,34603008.0,17301504.0,16.5,3.0,2.0,2.0,0,all_cores_refetch,921.6666666666666,"[{""admissible"":false,""core"":0,""earliest_start"":2197213.9127604165,""predicted_cycles"":549166.4296875,""predicted_finish"":2746380.3424479165,""refetch"":2.0},{""admissible"":true,""core"":1,""earliest_start"":903.6666666666666,""predicted_cycles"":823725.5832741478,""predicted_finish"":824629.2499408145,""refetch"":3.0}]"
heldout_bfcl_b16_l2_s3,fixed_4+2,pipelined,16,3,7,10,False,1,0,17301504,86507520.0,51904512.0,34603008.0,33.0,5.0,3.0,3.0,0,all_cores_refetch,876.6666666666666,"[{""admissible"":false,""core"":0,""earliest_start"":2197001.3151041665,""predicted_cycles"":823709.69921875,""predicted_finish"":3020711.0143229165,""refetch"":3.0},{""admissible"":true,""core"":1,""earliest_start"":858.6666666666666,""predicted_cycles"":1372766.1819957385,""predicted_finish"":1373624.8486624053,""refetch"":5.0}]"
heldout_bfcl_b16_l2_s3,fixed_4+2,pipelined,16,13,26,3,False,1,0,17301504,34603008.0,17301504,17301504.0,16.5,2.0,1.0,1.0,0,immediate_refetch_faster_than_wait,5217356.548999722,"[{""admissible"":false,""core"":0,""earliest_start"":5488681.179837336,""predicted_cycles"":274503.5947265625,""predicted_finish"":5763184.774563898,""refetch"":1.0},{""admissible"":true,""core"":1,""earliest_start"":5217860.548999722,""predicted_cycles"":544653.7515980114,""predicted_finish"":5762514.300597734,""refetch"":2.0}]"
heldout_bfcl_b16_l2_s3,fixed_4+2,pipelined,16,18,33,7,False,1,0,17301504,69206016.0,34603008.0,34603008.0,33.0,4.0,2.0,2.0,0,all_cores_refetch,2746135.8539301017,"[{""admissible"":false,""core"":0,""earliest_start"":3295700.1090856474,""predicted_cycles"":549199.9609375,""predicted_finish"":3844900.0700231474,""refetch"":2.0},{""admissible"":true,""core"":1,""earliest_start"":2746639.8539301017,""predicted_cycles"":1098140.2702414773,""predicted_finish"":3844780.1241715793,""refetch"":4.0}]"
heldout_bfcl_b16_l2_s3,fixed_4+2,pipelined,16,24,43,4,False,1,0,17301504,34603008.0,17301504,17301504.0,16.5,2.0,1.0,1.0,0,immediate_refetch_faster_than_wait,3844372.320828243,"[{""admissible"":false,""core"":0,""earliest_start"":4119238.920661275,""predicted_cycles"":274474.2412109375,""predicted_finish"":4393713.161872212,""refetch"":1.0},{""admissible"":true,""core"":1,""earliest_start"":3844876.320828243,""predicted_cycles"":543165.6642400568,""predicted_finish"":4388041.9850683,""refetch"":2.0}]"
heldout_bfcl_b16_l2_s3,fixed_4+2,pipelined,16,30,56,9,False,1,0,17301504,86507520.0,51904512.0,34603008.0,33.0,5.0,3.0,3.0,0,all_cores_refetch,1373343.333333333,"[{""admissible"":false,""core"":0,""earliest_start"":2197332.666666666,""predicted_cycles"":823709.69921875,""predicted_finish"":3021042.365885416,""refetch"":3.0},{""admissible"":true,""core"":1,""earliest_start"":1373847.333333333,""predicted_cycles"":1372766.1819957385,""predicted_finish"":2746613.5153290713,""refetch"":5.0}]"
heldout_bfcl_b16_l2_s7,fixed_4+2,pipelined,16,1,0,4,False,1,0,17301504,34603008.0,17301504,17301504.0,16.5,2.0,1.0,1.0,0,immediate_refetch_faster_than_wait,2746255.919939381,"[{""admissible"":false,""core"":0,""earliest_start"":3295639.246232529,""predicted_cycles"":274539.23828125,""predicted_finish"":3570178.484513779,""refetch"":1.0},{""admissible"":true,""core"":1,""earliest_start"":2746759.919939381,""predicted_cycles"":548080.0268110796,""predicted_finish"":3294839.9467504607,""refetch"":2.0}]"
heldout_bfcl_b16_l2_s7,fixed_4+2,pipelined,16,5,7,5,False,1,0,17301504,51904512.0,34603008.0,17301504.0,16.5,3.0,2.0,2.0,0,all_cores_refetch,916.6666666666666,"[{""admissible"":false,""core"":0,""earliest_start"":2197141.8736979165,""predicted_cycles"":549179.00390625,""predicted_finish"":2746320.8776041665,""refetch"":2.0},{""admissible"":true,""core"":1,""earliest_start"":898.6666666666666,""predicted_cycles"":823684.2533735796,""predicted_finish"":824582.9200402462,""refetch"":3.0}]"
heldout_bfcl_b16_l2_s7,fixed_4+2,pipelined,16,6,8,3,False,1,0,17301504,34603008.0,17301504,17301504.0,16.5,2.0,1.0,1.0,0,immediate_refetch_faster_than_wait,4119561.1049415832,"[{""admissible"":false,""core"":0,""earliest_start"":4393812.388840435,""predicted_cycles"":274556.01171875,""predicted_finish"":4668368.400559185,""refetch"":1.0},{""admissible"":true,""core"":1,""earliest_start"":4119553.1049415832,""predicted_cycles"":548539.3130326704,""predicted_finish"":4668092.417974254,""refetch"":2.0}]"
heldout_bfcl_b16_l2_s7,fixed_4+2,pipelined,16,11,14,4,False,1,0,17301504,34603008.0,17301504,17301504.0,16.5,2.0,1.0,1.0,0,immediate_refetch_faster_than_wait,3295356.8666726314,"[{""admissible"":false,""core"":0,""earliest_start"":3570081.9671054725,""predicted_cycles"":274539.23828125,""predicted_finish"":3844621.2053867225,""refetch"":1.0},{""admissible"":true,""core"":1,""earliest_start"":3295860.8666726314,""predicted_cycles"":548080.0268110796,""predicted_finish"":3843940.893483711,""refetch"":2.0}]"
heldout_bfcl_b16_l2_s7,fixed_4+2,pipelined,16,13,16,7,False,1,0,17301504,69206016.0,34603008.0,34603008.0,33.0,4.0,2.0,2.0,0,all_cores_refetch,824263.3333333333,"[{""admissible"":false,""core"":0,""earliest_start"":2197612.666666666,""predicted_cycles"":549179.00390625,""predicted_finish"":2746791.670572916,""refetch"":2.0},{""admissible"":true,""core"":1,""earliest_start"":824767.3333333333,""predicted_cycles"":1098167.8215553977,""predicted_finish"":1922935.154888731,""refetch"":4.0}]"
heldout_bfcl_b16_l2_s7,fixed_4+2,pipelined,16,20,30,3,False,1,0,17301504,34603008.0,17301504,17301504.0,16.5,2.0,1.0,1.0,0,immediate_refetch_faster_than_wait,5766972.658606298,"[{""admissible"":false,""core"":0,""earliest_start"":6041255.913632472,""predicted_cycles"":274574.8818359375,""predicted_finish"":6315830.79546841,""refetch"":1.0},{""admissible"":true,""core"":1,""earliest_start"":5766964.658606298,""predicted_cycles"":548677.0988991477,""predicted_finish"":6315641.757505446,""refetch"":2.0}]"
heldout_bfcl_b16_l2_s7,fixed_4+2,pipelined,16,28,38,5,False,1,0,17301504,51904512.0,34603008.0,17301504.0,16.5,3.0,2.0,2.0,0,all_cores_refetch,1922484.3733891146,"[{""admissible"":false,""core"":0,""earliest_start"":2197364.4444444445,""predicted_cycles"":549179.00390625,""predicted_finish"":2746543.4483506945,""refetch"":2.0},{""admissible"":true,""core"":1,""earliest_start"":1922988.3733891146,""predicted_cycles"":823718.6949573864,""predicted_finish"":2746707.068346501,""refetch"":3.0}]"
heldout_gpqa_b16_l13_s11,fixed_4+2,pipelined,16,27,36,6,False,1,0,17301504,51904512.0,34603008.0,17301504.0,16.5,3.0,2.0,2.0,0,all_cores_refetch,900.6666666666666,"[{""admissible"":false,""core"":0,""earliest_start"":2197293.4713541665,""predicted_cycles"":549162.23828125,""predicted_finish"":2746455.7096354165,""refetch"":2.0},{""admissible"":true,""core"":1,""earliest_start"":882.6666666666666,""predicted_cycles"":823739.3599076705,""predicted_finish"":824622.0265743372,""refetch"":3.0}]"
heldout_gpqa_b16_l13_s11,fixed_4+2,pipelined,16,30,40,5,False,1,0,17301504,51904512.0,34603008.0,17301504.0,16.5,3.0,2.0,2.0,0,all_cores_refetch,824247.3333333333,"[{""admissible"":false,""core"":0,""earliest_start"":2197596.666666666,""predicted_cycles"":549162.23828125,""predicted_finish"":2746758.904947916,""refetch"":2.0},{""admissible"":true,""core"":1,""earliest_start"":824751.3333333333,""predicted_cycles"":823739.3599076705,""predicted_finish"":1648490.693241004,""refetch"":3.0}]"
heldout_gpqa_b16_l13_s11,fixed_4+2,pipelined,16,31,41,6,False,1,0,17301504,51904512.0,34603008.0,17301504.0,16.5,3.0,2.0,2.0,0,all_cores_refetch,1647981.924242424,"[{""admissible"":false,""core"":0,""earliest_start"":2197336.333333333,""predicted_cycles"":549162.23828125,""predicted_finish"":2746498.571614583,""refetch"":2.0},{""admissible"":true,""core"":1,""earliest_start"":1648485.924242424,""predicted_cycles"":823760.0248579546,""predicted_finish"":2472245.949100379,""refetch"":3.0}]"
heldout_gpqa_b16_l13_s11,fixed_4+2,pipelined,16,40,57,5,False,1,0,17301504,51904512.0,34603008.0,17301504.0,16.5,3.0,2.0,2.0,0,all_cores_refetch,2471726.5300499657,"[{""admissible"":false,""core"":0,""earliest_start"":2746343.6219336237,""predicted_cycles"":549162.23828125,""predicted_finish"":3295505.8602148737,""refetch"":2.0},{""admissible"":true,""core"":1,""earliest_start"":2472230.5300499657,""predicted_cycles"":823746.2482244319,""predicted_finish"":3295976.7782743974,""refetch"":3.0}]"
heldout_gpqa_b16_l13_s3,fixed_4+2,pipelined,16,3,6,6,False,1,0,17301504,51904512.0,34603008.0,17301504.0,16.5,3.0,2.0,2.0,0,all_cores_refetch,1647891.333333333,"[{""admissible"":false,""core"":0,""earliest_start"":2197448.666666666,""predicted_cycles"":549166.4296875,""predicted_finish"":2746615.096354166,""refetch"":2.0},{""admissible"":true,""core"":1,""earliest_start"":1648395.333333333,""predicted_cycles"":823760.0248579546,""predicted_finish"":2472155.3581912876,""refetch"":3.0}]"
heldout_gpqa_b16_l13_s3,fixed_4+2,pipelined,16,14,36,11,False,1,0,17301504,103809024.0,51904512.0,51904512.0,49.5,6.0,3.0,3.0,0,all_cores_refetch,864.6666666666666,"[{""admissible"":false,""core"":0,""earliest_start"":2197240.7115885415,""predicted_cycles"":823803.9912109375,""predicted_finish"":3021044.702799479,""refetch"":3.0},{""admissible"":true,""core"":1,""earliest_start"":846.6666666666666,""predicted_cycles"":1647382.9021661934,""predicted_finish"":1648229.56883286,""refetch"":6.0}]"
heldout_gpqa_b16_l13_s3,fixed_4+2,pipelined,16,18,41,7,False,1,0,17301504,69206016.0,34603008.0,34603008.0,33.0,4.0,2.0,2.0,0,all_cores_refetch,2471592.1500235614,"[{""admissible"":false,""core"":0,""earliest_start"":2746539.4047619053,""predicted_cycles"":549166.4296875,""predicted_finish"":3295705.8344494053,""refetch"":2.0},{""admissible"":true,""core"":1,""earliest_start"":2472096.1500235614,""predicted_cycles"":1098268.8430397727,""predicted_finish"":3570364.9930633344,""refetch"":4.0}]"
heldout_gpqa_b16_l13_s3,fixed_4+2,pipelined,16,25,57,7,False,1,0,17301504,69206016.0,34603008.0,34603008.0,33.0,4.0,2.0,2.0,0,all_cores_refetch,3569704.0800993685,"[{""admissible"":false,""core"":0,""earliest_start"":3845079.8552637124,""predicted_cycles"":549149.6640625,""predicted_finish"":4394229.519326212,""refetch"":2.0},{""admissible"":true,""core"":1,""earliest_start"":3570208.0800993685,""predicted_cycles"":1098278.0268110796,""predicted_finish"":4668486.1069104485,""refetch"":4.0}]"
heldout_gpqa_b16_l13_s7,fixed_4+2,pipelined,16,13,19,5,False,1,0,17301504,51904512.0,34603008.0,17301504.0,16.5,3.0,2.0,2.0,0,all_cores_refetch,896.6666666666666,"[{""admissible"":false,""core"":0,""earliest_start"":2197289.4713541665,""predicted_cycles"":549166.4296875,""predicted_finish"":2746455.9010416665,""refetch"":2.0},{""admissible"":true,""core"":1,""earliest_start"":878.6666666666666,""predicted_cycles"":823711.806640625,""predicted_finish"":824590.4733072916,""refetch"":3.0}]"
heldout_gpqa_b16_l13_s7,fixed_4+2,pipelined,16,24,34,5,False,1,0,17301504,51904512.0,34603008.0,17301504.0,16.5,3.0,2.0,2.0,0,all_cores_refetch,824243.3333333333,"[{""admissible"":false,""core"":0,""earliest_start"":2197592.666666666,""predicted_cycles"":549166.4296875,""predicted_finish"":2746759.096354166,""refetch"":2.0},{""admissible"":true,""core"":1,""earliest_start"":824747.3333333333,""predicted_cycles"":823711.806640625,""predicted_finish"":1648459.1399739583,""refetch"":3.0}]"
heldout_gpqa_b16_l13_s7,fixed_4+2,pipelined,16,28,40,6,False,1,0,17301504,51904512.0,34603008.0,17301504.0,16.5,3.0,2.0,2.0,0,all_cores_refetch,1647977.924242424,"[{""admissible"":false,""core"":0,""earliest_start"":2197332.333333333,""predicted_cycles"":549166.4296875,""predicted_finish"":2746498.763020833,""refetch"":2.0},{""admissible"":true,""core"":1,""earliest_start"":1648481.924242424,""predicted_cycles"":823739.3599076705,""predicted_finish"":2472221.2841500947,""refetch"":3.0}]"
heldout_gpqa_b16_l13_s7,fixed_4+2,pipelined,16,36,49,6,False,1,0,17301504,51904512.0,34603008.0,17301504.0,16.5,3.0,2.0,2.0,0,all_cores_refetch,2471722.5300499657,"[{""admissible"":false,""core"":0,""earliest_start"":2746339.621933622,""predicted_cycles"":549166.4296875,""predicted_finish"":3295506.051621122,""refetch"":2.0},{""admissible"":true,""core"":1,""earliest_start"":2472226.5300499657,""predicted_cycles"":823732.4715909092,""predicted_finish"":3295959.001640875,""refetch"":3.0}]"
heldout_gpqa_b16_l26_s11,fixed_4+2,pipelined,16,1,0,5,False,1,0,17301504,51904512.0,34603008.0,17301504.0,16.5,3.0,2.0,2.0,0,all_cores_refetch,914.6666666666666,"[{""admissible"":false,""core"":0,""earliest_start"":2197307.4713541665,""predicted_cycles"":549158.046875,""predicted_finish"":2746465.5182291665,""refetch"":2.0},{""admissible"":true,""core"":1,""earliest_start"":896.6666666666666,""predicted_cycles"":823698.0300071023,""predicted_finish"":824594.6966737689,""refetch"":3.0}]"
heldout_gpqa_b16_l26_s11,fixed_4+2,pipelined,16,7,10,5,False,1,0,17301504,51904512.0,34603008.0,17301504.0,16.5,3.0,2.0,2.0,0,all_cores_refetch,824261.3333333333,"[{""admissible"":false,""core"":0,""earliest_start"":2197610.666666666,""predicted_cycles"":549158.046875,""predicted_finish"":2746768.713541666,""refetch"":2.0},{""admissible"":true,""core"":1,""earliest_start"":824765.3333333333,""predicted_cycles"":823698.0300071023,""predicted_finish"":1648463.3633404355,""refetch"":3.0}]"
heldout_gpqa_b16_l26_s11,fixed_4+2,pipelined,16,11,16,5,False,1,0,17301504,51904512.0,34603008.0,17301504.0,16.5,3.0,2.0,2.0,0,all_cores_refetch,1647995.924242424,"[{""admissible"":false,""core"":0,""earliest_start"":2197350.333333333,""predicted_cycles"":549158.046875,""predicted_finish"":2746508.380208333,""refetch"":2.0},{""admissible"":true,""core"":1,""earliest_start"":1648499.924242424,""predicted_cycles"":823725.5832741478,""predicted_finish"":2472225.507516572,""refetch"":3.0}]"
heldout_gpqa_b16_l26_s3,fixed_4+2,pipelined,16,5,10,12,False,1,0,17301504,103809024.0,51904512.0,51904512.0,49.5,6.0,3.0,3.0,0,all_cores_refetch,868.6666666666666,"[{""admissible"":false,""core"":0,""earliest_start"":2197261.4713541665,""predicted_cycles"":823810.27734375,""predicted_finish"":3021071.7486979165,""refetch"":3.0},{""admissible"":true,""core"":1,""earliest_start"":850.6666666666666,""predicted_cycles"":1647396.676846591,""predicted_finish"":1648247.3435132578,""refetch"":6.0}]"
heldout_gpqa_b16_l26_s3,fixed_4+2,pipelined,16,9,16,11,False,1,0,17301504,103809024.0,51904512.0,51904512.0,49.5,6.0,3.0,3.0,0,all_cores_refetch,1647895.333333333,"[{""admissible"":false,""core"":0,""earliest_start"":2197452.666666666,""predicted_cycles"":823810.27734375,""predicted_finish"":3021262.944010416,""refetch"":3.0},{""admissible"":true,""core"":1,""earliest_start"":1648399.333333333,""predicted_cycles"":1647396.676846591,""predicted_finish"":3295796.010179924,""refetch"":6.0}]"
heldout_gpqa_b16_l26_s3,fixed_4+2,pipelined,16,17,33,6,False,1,0,17301504,51904512.0,34603008.0,17301504.0,16.5,3.0,2.0,2.0,0,all_cores_refetch,3295235.7316489466,"[{""admissible"":false,""core"":0,""earliest_start"":3570346.193195281,""predicted_cycles"":549179.00390625,""predicted_finish"":4119525.197101531,""refetch"":2.0},{""admissible"":true,""core"":1,""earliest_start"":3295739.7316489466,""predicted_cycles"":823718.6949573864,""predicted_finish"":4119458.426606333,""refetch"":3.0}]"
heldout_gpqa_b16_l26_s3,fixed_4+2,pipelined,16,22,40,4,False,1,0,17301504,34603008.0,17301504,17301504.0,16.5,2.0,1.0,1.0,0,immediate_refetch_faster_than_wait,4118906.7601823295,"[{""admissible"":false,""core"":0,""earliest_start"":4668571.921026222,""predicted_cycles"":274138.7724609375,""predicted_finish"":4942710.69348716,""refetch"":1.0},{""admissible"":true,""core"":1,""earliest_start"":4119410.7601823295,""predicted_cycles"":549209.8709161931,""predicted_finish"":4668620.631098523,""refetch"":2.0}]"
heldout_gpqa_b16_l26_s7,fixed_4+2,pipelined,16,2,3,4,False,1,0,17301504,34603008.0,17301504,17301504.0,16.5,2.0,1.0,1.0,0,immediate_refetch_faster_than_wait,3295266.2677902654,"[{""admissible"":false,""core"":0,""earliest_start"":3844882.5146880457,""predicted_cycles"":274511.9814453125,""predicted_finish"":4119394.496133358,""refetch"":1.0},{""admissible"":true,""core"":1,""earliest_start"":3295770.2677902654,""predicted_cycles"":549209.8709161931,""predicted_finish"":3844980.1387064587,""refetch"":2.0}]"
heldout_gpqa_b16_l26_s7,fixed_4+2,pipelined,16,4,7,5,False,1,0,17301504,51904512.0,34603008.0,17301504.0,16.5,3.0,2.0,2.0,0,all_cores_refetch,1373387.333333333,"[{""admissible"":false,""core"":0,""earliest_start"":2197376.666666666,""predicted_cycles"":549141.28125,""predicted_finish"":2746517.947916666,""refetch"":2.0},{""admissible"":true,""core"":1,""earliest_start"":1373891.333333333,""predicted_cycles"":823698.0300071023,""predicted_finish"":2197589.3633404355,""refetch"":3.0}]"
heldout_gpqa_b16_l26_s7,fixed_4+2,pipelined,16,11,15,7,False,1,0,17301504,69206016.0,34603008.0,34603008.0,33.0,4.0,2.0,2.0,0,all_cores_refetch,2197048.3749566535,"[{""admissible"":false,""core"":0,""earliest_start"":2746595.059027777,""predicted_cycles"":549141.28125,""predicted_finish"":3295736.340277777,""refetch"":2.0},{""admissible"":true,""core"":1,""earliest_start"":2197552.3749566535,""predicted_cycles"":1098186.1890980112,""predicted_finish"":3295738.5640546647,""refetch"":4.0}]"
heldout_gpqa_b16_l26_s7,fixed_4+2,pipelined,16,29,42,9,False,1,0,17301504,86507520.0,51904512.0,34603008.0,33.0,5.0,3.0,3.0,0,all_cores_refetch,920.6666666666666,"[{""admissible"":false,""core"":0,""earliest_start"":2197296.7115885415,""predicted_cycles"":823803.9912109375,""predicted_finish"":3021100.702799479,""refetch"":3.0},{""admissible"":true,""core"":1,""earliest_start"":902.6666666666666,""predicted_cycles"":1372880.9742542612,""predicted_finish"":1373783.640920928,""refetch"":5.0}]"
heldout_gpqa_b16_l2_s11,fixed_4+2,pipelined,16,23,30,4,False,1,0,17301504,34603008.0,17301504,17301504.0,16.5,2.0,1.0,1.0,0,immediate_refetch_faster_than_wait,1098811.333333333,"[{""admissible"":false,""core"":0,""earliest_start"":2197600.6666666665,""predicted_cycles"":274545.5283203125,""predicted_finish"":2472146.194986979,""refetch"":1.0},{""admissible"":true,""core"":1,""earliest_start"":1099315.333333333,""predicted_cycles"":549177.7208806818,""predicted_finish"":1648493.0542140147,""refetch"":2.0}]"
heldout_gpqa_b16_l2_s11,fixed_4+2,pipelined,16,34,48,4,False,1,0,17301504,34603008.0,17301504,17301504.0,16.5,2.0,1.0,1.0,0,immediate_refetch_faster_than_wait,1647912.378091917,"[{""admissible"":false,""core"":0,""earliest_start"":2197360.666666666,""predicted_cycles"":274545.5283203125,""predicted_finish"":2471906.1949869785,""refetch"":1.0},{""admissible"":true,""core"":1,""earliest_start"":1648416.378091917,""predicted_cycles"":549177.7208806818,""predicted_finish"":2197594.0989725986,""refetch"":2.0}]"
heldout_gpqa_b16_l2_s11,fixed_4+2,pipelined,16,37,51,7,False,1,0,17301504,69206016.0,34603008.0,34603008.0,33.0,4.0,2.0,2.0,0,all_cores_refetch,904.6666666666666,"[{""admissible"":false,""core"":0,""earliest_start"":2197263.9518229165,""predicted_cycles"":549141.28125,""predicted_finish"":2746405.2330729165,""refetch"":2.0},{""admissible"":true,""core"":1,""earliest_start"":886.6666666666666,""predicted_cycles"":1098232.1079545454,""predicted_finish"":1099118.7746212122,""refetch"":4.0}]"
heldout_gpqa_b16_l2_s3,fixed_4+2,pipelined,16,3,12,9,False,1,0,17301504,86507520.0,51904512.0,34603008.0,33.0,5.0,3.0,3.0,0,all_cores_refetch,1922431.3333333328,"[{""admissible"":false,""core"":0,""earliest_start"":2197391.333333333,""predicted_cycles"":823810.27734375,""predicted_finish"":3021201.610677083,""refetch"":3.0},{""admissible"":true,""core"":1,""earliest_start"":1922935.3333333328,""predicted_cycles"":1372869.495028409,""predicted_finish"":3295804.8283617417,""refetch"":5.0}]"
heldout_gpqa_b16_l2_s3,fixed_4+2,pipelined,16,5,14,7,False,1,0,17301504,69206016.0,34603008.0,34603008.0,33.0,4.0,2.0,2.0,0,all_cores_refetch,3295178.5964784273,"[{""admissible"":false,""core"":0,""earliest_start"":3844974.833333333,""predicted_cycles"":549208.34375,""predicted_finish"":4394183.177083333,""refetch"":2.0},{""admissible"":true,""core"":1,""earliest_start"":3295682.5964784273,""predicted_cycles"":1098250.4754971592,""predicted_finish"":4393933.071975587,""refetch"":4.0}]"
heldout_gpqa_b16_l2_s3,fixed_4+2,pipelined,16,19,45,13,False,1,0,17301504,121110528.0,69206016.0,51904512.0,49.5,7.0,4.0,4.0,0,all_cores_refetch,844.6666666666666,"[{""admissible"":false,""core"":0,""earliest_start"":2197237.4713541665,""predicted_cycles"":1098328.3828125,""predicted_finish"":3295565.8541666665,""refetch"":4.0},{""admissible"":true,""core"":1,""earliest_start"":826.6666666666666,""predicted_cycles"":1921923.858664773,""predicted_finish"":1922750.5253314397,""refetch"":7.0}]"
heldout_gpqa_b16_l2_s3,fixed_4+2,pipelined,16,22,51,7,False,1,0,17301504,69206016.0,34603008.0,34603008.0,33.0,4.0,2.0,2.0,0,all_cores_refetch,4393403.150864678,"[{""admissible"":false,""core"":0,""earliest_start"":4393943.838056191,""predicted_cycles"":549208.34375,""predicted_finish"":4943152.181806191,""refetch"":2.0},{""admissible"":true,""core"":1,""earliest_start"":4393907.150864678,""predicted_cycles"":1098250.4754971592,""predicted_finish"":5492157.626361838,""refetch"":4.0}]"
heldout_gpqa_b16_l2_s7,fixed_4+2,pipelined,16,1,3,5,False,1,0,17301504,51904512.0,34603008.0,17301504.0,16.5,3.0,2.0,2.0,0,all_cores_refetch,905.6666666666666,"[{""admissible"":false,""core"":0,""earliest_start"":2197248.1920572915,""predicted_cycles"":549170.62109375,""predicted_finish"":2746418.8131510415,""refetch"":2.0},{""admissible"":true,""core"":1,""earliest_start"":887.6666666666666,""predicted_cycles"":823725.5832741478,""predicted_finish"":824613.2499408145,""refetch"":3.0}]"
heldout_gpqa_b16_l2_s7,fixed_4+2,pipelined,16,27,34,6,False,1,0,17301504,51904512.0,34603008.0,17301504.0,16.5,3.0,2.0,2.0,0,all_cores_refetch,824252.3333333333,"[{""admissible"":false,""core"":0,""earliest_start"":2197601.666666666,""predicted_cycles"":549170.62109375,""predicted_finish"":2746772.287760416,""refetch"":2.0},{""admissible"":true,""core"":1,""earliest_start"":824756.3333333333,""predicted_cycles"":823725.5832741478,""predicted_finish"":1648481.916607481,""refetch"":3.0}]"
heldout_gpqa_b16_l2_s7,fixed_4+2,pipelined,16,36,50,5,False,1,0,17301504,51904512.0,34603008.0,17301504.0,16.5,3.0,2.0,2.0,0,all_cores_refetch,1647986.924242424,"[{""admissible"":false,""core"":0,""earliest_start"":2197341.333333333,""predicted_cycles"":549170.62109375,""predicted_finish"":2746511.954427083,""refetch"":2.0},{""admissible"":true,""core"":1,""earliest_start"":1648490.924242424,""predicted_cycles"":823746.2482244319,""predicted_finish"":2472237.172466856,""refetch"":3.0}]"
heldout_gpqa_b16_l2_s7,fixed_4+2,pipelined,16,38,53,5,False,1,0,17301504,51904512.0,34603008.0,17301504.0,16.5,3.0,2.0,2.0,0,all_cores_refetch,2471731.5300499657,"[{""admissible"":false,""core"":0,""earliest_start"":2746348.621933622,""predicted_cycles"":549170.62109375,""predicted_finish"":3295519.243027372,""refetch"":2.0},{""admissible"":true,""core"":1,""earliest_start"":2472235.5300499657,""predicted_cycles"":823732.4715909092,""predicted_finish"":3295968.001640875,""refetch"":3.0}]"
heldout_swe_b16_l13_s11,fixed_4+2,pipelined,16,4,6,10,False,1,0,17301504,86507520.0,51904512.0,34603008.0,33.0,5.0,3.0,3.0,0,all_cores_refetch,832.6666666666666,"[{""admissible"":false,""core"":0,""earliest_start"":2196890.2760416665,""predicted_cycles"":823684.5546875,""predicted_finish"":3020574.8307291665,""refetch"":3.0},{""admissible"":true,""core"":1,""earliest_start"":814.6666666666666,""predicted_cycles"":1372835.0573508523,""predicted_finish"":1373649.724017519,""refetch"":5.0}]"
heldout_swe_b16_l13_s11,fixed_4+2,pipelined,16,5,15,10,False,1,0,17301504,86507520.0,51904512.0,34603008.0,33.0,5.0,3.0,3.0,0,all_cores_refetch,1373299.333333333,"[{""admissible"":false,""core"":0,""earliest_start"":2197288.666666666,""predicted_cycles"":823684.5546875,""predicted_finish"":3020973.221354166,""refetch"":3.0},{""admissible"":true,""core"":1,""earliest_start"":1373803.333333333,""predicted_cycles"":1372835.0573508523,""predicted_finish"":2746638.3906841855,""refetch"":5.0}]"
heldout_swe_b16_l13_s11,fixed_4+2,pipelined,16,10,26,10,False,1,0,17301504,86507520.0,51904512.0,34603008.0,33.0,5.0,3.0,3.0,0,all_cores_refetch,2746091.853930102,"[{""admissible"":false,""core"":0,""earliest_start"":3020909.166666666,""predicted_cycles"":823728.5576171875,""predicted_finish"":3844637.7242838535,""refetch"":3.0},{""admissible"":true,""core"":1,""earliest_start"":2746595.853930102,""predicted_cycles"":1372858.0158025566,""predicted_finish"":4119453.869732659,""refetch"":5.0}]"
heldout_swe_b16_l13_s11,fixed_4+2,pipelined,16,25,62,5,False,1,0,17301504,51904512.0,34603008.0,17301504.0,16.5,3.0,2.0,2.0,0,all_cores_refetch,4118908.416847139,"[{""admissible"":false,""core"":0,""earliest_start"":4394087.865100744,""predicted_cycles"":549216.7265625,""predicted_finish"":4943304.591663244,""refetch"":2.0},{""admissible"":true,""core"":1,""earliest_start"":4119412.416847139,""predicted_cycles"":823739.3599076705,""predicted_finish"":4943151.77675481,""refetch"":3.0}]"
heldout_swe_b16_l13_s3,fixed_4+2,pipelined,16,2,3,9,False,1,0,17301504,86507520.0,51904512.0,34603008.0,33.0,5.0,3.0,3.0,0,all_cores_refetch,828.6666666666666,"[{""admissible"":false,""core"":0,""earliest_start"":2196936.5553385415,""predicted_cycles"":823703.4130859375,""predicted_finish"":3020639.968424479,""refetch"":3.0},{""admissible"":true,""core"":1,""earliest_start"":810.6666666666666,""predicted_cycles"":1372846.5365767044,""predicted_finish"":1373657.203243371,""refetch"":5.0}]"
heldout_swe_b16_l13_s3,fixed_4+2,pipelined,16,3,6,10,False,1,0,17301504,86507520.0,51904512.0,34603008.0,33.0,5.0,3.0,3.0,0,all_cores_refetch,1373295.333333333,"[{""admissible"":false,""core"":0,""earliest_start"":2197284.666666666,""predicted_cycles"":823703.4130859375,""predicted_finish"":3020988.0797526035,""refetch"":3.0},{""admissible"":true,""core"":1,""earliest_start"":1373799.333333333,""predicted_cycles"":1372846.5365767044,""predicted_finish"":2746645.869910037,""refetch"":5.0}]"
heldout_swe_b16_l13_s3,fixed_4+2,pipelined,16,15,41,5,False,1,0,17301504,51904512.0,34603008.0,17301504.0,16.5,3.0,2.0,2.0,0,all_cores_refetch,4118904.4168471387,"[{""admissible"":false,""core"":0,""earliest_start"":4394083.865100744,""predicted_cycles"":549187.38671875,""predicted_finish"":4943271.251819494,""refetch"":2.0},{""admissible"":true,""core"":1,""earliest_start"":4119408.4168471387,""predicted_cycles"":823746.2482244319,""predicted_finish"":4943154.66507157,""refetch"":3.0}]"
heldout_swe_b16_l13_s3,fixed_4+2,pipelined,16,16,42,9,False,1,0,17301504,86507520.0,51904512.0,34603008.0,33.0,5.0,3.0,3.0,0,all_cores_refetch,2746087.8539301017,"[{""admissible"":false,""core"":0,""earliest_start"":3020905.166666666,""predicted_cycles"":823741.1298828125,""predicted_finish"":3844646.2965494785,""refetch"":3.0},{""admissible"":true,""core"":1,""earliest_start"":2746591.8539301017,""predicted_cycles"":1372869.495028409,""predicted_finish"":4119461.348958511,""refetch"":5.0}]"
heldout_swe_b16_l13_s7,fixed_4+2,pipelined,16,1,3,9,False,1,0,17301504,86507520.0,51904512.0,34603008.0,33.0,5.0,3.0,3.0,0,all_cores_refetch,828.6666666666666,"[{""admissible"":false,""core"":0,""earliest_start"":2196919.7955729165,""predicted_cycles"":823697.126953125,""predicted_finish"":3020616.9225260415,""refetch"":3.0},{""admissible"":true,""core"":1,""earliest_start"":810.6666666666666,""predicted_cycles"":1372846.5365767044,""predicted_finish"":1373657.203243371,""refetch"":5.0}]"
heldout_swe_b16_l13_s7,fixed_4+2,pipelined,16,3,6,12,False,1,0,17301504,103809024.0,51904512.0,51904512.0,49.5,6.0,3.0,3.0,0,all_cores_refetch,1373295.333333333,"[{""admissible"":false,""core"":0,""earliest_start"":2197284.666666666,""predicted_cycles"":823697.126953125,""predicted_finish"":3020981.793619791,""refetch"":3.0},{""admissible"":true,""core"":1,""earliest_start"":1373799.333333333,""predicted_cycles"":1647369.1274857956,""predicted_finish"":3021168.460819129,""refetch"":6.0}]"
heldout_swe_b16_l13_s7,fixed_4+2,pipelined,16,15,40,9,False,1,0,17301504,86507520.0,51904512.0,34603008.0,33.0,5.0,3.0,3.0,0,all_cores_refetch,3020647.8533031186,"[{""admissible"":false,""core"":0,""earliest_start"":3844746.991898148,""predicted_cycles"":823734.84375,""predicted_finish"":4668481.835648147,""refetch"":3.0},{""admissible"":true,""core"":1,""earliest_start"":3021151.8533031186,""predicted_cycles"":1372869.495028409,""predicted_finish"":4394021.348331528,""refetch"":5.0}]"
heldout_swe_b16_l26_s11,fixed_4+2,pipelined,16,2,2,9,False,1,0,17301504,86507520.0,51904512.0,34603008.0,33.0,5.0,3.0,3.0,0,all_cores_refetch,840.6666666666666,"[{""admissible"":false,""core"":0,""earliest_start"":2196948.5553385415,""predicted_cycles"":823703.4130859375,""predicted_finish"":3020651.968424479,""refetch"":3.0},{""admissible"":true,""core"":1,""earliest_start"":822.6666666666666,""predicted_cycles"":1372835.0573508523,""predicted_finish"":1373657.724017519,""refetch"":5.0}]"
heldout_swe_b16_l26_s11,fixed_4+2,pipelined,16,11,16,9,False,1,0,17301504,86507520.0,51904512.0,34603008.0,33.0,5.0,3.0,3.0,0,all_cores_refetch,1373307.333333333,"[{""admissible"":false,""core"":0,""earliest_start"":2197296.666666666,""predicted_cycles"":823703.4130859375,""predicted_finish"":3021000.0797526035,""refetch"":3.0},{""admissible"":true,""core"":1,""earliest_start"":1373811.333333333,""predicted_cycles"":1372835.0573508523,""predicted_finish"":2746646.3906841855,""refetch"":5.0}]"
heldout_swe_b16_l26_s11,fixed_4+2,pipelined,16,15,25,9,False,1,0,17301504,86507520.0,51904512.0,34603008.0,33.0,5.0,3.0,3.0,0,all_cores_refetch,2746099.8539301017,"[{""admissible"":false,""core"":0,""earliest_start"":3020917.166666666,""predicted_cycles"":823741.1298828125,""predicted_finish"":3844658.2965494785,""refetch"":3.0},{""admissible"":true,""core"":1,""earliest_start"":2746603.8539301017,""predicted_cycles"":1372858.0158025566,""predicted_finish"":4119461.8697326584,""refetch"":5.0}]"
heldout_swe_b16_l26_s11,fixed_4+2,pipelined,16,27,59,5,False,1,0,17301504,51904512.0,34603008.0,17301504.0,16.5,3.0,2.0,2.0,0,all_cores_refetch,4118916.4168471387,"[{""admissible"":false,""core"":0,""earliest_start"":4668655.865100744,""predicted_cycles"":549199.9609375,""predicted_finish"":5217855.826038244,""refetch"":2.0},{""admissible"":true,""core"":1,""earliest_start"":4119420.4168471387,""predicted_cycles"":823711.806640625,""predicted_finish"":4943132.223487764,""refetch"":3.0}]"
heldout_swe_b16_l26_s3,fixed_4+2,pipelined,16,2,5,9,False,1,0,17301504,86507520.0,51904512.0,34603008.0,33.0,5.0,3.0,3.0,0,all_cores_refetch,829.6666666666666,"[{""admissible"":false,""core"":0,""earliest_start"":2196904.0358072915,""predicted_cycles"":823690.8408203125,""predicted_finish"":3020594.876627604,""refetch"":3.0},{""admissible"":true,""core"":1,""earliest_start"":811.6666666666666,""predicted_cycles"":1372835.0573508523,""predicted_finish"":1373646.724017519,""refetch"":5.0}]"
heldout_swe_b16_l26_s3,fixed_4+2,pipelined,16,5,10,10,False,1,0,17301504,86507520.0,51904512.0,34603008.0,33.0,5.0,3.0,3.0,0,all_cores_refetch,1373296.333333333,"[{""admissible"":false,""core"":0,""earliest_start"":2197285.666666666,""predicted_cycles"":823690.8408203125,""predicted_finish"":3020976.5074869785,""refetch"":3.0},{""admissible"":true,""core"":1,""earliest_start"":1373800.333333333,""predicted_cycles"":1372835.0573508523,""predicted_finish"":2746635.3906841855,""refetch"":5.0}]"
heldout_swe_b16_l26_s3,fixed_4+2,pipelined,16,10,25,9,False,1,0,17301504,86507520.0,51904512.0,34603008.0,33.0,5.0,3.0,3.0,0,all_cores_refetch,2746088.8539301017,"[{""admissible"":false,""core"":0,""earliest_start"":3020906.166666666,""predicted_cycles"":823734.84375,""predicted_finish"":3844641.010416666,""refetch"":3.0},{""admissible"":true,""core"":1,""earliest_start"":2746592.8539301017,""predicted_cycles"":1372858.0158025566,""predicted_finish"":4119450.8697326584,""refetch"":5.0}]"
heldout_swe_b16_l26_s7,fixed_4+2,pipelined,16,1,5,8,False,1,0,17301504,69206016.0,34603008.0,34603008.0,33.0,4.0,2.0,2.0,0,all_cores_refetch,2746103.8539301017,"[{""admissible"":false,""core"":0,""earliest_start"":3020921.166666666,""predicted_cycles"":549220.91796875,""predicted_finish"":3570142.084635416,""refetch"":2.0},{""admissible"":true,""core"":1,""earliest_start"":2746607.8539301017,""predicted_cycles"":1098250.4754971592,""predicted_finish"":3844858.329427261,""refetch"":4.0}]"
heldout_swe_b16_l26_s7,fixed_4+2,pipelined,16,10,30,9,False,1,0,17301504,86507520.0,51904512.0,34603008.0,33.0,5.0,3.0,3.0,0,all_cores_refetch,844.6666666666666,"[{""admissible"":false,""core"":0,""earliest_start"":2196851.9967447915,""predicted_cycles"":823665.6962890625,""predicted_finish"":3020517.693033854,""refetch"":3.0},{""admissible"":true,""core"":1,""earliest_start"":826.6666666666666,""predicted_cycles"":1372835.0573508523,""predicted_finish"":1373661.724017519,""refetch"":5.0}]"
heldout_swe_b16_l26_s7,fixed_4+2,pipelined,16,17,54,9,False,1,0,17301504,86507520.0,51904512.0,34603008.0,33.0,5.0,3.0,3.0,0,all_cores_refetch,1373311.333333333,"[{""admissible"":false,""core"":0,""earliest_start"":2197300.666666666,""predicted_cycles"":823665.6962890625,""predicted_finish"":3020966.3629557285,""refetch"":3.0},{""admissible"":true,""core"":1,""earliest_start"":1373815.333333333,""predicted_cycles"":1372835.0573508523,""predicted_finish"":2746650.3906841855,""refetch"":5.0}]"
heldout_swe_b16_l26_s7,fixed_4+2,pipelined,16,21,63,5,False,1,0,17301504,51904512.0,34603008.0,17301504.0,16.5,3.0,2.0,2.0,0,all_cores_refetch,3844322.6558622443,"[{""admissible"":false,""core"":0,""earliest_start"":4119539.865100744,""predicted_cycles"":549183.1953125,""predicted_finish"":4668723.060413244,""refetch"":2.0},{""admissible"":true,""core"":1,""earliest_start"":3844826.6558622443,""predicted_cycles"":823746.2482244319,""predicted_finish"":4668572.904086676,""refetch"":3.0}]"
heldout_swe_b16_l2_s11,fixed_4+2,pipelined,16,11,18,9,False,1,0,17301504,86507520.0,51904512.0,34603008.0,33.0,5.0,3.0,3.0,0,all_cores_refetch,852.6666666666666,"[{""admissible"":false,""core"":0,""earliest_start"":2197010.8346354165,""predicted_cycles"":823722.271484375,""predicted_finish"":3020733.1061197915,""refetch"":3.0},{""admissible"":true,""core"":1,""earliest_start"":834.6666666666666,""predicted_cycles"":1372858.0158025566,""predicted_finish"":1373692.6824692234,""refetch"":5.0}]"
heldout_swe_b16_l2_s11,fixed_4+2,pipelined,16,15,27,9,False,1,0,17301504,86507520.0,51904512.0,34603008.0,33.0,5.0,3.0,3.0,0,all_cores_refetch,1373319.333333333,"[{""admissible"":false,""core"":0,""earliest_start"":2197308.666666666,""predicted_cycles"":823722.271484375,""predicted_finish"":3021030.938151041,""refetch"":3.0},{""admissible"":true,""core"":1,""earliest_start"":1373823.333333333,""predicted_cycles"":1372858.0158025566,""predicted_finish"":2746681.3491358897,""refetch"":5.0}]"
heldout_swe_b16_l2_s11,fixed_4+2,pipelined,16,21,43,9,False,1,0,17301504,86507520.0,51904512.0,34603008.0,33.0,5.0,3.0,3.0,0,all_cores_refetch,2746111.8539301017,"[{""admissible"":false,""core"":0,""earliest_start"":3020929.1666666665,""predicted_cycles"":823753.7021484375,""predicted_finish"":3844682.868815104,""refetch"":3.0},{""admissible"":true,""core"":1,""earliest_start"":2746615.8539301017,""predicted_cycles"":1372880.9742542612,""predicted_finish"":4119496.828184363,""refetch"":5.0}]"
heldout_swe_b16_l2_s3,fixed_4+2,pipelined,16,1,7,10,False,1,0,17301504,86507520.0,51904512.0,34603008.0,33.0,5.0,3.0,3.0,0,all_cores_refetch,820.6666666666666,"[{""admissible"":false,""core"":0,""earliest_start"":2197213.4713541665,""predicted_cycles"":823810.27734375,""predicted_finish"":3021023.7486979165,""refetch"":3.0},{""admissible"":true,""core"":1,""earliest_start"":802.6666666666666,""predicted_cycles"":1372892.4534801135,""predicted_finish"":1373695.1201467803,""refetch"":5.0}]"
heldout_swe_b16_l2_s3,fixed_4+2,pipelined,16,3,12,9,False,1,0,17301504,86507520.0,51904512.0,34603008.0,33.0,5.0,3.0,3.0,0,all_cores_refetch,1373287.333333333,"[{""admissible"":false,""core"":0,""earliest_start"":2197276.666666666,""predicted_cycles"":823810.27734375,""predicted_finish"":3021086.944010416,""refetch"":3.0},{""admissible"":true,""core"":1,""earliest_start"":1373791.333333333,""predicted_cycles"":1372892.4534801135,""predicted_finish"":2746683.7868134463,""refetch"":5.0}]"
heldout_swe_b16_l2_s3,fixed_4+2,pipelined,16,6,33,9,False,1,0,17301504,86507520.0,51904512.0,34603008.0,33.0,5.0,3.0,3.0,0,all_cores_refetch,2746079.853930102,"[{""admissible"":false,""core"":0,""earliest_start"":3020897.166666666,""predicted_cycles"":823822.849609375,""predicted_finish"":3844720.016276041,""refetch"":3.0},{""admissible"":true,""core"":1,""earliest_start"":2746583.853930102,""predicted_cycles"":1372903.9327059658,""predicted_finish"":4119487.786636068,""refetch"":5.0}]"
heldout_swe_b16_l2_s3,fixed_4+2,pipelined,16,15,57,5,False,1,0,17301504,51904512.0,34603008.0,17301504.0,16.5,3.0,2.0,2.0,0,all_cores_refetch,4118896.416847139,"[{""admissible"":false,""core"":0,""earliest_start"":4668635.865100744,""predicted_cycles"":549179.00390625,""predicted_finish"":5217814.869006994,""refetch"":2.0},{""admissible"":true,""core"":1,""earliest_start"":4119400.416847139,""predicted_cycles"":823732.4715909092,""predicted_finish"":4943132.888438048,""refetch"":3.0}]"
heldout_swe_b16_l2_s7,fixed_4+2,pipelined,16,1,0,12,False,1,0,17301504,103809024.0,51904512.0,51904512.0,49.5,6.0,3.0,3.0,0,all_cores_refetch,824.6666666666666,"[{""admissible"":false,""core"":0,""earliest_start"":2197066.6334635415,""predicted_cycles"":823753.7021484375,""predicted_finish"":3020820.335611979,""refetch"":3.0},{""admissible"":true,""core"":1,""earliest_start"":806.6666666666666,""predicted_cycles"":1647382.9021661934,""predicted_finish"":1648189.56883286,""refetch"":6.0}]"
heldout_swe_b16_l2_s7,fixed_4+2,pipelined,16,2,1,6,False,1,0,17301504,51904512.0,34603008.0,17301504.0,16.5,3.0,2.0,2.0,0,all_cores_refetch,4393481.287744095,"[{""admissible"":false,""core"":0,""earliest_start"":4668260.64398305,""predicted_cycles"":549187.38671875,""predicted_finish"":5217448.0307018,""refetch"":2.0},{""admissible"":true,""core"":1,""earliest_start"":4393985.287744095,""predicted_cycles"":823760.0248579546,""predicted_finish"":5217745.312602049,""refetch"":3.0}]"
heldout_swe_b16_l2_s7,fixed_4+2,pipelined,16,4,6,9,False,1,0,17301504,86507520.0,51904512.0,34603008.0,33.0,5.0,3.0,3.0,0,all_cores_refetch,1647851.333333333,"[{""admissible"":false,""core"":0,""earliest_start"":2197408.666666666,""predicted_cycles"":823753.7021484375,""predicted_finish"":3021162.3688151035,""refetch"":3.0},{""admissible"":true,""core"":1,""earliest_start"":1648355.333333333,""predicted_cycles"":1372858.0158025566,""predicted_finish"":3021213.3491358897,""refetch"":5.0}]"
heldout_swe_b16_l2_s7,fixed_4+2,pipelined,16,8,15,9,False,1,0,17301504,86507520.0,51904512.0,34603008.0,33.0,5.0,3.0,3.0,0,all_cores_refetch,3020672.1482722317,"[{""admissible"":false,""core"":0,""earliest_start"":3844806.290705605,""predicted_cycles"":823772.560546875,""predicted_finish"":4668578.8512524795,""refetch"":3.0},{""admissible"":true,""core"":1,""earliest_start"":3021176.1482722317,""predicted_cycles"":1372869.495028409,""predicted_finish"":4394045.64330064,""refetch"":5.0}]"
v3_captured_mixed_heldout_bfcl_t64_l13,fixed_4+2,pipelined,64,4,6,30,False,1,0,17301504,259522560.0,138412032.0,121110528.0,115.5,15.0,8.0,8.0,0,all_cores_refetch,4670379.333333334,"[{""admissible"":false,""core"":0,""earliest_start"":9171213.188405797,""predicted_cycles"":2196283.486328125,""predicted_finish"":11367496.674733922,""refetch"":8.0},{""admissible"":true,""core"":1,""earliest_start"":4670883.333333334,""predicted_cycles"":4116901.6974431816,""predicted_finish"":8787785.030776516,""refetch"":15.0}]"
v3_captured_mixed_heldout_bfcl_t64_l13,fixed_4+2,pipelined,64,12,15,8,False,1,0,17301504,69206016.0,34603008.0,34603008.0,33.0,4.0,2.0,2.0,0,all_cores_refetch,18123639.83845944,"[{""admissible"":false,""core"":0,""earliest_start"":18398988.931497402,""predicted_cycles"":548550.29296875,""predicted_finish"":18947539.224466152,""refetch"":2.0},{""admissible"":true,""core"":1,""earliest_start"":18124143.83845944,""predicted_cycles"":1098140.2702414773,""predicted_finish"":19222284.108700916,""refetch"":4.0}]"
v3_captured_mixed_heldout_bfcl_t64_l13,fixed_4+2,pipelined,64,16,19,29,False,1,0,17301504,259522560.0,138412032.0,121110528.0,115.5,15.0,8.0,8.0,0,all_cores_refetch,8788777.954356331,"[{""admissible"":false,""core"":0,""earliest_start"":9195942.19047619,""predicted_cycles"":2196283.486328125,""predicted_finish"":11392225.676804315,""refetch"":8.0},{""admissible"":true,""core"":1,""earliest_start"":8789281.954356331,""predicted_cycles"":4116901.6974431816,""predicted_finish"":12906183.651799513,""refetch"":15.0}]"
v3_captured_mixed_heldout_bfcl_t64_l13,fixed_4+2,pipelined,64,23,26,7,False,1,0,17301504,69206016.0,34603008.0,34603008.0,33.0,4.0,2.0,2.0,0,all_cores_refetch,19221832.486832306,"[{""admissible"":false,""core"":0,""earliest_start"":19497611.069353916,""predicted_cycles"":548810.16015625,""predicted_finish"":20046421.229510166,""refetch"":2.0},{""admissible"":true,""core"":1,""earliest_start"":19222336.486832306,""predicted_cycles"":1098140.2702414773,""predicted_finish"":20320476.757073782,""refetch"":4.0}]"
v3_captured_mixed_heldout_bfcl_t64_l13,fixed_4+2,pipelined,64,26,29,15,False,1,0,17301504,138412032.0,69206016.0,69206016.0,66.0,8.0,4.0,4.0,0,all_cores_refetch,12907234.38672249,"[{""admissible"":false,""core"":0,""earliest_start"":13456673.526742805,""predicted_cycles"":1098202.669921875,""predicted_finish"":14554876.19666468,""refetch"":4.0},{""admissible"":true,""core"":1,""earliest_start"":12907738.38672249,""predicted_cycles"":2196377.578125,""predicted_finish"":15104115.96484749,""refetch"":8.0}]"
v3_captured_mixed_heldout_bfcl_t64_l13,fixed_4+2,pipelined,64,30,33,11,False,1,0,17301504,103809024.0,51904512.0,51904512.0,49.5,6.0,3.0,3.0,0,all_cores_refetch,15103608.325229801,"[{""admissible"":false,""core"":0,""earliest_start"":15653471.384357575,""predicted_cycles"":823722.271484375,""predicted_finish"":16477193.65584195,""refetch"":3.0},{""admissible"":true,""core"":1,""earliest_start"":15104112.325229801,""predicted_cycles"":1647341.578125,""predicted_finish"":16751453.903354801,""refetch"":6.0}]"
v3_captured_mixed_heldout_bfcl_t64_l13,fixed_4+2,pipelined,64,32,35,5,False,1,0,17301504,51904512.0,34603008.0,17301504.0,16.5,3.0,2.0,2.0,0,all_cores_refetch,20319973.865054954,"[{""admissible"":false,""core"":0,""earliest_start"":20596016.817640625,""predicted_cycles"":548973.625,""predicted_finish"":21144990.442640625,""refetch"":2.0},{""admissible"":true,""core"":1,""earliest_start"":20320477.865054954,""predicted_cycles"":823663.5884232955,""predicted_finish"":21144141.45347825,""refetch"":3.0}]"
v3_captured_mixed_heldout_bfcl_t64_l13,fixed_4+2,pipelined,64,34,37,33,False,1,0,17301504,294125568.0,155713536.0,138412032.0,132.0,17.0,9.0,9.0,0,all_cores_refetch,3192.6666666666665,"[{""admissible"":false,""core"":0,""earliest_start"":8715165.211588541,""predicted_cycles"":2306224.9208984375,""predicted_finish"":11021390.132486979,""refetch"":9.0},{""admissible"":true,""core"":1,""earliest_start"":3174.6666666666665,""predicted_cycles"":4651702.878728693,""predicted_finish"":4654877.54539536,""refetch"":17.0}]"
v3_captured_mixed_heldout_bfcl_t64_l13,fixed_4+2,pipelined,64,35,38,5,False,1,0,17301504,51904512.0,34603008.0,17301504.0,16.5,3.0,2.0,2.0,0,all_cores_refetch,21143625.989264235,"[{""admissible"":false,""core"":0,""earliest_start"":21144891.611294724,""predicted_cycles"":549040.6875,""predicted_finish"":21693932.298794724,""refetch"":2.0},{""admissible"":true,""core"":1,""earliest_start"":21144129.989264235,""predicted_cycles"":823663.5884232955,""predicted_finish"":21967793.57768753,""refetch"":3.0}]"
v3_captured_mixed_heldout_bfcl_t64_l13,fixed_4+2,pipelined,64,51,57,6,False,1,0,17301504,51904512.0,34603008.0,17301504.0,16.5,3.0,2.0,2.0,0,all_cores_refetch,21967254.66329013,"[{""admissible"":false,""core"":0,""earliest_start"":22243454.75300567,""predicted_cycles"":549074.21875,""predicted_finish"":22792528.97175567,""refetch"":2.0},{""admissible"":true,""core"":1,""earliest_start"":21967758.66329013,""predicted_cycles"":823649.8117897728,""predicted_finish"":22791408.475079905,""refetch"":3.0}]"
v3_captured_mixed_heldout_bfcl_t64_l13,fixed_4+2,pipelined,64,54,61,9,False,1,0,17301504,86507520.0,51904512.0,34603008.0,33.0,5.0,3.0,3.0,0,all_cores_refetch,16750886.966347469,"[{""admissible"":false,""core"":0,""earliest_start"":17300710.655198958,""predicted_cycles"":823741.1298828125,""predicted_finish"":18124451.78508177,""refetch"":3.0},{""admissible"":true,""core"":1,""earliest_start"":16751390.966347469,""predicted_cycles"":1372835.0573508523,""predicted_finish"":18124226.023698322,""refetch"":5.0}]"
v3_captured_mixed_heldout_bfcl_t64_l2,fixed_4+2,pipelined,64,0,0,13,False,1,0,17301504,121110528.0,69206016.0,51904512.0,49.5,7.0,4.0,4.0,0,all_cores_refetch,2748503.333333334,"[{""admissible"":false,""core"":0,""earliest_start"":9171113.188405795,""predicted_cycles"":1098202.669921875,""predicted_finish"":10269315.85832767,""refetch"":4.0},{""admissible"":true,""core"":1,""earliest_start"":2749007.333333334,""predicted_cycles"":1921875.6482599434,""predicted_finish"":4670882.981593277,""refetch"":7.0}]"
v3_captured_mixed_heldout_bfcl_t64_l2,fixed_4+2,pipelined,64,1,2,6,False,1,0,17301504,51904512.0,34603008.0,17301504.0,16.5,3.0,2.0,2.0,0,all_cores_refetch,17300324.640670307,"[{""admissible"":false,""core"":0,""earliest_start"":17574975.975391872,""predicted_cycles"":549199.9609375,""predicted_finish"":18124175.936329372,""refetch"":2.0},{""admissible"":true,""core"":1,""earliest_start"":17300828.640670307,""predicted_cycles"":823704.9183238636,""predicted_finish"":18124533.55899417,""refetch"":3.0}]"
v3_captured_mixed_heldout_bfcl_t64_l2,fixed_4+2,pipelined,64,10,11,6,False,1,0,17301504,51904512.0,34603008.0,17301504.0,16.5,3.0,2.0,2.0,0,all_cores_refetch,18124102.71987501,"[{""admissible"":false,""core"":0,""earliest_start"":18673339.989163034,""predicted_cycles"":549199.9609375,""predicted_finish"":19222539.950100534,""refetch"":2.0},{""admissible"":true,""core"":1,""earliest_start"":18124606.71987501,""predicted_cycles"":823704.9183238636,""predicted_finish"":18948311.638198875,""refetch"":3.0}]"
v3_captured_mixed_heldout_bfcl_t64_l2,fixed_4+2,pipelined,64,11,12,16,False,1,0,17301504,138412032.0,69206016.0,69206016.0,66.0,8.0,4.0,4.0,0,all_cores_refetch,4670477.924242425,"[{""admissible"":false,""core"":0,""earliest_start"":9171108.855072461,""predicted_cycles"":1098202.669921875,""predicted_finish"":10269311.524994336,""refetch"":4.0},{""admissible"":true,""core"":1,""earliest_start"":4670981.924242425,""predicted_cycles"":2196395.9437144888,""predicted_finish"":6867377.867956914,""refetch"":8.0}]"
v3_captured_mixed_heldout_bfcl_t64_l2,fixed_4+2,pipelined,64,12,14,13,False,1,0,17301504,121110528.0,69206016.0,51904512.0,49.5,7.0,4.0,4.0,0,all_cores_refetch,6867022.9811098,"[{""admissible"":false,""core"":0,""earliest_start"":9171108.855072461,""predicted_cycles"":1098202.669921875,""predicted_finish"":10269311.524994336,""refetch"":4.0},{""admissible"":true,""core"":1,""earliest_start"":6867526.9811098,""predicted_cycles"":1921891.7183948867,""predicted_finish"":8789418.699504687,""refetch"":7.0}]"
v3_captured_mixed_heldout_bfcl_t64_l2,fixed_4+2,pipelined,64,14,16,9,False,1,0,17301504,86507520.0,51904512.0,34603008.0,33.0,5.0,3.0,3.0,0,all_cores_refetch,12907328.70832065,"[{""admissible"":false,""core"":0,""earliest_start"":13456622.013243001,""predicted_cycles"":823741.1298828125,""predicted_finish"":14280363.143125813,""refetch"":3.0},{""admissible"":true,""core"":1,""earliest_start"":12907832.70832065,""predicted_cycles"":1372892.4534801135,""predicted_finish"":14280725.161800763,""refetch"":5.0}]"
v3_captured_mixed_heldout_bfcl_t64_l2,fixed_4+2,pipelined,64,22,24,6,False,1,0,17301504,51904512.0,34603008.0,17301504.0,16.5,3.0,2.0,2.0,0,all_cores_refetch,18947796.92767106,"[{""admissible"":false,""core"":0,""earliest_start"":19222252.382440105,""predicted_cycles"":549162.23828125,""predicted_finish"":19771414.620721355,""refetch"":2.0},{""admissible"":true,""core"":1,""earliest_start"":18948300.92767106,""predicted_cycles"":823725.5832741478,""predicted_finish"":19772026.51094521,""refetch"":3.0}]"
v3_captured_mixed_heldout_bfcl_t64_l2,fixed_4+2,pipelined,64,28,30,16,False,1,0,17301504,138412032.0,69206016.0,69206016.0,66.0,8.0,4.0,4.0,0,all_cores_refetch,8789011.843780188,"[{""admissible"":false,""core"":0,""earliest_start"":9195762.183917094,""predicted_cycles"":1098202.669921875,""predicted_finish"":10293964.853838969,""refetch"":4.0},{""admissible"":true,""core"":1,""earliest_start"":8789515.843780188,""predicted_cycles"":2196451.0404829546,""predicted_finish"":10985966.884263143,""refetch"":8.0}]"
v3_captured_mixed_heldout_bfcl_t64_l2,fixed_4+2,pipelined,64,36,38,7,False,1,0,17301504,69206016.0,34603008.0,34603008.0,33.0,4.0,2.0,2.0,0,all_cores_refetch,19771488.62197194,"[{""admissible"":false,""core"":0,""earliest_start"":20320630.28603444,""predicted_cycles"":549149.6640625,""predicted_finish"":20869779.95009694,""refetch"":2.0},{""admissible"":true,""core"":1,""earliest_start"":19771992.62197194,""predicted_cycles"":1098232.1079545454,""predicted_finish"":20870224.729926486,""refetch"":4.0}]"
v3_captured_mixed_heldout_bfcl_t64_l2,fixed_4+2,pipelined,64,40,42,9,False,1,0,17301504,86507520.0,51904512.0,34603008.0,33.0,5.0,3.0,3.0,0,all_cores_refetch,14280137.859753532,"[{""admissible"":false,""core"":0,""earliest_start"":15104057.563183006,""predicted_cycles"":823741.1298828125,""predicted_finish"":15927798.693065818,""refetch"":3.0},{""admissible"":true,""core"":1,""earliest_start"":14280641.859753532,""predicted_cycles"":1372880.9742542612,""predicted_finish"":15653522.834007794,""refetch"":5.0}]"
v3_captured_mixed_heldout_bfcl_t64_l2,fixed_4+2,pipelined,64,42,44,13,False,1,0,17301504,121110528.0,69206016.0,51904512.0,49.5,7.0,4.0,4.0,0,all_cores_refetch,10985500.471946267,"[{""admissible"":false,""core"":0,""earliest_start"":11534651.251457905,""predicted_cycles"":1098194.2890625,""predicted_finish"":12632845.540520405,""refetch"":4.0},{""admissible"":true,""core"":1,""earliest_start"":10986004.471946267,""predicted_cycles"":1921939.928799716,""predicted_finish"":12907944.400745984,""refetch"":7.0}]"
v3_captured_mixed_heldout_bfcl_t64_l2,fixed_4+2,pipelined,64,45,47,11,False,1,0,17301504,103809024.0,51904512.0,51904512.0,49.5,6.0,3.0,3.0,0,all_cores_refetch,15652935.332343651,"[{""admissible"":false,""core"":0,""earliest_start"":15927606.018904388,""predicted_cycles"":823728.5576171875,""predicted_finish"":16751334.576521575,""refetch"":3.0},{""admissible"":true,""core"":1,""earliest_start"":15653439.332343651,""predicted_cycles"":1647369.1274857956,""predicted_finish"":17300808.459829446,""refetch"":6.0}]"
v3_captured_mixed_heldout_bfcl_t64_l2,fixed_4+2,pipelined,64,55,57,19,False,1,0,17301504,173015040.0,86507520.0,86507520.0,82.5,10.0,5.0,5.0,0,all_cores_refetch,3236.6666666666665,"[{""admissible"":false,""core"":0,""earliest_start"":8507518.250651041,""predicted_cycles"":1369976.177734375,""predicted_finish"":9877494.428385416,""refetch"":5.0},{""admissible"":true,""core"":1,""earliest_start"":3218.6666666666665,""predicted_cycles"":2716121.0859375,""predicted_finish"":2719339.7526041665,""refetch"":10.0}]"
v3_captured_mixed_heldout_bfcl_t64_l2,fixed_4+2,pipelined,64,60,63,5,False,1,0,17301504,51904512.0,34603008.0,17301504.0,16.5,3.0,2.0,2.0,0,all_cores_refetch,20869727.511897434,"[{""admissible"":false,""core"":0,""earliest_start"":21418886.767450485,""predicted_cycles"":549141.28125,""predicted_finish"":21968028.048700485,""refetch"":2.0},{""admissible"":true,""core"":1,""earliest_start"":20870231.511897434,""predicted_cycles"":823718.6949573864,""predicted_finish"":21693950.20685482,""refetch"":3.0}]"
v3_captured_mixed_heldout_bfcl_t64_l26,fixed_4+2,pipelined,64,6,6,5,False,1,0,17301504,51904512.0,34603008.0,17301504.0,16.5,3.0,2.0,2.0,0,all_cores_refetch,16751094.099437585,"[{""admissible"":false,""core"":0,""earliest_start"":17300708.634083085,""predicted_cycles"":549153.85546875,""predicted_finish"":17849862.489551835,""refetch"":2.0},{""admissible"":true,""core"":1,""earliest_start"":16751598.099437585,""predicted_cycles"":823656.7001065342,""predicted_finish"":17575254.79954412,""refetch"":3.0}]"
v3_captured_mixed_heldout_bfcl_t64_l26,fixed_4+2,pipelined,64,10,10,5,False,1,0,17301504,51904512.0,34603008.0,17301504.0,16.5,3.0,2.0,2.0,0,all_cores_refetch,17574754.090697583,"[{""admissible"":false,""core"":0,""earliest_start"":17850045.39453245,""predicted_cycles"":549141.28125,""predicted_finish"":18399186.67578245,""refetch"":2.0},{""admissible"":true,""core"":1,""earliest_start"":17575258.090697583,""predicted_cycles"":823656.7001065342,""predicted_finish"":18398914.790804118,""refetch"":3.0}]"
v3_captured_mixed_heldout_bfcl_t64_l26,fixed_4+2,pipelined,64,12,12,7,False,1,0,17301504,69206016.0,34603008.0,34603008.0,33.0,4.0,2.0,2.0,0,all_cores_refetch,18398418.906212743,"[{""admissible"":false,""core"":0,""earliest_start"":18399011.45643142,""predicted_cycles"":549162.23828125,""predicted_finish"":18948173.69471267,""refetch"":2.0},{""admissible"":true,""core"":1,""earliest_start"":18398922.906212743,""predicted_cycles"":1098149.4540127842,""predicted_finish"":19497072.36022553,""refetch"":4.0}]"
v3_captured_mixed_heldout_bfcl_t64_l26,fixed_4+2,pipelined,64,16,16,12,False,1,0,17301504,103809024.0,51904512.0,51904512.0,49.5,6.0,3.0,3.0,0,all_cores_refetch,10985334.556160716,"[{""admissible"":false,""core"":0,""earliest_start"":11809424.38403125,""predicted_cycles"":823722.271484375,""predicted_finish"":12633146.655515624,""refetch"":3.0},{""admissible"":true,""core"":1,""earliest_start"":10985838.556160716,""predicted_cycles"":1647258.9300426138,""predicted_finish"":12633097.48620333,""refetch"":6.0}]"
v3_captured_mixed_heldout_bfcl_t64_l26,fixed_4+2,pipelined,64,20,20,7,False,1,0,17301504,69206016.0,34603008.0,34603008.0,33.0,4.0,2.0,2.0,0,all_cores_refetch,19496668.465088908,"[{""admissible"":false,""core"":0,""earliest_start"":19497279.12563867,""predicted_cycles"":549158.046875,""predicted_finish"":20046437.17251367,""refetch"":2.0},{""admissible"":true,""core"":1,""earliest_start"":19497172.465088908,""predicted_cycles"":1098131.0864701704,""predicted_finish"":20595303.55155908,""refetch"":4.0}]"
v3_captured_mixed_heldout_bfcl_t64_l26,fixed_4+2,pipelined,64,24,26,9,False,1,0,17301504,86507520.0,51904512.0,34603008.0,33.0,5.0,3.0,3.0,0,all_cores_refetch,12632697.355109498,"[{""admissible"":false,""core"":0,""earliest_start"":13456785.429995015,""predicted_cycles"":823709.69921875,""predicted_finish"":14280495.129213765,""refetch"":3.0},{""admissible"":true,""core"":1,""earliest_start"":12633201.355109498,""predicted_cycles"":1372789.1404474431,""predicted_finish"":14005990.495556941,""refetch"":5.0}]"
v3_captured_mixed_heldout_bfcl_t64_l26,fixed_4+2,pipelined,64,27,29,21,False,1,0,17301504,190316544.0,103809024.0,86507520.0,82.5,11.0,6.0,6.0,0,all_cores_refetch,3256.6666666666665,"[{""admissible"":false,""core"":0,""earliest_start"":8987805.791666666,""predicted_cycles"":1647364.59375,""predicted_finish"":10635170.385416666,""refetch"":6.0},{""admissible"":true,""core"":1,""earliest_start"":3238.6666666666665,""predicted_cycles"":3020032.5859375,""predicted_finish"":3023271.2526041665,""refetch"":11.0}]"
v3_captured_mixed_heldout_bfcl_t64_l26,fixed_4+2,pipelined,64,30,32,8,False,1,0,17301504,69206016.0,34603008.0,34603008.0,33.0,4.0,2.0,2.0,0,all_cores_refetch,20594913.663984913,"[{""admissible"":false,""core"":0,""earliest_start"":20595543.961875644,""predicted_cycles"":549149.6640625,""predicted_finish"":21144693.625938144,""refetch"":2.0},{""admissible"":true,""core"":1,""earliest_start"":20595417.663984913,""predicted_cycles"":1098158.6377840908,""predicted_finish"":21693576.301769003,""refetch"":4.0}]"
v3_captured_mixed_heldout_bfcl_t64_l26,fixed_4+2,pipelined,64,36,39,9,False,1,0,17301504,86507520.0,51904512.0,34603008.0,33.0,5.0,3.0,3.0,0,all_cores_refetch,14005495.08523224,"[{""admissible"":false,""core"":0,""earliest_start"":14280346.279105576,""predicted_cycles"":823697.126953125,""predicted_finish"":15104043.4060587,""refetch"":3.0},{""admissible"":true,""core"":1,""earliest_start"":14005999.08523224,""predicted_cycles"":1372800.6196732954,""predicted_finish"":15378799.704905534,""refetch"":5.0}]"
v3_captured_mixed_heldout_bfcl_t64_l26,fixed_4+2,pipelined,64,43,47,18,False,1,0,17301504,155713536.0,86507520.0,69206016.0,66.0,9.0,5.0,5.0,0,all_cores_refetch,6317784.370254221,"[{""admissible"":false,""core"":0,""earliest_start"":9171256.855072461,""predicted_cycles"":1372846.48828125,""predicted_finish"":10544103.343353711,""refetch"":5.0},{""admissible"":true,""core"":1,""earliest_start"":6318288.370254221,""predicted_cycles"":2471040.2054332388,""predicted_finish"":8789328.57568746,""refetch"":9.0}]"
v3_captured_mixed_heldout_bfcl_t64_l26,fixed_4+2,pipelined,64,46,50,7,False,1,0,17301504,69206016.0,34603008.0,34603008.0,33.0,4.0,2.0,2.0,0,all_cores_refetch,21693155.42979923,"[{""admissible"":false,""core"":0,""earliest_start"":21693807.563575767,""predicted_cycles"":549145.47265625,""predicted_finish"":22242953.036232017,""refetch"":2.0},{""admissible"":true,""core"":1,""earliest_start"":21693659.42979923,""predicted_cycles"":1098177.0053267046,""predicted_finish"":22791836.435125932,""refetch"":4.0}]"
v3_captured_mixed_heldout_bfcl_t64_l26,fixed_4+2,pipelined,64,50,54,15,False,1,0,17301504,138412032.0,69206016.0,69206016.0,66.0,8.0,4.0,4.0,0,all_cores_refetch,8788809.171942033,"[{""admissible"":false,""core"":0,""earliest_start"":9196000.309503084,""predicted_cycles"":1098227.8125,""predicted_finish"":10294228.122003084,""refetch"":4.0},{""admissible"":true,""core"":1,""earliest_start"":8789313.171942033,""predicted_cycles"":2196267.3845880684,""predicted_finish"":10985580.556530101,""refetch"":8.0}]"
v3_captured_mixed_heldout_bfcl_t64_l26,fixed_4+2,pipelined,64,54,58,6,False,1,0,17301504,51904512.0,34603008.0,17301504.0,16.5,3.0,2.0,2.0,0,all_cores_refetch,22791396.50483453,"[{""admissible"":false,""core"":0,""earliest_start"":22792070.96798761,""predicted_cycles"":549141.28125,""predicted_finish"":23341212.24923761,""refetch"":2.0},{""admissible"":true,""core"":1,""earliest_start"":22791900.50483453,""predicted_cycles"":823704.9183238636,""predicted_finish"":23615605.423158392,""refetch"":3.0}]"
v3_captured_mixed_heldout_bfcl_t64_l26,fixed_4+2,pipelined,64,55,59,9,False,1,0,17301504,86507520.0,51904512.0,34603008.0,33.0,5.0,3.0,3.0,0,all_cores_refetch,15378310.986428523,"[{""admissible"":false,""core"":0,""earliest_start"":15928097.429119127,""predicted_cycles"":823671.982421875,""predicted_finish"":16751769.411541002,""refetch"":3.0},{""admissible"":true,""core"":1,""earliest_start"":15378814.986428523,""predicted_cycles"":1372800.6196732954,""predicted_finish"":16751615.606101818,""refetch"":5.0}]"
v3_captured_mixed_heldout_bfcl_t64_l26,fixed_4+2,pipelined,64,58,62,23,False,1,0,17301504,207618048.0,103809024.0,103809024.0,99.0,12.0,6.0,6.0,0,all_cores_refetch,3023083.333333333,"[{""admissible"":false,""core"":0,""earliest_start"":9171133.188405793,""predicted_cycles"":1647364.59375,""predicted_finish"":10818497.782155793,""refetch"":6.0},{""admissible"":true,""core"":1,""earliest_start"":3023587.333333333,""predicted_cycles"":3294559.767755682,""predicted_finish"":6318147.101089016,""refetch"":12.0}]"
v3_captured_mixed_heldout_gpqa_t64_l13,fixed_4+2,pipelined,64,0,0,5,False,1,0,17301504,51904512.0,34603008.0,17301504.0,16.5,3.0,2.0,2.0,0,all_cores_refetch,17025889.219754823,"[{""admissible"":false,""core"":0,""earliest_start"":17574959.33525205,""predicted_cycles"":549191.578125,""predicted_finish"":18124150.91337705,""refetch"":2.0},{""admissible"":true,""core"":1,""earliest_start"":17026393.219754823,""predicted_cycles"":823642.9234730114,""predicted_finish"":17850036.143227834,""refetch"":3.0}]"
v3_captured_mixed_heldout_gpqa_t64_l13,fixed_4+2,pipelined,64,3,6,15,False,1,0,17301504,138412032.0,69206016.0,69206016.0,66.0,8.0,4.0,4.0,0,all_cores_refetch,2473953.333333333,"[{""admissible"":false,""core"":0,""earliest_start"":9171123.188405795,""predicted_cycles"":1098261.3359375,""predicted_finish"":10269384.524343295,""refetch"":4.0},{""admissible"":true,""core"":1,""earliest_start"":2474457.333333333,""predicted_cycles"":2196285.7501775566,""predicted_finish"":4670743.08351089,""refetch"":8.0}]"
v3_captured_mixed_heldout_gpqa_t64_l13,fixed_4+2,pipelined,64,5,9,7,False,1,0,17301504,69206016.0,34603008.0,34603008.0,33.0,4.0,2.0,2.0,0,all_cores_refetch,17849568.404224597,"[{""admissible"":false,""core"":0,""earliest_start"":18123995.43315319,""predicted_cycles"":549191.578125,""predicted_finish"":18673187.01127819,""refetch"":2.0},{""admissible"":true,""core"":1,""earliest_start"":17850072.404224597,""predicted_cycles"":1098112.7189275569,""predicted_finish"":18948185.123152155,""refetch"":4.0}]"
v3_captured_mixed_heldout_gpqa_t64_l13,fixed_4+2,pipelined,64,11,15,10,False,1,0,17301504,86507520.0,51904512.0,34603008.0,33.0,5.0,3.0,3.0,0,all_cores_refetch,10985563.759396661,"[{""admissible"":false,""core"":0,""earliest_start"":11809256.85356294,""predicted_cycles"":823722.271484375,""predicted_finish"":12632979.125047315,""refetch"":3.0},{""admissible"":true,""core"":1,""earliest_start"":10986067.759396661,""predicted_cycles"":1372858.0158025566,""predicted_finish"":12358925.775199218,""refetch"":5.0}]"
v3_captured_mixed_heldout_gpqa_t64_l13,fixed_4+2,pipelined,64,15,19,5,False,1,0,17301504,51904512.0,34603008.0,17301504.0,16.5,3.0,2.0,2.0,0,all_cores_refetch,18947699.84377611,"[{""admissible"":false,""core"":0,""earliest_start"":19222685.490580566,""predicted_cycles"":549158.046875,""predicted_finish"":19771843.537455566,""refetch"":2.0},{""admissible"":true,""core"":1,""earliest_start"":18948203.84377611,""predicted_cycles"":823649.8117897728,""predicted_finish"":19771853.655565884,""refetch"":3.0}]"
v3_captured_mixed_heldout_gpqa_t64_l13,fixed_4+2,pipelined,64,22,26,12,False,1,0,17301504,103809024.0,51904512.0,51904512.0,49.5,6.0,3.0,3.0,0,all_cores_refetch,12358376.244033761,"[{""admissible"":false,""core"":0,""earliest_start"":12632716.10885273,""predicted_cycles"":823715.9853515625,""predicted_finish"":13456432.094204292,""refetch"":3.0},{""admissible"":true,""core"":1,""earliest_start"":12358880.244033761,""predicted_cycles"":1647410.4515269888,""predicted_finish"":14006290.69556075,""refetch"":6.0}]"
v3_captured_mixed_heldout_gpqa_t64_l13,fixed_4+2,pipelined,64,27,31,5,False,1,0,17301504,51904512.0,34603008.0,17301504.0,16.5,3.0,2.0,2.0,0,all_cores_refetch,19771369.60764911,"[{""admissible"":false,""core"":0,""earliest_start"":20320803.35437274,""predicted_cycles"":549183.1953125,""predicted_finish"":20869986.54968524,""refetch"":2.0},{""admissible"":true,""core"":1,""earliest_start"":19771873.60764911,""predicted_cycles"":823656.7001065342,""predicted_finish"":20595530.307755645,""refetch"":3.0}]"
v3_captured_mixed_heldout_gpqa_t64_l13,fixed_4+2,pipelined,64,30,34,6,False,1,0,17301504,51904512.0,34603008.0,17301504.0,16.5,3.0,2.0,2.0,0,all_cores_refetch,20595045.30563478,"[{""admissible"":false,""core"":0,""earliest_start"":20869756.50759127,""predicted_cycles"":549174.8125,""predicted_finish"":21418931.32009127,""refetch"":2.0},{""admissible"":true,""core"":1,""earliest_start"":20595549.30563478,""predicted_cycles"":823642.9234730114,""predicted_finish"":21419192.229107793,""refetch"":3.0}]"
v3_captured_mixed_heldout_gpqa_t64_l13,fixed_4+2,pipelined,64,31,35,15,False,1,0,17301504,138412032.0,69206016.0,69206016.0,66.0,8.0,4.0,4.0,0,all_cores_refetch,4670487.924242424,"[{""admissible"":false,""core"":0,""earliest_start"":9171118.855072465,""predicted_cycles"":1098261.3359375,""predicted_finish"":10269380.191009965,""refetch"":4.0},{""admissible"":true,""core"":1,""earliest_start"":4670991.924242424,""predicted_cycles"":2196285.7501775566,""predicted_finish"":6867277.6744199805,""refetch"":8.0}]"
v3_captured_mixed_heldout_gpqa_t64_l13,fixed_4+2,pipelined,64,35,39,7,False,1,0,17301504,69206016.0,34603008.0,34603008.0,33.0,4.0,2.0,2.0,0,all_cores_refetch,21418733.724717136,"[{""admissible"":false,""core"":0,""earliest_start"":21968177.821207434,""predicted_cycles"":549166.4296875,""predicted_finish"":22517344.250894934,""refetch"":2.0},{""admissible"":true,""core"":1,""earliest_start"":21419237.724717136,""predicted_cycles"":1098131.0864701704,""predicted_finish"":22517368.81118731,""refetch"":4.0}]"
v3_captured_mixed_heldout_gpqa_t64_l13,fixed_4+2,pipelined,64,36,40,10,False,1,0,17301504,86507520.0,51904512.0,34603008.0,33.0,5.0,3.0,3.0,0,all_cores_refetch,14005783.029857082,"[{""admissible"":false,""core"":0,""earliest_start"":14280069.403893767,""predicted_cycles"":823697.126953125,""predicted_finish"":15103766.530846892,""refetch"":3.0},{""admissible"":true,""core"":1,""earliest_start"":14006287.029857082,""predicted_cycles"":1372858.0158025566,""predicted_finish"":15379145.045659639,""refetch"":5.0}]"
v3_captured_mixed_heldout_gpqa_t64_l13,fixed_4+2,pipelined,64,41,45,12,False,1,0,17301504,103809024.0,51904512.0,51904512.0,49.5,6.0,3.0,3.0,0,all_cores_refetch,15378614.145734677,"[{""admissible"":false,""core"":0,""earliest_start"":15927780.633111676,""predicted_cycles"":823671.982421875,""predicted_finish"":16751452.615533551,""refetch"":3.0},{""admissible"":true,""core"":1,""earliest_start"":15379118.145734677,""predicted_cycles"":1647382.9021661934,""predicted_finish"":17026501.04790087,""refetch"":6.0}]"
v3_captured_mixed_heldout_gpqa_t64_l13,fixed_4+2,pipelined,64,43,47,6,False,1,0,17301504,51904512.0,34603008.0,17301504.0,16.5,3.0,2.0,2.0,0,all_cores_refetch,22516972.250729464,"[{""admissible"":false,""core"":0,""earliest_start"":23066440.73455804,""predicted_cycles"":549153.85546875,""predicted_finish"":23615594.59002679,""refetch"":2.0},{""admissible"":true,""core"":1,""earliest_start"":22517476.250729464,""predicted_cycles"":823656.7001065342,""predicted_finish"":23341132.950836,""refetch"":3.0}]"
v3_captured_mixed_heldout_gpqa_t64_l13,fixed_4+2,pipelined,64,44,48,14,False,1,0,17301504,121110528.0,69206016.0,51904512.0,49.5,7.0,4.0,4.0,0,all_cores_refetch,6867032.981109799,"[{""admissible"":false,""core"":0,""earliest_start"":9171118.855072465,""predicted_cycles"":1098261.3359375,""predicted_finish"":10269380.191009965,""refetch"":4.0},{""admissible"":true,""core"":1,""earliest_start"":6867536.981109799,""predicted_cycles"":1921827.4378551138,""predicted_finish"":8789364.418964913,""refetch"":7.0}]"
v3_captured_mixed_heldout_gpqa_t64_l13,fixed_4+2,pipelined,64,50,57,16,False,1,0,17301504,138412032.0,69206016.0,69206016.0,66.0,8.0,4.0,4.0,0,all_cores_refetch,8789021.843780186,"[{""admissible"":false,""core"":0,""earliest_start"":9195772.183917094,""predicted_cycles"":1098261.3359375,""predicted_finish"":10294033.519854594,""refetch"":4.0},{""admissible"":true,""core"":1,""earliest_start"":8789525.843780186,""predicted_cycles"":2196395.9437144888,""predicted_finish"":10985921.787494674,""refetch"":8.0}]"
v3_captured_mixed_heldout_gpqa_t64_l13,fixed_4+2,pipelined,64,55,63,18,False,1,0,17301504,155713536.0,86507520.0,69206016.0,66.0,9.0,5.0,5.0,0,all_cores_refetch,3246.6666666666665,"[{""admissible"":false,""core"":0,""earliest_start"":9141071.151041666,""predicted_cycles"":1372856.9638671875,""predicted_finish"":10513928.114908854,""refetch"":5.0},{""admissible"":true,""core"":1,""earliest_start"":3228.6666666666665,""predicted_cycles"":2470998.8833451704,""predicted_finish"":2474227.550011837,""refetch"":9.0}]"
v3_captured_mixed_heldout_gpqa_t64_l2,fixed_4+2,pipelined,64,3,3,9,False,1,0,17301504,86507520.0,51904512.0,34603008.0,33.0,5.0,3.0,3.0,0,all_cores_refetch,3846871.924242424,"[{""admissible"":false,""core"":0,""earliest_start"":9171146.521739127,""predicted_cycles"":823728.5576171875,""predicted_finish"":9994875.079356315,""refetch"":3.0},{""admissible"":true,""core"":1,""earliest_start"":3847375.924242424,""predicted_cycles"":1372812.0988991477,""predicted_finish"":5220188.023141571,""refetch"":5.0}]"
v3_captured_mixed_heldout_gpqa_t64_l2,fixed_4+2,pipelined,64,6,6,6,False,1,0,17301504,51904512.0,34603008.0,17301504.0,16.5,3.0,2.0,2.0,0,all_cores_refetch,13731190.1185179,"[{""admissible"":false,""core"":0,""earliest_start"":14280363.27977486,""predicted_cycles"":549153.85546875,""predicted_finish"":14829517.13524361,""refetch"":2.0},{""admissible"":true,""core"":1,""earliest_start"":13731694.1185179,""predicted_cycles"":823663.5884232955,""predicted_finish"":14555357.706941195,""refetch"":3.0}]"
v3_captured_mixed_heldout_gpqa_t64_l2,fixed_4+2,pipelined,64,10,10,5,False,1,0,17301504,51904512.0,34603008.0,17301504.0,16.5,3.0,2.0,2.0,0,all_cores_refetch,14554875.545366729,"[{""admissible"":false,""core"":0,""earliest_start"":14829339.62608955,""predicted_cycles"":549145.47265625,""predicted_finish"":15378485.0987458,""refetch"":2.0},{""admissible"":true,""core"":1,""earliest_start"":14555379.545366729,""predicted_cycles"":823663.5884232955,""predicted_finish"":15379043.133790024,""refetch"":3.0}]"
v3_captured_mixed_heldout_gpqa_t64_l2,fixed_4+2,pipelined,64,14,14,10,False,1,0,17301504,86507520.0,51904512.0,34603008.0,33.0,5.0,3.0,3.0,0,all_cores_refetch,5219653.66285266,"[{""admissible"":false,""core"":0,""earliest_start"":9171186.93083004,""predicted_cycles"":823728.5576171875,""predicted_finish"":9994915.488447227,""refetch"":3.0},{""admissible"":true,""core"":1,""earliest_start"":5220157.66285266,""predicted_cycles"":1372835.0573508523,""predicted_finish"":6592992.720203512,""refetch"":5.0}]"
v3_captured_mixed_heldout_gpqa_t64_l2,fixed_4+2,pipelined,64,15,15,9,False,1,0,17301504,86507520.0,51904512.0,34603008.0,33.0,5.0,3.0,3.0,0,all_cores_refetch,6592513.1298676375,"[{""admissible"":false,""core"":0,""earliest_start"":9171186.93083004,""predicted_cycles"":823728.5576171875,""predicted_finish"":9994915.488447227,""refetch"":3.0},{""admissible"":true,""core"":1,""earliest_start"":6593017.1298676375,""predicted_cycles"":1372835.0573508523,""predicted_finish"":7965852.18721849,""refetch"":5.0}]"
v3_captured_mixed_heldout_gpqa_t64_l2,fixed_4+2,pipelined,64,18,18,6,False,1,0,17301504,51904512.0,34603008.0,17301504.0,16.5,3.0,2.0,2.0,0,all_cores_refetch,15378566.05714906,"[{""admissible"":false,""core"":0,""earliest_start"":15927696.779879605,""predicted_cycles"":549137.08984375,""predicted_finish"":16476833.869723355,""refetch"":2.0},{""admissible"":true,""core"":1,""earliest_start"":15379070.05714906,""predicted_cycles"":823684.2533735796,""predicted_finish"":16202754.31052264,""refetch"":3.0}]"
v3_captured_mixed_heldout_gpqa_t64_l2,fixed_4+2,pipelined,64,22,22,5,False,1,0,17301504,51904512.0,34603008.0,17301504.0,16.5,3.0,2.0,2.0,0,all_cores_refetch,16202244.817251146,"[{""admissible"":false,""core"":0,""earliest_start"":16476719.156337958,""predicted_cycles"":549132.8984375,""predicted_finish"":17025852.054775458,""refetch"":2.0},{""admissible"":true,""core"":1,""earliest_start"":16202748.817251146,""predicted_cycles"":823677.3650568182,""predicted_finish"":17026426.182307962,""refetch"":3.0}]"
v3_captured_mixed_heldout_gpqa_t64_l2,fixed_4+2,pipelined,64,27,27,8,False,1,0,17301504,69206016.0,34603008.0,34603008.0,33.0,4.0,2.0,2.0,0,all_cores_refetch,17025934.732468143,"[{""admissible"":false,""core"":0,""earliest_start"":17575070.389296856,""predicted_cycles"":549128.70703125,""predicted_finish"":18124199.096328106,""refetch"":2.0},{""admissible"":true,""core"":1,""earliest_start"":17026438.732468143,""predicted_cycles"":1098167.8215553977,""predicted_finish"":18124606.55402354,""refetch"":4.0}]"
v3_captured_mixed_heldout_gpqa_t64_l2,fixed_4+2,pipelined,64,30,30,9,False,1,0,17301504,86507520.0,51904512.0,34603008.0,33.0,5.0,3.0,3.0,0,all_cores_refetch,7965372.723120814,"[{""admissible"":false,""core"":0,""earliest_start"":9195858.909969978,""predicted_cycles"":823728.5576171875,""predicted_finish"":10019587.467587166,""refetch"":3.0},{""admissible"":true,""core"":1,""earliest_start"":7965876.723120814,""predicted_cycles"":1372823.578125,""predicted_finish"":9338700.301245814,""refetch"":5.0}]"
v3_captured_mixed_heldout_gpqa_t64_l2,fixed_4+2,pipelined,64,32,32,7,False,1,0,17301504,69206016.0,34603008.0,34603008.0,33.0,4.0,2.0,2.0,0,all_cores_refetch,18124173.424717654,"[{""admissible"":false,""core"":0,""earliest_start"":18673348.997943766,""predicted_cycles"":549132.8984375,""predicted_finish"":19222481.896381266,""refetch"":2.0},{""admissible"":true,""core"":1,""earliest_start"":18124677.424717654,""predicted_cycles"":1098158.6377840908,""predicted_finish"":19222836.062501743,""refetch"":4.0}]"
v3_captured_mixed_heldout_gpqa_t64_l2,fixed_4+2,pipelined,64,41,41,7,False,1,0,17301504,69206016.0,34603008.0,34603008.0,33.0,4.0,2.0,2.0,0,all_cores_refetch,19222410.870166726,"[{""admissible"":false,""core"":0,""earliest_start"":19771622.47680889,""predicted_cycles"":549137.08984375,""predicted_finish"":20320759.56665264,""refetch"":2.0},{""admissible"":true,""core"":1,""earliest_start"":19222914.870166726,""predicted_cycles"":1098177.0053267046,""predicted_finish"":20321091.87549343,""refetch"":4.0}]"
v3_captured_mixed_heldout_gpqa_t64_l2,fixed_4+2,pipelined,64,43,43,13,False,1,0,17301504,121110528.0,69206016.0,51904512.0,49.5,7.0,4.0,4.0,0,all_cores_refetch,3310.6666666666665,"[{""admissible"":false,""core"":0,""earliest_start"":9075466.061197916,""predicted_cycles"":1098219.431640625,""predicted_finish"":10173685.492838541,""refetch"":4.0},{""admissible"":true,""core"":1,""earliest_start"":3292.6666666666665,""predicted_cycles"":1921779.2274502844,""predicted_finish"":1925071.8941169512,""refetch"":7.0}]"
v3_captured_mixed_heldout_gpqa_t64_l2,fixed_4+2,pipelined,64,44,45,9,False,1,0,17301504,86507520.0,51904512.0,34603008.0,33.0,5.0,3.0,3.0,0,all_cores_refetch,9338153.628007036,"[{""admissible"":false,""core"":0,""earliest_start"":10161874.185624223,""predicted_cycles"":823728.5576171875,""predicted_finish"":10985602.74324141,""refetch"":3.0},{""admissible"":true,""core"":1,""earliest_start"":9338657.628007036,""predicted_cycles"":1372846.5365767044,""predicted_finish"":10711504.16458374,""refetch"":5.0}]"
v3_captured_mixed_heldout_gpqa_t64_l2,fixed_4+2,pipelined,64,47,48,6,False,1,0,17301504,51904512.0,34603008.0,17301504.0,16.5,3.0,2.0,2.0,0,all_cores_refetch,20320648.177082412,"[{""admissible"":false,""core"":0,""earliest_start"":20869890.331407268,""predicted_cycles"":549137.08984375,""predicted_finish"":21419027.421251018,""refetch"":2.0},{""admissible"":true,""core"":1,""earliest_start"":20321152.177082412,""predicted_cycles"":823704.9183238636,""predicted_finish"":21144857.095406275,""refetch"":3.0}]"
v3_captured_mixed_heldout_gpqa_t64_l2,fixed_4+2,pipelined,64,49,50,12,False,1,0,17301504,103809024.0,51904512.0,51904512.0,49.5,6.0,3.0,3.0,0,all_cores_refetch,10710965.855444903,"[{""admissible"":false,""core"":0,""earliest_start"":10985475.450823976,""predicted_cycles"":823728.5576171875,""predicted_finish"":11809204.008441163,""refetch"":3.0},{""admissible"":true,""core"":1,""earliest_start"":10711469.855444903,""predicted_cycles"":1647382.9021661934,""predicted_finish"":12358852.757611096,""refetch"":6.0}]"
v3_captured_mixed_heldout_gpqa_t64_l2,fixed_4+2,pipelined,64,50,51,14,False,1,0,17301504,121110528.0,69206016.0,51904512.0,49.5,7.0,4.0,4.0,0,all_cores_refetch,1924897.333333333,"[{""admissible"":false,""core"":0,""earliest_start"":9075466.061197916,""predicted_cycles"":1098219.431640625,""predicted_finish"":10173685.492838541,""refetch"":4.0},{""admissible"":true,""core"":1,""earliest_start"":1925401.333333333,""predicted_cycles"":1921779.2274502844,""predicted_finish"":3847180.560783617,""refetch"":7.0}]"
v3_captured_mixed_heldout_gpqa_t64_l2,fixed_4+2,pipelined,64,52,53,7,False,1,0,17301504,69206016.0,34603008.0,34603008.0,33.0,4.0,2.0,2.0,0,all_cores_refetch,21144325.47017304,"[{""admissible"":false,""core"":0,""earliest_start"":21418858.140263643,""predicted_cycles"":549137.08984375,""predicted_finish"":21967995.230107393,""refetch"":2.0},{""admissible"":true,""core"":1,""earliest_start"":21144829.47017304,""predicted_cycles"":1098204.556640625,""predicted_finish"":22243034.026813664,""refetch"":4.0}]"
v3_captured_mixed_heldout_gpqa_t64_l2,fixed_4+2,pipelined,64,58,59,8,False,1,0,17301504,69206016.0,34603008.0,34603008.0,33.0,4.0,2.0,2.0,0,all_cores_refetch,22242460.972416647,"[{""admissible"":false,""core"":0,""earliest_start"":22517584.966803424,""predicted_cycles"":549120.32421875,""predicted_finish"":23066705.291022174,""refetch"":2.0},{""admissible"":true,""core"":1,""earliest_start"":22242964.972416647,""predicted_cycles"":1098204.556640625,""predicted_finish"":23341169.52905727,""refetch"":4.0}]"
v3_captured_mixed_heldout_gpqa_t64_l2,fixed_4+2,pipelined,64,62,63,10,False,1,0,17301504,86507520.0,51904512.0,34603008.0,33.0,5.0,3.0,3.0,0,all_cores_refetch,12358350.223686647,"[{""admissible"":false,""core"":0,""earliest_start"":12632861.859430203,""predicted_cycles"":823715.9853515625,""predicted_finish"":13456577.844781766,""refetch"":3.0},{""admissible"":true,""core"":1,""earliest_start"":12358854.223686647,""predicted_cycles"":1372823.578125,""predicted_finish"":13731677.801811647,""refetch"":5.0}]"
v3_captured_mixed_heldout_gpqa_t64_l26,fixed_4+2,pipelined,64,7,8,5,False,1,0,17301504,51904512.0,34603008.0,17301504.0,16.5,3.0,2.0,2.0,0,all_cores_refetch,15653065.580892531,"[{""admissible"":false,""core"":0,""earliest_start"":16202097.07919515,""predicted_cycles"":548944.28515625,""predicted_finish"":16751041.3643514,""refetch"":2.0},{""admissible"":true,""core"":1,""earliest_start"":15653569.580892531,""predicted_cycles"":823677.3650568182,""predicted_finish"":16477246.94594935,""refetch"":3.0}]"
v3_captured_mixed_heldout_gpqa_t64_l26,fixed_4+2,pipelined,64,8,9,11,False,1,0,17301504,103809024.0,51904512.0,51904512.0,49.5,6.0,3.0,3.0,0,all_cores_refetch,2199439.333333333,"[{""admissible"":false,""core"":0,""earliest_start"":9190404.580729166,""predicted_cycles"":823703.4130859375,""predicted_finish"":10014107.993815104,""refetch"":3.0},{""admissible"":true,""core"":1,""earliest_start"":2199943.333333333,""predicted_cycles"":1647341.578125,""predicted_finish"":3847284.911458333,""refetch"":6.0}]"
v3_captured_mixed_heldout_gpqa_t64_l26,fixed_4+2,pipelined,64,9,10,15,False,1,0,17301504,138412032.0,69206016.0,69206016.0,66.0,8.0,4.0,4.0,0,all_cores_refetch,3292.6666666666665,"[{""admissible"":false,""core"":0,""earliest_start"":9190404.580729166,""predicted_cycles"":1098185.908203125,""predicted_finish"":10288590.488932291,""refetch"":4.0},{""admissible"":true,""core"":1,""earliest_start"":3274.6666666666665,""predicted_cycles"":2196377.578125,""predicted_finish"":2199652.2447916665,""refetch"":8.0}]"
v3_captured_mixed_heldout_gpqa_t64_l26,fixed_4+2,pipelined,64,10,11,12,False,1,0,17301504,103809024.0,51904512.0,51904512.0,49.5,6.0,3.0,3.0,0,all_cores_refetch,3846853.924242424,"[{""admissible"":false,""core"":0,""earliest_start"":9171128.521739129,""predicted_cycles"":823703.4130859375,""predicted_finish"":9994831.934825066,""refetch"":3.0},{""admissible"":true,""core"":1,""earliest_start"":3847357.924242424,""predicted_cycles"":1647382.9021661934,""predicted_finish"":5494740.826408617,""refetch"":6.0}]"
v3_captured_mixed_heldout_gpqa_t64_l26,fixed_4+2,pipelined,64,13,14,6,False,1,0,17301504,51904512.0,34603008.0,17301504.0,16.5,3.0,2.0,2.0,0,all_cores_refetch,16476742.849909611,"[{""admissible"":false,""core"":0,""earliest_start"":16751256.740172787,""predicted_cycles"":549028.11328125,""predicted_finish"":17300284.85345404,""refetch"":2.0},{""admissible"":true,""core"":1,""earliest_start"":16477246.849909611,""predicted_cycles"":823677.3650568182,""predicted_finish"":17300924.214966428,""refetch"":3.0}]"
v3_captured_mixed_heldout_gpqa_t64_l26,fixed_4+2,pipelined,64,15,16,10,False,1,0,17301504,86507520.0,51904512.0,34603008.0,33.0,5.0,3.0,3.0,0,all_cores_refetch,5494195.662225677,"[{""admissible"":false,""core"":0,""earliest_start"":9171168.93083004,""predicted_cycles"":823703.4130859375,""predicted_finish"":9994872.343915977,""refetch"":3.0},{""admissible"":true,""core"":1,""earliest_start"":5494699.662225677,""predicted_cycles"":1372869.495028409,""predicted_finish"":6867569.157254086,""refetch"":5.0}]"
v3_captured_mixed_heldout_gpqa_t64_l26,fixed_4+2,pipelined,64,16,17,9,False,1,0,17301504,86507520.0,51904512.0,34603008.0,33.0,5.0,3.0,3.0,0,all_cores_refetch,6867055.129266779,"[{""admissible"":false,""core"":0,""earliest_start"":9171168.93083004,""predicted_cycles"":823703.4130859375,""predicted_finish"":9994872.343915977,""refetch"":3.0},{""admissible"":true,""core"":1,""earliest_start"":6867559.129266779,""predicted_cycles"":1372869.495028409,""predicted_finish"":8240428.624295188,""refetch"":5.0}]"
v3_captured_mixed_heldout_gpqa_t64_l26,fixed_4+2,pipelined,64,19,20,11,False,1,0,17301504,103809024.0,51904512.0,51904512.0,49.5,6.0,3.0,3.0,0,all_cores_refetch,8239914.722500956,"[{""admissible"":false,""core"":0,""earliest_start"":9195840.910144141,""predicted_cycles"":823703.4130859375,""predicted_finish"":10019544.323230078,""refetch"":3.0},{""admissible"":true,""core"":1,""earliest_start"":8240418.722500956,""predicted_cycles"":1647369.1274857956,""predicted_finish"":9887787.84998675,""refetch"":6.0}]"
v3_captured_mixed_heldout_gpqa_t64_l26,fixed_4+2,pipelined,64,22,23,6,False,1,0,17301504,51904512.0,34603008.0,17301504.0,16.5,3.0,2.0,2.0,0,all_cores_refetch,17300432.53999652,"[{""admissible"":false,""core"":0,""earliest_start"":17849580.81810724,""predicted_cycles"":549053.26171875,""predicted_finish"":18398634.07982599,""refetch"":2.0},{""admissible"":true,""core"":1,""earliest_start"":17300936.53999652,""predicted_cycles"":823691.1416903409,""predicted_finish"":18124627.68168686,""refetch"":3.0}]"
v3_captured_mixed_heldout_gpqa_t64_l26,fixed_4+2,pipelined,64,25,26,5,False,1,0,17301504,51904512.0,34603008.0,17301504.0,16.5,3.0,2.0,2.0,0,all_cores_refetch,18124111.208799116,"[{""admissible"":false,""core"":0,""earliest_start"":18398639.371676534,""predicted_cycles"":549086.79296875,""predicted_finish"":18947726.164645284,""refetch"":2.0},{""admissible"":true,""core"":1,""earliest_start"":18124615.208799116,""predicted_cycles"":823684.2533735796,""predicted_finish"":18948299.462172695,""refetch"":3.0}]"
v3_captured_mixed_heldout_gpqa_t64_l26,fixed_4+2,pipelined,64,27,28,10,False,1,0,17301504,86507520.0,51904512.0,34603008.0,33.0,5.0,3.0,3.0,0,all_cores_refetch,9887298.960096693,"[{""admissible"":false,""core"":0,""earliest_start"":10161721.71932435,""predicted_cycles"":823703.4130859375,""predicted_finish"":10985425.132410288,""refetch"":3.0},{""admissible"":true,""core"":1,""earliest_start"":9887802.960096693,""predicted_cycles"":1372858.0158025566,""predicted_finish"":11260660.97589925,""refetch"":5.0}]"
v3_captured_mixed_heldout_gpqa_t64_l26,fixed_4+2,pipelined,64,35,36,8,False,1,0,17301504,69206016.0,34603008.0,34603008.0,33.0,4.0,2.0,2.0,0,all_cores_refetch,18947801.01080333,"[{""admissible"":false,""core"":0,""earliest_start"":19497006.598385107,""predicted_cycles"":549095.17578125,""predicted_finish"":20046101.774166357,""refetch"":2.0},{""admissible"":true,""core"":1,""earliest_start"":18948305.01080333,""predicted_cycles"":1098177.0053267046,""predicted_finish"":20046482.016130034,""refetch"":4.0}]"
v3_captured_mixed_heldout_gpqa_t64_l26,fixed_4+2,pipelined,64,44,45,9,False,1,0,17301504,86507520.0,51904512.0,34603008.0,33.0,5.0,3.0,3.0,0,all_cores_refetch,11260127.873578317,"[{""admissible"":false,""core"":0,""earliest_start"":11809474.231483595,""predicted_cycles"":823665.6962890625,""predicted_finish"":12633139.927772658,""refetch"":3.0},{""admissible"":true,""core"":1,""earliest_start"":11260631.873578317,""predicted_cycles"":1372846.5365767044,""predicted_finish"":12633478.410155023,""refetch"":5.0}]"
v3_captured_mixed_heldout_gpqa_t64_l26,fixed_4+2,pipelined,64,46,47,7,False,1,0,17301504,69206016.0,34603008.0,34603008.0,33.0,4.0,2.0,2.0,0,all_cores_refetch,20046039.690473642,"[{""admissible"":false,""core"":0,""earliest_start"":20595297.949609857,""predicted_cycles"":549111.94140625,""predicted_finish"":21144409.891016107,""refetch"":2.0},{""admissible"":true,""core"":1,""earliest_start"":20046543.690473642,""predicted_cycles"":1098167.8215553977,""predicted_finish"":21144711.51202904,""refetch"":4.0}]"
v3_captured_mixed_heldout_gpqa_t64_l26,fixed_4+2,pipelined,64,52,53,6,False,1,0,17301504,51904512.0,34603008.0,17301504.0,16.5,3.0,2.0,2.0,0,all_cores_refetch,21144277.134525023,"[{""admissible"":false,""core"":0,""earliest_start"":21693579.87020256,""predicted_cycles"":549124.515625,""predicted_finish"":22242704.38582756,""refetch"":2.0},{""admissible"":true,""core"":1,""earliest_start"":21144781.134525023,""predicted_cycles"":823698.0300071023,""predicted_finish"":21968479.164532125,""refetch"":3.0}]"
v3_captured_mixed_heldout_gpqa_t64_l26,fixed_4+2,pipelined,64,56,57,11,False,1,0,17301504,103809024.0,51904512.0,51904512.0,49.5,6.0,3.0,3.0,0,all_cores_refetch,12632912.999026267,"[{""admissible"":false,""core"":0,""earliest_start"":13456634.401930576,""predicted_cycles"":823690.8408203125,""predicted_finish"":14280325.242750889,""refetch"":3.0},{""admissible"":true,""core"":1,""earliest_start"":12633416.999026267,""predicted_cycles"":1647369.1274857956,""predicted_finish"":14280786.126512062,""refetch"":6.0}]"
v3_captured_mixed_heldout_gpqa_t64_l26,fixed_4+2,pipelined,64,60,61,8,False,1,0,17301504,69206016.0,34603008.0,34603008.0,33.0,4.0,2.0,2.0,0,all_cores_refetch,21967954.44285295,"[{""admissible"":false,""core"":0,""earliest_start"":22242561.175165705,""predicted_cycles"":549128.70703125,""predicted_finish"":22791689.882196955,""refetch"":2.0},{""admissible"":true,""core"":1,""earliest_start"":21968458.44285295,""predicted_cycles"":1098195.3728693181,""predicted_finish"":23066653.815722268,""refetch"":4.0}]"
v3_captured_mixed_heldout_gpqa_t64_l26,fixed_4+2,pipelined,64,62,63,10,False,1,0,17301504,86507520.0,51904512.0,34603008.0,33.0,5.0,3.0,3.0,0,all_cores_refetch,14280268.4916968,"[{""admissible"":false,""core"":0,""earliest_start"":15104023.718286188,""predicted_cycles"":823697.126953125,""predicted_finish"":15927720.845239313,""refetch"":3.0},{""admissible"":true,""core"":1,""earliest_start"":14280772.4916968,""predicted_cycles"":1372835.0573508523,""predicted_finish"":15653607.54904765,""refetch"":5.0}]"
v3_captured_mixed_heldout_swe_t64_l13,fixed_4+2,pipelined,64,2,3,9,False,1,0,17301504,86507520.0,51904512.0,34603008.0,33.0,5.0,3.0,3.0,0,all_cores_refetch,14829009.64298352,"[{""admissible"":false,""core"":0,""earliest_start"":14829536.27701036,""predicted_cycles"":823741.1298828125,""predicted_finish"":15653277.406893173,""refetch"":3.0},{""admissible"":true,""core"":1,""earliest_start"":14829513.64298352,""predicted_cycles"":1372812.0988991477,""predicted_finish"":16202325.741882669,""refetch"":5.0}]"
v3_captured_mixed_heldout_swe_t64_l13,fixed_4+2,pipelined,64,5,6,35,False,1,0,17301504,311427072.0,155713536.0,155713536.0,148.5,18.0,9.0,9.0,0,all_cores_refetch,3164.6666666666665,"[{""admissible"":false,""core"":0,""earliest_start"":9255019.750651041,""predicted_cycles"":2449141.9716796875,""predicted_finish"":11704161.722330729,""refetch"":9.0},{""admissible"":true,""core"":1,""earliest_start"":3146.6666666666665,""predicted_cycles"":4941640.218394887,""predicted_finish"":4944786.885061554,""refetch"":18.0}]"
v3_captured_mixed_heldout_swe_t64_l13,fixed_4+2,pipelined,64,16,21,5,False,1,0,17301504,51904512.0,34603008.0,17301504.0,16.5,3.0,2.0,2.0,0,all_cores_refetch,19221794.00777973,"[{""admissible"":false,""core"":0,""earliest_start"":19222706.416172385,""predicted_cycles"":549179.00390625,""predicted_finish"":19771885.420078635,""refetch"":2.0},{""admissible"":true,""core"":1,""earliest_start"":19222298.00777973,""predicted_cycles"":823649.8117897728,""predicted_finish"":20045947.819569502,""refetch"":3.0}]"
v3_captured_mixed_heldout_swe_t64_l13,fixed_4+2,pipelined,64,23,31,11,False,1,0,17301504,103809024.0,51904512.0,51904512.0,49.5,6.0,3.0,3.0,0,all_cores_refetch,16201822.351824492,"[{""admissible"":false,""core"":0,""earliest_start"":16476815.527010359,""predicted_cycles"":823734.84375,""predicted_finish"":17300550.37076036,""refetch"":3.0},{""admissible"":true,""core"":1,""earliest_start"":16202326.351824492,""predicted_cycles"":1647327.8034446023,""predicted_finish"":17849654.155269094,""refetch"":6.0}]"
v3_captured_mixed_heldout_swe_t64_l13,fixed_4+2,pipelined,64,24,32,5,False,1,0,17301504,51904512.0,34603008.0,17301504.0,16.5,3.0,2.0,2.0,0,all_cores_refetch,20045447.97060515,"[{""admissible"":false,""core"":0,""earliest_start"":20321251.683630604,""predicted_cycles"":549145.47265625,""predicted_finish"":20870397.156286854,""refetch"":2.0},{""admissible"":true,""core"":1,""earliest_start"":20045951.97060515,""predicted_cycles"":823649.8117897728,""predicted_finish"":20869601.782394923,""refetch"":3.0}]"
v3_captured_mixed_heldout_swe_t64_l13,fixed_4+2,pipelined,64,27,35,6,False,1,0,17301504,51904512.0,34603008.0,17301504.0,16.5,3.0,2.0,2.0,0,all_cores_refetch,20869106.264475558,"[{""admissible"":false,""core"":0,""earliest_start"":20870185.94012792,""predicted_cycles"":549170.62109375,""predicted_finish"":21419356.56122167,""refetch"":2.0},{""admissible"":true,""core"":1,""earliest_start"":20869610.264475558,""predicted_cycles"":823656.7001065342,""predicted_finish"":21693266.964582093,""refetch"":3.0}]"
v3_captured_mixed_heldout_swe_t64_l13,fixed_4+2,pipelined,64,28,36,13,False,1,0,17301504,121110528.0,69206016.0,51904512.0,49.5,7.0,4.0,4.0,0,all_cores_refetch,12907091.396278787,"[{""admissible"":false,""core"":0,""earliest_start"":13731264.101729589,""predicted_cycles"":1098219.431640625,""predicted_finish"":14829483.533370214,""refetch"":4.0},{""admissible"":true,""core"":1,""earliest_start"":12907595.396278787,""predicted_cycles"":1921843.507990057,""predicted_finish"":14829438.904268844,""refetch"":7.0}]"
v3_captured_mixed_heldout_swe_t64_l13,fixed_4+2,pipelined,64,33,42,8,False,1,0,17301504,69206016.0,34603008.0,34603008.0,33.0,4.0,2.0,2.0,0,all_cores_refetch,21692739.80685304,"[{""admissible"":false,""core"":0,""earliest_start"":21968745.004176363,""predicted_cycles"":549145.47265625,""predicted_finish"":22517890.476832613,""refetch"":2.0},{""admissible"":true,""core"":1,""earliest_start"":21693243.80685304,""predicted_cycles"":1098112.7189275569,""predicted_finish"":22791356.5257806,""refetch"":4.0}]"
v3_captured_mixed_heldout_swe_t64_l13,fixed_4+2,pipelined,64,39,49,22,False,1,0,17301504,190316544.0,103809024.0,86507520.0,82.5,11.0,6.0,6.0,0,all_cores_refetch,9886925.477956872,"[{""admissible"":false,""core"":0,""earliest_start"":11260113.142857144,""predicted_cycles"":1647364.59375,""predicted_finish"":12907477.736607144,""refetch"":6.0},{""admissible"":true,""core"":1,""earliest_start"":9887429.477956872,""predicted_cycles"":3020133.59375,""predicted_finish"":12907563.071706872,""refetch"":11.0}]"
v3_captured_mixed_heldout_swe_t64_l13,fixed_4+2,pipelined,64,45,56,9,False,1,0,17301504,86507520.0,51904512.0,34603008.0,33.0,5.0,3.0,3.0,0,all_cores_refetch,17849085.001602538,"[{""admissible"":false,""core"":0,""earliest_start"":18124381.09751828,""predicted_cycles"":823703.4130859375,""predicted_finish"":18948084.510604218,""refetch"":3.0},{""admissible"":true,""core"":1,""earliest_start"":17849589.001602538,""predicted_cycles"":1372823.578125,""predicted_finish"":19222412.579727538,""refetch"":5.0}]"
v3_captured_mixed_heldout_swe_t64_l13,fixed_4+2,pipelined,64,46,57,36,False,1,0,17301504,311427072.0,155713536.0,155713536.0,148.5,18.0,9.0,9.0,0,all_cores_refetch,4944911.333333332,"[{""admissible"":false,""core"":0,""earliest_start"":9171185.188405797,""predicted_cycles"":2449141.9716796875,""predicted_finish"":11620327.160085484,""refetch"":9.0},{""admissible"":true,""core"":1,""earliest_start"":4945415.333333332,""predicted_cycles"":4941640.218394887,""predicted_finish"":9887055.551728219,""refetch"":18.0}]"
v3_captured_mixed_heldout_swe_t64_l13,fixed_4+2,pipelined,64,51,63,6,False,1,0,17301504,51904512.0,34603008.0,17301504.0,16.5,3.0,2.0,2.0,0,all_cores_refetch,22790882.521047387,"[{""admissible"":false,""core"":0,""earliest_start"":23067165.31000653,""predicted_cycles"":549162.23828125,""predicted_finish"":23616327.54828778,""refetch"":2.0},{""admissible"":true,""core"":1,""earliest_start"":22791386.521047387,""predicted_cycles"":823656.7001065342,""predicted_finish"":23615043.221153922,""refetch"":3.0}]"
v3_captured_mixed_heldout_swe_t64_l2,fixed_4+2,pipelined,64,0,0,19,False,1,0,17301504,173015040.0,86507520.0,86507520.0,82.5,10.0,5.0,5.0,0,all_cores_refetch,3252.6666666666665,"[{""admissible"":false,""core"":0,""earliest_start"":9227330.152994791,""predicted_cycles"":1372867.439453125,""predicted_finish"":10600197.592447916,""refetch"":5.0},{""admissible"":true,""core"":1,""earliest_start"":3234.6666666666665,""predicted_cycles"":2745574.2736150566,""predicted_finish"":2748808.940281723,""refetch"":10.0}]"
v3_captured_mixed_heldout_swe_t64_l2,fixed_4+2,pipelined,64,8,8,15,False,1,0,17301504,138412032.0,69206016.0,69206016.0,66.0,8.0,4.0,4.0,0,all_cores_refetch,2748519.333333334,"[{""admissible"":false,""core"":0,""earliest_start"":9171129.188405795,""predicted_cycles"":1098177.52734375,""predicted_finish"":10269306.715749545,""refetch"":4.0},{""admissible"":true,""core"":1,""earliest_start"":2749023.333333334,""predicted_cycles"":2196322.481356534,""predicted_finish"":4945345.814689868,""refetch"":8.0}]"
v3_captured_mixed_heldout_swe_t64_l2,fixed_4+2,pipelined,64,9,9,5,False,1,0,17301504,51904512.0,34603008.0,17301504.0,16.5,3.0,2.0,2.0,0,all_cores_refetch,16201867.886742858,"[{""admissible"":false,""core"":0,""earliest_start"":16477049.416420743,""predicted_cycles"":549166.4296875,""predicted_finish"":17026215.846108243,""refetch"":2.0},{""admissible"":true,""core"":1,""earliest_start"":16202371.886742858,""predicted_cycles"":823642.9234730114,""predicted_finish"":17026014.810215868,""refetch"":3.0}]"
v3_captured_mixed_heldout_swe_t64_l2,fixed_4+2,pipelined,64,11,11,15,False,1,0,17301504,138412032.0,69206016.0,69206016.0,66.0,8.0,4.0,4.0,0,all_cores_refetch,4944989.448051948,"[{""admissible"":false,""core"":0,""earliest_start"":9171124.855072461,""predicted_cycles"":1098177.52734375,""predicted_finish"":10269302.382416211,""refetch"":4.0},{""admissible"":true,""core"":1,""earliest_start"":4945493.448051948,""predicted_cycles"":2196322.481356534,""predicted_finish"":7141815.929408482,""refetch"":8.0}]"
v3_captured_mixed_heldout_swe_t64_l2,fixed_4+2,pipelined,64,12,12,4,False,1,0,17301504,34603008.0,17301504,17301504.0,16.5,2.0,1.0,1.0,0,immediate_refetch_faster_than_wait,22790999.127944216,"[{""admissible"":false,""core"":0,""earliest_start"":23067298.9595764,""predicted_cycles"":274205.8662109375,""predicted_finish"":23341504.82578734,""refetch"":1.0},{""admissible"":true,""core"":1,""earliest_start"":22791503.127944216,""predicted_cycles"":549191.4994673296,""predicted_finish"":23340694.627411544,""refetch"":2.0}]"
v3_captured_mixed_heldout_swe_t64_l2,fixed_4+2,pipelined,64,15,15,16,False,1,0,17301504,138412032.0,69206016.0,69206016.0,66.0,8.0,4.0,4.0,0,all_cores_refetch,7141462.948773448,"[{""admissible"":false,""core"":0,""earliest_start"":9195909.46320346,""predicted_cycles"":1098177.52734375,""predicted_finish"":10294086.99054721,""refetch"":4.0},{""admissible"":true,""core"":1,""earliest_start"":7141966.948773448,""predicted_cycles"":2196377.578125,""predicted_finish"":9338344.526898447,""refetch"":8.0}]"
v3_captured_mixed_heldout_swe_t64_l2,fixed_4+2,pipelined,64,17,17,8,False,1,0,17301504,69206016.0,34603008.0,34603008.0,33.0,4.0,2.0,2.0,0,all_cores_refetch,17025547.630984362,"[{""admissible"":false,""core"":0,""earliest_start"":17026197.272839177,""predicted_cycles"":549170.62109375,""predicted_finish"":17575367.893932927,""refetch"":2.0},{""admissible"":true,""core"":1,""earliest_start"":17026051.630984362,""predicted_cycles"":1098112.7189275569,""predicted_finish"":18124164.34991192,""refetch"":4.0}]"
v3_captured_mixed_heldout_swe_t64_l2,fixed_4+2,pipelined,64,18,18,9,False,1,0,17301504,86507520.0,51904512.0,34603008.0,33.0,5.0,3.0,3.0,0,all_cores_refetch,11534369.413914891,"[{""admissible"":false,""core"":0,""earliest_start"":12083958.143954491,""predicted_cycles"":823703.4130859375,""predicted_finish"":12907661.557040429,""refetch"":3.0},{""admissible"":true,""core"":1,""earliest_start"":11534873.413914891,""predicted_cycles"":1372858.0158025566,""predicted_finish"":12907731.429717448,""refetch"":5.0}]"
v3_captured_mixed_heldout_swe_t64_l2,fixed_4+2,pipelined,64,31,32,5,False,1,0,17301504,51904512.0,34603008.0,17301504.0,16.5,3.0,2.0,2.0,0,all_cores_refetch,18123805.352656677,"[{""admissible"":false,""core"":0,""earliest_start"":18124467.072481137,""predicted_cycles"":549158.046875,""predicted_finish"":18673625.119356137,""refetch"":2.0},{""admissible"":true,""core"":1,""earliest_start"":18124309.352656677,""predicted_cycles"":823629.1468394886,""predicted_finish"":18947938.499496166,""refetch"":3.0}]"
v3_captured_mixed_heldout_swe_t64_l2,fixed_4+2,pipelined,64,35,36,3,False,1,0,17301504,34603008.0,17301504,17301504.0,16.5,2.0,1.0,1.0,0,immediate_refetch_faster_than_wait,25811985.87595896,"[{""admissible"":false,""core"":0,""earliest_start"":26086955.014536925,""predicted_cycles"":274503.5947265625,""predicted_finish"":26361458.609263487,""refetch"":1.0},{""admissible"":true,""core"":1,""earliest_start"":25811977.87595896,""predicted_cycles"":549159.3494318181,""predicted_finish"":26361137.225390777,""refetch"":2.0}]"
v3_captured_mixed_heldout_swe_t64_l2,fixed_4+2,pipelined,64,39,40,6,False,1,0,17301504,51904512.0,34603008.0,17301504.0,16.5,3.0,2.0,2.0,0,all_cores_refetch,18947432.26877851,"[{""admissible"":false,""core"":0,""earliest_start"":19223037.652760264,""predicted_cycles"":549128.70703125,""predicted_finish"":19772166.359791514,""refetch"":2.0},{""admissible"":true,""core"":1,""earliest_start"":18947936.26877851,""predicted_cycles"":823656.7001065342,""predicted_finish"":19771592.968885045,""refetch"":3.0}]"
v3_captured_mixed_heldout_swe_t64_l2,fixed_4+2,pipelined,64,44,45,11,False,1,0,17301504,103809024.0,51904512.0,51904512.0,49.5,6.0,3.0,3.0,0,all_cores_refetch,12907196.539437953,"[{""admissible"":false,""core"":0,""earliest_start"":13731382.47882059,""predicted_cycles"":823709.69921875,""predicted_finish"":14555092.17803934,""refetch"":3.0},{""admissible"":true,""core"":1,""earliest_start"":12907700.539437953,""predicted_cycles"":1647382.9021661934,""predicted_finish"":14555083.441604147,""refetch"":6.0}]"
v3_captured_mixed_heldout_swe_t64_l2,fixed_4+2,pipelined,64,45,46,16,False,1,0,17301504,138412032.0,69206016.0,69206016.0,66.0,8.0,4.0,4.0,0,all_cores_refetch,9337929.379936432,"[{""admissible"":false,""core"":0,""earliest_start"":10436098.907280182,""predicted_cycles"":1098177.52734375,""predicted_finish"":11534276.434623932,""refetch"":4.0},{""admissible"":true,""core"":1,""earliest_start"":9338433.379936432,""predicted_cycles"":2196414.309303977,""predicted_finish"":11534847.689240409,""refetch"":8.0}]"
v3_captured_mixed_heldout_swe_t64_l2,fixed_4+2,pipelined,64,47,48,6,False,1,0,17301504,51904512.0,34603008.0,17301504.0,16.5,3.0,2.0,2.0,0,all_cores_refetch,19771086.916485056,"[{""admissible"":false,""core"":0,""earliest_start"":19771939.282726932,""predicted_cycles"":549158.046875,""predicted_finish"":20321097.329601932,""refetch"":2.0},{""admissible"":true,""core"":1,""earliest_start"":19771590.916485056,""predicted_cycles"":823670.4767400569,""predicted_finish"":20595261.393225115,""refetch"":3.0}]"
v3_captured_mixed_heldout_swe_t64_l2,fixed_4+2,pipelined,64,54,55,8,False,1,0,17301504,69206016.0,34603008.0,34603008.0,33.0,4.0,2.0,2.0,0,all_cores_refetch,20594718.11919194,"[{""admissible"":false,""core"":0,""earliest_start"":20870499.932305846,""predicted_cycles"":549141.28125,""predicted_finish"":21419641.213555846,""refetch"":2.0},{""admissible"":true,""core"":1,""earliest_start"":20595222.11919194,""predicted_cycles"":1098121.9026988635,""predicted_finish"":21693344.021890804,""refetch"":4.0}]"
v3_captured_mixed_heldout_swe_t64_l2,fixed_4+2,pipelined,64,56,57,11,False,1,0,17301504,103809024.0,51904512.0,51904512.0,49.5,6.0,3.0,3.0,0,all_cores_refetch,14554561.98117755,"[{""admissible"":false,""core"":0,""earliest_start"":14555068.942318277,""predicted_cycles"":823709.69921875,""predicted_finish"":15378778.641537027,""refetch"":3.0},{""admissible"":true,""core"":1,""earliest_start"":14555065.98117755,""predicted_cycles"":1647341.578125,""predicted_finish"":16202407.55930255,""refetch"":6.0}]"
v3_captured_mixed_heldout_swe_t64_l2,fixed_4+2,pipelined,64,58,60,7,False,1,0,17301504,69206016.0,34603008.0,34603008.0,33.0,4.0,2.0,2.0,0,all_cores_refetch,21692860.600079104,"[{""admissible"":false,""core"":0,""earliest_start"":21968918.48407199,""predicted_cycles"":549158.046875,""predicted_finish"":22518076.53094699,""refetch"":2.0},{""admissible"":true,""core"":1,""earliest_start"":21693364.600079104,""predicted_cycles"":1098140.2702414773,""predicted_finish"":22791504.87032058,""refetch"":4.0}]"
v3_captured_mixed_heldout_swe_t64_l26,fixed_4+2,pipelined,64,1,1,8,False,1,0,17301504,69206016.0,34603008.0,34603008.0,33.0,4.0,2.0,2.0,0,all_cores_refetch,15103806.91396821,"[{""admissible"":false,""core"":0,""earliest_start"":15378563.91428777,""predicted_cycles"":549128.70703125,""predicted_finish"":15927692.62131902,""refetch"":2.0},{""admissible"":true,""core"":1,""earliest_start"":15104310.91396821,""predicted_cycles"":1098186.1890980112,""predicted_finish"":16202497.10306622,""refetch"":4.0}]"
v3_captured_mixed_heldout_swe_t64_l26,fixed_4+2,pipelined,64,8,8,5,False,1,0,17301504,51904512.0,34603008.0,17301504.0,16.5,3.0,2.0,2.0,0,all_cores_refetch,16202027.45030911,"[{""admissible"":false,""core"":0,""earliest_start"":16477186.12950536,""predicted_cycles"":549116.1328125,""predicted_finish"":17026302.26231786,""refetch"":2.0},{""admissible"":true,""core"":1,""earliest_start"":16202531.45030911,""predicted_cycles"":823698.0300071023,""predicted_finish"":17026229.480316214,""refetch"":3.0}]"
v3_captured_mixed_heldout_swe_t64_l26,fixed_4+2,pipelined,64,10,10,13,False,1,0,17301504,121110528.0,69206016.0,51904512.0,49.5,7.0,4.0,4.0,0,all_cores_refetch,2748525.3333333335,"[{""admissible"":false,""core"":0,""earliest_start"":9171135.188405793,""predicted_cycles"":1098194.2890625,""predicted_finish"":10269329.477468293,""refetch"":4.0},{""admissible"":true,""core"":1,""earliest_start"":2749029.3333333335,""predicted_cycles"":1921843.507990057,""predicted_finish"":4670872.841323391,""refetch"":7.0}]"
v3_captured_mixed_heldout_swe_t64_l26,fixed_4+2,pipelined,64,12,12,10,False,1,0,17301504,86507520.0,51904512.0,34603008.0,33.0,5.0,3.0,3.0,0,all_cores_refetch,10985443.347778007,"[{""admissible"":false,""core"":0,""earliest_start"":11260169.432793101,""predicted_cycles"":823703.4130859375,""predicted_finish"":12083872.845879039,""refetch"":3.0},{""admissible"":true,""core"":1,""earliest_start"":10985947.347778007,""predicted_cycles"":1372880.9742542612,""predicted_finish"":12358828.32203227,""refetch"":5.0}]"
v3_captured_mixed_heldout_swe_t64_l26,fixed_4+2,pipelined,64,14,14,6,False,1,0,17301504,51904512.0,34603008.0,17301504.0,16.5,3.0,2.0,2.0,0,all_cores_refetch,17025686.759926558,"[{""admissible"":false,""core"":0,""earliest_start"":17575257.911950674,""predicted_cycles"":549145.47265625,""predicted_finish"":18124403.384606924,""refetch"":2.0},{""admissible"":true,""core"":1,""earliest_start"":17026190.759926558,""predicted_cycles"":823718.6949573864,""predicted_finish"":17849909.454883944,""refetch"":3.0}]"
v3_captured_mixed_heldout_swe_t64_l26,fixed_4+2,pipelined,64,16,16,10,False,1,0,17301504,86507520.0,51904512.0,34603008.0,33.0,5.0,3.0,3.0,0,all_cores_refetch,12358230.732187685,"[{""admissible"":false,""core"":0,""earliest_start"":12907875.983233534,""predicted_cycles"":823703.4130859375,""predicted_finish"":13731579.396319471,""refetch"":3.0},{""admissible"":true,""core"":1,""earliest_start"":12358734.732187685,""predicted_cycles"":1372869.495028409,""predicted_finish"":13731604.227216093,""refetch"":5.0}]"
v3_captured_mixed_heldout_swe_t64_l26,fixed_4+2,pipelined,64,22,22,7,False,1,0,17301504,69206016.0,34603008.0,34603008.0,33.0,4.0,2.0,2.0,0,all_cores_refetch,17849347.80144584,"[{""admissible"":false,""core"":0,""earliest_start"":18124438.956299607,""predicted_cycles"":549141.28125,""predicted_finish"":18673580.237549607,""refetch"":2.0},{""admissible"":true,""core"":1,""earliest_start"":17849851.80144584,""predicted_cycles"":1098186.1890980112,""predicted_finish"":18948037.990543853,""refetch"":4.0}]"
v3_captured_mixed_heldout_swe_t64_l26,fixed_4+2,pipelined,64,23,23,16,False,1,0,17301504,138412032.0,69206016.0,69206016.0,66.0,8.0,4.0,4.0,0,all_cores_refetch,4670499.924242425,"[{""admissible"":false,""core"":0,""earliest_start"":9171130.855072461,""predicted_cycles"":1098194.2890625,""predicted_finish"":10269325.144134961,""refetch"":4.0},{""admissible"":true,""core"":1,""earliest_start"":4671003.924242425,""predicted_cycles"":2196359.2125355112,""predicted_finish"":6867363.136777936,""refetch"":8.0}]"
v3_captured_mixed_heldout_swe_t64_l26,fixed_4+2,pipelined,64,26,26,7,False,1,0,17301504,69206016.0,34603008.0,34603008.0,33.0,4.0,2.0,2.0,0,all_cores_refetch,18947509.7839198,"[{""admissible"":false,""core"":0,""earliest_start"":19223015.15337937,""predicted_cycles"":549137.08984375,""predicted_finish"":19772152.24322312,""refetch"":2.0},{""admissible"":true,""core"":1,""earliest_start"":18948013.7839198,""predicted_cycles"":1098186.1890980112,""predicted_finish"":20046199.97301781,""refetch"":4.0}]"
v3_captured_mixed_heldout_swe_t64_l26,fixed_4+2,pipelined,64,30,30,15,False,1,0,17301504,138412032.0,69206016.0,69206016.0,66.0,8.0,4.0,4.0,0,all_cores_refetch,6867044.9811098,"[{""admissible"":false,""core"":0,""earliest_start"":9171130.855072461,""predicted_cycles"":1098194.2890625,""predicted_finish"":10269325.144134961,""refetch"":4.0},{""admissible"":true,""core"":1,""earliest_start"":6867548.9811098,""predicted_cycles"":2196395.9437144888,""predicted_finish"":9063944.924824288,""refetch"":8.0}]"
v3_captured_mixed_heldout_swe_t64_l26,fixed_4+2,pipelined,64,38,39,9,False,1,0,17301504,86507520.0,51904512.0,34603008.0,33.0,5.0,3.0,3.0,0,all_cores_refetch,13731011.770923626,"[{""admissible"":false,""core"":0,""earliest_start"":14555015.179136958,""predicted_cycles"":823722.271484375,""predicted_finish"":15378737.450621333,""refetch"":3.0},{""admissible"":true,""core"":1,""earliest_start"":13731515.770923626,""predicted_cycles"":1372846.5365767044,""predicted_finish"":15104362.30750033,""refetch"":5.0}]"
v3_captured_mixed_heldout_swe_t64_l26,fixed_4+2,pipelined,64,43,46,6,False,1,0,17301504,51904512.0,34603008.0,17301504.0,16.5,3.0,2.0,2.0,0,all_cores_refetch,20045651.357339554,"[{""admissible"":false,""core"":0,""earliest_start"":20321412.856253374,""predicted_cycles"":549153.85546875,""predicted_finish"":20870566.711722124,""refetch"":2.0},{""admissible"":true,""core"":1,""earliest_start"":20046155.357339554,""predicted_cycles"":823691.1416903409,""predicted_finish"":20869846.499029893,""refetch"":3.0}]"
v3_captured_mixed_heldout_swe_t64_l26,fixed_4+2,pipelined,64,44,47,20,False,1,0,17301504,173015040.0,86507520.0,86507520.0,82.5,10.0,5.0,5.0,0,all_cores_refetch,3258.6666666666665,"[{""admissible"":false,""core"":0,""earliest_start"":9291509.526041666,""predicted_cycles"":1372867.439453125,""predicted_finish"":10664376.965494791,""refetch"":5.0},{""admissible"":true,""core"":1,""earliest_start"":3240.6666666666665,""predicted_cycles"":2745528.3606178975,""predicted_finish"":2748769.027284564,""refetch"":10.0}]"
v3_captured_mixed_heldout_swe_t64_l26,fixed_4+2,pipelined,64,50,54,13,False,1,0,17301504,121110528.0,69206016.0,51904512.0,49.5,7.0,4.0,4.0,0,all_cores_refetch,9063529.367589712,"[{""admissible"":false,""core"":0,""earliest_start"":9195784.183917094,""predicted_cycles"":1098194.2890625,""predicted_finish"":10293978.472979594,""refetch"":4.0},{""admissible"":true,""core"":1,""earliest_start"":9064033.367589712,""predicted_cycles"":1921907.7885298298,""predicted_finish"":10985941.156119542,""refetch"":7.0}]"
v3_captured_mixed_heldout_swe_t64_l26,fixed_4+2,pipelined,64,52,56,8,False,1,0,17301504,69206016.0,34603008.0,34603008.0,33.0,4.0,2.0,2.0,0,all_cores_refetch,20869303.74265506,"[{""admissible"":false,""core"":0,""earliest_start"":20870286.716154236,""predicted_cycles"":549174.8125,""predicted_finish"":21419461.528654236,""refetch"":2.0},{""admissible"":true,""core"":1,""earliest_start"":20869807.74265506,""predicted_cycles"":1098167.8215553977,""predicted_finish"":21967975.56421046,""refetch"":4.0}]"
v3_captured_mixed_heldout_swe_t64_l26,fixed_4+2,pipelined,64,55,59,7,False,1,0,17301504,69206016.0,34603008.0,34603008.0,33.0,4.0,2.0,2.0,0,all_cores_refetch,21967550.175384372,"[{""admissible"":false,""core"":0,""earliest_start"":21968553.54532737,""predicted_cycles"":549166.4296875,""predicted_finish"":22517719.97501487,""refetch"":2.0},{""admissible"":true,""core"":1,""earliest_start"":21968054.175384372,""predicted_cycles"":1098140.2702414773,""predicted_finish"":23066194.44562585,""refetch"":4.0}]"
v3_captured_mixed_heldout_bfcl_t96_l13,fixed_4+2,pipelined,96,1,1,6,False,1,0,17301504,51904512.0,34603008.0,17301504.0,16.5,3.0,2.0,2.0,0,all_cores_refetch,28008997.54772398,"[{""admissible"":false,""core"":0,""earliest_start"":28559802.614127476,""predicted_cycles"":549120.32421875,""predicted_finish"":29108922.938346226,""refetch"":2.0},{""admissible"":true,""core"":1,""earliest_start"":28009501.54772398,""predicted_cycles"":823649.8117897728,""predicted_finish"":28833151.359513752,""refetch"":3.0}]"
v3_captured_mixed_heldout_bfcl_t96_l13,fixed_4+2,pipelined,96,13,13,7,False,1,0,17301504,69206016.0,34603008.0,34603008.0,33.0,4.0,2.0,2.0,0,all_cores_refetch,28832596.141913228,"[{""admissible"":false,""core"":0,""earliest_start"":29108859.77712708,""predicted_cycles"":549120.32421875,""predicted_finish"":29657980.10134583,""refetch"":2.0},{""admissible"":true,""core"":1,""earliest_start"":28833100.141913228,""predicted_cycles"":1098121.9026988635,""predicted_finish"":29931222.04461209,""refetch"":4.0}]"
v3_captured_mixed_heldout_bfcl_t96_l13,fixed_4+2,pipelined,96,17,17,13,False,1,0,17301504,121110528.0,69206016.0,51904512.0,49.5,7.0,4.0,4.0,0,all_cores_refetch,22792455.364946075,"[{""admissible"":false,""core"":0,""earliest_start"":22793567.889273185,""predicted_cycles"":1098252.955078125,""predicted_finish"":23891820.84435131,""refetch"":4.0},{""admissible"":true,""core"":1,""earliest_start"":22792959.364946075,""predicted_cycles"":1921843.507990057,""predicted_finish"":24714802.872936133,""refetch"":7.0}]"
v3_captured_mixed_heldout_bfcl_t96_l13,fixed_4+2,pipelined,96,19,19,35,False,1,0,17301504,311427072.0,155713536.0,155713536.0,148.5,18.0,9.0,9.0,0,all_cores_refetch,7417906.476190476,"[{""admissible"":false,""core"":0,""earliest_start"":13756604.782608693,""predicted_cycles"":2347459.6953125,""predicted_finish"":16104064.477921193,""refetch"":9.0},{""admissible"":true,""core"":1,""earliest_start"":7417898.476190476,""predicted_cycles"":4932673.749112216,""predicted_finish"":12350572.225302693,""refetch"":18.0}]"
v3_captured_mixed_heldout_bfcl_t96_l13,fixed_4+2,pipelined,96,26,26,7,False,1,0,17301504,69206016.0,34603008.0,34603008.0,33.0,4.0,2.0,2.0,0,all_cores_refetch,29930730.775781162,"[{""admissible"":false,""core"":0,""earliest_start"":30207411.92145305,""predicted_cycles"":549153.85546875,""predicted_finish"":30756565.7769218,""refetch"":2.0},{""admissible"":true,""core"":1,""earliest_start"":29931234.775781162,""predicted_cycles"":1098121.9026988635,""predicted_finish"":31029356.678480025,""refetch"":4.0}]"
v3_captured_mixed_heldout_bfcl_t96_l13,fixed_4+2,pipelined,96,31,31,10,False,1,0,17301504,86507520.0,51904512.0,34603008.0,33.0,5.0,3.0,3.0,0,all_cores_refetch,26636291.644638173,"[{""admissible"":false,""core"":0,""earliest_start"":26912056.34760755,""predicted_cycles"":823734.84375,""predicted_finish"":27735791.19135755,""refetch"":3.0},{""admissible"":true,""core"":1,""earliest_start"":26636795.644638173,""predicted_cycles"":1372823.578125,""predicted_finish"":28009619.222763173,""refetch"":5.0}]"
v3_captured_mixed_heldout_bfcl_t96_l13,fixed_4+2,pipelined,96,34,34,24,False,1,0,17301504,207618048.0,103809024.0,103809024.0,99.0,12.0,6.0,6.0,0,all_cores_refetch,17026859.96884945,"[{""admissible"":false,""core"":0,""earliest_start"":17576706.309523806,""predicted_cycles"":1647352.0234375,""predicted_finish"":19224058.332961306,""refetch"":6.0},{""admissible"":true,""core"":1,""earliest_start"":17027363.96884945,""predicted_cycles"":3294119.0092329546,""predicted_finish"":20321482.978082404,""refetch"":12.0}]"
v3_captured_mixed_heldout_bfcl_t96_l13,fixed_4+2,pipelined,96,35,35,8,False,1,0,17301504,69206016.0,34603008.0,34603008.0,33.0,4.0,2.0,2.0,0,all_cores_refetch,31028867.99259952,"[{""admissible"":false,""core"":0,""earliest_start"":31305790.664721604,""predicted_cycles"":549166.4296875,""predicted_finish"":31854957.094409104,""refetch"":2.0},{""admissible"":true,""core"":1,""earliest_start"":31029371.99259952,""predicted_cycles"":1098112.7189275569,""predicted_finish"":32127484.71152708,""refetch"":4.0}]"
v3_captured_mixed_heldout_bfcl_t96_l13,fixed_4+2,pipelined,96,36,36,14,False,1,0,17301504,121110528.0,69206016.0,51904512.0,49.5,7.0,4.0,4.0,0,all_cores_refetch,24714388.41871586,"[{""admissible"":false,""core"":0,""earliest_start"":24989967.13927319,""predicted_cycles"":1098252.955078125,""predicted_finish"":26088220.094351314,""refetch"":4.0},{""admissible"":true,""core"":1,""earliest_start"":24714892.41871586,""predicted_cycles"":1921843.507990057,""predicted_finish"":26636735.92670592,""refetch"":7.0}]"
v3_captured_mixed_heldout_bfcl_t96_l13,fixed_4+2,pipelined,96,37,37,53,False,1,0,17301504,467140608.0,242221056.0,224919552.0,214.5,27.0,14.0,14.0,0,all_cores_refetch,4626.0,"[{""admissible"":false,""core"":0,""earliest_start"":12511254.15625,""predicted_cycles"":3651468.875,""predicted_finish"":16162723.03125,""refetch"":14.0},{""admissible"":true,""core"":1,""earliest_start"":4608.0,""predicted_cycles"":7394416.633167613,""predicted_finish"":7399024.633167613,""refetch"":27.0}]"
v3_captured_mixed_heldout_bfcl_t96_l13,fixed_4+2,pipelined,96,43,44,6,False,1,0,17301504,51904512.0,34603008.0,17301504.0,16.5,3.0,2.0,2.0,0,all_cores_refetch,32127006.17326511,"[{""admissible"":false,""core"":0,""earliest_start"":32404166.155632716,""predicted_cycles"":549174.8125,""predicted_finish"":32953340.968132716,""refetch"":2.0},{""admissible"":true,""core"":1,""earliest_start"":32127510.17326511,""predicted_cycles"":823642.9234730114,""predicted_finish"":32951153.096738122,""refetch"":3.0}]"
v3_captured_mixed_heldout_bfcl_t96_l13,fixed_4+2,pipelined,96,46,47,5,False,1,0,17301504,51904512.0,34603008.0,17301504.0,16.5,3.0,2.0,2.0,0,all_cores_refetch,32950658.244989656,"[{""admissible"":false,""core"":0,""earliest_start"":32953037.280111764,""predicted_cycles"":549191.578125,""predicted_finish"":33502228.858236764,""refetch"":2.0},{""admissible"":true,""core"":1,""earliest_start"":32951162.244989656,""predicted_cycles"":823649.8117897728,""predicted_finish"":33774812.05677943,""refetch"":3.0}]"
v3_captured_mixed_heldout_bfcl_t96_l13,fixed_4+2,pipelined,96,53,55,33,False,1,0,17301504,294125568.0,155713536.0,138412032.0,132.0,17.0,9.0,9.0,0,all_cores_refetch,12359588.666666664,"[{""admissible"":false,""core"":0,""earliest_start"":13756386.115942026,""predicted_cycles"":2347459.6953125,""predicted_finish"":16103845.811254526,""refetch"":9.0},{""admissible"":true,""core"":1,""earliest_start"":12360092.666666664,""predicted_cycles"":4658649.271839488,""predicted_finish"":17018741.938506152,""refetch"":17.0}]"
v3_captured_mixed_heldout_bfcl_t96_l13,fixed_4+2,pipelined,96,55,57,6,False,1,0,17301504,51904512.0,34603008.0,17301504.0,16.5,3.0,2.0,2.0,0,all_cores_refetch,33774286.19795494,"[{""admissible"":false,""core"":0,""earliest_start"":34051601.4408776,""predicted_cycles"":549158.046875,""predicted_finish"":34600759.4877526,""refetch"":2.0},{""admissible"":true,""core"":1,""earliest_start"":33774790.19795494,""predicted_cycles"":823642.9234730114,""predicted_finish"":34598433.121427946,""refetch"":3.0}]"
v3_captured_mixed_heldout_bfcl_t96_l13,fixed_4+2,pipelined,96,58,61,17,False,1,0,17301504,155713536.0,86507520.0,69206016.0,66.0,9.0,5.0,5.0,0,all_cores_refetch,20321416.14830084,"[{""admissible"":false,""core"":0,""earliest_start"":20597064.247391194,""predicted_cycles"":1372867.439453125,""predicted_finish"":21969931.68684432,""refetch"":5.0},{""admissible"":true,""core"":1,""earliest_start"":20321920.14830084,""predicted_cycles"":2470647.645596591,""predicted_finish"":22792567.79389743,""refetch"":9.0}]"
v3_captured_mixed_heldout_bfcl_t96_l13,fixed_4+2,pipelined,96,60,63,7,False,1,0,17301504,69206016.0,34603008.0,34603008.0,33.0,4.0,2.0,2.0,0,all_cores_refetch,34597941.7110604,"[{""admissible"":false,""core"":0,""earliest_start"":34600513.06721461,""predicted_cycles"":549179.00390625,""predicted_finish"":35149692.07112086,""refetch"":2.0},{""admissible"":true,""core"":1,""earliest_start"":34598445.7110604,""predicted_cycles"":1098131.0864701704,""predicted_finish"":35696576.79753057,""refetch"":4.0}]"
v3_captured_mixed_heldout_bfcl_t96_l2,fixed_4+2,pipelined,96,0,0,23,False,1,0,17301504,207618048.0,103809024.0,103809024.0,99.0,12.0,6.0,6.0,0,all_cores_refetch,12359475.452780332,"[{""admissible"":false,""core"":0,""earliest_start"":13756603.12899208,""predicted_cycles"":1643920.328125,""predicted_finish"":15400523.45711708,""refetch"":6.0},{""admissible"":true,""core"":1,""earliest_start"":12359979.452780332,""predicted_cycles"":3279821.9046519888,""predicted_finish"":15639801.35743232,""refetch"":12.0}]"
v3_captured_mixed_heldout_bfcl_t96_l2,fixed_4+2,pipelined,96,1,2,8,False,1,0,17301504,69206016.0,34603008.0,34603008.0,33.0,4.0,2.0,2.0,0,all_cores_refetch,29381600.32825612,"[{""admissible"":false,""core"":0,""earliest_start"":29932645.25675092,""predicted_cycles"":549137.08984375,""predicted_finish"":30481782.34659467,""refetch"":2.0},{""admissible"":true,""core"":1,""earliest_start"":29382104.32825612,""predicted_cycles"":1098204.556640625,""predicted_finish"":30480308.884896744,""refetch"":4.0}]"
v3_captured_mixed_heldout_bfcl_t96_l2,fixed_4+2,pipelined,96,6,7,9,False,1,0,17301504,86507520.0,51904512.0,34603008.0,33.0,5.0,3.0,3.0,0,all_cores_refetch,26361634.093947716,"[{""admissible"":false,""core"":0,""earliest_start"":26637737.08650111,""predicted_cycles"":823753.7021484375,""predicted_finish"":27461490.788649548,""refetch"":3.0},{""admissible"":true,""core"":1,""earliest_start"":26362138.093947716,""predicted_cycles"":1372823.578125,""predicted_finish"":27734961.672072716,""refetch"":5.0}]"
v3_captured_mixed_heldout_bfcl_t96_l2,fixed_4+2,pipelined,96,8,9,6,False,1,0,17301504,51904512.0,34603008.0,17301504.0,16.5,3.0,2.0,2.0,0,all_cores_refetch,30479850.36980905,"[{""admissible"":false,""core"":0,""earliest_start"":30481770.793710954,""predicted_cycles"":549137.08984375,""predicted_finish"":31030907.883554704,""refetch"":2.0},{""admissible"":true,""core"":1,""earliest_start"":30480354.36980905,""predicted_cycles"":823711.806640625,""predicted_finish"":31304066.176449675,""refetch"":3.0}]"
v3_captured_mixed_heldout_bfcl_t96_l2,fixed_4+2,pipelined,96,17,18,7,False,1,0,17301504,69206016.0,34603008.0,34603008.0,33.0,4.0,2.0,2.0,0,all_cores_refetch,31303491.859584432,"[{""admissible"":false,""core"":0,""earliest_start"":31580323.526806977,""predicted_cycles"":549120.32421875,""predicted_finish"":32129443.851025727,""refetch"":2.0},{""admissible"":true,""core"":1,""earliest_start"":31303995.859584432,""predicted_cycles"":1098195.3728693181,""predicted_finish"":32402191.23245375,""refetch"":4.0}]"
v3_captured_mixed_heldout_bfcl_t96_l2,fixed_4+2,pipelined,96,18,19,15,False,1,0,17301504,138412032.0,69206016.0,69206016.0,66.0,8.0,4.0,4.0,0,all_cores_refetch,21968846.010650378,"[{""admissible"":false,""core"":0,""earliest_start"":22519022.43256531,""predicted_cycles"":1098177.52734375,""predicted_finish"":23617199.95990906,""refetch"":4.0},{""admissible"":true,""core"":1,""earliest_start"":21969350.010650378,""predicted_cycles"":2196377.578125,""predicted_finish"":24165727.588775378,""refetch"":8.0}]"
v3_captured_mixed_heldout_bfcl_t96_l2,fixed_4+2,pipelined,96,19,20,11,False,1,0,17301504,103809024.0,51904512.0,51904512.0,49.5,6.0,3.0,3.0,0,all_cores_refetch,27734332.701786153,"[{""admissible"":false,""core"":0,""earliest_start"":28285477.125541255,""predicted_cycles"":823747.416015625,""predicted_finish"":29109224.54155688,""refetch"":3.0},{""admissible"":true,""core"":1,""earliest_start"":27734836.701786153,""predicted_cycles"":1647341.578125,""predicted_finish"":29382178.279911153,""refetch"":6.0}]"
v3_captured_mixed_heldout_bfcl_t96_l2,fixed_4+2,pipelined,96,35,36,30,False,1,0,17301504,259522560.0,138412032.0,121110528.0,115.5,15.0,8.0,8.0,0,all_cores_refetch,4648.0,"[{""admissible"":false,""core"":0,""earliest_start"":11561055.03125,""predicted_cycles"":2191808.62890625,""predicted_finish"":13752863.66015625,""refetch"":8.0},{""admissible"":true,""core"":1,""earliest_start"":4630.0,""predicted_cycles"":4085153.7602982954,""predicted_finish"":4089783.7602982954,""refetch"":15.0}]"
v3_captured_mixed_heldout_bfcl_t96_l2,fixed_4+2,pipelined,96,37,38,7,False,1,0,17301504,69206016.0,34603008.0,34603008.0,33.0,4.0,2.0,2.0,0,all_cores_refetch,32401635.574747004,"[{""admissible"":false,""core"":0,""earliest_start"":32678748.356887724,""predicted_cycles"":549145.47265625,""predicted_finish"":33227893.829543974,""refetch"":2.0},{""admissible"":true,""core"":1,""earliest_start"":32402139.574747004,""predicted_cycles"":1098195.3728693181,""predicted_finish"":33500334.94761632,""refetch"":4.0}]"
v3_captured_mixed_heldout_bfcl_t96_l2,fixed_4+2,pipelined,96,41,42,16,False,1,0,17301504,138412032.0,69206016.0,69206016.0,66.0,8.0,4.0,4.0,0,all_cores_refetch,24165252.596707497,"[{""admissible"":false,""core"":0,""earliest_start"":24715893.099022962,""predicted_cycles"":1098211.05078125,""predicted_finish"":25814104.149804212,""refetch"":4.0},{""admissible"":true,""core"":1,""earliest_start"":24165756.596707497,""predicted_cycles"":2196377.578125,""predicted_finish"":26362134.174832497,""refetch"":8.0}]"
v3_captured_mixed_heldout_bfcl_t96_l2,fixed_4+2,pipelined,96,43,44,22,False,1,0,17301504,190316544.0,103809024.0,86507520.0,82.5,11.0,6.0,6.0,0,all_cores_refetch,15654024.380270869,"[{""admissible"":false,""core"":0,""earliest_start"":17024261.62714207,""predicted_cycles"":1644800.25,""predicted_finish"":18669061.87714207,""refetch"":6.0},{""admissible"":true,""core"":1,""earliest_start"":15654528.380270869,""predicted_cycles"":3009957.056640625,""predicted_finish"":18664485.436911494,""refetch"":11.0}]"
v3_captured_mixed_heldout_bfcl_t96_l2,fixed_4+2,pipelined,96,49,50,5,False,1,0,17301504,51904512.0,34603008.0,17301504.0,16.5,3.0,2.0,2.0,0,all_cores_refetch,33499774.26368824,"[{""admissible"":false,""core"":0,""earliest_start"":33777129.42902885,""predicted_cycles"":549162.23828125,""predicted_finish"":34326291.6673101,""refetch"":2.0},{""admissible"":true,""core"":1,""earliest_start"":33500278.26368824,""predicted_cycles"":823691.1416903409,""predicted_finish"":34323969.40537858,""refetch"":3.0}]"
v3_captured_mixed_heldout_bfcl_t96_l2,fixed_4+2,pipelined,96,53,54,6,False,1,0,17301504,51904512.0,34603008.0,17301504.0,16.5,3.0,2.0,2.0,0,all_cores_refetch,34323426.323639795,"[{""admissible"":false,""core"":0,""earliest_start"":34326001.22705205,""predicted_cycles"":549183.1953125,""predicted_finish"":34875184.42236455,""refetch"":2.0},{""admissible"":true,""core"":1,""earliest_start"":34323930.323639795,""predicted_cycles"":823684.2533735796,""predicted_finish"":35147614.57701337,""refetch"":3.0}]"
v3_captured_mixed_heldout_bfcl_t96_l2,fixed_4+2,pipelined,96,56,57,29,False,1,0,17301504,259522560.0,138412032.0,121110528.0,115.5,15.0,8.0,8.0,0,all_cores_refetch,4122714.6666666665,"[{""admissible"":false,""core"":0,""earliest_start"":13756482.782608695,""predicted_cycles"":2191808.62890625,""predicted_finish"":15948291.411514945,""refetch"":8.0},{""admissible"":true,""core"":1,""earliest_start"":4123218.6666666665,""predicted_cycles"":4085153.7602982954,""predicted_finish"":8208372.426964962,""refetch"":15.0}]"
v3_captured_mixed_heldout_bfcl_t96_l2,fixed_4+2,pipelined,96,57,59,24,False,1,0,17301504,207618048.0,103809024.0,103809024.0,99.0,12.0,6.0,6.0,0,all_cores_refetch,18674177.16481318,"[{""admissible"":false,""core"":0,""earliest_start"":18675122.440479342,""predicted_cycles"":1645453.90625,""predicted_finish"":20320576.346729342,""refetch"":6.0},{""admissible"":true,""core"":1,""earliest_start"":18674681.16481318,""predicted_cycles"":3286323.0928622163,""predicted_finish"":21961004.257675394,""refetch"":12.0}]"
v3_captured_mixed_heldout_bfcl_t96_l2,fixed_4+2,pipelined,96,58,60,29,False,1,0,17301504,259522560.0,138412032.0,121110528.0,115.5,15.0,8.0,8.0,0,all_cores_refetch,8241022.148972401,"[{""admissible"":false,""core"":0,""earliest_start"":13756606.44927536,""predicted_cycles"":2191808.62890625,""predicted_finish"":15948415.07818161,""refetch"":8.0},{""admissible"":true,""core"":1,""earliest_start"":8241526.148972401,""predicted_cycles"":4093486.7329545454,""predicted_finish"":12335012.881926946,""refetch"":15.0}]"
v3_captured_mixed_heldout_bfcl_t96_l26,fixed_4+2,pipelined,96,5,5,5,False,1,0,17301504,51904512.0,34603008.0,17301504.0,16.5,3.0,2.0,2.0,0,all_cores_refetch,31303898.589232188,"[{""admissible"":false,""core"":0,""earliest_start"":31305049.089738213,""predicted_cycles"":549120.32421875,""predicted_finish"":31854169.413956963,""refetch"":2.0},{""admissible"":true,""core"":1,""earliest_start"":31304402.589232188,""predicted_cycles"":823711.806640625,""predicted_finish"":32128114.395872813,""refetch"":3.0}]"
v3_captured_mixed_heldout_bfcl_t96_l26,fixed_4+2,pipelined,96,9,9,21,False,1,0,17301504,190316544.0,103809024.0,86507520.0,82.5,11.0,6.0,6.0,0,all_cores_refetch,9888489.28748068,"[{""admissible"":false,""core"":0,""earliest_start"":13756653.734989647,""predicted_cycles"":1647364.59375,""predicted_finish"":15404018.328739647,""refetch"":6.0},{""admissible"":true,""core"":1,""earliest_start"":9888993.28748068,""predicted_cycles"":3020108.341796875,""predicted_finish"":12909101.629277555,""refetch"":11.0}]"
v3_captured_mixed_heldout_bfcl_t96_l26,fixed_4+2,pipelined,96,10,10,11,False,1,0,17301504,103809024.0,51904512.0,51904512.0,49.5,6.0,3.0,3.0,0,all_cores_refetch,22518056.747988295,"[{""admissible"":false,""core"":0,""earliest_start"":22518920.86058436,""predicted_cycles"":823734.84375,""predicted_finish"":23342655.70433436,""refetch"":3.0},{""admissible"":true,""core"":1,""earliest_start"":22518560.747988295,""predicted_cycles"":1647341.578125,""predicted_finish"":24165902.326113295,""refetch"":6.0}]"
v3_captured_mixed_heldout_bfcl_t96_l26,fixed_4+2,pipelined,96,13,13,7,False,1,0,17301504,69206016.0,34603008.0,34603008.0,33.0,4.0,2.0,2.0,0,all_cores_refetch,32127524.193528075,"[{""admissible"":false,""core"":0,""earliest_start"":32403620.70556382,""predicted_cycles"":549111.94140625,""predicted_finish"":32952732.64697007,""refetch"":2.0},{""admissible"":true,""core"":1,""earliest_start"":32128028.193528075,""predicted_cycles"":1098204.556640625,""predicted_finish"":33226232.7501687,""refetch"":4.0}]"
v3_captured_mixed_heldout_bfcl_t96_l26,fixed_4+2,pipelined,96,15,15,15,False,1,0,17301504,138412032.0,69206016.0,69206016.0,66.0,8.0,4.0,4.0,0,all_cores_refetch,18399632.698582757,"[{""admissible"":false,""core"":0,""earliest_start"":18400465.962974485,""predicted_cycles"":1098177.52734375,""predicted_finish"":19498643.490318235,""refetch"":4.0},{""admissible"":true,""core"":1,""earliest_start"":18400136.698582757,""predicted_cycles"":2196340.8469460225,""predicted_finish"":20596477.54552878,""refetch"":8.0}]"
v3_captured_mixed_heldout_bfcl_t96_l26,fixed_4+2,pipelined,96,16,16,12,False,1,0,17301504,103809024.0,51904512.0,51904512.0,49.5,6.0,3.0,3.0,0,all_cores_refetch,24165418.73601251,"[{""admissible"":false,""core"":0,""earliest_start"":24166304.517189763,""predicted_cycles"":823715.9853515625,""predicted_finish"":24990020.502541326,""refetch"":3.0},{""admissible"":true,""core"":1,""earliest_start"":24165922.73601251,""predicted_cycles"":1647355.3528053977,""predicted_finish"":25813278.08881791,""refetch"":6.0}]"
v3_captured_mixed_heldout_bfcl_t96_l26,fixed_4+2,pipelined,96,18,18,6,False,1,0,17301504,51904512.0,34603008.0,17301504.0,16.5,3.0,2.0,2.0,0,all_cores_refetch,33225665.120515883,"[{""admissible"":false,""core"":0,""earliest_start"":33502024.989741433,""predicted_cycles"":549141.28125,""predicted_finish"":34051166.27099143,""refetch"":2.0},{""admissible"":true,""core"":1,""earliest_start"":33226169.120515883,""predicted_cycles"":823711.806640625,""predicted_finish"":34049880.92715651,""refetch"":3.0}]"
v3_captured_mixed_heldout_bfcl_t96_l26,fixed_4+2,pipelined,96,25,26,21,False,1,0,17301504,190316544.0,103809024.0,86507520.0,82.5,11.0,6.0,6.0,0,all_cores_refetch,12908631.158074355,"[{""admissible"":false,""core"":0,""earliest_start"":13756530.670842431,""predicted_cycles"":1647364.59375,""predicted_finish"":15403895.264592431,""refetch"":6.0},{""admissible"":true,""core"":1,""earliest_start"":12909135.158074355,""predicted_cycles"":3020108.341796875,""predicted_finish"":15929243.49987123,""refetch"":11.0}]"
v3_captured_mixed_heldout_bfcl_t96_l26,fixed_4+2,pipelined,96,27,28,14,False,1,0,17301504,121110528.0,69206016.0,51904512.0,49.5,7.0,4.0,4.0,0,all_cores_refetch,20596129.988153268,"[{""admissible"":false,""core"":0,""earliest_start"":20596975.50734045,""predicted_cycles"":1098202.669921875,""predicted_finish"":21695178.177262325,""refetch"":4.0},{""admissible"":true,""core"":1,""earliest_start"":20596633.988153268,""predicted_cycles"":1921827.4378551138,""predicted_finish"":22518461.42600838,""refetch"":7.0}]"
v3_captured_mixed_heldout_bfcl_t96_l26,fixed_4+2,pipelined,96,28,29,35,False,1,0,17301504,311427072.0,155713536.0,155713536.0,148.5,18.0,9.0,9.0,0,all_cores_refetch,4664.0,"[{""admissible"":false,""core"":0,""earliest_start"":13045686.796875,""predicted_cycles"":2401572.087890625,""predicted_finish"":15447258.884765625,""refetch"":9.0},{""admissible"":true,""core"":1,""earliest_start"":4646.0,""predicted_cycles"":4939078.370028409,""predicted_finish"":4943724.370028409,""refetch"":18.0}]"
v3_captured_mixed_heldout_bfcl_t96_l26,fixed_4+2,pipelined,96,30,31,9,False,1,0,17301504,86507520.0,51904512.0,34603008.0,33.0,5.0,3.0,3.0,0,all_cores_refetch,25812779.803066302,"[{""admissible"":false,""core"":0,""earliest_start"":25813687.914664492,""predicted_cycles"":823709.69921875,""predicted_finish"":26637397.613883242,""refetch"":3.0},{""admissible"":true,""core"":1,""earliest_start"":25813283.803066302,""predicted_cycles"":1372835.0573508523,""predicted_finish"":27186118.860417154,""refetch"":5.0}]"
v3_captured_mixed_heldout_bfcl_t96_l26,fixed_4+2,pipelined,96,35,36,8,False,1,0,17301504,69206016.0,34603008.0,34603008.0,33.0,4.0,2.0,2.0,0,all_cores_refetch,34049317.16417077,"[{""admissible"":false,""core"":0,""earliest_start"":34050899.59397207,""predicted_cycles"":549166.4296875,""predicted_finish"":34600066.02365957,""refetch"":2.0},{""admissible"":true,""core"":1,""earliest_start"":34049821.16417077,""predicted_cycles"":1098186.1890980112,""predicted_finish"":35148007.35326878,""refetch"":4.0}]"
v3_captured_mixed_heldout_bfcl_t96_l26,fixed_4+2,pipelined,96,37,38,10,False,1,0,17301504,86507520.0,51904512.0,34603008.0,33.0,5.0,3.0,3.0,0,all_cores_refetch,27185580.830992784,"[{""admissible"":false,""core"":0,""earliest_start"":27460967.16466449,""predicted_cycles"":823703.4130859375,""predicted_finish"":28284670.577750426,""refetch"":3.0},{""admissible"":true,""core"":1,""earliest_start"":27186084.830992784,""predicted_cycles"":1372835.0573508523,""predicted_finish"":28558919.888343636,""refetch"":5.0}]"
v3_captured_mixed_heldout_bfcl_t96_l26,fixed_4+2,pipelined,96,48,49,9,False,1,0,17301504,86507520.0,51904512.0,34603008.0,33.0,5.0,3.0,3.0,0,all_cores_refetch,28558313.53741592,"[{""admissible"":false,""core"":0,""earliest_start"":29108751.367040414,""predicted_cycles"":823684.5546875,""predicted_finish"":29932435.921727914,""refetch"":3.0},{""admissible"":true,""core"":1,""earliest_start"":28558817.53741592,""predicted_cycles"":1372846.5365767044,""predicted_finish"":29931664.073992625,""refetch"":5.0}]"
v3_captured_mixed_heldout_bfcl_t96_l26,fixed_4+2,pipelined,96,51,52,17,False,1,0,17301504,155713536.0,86507520.0,69206016.0,66.0,9.0,5.0,5.0,0,all_cores_refetch,15928547.260239713,"[{""admissible"":false,""core"":0,""earliest_start"":17027714.034845404,""predicted_cycles"":1372856.9638671875,""predicted_finish"":18400570.99871259,""refetch"":5.0},{""admissible"":true,""core"":1,""earliest_start"":15929051.260239713,""predicted_cycles"":2471060.866477273,""predicted_finish"":18400112.126716986,""refetch"":9.0}]"
v3_captured_mixed_heldout_bfcl_t96_l26,fixed_4+2,pipelined,96,56,57,9,False,1,0,17301504,86507520.0,51904512.0,34603008.0,33.0,5.0,3.0,3.0,0,all_cores_refetch,29931091.318271015,"[{""admissible"":false,""core"":0,""earliest_start"":29932222.138892878,""predicted_cycles"":823709.69921875,""predicted_finish"":30755931.838111628,""refetch"":3.0},{""admissible"":true,""core"":1,""earliest_start"":29931595.318271015,""predicted_cycles"":1372823.578125,""predicted_finish"":31304418.896396015,""refetch"":5.0}]"
v3_captured_mixed_heldout_bfcl_t96_l26,fixed_4+2,pipelined,96,57,58,7,False,1,0,17301504,69206016.0,34603008.0,34603008.0,33.0,4.0,2.0,2.0,0,all_cores_refetch,35147564.07796777,"[{""admissible"":false,""core"":0,""earliest_start"":35149166.66724056,""predicted_cycles"":549162.23828125,""predicted_finish"":35698328.90552181,""refetch"":2.0},{""admissible"":true,""core"":1,""earliest_start"":35148068.07796777,""predicted_cycles"":1098158.6377840908,""predicted_finish"":36246226.715751864,""refetch"":4.0}]"
v3_captured_mixed_heldout_bfcl_t96_l26,fixed_4+2,pipelined,96,61,62,35,False,1,0,17301504,311427072.0,155713536.0,155713536.0,148.5,18.0,9.0,9.0,0,all_cores_refetch,4946410.666666666,"[{""admissible"":false,""core"":0,""earliest_start"":13756498.782608695,""predicted_cycles"":2401572.087890625,""predicted_finish"":16158070.87049932,""refetch"":9.0},{""admissible"":true,""core"":1,""earliest_start"":4946914.666666666,""predicted_cycles"":4939078.370028409,""predicted_finish"":9885993.036695074,""refetch"":18.0}]"
v3_captured_mixed_heldout_gpqa_t96_l13,fixed_4+2,pipelined,96,1,1,11,False,1,0,17301504,103809024.0,51904512.0,51904512.0,49.5,6.0,3.0,3.0,0,all_cores_refetch,23616445.595626242,"[{""admissible"":false,""core"":0,""earliest_start"":23617033.127036158,""predicted_cycles"":823741.1298828125,""predicted_finish"":24440774.25691897,""refetch"":3.0},{""admissible"":true,""core"":1,""earliest_start"":23616949.595626242,""predicted_cycles"":1647396.676846591,""predicted_finish"":25264346.272472832,""refetch"":6.0}]"
v3_captured_mixed_heldout_gpqa_t96_l13,fixed_4+2,pipelined,96,5,6,15,False,1,0,17301504,138412032.0,69206016.0,69206016.0,66.0,8.0,4.0,4.0,0,all_cores_refetch,15104970.583341893,"[{""admissible"":false,""core"":0,""earliest_start"":15105642.69342309,""predicted_cycles"":1098194.2890625,""predicted_finish"":16203836.98248559,""refetch"":4.0},{""admissible"":true,""core"":1,""earliest_start"":15105474.583341893,""predicted_cycles"":2196432.674893466,""predicted_finish"":17301907.258235358,""refetch"":8.0}]"
v3_captured_mixed_heldout_gpqa_t96_l13,fixed_4+2,pipelined,96,6,7,7,False,1,0,17301504,69206016.0,34603008.0,34603008.0,33.0,4.0,2.0,2.0,0,all_cores_refetch,31303967.765083216,"[{""admissible"":false,""core"":0,""earliest_start"":31579505.674046043,""predicted_cycles"":514843.00390625,""predicted_finish"":32094348.677952293,""refetch"":2.0},{""admissible"":true,""core"":1,""earliest_start"":31304471.765083216,""predicted_cycles"":1098167.8215553977,""predicted_finish"":32402639.586638615,""refetch"":4.0}]"
v3_captured_mixed_heldout_gpqa_t96_l13,fixed_4+2,pipelined,96,11,13,11,False,1,0,17301504,103809024.0,51904512.0,51904512.0,49.5,6.0,3.0,3.0,0,all_cores_refetch,25263802.50592851,"[{""admissible"":false,""core"":0,""earliest_start"":25264416.223260302,""predicted_cycles"":823722.271484375,""predicted_finish"":26088138.494744677,""refetch"":3.0},{""admissible"":true,""core"":1,""earliest_start"":25264306.50592851,""predicted_cycles"":1647410.4515269888,""predicted_finish"":26911716.957455497,""refetch"":6.0}]"
v3_captured_mixed_heldout_gpqa_t96_l13,fixed_4+2,pipelined,96,14,16,8,False,1,0,17301504,69206016.0,34603008.0,34603008.0,33.0,4.0,2.0,2.0,0,all_cores_refetch,32402144.565881398,"[{""admissible"":false,""core"":0,""earliest_start"":32678116.57182943,""predicted_cycles"":529848.23828125,""predicted_finish"":33207964.81011068,""refetch"":2.0},{""admissible"":true,""core"":1,""earliest_start"":32402648.565881398,""predicted_cycles"":1098167.8215553977,""predicted_finish"":33500816.387436796,""refetch"":4.0}]"
v3_captured_mixed_heldout_gpqa_t96_l13,fixed_4+2,pipelined,96,20,22,18,False,1,0,17301504,155713536.0,86507520.0,69206016.0,66.0,9.0,5.0,5.0,0,all_cores_refetch,10163080.073728729,"[{""admissible"":false,""core"":0,""earliest_start"":13756612.44927536,""predicted_cycles"":1372856.9638671875,""predicted_finish"":15129469.413142547,""refetch"":5.0},{""admissible"":true,""core"":1,""earliest_start"":10163584.073728729,""predicted_cycles"":2471081.527521307,""predicted_finish"":12634665.601250036,""refetch"":9.0}]"
v3_captured_mixed_heldout_gpqa_t96_l13,fixed_4+2,pipelined,96,22,24,5,False,1,0,17301504,51904512.0,34603008.0,17301504.0,16.5,3.0,2.0,2.0,0,all_cores_refetch,33500285.66330394,"[{""admissible"":false,""core"":0,""earliest_start"":33776520.49437793,""predicted_cycles"":538306.49609375,""predicted_finish"":34314826.99047168,""refetch"":2.0},{""admissible"":true,""core"":1,""earliest_start"":33500789.66330394,""predicted_cycles"":823677.3650568182,""predicted_finish"":34324467.02836076,""refetch"":3.0}]"
v3_captured_mixed_heldout_gpqa_t96_l13,fixed_4+2,pipelined,96,23,25,10,False,1,0,17301504,86507520.0,51904512.0,34603008.0,33.0,5.0,3.0,3.0,0,all_cores_refetch,26911161.211608075,"[{""admissible"":false,""core"":0,""earliest_start"":26911798.789660145,""predicted_cycles"":823715.9853515625,""predicted_finish"":27735514.775011707,""refetch"":3.0},{""admissible"":true,""core"":1,""earliest_start"":26911665.211608075,""predicted_cycles"":1372869.495028409,""predicted_finish"":28284534.706636485,""refetch"":5.0}]"
v3_captured_mixed_heldout_gpqa_t96_l13,fixed_4+2,pipelined,96,24,26,18,False,1,0,17301504,155713536.0,86507520.0,69206016.0,66.0,9.0,5.0,5.0,0,all_cores_refetch,12634101.180795018,"[{""admissible"":false,""core"":0,""earliest_start"":13756469.345330268,""predicted_cycles"":1372856.9638671875,""predicted_finish"":15129326.309197456,""refetch"":5.0},{""admissible"":true,""core"":1,""earliest_start"":12634605.180795018,""predicted_cycles"":2471102.188565341,""predicted_finish"":15105707.369360358,""refetch"":9.0}]"
v3_captured_mixed_heldout_gpqa_t96_l13,fixed_4+2,pipelined,96,28,30,14,False,1,0,17301504,121110528.0,69206016.0,51904512.0,49.5,7.0,4.0,4.0,0,all_cores_refetch,17301465.992822137,"[{""admissible"":false,""core"":0,""earliest_start"":17302150.45684052,""predicted_cycles"":1098219.431640625,""predicted_finish"":18400369.888481144,""refetch"":4.0},{""admissible"":true,""core"":1,""earliest_start"":17301969.992822137,""predicted_cycles"":1921907.7885298298,""predicted_finish"":19223877.781351965,""refetch"":7.0}]"
v3_captured_mixed_heldout_gpqa_t96_l13,fixed_4+2,pipelined,96,30,32,10,False,1,0,17301504,86507520.0,51904512.0,34603008.0,33.0,5.0,3.0,3.0,0,all_cores_refetch,28283961.800913166,"[{""admissible"":false,""core"":0,""earliest_start"":28559078.03966014,""predicted_cycles"":823709.69921875,""predicted_finish"":29382787.73887889,""refetch"":3.0},{""admissible"":true,""core"":1,""earliest_start"":28284465.800913166,""predicted_cycles"":1372858.0158025566,""predicted_finish"":29657323.816715725,""refetch"":5.0}]"
v3_captured_mixed_heldout_gpqa_t96_l13,fixed_4+2,pipelined,96,33,35,23,False,1,0,17301504,207618048.0,103809024.0,103809024.0,99.0,12.0,6.0,6.0,0,all_cores_refetch,3848160.666666666,"[{""admissible"":false,""core"":0,""earliest_start"":13756488.782608693,""predicted_cycles"":1647377.1640625,""predicted_finish"":15403865.946671193,""refetch"":6.0},{""admissible"":true,""core"":1,""earliest_start"":3848664.666666666,""predicted_cycles"":3294642.4099786934,""predicted_finish"":7143307.076645359,""refetch"":12.0}]"
v3_captured_mixed_heldout_gpqa_t96_l13,fixed_4+2,pipelined,96,34,36,7,False,1,0,17301504,69206016.0,34603008.0,34603008.0,33.0,4.0,2.0,2.0,0,all_cores_refetch,34323937.76122978,"[{""admissible"":false,""core"":0,""earliest_start"":34325395.06311359,""predicted_cycles"":541043.484375,""predicted_finish"":34866438.54748859,""refetch"":2.0},{""admissible"":true,""core"":1,""earliest_start"":34324441.76122978,""predicted_cycles"":1098149.4540127842,""predicted_finish"":35422591.215242565,""refetch"":4.0}]"
v3_captured_mixed_heldout_gpqa_t96_l13,fixed_4+2,pipelined,96,40,42,16,False,1,0,17301504,138412032.0,69206016.0,69206016.0,66.0,8.0,4.0,4.0,0,all_cores_refetch,19223398.405109614,"[{""admissible"":false,""core"":0,""earliest_start"":19498549.70684052,""predicted_cycles"":1098236.193359375,""predicted_finish"":20596785.900199894,""refetch"":4.0},{""admissible"":true,""core"":1,""earliest_start"":19223902.405109614,""predicted_cycles"":2196432.674893466,""predicted_finish"":21420335.08000308,""refetch"":8.0}]"
v3_captured_mixed_heldout_gpqa_t96_l13,fixed_4+2,pipelined,96,42,44,6,False,1,0,17301504,51904512.0,34603008.0,17301504.0,16.5,3.0,2.0,2.0,0,all_cores_refetch,35422184.61295832,"[{""admissible"":false,""core"":0,""earliest_start"":35423662.104371406,""predicted_cycles"":544593.60546875,""predicted_finish"":35968255.709840156,""refetch"":2.0},{""admissible"":true,""core"":1,""earliest_start"":35422688.61295832,""predicted_cycles"":823656.7001065342,""predicted_finish"":36246345.31306485,""refetch"":3.0}]"
v3_captured_mixed_heldout_gpqa_t96_l13,fixed_4+2,pipelined,96,45,47,11,False,1,0,17301504,103809024.0,51904512.0,51904512.0,49.5,6.0,3.0,3.0,0,all_cores_refetch,29656694.470883287,"[{""admissible"":false,""core"":0,""earliest_start"":30206862.23044471,""predicted_cycles"":823690.8408203125,""predicted_finish"":31030553.071265023,""refetch"":3.0},{""admissible"":true,""core"":1,""earliest_start"":29657198.470883287,""predicted_cycles"":1647382.9021661934,""predicted_finish"":31304581.373049483,""refetch"":6.0}]"
v3_captured_mixed_heldout_gpqa_t96_l13,fixed_4+2,pipelined,96,46,48,21,False,1,0,17301504,190316544.0,103809024.0,86507520.0,82.5,11.0,6.0,6.0,0,all_cores_refetch,7142861.703587554,"[{""admissible"":false,""core"":0,""earliest_start"":13756612.44927536,""predicted_cycles"":1647377.1640625,""predicted_finish"":15403989.61333786,""refetch"":6.0},{""admissible"":true,""core"":1,""earliest_start"":7143365.703587554,""predicted_cycles"":3020158.845703125,""predicted_finish"":10163524.54929068,""refetch"":11.0}]"
v3_captured_mixed_heldout_gpqa_t96_l13,fixed_4+2,pipelined,96,53,57,16,False,1,0,17301504,138412032.0,69206016.0,69206016.0,66.0,8.0,4.0,4.0,0,all_cores_refetch,21419917.244302753,"[{""admissible"":false,""core"":0,""earliest_start"":21695018.53637546,""predicted_cycles"":1098236.193359375,""predicted_finish"":22793254.729734834,""refetch"":4.0},{""admissible"":true,""core"":1,""earliest_start"":21420421.244302753,""predicted_cycles"":2196432.674893466,""predicted_finish"":23616853.91919622,""refetch"":8.0}]"
v3_captured_mixed_heldout_gpqa_t96_l13,fixed_4+2,pipelined,96,55,60,6,False,1,0,17301504,51904512.0,34603008.0,17301504.0,16.5,3.0,2.0,2.0,0,all_cores_refetch,36245810.7041257,"[{""admissible"":false,""core"":0,""earliest_start"":36522233.106545605,""predicted_cycles"":546563.56640625,""predicted_finish"":37068796.672951855,""refetch"":2.0},{""admissible"":true,""core"":1,""earliest_start"":36246314.7041257,""predicted_cycles"":823677.3650568182,""predicted_finish"":37069992.06918252,""refetch"":3.0}]"
v3_captured_mixed_heldout_gpqa_t96_l13,fixed_4+2,pipelined,96,58,63,28,False,1,0,17301504,242221056.0,121110528.0,121110528.0,115.5,14.0,7.0,7.0,0,all_cores_refetch,4654.0,"[{""admissible"":false,""core"":0,""earliest_start"":13515340.765625,""predicted_cycles"":1921897.3642578125,""predicted_finish"":15437238.129882812,""refetch"":7.0},{""admissible"":true,""core"":1,""earliest_start"":4636.0,""predicted_cycles"":3843710.54634233,""predicted_finish"":3848346.54634233,""refetch"":14.0}]"
v3_captured_mixed_heldout_gpqa_t96_l2,fixed_4+2,pipelined,96,3,3,10,False,1,0,17301504,86507520.0,51904512.0,34603008.0,33.0,5.0,3.0,3.0,0,all_cores_refetch,17850881.47165855,"[{""admissible"":false,""core"":0,""earliest_start"":18674922.407786097,""predicted_cycles"":823734.84375,""predicted_finish"":19498657.251536097,""refetch"":3.0},{""admissible"":true,""core"":1,""earliest_start"":17851385.47165855,""predicted_cycles"":1372835.0573508523,""predicted_finish"":19224220.5290094,""refetch"":5.0}]"
v3_captured_mixed_heldout_gpqa_t96_l2,fixed_4+2,pipelined,96,8,8,11,False,1,0,17301504,103809024.0,51904512.0,51904512.0,49.5,6.0,3.0,3.0,0,all_cores_refetch,19223682.41459444,"[{""admissible"":false,""core"":0,""earliest_start"":19498445.747459468,""predicted_cycles"":823715.9853515625,""predicted_finish"":20322161.73281103,""refetch"":3.0},{""admissible"":true,""core"":1,""earliest_start"":19224186.41459444,""predicted_cycles"":1647369.1274857956,""predicted_finish"":20871555.54208024,""refetch"":6.0}]"
v3_captured_mixed_heldout_gpqa_t96_l2,fixed_4+2,pipelined,96,9,9,8,False,1,0,17301504,69206016.0,34603008.0,34603008.0,33.0,4.0,2.0,2.0,0,all_cores_refetch,29931609.005561255,"[{""admissible"":false,""core"":0,""earliest_start"":30481049.73431623,""predicted_cycles"":549149.6640625,""predicted_finish"":31030199.39837873,""refetch"":2.0},{""admissible"":true,""core"":1,""earliest_start"":29932113.005561255,""predicted_cycles"":1098167.8215553977,""predicted_finish"":31030280.827116653,""refetch"":4.0}]"
v3_captured_mixed_heldout_gpqa_t96_l2,fixed_4+2,pipelined,96,15,15,17,False,1,0,17301504,155713536.0,86507520.0,69206016.0,66.0,9.0,5.0,5.0,0,all_cores_refetch,4734.0,"[{""admissible"":false,""core"":0,""earliest_start"":13346366.875,""predicted_cycles"":1372825.537109375,""predicted_finish"":14719192.412109375,""refetch"":5.0},{""admissible"":true,""core"":1,""earliest_start"":4716.0,""predicted_cycles"":2471019.5443892046,""predicted_finish"":2475735.5443892046,""refetch"":9.0}]"
v3_captured_mixed_heldout_gpqa_t96_l2,fixed_4+2,pipelined,96,17,17,12,False,1,0,17301504,103809024.0,51904512.0,51904512.0,49.5,6.0,3.0,3.0,0,all_cores_refetch,20871081.858884104,"[{""admissible"":false,""core"":0,""earliest_start"":21145803.53304351,""predicted_cycles"":823697.126953125,""predicted_finish"":21969500.659996636,""refetch"":3.0},{""admissible"":true,""core"":1,""earliest_start"":20871585.858884104,""predicted_cycles"":1647355.3528053977,""predicted_finish"":22518941.211689502,""refetch"":6.0}]"
v3_captured_mixed_heldout_gpqa_t96_l2,fixed_4+2,pipelined,96,21,21,7,False,1,0,17301504,69206016.0,34603008.0,34603008.0,33.0,4.0,2.0,2.0,0,all_cores_refetch,31029846.318801776,"[{""admissible"":false,""core"":0,""earliest_start"":31579316.626301304,""predicted_cycles"":549145.47265625,""predicted_finish"":32128462.098957554,""refetch"":2.0},{""admissible"":true,""core"":1,""earliest_start"":31030350.318801776,""predicted_cycles"":1098167.8215553977,""predicted_finish"":32128518.140357174,""refetch"":4.0}]"
v3_captured_mixed_heldout_gpqa_t96_l2,fixed_4+2,pipelined,96,24,24,5,False,1,0,17301504,51904512.0,34603008.0,17301504.0,16.5,3.0,2.0,2.0,0,all_cores_refetch,32128083.611027624,"[{""admissible"":false,""core"":0,""earliest_start"":32677580.91751726,""predicted_cycles"":549141.28125,""predicted_finish"":33226722.19876726,""refetch"":2.0},{""admissible"":true,""core"":1,""earliest_start"":32128587.611027624,""predicted_cycles"":823698.0300071023,""predicted_finish"":32952285.641034726,""refetch"":3.0}]"
v3_captured_mixed_heldout_gpqa_t96_l2,fixed_4+2,pipelined,96,27,27,12,False,1,0,17301504,103809024.0,51904512.0,51904512.0,49.5,6.0,3.0,3.0,0,all_cores_refetch,22518490.00173967,"[{""admissible"":false,""core"":0,""earliest_start"":22793144.119168323,""predicted_cycles"":823690.8408203125,""predicted_finish"":23616834.959988635,""refetch"":3.0},{""admissible"":true,""core"":1,""earliest_start"":22518994.00173967,""predicted_cycles"":1647369.1274857956,""predicted_finish"":24166363.129225466,""refetch"":6.0}]"
v3_captured_mixed_heldout_gpqa_t96_l2,fixed_4+2,pipelined,96,28,28,7,False,1,0,17301504,69206016.0,34603008.0,34603008.0,33.0,4.0,2.0,2.0,0,all_cores_refetch,32951760.902486045,"[{""admissible"":false,""core"":0,""earliest_start"":33226544.998945188,""predicted_cycles"":549137.08984375,""predicted_finish"":33775682.08878894,""refetch"":2.0},{""admissible"":true,""core"":1,""earliest_start"":32952264.902486045,""predicted_cycles"":1098195.3728693181,""predicted_finish"":34050460.27535536,""refetch"":4.0}]"
v3_captured_mixed_heldout_gpqa_t96_l2,fixed_4+2,pipelined,96,30,30,13,False,1,0,17301504,121110528.0,69206016.0,51904512.0,49.5,7.0,4.0,4.0,0,all_cores_refetch,9888663.371782793,"[{""admissible"":false,""core"":0,""earliest_start"":13756486.553171463,""predicted_cycles"":1098177.52734375,""predicted_finish"":14854664.080515213,""refetch"":4.0},{""admissible"":true,""core"":1,""earliest_start"":9889167.371782793,""predicted_cycles"":1921875.6482599434,""predicted_finish"":11811043.020042736,""refetch"":7.0}]"
v3_captured_mixed_heldout_gpqa_t96_l2,fixed_4+2,pipelined,96,34,34,10,False,1,0,17301504,86507520.0,51904512.0,34603008.0,33.0,5.0,3.0,3.0,0,all_cores_refetch,24165902.367407944,"[{""admissible"":false,""core"":0,""earliest_start"":24440478.049568675,""predicted_cycles"":823684.5546875,""predicted_finish"":25264162.604256175,""refetch"":3.0},{""admissible"":true,""core"":1,""earliest_start"":24166406.367407944,""predicted_cycles"":1372858.0158025566,""predicted_finish"":25539264.383210503,""refetch"":5.0}]"
v3_captured_mixed_heldout_gpqa_t96_l2,fixed_4+2,pipelined,96,35,35,14,False,1,0,17301504,121110528.0,69206016.0,51904512.0,49.5,7.0,4.0,4.0,0,all_cores_refetch,11810566.661404856,"[{""admissible"":false,""core"":0,""earliest_start"":13756456.220612668,""predicted_cycles"":1098177.52734375,""predicted_finish"":14854633.747956418,""refetch"":4.0},{""admissible"":true,""core"":1,""earliest_start"":11811070.661404856,""predicted_cycles"":1921875.6482599434,""predicted_finish"":13732946.309664799,""refetch"":7.0}]"
v3_captured_mixed_heldout_gpqa_t96_l2,fixed_4+2,pipelined,96,39,39,8,False,1,0,17301504,69206016.0,34603008.0,34603008.0,33.0,4.0,2.0,2.0,0,all_cores_refetch,34049896.37317311,"[{""admissible"":false,""core"":0,""earliest_start"":34325271.711570784,""predicted_cycles"":549120.32421875,""predicted_finish"":34874392.035789534,""refetch"":2.0},{""admissible"":true,""core"":1,""earliest_start"":34050400.37317311,""predicted_cycles"":1098195.3728693181,""predicted_finish"":35148595.74604243,""refetch"":4.0}]"
v3_captured_mixed_heldout_gpqa_t96_l2,fixed_4+2,pipelined,96,43,43,18,False,1,0,17301504,155713536.0,86507520.0,69206016.0,66.0,9.0,5.0,5.0,0,all_cores_refetch,2475440.666666666,"[{""admissible"":false,""core"":0,""earliest_start"":13346366.875,""predicted_cycles"":1372825.537109375,""predicted_finish"":14719192.412109375,""refetch"":5.0},{""admissible"":true,""core"":1,""earliest_start"":2475944.666666666,""predicted_cycles"":2471019.5443892046,""predicted_finish"":4946964.211055871,""refetch"":9.0}]"
v3_captured_mixed_heldout_gpqa_t96_l2,fixed_4+2,pipelined,96,45,45,13,False,1,0,17301504,121110528.0,69206016.0,51904512.0,49.5,7.0,4.0,4.0,0,all_cores_refetch,13732482.169636354,"[{""admissible"":false,""core"":0,""earliest_start"":13756456.220612668,""predicted_cycles"":1098177.52734375,""predicted_finish"":14854633.747956418,""refetch"":4.0},{""admissible"":true,""core"":1,""earliest_start"":13732986.169636354,""predicted_cycles"":1921891.7183948867,""predicted_finish"":15654877.88803124,""refetch"":7.0}]"
v3_captured_mixed_heldout_gpqa_t96_l2,fixed_4+2,pipelined,96,47,47,11,False,1,0,17301504,103809024.0,51904512.0,51904512.0,49.5,6.0,3.0,3.0,0,all_cores_refetch,25538736.232000366,"[{""admissible"":false,""core"":0,""earliest_start"":26088182.26778081,""predicted_cycles"":823659.41015625,""predicted_finish"":26911841.67793706,""refetch"":3.0},{""admissible"":true,""core"":1,""earliest_start"":25539240.232000366,""predicted_cycles"":1647382.9021661934,""predicted_finish"":27186623.13416656,""refetch"":6.0}]"
v3_captured_mixed_heldout_gpqa_t96_l2,fixed_4+2,pipelined,96,49,49,7,False,1,0,17301504,69206016.0,34603008.0,34603008.0,33.0,4.0,2.0,2.0,0,all_cores_refetch,35148043.2069059,"[{""admissible"":false,""core"":0,""earliest_start"":35423719.184335224,""predicted_cycles"":549149.6640625,""predicted_finish"":35972868.848397724,""refetch"":2.0},{""admissible"":true,""core"":1,""earliest_start"":35148547.2069059,""predicted_cycles"":1098195.3728693181,""predicted_finish"":36246742.57977522,""refetch"":4.0}]"
v3_captured_mixed_heldout_gpqa_t96_l2,fixed_4+2,pipelined,96,50,50,18,False,1,0,17301504,155713536.0,86507520.0,69206016.0,66.0,9.0,5.0,5.0,0,all_cores_refetch,4946535.257575757,"[{""admissible"":false,""core"":0,""earliest_start"":13756528.115942022,""predicted_cycles"":1372825.537109375,""predicted_finish"":15129353.653051397,""refetch"":5.0},{""admissible"":true,""core"":1,""earliest_start"":4947039.257575757,""predicted_cycles"":2471060.866477273,""predicted_finish"":7418100.124053029,""refetch"":9.0}]"
v3_captured_mixed_heldout_gpqa_t96_l2,fixed_4+2,pipelined,96,54,54,10,False,1,0,17301504,86507520.0,51904512.0,34603008.0,33.0,5.0,3.0,3.0,0,all_cores_refetch,27186012.301801655,"[{""admissible"":false,""core"":0,""earliest_start"":27735360.0225248,""predicted_cycles"":823684.5546875,""predicted_finish"":28559044.5772123,""refetch"":3.0},{""admissible"":true,""core"":1,""earliest_start"":27186516.301801655,""predicted_cycles"":1372858.0158025566,""predicted_finish"":28559374.317604214,""refetch"":5.0}]"
v3_captured_mixed_heldout_gpqa_t96_l2,fixed_4+2,pipelined,96,57,57,17,False,1,0,17301504,155713536.0,86507520.0,69206016.0,66.0,9.0,5.0,5.0,0,all_cores_refetch,7417566.760977394,"[{""admissible"":false,""core"":0,""earliest_start"":13756486.553171463,""predicted_cycles"":1372825.537109375,""predicted_finish"":15129312.090280838,""refetch"":5.0},{""admissible"":true,""core"":1,""earliest_start"":7418070.760977394,""predicted_cycles"":2471060.866477273,""predicted_finish"":9889131.627454666,""refetch"":9.0}]"
v3_captured_mixed_heldout_gpqa_t96_l2,fixed_4+2,pipelined,96,60,60,5,False,1,0,17301504,51904512.0,34603008.0,17301504.0,16.5,3.0,2.0,2.0,0,all_cores_refetch,36246181.25862128,"[{""admissible"":false,""core"":0,""earliest_start"":36522104.72915908,""predicted_cycles"":549162.23828125,""predicted_finish"":37071266.96744033,""refetch"":2.0},{""admissible"":true,""core"":1,""earliest_start"":36246685.25862128,""predicted_cycles"":823684.2533735796,""predicted_finish"":37070369.51199486,""refetch"":3.0}]"
v3_captured_mixed_heldout_gpqa_t96_l2,fixed_4+2,pipelined,96,61,61,10,False,1,0,17301504,86507520.0,51904512.0,34603008.0,33.0,5.0,3.0,3.0,0,all_cores_refetch,28558811.50424673,"[{""admissible"":false,""core"":0,""earliest_start"":29382758.18594916,""predicted_cycles"":823697.126953125,""predicted_finish"":30206455.312902287,""refetch"":3.0},{""admissible"":true,""core"":1,""earliest_start"":28559315.50424673,""predicted_cycles"":1372858.0158025566,""predicted_finish"":29932173.52004929,""refetch"":5.0}]"
v3_captured_mixed_heldout_gpqa_t96_l2,fixed_4+2,pipelined,96,62,62,15,False,1,0,17301504,138412032.0,69206016.0,69206016.0,66.0,8.0,4.0,4.0,0,all_cores_refetch,15654408.570506575,"[{""admissible"":false,""core"":0,""earliest_start"":15929141.691880085,""predicted_cycles"":1098211.05078125,""predicted_finish"":17027352.742661335,""refetch"":4.0},{""admissible"":true,""core"":1,""earliest_start"":15654912.570506575,""predicted_cycles"":2196377.578125,""predicted_finish"":17851290.148631573,""refetch"":8.0}]"
v3_captured_mixed_heldout_gpqa_t96_l26,fixed_4+2,pipelined,96,1,1,5,False,1,0,17301504,51904512.0,34603008.0,17301504.0,16.5,3.0,2.0,2.0,0,all_cores_refetch,29930672.595443808,"[{""admissible"":false,""core"":0,""earliest_start"":29932798.653610915,""predicted_cycles"":549128.70703125,""predicted_finish"":30481927.360642165,""refetch"":2.0},{""admissible"":true,""core"":1,""earliest_start"":29931176.595443808,""predicted_cycles"":823698.0300071023,""predicted_finish"":30754874.62545091,""refetch"":3.0}]"
v3_captured_mixed_heldout_gpqa_t96_l26,fixed_4+2,pipelined,96,5,5,7,False,1,0,17301504,69206016.0,34603008.0,34603008.0,33.0,4.0,2.0,2.0,0,all_cores_refetch,30754314.200936604,"[{""admissible"":false,""core"":0,""earliest_start"":31031351.278572563,""predicted_cycles"":549116.1328125,""predicted_finish"":31580467.411385063,""refetch"":2.0},{""admissible"":true,""core"":1,""earliest_start"":30754818.200936604,""predicted_cycles"":1098186.1890980112,""predicted_finish"":31853004.390034616,""refetch"":4.0}]"
v3_captured_mixed_heldout_gpqa_t96_l26,fixed_4+2,pipelined,96,7,7,11,False,1,0,17301504,103809024.0,51904512.0,51904512.0,49.5,6.0,3.0,3.0,0,all_cores_refetch,19772359.36982032,"[{""admissible"":false,""core"":0,""earliest_start"":20048125.95780846,""predicted_cycles"":823759.98828125,""predicted_finish"":20871885.94608971,""refetch"":3.0},{""admissible"":true,""core"":1,""earliest_start"":19772863.36982032,""predicted_cycles"":1647341.578125,""predicted_finish"":21420204.94794532,""refetch"":6.0}]"
v3_captured_mixed_heldout_gpqa_t96_l26,fixed_4+2,pipelined,96,10,10,18,False,1,0,17301504,155713536.0,86507520.0,69206016.0,66.0,9.0,5.0,5.0,0,all_cores_refetch,4722.0,"[{""admissible"":false,""core"":0,""earliest_start"":13610514.671875,""predicted_cycles"":1372867.439453125,""predicted_finish"":14983382.111328125,""refetch"":5.0},{""admissible"":true,""core"":1,""earliest_start"":4704.0,""predicted_cycles"":2471019.5443892046,""predicted_finish"":2475723.5443892046,""refetch"":9.0}]"
v3_captured_mixed_heldout_gpqa_t96_l26,fixed_4+2,pipelined,96,11,11,19,False,1,0,17301504,173015040.0,86507520.0,86507520.0,82.5,10.0,5.0,5.0,0,all_cores_refetch,2475428.666666666,"[{""admissible"":false,""core"":0,""earliest_start"":13610514.671875,""predicted_cycles"":1372867.439453125,""predicted_finish"":14983382.111328125,""refetch"":5.0},{""admissible"":true,""core"":1,""earliest_start"":2475932.666666666,""predicted_cycles"":2745551.317116477,""predicted_finish"":5221483.983783143,""refetch"":10.0}]"
v3_captured_mixed_heldout_gpqa_t96_l26,fixed_4+2,pipelined,96,13,13,6,False,1,0,17301504,51904512.0,34603008.0,17301504.0,16.5,3.0,2.0,2.0,0,all_cores_refetch,31852457.934192173,"[{""admissible"":false,""core"":0,""earliest_start"":32129776.15032644,""predicted_cycles"":549141.28125,""predicted_finish"":32678917.43157644,""refetch"":2.0},{""admissible"":true,""core"":1,""earliest_start"":31852961.934192173,""predicted_cycles"":823698.0300071023,""predicted_finish"":32676659.964199275,""refetch"":3.0}]"
v3_captured_mixed_heldout_gpqa_t96_l26,fixed_4+2,pipelined,96,15,15,9,False,1,0,17301504,86507520.0,51904512.0,34603008.0,33.0,5.0,3.0,3.0,0,all_cores_refetch,21419561.256424055,"[{""admissible"":false,""core"":0,""earliest_start"":21695623.68407724,""predicted_cycles"":823753.7021484375,""predicted_finish"":22519377.386225678,""refetch"":3.0},{""admissible"":true,""core"":1,""earliest_start"":21420065.256424055,""predicted_cycles"":1372823.578125,""predicted_finish"":22792888.834549055,""refetch"":5.0}]"
v3_captured_mixed_heldout_gpqa_t96_l26,fixed_4+2,pipelined,96,17,17,16,False,1,0,17301504,138412032.0,69206016.0,69206016.0,66.0,8.0,4.0,4.0,0,all_cores_refetch,15379525.100303063,"[{""admissible"":false,""core"":0,""earliest_start"":15929490.418352937,""predicted_cycles"":1098211.05078125,""predicted_finish"":17027701.46913419,""refetch"":4.0},{""admissible"":true,""core"":1,""earliest_start"":15380029.100303063,""predicted_cycles"":2196377.578125,""predicted_finish"":17576406.67842806,""refetch"":8.0}]"
v3_captured_mixed_heldout_gpqa_t96_l26,fixed_4+2,pipelined,96,22,22,5,False,1,0,17301504,51904512.0,34603008.0,17301504.0,16.5,3.0,2.0,2.0,0,all_cores_refetch,32676110.1794761,"[{""admissible"":false,""core"":0,""earliest_start"":32678653.27637989,""predicted_cycles"":549166.4296875,""predicted_finish"":33227819.70606739,""refetch"":2.0},{""admissible"":true,""core"":1,""earliest_start"":32676614.1794761,""predicted_cycles"":823684.2533735796,""predicted_finish"":33500298.43284968,""refetch"":3.0}]"
v3_captured_mixed_heldout_gpqa_t96_l26,fixed_4+2,pipelined,96,25,25,9,False,1,0,17301504,86507520.0,51904512.0,34603008.0,33.0,5.0,3.0,3.0,0,all_cores_refetch,22792274.297122937,"[{""admissible"":false,""core"":0,""earliest_start"":23343396.5398595,""predicted_cycles"":823753.7021484375,""predicted_finish"":24167150.242007937,""refetch"":3.0},{""admissible"":true,""core"":1,""earliest_start"":22792778.297122937,""predicted_cycles"":1372812.0988991477,""predicted_finish"":24165590.396022085,""refetch"":5.0}]"
v3_captured_mixed_heldout_gpqa_t96_l26,fixed_4+2,pipelined,96,30,30,9,False,1,0,17301504,86507520.0,51904512.0,34603008.0,33.0,5.0,3.0,3.0,0,all_cores_refetch,24165045.262161,"[{""admissible"":false,""core"":0,""earliest_start"":24166832.342560746,""predicted_cycles"":823766.2744140625,""predicted_finish"":24990598.61697481,""refetch"":3.0},{""admissible"":true,""core"":1,""earliest_start"":24165549.262161,""predicted_cycles"":1372777.6612215908,""predicted_finish"":25538326.92338259,""refetch"":5.0}]"
v3_captured_mixed_heldout_gpqa_t96_l26,fixed_4+2,pipelined,96,35,35,6,False,1,0,17301504,51904512.0,34603008.0,17301504.0,16.5,3.0,2.0,2.0,0,all_cores_refetch,33499739.197446957,"[{""admissible"":false,""core"":0,""earliest_start"":33777215.946726985,""predicted_cycles"":549141.28125,""predicted_finish"":34326357.227976985,""refetch"":2.0},{""admissible"":true,""core"":1,""earliest_start"":33500243.197446957,""predicted_cycles"":823663.5884232955,""predicted_finish"":34323906.785870254,""refetch"":3.0}]"
v3_captured_mixed_heldout_gpqa_t96_l26,fixed_4+2,pipelined,96,36,36,10,False,1,0,17301504,86507520.0,51904512.0,34603008.0,33.0,5.0,3.0,3.0,0,all_cores_refetch,25537853.659579564,"[{""admissible"":false,""core"":0,""earliest_start"":25814111.592560742,""predicted_cycles"":823741.1298828125,""predicted_finish"":26637852.722443555,""refetch"":3.0},{""admissible"":true,""core"":1,""earliest_start"":25538357.659579564,""predicted_cycles"":1372766.1819957385,""predicted_finish"":26911123.841575302,""refetch"":5.0}]"
v3_captured_mixed_heldout_gpqa_t96_l26,fixed_4+2,pipelined,96,39,39,18,False,1,0,17301504,155713536.0,86507520.0,69206016.0,66.0,9.0,5.0,5.0,0,all_cores_refetch,5221018.78138528,"[{""admissible"":false,""core"":0,""earliest_start"":13756516.115942022,""predicted_cycles"":1372867.439453125,""predicted_finish"":15129383.555395147,""refetch"":5.0},{""admissible"":true,""core"":1,""earliest_start"":5221522.78138528,""predicted_cycles"":2471060.866477273,""predicted_finish"":7692583.647862554,""refetch"":9.0}]"
v3_captured_mixed_heldout_gpqa_t96_l26,fixed_4+2,pipelined,96,40,40,8,False,1,0,17301504,69206016.0,34603008.0,34603008.0,33.0,4.0,2.0,2.0,0,all_cores_refetch,34323394.93197031,"[{""admissible"":false,""core"":0,""earliest_start"":34326129.29860733,""predicted_cycles"":549166.4296875,""predicted_finish"":34875295.72829483,""refetch"":2.0},{""admissible"":true,""core"":1,""earliest_start"":34323898.93197031,""predicted_cycles"":1098149.4540127842,""predicted_finish"":35422048.385983095,""refetch"":4.0}]"
v3_captured_mixed_heldout_gpqa_t96_l26,fixed_4+2,pipelined,96,45,45,12,False,1,0,17301504,103809024.0,51904512.0,51904512.0,49.5,6.0,3.0,3.0,0,all_cores_refetch,26910588.076046064,"[{""admissible"":false,""core"":0,""earliest_start"":27461903.03764086,""predicted_cycles"":823709.69921875,""predicted_finish"":28285612.73685961,""refetch"":3.0},{""admissible"":true,""core"":1,""earliest_start"":26911092.076046064,""predicted_cycles"":1647300.2540838069,""predicted_finish"":28558392.330129873,""refetch"":6.0}]"
v3_captured_mixed_heldout_gpqa_t96_l26,fixed_4+2,pipelined,96,47,47,7,False,1,0,17301504,69206016.0,34603008.0,34603008.0,33.0,4.0,2.0,2.0,0,all_cores_refetch,35421645.03621608,"[{""admissible"":false,""core"":0,""earliest_start"":35424397.20427677,""predicted_cycles"":549162.23828125,""predicted_finish"":35973559.44255802,""refetch"":2.0},{""admissible"":true,""core"":1,""earliest_start"":35422149.03621608,""predicted_cycles"":1098121.9026988635,""predicted_finish"":36520270.93891495,""refetch"":4.0}]"
v3_captured_mixed_heldout_gpqa_t96_l26,fixed_4+2,pipelined,96,50,50,19,False,1,0,17301504,173015040.0,86507520.0,86507520.0,82.5,10.0,5.0,5.0,0,all_cores_refetch,7692043.20483152,"[{""admissible"":false,""core"":0,""earliest_start"":13756572.644080555,""predicted_cycles"":1372867.439453125,""predicted_finish"":15129440.08353368,""refetch"":5.0},{""admissible"":true,""core"":1,""earliest_start"":7692547.20483152,""predicted_cycles"":2745597.2301136362,""predicted_finish"":10438144.434945157,""refetch"":10.0}]"
v3_captured_mixed_heldout_gpqa_t96_l26,fixed_4+2,pipelined,96,56,56,10,False,1,0,17301504,86507520.0,51904512.0,34603008.0,33.0,5.0,3.0,3.0,0,all_cores_refetch,28557861.464024242,"[{""admissible"":false,""core"":0,""earliest_start"":29109109.129987452,""predicted_cycles"":823722.271484375,""predicted_finish"":29932831.401471827,""refetch"":3.0},{""admissible"":true,""core"":1,""earliest_start"":28558365.464024242,""predicted_cycles"":1372777.6612215908,""predicted_finish"":29931143.125245832,""refetch"":5.0}]"
v3_captured_mixed_heldout_gpqa_t96_l26,fixed_4+2,pipelined,96,57,57,18,False,1,0,17301504,155713536.0,86507520.0,69206016.0,66.0,9.0,5.0,5.0,0,all_cores_refetch,10437703.567418808,"[{""admissible"":false,""core"":0,""earliest_start"":13756515.696161306,""predicted_cycles"":1372867.439453125,""predicted_finish"":15129383.13561443,""refetch"":5.0},{""admissible"":true,""core"":1,""earliest_start"":10438207.567418808,""predicted_cycles"":2471060.866477273,""predicted_finish"":12909268.433896082,""refetch"":9.0}]"
v3_captured_mixed_heldout_gpqa_t96_l26,fixed_4+2,pipelined,96,59,59,17,False,1,0,17301504,155713536.0,86507520.0,69206016.0,66.0,9.0,5.0,5.0,0,all_cores_refetch,12908728.107037721,"[{""admissible"":false,""core"":0,""earliest_start"":13756515.696161306,""predicted_cycles"":1372867.439453125,""predicted_finish"":15129383.13561443,""refetch"":5.0},{""admissible"":true,""core"":1,""earliest_start"":12909232.107037721,""predicted_cycles"":2471060.866477273,""predicted_finish"":15380292.973514995,""refetch"":9.0}]"
v3_captured_mixed_heldout_gpqa_t96_l26,fixed_4+2,pipelined,96,60,60,8,False,1,0,17301504,69206016.0,34603008.0,34603008.0,33.0,4.0,2.0,2.0,0,all_cores_refetch,36519891.26532363,"[{""admissible"":false,""core"":0,""earliest_start"":36522662.45818307,""predicted_cycles"":549149.6640625,""predicted_finish"":37071812.12224557,""refetch"":2.0},{""admissible"":true,""core"":1,""earliest_start"":36520395.26532363,""predicted_cycles"":1098149.4540127842,""predicted_finish"":37618544.71933641,""refetch"":4.0}]"
v3_captured_mixed_heldout_gpqa_t96_l26,fixed_4+2,pipelined,96,62,62,16,False,1,0,17301504,138412032.0,69206016.0,69206016.0,66.0,8.0,4.0,4.0,0,all_cores_refetch,17575978.96200654,"[{""admissible"":false,""core"":0,""earliest_start"":18126288.683162358,""predicted_cycles"":1098236.193359375,""predicted_finish"":19224524.876521733,""refetch"":4.0},{""admissible"":true,""core"":1,""earliest_start"":17576482.96200654,""predicted_cycles"":2196377.578125,""predicted_finish"":19772860.54013154,""refetch"":8.0}]"
v3_captured_mixed_heldout_swe_t96_l13,fixed_4+2,pipelined,96,3,3,9,False,1,0,17301504,86507520.0,51904512.0,34603008.0,33.0,5.0,3.0,3.0,0,all_cores_refetch,27185211.382598493,"[{""admissible"":false,""core"":0,""earliest_start"":27736092.45105734,""predicted_cycles"":823728.5576171875,""predicted_finish"":28559821.00867453,""refetch"":3.0},{""admissible"":true,""core"":1,""earliest_start"":27185715.382598493,""predicted_cycles"":1372789.1404474431,""predicted_finish"":28558504.523045935,""refetch"":5.0}]"
v3_captured_mixed_heldout_swe_t96_l13,fixed_4+2,pipelined,96,5,5,5,False,1,0,17301504,51904512.0,34603008.0,17301504.0,16.5,3.0,2.0,2.0,0,all_cores_refetch,29930799.224913552,"[{""admissible"":false,""core"":0,""earliest_start"":30206857.554578967,""predicted_cycles"":549183.1953125,""predicted_finish"":30756040.749891467,""refetch"":2.0},{""admissible"":true,""core"":1,""earliest_start"":29931303.224913552,""predicted_cycles"":823622.2585227273,""predicted_finish"":30754925.48343628,""refetch"":3.0}]"
v3_captured_mixed_heldout_swe_t96_l13,fixed_4+2,pipelined,96,6,6,43,False,1,0,17301504,380633088.0,190316544.0,190316544.0,181.5,22.0,11.0,11.0,0,all_cores_refetch,4608.0,"[{""admissible"":false,""core"":0,""earliest_start"":13693984.9375,""predicted_cycles"":3000068.1962890625,""predicted_finish"":16694053.133789062,""refetch"":11.0},{""admissible"":true,""core"":1,""earliest_start"":4590.0,""predicted_cycles"":6039983.091796875,""predicted_finish"":6044573.091796875,""refetch"":22.0}]"
v3_captured_mixed_heldout_swe_t96_l13,fixed_4+2,pipelined,96,10,10,7,False,1,0,17301504,69206016.0,34603008.0,34603008.0,33.0,4.0,2.0,2.0,0,all_cores_refetch,30754487.308968164,"[{""admissible"":false,""core"":0,""earliest_start"":30756071.31008838,""predicted_cycles"":549183.1953125,""predicted_finish"":31305254.50540088,""refetch"":2.0},{""admissible"":true,""core"":1,""earliest_start"":30754991.308968164,""predicted_cycles"":1098085.1676136362,""predicted_finish"":31853076.4765818,""refetch"":4.0}]"
v3_captured_mixed_heldout_swe_t96_l13,fixed_4+2,pipelined,96,11,11,14,False,1,0,17301504,121110528.0,69206016.0,51904512.0,49.5,7.0,4.0,4.0,0,all_cores_refetch,23341379.380491767,"[{""admissible"":false,""core"":0,""earliest_start"":24441095.347270433,""predicted_cycles"":1098219.431640625,""predicted_finish"":25539314.778911058,""refetch"":4.0},{""admissible"":true,""core"":1,""earliest_start"":23341883.380491767,""predicted_cycles"":1921795.2975852275,""predicted_finish"":25263678.678076994,""refetch"":7.0}]"
v3_captured_mixed_heldout_swe_t96_l13,fixed_4+2,pipelined,96,19,19,44,False,1,0,17301504,380633088.0,190316544.0,190316544.0,181.5,22.0,11.0,11.0,0,all_cores_refetch,6044530.19047619,"[{""admissible"":false,""core"":0,""earliest_start"":13756698.782608695,""predicted_cycles"":3000068.1962890625,""predicted_finish"":16756766.978897758,""refetch"":11.0},{""admissible"":true,""core"":1,""earliest_start"":6045034.19047619,""predicted_cycles"":6039983.091796875,""predicted_finish"":12085017.282273065,""refetch"":22.0}]"
v3_captured_mixed_heldout_swe_t96_l13,fixed_4+2,pipelined,96,23,24,6,False,1,0,17301504,51904512.0,34603008.0,17301504.0,16.5,3.0,2.0,2.0,0,all_cores_refetch,31852743.565246727,"[{""admissible"":false,""core"":0,""earliest_start"":31854339.961510386,""predicted_cycles"":549158.046875,""predicted_finish"":32403498.008385386,""refetch"":2.0},{""admissible"":true,""core"":1,""earliest_start"":31853247.565246727,""predicted_cycles"":823622.2585227273,""predicted_finish"":32676869.823769454,""refetch"":3.0}]"
v3_captured_mixed_heldout_swe_t96_l13,fixed_4+2,pipelined,96,26,29,14,False,1,0,17301504,121110528.0,69206016.0,51904512.0,49.5,7.0,4.0,4.0,0,all_cores_refetch,25263325.834702503,"[{""admissible"":false,""core"":0,""earliest_start"":25539200.778262395,""predicted_cycles"":1098219.431640625,""predicted_finish"":26637420.20990302,""refetch"":4.0},{""admissible"":true,""core"":1,""earliest_start"":25263829.834702503,""predicted_cycles"":1921795.2975852275,""predicted_finish"":27185625.13228773,""refetch"":7.0}]"
v3_captured_mixed_heldout_swe_t96_l13,fixed_4+2,pipelined,96,32,35,6,False,1,0,17301504,51904512.0,34603008.0,17301504.0,16.5,3.0,2.0,2.0,0,all_cores_refetch,32676367.54138473,"[{""admissible"":false,""core"":0,""earliest_start"":32952914.104497373,""predicted_cycles"":549128.70703125,""predicted_finish"":33502042.811528623,""refetch"":2.0},{""admissible"":true,""core"":1,""earliest_start"":32676871.54138473,""predicted_cycles"":823649.8117897728,""predicted_finish"":33500521.353174504,""refetch"":3.0}]"
v3_captured_mixed_heldout_swe_t96_l13,fixed_4+2,pipelined,96,37,41,18,False,1,0,17301504,155713536.0,86507520.0,69206016.0,66.0,9.0,5.0,5.0,0,all_cores_refetch,20870382.87388975,"[{""admissible"":false,""core"":0,""earliest_start"":21695376.864476364,""predicted_cycles"":1372867.439453125,""predicted_finish"":23068244.30392949,""refetch"":5.0},{""admissible"":true,""core"":1,""earliest_start"":20870886.87388975,""predicted_cycles"":2471060.866477273,""predicted_finish"":23341947.740367025,""refetch"":9.0}]"
v3_captured_mixed_heldout_swe_t96_l13,fixed_4+2,pipelined,96,40,44,8,False,1,0,17301504,69206016.0,34603008.0,34603008.0,33.0,4.0,2.0,2.0,0,all_cores_refetch,33500021.650009725,"[{""admissible"":false,""core"":0,""earliest_start"":33501811.894403003,""predicted_cycles"":549158.046875,""predicted_finish"":34050969.941278,""refetch"":2.0},{""admissible"":true,""core"":1,""earliest_start"":33500525.650009725,""predicted_cycles"":1098140.2702414773,""predicted_finish"":34598665.920251206,""refetch"":4.0}]"
v3_captured_mixed_heldout_swe_t96_l13,fixed_4+2,pipelined,96,45,49,24,False,1,0,17301504,207618048.0,103809024.0,103809024.0,99.0,12.0,6.0,6.0,0,all_cores_refetch,17575719.82407587,"[{""admissible"":false,""core"":0,""earliest_start"":17576915.936294205,""predicted_cycles"":1647389.734375,""predicted_finish"":19224305.670669205,""refetch"":6.0},{""admissible"":true,""core"":1,""earliest_start"":17576223.82407587,""predicted_cycles"":3294669.9573863638,""predicted_finish"":20870893.781462234,""refetch"":12.0}]"
v3_captured_mixed_heldout_swe_t96_l13,fixed_4+2,pipelined,96,51,56,10,False,1,0,17301504,86507520.0,51904512.0,34603008.0,33.0,5.0,3.0,3.0,0,all_cores_refetch,28557989.206154827,"[{""admissible"":false,""core"":0,""earliest_start"":28559578.30457897,""predicted_cycles"":823753.7021484375,""predicted_finish"":29383332.00672741,""refetch"":3.0},{""admissible"":true,""core"":1,""earliest_start"":28558493.206154827,""predicted_cycles"":1372812.0988991477,""predicted_finish"":29931305.305053975,""refetch"":5.0}]"
v3_captured_mixed_heldout_swe_t96_l13,fixed_4+2,pipelined,96,52,57,39,False,1,0,17301504,346030080.0,173015040.0,173015040.0,165.0,20.0,10.0,10.0,0,all_cores_refetch,12084831.35006126,"[{""admissible"":false,""core"":0,""earliest_start"":13756549.861973772,""predicted_cycles"":2727357.83984375,""predicted_finish"":16483907.701817522,""refetch"":10.0},{""admissible"":true,""core"":1,""earliest_start"":12085335.35006126,""predicted_cycles"":5491006.777521307,""predicted_finish"":17576342.127582565,""refetch"":20.0}]"
v3_captured_mixed_heldout_swe_t96_l2,fixed_4+2,pipelined,96,0,0,20,False,1,0,17301504,173015040.0,86507520.0,86507520.0,82.5,10.0,5.0,5.0,0,all_cores_refetch,3573640.6666666665,"[{""admissible"":false,""core"":0,""earliest_start"":13756528.782608693,""predicted_cycles"":1372867.439453125,""predicted_finish"":15129396.222061818,""refetch"":5.0},{""admissible"":true,""core"":1,""earliest_start"":3574144.6666666665,""predicted_cycles"":2745620.186612216,""predicted_finish"":6319764.853278883,""refetch"":10.0}]"
v3_captured_mixed_heldout_swe_t96_l2,fixed_4+2,pipelined,96,7,7,7,False,1,0,17301504,69206016.0,34603008.0,34603008.0,33.0,4.0,2.0,2.0,0,all_cores_refetch,29930762.505260855,"[{""admissible"":false,""core"":0,""earliest_start"":29932683.66287953,""predicted_cycles"":549166.4296875,""predicted_finish"":30481850.09256703,""refetch"":2.0},{""admissible"":true,""core"":1,""earliest_start"":29931266.505260855,""predicted_cycles"":1098131.0864701704,""predicted_finish"":31029397.591731027,""refetch"":4.0}]"
v3_captured_mixed_heldout_swe_t96_l2,fixed_4+2,pipelined,96,8,8,19,False,1,0,17301504,173015040.0,86507520.0,86507520.0,82.5,10.0,5.0,5.0,0,all_cores_refetch,6319221.703901033,"[{""admissible"":false,""core"":0,""earliest_start"":13756528.782608693,""predicted_cycles"":1372867.439453125,""predicted_finish"":15129396.222061818,""refetch"":5.0},{""admissible"":true,""core"":1,""earliest_start"":6319725.703901033,""predicted_cycles"":2745643.1431107954,""predicted_finish"":9065368.847011829,""refetch"":10.0}]"
v3_captured_mixed_heldout_swe_t96_l2,fixed_4+2,pipelined,96,11,11,17,False,1,0,17301504,155713536.0,86507520.0,69206016.0,66.0,9.0,5.0,5.0,0,all_cores_refetch,9064806.505366795,"[{""admissible"":false,""core"":0,""earliest_start"":13756674.913451616,""predicted_cycles"":1372867.439453125,""predicted_finish"":15129542.35290474,""refetch"":5.0},{""admissible"":true,""core"":1,""earliest_start"":9065310.505366795,""predicted_cycles"":2471102.188565341,""predicted_finish"":11536412.693932135,""refetch"":9.0}]"
v3_captured_mixed_heldout_swe_t96_l2,fixed_4+2,pipelined,96,12,12,6,False,1,0,17301504,51904512.0,34603008.0,17301504.0,16.5,3.0,2.0,2.0,0,all_cores_refetch,31029002.448758334,"[{""admissible"":false,""core"":0,""earliest_start"":31030947.632323913,""predicted_cycles"":549187.38671875,""predicted_finish"":31580135.019042663,""refetch"":2.0},{""admissible"":true,""core"":1,""earliest_start"":31029506.448758334,""predicted_cycles"":823656.7001065342,""predicted_finish"":31853163.14886487,""refetch"":3.0}]"
v3_captured_mixed_heldout_swe_t96_l2,fixed_4+2,pipelined,96,15,15,20,False,1,0,17301504,173015040.0,86507520.0,86507520.0,82.5,10.0,5.0,5.0,0,all_cores_refetch,11535906.99403896,"[{""admissible"":false,""core"":0,""earliest_start"":13756575.046748191,""predicted_cycles"":1372867.439453125,""predicted_finish"":15129442.486201316,""refetch"":5.0},{""admissible"":true,""core"":1,""earliest_start"":11536410.99403896,""predicted_cycles"":2745643.1431107954,""predicted_finish"":14282054.137149755,""refetch"":10.0}]"
v3_captured_mixed_heldout_swe_t96_l2,fixed_4+2,pipelined,96,17,17,10,False,1,0,17301504,86507520.0,51904512.0,34603008.0,33.0,5.0,3.0,3.0,0,all_cores_refetch,21145222.551914435,"[{""admissible"":false,""core"":0,""earliest_start"":21420814.590060573,""predicted_cycles"":823741.1298828125,""predicted_finish"":22244555.719943386,""refetch"":3.0},{""admissible"":true,""core"":1,""earliest_start"":21145726.551914435,""predicted_cycles"":1372835.0573508523,""predicted_finish"":22518561.609265286,""refetch"":5.0}]"
v3_captured_mixed_heldout_swe_t96_l2,fixed_4+2,pipelined,96,22,22,7,False,1,0,17301504,69206016.0,34603008.0,34603008.0,33.0,4.0,2.0,2.0,0,all_cores_refetch,31852637.24886801,"[{""admissible"":false,""core"":0,""earliest_start"":32129506.545661613,""predicted_cycles"":549149.6640625,""predicted_finish"":32678656.209724113,""refetch"":2.0},{""admissible"":true,""core"":1,""earliest_start"":31853141.24886801,""predicted_cycles"":1098140.2702414773,""predicted_finish"":32951281.519109488,""refetch"":4.0}]"
v3_captured_mixed_heldout_swe_t96_l2,fixed_4+2,pipelined,96,26,26,10,False,1,0,17301504,86507520.0,51904512.0,34603008.0,33.0,5.0,3.0,3.0,0,all_cores_refetch,22517927.064435534,"[{""admissible"":false,""core"":0,""earliest_start"":23068567.362740554,""predicted_cycles"":823734.84375,""predicted_finish"":23892302.206490554,""refetch"":3.0},{""admissible"":true,""core"":1,""earliest_start"":22518431.064435534,""predicted_cycles"":1372846.5365767044,""predicted_finish"":23891277.601012237,""refetch"":5.0}]"
v3_captured_mixed_heldout_swe_t96_l2,fixed_4+2,pipelined,96,28,28,3,False,1,0,17301504,34603008.0,17301504,17301504.0,16.5,2.0,1.0,1.0,0,immediate_refetch_faster_than_wait,36933045.97309263,"[{""admissible"":false,""core"":0,""earliest_start"":37207865.44672544,""predicted_cycles"":274327.4736328125,""predicted_finish"":37482192.920358256,""refetch"":1.0},{""admissible"":true,""core"":1,""earliest_start"":36933025.97309263,""predicted_cycles"":549140.9779829546,""predicted_finish"":37482166.95107558,""refetch"":2.0}]"
v3_captured_mixed_heldout_swe_t96_l2,fixed_4+2,pipelined,96,30,30,15,False,1,0,17301504,138412032.0,69206016.0,69206016.0,66.0,8.0,4.0,4.0,0,all_cores_refetch,17026875.936790198,"[{""admissible"":false,""core"":0,""earliest_start"":17302286.993451815,""predicted_cycles"":1098202.669921875,""predicted_finish"":18400489.66337369,""refetch"":4.0},{""admissible"":true,""core"":1,""earliest_start"":17027379.936790198,""predicted_cycles"":2196395.9437144888,""predicted_finish"":19223775.880504686,""refetch"":8.0}]"
v3_captured_mixed_heldout_swe_t96_l2,fixed_4+2,pipelined,96,33,33,6,False,1,0,17301504,51904512.0,34603008.0,17301504.0,16.5,3.0,2.0,2.0,0,all_cores_refetch,32950780.06594042,"[{""admissible"":false,""core"":0,""earliest_start"":33227924.134076547,""predicted_cycles"":549162.23828125,""predicted_finish"":33777086.3723578,""refetch"":2.0},{""admissible"":true,""core"":1,""earliest_start"":32951284.06594042,""predicted_cycles"":823670.4767400569,""predicted_finish"":33774954.54268048,""refetch"":3.0}]"
v3_captured_mixed_heldout_swe_t96_l2,fixed_4+2,pipelined,96,38,38,10,False,1,0,17301504,86507520.0,51904512.0,34603008.0,33.0,5.0,3.0,3.0,0,all_cores_refetch,23890699.550836373,"[{""admissible"":false,""core"":0,""earliest_start"":23892004.34778576,""predicted_cycles"":823753.7021484375,""predicted_finish"":24715758.049934197,""refetch"":3.0},{""admissible"":true,""core"":1,""earliest_start"":23891203.550836373,""predicted_cycles"":1372812.0988991477,""predicted_finish"":25264015.64973552,""refetch"":5.0}]"
v3_captured_mixed_heldout_swe_t96_l2,fixed_4+2,pipelined,96,40,40,7,False,1,0,17301504,69206016.0,34603008.0,34603008.0,33.0,4.0,2.0,2.0,0,all_cores_refetch,33774432.26004758,"[{""admissible"":false,""core"":0,""earliest_start"":33776800.37104435,""predicted_cycles"":549183.1953125,""predicted_finish"":34325983.56635685,""refetch"":2.0},{""admissible"":true,""core"":1,""earliest_start"":33774936.26004758,""predicted_cycles"":1098140.2702414773,""predicted_finish"":34873076.530289054,""refetch"":4.0}]"
v3_captured_mixed_heldout_swe_t96_l2,fixed_4+2,pipelined,96,45,45,13,False,1,0,17301504,121110528.0,69206016.0,51904512.0,49.5,7.0,4.0,4.0,0,all_cores_refetch,19223334.42343808,"[{""admissible"":false,""core"":0,""earliest_start"":19498710.76690625,""predicted_cycles"":1098261.3359375,""predicted_finish"":20596972.10284375,""refetch"":4.0},{""admissible"":true,""core"":1,""earliest_start"":19223838.42343808,""predicted_cycles"":1921875.6482599434,""predicted_finish"":21145714.071698025,""refetch"":7.0}]"
v3_captured_mixed_heldout_swe_t96_l2,fixed_4+2,pipelined,96,50,50,6,False,1,0,17301504,51904512.0,34603008.0,17301504.0,16.5,3.0,2.0,2.0,0,all_cores_refetch,34872679.30195137,"[{""admissible"":false,""core"":0,""earliest_start"":34875067.49706574,""predicted_cycles"":549170.62109375,""predicted_finish"":35424238.11815949,""refetch"":2.0},{""admissible"":true,""core"":1,""earliest_start"":34873183.30195137,""predicted_cycles"":823649.8117897728,""predicted_finish"":35696833.113741145,""refetch"":3.0}]"
v3_captured_mixed_heldout_swe_t96_l2,fixed_4+2,pipelined,96,51,51,20,False,1,0,17301504,173015040.0,86507520.0,86507520.0,82.5,10.0,5.0,5.0,0,all_cores_refetch,14281427.814403526,"[{""admissible"":false,""core"":0,""earliest_start"":15105802.818306094,""predicted_cycles"":1372867.439453125,""predicted_finish"":16478670.257759219,""refetch"":5.0},{""admissible"":true,""core"":1,""earliest_start"":14281931.814403526,""predicted_cycles"":2745620.186612216,""predicted_finish"":17027552.00101574,""refetch"":10.0}]"
v3_captured_mixed_heldout_swe_t96_l2,fixed_4+2,pipelined,96,52,52,9,False,1,0,17301504,86507520.0,51904512.0,34603008.0,33.0,5.0,3.0,3.0,0,all_cores_refetch,25263506.417780265,"[{""admissible"":false,""core"":0,""earliest_start"":25539283.597785763,""predicted_cycles"":823741.1298828125,""predicted_finish"":26363024.727668576,""refetch"":3.0},{""admissible"":true,""core"":1,""earliest_start"":25264010.417780265,""predicted_cycles"":1372789.1404474431,""predicted_finish"":26636799.558227707,""refetch"":5.0}]"
v3_captured_mixed_heldout_swe_t96_l2,fixed_4+2,pipelined,96,56,56,11,False,1,0,17301504,103809024.0,51904512.0,51904512.0,49.5,6.0,3.0,3.0,0,all_cores_refetch,26636240.61401907,"[{""admissible"":false,""core"":0,""earliest_start"":27187073.981741905,""predicted_cycles"":823709.69921875,""predicted_finish"":28010783.680960655,""refetch"":3.0},{""admissible"":true,""core"":1,""earliest_start"":26636744.61401907,""predicted_cycles"":1647314.0287642046,""predicted_finish"":28284058.642783273,""refetch"":6.0}]"
v3_captured_mixed_heldout_swe_t96_l2,fixed_4+2,pipelined,96,57,57,25,False,1,0,17301504,224919552.0,121110528.0,103809024.0,99.0,13.0,7.0,7.0,0,all_cores_refetch,4694.0,"[{""admissible"":false,""core"":0,""earliest_start"":13664009.9296875,""predicted_cycles"":1921912.029296875,""predicted_finish"":15585921.958984375,""refetch"":7.0},{""admissible"":true,""core"":1,""earliest_start"":4676.0,""predicted_cycles"":3569236.1638849434,""predicted_finish"":3573912.1638849434,""refetch"":13.0}]"
v3_captured_mixed_heldout_swe_t96_l2,fixed_4+2,pipelined,96,61,62,12,False,1,0,17301504,103809024.0,51904512.0,51904512.0,49.5,6.0,3.0,3.0,0,all_cores_refetch,28283513.998373393,"[{""admissible"":false,""core"":0,""earliest_start"":28834279.72378877,""predicted_cycles"":823722.271484375,""predicted_finish"":29658001.995273147,""refetch"":3.0},{""admissible"":true,""core"":1,""earliest_start"":28284017.998373393,""predicted_cycles"":1647286.4794034092,""predicted_finish"":29931304.477776803,""refetch"":6.0}]"
v3_captured_mixed_heldout_swe_t96_l26,fixed_4+2,pipelined,96,1,1,10,False,1,0,17301504,86507520.0,51904512.0,34603008.0,33.0,5.0,3.0,3.0,0,all_cores_refetch,23616440.953939445,"[{""admissible"":false,""core"":0,""earliest_start"":23617192.578723848,""predicted_cycles"":823766.2744140625,""predicted_finish"":24440958.85313791,""refetch"":3.0},{""admissible"":true,""core"":1,""earliest_start"":23616944.953939445,""predicted_cycles"":1372835.0573508523,""predicted_finish"":24989780.011290297,""refetch"":5.0}]"
v3_captured_mixed_heldout_swe_t96_l26,fixed_4+2,pipelined,96,2,2,8,False,1,0,17301504,69206016.0,34603008.0,34603008.0,33.0,4.0,2.0,2.0,0,all_cores_refetch,29107566.06715542,"[{""admissible"":false,""core"":0,""earliest_start"":29383007.999129683,""predicted_cycles"":549153.85546875,""predicted_finish"":29932161.854598433,""refetch"":2.0},{""admissible"":true,""core"":1,""earliest_start"":29108070.06715542,""predicted_cycles"":1098177.0053267046,""predicted_finish"":30206247.072482124,""refetch"":4.0}]"
v3_captured_mixed_heldout_swe_t96_l26,fixed_4+2,pipelined,96,5,5,14,False,1,0,17301504,121110528.0,69206016.0,51904512.0,49.5,7.0,4.0,4.0,0,all_cores_refetch,13732457.844475338,"[{""admissible"":false,""core"":0,""earliest_start"":13756501.71338003,""predicted_cycles"":1098185.908203125,""predicted_finish"":14854687.621583154,""refetch"":4.0},{""admissible"":true,""core"":1,""earliest_start"":13732961.844475338,""predicted_cycles"":1921859.5781250002,""predicted_finish"":15654821.422600338,""refetch"":7.0}]"
v3_captured_mixed_heldout_swe_t96_l26,fixed_4+2,pipelined,96,7,7,5,False,1,0,17301504,51904512.0,34603008.0,17301504.0,16.5,3.0,2.0,2.0,0,all_cores_refetch,30205740.205775894,"[{""admissible"":false,""core"":0,""earliest_start"":30481677.822265733,""predicted_cycles"":549137.08984375,""predicted_finish"":31030814.912109483,""refetch"":2.0},{""admissible"":true,""core"":1,""earliest_start"":30206244.205775894,""predicted_cycles"":823691.1416903409,""predicted_finish"":31029935.347466234,""refetch"":3.0}]"
v3_captured_mixed_heldout_swe_t96_l26,fixed_4+2,pipelined,96,10,10,19,False,1,0,17301504,173015040.0,86507520.0,86507520.0,82.5,10.0,5.0,5.0,0,all_cores_refetch,3024532.6666666665,"[{""admissible"":false,""core"":0,""earliest_start"":13711051.171875,""predicted_cycles"":1372867.439453125,""predicted_finish"":15083918.611328125,""refetch"":5.0},{""admissible"":true,""core"":1,""earliest_start"":3025036.6666666665,""predicted_cycles"":2745574.2736150566,""predicted_finish"":5770610.940281723,""refetch"":10.0}]"
v3_captured_mixed_heldout_swe_t96_l26,fixed_4+2,pipelined,96,13,13,13,False,1,0,17301504,121110528.0,69206016.0,51904512.0,49.5,7.0,4.0,4.0,0,all_cores_refetch,15654315.915912215,"[{""admissible"":false,""core"":0,""earliest_start"":15929224.266601617,""predicted_cycles"":1098219.431640625,""predicted_finish"":17027443.69824224,""refetch"":4.0},{""admissible"":true,""core"":1,""earliest_start"":15654819.915912215,""predicted_cycles"":1921859.5781250002,""predicted_finish"":17576679.494037215,""refetch"":7.0}]"
v3_captured_mixed_heldout_swe_t96_l26,fixed_4+2,pipelined,96,14,14,8,False,1,0,17301504,69206016.0,34603008.0,34603008.0,33.0,4.0,2.0,2.0,0,all_cores_refetch,31029398.084087215,"[{""admissible"":false,""core"":0,""earliest_start"":31030590.60797202,""predicted_cycles"":549162.23828125,""predicted_finish"":31579752.84625327,""refetch"":2.0},{""admissible"":true,""core"":1,""earliest_start"":31029902.084087215,""predicted_cycles"":1098177.0053267046,""predicted_finish"":32128079.08941392,""refetch"":4.0}]"
v3_captured_mixed_heldout_swe_t96_l26,fixed_4+2,pipelined,96,15,15,22,False,1,0,17301504,190316544.0,103809024.0,86507520.0,82.5,11.0,6.0,6.0,0,all_cores_refetch,4706.0,"[{""admissible"":false,""core"":0,""earliest_start"":13711051.171875,""predicted_cycles"":1647389.734375,""predicted_finish"":15358440.90625,""refetch"":6.0},{""admissible"":true,""core"":1,""earliest_start"":4688.0,""predicted_cycles"":3020108.341796875,""predicted_finish"":3024796.341796875,""refetch"":11.0}]"
v3_captured_mixed_heldout_swe_t96_l26,fixed_4+2,pipelined,96,22,22,8,False,1,0,17301504,69206016.0,34603008.0,34603008.0,33.0,4.0,2.0,2.0,0,all_cores_refetch,32127645.607202753,"[{""admissible"":false,""core"":0,""earliest_start"":32128857.672441885,""predicted_cycles"":549158.046875,""predicted_finish"":32678015.719316885,""refetch"":2.0},{""admissible"":true,""core"":1,""earliest_start"":32128149.607202753,""predicted_cycles"":1098149.4540127842,""predicted_finish"":33226299.06121554,""refetch"":4.0}]"
v3_captured_mixed_heldout_swe_t96_l26,fixed_4+2,pipelined,96,23,23,18,False,1,0,17301504,155713536.0,86507520.0,69206016.0,66.0,9.0,5.0,5.0,0,all_cores_refetch,5770113.703901033,"[{""admissible"":false,""core"":0,""earliest_start"":13756500.11594203,""predicted_cycles"":1372867.439453125,""predicted_finish"":15129367.555395154,""refetch"":5.0},{""admissible"":true,""core"":1,""earliest_start"":5770617.703901033,""predicted_cycles"":2471081.527521307,""predicted_finish"":8241699.2314223405,""refetch"":9.0}]"
v3_captured_mixed_heldout_swe_t96_l26,fixed_4+2,pipelined,96,24,24,10,False,1,0,17301504,86507520.0,51904512.0,34603008.0,33.0,5.0,3.0,3.0,0,all_cores_refetch,24989247.54454386,"[{""admissible"":false,""core"":0,""earliest_start"":25264471.82872385,""predicted_cycles"":823747.416015625,""predicted_finish"":26088219.244739477,""refetch"":3.0},{""admissible"":true,""core"":1,""earliest_start"":24989751.54454386,""predicted_cycles"":1372846.5365767044,""predicted_finish"":26362598.08112056,""refetch"":5.0}]"
v3_captured_mixed_heldout_swe_t96_l26,fixed_4+2,pipelined,96,26,26,13,False,1,0,17301504,121110528.0,69206016.0,51904512.0,49.5,7.0,4.0,4.0,0,all_cores_refetch,17576179.020927817,"[{""admissible"":false,""core"":0,""earliest_start"":18126128.898657963,""predicted_cycles"":1098219.431640625,""predicted_finish"":19224348.330298588,""refetch"":4.0},{""admissible"":true,""core"":1,""earliest_start"":17576683.020927817,""predicted_cycles"":1921875.6482599434,""predicted_finish"":19498558.66918776,""refetch"":7.0}]"
v3_captured_mixed_heldout_swe_t96_l26,fixed_4+2,pipelined,96,28,28,8,False,1,0,17301504,69206016.0,34603008.0,34603008.0,33.0,4.0,2.0,2.0,0,all_cores_refetch,33225890.65369548,"[{""admissible"":false,""core"":0,""earliest_start"":33227122.490718804,""predicted_cycles"":549149.6640625,""predicted_finish"":33776272.154781304,""refetch"":2.0},{""admissible"":true,""core"":1,""earliest_start"":33226394.65369548,""predicted_cycles"":1098167.8215553977,""predicted_finish"":34324562.47525088,""refetch"":4.0}]"
v3_captured_mixed_heldout_swe_t96_l26,fixed_4+2,pipelined,96,30,30,19,False,1,0,17301504,173015040.0,86507520.0,86507520.0,82.5,10.0,5.0,5.0,0,all_cores_refetch,8241138.505575783,"[{""admissible"":false,""core"":0,""earliest_start"":13756686.913451618,""predicted_cycles"":1372867.439453125,""predicted_finish"":15129554.352904743,""refetch"":5.0},{""admissible"":true,""core"":1,""earliest_start"":8241642.505575783,""predicted_cycles"":2745620.186612216,""predicted_finish"":10987262.692187998,""refetch"":10.0}]"
v3_captured_mixed_heldout_swe_t96_l26,fixed_4+2,pipelined,96,32,32,7,False,1,0,17301504,69206016.0,34603008.0,34603008.0,33.0,4.0,2.0,2.0,0,all_cores_refetch,34324132.463277064,"[{""admissible"":false,""core"":0,""earliest_start"":34325386.1123174,""predicted_cycles"":549145.47265625,""predicted_finish"":34874531.58497365,""refetch"":2.0},{""admissible"":true,""core"":1,""earliest_start"":34324636.463277064,""predicted_cycles"":1098186.1890980112,""predicted_finish"":35422822.65237507,""refetch"":4.0}]"
v3_captured_mixed_heldout_swe_t96_l26,fixed_4+2,pipelined,96,42,45,5,False,1,0,17301504,51904512.0,34603008.0,17301504.0,16.5,3.0,2.0,2.0,0,all_cores_refetch,35422373.55552242,"[{""admissible"":false,""core"":0,""earliest_start"":35423649.522479765,""predicted_cycles"":549141.28125,""predicted_finish"":35972790.803729765,""refetch"":2.0},{""admissible"":true,""core"":1,""earliest_start"":35422877.55552242,""predicted_cycles"":823711.806640625,""predicted_finish"":36246589.362163045,""refetch"":3.0}]"
v3_captured_mixed_heldout_swe_t96_l26,fixed_4+2,pipelined,96,44,47,20,False,1,0,17301504,173015040.0,86507520.0,86507520.0,82.5,10.0,5.0,5.0,0,all_cores_refetch,10986798.994239239,"[{""admissible"":false,""core"":0,""earliest_start"":13756501.71338003,""predicted_cycles"":1372867.439453125,""predicted_finish"":15129369.152833154,""refetch"":5.0},{""admissible"":true,""core"":1,""earliest_start"":10987302.994239239,""predicted_cycles"":2745620.186612216,""predicted_finish"":13732923.180851456,""refetch"":10.0}]"
v3_captured_mixed_heldout_swe_t96_l26,fixed_4+2,pipelined,96,47,50,9,False,1,0,17301504,86507520.0,51904512.0,34603008.0,33.0,5.0,3.0,3.0,0,all_cores_refetch,26361980.87142514,"[{""admissible"":false,""core"":0,""earliest_start"":26912257.127028488,""predicted_cycles"":823709.69921875,""predicted_finish"":27735966.826247238,""refetch"":3.0},{""admissible"":true,""core"":1,""earliest_start"":26362484.87142514,""predicted_cycles"":1372846.5365767044,""predicted_finish"":27735331.408001844,""refetch"":5.0}]"
v3_captured_mixed_heldout_swe_t96_l26,fixed_4+2,pipelined,96,49,52,6,False,1,0,17301504,51904512.0,34603008.0,17301504.0,16.5,3.0,2.0,2.0,0,all_cores_refetch,36245994.546940945,"[{""admissible"":false,""core"":0,""earliest_start"":36522226.315779716,""predicted_cycles"":549120.32421875,""predicted_finish"":37071346.639998466,""refetch"":2.0},{""admissible"":true,""core"":1,""earliest_start"":36246498.546940945,""predicted_cycles"":823718.6949573864,""predicted_finish"":37070217.24189833,""refetch"":3.0}]"
v3_captured_mixed_heldout_swe_t96_l26,fixed_4+2,pipelined,96,51,54,14,False,1,0,17301504,121110528.0,69206016.0,51904512.0,49.5,7.0,4.0,4.0,0,all_cores_refetch,19498008.140890323,"[{""admissible"":false,""core"":0,""earliest_start"":20322405.333477795,""predicted_cycles"":1098252.955078125,""predicted_finish"":21420658.28855592,""refetch"":4.0},{""admissible"":true,""core"":1,""earliest_start"":19498512.140890323,""predicted_cycles"":1921891.7183948867,""predicted_finish"":21420403.85928521,""refetch"":7.0}]"
v3_captured_mixed_heldout_swe_t96_l26,fixed_4+2,pipelined,96,53,56,15,False,1,0,17301504,138412032.0,69206016.0,69206016.0,66.0,8.0,4.0,4.0,0,all_cores_refetch,21419942.681089476,"[{""admissible"":false,""core"":0,""earliest_start"":21420682.753411416,""predicted_cycles"":1098269.716796875,""predicted_finish"":22518952.47020829,""refetch"":4.0},{""admissible"":true,""core"":1,""earliest_start"":21420446.681089476,""predicted_cycles"":2196414.309303977,""predicted_finish"":23616860.990393452,""refetch"":8.0}]"
v3_captured_mixed_heldout_swe_t96_l26,fixed_4+2,pipelined,96,54,57,9,False,1,0,17301504,86507520.0,51904512.0,34603008.0,33.0,5.0,3.0,3.0,0,all_cores_refetch,27734758.768583857,"[{""admissible"":false,""core"":0,""earliest_start"":27735728.749129683,""predicted_cycles"":823728.5576171875,""predicted_finish"":28559457.30674687,""refetch"":3.0},{""admissible"":true,""core"":1,""earliest_start"":27735262.768583857,""predicted_cycles"":1372823.578125,""predicted_finish"":29108086.346708857,""refetch"":5.0}]"
v3_captured_mixed_heldout_swe_t96_l26,fixed_4+2,pipelined,96,58,62,8,False,1,0,17301504,69206016.0,34603008.0,34603008.0,33.0,4.0,2.0,2.0,0,all_cores_refetch,37069648.23470497,"[{""admissible"":false,""core"":0,""earliest_start"":37071121.825131275,""predicted_cycles"":549153.85546875,""predicted_finish"":37620275.680600025,""refetch"":2.0},{""admissible"":true,""core"":1,""earliest_start"":37070152.23470497,""predicted_cycles"":1098213.7404119319,""predicted_finish"":38168365.9751169,""refetch"":4.0}]"
v3_captured_mixed_heldout_bfcl_t128_l13,fixed_4+2,pipelined,128,3,3,5,False,1,0,17301504,51904512.0,34603008.0,17301504.0,16.5,3.0,2.0,2.0,0,all_cores_refetch,42561973.43843498,"[{""admissible"":false,""core"":0,""earliest_start"":42838583.60420386,""predicted_cycles"":549170.62109375,""predicted_finish"":43387754.22529761,""refetch"":2.0},{""admissible"":true,""core"":1,""earliest_start"":42562477.43843498,""predicted_cycles"":823649.8117897728,""predicted_finish"":43386127.250224754,""refetch"":3.0}]"
v3_captured_mixed_heldout_bfcl_t128_l13,fixed_4+2,pipelined,128,9,9,6,False,1,0,17301504,51904512.0,34603008.0,17301504.0,16.5,3.0,2.0,2.0,0,all_cores_refetch,43385624.4425438,"[{""admissible"":false,""core"":0,""earliest_start"":43387459.63874851,""predicted_cycles"":549191.578125,""predicted_finish"":43936651.21687351,""refetch"":2.0},{""admissible"":true,""core"":1,""earliest_start"":43386128.4425438,""predicted_cycles"":823649.8117897728,""predicted_finish"":44209778.25433357,""refetch"":3.0}]"
v3_captured_mixed_heldout_bfcl_t128_l13,fixed_4+2,pipelined,128,11,11,25,False,1,0,17301504,224919552.0,121110528.0,103809024.0,99.0,13.0,7.0,7.0,0,all_cores_refetch,21970394.768178947,"[{""admissible"":false,""core"":0,""earliest_start"":23069395.6626037,""predicted_cycles"":1921941.359375,""predicted_finish"":24991337.0219787,""refetch"":7.0},{""admissible"":true,""core"":1,""earliest_start"":21970898.768178947,""predicted_cycles"":3568818.363813921,""predicted_finish"":25539717.13199287,""refetch"":13.0}]"
v3_captured_mixed_heldout_bfcl_t128_l13,fixed_4+2,pipelined,128,13,13,9,False,1,0,17301504,86507520.0,51904512.0,34603008.0,33.0,5.0,3.0,3.0,0,all_cores_refetch,36521983.05625382,"[{""admissible"":false,""core"":0,""earliest_start"":37346669.97227128,""predicted_cycles"":823734.84375,""predicted_finish"":38170404.81602128,""refetch"":3.0},{""admissible"":true,""core"":1,""earliest_start"":36522487.05625382,""predicted_cycles"":1372812.0988991477,""predicted_finish"":37895299.15515297,""refetch"":5.0}]"
v3_captured_mixed_heldout_bfcl_t128_l13,fixed_4+2,pipelined,128,15,15,18,False,1,0,17301504,155713536.0,86507520.0,69206016.0,66.0,9.0,5.0,5.0,0,all_cores_refetch,28834295.847224623,"[{""admissible"":false,""core"":0,""earliest_start"":29658865.06684786,""predicted_cycles"":1372888.390625,""predicted_finish"":31031753.45747286,""refetch"":5.0},{""admissible"":true,""core"":1,""earliest_start"":28834799.847224623,""predicted_cycles"":2470854.256036932,""predicted_finish"":31305654.103261556,""refetch"":9.0}]"
v3_captured_mixed_heldout_bfcl_t128_l13,fixed_4+2,pipelined,128,19,19,43,False,1,0,17301504,380633088.0,190316544.0,190316544.0,181.5,22.0,11.0,11.0,0,all_cores_refetch,15930209.365079364,"[{""admissible"":false,""core"":0,""earliest_start"":18310105.333333332,""predicted_cycles"":2869063.3671875,""predicted_finish"":21179168.700520832,""refetch"":11.0},{""admissible"":true,""core"":1,""earliest_start"":15930713.365079364,""predicted_cycles"":6033720.849609375,""predicted_finish"":21964434.21468874,""refetch"":22.0}]"
v3_captured_mixed_heldout_bfcl_t128_l13,fixed_4+2,pipelined,128,22,22,6,False,1,0,17301504,51904512.0,34603008.0,17301504.0,16.5,3.0,2.0,2.0,0,all_cores_refetch,44209254.901222706,"[{""admissible"":false,""core"":0,""earliest_start"":44486020.95766938,""predicted_cycles"":549158.046875,""predicted_finish"":45035179.00454438,""refetch"":2.0},{""admissible"":true,""core"":1,""earliest_start"":44209758.901222706,""predicted_cycles"":823636.03515625,""predicted_finish"":45033394.936378956,""refetch"":3.0}]"
v3_captured_mixed_heldout_bfcl_t128_l13,fixed_4+2,pipelined,128,25,25,8,False,1,0,17301504,69206016.0,34603008.0,34603008.0,33.0,4.0,2.0,2.0,0,all_cores_refetch,45032910.82414075,"[{""admissible"":false,""core"":0,""earliest_start"":45034936.23355301,""predicted_cycles"":549179.00390625,""predicted_finish"":45584115.23745926,""refetch"":2.0},{""admissible"":true,""core"":1,""earliest_start"":45033414.82414075,""predicted_cycles"":1098121.9026988635,""predicted_finish"":46131536.72683962,""refetch"":4.0}]"
v3_captured_mixed_heldout_bfcl_t128_l13,fixed_4+2,pipelined,128,27,27,12,False,1,0,17301504,103809024.0,51904512.0,51904512.0,49.5,6.0,3.0,3.0,0,all_cores_refetch,37894780.58107281,"[{""admissible"":false,""core"":0,""earliest_start"":38170252.32058726,""predicted_cycles"":823741.1298828125,""predicted_finish"":38993993.450470075,""refetch"":3.0},{""admissible"":true,""core"":1,""earliest_start"":37895284.58107281,""predicted_cycles"":1647327.8034446023,""predicted_finish"":39542612.38451741,""refetch"":6.0}]"
v3_captured_mixed_heldout_bfcl_t128_l13,fixed_4+2,pipelined,128,33,33,18,False,1,0,17301504,155713536.0,86507520.0,69206016.0,66.0,9.0,5.0,5.0,0,all_cores_refetch,31305297.73425668,"[{""admissible"":false,""core"":0,""earliest_start"":32404592.16030593,""predicted_cycles"":1372856.9638671875,""predicted_finish"":33777449.12417312,""refetch"":5.0},{""admissible"":true,""core"":1,""earliest_start"":31305801.73425668,""predicted_cycles"":2470916.239169034,""predicted_finish"":33776717.973425716,""refetch"":9.0}]"
v3_captured_mixed_heldout_bfcl_t128_l13,fixed_4+2,pipelined,128,37,37,69,False,1,0,17301504,605552640.0,311427072.0,294125568.0,280.5,35.0,18.0,18.0,0,all_cores_refetch,6049.333333333333,"[{""admissible"":false,""core"":0,""earliest_start"":16917598.700520832,""predicted_cycles"":4612286.35546875,""predicted_finish"":21529885.055989582,""refetch"":18.0},{""admissible"":true,""core"":1,""earliest_start"":6031.333333333333,""predicted_cycles"":6351579.0319602275,""predicted_finish"":6357610.365293561,""refetch"":35.0}]"
v3_captured_mixed_heldout_bfcl_t128_l13,fixed_4+2,pipelined,128,38,38,11,False,1,0,17301504,103809024.0,51904512.0,51904512.0,49.5,6.0,3.0,3.0,0,all_cores_refetch,39542036.36079105,"[{""admissible"":false,""core"":0,""earliest_start"":39817837.8243944,""predicted_cycles"":823709.69921875,""predicted_finish"":40641547.52361315,""refetch"":3.0},{""admissible"":true,""core"":1,""earliest_start"":39542540.36079105,""predicted_cycles"":1647341.578125,""predicted_finish"":41189881.93891605,""refetch"":6.0}]"
v3_captured_mixed_heldout_bfcl_t128_l13,fixed_4+2,pipelined,128,42,43,20,False,1,0,17301504,173015040.0,86507520.0,86507520.0,82.5,10.0,5.0,5.0,0,all_cores_refetch,33776364.18727493,"[{""admissible"":false,""core"":0,""earliest_start"":33777352.86055091,""predicted_cycles"":1372856.9638671875,""predicted_finish"":35150209.8244181,""refetch"":5.0},{""admissible"":true,""core"":1,""earliest_start"":33776868.18727493,""predicted_cycles"":2745459.4911221587,""predicted_finish"":36522327.67839709,""refetch"":10.0}]"
v3_captured_mixed_heldout_bfcl_t128_l13,fixed_4+2,pipelined,128,46,47,6,False,1,0,17301504,51904512.0,34603008.0,17301504.0,16.5,3.0,2.0,2.0,0,all_cores_refetch,46131161.088050365,"[{""admissible"":false,""core"":0,""earliest_start"":46133204.1693631,""predicted_cycles"":549170.62109375,""predicted_finish"":46682374.79045685,""refetch"":2.0},{""admissible"":true,""core"":1,""earliest_start"":46131665.088050365,""predicted_cycles"":823636.03515625,""predicted_finish"":46955301.123206615,""refetch"":3.0}]"
v3_captured_mixed_heldout_bfcl_t128_l13,fixed_4+2,pipelined,128,48,49,24,False,1,0,17301504,207618048.0,103809024.0,103809024.0,99.0,12.0,6.0,6.0,0,all_cores_refetch,25539614.7701497,"[{""admissible"":false,""core"":0,""earliest_start"":26638652.594346832,""predicted_cycles"":1647427.4453125,""predicted_finish"":28286080.039659332,""refetch"":6.0},{""admissible"":true,""core"":1,""earliest_start"":25540118.7701497,""predicted_cycles"":3294311.841086648,""predicted_finish"":28834430.61123635,""refetch"":12.0}]"
v3_captured_mixed_heldout_bfcl_t128_l13,fixed_4+2,pipelined,128,54,55,45,False,1,0,17301504,397934592.0,207618048.0,190316544.0,181.5,23.0,12.0,12.0,0,all_cores_refetch,9615809.80952381,"[{""admissible"":false,""core"":0,""earliest_start"":18341858.376811594,""predicted_cycles"":3129865.203125,""predicted_finish"":21471723.579936594,""refetch"":12.0},{""admissible"":true,""core"":1,""earliest_start"":9615801.80952381,""predicted_cycles"":6307970.281427557,""predicted_finish"":15923772.090951366,""refetch"":23.0}]"
v3_captured_mixed_heldout_bfcl_t128_l13,fixed_4+2,pipelined,128,55,56,9,False,1,0,17301504,86507520.0,51904512.0,34603008.0,33.0,5.0,3.0,3.0,0,all_cores_refetch,41189245.2661031,"[{""admissible"":false,""core"":0,""earliest_start"":41465373.029549144,""predicted_cycles"":823722.271484375,""predicted_finish"":42289095.30103352,""refetch"":3.0},{""admissible"":true,""core"":1,""earliest_start"":41189749.2661031,""predicted_cycles"":1372812.0988991477,""predicted_finish"":42562561.365002245,""refetch"":5.0}]"
v3_captured_mixed_heldout_bfcl_t128_l13,fixed_4+2,pipelined,128,57,58,8,False,1,0,17301504,69206016.0,34603008.0,34603008.0,33.0,4.0,2.0,2.0,0,all_cores_refetch,46954788.25753097,"[{""admissible"":false,""core"":0,""earliest_start"":47231773.97710429,""predicted_cycles"":549137.08984375,""predicted_finish"":47780911.06694804,""refetch"":2.0},{""admissible"":true,""core"":1,""earliest_start"":46955292.25753097,""predicted_cycles"":1098131.0864701704,""predicted_finish"":48053423.344001144,""refetch"":4.0}]"
v3_captured_mixed_heldout_bfcl_t128_l2,fixed_4+2,pipelined,128,0,0,30,False,1,0,17301504,259522560.0,138412032.0,121110528.0,115.5,15.0,8.0,8.0,0,all_cores_refetch,16204765.83056099,"[{""admissible"":false,""core"":0,""earliest_start"":18310177.7765023,""predicted_cycles"":2195294.66015625,""predicted_finish"":20505472.43665855,""refetch"":8.0},{""admissible"":true,""core"":1,""earliest_start"":16205269.83056099,""predicted_cycles"":4112425.3071732954,""predicted_finish"":20317695.137734286,""refetch"":15.0}]"
v3_captured_mixed_heldout_bfcl_t128_l2,fixed_4+2,pipelined,128,3,3,16,False,1,0,17301504,138412032.0,69206016.0,69206016.0,66.0,8.0,4.0,4.0,0,all_cores_refetch,33776523.70618151,"[{""admissible"":false,""core"":0,""earliest_start"":33777222.7545225,""predicted_cycles"":1098244.57421875,""predicted_finish"":34875467.32874125,""refetch"":4.0},{""admissible"":true,""core"":1,""earliest_start"":33777027.70618151,""predicted_cycles"":2196340.8469460225,""predicted_finish"":35973368.553127535,""refetch"":8.0}]"
v3_captured_mixed_heldout_bfcl_t128_l2,fixed_4+2,pipelined,128,6,6,5,False,1,0,17301504,51904512.0,34603008.0,17301504.0,16.5,3.0,2.0,2.0,0,all_cores_refetch,40914920.09032925,"[{""admissible"":false,""core"":0,""earliest_start"":41190544.22173452,""predicted_cycles"":514583.13671875,""predicted_finish"":41705127.35845327,""refetch"":2.0},{""admissible"":true,""core"":1,""earliest_start"":40915424.09032925,""predicted_cycles"":823663.5884232955,""predicted_finish"":41739087.67875255,""refetch"":3.0}]"
v3_captured_mixed_heldout_bfcl_t128_l2,fixed_4+2,pipelined,128,8,8,11,False,1,0,17301504,103809024.0,51904512.0,51904512.0,49.5,6.0,3.0,3.0,0,all_cores_refetch,35973005.73084234,"[{""admissible"":false,""core"":0,""earliest_start"":36522884.03313298,""predicted_cycles"":823741.1298828125,""predicted_finish"":37346625.16301579,""refetch"":3.0},{""admissible"":true,""core"":1,""earliest_start"":35973509.73084234,""predicted_cycles"":1647314.0287642046,""predicted_finish"":37620823.75960654,""refetch"":6.0}]"
v3_captured_mixed_heldout_bfcl_t128_l2,fixed_4+2,pipelined,128,10,10,5,False,1,0,17301504,51904512.0,34603008.0,17301504.0,16.5,3.0,2.0,2.0,0,all_cores_refetch,41738626.564305395,"[{""admissible"":false,""core"":0,""earliest_start"":41739690.84789842,""predicted_cycles"":523234.19921875,""predicted_finish"":42262925.04711717,""refetch"":2.0},{""admissible"":true,""core"":1,""earliest_start"":41739130.564305395,""predicted_cycles"":823663.5884232955,""predicted_finish"":42562794.15272869,""refetch"":3.0}]"
v3_captured_mixed_heldout_bfcl_t128_l2,fixed_4+2,pipelined,128,17,17,8,False,1,0,17301504,69206016.0,34603008.0,34603008.0,33.0,4.0,2.0,2.0,0,all_cores_refetch,42562268.75952183,"[{""admissible"":false,""core"":0,""earliest_start"":42838242.9214022,""predicted_cycles"":534550.99609375,""predicted_finish"":43372793.91749595,""refetch"":2.0},{""admissible"":true,""core"":1,""earliest_start"":42562772.75952183,""predicted_cycles"":1098112.7189275569,""predicted_finish"":43660885.47844938,""refetch"":4.0}]"
v3_captured_mixed_heldout_bfcl_t128_l2,fixed_4+2,pipelined,128,19,19,20,False,1,0,17301504,173015040.0,86507520.0,86507520.0,82.5,10.0,5.0,5.0,0,all_cores_refetch,28285315.677641593,"[{""admissible"":false,""core"":0,""earliest_start"":29658595.61898153,""predicted_cycles"":1372710.3056640625,""predicted_finish"":31031305.92464559,""refetch"":5.0},{""admissible"":true,""core"":1,""earliest_start"":28285819.677641593,""predicted_cycles"":2743416.3627485796,""predicted_finish"":31029236.04039017,""refetch"":10.0}]"
v3_captured_mixed_heldout_bfcl_t128_l2,fixed_4+2,pipelined,128,20,20,12,False,1,0,17301504,103809024.0,51904512.0,51904512.0,49.5,6.0,3.0,3.0,0,all_cores_refetch,37620301.965084136,"[{""admissible"":false,""core"":0,""earliest_start"":38170245.49203652,""predicted_cycles"":823722.271484375,""predicted_finish"":38993967.7635209,""refetch"":3.0},{""admissible"":true,""core"":1,""earliest_start"":37620805.965084136,""predicted_cycles"":1647341.578125,""predicted_finish"":39268147.543209136,""refetch"":6.0}]"
v3_captured_mixed_heldout_bfcl_t128_l2,fixed_4+2,pipelined,128,29,29,5,False,1,0,17301504,51904512.0,34603008.0,17301504.0,16.5,3.0,2.0,2.0,0,all_cores_refetch,43660412.585067265,"[{""admissible"":false,""core"":0,""earliest_start"":43936668.00495704,""predicted_cycles"":540947.08203125,""predicted_finish"":44477615.08698829,""refetch"":2.0},{""admissible"":true,""core"":1,""earliest_start"":43660916.585067265,""predicted_cycles"":823656.7001065342,""predicted_finish"":44484573.285173796,""refetch"":3.0}]"
v3_captured_mixed_heldout_bfcl_t128_l2,fixed_4+2,pipelined,128,35,35,19,False,1,0,17301504,173015040.0,86507520.0,86507520.0,82.5,10.0,5.0,5.0,0,all_cores_refetch,31030915.174242757,"[{""admissible"":false,""core"":0,""earliest_start"":31031596.921851374,""predicted_cycles"":1372752.2080078125,""predicted_finish"":32404349.129859187,""refetch"":5.0},{""admissible"":true,""core"":1,""earliest_start"":31031419.174242757,""predicted_cycles"":2743990.275213068,""predicted_finish"":33775409.44945583,""refetch"":10.0}]"
v3_captured_mixed_heldout_bfcl_t128_l2,fixed_4+2,pipelined,128,36,36,40,False,1,0,17301504,346030080.0,173015040.0,173015040.0,165.0,20.0,10.0,10.0,0,all_cores_refetch,6069.333333333333,"[{""admissible"":false,""core"":0,""earliest_start"":15977050.802083334,""predicted_cycles"":2562445.58984375,""predicted_finish"":18539496.391927086,""refetch"":10.0},{""admissible"":true,""core"":1,""earliest_start"":6051.333333333333,""predicted_cycles"":5446932.175248579,""predicted_finish"":5452983.508581912,""refetch"":20.0}]"
v3_captured_mixed_heldout_bfcl_t128_l2,fixed_4+2,pipelined,128,37,37,28,False,1,0,17301504,242221056.0,121110528.0,121110528.0,115.5,14.0,7.0,7.0,0,all_cores_refetch,24441467.183818042,"[{""admissible"":false,""core"":0,""earliest_start"":24442113.28757395,""predicted_cycles"":1921398.7529296875,""predicted_finish"":26363512.040503636,""refetch"":7.0},{""admissible"":true,""core"":1,""earliest_start"":24441971.183818042,""predicted_cycles"":3839661.1184303984,""predicted_finish"":28281632.30224844,""refetch"":14.0}]"
v3_captured_mixed_heldout_bfcl_t128_l2,fixed_4+2,pipelined,128,38,38,7,False,1,0,17301504,69206016.0,34603008.0,34603008.0,33.0,4.0,2.0,2.0,0,all_cores_refetch,44484064.849111825,"[{""admissible"":false,""core"":0,""earliest_start"":44485545.15949498,""predicted_cycles"":543021.828125,""predicted_finish"":45028566.98761998,""refetch"":2.0},{""admissible"":true,""core"":1,""earliest_start"":44484568.849111825,""predicted_cycles"":1098131.0864701704,""predicted_finish"":45582699.935582,""refetch"":4.0}]"
v3_captured_mixed_heldout_bfcl_t128_l2,fixed_4+2,pipelined,128,47,47,29,False,1,0,17301504,259522560.0,138412032.0,121110528.0,115.5,15.0,8.0,8.0,0,all_cores_refetch,20323066.187262863,"[{""admissible"":false,""core"":0,""earliest_start"":20323688.144488867,""predicted_cycles"":2195294.66015625,""predicted_finish"":22518982.804645117,""refetch"":8.0},{""admissible"":true,""core"":1,""earliest_start"":20323570.187262863,""predicted_cycles"":4112425.3071732954,""predicted_finish"":24435995.49443616,""refetch"":15.0}]"
v3_captured_mixed_heldout_bfcl_t128_l2,fixed_4+2,pipelined,128,50,50,5,False,1,0,17301504,51904512.0,34603008.0,17301504.0,16.5,3.0,2.0,2.0,0,all_cores_refetch,45582311.978065945,"[{""admissible"":false,""core"":0,""earliest_start"":45583812.32300122,""predicted_cycles"":545708.51953125,""predicted_finish"":46129520.84253247,""refetch"":2.0},{""admissible"":true,""core"":1,""earliest_start"":45582815.978065945,""predicted_cycles"":823642.9234730114,""predicted_finish"":46406458.90153895,""refetch"":3.0}]"
v3_captured_mixed_heldout_bfcl_t128_l2,fixed_4+2,pipelined,128,51,51,11,False,1,0,17301504,103809024.0,51904512.0,51904512.0,49.5,6.0,3.0,3.0,0,all_cores_refetch,39267598.26435703,"[{""admissible"":false,""core"":0,""earliest_start"":39817681.08342033,""predicted_cycles"":823715.9853515625,""predicted_finish"":40641397.06877189,""refetch"":3.0},{""admissible"":true,""core"":1,""earliest_start"":39268102.26435703,""predicted_cycles"":1647355.3528053977,""predicted_finish"":40915457.61716243,""refetch"":6.0}]"
v3_captured_mixed_heldout_bfcl_t128_l2,fixed_4+2,pipelined,128,54,54,7,False,1,0,17301504,69206016.0,34603008.0,34603008.0,33.0,4.0,2.0,2.0,0,all_cores_refetch,46405938.18769826,"[{""admissible"":false,""core"":0,""earliest_start"":46682383.199638814,""predicted_cycles"":547188.0859375,""predicted_finish"":47229571.285576314,""refetch"":2.0},{""admissible"":true,""core"":1,""earliest_start"":46406442.18769826,""predicted_cycles"":1098140.2702414773,""predicted_finish"":47504582.45793974,""refetch"":4.0}]"
v3_captured_mixed_heldout_bfcl_t128_l2,fixed_4+2,pipelined,128,57,57,39,False,1,0,17301504,346030080.0,173015040.0,173015040.0,165.0,20.0,10.0,10.0,0,all_cores_refetch,5496936.0,"[{""admissible"":false,""core"":0,""earliest_start"":18342118.37681159,""predicted_cycles"":2562445.58984375,""predicted_finish"":20904563.96665534,""refetch"":10.0},{""admissible"":true,""core"":1,""earliest_start"":5497440.0,""predicted_cycles"":5446932.175248579,""predicted_finish"":10944372.175248578,""refetch"":20.0}]"
v3_captured_mixed_heldout_bfcl_t128_l2,fixed_4+2,pipelined,128,60,60,38,False,1,0,17301504,328728576.0,173015040.0,155713536.0,148.5,19.0,10.0,10.0,0,all_cores_refetch,10988134.620709525,"[{""admissible"":false,""core"":0,""earliest_start"":18341889.32919254,""predicted_cycles"":2562445.58984375,""predicted_finish"":20904334.91903629,""refetch"":10.0},{""admissible"":true,""core"":1,""earliest_start"":10988638.620709525,""predicted_cycles"":5185108.509588067,""predicted_finish"":16173747.130297594,""refetch"":19.0}]"
v3_captured_mixed_heldout_bfcl_t128_l2,fixed_4+2,pipelined,128,63,63,7,False,1,0,17301504,69206016.0,34603008.0,34603008.0,33.0,4.0,2.0,2.0,0,all_cores_refetch,47504079.22642085,"[{""admissible"":false,""core"":0,""earliest_start"":47780788.19561263,""predicted_cycles"":548059.8984375,""predicted_finish"":48328848.09405013,""refetch"":2.0},{""admissible"":true,""core"":1,""earliest_start"":47504583.22642085,""predicted_cycles"":1098158.6377840908,""predicted_finish"":48602741.86420494,""refetch"":4.0}]"
v3_captured_mixed_heldout_bfcl_t128_l26,fixed_4+2,pipelined,128,0,0,8,False,1,0,17301504,69206016.0,34603008.0,34603008.0,33.0,4.0,2.0,2.0,0,all_cores_refetch,43385553.28409743,"[{""admissible"":false,""core"":0,""earliest_start"":43387568.91146141,""predicted_cycles"":549149.6640625,""predicted_finish"":43936718.57552391,""refetch"":2.0},{""admissible"":true,""core"":1,""earliest_start"":43386057.28409743,""predicted_cycles"":1098186.1890980112,""predicted_finish"":44484243.47319544,""refetch"":4.0}]"
v3_captured_mixed_heldout_bfcl_t128_l26,fixed_4+2,pipelined,128,7,7,5,False,1,0,17301504,51904512.0,34603008.0,17301504.0,16.5,3.0,2.0,2.0,0,all_cores_refetch,44483811.51028135,"[{""admissible"":false,""core"":0,""earliest_start"":44485838.72278598,""predicted_cycles"":549153.85546875,""predicted_finish"":45034992.57825473,""refetch"":2.0},{""admissible"":true,""core"":1,""earliest_start"":44484315.51028135,""predicted_cycles"":823698.0300071023,""predicted_finish"":45308013.54028845,""refetch"":3.0}]"
v3_captured_mixed_heldout_bfcl_t128_l26,fixed_4+2,pipelined,128,10,10,17,False,1,0,17301504,155713536.0,86507520.0,69206016.0,66.0,9.0,5.0,5.0,0,all_cores_refetch,23892340.35812822,"[{""admissible"":false,""core"":0,""earliest_start"":24991272.31344517,""predicted_cycles"":1372877.9150390625,""predicted_finish"":26364150.228484232,""refetch"":5.0},{""admissible"":true,""core"":1,""earliest_start"":23892844.35812822,""predicted_cycles"":2471081.527521307,""predicted_finish"":26363925.88564953,""refetch"":9.0}]"
v3_captured_mixed_heldout_bfcl_t128_l26,fixed_4+2,pipelined,128,14,14,11,False,1,0,17301504,103809024.0,51904512.0,51904512.0,49.5,6.0,3.0,3.0,0,all_cores_refetch,37345550.16191796,"[{""admissible"":false,""core"":0,""earliest_start"":37621430.05149613,""predicted_cycles"":823741.1298828125,""predicted_finish"":38445171.181378946,""refetch"":3.0},{""admissible"":true,""core"":1,""earliest_start"":37346054.16191796,""predicted_cycles"":1647341.578125,""predicted_finish"":38993395.74004296,""refetch"":6.0}]"
v3_captured_mixed_heldout_bfcl_t128_l26,fixed_4+2,pipelined,128,15,15,18,False,1,0,17301504,155713536.0,86507520.0,69206016.0,66.0,9.0,5.0,5.0,0,all_cores_refetch,26363400.209475864,"[{""admissible"":false,""core"":0,""earliest_start"":26364026.00653049,""predicted_cycles"":1372877.9150390625,""predicted_finish"":27736903.921569552,""refetch"":5.0},{""admissible"":true,""core"":1,""earliest_start"":26363904.209475864,""predicted_cycles"":2471081.527521307,""predicted_finish"":28834985.736997172,""refetch"":9.0}]"
v3_captured_mixed_heldout_bfcl_t128_l26,fixed_4+2,pipelined,128,16,16,14,False,1,0,17301504,121110528.0,69206016.0,51904512.0,49.5,7.0,4.0,4.0,0,all_cores_refetch,31305446.294326033,"[{""admissible"":false,""core"":0,""earliest_start"":31580799.34986119,""predicted_cycles"":1098194.2890625,""predicted_finish"":32678993.63892369,""refetch"":4.0},{""admissible"":true,""core"":1,""earliest_start"":31305950.294326033,""predicted_cycles"":1921827.4378551138,""predicted_finish"":33227777.732181147,""refetch"":7.0}]"
v3_captured_mixed_heldout_bfcl_t128_l26,fixed_4+2,pipelined,128,24,24,5,False,1,0,17301504,51904512.0,34603008.0,17301504.0,16.5,3.0,2.0,2.0,0,all_cores_refetch,45307439.009696946,"[{""admissible"":false,""core"":0,""earliest_start"":45584408.5449642,""predicted_cycles"":549124.515625,""predicted_finish"":46133533.0605892,""refetch"":2.0},{""admissible"":true,""core"":1,""earliest_start"":45307943.009696946,""predicted_cycles"":823704.9183238636,""predicted_finish"":46131647.92802081,""refetch"":3.0}]"
v3_captured_mixed_heldout_bfcl_t128_l26,fixed_4+2,pipelined,128,28,28,17,False,1,0,17301504,155713536.0,86507520.0,69206016.0,66.0,9.0,5.0,5.0,0,all_cores_refetch,28834458.902729083,"[{""admissible"":false,""core"":0,""earliest_start"":29109655.952023294,""predicted_cycles"":1372856.9638671875,""predicted_finish"":30482512.91589048,""refetch"":5.0},{""admissible"":true,""core"":1,""earliest_start"":28834962.902729083,""predicted_cycles"":2471040.2054332388,""predicted_finish"":31306003.10816232,""refetch"":9.0}]"
v3_captured_mixed_heldout_bfcl_t128_l26,fixed_4+2,pipelined,128,29,29,46,False,1,0,17301504,397934592.0,207618048.0,190316544.0,181.5,23.0,12.0,12.0,0,all_cores_refetch,6069.333333333333,"[{""admissible"":false,""core"":0,""earliest_start"":17446731.348958332,""predicted_cycles"":3202013.19140625,""predicted_finish"":20648744.540364582,""refetch"":12.0},{""admissible"":true,""core"":1,""earliest_start"":6051.333333333333,""predicted_cycles"":6312722.0481178975,""predicted_finish"":6318773.3814512305,""refetch"":23.0}]"
v3_captured_mixed_heldout_bfcl_t128_l26,fixed_4+2,pipelined,128,32,32,14,False,1,0,17301504,121110528.0,69206016.0,51904512.0,49.5,7.0,4.0,4.0,0,all_cores_refetch,33227297.047289796,"[{""admissible"":false,""core"":0,""earliest_start"":33777618.6871047,""predicted_cycles"":1098227.8125,""predicted_finish"":34875846.4996047,""refetch"":4.0},{""admissible"":true,""core"":1,""earliest_start"":33227801.047289796,""predicted_cycles"":1921827.4378551138,""predicted_finish"":35149628.48514491,""refetch"":7.0}]"
v3_captured_mixed_heldout_bfcl_t128_l26,fixed_4+2,pipelined,128,35,35,5,False,1,0,17301504,51904512.0,34603008.0,17301504.0,16.5,3.0,2.0,2.0,0,all_cores_refetch,46131093.77106158,"[{""admissible"":false,""core"":0,""earliest_start"":46133311.02259843,""predicted_cycles"":549153.85546875,""predicted_finish"":46682464.87806718,""refetch"":2.0},{""admissible"":true,""core"":1,""earliest_start"":46131597.77106158,""predicted_cycles"":823704.9183238636,""predicted_finish"":46955302.689385444,""refetch"":3.0}]"
v3_captured_mixed_heldout_bfcl_t128_l26,fixed_4+2,pipelined,128,36,36,10,False,1,0,17301504,86507520.0,51904512.0,34603008.0,33.0,5.0,3.0,3.0,0,all_cores_refetch,38992754.827354096,"[{""admissible"":false,""core"":0,""earliest_start"":39268939.18025427,""predicted_cycles"":823741.1298828125,""predicted_finish"":40092680.310137086,""refetch"":3.0},{""admissible"":true,""core"":1,""earliest_start"":38993258.827354096,""predicted_cycles"":1372823.578125,""predicted_finish"":40366082.405479096,""refetch"":5.0}]"
v3_captured_mixed_heldout_bfcl_t128_l26,fixed_4+2,pipelined,128,42,42,11,False,1,0,17301504,103809024.0,51904512.0,51904512.0,49.5,6.0,3.0,3.0,0,all_cores_refetch,40365471.59686305,"[{""admissible"":false,""core"":0,""earliest_start"":40916711.56498627,""predicted_cycles"":823741.1298828125,""predicted_finish"":41740452.694869086,""refetch"":3.0},{""admissible"":true,""core"":1,""earliest_start"":40365975.59686305,""predicted_cycles"":1647327.8034446023,""predicted_finish"":42013303.40030765,""refetch"":6.0}]"
v3_captured_mixed_heldout_bfcl_t128_l26,fixed_4+2,pipelined,128,46,46,6,False,1,0,17301504,51904512.0,34603008.0,17301504.0,16.5,3.0,2.0,2.0,0,all_cores_refetch,46954725.00817858,"[{""admissible"":false,""core"":0,""earliest_start"":47231871.64486777,""predicted_cycles"":549137.08984375,""predicted_finish"":47781008.73471152,""refetch"":2.0},{""admissible"":true,""core"":1,""earliest_start"":46955229.00817858,""predicted_cycles"":823677.3650568182,""predicted_finish"":47778906.3732354,""refetch"":3.0}]"
v3_captured_mixed_heldout_bfcl_t128_l26,fixed_4+2,pipelined,128,47,47,30,False,1,0,17301504,259522560.0,138412032.0,121110528.0,115.5,15.0,8.0,8.0,0,all_cores_refetch,12635949.452380953,"[{""admissible"":false,""core"":0,""earliest_start"":18341990.376811594,""predicted_cycles"":2196417.564453125,""predicted_finish"":20538407.94126472,""refetch"":8.0},{""admissible"":true,""core"":1,""earliest_start"":12635941.452380953,""predicted_cycles"":4118210.180752841,""predicted_finish"":16754151.633133795,""refetch"":15.0}]"
v3_captured_mixed_heldout_bfcl_t128_l26,fixed_4+2,pipelined,128,52,52,22,False,1,0,17301504,190316544.0,103809024.0,86507520.0,82.5,11.0,6.0,6.0,0,all_cores_refetch,20872251.749056987,"[{""admissible"":false,""core"":0,""earliest_start"":21971056.61507936,""predicted_cycles"":1647402.3046875,""predicted_finish"":23618458.91976686,""refetch"":6.0},{""admissible"":true,""core"":1,""earliest_start"":20872755.749056987,""predicted_cycles"":3020133.59375,""predicted_finish"":23892889.342806987,""refetch"":11.0}]"
v3_captured_mixed_heldout_bfcl_t128_l26,fixed_4+2,pipelined,128,54,54,29,False,1,0,17301504,259522560.0,138412032.0,121110528.0,115.5,15.0,8.0,8.0,0,all_cores_refetch,16753942.563492065,"[{""admissible"":false,""core"":0,""earliest_start"":18310114.666666668,""predicted_cycles"":2196417.564453125,""predicted_finish"":20506532.231119793,""refetch"":8.0},{""admissible"":true,""core"":1,""earliest_start"":16754446.563492065,""predicted_cycles"":4118210.180752841,""predicted_finish"":20872656.744244907,""refetch"":15.0}]"
v3_captured_mixed_heldout_bfcl_t128_l26,fixed_4+2,pipelined,128,58,58,10,False,1,0,17301504,86507520.0,51904512.0,34603008.0,33.0,5.0,3.0,3.0,0,all_cores_refetch,42012738.10749788,"[{""admissible"":false,""core"":0,""earliest_start"":42563886.57776567,""predicted_cycles"":823747.416015625,""predicted_finish"":43387633.9937813,""refetch"":3.0},{""admissible"":true,""core"":1,""earliest_start"":42013242.10749788,""predicted_cycles"":1372777.6612215908,""predicted_finish"":43386019.76871947,""refetch"":5.0}]"
v3_captured_mixed_heldout_bfcl_t128_l26,fixed_4+2,pipelined,128,59,59,16,False,1,0,17301504,138412032.0,69206016.0,69206016.0,66.0,8.0,4.0,4.0,0,all_cores_refetch,35149125.471777275,"[{""admissible"":false,""core"":0,""earliest_start"":35973906.45165604,""predicted_cycles"":1098261.3359375,""predicted_finish"":37072167.78759354,""refetch"":4.0},{""admissible"":true,""core"":1,""earliest_start"":35149629.471777275,""predicted_cycles"":2196377.578125,""predicted_finish"":37346007.049902275,""refetch"":8.0}]"
v3_captured_mixed_heldout_bfcl_t128_l26,fixed_4+2,pipelined,128,62,62,46,False,1,0,17301504,397934592.0,207618048.0,190316544.0,181.5,23.0,12.0,12.0,0,all_cores_refetch,6321036.976190476,"[{""admissible"":false,""core"":0,""earliest_start"":18342118.37681159,""predicted_cycles"":3202013.19140625,""predicted_finish"":21544131.56821784,""refetch"":12.0},{""admissible"":true,""core"":1,""earliest_start"":6321028.976190476,""predicted_cycles"":6313302.8196022725,""predicted_finish"":12634331.795792747,""refetch"":23.0}]"
v3_captured_mixed_heldout_gpqa_t128_l13,fixed_4+2,pipelined,128,1,1,18,False,1,0,17301504,155713536.0,86507520.0,69206016.0,66.0,9.0,5.0,5.0,0,all_cores_refetch,21970288.32131367,"[{""admissible"":false,""core"":0,""earliest_start"":23069359.66311581,""predicted_cycles"":1372888.390625,""predicted_finish"":24442248.05374081,""refetch"":5.0},{""admissible"":true,""core"":1,""earliest_start"":21970792.32131367,""predicted_cycles"":2471081.527521307,""predicted_finish"":24441873.84883498,""refetch"":9.0}]"
v3_captured_mixed_heldout_gpqa_t128_l13,fixed_4+2,pipelined,128,4,5,6,False,1,0,17301504,51904512.0,34603008.0,17301504.0,16.5,3.0,2.0,2.0,0,all_cores_refetch,44483835.74684418,"[{""admissible"":false,""core"":0,""earliest_start"":44760181.40636788,""predicted_cycles"":547712.01171875,""predicted_finish"":45307893.41808663,""refetch"":2.0},{""admissible"":true,""core"":1,""earliest_start"":44484339.74684418,""predicted_cycles"":823663.5884232955,""predicted_finish"":45308003.33526748,""refetch"":3.0}]"
v3_captured_mixed_heldout_gpqa_t128_l13,fixed_4+2,pipelined,128,5,6,21,False,1,0,17301504,190316544.0,103809024.0,86507520.0,82.5,11.0,6.0,6.0,0,all_cores_refetch,15930154.449107705,"[{""admissible"":false,""core"":0,""earliest_start"":18310138.15754915,""predicted_cycles"":1647389.734375,""predicted_finish"":19957527.89192415,""refetch"":6.0},{""admissible"":true,""core"":1,""earliest_start"":15930658.449107705,""predicted_cycles"":3020184.09765625,""predicted_finish"":18950842.546763957,""refetch"":11.0}]"
v3_captured_mixed_heldout_gpqa_t128_l13,fixed_4+2,pipelined,128,8,9,15,False,1,0,17301504,138412032.0,69206016.0,69206016.0,66.0,8.0,4.0,4.0,0,all_cores_refetch,32128847.82969439,"[{""admissible"":false,""core"":0,""earliest_start"":32679237.773803484,""predicted_cycles"":1098194.2890625,""predicted_finish"":33777432.06286599,""refetch"":4.0},{""admissible"":true,""core"":1,""earliest_start"":32129351.82969439,""predicted_cycles"":2196377.578125,""predicted_finish"":34325729.40781939,""refetch"":8.0}]"
v3_captured_mixed_heldout_gpqa_t128_l13,fixed_4+2,pipelined,128,10,11,17,False,1,0,17301504,155713536.0,86507520.0,69206016.0,66.0,9.0,5.0,5.0,0,all_cores_refetch,24441357.313714646,"[{""admissible"":false,""core"":0,""earliest_start"":24442154.40286169,""predicted_cycles"":1372888.390625,""predicted_finish"":25815042.79348669,""refetch"":5.0},{""admissible"":true,""core"":1,""earliest_start"":24441861.313714646,""predicted_cycles"":2471060.866477273,""predicted_finish"":26912922.18019192,""refetch"":9.0}]"
v3_captured_mixed_heldout_gpqa_t128_l13,fixed_4+2,pipelined,128,11,12,7,False,1,0,17301504,69206016.0,34603008.0,34603008.0,33.0,4.0,2.0,2.0,0,all_cores_refetch,45307522.605518445,"[{""admissible"":false,""core"":0,""earliest_start"":45309388.57393933,""predicted_cycles"":547712.01171875,""predicted_finish"":45857100.58565808,""refetch"":2.0},{""admissible"":true,""core"":1,""earliest_start"":45308026.605518445,""predicted_cycles"":1098140.2702414773,""predicted_finish"":46406166.87575992,""refetch"":4.0}]"
v3_captured_mixed_heldout_gpqa_t128_l13,fixed_4+2,pipelined,128,15,16,11,False,1,0,17301504,103809024.0,51904512.0,51904512.0,49.5,6.0,3.0,3.0,0,all_cores_refetch,38443502.21347321,"[{""admissible"":false,""core"":0,""earliest_start"":38994386.171830736,""predicted_cycles"":823759.98828125,""predicted_finish"":39818146.160111986,""refetch"":3.0},{""admissible"":true,""core"":1,""earliest_start"":38444006.21347321,""predicted_cycles"":1647341.578125,""predicted_finish"":40091347.79159821,""refetch"":6.0}]"
v3_captured_mixed_heldout_gpqa_t128_l13,fixed_4+2,pipelined,128,18,19,5,False,1,0,17301504,51904512.0,34603008.0,17301504.0,16.5,3.0,2.0,2.0,0,all_cores_refetch,46405777.77947686,"[{""admissible"":false,""core"":0,""earliest_start"":46407656.78883691,""predicted_cycles"":548332.33984375,""predicted_finish"":46955989.12868066,""refetch"":2.0},{""admissible"":true,""core"":1,""earliest_start"":46406281.77947686,""predicted_cycles"":823656.7001065342,""predicted_finish"":47229938.47958339,""refetch"":3.0}]"
v3_captured_mixed_heldout_gpqa_t128_l13,fixed_4+2,pipelined,128,25,26,21,False,1,0,17301504,190316544.0,103809024.0,86507520.0,82.5,11.0,6.0,6.0,0,all_cores_refetch,18950229.233786367,"[{""admissible"":false,""core"":0,""earliest_start"":19774650.740877856,""predicted_cycles"":1647389.734375,""predicted_finish"":21422040.475252856,""refetch"":6.0},{""admissible"":true,""core"":1,""earliest_start"":18950733.233786367,""predicted_cycles"":3020184.09765625,""predicted_finish"":21970917.331442617,""refetch"":11.0}]"
v3_captured_mixed_heldout_gpqa_t128_l13,fixed_4+2,pipelined,128,26,27,9,False,1,0,17301504,86507520.0,51904512.0,34603008.0,33.0,5.0,3.0,3.0,0,all_cores_refetch,40090823.95542488,"[{""admissible"":false,""core"":0,""earliest_start"":40641805.94352952,""predicted_cycles"":823734.84375,""predicted_finish"":41465540.78727952,""refetch"":3.0},{""admissible"":true,""core"":1,""earliest_start"":40091327.95542488,""predicted_cycles"":1372835.0573508523,""predicted_finish"":41464163.012775734,""refetch"":5.0}]"
v3_captured_mixed_heldout_gpqa_t128_l13,fixed_4+2,pipelined,128,29,30,14,False,1,0,17301504,121110528.0,69206016.0,51904512.0,49.5,7.0,4.0,4.0,0,all_cores_refetch,34325245.002704285,"[{""admissible"":false,""core"":0,""earliest_start"":34876130.10056781,""predicted_cycles"":1098211.05078125,""predicted_finish"":35974341.15134906,""refetch"":4.0},{""admissible"":true,""core"":1,""earliest_start"":34325749.002704285,""predicted_cycles"":1921859.5781250002,""predicted_finish"":36247608.580829285,""refetch"":7.0}]"
v3_captured_mixed_heldout_gpqa_t128_l13,fixed_4+2,pipelined,128,33,34,7,False,1,0,17301504,69206016.0,34603008.0,34603008.0,33.0,4.0,2.0,2.0,0,all_cores_refetch,47229401.391632095,"[{""admissible"":false,""core"":0,""earliest_start"":47506231.303086646,""predicted_cycles"":548663.4609375,""predicted_finish"":48054894.764024146,""refetch"":2.0},{""admissible"":true,""core"":1,""earliest_start"":47229905.391632095,""predicted_cycles"":1098158.6377840908,""predicted_finish"":48328064.02941619,""refetch"":4.0}]"
v3_captured_mixed_heldout_gpqa_t128_l13,fixed_4+2,pipelined,128,34,35,28,False,1,0,17301504,242221056.0,121110528.0,121110528.0,115.5,14.0,7.0,7.0,0,all_cores_refetch,4947788.0,"[{""admissible"":false,""core"":0,""earliest_start"":18342090.376811594,""predicted_cycles"":1921912.029296875,""predicted_finish"":20264002.40610847,""refetch"":7.0},{""admissible"":true,""core"":1,""earliest_start"":4948292.0,""predicted_cycles"":3843710.54634233,""predicted_finish"":8792002.54634233,""refetch"":14.0}]"
v3_captured_mixed_heldout_gpqa_t128_l13,fixed_4+2,pipelined,128,35,36,12,False,1,0,17301504,103809024.0,51904512.0,51904512.0,49.5,6.0,3.0,3.0,0,all_cores_refetch,41463650.3936124,"[{""admissible"":false,""core"":0,""earliest_start"":41465512.162005946,""predicted_cycles"":823734.84375,""predicted_finish"":42289247.005755946,""refetch"":3.0},{""admissible"":true,""core"":1,""earliest_start"":41464154.3936124,""predicted_cycles"":1647341.578125,""predicted_finish"":43111495.9717374,""refetch"":6.0}]"
v3_captured_mixed_heldout_gpqa_t128_l13,fixed_4+2,pipelined,128,37,38,18,False,1,0,17301504,155713536.0,86507520.0,69206016.0,66.0,9.0,5.0,5.0,0,all_cores_refetch,26912415.468280382,"[{""admissible"":false,""core"":0,""earliest_start"":27187784.194443785,""predicted_cycles"":1372856.9638671875,""predicted_finish"":28560641.158310972,""refetch"":5.0},{""admissible"":true,""core"":1,""earliest_start"":26912919.468280382,""predicted_cycles"":2471040.2054332388,""predicted_finish"":29383959.67371362,""refetch"":9.0}]"
v3_captured_mixed_heldout_gpqa_t128_l13,fixed_4+2,pipelined,128,41,42,19,False,1,0,17301504,173015040.0,86507520.0,86507520.0,82.5,10.0,5.0,5.0,0,all_cores_refetch,29383402.979380924,"[{""admissible"":false,""core"":0,""earliest_start"":29933487.553804003,""predicted_cycles"":1372825.537109375,""predicted_finish"":31306313.090913378,""refetch"":5.0},{""admissible"":true,""core"":1,""earliest_start"":29383906.979380924,""predicted_cycles"":2745574.2736150566,""predicted_finish"":32129481.252995983,""refetch"":10.0}]"
v3_captured_mixed_heldout_gpqa_t128_l13,fixed_4+2,pipelined,128,44,45,26,False,1,0,17301504,224919552.0,121110528.0,103809024.0,99.0,13.0,7.0,7.0,0,all_cores_refetch,8791626.62111256,"[{""admissible"":false,""core"":0,""earliest_start"":18342090.376811594,""predicted_cycles"":1921912.029296875,""predicted_finish"":20264002.40610847,""refetch"":7.0},{""admissible"":true,""core"":1,""earliest_start"":8792130.62111256,""predicted_cycles"":3569176.4781605117,""predicted_finish"":12361307.099273073,""refetch"":13.0}]"
v3_captured_mixed_heldout_gpqa_t128_l13,fixed_4+2,pipelined,128,47,48,26,False,1,0,17301504,224919552.0,121110528.0,103809024.0,99.0,13.0,7.0,7.0,0,all_cores_refetch,12360888.491430739,"[{""admissible"":false,""core"":0,""earliest_start"":18341866.209087566,""predicted_cycles"":1921912.029296875,""predicted_finish"":20263778.23838444,""refetch"":7.0},{""admissible"":true,""core"":1,""earliest_start"":12361392.491430739,""predicted_cycles"":3569236.1638849434,""predicted_finish"":15930628.655315682,""refetch"":13.0}]"
v3_captured_mixed_heldout_gpqa_t128_l13,fixed_4+2,pipelined,128,48,49,16,False,1,0,17301504,138412032.0,69206016.0,69206016.0,66.0,8.0,4.0,4.0,0,all_cores_refetch,36247071.51425489,"[{""admissible"":false,""core"":0,""earliest_start"":37072389.07462866,""predicted_cycles"":1098252.955078125,""predicted_finish"":38170642.02970678,""refetch"":4.0},{""admissible"":true,""core"":1,""earliest_start"":36247575.51425489,""predicted_cycles"":2196359.2125355112,""predicted_finish"":38443934.7267904,""refetch"":8.0}]"
v3_captured_mixed_heldout_gpqa_t128_l13,fixed_4+2,pipelined,128,51,54,9,False,1,0,17301504,86507520.0,51904512.0,34603008.0,33.0,5.0,3.0,3.0,0,all_cores_refetch,43111029.258859664,"[{""admissible"":false,""core"":0,""earliest_start"":43112902.15636789,""predicted_cycles"":823722.271484375,""predicted_finish"":43936624.427852266,""refetch"":3.0},{""admissible"":true,""core"":1,""earliest_start"":43111533.258859664,""predicted_cycles"":1372800.6196732954,""predicted_finish"":44484333.87853296,""refetch"":5.0}]"
v3_captured_mixed_heldout_gpqa_t128_l13,fixed_4+2,pipelined,128,59,63,36,False,1,0,17301504,311427072.0,155713536.0,155713536.0,148.5,18.0,9.0,9.0,0,all_cores_refetch,6041.333333333333,"[{""admissible"":false,""core"":0,""earliest_start"":17911664.372395832,""predicted_cycles"":2432003.23828125,""predicted_finish"":20343667.610677082,""refetch"":9.0},{""admissible"":true,""core"":1,""earliest_start"":6023.333333333333,""predicted_cycles"":4941227.017045455,""predicted_finish"":4947250.350378788,""refetch"":18.0}]"
v3_captured_mixed_heldout_gpqa_t128_l2,fixed_4+2,pipelined,128,5,5,10,False,1,0,17301504,86507520.0,51904512.0,34603008.0,33.0,5.0,3.0,3.0,0,all_cores_refetch,35423381.01081806,"[{""admissible"":false,""core"":0,""earliest_start"":35425228.912814535,""predicted_cycles"":823772.560546875,""predicted_finish"":36249001.47336141,""refetch"":3.0},{""admissible"":true,""core"":1,""earliest_start"":35423885.01081806,""predicted_cycles"":1372835.0573508523,""predicted_finish"":36796720.06816891,""refetch"":5.0}]"
v3_captured_mixed_heldout_gpqa_t128_l2,fixed_4+2,pipelined,128,8,8,17,False,1,0,17301504,155713536.0,86507520.0,69206016.0,66.0,9.0,5.0,5.0,0,all_cores_refetch,18950338.91684841,"[{""admissible"":false,""core"":0,""earliest_start"":19499993.228150602,""predicted_cycles"":1372825.537109375,""predicted_finish"":20872818.765259977,""refetch"":5.0},{""admissible"":true,""core"":1,""earliest_start"":18950842.91684841,""predicted_cycles"":2471102.188565341,""predicted_finish"":21421945.10541375,""refetch"":9.0}]"
v3_captured_mixed_heldout_gpqa_t128_l2,fixed_4+2,pipelined,128,9,9,8,False,1,0,17301504,69206016.0,34603008.0,34603008.0,33.0,4.0,2.0,2.0,0,all_cores_refetch,45032356.72057383,"[{""admissible"":false,""core"":0,""earliest_start"":45310151.72520224,""predicted_cycles"":549174.8125,""predicted_finish"":45859326.53770224,""refetch"":2.0},{""admissible"":true,""core"":1,""earliest_start"":45032860.72057383,""predicted_cycles"":1098112.7189275569,""predicted_finish"":46130973.43950138,""refetch"":4.0}]"
v3_captured_mixed_heldout_gpqa_t128_l2,fixed_4+2,pipelined,128,14,14,11,False,1,0,17301504,103809024.0,51904512.0,51904512.0,49.5,6.0,3.0,3.0,0,all_cores_refetch,36796203.57860992,"[{""admissible"":false,""core"":0,""earliest_start"":37072508.16281453,""predicted_cycles"":823747.416015625,""predicted_finish"":37896255.57883015,""refetch"":3.0},{""admissible"":true,""core"":1,""earliest_start"":36796707.57860992,""predicted_cycles"":1647355.3528053977,""predicted_finish"":38444062.93141532,""refetch"":6.0}]"
v3_captured_mixed_heldout_gpqa_t128_l2,fixed_4+2,pipelined,128,15,15,25,False,1,0,17301504,224919552.0,121110528.0,103809024.0,99.0,13.0,7.0,7.0,0,all_cores_refetch,6111.333333333333,"[{""admissible"":false,""core"":0,""earliest_start"":17744304.161458332,""predicted_cycles"":1921853.369140625,""predicted_finish"":19666157.530598957,""refetch"":7.0},{""admissible"":true,""core"":1,""earliest_start"":6093.333333333333,""predicted_cycles"":3569206.3210227275,""predicted_finish"":3575299.654356061,""refetch"":13.0}]"
v3_captured_mixed_heldout_gpqa_t128_l2,fixed_4+2,pipelined,128,20,20,7,False,1,0,17301504,69206016.0,34603008.0,34603008.0,33.0,4.0,2.0,2.0,0,all_cores_refetch,46130574.595489524,"[{""admissible"":false,""core"":0,""earliest_start"":46408765.63551048,""predicted_cycles"":549158.046875,""predicted_finish"":46957923.68238548,""refetch"":2.0},{""admissible"":true,""core"":1,""earliest_start"":46131078.595489524,""predicted_cycles"":1098112.7189275569,""predicted_finish"":47229191.31441708,""refetch"":4.0}]"
v3_captured_mixed_heldout_gpqa_t128_l2,fixed_4+2,pipelined,128,23,23,12,False,1,0,17301504,103809024.0,51904512.0,51904512.0,49.5,6.0,3.0,3.0,0,all_cores_refetch,38443458.33398975,"[{""admissible"":false,""core"":0,""earliest_start"":38720091.66018791,""predicted_cycles"":823709.69921875,""predicted_finish"":39543801.35940666,""refetch"":3.0},{""admissible"":true,""core"":1,""earliest_start"":38443962.33398975,""predicted_cycles"":1647355.3528053977,""predicted_finish"":40091317.686795145,""refetch"":6.0}]"
v3_captured_mixed_heldout_gpqa_t128_l2,fixed_4+2,pipelined,128,26,26,12,False,1,0,17301504,103809024.0,51904512.0,51904512.0,49.5,6.0,3.0,3.0,0,all_cores_refetch,40090667.285269104,"[{""admissible"":false,""core"":0,""earliest_start"":40367626.692621745,""predicted_cycles"":823722.271484375,""predicted_finish"":41191348.96410612,""refetch"":3.0},{""admissible"":true,""core"":1,""earliest_start"":40091171.285269104,""predicted_cycles"":1647341.578125,""predicted_finish"":41738512.863394104,""refetch"":6.0}]"
v3_captured_mixed_heldout_gpqa_t128_l2,fixed_4+2,pipelined,128,27,27,15,False,1,0,17301504,138412032.0,69206016.0,69206016.0,66.0,8.0,4.0,4.0,0,all_cores_refetch,26912269.882646702,"[{""admissible"":false,""core"":0,""earliest_start"":27188067.08555122,""predicted_cycles"":1098194.2890625,""predicted_finish"":28286261.37461372,""refetch"":4.0},{""admissible"":true,""core"":1,""earliest_start"":26912773.882646702,""predicted_cycles"":2196359.2125355112,""predicted_finish"":29109133.095182214,""refetch"":8.0}]"
v3_captured_mixed_heldout_gpqa_t128_l2,fixed_4+2,pipelined,128,32,32,11,False,1,0,17301504,103809024.0,51904512.0,51904512.0,49.5,6.0,3.0,3.0,0,all_cores_refetch,41737896.912571,"[{""admissible"":false,""core"":0,""earliest_start"":42015150.970623076,""predicted_cycles"":823734.84375,""predicted_finish"":42838885.814373076,""refetch"":3.0},{""admissible"":true,""core"":1,""earliest_start"":41738400.912571,""predicted_cycles"":1647314.0287642046,""predicted_finish"":43385714.9413352,""refetch"":6.0}]"
v3_captured_mixed_heldout_gpqa_t128_l2,fixed_4+2,pipelined,128,33,33,7,False,1,0,17301504,69206016.0,34603008.0,34603008.0,33.0,4.0,2.0,2.0,0,all_cores_refetch,47228715.976793334,"[{""admissible"":false,""core"":0,""earliest_start"":47507171.40383066,""predicted_cycles"":549166.4296875,""predicted_finish"":48056337.83351816,""refetch"":2.0},{""admissible"":true,""core"":1,""earliest_start"":47229219.976793334,""predicted_cycles"":1098112.7189275569,""predicted_finish"":48327332.69572089,""refetch"":4.0}]"
v3_captured_mixed_heldout_gpqa_t128_l2,fixed_4+2,pipelined,128,35,35,21,False,1,0,17301504,190316544.0,103809024.0,86507520.0,82.5,11.0,6.0,6.0,0,all_cores_refetch,3575057.9999999995,"[{""admissible"":false,""core"":0,""earliest_start"":17744304.161458332,""predicted_cycles"":1647339.453125,""predicted_finish"":19391643.614583332,""refetch"":6.0},{""admissible"":true,""core"":1,""earliest_start"":3575561.9999999995,""predicted_cycles"":3020133.59375,""predicted_finish"":6595695.59375,""refetch"":11.0}]"
v3_captured_mixed_heldout_gpqa_t128_l2,fixed_4+2,pipelined,128,41,41,13,False,1,0,17301504,121110528.0,69206016.0,51904512.0,49.5,7.0,4.0,4.0,0,all_cores_refetch,29108729.764121182,"[{""admissible"":false,""core"":0,""earliest_start"":29384508.831470545,""predicted_cycles"":1098252.955078125,""predicted_finish"":30482761.78654867,""refetch"":4.0},{""admissible"":true,""core"":1,""earliest_start"":29109233.764121182,""predicted_cycles"":1921843.507990057,""predicted_finish"":31031077.27211124,""refetch"":7.0}]"
v3_captured_mixed_heldout_gpqa_t128_l2,fixed_4+2,pipelined,128,43,43,22,False,1,0,17301504,190316544.0,103809024.0,86507520.0,82.5,11.0,6.0,6.0,0,all_cores_refetch,6595199.037063377,"[{""admissible"":false,""core"":0,""earliest_start"":18342119.710144926,""predicted_cycles"":1647339.453125,""predicted_finish"":19989459.163269926,""refetch"":6.0},{""admissible"":true,""core"":1,""earliest_start"":6595703.037063377,""predicted_cycles"":3020184.09765625,""predicted_finish"":9615887.134719627,""refetch"":11.0}]"
v3_captured_mixed_heldout_gpqa_t128_l2,fixed_4+2,pipelined,128,46,46,21,False,1,0,17301504,190316544.0,103809024.0,86507520.0,82.5,11.0,6.0,6.0,0,all_cores_refetch,9615417.407217506,"[{""admissible"":false,""core"":0,""earliest_start"":18341858.92429722,""predicted_cycles"":1647339.453125,""predicted_finish"":19989198.37742222,""refetch"":6.0},{""admissible"":true,""core"":1,""earliest_start"":9615921.407217506,""predicted_cycles"":3020158.845703125,""predicted_finish"":12636080.252920631,""refetch"":11.0}]"
v3_captured_mixed_heldout_gpqa_t128_l2,fixed_4+2,pipelined,128,48,48,15,False,1,0,17301504,138412032.0,69206016.0,69206016.0,66.0,8.0,4.0,4.0,0,all_cores_refetch,31030612.857508525,"[{""admissible"":false,""core"":0,""earliest_start"":31581393.269863237,""predicted_cycles"":1098244.57421875,""predicted_finish"":32679637.844081987,""refetch"":4.0},{""admissible"":true,""core"":1,""earliest_start"":31031116.857508525,""predicted_cycles"":2196377.578125,""predicted_finish"":33227494.435633525,""refetch"":8.0}]"
v3_captured_mixed_heldout_gpqa_t128_l2,fixed_4+2,pipelined,128,50,50,20,False,1,0,17301504,173015040.0,86507520.0,86507520.0,82.5,10.0,5.0,5.0,0,all_cores_refetch,21421277.814130377,"[{""admissible"":false,""core"":0,""earliest_start"":22246038.44413524,""predicted_cycles"":1372846.48828125,""predicted_finish"":23618884.93241649,""refetch"":5.0},{""admissible"":true,""core"":1,""earliest_start"":21421781.814130377,""predicted_cycles"":2745620.186612216,""predicted_finish"":24167402.000742592,""refetch"":10.0}]"
v3_captured_mixed_heldout_gpqa_t128_l2,fixed_4+2,pipelined,128,52,52,7,False,1,0,17301504,69206016.0,34603008.0,34603008.0,33.0,4.0,2.0,2.0,0,all_cores_refetch,48326854.548626006,"[{""admissible"":false,""core"":0,""earliest_start"":48605550.00157548,""predicted_cycles"":549174.8125,""predicted_finish"":49154724.81407548,""refetch"":2.0},{""admissible"":true,""core"":1,""earliest_start"":48327358.548626006,""predicted_cycles"":1098112.7189275569,""predicted_finish"":49425471.26755356,""refetch"":4.0}]"
v3_captured_mixed_heldout_gpqa_t128_l2,fixed_4+2,pipelined,128,53,53,11,False,1,0,17301504,103809024.0,51904512.0,51904512.0,49.5,6.0,3.0,3.0,0,all_cores_refetch,43385127.72671511,"[{""admissible"":false,""core"":0,""earliest_start"":43662674.320993446,""predicted_cycles"":823741.1298828125,""predicted_finish"":44486415.45087626,""refetch"":3.0},{""admissible"":true,""core"":1,""earliest_start"":43385631.72671511,""predicted_cycles"":1647300.2540838069,""predicted_finish"":45032931.980798915,""refetch"":6.0}]"
v3_captured_mixed_heldout_gpqa_t128_l2,fixed_4+2,pipelined,128,57,57,23,False,1,0,17301504,207618048.0,103809024.0,103809024.0,99.0,12.0,6.0,6.0,0,all_cores_refetch,12635558.513901662,"[{""admissible"":false,""core"":0,""earliest_start"":18341858.92429722,""predicted_cycles"":1647339.453125,""predicted_finish"":19989198.37742222,""refetch"":6.0},{""admissible"":true,""core"":1,""earliest_start"":12636062.513901662,""predicted_cycles"":3294725.0522017046,""predicted_finish"":15930787.566103367,""refetch"":12.0}]"
v3_captured_mixed_heldout_gpqa_t128_l2,fixed_4+2,pipelined,128,60,60,7,False,1,0,17301504,69206016.0,34603008.0,34603008.0,33.0,4.0,2.0,2.0,0,all_cores_refetch,49424993.089620546,"[{""admissible"":false,""core"":0,""earliest_start"":49703924.82976462,""predicted_cycles"":549174.8125,""predicted_finish"":50253099.64226462,""refetch"":2.0},{""admissible"":true,""core"":1,""earliest_start"":49425497.089620546,""predicted_cycles"":1098121.9026988635,""predicted_finish"":50523618.99231941,""refetch"":4.0}]"
v3_captured_mixed_heldout_gpqa_t128_l2,fixed_4+2,pipelined,128,61,61,16,False,1,0,17301504,138412032.0,69206016.0,69206016.0,66.0,8.0,4.0,4.0,0,all_cores_refetch,33226996.96434955,"[{""admissible"":false,""core"":0,""earliest_start"":33778057.679612495,""predicted_cycles"":1098261.3359375,""predicted_finish"":34876319.015549995,""refetch"":4.0},{""admissible"":true,""core"":1,""earliest_start"":33227500.96434955,""predicted_cycles"":2196395.9437144888,""predicted_finish"":35423896.90806404,""refetch"":8.0}]"
v3_captured_mixed_heldout_gpqa_t128_l2,fixed_4+2,pipelined,128,62,62,21,False,1,0,17301504,190316544.0,103809024.0,86507520.0,82.5,11.0,6.0,6.0,0,all_cores_refetch,15930264.217055874,"[{""admissible"":false,""core"":0,""earliest_start"":18310155.81345733,""predicted_cycles"":1647339.453125,""predicted_finish"":19957495.26658233,""refetch"":6.0},{""admissible"":true,""core"":1,""earliest_start"":15930768.217055874,""predicted_cycles"":3020184.09765625,""predicted_finish"":18950952.314712122,""refetch"":11.0}]"
v3_captured_mixed_heldout_gpqa_t128_l2,fixed_4+2,pipelined,128,63,63,20,False,1,0,17301504,173015040.0,86507520.0,86507520.0,82.5,10.0,5.0,5.0,0,all_cores_refetch,24166774.849207077,"[{""admissible"":false,""core"":0,""earliest_start"":24991451.210250296,""predicted_cycles"":1372856.9638671875,""predicted_finish"":26364308.174117483,""refetch"":5.0},{""admissible"":true,""core"":1,""earliest_start"":24167278.849207077,""predicted_cycles"":2745574.2736150566,""predicted_finish"":26912853.122822136,""refetch"":10.0}]"
v3_captured_mixed_heldout_gpqa_t128_l26,fixed_4+2,pipelined,128,3,3,8,False,1,0,17301504,69206016.0,34603008.0,34603008.0,33.0,4.0,2.0,2.0,0,all_cores_refetch,45032800.75278102,"[{""admissible"":false,""core"":0,""earliest_start"":45035307.28055045,""predicted_cycles"":549145.47265625,""predicted_finish"":45584452.7532067,""refetch"":2.0},{""admissible"":true,""core"":1,""earliest_start"":45033304.75278102,""predicted_cycles"":1098177.0053267046,""predicted_finish"":46131481.75810772,""refetch"":4.0}]"
v3_captured_mixed_heldout_gpqa_t128_l26,fixed_4+2,pipelined,128,10,10,24,False,1,0,17301504,207618048.0,103809024.0,103809024.0,99.0,12.0,6.0,6.0,0,all_cores_refetch,7693362.560609847,"[{""admissible"":false,""core"":0,""earliest_start"":18342107.71014493,""predicted_cycles"":1647389.734375,""predicted_finish"":19989497.44451993,""refetch"":6.0},{""admissible"":true,""core"":1,""earliest_start"":7693866.560609847,""predicted_cycles"":3294669.9573863638,""predicted_finish"":10988536.51799621,""refetch"":12.0}]"
v3_captured_mixed_heldout_gpqa_t128_l26,fixed_4+2,pipelined,128,11,11,26,False,1,0,17301504,224919552.0,121110528.0,103809024.0,99.0,13.0,7.0,7.0,0,all_cores_refetch,4124166.0,"[{""admissible"":false,""core"":0,""earliest_start"":18005875.942708332,""predicted_cycles"":1921912.029296875,""predicted_finish"":19927787.972005207,""refetch"":7.0},{""admissible"":true,""core"":1,""earliest_start"":4124670.0,""predicted_cycles"":3569146.635298296,""predicted_finish"":7693816.635298296,""refetch"":13.0}]"
v3_captured_mixed_heldout_gpqa_t128_l26,fixed_4+2,pipelined,128,13,13,12,False,1,0,17301504,103809024.0,51904512.0,51904512.0,49.5,6.0,3.0,3.0,0,all_cores_refetch,35972688.81023588,"[{""admissible"":false,""core"":0,""earliest_start"":36248899.12999946,""predicted_cycles"":823734.84375,""predicted_finish"":37072633.97374946,""refetch"":3.0},{""admissible"":true,""core"":1,""earliest_start"":35973192.81023588,""predicted_cycles"":1647327.8034446023,""predicted_finish"":37620520.61368048,""refetch"":6.0}]"
v3_captured_mixed_heldout_gpqa_t128_l26,fixed_4+2,pipelined,128,16,16,20,False,1,0,17301504,173015040.0,86507520.0,86507520.0,82.5,10.0,5.0,5.0,0,all_cores_refetch,20323205.889804974,"[{""admissible"":false,""core"":0,""earliest_start"":21147568.348914426,""predicted_cycles"":1372888.390625,""predicted_finish"":22520456.739539426,""refetch"":5.0},{""admissible"":true,""core"":1,""earliest_start"":20323709.889804974,""predicted_cycles"":2745620.186612216,""predicted_finish"":23069330.07641719,""refetch"":10.0}]"
v3_captured_mixed_heldout_gpqa_t128_l26,fixed_4+2,pipelined,128,19,19,10,False,1,0,17301504,86507520.0,51904512.0,34603008.0,33.0,5.0,3.0,3.0,0,all_cores_refetch,37619897.23146115,"[{""admissible"":false,""core"":0,""earliest_start"":37896390.63177457,""predicted_cycles"":823728.5576171875,""predicted_finish"":38720119.189391755,""refetch"":3.0},{""admissible"":true,""core"":1,""earliest_start"":37620401.23146115,""predicted_cycles"":1372823.578125,""predicted_finish"":38993224.80958615,""refetch"":5.0}]"
v3_captured_mixed_heldout_gpqa_t128_l26,fixed_4+2,pipelined,128,20,20,14,False,1,0,17301504,121110528.0,69206016.0,51904512.0,49.5,7.0,4.0,4.0,0,all_cores_refetch,25814210.824886758,"[{""admissible"":false,""core"":0,""earliest_start"":26089722.871585313,""predicted_cycles"":1098211.05078125,""predicted_finish"":27187933.922366563,""refetch"":4.0},{""admissible"":true,""core"":1,""earliest_start"":25814714.824886758,""predicted_cycles"":1921779.2274502844,""predicted_finish"":27736494.052337043,""refetch"":7.0}]"
v3_captured_mixed_heldout_gpqa_t128_l26,fixed_4+2,pipelined,128,22,22,6,False,1,0,17301504,51904512.0,34603008.0,17301504.0,16.5,3.0,2.0,2.0,0,all_cores_refetch,46131030.837782554,"[{""admissible"":false,""core"":0,""earliest_start"":46133569.61224991,""predicted_cycles"":549170.62109375,""predicted_finish"":46682740.23334366,""refetch"":2.0},{""admissible"":true,""core"":1,""earliest_start"":46131534.837782554,""predicted_cycles"":823691.1416903409,""predicted_finish"":46955225.9794729,""refetch"":3.0}]"
v3_captured_mixed_heldout_gpqa_t128_l26,fixed_4+2,pipelined,128,23,23,21,False,1,0,17301504,190316544.0,103809024.0,86507520.0,82.5,11.0,6.0,6.0,0,all_cores_refetch,10988143.602276357,"[{""admissible"":false,""core"":0,""earliest_start"":18342054.626810648,""predicted_cycles"":1647389.734375,""predicted_finish"":19989444.361185648,""refetch"":6.0},{""admissible"":true,""core"":1,""earliest_start"":10988647.602276357,""predicted_cycles"":3020158.845703125,""predicted_finish"":14008806.447979482,""refetch"":11.0}]"
v3_captured_mixed_heldout_gpqa_t128_l26,fixed_4+2,pipelined,128,26,26,14,False,1,0,17301504,121110528.0,69206016.0,51904512.0,49.5,7.0,4.0,4.0,0,all_cores_refetch,27736049.317933902,"[{""admissible"":false,""core"":0,""earliest_start"":28286594.30513399,""predicted_cycles"":1098252.955078125,""predicted_finish"":29384847.260212116,""refetch"":4.0},{""admissible"":true,""core"":1,""earliest_start"":27736553.317933902,""predicted_cycles"":1921779.2274502844,""predicted_finish"":29658332.545384187,""refetch"":7.0}]"
v3_captured_mixed_heldout_gpqa_t128_l26,fixed_4+2,pipelined,128,34,34,15,False,1,0,17301504,138412032.0,69206016.0,69206016.0,66.0,8.0,4.0,4.0,0,all_cores_refetch,29657876.002033267,"[{""admissible"":false,""core"":0,""earliest_start"":30482910.97979887,""predicted_cycles"":1098286.478515625,""predicted_finish"":31581197.458314493,""refetch"":4.0},{""admissible"":true,""core"":1,""earliest_start"":29658380.002033267,""predicted_cycles"":2196322.481356534,""predicted_finish"":31854702.483389802,""refetch"":8.0}]"
v3_captured_mixed_heldout_gpqa_t128_l26,fixed_4+2,pipelined,128,35,35,7,False,1,0,17301504,69206016.0,34603008.0,34603008.0,33.0,4.0,2.0,2.0,0,all_cores_refetch,46954661.63727957,"[{""admissible"":false,""core"":0,""earliest_start"":47232133.35572094,""predicted_cycles"":549141.28125,""predicted_finish"":47781274.63697094,""refetch"":2.0},{""admissible"":true,""core"":1,""earliest_start"":46955165.63727957,""predicted_cycles"":1098177.0053267046,""predicted_finish"":48053342.64260627,""refetch"":4.0}]"
v3_captured_mixed_heldout_gpqa_t128_l26,fixed_4+2,pipelined,128,39,39,21,False,1,0,17301504,190316544.0,103809024.0,86507520.0,82.5,11.0,6.0,6.0,0,all_cores_refetch,14008296.10252664,"[{""admissible"":false,""core"":0,""earliest_start"":18310156.459278423,""predicted_cycles"":1647389.734375,""predicted_finish"":19957546.193653423,""refetch"":6.0},{""admissible"":true,""core"":1,""earliest_start"":14008800.10252664,""predicted_cycles"":3020158.845703125,""predicted_finish"":17028958.948229767,""refetch"":11.0}]"
v3_captured_mixed_heldout_gpqa_t128_l26,fixed_4+2,pipelined,128,40,40,9,False,1,0,17301504,86507520.0,51904512.0,34603008.0,33.0,5.0,3.0,3.0,0,all_cores_refetch,38992603.19612455,"[{""admissible"":false,""core"":0,""earliest_start"":39544165.057497546,""predicted_cycles"":823741.1298828125,""predicted_finish"":40367906.18738036,""refetch"":3.0},{""admissible"":true,""core"":1,""earliest_start"":38993107.19612455,""predicted_cycles"":1372812.0988991477,""predicted_finish"":40365919.2950237,""refetch"":5.0}]"
v3_captured_mixed_heldout_gpqa_t128_l26,fixed_4+2,pipelined,128,43,43,12,False,1,0,17301504,103809024.0,51904512.0,51904512.0,49.5,6.0,3.0,3.0,0,all_cores_refetch,40365374.21968218,"[{""admissible"":false,""core"":0,""earliest_start"":40367601.23625419,""predicted_cycles"":823759.98828125,""predicted_finish"":41191361.22453544,""refetch"":3.0},{""admissible"":true,""core"":1,""earliest_start"":40365878.21968218,""predicted_cycles"":1647286.4794034092,""predicted_finish"":42013164.699085586,""refetch"":6.0}]"
v3_captured_mixed_heldout_gpqa_t128_l26,fixed_4+2,pipelined,128,47,47,9,False,1,0,17301504,86507520.0,51904512.0,34603008.0,33.0,5.0,3.0,3.0,0,all_cores_refetch,42012742.61961631,"[{""admissible"":false,""core"":0,""earliest_start"":42014988.76859015,""predicted_cycles"":823741.1298828125,""predicted_finish"":42838729.898472965,""refetch"":3.0},{""admissible"":true,""core"":1,""earliest_start"":42013246.61961631,""predicted_cycles"":1372766.1819957385,""predicted_finish"":43386012.80161205,""refetch"":5.0}]"
v3_captured_mixed_heldout_gpqa_t128_l26,fixed_4+2,pipelined,128,49,49,14,False,1,0,17301504,121110528.0,69206016.0,51904512.0,49.5,7.0,4.0,4.0,0,all_cores_refetch,31854317.358393155,"[{""admissible"":false,""core"":0,""earliest_start"":32679473.429839104,""predicted_cycles"":1098286.478515625,""predicted_finish"":33777759.90835473,""refetch"":4.0},{""admissible"":true,""core"":1,""earliest_start"":31854821.358393155,""predicted_cycles"":1921827.4378551138,""predicted_finish"":33776648.79624827,""refetch"":7.0}]"
v3_captured_mixed_heldout_gpqa_t128_l26,fixed_4+2,pipelined,128,50,50,29,False,1,0,17301504,259522560.0,138412032.0,121110528.0,115.5,15.0,8.0,8.0,0,all_cores_refetch,6099.333333333333,"[{""admissible"":false,""core"":0,""earliest_start"":18005875.942708332,""predicted_cycles"":2196434.32421875,""predicted_finish"":20202310.266927082,""refetch"":8.0},{""admissible"":true,""core"":1,""earliest_start"":6081.333333333333,""predicted_cycles"":4118210.180752841,""predicted_finish"":4124291.5140861743,""refetch"":15.0}]"
v3_captured_mixed_heldout_gpqa_t128_l26,fixed_4+2,pipelined,128,55,55,5,False,1,0,17301504,51904512.0,34603008.0,17301504.0,16.5,3.0,2.0,2.0,0,all_cores_refetch,48052803.723112576,"[{""admissible"":false,""core"":0,""earliest_start"":48330546.33309389,""predicted_cycles"":549158.046875,""predicted_finish"":48879704.37996889,""refetch"":2.0},{""admissible"":true,""core"":1,""earliest_start"":48053307.723112576,""predicted_cycles"":823691.1416903409,""predicted_finish"":48876998.86480292,""refetch"":3.0}]"
v3_captured_mixed_heldout_gpqa_t128_l26,fixed_4+2,pipelined,128,57,57,24,False,1,0,17301504,207618048.0,103809024.0,103809024.0,99.0,12.0,6.0,6.0,0,all_cores_refetch,17028513.681850005,"[{""admissible"":false,""core"":0,""earliest_start"":18310156.459278423,""predicted_cycles"":1647389.734375,""predicted_finish"":19957546.193653423,""refetch"":6.0},{""admissible"":true,""core"":1,""earliest_start"":17029017.681850005,""predicted_cycles"":3294697.504794034,""predicted_finish"":20323715.18664404,""refetch"":12.0}]"
v3_captured_mixed_heldout_gpqa_t128_l26,fixed_4+2,pipelined,128,60,60,11,False,1,0,17301504,103809024.0,51904512.0,51904512.0,49.5,6.0,3.0,3.0,0,all_cores_refetch,43385548.65817104,"[{""admissible"":false,""core"":0,""earliest_start"":43662268.018590145,""predicted_cycles"":823722.271484375,""predicted_finish"":44485990.29007452,""refetch"":3.0},{""admissible"":true,""core"":1,""earliest_start"":43386052.65817104,""predicted_cycles"":1647286.4794034092,""predicted_finish"":45033339.13757445,""refetch"":6.0}]"
v3_captured_mixed_heldout_gpqa_t128_l26,fixed_4+2,pipelined,128,62,62,20,False,1,0,17301504,173015040.0,86507520.0,86507520.0,82.5,10.0,5.0,5.0,0,all_cores_refetch,23068719.717518292,"[{""admissible"":false,""core"":0,""earliest_start"":23893089.91661675,""predicted_cycles"":1372867.439453125,""predicted_finish"":25265957.356069874,""refetch"":5.0},{""admissible"":true,""core"":1,""earliest_start"":23069223.717518292,""predicted_cycles"":2745643.1431107954,""predicted_finish"":25814866.86062909,""refetch"":10.0}]"
v3_captured_mixed_heldout_gpqa_t128_l26,fixed_4+2,pipelined,128,63,63,16,False,1,0,17301504,138412032.0,69206016.0,69206016.0,66.0,8.0,4.0,4.0,0,all_cores_refetch,33776263.56585616,"[{""admissible"":false,""core"":0,""earliest_start"":33777698.60071455,""predicted_cycles"":1098286.478515625,""predicted_finish"":34875985.079230174,""refetch"":4.0},{""admissible"":true,""core"":1,""earliest_start"":33776767.56585616,""predicted_cycles"":2196359.2125355112,""predicted_finish"":35973126.77839167,""refetch"":8.0}]"
v3_captured_mixed_heldout_swe_t128_l13,fixed_4+2,pipelined,128,1,1,6,False,1,0,17301504,51904512.0,34603008.0,17301504.0,16.5,3.0,2.0,2.0,0,all_cores_refetch,43660140.40149077,"[{""admissible"":false,""core"":0,""earliest_start"":43662023.45606708,""predicted_cycles"":548973.625,""predicted_finish"":44210997.08106708,""refetch"":2.0},{""admissible"":true,""core"":1,""earliest_start"":43660644.40149077,""predicted_cycles"":823670.4767400569,""predicted_finish"":44484314.878230825,""refetch"":3.0}]"
v3_captured_mixed_heldout_swe_t128_l13,fixed_4+2,pipelined,128,6,6,43,False,1,0,17301504,380633088.0,190316544.0,190316544.0,181.5,22.0,11.0,11.0,0,all_cores_refetch,6870191.809523809,"[{""admissible"":false,""core"":0,""earliest_start"":18342080.37681159,""predicted_cycles"":3000068.1962890625,""predicted_finish"":21342148.573100653,""refetch"":11.0},{""admissible"":true,""core"":1,""earliest_start"":6870183.809523809,""predicted_cycles"":6040185.099609375,""predicted_finish"":12910368.909133185,""refetch"":22.0}]"
v3_captured_mixed_heldout_swe_t128_l13,fixed_4+2,pipelined,128,10,10,9,False,1,0,17301504,86507520.0,51904512.0,34603008.0,33.0,5.0,3.0,3.0,0,all_cores_refetch,39267128.87143757,"[{""admissible"":false,""core"":0,""earliest_start"":39818104.63264627,""predicted_cycles"":823753.7021484375,""predicted_finish"":40641858.33479471,""refetch"":3.0},{""admissible"":true,""core"":1,""earliest_start"":39267632.87143757,""predicted_cycles"":1372812.0988991477,""predicted_finish"":40640444.97033672,""refetch"":5.0}]"
v3_captured_mixed_heldout_swe_t128_l13,fixed_4+2,pipelined,128,14,14,5,False,1,0,17301504,51904512.0,34603008.0,17301504.0,16.5,3.0,2.0,2.0,0,all_cores_refetch,44483762.28783552,"[{""admissible"":false,""core"":0,""earliest_start"":44760599.50862447,""predicted_cycles"":549028.11328125,""predicted_finish"":45309627.62190572,""refetch"":2.0},{""admissible"":true,""core"":1,""earliest_start"":44484266.28783552,""predicted_cycles"":823670.4767400569,""predicted_finish"":45307936.76457558,""refetch"":3.0}]"
v3_captured_mixed_heldout_swe_t128_l13,fixed_4+2,pipelined,128,16,16,7,False,1,0,17301504,69206016.0,34603008.0,34603008.0,33.0,4.0,2.0,2.0,0,all_cores_refetch,45307416.094736986,"[{""admissible"":false,""core"":0,""earliest_start"":45309495.61152072,""predicted_cycles"":549082.6015625,""predicted_finish"":45858578.21308322,""refetch"":2.0},{""admissible"":true,""core"":1,""earliest_start"":45307920.094736986,""predicted_cycles"":1098158.6377840908,""predicted_finish"":46406078.73252108,""refetch"":4.0}]"
v3_captured_mixed_heldout_swe_t128_l13,fixed_4+2,pipelined,128,19,19,49,False,1,0,17301504,432537600.0,224919552.0,207618048.0,198.0,25.0,13.0,13.0,0,all_cores_refetch,6031.333333333333,"[{""admissible"":false,""core"":0,""earliest_start"":18088624.372395832,""predicted_cycles"":3545488.9091796875,""predicted_finish"":21634113.28157552,""refetch"":13.0},{""admissible"":true,""core"":1,""earliest_start"":6013.333333333333,""predicted_cycles"":6863991.058948864,""predicted_finish"":6870004.392282197,""refetch"":25.0}]"
v3_captured_mixed_heldout_swe_t128_l13,fixed_4+2,pipelined,128,22,22,15,False,1,0,17301504,138412032.0,69206016.0,69206016.0,66.0,8.0,4.0,4.0,0,all_cores_refetch,33227057.31911121,"[{""admissible"":false,""core"":0,""earliest_start"":33777790.018311165,""predicted_cycles"":1098211.05078125,""predicted_finish"":34876001.069092415,""refetch"":4.0},{""admissible"":true,""core"":1,""earliest_start"":33227561.31911121,""predicted_cycles"":2196340.8469460225,""predicted_finish"":35423902.16605723,""refetch"":8.0}]"
v3_captured_mixed_heldout_swe_t128_l13,fixed_4+2,pipelined,128,23,23,41,False,1,0,17301504,363331584.0,190316544.0,173015040.0,165.0,21.0,11.0,11.0,0,all_cores_refetch,12910114.0,"[{""admissible"":false,""core"":0,""earliest_start"":18341696.376811586,""predicted_cycles"":3000068.1962890625,""predicted_finish"":21341764.57310065,""refetch"":11.0},{""admissible"":true,""core"":1,""earliest_start"":12910618.0,""predicted_cycles"":5765641.849609375,""predicted_finish"":18676259.849609375,""refetch"":21.0}]"
v3_captured_mixed_heldout_swe_t128_l13,fixed_4+2,pipelined,128,31,32,11,False,1,0,17301504,103809024.0,51904512.0,51904512.0,49.5,6.0,3.0,3.0,0,all_cores_refetch,40639955.09906699,"[{""admissible"":false,""core"":0,""earliest_start"":40641808.27024917,""predicted_cycles"":823747.416015625,""predicted_finish"":41465555.6862648,""refetch"":3.0},{""admissible"":true,""core"":1,""earliest_start"":40640459.09906699,""predicted_cycles"":1647341.578125,""predicted_finish"":42287800.67719199,""refetch"":6.0}]"
v3_captured_mixed_heldout_swe_t128_l13,fixed_4+2,pipelined,128,34,35,8,False,1,0,17301504,69206016.0,34603008.0,34603008.0,33.0,4.0,2.0,2.0,0,all_cores_refetch,46405665.07626625,"[{""admissible"":false,""core"":0,""earliest_start"":46407763.293654054,""predicted_cycles"":549111.94140625,""predicted_finish"":46956875.235060304,""refetch"":2.0},{""admissible"":true,""core"":1,""earliest_start"":46406169.07626625,""predicted_cycles"":1098131.0864701704,""predicted_finish"":47504300.16273642,""refetch"":4.0}]"
v3_captured_mixed_heldout_swe_t128_l13,fixed_4+2,pipelined,128,37,38,13,False,1,0,17301504,121110528.0,69206016.0,51904512.0,49.5,7.0,4.0,4.0,0,all_cores_refetch,35423434.75166132,"[{""admissible"":false,""core"":0,""earliest_start"":35974412.17769456,""predicted_cycles"":1098252.955078125,""predicted_finish"":37072665.132772684,""refetch"":4.0},{""admissible"":true,""core"":1,""earliest_start"":35423938.75166132,""predicted_cycles"":1921827.4378551138,""predicted_finish"":37345766.18951644,""refetch"":7.0}]"
v3_captured_mixed_heldout_swe_t128_l13,fixed_4+2,pipelined,128,39,41,18,False,1,0,17301504,155713536.0,86507520.0,69206016.0,66.0,9.0,5.0,5.0,0,all_cores_refetch,30756100.55263728,"[{""admissible"":false,""core"":0,""earliest_start"":31306337.634447943,""predicted_cycles"":1372867.439453125,""predicted_finish"":32679205.07390107,""refetch"":5.0},{""admissible"":true,""core"":1,""earliest_start"":30756604.55263728,""predicted_cycles"":2471040.2054332388,""predicted_finish"":33227644.758070517,""refetch"":9.0}]"
v3_captured_mixed_heldout_swe_t128_l13,fixed_4+2,pipelined,128,47,49,26,False,1,0,17301504,224919552.0,121110528.0,103809024.0,99.0,13.0,7.0,7.0,0,all_cores_refetch,24166886.700595703,"[{""admissible"":false,""core"":0,""earliest_start"":25265727.506586384,""predicted_cycles"":1921912.029296875,""predicted_finish"":27187639.53588326,""refetch"":7.0},{""admissible"":true,""core"":1,""earliest_start"":24167390.700595703,""predicted_cycles"":3569176.4781605117,""predicted_finish"":27736567.178756215,""refetch"":13.0}]"
v3_captured_mixed_heldout_swe_t128_l13,fixed_4+2,pipelined,128,51,53,9,False,1,0,17301504,86507520.0,51904512.0,34603008.0,33.0,5.0,3.0,3.0,0,all_cores_refetch,42287333.902865835,"[{""admissible"":false,""core"":0,""earliest_start"":42289198.24705443,""predicted_cycles"":823728.5576171875,""predicted_finish"":43112926.804671615,""refetch"":3.0},{""admissible"":true,""core"":1,""earliest_start"":42287837.902865835,""predicted_cycles"":1372800.6196732954,""predicted_finish"":43660638.52253913,""refetch"":5.0}]"
v3_captured_mixed_heldout_swe_t128_l13,fixed_4+2,pipelined,128,52,54,7,False,1,0,17301504,69206016.0,34603008.0,34603008.0,33.0,4.0,2.0,2.0,0,all_cores_refetch,47503911.083321236,"[{""admissible"":false,""core"":0,""earliest_start"":47506028.47081012,""predicted_cycles"":549120.32421875,""predicted_finish"":48055148.79502887,""refetch"":2.0},{""admissible"":true,""core"":1,""earliest_start"":47504415.083321236,""predicted_cycles"":1098158.6377840908,""predicted_finish"":48602573.72110533,""refetch"":4.0}]"
v3_captured_mixed_heldout_swe_t128_l13,fixed_4+2,pipelined,128,55,57,39,False,1,0,17301504,346030080.0,173015040.0,173015040.0,165.0,20.0,10.0,10.0,0,all_cores_refetch,18675781.604965847,"[{""admissible"":false,""core"":0,""earliest_start"":21127043.8391462,""predicted_cycles"":2727357.83984375,""predicted_finish"":23854401.67898995,""refetch"":10.0},{""admissible"":true,""core"":1,""earliest_start"":18676285.604965847,""predicted_cycles"":5491144.510653409,""predicted_finish"":24167430.115619257,""refetch"":20.0}]"
v3_captured_mixed_heldout_swe_t128_l13,fixed_4+2,pipelined,128,56,58,14,False,1,0,17301504,121110528.0,69206016.0,51904512.0,49.5,7.0,4.0,4.0,0,all_cores_refetch,37345261.9736726,"[{""admissible"":false,""core"":0,""earliest_start"":38170693.24209816,""predicted_cycles"":1098278.09765625,""predicted_finish"":39268971.33975441,""refetch"":4.0},{""admissible"":true,""core"":1,""earliest_start"":37345765.9736726,""predicted_cycles"":1921827.4378551138,""predicted_finish"":39267593.411527716,""refetch"":7.0}]"
v3_captured_mixed_heldout_swe_t128_l13,fixed_4+2,pipelined,128,61,63,22,False,1,0,17301504,190316544.0,103809024.0,86507520.0,82.5,11.0,6.0,6.0,0,all_cores_refetch,27736095.903668225,"[{""admissible"":false,""core"":0,""earliest_start"":28560816.129578914,""predicted_cycles"":1647389.734375,""predicted_finish"":30208205.863953914,""refetch"":6.0},{""admissible"":true,""core"":1,""earliest_start"":27736599.903668225,""predicted_cycles"":3020108.341796875,""predicted_finish"":30756708.2454651,""refetch"":11.0}]"
v3_captured_mixed_heldout_swe_t128_l2,fixed_4+2,pipelined,128,0,0,26,False,1,0,17301504,224919552.0,121110528.0,103809024.0,99.0,13.0,7.0,7.0,0,all_cores_refetch,8791690.621023,"[{""admissible"":false,""core"":0,""earliest_start"":18342154.376811594,""predicted_cycles"":1921926.6943359375,""predicted_finish"":20264081.07114753,""refetch"":7.0},{""admissible"":true,""core"":1,""earliest_start"":8792194.621023,""predicted_cycles"":3569176.4781605117,""predicted_finish"":12361371.099183511,""refetch"":13.0}]"
v3_captured_mixed_heldout_swe_t128_l2,fixed_4+2,pipelined,128,1,1,7,False,1,0,17301504,69206016.0,34603008.0,34603008.0,33.0,4.0,2.0,2.0,0,all_cores_refetch,42562198.290810786,"[{""admissible"":false,""core"":0,""earliest_start"":43112709.678227395,""predicted_cycles"":549137.08984375,""predicted_finish"":43661846.768071145,""refetch"":2.0},{""admissible"":true,""core"":1,""earliest_start"":42562702.290810786,""predicted_cycles"":1098140.2702414773,""predicted_finish"":43660842.56105226,""refetch"":4.0}]"
v3_captured_mixed_heldout_swe_t128_l2,fixed_4+2,pipelined,128,5,5,5,False,1,0,17301504,51904512.0,34603008.0,17301504.0,16.5,3.0,2.0,2.0,0,all_cores_refetch,43660449.17498815,"[{""admissible"":false,""core"":0,""earliest_start"":43661839.32608868,""predicted_cycles"":549137.08984375,""predicted_finish"":44210976.41593243,""refetch"":2.0},{""admissible"":true,""core"":1,""earliest_start"":43660953.17498815,""predicted_cycles"":823663.5884232955,""predicted_finish"":44484616.76341145,""refetch"":3.0}]"
v3_captured_mixed_heldout_swe_t128_l2,fixed_4+2,pipelined,128,7,7,9,False,1,0,17301504,86507520.0,51904512.0,34603008.0,33.0,5.0,3.0,3.0,0,all_cores_refetch,36796603.10203653,"[{""admissible"":false,""core"":0,""earliest_start"":37346948.91601667,""predicted_cycles"":823728.5576171875,""predicted_finish"":38170677.473633856,""refetch"":3.0},{""admissible"":true,""core"":1,""earliest_start"":36797107.10203653,""predicted_cycles"":1372823.578125,""predicted_finish"":38169930.68016153,""refetch"":5.0}]"
v3_captured_mixed_heldout_swe_t128_l2,fixed_4+2,pipelined,128,8,8,20,False,1,0,17301504,173015040.0,86507520.0,86507520.0,82.5,10.0,5.0,5.0,0,all_cores_refetch,18675805.769526098,"[{""admissible"":false,""core"":0,""earliest_start"":19500154.74086115,""predicted_cycles"":1372877.9150390625,""predicted_finish"":20873032.655900214,""refetch"":5.0},{""admissible"":true,""core"":1,""earliest_start"":18676309.769526098,""predicted_cycles"":2745643.1431107954,""predicted_finish"":21421952.912636895,""refetch"":10.0}]"
v3_captured_mixed_heldout_swe_t128_l2,fixed_4+2,pipelined,128,10,10,10,False,1,0,17301504,86507520.0,51904512.0,34603008.0,33.0,5.0,3.0,3.0,0,all_cores_refetch,38169383.46221603,"[{""admissible"":false,""core"":0,""earliest_start"":38170435.431674734,""predicted_cycles"":823753.7021484375,""predicted_finish"":38994189.13382317,""refetch"":3.0},{""admissible"":true,""core"":1,""earliest_start"":38169887.46221603,""predicted_cycles"":1372846.5365767044,""predicted_finish"":39542733.99879273,""refetch"":5.0}]"
v3_captured_mixed_heldout_swe_t128_l2,fixed_4+2,pipelined,128,14,14,16,False,1,0,17301504,138412032.0,69206016.0,69206016.0,66.0,8.0,4.0,4.0,0,all_cores_refetch,26637844.518624313,"[{""admissible"":false,""core"":0,""earliest_start"":27462396.20348894,""predicted_cycles"":1098219.431640625,""predicted_finish"":28560615.635129564,""refetch"":4.0},{""admissible"":true,""core"":1,""earliest_start"":26638348.518624313,""predicted_cycles"":2196285.7501775566,""predicted_finish"":28834634.268801868,""refetch"":8.0}]"
v3_captured_mixed_heldout_swe_t128_l2,fixed_4+2,pipelined,128,15,15,29,False,1,0,17301504,259522560.0,138412032.0,121110528.0,115.5,15.0,8.0,8.0,0,all_cores_refetch,4673292.000000001,"[{""admissible"":false,""core"":0,""earliest_start"":18342154.376811594,""predicted_cycles"":2196451.083984375,""predicted_finish"":20538605.46079597,""refetch"":8.0},{""admissible"":true,""core"":1,""earliest_start"":4673796.000000001,""predicted_cycles"":4118244.6145241475,""predicted_finish"":8792040.614524148,""refetch"":15.0}]"
v3_captured_mixed_heldout_swe_t128_l2,fixed_4+2,pipelined,128,16,16,7,False,1,0,17301504,69206016.0,34603008.0,34603008.0,33.0,4.0,2.0,2.0,0,all_cores_refetch,44484090.78142658,"[{""admissible"":false,""core"":0,""earliest_start"":44760391.95011743,""predicted_cycles"":549120.32421875,""predicted_finish"":45309512.27433618,""refetch"":2.0},{""admissible"":true,""core"":1,""earliest_start"":44484594.78142658,""predicted_cycles"":1098140.2702414773,""predicted_finish"":45582735.051668055,""refetch"":4.0}]"
v3_captured_mixed_heldout_swe_t128_l2,fixed_4+2,pipelined,128,22,22,10,False,1,0,17301504,86507520.0,51904512.0,34603008.0,33.0,5.0,3.0,3.0,0,all_cores_refetch,39542190.805808,"[{""admissible"":false,""core"":0,""earliest_start"":39817714.68167473,""predicted_cycles"":823734.84375,""predicted_finish"":40641449.52542473,""refetch"":3.0},{""admissible"":true,""core"":1,""earliest_start"":39542694.805808,""predicted_cycles"":1372823.578125,""predicted_finish"":40915518.383933,""refetch"":5.0}]"
v3_captured_mixed_heldout_swe_t128_l2,fixed_4+2,pipelined,128,24,24,7,False,1,0,17301504,69206016.0,34603008.0,34603008.0,33.0,4.0,2.0,2.0,0,all_cores_refetch,45582234.514840856,"[{""admissible"":false,""core"":0,""earliest_start"":45858816.82213714,""predicted_cycles"":549145.47265625,""predicted_finish"":46407962.29479339,""refetch"":2.0},{""admissible"":true,""core"":1,""earliest_start"":45582738.514840856,""predicted_cycles"":1098149.4540127842,""predicted_finish"":46680887.96885364,""refetch"":4.0}]"
v3_captured_mixed_heldout_swe_t128_l2,fixed_4+2,pipelined,128,32,32,13,False,1,0,17301504,121110528.0,69206016.0,51904512.0,49.5,7.0,4.0,4.0,0,all_cores_refetch,28834286.48139387,"[{""admissible"":false,""core"":0,""earliest_start"":29658955.58298907,""predicted_cycles"":1098236.193359375,""predicted_finish"":30757191.776348446,""refetch"":4.0},{""admissible"":true,""core"":1,""earliest_start"":28834790.48139387,""predicted_cycles"":1921779.2274502844,""predicted_finish"":30756569.708844155,""refetch"":7.0}]"
v3_captured_mixed_heldout_swe_t128_l2,fixed_4+2,pipelined,128,35,35,21,False,1,0,17301504,190316544.0,103809024.0,86507520.0,82.5,11.0,6.0,6.0,0,all_cores_refetch,12360952.491344908,"[{""admissible"":false,""core"":0,""earliest_start"":18341930.209109955,""predicted_cycles"":1647402.3046875,""predicted_finish"":19989332.513797455,""refetch"":6.0},{""admissible"":true,""core"":1,""earliest_start"":12361456.491344908,""predicted_cycles"":3020158.845703125,""predicted_finish"":15381615.337048033,""refetch"":11.0}]"
v3_captured_mixed_heldout_swe_t128_l2,fixed_4+2,pipelined,128,36,36,14,False,1,0,17301504,121110528.0,69206016.0,51904512.0,49.5,7.0,4.0,4.0,0,all_cores_refetch,30756232.943332404,"[{""admissible"":false,""core"":0,""earliest_start"":30757237.956645757,""predicted_cycles"":1098252.955078125,""predicted_finish"":31855490.911723882,""refetch"":4.0},{""admissible"":true,""core"":1,""earliest_start"":30756736.943332404,""predicted_cycles"":1921811.3677201706,""predicted_finish"":32678548.311052576,""refetch"":7.0}]"
v3_captured_mixed_heldout_swe_t128_l2,fixed_4+2,pipelined,128,37,37,7,False,1,0,17301504,69206016.0,34603008.0,34603008.0,33.0,4.0,2.0,2.0,0,all_cores_refetch,46680373.20749108,"[{""admissible"":false,""core"":0,""earliest_start"":46957197.893570796,""predicted_cycles"":549162.23828125,""predicted_finish"":47506360.131852046,""refetch"":2.0},{""admissible"":true,""core"":1,""earliest_start"":46680877.20749108,""predicted_cycles"":1098140.2702414773,""predicted_finish"":47779017.477732554,""refetch"":4.0}]"
v3_captured_mixed_heldout_swe_t128_l2,fixed_4+2,pipelined,128,42,42,15,False,1,0,17301504,138412032.0,69206016.0,69206016.0,66.0,8.0,4.0,4.0,0,all_cores_refetch,32678171.81547455,"[{""admissible"":false,""core"":0,""earliest_start"":32953637.206645757,""predicted_cycles"":1098261.3359375,""predicted_finish"":34051898.54258326,""refetch"":4.0},{""admissible"":true,""core"":1,""earliest_start"":32678675.81547455,""predicted_cycles"":2196322.481356534,""predicted_finish"":34874998.29683109,""refetch"":8.0}]"
v3_captured_mixed_heldout_swe_t128_l2,fixed_4+2,pipelined,128,45,45,17,False,1,0,17301504,155713536.0,86507520.0,69206016.0,66.0,9.0,5.0,5.0,0,all_cores_refetch,21421304.416757803,"[{""admissible"":false,""core"":0,""earliest_start"":22245682.423649747,""predicted_cycles"":1372867.439453125,""predicted_finish"":23618549.863102872,""refetch"":5.0},{""admissible"":true,""core"":1,""earliest_start"":21421808.416757803,""predicted_cycles"":2471081.527521307,""predicted_finish"":23892889.944279112,""refetch"":9.0}]"
v3_captured_mixed_heldout_swe_t128_l2,fixed_4+2,pipelined,128,46,46,24,False,1,0,17301504,207618048.0,103809024.0,103809024.0,99.0,12.0,6.0,6.0,0,all_cores_refetch,15381098.449286178,"[{""admissible"":false,""core"":0,""earliest_start"":18310202.15756905,""predicted_cycles"":1647402.3046875,""predicted_finish"":19957604.46225655,""refetch"":6.0},{""admissible"":true,""core"":1,""earliest_start"":15381602.449286178,""predicted_cycles"":3294725.0522017046,""predicted_finish"":18676327.50148788,""refetch"":12.0}]"
v3_captured_mixed_heldout_swe_t128_l2,fixed_4+2,pipelined,128,50,50,8,False,1,0,17301504,69206016.0,34603008.0,34603008.0,33.0,4.0,2.0,2.0,0,all_cores_refetch,47778511.71578089,"[{""admissible"":false,""core"":0,""earliest_start"":48055573.128247276,""predicted_cycles"":549170.62109375,""predicted_finish"":48604743.749341026,""refetch"":2.0},{""admissible"":true,""core"":1,""earliest_start"":47779015.71578089,""predicted_cycles"":1098140.2702414773,""predicted_finish"":48877155.98602237,""refetch"":4.0}]"
v3_captured_mixed_heldout_swe_t128_l2,fixed_4+2,pipelined,128,53,53,14,False,1,0,17301504,121110528.0,69206016.0,51904512.0,49.5,7.0,4.0,4.0,0,all_cores_refetch,34874689.81129621,"[{""admissible"":false,""core"":0,""earliest_start"":35150111.7539027,""predicted_cycles"":1098252.955078125,""predicted_finish"":36248364.70898083,""refetch"":4.0},{""admissible"":true,""core"":1,""earliest_start"":34875193.81129621,""predicted_cycles"":1921827.4378551138,""predicted_finish"":36797021.24915133,""refetch"":7.0}]"
v3_captured_mixed_heldout_swe_t128_l2,fixed_4+2,pipelined,128,56,56,12,False,1,0,17301504,103809024.0,51904512.0,51904512.0,49.5,6.0,3.0,3.0,0,all_cores_refetch,40914924.88818054,"[{""admissible"":false,""core"":0,""earliest_start"":41465504.15734951,""predicted_cycles"":823703.4130859375,""predicted_finish"":42289207.57043545,""refetch"":3.0},{""admissible"":true,""core"":1,""earliest_start"":40915428.88818054,""predicted_cycles"":1647355.3528053977,""predicted_finish"":42562784.24098594,""refetch"":6.0}]"
v3_captured_mixed_heldout_swe_t128_l2,fixed_4+2,pipelined,128,57,57,34,False,1,0,17301504,294125568.0,155713536.0,138412032.0,132.0,17.0,9.0,9.0,0,all_cores_refetch,6105.333333333333,"[{""admissible"":false,""core"":0,""earliest_start"":18058834.684895832,""predicted_cycles"":2449141.9716796875,""predicted_finish"":20507976.65657552,""refetch"":9.0},{""admissible"":true,""core"":1,""earliest_start"":6087.333333333333,""predicted_cycles"":4666961.528764205,""predicted_finish"":4673048.862097538,""refetch"":17.0}]"
v3_captured_mixed_heldout_swe_t128_l2,fixed_4+2,pipelined,128,60,60,20,False,1,0,17301504,173015040.0,86507520.0,86507520.0,82.5,10.0,5.0,5.0,0,all_cores_refetch,23892282.761341207,"[{""admissible"":false,""core"":0,""earliest_start"":24991380.5687239,""predicted_cycles"":1372856.9638671875,""predicted_finish"":26364237.532591086,""refetch"":5.0},{""admissible"":true,""core"":1,""earliest_start"":23892786.761341207,""predicted_cycles"":2745620.186612216,""predicted_finish"":26638406.94795342,""refetch"":10.0}]"
v3_captured_mixed_heldout_swe_t128_l26,fixed_4+2,pipelined,128,3,3,9,False,1,0,17301504,86507520.0,51904512.0,34603008.0,33.0,5.0,3.0,3.0,0,all_cores_refetch,38444011.127047904,"[{""admissible"":false,""core"":0,""earliest_start"":38719525.945726946,""predicted_cycles"":823728.5576171875,""predicted_finish"":39543254.50334413,""refetch"":3.0},{""admissible"":true,""core"":1,""earliest_start"":38444515.127047904,""predicted_cycles"":1372858.0158025566,""predicted_finish"":39817373.14285046,""refetch"":5.0}]"
v3_captured_mixed_heldout_swe_t128_l26,fixed_4+2,pipelined,128,5,5,14,False,1,0,17301504,121110528.0,69206016.0,51904512.0,49.5,7.0,4.0,4.0,0,all_cores_refetch,28285175.898636665,"[{""admissible"":false,""core"":0,""earliest_start"":29109874.728304505,""predicted_cycles"":1098202.669921875,""predicted_finish"":30208077.39822638,""refetch"":4.0},{""admissible"":true,""core"":1,""earliest_start"":28285679.898636665,""predicted_cycles"":1921843.507990057,""predicted_finish"":30207523.406626724,""refetch"":7.0}]"
v3_captured_mixed_heldout_swe_t128_l26,fixed_4+2,pipelined,128,8,8,5,False,1,0,17301504,51904512.0,34603008.0,17301504.0,16.5,3.0,2.0,2.0,0,all_cores_refetch,45856916.578998014,"[{""admissible"":false,""core"":0,""earliest_start"":46132935.48227288,""predicted_cycles"":549149.6640625,""predicted_finish"":46682085.14633538,""refetch"":2.0},{""admissible"":true,""core"":1,""earliest_start"":45857420.578998014,""predicted_cycles"":823691.1416903409,""predicted_finish"":46681111.72068836,""refetch"":3.0}]"
v3_captured_mixed_heldout_swe_t128_l26,fixed_4+2,pipelined,128,9,9,18,False,1,0,17301504,155713536.0,86507520.0,69206016.0,66.0,9.0,5.0,5.0,0,all_cores_refetch,12910100.513748378,"[{""admissible"":false,""core"":0,""earliest_start"":18341840.924368463,""predicted_cycles"":1372867.439453125,""predicted_finish"":19714708.36382159,""refetch"":5.0},{""admissible"":true,""core"":1,""earliest_start"":12910604.513748378,""predicted_cycles"":2471102.188565341,""predicted_finish"":15381706.702313717,""refetch"":9.0}]"
v3_captured_mixed_heldout_swe_t128_l26,fixed_4+2,pipelined,128,10,10,19,False,1,0,17301504,173015040.0,86507520.0,86507520.0,82.5,10.0,5.0,5.0,0,all_cores_refetch,15381126.217425773,"[{""admissible"":false,""core"":0,""earliest_start"":18310137.81351634,""predicted_cycles"":1372867.439453125,""predicted_finish"":19683005.252969466,""refetch"":5.0},{""admissible"":true,""core"":1,""earliest_start"":15381630.217425773,""predicted_cycles"":2745643.1431107954,""predicted_finish"":18127273.360536568,""refetch"":10.0}]"
v3_captured_mixed_heldout_swe_t128_l26,fixed_4+2,pipelined,128,11,11,18,False,1,0,17301504,155713536.0,86507520.0,69206016.0,66.0,9.0,5.0,5.0,0,all_cores_refetch,18126713.45308206,"[{""admissible"":false,""core"":0,""earliest_start"":18310137.81351634,""predicted_cycles"":1372867.439453125,""predicted_finish"":19683005.252969466,""refetch"":5.0},{""admissible"":true,""core"":1,""earliest_start"":18127217.45308206,""predicted_cycles"":2471081.527521307,""predicted_finish"":20598298.980603367,""refetch"":9.0}]"
v3_captured_mixed_heldout_swe_t128_l26,fixed_4+2,pipelined,128,13,13,14,False,1,0,17301504,121110528.0,69206016.0,51904512.0,49.5,7.0,4.0,4.0,0,all_cores_refetch,30207109.555215675,"[{""admissible"":false,""core"":0,""earliest_start"":30208119.89837918,""predicted_cycles"":1098202.669921875,""predicted_finish"":31306322.568301056,""refetch"":4.0},{""admissible"":true,""core"":1,""earliest_start"":30207613.555215675,""predicted_cycles"":1921843.507990057,""predicted_finish"":32129457.063205734,""refetch"":7.0}]"
v3_captured_mixed_heldout_swe_t128_l26,fixed_4+2,pipelined,128,15,15,23,False,1,0,17301504,207618048.0,103809024.0,103809024.0,99.0,12.0,6.0,6.0,0,all_cores_refetch,3575039.9999999995,"[{""admissible"":false,""core"":0,""earliest_start"":18105415.567708332,""predicted_cycles"":1647389.734375,""predicted_finish"":19752805.302083332,""refetch"":6.0},{""admissible"":true,""core"":1,""earliest_start"":3575543.9999999995,""predicted_cycles"":3294642.4099786934,""predicted_finish"":6870186.409978693,""refetch"":12.0}]"
v3_captured_mixed_heldout_swe_t128_l26,fixed_4+2,pipelined,128,20,20,5,False,1,0,17301504,51904512.0,34603008.0,17301504.0,16.5,3.0,2.0,2.0,0,all_cores_refetch,46680596.068798885,"[{""admissible"":false,""core"":0,""earliest_start"":46682080.27971585,""predicted_cycles"":549158.046875,""predicted_finish"":47231238.32659085,""refetch"":2.0},{""admissible"":true,""core"":1,""earliest_start"":46681100.068798885,""predicted_cycles"":823691.1416903409,""predicted_finish"":47504791.21048923,""refetch"":3.0}]"
v3_captured_mixed_heldout_swe_t128_l26,fixed_4+2,pipelined,128,23,23,26,False,1,0,17301504,224919552.0,121110528.0,103809024.0,99.0,13.0,7.0,7.0,0,all_cores_refetch,6093.333333333333,"[{""admissible"":false,""core"":0,""earliest_start"":18105415.567708332,""predicted_cycles"":1921912.029296875,""predicted_finish"":20027327.597005207,""refetch"":7.0},{""admissible"":true,""core"":1,""earliest_start"":6075.333333333333,""predicted_cycles"":3569176.4781605117,""predicted_finish"":3575251.811493845,""refetch"":13.0}]"
v3_captured_mixed_heldout_swe_t128_l26,fixed_4+2,pipelined,128,25,25,11,False,1,0,17301504,103809024.0,51904512.0,51904512.0,49.5,6.0,3.0,3.0,0,all_cores_refetch,39816718.332596034,"[{""admissible"":false,""core"":0,""earliest_start"":40367265.46334698,""predicted_cycles"":823728.5576171875,""predicted_finish"":41190994.02096417,""refetch"":3.0},{""admissible"":true,""core"":1,""earliest_start"":39817222.332596034,""predicted_cycles"":1647396.676846591,""predicted_finish"":41464619.00944263,""refetch"":6.0}]"
v3_captured_mixed_heldout_swe_t128_l26,fixed_4+2,pipelined,128,26,26,18,False,1,0,17301504,155713536.0,86507520.0,69206016.0,66.0,9.0,5.0,5.0,0,all_cores_refetch,20597725.781069648,"[{""admissible"":false,""core"":0,""earliest_start"":20872775.878000796,""predicted_cycles"":1372877.9150390625,""predicted_finish"":22245653.79303986,""refetch"":5.0},{""admissible"":true,""core"":1,""earliest_start"":20598229.781069648,""predicted_cycles"":2471060.866477273,""predicted_finish"":23069290.64754692,""refetch"":9.0}]"
v3_captured_mixed_heldout_swe_t128_l26,fixed_4+2,pipelined,128,32,32,9,False,1,0,17301504,86507520.0,51904512.0,34603008.0,33.0,5.0,3.0,3.0,0,all_cores_refetch,41463987.0852573,"[{""admissible"":false,""core"":0,""earliest_start"":42014437.940333836,""predicted_cycles"":823734.84375,""predicted_finish"":42838172.784083836,""refetch"":3.0},{""admissible"":true,""core"":1,""earliest_start"":41464491.0852573,""predicted_cycles"":1372823.578125,""predicted_finish"":42837314.6633823,""refetch"":5.0}]"
v3_captured_mixed_heldout_swe_t128_l26,fixed_4+2,pipelined,128,36,36,15,False,1,0,17301504,138412032.0,69206016.0,69206016.0,66.0,8.0,4.0,4.0,0,all_cores_refetch,32129047.833556585,"[{""admissible"":false,""core"":0,""earliest_start"":32404519.14837918,""predicted_cycles"":1098227.8125,""predicted_finish"":33502746.96087918,""refetch"":4.0},{""admissible"":true,""core"":1,""earliest_start"":32129551.833556585,""predicted_cycles"":2196359.2125355112,""predicted_finish"":34325911.04609209,""refetch"":8.0}]"
v3_captured_mixed_heldout_swe_t128_l26,fixed_4+2,pipelined,128,37,37,7,False,1,0,17301504,69206016.0,34603008.0,34603008.0,33.0,4.0,2.0,2.0,0,all_cores_refetch,47504236.69153459,"[{""admissible"":false,""core"":0,""earliest_start"":47780633.2937431,""predicted_cycles"":549132.8984375,""predicted_finish"":48329766.1921806,""refetch"":2.0},{""admissible"":true,""core"":1,""earliest_start"":47504740.69153459,""predicted_cycles"":1098149.4540127842,""predicted_finish"":48602890.145547375,""refetch"":4.0}]"
v3_captured_mixed_heldout_swe_t128_l26,fixed_4+2,pipelined,128,42,42,12,False,1,0,17301504,103809024.0,51904512.0,51904512.0,49.5,6.0,3.0,3.0,0,all_cores_refetch,42836796.1840929,"[{""admissible"":false,""core"":0,""earliest_start"":42838124.78168658,""predicted_cycles"":823734.84375,""predicted_finish"":43661859.62543658,""refetch"":3.0},{""admissible"":true,""core"":1,""earliest_start"":42837300.1840929,""predicted_cycles"":1647341.578125,""predicted_finish"":44484641.7622179,""refetch"":6.0}]"
v3_captured_mixed_heldout_swe_t128_l26,fixed_4+2,pipelined,128,43,43,15,False,1,0,17301504,138412032.0,69206016.0,69206016.0,66.0,8.0,4.0,4.0,0,all_cores_refetch,34325565.53004987,"[{""admissible"":false,""core"":0,""earliest_start"":34600993.978398606,""predicted_cycles"":1098236.193359375,""predicted_finish"":35699230.17175798,""refetch"":4.0},{""admissible"":true,""core"":1,""earliest_start"":34326069.53004987,""predicted_cycles"":2196377.578125,""predicted_finish"":36522447.10817487,""refetch"":8.0}]"
v3_captured_mixed_heldout_swe_t128_l26,fixed_4+2,pipelined,128,47,47,21,False,1,0,17301504,190316544.0,103809024.0,86507520.0,82.5,11.0,6.0,6.0,0,all_cores_refetch,6869741.036920887,"[{""admissible"":false,""core"":0,""earliest_start"":18342101.710144926,""predicted_cycles"":1647389.734375,""predicted_finish"":19989491.444519926,""refetch"":6.0},{""admissible"":true,""core"":1,""earliest_start"":6870245.036920887,""predicted_cycles"":3020158.845703125,""predicted_finish"":9890403.882624011,""refetch"":11.0}]"
v3_captured_mixed_heldout_swe_t128_l26,fixed_4+2,pipelined,128,51,51,17,False,1,0,17301504,155713536.0,86507520.0,69206016.0,66.0,9.0,5.0,5.0,0,all_cores_refetch,23068731.451986887,"[{""admissible"":false,""core"":0,""earliest_start"":23618468.166095342,""predicted_cycles"":1372846.48828125,""predicted_finish"":24991314.654376592,""refetch"":5.0},{""admissible"":true,""core"":1,""earliest_start"":23069235.451986887,""predicted_cycles"":2471040.2054332388,""predicted_finish"":25540275.657420125,""refetch"":9.0}]"
v3_captured_mixed_heldout_swe_t128_l26,fixed_4+2,pipelined,128,52,52,9,False,1,0,17301504,86507520.0,51904512.0,34603008.0,33.0,5.0,3.0,3.0,0,all_cores_refetch,44484174.46623303,"[{""admissible"":false,""core"":0,""earliest_start"":44485514.60944649,""predicted_cycles"":823722.271484375,""predicted_finish"":45309236.88093086,""refetch"":3.0},{""admissible"":true,""core"":1,""earliest_start"":44484678.46623303,""predicted_cycles"":1372800.6196732954,""predicted_finish"":45857479.08590633,""refetch"":5.0}]"
v3_captured_mixed_heldout_swe_t128_l26,fixed_4+2,pipelined,128,53,53,6,False,1,0,17301504,51904512.0,34603008.0,17301504.0,16.5,3.0,2.0,2.0,0,all_cores_refetch,48602380.38786729,"[{""admissible"":false,""core"":0,""earliest_start"":48879057.00861049,""predicted_cycles"":549149.6640625,""predicted_finish"":49428206.67267299,""refetch"":2.0},{""admissible"":true,""core"":1,""earliest_start"":48602884.38786729,""predicted_cycles"":823677.3650568182,""predicted_finish"":49426561.75292411,""refetch"":3.0}]"
v3_captured_mixed_heldout_swe_t128_l26,fixed_4+2,pipelined,128,57,57,13,False,1,0,17301504,121110528.0,69206016.0,51904512.0,49.5,7.0,4.0,4.0,0,all_cores_refetch,36522093.14135229,"[{""admissible"":false,""core"":0,""earliest_start"":36797454.86766162,""predicted_cycles"":1098236.193359375,""predicted_finish"":37895691.06102099,""refetch"":4.0},{""admissible"":true,""core"":1,""earliest_start"":36522597.14135229,""predicted_cycles"":1921891.7183948867,""predicted_finish"":38444488.85974717,""refetch"":7.0}]"
v3_captured_mixed_heldout_swe_t128_l26,fixed_4+2,pipelined,128,59,59,19,False,1,0,17301504,173015040.0,86507520.0,86507520.0,82.5,10.0,5.0,5.0,0,all_cores_refetch,25539676.84381454,"[{""admissible"":false,""core"":0,""earliest_start"":26364460.59539528,""predicted_cycles"":1372856.9638671875,""predicted_finish"":27737317.559262466,""refetch"":5.0},{""admissible"":true,""core"":1,""earliest_start"":25540180.84381454,""predicted_cycles"":2745574.2736150566,""predicted_finish"":28285755.1174296,""refetch"":10.0}]"
v3_captured_mixed_heldout_swe_t128_l26,fixed_4+2,pipelined,128,62,62,22,False,1,0,17301504,190316544.0,103809024.0,86507520.0,82.5,11.0,6.0,6.0,0,all_cores_refetch,9889959.407062061,"[{""admissible"":false,""core"":0,""earliest_start"":18341840.924368463,""predicted_cycles"":1647389.734375,""predicted_finish"":19989230.658743463,""refetch"":6.0},{""admissible"":true,""core"":1,""earliest_start"":9890463.407062061,""predicted_cycles"":3020158.845703125,""predicted_finish"":12910622.252765186,""refetch"":11.0}]"
heldout_gpqa_b16_l26_s3,best_hetero,port_tight,16,5,10,12,False,0,1,17301504,34603008.0,17301504,17301504.0,16.5,2.0,1.0,1.0,1,immediate_refetch_faster_than_wait,870.6666666666666,"[{""admissible"":true,""core"":0,""earliest_start"":850.6666666666666,""predicted_cycles"":1541124.1671875,""predicted_finish"":1541974.8338541668,""refetch"":2.0},{""admissible"":false,""core"":1,""earliest_start"":1541882.352213542,""predicted_cycles"":770573.8417968751,""predicted_finish"":2312456.194010417,""refetch"":1.0}]"
heldout_gpqa_b16_l2_s3,best_hetero,port_tight,16,15,30,12,False,0,1,17301504,34603008.0,17301504,17301504.0,16.5,2.0,1.0,1.0,1,immediate_refetch_faster_than_wait,846.6666666666666,"[{""admissible"":true,""core"":0,""earliest_start"":826.6666666666666,""predicted_cycles"":1541077.134375,""predicted_finish"":1541903.8010416667,""refetch"":2.0},{""admissible"":false,""core"":1,""earliest_start"":1541858.352213542,""predicted_cycles"":770573.8417968751,""predicted_finish"":2312432.194010417,""refetch"":1.0}]"
v3_captured_mixed_heldout_swe_t64_l2,best_hetero,port_tight,64,0,0,19,False,0,1,17301504,34603008.0,17301504,17301504.0,16.5,2.0,1.0,1.0,1,immediate_refetch_faster_than_wait,3254.6666666666665,"[{""admissible"":true,""core"":0,""earliest_start"":3234.6666666666665,""predicted_cycles"":1541147.68359375,""predicted_finish"":1544382.3502604167,""refetch"":2.0},{""admissible"":false,""core"":1,""earliest_start"":1544266.352213542,""predicted_cycles"":770538.5671875001,""predicted_finish"":2314804.919401042,""refetch"":1.0}]"
v3_captured_mixed_heldout_swe_t64_l26,best_hetero,port_tight,64,51,55,16,False,1,0,17301504,17301504,34603008.0,-17301504.0,-16.5,1.0,2.0,1.0,1,clean,12331175.123809611,[]
v3_captured_mixed_heldout_bfcl_t96_l13,best_hetero,port_tight,96,19,19,35,False,0,1,17301504,69206016.0,17301504,51904512.0,49.5,4.0,1.0,1.0,1,immediate_refetch_faster_than_wait,4626.0,"[{""admissible"":true,""core"":0,""earliest_start"":4608.0,""predicted_cycles"":3082342.4000000004,""predicted_finish"":3086950.4000000004,""refetch"":4.0},{""admissible"":false,""core"":1,""earliest_start"":3086704.4,""predicted_cycles"":770573.8417968751,""predicted_finish"":3857278.241796875,""refetch"":1.0}]"
v3_captured_mixed_heldout_bfcl_t96_l2,best_hetero,port_tight,96,0,0,23,False,0,1,17301504,51904512.0,17301504,34603008.0,33.0,3.0,1.0,1.0,1,immediate_refetch_faster_than_wait,4648.0,"[{""admissible"":true,""core"":0,""earliest_start"":4630.0,""predicted_cycles"":2311756.8000000003,""predicted_finish"":2316386.8000000003,""refetch"":3.0},{""admissible"":false,""core"":1,""earliest_start"":3086726.4,""predicted_cycles"":770538.5671875001,""predicted_finish"":3857264.9671875,""refetch"":1.0}]"
v3_captured_mixed_heldout_bfcl_t96_l26,best_hetero,port_tight,96,28,29,35,False,0,1,17301504,69206016.0,17301504,51904512.0,49.5,4.0,1.0,1.0,1,immediate_refetch_faster_than_wait,4664.0,"[{""admissible"":true,""core"":0,""earliest_start"":4646.0,""predicted_cycles"":3082342.4000000004,""predicted_finish"":3086988.4000000004,""refetch"":4.0},{""admissible"":false,""core"":1,""earliest_start"":3086742.4,""predicted_cycles"":770562.0835937501,""predicted_finish"":3857304.48359375,""refetch"":1.0}]"
v3_captured_mixed_heldout_gpqa_t96_l13,best_hetero,port_tight,96,47,49,14,False,1,0,17301504,17301504,34603008.0,-17301504.0,-16.5,1.0,2.0,1.0,1,clean,17726219.65714285,[]
v3_captured_mixed_heldout_gpqa_t96_l2,best_hetero,port_tight,96,0,0,12,False,0,1,17301504,34603008.0,17301504,17301504.0,16.5,2.0,1.0,1.0,1,immediate_refetch_faster_than_wait,4734.0,"[{""admissible"":true,""core"":0,""earliest_start"":4716.0,""predicted_cycles"":1541077.134375,""predicted_finish"":1545793.134375,""refetch"":2.0},{""admissible"":false,""core"":1,""earliest_start"":3086812.4,""predicted_cycles"":770538.5671875001,""predicted_finish"":3857350.9671875,""refetch"":1.0}]"
v3_captured_mixed_heldout_gpqa_t96_l26,best_hetero,port_tight,96,21,21,12,False,0,1,17301504,34603008.0,17301504,17301504.0,16.5,2.0,1.0,1.0,1,immediate_refetch_faster_than_wait,9251125.19999999,"[{""admissible"":true,""core"":0,""earliest_start"":9251117.19999999,""predicted_cycles"":1541030.1015625,""predicted_finish"":10792147.30156249,""refetch"":2.0},{""admissible"":false,""core"":1,""earliest_start"":10021621.19515572,""predicted_cycles"":770538.5671875001,""predicted_finish"":10792159.762343219,""refetch"":1.0}]"
v3_captured_mixed_heldout_swe_t96_l13,best_hetero,port_tight,96,6,6,43,False,0,1,17301504,69206016.0,17301504,51904512.0,49.5,4.0,1.0,1.0,1,immediate_refetch_faster_than_wait,4608.0,"[{""admissible"":true,""core"":0,""earliest_start"":4590.0,""predicted_cycles"":3082342.4000000004,""predicted_finish"":3086932.4000000004,""refetch"":4.0},{""admissible"":false,""core"":1,""earliest_start"":3086686.4,""predicted_cycles"":770573.8417968751,""predicted_finish"":3857260.241796875,""refetch"":1.0}]"
v3_captured_mixed_heldout_swe_t96_l2,best_hetero,port_tight,96,0,0,20,False,0,1,17301504,34603008.0,17301504,17301504.0,16.5,2.0,1.0,1.0,1,immediate_refetch_faster_than_wait,4694.0,"[{""admissible"":true,""core"":0,""earliest_start"":4676.0,""predicted_cycles"":1541147.68359375,""predicted_finish"":1545823.68359375,""refetch"":2.0},{""admissible"":false,""core"":1,""earliest_start"":3086772.4,""predicted_cycles"":770538.5671875001,""predicted_finish"":3857310.9671875,""refetch"":1.0}]"
v3_captured_mixed_heldout_bfcl_t128_l13,best_hetero,port_tight,128,6,6,38,False,0,1,17301504,69206016.0,17301504,51904512.0,49.5,4.0,1.0,1.0,1,immediate_refetch_faster_than_wait,6049.333333333333,"[{""admissible"":true,""core"":0,""earliest_start"":6031.333333333333,""predicted_cycles"":3082342.4000000004,""predicted_finish"":3088373.733333334,""refetch"":4.0},{""admissible"":false,""core"":1,""earliest_start"":3088127.7333333334,""predicted_cycles"":770573.8417968751,""predicted_finish"":3858701.5751302084,""refetch"":1.0}]"
v3_captured_mixed_heldout_bfcl_t128_l2,best_hetero,port_tight,128,36,36,40,False,0,1,17301504,69206016.0,17301504,51904512.0,49.5,4.0,1.0,1.0,1,immediate_refetch_faster_than_wait,6069.333333333333,"[{""admissible"":true,""core"":0,""earliest_start"":6051.333333333333,""predicted_cycles"":3082342.4000000004,""predicted_finish"":3088393.733333334,""refetch"":4.0},{""admissible"":false,""core"":1,""earliest_start"":3088147.7333333334,""predicted_cycles"":770550.325390625,""predicted_finish"":3858698.058723958,""refetch"":1.0}]"
v3_captured_mixed_heldout_bfcl_t128_l26,best_hetero,port_tight,128,3,3,20,False,0,1,17301504,34603008.0,17301504,17301504.0,16.5,2.0,1.0,1.0,1,immediate_refetch_faster_than_wait,1546688.903703704,"[{""admissible"":true,""core"":0,""earliest_start"":1547192.903703704,""predicted_cycles"":1541171.2,""predicted_finish"":3088364.1037037037,""refetch"":2.0},{""admissible"":false,""core"":1,""earliest_start"":3088147.7333333343,""predicted_cycles"":770538.5671875001,""predicted_finish"":3858686.3005208345,""refetch"":1.0}]"
v3_captured_mixed_heldout_bfcl_t128_l26,best_hetero,port_tight,128,13,13,17,False,0,1,17301504,34603008.0,17301504,17301504.0,16.5,2.0,1.0,1.0,1,immediate_refetch_faster_than_wait,6940344.672925876,"[{""admissible"":true,""core"":0,""earliest_start"":6940324.672925876,""predicted_cycles"":1541147.68359375,""predicted_finish"":8481472.356519626,""refetch"":2.0},{""admissible"":false,""core"":1,""earliest_start"":7711375.240113377,""predicted_cycles"":770538.5671875001,""predicted_finish"":8481913.807300877,""refetch"":1.0}]"
v3_captured_mixed_heldout_bfcl_t128_l26,best_hetero,port_tight,128,19,19,15,False,0,1,17301504,34603008.0,17301504,17301504.0,16.5,2.0,1.0,1.0,1,immediate_refetch_faster_than_wait,8481523.872925878,"[{""admissible"":true,""core"":0,""earliest_start"":8481515.872925878,""predicted_cycles"":1541053.61796875,""predicted_finish"":10022569.490894627,""refetch"":2.0},{""admissible"":false,""core"":1,""earliest_start"":9252418.36173528,""predicted_cycles"":770538.5671875001,""predicted_finish"":10022956.92892278,""refetch"":1.0}]"
v3_captured_mixed_heldout_bfcl_t128_l26,best_hetero,port_tight,128,28,28,17,False,0,1,17301504,34603008.0,17301504,17301504.0,16.5,2.0,1.0,1.0,1,immediate_refetch_faster_than_wait,10022703.072925879,"[{""admissible"":true,""core"":0,""earliest_start"":10022695.072925879,""predicted_cycles"":1541147.68359375,""predicted_finish"":11563842.756519629,""refetch"":2.0},{""admissible"":false,""core"":1,""earliest_start"":10793461.55786476,""predicted_cycles"":770538.5671875001,""predicted_finish"":11564000.125052258,""refetch"":1.0}]"
v3_captured_mixed_heldout_bfcl_t128_l26,best_hetero,port_tight,128,31,31,13,False,0,1,17301504,34603008.0,17301504,17301504.0,16.5,2.0,1.0,1.0,1,immediate_refetch_faster_than_wait,11563882.272925882,"[{""admissible"":true,""core"":0,""earliest_start"":11563874.272925882,""predicted_cycles"":1541077.134375,""predicted_finish"":13104951.407300882,""refetch"":2.0},{""admissible"":false,""core"":1,""earliest_start"":12334504.757673625,""predicted_cycles"":770538.5671875001,""predicted_finish"":13105043.324861124,""refetch"":1.0}]"
v3_captured_mixed_heldout_gpqa_t128_l13,best_hetero,port_tight,128,14,15,19,False,1,0,17301504,17301504,34603008.0,-17301504.0,-16.5,1.0,2.0,1.0,1,clean,8481347.794547778,[]
v3_captured_mixed_heldout_gpqa_t128_l13,best_hetero,port_tight,128,22,23,12,False,0,1,17301504,34603008.0,17301504,17301504.0,16.5,2.0,1.0,1.0,1,immediate_refetch_faster_than_wait,10022402.990677256,"[{""admissible"":true,""core"":0,""earliest_start"":10022382.990677256,""predicted_cycles"":1541053.61796875,""predicted_finish"":11563436.608646005,""refetch"":2.0},{""admissible"":false,""core"":1,""earliest_start"":10793433.557864755,""predicted_cycles"":770538.5671875001,""predicted_finish"":11563972.125052255,""refetch"":1.0}]"
v3_captured_mixed_heldout_gpqa_t128_l13,best_hetero,port_tight,128,29,30,14,False,0,1,17301504,34603008.0,17301504,17301504.0,16.5,2.0,1.0,1.0,1,immediate_refetch_faster_than_wait,11563582.190677257,"[{""admissible"":true,""core"":0,""earliest_start"":11563574.190677257,""predicted_cycles"":1541077.134375,""predicted_finish"":13104651.325052258,""refetch"":2.0},{""admissible"":false,""core"":1,""earliest_start"":12334476.75767362,""predicted_cycles"":770538.5671875001,""predicted_finish"":13105015.324861119,""refetch"":1.0}]"
v3_captured_mixed_heldout_gpqa_t128_l13,best_hetero,port_tight,128,32,33,21,False,0,1,17301504,34603008.0,17301504,17301504.0,16.5,2.0,1.0,1.0,1,immediate_refetch_faster_than_wait,13104761.39067726,"[{""admissible"":true,""core"":0,""earliest_start"":13104753.39067726,""predicted_cycles"":1541147.68359375,""predicted_finish"":14645901.07427101,""refetch"":2.0},{""admissible"":false,""core"":1,""earliest_start"":13875519.957664184,""predicted_cycles"":770538.5671875001,""predicted_finish"":14646058.524851684,""refetch"":1.0}]"
v3_captured_mixed_heldout_gpqa_t128_l13,best_hetero,port_tight,128,35,36,12,False,0,1,17301504,34603008.0,17301504,17301504.0,16.5,2.0,1.0,1.0,1,immediate_refetch_faster_than_wait,14645940.590677263,"[{""admissible"":true,""core"":0,""earliest_start"":14645932.590677263,""predicted_cycles"":1541100.6507812499,""predicted_finish"":16187033.241458513,""refetch"":2.0},{""admissible"":false,""core"":1,""earliest_start"":15416563.157663722,""predicted_cycles"":770538.5671875001,""predicted_finish"":16187101.72485122,""refetch"":1.0}]"
v3_captured_mixed_heldout_gpqa_t128_l13,best_hetero,port_tight,128,40,41,17,False,0,1,17301504,34603008.0,17301504,17301504.0,16.5,2.0,1.0,1.0,1,immediate_refetch_faster_than_wait,16957097.390476197,"[{""admissible"":true,""core"":0,""earliest_start"":16957077.390476197,""predicted_cycles"":1541147.68359375,""predicted_finish"":18498225.074069947,""refetch"":2.0},{""admissible"":false,""core"":1,""earliest_start"":17728127.957663696,""predicted_cycles"":770538.5671875001,""predicted_finish"":18498666.524851196,""refetch"":1.0}]"
v3_captured_mixed_heldout_gpqa_t128_l13,best_hetero,port_tight,128,54,57,21,False,0,1,17301504,34603008.0,17301504,17301504.0,16.5,2.0,1.0,1.0,1,immediate_refetch_faster_than_wait,21580634.99047621,"[{""admissible"":true,""core"":0,""earliest_start"":21580626.99047621,""predicted_cycles"":1541147.68359375,""predicted_finish"":23121774.67406996,""refetch"":2.0},{""admissible"":false,""core"":1,""earliest_start"":22351257.557663705,""predicted_cycles"":770538.5671875001,""predicted_finish"":23121796.124851204,""refetch"":1.0}]"
v3_captured_mixed_heldout_gpqa_t128_l13,best_hetero,port_tight,128,59,63,36,False,0,1,17301504,69206016.0,17301504,51904512.0,49.5,4.0,1.0,1.0,1,immediate_refetch_faster_than_wait,6041.333333333333,"[{""admissible"":true,""core"":0,""earliest_start"":6023.333333333333,""predicted_cycles"":3082342.4000000004,""predicted_finish"":3088365.733333334,""refetch"":4.0},{""admissible"":false,""core"":1,""earliest_start"":3088119.7333333334,""predicted_cycles"":770573.8417968751,""predicted_finish"":3858693.5751302084,""refetch"":1.0}]"
v3_captured_mixed_heldout_gpqa_t128_l2,best_hetero,port_tight,128,0,0,17,False,0,1,17301504,34603008.0,17301504,17301504.0,16.5,2.0,1.0,1.0,1,immediate_refetch_faster_than_wait,6111.333333333333,"[{""admissible"":true,""core"":0,""earliest_start"":6093.333333333333,""predicted_cycles"":1541147.68359375,""predicted_finish"":1547241.0169270833,""refetch"":2.0},{""admissible"":false,""core"":1,""earliest_start"":3088189.7333333334,""predicted_cycles"":770538.5671875001,""predicted_finish"":3858728.3005208336,""refetch"":1.0}]"
v3_captured_mixed_heldout_gpqa_t128_l2,best_hetero,port_tight,128,2,2,12,False,0,1,17301504,34603008.0,17301504,17301504.0,16.5,2.0,1.0,1.0,1,immediate_refetch_faster_than_wait,1547290.5333333334,"[{""admissible"":true,""core"":0,""earliest_start"":1547282.5333333334,""predicted_cycles"":1541053.61796875,""predicted_finish"":3088336.1513020834,""refetch"":2.0},{""admissible"":false,""core"":1,""earliest_start"":3088189.7333333334,""predicted_cycles"":770538.5671875001,""predicted_finish"":3858728.3005208336,""refetch"":1.0}]"
v3_captured_mixed_heldout_gpqa_t128_l2,best_hetero,port_tight,128,38,38,15,False,0,1,17301504,34603008.0,17301504,17301504.0,16.5,2.0,1.0,1.0,1,immediate_refetch_faster_than_wait,11563516.190486101,"[{""admissible"":true,""core"":0,""earliest_start"":11563496.190486101,""predicted_cycles"":1541077.134375,""predicted_finish"":13104573.324861102,""refetch"":2.0},{""admissible"":false,""core"":1,""earliest_start"":12334546.7576736,""predicted_cycles"":770538.5671875001,""predicted_finish"":13105085.3248611,""refetch"":1.0}]"
v3_captured_mixed_heldout_gpqa_t128_l2,best_hetero,port_tight,128,43,43,22,False,0,1,17301504,34603008.0,17301504,17301504.0,16.5,2.0,1.0,1.0,1,immediate_refetch_faster_than_wait,13104695.390486103,"[{""admissible"":true,""core"":0,""earliest_start"":13104687.390486103,""predicted_cycles"":1541147.68359375,""predicted_finish"":14645835.074079853,""refetch"":2.0},{""admissible"":false,""core"":1,""earliest_start"":13875589.957664164,""predicted_cycles"":770538.5671875001,""predicted_finish"":14646128.524851663,""refetch"":1.0}]"
v3_captured_mixed_heldout_gpqa_t128_l2,best_hetero,port_tight,128,47,47,16,False,0,1,17301504,34603008.0,17301504,17301504.0,16.5,2.0,1.0,1.0,1,immediate_refetch_faster_than_wait,14645874.590486104,"[{""admissible"":true,""core"":0,""earliest_start"":14645866.590486104,""predicted_cycles"":1541100.6507812499,""predicted_finish"":16186967.241267353,""refetch"":2.0},{""admissible"":false,""core"":1,""earliest_start"":15416633.157663697,""predicted_cycles"":770538.5671875001,""predicted_finish"":16187171.724851197,""refetch"":1.0}]"
v3_captured_mixed_heldout_gpqa_t128_l2,best_hetero,port_tight,128,51,51,19,False,0,1,17301504,34603008.0,17301504,17301504.0,16.5,2.0,1.0,1.0,1,immediate_refetch_faster_than_wait,16187053.790486101,"[{""admissible"":true,""core"":0,""earliest_start"":16187045.790486101,""predicted_cycles"":1541147.68359375,""predicted_finish"":17728193.47407985,""refetch"":2.0},{""admissible"":false,""core"":1,""earliest_start"":16957676.357663672,""predicted_cycles"":770538.5671875001,""predicted_finish"":17728214.92485117,""refetch"":1.0}]"
v3_captured_mixed_heldout_gpqa_t128_l26,best_hetero,port_tight,128,2,2,12,False,0,1,17301504,34603008.0,17301504,17301504.0,16.5,2.0,1.0,1.0,1,immediate_refetch_faster_than_wait,776223.6000000001,"[{""admissible"":true,""core"":0,""earliest_start"":776727.6000000001,""predicted_cycles"":1541030.1015625,""predicted_finish"":2317757.7015625,""refetch"":2.0},{""admissible"":false,""core"":1,""earliest_start"":3088177.7333333334,""predicted_cycles"":770538.5671875001,""predicted_finish"":3858716.3005208336,""refetch"":1.0}]"
v3_captured_mixed_heldout_gpqa_t128_l26,best_hetero,port_tight,128,13,13,12,False,0,1,17301504,34603008.0,17301504,17301504.0,16.5,2.0,1.0,1.0,1,immediate_refetch_faster_than_wait,5399333.060082303,"[{""admissible"":true,""core"":0,""earliest_start"":5399313.060082303,""predicted_cycles"":1541053.61796875,""predicted_finish"":6940366.678051054,""refetch"":2.0},{""admissible"":false,""core"":1,""earliest_start"":6170363.627269804,""predicted_cycles"":770550.325390625,""predicted_finish"":6940913.952660428,""refetch"":1.0}]"
v3_captured_mixed_heldout_gpqa_t128_l26,best_hetero,port_tight,128,15,15,12,False,0,1,17301504,34603008.0,17301504,17301504.0,16.5,2.0,1.0,1.0,1,immediate_refetch_faster_than_wait,6940512.2600823045,"[{""admissible"":true,""core"":0,""earliest_start"":6940504.2600823045,""predicted_cycles"":1541077.134375,""predicted_finish"":8481581.394457305,""refetch"":2.0},{""admissible"":false,""core"":1,""earliest_start"":7711405.240113376,""predicted_cycles"":770538.5671875001,""predicted_finish"":8481943.807300875,""refetch"":1.0}]"
v3_captured_mixed_heldout_gpqa_t128_l26,best_hetero,port_tight,128,20,20,14,False,0,1,17301504,34603008.0,17301504,17301504.0,16.5,2.0,1.0,1.0,1,immediate_refetch_faster_than_wait,8481691.460082304,"[{""admissible"":true,""core"":0,""earliest_start"":8481683.460082304,""predicted_cycles"":1541100.6507812499,""predicted_finish"":10022784.110863553,""refetch"":2.0},{""admissible"":false,""core"":1,""earliest_start"":9252448.361735279,""predicted_cycles"":770538.5671875001,""predicted_finish"":10022986.928922778,""refetch"":1.0}]"
v3_captured_mixed_heldout_gpqa_t128_l26,best_hetero,port_tight,128,23,23,21,False,0,1,17301504,34603008.0,17301504,17301504.0,16.5,2.0,1.0,1.0,1,immediate_refetch_faster_than_wait,10022870.660082301,"[{""admissible"":true,""core"":0,""earliest_start"":10022862.660082301,""predicted_cycles"":1541147.68359375,""predicted_finish"":11564010.343676051,""refetch"":2.0},{""admissible"":false,""core"":1,""earliest_start"":10793491.55786475,""predicted_cycles"":770538.5671875001,""predicted_finish"":11564030.125052249,""refetch"":1.0}]"
v3_captured_mixed_heldout_gpqa_t128_l26,best_hetero,port_tight,128,24,24,15,False,1,0,17301504,17301504,34603008.0,-17301504.0,-16.5,1.0,2.0,1.0,1,clean,10792970.590520864,[]
v3_captured_mixed_heldout_gpqa_t128_l26,best_hetero,port_tight,128,34,34,15,False,1,0,17301504,17301504,34603008.0,-17301504.0,-16.5,1.0,2.0,1.0,1,clean,14645578.590476204,[]
v3_captured_mixed_heldout_gpqa_t128_l26,best_hetero,port_tight,128,39,39,21,False,0,1,17301504,34603008.0,17301504,17301504.0,16.5,2.0,1.0,1.0,1,immediate_refetch_faster_than_wait,15416112.190476185,"[{""admissible"":true,""core"":0,""earliest_start"":15416092.190476185,""predicted_cycles"":1541147.68359375,""predicted_finish"":16957239.874069937,""refetch"":2.0},{""admissible"":false,""core"":1,""earliest_start"":16187142.757663684,""predicted_cycles"":770538.5671875001,""predicted_finish"":16957681.324851185,""refetch"":1.0}]"
v3_captured_mixed_heldout_gpqa_t128_l26,best_hetero,port_tight,128,49,49,14,False,0,1,17301504,34603008.0,17301504,17301504.0,16.5,2.0,1.0,1.0,1,immediate_refetch_faster_than_wait,16957291.39047619,"[{""admissible"":true,""core"":0,""earliest_start"":16957283.39047619,""predicted_cycles"":1541124.1671875,""predicted_finish"":18498407.55766369,""refetch"":2.0},{""admissible"":false,""core"":1,""earliest_start"":17728185.95766368,""predicted_cycles"":770538.5671875001,""predicted_finish"":18498724.52485118,""refetch"":1.0}]"
v3_captured_mixed_heldout_gpqa_t128_l26,best_hetero,port_tight,128,53,53,12,False,0,1,17301504,34603008.0,17301504,17301504.0,16.5,2.0,1.0,1.0,1,immediate_refetch_faster_than_wait,18498470.590476193,"[{""admissible"":true,""core"":0,""earliest_start"":18498462.590476193,""predicted_cycles"":1541147.68359375,""predicted_finish"":20039610.274069943,""refetch"":2.0},{""admissible"":false,""core"":1,""earliest_start"":19269229.157663684,""predicted_cycles"":770538.5671875001,""predicted_finish"":20039767.724851184,""refetch"":1.0}]"
v3_captured_mixed_heldout_gpqa_t128_l26,best_hetero,port_tight,128,56,56,18,False,0,1,17301504,34603008.0,17301504,17301504.0,16.5,2.0,1.0,1.0,1,immediate_refetch_faster_than_wait,20039649.790476196,"[{""admissible"":true,""core"":0,""earliest_start"":20039641.790476196,""predicted_cycles"":1541147.68359375,""predicted_finish"":21580789.474069946,""refetch"":2.0},{""admissible"":false,""core"":1,""earliest_start"":20810272.357663687,""predicted_cycles"":770538.5671875001,""predicted_finish"":21580810.924851187,""refetch"":1.0}]"
v3_captured_mixed_heldout_swe_t128_l13,best_hetero,port_tight,128,6,6,43,False,0,1,17301504,69206016.0,17301504,51904512.0,49.5,4.0,1.0,1.0,1,immediate_refetch_faster_than_wait,6031.333333333333,"[{""admissible"":true,""core"":0,""earliest_start"":6013.333333333333,""predicted_cycles"":3082342.4000000004,""predicted_finish"":3088355.733333334,""refetch"":4.0},{""admissible"":false,""core"":1,""earliest_start"":3088109.7333333334,""predicted_cycles"":770573.8417968751,""predicted_finish"":3858683.5751302084,""refetch"":1.0}]"
v3_captured_mixed_heldout_swe_t128_l13,best_hetero,port_tight,128,39,41,18,False,0,1,17301504,34603008.0,17301504,17301504.0,16.5,2.0,1.0,1.0,1,immediate_refetch_faster_than_wait,13104479.390476689,"[{""admissible"":true,""core"":0,""earliest_start"":13104459.390476689,""predicted_cycles"":1541147.68359375,""predicted_finish"":14645607.074070439,""refetch"":2.0},{""admissible"":false,""core"":1,""earliest_start"":13875509.957664188,""predicted_cycles"":770538.5671875001,""predicted_finish"":14646048.524851687,""refetch"":1.0}]"
v3_captured_mixed_heldout_swe_t128_l13,best_hetero,port_tight,128,46,48,16,False,0,1,17301504,34603008.0,17301504,17301504.0,16.5,2.0,1.0,1.0,1,immediate_refetch_faster_than_wait,14645658.590476692,"[{""admissible"":true,""core"":0,""earliest_start"":14645650.590476692,""predicted_cycles"":1541053.61796875,""predicted_finish"":16186704.208445441,""refetch"":2.0},{""admissible"":false,""core"":1,""earliest_start"":15416553.157663723,""predicted_cycles"":770538.5671875001,""predicted_finish"":16187091.724851223,""refetch"":1.0}]"
v3_captured_mixed_heldout_swe_t128_l13,best_hetero,port_tight,128,54,56,12,False,0,1,17301504,34603008.0,17301504,17301504.0,16.5,2.0,1.0,1.0,1,immediate_refetch_faster_than_wait,16186837.790476693,"[{""admissible"":true,""core"":0,""earliest_start"":16186829.790476693,""predicted_cycles"":1541077.134375,""predicted_finish"":17727906.924851693,""refetch"":2.0},{""admissible"":false,""core"":1,""earliest_start"":16957596.357663702,""predicted_cycles"":770538.5671875001,""predicted_finish"":17728134.9248512,""refetch"":1.0}]"
v3_captured_mixed_heldout_swe_t128_l2,best_hetero,port_tight,128,33,33,13,False,0,1,17301504,34603008.0,17301504,17301504.0,16.5,2.0,1.0,1.0,1,immediate_refetch_faster_than_wait,12334031.790478403,"[{""admissible"":true,""core"":0,""earliest_start"":12334011.790478403,""predicted_cycles"":1541030.1015625,""predicted_finish"":13875041.892040903,""refetch"":2.0},{""admissible"":false,""core"":1,""earliest_start"":13105062.357665902,""predicted_cycles"":770538.5671875001,""predicted_finish"":13875600.924853401,""refetch"":1.0}]"
v3_captured_mixed_heldout_swe_t128_l2,best_hetero,port_tight,128,38,38,13,False,0,1,17301504,34603008.0,17301504,17301504.0,16.5,2.0,1.0,1.0,1,immediate_refetch_faster_than_wait,13875210.990478408,"[{""admissible"":true,""core"":0,""earliest_start"":13875202.990478408,""predicted_cycles"":1541077.134375,""predicted_finish"":15416280.124853408,""refetch"":2.0},{""admissible"":false,""core"":1,""earliest_start"":14646105.55766381,""predicted_cycles"":770538.5671875001,""predicted_finish"":15416644.124851309,""refetch"":1.0}]"
v3_captured_mixed_heldout_swe_t128_l2,best_hetero,port_tight,128,43,43,16,False,0,1,17301504,34603008.0,17301504,17301504.0,16.5,2.0,1.0,1.0,1,immediate_refetch_faster_than_wait,15416390.190478409,"[{""admissible"":true,""core"":0,""earliest_start"":15416382.190478409,""predicted_cycles"":1541100.6507812499,""predicted_finish"":16957482.84125966,""refetch"":2.0},{""admissible"":false,""core"":1,""earliest_start"":16187148.757663706,""predicted_cycles"":770538.5671875001,""predicted_finish"":16957687.324851207,""refetch"":1.0}]"
v3_captured_mixed_heldout_swe_t128_l2,best_hetero,port_tight,128,57,57,34,False,0,1,17301504,69206016.0,17301504,51904512.0,49.5,4.0,1.0,1.0,1,immediate_refetch_faster_than_wait,6105.333333333333,"[{""admissible"":true,""core"":0,""earliest_start"":6087.333333333333,""predicted_cycles"":3082342.4000000004,""predicted_finish"":3088429.733333334,""refetch"":4.0},{""admissible"":false,""core"":1,""earliest_start"":3088183.7333333334,""predicted_cycles"":770573.8417968751,""predicted_finish"":3858757.5751302084,""refetch"":1.0}]"
v3_captured_mixed_heldout_swe_t128_l26,best_hetero,port_tight,128,17,17,15,False,0,1,17301504,34603008.0,17301504,17301504.0,16.5,2.0,1.0,1.0,1,immediate_refetch_faster_than_wait,8481974.933333332,"[{""admissible"":true,""core"":0,""earliest_start"":8481966.933333332,""predicted_cycles"":1541030.1015625,""predicted_finish"":10022997.034895832,""refetch"":2.0},{""admissible"":false,""core"":1,""earliest_start"":9252470.926377866,""predicted_cycles"":770538.5671875001,""predicted_finish"":10023009.493565366,""refetch"":1.0}]"
v3_captured_mixed_heldout_swe_t128_l26,best_hetero,port_tight,128,45,45,12,False,0,1,17301504,34603008.0,17301504,17301504.0,16.5,2.0,1.0,1.0,1,immediate_refetch_faster_than_wait,18498192.59047616,"[{""admissible"":true,""core"":0,""earliest_start"":18498172.59047616,""predicted_cycles"":1541077.134375,""predicted_finish"":20039249.724851158,""refetch"":2.0},{""admissible"":false,""core"":1,""earliest_start"":19269223.15766366,""predicted_cycles"":770538.5671875001,""predicted_finish"":20039761.724851158,""refetch"":1.0}]"
v3_captured_mixed_heldout_swe_t128_l26,best_hetero,port_tight,128,47,47,21,False,1,0,17301504,17301504,34603008.0,-17301504.0,-16.5,1.0,2.0,1.0,1,clean,19268702.19047616,[]
v3_captured_mixed_heldout_swe_t128_l26,best_hetero,port_tight,128,51,51,17,False,0,1,17301504,34603008.0,17301504,17301504.0,16.5,2.0,1.0,1.0,1,immediate_refetch_faster_than_wait,20039371.790476155,"[{""admissible"":true,""core"":0,""earliest_start"":20039363.790476155,""predicted_cycles"":1541147.68359375,""predicted_finish"":21580511.474069905,""refetch"":2.0},{""admissible"":false,""core"":1,""earliest_start"":20810266.357663654,""predicted_cycles"":770538.5671875001,""predicted_finish"":21580804.924851153,""refetch"":1.0}]"
v3_captured_mixed_heldout_swe_t128_l26,best_hetero,port_tight,128,56,56,16,False,0,1,17301504,34603008.0,17301504,17301504.0,16.5,2.0,1.0,1.0,1,immediate_refetch_faster_than_wait,21580550.990476143,"[{""admissible"":true,""core"":0,""earliest_start"":21580542.990476143,""predicted_cycles"":1541100.6507812499,""predicted_finish"":23121643.641257394,""refetch"":2.0},{""admissible"":false,""core"":1,""earliest_start"":22351309.557663642,""predicted_cycles"":770538.5671875001,""predicted_finish"":23121848.12485114,""refetch"":1.0}]"
v3_captured_mixed_heldout_swe_t128_l26,best_hetero,port_tight,128,57,57,13,False,1,0,17301504,17301504,34603008.0,-17301504.0,-16.5,1.0,2.0,1.0,1,clean,22350788.59047614,[]
v3_captured_mixed_heldout_swe_t128_l26,best_hetero,port_tight,128,59,59,19,False,0,1,17301504,34603008.0,17301504,17301504.0,16.5,2.0,1.0,1.0,1,immediate_refetch_faster_than_wait,23121730.19047614,"[{""admissible"":true,""core"":0,""earliest_start"":23121722.19047614,""predicted_cycles"":1541147.68359375,""predicted_finish"":24662869.87406989,""refetch"":2.0},{""admissible"":false,""core"":1,""earliest_start"":23892352.757663637,""predicted_cycles"":770538.5671875001,""predicted_finish"":24662891.324851137,""refetch"":1.0}]"
heldout_bfcl_b8_l13_s11,fixed_4+2,port_tight,8,25,63,6,False,1,0,17301504,51904512.0,34603008.0,17301504.0,16.5,3.0,2.0,2.0,0,all_cores_refetch,478.3333333333333,"[{""admissible"":false,""core"":0,""earliest_start"":2396022.0627604173,""predicted_cycles"":1197839.862760417,""predicted_finish"":3593861.9255208345,""refetch"":2.0},{""admissible"":true,""core"":1,""earliest_start"":460.3333333333333,""predicted_cycles"":3430096.265589489,""predicted_finish"":3430556.5989228226,""refetch"":3.0}]"
heldout_bfcl_b8_l13_s3,fixed_4+2,port_tight,8,4,6,6,False,1,0,17301504,51904512.0,34603008.0,17301504.0,16.5,3.0,2.0,2.0,0,all_cores_refetch,479.3333333333333,"[{""admissible"":false,""core"":0,""earliest_start"":2396059.6170944944,""predicted_cycles"":1197858.140904018,""predicted_finish"":3593917.757998512,""refetch"":2.0},{""admissible"":true,""core"":1,""earliest_start"":461.3333333333333,""predicted_cycles"":3430148.6039062506,""predicted_finish"":3430609.937239584,""refetch"":3.0}]"
heldout_bfcl_b8_l13_s3,fixed_4+2,port_tight,8,23,57,5,False,1,0,17301504,51904512.0,34603008.0,17301504.0,16.5,3.0,2.0,2.0,0,all_cores_refetch,3384782.5090909093,"[{""admissible"":false,""core"":0,""earliest_start"":3578087.1809523813,""predicted_cycles"":1197876.4190476192,""predicted_finish"":4775963.600000001,""refetch"":2.0},{""admissible"":true,""core"":1,""earliest_start"":3385286.5090909093,""predicted_cycles"":3430148.6039062506,""predicted_finish"":6815435.112997159,""refetch"":3.0}]"
heldout_bfcl_b8_l13_s7,fixed_4+2,port_tight,8,13,21,4,False,1,0,17301504,34603008.0,17301504,17301504.0,16.5,2.0,1.0,1.0,0,immediate_refetch_faster_than_wait,491.3333333333333,"[{""admissible"":false,""core"":0,""earliest_start"":2396035.0627604173,""predicted_cycles"":599011.3495721727,""predicted_finish"":2995046.41233259,""refetch"":1.0},{""admissible"":true,""core"":1,""earliest_start"":473.3333333333333,""predicted_cycles"":2286878.189630682,""predicted_finish"":2287351.5229640156,""refetch"":2.0}]"
heldout_bfcl_b8_l26_s11,fixed_4+2,port_tight,8,14,25,6,False,1,0,17301504,51904512.0,34603008.0,17301504.0,16.5,3.0,2.0,2.0,0,all_cores_refetch,495.3333333333333,"[{""admissible"":false,""core"":0,""earliest_start"":2396039.0627604173,""predicted_cycles"":1197839.862760417,""predicted_finish"":3593878.9255208345,""refetch"":2.0},{""admissible"":true,""core"":1,""earliest_start"":477.3333333333333,""predicted_cycles"":3430096.265589489,""predicted_finish"":3430573.5989228226,""refetch"":3.0}]"
heldout_bfcl_b8_l26_s3,fixed_4+2,port_tight,8,10,17,4,False,1,0,17301504,34603008.0,17301504,17301504.0,16.5,2.0,1.0,1.0,0,immediate_refetch_faster_than_wait,485.3333333333333,"[{""admissible"":false,""core"":0,""earliest_start"":2396029.0627604173,""predicted_cycles"":599002.2095238096,""predicted_finish"":2995031.272284227,""refetch"":1.0},{""admissible"":true,""core"":1,""earliest_start"":467.3333333333333,""predicted_cycles"":2286878.189630682,""predicted_finish"":2287345.5229640156,""refetch"":2.0}]"
heldout_bfcl_b8_l26_s7,fixed_4+2,port_tight,8,12,30,4,False,1,0,17301504,34603008.0,17301504,17301504.0,16.5,2.0,1.0,1.0,0,immediate_refetch_faster_than_wait,497.3333333333333,"[{""admissible"":false,""core"":0,""earliest_start"":2396041.0627604173,""predicted_cycles"":598993.0694754465,""predicted_finish"":2995034.1322358637,""refetch"":1.0},{""admissible"":true,""core"":1,""earliest_start"":479.3333333333333,""predicted_cycles"":2286878.189630682,""predicted_finish"":2287357.5229640156,""refetch"":2.0}]"
heldout_bfcl_b8_l2_s11,fixed_4+2,port_tight,8,8,18,4,False,1,0,17301504,34603008.0,17301504,17301504.0,16.5,2.0,1.0,1.0,0,immediate_refetch_faster_than_wait,494.3333333333333,"[{""admissible"":false,""core"":0,""earliest_start"":2396038.0627604173,""predicted_cycles"":598974.7893787203,""predicted_finish"":2995012.8521391377,""refetch"":1.0},{""admissible"":true,""core"":1,""earliest_start"":476.3333333333333,""predicted_cycles"":2286878.189630682,""predicted_finish"":2287354.5229640156,""refetch"":2.0}]"
heldout_bfcl_b8_l2_s3,fixed_4+2,port_tight,8,2,7,4,False,1,0,17301504,34603008.0,17301504,17301504.0,16.5,2.0,1.0,1.0,0,immediate_refetch_faster_than_wait,478.3333333333333,"[{""admissible"":false,""core"":0,""earliest_start"":2396022.0627604173,""predicted_cycles"":598983.9294270835,""predicted_finish"":2995005.992187501,""refetch"":1.0},{""admissible"":true,""core"":1,""earliest_start"":460.3333333333333,""predicted_cycles"":2286808.4039062504,""predicted_finish"":2287268.737239584,""refetch"":2.0}]"
heldout_bfcl_b8_l2_s7,fixed_4+2,port_tight,8,1,0,4,False,1,0,17301504,34603008.0,17301504,17301504.0,16.5,2.0,1.0,1.0,0,immediate_refetch_faster_than_wait,483.3333333333333,"[{""admissible"":false,""core"":0,""earliest_start"":2396027.0627604173,""predicted_cycles"":598993.0694754465,""predicted_finish"":2995020.1322358637,""refetch"":1.0},{""admissible"":true,""core"":1,""earliest_start"":465.3333333333333,""predicted_cycles"":2286843.2967684665,""predicted_finish"":2287308.6301018,""refetch"":2.0}]"
heldout_gpqa_b8_l13_s11,fixed_4+2,port_tight,8,25,57,5,False,1,0,17301504,51904512.0,34603008.0,17301504.0,16.5,3.0,2.0,2.0,0,all_cores_refetch,481.3333333333333,"[{""admissible"":false,""core"":0,""earliest_start"":2396025.0627604173,""predicted_cycles"":1197839.862760417,""predicted_finish"":3593864.9255208345,""refetch"":2.0},{""admissible"":true,""core"":1,""earliest_start"":463.3333333333333,""predicted_cycles"":3430043.9272727277,""predicted_finish"":3430507.260606061,""refetch"":3.0}]"
heldout_gpqa_b8_l13_s3,fixed_4+2,port_tight,8,15,36,4,False,1,0,17301504,34603008.0,17301504,17301504.0,16.5,2.0,1.0,1.0,0,immediate_refetch_faster_than_wait,475.3333333333333,"[{""admissible"":false,""core"":0,""earliest_start"":2396055.6170944944,""predicted_cycles"":598965.6493303572,""predicted_finish"":2995021.2664248515,""refetch"":1.0},{""admissible"":true,""core"":1,""earliest_start"":457.3333333333333,""predicted_cycles"":2286878.189630682,""predicted_finish"":2287335.5229640156,""refetch"":2.0}]"
heldout_gpqa_b8_l13_s7,fixed_4+2,port_tight,8,1,5,3,False,1,0,17301504,34603008.0,17301504,17301504.0,16.5,2.0,1.0,1.0,0,immediate_refetch_faster_than_wait,495.3333333333333,"[{""admissible"":false,""core"":0,""earliest_start"":2396039.0627604173,""predicted_cycles"":599038.769717262,""predicted_finish"":2995077.8324776795,""refetch"":1.0},{""admissible"":true,""core"":1,""earliest_start"":477.3333333333333,""predicted_cycles"":2286878.189630682,""predicted_finish"":2287355.5229640156,""refetch"":2.0}]"
heldout_gpqa_b8_l26_s3,fixed_4+2,port_tight,8,5,10,6,False,1,0,17301504,51904512.0,34603008.0,17301504.0,16.5,3.0,2.0,2.0,0,all_cores_refetch,463.3333333333333,"[{""admissible"":false,""core"":0,""earliest_start"":2396007.0627604173,""predicted_cycles"":1197839.862760417,""predicted_finish"":3593846.9255208345,""refetch"":2.0},{""admissible"":true,""core"":1,""earliest_start"":445.3333333333333,""predicted_cycles"":3430043.9272727277,""predicted_finish"":3430489.260606061,""refetch"":3.0}]"
heldout_gpqa_b8_l2_s3,fixed_4+2,port_tight,8,9,30,5,False,1,0,17301504,51904512.0,34603008.0,17301504.0,16.5,3.0,2.0,2.0,0,all_cores_refetch,468.3333333333333,"[{""admissible"":false,""core"":0,""earliest_start"":2396048.6170944944,""predicted_cycles"":1197858.140904018,""predicted_finish"":3593906.757998512,""refetch"":2.0},{""admissible"":true,""core"":1,""earliest_start"":450.3333333333333,""predicted_cycles"":3430096.265589489,""predicted_finish"":3430546.5989228226,""refetch"":3.0}]"
heldout_gpqa_b8_l2_s3,fixed_4+2,port_tight,8,14,45,7,False,1,0,17301504,69206016.0,34603008.0,34603008.0,33.0,4.0,2.0,2.0,0,all_cores_refetch,3384771.5090909093,"[{""admissible"":false,""core"":0,""earliest_start"":3578076.1809523813,""predicted_cycles"":1197876.4190476192,""predicted_finish"":4775952.600000001,""refetch"":2.0},{""admissible"":true,""core"":1,""earliest_start"":3385275.5090909093,""predicted_cycles"":4573419.0201349445,""predicted_finish"":7958694.529225854,""refetch"":4.0}]"
heldout_swe_b8_l13_s11,fixed_4+2,port_tight,8,2,6,6,False,1,0,17301504,51904512.0,34603008.0,17301504.0,16.5,3.0,2.0,2.0,0,all_cores_refetch,449.3333333333333,"[{""admissible"":false,""core"":0,""earliest_start"":2396029.6170944944,""predicted_cycles"":1197858.140904018,""predicted_finish"":3593887.757998512,""refetch"":2.0},{""admissible"":true,""core"":1,""earliest_start"":431.3333333333333,""predicted_cycles"":3430043.9272727277,""predicted_finish"":3430475.260606061,""refetch"":3.0}]"
heldout_swe_b8_l13_s11,fixed_4+2,port_tight,8,12,45,8,False,1,0,17301504,69206016.0,34603008.0,34603008.0,33.0,4.0,2.0,2.0,0,all_cores_refetch,3384752.5090909093,"[{""admissible"":false,""core"":0,""earliest_start"":3578057.1809523813,""predicted_cycles"":1197876.4190476192,""predicted_finish"":4775933.600000001,""refetch"":2.0},{""admissible"":true,""core"":1,""earliest_start"":3385256.5090909093,""predicted_cycles"":4573349.236363637,""predicted_finish"":7958605.745454546,""refetch"":4.0}]"
heldout_swe_b8_l13_s3,fixed_4+2,port_tight,8,2,3,4,False,1,0,17301504,34603008.0,17301504,17301504.0,16.5,2.0,1.0,1.0,0,immediate_refetch_faster_than_wait,456.3333333333333,"[{""admissible"":false,""core"":0,""earliest_start"":2396000.0627604173,""predicted_cycles"":598947.3692336311,""predicted_finish"":2994947.4319940484,""refetch"":1.0},{""admissible"":true,""core"":1,""earliest_start"":438.3333333333333,""predicted_cycles"":2286878.189630682,""predicted_finish"":2287316.5229640156,""refetch"":2.0}]"
heldout_swe_b8_l13_s3,fixed_4+2,port_tight,8,17,48,3,False,0,1,17301504,17301504,34603008.0,-17301504.0,-16.5,1.0,2.0,1.0,0,clean,8975977.9968254,[]
heldout_swe_b8_l13_s7,fixed_4+2,port_tight,8,3,6,7,False,1,0,17301504,69206016.0,34603008.0,34603008.0,33.0,4.0,2.0,2.0,0,all_cores_refetch,454.3333333333333,"[{""admissible"":false,""core"":0,""earliest_start"":2395998.0627604173,""predicted_cycles"":1197839.862760417,""predicted_finish"":3593837.9255208345,""refetch"":2.0},{""admissible"":true,""core"":1,""earliest_start"":436.3333333333333,""predicted_cycles"":4573279.45259233,""predicted_finish"":4573715.785925663,""refetch"":4.0}]"
heldout_swe_b8_l26_s11,fixed_4+2,port_tight,8,6,17,5,False,1,0,17301504,51904512.0,34603008.0,17301504.0,16.5,3.0,2.0,2.0,0,all_cores_refetch,467.3333333333333,"[{""admissible"":false,""core"":0,""earliest_start"":2396011.0627604173,""predicted_cycles"":1197839.862760417,""predicted_finish"":3593850.9255208345,""refetch"":2.0},{""admissible"":true,""core"":1,""earliest_start"":449.3333333333333,""predicted_cycles"":3430148.6039062506,""predicted_finish"":3430597.937239584,""refetch"":3.0}]"
heldout_swe_b8_l26_s3,fixed_4+2,port_tight,8,5,10,7,False,1,0,17301504,69206016.0,34603008.0,34603008.0,33.0,4.0,2.0,2.0,0,all_cores_refetch,468.3333333333333,"[{""admissible"":false,""core"":0,""earliest_start"":2396012.0627604173,""predicted_cycles"":1197839.862760417,""predicted_finish"":3593851.9255208345,""refetch"":2.0},{""admissible"":true,""core"":1,""earliest_start"":450.3333333333333,""predicted_cycles"":4573419.0201349445,""predicted_finish"":4573869.3534682775,""refetch"":4.0}]"
heldout_swe_b8_l26_s7,fixed_4+2,port_tight,8,20,63,5,False,1,0,17301504,51904512.0,34603008.0,17301504.0,16.5,3.0,2.0,2.0,0,all_cores_refetch,461.3333333333333,"[{""admissible"":false,""core"":0,""earliest_start"":2396005.0627604173,""predicted_cycles"":1197839.862760417,""predicted_finish"":3593844.9255208345,""refetch"":2.0},{""admissible"":true,""core"":1,""earliest_start"":443.3333333333333,""predicted_cycles"":3430096.265589489,""predicted_finish"":3430539.5989228226,""refetch"":3.0}]"
heldout_swe_b8_l2_s11,fixed_4+2,port_tight,8,9,27,5,False,1,0,17301504,51904512.0,34603008.0,17301504.0,16.5,3.0,2.0,2.0,0,all_cores_refetch,452.3333333333333,"[{""admissible"":false,""core"":0,""earliest_start"":2395996.0627604173,""predicted_cycles"":1197839.862760417,""predicted_finish"":3593835.9255208345,""refetch"":2.0},{""admissible"":true,""core"":1,""earliest_start"":434.3333333333333,""predicted_cycles"":3430043.9272727277,""predicted_finish"":3430478.260606061,""refetch"":3.0}]"
heldout_swe_b8_l2_s11,fixed_4+2,port_tight,8,16,60,5,False,1,0,17301504,51904512.0,34603008.0,17301504.0,16.5,3.0,2.0,2.0,0,all_cores_refetch,3384755.5090909093,"[{""admissible"":false,""core"":0,""earliest_start"":3578060.1809523813,""predicted_cycles"":1197858.140904018,""predicted_finish"":4775918.321856399,""refetch"":2.0},{""admissible"":true,""core"":1,""earliest_start"":3385259.5090909093,""predicted_cycles"":3430043.9272727277,""predicted_finish"":6815303.436363637,""refetch"":3.0}]"
heldout_swe_b8_l2_s3,fixed_4+2,port_tight,8,1,7,5,False,1,0,17301504,51904512.0,34603008.0,17301504.0,16.5,3.0,2.0,2.0,0,all_cores_refetch,459.3333333333333,"[{""admissible"":false,""core"":0,""earliest_start"":2396003.0627604173,""predicted_cycles"":1197839.862760417,""predicted_finish"":3593842.9255208345,""refetch"":2.0},{""admissible"":true,""core"":1,""earliest_start"":441.3333333333333,""predicted_cycles"":3430043.9272727277,""predicted_finish"":3430485.260606061,""refetch"":3.0}]"
heldout_swe_b8_l2_s3,fixed_4+2,port_tight,8,11,56,5,False,0,1,17301504,34603008.0,51904512.0,-17301504.0,-16.5,2.0,3.0,2.0,0,all_cores_refetch,2363991.1174603174,"[{""admissible"":true,""core"":0,""earliest_start"":2364495.1174603174,""predicted_cycles"":1197839.862760417,""predicted_finish"":3562334.980220734,""refetch"":2.0},{""admissible"":false,""core"":1,""earliest_start"":3362584.133333333,""predicted_cycles"":3430043.9272727277,""predicted_finish"":6792628.060606061,""refetch"":3.0}]"
heldout_swe_b8_l2_s7,fixed_4+2,port_tight,8,1,0,7,False,1,0,17301504,69206016.0,34603008.0,34603008.0,33.0,4.0,2.0,2.0,0,all_cores_refetch,451.3333333333333,"[{""admissible"":false,""core"":0,""earliest_start"":2395995.0627604173,""predicted_cycles"":1197839.862760417,""predicted_finish"":3593834.9255208345,""refetch"":2.0},{""admissible"":true,""core"":1,""earliest_start"":433.3333333333333,""predicted_cycles"":4573349.236363637,""predicted_finish"":4573782.56969697,""refetch"":4.0}]"
heldout_swe_b8_l2_s7,fixed_4+2,port_tight,8,15,60,4,False,0,1,17301504,17301504,34603008.0,-17301504.0,-16.5,1.0,2.0,1.0,0,clean,5382339.73968254,[]
heldout_bfcl_b16_l13_s11,fixed_4+2,port_tight,16,4,6,5,False,1,0,17301504,51904512.0,34603008.0,17301504.0,16.5,3.0,2.0,2.0,0,all_cores_refetch,920.6666666666666,"[{""admissible"":false,""core"":0,""earliest_start"":4792034.342857144,""predicted_cycles"":1197858.140904018,""predicted_finish"":5989892.483761162,""refetch"":2.0},{""admissible"":true,""core"":1,""earliest_start"":902.6666666666666,""predicted_cycles"":3430148.6039062506,""predicted_finish"":3431051.270572917,""refetch"":3.0}]"
heldout_bfcl_b16_l13_s11,fixed_4+2,port_tight,16,13,19,6,False,1,0,17301504,51904512.0,34603008.0,17301504.0,16.5,3.0,2.0,2.0,0,all_cores_refetch,3385223.8424242423,"[{""admissible"":false,""core"":0,""earliest_start"":4697163.180952381,""predicted_cycles"":1197858.140904018,""predicted_finish"":5895021.321856399,""refetch"":2.0},{""admissible"":true,""core"":1,""earliest_start"":3385727.8424242423,""predicted_cycles"":3430148.6039062506,""predicted_finish"":6815876.446330493,""refetch"":3.0}]"
heldout_bfcl_b16_l13_s3,fixed_4+2,port_tight,16,4,6,10,False,1,0,17301504,86507520.0,51904512.0,34603008.0,33.0,5.0,3.0,3.0,0,all_cores_refetch,892.6666666666666,"[{""admissible"":false,""core"":0,""earliest_start"":4792006.342857144,""predicted_cycles"":1796750.6285714286,""predicted_finish"":6588756.971428572,""refetch"":3.0},{""admissible"":true,""core"":1,""earliest_start"":874.6666666666666,""predicted_cycles"":5716741.774680398,""predicted_finish"":5717616.441347065,""refetch"":5.0}]"
heldout_bfcl_b16_l13_s3,fixed_4+2,port_tight,16,14,24,6,False,1,0,17301504,51904512.0,34603008.0,17301504.0,16.5,3.0,2.0,2.0,0,all_cores_refetch,5641620.181818183,"[{""admissible"":false,""core"":0,""earliest_start"":5965990.647619046,""predicted_cycles"":1197858.140904018,""predicted_finish"":7163848.788523064,""refetch"":2.0},{""admissible"":true,""core"":1,""earliest_start"":5642124.181818183,""predicted_cycles"":3430096.265589489,""predicted_finish"":9072220.447407672,""refetch"":3.0}]"
heldout_bfcl_b16_l13_s7,fixed_4+2,port_tight,16,5,6,8,False,1,0,17301504,69206016.0,34603008.0,34603008.0,33.0,4.0,2.0,2.0,0,all_cores_refetch,892.6666666666666,"[{""admissible"":false,""core"":0,""earliest_start"":4792006.342857144,""predicted_cycles"":1197858.140904018,""predicted_finish"":5989864.483761162,""refetch"":2.0},{""admissible"":true,""core"":1,""earliest_start"":874.6666666666666,""predicted_cycles"":4573349.236363637,""predicted_finish"":4574223.903030304,""refetch"":4.0}]"
heldout_bfcl_b16_l13_s7,fixed_4+2,port_tight,16,14,19,8,False,1,0,17301504,69206016.0,34603008.0,34603008.0,33.0,4.0,2.0,2.0,0,all_cores_refetch,4513408.012121213,"[{""admissible"":false,""core"":0,""earliest_start"":4728801.568253969,""predicted_cycles"":1197858.140904018,""predicted_finish"":5926659.709157987,""refetch"":2.0},{""admissible"":true,""core"":1,""earliest_start"":4513912.012121213,""predicted_cycles"":4573349.236363637,""predicted_finish"":9087261.24848485,""refetch"":4.0}]"
heldout_bfcl_b16_l26_s11,fixed_4+2,port_tight,16,14,16,5,False,1,0,17301504,51904512.0,34603008.0,17301504.0,16.5,3.0,2.0,2.0,0,all_cores_refetch,906.6666666666666,"[{""admissible"":false,""core"":0,""earliest_start"":4792020.342857144,""predicted_cycles"":1197858.140904018,""predicted_finish"":5989878.483761162,""refetch"":2.0},{""admissible"":true,""core"":1,""earliest_start"":888.6666666666666,""predicted_cycles"":3430148.6039062506,""predicted_finish"":3431037.270572917,""refetch"":3.0}]"
heldout_bfcl_b16_l26_s11,fixed_4+2,port_tight,16,36,47,5,False,1,0,17301504,51904512.0,34603008.0,17301504.0,16.5,3.0,2.0,2.0,0,all_cores_refetch,3385209.8424242423,"[{""admissible"":false,""core"":0,""earliest_start"":4697149.180952381,""predicted_cycles"":1197858.140904018,""predicted_finish"":5895007.321856399,""refetch"":2.0},{""admissible"":true,""core"":1,""earliest_start"":3385713.8424242423,""predicted_cycles"":3430148.6039062506,""predicted_finish"":6815862.446330493,""refetch"":3.0}]"
heldout_bfcl_b16_l26_s3,fixed_4+2,port_tight,16,17,25,10,False,1,0,17301504,86507520.0,51904512.0,34603008.0,33.0,5.0,3.0,3.0,0,all_cores_refetch,898.6666666666666,"[{""admissible"":false,""core"":0,""earliest_start"":4792012.342857144,""predicted_cycles"":1796750.6285714286,""predicted_finish"":6588762.971428572,""refetch"":3.0},{""admissible"":true,""core"":1,""earliest_start"":880.6666666666666,""predicted_cycles"":5716741.774680398,""predicted_finish"":5717622.441347065,""refetch"":5.0}]"
heldout_bfcl_b16_l26_s3,fixed_4+2,port_tight,16,39,55,7,False,1,0,17301504,69206016.0,34603008.0,34603008.0,33.0,4.0,2.0,2.0,0,all_cores_refetch,5641626.181818183,"[{""admissible"":false,""core"":0,""earliest_start"":5965996.647619046,""predicted_cycles"":1197858.140904018,""predicted_finish"":7163854.788523064,""refetch"":2.0},{""admissible"":true,""core"":1,""earliest_start"":5642130.181818183,""predicted_cycles"":4573419.0201349445,""predicted_finish"":10215549.201953128,""refetch"":4.0}]"
heldout_bfcl_b16_l26_s7,fixed_4+2,port_tight,16,10,15,6,False,1,0,17301504,51904512.0,34603008.0,17301504.0,16.5,3.0,2.0,2.0,0,all_cores_refetch,888.6666666666666,"[{""admissible"":false,""core"":0,""earliest_start"":4792002.342857144,""predicted_cycles"":1197858.140904018,""predicted_finish"":5989860.483761162,""refetch"":2.0},{""admissible"":true,""core"":1,""earliest_start"":870.6666666666666,""predicted_cycles"":3430096.265589489,""predicted_finish"":3430966.9322561556,""refetch"":3.0}]"
heldout_bfcl_b16_l26_s7,fixed_4+2,port_tight,16,15,20,6,False,1,0,17301504,51904512.0,34603008.0,17301504.0,16.5,3.0,2.0,2.0,0,all_cores_refetch,3385191.8424242423,"[{""admissible"":false,""core"":0,""earliest_start"":4697131.180952381,""predicted_cycles"":1197858.140904018,""predicted_finish"":5894989.321856399,""refetch"":2.0},{""admissible"":true,""core"":1,""earliest_start"":3385695.8424242423,""predicted_cycles"":3430096.265589489,""predicted_finish"":6815792.108013731,""refetch"":3.0}]"
heldout_bfcl_b16_l2_s11,fixed_4+2,port_tight,16,43,53,5,False,1,0,17301504,51904512.0,34603008.0,17301504.0,16.5,3.0,2.0,2.0,0,all_cores_refetch,921.6666666666666,"[{""admissible"":false,""core"":0,""earliest_start"":4792035.342857144,""predicted_cycles"":1197858.140904018,""predicted_finish"":5989893.483761162,""refetch"":2.0},{""admissible"":true,""core"":1,""earliest_start"":903.6666666666666,""predicted_cycles"":3430096.265589489,""predicted_finish"":3430999.9322561556,""refetch"":3.0}]"
heldout_bfcl_b16_l2_s3,fixed_4+2,port_tight,16,3,7,10,False,1,0,17301504,86507520.0,51904512.0,34603008.0,33.0,5.0,3.0,3.0,0,all_cores_refetch,876.6666666666666,"[{""admissible"":false,""core"":0,""earliest_start"":4791917.236142114,""predicted_cycles"":1796723.2123325893,""predicted_finish"":6588640.448474703,""refetch"":3.0},{""admissible"":true,""core"":1,""earliest_start"":858.6666666666666,""predicted_cycles"":5716741.774680398,""predicted_finish"":5717600.441347065,""refetch"":5.0}]"
heldout_bfcl_b16_l2_s3,fixed_4+2,port_tight,16,4,12,8,False,1,0,17301504,69206016.0,34603008.0,34603008.0,33.0,4.0,2.0,2.0,0,all_cores_refetch,5641604.181818183,"[{""admissible"":false,""core"":0,""earliest_start"":6552989.961904764,""predicted_cycles"":1197858.140904018,""predicted_finish"":7750848.102808782,""refetch"":2.0},{""admissible"":true,""core"":1,""earliest_start"":5642108.181818183,""predicted_cycles"":4573349.236363637,""predicted_finish"":10215457.41818182,""refetch"":4.0}]"
heldout_bfcl_b16_l2_s7,fixed_4+2,port_tight,16,5,7,5,False,1,0,17301504,51904512.0,34603008.0,17301504.0,16.5,3.0,2.0,2.0,0,all_cores_refetch,916.6666666666666,"[{""admissible"":false,""core"":0,""earliest_start"":4791957.236142114,""predicted_cycles"":1197858.140904018,""predicted_finish"":5989815.3770461315,""refetch"":2.0},{""admissible"":true,""core"":1,""earliest_start"":898.6666666666666,""predicted_cycles"":3430043.9272727277,""predicted_finish"":3430942.593939394,""refetch"":3.0}]"
heldout_bfcl_b16_l2_s7,fixed_4+2,port_tight,16,13,16,7,False,1,0,17301504,69206016.0,34603008.0,34603008.0,33.0,4.0,2.0,2.0,0,all_cores_refetch,3385219.8424242423,"[{""admissible"":false,""core"":0,""earliest_start"":4697159.180952381,""predicted_cycles"":1197858.140904018,""predicted_finish"":5895017.321856399,""refetch"":2.0},{""admissible"":true,""core"":1,""earliest_start"":3385723.8424242423,""predicted_cycles"":4573349.236363637,""predicted_finish"":7959073.07878788,""refetch"":4.0}]"
heldout_gpqa_b16_l13_s11,fixed_4+2,port_tight,16,27,36,6,False,1,0,17301504,51904512.0,34603008.0,17301504.0,16.5,3.0,2.0,2.0,0,all_cores_refetch,900.6666666666666,"[{""admissible"":false,""core"":0,""earliest_start"":4792014.342857144,""predicted_cycles"":1197858.140904018,""predicted_finish"":5989872.483761162,""refetch"":2.0},{""admissible"":true,""core"":1,""earliest_start"":882.6666666666666,""predicted_cycles"":3430096.265589489,""predicted_finish"":3430978.9322561556,""refetch"":3.0}]"
heldout_gpqa_b16_l13_s11,fixed_4+2,port_tight,16,30,40,5,False,1,0,17301504,51904512.0,34603008.0,17301504.0,16.5,3.0,2.0,2.0,0,all_cores_refetch,3385203.8424242423,"[{""admissible"":false,""core"":0,""earliest_start"":4697143.180952381,""predicted_cycles"":1197858.140904018,""predicted_finish"":5895001.321856399,""refetch"":2.0},{""admissible"":true,""core"":1,""earliest_start"":3385707.8424242423,""predicted_cycles"":3430096.265589489,""predicted_finish"":6815804.108013731,""refetch"":3.0}]"
heldout_gpqa_b16_l13_s11,fixed_4+2,port_tight,16,40,57,5,False,1,0,17301504,51904512.0,34603008.0,17301504.0,16.5,3.0,2.0,2.0,0,all_cores_refetch,6815103.478787881,"[{""admissible"":false,""core"":0,""earliest_start"":7163811.066666666,""predicted_cycles"":1197839.862760417,""predicted_finish"":8361650.929427084,""refetch"":2.0},{""admissible"":true,""core"":1,""earliest_start"":6815607.478787881,""predicted_cycles"":3430148.6039062506,""predicted_finish"":10245756.082694132,""refetch"":3.0}]"
heldout_gpqa_b16_l13_s3,fixed_4+2,port_tight,16,14,36,11,False,1,0,17301504,103809024.0,51904512.0,51904512.0,49.5,6.0,3.0,3.0,0,all_cores_refetch,864.6666666666666,"[{""admissible"":false,""core"":0,""earliest_start"":4791978.342857144,""predicted_cycles"":1796750.6285714286,""predicted_finish"":6588728.971428572,""refetch"":3.0},{""admissible"":true,""core"":1,""earliest_start"":846.6666666666666,""predicted_cycles"":6860064.529225853,""predicted_finish"":6860911.19589252,""refetch"":6.0}]"
heldout_gpqa_b16_l13_s3,fixed_4+2,port_tight,16,18,41,7,False,1,0,17301504,69206016.0,34603008.0,34603008.0,33.0,4.0,2.0,2.0,0,all_cores_refetch,6769804.351515152,"[{""admissible"":false,""core"":0,""earliest_start"":7163775.066666665,""predicted_cycles"":1197858.140904018,""predicted_finish"":8361633.207570682,""refetch"":2.0},{""admissible"":true,""core"":1,""earliest_start"":6770308.351515152,""predicted_cycles"":4573419.0201349445,""predicted_finish"":11343727.371650096,""refetch"":4.0}]"
heldout_gpqa_b16_l13_s7,fixed_4+2,port_tight,16,13,19,5,False,1,0,17301504,51904512.0,34603008.0,17301504.0,16.5,3.0,2.0,2.0,0,all_cores_refetch,896.6666666666666,"[{""admissible"":false,""core"":0,""earliest_start"":4792010.342857144,""predicted_cycles"":1197858.140904018,""predicted_finish"":5989868.483761162,""refetch"":2.0},{""admissible"":true,""core"":1,""earliest_start"":878.6666666666666,""predicted_cycles"":3430096.265589489,""predicted_finish"":3430974.9322561556,""refetch"":3.0}]"
heldout_gpqa_b16_l13_s7,fixed_4+2,port_tight,16,24,34,5,False,1,0,17301504,51904512.0,34603008.0,17301504.0,16.5,3.0,2.0,2.0,0,all_cores_refetch,3385199.8424242423,"[{""admissible"":false,""core"":0,""earliest_start"":4697139.180952381,""predicted_cycles"":1197858.140904018,""predicted_finish"":5894997.321856399,""refetch"":2.0},{""admissible"":true,""core"":1,""earliest_start"":3385703.8424242423,""predicted_cycles"":3430096.265589489,""predicted_finish"":6815800.108013731,""refetch"":3.0}]"
heldout_gpqa_b16_l13_s7,fixed_4+2,port_tight,16,36,49,6,False,1,0,17301504,51904512.0,34603008.0,17301504.0,16.5,3.0,2.0,2.0,0,all_cores_refetch,6815099.478787881,"[{""admissible"":false,""core"":0,""earliest_start"":7163807.06666667,""predicted_cycles"":1197839.862760417,""predicted_finish"":8361646.929427087,""refetch"":2.0},{""admissible"":true,""core"":1,""earliest_start"":6815603.478787881,""predicted_cycles"":3430148.6039062506,""predicted_finish"":10245752.082694132,""refetch"":3.0}]"
heldout_gpqa_b16_l26_s11,fixed_4+2,port_tight,16,1,0,5,False,1,0,17301504,51904512.0,34603008.0,17301504.0,16.5,3.0,2.0,2.0,0,all_cores_refetch,914.6666666666666,"[{""admissible"":false,""core"":0,""earliest_start"":4792028.342857144,""predicted_cycles"":1197858.140904018,""predicted_finish"":5989886.483761162,""refetch"":2.0},{""admissible"":true,""core"":1,""earliest_start"":896.6666666666666,""predicted_cycles"":3430043.9272727277,""predicted_finish"":3430940.593939394,""refetch"":3.0}]"
heldout_gpqa_b16_l26_s11,fixed_4+2,port_tight,16,7,10,5,False,1,0,17301504,51904512.0,34603008.0,17301504.0,16.5,3.0,2.0,2.0,0,all_cores_refetch,3385217.8424242423,"[{""admissible"":false,""core"":0,""earliest_start"":4697157.180952381,""predicted_cycles"":1197858.140904018,""predicted_finish"":5895015.321856399,""refetch"":2.0},{""admissible"":true,""core"":1,""earliest_start"":3385721.8424242423,""predicted_cycles"":3430043.9272727277,""predicted_finish"":6815765.76969697,""refetch"":3.0}]"
heldout_gpqa_b16_l26_s3,fixed_4+2,port_tight,16,2,5,6,False,1,0,17301504,51904512.0,34603008.0,17301504.0,16.5,3.0,2.0,2.0,0,all_cores_refetch,6769808.351515152,"[{""admissible"":false,""core"":0,""earliest_start"":8385512.24761905,""predicted_cycles"":1197839.862760417,""predicted_finish"":9583352.110379467,""refetch"":2.0},{""admissible"":true,""core"":1,""earliest_start"":6770312.351515152,""predicted_cycles"":3430096.265589489,""predicted_finish"":10200408.61710464,""refetch"":3.0}]"
heldout_gpqa_b16_l26_s3,fixed_4+2,port_tight,16,5,10,12,False,1,0,17301504,103809024.0,51904512.0,51904512.0,49.5,6.0,3.0,3.0,0,all_cores_refetch,868.6666666666666,"[{""admissible"":false,""core"":0,""earliest_start"":4791982.342857144,""predicted_cycles"":1796750.6285714286,""predicted_finish"":6588732.971428572,""refetch"":3.0},{""admissible"":true,""core"":1,""earliest_start"":850.6666666666666,""predicted_cycles"":6860064.529225853,""predicted_finish"":6860915.19589252,""refetch"":6.0}]"
heldout_gpqa_b16_l26_s3,fixed_4+2,port_tight,16,30,55,8,False,1,0,17301504,69206016.0,34603008.0,34603008.0,33.0,4.0,2.0,2.0,0,all_cores_refetch,10244987.40606061,"[{""admissible"":false,""core"":0,""earliest_start"":10757152.323809523,""predicted_cycles"":1197839.862760417,""predicted_finish"":11954992.18656994,""refetch"":2.0},{""admissible"":true,""core"":1,""earliest_start"":10245491.40606061,""predicted_cycles"":4573419.0201349445,""predicted_finish"":14818910.426195554,""refetch"":4.0}]"
heldout_gpqa_b16_l26_s7,fixed_4+2,port_tight,16,7,10,6,False,1,0,17301504,51904512.0,34603008.0,17301504.0,16.5,3.0,2.0,2.0,0,all_cores_refetch,5641648.181818183,"[{""admissible"":false,""core"":0,""earliest_start"":5966018.647619046,""predicted_cycles"":1197858.140904018,""predicted_finish"":7163876.788523064,""refetch"":2.0},{""admissible"":true,""core"":1,""earliest_start"":5642152.181818183,""predicted_cycles"":3430043.9272727277,""predicted_finish"":9072196.10909091,""refetch"":3.0}]"
heldout_gpqa_b16_l26_s7,fixed_4+2,port_tight,16,29,42,9,False,1,0,17301504,86507520.0,51904512.0,34603008.0,33.0,5.0,3.0,3.0,0,all_cores_refetch,920.6666666666666,"[{""admissible"":false,""core"":0,""earliest_start"":4791961.236142114,""predicted_cycles"":1796723.2123325893,""predicted_finish"":6588684.448474703,""refetch"":3.0},{""admissible"":true,""core"":1,""earliest_start"":902.6666666666666,""predicted_cycles"":5716741.774680398,""predicted_finish"":5717644.441347065,""refetch"":5.0}]"
heldout_gpqa_b16_l2_s11,fixed_4+2,port_tight,16,37,51,7,False,1,0,17301504,69206016.0,34603008.0,34603008.0,33.0,4.0,2.0,2.0,0,all_cores_refetch,904.6666666666666,"[{""admissible"":false,""core"":0,""earliest_start"":4792018.342857144,""predicted_cycles"":1197858.140904018,""predicted_finish"":5989876.483761162,""refetch"":2.0},{""admissible"":true,""core"":1,""earliest_start"":886.6666666666666,""predicted_cycles"":4573349.236363637,""predicted_finish"":4574235.903030304,""refetch"":4.0}]"
heldout_gpqa_b16_l2_s3,fixed_4+2,port_tight,16,18,40,10,False,1,0,17301504,86507520.0,51904512.0,34603008.0,33.0,5.0,3.0,3.0,0,all_cores_refetch,7897996.5212121215,"[{""admissible"":false,""core"":0,""earliest_start"":8349644.590476193,""predicted_cycles"":1796723.2123325893,""predicted_finish"":10146367.802808782,""refetch"":3.0},{""admissible"":true,""core"":1,""earliest_start"":7898500.5212121215,""predicted_cycles"":5716741.774680398,""predicted_finish"":13615242.29589252,""refetch"":5.0}]"
heldout_gpqa_b16_l2_s3,fixed_4+2,port_tight,16,19,45,13,False,1,0,17301504,121110528.0,69206016.0,51904512.0,49.5,7.0,4.0,4.0,0,all_cores_refetch,844.6666666666666,"[{""admissible"":false,""core"":0,""earliest_start"":4791958.342857144,""predicted_cycles"":2395624.8380952384,""predicted_finish"":7187583.180952382,""refetch"":4.0},{""admissible"":true,""core"":1,""earliest_start"":826.6666666666666,""predicted_cycles"":8003387.283771307,""predicted_finish"":8004213.950437974,""refetch"":7.0}]"
heldout_gpqa_b16_l2_s7,fixed_4+2,port_tight,16,1,3,5,False,1,0,17301504,51904512.0,34603008.0,17301504.0,16.5,3.0,2.0,2.0,0,all_cores_refetch,905.6666666666666,"[{""admissible"":false,""core"":0,""earliest_start"":4791946.236142114,""predicted_cycles"":1197858.140904018,""predicted_finish"":5989804.3770461315,""refetch"":2.0},{""admissible"":true,""core"":1,""earliest_start"":887.6666666666666,""predicted_cycles"":3430096.265589489,""predicted_finish"":3430983.9322561556,""refetch"":3.0}]"
heldout_gpqa_b16_l2_s7,fixed_4+2,port_tight,16,27,34,6,False,1,0,17301504,51904512.0,34603008.0,17301504.0,16.5,3.0,2.0,2.0,0,all_cores_refetch,3385208.8424242423,"[{""admissible"":false,""core"":0,""earliest_start"":4697148.180952381,""predicted_cycles"":1197858.140904018,""predicted_finish"":5895006.321856399,""refetch"":2.0},{""admissible"":true,""core"":1,""earliest_start"":3385712.8424242423,""predicted_cycles"":3430096.265589489,""predicted_finish"":6815809.108013731,""refetch"":3.0}]"
heldout_gpqa_b16_l2_s7,fixed_4+2,port_tight,16,38,53,5,False,1,0,17301504,51904512.0,34603008.0,17301504.0,16.5,3.0,2.0,2.0,0,all_cores_refetch,6815108.4787878785,"[{""admissible"":false,""core"":0,""earliest_start"":7163816.066666667,""predicted_cycles"":1197839.862760417,""predicted_finish"":8361655.9294270845,""refetch"":2.0},{""admissible"":true,""core"":1,""earliest_start"":6815612.4787878785,""predicted_cycles"":3430148.6039062506,""predicted_finish"":10245761.082694128,""refetch"":3.0}]"
heldout_swe_b16_l13_s11,fixed_4+2,port_tight,16,4,6,10,False,1,0,17301504,86507520.0,51904512.0,34603008.0,33.0,5.0,3.0,3.0,0,all_cores_refetch,832.6666666666666,"[{""admissible"":false,""core"":0,""earliest_start"":4791873.236142114,""predicted_cycles"":1796723.2123325893,""predicted_finish"":6588596.448474703,""refetch"":3.0},{""admissible"":true,""core"":1,""earliest_start"":814.6666666666666,""predicted_cycles"":5716741.774680398,""predicted_finish"":5717556.441347065,""refetch"":5.0}]"
heldout_swe_b16_l13_s11,fixed_4+2,port_tight,16,9,24,12,False,1,0,17301504,103809024.0,51904512.0,51904512.0,49.5,6.0,3.0,3.0,0,all_cores_refetch,5641560.181818183,"[{""admissible"":false,""core"":0,""earliest_start"":6552945.961904764,""predicted_cycles"":1796750.6285714286,""predicted_finish"":8349696.5904761925,""refetch"":3.0},{""admissible"":true,""core"":1,""earliest_start"":5642064.181818183,""predicted_cycles"":6860064.529225853,""predicted_finish"":12502128.711044036,""refetch"":6.0}]"
heldout_swe_b16_l13_s11,fixed_4+2,port_tight,16,25,62,5,False,0,1,17301504,34603008.0,51904512.0,-17301504.0,-16.5,2.0,3.0,2.0,0,all_cores_refetch,11363493.23809524,"[{""admissible"":true,""core"":0,""earliest_start"":11363997.23809524,""predicted_cycles"":1197858.140904018,""predicted_finish"":12561855.37899926,""refetch"":2.0},{""admissible"":false,""core"":1,""earliest_start"":12486786.606060607,""predicted_cycles"":3430096.265589489,""predicted_finish"":15916882.871650096,""refetch"":3.0}]"
heldout_swe_b16_l13_s3,fixed_4+2,port_tight,16,2,3,9,False,1,0,17301504,86507520.0,51904512.0,34603008.0,33.0,5.0,3.0,3.0,0,all_cores_refetch,828.6666666666666,"[{""admissible"":false,""core"":0,""earliest_start"":4791869.236142114,""predicted_cycles"":1796723.2123325893,""predicted_finish"":6588592.448474703,""refetch"":3.0},{""admissible"":true,""core"":1,""earliest_start"":810.6666666666666,""predicted_cycles"":5716741.774680398,""predicted_finish"":5717552.441347065,""refetch"":5.0}]"
heldout_swe_b16_l13_s3,fixed_4+2,port_tight,16,8,24,9,False,1,0,17301504,86507520.0,51904512.0,34603008.0,33.0,5.0,3.0,3.0,0,all_cores_refetch,5641556.181818183,"[{""admissible"":false,""core"":0,""earliest_start"":6552941.961904764,""predicted_cycles"":1796750.6285714286,""predicted_finish"":8349692.5904761925,""refetch"":3.0},{""admissible"":true,""core"":1,""earliest_start"":5642060.181818183,""predicted_cycles"":5716741.774680398,""predicted_finish"":11358801.956498582,""refetch"":5.0}]"
heldout_swe_b16_l13_s3,fixed_4+2,port_tight,16,16,42,9,False,0,1,17301504,51904512.0,86507520.0,-34603008.0,-33.0,3.0,5.0,3.0,0,all_cores_refetch,6564397.631746032,"[{""admissible"":true,""core"":0,""earliest_start"":6564901.631746032,""predicted_cycles"":1796750.6285714286,""predicted_finish"":8361652.260317461,""refetch"":3.0},{""admissible"":false,""core"":1,""earliest_start"":11434401.859528884,""predicted_cycles"":5716741.774680398,""predicted_finish"":17151143.634209283,""refetch"":5.0}]"
heldout_swe_b16_l13_s3,fixed_4+2,port_tight,16,19,57,9,False,0,1,17301504,51904512.0,86507520.0,-34603008.0,-33.0,3.0,5.0,3.0,0,all_cores_refetch,8361084.260317463,"[{""admissible"":true,""core"":0,""earliest_start"":8361588.260317463,""predicted_cycles"":1796723.2123325893,""predicted_finish"":10158311.472650053,""refetch"":3.0},{""admissible"":false,""core"":1,""earliest_start"":11320722.775757581,""predicted_cycles"":5716741.774680398,""predicted_finish"":17037464.55043798,""refetch"":5.0}]"
heldout_swe_b16_l13_s7,fixed_4+2,port_tight,16,1,3,9,False,1,0,17301504,86507520.0,51904512.0,34603008.0,33.0,5.0,3.0,3.0,0,all_cores_refetch,828.6666666666666,"[{""admissible"":false,""core"":0,""earliest_start"":4791869.236142114,""predicted_cycles"":1796723.2123325893,""predicted_finish"":6588592.448474703,""refetch"":3.0},{""admissible"":true,""core"":1,""earliest_start"":810.6666666666666,""predicted_cycles"":5716741.774680398,""predicted_finish"":5717552.441347065,""refetch"":5.0}]"
heldout_swe_b16_l13_s7,fixed_4+2,port_tight,16,6,19,9,False,1,0,17301504,86507520.0,51904512.0,34603008.0,33.0,5.0,3.0,3.0,0,all_cores_refetch,5641556.181818183,"[{""admissible"":false,""core"":0,""earliest_start"":6552941.961904764,""predicted_cycles"":1796750.6285714286,""predicted_finish"":8349692.5904761925,""refetch"":3.0},{""admissible"":true,""core"":1,""earliest_start"":5642060.181818183,""predicted_cycles"":5716741.774680398,""predicted_finish"":11358801.956498582,""refetch"":5.0}]"
heldout_swe_b16_l13_s7,fixed_4+2,port_tight,16,15,40,9,False,0,1,17301504,51904512.0,86507520.0,-34603008.0,-33.0,3.0,5.0,3.0,0,all_cores_refetch,8361084.260317462,"[{""admissible"":true,""core"":0,""earliest_start"":8361588.260317462,""predicted_cycles"":1796723.2123325893,""predicted_finish"":10158311.472650051,""refetch"":3.0},{""admissible"":false,""core"":1,""earliest_start"":11320722.775757581,""predicted_cycles"":5716741.774680398,""predicted_finish"":17037464.55043798,""refetch"":5.0}]"
heldout_swe_b16_l13_s7,fixed_4+2,port_tight,16,16,41,9,False,0,1,17301504,51904512.0,86507520.0,-34603008.0,-33.0,3.0,5.0,3.0,0,all_cores_refetch,10157770.888888892,"[{""admissible"":true,""core"":0,""earliest_start"":10158274.888888892,""predicted_cycles"":1796723.2123325893,""predicted_finish"":11954998.101221481,""refetch"":3.0},{""admissible"":false,""core"":1,""earliest_start"":11358570.436363643,""predicted_cycles"":5716741.774680398,""predicted_finish"":17075312.211044043,""refetch"":5.0}]"
heldout_swe_b16_l26_s11,fixed_4+2,port_tight,16,2,2,9,False,1,0,17301504,86507520.0,51904512.0,34603008.0,33.0,5.0,3.0,3.0,0,all_cores_refetch,840.6666666666666,"[{""admissible"":false,""core"":0,""earliest_start"":4791881.236142114,""predicted_cycles"":1796723.2123325893,""predicted_finish"":6588604.448474703,""refetch"":3.0},{""admissible"":true,""core"":1,""earliest_start"":822.6666666666666,""predicted_cycles"":5716741.774680398,""predicted_finish"":5717564.441347065,""refetch"":5.0}]"
heldout_swe_b16_l26_s11,fixed_4+2,port_tight,16,12,17,11,False,1,0,17301504,103809024.0,51904512.0,51904512.0,49.5,6.0,3.0,3.0,0,all_cores_refetch,5641568.181818183,"[{""admissible"":false,""core"":0,""earliest_start"":6552953.961904764,""predicted_cycles"":1796750.6285714286,""predicted_finish"":8349704.5904761925,""refetch"":3.0},{""admissible"":true,""core"":1,""earliest_start"":5642072.181818183,""predicted_cycles"":6860064.529225853,""predicted_finish"":12502136.711044036,""refetch"":6.0}]"
heldout_swe_b16_l26_s3,fixed_4+2,port_tight,16,2,5,9,False,1,0,17301504,86507520.0,51904512.0,34603008.0,33.0,5.0,3.0,3.0,0,all_cores_refetch,829.6666666666666,"[{""admissible"":false,""core"":0,""earliest_start"":4791870.236142114,""predicted_cycles"":1796723.2123325893,""predicted_finish"":6588593.448474703,""refetch"":3.0},{""admissible"":true,""core"":1,""earliest_start"":811.6666666666666,""predicted_cycles"":5716741.774680398,""predicted_finish"":5717553.441347065,""refetch"":5.0}]"
heldout_swe_b16_l26_s3,fixed_4+2,port_tight,16,8,17,12,False,1,0,17301504,103809024.0,51904512.0,51904512.0,49.5,6.0,3.0,3.0,0,all_cores_refetch,5641557.181818183,"[{""admissible"":false,""core"":0,""earliest_start"":6552942.961904764,""predicted_cycles"":1796750.6285714286,""predicted_finish"":8349693.5904761925,""refetch"":3.0},{""admissible"":true,""core"":1,""earliest_start"":5642061.181818183,""predicted_cycles"":6860064.529225853,""predicted_finish"":12502125.711044036,""refetch"":6.0}]"
heldout_swe_b16_l26_s3,fixed_4+2,port_tight,16,14,34,3,False,0,1,17301504,17301504,34603008.0,-17301504.0,-16.5,1.0,2.0,1.0,0,clean,15563899.63492063,[]
heldout_swe_b16_l26_s7,fixed_4+2,port_tight,16,9,26,3,False,0,1,17301504,17301504,34603008.0,-17301504.0,-16.5,1.0,2.0,1.0,0,clean,16162980.844444433,[]
heldout_swe_b16_l26_s7,fixed_4+2,port_tight,16,10,30,9,False,1,0,17301504,86507520.0,51904512.0,34603008.0,33.0,5.0,3.0,3.0,0,all_cores_refetch,844.6666666666666,"[{""admissible"":false,""core"":0,""earliest_start"":4791885.236142114,""predicted_cycles"":1796723.2123325893,""predicted_finish"":6588608.448474703,""refetch"":3.0},{""admissible"":true,""core"":1,""earliest_start"":826.6666666666666,""predicted_cycles"":5716741.774680398,""predicted_finish"":5717568.441347065,""refetch"":5.0}]"
heldout_swe_b16_l26_s7,fixed_4+2,port_tight,16,21,63,5,False,0,1,17301504,34603008.0,51904512.0,-17301504.0,-16.5,2.0,3.0,2.0,0,all_cores_refetch,10165756.81904762,"[{""admissible"":true,""core"":0,""earliest_start"":10166260.81904762,""predicted_cycles"":1197839.862760417,""predicted_finish"":11364100.681808038,""refetch"":2.0},{""admissible"":false,""core"":1,""earliest_start"":11358586.43636364,""predicted_cycles"":3430148.6039062506,""predicted_finish"":14788735.040269889,""refetch"":3.0}]"
heldout_swe_b16_l2_s11,fixed_4+2,port_tight,16,11,18,9,False,1,0,17301504,86507520.0,51904512.0,34603008.0,33.0,5.0,3.0,3.0,0,all_cores_refetch,852.6666666666666,"[{""admissible"":false,""core"":0,""earliest_start"":4791893.236142114,""predicted_cycles"":1796723.2123325893,""predicted_finish"":6588616.448474703,""refetch"":3.0},{""admissible"":true,""core"":1,""earliest_start"":834.6666666666666,""predicted_cycles"":5716741.774680398,""predicted_finish"":5717576.441347065,""refetch"":5.0}]"
heldout_swe_b16_l2_s11,fixed_4+2,port_tight,16,19,35,12,False,1,0,17301504,103809024.0,51904512.0,51904512.0,49.5,6.0,3.0,3.0,0,all_cores_refetch,5641580.181818183,"[{""admissible"":false,""core"":0,""earliest_start"":6552965.961904764,""predicted_cycles"":1796750.6285714286,""predicted_finish"":8349716.5904761925,""refetch"":3.0},{""admissible"":true,""core"":1,""earliest_start"":5642084.181818183,""predicted_cycles"":6860064.529225853,""predicted_finish"":12502148.711044036,""refetch"":6.0}]"
heldout_swe_b16_l2_s11,fixed_4+2,port_tight,16,26,60,9,False,0,1,17301504,51904512.0,86507520.0,-34603008.0,-33.0,3.0,5.0,3.0,0,all_cores_refetch,8361108.260317463,"[{""admissible"":true,""core"":0,""earliest_start"":8361612.260317463,""predicted_cycles"":1796723.2123325893,""predicted_finish"":10158335.472650053,""refetch"":3.0},{""admissible"":false,""core"":1,""earliest_start"":12441412.375757579,""predicted_cycles"":5716741.774680398,""predicted_finish"":18158154.150437977,""refetch"":5.0}]"
heldout_swe_b16_l2_s3,fixed_4+2,port_tight,16,1,7,10,False,1,0,17301504,86507520.0,51904512.0,34603008.0,33.0,5.0,3.0,3.0,0,all_cores_refetch,820.6666666666666,"[{""admissible"":false,""core"":0,""earliest_start"":4791934.342857144,""predicted_cycles"":1796750.6285714286,""predicted_finish"":6588684.971428572,""refetch"":3.0},{""admissible"":true,""core"":1,""earliest_start"":802.6666666666666,""predicted_cycles"":5716741.774680398,""predicted_finish"":5717544.441347065,""refetch"":5.0}]"
heldout_swe_b16_l2_s3,fixed_4+2,port_tight,16,13,51,10,False,0,1,17301504,51904512.0,86507520.0,-34603008.0,-33.0,3.0,5.0,3.0,0,all_cores_refetch,8361076.260317463,"[{""admissible"":true,""core"":0,""earliest_start"":8361580.260317463,""predicted_cycles"":1796723.2123325893,""predicted_finish"":10158303.472650053,""refetch"":3.0},{""admissible"":false,""core"":1,""earliest_start"":11320714.775757581,""predicted_cycles"":5716741.774680398,""predicted_finish"":17037456.55043798,""refetch"":5.0}]"
heldout_swe_b16_l2_s7,fixed_4+2,port_tight,16,1,0,12,False,1,0,17301504,103809024.0,51904512.0,51904512.0,49.5,6.0,3.0,3.0,0,all_cores_refetch,824.6666666666666,"[{""admissible"":false,""core"":0,""earliest_start"":4791865.236142114,""predicted_cycles"":1796723.2123325893,""predicted_finish"":6588588.448474703,""refetch"":3.0},{""admissible"":true,""core"":1,""earliest_start"":806.6666666666666,""predicted_cycles"":6860064.529225853,""predicted_finish"":6860871.19589252,""refetch"":6.0}]"
heldout_swe_b16_l2_s7,fixed_4+2,port_tight,16,2,1,6,False,0,1,17301504,34603008.0,51904512.0,-17301504.0,-16.5,2.0,3.0,2.0,0,all_cores_refetch,11954453.51746032,"[{""admissible"":true,""core"":0,""earliest_start"":11954957.51746032,""predicted_cycles"":1197858.140904018,""predicted_finish"":13152815.658364339,""refetch"":2.0},{""admissible"":false,""core"":1,""earliest_start"":12501871.745454548,""predicted_cycles"":3430096.265589489,""predicted_finish"":15931968.011044037,""refetch"":3.0}]"
heldout_swe_b16_l2_s7,fixed_4+2,port_tight,16,7,11,9,False,1,0,17301504,86507520.0,51904512.0,34603008.0,33.0,5.0,3.0,3.0,0,all_cores_refetch,6769764.351515152,"[{""admissible"":false,""core"":0,""earliest_start"":8385468.24761905,""predicted_cycles"":1796723.2123325893,""predicted_finish"":10182191.45995164,""refetch"":3.0},{""admissible"":true,""core"":1,""earliest_start"":6770268.351515152,""predicted_cycles"":5716741.774680398,""predicted_finish"":12487010.12619555,""refetch"":5.0}]"
heldout_swe_b16_l2_s7,fixed_4+2,port_tight,16,16,46,9,False,0,1,17301504,51904512.0,86507520.0,-34603008.0,-33.0,3.0,5.0,3.0,0,all_cores_refetch,10157766.888888892,"[{""admissible"":true,""core"":0,""earliest_start"":10158270.888888892,""predicted_cycles"":1796723.2123325893,""predicted_finish"":11954994.101221481,""refetch"":3.0},{""admissible"":false,""core"":1,""earliest_start"":12464024.08484849,""predicted_cycles"":5716741.774680398,""predicted_finish"":18180765.859528888,""refetch"":5.0}]"
v3_captured_mixed_heldout_bfcl_t64_l13,fixed_4+2,port_tight,64,2,2,6,False,0,1,17301504,34603008.0,51904512.0,-17301504.0,-16.5,2.0,3.0,2.0,0,all_cores_refetch,46093163.460317485,"[{""admissible"":true,""core"":0,""earliest_start"":46093667.460317485,""predicted_cycles"":1197839.862760417,""predicted_finish"":47291507.3230779,""refetch"":2.0},{""admissible"":false,""core"":1,""earliest_start"":49165881.830303065,""predicted_cycles"":3430043.9272727277,""predicted_finish"":52595925.757575795,""refetch"":3.0}]"
v3_captured_mixed_heldout_bfcl_t64_l13,fixed_4+2,port_tight,64,4,6,30,False,1,0,17301504,259522560.0,138412032.0,121110528.0,115.5,15.0,8.0,8.0,0,all_cores_refetch,19182466.218181822,"[{""admissible"":false,""core"":0,""earliest_start"":20037067.68888889,""predicted_cycles"":4791121.676190477,""predicted_finish"":24828189.365079366,""refetch"":8.0},{""admissible"":true,""core"":1,""earliest_start"":19182970.218181822,""predicted_cycles"":17149707.63636364,""predicted_finish"":36332677.85454546,""refetch"":15.0}]"
v3_captured_mixed_heldout_bfcl_t64_l13,fixed_4+2,port_tight,64,24,27,5,False,0,1,17301504,34603008.0,51904512.0,-17301504.0,-16.5,2.0,3.0,2.0,0,all_cores_refetch,50892319.06666672,"[{""admissible"":true,""core"":0,""earliest_start"":50892823.06666672,""predicted_cycles"":1197839.862760417,""predicted_finish"":52090662.92942714,""refetch"":2.0},{""admissible"":false,""core"":1,""earliest_start"":52527549.3212122,""predicted_cycles"":3430043.9272727277,""predicted_finish"":55957593.24848493,""refetch"":3.0}]"
v3_captured_mixed_heldout_bfcl_t64_l13,fixed_4+2,port_tight,64,28,31,6,False,0,1,17301504,34603008.0,51904512.0,-17301504.0,-16.5,2.0,3.0,2.0,0,all_cores_refetch,52090131.48571435,"[{""admissible"":true,""core"":0,""earliest_start"":52090635.48571435,""predicted_cycles"":1197839.862760417,""predicted_finish"":53288475.34847477,""refetch"":2.0},{""admissible"":false,""core"":1,""earliest_start"":52550303.842424326,""predicted_cycles"":3430043.9272727277,""predicted_finish"":55980347.769697055,""refetch"":3.0}]"
v3_captured_mixed_heldout_bfcl_t64_l13,fixed_4+2,port_tight,64,31,34,15,False,1,0,17301504,138412032.0,69206016.0,69206016.0,66.0,8.0,4.0,4.0,0,all_cores_refetch,36362215.84242424,"[{""admissible"":false,""core"":0,""earliest_start"":36503454.17777778,""predicted_cycles"":2395588.283761161,""predicted_finish"":38899042.46153894,""refetch"":4.0},{""admissible"":true,""core"":1,""earliest_start"":36362719.84242424,""predicted_cycles"":9146710.038316764,""predicted_finish"":45509429.88074101,""refetch"":8.0}]"
v3_captured_mixed_heldout_bfcl_t64_l13,fixed_4+2,port_tight,64,34,37,33,False,1,0,17301504,294125568.0,155713536.0,138412032.0,132.0,17.0,9.0,9.0,0,all_cores_refetch,3192.6666666666665,"[{""admissible"":false,""core"":0,""earliest_start"":20365163.79047619,""predicted_cycles"":5389995.885714286,""predicted_finish"":25755159.676190477,""refetch"":9.0},{""admissible"":true,""core"":1,""earliest_start"":3174.6666666666665,""predicted_cycles"":19436318.254545458,""predicted_finish"":19439492.921212126,""refetch"":17.0}]"
v3_captured_mixed_heldout_bfcl_t64_l13,fixed_4+2,port_tight,64,35,38,5,False,0,1,17301504,34603008.0,51904512.0,-17301504.0,-16.5,2.0,3.0,2.0,0,all_cores_refetch,54485756.323809616,"[{""admissible"":true,""core"":0,""earliest_start"":54486260.323809616,""predicted_cycles"":1197839.862760417,""predicted_finish"":55684100.18657003,""refetch"":2.0},{""admissible"":false,""core"":1,""earliest_start"":55957529.248484954,""predicted_cycles"":3430043.9272727277,""predicted_finish"":59387573.175757684,""refetch"":3.0}]"
v3_captured_mixed_heldout_bfcl_t64_l13,fixed_4+2,port_tight,64,37,41,6,False,0,1,17301504,34603008.0,51904512.0,-17301504.0,-16.5,2.0,3.0,2.0,0,all_cores_refetch,55683568.74285723,"[{""admissible"":true,""core"":0,""earliest_start"":55684072.74285723,""predicted_cycles"":1197839.862760417,""predicted_finish"":56881912.60561765,""refetch"":2.0},{""admissible"":false,""core"":1,""earliest_start"":55980283.76969706,""predicted_cycles"":3430043.9272727277,""predicted_finish"":59410327.69696979,""refetch"":3.0}]"
v3_captured_mixed_heldout_bfcl_t64_l13,fixed_4+2,port_tight,64,39,43,10,False,0,1,17301504,51904512.0,86507520.0,-34603008.0,-33.0,3.0,5.0,3.0,0,all_cores_refetch,40703103.57460318,"[{""admissible"":true,""core"":0,""earliest_start"":40703607.57460318,""predicted_cycles"":1796723.2123325893,""predicted_finish"":42500330.78693577,""refetch"":3.0},{""admissible"":false,""core"":1,""earliest_start"":45554390.921212114,""predicted_cycles"":5716741.774680398,""predicted_finish"":51271132.69589251,""refetch"":5.0}]"
v3_captured_mixed_heldout_bfcl_t64_l13,fixed_4+2,port_tight,64,43,47,3,False,0,1,17301504,17301504,34603008.0,-17301504.0,-16.5,1.0,2.0,1.0,0,clean,68269057.07301614,[]
v3_captured_mixed_heldout_bfcl_t64_l13,fixed_4+2,port_tight,64,51,57,6,False,0,1,17301504,34603008.0,51904512.0,-17301504.0,-16.5,2.0,3.0,2.0,0,all_cores_refetch,56881381.16190487,"[{""admissible"":true,""core"":0,""earliest_start"":56881885.16190487,""predicted_cycles"":1197839.862760417,""predicted_finish"":58079725.02466529,""refetch"":2.0},{""admissible"":false,""core"":1,""earliest_start"":59387509.17575772,""predicted_cycles"":3430043.9272727277,""predicted_finish"":62817553.10303045,""refetch"":3.0}]"
v3_captured_mixed_heldout_bfcl_t64_l13,fixed_4+2,port_tight,64,54,61,9,False,0,1,17301504,51904512.0,86507520.0,-34603008.0,-33.0,3.0,5.0,3.0,0,all_cores_refetch,44296476.83174605,"[{""admissible"":true,""core"":0,""earliest_start"":44296980.83174605,""predicted_cycles"":1796723.2123325893,""predicted_finish"":46093704.04407864,""refetch"":3.0},{""admissible"":false,""core"":1,""earliest_start"":45614878.29090912,""predicted_cycles"":5716741.774680398,""predicted_finish"":51331620.06558952,""refetch"":5.0}]"
v3_captured_mixed_heldout_bfcl_t64_l2,fixed_4+2,port_tight,64,0,0,13,False,1,0,17301504,121110528.0,69206016.0,51904512.0,49.5,7.0,4.0,4.0,0,all_cores_refetch,11285025.030303033,"[{""admissible"":false,""core"":0,""earliest_start"":19654189.68033126,""predicted_cycles"":2395588.283761161,""predicted_finish"":22049777.964092422,""refetch"":4.0},{""admissible"":true,""core"":1,""earliest_start"":11285529.030303033,""predicted_cycles"":8003387.283771307,""predicted_finish"":19288916.31407434,""refetch"":7.0}]"
v3_captured_mixed_heldout_bfcl_t64_l2,fixed_4+2,port_tight,64,1,2,6,False,0,1,17301504,34603008.0,51904512.0,-17301504.0,-16.5,2.0,3.0,2.0,0,all_cores_refetch,44895587.04126987,"[{""admissible"":true,""core"":0,""earliest_start"":44896091.04126987,""predicted_cycles"":1197839.862760417,""predicted_finish"":46093930.904030286,""refetch"":2.0},{""admissible"":false,""core"":1,""earliest_start"":50309463.814074375,""predicted_cycles"":3430148.6039062506,""predicted_finish"":53739612.417980626,""refetch"":3.0}]"
v3_captured_mixed_heldout_bfcl_t64_l2,fixed_4+2,port_tight,64,8,9,6,False,0,1,17301504,34603008.0,51904512.0,-17301504.0,-16.5,2.0,3.0,2.0,0,all_cores_refetch,47299117.809523836,"[{""admissible"":true,""core"":0,""earliest_start"":47299621.809523836,""predicted_cycles"":1197839.862760417,""predicted_finish"":48497461.67228425,""refetch"":2.0},{""admissible"":false,""core"":1,""earliest_start"":50173127.575757615,""predicted_cycles"":3430148.6039062506,""predicted_finish"":53603276.17966387,""refetch"":3.0}]"
v3_captured_mixed_heldout_bfcl_t64_l2,fixed_4+2,port_tight,64,10,11,6,False,0,1,17301504,34603008.0,51904512.0,-17301504.0,-16.5,2.0,3.0,2.0,0,all_cores_refetch,48496930.22857147,"[{""admissible"":true,""core"":0,""earliest_start"":48497434.22857147,""predicted_cycles"":1197839.862760417,""predicted_finish"":49695274.091331884,""refetch"":2.0},{""admissible"":false,""core"":1,""earliest_start"":50173127.575757615,""predicted_cycles"":3430148.6039062506,""predicted_finish"":53603276.17966387,""refetch"":3.0}]"
v3_captured_mixed_heldout_bfcl_t64_l2,fixed_4+2,port_tight,64,11,12,16,False,1,0,17301504,138412032.0,69206016.0,69206016.0,66.0,8.0,4.0,4.0,0,all_cores_refetch,19333425.321212124,"[{""admissible"":false,""core"":0,""earliest_start"":20037111.688888885,""predicted_cycles"":2395588.283761161,""predicted_finish"":22432699.972650047,""refetch"":4.0},{""admissible"":true,""core"":1,""earliest_start"":19333929.321212124,""predicted_cycles"":9146710.038316764,""predicted_finish"":28480639.359528888,""refetch"":8.0}]"
v3_captured_mixed_heldout_bfcl_t64_l2,fixed_4+2,port_tight,64,30,32,5,False,0,1,17301504,34603008.0,51904512.0,-17301504.0,-16.5,2.0,3.0,2.0,0,all_cores_refetch,50892555.06666673,"[{""admissible"":true,""core"":0,""earliest_start"":50893059.06666673,""predicted_cycles"":1197839.862760417,""predicted_finish"":52090898.92942715,""refetch"":2.0},{""admissible"":false,""core"":1,""earliest_start"":53739443.74330025,""predicted_cycles"":3430148.6039062506,""predicted_finish"":57169592.3472065,""refetch"":3.0}]"
v3_captured_mixed_heldout_bfcl_t64_l2,fixed_4+2,port_tight,64,31,33,10,False,0,1,17301504,51904512.0,86507520.0,-34603008.0,-33.0,3.0,5.0,3.0,0,all_cores_refetch,35912153.8984127,"[{""admissible"":true,""core"":0,""earliest_start"":35912657.8984127,""predicted_cycles"":1796723.2123325893,""predicted_finish"":37709381.11074529,""refetch"":3.0},{""admissible"":false,""core"":1,""earliest_start"":36483636.95757576,""predicted_cycles"":5716741.774680398,""predicted_finish"":42200378.73225616,""refetch"":5.0}]"
v3_captured_mixed_heldout_bfcl_t64_l2,fixed_4+2,port_tight,64,32,34,6,False,0,1,17301504,34603008.0,51904512.0,-17301504.0,-16.5,2.0,3.0,2.0,0,all_cores_refetch,52090367.48571435,"[{""admissible"":true,""core"":0,""earliest_start"":52090871.48571435,""predicted_cycles"":1197839.862760417,""predicted_finish"":53288711.34847477,""refetch"":2.0},{""admissible"":false,""core"":1,""earliest_start"":53671026.6303031,""predicted_cycles"":3430148.6039062506,""predicted_finish"":57101175.23420935,""refetch"":3.0}]"
v3_captured_mixed_heldout_bfcl_t64_l2,fixed_4+2,port_tight,64,33,35,11,False,1,0,17301504,103809024.0,51904512.0,51904512.0,49.5,6.0,3.0,3.0,0,all_cores_refetch,36483132.95757576,"[{""admissible"":false,""core"":0,""earliest_start"":37697384.857142866,""predicted_cycles"":1796723.2123325893,""predicted_finish"":39494108.06947546,""refetch"":3.0},{""admissible"":true,""core"":1,""earliest_start"":36483636.95757576,""predicted_cycles"":6860064.529225853,""predicted_finish"":43343701.48680162,""refetch"":6.0}]"
v3_captured_mixed_heldout_bfcl_t64_l2,fixed_4+2,port_tight,64,40,42,9,False,0,1,17301504,51904512.0,86507520.0,-34603008.0,-33.0,3.0,5.0,3.0,0,all_cores_refetch,37708840.52698413,"[{""admissible"":true,""core"":0,""earliest_start"":37709344.52698413,""predicted_cycles"":1796723.2123325893,""predicted_finish"":39506067.739316724,""refetch"":3.0},{""admissible"":false,""core"":1,""earliest_start"":43449567.9595289,""predicted_cycles"":5716741.774680398,""predicted_finish"":49166309.7342093,""refetch"":5.0}]"
v3_captured_mixed_heldout_bfcl_t64_l2,fixed_4+2,port_tight,64,42,44,13,False,1,0,17301504,121110528.0,69206016.0,51904512.0,49.5,7.0,4.0,4.0,0,all_cores_refetch,28464838.65454546,"[{""admissible"":false,""core"":0,""earliest_start"":29899905.238095235,""predicted_cycles"":2395588.283761161,""predicted_finish"":32295493.521856397,""refetch"":4.0},{""admissible"":true,""core"":1,""earliest_start"":28465342.65454546,""predicted_cycles"":8003387.283771307,""predicted_finish"":36468729.93831677,""refetch"":7.0}]"
v3_captured_mixed_heldout_bfcl_t64_l2,fixed_4+2,port_tight,64,49,51,9,False,0,1,17301504,51904512.0,86507520.0,-34603008.0,-33.0,3.0,5.0,3.0,0,all_cores_refetch,43098900.41269843,"[{""admissible"":true,""core"":0,""earliest_start"":43099404.41269843,""predicted_cycles"":1796723.2123325893,""predicted_finish"":44896127.625031024,""refetch"":3.0},{""admissible"":false,""core"":1,""earliest_start"":43358625.95151518,""predicted_cycles"":5716741.774680398,""predicted_finish"":49075367.72619558,""refetch"":5.0}]"
v3_captured_mixed_heldout_bfcl_t64_l2,fixed_4+2,port_tight,64,55,57,19,False,1,0,17301504,173015040.0,86507520.0,86507520.0,82.5,10.0,5.0,5.0,0,all_cores_refetch,3236.6666666666665,"[{""admissible"":false,""core"":0,""earliest_start"":20365207.79047619,""predicted_cycles"":2994499.0476190476,""predicted_finish"":23359706.83809524,""refetch"":5.0},{""admissible"":true,""core"":1,""earliest_start"":3218.6666666666665,""predicted_cycles"":11433181.090909092,""predicted_finish"":11436399.757575758,""refetch"":10.0}]"
v3_captured_mixed_heldout_bfcl_t64_l2,fixed_4+2,port_tight,64,56,59,11,False,1,0,17301504,103809024.0,51904512.0,51904512.0,49.5,6.0,3.0,3.0,0,all_cores_refetch,43358121.95151518,"[{""admissible"":false,""core"":0,""earliest_start"":44919947.61233262,""predicted_cycles"":1796723.2123325893,""predicted_finish"":46716670.82466521,""refetch"":3.0},{""admissible"":true,""core"":1,""earliest_start"":43358625.95151518,""predicted_cycles"":6860064.529225853,""predicted_finish"":50218690.48074104,""refetch"":6.0}]"
v3_captured_mixed_heldout_bfcl_t64_l2,fixed_4+2,port_tight,64,57,60,13,False,0,1,17301504,69206016.0,121110528.0,-51904512.0,-49.5,4.0,7.0,4.0,0,all_cores_refetch,29915313.873015873,"[{""admissible"":true,""core"":0,""earliest_start"":29915817.873015873,""predicted_cycles"":2395588.283761161,""predicted_finish"":32311406.156777035,""refetch"":4.0},{""admissible"":false,""core"":1,""earliest_start"":36589689.55043798,""predicted_cycles"":8003387.283771307,""predicted_finish"":44593076.834209286,""refetch"":7.0}]"
v3_captured_mixed_heldout_bfcl_t64_l2,fixed_4+2,port_tight,64,60,63,5,False,0,1,17301504,34603008.0,51904512.0,-17301504.0,-16.5,2.0,3.0,2.0,0,all_cores_refetch,55683804.74285721,"[{""admissible"":true,""core"":0,""earliest_start"":55684308.74285721,""predicted_cycles"":1197839.862760417,""predicted_finish"":56882148.60561763,""refetch"":2.0},{""admissible"":false,""core"":1,""earliest_start"":57101006.55757583,""predicted_cycles"":3430096.265589489,""predicted_finish"":60531102.82316532,""refetch"":3.0}]"
v3_captured_mixed_heldout_bfcl_t64_l26,fixed_4+2,port_tight,64,0,0,5,False,0,1,17301504,34603008.0,51904512.0,-17301504.0,-16.5,2.0,3.0,2.0,0,all_cores_refetch,43697858.622222245,"[{""admissible"":true,""core"":0,""earliest_start"":43698362.622222245,""predicted_cycles"":1197839.862760417,""predicted_finish"":44896202.48498266,""refetch"":2.0},{""admissible"":false,""core"":1,""earliest_start"":44517044.400000036,""predicted_cycles"":3430043.9272727277,""predicted_finish"":47947088.327272765,""refetch"":3.0}]"
v3_captured_mixed_heldout_bfcl_t64_l26,fixed_4+2,port_tight,64,8,8,5,False,0,1,17301504,34603008.0,51904512.0,-17301504.0,-16.5,2.0,3.0,2.0,0,all_cores_refetch,44903576.97142861,"[{""admissible"":true,""core"":0,""earliest_start"":44904080.97142861,""predicted_cycles"":1197839.862760417,""predicted_finish"":46101920.83418903,""refetch"":2.0},{""admissible"":false,""core"":1,""earliest_start"":48022768.52121216,""predicted_cycles"":3430043.9272727277,""predicted_finish"":51452812.44848489,""refetch"":3.0}]"
v3_captured_mixed_heldout_bfcl_t64_l26,fixed_4+2,port_tight,64,9,9,10,False,1,0,17301504,86507520.0,51904512.0,34603008.0,33.0,5.0,3.0,3.0,0,all_cores_refetch,26117811.478787873,"[{""admissible"":false,""core"":0,""earliest_start"":27552039.536142107,""predicted_cycles"":1796723.2123325893,""predicted_finish"":29348762.748474695,""refetch"":3.0},{""admissible"":true,""core"":1,""earliest_start"":26118315.478787873,""predicted_cycles"":5716741.774680398,""predicted_finish"":31835057.25346827,""refetch"":5.0}]"
v3_captured_mixed_heldout_bfcl_t64_l26,fixed_4+2,port_tight,64,10,10,5,False,0,1,17301504,34603008.0,51904512.0,-17301504.0,-16.5,2.0,3.0,2.0,0,all_cores_refetch,46101389.39047624,"[{""admissible"":true,""core"":0,""earliest_start"":46101893.39047624,""predicted_cycles"":1197839.862760417,""predicted_finish"":47299733.25323666,""refetch"":2.0},{""admissible"":false,""core"":1,""earliest_start"":47954456.08484856,""predicted_cycles"":3430043.9272727277,""predicted_finish"":51384500.01212129,""refetch"":3.0}]"
v3_captured_mixed_heldout_bfcl_t64_l26,fixed_4+2,port_tight,64,11,11,5,False,0,1,17301504,34603008.0,51904512.0,-17301504.0,-16.5,2.0,3.0,2.0,0,all_cores_refetch,47299201.809523866,"[{""admissible"":true,""core"":0,""earliest_start"":47299705.809523866,""predicted_cycles"":1197839.862760417,""predicted_finish"":48497545.67228428,""refetch"":2.0},{""admissible"":false,""core"":1,""earliest_start"":47977210.60606067,""predicted_cycles"":3430043.9272727277,""predicted_finish"":51407254.5333334,""refetch"":3.0}]"
v3_captured_mixed_heldout_bfcl_t64_l26,fixed_4+2,port_tight,64,12,12,7,False,1,0,17301504,69206016.0,34603008.0,34603008.0,33.0,4.0,2.0,2.0,0,all_cores_refetch,47976706.60606067,"[{""admissible"":false,""core"":0,""earliest_start"":48489511.523809575,""predicted_cycles"":1197839.862760417,""predicted_finish"":49687351.38656999,""refetch"":2.0},{""admissible"":true,""core"":1,""earliest_start"":47977210.60606067,""predicted_cycles"":4573349.236363637,""predicted_finish"":52550559.8424243,""refetch"":4.0}]"
v3_captured_mixed_heldout_bfcl_t64_l26,fixed_4+2,port_tight,64,17,17,6,False,0,1,17301504,34603008.0,51904512.0,-17301504.0,-16.5,2.0,3.0,2.0,0,all_cores_refetch,49694826.64761911,"[{""admissible"":true,""core"":0,""earliest_start"":49695330.64761911,""predicted_cycles"":1197839.862760417,""predicted_finish"":50893170.51037953,""refetch"":2.0},{""admissible"":false,""core"":1,""earliest_start"":52505101.61212128,""predicted_cycles"":3430043.9272727277,""predicted_finish"":55935145.539394006,""refetch"":3.0}]"
v3_captured_mixed_heldout_bfcl_t64_l26,fixed_4+2,port_tight,64,19,19,10,False,0,1,17301504,51904512.0,86507520.0,-34603008.0,-33.0,3.0,5.0,3.0,0,all_cores_refetch,31121052.22222222,"[{""admissible"":true,""core"":0,""earliest_start"":31121556.22222222,""predicted_cycles"":1796723.2123325893,""predicted_finish"":32918279.434554808,""refetch"":3.0},{""admissible"":false,""core"":1,""earliest_start"":31940558.0,""predicted_cycles"":5716741.774680398,""predicted_finish"":37657299.7746804,""refetch"":5.0}]"
v3_captured_mixed_heldout_bfcl_t64_l26,fixed_4+2,port_tight,64,21,23,12,False,1,0,17301504,103809024.0,51904512.0,51904512.0,49.5,6.0,3.0,3.0,0,all_cores_refetch,31940054.0,"[{""admissible"":false,""core"":0,""earliest_start"":32906283.180952378,""predicted_cycles"":1796723.2123325893,""predicted_finish"":34703006.39328497,""refetch"":3.0},{""admissible"":true,""core"":1,""earliest_start"":31940558.0,""predicted_cycles"":6860064.529225853,""predicted_finish"":38800622.529225856,""refetch"":6.0}]"
v3_captured_mixed_heldout_bfcl_t64_l26,fixed_4+2,port_tight,64,27,29,21,False,1,0,17301504,190316544.0,103809024.0,86507520.0,82.5,11.0,6.0,6.0,0,all_cores_refetch,3256.6666666666665,"[{""admissible"":false,""core"":0,""earliest_start"":20365227.79047619,""predicted_cycles"":3593373.257142857,""predicted_finish"":23958601.04761905,""refetch"":6.0},{""admissible"":true,""core"":1,""earliest_start"":3238.6666666666665,""predicted_cycles"":12576486.400000002,""predicted_finish"":12579725.066666668,""refetch"":11.0}]"
v3_captured_mixed_heldout_bfcl_t64_l26,fixed_4+2,port_tight,64,29,31,7,False,1,0,17301504,69206016.0,34603008.0,34603008.0,33.0,4.0,2.0,2.0,0,all_cores_refetch,52534898.70303038,"[{""admissible"":false,""core"":0,""earliest_start"":53280761.20000007,""predicted_cycles"":1197839.862760417,""predicted_finish"":54478601.06276049,""refetch"":2.0},{""admissible"":true,""core"":1,""earliest_start"":52535402.70303038,""predicted_cycles"":4573349.236363637,""predicted_finish"":57108751.93939401,""refetch"":4.0}]"
v3_captured_mixed_heldout_bfcl_t64_l26,fixed_4+2,port_tight,64,33,36,5,False,0,1,17301504,34603008.0,51904512.0,-17301504.0,-16.5,2.0,3.0,2.0,0,all_cores_refetch,54486076.323809616,"[{""admissible"":true,""core"":0,""earliest_start"":54486580.323809616,""predicted_cycles"":1197839.862760417,""predicted_finish"":55684420.18657003,""refetch"":2.0},{""admissible"":false,""core"":1,""earliest_start"":57078386.84848496,""predicted_cycles"":3430043.9272727277,""predicted_finish"":60508430.77575769,""refetch"":3.0}]"
v3_captured_mixed_heldout_bfcl_t64_l26,fixed_4+2,port_tight,64,45,49,6,False,0,1,17301504,34603008.0,51904512.0,-17301504.0,-16.5,2.0,3.0,2.0,0,all_cores_refetch,55683888.74285724,"[{""admissible"":true,""core"":0,""earliest_start"":55684392.74285724,""predicted_cycles"":1197839.862760417,""predicted_finish"":56882232.60561766,""refetch"":2.0},{""admissible"":false,""core"":1,""earliest_start"":57078386.84848496,""predicted_cycles"":3430043.9272727277,""predicted_finish"":60508430.77575769,""refetch"":3.0}]"
v3_captured_mixed_heldout_bfcl_t64_l26,fixed_4+2,port_tight,64,48,52,9,False,1,0,17301504,86507520.0,51904512.0,34603008.0,33.0,5.0,3.0,3.0,0,all_cores_refetch,38784856.715151526,"[{""admissible"":false,""core"":0,""earliest_start"":40093029.69523811,""predicted_cycles"":1796723.2123325893,""predicted_finish"":41889752.907570705,""refetch"":3.0},{""admissible"":true,""core"":1,""earliest_start"":38785360.715151526,""predicted_cycles"":5716741.774680398,""predicted_finish"":44502102.489831924,""refetch"":5.0}]"
v3_captured_mixed_heldout_bfcl_t64_l26,fixed_4+2,port_tight,64,51,55,3,False,0,1,17301504,17301504,34603008.0,-17301504.0,-16.5,1.0,2.0,1.0,0,clean,71264088.12063509,[]
v3_captured_mixed_heldout_bfcl_t64_l26,fixed_4+2,port_tight,64,53,57,5,False,0,1,17301504,34603008.0,51904512.0,-17301504.0,-16.5,2.0,3.0,2.0,0,all_cores_refetch,58079513.58095248,"[{""admissible"":true,""core"":0,""earliest_start"":58080017.58095248,""predicted_cycles"":1197839.862760417,""predicted_finish"":59277857.4437129,""refetch"":2.0},{""admissible"":false,""core"":1,""earliest_start"":60531006.48484857,""predicted_cycles"":3430043.9272727277,""predicted_finish"":63961050.412121296,""refetch"":3.0}]"
v3_captured_mixed_heldout_bfcl_t64_l26,fixed_4+2,port_tight,64,54,58,6,False,0,1,17301504,34603008.0,51904512.0,-17301504.0,-16.5,2.0,3.0,2.0,0,all_cores_refetch,59277326.0000001,"[{""admissible"":true,""core"":0,""earliest_start"":59277830.0000001,""predicted_cycles"":1197839.862760417,""predicted_finish"":60475669.862760514,""refetch"":2.0},{""admissible"":false,""core"":1,""earliest_start"":60531006.48484857,""predicted_cycles"":3430043.9272727277,""predicted_finish"":63961050.412121296,""refetch"":3.0}]"
v3_captured_mixed_heldout_bfcl_t64_l26,fixed_4+2,port_tight,64,58,62,23,False,1,0,17301504,207618048.0,103809024.0,103809024.0,99.0,12.0,6.0,6.0,0,all_cores_refetch,12413257.2,"[{""admissible"":false,""core"":0,""earliest_start"":19654209.68033126,""predicted_cycles"":3593373.257142857,""predicted_finish"":23247582.937474117,""refetch"":6.0},{""admissible"":true,""core"":1,""earliest_start"":12413761.2,""predicted_cycles"":13719791.70909091,""predicted_finish"":26133552.90909091,""refetch"":12.0}]"
v3_captured_mixed_heldout_bfcl_t64_l26,fixed_4+2,port_tight,64,59,63,10,False,0,1,17301504,51904512.0,86507520.0,-34603008.0,-33.0,3.0,5.0,3.0,0,all_cores_refetch,41901171.99365082,"[{""admissible"":true,""core"":0,""earliest_start"":41901675.99365082,""predicted_cycles"":1796723.2123325893,""predicted_finish"":43698399.20598341,""refetch"":3.0},{""admissible"":false,""core"":1,""earliest_start"":44479196.73939397,""predicted_cycles"":5716741.774680398,""predicted_finish"":50195938.51407437,""refetch"":5.0}]"
v3_captured_mixed_heldout_gpqa_t64_l13,fixed_4+2,port_tight,64,0,0,5,False,0,1,17301504,34603008.0,51904512.0,-17301504.0,-16.5,2.0,3.0,2.0,0,all_cores_refetch,44895661.04126987,"[{""admissible"":true,""core"":0,""earliest_start"":44896165.04126987,""predicted_cycles"":1197839.862760417,""predicted_finish"":46094004.904030286,""refetch"":2.0},{""admissible"":false,""core"":1,""earliest_start"":46743221.648484886,""predicted_cycles"":3429991.5889559663,""predicted_finish"":50173213.237440854,""refetch"":3.0}]"
v3_captured_mixed_heldout_gpqa_t64_l13,fixed_4+2,port_tight,64,3,6,15,False,1,0,17301504,138412032.0,69206016.0,69206016.0,66.0,8.0,4.0,4.0,0,all_cores_refetch,10156822.860606061,"[{""admissible"":false,""core"":0,""earliest_start"":19654199.68033126,""predicted_cycles"":2395588.283761161,""predicted_finish"":22049787.964092422,""refetch"":4.0},{""admissible"":true,""core"":1,""earliest_start"":10157326.860606061,""predicted_cycles"":9146710.038316764,""predicted_finish"":19304036.898922823,""refetch"":8.0}]"
v3_captured_mixed_heldout_gpqa_t64_l13,fixed_4+2,port_tight,64,5,9,7,False,1,0,17301504,69206016.0,34603008.0,34603008.0,33.0,4.0,2.0,2.0,0,all_cores_refetch,46788111.87878791,"[{""admissible"":false,""core"":0,""earliest_start"":47291689.104761936,""predicted_cycles"":1197839.862760417,""predicted_finish"":48489528.96752235,""refetch"":2.0},{""admissible"":true,""core"":1,""earliest_start"":46788615.87878791,""predicted_cycles"":4573279.45259233,""predicted_finish"":51361895.33138024,""refetch"":4.0}]"
v3_captured_mixed_heldout_gpqa_t64_l13,fixed_4+2,port_tight,64,7,11,9,False,1,0,17301504,86507520.0,51904512.0,34603008.0,33.0,5.0,3.0,3.0,0,all_cores_refetch,28464848.65454545,"[{""admissible"":false,""core"":0,""earliest_start"":28725985.38412698,""predicted_cycles"":1796723.2123325893,""predicted_finish"":30522708.596459568,""refetch"":3.0},{""admissible"":true,""core"":1,""earliest_start"":28465352.65454545,""predicted_cycles"":5716741.774680398,""predicted_finish"":34182094.42922585,""refetch"":5.0}]"
v3_captured_mixed_heldout_gpqa_t64_l13,fixed_4+2,port_tight,64,8,12,5,False,0,1,17301504,34603008.0,51904512.0,-17301504.0,-16.5,2.0,3.0,2.0,0,all_cores_refetch,47299191.80952385,"[{""admissible"":true,""core"":0,""earliest_start"":47299695.80952385,""predicted_cycles"":1197839.862760417,""predicted_finish"":48497535.67228427,""refetch"":2.0},{""admissible"":false,""core"":1,""earliest_start"":51452668.66471358,""predicted_cycles"":3429991.5889559663,""predicted_finish"":54882660.253669545,""refetch"":3.0}]"
v3_captured_mixed_heldout_gpqa_t64_l13,fixed_4+2,port_tight,64,15,19,5,False,0,1,17301504,34603008.0,51904512.0,-17301504.0,-16.5,2.0,3.0,2.0,0,all_cores_refetch,49694816.64761909,"[{""admissible"":true,""core"":0,""earliest_start"":49695320.64761909,""predicted_cycles"":1197839.862760417,""predicted_finish"":50893160.51037951,""refetch"":2.0},{""admissible"":false,""core"":1,""earliest_start"":51361786.30303034,""predicted_cycles"":3429991.5889559663,""predicted_finish"":54791777.89198631,""refetch"":3.0}]"
v3_captured_mixed_heldout_gpqa_t64_l13,fixed_4+2,port_tight,64,17,21,5,False,0,1,17301504,34603008.0,51904512.0,-17301504.0,-16.5,2.0,3.0,2.0,0,all_cores_refetch,50892629.06666673,"[{""admissible"":true,""core"":0,""earliest_start"":50893133.06666673,""predicted_cycles"":1197839.862760417,""predicted_finish"":52090972.92942715,""refetch"":2.0},{""admissible"":false,""core"":1,""earliest_start"":51392087.39393946,""predicted_cycles"":3429991.5889559663,""predicted_finish"":54822078.98289543,""refetch"":3.0}]"
v3_captured_mixed_heldout_gpqa_t64_l13,fixed_4+2,port_tight,64,19,23,8,False,1,0,17301504,69206016.0,34603008.0,34603008.0,33.0,4.0,2.0,2.0,0,all_cores_refetch,51391583.39393946,"[{""admissible"":false,""core"":0,""earliest_start"":52082938.78095244,""predicted_cycles"":1197839.862760417,""predicted_finish"":53280778.643712856,""refetch"":2.0},{""admissible"":true,""core"":1,""earliest_start"":51392087.39393946,""predicted_cycles"":4573279.45259233,""predicted_finish"":55965366.846531786,""refetch"":4.0}]"
v3_captured_mixed_heldout_gpqa_t64_l13,fixed_4+2,port_tight,64,27,31,5,False,0,1,17301504,34603008.0,51904512.0,-17301504.0,-16.5,2.0,3.0,2.0,0,all_cores_refetch,52090441.48571436,"[{""admissible"":true,""core"":0,""earliest_start"":52090945.48571436,""predicted_cycles"":1197839.862760417,""predicted_finish"":53288785.34847478,""refetch"":2.0},{""admissible"":false,""core"":1,""earliest_start"":56025953.90107725,""predicted_cycles"":3429991.5889559663,""predicted_finish"":59455945.49003322,""refetch"":3.0}]"
v3_captured_mixed_heldout_gpqa_t64_l13,fixed_4+2,port_tight,64,28,32,5,False,0,1,17301504,34603008.0,51904512.0,-17301504.0,-16.5,2.0,3.0,2.0,0,all_cores_refetch,53288253.90476199,"[{""admissible"":true,""core"":0,""earliest_start"":53288757.90476199,""predicted_cycles"":1197839.862760417,""predicted_finish"":54486597.76752241,""refetch"":2.0},{""admissible"":false,""core"":1,""earliest_start"":55935071.53939404,""predicted_cycles"":3429991.5889559663,""predicted_finish"":59365063.12835001,""refetch"":3.0}]"
v3_captured_mixed_heldout_gpqa_t64_l13,fixed_4+2,port_tight,64,29,33,10,False,1,0,17301504,86507520.0,51904512.0,34603008.0,33.0,5.0,3.0,3.0,0,all_cores_refetch,34226718.61818181,"[{""admissible"":false,""core"":0,""earliest_start"":35936588.46947545,""predicted_cycles"":1796723.2123325893,""predicted_finish"":37733311.68180804,""refetch"":3.0},{""admissible"":true,""core"":1,""earliest_start"":34227222.61818181,""predicted_cycles"":5716741.774680398,""predicted_finish"":39943964.39286221,""refetch"":5.0}]"
v3_captured_mixed_heldout_gpqa_t64_l13,fixed_4+2,port_tight,64,30,34,6,False,0,1,17301504,34603008.0,51904512.0,-17301504.0,-16.5,2.0,3.0,2.0,0,all_cores_refetch,54486066.323809616,"[{""admissible"":true,""core"":0,""earliest_start"":54486570.323809616,""predicted_cycles"":1197839.862760417,""predicted_finish"":55684410.18657003,""refetch"":2.0},{""admissible"":false,""core"":1,""earliest_start"":55935071.53939404,""predicted_cycles"":3429991.5889559663,""predicted_finish"":59365063.12835001,""refetch"":3.0}]"
v3_captured_mixed_heldout_gpqa_t64_l13,fixed_4+2,port_tight,64,31,35,15,False,1,0,17301504,138412032.0,69206016.0,69206016.0,66.0,8.0,4.0,4.0,0,all_cores_refetch,19318342.181818184,"[{""admissible"":false,""core"":0,""earliest_start"":20037121.688888885,""predicted_cycles"":2395588.283761161,""predicted_finish"":22432709.972650047,""refetch"":4.0},{""admissible"":true,""core"":1,""earliest_start"":19318846.181818184,""predicted_cycles"":9146710.038316764,""predicted_finish"":28465556.220134947,""refetch"":8.0}]"
v3_captured_mixed_heldout_gpqa_t64_l13,fixed_4+2,port_tight,64,32,36,5,False,0,1,17301504,34603008.0,51904512.0,-17301504.0,-16.5,2.0,3.0,2.0,0,all_cores_refetch,55683878.74285725,"[{""admissible"":true,""core"":0,""earliest_start"":55684382.74285725,""predicted_cycles"":1197839.862760417,""predicted_finish"":56882222.605617665,""refetch"":2.0},{""admissible"":false,""core"":1,""earliest_start"":55965372.63030314,""predicted_cycles"":3429991.5889559663,""predicted_finish"":59395364.219259106,""refetch"":3.0}]"
v3_captured_mixed_heldout_gpqa_t64_l13,fixed_4+2,port_tight,64,36,40,10,False,0,1,17301504,51904512.0,86507520.0,-34603008.0,-33.0,3.0,5.0,3.0,0,all_cores_refetch,35912227.8984127,"[{""admissible"":true,""core"":0,""earliest_start"":35912731.8984127,""predicted_cycles"":1796723.2123325893,""predicted_finish"":37709455.11074529,""refetch"":3.0},{""admissible"":false,""core"":1,""earliest_start"":39905965.5030303,""predicted_cycles"":5716741.774680398,""predicted_finish"":45622707.2777107,""refetch"":5.0}]"
v3_captured_mixed_heldout_gpqa_t64_l13,fixed_4+2,port_tight,64,37,41,10,False,0,1,17301504,51904512.0,86507520.0,-34603008.0,-33.0,3.0,5.0,3.0,0,all_cores_refetch,37708914.526984125,"[{""admissible"":true,""core"":0,""earliest_start"":37709418.526984125,""predicted_cycles"":1796723.2123325893,""predicted_finish"":39506141.73931672,""refetch"":3.0},{""admissible"":false,""core"":1,""earliest_start"":39905965.5030303,""predicted_cycles"":5716741.774680398,""predicted_finish"":45622707.2777107,""refetch"":5.0}]"
v3_captured_mixed_heldout_gpqa_t64_l13,fixed_4+2,port_tight,64,38,42,10,False,0,1,17301504,51904512.0,86507520.0,-34603008.0,-33.0,3.0,5.0,3.0,0,all_cores_refetch,39505601.15555556,"[{""admissible"":true,""core"":0,""earliest_start"":39506105.15555556,""predicted_cycles"":1796723.2123325893,""predicted_finish"":41302828.36788815,""refetch"":3.0},{""admissible"":false,""core"":1,""earliest_start"":39943813.16363638,""predicted_cycles"":5716741.774680398,""predicted_finish"":45660554.93831678,""refetch"":5.0}]"
v3_captured_mixed_heldout_gpqa_t64_l13,fixed_4+2,port_tight,64,40,44,5,False,0,1,17301504,34603008.0,51904512.0,-17301504.0,-16.5,2.0,3.0,2.0,0,all_cores_refetch,58079503.5809525,"[{""admissible"":true,""core"":0,""earliest_start"":58080007.5809525,""predicted_cycles"":1197839.862760417,""predicted_finish"":59277847.44371292,""refetch"":2.0},{""admissible"":false,""core"":1,""earliest_start"":59387691.1757577,""predicted_cycles"":3429991.5889559663,""predicted_finish"":62817682.76471367,""refetch"":3.0}]"
v3_captured_mixed_heldout_gpqa_t64_l13,fixed_4+2,port_tight,64,41,45,12,False,1,0,17301504,103809024.0,51904512.0,51904512.0,49.5,6.0,3.0,3.0,0,all_cores_refetch,39943309.16363638,"[{""admissible"":false,""core"":0,""earliest_start"":41326648.35518975,""predicted_cycles"":1796723.2123325893,""predicted_finish"":43123371.56752234,""refetch"":3.0},{""admissible"":true,""core"":1,""earliest_start"":39943813.16363638,""predicted_cycles"":6860064.529225853,""predicted_finish"":46803877.692862235,""refetch"":6.0}]"
v3_captured_mixed_heldout_gpqa_t64_l13,fixed_4+2,port_tight,64,48,55,6,False,0,1,17301504,34603008.0,51904512.0,-17301504.0,-16.5,2.0,3.0,2.0,0,all_cores_refetch,60475128.41904776,"[{""admissible"":true,""core"":0,""earliest_start"":60475632.41904776,""predicted_cycles"":1197839.862760417,""predicted_finish"":61673472.281808175,""refetch"":2.0},{""admissible"":false,""core"":1,""earliest_start"":62817671.10303045,""predicted_cycles"":3429991.5889559663,""predicted_finish"":66247662.69198642,""refetch"":3.0}]"
v3_captured_mixed_heldout_gpqa_t64_l13,fixed_4+2,port_tight,64,55,63,18,False,1,0,17301504,155713536.0,86507520.0,69206016.0,66.0,9.0,5.0,5.0,0,all_cores_refetch,3246.6666666666665,"[{""admissible"":false,""core"":0,""earliest_start"":20365217.79047619,""predicted_cycles"":2994499.0476190476,""predicted_finish"":23359716.83809524,""refetch"":5.0},{""admissible"":true,""core"":1,""earliest_start"":3228.6666666666665,""predicted_cycles"":10289875.781818183,""predicted_finish"":10293104.44848485,""refetch"":9.0}]"
v3_captured_mixed_heldout_gpqa_t64_l2,fixed_4+2,port_tight,64,0,0,7,False,1,0,17301504,69206016.0,34603008.0,34603008.0,33.0,4.0,2.0,2.0,0,all_cores_refetch,33083541.309090912,"[{""admissible"":false,""core"":0,""earliest_start"":34738904.05042783,""predicted_cycles"":1197839.862760417,""predicted_finish"":35936743.91318825,""refetch"":2.0},{""admissible"":true,""core"":1,""earliest_start"":33084045.309090912,""predicted_cycles"":4573349.236363637,""predicted_finish"":37657394.54545455,""refetch"":4.0}]"
v3_captured_mixed_heldout_gpqa_t64_l2,fixed_4+2,port_tight,64,3,3,9,False,1,0,17301504,86507520.0,51904512.0,34603008.0,33.0,5.0,3.0,3.0,0,all_cores_refetch,15903583.393939396,"[{""admissible"":false,""core"":0,""earliest_start"":20037185.68888889,""predicted_cycles"":1796723.2123325893,""predicted_finish"":21833908.901221476,""refetch"":3.0},{""admissible"":true,""core"":1,""earliest_start"":15904087.393939396,""predicted_cycles"":5716741.774680398,""predicted_finish"":21620829.168619797,""refetch"":5.0}]"
v3_captured_mixed_heldout_gpqa_t64_l2,fixed_4+2,port_tight,64,5,5,5,False,0,1,17301504,34603008.0,51904512.0,-17301504.0,-16.5,2.0,3.0,2.0,0,all_cores_refetch,35920261.82857142,"[{""admissible"":true,""core"":0,""earliest_start"":35920765.82857142,""predicted_cycles"":1197839.862760417,""predicted_finish"":37118605.69133183,""refetch"":2.0},{""admissible"":false,""core"":1,""earliest_start"":37642122.59393939,""predicted_cycles"":3430043.9272727277,""predicted_finish"":41072166.521212116,""refetch"":3.0}]"
v3_captured_mixed_heldout_gpqa_t64_l2,fixed_4+2,port_tight,64,6,6,6,False,0,1,17301504,34603008.0,51904512.0,-17301504.0,-16.5,2.0,3.0,2.0,0,all_cores_refetch,37118074.24761905,"[{""admissible"":true,""core"":0,""earliest_start"":37118578.24761905,""predicted_cycles"":1197839.862760417,""predicted_finish"":38316418.110379465,""refetch"":2.0},{""admissible"":false,""core"":1,""earliest_start"":37672423.68484849,""predicted_cycles"":3430043.9272727277,""predicted_finish"":41102467.61212122,""refetch"":3.0}]"
v3_captured_mixed_heldout_gpqa_t64_l2,fixed_4+2,port_tight,64,8,8,7,False,1,0,17301504,69206016.0,34603008.0,34603008.0,33.0,4.0,2.0,2.0,0,all_cores_refetch,37671919.68484849,"[{""admissible"":false,""core"":0,""earliest_start"":38308383.96190476,""predicted_cycles"":1197839.862760417,""predicted_finish"":39506223.824665174,""refetch"":2.0},{""admissible"":true,""core"":1,""earliest_start"":37672423.68484849,""predicted_cycles"":4573349.236363637,""predicted_finish"":42245772.92121212,""refetch"":4.0}]"
v3_captured_mixed_heldout_gpqa_t64_l2,fixed_4+2,port_tight,64,10,10,5,False,0,1,17301504,34603008.0,51904512.0,-17301504.0,-16.5,2.0,3.0,2.0,0,all_cores_refetch,38315886.66666668,"[{""admissible"":true,""core"":0,""earliest_start"":38316390.66666668,""predicted_cycles"":1197839.862760417,""predicted_finish"":39514230.529427096,""refetch"":2.0},{""admissible"":false,""core"":1,""earliest_start"":42306359.975757584,""predicted_cycles"":3430043.9272727277,""predicted_finish"":45736403.90303031,""refetch"":3.0}]"
v3_captured_mixed_heldout_gpqa_t64_l2,fixed_4+2,port_tight,64,11,11,6,False,0,1,17301504,34603008.0,51904512.0,-17301504.0,-16.5,2.0,3.0,2.0,0,all_cores_refetch,39513699.0857143,"[{""admissible"":true,""core"":0,""earliest_start"":39514203.0857143,""predicted_cycles"":1197839.862760417,""predicted_finish"":40712042.94847472,""refetch"":2.0},{""admissible"":false,""core"":1,""earliest_start"":42215407.83030307,""predicted_cycles"":3430043.9272727277,""predicted_finish"":45645451.7575758,""refetch"":3.0}]"
v3_captured_mixed_heldout_gpqa_t64_l2,fixed_4+2,port_tight,64,15,15,9,False,1,0,17301504,86507520.0,51904512.0,34603008.0,33.0,5.0,3.0,3.0,0,all_cores_refetch,21650360.21818182,"[{""admissible"":false,""core"":0,""earliest_start"":22126281.40952381,""predicted_cycles"":1796723.2123325893,""predicted_finish"":23923004.6218564,""refetch"":3.0},{""admissible"":true,""core"":1,""earliest_start"":21650864.21818182,""predicted_cycles"":5716741.774680398,""predicted_finish"":27367605.992862217,""refetch"":5.0}]"
v3_captured_mixed_heldout_gpqa_t64_l2,fixed_4+2,port_tight,64,18,18,6,False,0,1,17301504,34603008.0,51904512.0,-17301504.0,-16.5,2.0,3.0,2.0,0,all_cores_refetch,41909323.92380956,"[{""admissible"":true,""core"":0,""earliest_start"":41909827.92380956,""predicted_cycles"":1197839.862760417,""predicted_finish"":43107667.786569975,""refetch"":2.0},{""admissible"":false,""core"":1,""earliest_start"":42245708.92121217,""predicted_cycles"":3430043.9272727277,""predicted_finish"":45675752.848484896,""refetch"":3.0}]"
v3_captured_mixed_heldout_gpqa_t64_l2,fixed_4+2,port_tight,64,21,21,7,False,1,0,17301504,69206016.0,34603008.0,34603008.0,33.0,4.0,2.0,2.0,0,all_cores_refetch,42245204.92121217,"[{""admissible"":false,""core"":0,""earliest_start"":43099633.63809527,""predicted_cycles"":1197839.862760417,""predicted_finish"":44297473.500855684,""refetch"":2.0},{""admissible"":true,""core"":1,""earliest_start"":42245708.92121217,""predicted_cycles"":4573349.236363637,""predicted_finish"":46819058.1575758,""refetch"":4.0}]"
v3_captured_mixed_heldout_gpqa_t64_l2,fixed_4+2,port_tight,64,22,22,5,False,0,1,17301504,34603008.0,51904512.0,-17301504.0,-16.5,2.0,3.0,2.0,0,all_cores_refetch,43107136.34285719,"[{""admissible"":true,""core"":0,""earliest_start"":43107640.34285719,""predicted_cycles"":1197839.862760417,""predicted_finish"":44305480.20561761,""refetch"":2.0},{""admissible"":false,""core"":1,""earliest_start"":46879645.212121256,""predicted_cycles"":3430043.9272727277,""predicted_finish"":50309689.139393985,""refetch"":3.0}]"
v3_captured_mixed_heldout_gpqa_t64_l2,fixed_4+2,port_tight,64,23,23,6,False,0,1,17301504,34603008.0,51904512.0,-17301504.0,-16.5,2.0,3.0,2.0,0,all_cores_refetch,44304948.76190481,"[{""admissible"":true,""core"":0,""earliest_start"":44305452.76190481,""predicted_cycles"":1197839.862760417,""predicted_finish"":45503292.62466523,""refetch"":2.0},{""admissible"":false,""core"":1,""earliest_start"":46788693.066666745,""predicted_cycles"":3430043.9272727277,""predicted_finish"":50218736.993939474,""refetch"":3.0}]"
v3_captured_mixed_heldout_gpqa_t64_l2,fixed_4+2,port_tight,64,26,26,5,False,0,1,17301504,34603008.0,51904512.0,-17301504.0,-16.5,2.0,3.0,2.0,0,all_cores_refetch,45502761.18095244,"[{""admissible"":true,""core"":0,""earliest_start"":45503265.18095244,""predicted_cycles"":1197839.862760417,""predicted_finish"":46701105.043712854,""refetch"":2.0},{""admissible"":false,""core"":1,""earliest_start"":46788693.066666745,""predicted_cycles"":3430043.9272727277,""predicted_finish"":50218736.993939474,""refetch"":3.0}]"
v3_captured_mixed_heldout_gpqa_t64_l2,fixed_4+2,port_tight,64,29,29,6,False,0,1,17301504,34603008.0,51904512.0,-17301504.0,-16.5,2.0,3.0,2.0,0,all_cores_refetch,47898386.019047685,"[{""admissible"":true,""core"":0,""earliest_start"":47898890.019047685,""predicted_cycles"":1197839.862760417,""predicted_finish"":49096729.8818081,""refetch"":2.0},{""admissible"":false,""core"":1,""earliest_start"":50241312.70303038,""predicted_cycles"":3430043.9272727277,""predicted_finish"":53671356.63030311,""refetch"":3.0}]"
v3_captured_mixed_heldout_gpqa_t64_l2,fixed_4+2,port_tight,64,34,34,8,False,1,0,17301504,69206016.0,34603008.0,34603008.0,33.0,4.0,2.0,2.0,0,all_cores_refetch,50263563.2242425,"[{""admissible"":false,""core"":0,""earliest_start"":50294514.857142925,""predicted_cycles"":1197839.862760417,""predicted_finish"":51492354.71990334,""refetch"":2.0},{""admissible"":true,""core"":1,""earliest_start"":50264067.2242425,""predicted_cycles"":4573349.236363637,""predicted_finish"":54837416.460606135,""refetch"":4.0}]"
v3_captured_mixed_heldout_gpqa_t64_l2,fixed_4+2,port_tight,64,42,42,6,False,0,1,17301504,34603008.0,51904512.0,-17301504.0,-16.5,2.0,3.0,2.0,0,all_cores_refetch,52689635.695238166,"[{""admissible"":true,""core"":0,""earliest_start"":52690139.695238166,""predicted_cycles"":1197839.862760417,""predicted_finish"":53887979.55799858,""refetch"":2.0},{""admissible"":false,""core"":1,""earliest_start"":54791958.23030311,""predicted_cycles"":3430043.9272727277,""predicted_finish"":58222002.15757584,""refetch"":3.0}]"
v3_captured_mixed_heldout_gpqa_t64_l2,fixed_4+2,port_tight,64,45,46,9,False,1,0,17301504,86507520.0,51904512.0,34603008.0,33.0,5.0,3.0,3.0,0,all_cores_refetch,27366950.763636373,"[{""admissible"":false,""core"":0,""earliest_start"":27528300.96507937,""predicted_cycles"":1796723.2123325893,""predicted_finish"":29325024.17741196,""refetch"":3.0},{""admissible"":true,""core"":1,""earliest_start"":27367454.763636373,""predicted_cycles"":5716741.774680398,""predicted_finish"":33084196.53831677,""refetch"":5.0}]"
v3_captured_mixed_heldout_gpqa_t64_l2,fixed_4+2,port_tight,64,48,49,5,False,0,1,17301504,34603008.0,51904512.0,-17301504.0,-16.5,2.0,3.0,2.0,0,all_cores_refetch,55085260.53333341,"[{""admissible"":true,""core"":0,""earliest_start"":55085764.53333341,""predicted_cycles"":1197839.862760417,""predicted_finish"":56283604.39609383,""refetch"":2.0},{""admissible"":false,""core"":1,""earliest_start"":58312890.303030394,""predicted_cycles"":3430043.9272727277,""predicted_finish"":61742934.23030312,""refetch"":3.0}]"
v3_captured_mixed_heldout_gpqa_t64_l2,fixed_4+2,port_tight,64,50,51,14,False,1,0,17301504,121110528.0,69206016.0,51904512.0,49.5,7.0,4.0,4.0,0,all_cores_refetch,7900462.5212121215,"[{""admissible"":false,""core"":0,""earliest_start"":19604765.68281573,""predicted_cycles"":2395588.283761161,""predicted_finish"":22000353.966576893,""refetch"":4.0},{""admissible"":true,""core"":1,""earliest_start"":7900966.5212121215,""predicted_cycles"":8003387.283771307,""predicted_finish"":15904353.80498343,""refetch"":7.0}]"
v3_captured_mixed_heldout_gpqa_t64_l2,fixed_4+2,port_tight,64,54,55,5,False,0,1,17301504,34603008.0,51904512.0,-17301504.0,-16.5,2.0,3.0,2.0,0,all_cores_refetch,57480885.371428646,"[{""admissible"":true,""core"":0,""earliest_start"":57481389.371428646,""predicted_cycles"":1197839.862760417,""predicted_finish"":58679229.23418906,""refetch"":2.0},{""admissible"":false,""core"":1,""earliest_start"":58267332.38787887,""predicted_cycles"":3430043.9272727277,""predicted_finish"":61697376.3151516,""refetch"":3.0}]"
v3_captured_mixed_heldout_gpqa_t64_l2,fixed_4+2,port_tight,64,57,58,7,False,1,0,17301504,69206016.0,34603008.0,34603008.0,33.0,4.0,2.0,2.0,0,all_cores_refetch,58266828.38787887,"[{""admissible"":false,""core"":0,""earliest_start"":58671195.08571436,""predicted_cycles"":1197839.862760417,""predicted_finish"":59869034.94847478,""refetch"":2.0},{""admissible"":true,""core"":1,""earliest_start"":58267332.38787887,""predicted_cycles"":4573349.236363637,""predicted_finish"":62840681.62424251,""refetch"":4.0}]"
v3_captured_mixed_heldout_gpqa_t64_l2,fixed_4+2,port_tight,64,60,61,6,False,0,1,17301504,34603008.0,51904512.0,-17301504.0,-16.5,2.0,3.0,2.0,0,all_cores_refetch,59876510.2095239,"[{""admissible"":true,""core"":0,""earliest_start"":59877014.2095239,""predicted_cycles"":1197839.862760417,""predicted_finish"":61074854.07228432,""refetch"":2.0},{""admissible"":false,""core"":1,""earliest_start"":62795223.39393949,""predicted_cycles"":3430043.9272727277,""predicted_finish"":66225267.32121222,""refetch"":3.0}]"
v3_captured_mixed_heldout_gpqa_t64_l26,fixed_4+2,port_tight,64,6,7,8,False,1,0,17301504,69206016.0,34603008.0,34603008.0,33.0,4.0,2.0,2.0,0,all_cores_refetch,41086724.4727273,"[{""admissible"":false,""core"":0,""earliest_start"":41310807.71428574,""predicted_cycles"":1197839.862760417,""predicted_finish"":42508647.577046156,""refetch"":2.0},{""admissible"":true,""core"":1,""earliest_start"":41087228.4727273,""predicted_cycles"":4573279.45259233,""predicted_finish"":45660507.92531963,""refetch"":4.0}]"
v3_captured_mixed_heldout_gpqa_t64_l26,fixed_4+2,port_tight,64,8,9,11,False,1,0,17301504,103809024.0,51904512.0,51904512.0,49.5,6.0,3.0,3.0,0,all_cores_refetch,9028656.690909091,"[{""admissible"":false,""core"":0,""earliest_start"":19604747.682815734,""predicted_cycles"":1796723.2123325893,""predicted_finish"":21401470.895148322,""refetch"":3.0},{""admissible"":true,""core"":1,""earliest_start"":9029160.690909091,""predicted_cycles"":6860064.529225853,""predicted_finish"":15889225.220134944,""refetch"":6.0}]"
v3_captured_mixed_heldout_gpqa_t64_l26,fixed_4+2,port_tight,64,9,10,15,False,1,0,17301504,138412032.0,69206016.0,69206016.0,66.0,8.0,4.0,4.0,0,all_cores_refetch,3292.6666666666665,"[{""admissible"":false,""core"":0,""earliest_start"":20365263.79047619,""predicted_cycles"":2395588.283761161,""predicted_finish"":22760852.074237354,""refetch"":4.0},{""admissible"":true,""core"":1,""earliest_start"":3274.6666666666665,""predicted_cycles"":9146710.038316764,""predicted_finish"":9149984.70498343,""refetch"":8.0}]"
v3_captured_mixed_heldout_gpqa_t64_l26,fixed_4+2,port_tight,64,10,11,12,False,1,0,17301504,103809024.0,51904512.0,51904512.0,49.5,6.0,3.0,3.0,0,all_cores_refetch,15918658.533333335,"[{""admissible"":false,""core"":0,""earliest_start"":20037167.68888889,""predicted_cycles"":1796723.2123325893,""predicted_finish"":21833890.901221476,""refetch"":3.0},{""admissible"":true,""core"":1,""earliest_start"":15919162.533333335,""predicted_cycles"":6860064.529225853,""predicted_finish"":22779227.062559187,""refetch"":6.0}]"
v3_captured_mixed_heldout_gpqa_t64_l26,fixed_4+2,port_tight,64,13,14,6,False,0,1,17301504,34603008.0,51904512.0,-17301504.0,-16.5,2.0,3.0,2.0,0,all_cores_refetch,43705928.55238099,"[{""admissible"":true,""core"":0,""earliest_start"":43706432.55238099,""predicted_cycles"":1197839.862760417,""predicted_finish"":44904272.4151414,""refetch"":2.0},{""admissible"":false,""core"":1,""earliest_start"":45645305.75757579,""predicted_cycles"":3429991.5889559663,""predicted_finish"":49075297.346531756,""refetch"":3.0}]"
v3_captured_mixed_heldout_gpqa_t64_l26,fixed_4+2,port_tight,64,19,20,11,False,1,0,17301504,103809024.0,51904512.0,51904512.0,49.5,6.0,3.0,3.0,0,all_cores_refetch,22778554.38787879,"[{""admissible"":false,""core"":0,""earliest_start"":23922950.03809524,""predicted_cycles"":1796723.2123325893,""predicted_finish"":25719673.250427827,""refetch"":3.0},{""admissible"":true,""core"":1,""earliest_start"":22779058.38787879,""predicted_cycles"":6860064.529225853,""predicted_finish"":29639122.917104643,""refetch"":6.0}]"
v3_captured_mixed_heldout_gpqa_t64_l26,fixed_4+2,port_tight,64,22,23,6,False,0,1,17301504,34603008.0,51904512.0,-17301504.0,-16.5,2.0,3.0,2.0,0,all_cores_refetch,46101553.39047623,"[{""admissible"":true,""core"":0,""earliest_start"":46102057.39047623,""predicted_cycles"":1197839.862760417,""predicted_finish"":47299897.253236644,""refetch"":2.0},{""admissible"":false,""core"":1,""earliest_start"":49166185.491986305,""predicted_cycles"":3429991.5889559663,""predicted_finish"":52596177.08094227,""refetch"":3.0}]"
v3_captured_mixed_heldout_gpqa_t64_l26,fixed_4+2,port_tight,64,23,24,9,False,0,1,17301504,51904512.0,86507520.0,-34603008.0,-33.0,3.0,5.0,3.0,0,all_cores_refetch,23934405.70793651,"[{""admissible"":true,""core"":0,""earliest_start"":23934909.70793651,""predicted_cycles"":1796723.2123325893,""predicted_finish"":25731632.920269098,""refetch"":3.0},{""admissible"":false,""core"":1,""earliest_start"":29729896.250437975,""predicted_cycles"":5716741.774680398,""predicted_finish"":35446638.02511837,""refetch"":5.0}]"
v3_captured_mixed_heldout_gpqa_t64_l26,fixed_4+2,port_tight,64,29,30,8,False,1,0,17301504,69206016.0,34603008.0,34603008.0,33.0,4.0,2.0,2.0,0,all_cores_refetch,49120175.915151566,"[{""admissible"":false,""core"":0,""earliest_start"":49687487.94285718,""predicted_cycles"":1197839.862760417,""predicted_finish"":50885327.8056176,""refetch"":2.0},{""admissible"":true,""core"":1,""earliest_start"":49120679.915151566,""predicted_cycles"":4573279.45259233,""predicted_finish"":53693959.367743894,""refetch"":4.0}]"
v3_captured_mixed_heldout_gpqa_t64_l26,fixed_4+2,port_tight,64,41,42,9,False,0,1,17301504,51904512.0,86507520.0,-34603008.0,-33.0,3.0,5.0,3.0,0,all_cores_refetch,29324465.59365079,"[{""admissible"":true,""core"":0,""earliest_start"":29324969.59365079,""predicted_cycles"":1796723.2123325893,""predicted_finish"":31121692.80598338,""refetch"":3.0},{""admissible"":false,""core"":1,""earliest_start"":29638954.24242424,""predicted_cycles"":5716741.774680398,""predicted_finish"":35355696.01710464,""refetch"":5.0}]"
v3_captured_mixed_heldout_gpqa_t64_l26,fixed_4+2,port_tight,64,43,44,6,False,0,1,17301504,34603008.0,51904512.0,-17301504.0,-16.5,2.0,3.0,2.0,0,all_cores_refetch,53288427.904761985,"[{""admissible"":true,""core"":0,""earliest_start"":53288931.904761985,""predicted_cycles"":1197839.862760417,""predicted_finish"":54486771.7675224,""refetch"":2.0},{""admissible"":false,""core"":1,""earliest_start"":53678872.0121213,""predicted_cycles"":3429991.5889559663,""predicted_finish"":57108863.601077266,""refetch"":3.0}]"
v3_captured_mixed_heldout_gpqa_t64_l26,fixed_4+2,port_tight,64,46,47,7,False,1,0,17301504,69206016.0,34603008.0,34603008.0,33.0,4.0,2.0,2.0,0,all_cores_refetch,53678368.0121213,"[{""admissible"":false,""core"":0,""earliest_start"":54478737.619047694,""predicted_cycles"":1197839.862760417,""predicted_finish"":55676577.48180811,""refetch"":2.0},{""admissible"":true,""core"":1,""earliest_start"":53678872.0121213,""predicted_cycles"":4573279.45259233,""predicted_finish"":58252151.464713626,""refetch"":4.0}]"
v3_captured_mixed_heldout_gpqa_t64_l26,fixed_4+2,port_tight,64,49,50,9,False,0,1,17301504,51904512.0,86507520.0,-34603008.0,-33.0,3.0,5.0,3.0,0,all_cores_refetch,31121152.22222222,"[{""admissible"":true,""core"":0,""earliest_start"":31121656.22222222,""predicted_cycles"":1796723.2123325893,""predicted_finish"":32918379.434554808,""refetch"":3.0},{""admissible"":false,""core"":1,""earliest_start"":35446469.35043797,""predicted_cycles"":5716741.774680398,""predicted_finish"":41163211.12511837,""refetch"":5.0}]"
v3_captured_mixed_heldout_gpqa_t64_l26,fixed_4+2,port_tight,64,51,52,6,False,0,1,17301504,34603008.0,51904512.0,-17301504.0,-16.5,2.0,3.0,2.0,0,all_cores_refetch,55684052.74285724,"[{""admissible"":true,""core"":0,""earliest_start"":55684556.74285724,""predicted_cycles"":1197839.862760417,""predicted_finish"":56882396.60561766,""refetch"":2.0},{""admissible"":false,""core"":1,""earliest_start"":58221856.157575876,""predicted_cycles"":3429991.5889559663,""predicted_finish"":61651847.746531844,""refetch"":3.0}]"
v3_captured_mixed_heldout_gpqa_t64_l26,fixed_4+2,port_tight,64,52,53,6,False,0,1,17301504,34603008.0,51904512.0,-17301504.0,-16.5,2.0,3.0,2.0,0,all_cores_refetch,56881865.161904864,"[{""admissible"":true,""core"":0,""earliest_start"":56882369.161904864,""predicted_cycles"":1197839.862760417,""predicted_finish"":58080209.02466528,""refetch"":2.0},{""admissible"":false,""core"":1,""earliest_start"":58221856.157575876,""predicted_cycles"":3429991.5889559663,""predicted_finish"":61651847.746531844,""refetch"":3.0}]"
v3_captured_mixed_heldout_gpqa_t64_l26,fixed_4+2,port_tight,64,55,56,9,False,0,1,17301504,51904512.0,86507520.0,-34603008.0,-33.0,3.0,5.0,3.0,0,all_cores_refetch,32917838.85079365,"[{""admissible"":true,""core"":0,""earliest_start"":32918342.85079365,""predicted_cycles"":1796723.2123325893,""predicted_finish"":34715066.063126236,""refetch"":3.0},{""admissible"":false,""core"":1,""earliest_start"":35332790.266666666,""predicted_cycles"":5716741.774680398,""predicted_finish"":41049532.041347064,""refetch"":5.0}]"
v3_captured_mixed_heldout_gpqa_t64_l26,fixed_4+2,port_tight,64,57,58,6,False,0,1,17301504,34603008.0,51904512.0,-17301504.0,-16.5,2.0,3.0,2.0,0,all_cores_refetch,58079677.58095248,"[{""admissible"":true,""core"":0,""earliest_start"":58080181.58095248,""predicted_cycles"":1197839.862760417,""predicted_finish"":59278021.4437129,""refetch"":2.0},{""admissible"":false,""core"":1,""earliest_start"":58252157.24848495,""predicted_cycles"":3429991.5889559663,""predicted_finish"":61682148.837440915,""refetch"":3.0}]"
v3_captured_mixed_heldout_gpqa_t64_l26,fixed_4+2,port_tight,64,58,59,10,False,1,0,17301504,86507520.0,51904512.0,34603008.0,33.0,5.0,3.0,3.0,0,all_cores_refetch,35370133.92727272,"[{""admissible"":false,""core"":0,""earliest_start"":36499756.43809524,""predicted_cycles"":1796723.2123325893,""predicted_finish"":38296479.65042783,""refetch"":3.0},{""admissible"":true,""core"":1,""earliest_start"":35370637.92727272,""predicted_cycles"":5716741.774680398,""predicted_finish"":41087379.70195312,""refetch"":5.0}]"
v3_captured_mixed_heldout_gpqa_t64_l26,fixed_4+2,port_tight,64,60,61,8,False,1,0,17301504,69206016.0,34603008.0,34603008.0,33.0,4.0,2.0,2.0,0,all_cores_refetch,58251653.24848495,"[{""admissible"":false,""core"":0,""earliest_start"":59293935.50085576,""predicted_cycles"":1197839.862760417,""predicted_finish"":60491775.363616176,""refetch"":2.0},{""admissible"":true,""core"":1,""earliest_start"":58252157.24848495,""predicted_cycles"":4573279.45259233,""predicted_finish"":62825436.701077275,""refetch"":4.0}]"
v3_captured_mixed_heldout_swe_t64_l13,fixed_4+2,port_tight,64,4,5,5,False,0,1,17301504,34603008.0,51904512.0,-17301504.0,-16.5,2.0,3.0,2.0,0,all_cores_refetch,47889822.088888936,"[{""admissible"":true,""core"":0,""earliest_start"":47890326.088888936,""predicted_cycles"":1197839.862760417,""predicted_finish"":49088165.95164935,""refetch"":2.0},{""admissible"":false,""core"":1,""earliest_start"":51338872.59393947,""predicted_cycles"":3429939.250639205,""predicted_finish"":54768811.844578676,""refetch"":3.0}]"
v3_captured_mixed_heldout_swe_t64_l13,fixed_4+2,port_tight,64,5,6,35,False,1,0,17301504,311427072.0,155713536.0,155713536.0,148.5,18.0,9.0,9.0,0,all_cores_refetch,3164.6666666666665,"[{""admissible"":false,""core"":0,""earliest_start"":20365135.79047619,""predicted_cycles"":5389995.885714286,""predicted_finish"":25755131.676190477,""refetch"":9.0},{""admissible"":true,""core"":1,""earliest_start"":3146.6666666666665,""predicted_cycles"":20579623.563636366,""predicted_finish"":20582770.230303034,""refetch"":18.0}]"
v3_captured_mixed_heldout_swe_t64_l13,fixed_4+2,port_tight,64,8,10,5,False,0,1,17301504,34603008.0,51904512.0,-17301504.0,-16.5,2.0,3.0,2.0,0,all_cores_refetch,49095540.438095294,"[{""admissible"":true,""core"":0,""earliest_start"":49096044.438095294,""predicted_cycles"":1197839.862760417,""predicted_finish"":50293884.30085571,""refetch"":2.0},{""admissible"":false,""core"":1,""earliest_start"":51338872.59393945,""predicted_cycles"":3429939.250639205,""predicted_finish"":54768811.84457866,""refetch"":3.0}]"
v3_captured_mixed_heldout_swe_t64_l13,fixed_4+2,port_tight,64,15,19,28,False,1,0,17301504,242221056.0,121110528.0,121110528.0,115.5,14.0,7.0,7.0,0,all_cores_refetch,20310650.38787879,"[{""admissible"":false,""core"":0,""earliest_start"":25700638.273593076,""predicted_cycles"":4192247.466666667,""predicted_finish"":29892885.740259744,""refetch"":7.0},{""admissible"":true,""core"":1,""earliest_start"":20311154.38787879,""predicted_cycles"":16006402.327272728,""predicted_finish"":36317556.71515152,""refetch"":14.0}]"
v3_captured_mixed_heldout_swe_t64_l13,fixed_4+2,port_tight,64,16,21,5,False,0,1,17301504,34603008.0,51904512.0,-17301504.0,-16.5,2.0,3.0,2.0,0,all_cores_refetch,50293352.8571429,"[{""admissible"":true,""core"":0,""earliest_start"":50293856.8571429,""predicted_cycles"":1197839.862760417,""predicted_finish"":51491696.71990332,""refetch"":2.0},{""admissible"":false,""core"":1,""earliest_start"":51376720.25454552,""predicted_cycles"":3429939.250639205,""predicted_finish"":54806659.505184725,""refetch"":3.0}]"
v3_captured_mixed_heldout_swe_t64_l13,fixed_4+2,port_tight,64,22,29,5,False,0,1,17301504,34603008.0,51904512.0,-17301504.0,-16.5,2.0,3.0,2.0,0,all_cores_refetch,51491165.276190534,"[{""admissible"":true,""core"":0,""earliest_start"":51491669.276190534,""predicted_cycles"":1197839.862760417,""predicted_finish"":52689509.13895095,""refetch"":2.0},{""admissible"":false,""core"":1,""earliest_start"":54882339.69912412,""predicted_cycles"":3429939.250639205,""predicted_finish"":58312278.94976333,""refetch"":3.0}]"
v3_captured_mixed_heldout_swe_t64_l13,fixed_4+2,port_tight,64,24,32,5,False,0,1,17301504,34603008.0,51904512.0,-17301504.0,-16.5,2.0,3.0,2.0,0,all_cores_refetch,52688977.69523814,"[{""admissible"":true,""core"":0,""earliest_start"":52689481.69523814,""predicted_cycles"":1197839.862760417,""predicted_finish"":53887321.55799856,""refetch"":2.0},{""admissible"":false,""core"":1,""earliest_start"":54814131.93939398,""predicted_cycles"":3429939.250639205,""predicted_finish"":58244071.19003319,""refetch"":3.0}]"
v3_captured_mixed_heldout_swe_t64_l13,fixed_4+2,port_tight,64,25,33,10,False,0,1,17301504,51904512.0,86507520.0,-34603008.0,-33.0,3.0,5.0,3.0,0,all_cores_refetch,44296448.831746064,"[{""admissible"":true,""core"":0,""earliest_start"":44296952.831746064,""predicted_cycles"":1796723.2123325893,""predicted_finish"":46093676.044078656,""refetch"":3.0},{""admissible"":false,""core"":1,""earliest_start"":45614850.29090914,""predicted_cycles"":5716741.774680398,""predicted_finish"":51331592.06558954,""refetch"":5.0}]"
v3_captured_mixed_heldout_swe_t64_l13,fixed_4+2,port_tight,64,26,34,5,False,0,1,17301504,34603008.0,51904512.0,-17301504.0,-16.5,2.0,3.0,2.0,0,all_cores_refetch,53886790.114285775,"[{""admissible"":true,""core"":0,""earliest_start"":53887294.114285775,""predicted_cycles"":1197839.862760417,""predicted_finish"":55085133.97704619,""refetch"":2.0},{""admissible"":false,""core"":1,""earliest_start"":54814131.939394,""predicted_cycles"":3429939.250639205,""predicted_finish"":58244071.190033205,""refetch"":3.0}]"
v3_captured_mixed_heldout_swe_t64_l13,fixed_4+2,port_tight,64,29,37,5,False,0,1,17301504,34603008.0,51904512.0,-17301504.0,-16.5,2.0,3.0,2.0,0,all_cores_refetch,55084602.53333339,"[{""admissible"":true,""core"":0,""earliest_start"":55085106.53333339,""predicted_cycles"":1197839.862760417,""predicted_finish"":56282946.39609381,""refetch"":2.0},{""admissible"":false,""core"":1,""earliest_start"":58312319.62639684,""predicted_cycles"":3429939.250639205,""predicted_finish"":61742258.87703605,""refetch"":3.0}]"
v3_captured_mixed_heldout_swe_t64_l13,fixed_4+2,port_tight,64,31,40,15,False,1,0,17301504,138412032.0,69206016.0,69206016.0,66.0,8.0,4.0,4.0,0,all_cores_refetch,36377280.98181817,"[{""admissible"":false,""core"":0,""earliest_start"":37086387.75238096,""predicted_cycles"":2395588.283761161,""predicted_finish"":39481976.03614212,""refetch"":4.0},{""admissible"":true,""core"":1,""earliest_start"":36377784.98181817,""predicted_cycles"":9146710.038316764,""predicted_finish"":45524495.02013493,""refetch"":8.0}]"
v3_captured_mixed_heldout_swe_t64_l13,fixed_4+2,port_tight,64,43,54,3,False,0,1,17301504,17301504,34603008.0,-17301504.0,-16.5,1.0,2.0,1.0,0,clean,68867911.28253981,[]
v3_captured_mixed_heldout_swe_t64_l13,fixed_4+2,port_tight,64,50,62,3,False,0,1,17301504,17301504,34603008.0,-17301504.0,-16.5,1.0,2.0,1.0,0,clean,70065791.70158747,[]
v3_captured_mixed_heldout_swe_t64_l13,fixed_4+2,port_tight,64,51,63,6,False,0,1,17301504,34603008.0,51904512.0,-17301504.0,-16.5,2.0,3.0,2.0,0,all_cores_refetch,59875852.209523894,"[{""admissible"":true,""core"":0,""earliest_start"":59876356.209523894,""predicted_cycles"":1197839.862760417,""predicted_finish"":61074196.07228431,""refetch"":2.0},{""admissible"":false,""core"":1,""earliest_start"":61674091.7939395,""predicted_cycles"":3429939.250639205,""predicted_finish"":65104031.04457871,""refetch"":3.0}]"
v3_captured_mixed_heldout_swe_t64_l2,fixed_4+2,port_tight,64,0,0,19,False,1,0,17301504,173015040.0,86507520.0,86507520.0,82.5,10.0,5.0,5.0,0,all_cores_refetch,3252.6666666666665,"[{""admissible"":false,""core"":0,""earliest_start"":20365223.79047619,""predicted_cycles"":2994499.0476190476,""predicted_finish"":23359722.83809524,""refetch"":5.0},{""admissible"":true,""core"":1,""earliest_start"":3234.6666666666665,""predicted_cycles"":11433181.090909092,""predicted_finish"":11436415.757575758,""refetch"":10.0}]"
v3_captured_mixed_heldout_swe_t64_l2,fixed_4+2,port_tight,64,8,8,15,False,1,0,17301504,138412032.0,69206016.0,69206016.0,66.0,8.0,4.0,4.0,0,all_cores_refetch,11285041.030303033,"[{""admissible"":false,""core"":0,""earliest_start"":19654205.68033126,""predicted_cycles"":2395588.283761161,""predicted_finish"":22049793.964092422,""refetch"":4.0},{""admissible"":true,""core"":1,""earliest_start"":11285545.030303033,""predicted_cycles"":9146710.038316764,""predicted_finish"":20432255.068619795,""refetch"":8.0}]"
v3_captured_mixed_heldout_swe_t64_l2,fixed_4+2,port_tight,64,9,9,5,False,0,1,17301504,34603008.0,51904512.0,-17301504.0,-16.5,2.0,3.0,2.0,0,all_cores_refetch,41310199.71428572,"[{""admissible"":true,""core"":0,""earliest_start"":41310703.71428572,""predicted_cycles"":1197839.862760417,""predicted_finish"":42508543.57704613,""refetch"":2.0},{""admissible"":false,""core"":1,""earliest_start"":44592796.25562265,""predicted_cycles"":3429991.5889559663,""predicted_finish"":48022787.84457862,""refetch"":3.0}]"
v3_captured_mixed_heldout_swe_t64_l2,fixed_4+2,port_tight,64,10,10,5,False,0,1,17301504,34603008.0,51904512.0,-17301504.0,-16.5,2.0,3.0,2.0,0,all_cores_refetch,42508012.13333335,"[{""admissible"":true,""core"":0,""earliest_start"":42508516.13333335,""predicted_cycles"":1197839.862760417,""predicted_finish"":43706355.996093765,""refetch"":2.0},{""admissible"":false,""core"":1,""earliest_start"":44524536.15757578,""predicted_cycles"":3429991.5889559663,""predicted_finish"":47954527.74653175,""refetch"":3.0}]"
v3_captured_mixed_heldout_swe_t64_l2,fixed_4+2,port_tight,64,15,15,16,False,1,0,17301504,138412032.0,69206016.0,69206016.0,66.0,8.0,4.0,4.0,0,all_cores_refetch,20461653.490909096,"[{""admissible"":false,""core"":0,""earliest_start"":22760904.721856404,""predicted_cycles"":2395588.283761161,""predicted_finish"":25156493.005617566,""refetch"":4.0},{""admissible"":true,""core"":1,""earliest_start"":20462157.490909096,""predicted_cycles"":9146710.038316764,""predicted_finish"":29608867.52922586,""refetch"":8.0}]"
v3_captured_mixed_heldout_swe_t64_l2,fixed_4+2,port_tight,64,18,18,9,False,1,0,17301504,86507520.0,51904512.0,34603008.0,33.0,5.0,3.0,3.0,0,all_cores_refetch,29608159.96363637,"[{""admissible"":false,""core"":0,""earliest_start"":31145408.793284968,""predicted_cycles"":1796723.2123325893,""predicted_finish"":32942132.005617555,""refetch"":3.0},{""admissible"":true,""core"":1,""earliest_start"":29608663.96363637,""predicted_cycles"":5716741.774680398,""predicted_finish"":35325405.73831677,""refetch"":5.0}]"
v3_captured_mixed_heldout_swe_t64_l2,fixed_4+2,port_tight,64,31,32,5,False,0,1,17301504,34603008.0,51904512.0,-17301504.0,-16.5,2.0,3.0,2.0,0,all_cores_refetch,46101449.39047623,"[{""admissible"":true,""core"":0,""earliest_start"":46101953.39047623,""predicted_cycles"":1197839.862760417,""predicted_finish"":47299793.253236644,""refetch"":2.0},{""admissible"":false,""core"":1,""earliest_start"":47954516.08484852,""predicted_cycles"":3429991.5889559663,""predicted_finish"":51384507.67380449,""refetch"":3.0}]"
v3_captured_mixed_heldout_swe_t64_l2,fixed_4+2,port_tight,64,38,39,8,False,1,0,17301504,69206016.0,34603008.0,34603008.0,33.0,4.0,2.0,2.0,0,all_cores_refetch,47976766.606060654,"[{""admissible"":false,""core"":0,""earliest_start"":48489571.52380956,""predicted_cycles"":1197839.862760417,""predicted_finish"":49687411.38656998,""refetch"":2.0},{""admissible"":true,""core"":1,""earliest_start"":47977270.606060654,""predicted_cycles"":4573279.45259233,""predicted_finish"":52550550.05865298,""refetch"":4.0}]"
v3_captured_mixed_heldout_swe_t64_l2,fixed_4+2,port_tight,64,39,40,6,False,0,1,17301504,34603008.0,51904512.0,-17301504.0,-16.5,2.0,3.0,2.0,0,all_cores_refetch,48497074.228571475,"[{""admissible"":true,""core"":0,""earliest_start"":48497578.228571475,""predicted_cycles"":1197839.862760417,""predicted_finish"":49695418.09133189,""refetch"":2.0},{""admissible"":false,""core"":1,""earliest_start"":52596043.973804496,""predicted_cycles"":3429991.5889559663,""predicted_finish"":56026035.562760465,""refetch"":3.0}]"
v3_captured_mixed_heldout_swe_t64_l2,fixed_4+2,port_tight,64,41,42,6,False,0,1,17301504,34603008.0,51904512.0,-17301504.0,-16.5,2.0,3.0,2.0,0,all_cores_refetch,49694886.6476191,"[{""admissible"":true,""core"":0,""earliest_start"":49695390.6476191,""predicted_cycles"":1197839.862760417,""predicted_finish"":50893230.510379516,""refetch"":2.0},{""admissible"":false,""core"":1,""earliest_start"":52505161.61212126,""predicted_cycles"":3429991.5889559663,""predicted_finish"":55935153.20107723,""refetch"":3.0}]"
v3_captured_mixed_heldout_swe_t64_l2,fixed_4+2,port_tight,64,42,43,10,False,0,1,17301504,51904512.0,86507520.0,-34603008.0,-33.0,3.0,5.0,3.0,0,all_cores_refetch,32917734.85079365,"[{""admissible"":true,""core"":0,""earliest_start"":32918238.85079365,""predicted_cycles"":1796723.2123325893,""predicted_finish"":34714962.063126236,""refetch"":3.0},{""admissible"":false,""core"":1,""earliest_start"":35332686.266666666,""predicted_cycles"":5716741.774680398,""predicted_finish"":41049428.041347064,""refetch"":5.0}]"
v3_captured_mixed_heldout_swe_t64_l2,fixed_4+2,port_tight,64,47,48,6,False,0,1,17301504,34603008.0,51904512.0,-17301504.0,-16.5,2.0,3.0,2.0,0,all_cores_refetch,50892699.06666672,"[{""admissible"":true,""core"":0,""earliest_start"":50893203.06666672,""predicted_cycles"":1197839.862760417,""predicted_finish"":52091042.92942714,""refetch"":2.0},{""admissible"":false,""core"":1,""earliest_start"":52505161.61212128,""predicted_cycles"":3429991.5889559663,""predicted_finish"":55935153.201077245,""refetch"":3.0}]"
v3_captured_mixed_heldout_swe_t64_l2,fixed_4+2,port_tight,64,49,50,5,False,0,1,17301504,34603008.0,51904512.0,-17301504.0,-16.5,2.0,3.0,2.0,0,all_cores_refetch,52090511.48571436,"[{""admissible"":true,""core"":0,""earliest_start"":52091015.48571436,""predicted_cycles"":1197839.862760417,""predicted_finish"":53288855.34847478,""refetch"":2.0},{""admissible"":false,""core"":1,""earliest_start"":52535462.703030385,""predicted_cycles"":3429991.5889559663,""predicted_finish"":55965454.29198635,""refetch"":3.0}]"
v3_captured_mixed_heldout_swe_t64_l2,fixed_4+2,port_tight,64,55,56,5,False,0,1,17301504,34603008.0,51904512.0,-17301504.0,-16.5,2.0,3.0,2.0,0,all_cores_refetch,54486136.32380962,"[{""admissible"":true,""core"":0,""earliest_start"":54486640.32380962,""predicted_cycles"":1197839.862760417,""predicted_finish"":55684480.18657004,""refetch"":2.0},{""admissible"":false,""core"":1,""earliest_start"":55957781.24848496,""predicted_cycles"":3429991.5889559663,""predicted_finish"":59387772.83744093,""refetch"":3.0}]"
v3_captured_mixed_heldout_swe_t64_l2,fixed_4+2,port_tight,64,58,60,7,False,1,0,17301504,69206016.0,34603008.0,34603008.0,33.0,4.0,2.0,2.0,0,all_cores_refetch,55980031.76969707,"[{""admissible"":false,""core"":0,""earliest_start"":56898206.66276052,""predicted_cycles"":1197839.862760417,""predicted_finish"":58096046.525520936,""refetch"":2.0},{""admissible"":true,""core"":1,""earliest_start"":55980535.76969707,""predicted_cycles"":4573279.45259233,""predicted_finish"":60553815.2222894,""refetch"":4.0}]"
v3_captured_mixed_heldout_swe_t64_l2,fixed_4+2,port_tight,64,59,61,6,False,0,1,17301504,34603008.0,51904512.0,-17301504.0,-16.5,2.0,3.0,2.0,0,all_cores_refetch,56881761.16190488,"[{""admissible"":true,""core"":0,""earliest_start"":56882265.16190488,""predicted_cycles"":1197839.862760417,""predicted_finish"":58080105.024665296,""refetch"":2.0},{""admissible"":false,""core"":1,""earliest_start"":60599309.13744093,""predicted_cycles"":3429991.5889559663,""predicted_finish"":64029300.726396896,""refetch"":3.0}]"
v3_captured_mixed_heldout_swe_t64_l26,fixed_4+2,port_tight,64,7,7,5,False,0,1,17301504,34603008.0,51904512.0,-17301504.0,-16.5,2.0,3.0,2.0,0,all_cores_refetch,41310205.71428574,"[{""admissible"":true,""core"":0,""earliest_start"":41310709.71428574,""predicted_cycles"":1197839.862760417,""predicted_finish"":42508549.577046156,""refetch"":2.0},{""admissible"":false,""core"":1,""earliest_start"":44592749.9173059,""predicted_cycles"":3429939.250639205,""predicted_finish"":48022689.16794511,""refetch"":3.0}]"
v3_captured_mixed_heldout_swe_t64_l26,fixed_4+2,port_tight,64,8,8,5,False,0,1,17301504,34603008.0,51904512.0,-17301504.0,-16.5,2.0,3.0,2.0,0,all_cores_refetch,42508018.13333335,"[{""admissible"":true,""core"":0,""earliest_start"":42508522.13333335,""predicted_cycles"":1197839.862760417,""predicted_finish"":43706361.996093765,""refetch"":2.0},{""admissible"":false,""core"":1,""earliest_start"":44524542.157575764,""predicted_cycles"":3429939.250639205,""predicted_finish"":47954481.40821497,""refetch"":3.0}]"
v3_captured_mixed_heldout_swe_t64_l26,fixed_4+2,port_tight,64,10,10,13,False,1,0,17301504,121110528.0,69206016.0,51904512.0,49.5,7.0,4.0,4.0,0,all_cores_refetch,11285047.030303033,"[{""admissible"":false,""core"":0,""earliest_start"":19654211.68033126,""predicted_cycles"":2395588.283761161,""predicted_finish"":22049799.964092422,""refetch"":4.0},{""admissible"":true,""core"":1,""earliest_start"":11285551.030303033,""predicted_cycles"":8003387.283771307,""predicted_finish"":19288938.31407434,""refetch"":7.0}]"
v3_captured_mixed_heldout_swe_t64_l26,fixed_4+2,port_tight,64,12,12,10,False,1,0,17301504,86507520.0,51904512.0,34603008.0,33.0,5.0,3.0,3.0,0,all_cores_refetch,28464860.654545456,"[{""admissible"":false,""core"":0,""earliest_start"":29312911.923809525,""predicted_cycles"":1796723.2123325893,""predicted_finish"":31109635.136142112,""refetch"":3.0},{""admissible"":true,""core"":1,""earliest_start"":28465364.654545456,""predicted_cycles"":5716741.774680398,""predicted_finish"":34182106.429225855,""refetch"":5.0}]"
v3_captured_mixed_heldout_swe_t64_l26,fixed_4+2,port_tight,64,14,14,6,False,0,1,17301504,34603008.0,51904512.0,-17301504.0,-16.5,2.0,3.0,2.0,0,all_cores_refetch,44903642.971428595,"[{""admissible"":true,""core"":0,""earliest_start"":44904146.971428595,""predicted_cycles"":1197839.862760417,""predicted_finish"":46101986.83418901,""refetch"":2.0},{""admissible"":false,""core"":1,""earliest_start"":48022729.844578624,""predicted_cycles"":3429939.250639205,""predicted_finish"":51452669.09521783,""refetch"":3.0}]"
v3_captured_mixed_heldout_swe_t64_l26,fixed_4+2,port_tight,64,16,16,10,False,0,1,17301504,51904512.0,86507520.0,-34603008.0,-33.0,3.0,5.0,3.0,0,all_cores_refetch,32917740.850793645,"[{""admissible"":true,""core"":0,""earliest_start"":32918244.850793645,""predicted_cycles"":1796723.2123325893,""predicted_finish"":34714968.063126236,""refetch"":3.0},{""admissible"":false,""core"":1,""earliest_start"":34227234.61818182,""predicted_cycles"":5716741.774680398,""predicted_finish"":39943976.392862216,""refetch"":5.0}]"
v3_captured_mixed_heldout_swe_t64_l26,fixed_4+2,port_tight,64,19,19,12,False,1,0,17301504,103809024.0,51904512.0,51904512.0,49.5,6.0,3.0,3.0,0,all_cores_refetch,34226730.61818182,"[{""admissible"":false,""core"":0,""earliest_start"":34702971.809523806,""predicted_cycles"":1796723.2123325893,""predicted_finish"":36499695.0218564,""refetch"":3.0},{""admissible"":true,""core"":1,""earliest_start"":34227234.61818182,""predicted_cycles"":6860064.529225853,""predicted_finish"":41087299.14740767,""refetch"":6.0}]"
v3_captured_mixed_heldout_swe_t64_l26,fixed_4+2,port_tight,64,23,23,16,False,1,0,17301504,138412032.0,69206016.0,69206016.0,66.0,8.0,4.0,4.0,0,all_cores_refetch,19333447.321212124,"[{""admissible"":false,""core"":0,""earliest_start"":20037133.688888885,""predicted_cycles"":2395588.283761161,""predicted_finish"":22432721.972650047,""refetch"":4.0},{""admissible"":true,""core"":1,""earliest_start"":19333951.321212124,""predicted_cycles"":9146710.038316764,""predicted_finish"":28480661.359528888,""refetch"":8.0}]"
v3_captured_mixed_heldout_swe_t64_l26,fixed_4+2,port_tight,64,25,25,6,False,0,1,17301504,34603008.0,51904512.0,-17301504.0,-16.5,2.0,3.0,2.0,0,all_cores_refetch,48497080.228571475,"[{""admissible"":true,""core"":0,""earliest_start"":48497584.228571475,""predicted_cycles"":1197839.862760417,""predicted_finish"":49695424.09133189,""refetch"":2.0},{""admissible"":false,""core"":1,""earliest_start"":51452709.77185137,""predicted_cycles"":3429939.250639205,""predicted_finish"":54882649.022490576,""refetch"":3.0}]"
v3_captured_mixed_heldout_swe_t64_l26,fixed_4+2,port_tight,64,38,39,9,False,0,1,17301504,51904512.0,86507520.0,-34603008.0,-33.0,3.0,5.0,3.0,0,all_cores_refetch,36511114.10793651,"[{""admissible"":true,""core"":0,""earliest_start"":36511618.10793651,""predicted_cycles"":1796723.2123325893,""predicted_finish"":38308341.3202691,""refetch"":3.0},{""admissible"":false,""core"":1,""earliest_start"":41026643.103030324,""predicted_cycles"":5716741.774680398,""predicted_finish"":46743384.87771072,""refetch"":5.0}]"
v3_captured_mixed_heldout_swe_t64_l26,fixed_4+2,port_tight,64,43,46,6,False,0,1,17301504,34603008.0,51904512.0,-17301504.0,-16.5,2.0,3.0,2.0,0,all_cores_refetch,52090517.48571435,"[{""admissible"":true,""core"":0,""earliest_start"":52091021.48571435,""predicted_cycles"":1197839.862760417,""predicted_finish"":53288861.34847477,""refetch"":2.0},{""admissible"":false,""core"":1,""earliest_start"":54882689.69912412,""predicted_cycles"":3429939.250639205,""predicted_finish"":58312628.94976333,""refetch"":3.0}]"
v3_captured_mixed_heldout_swe_t64_l26,fixed_4+2,port_tight,64,44,47,20,False,1,0,17301504,173015040.0,86507520.0,86507520.0,82.5,10.0,5.0,5.0,0,all_cores_refetch,3258.6666666666665,"[{""admissible"":false,""core"":0,""earliest_start"":20365229.79047619,""predicted_cycles"":2994499.0476190476,""predicted_finish"":23359728.83809524,""refetch"":5.0},{""admissible"":true,""core"":1,""earliest_start"":3240.6666666666665,""predicted_cycles"":11433181.090909092,""predicted_finish"":11436421.757575758,""refetch"":10.0}]"
v3_captured_mixed_heldout_swe_t64_l26,fixed_4+2,port_tight,64,48,52,5,False,0,1,17301504,34603008.0,51904512.0,-17301504.0,-16.5,2.0,3.0,2.0,0,all_cores_refetch,53288329.90476198,"[{""admissible"":true,""core"":0,""earliest_start"":53288833.90476198,""predicted_cycles"":1197839.862760417,""predicted_finish"":54486673.767522395,""refetch"":2.0},{""admissible"":false,""core"":1,""earliest_start"":54814481.93939401,""predicted_cycles"":3429939.250639205,""predicted_finish"":58244421.19003322,""refetch"":3.0}]"
v3_captured_mixed_heldout_swe_t64_l26,fixed_4+2,port_tight,64,53,57,7,False,1,0,17301504,69206016.0,34603008.0,34603008.0,33.0,4.0,2.0,2.0,0,all_cores_refetch,54836732.46060612,"[{""admissible"":false,""core"":0,""earliest_start"":55676452.038095295,""predicted_cycles"":1197839.862760417,""predicted_finish"":56874291.90085571,""refetch"":2.0},{""admissible"":true,""core"":1,""earliest_start"":54837236.46060612,""predicted_cycles"":4573209.668821024,""predicted_finish"":59410446.12942714,""refetch"":4.0}]"
v3_captured_mixed_heldout_swe_t64_l26,fixed_4+2,port_tight,64,58,63,10,False,0,1,17301504,51904512.0,86507520.0,-34603008.0,-33.0,3.0,5.0,3.0,0,all_cores_refetch,38307800.736507945,"[{""admissible"":true,""core"":0,""earliest_start"":38308304.736507945,""predicted_cycles"":1796723.2123325893,""predicted_finish"":40105027.948840536,""refetch"":3.0},{""admissible"":false,""core"":1,""earliest_start"":41026643.103030324,""predicted_cycles"":5716741.774680398,""predicted_finish"":46743384.87771072,""refetch"":5.0}]"
v3_captured_mixed_heldout_bfcl_t96_l13,fixed_4+2,port_tight,96,1,1,6,False,0,1,17301504,34603008.0,51904512.0,-17301504.0,-16.5,2.0,3.0,2.0,0,all_cores_refetch,73643258.43174617,"[{""admissible"":true,""core"":0,""earliest_start"":73643762.43174617,""predicted_cycles"":1197839.862760417,""predicted_finish"":74841602.29450658,""refetch"":2.0},{""admissible"":false,""core"":1,""earliest_start"":76493314.72727291,""predicted_cycles"":3430043.9272727277,""predicted_finish"":79923358.65454563,""refetch"":3.0}]"
v3_captured_mixed_heldout_bfcl_t96_l13,fixed_4+2,port_tight,96,9,9,6,False,0,1,17301504,34603008.0,51904512.0,-17301504.0,-16.5,2.0,3.0,2.0,0,all_cores_refetch,74848976.78095251,"[{""admissible"":true,""core"":0,""earliest_start"":74849480.78095251,""predicted_cycles"":1197839.862760417,""predicted_finish"":76047320.64371292,""refetch"":2.0},{""admissible"":false,""core"":1,""earliest_start"":76493314.72727288,""predicted_cycles"":3430043.9272727277,""predicted_finish"":79923358.6545456,""refetch"":3.0}]"
v3_captured_mixed_heldout_bfcl_t96_l13,fixed_4+2,port_tight,96,17,17,13,False,0,1,17301504,69206016.0,121110528.0,-51904512.0,-49.5,4.0,7.0,4.0,0,all_cores_refetch,58663049.26349212,"[{""admissible"":true,""core"":0,""earliest_start"":58663553.26349212,""predicted_cycles"":2395588.283761161,""predicted_finish"":61059141.54725328,""refetch"":4.0},{""admissible"":false,""core"":1,""earliest_start"":61517019.16363643,""predicted_cycles"":8003387.283771307,""predicted_finish"":69520406.44740774,""refetch"":7.0}]"
v3_captured_mixed_heldout_bfcl_t96_l13,fixed_4+2,port_tight,96,23,23,19,False,1,0,17301504,173015040.0,86507520.0,86507520.0,82.5,10.0,5.0,5.0,0,all_cores_refetch,50053406.896969736,"[{""admissible"":false,""core"":0,""earliest_start"":50862184.67936511,""predicted_cycles"":2994499.0476190476,""predicted_finish"":53856683.72698416,""refetch"":5.0},{""admissible"":true,""core"":1,""earliest_start"":50053910.896969736,""predicted_cycles"":11433181.090909092,""predicted_finish"":61487091.98787883,""refetch"":10.0}]"
v3_captured_mixed_heldout_bfcl_t96_l13,fixed_4+2,port_tight,96,27,27,6,False,0,1,17301504,34603008.0,51904512.0,-17301504.0,-16.5,2.0,3.0,2.0,0,all_cores_refetch,79640226.45714302,"[{""admissible"":true,""core"":0,""earliest_start"":79640730.45714302,""predicted_cycles"":1197839.862760417,""predicted_finish"":80838570.31990343,""refetch"":2.0},{""admissible"":false,""core"":1,""earliest_start"":79991328.59393957,""predicted_cycles"":3430043.9272727277,""predicted_finish"":83421372.5212123,""refetch"":3.0}]"
v3_captured_mixed_heldout_bfcl_t96_l13,fixed_4+2,port_tight,96,31,31,10,False,0,1,17301504,51904512.0,86507520.0,-34603008.0,-33.0,3.0,5.0,3.0,0,all_cores_refetch,70049885.1746033,"[{""admissible"":true,""core"":0,""earliest_start"":70050389.1746033,""predicted_cycles"":1796723.2123325893,""predicted_finish"":71847112.38693589,""refetch"":3.0},{""admissible"":false,""core"":1,""earliest_start"":70769292.42424257,""predicted_cycles"":5716741.774680398,""predicted_finish"":76486034.19892296,""refetch"":5.0}]"
v3_captured_mixed_heldout_bfcl_t96_l13,fixed_4+2,port_tight,96,33,33,16,False,1,0,17301504,138412032.0,69206016.0,69206016.0,66.0,8.0,4.0,4.0,0,all_cores_refetch,61592095.672727354,"[{""admissible"":false,""core"":0,""earliest_start"":63486428.30280885,""predicted_cycles"":2395588.283761161,""predicted_finish"":65882016.58657001,""refetch"":4.0},{""admissible"":true,""core"":1,""earliest_start"":61592599.672727354,""predicted_cycles"":9146710.038316764,""predicted_finish"":70739309.71104412,""refetch"":8.0}]"
v3_captured_mixed_heldout_bfcl_t96_l13,fixed_4+2,port_tight,96,36,36,14,False,0,1,17301504,69206016.0,121110528.0,-51904512.0,-49.5,4.0,7.0,4.0,0,all_cores_refetch,63454170.93968262,"[{""admissible"":true,""core"":0,""earliest_start"":63454674.93968262,""predicted_cycles"":2395588.283761161,""predicted_finish"":65850263.22344378,""refetch"":4.0},{""admissible"":false,""core"":1,""earliest_start"":70890455.60195321,""predicted_cycles"":8003387.283771307,""predicted_finish"":78893842.88572451,""refetch"":7.0}]"
v3_captured_mixed_heldout_bfcl_t96_l13,fixed_4+2,port_tight,96,37,37,53,False,1,0,17301504,467140608.0,242221056.0,224919552.0,214.5,27.0,14.0,14.0,0,all_cores_refetch,4626.0,"[{""admissible"":false,""core"":0,""earliest_start"":29948712.476190474,""predicted_cycles"":8384366.933333334,""predicted_finish"":38333079.40952381,""refetch"":14.0},{""admissible"":true,""core"":1,""earliest_start"":4608.0,""predicted_cycles"":30869499.34545455,""predicted_finish"":30874107.34545455,""refetch"":27.0}]"
v3_captured_mixed_heldout_bfcl_t96_l13,fixed_4+2,port_tight,96,40,41,6,False,0,1,17301504,34603008.0,51904512.0,-17301504.0,-16.5,2.0,3.0,2.0,0,all_cores_refetch,83233663.71428585,"[{""admissible"":true,""core"":0,""earliest_start"":83234167.71428585,""predicted_cycles"":1197839.862760417,""predicted_finish"":84432007.57704626,""refetch"":2.0},{""admissible"":false,""core"":1,""earliest_start"":83421308.52121228,""predicted_cycles"":3430043.9272727277,""predicted_finish"":86851352.448485,""refetch"":3.0}]"
v3_captured_mixed_heldout_bfcl_t96_l13,fixed_4+2,port_tight,96,46,47,5,False,0,1,17301504,34603008.0,51904512.0,-17301504.0,-16.5,2.0,3.0,2.0,0,all_cores_refetch,85629288.55238108,"[{""admissible"":true,""core"":0,""earliest_start"":85629792.55238108,""predicted_cycles"":1197839.862760417,""predicted_finish"":86827632.4151415,""refetch"":2.0},{""admissible"":false,""core"":1,""earliest_start"":86828533.92727289,""predicted_cycles"":3430043.9272727277,""predicted_finish"":90258577.85454561,""refetch"":3.0}]"
v3_captured_mixed_heldout_bfcl_t96_l13,fixed_4+2,port_tight,96,47,48,5,False,0,1,17301504,34603008.0,51904512.0,-17301504.0,-16.5,2.0,3.0,2.0,0,all_cores_refetch,86827100.9714287,"[{""admissible"":true,""core"":0,""earliest_start"":86827604.9714287,""predicted_cycles"":1197839.862760417,""predicted_finish"":88025444.83418912,""refetch"":2.0},{""admissible"":false,""core"":1,""earliest_start"":86851288.448485,""predicted_cycles"":3430043.9272727277,""predicted_finish"":90281332.37575772,""refetch"":3.0}]"
v3_captured_mixed_heldout_bfcl_t96_l13,fixed_4+2,port_tight,96,51,53,10,False,0,1,17301504,51904512.0,86507520.0,-34603008.0,-33.0,3.0,5.0,3.0,0,all_cores_refetch,71846571.80317473,"[{""admissible"":true,""core"":0,""earliest_start"":71847075.80317473,""predicted_cycles"":1796723.2123325893,""predicted_finish"":73643799.01550733,""refetch"":3.0},{""admissible"":false,""core"":1,""earliest_start"":76606993.81104416,""predicted_cycles"":5716741.774680398,""predicted_finish"":82323735.58572456,""refetch"":5.0}]"
v3_captured_mixed_heldout_bfcl_t96_l13,fixed_4+2,port_tight,96,53,55,33,False,1,0,17301504,294125568.0,155713536.0,138412032.0,132.0,17.0,9.0,9.0,0,all_cores_refetch,30874133.34545455,"[{""admissible"":false,""core"":0,""earliest_start"":35338801.00952381,""predicted_cycles"":5389995.885714286,""predicted_finish"":40728796.895238094,""refetch"":9.0},{""admissible"":true,""core"":1,""earliest_start"":30874125.34545455,""predicted_cycles"":19436318.254545458,""predicted_finish"":50310443.60000001,""refetch"":17.0}]"
v3_captured_mixed_heldout_bfcl_t96_l13,fixed_4+2,port_tight,96,55,57,6,False,0,1,17301504,34603008.0,51904512.0,-17301504.0,-16.5,2.0,3.0,2.0,0,all_cores_refetch,88024913.39047632,"[{""admissible"":true,""core"":0,""earliest_start"":88025417.39047632,""predicted_cycles"":1197839.862760417,""predicted_finish"":89223257.25323673,""refetch"":2.0},{""admissible"":false,""core"":1,""earliest_start"":90258513.85454561,""predicted_cycles"":3430043.9272727277,""predicted_finish"":93688557.78181833,""refetch"":3.0}]"
v3_captured_mixed_heldout_bfcl_t96_l13,fixed_4+2,port_tight,96,58,61,17,False,0,1,17301504,86507520.0,155713536.0,-69206016.0,-66.0,5.0,9.0,5.0,0,all_cores_refetch,50861680.67936511,"[{""admissible"":true,""core"":0,""earliest_start"":50862184.67936511,""predicted_cycles"":2994499.0476190476,""predicted_finish"":53856683.72698416,""refetch"":5.0},{""admissible"":false,""core"":1,""earliest_start"":61743809.56363641,""predicted_cycles"":10289875.781818183,""predicted_finish"":72033685.34545459,""refetch"":9.0}]"
v3_captured_mixed_heldout_bfcl_t96_l13,fixed_4+2,port_tight,96,60,63,7,False,1,0,17301504,69206016.0,34603008.0,34603008.0,33.0,4.0,2.0,2.0,0,all_cores_refetch,90280764.37575772,"[{""admissible"":false,""core"":0,""earliest_start"":90421042.22857156,""predicted_cycles"":1197839.862760417,""predicted_finish"":91618882.09133197,""refetch"":2.0},{""admissible"":true,""core"":1,""earliest_start"":90281268.37575772,""predicted_cycles"":4573349.236363637,""predicted_finish"":94854617.61212136,""refetch"":4.0}]"
v3_captured_mixed_heldout_bfcl_t96_l2,fixed_4+2,port_tight,96,0,0,23,False,1,0,17301504,207618048.0,103809024.0,103809024.0,99.0,12.0,6.0,6.0,0,all_cores_refetch,34077060.55757576,"[{""admissible"":false,""core"":0,""earliest_start"":34676535.16190475,""predicted_cycles"":3593373.257142857,""predicted_finish"":38269908.41904761,""refetch"":6.0},{""admissible"":true,""core"":1,""earliest_start"":34077564.55757576,""predicted_cycles"":13719791.70909091,""predicted_finish"":47797356.26666667,""refetch"":12.0}]"
v3_captured_mixed_heldout_bfcl_t96_l2,fixed_4+2,port_tight,96,5,6,5,False,0,1,17301504,34603008.0,51904512.0,-17301504.0,-16.5,2.0,3.0,2.0,0,all_cores_refetch,77244623.61904772,"[{""admissible"":true,""core"":0,""earliest_start"":77245127.61904772,""predicted_cycles"":1197839.862760417,""predicted_finish"":78442967.48180813,""refetch"":2.0},{""admissible"":false,""core"":1,""earliest_start"":81066485.96363652,""predicted_cycles"":3430043.9272727277,""predicted_finish"":84496529.89090924,""refetch"":3.0}]"
v3_captured_mixed_heldout_bfcl_t96_l2,fixed_4+2,port_tight,96,8,9,6,False,0,1,17301504,34603008.0,51904512.0,-17301504.0,-16.5,2.0,3.0,2.0,0,all_cores_refetch,78442436.03809534,"[{""admissible"":true,""core"":0,""earliest_start"":78442940.03809534,""predicted_cycles"":1197839.862760417,""predicted_finish"":79640779.90085575,""refetch"":2.0},{""admissible"":false,""core"":1,""earliest_start"":81066485.96363649,""predicted_cycles"":3430043.9272727277,""predicted_finish"":84496529.89090921,""refetch"":3.0}]"
v3_captured_mixed_heldout_bfcl_t96_l2,fixed_4+2,port_tight,96,10,11,6,False,0,1,17301504,34603008.0,51904512.0,-17301504.0,-16.5,2.0,3.0,2.0,0,all_cores_refetch,79640248.45714296,"[{""admissible"":true,""core"":0,""earliest_start"":79640752.45714296,""predicted_cycles"":1197839.862760417,""predicted_finish"":80838592.31990337,""refetch"":2.0},{""admissible"":false,""core"":1,""earliest_start"":81066485.96363649,""predicted_cycles"":3430043.9272727277,""predicted_finish"":84496529.89090921,""refetch"":3.0}]"
v3_captured_mixed_heldout_bfcl_t96_l2,fixed_4+2,port_tight,96,11,12,18,False,0,1,17301504,86507520.0,155713536.0,-69206016.0,-66.0,5.0,9.0,5.0,0,all_cores_refetch,49065080.05079366,"[{""admissible"":true,""core"":0,""earliest_start"":49065584.05079366,""predicted_cycles"":2994499.0476190476,""predicted_finish"":52060083.09841271,""refetch"":5.0},{""admissible"":false,""core"":1,""earliest_start"":61743695.56363638,""predicted_cycles"":10289875.781818183,""predicted_finish"":72033571.34545456,""refetch"":9.0}]"
v3_captured_mixed_heldout_bfcl_t96_l2,fixed_4+2,port_tight,96,15,16,9,False,0,1,17301504,51904512.0,86507520.0,-34603008.0,-33.0,3.0,5.0,3.0,0,all_cores_refetch,70648845.38412707,"[{""admissible"":true,""core"":0,""earliest_start"":70649349.38412707,""predicted_cycles"":1796723.2123325893,""predicted_finish"":72446072.59645966,""refetch"":3.0},{""admissible"":false,""core"":1,""earliest_start"":75463574.50195321,""predicted_cycles"":5716741.774680398,""predicted_finish"":81180316.27663362,""refetch"":5.0}]"
v3_captured_mixed_heldout_bfcl_t96_l2,fixed_4+2,port_tight,96,16,17,5,False,0,1,17301504,34603008.0,51904512.0,-17301504.0,-16.5,2.0,3.0,2.0,0,all_cores_refetch,80838060.87619059,"[{""admissible"":true,""core"":0,""earliest_start"":80838564.87619059,""predicted_cycles"":1197839.862760417,""predicted_finish"":82036404.738951,""refetch"":2.0},{""admissible"":false,""core"":1,""earliest_start"":81104333.62424256,""predicted_cycles"":3430043.9272727277,""predicted_finish"":84534377.55151528,""refetch"":3.0}]"
v3_captured_mixed_heldout_bfcl_t96_l2,fixed_4+2,port_tight,96,17,18,7,False,1,0,17301504,69206016.0,34603008.0,34603008.0,33.0,4.0,2.0,2.0,0,all_cores_refetch,81103829.62424256,"[{""admissible"":false,""core"":0,""earliest_start"":82052318.79609387,""predicted_cycles"":1197839.862760417,""predicted_finish"":83250158.65885428,""refetch"":2.0},{""admissible"":true,""core"":1,""earliest_start"":81104333.62424256,""predicted_cycles"":4573349.236363637,""predicted_finish"":85677682.8606062,""refetch"":4.0}]"
v3_captured_mixed_heldout_bfcl_t96_l2,fixed_4+2,port_tight,96,24,25,5,False,0,1,17301504,34603008.0,51904512.0,-17301504.0,-16.5,2.0,3.0,2.0,0,all_cores_refetch,82035873.29523818,"[{""admissible"":true,""core"":0,""earliest_start"":82036377.29523818,""predicted_cycles"":1197839.862760417,""predicted_finish"":83234217.15799859,""refetch"":2.0},{""admissible"":false,""core"":1,""earliest_start"":85753363.05454557,""predicted_cycles"":3430043.9272727277,""predicted_finish"":89183406.98181829,""refetch"":3.0}]"
v3_captured_mixed_heldout_bfcl_t96_l2,fixed_4+2,port_tight,96,29,30,17,False,0,1,17301504,86507520.0,155713536.0,-69206016.0,-66.0,5.0,9.0,5.0,0,all_cores_refetch,52067421.02857144,"[{""admissible"":true,""core"":0,""earliest_start"":52067925.02857144,""predicted_cycles"":2994499.0476190476,""predicted_finish"":55062424.07619049,""refetch"":5.0},{""admissible"":false,""core"":1,""earliest_start"":61471625.7454546,""predicted_cycles"":10289875.781818183,""predicted_finish"":71761501.52727279,""refetch"":9.0}]"
v3_captured_mixed_heldout_bfcl_t96_l2,fixed_4+2,port_tight,96,31,32,5,False,0,1,17301504,34603008.0,51904512.0,-17301504.0,-16.5,2.0,3.0,2.0,0,all_cores_refetch,83233685.7142858,"[{""admissible"":true,""core"":0,""earliest_start"":83234189.7142858,""predicted_cycles"":1197839.862760417,""predicted_finish"":84432029.57704622,""refetch"":2.0},{""admissible"":false,""core"":1,""earliest_start"":85662410.909091,""predicted_cycles"":3430043.9272727277,""predicted_finish"":89092454.83636372,""refetch"":3.0}]"
v3_captured_mixed_heldout_bfcl_t96_l2,fixed_4+2,port_tight,96,33,34,13,False,0,1,17301504,69206016.0,121110528.0,-51904512.0,-49.5,4.0,7.0,4.0,0,all_cores_refetch,59860883.68253972,"[{""admissible"":true,""core"":0,""earliest_start"":59861387.68253972,""predicted_cycles"":2395588.283761161,""predicted_finish"":62256975.966300875,""refetch"":4.0},{""admissible"":false,""core"":1,""earliest_start"":61562299.39393945,""predicted_cycles"":8003387.283771307,""predicted_finish"":69565686.67771076,""refetch"":7.0}]"
v3_captured_mixed_heldout_bfcl_t96_l2,fixed_4+2,port_tight,96,35,36,30,False,1,0,17301504,259522560.0,138412032.0,121110528.0,115.5,15.0,8.0,8.0,0,all_cores_refetch,4648.0,"[{""admissible"":false,""core"":0,""earliest_start"":29948734.476190474,""predicted_cycles"":4791121.676190477,""predicted_finish"":34739856.15238095,""refetch"":8.0},{""admissible"":true,""core"":1,""earliest_start"":4630.0,""predicted_cycles"":17149707.63636364,""predicted_finish"":17154337.63636364,""refetch"":15.0}]"
v3_captured_mixed_heldout_bfcl_t96_l2,fixed_4+2,port_tight,96,39,40,8,False,1,0,17301504,69206016.0,34603008.0,34603008.0,33.0,4.0,2.0,2.0,0,all_cores_refetch,85692208.0000001,"[{""admissible"":false,""core"":0,""earliest_start"":86843568.47228432,""predicted_cycles"":1197839.862760417,""predicted_finish"":88041408.33504473,""refetch"":2.0},{""admissible"":true,""core"":1,""earliest_start"":85692712.0000001,""predicted_cycles"":4573349.236363637,""predicted_finish"":90266061.23636374,""refetch"":4.0}]"
v3_captured_mixed_heldout_bfcl_t96_l2,fixed_4+2,port_tight,96,49,50,5,False,0,1,17301504,34603008.0,51904512.0,-17301504.0,-16.5,2.0,3.0,2.0,0,all_cores_refetch,86827122.97142865,"[{""admissible"":true,""core"":0,""earliest_start"":86827626.97142865,""predicted_cycles"":1197839.862760417,""predicted_finish"":88025466.83418906,""refetch"":2.0},{""admissible"":false,""core"":1,""earliest_start"":90326648.29090919,""predicted_cycles"":3430043.9272727277,""predicted_finish"":93756692.21818191,""refetch"":3.0}]"
v3_captured_mixed_heldout_bfcl_t96_l2,fixed_4+2,port_tight,96,51,52,5,False,0,1,17301504,34603008.0,51904512.0,-17301504.0,-16.5,2.0,3.0,2.0,0,all_cores_refetch,88024935.39047626,"[{""admissible"":true,""core"":0,""earliest_start"":88025439.39047626,""predicted_cycles"":1197839.862760417,""predicted_finish"":89223279.25323667,""refetch"":2.0},{""admissible"":false,""core"":1,""earliest_start"":90235696.14545462,""predicted_cycles"":3430043.9272727277,""predicted_finish"":93665740.07272734,""refetch"":3.0}]"
v3_captured_mixed_heldout_bfcl_t96_l2,fixed_4+2,port_tight,96,53,54,6,False,0,1,17301504,34603008.0,51904512.0,-17301504.0,-16.5,2.0,3.0,2.0,0,all_cores_refetch,89222747.80952391,"[{""admissible"":true,""core"":0,""earliest_start"":89223251.80952391,""predicted_cycles"":1197839.862760417,""predicted_finish"":90421091.67228432,""refetch"":2.0},{""admissible"":false,""core"":1,""earliest_start"":90265997.23636374,""predicted_cycles"":3430043.9272727277,""predicted_finish"":93696041.16363646,""refetch"":3.0}]"
v3_captured_mixed_heldout_bfcl_t96_l2,fixed_4+2,port_tight,96,56,57,29,False,1,0,17301504,259522560.0,138412032.0,121110528.0,115.5,15.0,8.0,8.0,0,all_cores_refetch,16927497.212121215,"[{""admissible"":false,""core"":0,""earliest_start"":29976061.49565217,""predicted_cycles"":4791121.676190477,""predicted_finish"":34767183.17184265,""refetch"":8.0},{""admissible"":true,""core"":1,""earliest_start"":16928001.212121215,""predicted_cycles"":17149707.63636364,""predicted_finish"":34077708.84848486,""refetch"":15.0}]"
v3_captured_mixed_heldout_bfcl_t96_l2,fixed_4+2,port_tight,96,57,59,24,False,1,0,17301504,207618048.0,103809024.0,103809024.0,99.0,12.0,6.0,6.0,0,all_cores_refetch,47842067.68484849,"[{""admissible"":false,""core"":0,""earliest_start"":49041765.485714294,""predicted_cycles"":3593373.257142857,""predicted_finish"":52635138.74285715,""refetch"":6.0},{""admissible"":true,""core"":1,""earliest_start"":47842571.68484849,""predicted_cycles"":13719791.70909091,""predicted_finish"":61562363.3939394,""refetch"":12.0}]"
v3_captured_mixed_heldout_bfcl_t96_l26,fixed_4+2,port_tight,96,5,5,5,False,0,1,17301504,34603008.0,51904512.0,-17301504.0,-16.5,2.0,3.0,2.0,0,all_cores_refetch,81437079.0857144,"[{""admissible"":true,""core"":0,""earliest_start"":81437583.0857144,""predicted_cycles"":1197839.862760417,""predicted_finish"":82635422.94847481,""refetch"":2.0},{""admissible"":false,""core"":1,""earliest_start"":85617147.49090925,""predicted_cycles"":3430043.9272727277,""predicted_finish"":89047191.41818197,""refetch"":3.0}]"
v3_captured_mixed_heldout_bfcl_t96_l26,fixed_4+2,port_tight,96,6,6,6,False,0,1,17301504,34603008.0,51904512.0,-17301504.0,-16.5,2.0,3.0,2.0,0,all_cores_refetch,82634891.50476202,"[{""admissible"":true,""core"":0,""earliest_start"":82635395.50476202,""predicted_cycles"":1197839.862760417,""predicted_finish"":83833235.36752243,""refetch"":2.0},{""admissible"":false,""core"":1,""earliest_start"":85617147.49090922,""predicted_cycles"":3430043.9272727277,""predicted_finish"":89047191.41818194,""refetch"":3.0}]"
v3_captured_mixed_heldout_bfcl_t96_l26,fixed_4+2,port_tight,96,8,8,5,False,0,1,17301504,34603008.0,51904512.0,-17301504.0,-16.5,2.0,3.0,2.0,0,all_cores_refetch,83832703.92380968,"[{""admissible"":true,""core"":0,""earliest_start"":83833207.92380968,""predicted_cycles"":1197839.862760417,""predicted_finish"":85031047.78657009,""refetch"":2.0},{""admissible"":false,""core"":1,""earliest_start"":85617147.49090922,""predicted_cycles"":3430043.9272727277,""predicted_finish"":89047191.41818194,""refetch"":3.0}]"
v3_captured_mixed_heldout_bfcl_t96_l26,fixed_4+2,port_tight,96,11,11,9,False,0,1,17301504,51904512.0,86507520.0,-34603008.0,-33.0,3.0,5.0,3.0,0,all_cores_refetch,60467807.8222223,"[{""admissible"":true,""core"":0,""earliest_start"":60468311.8222223,""predicted_cycles"":1796723.2123325893,""predicted_finish"":62265035.03455489,""refetch"":3.0},{""admissible"":false,""core"":1,""earliest_start"":60479382.64242434,""predicted_cycles"":5716741.774680398,""predicted_finish"":66196124.417104736,""refetch"":5.0}]"
v3_captured_mixed_heldout_bfcl_t96_l26,fixed_4+2,port_tight,96,12,12,11,False,1,0,17301504,103809024.0,51904512.0,51904512.0,49.5,6.0,3.0,3.0,0,all_cores_refetch,60478878.64242434,"[{""admissible"":false,""core"":0,""earliest_start"":62275593.85475693,""predicted_cycles"":1796723.2123325893,""predicted_finish"":64072317.06708952,""refetch"":3.0},{""admissible"":true,""core"":1,""earliest_start"":60479382.64242434,""predicted_cycles"":6860064.529225853,""predicted_finish"":67339447.17165019,""refetch"":6.0}]"
v3_captured_mixed_heldout_bfcl_t96_l26,fixed_4+2,port_tight,96,14,14,7,False,1,0,17301504,69206016.0,34603008.0,34603008.0,33.0,4.0,2.0,2.0,0,all_cores_refetch,85662037.72121228,"[{""admissible"":false,""core"":0,""earliest_start"":86220826.05714302,""predicted_cycles"":1197839.862760417,""predicted_finish"":87418665.91990343,""refetch"":2.0},{""admissible"":true,""core"":1,""earliest_start"":85662541.72121228,""predicted_cycles"":4573349.236363637,""predicted_finish"":90235890.95757592,""refetch"":4.0}]"
v3_captured_mixed_heldout_bfcl_t96_l26,fixed_4+2,port_tight,96,18,18,6,False,0,1,17301504,34603008.0,51904512.0,-17301504.0,-16.5,2.0,3.0,2.0,0,all_cores_refetch,87426141.18095255,"[{""admissible"":true,""core"":0,""earliest_start"":87426645.18095255,""predicted_cycles"":1197839.862760417,""predicted_finish"":88624485.04371296,""refetch"":2.0},{""admissible"":false,""core"":1,""earliest_start"":90235712.14545473,""predicted_cycles"":3430043.9272727277,""predicted_finish"":93665756.07272746,""refetch"":3.0}]"
v3_captured_mixed_heldout_bfcl_t96_l26,fixed_4+2,port_tight,96,20,20,9,False,0,1,17301504,51904512.0,86507520.0,-34603008.0,-33.0,3.0,5.0,3.0,0,all_cores_refetch,65857867.7079366,"[{""admissible"":true,""core"":0,""earliest_start"":65858371.7079366,""predicted_cycles"":1796723.2123325893,""predicted_finish"":67655094.92026919,""refetch"":3.0},{""admissible"":false,""core"":1,""earliest_start"":67369464.77575767,""predicted_cycles"":5716741.774680398,""predicted_finish"":73086206.55043808,""refetch"":5.0}]"
v3_captured_mixed_heldout_bfcl_t96_l26,fixed_4+2,port_tight,96,24,25,15,False,1,0,17301504,138412032.0,69206016.0,69206016.0,66.0,8.0,4.0,4.0,0,all_cores_refetch,51317279.03030306,"[{""admissible"":false,""core"":0,""earliest_start"":52059998.323809564,""predicted_cycles"":2395588.283761161,""predicted_finish"":54455586.60757072,""refetch"":4.0},{""admissible"":true,""core"":1,""earliest_start"":51317783.03030306,""predicted_cycles"":9146710.038316764,""predicted_finish"":60464493.068619825,""refetch"":8.0}]"
v3_captured_mixed_heldout_bfcl_t96_l26,fixed_4+2,port_tight,96,28,29,35,False,1,0,17301504,311427072.0,155713536.0,155713536.0,148.5,18.0,9.0,9.0,0,all_cores_refetch,4664.0,"[{""admissible"":false,""core"":0,""earliest_start"":29948750.476190474,""predicted_cycles"":5389995.885714286,""predicted_finish"":35338746.36190476,""refetch"":9.0},{""admissible"":true,""core"":1,""earliest_start"":4646.0,""predicted_cycles"":20579623.563636366,""predicted_finish"":20584269.563636366,""refetch"":18.0}]"
v3_captured_mixed_heldout_bfcl_t96_l26,fixed_4+2,port_tight,96,29,30,5,False,0,1,17301504,34603008.0,51904512.0,-17301504.0,-16.5,2.0,3.0,2.0,0,all_cores_refetch,88623953.60000014,"[{""admissible"":true,""core"":0,""earliest_start"":88624457.60000014,""predicted_cycles"":1197839.862760417,""predicted_finish"":89822297.46276055,""refetch"":2.0},{""admissible"":false,""core"":1,""earliest_start"":90235712.14545473,""predicted_cycles"":3430043.9272727277,""predicted_finish"":93665756.07272746,""refetch"":3.0}]"
v3_captured_mixed_heldout_bfcl_t96_l26,fixed_4+2,port_tight,96,33,34,10,False,0,1,17301504,51904512.0,86507520.0,-34603008.0,-33.0,3.0,5.0,3.0,0,all_cores_refetch,69451240.96507947,"[{""admissible"":true,""core"":0,""earliest_start"":69451744.96507947,""predicted_cycles"":1796723.2123325893,""predicted_finish"":71248468.17741206,""refetch"":3.0},{""admissible"":false,""core"":1,""earliest_start"":73063300.8000001,""predicted_cycles"":5716741.774680398,""predicted_finish"":78780042.5746805,""refetch"":5.0}]"
v3_captured_mixed_heldout_bfcl_t96_l26,fixed_4+2,port_tight,96,37,38,10,False,0,1,17301504,51904512.0,86507520.0,-34603008.0,-33.0,3.0,5.0,3.0,0,all_cores_refetch,71247927.5936509,"[{""admissible"":true,""core"":0,""earliest_start"":71248431.5936509,""predicted_cycles"":1796723.2123325893,""predicted_finish"":73045154.8059835,""refetch"":3.0},{""admissible"":false,""core"":1,""earliest_start"":73063300.80000013,""predicted_cycles"":5716741.774680398,""predicted_finish"":78780042.57468054,""refetch"":5.0}]"
v3_captured_mixed_heldout_bfcl_t96_l26,fixed_4+2,port_tight,96,38,39,10,False,0,1,17301504,51904512.0,86507520.0,-34603008.0,-33.0,3.0,5.0,3.0,0,all_cores_refetch,73044614.22222234,"[{""admissible"":true,""core"":0,""earliest_start"":73045118.22222234,""predicted_cycles"":1796723.2123325893,""predicted_finish"":74841841.43455493,""refetch"":3.0},{""admissible"":false,""core"":1,""earliest_start"":73101148.46060619,""predicted_cycles"":5716741.774680398,""predicted_finish"":78817890.2352866,""refetch"":5.0}]"
v3_captured_mixed_heldout_bfcl_t96_l26,fixed_4+2,port_tight,96,44,45,3,False,0,1,17301504,17301504,34603008.0,-17301504.0,-16.5,1.0,2.0,1.0,0,clean,100011437.51111133,[]
v3_captured_mixed_heldout_bfcl_t96_l26,fixed_4+2,port_tight,96,45,46,3,False,0,1,17301504,17301504,34603008.0,-17301504.0,-16.5,1.0,2.0,1.0,0,clean,100610375.72063515,[]
v3_captured_mixed_heldout_bfcl_t96_l26,fixed_4+2,port_tight,96,48,49,9,False,0,1,17301504,51904512.0,86507520.0,-34603008.0,-33.0,3.0,5.0,3.0,0,all_cores_refetch,74841300.85079375,"[{""admissible"":true,""core"":0,""earliest_start"":74841804.85079375,""predicted_cycles"":1796723.2123325893,""predicted_finish"":76638528.06312634,""refetch"":3.0},{""admissible"":false,""core"":1,""earliest_start"":78779891.34545466,""predicted_cycles"":5716741.774680398,""predicted_finish"":84496633.12013507,""refetch"":5.0}]"
v3_captured_mixed_heldout_bfcl_t96_l26,fixed_4+2,port_tight,96,51,52,17,False,1,0,17301504,155713536.0,86507520.0,69206016.0,66.0,9.0,5.0,5.0,0,all_cores_refetch,40891628.9939394,"[{""admissible"":false,""core"":0,""earliest_start"":44322144.152380966,""predicted_cycles"":2994499.0476190476,""predicted_finish"":47316643.20000001,""refetch"":5.0},{""admissible"":true,""core"":1,""earliest_start"":40892132.9939394,""predicted_cycles"":10289875.781818183,""predicted_finish"":51182008.77575758,""refetch"":9.0}]"
v3_captured_mixed_heldout_bfcl_t96_l26,fixed_4+2,port_tight,96,54,55,3,False,0,1,17301504,17301504,34603008.0,-17301504.0,-16.5,1.0,2.0,1.0,0,clean,101209313.93015894,[]
v3_captured_mixed_heldout_bfcl_t96_l26,fixed_4+2,port_tight,96,56,57,9,False,0,1,17301504,51904512.0,86507520.0,-34603008.0,-33.0,3.0,5.0,3.0,0,all_cores_refetch,78434674.10793664,"[{""admissible"":true,""core"":0,""earliest_start"":78435178.10793664,""predicted_cycles"":1796723.2123325893,""predicted_finish"":80231901.32026923,""refetch"":3.0},{""admissible"":false,""core"":1,""earliest_start"":78817739.00606075,""predicted_cycles"":5716741.774680398,""predicted_finish"":84534480.78074116,""refetch"":5.0}]"
v3_captured_mixed_heldout_bfcl_t96_l26,fixed_4+2,port_tight,96,58,59,14,False,0,1,17301504,69206016.0,121110528.0,-51904512.0,-49.5,4.0,7.0,4.0,0,all_cores_refetch,54470967.79682545,"[{""admissible"":true,""core"":0,""earliest_start"":54471471.79682545,""predicted_cycles"":2395588.283761161,""predicted_finish"":56867060.08058661,""refetch"":4.0},{""admissible"":false,""core"":1,""earliest_start"":60418895.272727385,""predicted_cycles"":8003387.283771307,""predicted_finish"":68422282.55649869,""refetch"":7.0}]"
v3_captured_mixed_heldout_bfcl_t96_l26,fixed_4+2,port_tight,96,60,61,11,False,1,0,17301504,103809024.0,51904512.0,51904512.0,49.5,6.0,3.0,3.0,0,all_cores_refetch,78817235.00606075,"[{""admissible"":false,""core"":0,""earliest_start"":80255721.30757082,""predicted_cycles"":1796723.2123325893,""predicted_finish"":82052444.5199034,""refetch"":3.0},{""admissible"":true,""core"":1,""earliest_start"":78817739.00606075,""predicted_cycles"":6860064.529225853,""predicted_finish"":85677803.5352866,""refetch"":6.0}]"
v3_captured_mixed_heldout_bfcl_t96_l26,fixed_4+2,port_tight,96,61,62,35,False,1,0,17301504,311427072.0,155713536.0,155713536.0,148.5,18.0,9.0,9.0,0,all_cores_refetch,20312149.721212123,"[{""admissible"":false,""core"":0,""earliest_start"":29976077.495652176,""predicted_cycles"":5389995.885714286,""predicted_finish"":35366073.38136646,""refetch"":9.0},{""admissible"":true,""core"":1,""earliest_start"":20312653.721212123,""predicted_cycles"":20579623.563636366,""predicted_finish"":40892277.28484849,""refetch"":18.0}]"
v3_captured_mixed_heldout_gpqa_t96_l13,fixed_4+2,port_tight,96,4,5,5,False,0,1,17301504,34603008.0,51904512.0,-17301504.0,-16.5,2.0,3.0,2.0,0,all_cores_refetch,80231414.73650803,"[{""admissible"":true,""core"":0,""earliest_start"":80231918.73650803,""predicted_cycles"":1197839.862760417,""predicted_finish"":81429758.59926844,""refetch"":2.0},{""admissible"":false,""core"":1,""earliest_start"":84473896.18181829,""predicted_cycles"":3429991.5889559663,""predicted_finish"":87903887.77077426,""refetch"":3.0}]"
v3_captured_mixed_heldout_gpqa_t96_l13,fixed_4+2,port_tight,96,9,11,10,False,0,1,17301504,51904512.0,86507520.0,-34603008.0,-33.0,3.0,5.0,3.0,0,all_cores_refetch,64061235.07936512,"[{""admissible"":true,""core"":0,""earliest_start"":64061739.07936512,""predicted_cycles"":1796723.2123325893,""predicted_finish"":65858462.29169771,""refetch"":3.0},{""admissible"":false,""core"":1,""earliest_start"":65098001.29696976,""predicted_cycles"":5716741.774680398,""predicted_finish"":70814743.07165015,""refetch"":5.0}]"
v3_captured_mixed_heldout_gpqa_t96_l13,fixed_4+2,port_tight,96,11,13,11,False,1,0,17301504,103809024.0,51904512.0,51904512.0,49.5,6.0,3.0,3.0,0,all_cores_refetch,65097497.29696976,"[{""admissible"":false,""core"":0,""earliest_start"":65846466.03809529,""predicted_cycles"":1796723.2123325893,""predicted_finish"":67643189.25042787,""refetch"":3.0},{""admissible"":true,""core"":1,""earliest_start"":65098001.29696976,""predicted_cycles"":6860064.529225853,""predicted_finish"":71958065.82619561,""refetch"":6.0}]"
v3_captured_mixed_heldout_gpqa_t96_l13,fixed_4+2,port_tight,96,12,14,6,False,0,1,17301504,34603008.0,51904512.0,-17301504.0,-16.5,2.0,3.0,2.0,0,all_cores_refetch,83832757.9238096,"[{""admissible"":true,""core"":0,""earliest_start"":83833261.9238096,""predicted_cycles"":1197839.862760417,""predicted_finish"":85031101.78657001,""refetch"":2.0},{""admissible"":false,""core"":1,""earliest_start"":84519290.41212133,""predicted_cycles"":3429991.5889559663,""predicted_finish"":87949282.0010773,""refetch"":3.0}]"
v3_captured_mixed_heldout_gpqa_t96_l13,fixed_4+2,port_tight,96,13,15,15,False,1,0,17301504,138412032.0,69206016.0,69206016.0,66.0,8.0,4.0,4.0,0,all_cores_refetch,42140640.27878787,"[{""admissible"":false,""core"":0,""earliest_start"":43675621.3904762,""predicted_cycles"":2395588.283761161,""predicted_finish"":46071209.674237356,""refetch"":4.0},{""admissible"":true,""core"":1,""earliest_start"":42141144.27878787,""predicted_cycles"":9146710.038316764,""predicted_finish"":51287854.31710464,""refetch"":8.0}]"
v3_captured_mixed_heldout_gpqa_t96_l13,fixed_4+2,port_tight,96,14,16,8,False,1,0,17301504,69206016.0,34603008.0,34603008.0,33.0,4.0,2.0,2.0,0,all_cores_refetch,84518786.41212133,"[{""admissible"":false,""core"":0,""earliest_start"":85023067.63809535,""predicted_cycles"":1197839.862760417,""predicted_finish"":86220907.50085576,""refetch"":2.0},{""admissible"":true,""core"":1,""earliest_start"":84519290.41212133,""predicted_cycles"":4573279.45259233,""predicted_finish"":89092569.86471365,""refetch"":4.0}]"
v3_captured_mixed_heldout_gpqa_t96_l13,fixed_4+2,port_tight,96,15,17,6,False,0,1,17301504,34603008.0,51904512.0,-17301504.0,-16.5,2.0,3.0,2.0,0,all_cores_refetch,85030570.34285726,"[{""admissible"":true,""core"":0,""earliest_start"":85031074.34285726,""predicted_cycles"":1197839.862760417,""predicted_finish"":86228914.20561767,""refetch"":2.0},{""admissible"":false,""core"":1,""earliest_start"":89183343.19804698,""predicted_cycles"":3429991.5889559663,""predicted_finish"":92613334.78700295,""refetch"":3.0}]"
v3_captured_mixed_heldout_gpqa_t96_l13,fixed_4+2,port_tight,96,17,19,5,False,0,1,17301504,34603008.0,51904512.0,-17301504.0,-16.5,2.0,3.0,2.0,0,all_cores_refetch,86228382.7619049,"[{""admissible"":true,""core"":0,""earliest_start"":86228886.7619049,""predicted_cycles"":1197839.862760417,""predicted_finish"":87426726.6246653,""refetch"":2.0},{""admissible"":false,""core"":1,""earliest_start"":89092460.83636384,""predicted_cycles"":3429991.5889559663,""predicted_finish"":92522452.4253198,""refetch"":3.0}]"
v3_captured_mixed_heldout_gpqa_t96_l13,fixed_4+2,port_tight,96,19,21,10,False,0,1,17301504,51904512.0,86507520.0,-34603008.0,-33.0,3.0,5.0,3.0,0,all_cores_refetch,65857921.707936555,"[{""admissible"":true,""core"":0,""earliest_start"":65858425.707936555,""predicted_cycles"":1796723.2123325893,""predicted_finish"":67655148.92026915,""refetch"":3.0},{""admissible"":false,""core"":1,""earliest_start"":72033746.020135,""predicted_cycles"":5716741.774680398,""predicted_finish"":77750487.79481539,""refetch"":5.0}]"
v3_captured_mixed_heldout_gpqa_t96_l13,fixed_4+2,port_tight,96,21,23,9,False,0,1,17301504,51904512.0,86507520.0,-34603008.0,-33.0,3.0,5.0,3.0,0,all_cores_refetch,67654608.336508,"[{""admissible"":true,""core"":0,""earliest_start"":67655112.336508,""predicted_cycles"":1796723.2123325893,""predicted_finish"":69451835.5488406,""refetch"":3.0},{""admissible"":false,""core"":1,""earliest_start"":71897409.78181827,""predicted_cycles"":5716741.774680398,""predicted_finish"":77614151.55649868,""refetch"":5.0}]"
v3_captured_mixed_heldout_gpqa_t96_l13,fixed_4+2,port_tight,96,22,24,5,False,0,1,17301504,34603008.0,51904512.0,-17301504.0,-16.5,2.0,3.0,2.0,0,all_cores_refetch,87426195.1809525,"[{""admissible"":true,""core"":0,""earliest_start"":87426699.1809525,""predicted_cycles"":1197839.862760417,""predicted_finish"":88624539.04371291,""refetch"":2.0},{""admissible"":false,""core"":1,""earliest_start"":89092460.8363638,""predicted_cycles"":3429991.5889559663,""predicted_finish"":92522452.42531978,""refetch"":3.0}]"
v3_captured_mixed_heldout_gpqa_t96_l13,fixed_4+2,port_tight,96,23,25,10,False,0,1,17301504,51904512.0,86507520.0,-34603008.0,-33.0,3.0,5.0,3.0,0,all_cores_refetch,69451294.96507944,"[{""admissible"":true,""core"":0,""earliest_start"":69451798.96507944,""predicted_cycles"":1796723.2123325893,""predicted_finish"":71248522.17741203,""refetch"":3.0},{""admissible"":false,""core"":1,""earliest_start"":71897409.78181827,""predicted_cycles"":5716741.774680398,""predicted_finish"":77614151.55649868,""refetch"":5.0}]"
v3_captured_mixed_heldout_gpqa_t96_l13,fixed_4+2,port_tight,96,26,28,3,False,0,1,17301504,17301504,34603008.0,-17301504.0,-16.5,1.0,2.0,1.0,0,clean,99412477.5174605,[]
v3_captured_mixed_heldout_gpqa_t96_l13,fixed_4+2,port_tight,96,27,29,9,False,0,1,17301504,51904512.0,86507520.0,-34603008.0,-33.0,3.0,5.0,3.0,0,all_cores_refetch,71247981.59365088,"[{""admissible"":true,""core"":0,""earliest_start"":71248485.59365088,""predicted_cycles"":1796723.2123325893,""predicted_finish"":73045208.80598347,""refetch"":3.0},{""admissible"":false,""core"":1,""earliest_start"":71942804.0121213,""predicted_cycles"":5716741.774680398,""predicted_finish"":77659545.7868017,""refetch"":5.0}]"
v3_captured_mixed_heldout_gpqa_t96_l13,fixed_4+2,port_tight,96,30,32,10,False,0,1,17301504,51904512.0,86507520.0,-34603008.0,-33.0,3.0,5.0,3.0,0,all_cores_refetch,73044668.22222231,"[{""admissible"":true,""core"":0,""earliest_start"":73045172.22222231,""predicted_cycles"":1796723.2123325893,""predicted_finish"":74841895.4345549,""refetch"":3.0},{""admissible"":false,""core"":1,""earliest_start"":77750319.12013504,""predicted_cycles"":5716741.774680398,""predicted_finish"":83467060.89481544,""refetch"":5.0}]"
v3_captured_mixed_heldout_gpqa_t96_l13,fixed_4+2,port_tight,96,33,35,23,False,1,0,17301504,207618048.0,103809024.0,103809024.0,99.0,12.0,6.0,6.0,0,all_cores_refetch,15799291.042424241,"[{""admissible"":false,""core"":0,""earliest_start"":29976067.49565217,""predicted_cycles"":3593373.257142857,""predicted_finish"":33569440.752795026,""refetch"":6.0},{""admissible"":true,""core"":1,""earliest_start"":15799795.042424241,""predicted_cycles"":13719791.70909091,""predicted_finish"":29519586.75151515,""refetch"":12.0}]"
v3_captured_mixed_heldout_gpqa_t96_l13,fixed_4+2,port_tight,96,34,36,7,False,1,0,17301504,69206016.0,34603008.0,34603008.0,33.0,4.0,2.0,2.0,0,all_cores_refetch,89122257.92727289,"[{""admissible"":false,""core"":0,""earliest_start"":89814317.31428586,""predicted_cycles"":1197839.862760417,""predicted_finish"":91012157.17704627,""refetch"":2.0},{""admissible"":true,""core"":1,""earliest_start"":89122761.92727289,""predicted_cycles"":4573279.45259233,""predicted_finish"":93696041.37986521,""refetch"":4.0}]"
v3_captured_mixed_heldout_gpqa_t96_l13,fixed_4+2,port_tight,96,42,44,6,False,0,1,17301504,34603008.0,51904512.0,-17301504.0,-16.5,2.0,3.0,2.0,0,all_cores_refetch,92217444.85714298,"[{""admissible"":true,""core"":0,""earliest_start"":92217948.85714298,""predicted_cycles"":1197839.862760417,""predicted_finish"":93415788.7199034,""refetch"":2.0},{""admissible"":false,""core"":1,""earliest_start"":93665746.07272744,""predicted_cycles"":3429991.5889559663,""predicted_finish"":97095737.66168341,""refetch"":3.0}]"
v3_captured_mixed_heldout_gpqa_t96_l13,fixed_4+2,port_tight,96,45,47,11,False,1,0,17301504,103809024.0,51904512.0,51904512.0,49.5,6.0,3.0,3.0,0,all_cores_refetch,77673983.69696979,"[{""admissible"":false,""core"":0,""earliest_start"":78423272.43809533,""predicted_cycles"":1796723.2123325893,""predicted_finish"":80219995.65042792,""refetch"":3.0},{""admissible"":true,""core"":1,""earliest_start"":77674487.69696979,""predicted_cycles"":6860064.529225853,""predicted_finish"":84534552.22619565,""refetch"":6.0}]"
v3_captured_mixed_heldout_gpqa_t96_l13,fixed_4+2,port_tight,96,46,48,21,False,1,0,17301504,190316544.0,103809024.0,86507520.0,82.5,11.0,6.0,6.0,0,all_cores_refetch,29549124.739393942,"[{""admissible"":false,""core"":0,""earliest_start"":29786197.171842646,""predicted_cycles"":3593373.257142857,""predicted_finish"":33379570.428985503,""refetch"":6.0},{""admissible"":true,""core"":1,""earliest_start"":29549628.739393942,""predicted_cycles"":12576486.400000002,""predicted_finish"":42126115.13939394,""refetch"":11.0}]"
v3_captured_mixed_heldout_gpqa_t96_l13,fixed_4+2,port_tight,96,51,55,10,False,0,1,17301504,51904512.0,86507520.0,-34603008.0,-33.0,3.0,5.0,3.0,0,all_cores_refetch,78434728.10793658,"[{""admissible"":true,""core"":0,""earliest_start"":78435232.10793658,""predicted_cycles"":1796723.2123325893,""predicted_finish"":80231955.32026917,""refetch"":3.0},{""admissible"":false,""core"":1,""earliest_start"":84610232.42013504,""predicted_cycles"":5716741.774680398,""predicted_finish"":90326974.19481543,""refetch"":5.0}]"
v3_captured_mixed_heldout_gpqa_t96_l13,fixed_4+2,port_tight,96,55,60,6,False,0,1,17301504,34603008.0,51904512.0,-17301504.0,-16.5,2.0,3.0,2.0,0,all_cores_refetch,94613069.6952382,"[{""admissible"":true,""core"":0,""earliest_start"":94613573.6952382,""predicted_cycles"":1197839.862760417,""predicted_finish"":95811413.55799861,""refetch"":2.0},{""admissible"":false,""core"":1,""earliest_start"":97118365.709091,""predicted_cycles"":3429991.5889559663,""predicted_finish"":100548357.29804696,""refetch"":3.0}]"
v3_captured_mixed_heldout_gpqa_t96_l13,fixed_4+2,port_tight,96,58,63,28,False,1,0,17301504,242221056.0,121110528.0,121110528.0,115.5,14.0,7.0,7.0,0,all_cores_refetch,4654.0,"[{""admissible"":false,""core"":0,""earliest_start"":29948740.476190474,""predicted_cycles"":4192247.466666667,""predicted_finish"":34140987.94285714,""refetch"":7.0},{""admissible"":true,""core"":1,""earliest_start"":4636.0,""predicted_cycles"":16006402.327272728,""predicted_finish"":16011038.327272728,""refetch"":14.0}]"
v3_captured_mixed_heldout_gpqa_t96_l2,fixed_4+2,port_tight,96,3,3,10,False,1,0,17301504,86507520.0,51904512.0,34603008.0,33.0,5.0,3.0,3.0,0,all_cores_refetch,46774442.0727273,"[{""admissible"":false,""core"":0,""earliest_start"":48514562.20280881,""predicted_cycles"":1796723.2123325893,""predicted_finish"":50311285.4151414,""refetch"":3.0},{""admissible"":true,""core"":1,""earliest_start"":46774946.0727273,""predicted_cycles"":5716741.774680398,""predicted_finish"":52491687.8474077,""refetch"":5.0}]"
v3_captured_mixed_heldout_gpqa_t96_l2,fixed_4+2,port_tight,96,5,5,9,False,0,1,17301504,51904512.0,86507520.0,-34603008.0,-33.0,3.0,5.0,3.0,0,all_cores_refetch,48490201.63174606,"[{""admissible"":true,""core"":0,""earliest_start"":48490705.63174606,""predicted_cycles"":1796723.2123325893,""predicted_finish"":50287428.84407865,""refetch"":3.0},{""admissible"":false,""core"":1,""earliest_start"":52483875.23636367,""predicted_cycles"":5716741.774680398,""predicted_finish"":58200617.01104407,""refetch"":5.0}]"
v3_captured_mixed_heldout_gpqa_t96_l2,fixed_4+2,port_tight,96,6,6,7,False,1,0,17301504,69206016.0,34603008.0,34603008.0,33.0,4.0,2.0,2.0,0,all_cores_refetch,77674191.6969698,"[{""admissible"":false,""core"":0,""earliest_start"":78435403.33333346,""predicted_cycles"":1197839.862760417,""predicted_finish"":79633243.19609387,""refetch"":2.0},{""admissible"":true,""core"":1,""earliest_start"":77674695.6969698,""predicted_cycles"":4573349.236363637,""predicted_finish"":82248044.93333344,""refetch"":4.0}]"
v3_captured_mixed_heldout_gpqa_t96_l2,fixed_4+2,port_tight,96,10,10,6,False,0,1,17301504,34603008.0,51904512.0,-17301504.0,-16.5,2.0,3.0,2.0,0,all_cores_refetch,79640718.45714296,"[{""admissible"":true,""core"":0,""earliest_start"":79641222.45714296,""predicted_cycles"":1197839.862760417,""predicted_finish"":80839062.31990337,""refetch"":2.0},{""admissible"":false,""core"":1,""earliest_start"":82232772.98181833,""predicted_cycles"":3430043.9272727277,""predicted_finish"":85662816.90909106,""refetch"":3.0}]"
v3_captured_mixed_heldout_gpqa_t96_l2,fixed_4+2,port_tight,96,11,11,10,False,0,1,17301504,51904512.0,86507520.0,-34603008.0,-33.0,3.0,5.0,3.0,0,all_cores_refetch,52083574.88888893,"[{""admissible"":true,""core"":0,""earliest_start"":52084078.88888893,""predicted_cycles"":1796723.2123325893,""predicted_finish"":53880802.101221524,""refetch"":3.0},{""admissible"":false,""core"":1,""earliest_start"":52521722.89696975,""predicted_cycles"":5716741.774680398,""predicted_finish"":58238464.67165015,""refetch"":5.0}]"
v3_captured_mixed_heldout_gpqa_t96_l2,fixed_4+2,port_tight,96,13,13,6,False,0,1,17301504,34603008.0,51904512.0,-17301504.0,-16.5,2.0,3.0,2.0,0,all_cores_refetch,80838530.87619057,"[{""admissible"":true,""core"":0,""earliest_start"":80839034.87619057,""predicted_cycles"":1197839.862760417,""predicted_finish"":82036874.73895098,""refetch"":2.0},{""admissible"":false,""core"":1,""earliest_start"":82232772.9818183,""predicted_cycles"":3430043.9272727277,""predicted_finish"":85662816.90909103,""refetch"":3.0}]"
v3_captured_mixed_heldout_gpqa_t96_l2,fixed_4+2,port_tight,96,15,15,17,False,1,0,17301504,155713536.0,86507520.0,69206016.0,66.0,9.0,5.0,5.0,0,all_cores_refetch,4734.0,"[{""admissible"":false,""core"":0,""earliest_start"":29948820.476190474,""predicted_cycles"":2994499.0476190476,""predicted_finish"":32943319.523809522,""refetch"":5.0},{""admissible"":true,""core"":1,""earliest_start"":4716.0,""predicted_cycles"":10289875.781818183,""predicted_finish"":10294591.781818183,""refetch"":9.0}]"
v3_captured_mixed_heldout_gpqa_t96_l2,fixed_4+2,port_tight,96,24,24,5,False,0,1,17301504,34603008.0,51904512.0,-17301504.0,-16.5,2.0,3.0,2.0,0,all_cores_refetch,84431968.13333347,"[{""admissible"":true,""core"":0,""earliest_start"":84432472.13333347,""predicted_cycles"":1197839.862760417,""predicted_finish"":85630311.99609388,""refetch"":2.0},{""admissible"":false,""core"":1,""earliest_start"":85685392.61818197,""predicted_cycles"":3430043.9272727277,""predicted_finish"":89115436.5454547,""refetch"":3.0}]"
v3_captured_mixed_heldout_gpqa_t96_l2,fixed_4+2,port_tight,96,26,26,10,False,0,1,17301504,51904512.0,86507520.0,-34603008.0,-33.0,3.0,5.0,3.0,0,all_cores_refetch,57473634.77460324,"[{""admissible"":true,""core"":0,""earliest_start"":57474138.77460324,""predicted_cycles"":1796723.2123325893,""predicted_finish"":59270861.98693583,""refetch"":3.0},{""admissible"":false,""core"":1,""earliest_start"":58238313.44242432,""predicted_cycles"":5716741.774680398,""predicted_finish"":63955055.21710472,""refetch"":5.0}]"
v3_captured_mixed_heldout_gpqa_t96_l2,fixed_4+2,port_tight,96,27,27,12,False,1,0,17301504,103809024.0,51904512.0,51904512.0,49.5,6.0,3.0,3.0,0,all_cores_refetch,58237809.44242432,"[{""admissible"":false,""core"":0,""earliest_start"":59258865.73333341,""predicted_cycles"":1796723.2123325893,""predicted_finish"":61055588.945666,""refetch"":3.0},{""admissible"":true,""core"":1,""earliest_start"":58238313.44242432,""predicted_cycles"":6860064.529225853,""predicted_finish"":65098377.971650176,""refetch"":6.0}]"
v3_captured_mixed_heldout_gpqa_t96_l2,fixed_4+2,port_tight,96,28,28,7,False,1,0,17301504,69206016.0,34603008.0,34603008.0,33.0,4.0,2.0,2.0,0,all_cores_refetch,85707643.13939406,"[{""admissible"":false,""core"":0,""earliest_start"":86844038.47228433,""predicted_cycles"":1197839.862760417,""predicted_finish"":88041878.33504474,""refetch"":2.0},{""admissible"":true,""core"":1,""earliest_start"":85708147.13939406,""predicted_cycles"":4573349.236363637,""predicted_finish"":90281496.3757577,""refetch"":4.0}]"
v3_captured_mixed_heldout_gpqa_t96_l2,fixed_4+2,port_tight,96,29,29,9,False,0,1,17301504,51904512.0,86507520.0,-34603008.0,-33.0,3.0,5.0,3.0,0,all_cores_refetch,59270321.40317469,"[{""admissible"":true,""core"":0,""earliest_start"":59270825.40317469,""predicted_cycles"":1796723.2123325893,""predicted_finish"":61067548.61550728,""refetch"":3.0},{""admissible"":false,""core"":1,""earliest_start"":65174058.16558958,""predicted_cycles"":5716741.774680398,""predicted_finish"":70890799.94026998,""refetch"":5.0}]"
v3_captured_mixed_heldout_gpqa_t96_l2,fixed_4+2,port_tight,96,30,30,13,False,1,0,17301504,121110528.0,69206016.0,51904512.0,49.5,7.0,4.0,4.0,0,all_cores_refetch,30737853.466666672,"[{""admissible"":false,""core"":0,""earliest_start"":32883850.723809518,""predicted_cycles"":2395588.283761161,""predicted_finish"":35279439.00757068,""refetch"":4.0},{""admissible"":true,""core"":1,""earliest_start"":30738357.466666672,""predicted_cycles"":8003387.283771307,""predicted_finish"":38741744.75043798,""refetch"":7.0}]"
v3_captured_mixed_heldout_gpqa_t96_l2,fixed_4+2,port_tight,96,31,31,6,False,0,1,17301504,34603008.0,51904512.0,-17301504.0,-16.5,2.0,3.0,2.0,0,all_cores_refetch,86827592.97142866,"[{""admissible"":true,""core"":0,""earliest_start"":86828096.97142866,""predicted_cycles"":1197839.862760417,""predicted_finish"":88025936.83418907,""refetch"":2.0},{""admissible"":false,""core"":1,""earliest_start"":90326990.2909092,""predicted_cycles"":3430043.9272727277,""predicted_finish"":93757034.21818192,""refetch"":3.0}]"
v3_captured_mixed_heldout_gpqa_t96_l2,fixed_4+2,port_tight,96,33,33,5,False,0,1,17301504,34603008.0,51904512.0,-17301504.0,-16.5,2.0,3.0,2.0,0,all_cores_refetch,88025405.39047629,"[{""admissible"":true,""core"":0,""earliest_start"":88025909.39047629,""predicted_cycles"":1197839.862760417,""predicted_finish"":89223749.2532367,""refetch"":2.0},{""admissible"":false,""core"":1,""earliest_start"":90236038.14545463,""predicted_cycles"":3430043.9272727277,""predicted_finish"":93666082.07272735,""refetch"":3.0}]"
v3_captured_mixed_heldout_gpqa_t96_l2,fixed_4+2,port_tight,96,34,34,10,False,0,1,17301504,51904512.0,86507520.0,-34603008.0,-33.0,3.0,5.0,3.0,0,all_cores_refetch,62863694.66031755,"[{""admissible"":true,""core"":0,""earliest_start"":62864198.66031755,""predicted_cycles"":1796723.2123325893,""predicted_finish"":64660921.87265014,""refetch"":3.0},{""admissible"":false,""core"":1,""earliest_start"":65037721.927272834,""predicted_cycles"":5716741.774680398,""predicted_finish"":70754463.70195323,""refetch"":5.0}]"
v3_captured_mixed_heldout_gpqa_t96_l2,fixed_4+2,port_tight,96,40,40,8,False,1,0,17301504,69206016.0,34603008.0,34603008.0,33.0,4.0,2.0,2.0,0,all_cores_refetch,90265835.23636374,"[{""admissible"":false,""core"":0,""earliest_start"":90421534.22857152,""predicted_cycles"":1197839.862760417,""predicted_finish"":91619374.09133193,""refetch"":2.0},{""admissible"":true,""core"":1,""earliest_start"":90266339.23636374,""predicted_cycles"":4573349.236363637,""predicted_finish"":94839688.47272737,""refetch"":4.0}]"
v3_captured_mixed_heldout_gpqa_t96_l2,fixed_4+2,port_tight,96,41,41,12,False,1,0,17301504,103809024.0,51904512.0,51904512.0,49.5,6.0,3.0,3.0,0,all_cores_refetch,65082612.15757585,"[{""admissible"":false,""core"":0,""earliest_start"":66481428.48852316,""predicted_cycles"":1796723.2123325893,""predicted_finish"":68278151.70085575,""refetch"":3.0},{""admissible"":true,""core"":1,""earliest_start"":65083116.15757585,""predicted_cycles"":6860064.529225853,""predicted_finish"":71943180.6868017,""refetch"":6.0}]"
v3_captured_mixed_heldout_gpqa_t96_l2,fixed_4+2,port_tight,96,43,43,18,False,1,0,17301504,155713536.0,86507520.0,69206016.0,66.0,9.0,5.0,5.0,0,all_cores_refetch,10158310.193939395,"[{""admissible"":false,""core"":0,""earliest_start"":29406792.5242236,""predicted_cycles"":2994499.0476190476,""predicted_finish"":32401291.571842648,""refetch"":5.0},{""admissible"":true,""core"":1,""earliest_start"":10158814.193939395,""predicted_cycles"":10289875.781818183,""predicted_finish"":20448689.975757577,""refetch"":9.0}]"
v3_captured_mixed_heldout_gpqa_t96_l2,fixed_4+2,port_tight,96,51,51,14,False,1,0,17301504,121110528.0,69206016.0,51904512.0,49.5,7.0,4.0,4.0,0,all_cores_refetch,38771240.90909093,"[{""admissible"":false,""core"":0,""earliest_start"":40082392.133333355,""predicted_cycles"":2395588.283761161,""predicted_finish"":42477980.417094514,""refetch"":4.0},{""admissible"":true,""core"":1,""earliest_start"":38771744.90909093,""predicted_cycles"":8003387.283771307,""predicted_finish"":46775132.192862235,""refetch"":7.0}]"
v3_captured_mixed_heldout_gpqa_t96_l2,fixed_4+2,port_tight,96,53,53,10,False,0,1,17301504,51904512.0,86507520.0,-34603008.0,-33.0,3.0,5.0,3.0,0,all_cores_refetch,70050441.17460328,"[{""admissible"":true,""core"":0,""earliest_start"":70050945.17460328,""predicted_cycles"":1796723.2123325893,""predicted_finish"":71847668.38693587,""refetch"":3.0},{""admissible"":false,""core"":1,""earliest_start"":71897617.7818183,""predicted_cycles"":5716741.774680398,""predicted_finish"":77614359.5564987,""refetch"":5.0}]"
v3_captured_mixed_heldout_gpqa_t96_l2,fixed_4+2,port_tight,96,54,54,10,False,0,1,17301504,51904512.0,86507520.0,-34603008.0,-33.0,3.0,5.0,3.0,0,all_cores_refetch,71847127.8031747,"[{""admissible"":true,""core"":0,""earliest_start"":71847631.8031747,""predicted_cycles"":1796723.2123325893,""predicted_finish"":73644355.0155073,""refetch"":3.0},{""admissible"":false,""core"":1,""earliest_start"":71943012.0121213,""predicted_cycles"":5716741.774680398,""predicted_finish"":77659753.7868017,""refetch"":5.0}]"
v3_captured_mixed_heldout_gpqa_t96_l2,fixed_4+2,port_tight,96,56,56,6,False,0,1,17301504,34603008.0,51904512.0,-17301504.0,-16.5,2.0,3.0,2.0,0,all_cores_refetch,94014467.48571439,"[{""admissible"":true,""core"":0,""earliest_start"":94014971.48571439,""predicted_cycles"":1197839.862760417,""predicted_finish"":95212811.3484748,""refetch"":2.0},{""admissible"":false,""core"":1,""earliest_start"":94839624.47272739,""predicted_cycles"":3430043.9272727277,""predicted_finish"":98269668.40000011,""refetch"":3.0}]"
v3_captured_mixed_heldout_gpqa_t96_l2,fixed_4+2,port_tight,96,61,61,10,False,0,1,17301504,51904512.0,86507520.0,-34603008.0,-33.0,3.0,5.0,3.0,0,all_cores_refetch,75440501.06031756,"[{""admissible"":true,""core"":0,""earliest_start"":75441005.06031756,""predicted_cycles"":1796723.2123325893,""predicted_finish"":77237728.27265015,""refetch"":3.0},{""admissible"":false,""core"":1,""earliest_start"":77636848.03636374,""predicted_cycles"":5716741.774680398,""predicted_finish"":83353589.81104413,""refetch"":5.0}]"
v3_captured_mixed_heldout_gpqa_t96_l26,fixed_4+2,port_tight,96,1,1,5,False,0,1,17301504,34603008.0,51904512.0,-17301504.0,-16.5,2.0,3.0,2.0,0,all_cores_refetch,77237111.68888903,"[{""admissible"":true,""core"":0,""earliest_start"":77237615.68888903,""predicted_cycles"":1197839.862760417,""predicted_finish"":78435455.55164944,""refetch"":2.0},{""admissible"":false,""core"":1,""earliest_start"":81066751.9636365,""predicted_cycles"":3429991.5889559663,""predicted_finish"":84496743.55259247,""refetch"":3.0}]"
v3_captured_mixed_heldout_gpqa_t96_l26,fixed_4+2,port_tight,96,6,6,9,False,1,0,17301504,86507520.0,51904512.0,34603008.0,33.0,5.0,3.0,3.0,0,all_cores_refetch,50204346.00000007,"[{""admissible"":false,""core"":0,""earliest_start"":50279410.330158785,""predicted_cycles"":1796723.2123325893,""predicted_finish"":52076133.54249138,""refetch"":3.0},{""admissible"":true,""core"":1,""earliest_start"":50204850.00000007,""predicted_cycles"":5716741.774680398,""predicted_finish"":55921591.774680465,""refetch"":5.0}]"
v3_captured_mixed_heldout_gpqa_t96_l26,fixed_4+2,port_tight,96,10,10,18,False,1,0,17301504,155713536.0,86507520.0,69206016.0,66.0,9.0,5.0,5.0,0,all_cores_refetch,4722.0,"[{""admissible"":false,""core"":0,""earliest_start"":29948808.476190474,""predicted_cycles"":2994499.0476190476,""predicted_finish"":32943307.523809522,""refetch"":5.0},{""admissible"":true,""core"":1,""earliest_start"":4704.0,""predicted_cycles"":10289875.781818183,""predicted_finish"":10294579.781818183,""refetch"":9.0}]"
v3_captured_mixed_heldout_gpqa_t96_l26,fixed_4+2,port_tight,96,11,11,19,False,1,0,17301504,173015040.0,86507520.0,86507520.0,82.5,10.0,5.0,5.0,0,all_cores_refetch,10158298.193939395,"[{""admissible"":false,""core"":0,""earliest_start"":29406780.5242236,""predicted_cycles"":2994499.0476190476,""predicted_finish"":32401279.571842648,""refetch"":5.0},{""admissible"":true,""core"":1,""earliest_start"":10158802.193939395,""predicted_cycles"":11433181.090909092,""predicted_finish"":21591983.28484849,""refetch"":10.0}]"
v3_captured_mixed_heldout_gpqa_t96_l26,fixed_4+2,port_tight,96,13,13,6,False,0,1,17301504,34603008.0,51904512.0,-17301504.0,-16.5,2.0,3.0,2.0,0,all_cores_refetch,83234079.7142859,"[{""admissible"":true,""core"":0,""earliest_start"":83234583.7142859,""predicted_cycles"":1197839.862760417,""predicted_finish"":84432423.5770463,""refetch"":2.0},{""admissible"":false,""core"":1,""earliest_start"":84542011.30909109,""predicted_cycles"":3429991.5889559663,""predicted_finish"":87972002.89804706,""refetch"":3.0}]"
v3_captured_mixed_heldout_gpqa_t96_l26,fixed_4+2,port_tight,96,19,19,5,False,0,1,17301504,34603008.0,51904512.0,-17301504.0,-16.5,2.0,3.0,2.0,0,all_cores_refetch,84431892.1333335,"[{""admissible"":true,""core"":0,""earliest_start"":84432396.1333335,""predicted_cycles"":1197839.862760417,""predicted_finish"":85630235.99609391,""refetch"":2.0},{""admissible"":false,""core"":1,""earliest_start"":84564765.83030324,""predicted_cycles"":3429991.5889559663,""predicted_finish"":87994757.4192592,""refetch"":3.0}]"
v3_captured_mixed_heldout_gpqa_t96_l26,fixed_4+2,port_tight,96,21,21,12,False,1,0,17301504,103809024.0,51904512.0,51904512.0,49.5,6.0,3.0,3.0,0,all_cores_refetch,55951122.82424251,"[{""admissible"":false,""core"":0,""earliest_start"":57497919.345666,""predicted_cycles"":1796723.2123325893,""predicted_finish"":59294642.55799859,""refetch"":3.0},{""admissible"":true,""core"":1,""earliest_start"":55951626.82424251,""predicted_cycles"":6860064.529225853,""predicted_finish"":62811691.353468366,""refetch"":6.0}]"
v3_captured_mixed_heldout_gpqa_t96_l26,fixed_4+2,port_tight,96,25,25,9,False,0,1,17301504,51904512.0,86507520.0,-34603008.0,-33.0,3.0,5.0,3.0,0,all_cores_refetch,59270245.40317468,"[{""admissible"":true,""core"":0,""earliest_start"":59270749.40317468,""predicted_cycles"":1796723.2123325893,""predicted_finish"":61067472.615507275,""refetch"":3.0},{""admissible"":false,""core"":1,""earliest_start"":62751035.30909102,""predicted_cycles"":5716741.774680398,""predicted_finish"":68467777.08377141,""refetch"":5.0}]"
v3_captured_mixed_heldout_gpqa_t96_l26,fixed_4+2,port_tight,96,27,27,5,False,0,1,17301504,34603008.0,51904512.0,-17301504.0,-16.5,2.0,3.0,2.0,0,all_cores_refetch,86827516.97142874,"[{""admissible"":true,""core"":0,""earliest_start"":86828020.97142874,""predicted_cycles"":1197839.862760417,""predicted_finish"":88025860.83418915,""refetch"":2.0},{""admissible"":false,""core"":1,""earliest_start"":87971991.23636383,""predicted_cycles"":3429991.5889559663,""predicted_finish"":91401982.8253198,""refetch"":3.0}]"
v3_captured_mixed_heldout_gpqa_t96_l26,fixed_4+2,port_tight,96,31,31,9,False,0,1,17301504,51904512.0,86507520.0,-34603008.0,-33.0,3.0,5.0,3.0,0,all_cores_refetch,62863618.660317555,"[{""admissible"":true,""core"":0,""earliest_start"":62864122.660317555,""predicted_cycles"":1796723.2123325893,""predicted_finish"":64660845.87265015,""refetch"":3.0},{""admissible"":false,""core"":1,""earliest_start"":68580352.43499795,""predicted_cycles"":5716741.774680398,""predicted_finish"":74297094.20967835,""refetch"":5.0}]"
v3_captured_mixed_heldout_gpqa_t96_l26,fixed_4+2,port_tight,96,34,34,10,False,0,1,17301504,51904512.0,86507520.0,-34603008.0,-33.0,3.0,5.0,3.0,0,all_cores_refetch,64660305.28888899,"[{""admissible"":true,""core"":0,""earliest_start"":64660809.28888899,""predicted_cycles"":1796723.2123325893,""predicted_finish"":66457532.50122158,""refetch"":3.0},{""admissible"":false,""core"":1,""earliest_start"":68490265.56363648,""predicted_cycles"":5716741.774680398,""predicted_finish"":74207007.33831689,""refetch"":5.0}]"
v3_captured_mixed_heldout_gpqa_t96_l26,fixed_4+2,port_tight,96,36,36,10,False,0,1,17301504,51904512.0,86507520.0,-34603008.0,-33.0,3.0,5.0,3.0,0,all_cores_refetch,66456991.91746042,"[{""admissible"":true,""core"":0,""earliest_start"":66457495.91746042,""predicted_cycles"":1796723.2123325893,""predicted_finish"":68254219.129793,""refetch"":3.0},{""admissible"":false,""core"":1,""earliest_start"":68490265.56363648,""predicted_cycles"":5716741.774680398,""predicted_finish"":74207007.33831689,""refetch"":5.0}]"
v3_captured_mixed_heldout_gpqa_t96_l26,fixed_4+2,port_tight,96,39,39,18,False,1,0,17301504,155713536.0,86507520.0,69206016.0,66.0,9.0,5.0,5.0,0,all_cores_refetch,21576241.854545455,"[{""admissible"":false,""core"":0,""earliest_start"":29976135.49565217,""predicted_cycles"":2994499.0476190476,""predicted_finish"":32970634.543271217,""refetch"":5.0},{""admissible"":true,""core"":1,""earliest_start"":21576745.854545455,""predicted_cycles"":10289875.781818183,""predicted_finish"":31866621.63636364,""refetch"":9.0}]"
v3_captured_mixed_heldout_gpqa_t96_l26,fixed_4+2,port_tight,96,42,42,10,False,0,1,17301504,51904512.0,86507520.0,-34603008.0,-33.0,3.0,5.0,3.0,0,all_cores_refetch,68253678.54603186,"[{""admissible"":true,""core"":0,""earliest_start"":68254182.54603186,""predicted_cycles"":1796723.2123325893,""predicted_finish"":70050905.75836445,""refetch"":3.0},{""admissible"":false,""core"":1,""earliest_start"":68528113.22424255,""predicted_cycles"":5716741.774680398,""predicted_finish"":74244854.99892294,""refetch"":5.0}]"
v3_captured_mixed_heldout_gpqa_t96_l26,fixed_4+2,port_tight,96,43,43,11,False,1,0,17301504,103809024.0,51904512.0,51904512.0,49.5,6.0,3.0,3.0,0,all_cores_refetch,68527609.22424255,"[{""admissible"":false,""core"":0,""earliest_start"":70074725.74566604,""predicted_cycles"":1796723.2123325893,""predicted_finish"":71871448.95799863,""refetch"":3.0},{""admissible"":true,""core"":1,""earliest_start"":68528113.22424255,""predicted_cycles"":6860064.529225853,""predicted_finish"":75388177.75346841,""refetch"":6.0}]"
v3_captured_mixed_heldout_gpqa_t96_l26,fixed_4+2,port_tight,96,46,46,7,False,1,0,17301504,69206016.0,34603008.0,34603008.0,33.0,4.0,2.0,2.0,0,all_cores_refetch,91424221.68484864,"[{""admissible"":false,""core"":0,""earliest_start"":91619270.64761917,""predicted_cycles"":1197839.862760417,""predicted_finish"":92817110.51037958,""refetch"":2.0},{""admissible"":true,""core"":1,""earliest_start"":91424725.68484864,""predicted_cycles"":4573279.45259233,""predicted_finish"":95998005.13744096,""refetch"":4.0}]"
v3_captured_mixed_heldout_gpqa_t96_l26,fixed_4+2,port_tight,96,49,49,9,False,0,1,17301504,51904512.0,86507520.0,-34603008.0,-33.0,3.0,5.0,3.0,0,all_cores_refetch,71847051.8031747,"[{""admissible"":true,""core"":0,""earliest_start"":71847555.8031747,""predicted_cycles"":1796723.2123325893,""predicted_finish"":73644279.0155073,""refetch"":3.0},{""admissible"":false,""core"":1,""earliest_start"":75327521.70909105,""predicted_cycles"":5716741.774680398,""predicted_finish"":81044263.48377144,""refetch"":5.0}]"
v3_captured_mixed_heldout_gpqa_t96_l26,fixed_4+2,port_tight,96,53,53,9,False,0,1,17301504,51904512.0,86507520.0,-34603008.0,-33.0,3.0,5.0,3.0,0,all_cores_refetch,73643738.43174616,"[{""admissible"":true,""core"":0,""earliest_start"":73644242.43174616,""predicted_cycles"":1796723.2123325893,""predicted_finish"":75440965.64407875,""refetch"":3.0},{""admissible"":false,""core"":1,""earliest_start"":75327521.70909105,""predicted_cycles"":5716741.774680398,""predicted_finish"":81044263.48377144,""refetch"":5.0}]"
v3_captured_mixed_heldout_gpqa_t96_l26,fixed_4+2,port_tight,96,54,54,6,False,0,1,17301504,34603008.0,51904512.0,-17301504.0,-16.5,2.0,3.0,2.0,0,all_cores_refetch,94014391.48571442,"[{""admissible"":true,""core"":0,""earliest_start"":94014895.48571442,""predicted_cycles"":1197839.862760417,""predicted_finish"":95212735.34847483,""refetch"":2.0},{""admissible"":false,""core"":1,""earliest_start"":95952616.69090927,""predicted_cycles"":3429991.5889559663,""predicted_finish"":99382608.27986524,""refetch"":3.0}]"
v3_captured_mixed_heldout_gpqa_t96_l26,fixed_4+2,port_tight,96,57,57,18,False,1,0,17301504,155713536.0,86507520.0,69206016.0,66.0,9.0,5.0,5.0,0,all_cores_refetch,31881146.77575758,"[{""admissible"":false,""core"":0,""earliest_start"":32883838.72380952,""predicted_cycles"":2994499.0476190476,""predicted_finish"":35878337.77142857,""refetch"":5.0},{""admissible"":true,""core"":1,""earliest_start"":31881650.77575758,""predicted_cycles"":10289875.781818183,""predicted_finish"":42171526.55757576,""refetch"":9.0}]"
v3_captured_mixed_heldout_gpqa_t96_l26,fixed_4+2,port_tight,96,58,58,10,False,0,1,17301504,51904512.0,86507520.0,-34603008.0,-33.0,3.0,5.0,3.0,0,all_cores_refetch,75440425.06031759,"[{""admissible"":true,""core"":0,""earliest_start"":75440929.06031759,""predicted_cycles"":1796723.2123325893,""predicted_finish"":77237652.27265018,""refetch"":3.0},{""admissible"":false,""core"":1,""earliest_start"":81157158.83499798,""predicted_cycles"":5716741.774680398,""predicted_finish"":86873900.60967839,""refetch"":5.0}]"
v3_captured_mixed_heldout_gpqa_t96_l26,fixed_4+2,port_tight,96,61,61,8,False,1,0,17301504,69206016.0,34603008.0,34603008.0,33.0,4.0,2.0,2.0,0,all_cores_refetch,95982413.78181835,"[{""admissible"":false,""core"":0,""earliest_start"":96402513.61904779,""predicted_cycles"":1197839.862760417,""predicted_finish"":97600353.4818082,""refetch"":2.0},{""admissible"":true,""core"":1,""earliest_start"":95982917.78181835,""predicted_cycles"":4573279.45259233,""predicted_finish"":100556197.23441067,""refetch"":4.0}]"
v3_captured_mixed_heldout_swe_t96_l13,fixed_4+2,port_tight,96,3,3,9,False,0,1,17301504,51904512.0,86507520.0,-34603008.0,-33.0,3.0,5.0,3.0,0,all_cores_refetch,70041897.24444452,"[{""admissible"":true,""core"":0,""earliest_start"":70042401.24444452,""predicted_cycles"":1796723.2123325893,""predicted_finish"":71839124.45677711,""refetch"":3.0},{""admissible"":false,""core"":1,""earliest_start"":77750116.0110441,""predicted_cycles"":5716741.774680398,""predicted_finish"":83466857.78572449,""refetch"":5.0}]"
v3_captured_mixed_heldout_swe_t96_l13,fixed_4+2,port_tight,96,6,6,43,False,1,0,17301504,380633088.0,190316544.0,190316544.0,181.5,22.0,11.0,11.0,0,all_cores_refetch,4608.0,"[{""admissible"":false,""core"":0,""earliest_start"":29948694.476190474,""predicted_cycles"":6587744.304761905,""predicted_finish"":36536438.78095238,""refetch"":11.0},{""admissible"":true,""core"":1,""earliest_start"":4590.0,""predicted_cycles"":25152844.800000004,""predicted_finish"":25157434.800000004,""refetch"":22.0}]"
v3_captured_mixed_heldout_swe_t96_l13,fixed_4+2,port_tight,96,9,9,6,False,0,1,17301504,34603008.0,51904512.0,-17301504.0,-16.5,2.0,3.0,2.0,0,all_cores_refetch,79033236.3174604,"[{""admissible"":true,""core"":0,""earliest_start"":79033740.3174604,""predicted_cycles"":1197839.862760417,""predicted_finish"":80231580.18022081,""refetch"":2.0},{""admissible"":false,""core"":1,""earliest_start"":81111661.38181826,""predicted_cycles"":3429939.250639205,""predicted_finish"":84541600.63245746,""refetch"":3.0}]"
v3_captured_mixed_heldout_swe_t96_l13,fixed_4+2,port_tight,96,11,11,14,False,1,0,17301504,121110528.0,69206016.0,51904512.0,49.5,7.0,4.0,4.0,0,all_cores_refetch,61591877.67272732,"[{""admissible"":false,""core"":0,""earliest_start"":62827947.20000004,""predicted_cycles"":2395588.283761161,""predicted_finish"":65223535.4837612,""refetch"":4.0},{""admissible"":true,""core"":1,""earliest_start"":61592381.67272732,""predicted_cycles"":8003387.283771307,""predicted_finish"":69595768.95649862,""refetch"":7.0}]"
v3_captured_mixed_heldout_swe_t96_l13,fixed_4+2,port_tight,96,19,19,44,False,1,0,17301504,380633088.0,190316544.0,190316544.0,181.5,22.0,11.0,11.0,0,all_cores_refetch,24824942.400000002,"[{""admissible"":false,""core"":0,""earliest_start"":29786151.17184265,""predicted_cycles"":6587744.304761905,""predicted_finish"":36373895.47660455,""refetch"":11.0},{""admissible"":true,""core"":1,""earliest_start"":24825446.400000002,""predicted_cycles"":25152844.800000004,""predicted_finish"":49978291.2,""refetch"":22.0}]"
v3_captured_mixed_heldout_swe_t96_l13,fixed_4+2,port_tight,96,20,21,7,False,1,0,17301504,69206016.0,34603008.0,34603008.0,33.0,4.0,2.0,2.0,0,all_cores_refetch,81133911.90303041,"[{""admissible"":false,""core"":0,""earliest_start"":81429264.38095249,""predicted_cycles"":1197839.862760417,""predicted_finish"":82627104.2437129,""refetch"":2.0},{""admissible"":true,""core"":1,""earliest_start"":81134415.90303041,""predicted_cycles"":4573209.668821024,""predicted_finish"":85707625.57185143,""refetch"":4.0}]"
v3_captured_mixed_heldout_swe_t96_l13,fixed_4+2,port_tight,96,23,24,6,False,0,1,17301504,34603008.0,51904512.0,-17301504.0,-16.5,2.0,3.0,2.0,0,all_cores_refetch,82634579.50476201,"[{""admissible"":true,""core"":0,""earliest_start"":82635083.50476201,""predicted_cycles"":1197839.862760417,""predicted_finish"":83832923.36752242,""refetch"":2.0},{""admissible"":false,""core"":1,""earliest_start"":85662306.90909103,""predicted_cycles"":3429939.250639205,""predicted_finish"":89092246.15973023,""refetch"":3.0}]"
v3_captured_mixed_heldout_swe_t96_l13,fixed_4+2,port_tight,96,30,33,17,False,0,1,17301504,86507520.0,155713536.0,-69206016.0,-66.0,5.0,9.0,5.0,0,all_cores_refetch,47867227.631746046,"[{""admissible"":true,""core"":0,""earliest_start"":47867731.631746046,""predicted_cycles"":2994499.0476190476,""predicted_finish"":50862230.67936509,""refetch"":5.0},{""admissible"":false,""core"":1,""earliest_start"":49978146.90909093,""predicted_cycles"":10289875.781818183,""predicted_finish"":60268022.69090911,""refetch"":9.0}]"
v3_captured_mixed_heldout_swe_t96_l13,fixed_4+2,port_tight,96,33,36,19,False,1,0,17301504,173015040.0,86507520.0,86507520.0,82.5,10.0,5.0,5.0,0,all_cores_refetch,49977642.90909093,"[{""admissible"":false,""core"":0,""earliest_start"":50850207.009523824,""predicted_cycles"":2994499.0476190476,""predicted_finish"":53844706.05714287,""refetch"":5.0},{""admissible"":true,""core"":1,""earliest_start"":49978146.90909093,""predicted_cycles"":11433181.090909092,""predicted_finish"":61411328.00000002,""refetch"":10.0}]"
v3_captured_mixed_heldout_swe_t96_l13,fixed_4+2,port_tight,96,35,38,13,False,0,1,17301504,69206016.0,121110528.0,-51904512.0,-49.5,4.0,7.0,4.0,0,all_cores_refetch,67646336.40634927,"[{""admissible"":true,""core"":0,""earliest_start"":67646840.40634927,""predicted_cycles"":2395588.283761161,""predicted_finish"":70042428.69011043,""refetch"":4.0},{""admissible"":false,""core"":1,""earliest_start"":69587921.45454553,""predicted_cycles"":8003387.283771307,""predicted_finish"":77591308.73831683,""refetch"":7.0}]"
v3_captured_mixed_heldout_swe_t96_l13,fixed_4+2,port_tight,96,36,40,17,False,0,1,17301504,86507520.0,155713536.0,-69206016.0,-66.0,5.0,9.0,5.0,0,all_cores_refetch,50869568.609523825,"[{""admissible"":true,""core"":0,""earliest_start"":50870072.609523825,""predicted_cycles"":2994499.0476190476,""predicted_finish"":53864571.65714287,""refetch"":5.0},{""admissible"":false,""core"":1,""earliest_start"":61743591.56363639,""predicted_cycles"":10289875.781818183,""predicted_finish"":72033467.34545457,""refetch"":9.0}]"
v3_captured_mixed_heldout_swe_t96_l13,fixed_4+2,port_tight,96,37,41,18,False,0,1,17301504,86507520.0,155713536.0,-69206016.0,-66.0,5.0,9.0,5.0,0,all_cores_refetch,53864003.65714288,"[{""admissible"":true,""core"":0,""earliest_start"":53864507.65714288,""predicted_cycles"":2994499.0476190476,""predicted_finish"":56859006.70476192,""refetch"":5.0},{""admissible"":false,""core"":1,""earliest_start"":61516801.16363639,""predicted_cycles"":10289875.781818183,""predicted_finish"":71806676.94545457,""refetch"":9.0}]"
v3_captured_mixed_heldout_swe_t96_l13,fixed_4+2,port_tight,96,38,42,17,False,0,1,17301504,86507520.0,155713536.0,-69206016.0,-66.0,5.0,9.0,5.0,0,all_cores_refetch,56858438.70476193,"[{""admissible"":true,""core"":0,""earliest_start"":56858942.70476193,""predicted_cycles"":2994499.0476190476,""predicted_finish"":59853441.752380975,""refetch"":5.0},{""admissible"":false,""core"":1,""earliest_start"":61516801.1636364,""predicted_cycles"":10289875.781818183,""predicted_finish"":71806676.94545458,""refetch"":9.0}]"
v3_captured_mixed_heldout_swe_t96_l13,fixed_4+2,port_tight,96,53,58,9,False,0,1,17301504,51904512.0,86507520.0,-34603008.0,-33.0,3.0,5.0,3.0,0,all_cores_refetch,75439863.06031753,"[{""admissible"":true,""core"":0,""earliest_start"":75440367.06031753,""predicted_cycles"":1796723.2123325893,""predicted_finish"":77237090.27265012,""refetch"":3.0},{""admissible"":false,""core"":1,""earliest_start"":77591122.61818187,""predicted_cycles"":5716741.774680398,""predicted_finish"":83307864.39286226,""refetch"":5.0}]"
v3_captured_mixed_heldout_swe_t96_l13,fixed_4+2,port_tight,96,55,61,9,False,0,1,17301504,51904512.0,86507520.0,-34603008.0,-33.0,3.0,5.0,3.0,0,all_cores_refetch,77236549.68888897,"[{""admissible"":true,""core"":0,""earliest_start"":77237053.68888897,""predicted_cycles"":1796723.2123325893,""predicted_finish"":79033776.90122156,""refetch"":3.0},{""admissible"":false,""core"":1,""earliest_start"":77644063.4181819,""predicted_cycles"":5716741.774680398,""predicted_finish"":83360805.1928623,""refetch"":5.0}]"
v3_captured_mixed_heldout_swe_t96_l13,fixed_4+2,port_tight,96,57,63,14,False,1,0,17301504,121110528.0,69206016.0,51904512.0,49.5,7.0,4.0,4.0,0,all_cores_refetch,69640358.25454554,"[{""admissible"":false,""core"":0,""earliest_start"":70042401.24444452,""predicted_cycles"":2395588.283761161,""predicted_finish"":72437989.52820568,""refetch"":4.0},{""admissible"":true,""core"":1,""earliest_start"":69640862.25454554,""predicted_cycles"":8003387.283771307,""predicted_finish"":77644249.53831685,""refetch"":7.0}]"
v3_captured_mixed_heldout_swe_t96_l2,fixed_4+2,port_tight,96,0,0,20,False,1,0,17301504,173015040.0,86507520.0,86507520.0,82.5,10.0,5.0,5.0,0,all_cores_refetch,14671118.872727275,"[{""admissible"":false,""core"":0,""earliest_start"":29406752.524223603,""predicted_cycles"":2994499.0476190476,""predicted_finish"":32401251.57184265,""refetch"":5.0},{""admissible"":true,""core"":1,""earliest_start"":14671622.872727275,""predicted_cycles"":11433181.090909092,""predicted_finish"":26104803.96363637,""refetch"":10.0}]"
v3_captured_mixed_heldout_swe_t96_l2,fixed_4+2,port_tight,96,5,5,5,False,0,1,17301504,34603008.0,51904512.0,-17301504.0,-16.5,2.0,3.0,2.0,0,all_cores_refetch,76638145.47936521,"[{""admissible"":true,""core"":0,""earliest_start"":76638649.47936521,""predicted_cycles"":1197839.862760417,""predicted_finish"":77836489.34212562,""refetch"":2.0},{""admissible"":false,""core"":1,""earliest_start"":80036894.17077428,""predicted_cycles"":3429991.5889559663,""predicted_finish"":83466885.75973025,""refetch"":3.0}]"
v3_captured_mixed_heldout_swe_t96_l2,fixed_4+2,port_tight,96,6,6,14,False,0,1,17301504,69206016.0,121110528.0,-51904512.0,-49.5,4.0,7.0,4.0,0,all_cores_refetch,38892042.419047624,"[{""admissible"":true,""core"":0,""earliest_start"":38892546.419047624,""predicted_cycles"":2395588.283761161,""predicted_finish"":41288134.70280878,""refetch"":4.0},{""admissible"":false,""core"":1,""earliest_start"":49167383.16363638,""predicted_cycles"":8003387.283771307,""predicted_finish"":57170770.447407685,""refetch"":7.0}]"
v3_captured_mixed_heldout_swe_t96_l2,fixed_4+2,port_tight,96,8,8,19,False,1,0,17301504,173015040.0,86507520.0,86507520.0,82.5,10.0,5.0,5.0,0,all_cores_refetch,26149435.090909094,"[{""admissible"":false,""core"":0,""earliest_start"":29786237.171842646,""predicted_cycles"":2994499.0476190476,""predicted_finish"":32780736.219461694,""refetch"":5.0},{""admissible"":true,""core"":1,""earliest_start"":26149939.090909094,""predicted_cycles"":11433181.090909092,""predicted_finish"":37583120.18181819,""refetch"":10.0}]"
v3_captured_mixed_heldout_swe_t96_l2,fixed_4+2,port_tight,96,10,10,7,False,1,0,17301504,69206016.0,34603008.0,34603008.0,33.0,4.0,2.0,2.0,0,all_cores_refetch,79990884.59393957,"[{""admissible"":false,""core"":0,""earliest_start"":80239992.66666682,""predicted_cycles"":1197839.862760417,""predicted_finish"":81437832.52942723,""refetch"":2.0},{""admissible"":true,""core"":1,""earliest_start"":79991388.59393957,""predicted_cycles"":4573279.45259233,""predicted_finish"":84564668.0465319,""refetch"":4.0}]"
v3_captured_mixed_heldout_swe_t96_l2,fixed_4+2,port_tight,96,12,12,6,False,0,1,17301504,34603008.0,51904512.0,-17301504.0,-16.5,2.0,3.0,2.0,0,all_cores_refetch,80239488.66666682,"[{""admissible"":true,""core"":0,""earliest_start"":80239992.66666682,""predicted_cycles"":1197839.862760417,""predicted_finish"":81437832.52942723,""refetch"":2.0},{""admissible"":false,""core"":1,""earliest_start"":84610161.96168339,""predicted_cycles"":3429991.5889559663,""predicted_finish"":88040153.55063936,""refetch"":3.0}]"
v3_captured_mixed_heldout_swe_t96_l2,fixed_4+2,port_tight,96,16,16,6,False,0,1,17301504,34603008.0,51904512.0,-17301504.0,-16.5,2.0,3.0,2.0,0,all_cores_refetch,81437301.08571443,"[{""admissible"":true,""core"":0,""earliest_start"":81437805.08571443,""predicted_cycles"":1197839.862760417,""predicted_finish"":82635644.94847484,""refetch"":2.0},{""admissible"":false,""core"":1,""earliest_start"":84519279.60000013,""predicted_cycles"":3429991.5889559663,""predicted_finish"":87949271.1889561,""refetch"":3.0}]"
v3_captured_mixed_heldout_swe_t96_l2,fixed_4+2,port_tight,96,19,19,6,False,0,1,17301504,34603008.0,51904512.0,-17301504.0,-16.5,2.0,3.0,2.0,0,all_cores_refetch,82635113.50476205,"[{""admissible"":true,""core"":0,""earliest_start"":82635617.50476205,""predicted_cycles"":1197839.862760417,""predicted_finish"":83833457.36752246,""refetch"":2.0},{""admissible"":false,""core"":1,""earliest_start"":84519279.60000016,""predicted_cycles"":3429991.5889559663,""predicted_finish"":87949271.18895613,""refetch"":3.0}]"
v3_captured_mixed_heldout_swe_t96_l2,fixed_4+2,port_tight,96,24,24,7,False,1,0,17301504,69206016.0,34603008.0,34603008.0,33.0,4.0,2.0,2.0,0,all_cores_refetch,84549076.69090925,"[{""admissible"":false,""core"":0,""earliest_start"":85023235.63809542,""predicted_cycles"":1197839.862760417,""predicted_finish"":86221075.50085583,""refetch"":2.0},{""admissible"":true,""core"":1,""earliest_start"":84549580.69090925,""predicted_cycles"":4573279.45259233,""predicted_finish"":89122860.14350158,""refetch"":4.0}]"
v3_captured_mixed_heldout_swe_t96_l2,fixed_4+2,port_tight,96,26,26,10,False,0,1,17301504,51904512.0,86507520.0,-34603008.0,-33.0,3.0,5.0,3.0,0,all_cores_refetch,58671279.193650864,"[{""admissible"":true,""core"":0,""earliest_start"":58671783.193650864,""predicted_cycles"":1796723.2123325893,""predicted_finish"":60468506.405983455,""refetch"":3.0},{""admissible"":false,""core"":1,""earliest_start"":62773583.01818188,""predicted_cycles"":5716741.774680398,""predicted_finish"":68490324.79286228,""refetch"":5.0}]"
v3_captured_mixed_heldout_swe_t96_l2,fixed_4+2,port_tight,96,27,27,6,False,0,1,17301504,34603008.0,51904512.0,-17301504.0,-16.5,2.0,3.0,2.0,0,all_cores_refetch,85030738.3428573,"[{""admissible"":true,""core"":0,""earliest_start"":85031242.3428573,""predicted_cycles"":1197839.862760417,""predicted_finish"":86229082.20561771,""refetch"":2.0},{""admissible"":false,""core"":1,""earliest_start"":89183447.19804704,""predicted_cycles"":3429991.5889559663,""predicted_finish"":92613438.78700301,""refetch"":3.0}]"
v3_captured_mixed_heldout_swe_t96_l2,fixed_4+2,port_tight,96,32,32,10,False,0,1,17301504,51904512.0,86507520.0,-34603008.0,-33.0,3.0,5.0,3.0,0,all_cores_refetch,60467965.822222285,"[{""admissible"":true,""core"":0,""earliest_start"":60468469.822222285,""predicted_cycles"":1796723.2123325893,""predicted_finish"":62265193.03455488,""refetch"":3.0},{""admissible"":false,""core"":1,""earliest_start"":62773583.01818188,""predicted_cycles"":5716741.774680398,""predicted_finish"":68490324.79286228,""refetch"":5.0}]"
v3_captured_mixed_heldout_swe_t96_l2,fixed_4+2,port_tight,96,33,33,6,False,0,1,17301504,34603008.0,51904512.0,-17301504.0,-16.5,2.0,3.0,2.0,0,all_cores_refetch,86228550.76190493,"[{""admissible"":true,""core"":0,""earliest_start"":86229054.76190493,""predicted_cycles"":1197839.862760417,""predicted_finish"":87426894.62466533,""refetch"":2.0},{""admissible"":false,""core"":1,""earliest_start"":89092564.83636384,""predicted_cycles"":3429991.5889559663,""predicted_finish"":92522556.4253198,""refetch"":3.0}]"
v3_captured_mixed_heldout_swe_t96_l2,fixed_4+2,port_tight,96,38,38,10,False,0,1,17301504,51904512.0,86507520.0,-34603008.0,-33.0,3.0,5.0,3.0,0,all_cores_refetch,62264652.45079372,"[{""admissible"":true,""core"":0,""earliest_start"":62265156.45079372,""predicted_cycles"":1796723.2123325893,""predicted_finish"":64061879.66312631,""refetch"":3.0},{""admissible"":false,""core"":1,""earliest_start"":62811430.67878796,""predicted_cycles"":5716741.774680398,""predicted_finish"":68528172.45346835,""refetch"":5.0}]"
v3_captured_mixed_heldout_swe_t96_l2,fixed_4+2,port_tight,96,39,39,13,False,0,1,17301504,69206016.0,121110528.0,-51904512.0,-49.5,4.0,7.0,4.0,0,all_cores_refetch,48482191.70158735,"[{""admissible"":true,""core"":0,""earliest_start"":48482695.70158735,""predicted_cycles"":2395588.283761161,""predicted_finish"":50878283.98534851,""refetch"":4.0},{""admissible"":false,""core"":1,""earliest_start"":49016173.27272733,""predicted_cycles"":8003387.283771307,""predicted_finish"":57019560.55649864,""refetch"":7.0}]"
v3_captured_mixed_heldout_swe_t96_l2,fixed_4+2,port_tight,96,42,42,11,False,1,0,17301504,103809024.0,51904512.0,51904512.0,49.5,6.0,3.0,3.0,0,all_cores_refetch,62810926.67878796,"[{""admissible"":false,""core"":0,""earliest_start"":64049883.40952389,""predicted_cycles"":1796723.2123325893,""predicted_finish"":65846606.62185648,""refetch"":3.0},{""admissible"":true,""core"":1,""earliest_start"":62811430.67878796,""predicted_cycles"":6860064.529225853,""predicted_finish"":69671495.20801382,""refetch"":6.0}]"
v3_captured_mixed_heldout_swe_t96_l2,fixed_4+2,port_tight,96,47,47,8,False,1,0,17301504,69206016.0,34603008.0,34603008.0,33.0,4.0,2.0,2.0,0,all_cores_refetch,89122361.9272729,"[{""admissible"":false,""core"":0,""earliest_start"":89814485.3142859,""predicted_cycles"":1197839.862760417,""predicted_finish"":91012325.17704631,""refetch"":2.0},{""admissible"":true,""core"":1,""earliest_start"":89122865.9272729,""predicted_cycles"":4573279.45259233,""predicted_finish"":93696145.37986523,""refetch"":4.0}]"
v3_captured_mixed_heldout_swe_t96_l2,fixed_4+2,port_tight,96,50,50,6,False,0,1,17301504,34603008.0,51904512.0,-17301504.0,-16.5,2.0,3.0,2.0,0,all_cores_refetch,91019800.43809538,"[{""admissible"":true,""core"":0,""earliest_start"":91020304.43809538,""predicted_cycles"":1197839.862760417,""predicted_finish"":92218144.30085579,""refetch"":2.0},{""admissible"":false,""core"":1,""earliest_start"":93665850.07272741,""predicted_cycles"":3429991.5889559663,""predicted_finish"":97095841.66168338,""refetch"":3.0}]"
v3_captured_mixed_heldout_swe_t96_l2,fixed_4+2,port_tight,96,51,51,20,False,1,0,17301504,173015040.0,86507520.0,86507520.0,82.5,10.0,5.0,5.0,0,all_cores_refetch,37582552.18181818,"[{""admissible"":false,""core"":0,""earliest_start"":38872680.81904762,""predicted_cycles"":2994499.0476190476,""predicted_finish"":41867179.86666667,""refetch"":5.0},{""admissible"":true,""core"":1,""earliest_start"":37583056.18181818,""predicted_cycles"":11433181.090909092,""predicted_finish"":49016237.27272727,""refetch"":10.0}]"
v3_captured_mixed_heldout_swe_t96_l2,fixed_4+2,port_tight,96,52,52,9,False,0,1,17301504,51904512.0,86507520.0,-34603008.0,-33.0,3.0,5.0,3.0,0,all_cores_refetch,65858025.70793659,"[{""admissible"":true,""core"":0,""earliest_start"":65858529.70793659,""predicted_cycles"":1796723.2123325893,""predicted_finish"":67655252.92026918,""refetch"":3.0},{""admissible"":false,""core"":1,""earliest_start"":69610839.16363648,""predicted_cycles"":5716741.774680398,""predicted_finish"":75327580.93831688,""refetch"":5.0}]"
v3_captured_mixed_heldout_swe_t96_l2,fixed_4+2,port_tight,96,53,53,9,False,0,1,17301504,51904512.0,86507520.0,-34603008.0,-33.0,3.0,5.0,3.0,0,all_cores_refetch,67654712.33650804,"[{""admissible"":true,""core"":0,""earliest_start"":67655216.33650804,""predicted_cycles"":1796723.2123325893,""predicted_finish"":69451939.54884063,""refetch"":3.0},{""admissible"":false,""core"":1,""earliest_start"":69610839.16363648,""predicted_cycles"":5716741.774680398,""predicted_finish"":75327580.93831688,""refetch"":5.0}]"
v3_captured_mixed_heldout_swe_t96_l2,fixed_4+2,port_tight,96,56,56,11,False,1,0,17301504,103809024.0,51904512.0,51904512.0,49.5,6.0,3.0,3.0,0,all_cores_refetch,69655729.39393951,"[{""admissible"":false,""core"":0,""earliest_start"":71272446.16471365,""predicted_cycles"":1796723.2123325893,""predicted_finish"":73069169.37704624,""refetch"":3.0},{""admissible"":true,""core"":1,""earliest_start"":69656233.39393951,""predicted_cycles"":6860064.529225853,""predicted_finish"":76516297.92316537,""refetch"":6.0}]"
v3_captured_mixed_heldout_swe_t96_l2,fixed_4+2,port_tight,96,57,57,25,False,1,0,17301504,224919552.0,121110528.0,103809024.0,99.0,13.0,7.0,7.0,0,all_cores_refetch,4694.0,"[{""admissible"":false,""core"":0,""earliest_start"":29948780.476190474,""predicted_cycles"":4192247.466666667,""predicted_finish"":34141027.94285714,""refetch"":7.0},{""admissible"":true,""core"":1,""earliest_start"":4676.0,""predicted_cycles"":14863097.01818182,""predicted_finish"":14867773.01818182,""refetch"":13.0}]"
v3_captured_mixed_heldout_swe_t96_l2,fixed_4+2,port_tight,96,60,61,10,False,0,1,17301504,51904512.0,86507520.0,-34603008.0,-33.0,3.0,5.0,3.0,0,all_cores_refetch,73044772.22222234,"[{""admissible"":true,""core"":0,""earliest_start"":73045276.22222234,""predicted_cycles"":1796723.2123325893,""predicted_finish"":74841999.43455493,""refetch"":3.0},{""admissible"":false,""core"":1,""earliest_start"":76470735.01818195,""predicted_cycles"":5716741.774680398,""predicted_finish"":82187476.79286236,""refetch"":5.0}]"
v3_captured_mixed_heldout_swe_t96_l26,fixed_4+2,port_tight,96,1,1,10,False,0,1,17301504,51904512.0,86507520.0,-34603008.0,-33.0,3.0,5.0,3.0,0,all_cores_refetch,59861133.68253974,"[{""admissible"":true,""core"":0,""earliest_start"":59861637.68253974,""predicted_cycles"":1796723.2123325893,""predicted_finish"":61658360.89487233,""refetch"":3.0},{""admissible"":false,""core"":1,""earliest_start"":66317288.920135014,""predicted_cycles"":5716741.774680398,""predicted_finish"":72034030.69481541,""refetch"":5.0}]"
v3_captured_mixed_heldout_swe_t96_l26,fixed_4+2,port_tight,96,3,3,5,False,0,1,17301504,34603008.0,51904512.0,-17301504.0,-16.5,2.0,3.0,2.0,0,all_cores_refetch,77244937.6190477,"[{""admissible"":true,""core"":0,""earliest_start"":77245441.6190477,""predicted_cycles"":1197839.862760417,""predicted_finish"":78443281.48180811,""refetch"":2.0},{""admissible"":false,""core"":1,""earliest_start"":77674603.6969698,""predicted_cycles"":3429939.250639205,""predicted_finish"":81104542.947609,""refetch"":3.0}]"
v3_captured_mixed_heldout_swe_t96_l26,fixed_4+2,port_tight,96,5,5,14,False,1,0,17301504,121110528.0,69206016.0,51904512.0,49.5,7.0,4.0,4.0,0,all_cores_refetch,34167741.39393939,"[{""admissible"":false,""core"":0,""earliest_start"":35878257.771428555,""predicted_cycles"":2395588.283761161,""predicted_finish"":38273846.055189714,""refetch"":4.0},{""admissible"":true,""core"":1,""earliest_start"":34168245.39393939,""predicted_cycles"":8003387.283771307,""predicted_finish"":42171632.6777107,""refetch"":7.0}]"
v3_captured_mixed_heldout_swe_t96_l26,fixed_4+2,port_tight,96,6,6,8,False,1,0,17301504,69206016.0,34603008.0,34603008.0,33.0,4.0,2.0,2.0,0,all_cores_refetch,77674099.6969698,"[{""admissible"":false,""core"":0,""earliest_start"":78435247.33333345,""predicted_cycles"":1197839.862760417,""predicted_finish"":79633087.19609386,""refetch"":2.0},{""admissible"":true,""core"":1,""earliest_start"":77674603.6969698,""predicted_cycles"":4573209.668821024,""predicted_finish"":82247813.36579083,""refetch"":4.0}]"
v3_captured_mixed_heldout_swe_t96_l26,fixed_4+2,port_tight,96,7,7,5,False,0,1,17301504,34603008.0,51904512.0,-17301504.0,-16.5,2.0,3.0,2.0,0,all_cores_refetch,78442750.03809531,"[{""admissible"":true,""core"":0,""earliest_start"":78443254.03809531,""predicted_cycles"":1197839.862760417,""predicted_finish"":79641093.90085572,""refetch"":2.0},{""admissible"":false,""core"":1,""earliest_start"":82323493.55973022,""predicted_cycles"":3429939.250639205,""predicted_finish"":85753432.81036942,""refetch"":3.0}]"
v3_captured_mixed_heldout_swe_t96_l26,fixed_4+2,port_tight,96,8,8,5,False,0,1,17301504,34603008.0,51904512.0,-17301504.0,-16.5,2.0,3.0,2.0,0,all_cores_refetch,79640562.45714293,"[{""admissible"":true,""core"":0,""earliest_start"":79641066.45714293,""predicted_cycles"":1197839.862760417,""predicted_finish"":80838906.31990334,""refetch"":2.0},{""admissible"":false,""core"":1,""earliest_start"":82232680.98181826,""predicted_cycles"":3429939.250639205,""predicted_finish"":85662620.23245746,""refetch"":3.0}]"
v3_captured_mixed_heldout_swe_t96_l26,fixed_4+2,port_tight,96,10,10,19,False,1,0,17301504,173015040.0,86507520.0,86507520.0,82.5,10.0,5.0,5.0,0,all_cores_refetch,12414706.533333337,"[{""admissible"":false,""core"":0,""earliest_start"":29406764.524223596,""predicted_cycles"":2994499.0476190476,""predicted_finish"":32401263.571842644,""refetch"":5.0},{""admissible"":true,""core"":1,""earliest_start"":12415210.533333337,""predicted_cycles"":11433181.090909092,""predicted_finish"":23848391.62424243,""refetch"":10.0}]"
v3_captured_mixed_heldout_swe_t96_l26,fixed_4+2,port_tight,96,11,11,9,False,0,1,17301504,51904512.0,86507520.0,-34603008.0,-33.0,3.0,5.0,3.0,0,all_cores_refetch,61665726.2412699,"[{""admissible"":true,""core"":0,""earliest_start"":61666230.2412699,""predicted_cycles"":1796723.2123325893,""predicted_finish"":63462953.45360249,""refetch"":3.0},{""admissible"":false,""core"":1,""earliest_start"":66158295.52727278,""predicted_cycles"":5716741.774680398,""predicted_finish"":71875037.30195318,""refetch"":5.0}]"
v3_captured_mixed_heldout_swe_t96_l26,fixed_4+2,port_tight,96,15,15,22,False,1,0,17301504,190316544.0,103809024.0,86507520.0,82.5,11.0,6.0,6.0,0,all_cores_refetch,4706.0,"[{""admissible"":false,""core"":0,""earliest_start"":29948792.476190474,""predicted_cycles"":3593373.257142857,""predicted_finish"":33542165.73333333,""refetch"":6.0},{""admissible"":true,""core"":1,""earliest_start"":4688.0,""predicted_cycles"":12576486.400000002,""predicted_finish"":12581174.400000002,""refetch"":11.0}]"
v3_captured_mixed_heldout_swe_t96_l26,fixed_4+2,port_tight,96,16,16,13,False,1,0,17301504,121110528.0,69206016.0,51904512.0,49.5,7.0,4.0,4.0,0,all_cores_refetch,42201128.836363636,"[{""admissible"":false,""core"":0,""earliest_start"":43076799.18095239,""predicted_cycles"":2395588.283761161,""predicted_finish"":45472387.46471355,""refetch"":4.0},{""admissible"":true,""core"":1,""earliest_start"":42201632.836363636,""predicted_cycles"":8003387.283771307,""predicted_finish"":50205020.12013494,""refetch"":7.0}]"
v3_captured_mixed_heldout_swe_t96_l26,fixed_4+2,port_tight,96,17,17,10,False,0,1,17301504,51904512.0,86507520.0,-34603008.0,-33.0,3.0,5.0,3.0,0,all_cores_refetch,63462412.86984134,"[{""admissible"":true,""core"":0,""earliest_start"":63462916.86984134,""predicted_cycles"":1796723.2123325893,""predicted_finish"":65259640.08217393,""refetch"":3.0},{""admissible"":false,""core"":1,""earliest_start"":66158295.52727281,""predicted_cycles"":5716741.774680398,""predicted_finish"":71875037.30195321,""refetch"":5.0}]"
v3_captured_mixed_heldout_swe_t96_l26,fixed_4+2,port_tight,96,20,20,5,False,0,1,17301504,34603008.0,51904512.0,-17301504.0,-16.5,2.0,3.0,2.0,0,all_cores_refetch,82036187.29523818,"[{""admissible"":true,""core"":0,""earliest_start"":82036691.29523818,""predicted_cycles"":1197839.862760417,""predicted_finish"":83234531.15799859,""refetch"":2.0},{""admissible"":false,""core"":1,""earliest_start"":82262982.07272738,""predicted_cycles"":3429939.250639205,""predicted_finish"":85692921.32336658,""refetch"":3.0}]"
v3_captured_mixed_heldout_swe_t96_l26,fixed_4+2,port_tight,96,21,21,7,False,1,0,17301504,69206016.0,34603008.0,34603008.0,33.0,4.0,2.0,2.0,0,all_cores_refetch,82262478.07272738,"[{""admissible"":false,""core"":0,""earliest_start"":83250445.21514146,""predicted_cycles"":1197839.862760417,""predicted_finish"":84448285.07790187,""refetch"":2.0},{""admissible"":true,""core"":1,""earliest_start"":82262982.07272738,""predicted_cycles"":4573209.668821024,""predicted_finish"":86836191.7415484,""refetch"":4.0}]"
v3_captured_mixed_heldout_swe_t96_l26,fixed_4+2,port_tight,96,23,23,18,False,1,0,17301504,155713536.0,86507520.0,69206016.0,66.0,9.0,5.0,5.0,0,all_cores_refetch,23862836.472727276,"[{""admissible"":false,""core"":0,""earliest_start"":29786249.17184265,""predicted_cycles"":2994499.0476190476,""predicted_finish"":32780748.219461698,""refetch"":5.0},{""admissible"":true,""core"":1,""earliest_start"":23863340.472727276,""predicted_cycles"":10289875.781818183,""predicted_finish"":34153216.25454546,""refetch"":9.0}]"
v3_captured_mixed_heldout_swe_t96_l26,fixed_4+2,port_tight,96,24,24,10,False,0,1,17301504,51904512.0,86507520.0,-34603008.0,-33.0,3.0,5.0,3.0,0,all_cores_refetch,65259099.49841277,"[{""admissible"":true,""core"":0,""earliest_start"":65259603.49841277,""predicted_cycles"":1796723.2123325893,""predicted_finish"":67056326.710745364,""refetch"":3.0},{""admissible"":false,""core"":1,""earliest_start"":66211236.32727282,""predicted_cycles"":5716741.774680398,""predicted_finish"":71927978.10195321,""refetch"":5.0}]"
v3_captured_mixed_heldout_swe_t96_l26,fixed_4+2,port_tight,96,27,27,5,False,0,1,17301504,34603008.0,51904512.0,-17301504.0,-16.5,2.0,3.0,2.0,0,all_cores_refetch,85629624.55238102,"[{""admissible"":true,""core"":0,""earliest_start"":85630128.55238102,""predicted_cycles"":1197839.862760417,""predicted_finish"":86827968.41514143,""refetch"":2.0},{""admissible"":false,""core"":1,""earliest_start"":86805966.2181819,""predicted_cycles"":3429939.250639205,""predicted_finish"":90235905.4688211,""refetch"":3.0}]"
v3_captured_mixed_heldout_swe_t96_l26,fixed_4+2,port_tight,96,29,29,7,False,1,0,17301504,69206016.0,34603008.0,34603008.0,33.0,4.0,2.0,2.0,0,all_cores_refetch,86835763.309091,"[{""admissible"":false,""core"":0,""earliest_start"":88033595.17185141,""predicted_cycles"":1197839.862760417,""predicted_finish"":89231435.03461182,""refetch"":2.0},{""admissible"":true,""core"":1,""earliest_start"":86836267.309091,""predicted_cycles"":4573209.668821024,""predicted_finish"":91409476.97791202,""refetch"":4.0}]"
v3_captured_mixed_heldout_swe_t96_l26,fixed_4+2,port_tight,96,36,37,5,False,0,1,17301504,34603008.0,51904512.0,-17301504.0,-16.5,2.0,3.0,2.0,0,all_cores_refetch,90420874.22857152,"[{""admissible"":true,""core"":0,""earliest_start"":90421378.22857152,""predicted_cycles"":1197839.862760417,""predicted_finish"":91619218.09133193,""refetch"":2.0},{""admissible"":false,""core"":1,""earliest_start"":91409552.54545464,""predicted_cycles"":3429939.250639205,""predicted_finish"":94839491.79609384,""refetch"":3.0}]"
v3_captured_mixed_heldout_swe_t96_l26,fixed_4+2,port_tight,96,37,38,8,False,1,0,17301504,69206016.0,34603008.0,34603008.0,33.0,4.0,2.0,2.0,0,all_cores_refetch,91409048.54545464,"[{""admissible"":false,""core"":0,""earliest_start"":91619190.64761911,""predicted_cycles"":1197839.862760417,""predicted_finish"":92817030.51037952,""refetch"":2.0},{""admissible"":true,""core"":1,""earliest_start"":91409552.54545464,""predicted_cycles"":4573209.668821024,""predicted_finish"":95982762.21427566,""refetch"":4.0}]"
v3_captured_mixed_heldout_swe_t96_l26,fixed_4+2,port_tight,96,41,43,10,False,0,1,17301504,51904512.0,86507520.0,-34603008.0,-33.0,3.0,5.0,3.0,0,all_cores_refetch,67055786.12698421,"[{""admissible"":true,""core"":0,""earliest_start"":67056290.12698421,""predicted_cycles"":1796723.2123325893,""predicted_finish"":68853013.3393168,""refetch"":3.0},{""admissible"":false,""core"":1,""earliest_start"":72033844.57468049,""predicted_cycles"":5716741.774680398,""predicted_finish"":77750586.34936088,""refetch"":5.0}]"
v3_captured_mixed_heldout_swe_t96_l26,fixed_4+2,port_tight,96,42,45,5,False,0,1,17301504,34603008.0,51904512.0,-17301504.0,-16.5,2.0,3.0,2.0,0,all_cores_refetch,91618686.64761911,"[{""admissible"":true,""core"":0,""earliest_start"":91619190.64761911,""predicted_cycles"":1197839.862760417,""predicted_finish"":92817030.51037952,""refetch"":2.0},{""admissible"":false,""core"":1,""earliest_start"":96043349.2688211,""predicted_cycles"":3429939.250639205,""predicted_finish"":99473288.5194603,""refetch"":3.0}]"
v3_captured_mixed_heldout_swe_t96_l26,fixed_4+2,port_tight,96,47,50,9,False,0,1,17301504,51904512.0,86507520.0,-34603008.0,-33.0,3.0,5.0,3.0,0,all_cores_refetch,68852472.75555563,"[{""admissible"":true,""core"":0,""earliest_start"":68852976.75555563,""predicted_cycles"":1796723.2123325893,""predicted_finish"":70649699.96788822,""refetch"":3.0},{""admissible"":false,""core"":1,""earliest_start"":71920165.49090916,""predicted_cycles"":5716741.774680398,""predicted_finish"":77636907.26558957,""refetch"":5.0}]"
v3_captured_mixed_heldout_swe_t96_l26,fixed_4+2,port_tight,96,48,51,9,False,0,1,17301504,51904512.0,86507520.0,-34603008.0,-33.0,3.0,5.0,3.0,0,all_cores_refetch,70649159.38412708,"[{""admissible"":true,""core"":0,""earliest_start"":70649663.38412708,""predicted_cycles"":1796723.2123325893,""predicted_finish"":72446386.59645967,""refetch"":3.0},{""admissible"":false,""core"":1,""earliest_start"":71958013.15151526,""predicted_cycles"":5716741.774680398,""predicted_finish"":77674754.92619565,""refetch"":5.0}]"
v3_captured_mixed_heldout_swe_t96_l26,fixed_4+2,port_tight,96,49,52,6,False,0,1,17301504,34603008.0,51904512.0,-17301504.0,-16.5,2.0,3.0,2.0,0,all_cores_refetch,95212123.90476198,"[{""admissible"":true,""core"":0,""earliest_start"":95212627.90476198,""predicted_cycles"":1197839.862760417,""predicted_finish"":96410467.7675224,""refetch"":2.0},{""admissible"":false,""core"":1,""earliest_start"":95982837.78181829,""predicted_cycles"":3429939.250639205,""predicted_finish"":99412777.03245749,""refetch"":3.0}]"
v3_captured_mixed_heldout_swe_t96_l26,fixed_4+2,port_tight,96,56,59,10,False,0,1,17301504,51904512.0,86507520.0,-34603008.0,-33.0,3.0,5.0,3.0,0,all_cores_refetch,74242532.64126994,"[{""admissible"":true,""core"":0,""earliest_start"":74243036.64126994,""predicted_cycles"":1796723.2123325893,""predicted_finish"":76039759.85360253,""refetch"":3.0},{""admissible"":false,""core"":1,""earliest_start"":77636756.03636374,""predicted_cycles"":5716741.774680398,""predicted_finish"":83353497.81104413,""refetch"":5.0}]"
v3_captured_mixed_heldout_swe_t96_l26,fixed_4+2,port_tight,96,59,63,14,False,1,0,17301504,121110528.0,69206016.0,51904512.0,49.5,7.0,4.0,4.0,0,all_cores_refetch,58207531.16363643,"[{""admissible"":false,""core"":0,""earliest_start"":59845725.04761911,""predicted_cycles"":2395588.283761161,""predicted_finish"":62241313.33138027,""refetch"":4.0},{""admissible"":true,""core"":1,""earliest_start"":58208035.16363643,""predicted_cycles"":8003387.283771307,""predicted_finish"":66211422.44740774,""refetch"":7.0}]"
v3_captured_mixed_heldout_bfcl_t128_l13,fixed_4+2,port_tight,128,2,2,18,False,0,1,17301504,86507520.0,155713536.0,-69206016.0,-66.0,5.0,9.0,5.0,0,all_cores_refetch,73021649.76507941,"[{""admissible"":true,""core"":0,""earliest_start"":73022153.76507941,""predicted_cycles"":2994499.0476190476,""predicted_finish"":76016652.81269845,""refetch"":5.0},{""admissible"":false,""core"":1,""earliest_start"":78622742.71515158,""predicted_cycles"":10289875.781818183,""predicted_finish"":88912618.49696976,""refetch"":9.0}]"
v3_captured_mixed_heldout_bfcl_t128_l13,fixed_4+2,port_tight,128,3,3,5,False,0,1,17301504,34603008.0,51904512.0,-17301504.0,-16.5,2.0,3.0,2.0,0,all_cores_refetch,111382310.89523815,"[{""admissible"":true,""core"":0,""earliest_start"":111382814.89523815,""predicted_cycles"":1197839.862760417,""predicted_finish"":112580654.75799856,""refetch"":2.0},{""admissible"":false,""core"":1,""earliest_start"":111975178.30303039,""predicted_cycles"":3430043.9272727277,""predicted_finish"":115405222.23030311,""refetch"":3.0}]"
v3_captured_mixed_heldout_bfcl_t128_l13,fixed_4+2,port_tight,128,9,9,6,False,0,1,17301504,34603008.0,51904512.0,-17301504.0,-16.5,2.0,3.0,2.0,0,all_cores_refetch,112580123.31428576,"[{""admissible"":true,""core"":0,""earliest_start"":112580627.31428576,""predicted_cycles"":1197839.862760417,""predicted_finish"":113778467.17704616,""refetch"":2.0},{""admissible"":false,""core"":1,""earliest_start"":115480902.42424248,""predicted_cycles"":3430043.9272727277,""predicted_finish"":118910946.3515152,""refetch"":3.0}]"
v3_captured_mixed_heldout_bfcl_t128_l13,fixed_4+2,port_tight,128,13,13,9,False,0,1,17301504,51904512.0,86507520.0,-34603008.0,-33.0,3.0,5.0,3.0,0,all_cores_refetch,95795193.58730166,"[{""admissible"":true,""core"":0,""earliest_start"":95795697.58730166,""predicted_cycles"":1796723.2123325893,""predicted_finish"":97592420.79963425,""refetch"":3.0},{""admissible"":false,""core"":1,""earliest_start"":100413590.71515156,""predicted_cycles"":5716741.774680398,""predicted_finish"":106130332.48983195,""refetch"":5.0}]"
v3_captured_mixed_heldout_bfcl_t128_l13,fixed_4+2,port_tight,128,14,14,5,False,0,1,17301504,34603008.0,51904512.0,-17301504.0,-16.5,2.0,3.0,2.0,0,all_cores_refetch,113777935.73333338,"[{""admissible"":true,""core"":0,""earliest_start"":113778439.73333338,""predicted_cycles"":1197839.862760417,""predicted_finish"":114976279.59609379,""refetch"":2.0},{""admissible"":false,""core"":1,""earliest_start"":115412589.98787883,""predicted_cycles"":3430043.9272727277,""predicted_finish"":118842633.91515155,""refetch"":3.0}]"
v3_captured_mixed_heldout_bfcl_t128_l13,fixed_4+2,port_tight,128,15,15,18,False,0,1,17301504,86507520.0,155713536.0,-69206016.0,-66.0,5.0,9.0,5.0,0,all_cores_refetch,76023990.74285719,"[{""admissible"":true,""core"":0,""earliest_start"":76024494.74285719,""predicted_cycles"":2994499.0476190476,""predicted_finish"":79018993.79047623,""refetch"":5.0},{""admissible"":false,""core"":1,""earliest_start"":78713416.36363642,""predicted_cycles"":10289875.781818183,""predicted_finish"":89003292.1454546,""refetch"":9.0}]"
v3_captured_mixed_heldout_bfcl_t128_l13,fixed_4+2,port_tight,128,16,16,10,False,0,1,17301504,51904512.0,86507520.0,-34603008.0,-33.0,3.0,5.0,3.0,0,all_cores_refetch,97599786.14603181,"[{""admissible"":true,""core"":0,""earliest_start"":97600290.14603181,""predicted_cycles"":1796723.2123325893,""predicted_finish"":99397013.3583644,""refetch"":3.0},{""admissible"":false,""core"":1,""earliest_start"":100413590.71515156,""predicted_cycles"":5716741.774680398,""predicted_finish"":106130332.48983195,""refetch"":5.0}]"
v3_captured_mixed_heldout_bfcl_t128_l13,fixed_4+2,port_tight,128,17,17,19,False,1,0,17301504,173015040.0,86507520.0,86507520.0,82.5,10.0,5.0,5.0,0,all_cores_refetch,78712912.36363642,"[{""admissible"":false,""core"":0,""earliest_start"":79018929.79047623,""predicted_cycles"":2994499.0476190476,""predicted_finish"":82013428.83809528,""refetch"":5.0},{""admissible"":true,""core"":1,""earliest_start"":78713416.36363642,""predicted_cycles"":11433181.090909092,""predicted_finish"":90146597.45454551,""refetch"":10.0}]"
v3_captured_mixed_heldout_bfcl_t128_l13,fixed_4+2,port_tight,128,19,19,43,False,1,0,17301504,380633088.0,190316544.0,190316544.0,181.5,22.0,11.0,11.0,0,all_cores_refetch,40021999.151515156,"[{""admissible"":false,""core"":0,""earliest_start"":46718749.67619047,""predicted_cycles"":6587744.304761905,""predicted_finish"":53306493.98095238,""refetch"":11.0},{""admissible"":true,""core"":1,""earliest_start"":40021991.151515156,""predicted_cycles"":25152844.800000004,""predicted_finish"":65174835.95151516,""refetch"":22.0}]"
v3_captured_mixed_heldout_bfcl_t128_l13,fixed_4+2,port_tight,128,23,23,23,False,1,0,17301504,207618048.0,103809024.0,103809024.0,99.0,12.0,6.0,6.0,0,all_cores_refetch,64842333.551515184,"[{""admissible"":false,""core"":0,""earliest_start"":65827629.320634924,""predicted_cycles"":3593373.257142857,""predicted_finish"":69421002.57777779,""refetch"":6.0},{""admissible"":true,""core"":1,""earliest_start"":64842837.551515184,""predicted_cycles"":13719791.70909091,""predicted_finish"":78562629.2606061,""refetch"":12.0}]"
v3_captured_mixed_heldout_bfcl_t128_l13,fixed_4+2,port_tight,128,24,24,6,False,0,1,17301504,34603008.0,51904512.0,-17301504.0,-16.5,2.0,3.0,2.0,0,all_cores_refetch,116173560.57142863,"[{""admissible"":true,""core"":0,""earliest_start"":116174064.57142863,""predicted_cycles"":1197839.862760417,""predicted_finish"":117371904.43418904,""refetch"":2.0},{""admissible"":false,""core"":1,""earliest_start"":118910882.35151522,""predicted_cycles"":3430043.9272727277,""predicted_finish"":122340926.27878794,""refetch"":3.0}]"
v3_captured_mixed_heldout_bfcl_t128_l13,fixed_4+2,port_tight,128,33,33,18,False,0,1,17301504,86507520.0,155713536.0,-69206016.0,-66.0,5.0,9.0,5.0,0,all_cores_refetch,82012860.83809528,"[{""admissible"":true,""core"":0,""earliest_start"":82013364.83809528,""predicted_cycles"":2994499.0476190476,""predicted_finish"":85007863.88571432,""refetch"":5.0},{""admissible"":false,""core"":1,""earliest_start"":90101139.22424252,""predicted_cycles"":10289875.781818183,""predicted_finish"":100391015.0060607,""refetch"":9.0}]"
v3_captured_mixed_heldout_bfcl_t128_l13,fixed_4+2,port_tight,128,35,35,10,False,0,1,17301504,51904512.0,86507520.0,-34603008.0,-33.0,3.0,5.0,3.0,0,all_cores_refetch,101193159.40317468,"[{""admissible"":true,""core"":0,""earliest_start"":101193663.40317468,""predicted_cycles"":1796723.2123325893,""predicted_finish"":102990386.61550727,""refetch"":3.0},{""admissible"":false,""core"":1,""earliest_start"":106334419.18074107,""predicted_cycles"":5716741.774680398,""predicted_finish"":112051160.95542148,""refetch"":5.0}]"
v3_captured_mixed_heldout_bfcl_t128_l13,fixed_4+2,port_tight,128,36,36,18,False,0,1,17301504,86507520.0,155713536.0,-69206016.0,-66.0,5.0,9.0,5.0,0,all_cores_refetch,85007295.88571434,"[{""admissible"":true,""core"":0,""earliest_start"":85007799.88571434,""predicted_cycles"":2994499.0476190476,""predicted_finish"":88002298.93333338,""refetch"":5.0},{""admissible"":false,""core"":1,""earliest_start"":90101139.2242425,""predicted_cycles"":10289875.781818183,""predicted_finish"":100391015.00606067,""refetch"":9.0}]"
v3_captured_mixed_heldout_bfcl_t128_l13,fixed_4+2,port_tight,128,37,37,69,False,1,0,17301504,605552640.0,311427072.0,294125568.0,280.5,35.0,18.0,18.0,0,all_cores_refetch,6049.333333333333,"[{""admissible"":false,""core"":0,""earliest_start"":39532123.16190477,""predicted_cycles"":10779863.771428572,""predicted_finish"":50311986.93333334,""refetch"":18.0},{""admissible"":true,""core"":1,""earliest_start"":6031.333333333333,""predicted_cycles"":40015941.81818182,""predicted_finish"":40021973.151515156,""refetch"":35.0}]"
v3_captured_mixed_heldout_bfcl_t128_l13,fixed_4+2,port_tight,128,43,44,9,False,0,1,17301504,51904512.0,86507520.0,-34603008.0,-33.0,3.0,5.0,3.0,0,all_cores_refetch,104786532.66031756,"[{""admissible"":true,""core"":0,""earliest_start"":104787036.66031756,""predicted_cycles"":1796723.2123325893,""predicted_finish"":106583759.87265015,""refetch"":3.0},{""admissible"":false,""core"":1,""earliest_start"":106220740.0969698,""predicted_cycles"":5716741.774680398,""predicted_finish"":111937481.87165019,""refetch"":5.0}]"
v3_captured_mixed_heldout_bfcl_t128_l13,fixed_4+2,port_tight,128,46,47,6,False,0,1,17301504,34603008.0,51904512.0,-17301504.0,-16.5,2.0,3.0,2.0,0,all_cores_refetch,119766997.82857144,"[{""admissible"":true,""core"":0,""earliest_start"":119767501.82857144,""predicted_cycles"":1197839.862760417,""predicted_finish"":120965341.69133185,""refetch"":2.0},{""admissible"":false,""core"":1,""earliest_start"":122272549.84242423,""predicted_cycles"":3430043.9272727277,""predicted_finish"":125702593.76969695,""refetch"":3.0}]"
v3_captured_mixed_heldout_bfcl_t128_l13,fixed_4+2,port_tight,128,55,56,9,False,0,1,17301504,51904512.0,86507520.0,-34603008.0,-33.0,3.0,5.0,3.0,0,all_cores_refetch,106583219.28888895,"[{""admissible"":true,""core"":0,""earliest_start"":106583723.28888895,""predicted_cycles"":1796723.2123325893,""predicted_finish"":108380446.50122154,""refetch"":3.0},{""admissible"":false,""core"":1,""earliest_start"":112051009.7261956,""predicted_cycles"":5716741.774680398,""predicted_finish"":117767751.50087601,""refetch"":5.0}]"
v3_captured_mixed_heldout_bfcl_t128_l13,fixed_4+2,port_tight,128,57,58,8,False,1,0,17301504,69206016.0,34603008.0,34603008.0,33.0,4.0,2.0,2.0,0,all_cores_refetch,122294800.36363637,"[{""admissible"":false,""core"":0,""earliest_start"":123376880.58656994,""predicted_cycles"":1197839.862760417,""predicted_finish"":124574720.44933034,""refetch"":2.0},{""admissible"":true,""core"":1,""earliest_start"":122295304.36363637,""predicted_cycles"":4573349.236363637,""predicted_finish"":126868653.60000001,""refetch"":4.0}]"
v3_captured_mixed_heldout_bfcl_t128_l13,fixed_4+2,port_tight,128,60,62,5,False,0,1,17301504,34603008.0,51904512.0,-17301504.0,-16.5,2.0,3.0,2.0,0,all_cores_refetch,123360435.08571427,"[{""admissible"":true,""core"":0,""earliest_start"":123360939.08571427,""predicted_cycles"":1197839.862760417,""predicted_finish"":124558778.94847468,""refetch"":2.0},{""admissible"":false,""core"":1,""earliest_start"":126914147.51515152,""predicted_cycles"":3430043.9272727277,""predicted_finish"":130344191.44242424,""refetch"":3.0}]"
v3_captured_mixed_heldout_bfcl_t128_l2,fixed_4+2,port_tight,128,4,4,5,False,0,1,17301504,34603008.0,51904512.0,-17301504.0,-16.5,2.0,3.0,2.0,0,all_cores_refetch,104786616.66031758,"[{""admissible"":true,""core"":0,""earliest_start"":104787120.66031758,""predicted_cycles"":1197839.862760417,""predicted_finish"":105984960.523078,""refetch"":2.0},{""admissible"":false,""core"":1,""earliest_start"":108484659.00606075,""predicted_cycles"":3430043.9272727277,""predicted_finish"":111914702.93333347,""refetch"":3.0}]"
v3_captured_mixed_heldout_bfcl_t128_l2,fixed_4+2,port_tight,128,6,6,5,False,0,1,17301504,34603008.0,51904512.0,-17301504.0,-16.5,2.0,3.0,2.0,0,all_cores_refetch,105992335.00952393,"[{""admissible"":true,""core"":0,""earliest_start"":105992839.00952393,""predicted_cycles"":1197839.862760417,""predicted_finish"":107190678.87228434,""refetch"":2.0},{""admissible"":false,""core"":1,""earliest_start"":108484659.00606078,""predicted_cycles"":3430043.9272727277,""predicted_finish"":111914702.9333335,""refetch"":3.0}]"
v3_captured_mixed_heldout_bfcl_t128_l2,fixed_4+2,port_tight,128,10,10,5,False,0,1,17301504,34603008.0,51904512.0,-17301504.0,-16.5,2.0,3.0,2.0,0,all_cores_refetch,108387959.84761916,"[{""admissible"":true,""core"":0,""earliest_start"":108388463.84761916,""predicted_cycles"":1197839.862760417,""predicted_finish"":109586303.71037957,""refetch"":2.0},{""admissible"":false,""core"":1,""earliest_start"":108530053.23636378,""predicted_cycles"":3430043.9272727277,""predicted_finish"":111960097.1636365,""refetch"":3.0}]"
v3_captured_mixed_heldout_bfcl_t128_l2,fixed_4+2,port_tight,128,11,11,8,False,1,0,17301504,69206016.0,34603008.0,34603008.0,33.0,4.0,2.0,2.0,0,all_cores_refetch,108529549.23636378,"[{""admissible"":false,""core"":0,""earliest_start"":109602217.76752244,""predicted_cycles"":1197839.862760417,""predicted_finish"":110800057.63028285,""refetch"":2.0},{""admissible"":true,""core"":1,""earliest_start"":108530053.23636378,""predicted_cycles"":4573349.236363637,""predicted_finish"":113103402.47272742,""refetch"":4.0}]"
v3_captured_mixed_heldout_bfcl_t128_l2,fixed_4+2,port_tight,128,14,14,22,False,0,1,17301504,103809024.0,190316544.0,-86507520.0,-82.5,6.0,11.0,6.0,0,all_cores_refetch,71823921.34603177,"[{""admissible"":true,""core"":0,""earliest_start"":71824425.34603177,""predicted_cycles"":3593373.257142857,""predicted_finish"":75417798.60317463,""refetch"":6.0},{""admissible"":false,""core"":1,""earliest_start"":78577347.29696974,""predicted_cycles"":12576486.400000002,""predicted_finish"":91153833.69696975,""refetch"":11.0}]"
v3_captured_mixed_heldout_bfcl_t128_l2,fixed_4+2,port_tight,128,15,15,6,False,0,1,17301504,34603008.0,51904512.0,-17301504.0,-16.5,2.0,3.0,2.0,0,all_cores_refetch,109585772.26666678,"[{""admissible"":true,""core"":0,""earliest_start"":109586276.26666678,""predicted_cycles"":1197839.862760417,""predicted_finish"":110784116.1294272,""refetch"":2.0},{""admissible"":false,""core"":1,""earliest_start"":113194175.80606075,""predicted_cycles"":3430043.9272727277,""predicted_finish"":116624219.73333347,""refetch"":3.0}]"
v3_captured_mixed_heldout_bfcl_t128_l2,fixed_4+2,port_tight,128,16,16,10,False,0,1,17301504,51904512.0,86507520.0,-34603008.0,-33.0,3.0,5.0,3.0,0,all_cores_refetch,95803183.5174604,"[{""admissible"":true,""core"":0,""earliest_start"":95803687.5174604,""predicted_cycles"":1796723.2123325893,""predicted_finish"":97600410.729793,""refetch"":3.0},{""admissible"":false,""core"":1,""earliest_start"":95968659.97575767,""predicted_cycles"":5716741.774680398,""predicted_finish"":101685401.75043806,""refetch"":5.0}]"
v3_captured_mixed_heldout_bfcl_t128_l2,fixed_4+2,port_tight,128,25,25,8,False,1,0,17301504,69206016.0,34603008.0,34603008.0,33.0,4.0,2.0,2.0,0,all_cores_refetch,113133020.75151531,"[{""admissible"":false,""core"":0,""earliest_start"":113179713.52380966,""predicted_cycles"":1197839.862760417,""predicted_finish"":114377553.38657007,""refetch"":2.0},{""admissible"":true,""core"":1,""earliest_start"":113133524.75151531,""predicted_cycles"":4573349.236363637,""predicted_finish"":117706873.98787895,""refetch"":4.0}]"
v3_captured_mixed_heldout_bfcl_t128_l2,fixed_4+2,port_tight,128,29,29,5,False,0,1,17301504,34603008.0,51904512.0,-17301504.0,-16.5,2.0,3.0,2.0,0,all_cores_refetch,113179209.52380966,"[{""admissible"":true,""core"":0,""earliest_start"":113179713.52380966,""predicted_cycles"":1197839.862760417,""predicted_finish"":114377553.38657007,""refetch"":2.0},{""admissible"":false,""core"":1,""earliest_start"":117752550.76017329,""predicted_cycles"":3430043.9272727277,""predicted_finish"":121182594.68744601,""refetch"":3.0}]"
v3_captured_mixed_heldout_bfcl_t128_l2,fixed_4+2,port_tight,128,35,35,19,False,1,0,17301504,173015040.0,86507520.0,86507520.0,82.5,10.0,5.0,5.0,0,all_cores_refetch,78682610.08484854,"[{""admissible"":false,""core"":0,""earliest_start"":81454206.4761905,""predicted_cycles"":2994499.0476190476,""predicted_finish"":84448705.52380955,""refetch"":5.0},{""admissible"":true,""core"":1,""earliest_start"":78683114.08484854,""predicted_cycles"":11433181.090909092,""predicted_finish"":90116295.17575763,""refetch"":10.0}]"
v3_captured_mixed_heldout_bfcl_t128_l2,fixed_4+2,port_tight,128,36,36,40,False,1,0,17301504,346030080.0,173015040.0,173015040.0,165.0,20.0,10.0,10.0,0,all_cores_refetch,6069.333333333333,"[{""admissible"":false,""core"":0,""earliest_start"":39532143.16190477,""predicted_cycles"":5988870.095238095,""predicted_finish"":45521013.257142864,""refetch"":10.0},{""admissible"":true,""core"":1,""earliest_start"":6051.333333333333,""predicted_cycles"":22866234.181818184,""predicted_finish"":22872285.515151516,""refetch"":20.0}]"
v3_captured_mixed_heldout_bfcl_t128_l2,fixed_4+2,port_tight,128,37,37,28,False,1,0,17301504,242221056.0,121110528.0,121110528.0,115.5,14.0,7.0,7.0,0,all_cores_refetch,62661178.61818183,"[{""admissible"":false,""core"":0,""earliest_start"":64003255.16190475,""predicted_cycles"":4192247.466666667,""predicted_finish"":68195502.62857142,""refetch"":7.0},{""admissible"":true,""core"":1,""earliest_start"":62661682.61818183,""predicted_cycles"":16006402.327272728,""predicted_finish"":78668084.94545457,""refetch"":14.0}]"
v3_captured_mixed_heldout_bfcl_t128_l2,fixed_4+2,port_tight,128,39,39,10,False,0,1,17301504,51904512.0,86507520.0,-34603008.0,-33.0,3.0,5.0,3.0,0,all_cores_refetch,99396556.77460328,"[{""admissible"":true,""core"":0,""earliest_start"":99397060.77460328,""predicted_cycles"":1796723.2123325893,""predicted_finish"":101193783.98693587,""refetch"":3.0},{""admissible"":false,""core"":1,""earliest_start"":101647402.8606062,""predicted_cycles"":5716741.774680398,""predicted_finish"":107364144.6352866,""refetch"":5.0}]"
v3_captured_mixed_heldout_bfcl_t128_l2,fixed_4+2,port_tight,128,40,40,9,False,0,1,17301504,51904512.0,86507520.0,-34603008.0,-33.0,3.0,5.0,3.0,0,all_cores_refetch,101193243.40317471,"[{""admissible"":true,""core"":0,""earliest_start"":101193747.40317471,""predicted_cycles"":1796723.2123325893,""predicted_finish"":102990470.6155073,""refetch"":3.0},{""admissible"":false,""core"":1,""earliest_start"":101685250.52121225,""predicted_cycles"":5716741.774680398,""predicted_finish"":107401992.29589266,""refetch"":5.0}]"
v3_captured_mixed_heldout_bfcl_t128_l2,fixed_4+2,port_tight,128,46,46,18,False,0,1,17301504,86507520.0,155713536.0,-69206016.0,-66.0,5.0,9.0,5.0,0,all_cores_refetch,84408441.67619051,"[{""admissible"":true,""core"":0,""earliest_start"":84408945.67619051,""predicted_cycles"":2994499.0476190476,""predicted_finish"":87403444.72380956,""refetch"":5.0},{""admissible"":false,""core"":1,""earliest_start"":90101023.22424246,""predicted_cycles"":10289875.781818183,""predicted_finish"":100390899.00606064,""refetch"":9.0}]"
v3_captured_mixed_heldout_bfcl_t128_l2,fixed_4+2,port_tight,128,50,50,5,False,0,1,17301504,34603008.0,51904512.0,-17301504.0,-16.5,2.0,3.0,2.0,0,all_cores_refetch,117970459.20000015,"[{""admissible"":true,""core"":0,""earliest_start"":117970963.20000015,""predicted_cycles"":1197839.862760417,""predicted_finish"":119168803.06276056,""refetch"":2.0},{""admissible"":false,""core"":1,""earliest_start"":121197440.96969713,""predicted_cycles"":3430043.9272727277,""predicted_finish"":124627484.89696985,""refetch"":3.0}]"
v3_captured_mixed_heldout_bfcl_t128_l2,fixed_4+2,port_tight,128,51,51,11,False,1,0,17301504,103809024.0,51904512.0,51904512.0,49.5,6.0,3.0,3.0,0,all_cores_refetch,101684746.52121225,"[{""admissible"":false,""core"":0,""earliest_start"":102978474.36190487,""predicted_cycles"":1796723.2123325893,""predicted_finish"":104775197.57423747,""refetch"":3.0},{""admissible"":true,""core"":1,""earliest_start"":101685250.52121225,""predicted_cycles"":6860064.529225853,""predicted_finish"":108545315.0504381,""refetch"":6.0}]"
v3_captured_mixed_heldout_bfcl_t128_l2,fixed_4+2,port_tight,128,53,53,5,False,0,1,17301504,34603008.0,51904512.0,-17301504.0,-16.5,2.0,3.0,2.0,0,all_cores_refetch,120366084.0380954,"[{""admissible"":true,""core"":0,""earliest_start"":120366588.0380954,""predicted_cycles"":1197839.862760417,""predicted_finish"":121564427.90085581,""refetch"":2.0},{""admissible"":false,""core"":1,""earliest_start"":121151883.05454566,""predicted_cycles"":3430043.9272727277,""predicted_finish"":124581926.98181838,""refetch"":3.0}]"
v3_captured_mixed_heldout_bfcl_t128_l2,fixed_4+2,port_tight,128,54,54,7,False,1,0,17301504,69206016.0,34603008.0,34603008.0,33.0,4.0,2.0,2.0,0,all_cores_refetch,121151379.05454566,"[{""admissible"":false,""core"":0,""earliest_start"":121556393.75238115,""predicted_cycles"":1197839.862760417,""predicted_finish"":122754233.61514156,""refetch"":2.0},{""admissible"":true,""core"":1,""earliest_start"":121151883.05454566,""predicted_cycles"":4573349.236363637,""predicted_finish"":125725232.29090929,""refetch"":4.0}]"
v3_captured_mixed_heldout_bfcl_t128_l2,fixed_4+2,port_tight,128,55,55,5,False,0,1,17301504,34603008.0,51904512.0,-17301504.0,-16.5,2.0,3.0,2.0,0,all_cores_refetch,121563896.45714302,"[{""admissible"":true,""core"":0,""earliest_start"":121564400.45714302,""predicted_cycles"":1197839.862760417,""predicted_finish"":122762240.31990343,""refetch"":2.0},{""admissible"":false,""core"":1,""earliest_start"":125770726.2060608,""predicted_cycles"":3430043.9272727277,""predicted_finish"":129200770.13333352,""refetch"":3.0}]"
v3_captured_mixed_heldout_bfcl_t128_l2,fixed_4+2,port_tight,128,57,57,39,False,1,0,17301504,346030080.0,173015040.0,173015040.0,165.0,20.0,10.0,10.0,0,all_cores_refetch,22569979.3939394,"[{""admissible"":false,""core"":0,""earliest_start"":39778086.337060034,""predicted_cycles"":5988870.095238095,""predicted_finish"":45766956.43229813,""refetch"":10.0},{""admissible"":true,""core"":1,""earliest_start"":22570483.3939394,""predicted_cycles"":22866234.181818184,""predicted_finish"":45436717.57575758,""refetch"":20.0}]"
v3_captured_mixed_heldout_bfcl_t128_l2,fixed_4+2,port_tight,128,60,60,38,False,0,1,17301504,173015040.0,328728576.0,-155713536.0,-148.5,10.0,19.0,10.0,0,all_cores_refetch,39532151.16190475,"[{""admissible"":true,""core"":0,""earliest_start"":39532143.16190475,""predicted_cycles"":5988870.095238095,""predicted_finish"":45521013.25714285,""refetch"":10.0},{""admissible"":false,""core"":1,""earliest_start"":45285527.07878788,""predicted_cycles"":21722928.872727275,""predicted_finish"":67008455.95151515,""refetch"":19.0}]"
v3_captured_mixed_heldout_bfcl_t128_l26,fixed_4+2,port_tight,128,1,1,6,False,0,1,17301504,34603008.0,51904512.0,-17301504.0,-16.5,2.0,3.0,2.0,0,all_cores_refetch,114377021.94285731,"[{""admissible"":true,""core"":0,""earliest_start"":114377525.94285731,""predicted_cycles"":1197839.862760417,""predicted_finish"":115575365.80561772,""refetch"":2.0},{""admissible"":false,""core"":1,""earliest_start"":116510643.87878807,""predicted_cycles"":3430043.9272727277,""predicted_finish"":119940687.80606079,""refetch"":3.0}]"
v3_captured_mixed_heldout_bfcl_t128_l26,fixed_4+2,port_tight,128,5,5,9,False,0,1,17301504,51904512.0,86507520.0,-34603008.0,-33.0,3.0,5.0,3.0,0,all_cores_refetch,95196531.3777779,"[{""admissible"":true,""core"":0,""earliest_start"":95197035.3777779,""predicted_cycles"":1796723.2123325893,""predicted_finish"":96993758.5901105,""refetch"":3.0},{""admissible"":false,""core"":1,""earliest_start"":97081923.00606075,""predicted_cycles"":5716741.774680398,""predicted_finish"":102798664.78074116,""refetch"":5.0}]"
v3_captured_mixed_heldout_bfcl_t128_l26,fixed_4+2,port_tight,128,8,8,5,False,0,1,17301504,34603008.0,51904512.0,-17301504.0,-16.5,2.0,3.0,2.0,0,all_cores_refetch,116772646.78095256,"[{""admissible"":true,""core"":0,""earliest_start"":116773150.78095256,""predicted_cycles"":1197839.862760417,""predicted_finish"":117970990.64371297,""refetch"":2.0},{""admissible"":false,""core"":1,""earliest_start"":120054215.66060624,""predicted_cycles"":3430043.9272727277,""predicted_finish"":123484259.58787896,""refetch"":3.0}]"
v3_captured_mixed_heldout_bfcl_t128_l26,fixed_4+2,port_tight,128,10,10,17,False,0,1,17301504,86507520.0,155713536.0,-69206016.0,-66.0,5.0,9.0,5.0,0,all_cores_refetch,63447524.34285715,"[{""admissible"":true,""core"":0,""earliest_start"":63448028.34285715,""predicted_cycles"":2994499.0476190476,""predicted_finish"":66442527.3904762,""refetch"":5.0},{""admissible"":false,""core"":1,""earliest_start"":67167166.35151517,""predicted_cycles"":10289875.781818183,""predicted_finish"":77457042.13333336,""refetch"":9.0}]"
v3_captured_mixed_heldout_bfcl_t128_l26,fixed_4+2,port_tight,128,11,11,10,False,0,1,17301504,51904512.0,86507520.0,-34603008.0,-33.0,3.0,5.0,3.0,0,all_cores_refetch,97001123.93650807,"[{""admissible"":true,""core"":0,""earliest_start"":97001627.93650807,""predicted_cycles"":1796723.2123325893,""predicted_finish"":98798351.14884067,""refetch"":3.0},{""admissible"":false,""core"":1,""earliest_start"":97081923.00606075,""predicted_cycles"":5716741.774680398,""predicted_finish"":102798664.78074116,""refetch"":5.0}]"
v3_captured_mixed_heldout_bfcl_t128_l26,fixed_4+2,port_tight,128,13,13,17,False,0,1,17301504,86507520.0,155713536.0,-69206016.0,-66.0,5.0,9.0,5.0,0,all_cores_refetch,66441959.390476204,"[{""admissible"":true,""core"":0,""earliest_start"":66442463.390476204,""predicted_cycles"":2994499.0476190476,""predicted_finish"":69436962.43809526,""refetch"":5.0},{""admissible"":false,""core"":1,""earliest_start"":67265314.42424245,""predicted_cycles"":10289875.781818183,""predicted_finish"":77555190.20606063,""refetch"":9.0}]"
v3_captured_mixed_heldout_bfcl_t128_l26,fixed_4+2,port_tight,128,14,14,11,False,1,0,17301504,103809024.0,51904512.0,51904512.0,49.5,6.0,3.0,3.0,0,all_cores_refetch,97081419.00606075,"[{""admissible"":false,""core"":0,""earliest_start"":98822171.13614225,""predicted_cycles"":1796723.2123325893,""predicted_finish"":100618894.34847485,""refetch"":3.0},{""admissible"":true,""core"":1,""earliest_start"":97081923.00606075,""predicted_cycles"":6860064.529225853,""predicted_finish"":103941987.5352866,""refetch"":6.0}]"
v3_captured_mixed_heldout_bfcl_t128_l26,fixed_4+2,port_tight,128,23,23,18,False,0,1,17301504,86507520.0,155713536.0,-69206016.0,-66.0,5.0,9.0,5.0,0,all_cores_refetch,69436394.43809526,"[{""admissible"":true,""core"":0,""earliest_start"":69436898.43809526,""predicted_cycles"":2994499.0476190476,""predicted_finish"":72431397.4857143,""refetch"":5.0},{""admissible"":false,""core"":1,""earliest_start"":77751535.22424245,""predicted_cycles"":10289875.781818183,""predicted_finish"":88041411.00606063,""refetch"":9.0}]"
v3_captured_mixed_heldout_bfcl_t128_l26,fixed_4+2,port_tight,128,24,24,5,False,0,1,17301504,34603008.0,51904512.0,-17301504.0,-16.5,2.0,3.0,2.0,0,all_cores_refetch,119168271.6190478,"[{""admissible"":true,""core"":0,""earliest_start"":119168775.6190478,""predicted_cycles"":1197839.862760417,""predicted_finish"":120366615.48180822,""refetch"":2.0},{""admissible"":false,""core"":1,""earliest_start"":120008657.74545473,""predicted_cycles"":3430043.9272727277,""predicted_finish"":123438701.67272745,""refetch"":3.0}]"
v3_captured_mixed_heldout_bfcl_t128_l26,fixed_4+2,port_tight,128,26,26,26,False,1,0,17301504,224919552.0,121110528.0,103809024.0,99.0,13.0,7.0,7.0,0,all_cores_refetch,52598385.551515155,"[{""admissible"":false,""core"":0,""earliest_start"":53251162.92063492,""predicted_cycles"":4192247.466666667,""predicted_finish"":57443410.38730159,""refetch"":7.0},{""admissible"":true,""core"":1,""earliest_start"":52598377.551515155,""predicted_cycles"":14863097.01818182,""predicted_finish"":67461474.56969698,""refetch"":13.0}]"
v3_captured_mixed_heldout_bfcl_t128_l26,fixed_4+2,port_tight,128,28,28,17,False,0,1,17301504,86507520.0,155713536.0,-69206016.0,-66.0,5.0,9.0,5.0,0,all_cores_refetch,75425264.53333338,"[{""admissible"":true,""core"":0,""earliest_start"":75425768.53333338,""predicted_cycles"":2994499.0476190476,""predicted_finish"":78420267.58095242,""refetch"":5.0},{""admissible"":false,""core"":1,""earliest_start"":77615418.47272733,""predicted_cycles"":10289875.781818183,""predicted_finish"":87905294.25454551,""refetch"":9.0}]"
v3_captured_mixed_heldout_bfcl_t128_l26,fixed_4+2,port_tight,128,29,29,46,False,1,0,17301504,397934592.0,207618048.0,190316544.0,181.5,23.0,12.0,12.0,0,all_cores_refetch,6069.333333333333,"[{""admissible"":false,""core"":0,""earliest_start"":39532143.16190477,""predicted_cycles"":7186618.514285714,""predicted_finish"":46718761.67619048,""refetch"":12.0},{""admissible"":true,""core"":1,""earliest_start"":6051.333333333333,""predicted_cycles"":26296150.109090913,""predicted_finish"":26302201.442424245,""refetch"":23.0}]"
v3_captured_mixed_heldout_bfcl_t128_l26,fixed_4+2,port_tight,128,32,32,14,False,0,1,17301504,69206016.0,121110528.0,-51904512.0,-49.5,4.0,7.0,4.0,0,all_cores_refetch,88009848.86349215,"[{""admissible"":true,""core"":0,""earliest_start"":88010352.86349215,""predicted_cycles"":2395588.283761161,""predicted_finish"":90405941.1472533,""refetch"":4.0},{""admissible"":false,""core"":1,""earliest_start"":89033442.42424251,""predicted_cycles"":8003387.283771307,""predicted_finish"":97036829.70801382,""refetch"":7.0}]"
v3_captured_mixed_heldout_bfcl_t128_l26,fixed_4+2,port_tight,128,35,35,5,False,0,1,17301504,34603008.0,51904512.0,-17301504.0,-16.5,2.0,3.0,2.0,0,all_cores_refetch,120366084.03809543,"[{""admissible"":true,""core"":0,""earliest_start"":120366588.03809543,""predicted_cycles"":1197839.862760417,""predicted_finish"":121564427.90085584,""refetch"":2.0},{""admissible"":false,""core"":1,""earliest_start"":123484195.58787897,""predicted_cycles"":3430043.9272727277,""predicted_finish"":126914239.5151517,""refetch"":3.0}]"
v3_captured_mixed_heldout_bfcl_t128_l26,fixed_4+2,port_tight,128,36,36,10,False,0,1,17301504,51904512.0,86507520.0,-34603008.0,-33.0,3.0,5.0,3.0,0,all_cores_refetch,102391183.82222238,"[{""admissible"":true,""core"":0,""earliest_start"":102391687.82222238,""predicted_cycles"":1796723.2123325893,""predicted_finish"":104188411.03455497,""refetch"":3.0},{""admissible"":false,""core"":1,""earliest_start"":103956912.00000016,""predicted_cycles"":5716741.774680398,""predicted_finish"":109673653.77468055,""refetch"":5.0}]"
v3_captured_mixed_heldout_bfcl_t128_l26,fixed_4+2,port_tight,128,38,38,11,False,1,0,17301504,103809024.0,51904512.0,51904512.0,49.5,6.0,3.0,3.0,0,all_cores_refetch,103956408.00000016,"[{""admissible"":false,""core"":0,""earliest_start"":104188374.45079382,""predicted_cycles"":1796723.2123325893,""predicted_finish"":105985097.66312641,""refetch"":3.0},{""admissible"":true,""core"":1,""earliest_start"":103956912.00000016,""predicted_cycles"":6860064.529225853,""predicted_finish"":110816976.52922602,""refetch"":6.0}]"
v3_captured_mixed_heldout_bfcl_t128_l26,fixed_4+2,port_tight,128,49,49,9,False,0,1,17301504,51904512.0,86507520.0,-34603008.0,-33.0,3.0,5.0,3.0,0,all_cores_refetch,107781243.70793669,"[{""admissible"":true,""core"":0,""earliest_start"":107781747.70793669,""predicted_cycles"":1796723.2123325893,""predicted_finish"":109578470.92026928,""refetch"":3.0},{""admissible"":false,""core"":1,""earliest_start"":110771413.6242426,""predicted_cycles"":5716741.774680398,""predicted_finish"":116488155.39892301,""refetch"":5.0}]"
v3_captured_mixed_heldout_bfcl_t128_l26,fixed_4+2,port_tight,128,61,61,20,False,1,0,17301504,173015040.0,86507520.0,86507520.0,82.5,10.0,5.0,5.0,0,all_cores_refetch,77614914.47272733,"[{""admissible"":false,""core"":0,""earliest_start"":78400337.98095246,""predicted_cycles"":2994499.0476190476,""predicted_finish"":81394837.0285715,""refetch"":5.0},{""admissible"":true,""core"":1,""earliest_start"":77615418.47272733,""predicted_cycles"":11433181.090909092,""predicted_finish"":89048599.56363642,""refetch"":10.0}]"
v3_captured_mixed_heldout_bfcl_t128_l26,fixed_4+2,port_tight,128,62,62,46,False,1,0,17301504,397934592.0,207618048.0,190316544.0,181.5,23.0,12.0,12.0,0,all_cores_refetch,26302227.442424245,"[{""admissible"":false,""core"":0,""earliest_start"":39778086.33706005,""predicted_cycles"":7186618.514285714,""predicted_finish"":46964704.85134576,""refetch"":12.0},{""admissible"":true,""core"":1,""earliest_start"":26302219.442424245,""predicted_cycles"":26296150.109090913,""predicted_finish"":52598369.55151516,""refetch"":23.0}]"
v3_captured_mixed_heldout_gpqa_t128_l13,fixed_4+2,port_tight,128,8,9,15,False,1,0,17301504,138412032.0,69206016.0,69206016.0,66.0,8.0,4.0,4.0,0,all_cores_refetch,84474702.32727283,"[{""admissible"":false,""core"":0,""earliest_start"":85007983.88571438,""predicted_cycles"":2395588.283761161,""predicted_finish"":87403572.16947554,""refetch"":4.0},{""admissible"":true,""core"":1,""earliest_start"":84475206.32727283,""predicted_cycles"":9146710.038316764,""predicted_finish"":93621916.36558959,""refetch"":8.0}]"
v3_captured_mixed_heldout_gpqa_t128_l13,fixed_4+2,port_tight,128,12,13,14,False,0,1,17301504,69206016.0,121110528.0,-51904512.0,-49.5,4.0,7.0,4.0,0,all_cores_refetch,85007479.88571438,"[{""admissible"":true,""core"":0,""earliest_start"":85007983.88571438,""predicted_cycles"":2395588.283761161,""predicted_finish"":87403572.16947554,""refetch"":4.0},{""admissible"":false,""core"":1,""earliest_start"":93757969.11710474,""predicted_cycles"":8003387.283771307,""predicted_finish"":101761356.40087605,""refetch"":7.0}]"
v3_captured_mixed_heldout_gpqa_t128_l13,fixed_4+2,port_tight,128,18,19,5,False,0,1,17301504,34603008.0,51904512.0,-17301504.0,-16.5,2.0,3.0,2.0,0,all_cores_refetch,120964866.24761923,"[{""admissible"":true,""core"":0,""earliest_start"":120965370.24761923,""predicted_cycles"":1197839.862760417,""predicted_finish"":122163210.11037964,""refetch"":2.0},{""admissible"":false,""core"":1,""earliest_start"":123415775.1515153,""predicted_cycles"":3429991.5889559663,""predicted_finish"":126845766.74047127,""refetch"":3.0}]"
v3_captured_mixed_heldout_gpqa_t128_l13,fixed_4+2,port_tight,128,20,21,14,False,0,1,17301504,69206016.0,121110528.0,-51904512.0,-49.5,4.0,7.0,4.0,0,all_cores_refetch,87410946.65396835,"[{""admissible"":true,""core"":0,""earliest_start"":87411450.65396835,""predicted_cycles"":2395588.283761161,""predicted_finish"":89807038.93772951,""refetch"":4.0},{""admissible"":false,""core"":1,""earliest_start"":93576318.56969708,""predicted_cycles"":8003387.283771307,""predicted_finish"":101579705.85346839,""refetch"":7.0}]"
v3_captured_mixed_heldout_gpqa_t128_l13,fixed_4+2,port_tight,128,22,23,12,False,1,0,17301504,103809024.0,51904512.0,51904512.0,49.5,6.0,3.0,3.0,0,all_cores_refetch,102782808.41212136,"[{""admissible"":false,""core"":0,""earliest_start"":102990534.03174618,""predicted_cycles"":1796723.2123325893,""predicted_finish"":104787257.24407877,""refetch"":3.0},{""admissible"":true,""core"":1,""earliest_start"":102783312.41212136,""predicted_cycles"":6860064.529225853,""predicted_finish"":109643376.94134721,""refetch"":6.0}]"
v3_captured_mixed_heldout_gpqa_t128_l13,fixed_4+2,port_tight,128,24,25,10,False,0,1,17301504,51904512.0,86507520.0,-34603008.0,-33.0,3.0,5.0,3.0,0,all_cores_refetch,102990030.03174618,"[{""admissible"":true,""core"":0,""earliest_start"":102990534.03174618,""predicted_cycles"":1796723.2123325893,""predicted_finish"":104787257.24407877,""refetch"":3.0},{""admissible"":false,""core"":1,""earliest_start"":109764336.55346842,""predicted_cycles"":5716741.774680398,""predicted_finish"":115481078.32814881,""refetch"":5.0}]"
v3_captured_mixed_heldout_gpqa_t128_l13,fixed_4+2,port_tight,128,26,27,9,False,0,1,17301504,51904512.0,86507520.0,-34603008.0,-33.0,3.0,5.0,3.0,0,all_cores_refetch,104786716.6603176,"[{""admissible"":true,""core"":0,""earliest_start"":104787220.6603176,""predicted_cycles"":1796723.2123325893,""predicted_finish"":106583943.87265019,""refetch"":3.0},{""admissible"":false,""core"":1,""earliest_start"":109628000.31515168,""predicted_cycles"":5716741.774680398,""predicted_finish"":115344742.08983207,""refetch"":5.0}]"
v3_captured_mixed_heldout_gpqa_t128_l13,fixed_4+2,port_tight,128,27,28,6,False,0,1,17301504,34603008.0,51904512.0,-17301504.0,-16.5,2.0,3.0,2.0,0,all_cores_refetch,123360491.08571449,"[{""admissible"":true,""core"":0,""earliest_start"":123360995.08571449,""predicted_cycles"":1197839.862760417,""predicted_finish"":124558834.9484749,""refetch"":2.0},{""admissible"":false,""core"":1,""earliest_start"":123438529.67272751,""predicted_cycles"":3429991.5889559663,""predicted_finish"":126868521.26168348,""refetch"":3.0}]"
v3_captured_mixed_heldout_gpqa_t128_l13,fixed_4+2,port_tight,128,28,29,17,False,0,1,17301504,86507520.0,155713536.0,-69206016.0,-66.0,5.0,9.0,5.0,0,all_cores_refetch,67040869.60000004,"[{""admissible"":true,""core"":0,""earliest_start"":67041373.60000004,""predicted_cycles"":2994499.0476190476,""predicted_finish"":70035872.64761908,""refetch"":5.0},{""admissible"":false,""core"":1,""earliest_start"":74117360.60606065,""predicted_cycles"":10289875.781818183,""predicted_finish"":84407236.38787884,""refetch"":9.0}]"
v3_captured_mixed_heldout_gpqa_t128_l13,fixed_4+2,port_tight,128,29,30,14,False,0,1,17301504,69206016.0,121110528.0,-51904512.0,-49.5,4.0,7.0,4.0,0,all_cores_refetch,89806507.4920636,"[{""admissible"":true,""core"":0,""earliest_start"":89807011.4920636,""predicted_cycles"":2395588.283761161,""predicted_finish"":92202599.77582476,""refetch"":4.0},{""admissible"":false,""core"":1,""earliest_start"":93576318.56969708,""predicted_cycles"":8003387.283771307,""predicted_finish"":101579705.85346839,""refetch"":7.0}]"
v3_captured_mixed_heldout_gpqa_t128_l13,fixed_4+2,port_tight,128,32,33,21,False,1,0,17301504,190316544.0,103809024.0,86507520.0,82.5,11.0,6.0,6.0,0,all_cores_refetch,51258283.806060635,"[{""admissible"":false,""core"":0,""earliest_start"":54504455.047619075,""predicted_cycles"":3593373.257142857,""predicted_finish"":58097828.30476193,""refetch"":6.0},{""admissible"":true,""core"":1,""earliest_start"":51258787.806060635,""predicted_cycles"":12576486.400000002,""predicted_finish"":63835274.20606063,""refetch"":11.0}]"
v3_captured_mixed_heldout_gpqa_t128_l13,fixed_4+2,port_tight,128,33,34,7,False,1,0,17301504,69206016.0,34603008.0,34603008.0,33.0,4.0,2.0,2.0,0,all_cores_refetch,123438025.67272751,"[{""admissible"":false,""core"":0,""earliest_start"":124574749.00561777,""predicted_cycles"":1197839.862760417,""predicted_finish"":125772588.86837818,""refetch"":2.0},{""admissible"":true,""core"":1,""earliest_start"":123438529.67272751,""predicted_cycles"":4573279.45259233,""predicted_finish"":128011809.12531984,""refetch"":4.0}]"
v3_captured_mixed_heldout_gpqa_t128_l13,fixed_4+2,port_tight,128,34,35,28,False,1,0,17301504,242221056.0,121110528.0,121110528.0,115.5,14.0,7.0,7.0,0,all_cores_refetch,20313527.05454546,"[{""admissible"":false,""core"":0,""earliest_start"":39778058.33706005,""predicted_cycles"":4192247.466666667,""predicted_finish"":43970305.80372672,""refetch"":7.0},{""admissible"":true,""core"":1,""earliest_start"":20314031.05454546,""predicted_cycles"":16006402.327272728,""predicted_finish"":36320433.38181819,""refetch"":14.0}]"
v3_captured_mixed_heldout_gpqa_t128_l13,fixed_4+2,port_tight,128,37,38,18,False,0,1,17301504,86507520.0,155713536.0,-69206016.0,-66.0,5.0,9.0,5.0,0,all_cores_refetch,70035304.6476191,"[{""admissible"":true,""core"":0,""earliest_start"":70035808.6476191,""predicted_cycles"":2994499.0476190476,""predicted_finish"":73030307.69523814,""refetch"":5.0},{""admissible"":false,""core"":1,""earliest_start"":74117360.60606068,""predicted_cycles"":10289875.781818183,""predicted_finish"":84407236.38787887,""refetch"":9.0}]"
v3_captured_mixed_heldout_gpqa_t128_l13,fixed_4+2,port_tight,128,42,43,12,False,1,0,17301504,103809024.0,51904512.0,51904512.0,49.5,6.0,3.0,3.0,0,all_cores_refetch,109672890.54545471,"[{""admissible"":false,""core"":0,""earliest_start"":110165320.87619063,""predicted_cycles"":1796723.2123325893,""predicted_finish"":111962044.08852322,""refetch"":3.0},{""admissible"":true,""core"":1,""earliest_start"":109673394.54545471,""predicted_cycles"":6860064.529225853,""predicted_finish"":116533459.07468057,""refetch"":6.0}]"
v3_captured_mixed_heldout_gpqa_t128_l13,fixed_4+2,port_tight,128,43,44,16,False,1,0,17301504,138412032.0,69206016.0,69206016.0,66.0,8.0,4.0,4.0,0,all_cores_refetch,93636301.93939407,"[{""admissible"":false,""core"":0,""earliest_start"":94582220.53333345,""predicted_cycles"":2395588.283761161,""predicted_finish"":96977808.81709461,""refetch"":4.0},{""admissible"":true,""core"":1,""earliest_start"":93636805.93939407,""predicted_cycles"":9146710.038316764,""predicted_finish"":102783515.97771084,""refetch"":8.0}]"
v3_captured_mixed_heldout_gpqa_t128_l13,fixed_4+2,port_tight,128,44,45,26,False,1,0,17301504,224919552.0,121110528.0,103809024.0,99.0,13.0,7.0,7.0,0,all_cores_refetch,36380157.64848486,"[{""admissible"":false,""core"":0,""earliest_start"":39899783.58095238,""predicted_cycles"":4192247.466666667,""predicted_finish"":44092031.04761905,""refetch"":7.0},{""admissible"":true,""core"":1,""earliest_start"":36380661.64848486,""predicted_cycles"":14863097.01818182,""predicted_finish"":51243758.66666669,""refetch"":13.0}]"
v3_captured_mixed_heldout_gpqa_t128_l13,fixed_4+2,port_tight,128,45,46,18,False,0,1,17301504,86507520.0,155713536.0,-69206016.0,-66.0,5.0,9.0,5.0,0,all_cores_refetch,79018609.79047626,"[{""admissible"":true,""core"":0,""earliest_start"":79019113.79047626,""predicted_cycles"":2994499.0476190476,""predicted_finish"":82013612.8380953,""refetch"":5.0},{""admissible"":false,""core"":1,""earliest_start"":84407172.3878789,""predicted_cycles"":10289875.781818183,""predicted_finish"":94697048.16969708,""refetch"":9.0}]"
v3_captured_mixed_heldout_gpqa_t128_l13,fixed_4+2,port_tight,128,51,54,9,False,0,1,17301504,51904512.0,86507520.0,-34603008.0,-33.0,3.0,5.0,3.0,0,all_cores_refetch,111973463.17460334,"[{""admissible"":true,""core"":0,""earliest_start"":111973967.17460334,""predicted_cycles"":1796723.2123325893,""predicted_finish"":113770690.38693593,""refetch"":3.0},{""admissible"":false,""core"":1,""earliest_start"":116487896.16969715,""predicted_cycles"":5716741.774680398,""predicted_finish"":122204637.94437754,""refetch"":5.0}]"
v3_captured_mixed_heldout_gpqa_t128_l13,fixed_4+2,port_tight,128,54,57,21,False,0,1,17301504,103809024.0,190316544.0,-86507520.0,-82.5,6.0,11.0,6.0,0,all_cores_refetch,54456349.2698413,"[{""admissible"":true,""core"":0,""earliest_start"":54456853.2698413,""predicted_cycles"":3593373.257142857,""predicted_finish"":58050226.526984155,""refetch"":6.0},{""admissible"":false,""core"":1,""earliest_start"":64031699.51515156,""predicted_cycles"":12576486.400000002,""predicted_finish"":76608185.91515157,""refetch"":11.0}]"
v3_captured_mixed_heldout_gpqa_t128_l13,fixed_4+2,port_tight,128,59,63,36,False,1,0,17301504,311427072.0,155713536.0,155713536.0,148.5,18.0,9.0,9.0,0,all_cores_refetch,6041.333333333333,"[{""admissible"":false,""core"":0,""earliest_start"":39532115.16190477,""predicted_cycles"":5389995.885714286,""predicted_finish"":44922111.04761905,""refetch"":9.0},{""admissible"":true,""core"":1,""earliest_start"":6023.333333333333,""predicted_cycles"":20579623.563636366,""predicted_finish"":20585646.8969697,""refetch"":18.0}]"
v3_captured_mixed_heldout_gpqa_t128_l2,fixed_4+2,port_tight,128,3,3,10,False,0,1,17301504,51904512.0,86507520.0,-34603008.0,-33.0,3.0,5.0,3.0,0,all_cores_refetch,90413549.63174617,"[{""admissible"":true,""core"":0,""earliest_start"":90414053.63174617,""predicted_cycles"":1796723.2123325893,""predicted_finish"":92210776.84407876,""refetch"":3.0},{""admissible"":false,""core"":1,""earliest_start"":91365422.46060622,""predicted_cycles"":5716741.774680398,""predicted_finish"":97082164.23528662,""refetch"":5.0}]"
v3_captured_mixed_heldout_gpqa_t128_l2,fixed_4+2,port_tight,128,4,4,6,False,0,1,17301504,34603008.0,51904512.0,-17301504.0,-16.5,2.0,3.0,2.0,0,all_cores_refetch,113770475.80317481,"[{""admissible"":true,""core"":0,""earliest_start"":113770979.80317481,""predicted_cycles"":1197839.862760417,""predicted_finish"":114968819.66593522,""refetch"":2.0},{""admissible"":false,""core"":1,""earliest_start"":114261970.92121233,""predicted_cycles"":3430043.9272727277,""predicted_finish"":117692014.84848505,""refetch"":3.0}]"
v3_captured_mixed_heldout_gpqa_t128_l2,fixed_4+2,port_tight,128,6,6,7,False,1,0,17301504,69206016.0,34603008.0,34603008.0,33.0,4.0,2.0,2.0,0,all_cores_refetch,114261466.92121233,"[{""admissible"":false,""core"":0,""earliest_start"":114968691.44761927,""predicted_cycles"":1197839.862760417,""predicted_finish"":116166531.31037968,""refetch"":2.0},{""admissible"":true,""core"":1,""earliest_start"":114261970.92121233,""predicted_cycles"":4573349.236363637,""predicted_finish"":118835320.15757596,""refetch"":4.0}]"
v3_captured_mixed_heldout_gpqa_t128_l2,fixed_4+2,port_tight,128,11,11,10,False,0,1,17301504,51904512.0,86507520.0,-34603008.0,-33.0,3.0,5.0,3.0,0,all_cores_refetch,92210236.26031761,"[{""admissible"":true,""core"":0,""earliest_start"":92210740.26031761,""predicted_cycles"":1796723.2123325893,""predicted_finish"":94007463.4726502,""refetch"":3.0},{""admissible"":false,""core"":1,""earliest_start"":97188030.70801389,""predicted_cycles"":5716741.774680398,""predicted_finish"":102904772.4826943,""refetch"":5.0}]"
v3_captured_mixed_heldout_gpqa_t128_l2,fixed_4+2,port_tight,128,13,13,9,False,0,1,17301504,51904512.0,86507520.0,-34603008.0,-33.0,3.0,5.0,3.0,0,all_cores_refetch,94006922.88888904,"[{""admissible"":true,""core"":0,""earliest_start"":94007426.88888904,""predicted_cycles"":1796723.2123325893,""predicted_finish"":95804150.10122164,""refetch"":3.0},{""admissible"":false,""core"":1,""earliest_start"":97074351.62424263,""predicted_cycles"":5716741.774680398,""predicted_finish"":102791093.39892304,""refetch"":5.0}]"
v3_captured_mixed_heldout_gpqa_t128_l2,fixed_4+2,port_tight,128,15,15,25,False,1,0,17301504,224919552.0,121110528.0,103809024.0,99.0,13.0,7.0,7.0,0,all_cores_refetch,6111.333333333333,"[{""admissible"":false,""core"":0,""earliest_start"":39532185.16190477,""predicted_cycles"":4192247.466666667,""predicted_finish"":43724432.628571436,""refetch"":7.0},{""admissible"":true,""core"":1,""earliest_start"":6093.333333333333,""predicted_cycles"":14863097.01818182,""predicted_finish"":14869190.351515153,""refetch"":13.0}]"
v3_captured_mixed_heldout_gpqa_t128_l2,fixed_4+2,port_tight,128,20,20,7,False,1,0,17301504,69206016.0,34603008.0,34603008.0,33.0,4.0,2.0,2.0,0,all_cores_refetch,118849845.29696992,"[{""admissible"":false,""core"":0,""earliest_start"":119783889.32942729,""predicted_cycles"":1197839.862760417,""predicted_finish"":120981729.1921877,""refetch"":2.0},{""admissible"":true,""core"":1,""earliest_start"":118850349.29696992,""predicted_cycles"":4573349.236363637,""predicted_finish"":123423698.53333355,""refetch"":4.0}]"
v3_captured_mixed_heldout_gpqa_t128_l2,fixed_4+2,port_tight,128,24,24,9,False,0,1,17301504,51904512.0,86507520.0,-34603008.0,-33.0,3.0,5.0,3.0,0,all_cores_refetch,101193669.40317477,"[{""admissible"":true,""core"":0,""earliest_start"":101194173.40317477,""predicted_cycles"":1796723.2123325893,""predicted_finish"":102990896.61550736,""refetch"":3.0},{""admissible"":false,""core"":1,""earliest_start"":102790942.16969717,""predicted_cycles"":5716741.774680398,""predicted_finish"":108507683.94437757,""refetch"":5.0}]"
v3_captured_mixed_heldout_gpqa_t128_l2,fixed_4+2,port_tight,128,28,28,10,False,0,1,17301504,51904512.0,86507520.0,-34603008.0,-33.0,3.0,5.0,3.0,0,all_cores_refetch,104787042.66031764,"[{""admissible"":true,""core"":0,""earliest_start"":104787546.66031764,""predicted_cycles"":1796723.2123325893,""predicted_finish"":106584269.87265024,""refetch"":3.0},{""admissible"":false,""core"":1,""earliest_start"":108507532.7151517,""predicted_cycles"":5716741.774680398,""predicted_finish"":114224274.4898321,""refetch"":5.0}]"
v3_captured_mixed_heldout_gpqa_t128_l2,fixed_4+2,port_tight,128,30,30,18,False,0,1,17301504,86507520.0,155713536.0,-69206016.0,-66.0,5.0,9.0,5.0,0,all_cores_refetch,52667702.57142858,"[{""admissible"":true,""core"":0,""earliest_start"":52668206.57142858,""predicted_cycles"":2994499.0476190476,""predicted_finish"":55662705.61904763,""refetch"":5.0},{""admissible"":false,""core"":1,""earliest_start"":53560625.563636385,""predicted_cycles"":10289875.781818183,""predicted_finish"":63850501.345454566,""refetch"":9.0}]"
v3_captured_mixed_heldout_gpqa_t128_l2,fixed_4+2,port_tight,128,34,34,13,False,0,1,17301504,69206016.0,121110528.0,-51904512.0,-49.5,4.0,7.0,4.0,0,all_cores_refetch,71840031.20634928,"[{""admissible"":true,""core"":0,""earliest_start"":71840535.20634928,""predicted_cycles"":2395588.283761161,""predicted_finish"":74236123.49011044,""refetch"":4.0},{""admissible"":false,""core"":1,""earliest_start"":75238160.20606071,""predicted_cycles"":8003387.283771307,""predicted_finish"":83241547.48983201,""refetch"":7.0}]"
v3_captured_mixed_heldout_gpqa_t128_l2,fixed_4+2,port_tight,128,35,35,21,False,1,0,17301504,190316544.0,103809024.0,86507520.0,82.5,11.0,6.0,6.0,0,all_cores_refetch,14672536.206060609,"[{""admissible"":false,""core"":0,""earliest_start"":39308025.36066253,""predicted_cycles"":3593373.257142857,""predicted_finish"":42901398.617805384,""refetch"":6.0},{""admissible"":true,""core"":1,""earliest_start"":14673040.206060609,""predicted_cycles"":12576486.400000002,""predicted_finish"":27249526.60606061,""refetch"":11.0}]"
v3_captured_mixed_heldout_gpqa_t128_l2,fixed_4+2,port_tight,128,37,37,6,False,0,1,17301504,34603008.0,51904512.0,-17301504.0,-16.5,2.0,3.0,2.0,0,all_cores_refetch,123360881.08571447,"[{""admissible"":true,""core"":0,""earliest_start"":123361385.08571447,""predicted_cycles"":1197839.862760417,""predicted_finish"":124559224.94847488,""refetch"":2.0},{""admissible"":false,""core"":1,""earliest_start"":123423634.53333354,""predicted_cycles"":3430043.9272727277,""predicted_finish"":126853678.46060626,""refetch"":3.0}]"
v3_captured_mixed_heldout_gpqa_t128_l2,fixed_4+2,port_tight,128,39,39,8,False,1,0,17301504,69206016.0,34603008.0,34603008.0,33.0,4.0,2.0,2.0,0,all_cores_refetch,123423130.53333354,"[{""admissible"":false,""core"":0,""earliest_start"":124575139.00561775,""predicted_cycles"":1197839.862760417,""predicted_finish"":125772978.86837816,""refetch"":2.0},{""admissible"":true,""core"":1,""earliest_start"":123423634.53333354,""predicted_cycles"":4573349.236363637,""predicted_finish"":127996983.76969717,""refetch"":4.0}]"
v3_captured_mixed_heldout_gpqa_t128_l2,fixed_4+2,port_tight,128,42,42,14,False,0,1,17301504,69206016.0,121110528.0,-51904512.0,-49.5,4.0,7.0,4.0,0,all_cores_refetch,76631152.88253976,"[{""admissible"":true,""core"":0,""earliest_start"":76631656.88253976,""predicted_cycles"":2395588.283761161,""predicted_finish"":79027245.16630092,""refetch"":4.0},{""admissible"":false,""core"":1,""earliest_start"":83468273.889832,""predicted_cycles"":8003387.283771307,""predicted_finish"":91471661.17360331,""refetch"":7.0}]"
v3_captured_mixed_heldout_gpqa_t128_l2,fixed_4+2,port_tight,128,43,43,22,False,1,0,17301504,190316544.0,103809024.0,86507520.0,82.5,11.0,6.0,6.0,0,all_cores_refetch,27279064.5939394,"[{""admissible"":false,""core"":0,""earliest_start"":39778128.337060034,""predicted_cycles"":3593373.257142857,""predicted_finish"":43371501.59420289,""refetch"":6.0},{""admissible"":true,""core"":1,""earliest_start"":27279568.5939394,""predicted_cycles"":12576486.400000002,""predicted_finish"":39856054.9939394,""refetch"":11.0}]"
v3_captured_mixed_heldout_gpqa_t128_l2,fixed_4+2,port_tight,128,49,49,9,False,0,1,17301504,51904512.0,86507520.0,-34603008.0,-33.0,3.0,5.0,3.0,0,all_cores_refetch,110177102.54603192,"[{""admissible"":true,""core"":0,""earliest_start"":110177606.54603192,""predicted_cycles"":1796723.2123325893,""predicted_finish"":111974329.75836451,""refetch"":3.0},{""admissible"":false,""core"":1,""earliest_start"":114224123.26060626,""predicted_cycles"":5716741.774680398,""predicted_finish"":119940865.03528666,""refetch"":5.0}]"
v3_captured_mixed_heldout_gpqa_t128_l2,fixed_4+2,port_tight,128,57,57,23,False,1,0,17301504,207618048.0,103809024.0,103809024.0,99.0,12.0,6.0,6.0,0,all_cores_refetch,39855486.99393941,"[{""admissible"":false,""core"":0,""earliest_start"":43125566.419047624,""predicted_cycles"":3593373.257142857,""predicted_finish"":46718939.67619048,""refetch"":6.0},{""admissible"":true,""core"":1,""earliest_start"":39855990.99393941,""predicted_cycles"":13719791.70909091,""predicted_finish"":53575782.70303032,""refetch"":12.0}]"
v3_captured_mixed_heldout_gpqa_t128_l2,fixed_4+2,port_tight,128,59,59,18,False,0,1,17301504,86507520.0,155713536.0,-69206016.0,-66.0,5.0,9.0,5.0,0,all_cores_refetch,61651007.71428574,"[{""admissible"":true,""core"":0,""earliest_start"":61651511.71428574,""predicted_cycles"":2994499.0476190476,""predicted_finish"":64646010.76190478,""refetch"":5.0},{""admissible"":false,""core"":1,""earliest_start"":63895716.7636364,""predicted_cycles"":10289875.781818183,""predicted_finish"":74185592.54545459,""refetch"":9.0}]"
v3_captured_mixed_heldout_gpqa_t128_l2,fixed_4+2,port_tight,128,60,60,7,False,1,0,17301504,69206016.0,34603008.0,34603008.0,33.0,4.0,2.0,2.0,0,all_cores_refetch,127996415.7696972,"[{""admissible"":false,""core"":0,""earliest_start"":128152634.76190498,""predicted_cycles"":1197839.862760417,""predicted_finish"":129350474.6246654,""refetch"":2.0},{""admissible"":true,""core"":1,""earliest_start"":127996919.7696972,""predicted_cycles"":4573349.236363637,""predicted_finish"":132570269.00606084,""refetch"":4.0}]"
v3_captured_mixed_heldout_gpqa_t128_l2,fixed_4+2,port_tight,128,63,63,20,False,1,0,17301504,173015040.0,86507520.0,86507520.0,82.5,10.0,5.0,5.0,0,all_cores_refetch,63895212.7636364,"[{""admissible"":false,""core"":0,""earliest_start"":64626081.16190479,""predicted_cycles"":2994499.0476190476,""predicted_finish"":67620580.20952384,""refetch"":5.0},{""admissible"":true,""core"":1,""earliest_start"":63895716.7636364,""predicted_cycles"":11433181.090909092,""predicted_finish"":75328897.85454549,""refetch"":10.0}]"
v3_captured_mixed_heldout_gpqa_t128_l26,fixed_4+2,port_tight,128,2,2,12,False,1,0,17301504,103809024.0,51904512.0,51904512.0,49.5,6.0,3.0,3.0,0,all_cores_refetch,89063138.7030305,"[{""admissible"":false,""core"":0,""earliest_start"":91036763.27423753,""predicted_cycles"":1796723.2123325893,""predicted_finish"":92833486.48657012,""refetch"":3.0},{""admissible"":true,""core"":1,""earliest_start"":89063642.7030305,""predicted_cycles"":6860064.529225853,""predicted_finish"":95923707.23225635,""refetch"":6.0}]"
v3_captured_mixed_heldout_gpqa_t128_l26,fixed_4+2,port_tight,128,8,8,5,False,0,1,17301504,34603008.0,51904512.0,-17301504.0,-16.5,2.0,3.0,2.0,0,all_cores_refetch,119767367.82857165,"[{""admissible"":true,""core"":0,""earliest_start"":119767871.82857165,""predicted_cycles"":1197839.862760417,""predicted_finish"":120965711.69133206,""refetch"":2.0},{""admissible"":false,""core"":1,""earliest_start"":121106697.63636386,""predicted_cycles"":3429991.5889559663,""predicted_finish"":124536689.22531983,""refetch"":3.0}]"
v3_captured_mixed_heldout_gpqa_t128_l26,fixed_4+2,port_tight,128,9,9,18,False,0,1,17301504,86507520.0,155713536.0,-69206016.0,-66.0,5.0,9.0,5.0,0,all_cores_refetch,50264223.803174615,"[{""admissible"":true,""core"":0,""earliest_start"":50264727.803174615,""predicted_cycles"":2994499.0476190476,""predicted_finish"":53259226.85079366,""refetch"":5.0},{""admissible"":false,""core"":1,""earliest_start"":59186466.46060608,""predicted_cycles"":10289875.781818183,""predicted_finish"":69476342.24242426,""refetch"":9.0}]"
v3_captured_mixed_heldout_gpqa_t128_l26,fixed_4+2,port_tight,128,10,10,24,False,1,0,17301504,207618048.0,103809024.0,103809024.0,99.0,12.0,6.0,6.0,0,all_cores_refetch,31822087.55151515,"[{""admissible"":false,""core"":0,""earliest_start"":39899841.580952376,""predicted_cycles"":3593373.257142857,""predicted_finish"":43493214.83809523,""refetch"":6.0},{""admissible"":true,""core"":1,""earliest_start"":31822591.55151515,""predicted_cycles"":13719791.70909091,""predicted_finish"":45542383.260606065,""refetch"":12.0}]"
v3_captured_mixed_heldout_gpqa_t128_l26,fixed_4+2,port_tight,128,11,11,26,False,1,0,17301504,224919552.0,121110528.0,103809024.0,99.0,13.0,7.0,7.0,0,all_cores_refetch,16928948.545454547,"[{""admissible"":false,""core"":0,""earliest_start"":39308013.36066252,""predicted_cycles"":4192247.466666667,""predicted_finish"":43500260.82732919,""refetch"":7.0},{""admissible"":true,""core"":1,""earliest_start"":16929452.545454547,""predicted_cycles"":14863097.01818182,""predicted_finish"":31792549.563636366,""refetch"":13.0}]"
v3_captured_mixed_heldout_gpqa_t128_l26,fixed_4+2,port_tight,128,17,17,18,False,0,1,17301504,86507520.0,155713536.0,-69206016.0,-66.0,5.0,9.0,5.0,0,all_cores_refetch,56260999.82857144,"[{""admissible"":true,""core"":0,""earliest_start"":56261503.82857144,""predicted_cycles"":2994499.0476190476,""predicted_finish"":59256002.87619048,""refetch"":5.0},{""admissible"":false,""core"":1,""earliest_start"":59277140.10909093,""predicted_cycles"":10289875.781818183,""predicted_finish"":69567015.89090912,""refetch"":9.0}]"
v3_captured_mixed_heldout_gpqa_t128_l26,fixed_4+2,port_tight,128,19,19,10,False,0,1,17301504,51904512.0,86507520.0,-34603008.0,-33.0,3.0,5.0,3.0,0,all_cores_refetch,98199158.35555577,"[{""admissible"":true,""core"":0,""earliest_start"":98199662.35555577,""predicted_cycles"":1796723.2123325893,""predicted_finish"":99996385.56788836,""refetch"":3.0},{""admissible"":false,""core"":1,""earliest_start"":101647560.86060633,""predicted_cycles"":5716741.774680398,""predicted_finish"":107364302.63528672,""refetch"":5.0}]"
v3_captured_mixed_heldout_gpqa_t128_l26,fixed_4+2,port_tight,128,22,22,6,False,0,1,17301504,34603008.0,51904512.0,-17301504.0,-16.5,2.0,3.0,2.0,0,all_cores_refetch,120965180.24761927,"[{""admissible"":true,""core"":0,""earliest_start"":120965684.24761927,""predicted_cycles"":1197839.862760417,""predicted_finish"":122163524.11037968,""refetch"":2.0},{""admissible"":false,""core"":1,""earliest_start"":121106697.63636386,""predicted_cycles"":3429991.5889559663,""predicted_finish"":124536689.22531983,""refetch"":3.0}]"
v3_captured_mixed_heldout_gpqa_t128_l26,fixed_4+2,port_tight,128,24,24,15,False,1,0,17301504,138412032.0,69206016.0,69206016.0,66.0,8.0,4.0,4.0,0,all_cores_refetch,70739939.47878794,"[{""admissible"":false,""core"":0,""earliest_start"":71824610.57142863,""predicted_cycles"":2395588.283761161,""predicted_finish"":74220198.85518979,""refetch"":4.0},{""admissible"":true,""core"":1,""earliest_start"":70740443.47878794,""predicted_cycles"":9146710.038316764,""predicted_finish"":79887153.51710472,""refetch"":8.0}]"
v3_captured_mixed_heldout_gpqa_t128_l26,fixed_4+2,port_tight,128,25,25,10,False,0,1,17301504,51904512.0,86507520.0,-34603008.0,-33.0,3.0,5.0,3.0,0,all_cores_refetch,99995844.98412721,"[{""admissible"":true,""core"":0,""earliest_start"":99996348.98412721,""predicted_cycles"":1796723.2123325893,""predicted_finish"":101793072.1964598,""refetch"":3.0},{""admissible"":false,""core"":1,""earliest_start"":101647560.8606063,""predicted_cycles"":5716741.774680398,""predicted_finish"":107364302.63528669,""refetch"":5.0}]"
v3_captured_mixed_heldout_gpqa_t128_l26,fixed_4+2,port_tight,128,26,26,14,False,0,1,17301504,69206016.0,121110528.0,-51904512.0,-49.5,4.0,7.0,4.0,0,all_cores_refetch,71840019.20634927,"[{""admissible"":true,""core"":0,""earliest_start"":71840523.20634927,""predicted_cycles"":2395588.283761161,""predicted_finish"":74236111.49011043,""refetch"":4.0},{""admissible"":false,""core"":1,""earliest_start"":80038299.40801379,""predicted_cycles"":8003387.283771307,""predicted_finish"":88041686.6917851,""refetch"":7.0}]"
v3_captured_mixed_heldout_gpqa_t128_l26,fixed_4+2,port_tight,128,27,27,8,False,1,0,17301504,69206016.0,34603008.0,34603008.0,33.0,4.0,2.0,2.0,0,all_cores_refetch,121106193.63636386,"[{""admissible"":false,""core"":0,""earliest_start"":122179438.16752255,""predicted_cycles"":1197839.862760417,""predicted_finish"":123377278.03028296,""refetch"":2.0},{""admissible"":true,""core"":1,""earliest_start"":121106697.63636386,""predicted_cycles"":4573279.45259233,""predicted_finish"":125679977.08895619,""refetch"":4.0}]"
v3_captured_mixed_heldout_gpqa_t128_l26,fixed_4+2,port_tight,128,28,28,14,False,0,1,17301504,69206016.0,121110528.0,-51904512.0,-49.5,4.0,7.0,4.0,0,all_cores_refetch,74235580.04444452,"[{""admissible"":true,""core"":0,""earliest_start"":74236084.04444452,""predicted_cycles"":2395588.283761161,""predicted_finish"":76631672.32820567,""refetch"":4.0},{""admissible"":false,""core"":1,""earliest_start"":79856648.86060613,""predicted_cycles"":8003387.283771307,""predicted_finish"":87860036.14437744,""refetch"":7.0}]"
v3_captured_mixed_heldout_gpqa_t128_l26,fixed_4+2,port_tight,128,29,29,5,False,0,1,17301504,34603008.0,51904512.0,-17301504.0,-16.5,2.0,3.0,2.0,0,all_cores_refetch,122162992.6666669,"[{""admissible"":true,""core"":0,""earliest_start"":122163496.6666669,""predicted_cycles"":1197839.862760417,""predicted_finish"":123361336.5294273,""refetch"":2.0},{""admissible"":false,""core"":1,""earliest_start"":125770750.42228954,""predicted_cycles"":3429991.5889559663,""predicted_finish"":129200742.0112455,""refetch"":3.0}]"
v3_captured_mixed_heldout_gpqa_t128_l26,fixed_4+2,port_tight,128,30,30,14,False,0,1,17301504,69206016.0,121110528.0,-51904512.0,-49.5,4.0,7.0,4.0,0,all_cores_refetch,76631140.88253978,"[{""admissible"":true,""core"":0,""earliest_start"":76631644.88253978,""predicted_cycles"":2395588.283761161,""predicted_finish"":79027233.16630094,""refetch"":4.0},{""admissible"":false,""core"":1,""earliest_start"":79856648.86060616,""predicted_cycles"":8003387.283771307,""predicted_finish"":87860036.14437747,""refetch"":7.0}]"
v3_captured_mixed_heldout_gpqa_t128_l26,fixed_4+2,port_tight,128,31,31,12,False,1,0,17301504,103809024.0,51904512.0,51904512.0,49.5,6.0,3.0,3.0,0,all_cores_refetch,101684904.52121235,"[{""admissible"":false,""core"":0,""earliest_start"":101793035.61269864,""predicted_cycles"":1796723.2123325893,""predicted_finish"":103589758.82503124,""refetch"":3.0},{""admissible"":true,""core"":1,""earliest_start"":101685408.52121235,""predicted_cycles"":6860064.529225853,""predicted_finish"":108545473.05043821,""refetch"":6.0}]"
v3_captured_mixed_heldout_gpqa_t128_l26,fixed_4+2,port_tight,128,36,36,15,False,1,0,17301504,138412032.0,69206016.0,69206016.0,66.0,8.0,4.0,4.0,0,all_cores_refetch,79916632.23030317,"[{""admissible"":false,""core"":0,""earliest_start"":81406853.92380963,""predicted_cycles"":2395588.283761161,""predicted_finish"":83802442.20757079,""refetch"":4.0},{""admissible"":true,""core"":1,""earliest_start"":79917136.23030317,""predicted_cycles"":9146710.038316764,""predicted_finish"":89063846.26861992,""refetch"":8.0}]"
v3_captured_mixed_heldout_gpqa_t128_l26,fixed_4+2,port_tight,128,40,40,9,False,0,1,17301504,51904512.0,86507520.0,-34603008.0,-33.0,3.0,5.0,3.0,0,all_cores_refetch,101792531.61269864,"[{""admissible"":true,""core"":0,""earliest_start"":101793035.61269864,""predicted_cycles"":1796723.2123325893,""predicted_finish"":103589758.82503124,""refetch"":3.0},{""admissible"":false,""core"":1,""earliest_start"":108621153.2443776,""predicted_cycles"":5716741.774680398,""predicted_finish"":114337895.01905799,""refetch"":5.0}]"
v3_captured_mixed_heldout_gpqa_t128_l26,fixed_4+2,port_tight,128,44,44,9,False,0,1,17301504,51904512.0,86507520.0,-34603008.0,-33.0,3.0,5.0,3.0,0,all_cores_refetch,107182591.4984129,"[{""admissible"":true,""core"":0,""earliest_start"":107183095.4984129,""predicted_cycles"":1796723.2123325893,""predicted_finish"":108979818.7107455,""refetch"":3.0},{""admissible"":false,""core"":1,""earliest_start"":108530211.23636386,""predicted_cycles"":5716741.774680398,""predicted_finish"":114246953.01104426,""refetch"":5.0}]"
v3_captured_mixed_heldout_gpqa_t128_l26,fixed_4+2,port_tight,128,47,47,9,False,0,1,17301504,51904512.0,86507520.0,-34603008.0,-33.0,3.0,5.0,3.0,0,all_cores_refetch,108979278.12698436,"[{""admissible"":true,""core"":0,""earliest_start"":108979782.12698436,""predicted_cycles"":1796723.2123325893,""predicted_finish"":110776505.33931695,""refetch"":3.0},{""admissible"":false,""core"":1,""earliest_start"":114337726.3443776,""predicted_cycles"":5716741.774680398,""predicted_finish"":120054468.11905801,""refetch"":5.0}]"
v3_captured_mixed_heldout_gpqa_t128_l26,fixed_4+2,port_tight,128,49,49,14,False,0,1,17301504,69206016.0,121110528.0,-51904512.0,-49.5,4.0,7.0,4.0,0,all_cores_refetch,83817823.39682554,"[{""admissible"":true,""core"":0,""earliest_start"":83818327.39682554,""predicted_cycles"":2395588.283761161,""predicted_finish"":86213915.6805867,""refetch"":4.0},{""admissible"":false,""core"":1,""earliest_start"":89003155.33333352,""predicted_cycles"":8003387.283771307,""predicted_finish"":97006542.61710483,""refetch"":7.0}]"
v3_captured_mixed_heldout_gpqa_t128_l26,fixed_4+2,port_tight,128,50,50,29,False,1,0,17301504,259522560.0,138412032.0,121110528.0,115.5,15.0,8.0,8.0,0,all_cores_refetch,6099.333333333333,"[{""admissible"":false,""core"":0,""earliest_start"":39532173.16190477,""predicted_cycles"":4791121.676190477,""predicted_finish"":44323294.83809525,""refetch"":8.0},{""admissible"":true,""core"":1,""earliest_start"":6081.333333333333,""predicted_cycles"":17149707.63636364,""predicted_finish"":17155788.969696973,""refetch"":15.0}]"
v3_captured_mixed_heldout_gpqa_t128_l26,fixed_4+2,port_tight,128,52,52,13,False,0,1,17301504,69206016.0,121110528.0,-51904512.0,-49.5,4.0,7.0,4.0,0,all_cores_refetch,86213384.2349208,"[{""admissible"":true,""core"":0,""earliest_start"":86213888.2349208,""predicted_cycles"":2395588.283761161,""predicted_finish"":88609476.51868196,""refetch"":4.0},{""admissible"":false,""core"":1,""earliest_start"":89003155.33333352,""predicted_cycles"":8003387.283771307,""predicted_finish"":97006542.61710483,""refetch"":7.0}]"
v3_captured_mixed_heldout_gpqa_t128_l26,fixed_4+2,port_tight,128,54,54,8,False,1,0,17301504,69206016.0,34603008.0,34603008.0,33.0,4.0,2.0,2.0,0,all_cores_refetch,125709665.15151544,"[{""admissible"":false,""core"":0,""earliest_start"":125756933.92380978,""predicted_cycles"":1197839.862760417,""predicted_finish"":126954773.78657019,""refetch"":2.0},{""admissible"":true,""core"":1,""earliest_start"":125710169.15151544,""predicted_cycles"":4573279.45259233,""predicted_finish"":130283448.60410777,""refetch"":4.0}]"
v3_captured_mixed_heldout_gpqa_t128_l26,fixed_4+2,port_tight,128,55,55,5,False,0,1,17301504,34603008.0,51904512.0,-17301504.0,-16.5,2.0,3.0,2.0,0,all_cores_refetch,125756429.92380978,"[{""admissible"":true,""core"":0,""earliest_start"":125756933.92380978,""predicted_cycles"":1197839.862760417,""predicted_finish"":126954773.78657019,""refetch"":2.0},{""admissible"":false,""core"":1,""earliest_start"":130329701.37640211,""predicted_cycles"":3429991.5889559663,""predicted_finish"":133759692.96535808,""refetch"":3.0}]"
v3_captured_mixed_heldout_gpqa_t128_l26,fixed_4+2,port_tight,128,56,56,18,False,0,1,17301504,86507520.0,155713536.0,-69206016.0,-66.0,5.0,9.0,5.0,0,all_cores_refetch,59255434.87619049,"[{""admissible"":true,""core"":0,""earliest_start"":59255938.87619049,""predicted_cycles"":2994499.0476190476,""predicted_finish"":62250437.923809536,""refetch"":5.0},{""admissible"":false,""core"":1,""earliest_start"":59277140.10909093,""predicted_cycles"":10289875.781818183,""predicted_finish"":69567015.89090912,""refetch"":9.0}]"
v3_captured_mixed_heldout_gpqa_t128_l26,fixed_4+2,port_tight,128,57,57,24,False,1,0,17301504,207618048.0,103809024.0,103809024.0,99.0,12.0,6.0,6.0,0,all_cores_refetch,45556908.4,"[{""admissible"":false,""core"":0,""earliest_start"":46647599.98095239,""predicted_cycles"":3593373.257142857,""predicted_finish"":50240973.238095246,""refetch"":6.0},{""admissible"":true,""core"":1,""earliest_start"":45557412.4,""predicted_cycles"":13719791.70909091,""predicted_finish"":59277204.10909091,""refetch"":12.0}]"
v3_captured_mixed_heldout_gpqa_t128_l26,fixed_4+2,port_tight,128,60,60,11,False,1,0,17301504,103809024.0,51904512.0,51904512.0,49.5,6.0,3.0,3.0,0,all_cores_refetch,114261390.92121238,"[{""admissible"":false,""core"":0,""earliest_start"":114369842.01269867,""predicted_cycles"":1796723.2123325893,""predicted_finish"":116166565.22503126,""refetch"":3.0},{""admissible"":true,""core"":1,""earliest_start"":114261894.92121238,""predicted_cycles"":6860064.529225853,""predicted_finish"":121121959.45043823,""refetch"":6.0}]"
v3_captured_mixed_heldout_gpqa_t128_l26,fixed_4+2,port_tight,128,62,62,20,False,1,0,17301504,173015040.0,86507520.0,86507520.0,82.5,10.0,5.0,5.0,0,all_cores_refetch,59276636.10909093,"[{""admissible"":false,""core"":0,""earliest_start"":62271127.15670998,""predicted_cycles"":2994499.0476190476,""predicted_finish"":65265626.20432902,""refetch"":5.0},{""admissible"":true,""core"":1,""earliest_start"":59277140.10909093,""predicted_cycles"":11433181.090909092,""predicted_finish"":70710321.20000002,""refetch"":10.0}]"
v3_captured_mixed_heldout_swe_t128_l13,fixed_4+2,port_tight,128,1,1,6,False,0,1,17301504,34603008.0,51904512.0,-17301504.0,-16.5,2.0,3.0,2.0,0,all_cores_refetch,113171009.5936509,"[{""admissible"":true,""core"":0,""earliest_start"":113171513.5936509,""predicted_cycles"":1197839.862760417,""predicted_finish"":114369353.45641132,""refetch"":2.0},{""admissible"":false,""core"":1,""earliest_start"":115412635.98787892,""predicted_cycles"":3429939.250639205,""predicted_finish"":118842575.23851812,""refetch"":3.0}]"
v3_captured_mixed_heldout_swe_t128_l13,fixed_4+2,port_tight,128,6,6,43,False,1,0,17301504,380633088.0,190316544.0,190316544.0,181.5,22.0,11.0,11.0,0,all_cores_refetch,28588928.060606062,"[{""admissible"":false,""core"":0,""earliest_start"":39778048.337060034,""predicted_cycles"":6587744.304761905,""predicted_finish"":46365792.641821936,""refetch"":11.0},{""admissible"":true,""core"":1,""earliest_start"":28588920.060606062,""predicted_cycles"":25152844.800000004,""predicted_finish"":53741764.86060607,""refetch"":22.0}]"
v3_captured_mixed_heldout_swe_t128_l13,fixed_4+2,port_tight,128,9,9,10,False,0,1,17301504,51904512.0,86507520.0,-34603008.0,-33.0,3.0,5.0,3.0,0,all_cores_refetch,100586297.26349217,"[{""admissible"":true,""core"":0,""earliest_start"":100586801.26349217,""predicted_cycles"":1796723.2123325893,""predicted_finish"":102383524.47582476,""refetch"":3.0},{""admissible"":false,""core"":1,""earliest_start"":106303031.03817257,""predicted_cycles"":5716741.774680398,""predicted_finish"":112019772.81285298,""refetch"":5.0}]"
v3_captured_mixed_heldout_swe_t128_l13,fixed_4+2,port_tight,128,10,10,9,False,0,1,17301504,51904512.0,86507520.0,-34603008.0,-33.0,3.0,5.0,3.0,0,all_cores_refetch,102390889.82222234,"[{""admissible"":true,""core"":0,""earliest_start"":102391393.82222234,""predicted_cycles"":1796723.2123325893,""predicted_finish"":104188117.03455493,""refetch"":3.0},{""admissible"":false,""core"":1,""earliest_start"":106220786.09696981,""predicted_cycles"":5716741.774680398,""predicted_finish"":111937527.87165022,""refetch"":5.0}]"
v3_captured_mixed_heldout_swe_t128_l13,fixed_4+2,port_tight,128,11,11,15,False,1,0,17301504,138412032.0,69206016.0,69206016.0,66.0,8.0,4.0,4.0,0,all_cores_refetch,83301272.73939401,"[{""admissible"":false,""core"":0,""earliest_start"":86245226.152381,""predicted_cycles"":2395588.283761161,""predicted_finish"":88640814.43614216,""refetch"":4.0},{""admissible"":true,""core"":1,""earliest_start"":83301776.73939401,""predicted_cycles"":9146710.038316764,""predicted_finish"":92448486.77771077,""refetch"":8.0}]"
v3_captured_mixed_heldout_swe_t128_l13,fixed_4+2,port_tight,128,14,14,5,False,0,1,17301504,34603008.0,51904512.0,-17301504.0,-16.5,2.0,3.0,2.0,0,all_cores_refetch,115574540.36190484,"[{""admissible"":true,""core"":0,""earliest_start"":115575044.36190484,""predicted_cycles"":1197839.862760417,""predicted_finish"":116772884.22466525,""refetch"":2.0},{""admissible"":false,""core"":1,""earliest_start"":118910823.67488173,""predicted_cycles"":3429939.250639205,""predicted_finish"":122340762.92552093,""refetch"":3.0}]"
v3_captured_mixed_heldout_swe_t128_l13,fixed_4+2,port_tight,128,15,15,5,False,0,1,17301504,34603008.0,51904512.0,-17301504.0,-16.5,2.0,3.0,2.0,0,all_cores_refetch,116772352.78095247,"[{""admissible"":true,""core"":0,""earliest_start"":116772856.78095247,""predicted_cycles"":1197839.862760417,""predicted_finish"":117970696.64371288,""refetch"":2.0},{""admissible"":false,""core"":1,""earliest_start"":118842615.91515169,""predicted_cycles"":3429939.250639205,""predicted_finish"":122272555.16579089,""refetch"":3.0}]"
v3_captured_mixed_heldout_swe_t128_l13,fixed_4+2,port_tight,128,19,19,49,False,1,0,17301504,432537600.0,224919552.0,207618048.0,198.0,25.0,13.0,13.0,0,all_cores_refetch,6031.333333333333,"[{""admissible"":false,""core"":0,""earliest_start"":39532105.16190477,""predicted_cycles"":7785492.7238095235,""predicted_finish"":47317597.88571429,""refetch"":13.0},{""admissible"":true,""core"":1,""earliest_start"":6013.333333333333,""predicted_cycles"":28582888.72727273,""predicted_finish"":28588902.060606062,""refetch"":25.0}]"
v3_captured_mixed_heldout_swe_t128_l13,fixed_4+2,port_tight,128,21,21,10,False,0,1,17301504,51904512.0,86507520.0,-34603008.0,-33.0,3.0,5.0,3.0,0,all_cores_refetch,104187576.45079376,"[{""admissible"":true,""core"":0,""earliest_start"":104188080.45079376,""predicted_cycles"":1796723.2123325893,""predicted_finish"":105984803.66312635,""refetch"":3.0},{""admissible"":false,""core"":1,""earliest_start"":106220786.09696981,""predicted_cycles"":5716741.774680398,""predicted_finish"":111937527.87165022,""refetch"":5.0}]"
v3_captured_mixed_heldout_swe_t128_l13,fixed_4+2,port_tight,128,24,24,8,False,1,0,17301504,69206016.0,34603008.0,34603008.0,33.0,4.0,2.0,2.0,0,all_cores_refetch,118864866.43636377,"[{""admissible"":false,""core"":0,""earliest_start"":119160474.91428584,""predicted_cycles"":1197839.862760417,""predicted_finish"":120358314.77704625,""refetch"":2.0},{""admissible"":true,""core"":1,""earliest_start"":118865370.43636377,""predicted_cycles"":4573209.668821024,""predicted_finish"":123438580.1051848,""refetch"":4.0}]"
v3_captured_mixed_heldout_swe_t128_l13,fixed_4+2,port_tight,128,26,26,17,False,0,1,17301504,86507520.0,155713536.0,-69206016.0,-66.0,5.0,9.0,5.0,0,all_cores_refetch,74219380.18412702,"[{""admissible"":true,""core"":0,""earliest_start"":74219884.18412702,""predicted_cycles"":2994499.0476190476,""predicted_finish"":77214383.23174606,""refetch"":5.0},{""admissible"":false,""core"":1,""earliest_start"":83218649.66060616,""predicted_cycles"":10289875.781818183,""predicted_finish"":93508525.44242434,""refetch"":9.0}]"
v3_captured_mixed_heldout_swe_t128_l13,fixed_4+2,port_tight,128,29,30,5,False,0,1,17301504,34603008.0,51904512.0,-17301504.0,-16.5,2.0,3.0,2.0,0,all_cores_refetch,119167977.61904772,"[{""admissible"":true,""core"":0,""earliest_start"":119168481.61904772,""predicted_cycles"":1197839.862760417,""predicted_finish"":120366321.48180813,""refetch"":2.0},{""admissible"":false,""core"":1,""earliest_start"":123484074.02033629,""predicted_cycles"":3429939.250639205,""predicted_finish"":126914013.27097549,""refetch"":3.0}]"
v3_captured_mixed_heldout_swe_t128_l13,fixed_4+2,port_tight,128,39,41,18,False,0,1,17301504,86507520.0,155713536.0,-69206016.0,-66.0,5.0,9.0,5.0,0,all_cores_refetch,80216156.20952384,"[{""admissible"":true,""core"":0,""earliest_start"":80216660.20952384,""predicted_cycles"":2994499.0476190476,""predicted_finish"":83211159.25714289,""refetch"":5.0},{""admissible"":false,""core"":1,""earliest_start"":83301776.73939401,""predicted_cycles"":10289875.781818183,""predicted_finish"":93591652.52121219,""refetch"":9.0}]"
v3_captured_mixed_heldout_swe_t128_l13,fixed_4+2,port_tight,128,41,43,14,False,0,1,17301504,69206016.0,121110528.0,-51904512.0,-49.5,4.0,7.0,4.0,0,all_cores_refetch,93399614.7492064,"[{""admissible"":true,""core"":0,""earliest_start"":93400118.7492064,""predicted_cycles"":2395588.283761161,""predicted_finish"":95795707.03296755,""refetch"":4.0},{""admissible"":false,""core"":1,""earliest_start"":100617909.5261956,""predicted_cycles"":8003387.283771307,""predicted_finish"":108621296.8099669,""refetch"":7.0}]"
v3_captured_mixed_heldout_swe_t128_l13,fixed_4+2,port_tight,128,43,45,10,False,0,1,17301504,51904512.0,86507520.0,-34603008.0,-33.0,3.0,5.0,3.0,0,all_cores_refetch,107780949.7079366,"[{""admissible"":true,""core"":0,""earliest_start"":107781453.7079366,""predicted_cycles"":1796723.2123325893,""predicted_finish"":109578176.92026919,""refetch"":3.0},{""admissible"":false,""core"":1,""earliest_start"":111937376.64242436,""predicted_cycles"":5716741.774680398,""predicted_finish"":117654118.41710475,""refetch"":5.0}]"
v3_captured_mixed_heldout_swe_t128_l13,fixed_4+2,port_tight,128,51,53,9,False,0,1,17301504,51904512.0,86507520.0,-34603008.0,-33.0,3.0,5.0,3.0,0,all_cores_refetch,109577636.33650805,"[{""admissible"":true,""core"":0,""earliest_start"":109578140.33650805,""predicted_cycles"":1796723.2123325893,""predicted_finish"":111374863.54884064,""refetch"":3.0},{""admissible"":false,""core"":1,""earliest_start"":111937376.64242436,""predicted_cycles"":5716741.774680398,""predicted_finish"":117654118.41710475,""refetch"":5.0}]"
v3_captured_mixed_heldout_swe_t128_l13,fixed_4+2,port_tight,128,52,54,7,False,1,0,17301504,69206016.0,34603008.0,34603008.0,33.0,4.0,2.0,2.0,0,all_cores_refetch,123423058.5333335,"[{""admissible"":false,""core"":0,""earliest_start"":123951724.59047635,""predicted_cycles"":1197839.862760417,""predicted_finish"":125149564.45323676,""refetch"":2.0},{""admissible"":true,""core"":1,""earliest_start"":123423562.5333335,""predicted_cycles"":4573209.668821024,""predicted_finish"":127996772.20215452,""refetch"":4.0}]"
v3_captured_mixed_heldout_swe_t128_l13,fixed_4+2,port_tight,128,53,55,29,False,1,0,17301504,259522560.0,138412032.0,121110528.0,115.5,15.0,8.0,8.0,0,all_cores_refetch,53409262.460606076,"[{""admissible"":false,""core"":0,""earliest_start"":58696500.514285736,""predicted_cycles"":4791121.676190477,""predicted_finish"":63487622.19047621,""refetch"":8.0},{""admissible"":true,""core"":1,""earliest_start"":53409766.460606076,""predicted_cycles"":17149707.63636364,""predicted_finish"":70559474.09696972,""refetch"":15.0}]"
v3_captured_mixed_heldout_swe_t128_l13,fixed_4+2,port_tight,128,56,58,14,False,0,1,17301504,69206016.0,121110528.0,-51904512.0,-49.5,4.0,7.0,4.0,0,all_cores_refetch,98190736.42539692,"[{""admissible"":true,""core"":0,""earliest_start"":98191240.42539692,""predicted_cycles"":2395588.283761161,""predicted_finish"":100586828.70915808,""refetch"":4.0},{""admissible"":false,""core"":1,""earliest_start"":100458916.13333346,""predicted_cycles"":8003387.283771307,""predicted_finish"":108462303.41710477,""refetch"":7.0}]"
v3_captured_mixed_heldout_swe_t128_l2,fixed_4+2,port_tight,128,0,0,26,False,1,0,17301504,224919552.0,121110528.0,103809024.0,99.0,13.0,7.0,7.0,0,all_cores_refetch,36365128.509090915,"[{""admissible"":false,""core"":0,""earliest_start"":39899847.580952376,""predicted_cycles"":4192247.466666667,""predicted_finish"":44092095.047619045,""refetch"":7.0},{""admissible"":true,""core"":1,""earliest_start"":36365632.509090915,""predicted_cycles"":14863097.01818182,""predicted_finish"":51228729.52727273,""refetch"":13.0}]"
v3_captured_mixed_heldout_swe_t128_l2,fixed_4+2,port_tight,128,1,1,7,False,1,0,17301504,69206016.0,34603008.0,34603008.0,33.0,4.0,2.0,2.0,0,all_cores_refetch,110831416.99393962,"[{""admissible"":false,""core"":0,""earliest_start"":112596953.95518996,""predicted_cycles"":1197839.862760417,""predicted_finish"":113794793.81795037,""refetch"":2.0},{""admissible"":true,""core"":1,""earliest_start"":110831920.99393962,""predicted_cycles"":4573279.45259233,""predicted_finish"":115405200.44653195,""refetch"":4.0}]"
v3_captured_mixed_heldout_swe_t128_l2,fixed_4+2,port_tight,128,5,5,5,False,0,1,17301504,34603008.0,51904512.0,-17301504.0,-16.5,2.0,3.0,2.0,0,all_cores_refetch,113778311.73333356,"[{""admissible"":true,""core"":0,""earliest_start"":113778815.73333356,""predicted_cycles"":1197839.862760417,""predicted_finish"":114976655.59609397,""refetch"":2.0},{""admissible"":false,""core"":1,""earliest_start"":115389998.27878813,""predicted_cycles"":3429991.5889559663,""predicted_finish"":118819989.8677441,""refetch"":3.0}]"
v3_captured_mixed_heldout_swe_t128_l2,fixed_4+2,port_tight,128,6,6,17,False,0,1,17301504,86507520.0,155713536.0,-69206016.0,-66.0,5.0,9.0,5.0,0,all_cores_refetch,46670920.54603176,"[{""admissible"":true,""core"":0,""earliest_start"":46671424.54603176,""predicted_cycles"":2994499.0476190476,""predicted_finish"":49665923.5936508,""refetch"":5.0},{""admissible"":false,""core"":1,""earliest_start"":51160631.587878816,""predicted_cycles"":10289875.781818183,""predicted_finish"":61450507.369697,""refetch"":9.0}]"
v3_captured_mixed_heldout_swe_t128_l2,fixed_4+2,port_tight,128,7,7,9,False,0,1,17301504,51904512.0,86507520.0,-34603008.0,-33.0,3.0,5.0,3.0,0,all_cores_refetch,96394507.79682557,"[{""admissible"":true,""core"":0,""earliest_start"":96395011.79682557,""predicted_cycles"":1796723.2123325893,""predicted_finish"":98191735.00915816,""refetch"":3.0},{""admissible"":false,""core"":1,""earliest_start"":99315612.82424258,""predicted_cycles"":5716741.774680398,""predicted_finish"":105032354.59892297,""refetch"":5.0}]"
v3_captured_mixed_heldout_swe_t128_l2,fixed_4+2,port_tight,128,9,9,9,False,0,1,17301504,51904512.0,86507520.0,-34603008.0,-33.0,3.0,5.0,3.0,0,all_cores_refetch,98199100.35555574,"[{""admissible"":true,""core"":0,""earliest_start"":98199604.35555574,""predicted_cycles"":1796723.2123325893,""predicted_finish"":99996327.56788833,""refetch"":3.0},{""admissible"":false,""core"":1,""earliest_start"":99368553.6242426,""predicted_cycles"":5716741.774680398,""predicted_finish"":105085295.39892301,""refetch"":5.0}]"
v3_captured_mixed_heldout_swe_t128_l2,fixed_4+2,port_tight,128,11,11,19,False,1,0,17301504,173015040.0,86507520.0,86507520.0,82.5,10.0,5.0,5.0,0,all_cores_refetch,51258347.80606064,"[{""admissible"":false,""core"":0,""earliest_start"":52648334.971428595,""predicted_cycles"":2994499.0476190476,""predicted_finish"":55642834.01904764,""refetch"":5.0},{""admissible"":true,""core"":1,""earliest_start"":51258851.80606064,""predicted_cycles"":11433181.090909092,""predicted_finish"":62692032.896969736,""refetch"":10.0}]"
v3_captured_mixed_heldout_swe_t128_l2,fixed_4+2,port_tight,128,13,13,8,False,1,0,17301504,69206016.0,34603008.0,34603008.0,33.0,4.0,2.0,2.0,0,all_cores_refetch,115419795.36969721,"[{""admissible"":false,""core"":0,""earliest_start"":116166433.86666693,""predicted_cycles"":1197839.862760417,""predicted_finish"":117364273.72942734,""refetch"":2.0},{""admissible"":true,""core"":1,""earliest_start"":115420299.36969721,""predicted_cycles"":4573279.45259233,""predicted_finish"":119993578.82228954,""refetch"":4.0}]"
v3_captured_mixed_heldout_swe_t128_l2,fixed_4+2,port_tight,128,15,15,29,False,1,0,17301504,259522560.0,138412032.0,121110528.0,115.5,15.0,8.0,8.0,0,all_cores_refetch,19185378.884848487,"[{""admissible"":false,""core"":0,""earliest_start"":39308019.36066252,""predicted_cycles"":4791121.676190477,""predicted_finish"":44099141.036853,""refetch"":8.0},{""admissible"":true,""core"":1,""earliest_start"":19185882.884848487,""predicted_cycles"":17149707.63636364,""predicted_finish"":36335590.52121213,""refetch"":15.0}]"
v3_captured_mixed_heldout_swe_t128_l2,fixed_4+2,port_tight,128,20,20,10,False,0,1,17301504,51904512.0,86507520.0,-34603008.0,-33.0,3.0,5.0,3.0,0,all_cores_refetch,101792473.61269861,"[{""admissible"":true,""core"":0,""earliest_start"":101792977.61269861,""predicted_cycles"":1796723.2123325893,""predicted_finish"":103589700.8250312,""refetch"":3.0},{""admissible"":false,""core"":1,""earliest_start"":105077482.78787903,""predicted_cycles"":5716741.774680398,""predicted_finish"":110794224.56255943,""refetch"":5.0}]"
v3_captured_mixed_heldout_swe_t128_l2,fixed_4+2,port_tight,128,22,22,10,False,0,1,17301504,51904512.0,86507520.0,-34603008.0,-33.0,3.0,5.0,3.0,0,all_cores_refetch,103589160.24127005,"[{""admissible"":true,""core"":0,""earliest_start"":103589664.24127005,""predicted_cycles"":1796723.2123325893,""predicted_finish"":105386387.45360264,""refetch"":3.0},{""admissible"":false,""core"":1,""earliest_start"":105077482.787879,""predicted_cycles"":5716741.774680398,""predicted_finish"":110794224.5625594,""refetch"":5.0}]"
v3_captured_mixed_heldout_swe_t128_l2,fixed_4+2,port_tight,128,26,26,13,False,1,0,17301504,121110528.0,69206016.0,51904512.0,49.5,7.0,4.0,4.0,0,all_cores_refetch,74169861.40606074,"[{""admissible"":false,""core"":0,""earliest_start"":74819051.61904773,""predicted_cycles"":2395588.283761161,""predicted_finish"":77214639.90280889,""refetch"":4.0},{""admissible"":true,""core"":1,""earliest_start"":74170365.40606074,""predicted_cycles"":8003387.283771307,""predicted_finish"":82173752.68983205,""refetch"":7.0}]"
v3_captured_mixed_heldout_swe_t128_l2,fixed_4+2,port_tight,128,27,27,7,False,1,0,17301504,69206016.0,34603008.0,34603008.0,33.0,4.0,2.0,2.0,0,all_cores_refetch,119993080.60606085,"[{""admissible"":false,""core"":0,""earliest_start"":120981631.74847493,""predicted_cycles"":1197839.862760417,""predicted_finish"":122179471.61123534,""refetch"":2.0},{""admissible"":true,""core"":1,""earliest_start"":119993584.60606085,""predicted_cycles"":4573279.45259233,""predicted_finish"":124566864.05865318,""refetch"":4.0}]"
v3_captured_mixed_heldout_swe_t128_l2,fixed_4+2,port_tight,128,30,30,17,False,0,1,17301504,86507520.0,155713536.0,-69206016.0,-66.0,5.0,9.0,5.0,0,all_cores_refetch,52667696.57142861,"[{""admissible"":true,""core"":0,""earliest_start"":52668200.57142861,""predicted_cycles"":2994499.0476190476,""predicted_finish"":55662699.61904766,""refetch"":5.0},{""admissible"":false,""core"":1,""earliest_start"":62888458.20606065,""predicted_cycles"":10289875.781818183,""predicted_finish"":73178333.98787883,""refetch"":9.0}]"
v3_captured_mixed_heldout_swe_t128_l2,fixed_4+2,port_tight,128,36,36,14,False,0,1,17301504,69206016.0,121110528.0,-51904512.0,-49.5,4.0,7.0,4.0,0,all_cores_refetch,79625581.93015887,"[{""admissible"":true,""core"":0,""earliest_start"":79626085.93015887,""predicted_cycles"":2395588.283761161,""predicted_finish"":82021674.21392003,""refetch"":4.0},{""admissible"":false,""core"":1,""earliest_start"":82165905.18787892,""predicted_cycles"":8003387.283771307,""predicted_finish"":90169292.47165023,""refetch"":7.0}]"
v3_captured_mixed_heldout_swe_t128_l2,fixed_4+2,port_tight,128,39,39,15,False,1,0,17301504,138412032.0,69206016.0,69206016.0,66.0,8.0,4.0,4.0,0,all_cores_refetch,82218341.98787895,"[{""admissible"":false,""core"":0,""earliest_start"":84448960.9694756,""predicted_cycles"":2395588.283761161,""predicted_finish"":86844549.25323676,""refetch"":4.0},{""admissible"":true,""core"":1,""earliest_start"":82218845.98787895,""predicted_cycles"":9146710.038316764,""predicted_finish"":91365556.0261957,""refetch"":8.0}]"
v3_captured_mixed_heldout_swe_t128_l2,fixed_4+2,port_tight,128,40,40,9,False,0,1,17301504,51904512.0,86507520.0,-34603008.0,-33.0,3.0,5.0,3.0,0,all_cores_refetch,105385846.86984149,"[{""admissible"":true,""core"":0,""earliest_start"":105386350.86984149,""predicted_cycles"":1796723.2123325893,""predicted_finish"":107183074.08217408,""refetch"":3.0},{""admissible"":false,""core"":1,""earliest_start"":110907752.41710484,""predicted_cycles"":5716741.774680398,""predicted_finish"":116624494.19178525,""refetch"":5.0}]"
v3_captured_mixed_heldout_swe_t128_l2,fixed_4+2,port_tight,128,45,45,17,False,0,1,17301504,86507520.0,155713536.0,-69206016.0,-66.0,5.0,9.0,5.0,0,all_cores_refetch,55662131.61904766,"[{""admissible"":true,""core"":0,""earliest_start"":55662635.61904766,""predicted_cycles"":2994499.0476190476,""predicted_finish"":58657134.6666667,""refetch"":5.0},{""admissible"":false,""core"":1,""earliest_start"":62661667.80606067,""predicted_cycles"":10289875.781818183,""predicted_finish"":72951543.58787885,""refetch"":9.0}]"
v3_captured_mixed_heldout_swe_t128_l2,fixed_4+2,port_tight,128,47,47,18,False,0,1,17301504,86507520.0,155713536.0,-69206016.0,-66.0,5.0,9.0,5.0,0,all_cores_refetch,58656566.66666671,"[{""admissible"":true,""core"":0,""earliest_start"":58657070.66666671,""predicted_cycles"":2994499.0476190476,""predicted_finish"":61651569.71428575,""refetch"":5.0},{""admissible"":false,""core"":1,""earliest_start"":62661667.80606067,""predicted_cycles"":10289875.781818183,""predicted_finish"":72951543.58787885,""refetch"":9.0}]"
v3_captured_mixed_heldout_swe_t128_l2,fixed_4+2,port_tight,128,50,50,8,False,1,0,17301504,69206016.0,34603008.0,34603008.0,33.0,4.0,2.0,2.0,0,all_cores_refetch,124566365.8424245,"[{""admissible"":false,""core"":0,""earliest_start"":125764197.7051849,""predicted_cycles"":1197839.862760417,""predicted_finish"":126962037.56794532,""refetch"":2.0},{""admissible"":true,""core"":1,""earliest_start"":124566869.8424245,""predicted_cycles"":4573279.45259233,""predicted_finish"":129140149.29501683,""refetch"":4.0}]"
v3_captured_mixed_heldout_swe_t128_l2,fixed_4+2,port_tight,128,52,52,13,False,0,1,17301504,69206016.0,121110528.0,-51904512.0,-49.5,4.0,7.0,4.0,0,all_cores_refetch,89207825.28253987,"[{""admissible"":true,""core"":0,""earliest_start"":89208329.28253987,""predicted_cycles"":2395588.283761161,""predicted_finish"":91603917.56630103,""refetch"":4.0},{""admissible"":false,""core"":1,""earliest_start"":91350259.32121234,""predicted_cycles"":8003387.283771307,""predicted_finish"":99353646.60498364,""refetch"":7.0}]"
v3_captured_mixed_heldout_swe_t128_l2,fixed_4+2,port_tight,128,54,54,6,False,0,1,17301504,34603008.0,51904512.0,-17301504.0,-16.5,2.0,3.0,2.0,0,all_cores_refetch,125756435.92380975,"[{""admissible"":true,""core"":0,""earliest_start"":125756939.92380975,""predicted_cycles"":1197839.862760417,""predicted_finish"":126954779.78657016,""refetch"":2.0},{""admissible"":false,""core"":1,""earliest_start"":129109853.98787901,""predicted_cycles"":3429991.5889559663,""predicted_finish"":132539845.57683498,""refetch"":3.0}]"
v3_captured_mixed_heldout_swe_t128_l2,fixed_4+2,port_tight,128,55,55,13,False,0,1,17301504,69206016.0,121110528.0,-51904512.0,-49.5,4.0,7.0,4.0,0,all_cores_refetch,91603386.12063512,"[{""admissible"":true,""core"":0,""earliest_start"":91603890.12063512,""predicted_cycles"":2395588.283761161,""predicted_finish"":93999478.40439628,""refetch"":4.0},{""admissible"":false,""core"":1,""earliest_start"":99474606.21710484,""predicted_cycles"":8003387.283771307,""predicted_finish"":107477993.50087614,""refetch"":7.0}]"
v3_captured_mixed_heldout_swe_t128_l2,fixed_4+2,port_tight,128,57,57,34,False,1,0,17301504,294125568.0,155713536.0,138412032.0,132.0,17.0,9.0,9.0,0,all_cores_refetch,6105.333333333333,"[{""admissible"":false,""core"":0,""earliest_start"":39532179.16190477,""predicted_cycles"":5389995.885714286,""predicted_finish"":44922175.04761905,""refetch"":9.0},{""admissible"":true,""core"":1,""earliest_start"":6087.333333333333,""predicted_cycles"":19436318.254545458,""predicted_finish"":19442405.58787879,""refetch"":17.0}]"
v3_captured_mixed_heldout_swe_t128_l2,fixed_4+2,port_tight,128,60,60,20,False,1,0,17301504,173015040.0,86507520.0,86507520.0,82.5,10.0,5.0,5.0,0,all_cores_refetch,62736744.31515158,"[{""admissible"":false,""core"":0,""earliest_start"":64626075.16190482,""predicted_cycles"":2994499.0476190476,""predicted_finish"":67620574.20952387,""refetch"":5.0},{""admissible"":true,""core"":1,""earliest_start"":62737248.31515158,""predicted_cycles"":11433181.090909092,""predicted_finish"":74170429.40606067,""refetch"":10.0}]"
v3_captured_mixed_heldout_swe_t128_l2,fixed_4+2,port_tight,128,62,62,14,False,0,1,17301504,69206016.0,121110528.0,-51904512.0,-49.5,4.0,7.0,4.0,0,all_cores_refetch,93998946.95873035,"[{""admissible"":true,""core"":0,""earliest_start"":93999450.95873035,""predicted_cycles"":2395588.283761161,""predicted_finish"":96395039.24249151,""refetch"":4.0},{""admissible"":false,""core"":1,""earliest_start"":99315612.8242426,""predicted_cycles"":8003387.283771307,""predicted_finish"":107319000.10801391,""refetch"":7.0}]"
v3_captured_mixed_heldout_swe_t128_l26,fixed_4+2,port_tight,128,0,0,6,False,0,1,17301504,34603008.0,51904512.0,-17301504.0,-16.5,2.0,3.0,2.0,0,all_cores_refetch,117962577.26984143,"[{""admissible"":true,""core"":0,""earliest_start"":117963081.26984143,""predicted_cycles"":1197839.862760417,""predicted_finish"":119160921.13260184,""refetch"":2.0},{""admissible"":false,""core"":1,""earliest_start"":119917992.09696989,""predicted_cycles"":3429939.250639205,""predicted_finish"":123347931.34760909,""refetch"":3.0}]"
v3_captured_mixed_heldout_swe_t128_l26,fixed_4+2,port_tight,128,1,1,11,False,1,0,17301504,103809024.0,51904512.0,51904512.0,49.5,6.0,3.0,3.0,0,all_cores_refetch,99353008.48484862,"[{""admissible"":false,""core"":0,""earliest_start"":99972396.41904771,""predicted_cycles"":1796723.2123325893,""predicted_finish"":101769119.6313803,""refetch"":3.0},{""admissible"":true,""core"":1,""earliest_start"":99353512.48484862,""predicted_cycles"":6860064.529225853,""predicted_finish"":106213577.01407447,""refetch"":6.0}]"
v3_captured_mixed_heldout_swe_t128_l26,fixed_4+2,port_tight,128,3,3,9,False,0,1,17301504,51904512.0,86507520.0,-34603008.0,-33.0,3.0,5.0,3.0,0,all_cores_refetch,99987805.05396836,"[{""admissible"":true,""core"":0,""earliest_start"":99988309.05396836,""predicted_cycles"":1796723.2123325893,""predicted_finish"":101785032.26630095,""refetch"":3.0},{""admissible"":false,""core"":1,""earliest_start"":106334536.62619567,""predicted_cycles"":5716741.774680398,""predicted_finish"":112051278.40087608,""refetch"":5.0}]"
v3_captured_mixed_heldout_swe_t128_l26,fixed_4+2,port_tight,128,6,6,9,False,0,1,17301504,51904512.0,86507520.0,-34603008.0,-33.0,3.0,5.0,3.0,0,all_cores_refetch,101792397.61269853,"[{""admissible"":true,""core"":0,""earliest_start"":101792901.61269853,""predicted_cycles"":1796723.2123325893,""predicted_finish"":103589624.82503112,""refetch"":3.0},{""admissible"":false,""core"":1,""earliest_start"":106198200.38787892,""predicted_cycles"":5716741.774680398,""predicted_finish"":111914942.16255933,""refetch"":5.0}]"
v3_captured_mixed_heldout_swe_t128_l26,fixed_4+2,port_tight,128,8,8,5,False,0,1,17301504,34603008.0,51904512.0,-17301504.0,-16.5,2.0,3.0,2.0,0,all_cores_refetch,120366108.0380954,"[{""admissible"":true,""core"":0,""earliest_start"":120366612.0380954,""predicted_cycles"":1197839.862760417,""predicted_finish"":121564451.90085581,""refetch"":2.0},{""admissible"":false,""core"":1,""earliest_start"":123484098.91124545,""predicted_cycles"":3429939.250639205,""predicted_finish"":126914038.16188465,""refetch"":3.0}]"
v3_captured_mixed_heldout_swe_t128_l26,fixed_4+2,port_tight,128,9,9,18,False,1,0,17301504,155713536.0,86507520.0,69206016.0,66.0,9.0,5.0,5.0,0,all_cores_refetch,40998774.303030305,"[{""admissible"":false,""core"":0,""earliest_start"":43054523.047619045,""predicted_cycles"":2994499.0476190476,""predicted_finish"":46049022.09523809,""refetch"":5.0},{""admissible"":true,""core"":1,""earliest_start"":40999278.303030305,""predicted_cycles"":10289875.781818183,""predicted_finish"":51289154.084848486,""refetch"":9.0}]"
v3_captured_mixed_heldout_swe_t128_l26,fixed_4+2,port_tight,128,13,13,14,False,0,1,17301504,69206016.0,121110528.0,-51904512.0,-49.5,4.0,7.0,4.0,0,all_cores_refetch,78427757.51111117,"[{""admissible"":true,""core"":0,""earliest_start"":78428261.51111117,""predicted_cycles"":2395588.283761161,""predicted_finish"":80823849.79487233,""refetch"":4.0},{""admissible"":false,""core"":1,""earliest_start"":81022651.87878796,""predicted_cycles"":8003387.283771307,""predicted_finish"":89026039.16255927,""refetch"":7.0}]"
v3_captured_mixed_heldout_swe_t128_l26,fixed_4+2,port_tight,128,15,15,23,False,1,0,17301504,207618048.0,103809024.0,103809024.0,99.0,12.0,6.0,6.0,0,all_cores_refetch,14672518.206060609,"[{""admissible"":false,""core"":0,""earliest_start"":39308007.360662535,""predicted_cycles"":3593373.257142857,""predicted_finish"":42901380.61780539,""refetch"":6.0},{""admissible"":true,""core"":1,""earliest_start"":14673022.206060609,""predicted_cycles"":13719791.70909091,""predicted_finish"":28392813.91515152,""refetch"":12.0}]"
v3_captured_mixed_heldout_swe_t128_l26,fixed_4+2,port_tight,128,19,19,19,False,1,0,17301504,173015040.0,86507520.0,86507520.0,82.5,10.0,5.0,5.0,0,all_cores_refetch,51318772.363636374,"[{""admissible"":false,""core"":0,""earliest_start"":52049448.76190476,""predicted_cycles"":2994499.0476190476,""predicted_finish"":55043947.809523806,""refetch"":5.0},{""admissible"":true,""core"":1,""earliest_start"":51319276.363636374,""predicted_cycles"":11433181.090909092,""predicted_finish"":62752457.45454547,""refetch"":10.0}]"
v3_captured_mixed_heldout_swe_t128_l26,fixed_4+2,port_tight,128,20,20,5,False,0,1,17301504,34603008.0,51904512.0,-17301504.0,-16.5,2.0,3.0,2.0,0,all_cores_refetch,122761732.87619062,"[{""admissible"":true,""core"":0,""earliest_start"":122762236.87619062,""predicted_cycles"":1197839.862760417,""predicted_finish"":123960076.73895103,""refetch"":2.0},{""admissible"":false,""core"":1,""earliest_start"":123438645.67272744,""predicted_cycles"":3429939.250639205,""predicted_finish"":126868584.92336664,""refetch"":3.0}]"
v3_captured_mixed_heldout_swe_t128_l26,fixed_4+2,port_tight,128,21,21,7,False,1,0,17301504,69206016.0,34603008.0,34603008.0,33.0,4.0,2.0,2.0,0,all_cores_refetch,123438141.67272744,"[{""admissible"":false,""core"":0,""earliest_start"":123952042.59047636,""predicted_cycles"":1197839.862760417,""predicted_finish"":125149882.45323677,""refetch"":2.0},{""admissible"":true,""core"":1,""earliest_start"":123438645.67272744,""predicted_cycles"":4573209.668821024,""predicted_finish"":128011855.34154846,""refetch"":4.0}]"
v3_captured_mixed_heldout_swe_t128_l26,fixed_4+2,port_tight,128,23,23,26,False,1,0,17301504,224919552.0,121110528.0,103809024.0,99.0,13.0,7.0,7.0,0,all_cores_refetch,6093.333333333333,"[{""admissible"":false,""core"":0,""earliest_start"":39532167.16190477,""predicted_cycles"":4192247.466666667,""predicted_finish"":43724414.628571436,""refetch"":7.0},{""admissible"":true,""core"":1,""earliest_start"":6075.333333333333,""predicted_cycles"":14863097.01818182,""predicted_finish"":14869172.351515153,""refetch"":13.0}]"
v3_captured_mixed_heldout_swe_t128_l26,fixed_4+2,port_tight,128,27,27,12,False,1,0,17301504,103809024.0,51904512.0,51904512.0,49.5,6.0,3.0,3.0,0,all_cores_refetch,106243090.61818197,"[{""admissible"":false,""core"":0,""earliest_start"":107171001.82857156,""predicted_cycles"":1796723.2123325893,""predicted_finish"":108967725.04090415,""refetch"":3.0},{""admissible"":true,""core"":1,""earliest_start"":106243594.61818197,""predicted_cycles"":6860064.529225853,""predicted_finish"":113103659.14740783,""refetch"":6.0}]"
v3_captured_mixed_heldout_swe_t128_l26,fixed_4+2,port_tight,128,28,28,17,False,0,1,17301504,86507520.0,155713536.0,-69206016.0,-66.0,5.0,9.0,5.0,0,all_cores_refetch,55063245.409523815,"[{""admissible"":true,""core"":0,""earliest_start"":55063749.409523815,""predicted_cycles"":2994499.0476190476,""predicted_finish"":58058248.45714286,""refetch"":5.0},{""admissible"":false,""core"":1,""earliest_start"":62661719.80606062,""predicted_cycles"":10289875.781818183,""predicted_finish"":72951595.58787881,""refetch"":9.0}]"
v3_captured_mixed_heldout_swe_t128_l26,fixed_4+2,port_tight,128,29,29,15,False,1,0,17301504,138412032.0,69206016.0,69206016.0,66.0,8.0,4.0,4.0,0,all_cores_refetch,81075088.67878793,"[{""admissible"":false,""core"":0,""earliest_start"":83251136.55042788,""predicted_cycles"":2395588.283761161,""predicted_finish"":85646724.83418904,""refetch"":4.0},{""admissible"":true,""core"":1,""earliest_start"":81075592.67878793,""predicted_cycles"":9146710.038316764,""predicted_finish"":90222302.7171047,""refetch"":8.0}]"
v3_captured_mixed_heldout_swe_t128_l26,fixed_4+2,port_tight,128,31,31,9,False,0,1,17301504,51904512.0,86507520.0,-34603008.0,-33.0,3.0,5.0,3.0,0,all_cores_refetch,107182457.49841283,"[{""admissible"":true,""core"":0,""earliest_start"":107182961.49841283,""predicted_cycles"":1796723.2123325893,""predicted_finish"":108979684.71074542,""refetch"":3.0},{""admissible"":false,""core"":1,""earliest_start"":113194432.48074116,""predicted_cycles"":5716741.774680398,""predicted_finish"":118911174.25542155,""refetch"":5.0}]"
v3_captured_mixed_heldout_swe_t128_l26,fixed_4+2,port_tight,128,32,32,9,False,0,1,17301504,51904512.0,86507520.0,-34603008.0,-33.0,3.0,5.0,3.0,0,all_cores_refetch,108979144.12698427,"[{""admissible"":true,""core"":0,""earliest_start"":108979648.12698427,""predicted_cycles"":1796723.2123325893,""predicted_finish"":110776371.33931686,""refetch"":3.0},{""admissible"":false,""core"":1,""earliest_start"":113058096.24242441,""predicted_cycles"":5716741.774680398,""predicted_finish"":118774838.0171048,""refetch"":5.0}]"
v3_captured_mixed_heldout_swe_t128_l26,fixed_4+2,port_tight,128,34,34,9,False,0,1,17301504,51904512.0,86507520.0,-34603008.0,-33.0,3.0,5.0,3.0,0,all_cores_refetch,110775830.7555557,"[{""admissible"":true,""core"":0,""earliest_start"":110776334.7555557,""predicted_cycles"":1796723.2123325893,""predicted_finish"":112573057.9678883,""refetch"":3.0},{""admissible"":false,""core"":1,""earliest_start"":113058096.24242441,""predicted_cycles"":5716741.774680398,""predicted_finish"":118774838.0171048,""refetch"":5.0}]"
v3_captured_mixed_heldout_swe_t128_l26,fixed_4+2,port_tight,128,43,43,15,False,1,0,17301504,138412032.0,69206016.0,69206016.0,66.0,8.0,4.0,4.0,0,all_cores_refetch,90206502.01212133,"[{""admissible"":false,""core"":0,""earliest_start"":90406065.7015874,""predicted_cycles"":2395588.283761161,""predicted_finish"":92801653.98534855,""refetch"":4.0},{""admissible"":true,""core"":1,""earliest_start"":90207006.01212133,""predicted_cycles"":9146710.038316764,""predicted_finish"":99353716.0504381,""refetch"":8.0}]"
v3_captured_mixed_heldout_swe_t128_l26,fixed_4+2,port_tight,128,45,45,12,False,1,0,17301504,103809024.0,51904512.0,51904512.0,49.5,6.0,3.0,3.0,0,all_cores_refetch,113102986.47272745,"[{""admissible"":false,""core"":0,""earliest_start"":114357748.3428573,""predicted_cycles"":1796723.2123325893,""predicted_finish"":116154471.5551899,""refetch"":3.0},{""admissible"":true,""core"":1,""earliest_start"":113103490.47272745,""predicted_cycles"":6860064.529225853,""predicted_finish"":119963555.0019533,""refetch"":6.0}]"
v3_captured_mixed_heldout_swe_t128_l26,fixed_4+2,port_tight,128,46,46,9,False,0,1,17301504,51904512.0,86507520.0,-34603008.0,-33.0,3.0,5.0,3.0,0,all_cores_refetch,114369204.01269855,"[{""admissible"":true,""core"":0,""earliest_start"":114369708.01269855,""predicted_cycles"":1796723.2123325893,""predicted_finish"":116166431.22503114,""refetch"":3.0},{""admissible"":false,""core"":1,""earliest_start"":120054328.33528663,""predicted_cycles"":5716741.774680398,""predicted_finish"":125771070.10996702,""refetch"":5.0}]"
v3_captured_mixed_heldout_swe_t128_l26,fixed_4+2,port_tight,128,47,47,21,False,1,0,17301504,190316544.0,103809024.0,86507520.0,82.5,11.0,6.0,6.0,0,all_cores_refetch,28407258.76363636,"[{""admissible"":false,""core"":0,""earliest_start"":39778110.33706005,""predicted_cycles"":3593373.257142857,""predicted_finish"":43371483.594202906,""refetch"":6.0},{""admissible"":true,""core"":1,""earliest_start"":28407762.76363636,""predicted_cycles"":12576486.400000002,""predicted_finish"":40984249.163636364,""refetch"":11.0}]"
v3_captured_mixed_heldout_swe_t128_l26,fixed_4+2,port_tight,128,51,51,17,False,0,1,17301504,86507520.0,155713536.0,-69206016.0,-66.0,5.0,9.0,5.0,0,all_cores_refetch,61052115.50476192,"[{""admissible"":true,""core"":0,""earliest_start"":61052619.50476192,""predicted_cycles"":2994499.0476190476,""predicted_finish"":64047118.552380964,""refetch"":5.0},{""admissible"":false,""core"":1,""earliest_start"":62737300.31515155,""predicted_cycles"":10289875.781818183,""predicted_finish"":73027176.09696974,""refetch"":9.0}]"
v3_captured_mixed_heldout_swe_t128_l26,fixed_4+2,port_tight,128,52,52,9,False,0,1,17301504,51904512.0,86507520.0,-34603008.0,-33.0,3.0,5.0,3.0,0,all_cores_refetch,116165890.64127,"[{""admissible"":true,""core"":0,""earliest_start"":116166394.64127,""predicted_cycles"":1796723.2123325893,""predicted_finish"":117963117.85360259,""refetch"":3.0},{""admissible"":false,""core"":1,""earliest_start"":119917992.09696983,""predicted_cycles"":5716741.774680398,""predicted_finish"":125634733.87165022,""refetch"":5.0}]"
v3_captured_mixed_heldout_swe_t128_l26,fixed_4+2,port_tight,128,55,55,17,False,0,1,17301504,86507520.0,155713536.0,-69206016.0,-66.0,5.0,9.0,5.0,0,all_cores_refetch,64046550.55238097,"[{""admissible"":true,""core"":0,""earliest_start"":64047054.55238097,""predicted_cycles"":2994499.0476190476,""predicted_finish"":67041553.60000002,""refetch"":5.0},{""admissible"":false,""core"":1,""earliest_start"":73178321.98787883,""predicted_cycles"":10289875.781818183,""predicted_finish"":83468197.76969701,""refetch"":9.0}]"
v3_captured_mixed_heldout_swe_t128_l26,fixed_4+2,port_tight,128,57,57,13,False,0,1,17301504,69206016.0,121110528.0,-51904512.0,-49.5,4.0,7.0,4.0,0,all_cores_refetch,95196683.37777789,"[{""admissible"":true,""core"":0,""earliest_start"":95197187.37777789,""predicted_cycles"":2395588.283761161,""predicted_finish"":97592775.66153905,""refetch"":4.0},{""admissible"":false,""core"":1,""earliest_start"":99293025.11515166,""predicted_cycles"":8003387.283771307,""predicted_finish"":107296412.39892296,""refetch"":7.0}]"
