source,credits,design,dispatch,window_id,ms_ref,ms_new,abs_diff
round2_E4_pipelined,256,B0,eft_old,heldout_bfcl_b2_l2_s3,1.9232933333333333,1.9232933333333333,0.0
round2_E4_pipelined,256,B0,eft_old,heldout_bfcl_b4_l2_s3,2.7476506666666665,2.7476506666666665,0.0
round2_E4_pipelined,256,B0,eft_old,heldout_bfcl_b8_l2_s3,3.984265333333333,3.984265333333333,0.0
round2_E4_pipelined,256,B0,eft_old,heldout_bfcl_b16_l2_s3,6.319198666666666,6.319198666666666,0.0
round2_E4_pipelined,256,B0,eft_old,heldout_bfcl_b2_l2_s7,1.9232933333333333,1.9232933333333333,0.0
round2_E4_pipelined,256,B0,eft_old,heldout_bfcl_b4_l2_s7,3.0224626666666663,3.0224626666666663,0.0
round2_E4_pipelined,256,B0,eft_old,heldout_bfcl_b8_l2_s7,4.3963573333333335,4.3963573333333335,0.0
round2_E4_pipelined,256,B0,eft_old,heldout_bfcl_b16_l2_s7,7.006706666666666,7.006706666666666,0.0
round2_E4_pipelined,256,B0,eft_old,heldout_bfcl_b2_l2_s11,1.3739333333333332,1.3739333333333332,0.0
round2_E4_pipelined,256,B0,eft_old,heldout_bfcl_b4_l2_s11,3.0224626666666663,3.0224626666666663,0.0
round2_E4_pipelined,256,B0,eft_old,heldout_bfcl_b8_l2_s11,4.533629333333333,4.533629333333333,0.0
round2_E4_pipelined,256,B0,eft_old,heldout_bfcl_b16_l2_s11,7.556562666666666,7.556562666666666,0.0
round2_E4_pipelined,256,B0,eft_old,heldout_bfcl_b2_l13_s3,1.6486133333333333,1.6486133333333333,0.0
round2_E4_pipelined,256,B0,eft_old,heldout_bfcl_b4_l13_s3,3.2972066666666664,3.2972066666666664,0.0
round2_E4_pipelined,256,B0,eft_old,heldout_bfcl_b8_l13_s3,4.258865333333333,4.258865333333333,0.0
round2_E4_pipelined,256,B0,eft_old,heldout_bfcl_b16_l13_s3,6.456866666666666,6.456866666666666,0.0
round2_E4_pipelined,256,B0,eft_old,heldout_bfcl_b2_l13_s7,1.9232933333333333,1.9232933333333333,0.0
round2_E4_pipelined,256,B0,eft_old,heldout_bfcl_b4_l13_s7,3.0225266666666664,3.0225266666666664,0.0
round2_E4_pipelined,256,B0,eft_old,heldout_bfcl_b8_l13_s7,4.670973333333333,4.670973333333333,0.0
round2_E4_pipelined,256,B0,eft_old,heldout_bfcl_b16_l13_s7,6.456946666666666,6.456946666666666,0.0
round2_E4_pipelined,256,B0,eft_old,heldout_bfcl_b2_l13_s11,1.2365253333333333,1.2365253333333333,0.0
round2_E4_pipelined,256,B0,eft_old,heldout_bfcl_b4_l13_s11,2.8851866666666663,2.8851866666666663,0.0
round2_E4_pipelined,256,B0,eft_old,heldout_bfcl_b8_l13_s11,3.984257333333333,3.984257333333333,0.0
round2_E4_pipelined,256,B0,eft_old,heldout_bfcl_b16_l13_s11,7.144050666666666,7.144050666666666,0.0
round2_E4_pipelined,256,B0,eft_old,heldout_bfcl_b2_l26_s3,1.7859533333333333,1.7859533333333333,0.0
round2_E4_pipelined,256,B0,eft_old,heldout_bfcl_b4_l26_s3,3.2971386666666667,3.2971386666666667,0.0
round2_E4_pipelined,256,B0,eft_old,heldout_bfcl_b8_l26_s3,4.533829333333333,4.533829333333333,0.0
round2_E4_pipelined,256,B0,eft_old,heldout_bfcl_b16_l26_s3,7.418546666666666,7.418546666666666,0.0
round2_E4_pipelined,256,B0,eft_old,heldout_bfcl_b2_l26_s7,1.6486133333333333,1.6486133333333333,0.0
round2_E4_pipelined,256,B0,eft_old,heldout_bfcl_b4_l26_s7,3.2971426666666663,3.2971426666666663,0.0
round2_E4_pipelined,256,B0,eft_old,heldout_bfcl_b8_l26_s7,4.945785333333333,4.945785333333333,0.0
round2_E4_pipelined,256,B0,eft_old,heldout_bfcl_b16_l26_s7,6.3201426666666665,6.3201426666666665,0.0
round2_E4_pipelined,256,B0,eft_old,heldout_bfcl_b2_l26_s11,1.3739333333333332,1.3739333333333332,0.0
round2_E4_pipelined,256,B0,eft_old,heldout_bfcl_b4_l26_s11,3.0224626666666663,3.0224626666666663,0.0
round2_E4_pipelined,256,B0,eft_old,heldout_bfcl_b8_l26_s11,4.808373333333333,4.808373333333333,0.0
round2_E4_pipelined,256,B0,eft_old,heldout_bfcl_b16_l26_s11,7.144470666666666,7.144470666666666,0.0
round2_E4_pipelined,256,B0,eft_old,heldout_gpqa_b2_l2_s3,1.7859533333333333,1.7859533333333333,0.0
round2_E4_pipelined,256,B0,eft_old,heldout_gpqa_b4_l2_s3,2.4730266666666667,2.4730266666666667,0.0
round2_E4_pipelined,256,B0,eft_old,heldout_gpqa_b8_l2_s3,3.571825333333333,3.571825333333333,0.0
round2_E4_pipelined,256,B0,eft_old,heldout_gpqa_b16_l2_s3,5.357458666666666,5.357458666666666,0.0
round2_E4_pipelined,256,B0,eft_old,heldout_gpqa_b2_l2_s7,1.9232933333333333,1.9232933333333333,0.0
round2_E4_pipelined,256,B0,eft_old,heldout_gpqa_b4_l2_s7,3.2971426666666663,3.2971426666666663,0.0
round2_E4_pipelined,256,B0,eft_old,heldout_gpqa_b8_l2_s7,4.945865333333333,4.945865333333333,0.0
round2_E4_pipelined,256,B0,eft_old,heldout_gpqa_b16_l2_s7,7.144114666666666,7.144114666666666,0.0
round2_E4_pipelined,256,B0,eft_old,heldout_gpqa_b2_l2_s11,1.5112733333333332,1.5112733333333332,0.0
round2_E4_pipelined,256,B0,eft_old,heldout_gpqa_b4_l2_s11,3.1598026666666663,3.1598026666666663,0.0
round2_E4_pipelined,256,B0,eft_old,heldout_gpqa_b8_l2_s11,5.495293333333333,5.495293333333333,0.0
round2_E4_pipelined,256,B0,eft_old,heldout_gpqa_b16_l2_s11,7.556510666666666,7.556510666666666,0.0
round2_E4_pipelined,256,B0,eft_old,heldout_gpqa_b2_l13_s3,1.7859493333333332,1.7859493333333332,0.0
round2_E4_pipelined,256,B0,eft_old,heldout_gpqa_b4_l13_s3,2.6102986666666665,2.6102986666666665,0.0
round2_E4_pipelined,256,B0,eft_old,heldout_gpqa_b8_l13_s3,4.121673333333333,4.121673333333333,0.0
round2_E4_pipelined,256,B0,eft_old,heldout_gpqa_b16_l13_s3,5.495202666666666,5.495202666666666,0.0
round2_E4_pipelined,256,B0,eft_old,heldout_gpqa_b2_l13_s7,1.7859533333333333,1.7859533333333333,0.0
round2_E4_pipelined,256,B0,eft_old,heldout_gpqa_b4_l13_s7,3.1598026666666663,3.1598026666666663,0.0
round2_E4_pipelined,256,B0,eft_old,heldout_gpqa_b8_l13_s7,5.083201333333333,5.083201333333333,0.0
round2_E4_pipelined,256,B0,eft_old,heldout_gpqa_b16_l13_s7,6.869158666666666,6.869158666666666,0.0
round2_E4_pipelined,256,B0,eft_old,heldout_gpqa_b2_l13_s11,1.2365893333333333,1.2365893333333333,0.0
round2_E4_pipelined,256,B0,eft_old,heldout_gpqa_b4_l13_s11,3.2971426666666663,3.2971426666666663,0.0
round2_E4_pipelined,256,B0,eft_old,heldout_gpqa_b8_l13_s11,4.396285333333333,4.396285333333333,0.0
round2_E4_pipelined,256,B0,eft_old,heldout_gpqa_b16_l13_s11,6.732094666666666,6.732094666666666,0.0
round2_E4_pipelined,256,B0,eft_old,heldout_gpqa_b2_l26_s3,1.9232933333333333,1.9232933333333333,0.0
round2_E4_pipelined,256,B0,eft_old,heldout_gpqa_b4_l26_s3,2.3355586666666666,2.3355586666666666,0.0
round2_E4_pipelined,256,B0,eft_old,heldout_gpqa_b8_l26_s3,3.709433333333333,3.709433333333333,0.0
round2_E4_pipelined,256,B0,eft_old,heldout_gpqa_b16_l26_s3,5.907082666666666,5.907082666666666,0.0
round2_E4_pipelined,256,B0,eft_old,heldout_gpqa_b2_l26_s7,1.9232933333333333,1.9232933333333333,0.0
round2_E4_pipelined,256,B0,eft_old,heldout_gpqa_b4_l26_s7,3.1598026666666663,3.1598026666666663,0.0
round2_E4_pipelined,256,B0,eft_old,heldout_gpqa_b8_l26_s7,4.945925333333333,4.945925333333333,0.0
round2_E4_pipelined,256,B0,eft_old,heldout_gpqa_b16_l26_s7,7.280978666666666,7.280978666666666,0.0
round2_E4_pipelined,256,B0,eft_old,heldout_gpqa_b2_l26_s11,1.7859533333333333,1.7859533333333333,0.0
round2_E4_pipelined,256,B0,eft_old,heldout_gpqa_b4_l26_s11,3.4344786666666667,3.4344786666666667,0.0
round2_E4_pipelined,256,B0,eft_old,heldout_gpqa_b8_l26_s11,4.945861333333333,4.945861333333333,0.0
round2_E4_pipelined,256,B0,eft_old,heldout_gpqa_b16_l26_s11,7.419350666666666,7.419350666666666,0.0
round2_E4_pipelined,256,B0,eft_old,heldout_swe_b2_l2_s3,1.7859533333333333,1.7859533333333333,0.0
round2_E4_pipelined,256,B0,eft_old,heldout_swe_b4_l2_s3,2.0608666666666666,2.0608666666666666,0.0
round2_E4_pipelined,256,B0,eft_old,heldout_swe_b8_l2_s3,2.610421333333333,2.610421333333333,0.0
round2_E4_pipelined,256,B0,eft_old,heldout_swe_b16_l2_s3,4.121098666666667,4.121098666666667,0.0
round2_E4_pipelined,256,B0,eft_old,heldout_swe_b2_l2_s7,1.7859533333333333,1.7859533333333333,0.0
round2_E4_pipelined,256,B0,eft_old,heldout_swe_b4_l2_s7,2.3356866666666667,2.3356866666666667,0.0
round2_E4_pipelined,256,B0,eft_old,heldout_swe_b8_l2_s7,2.885185333333333,2.885185333333333,0.0
round2_E4_pipelined,256,B0,eft_old,heldout_swe_b16_l2_s7,4.3958466666666665,4.3958466666666665,0.0
round2_E4_pipelined,256,B0,eft_old,heldout_swe_b2_l2_s11,1.7859533333333333,1.7859533333333333,0.0
round2_E4_pipelined,256,B0,eft_old,heldout_swe_b4_l2_s11,2.8851186666666666,2.8851186666666666,0.0
round2_E4_pipelined,256,B0,eft_old,heldout_swe_b8_l2_s11,3.022529333333333,3.022529333333333,0.0
round2_E4_pipelined,256,B0,eft_old,heldout_swe_b16_l2_s11,5.082902666666666,5.082902666666666,0.0
round2_E4_pipelined,256,B0,eft_old,heldout_swe_b2_l13_s3,1.9232933333333333,1.9232933333333333,0.0
round2_E4_pipelined,256,B0,eft_old,heldout_swe_b4_l13_s3,2.6103066666666663,2.6103066666666663,0.0
round2_E4_pipelined,256,B0,eft_old,heldout_swe_b8_l13_s3,3.022661333333333,3.022661333333333,0.0
round2_E4_pipelined,256,B0,eft_old,heldout_swe_b16_l13_s3,4.258654666666666,4.258654666666666,0.0
round2_E4_pipelined,256,B0,eft_old,heldout_swe_b2_l13_s7,1.9232933333333333,1.9232933333333333,0.0
round2_E4_pipelined,256,B0,eft_old,heldout_swe_b4_l13_s7,2.8850586666666667,2.8850586666666667,0.0
round2_E4_pipelined,256,B0,eft_old,heldout_swe_b8_l13_s7,3.297221333333333,3.297221333333333,0.0
round2_E4_pipelined,256,B0,eft_old,heldout_swe_b16_l13_s7,4.395998666666666,4.395998666666666,0.0
round2_E4_pipelined,256,B0,eft_old,heldout_swe_b2_l13_s11,1.6486133333333333,1.6486133333333333,0.0
round2_E4_pipelined,256,B0,eft_old,heldout_swe_b4_l13_s11,3.0225266666666664,3.0225266666666664,0.0
round2_E4_pipelined,256,B0,eft_old,heldout_swe_b8_l13_s11,3.022389333333333,3.022389333333333,0.0
round2_E4_pipelined,256,B0,eft_old,heldout_swe_b16_l13_s11,5.082962666666666,5.082962666666666,0.0
round2_E4_pipelined,256,B0,eft_old,heldout_swe_b2_l26_s3,1.6486133333333333,1.6486133333333333,0.0
round2_E4_pipelined,256,B0,eft_old,heldout_swe_b4_l26_s3,2.6103786666666666,2.6103786666666666,0.0
round2_E4_pipelined,256,B0,eft_old,heldout_swe_b8_l26_s3,3.709173333333333,3.709173333333333,0.0
round2_E4_pipelined,256,B0,eft_old,heldout_swe_b16_l26_s3,5.220250666666666,5.220250666666666,0.0
round2_E4_pipelined,256,B0,eft_old,heldout_swe_b2_l26_s7,1.9232933333333333,1.9232933333333333,0.0
round2_E4_pipelined,256,B0,eft_old,heldout_swe_b4_l26_s7,2.4729666666666663,2.4729666666666663,0.0
round2_E4_pipelined,256,B0,eft_old,heldout_swe_b8_l26_s7,3.297413333333333,3.297413333333333,0.0
round2_E4_pipelined,256,B0,eft_old,heldout_swe_b16_l26_s7,4.533410666666666,4.533410666666666,0.0
round2_E4_pipelined,256,B0,eft_old,heldout_swe_b2_l26_s11,1.9232933333333333,1.9232933333333333,0.0
round2_E4_pipelined,256,B0,eft_old,heldout_swe_b4_l26_s11,3.4345466666666664,3.4345466666666664,0.0
round2_E4_pipelined,256,B0,eft_old,heldout_swe_b8_l26_s11,2.885325333333333,2.885325333333333,0.0
round2_E4_pipelined,256,B0,eft_old,heldout_swe_b16_l26_s11,5.494794666666666,5.494794666666666,0.0
round2_E4_pipelined,256,B0,eft_old,v3_captured_mixed_heldout_bfcl_t64_l2,15.796510666666666,15.796510666666666,0.0
round2_E4_pipelined,256,B0,eft_old,v3_captured_mixed_heldout_bfcl_t96_l2,21.289172,21.289172,0.0
round2_E4_pipelined,256,B0,eft_old,v3_captured_mixed_heldout_bfcl_t128_l2,27.605317333333332,27.605317333333332,0.0
round2_E4_pipelined,256,B0,eft_old,v3_captured_mixed_heldout_bfcl_t64_l13,15.658546666666666,15.658546666666666,0.0
round2_E4_pipelined,256,B0,eft_old,v3_captured_mixed_heldout_bfcl_t96_l13,21.70068,21.70068,0.0
round2_E4_pipelined,256,B0,eft_old,v3_captured_mixed_heldout_bfcl_t128_l13,27.330641333333332,27.330641333333332,0.0
round2_E4_pipelined,256,B0,eft_old,v3_captured_mixed_heldout_bfcl_t64_l26,15.521654666666667,15.521654666666667,0.0
round2_E4_pipelined,256,B0,eft_old,v3_captured_mixed_heldout_bfcl_t96_l26,21.700924,21.700924,0.0
round2_E4_pipelined,256,B0,eft_old,v3_captured_mixed_heldout_bfcl_t128_l26,27.193545333333333,27.193545333333333,0.0
round2_E4_pipelined,256,B0,eft_old,v3_captured_mixed_heldout_gpqa_t64_l2,15.659062666666665,15.659062666666665,0.0
round2_E4_pipelined,256,B0,eft_old,v3_captured_mixed_heldout_gpqa_t96_l2,21.151784,21.151784,0.0
round2_E4_pipelined,256,B0,eft_old,v3_captured_mixed_heldout_gpqa_t128_l2,27.742441333333332,27.742441333333332,0.0
round2_E4_pipelined,256,B0,eft_old,v3_captured_mixed_heldout_gpqa_t64_l13,14.834794666666665,14.834794666666665,0.0
round2_E4_pipelined,256,B0,eft_old,v3_captured_mixed_heldout_gpqa_t96_l13,21.42582,21.42582,0.0
round2_E4_pipelined,256,B0,eft_old,v3_captured_mixed_heldout_gpqa_t128_l13,27.19307333333333,27.19307333333333,0.0
round2_E4_pipelined,256,B0,eft_old,v3_captured_mixed_heldout_gpqa_t64_l26,15.659326666666667,15.659326666666667,0.0
round2_E4_pipelined,256,B0,eft_old,v3_captured_mixed_heldout_gpqa_t96_l26,21.838112,21.838112,0.0
round2_E4_pipelined,256,B0,eft_old,v3_captured_mixed_heldout_gpqa_t128_l26,27.05617733333333,27.05617733333333,0.0
round2_E4_pipelined,256,B0,eft_old,v3_captured_mixed_heldout_swe_t64_l2,15.659190666666666,15.659190666666666,0.0
round2_E4_pipelined,256,B0,eft_old,v3_captured_mixed_heldout_swe_t96_l2,21.700984,21.700984,0.0
round2_E4_pipelined,256,B0,eft_old,v3_captured_mixed_heldout_swe_t128_l2,28.017145333333332,28.017145333333332,0.0
round2_E4_pipelined,256,B0,eft_old,v3_captured_mixed_heldout_swe_t64_l13,14.971754666666666,14.971754666666666,0.0
round2_E4_pipelined,256,B0,eft_old,v3_captured_mixed_heldout_swe_t96_l13,21.837895999999994,21.837895999999994,0.0
round2_E4_pipelined,256,B0,eft_old,v3_captured_mixed_heldout_swe_t128_l13,27.87981333333333,27.87981333333333,0.0
round2_E4_pipelined,256,B0,eft_old,v3_captured_mixed_heldout_swe_t64_l26,15.658810666666666,15.658810666666666,0.0
round2_E4_pipelined,256,B0,eft_old,v3_captured_mixed_heldout_swe_t96_l26,22.112348,22.112348,0.0
round2_E4_pipelined,256,B0,eft_old,v3_captured_mixed_heldout_swe_t128_l26,27.330665333333332,27.330665333333332,0.0
round2_E4_port_tight,256,B0,eft_old,heldout_bfcl_b2_l2_s3,5.503417236538949,5.503417236538949,0.0
round2_E4_port_tight,256,B0,eft_old,heldout_bfcl_b4_l2_s3,7.862218793197282,7.862218793197282,0.0
round2_E4_port_tight,256,B0,eft_old,heldout_bfcl_b8_l2_s3,11.400421847619048,11.400421847619048,0.0
round2_E4_port_tight,256,B0,eft_old,heldout_bfcl_b16_l2_s3,18.08270976252673,18.08270976252673,0.0
round2_E4_port_tight,256,B0,eft_old,heldout_bfcl_b2_l2_s7,5.503417236538949,5.503417236538949,0.0
round2_E4_port_tight,256,B0,eft_old,heldout_bfcl_b4_l2_s7,8.648437033955299,8.648437033955299,0.0
round2_E4_port_tight,256,B0,eft_old,heldout_bfcl_b8_l2_s7,12.579668129251704,12.579668129251704,0.0
round2_E4_port_tight,256,B0,eft_old,heldout_bfcl_b16_l2_s7,20.04881460534721,20.04881460534721,0.0
round2_E4_port_tight,256,B0,eft_old,heldout_bfcl_b2_l2_s11,3.931233261904763,3.931233261904763,0.0
round2_E4_port_tight,256,B0,eft_old,heldout_bfcl_b4_l2_s11,8.648412027015143,8.648412027015143,0.0
round2_E4_port_tight,256,B0,eft_old,heldout_bfcl_b8_l2_s11,12.972646900621967,12.972646900621967,0.0
round2_E4_port_tight,256,B0,eft_old,heldout_bfcl_b16_l2_s11,21.62166691972788,21.62166691972788,0.0
round2_E4_port_tight,256,B0,eft_old,heldout_bfcl_b2_l13_s3,4.717343931292517,4.717343931292517,0.0
round2_E4_port_tight,256,B0,eft_old,heldout_bfcl_b4_l13_s3,9.434537032341376,9.434537032341376,0.0
round2_E4_port_tight,256,B0,eft_old,heldout_bfcl_b8_l13_s3,12.18637135082467,12.18637135082467,0.0
round2_E4_port_tight,256,B0,eft_old,heldout_bfcl_b16_l13_s3,18.47608153595946,18.47608153595946,0.0
round2_E4_port_tight,256,B0,eft_old,heldout_bfcl_b2_l13_s7,5.503417236538949,5.503417236538949,0.0
round2_E4_port_tight,256,B0,eft_old,heldout_bfcl_b4_l13_s7,8.648426362953622,8.648426362953622,0.0
round2_E4_port_tight,256,B0,eft_old,heldout_bfcl_b8_l13_s7,13.365729688377067,13.365729688377067,0.0
round2_E4_port_tight,256,B0,eft_old,heldout_bfcl_b16_l13_s7,18.476233050340134,18.476233050340134,0.0
round2_E4_port_tight,256,B0,eft_old,heldout_bfcl_b2_l13_s11,3.5381061333333337,3.5381061333333337,0.0
round2_E4_port_tight,256,B0,eft_old,heldout_bfcl_b4_l13_s11,8.255429833955299,8.255429833955299,0.0
round2_E4_port_tight,256,B0,eft_old,heldout_bfcl_b8_l13_s11,11.400382117006805,11.400382117006805,0.0
round2_E4_port_tight,256,B0,eft_old,heldout_bfcl_b16_l13_s11,20.441909464530884,20.441909464530884,0.0
round2_E4_port_tight,256,B0,eft_old,heldout_bfcl_b2_l26_s3,5.11039070266278,5.11039070266278,0.0
round2_E4_port_tight,256,B0,eft_old,heldout_bfcl_b4_l26_s3,9.434416937114127,9.434416937114127,0.0
round2_E4_port_tight,256,B0,eft_old,heldout_bfcl_b8_l26_s3,12.972839598639453,12.972839598639453,0.0
round2_E4_port_tight,256,B0,eft_old,heldout_bfcl_b16_l26_s3,21.22788040136054,21.22788040136054,0.0
round2_E4_port_tight,256,B0,eft_old,heldout_bfcl_b2_l26_s7,4.717331574091351,4.717331574091351,0.0
round2_E4_port_tight,256,B0,eft_old,heldout_bfcl_b4_l26_s7,9.434515108647796,9.434515108647796,0.0
round2_E4_port_tight,256,B0,eft_old,heldout_bfcl_b8_l26_s7,14.151932573996392,14.151932573996392,0.0
round2_E4_port_tight,256,B0,eft_old,heldout_bfcl_b16_l26_s7,18.083721993197273,18.083721993197273,0.0
round2_E4_port_tight,256,B0,eft_old,heldout_bfcl_b2_l26_s11,3.9312332619047625,3.9312332619047625,0.0
round2_E4_port_tight,256,B0,eft_old,heldout_bfcl_b4_l26_s11,8.648437033955297,8.648437033955297,0.0
round2_E4_port_tight,256,B0,eft_old,heldout_bfcl_b8_l26_s11,13.75877690388589,13.75877690388589,0.0
round2_E4_port_tight,256,B0,eft_old,heldout_bfcl_b16_l26_s11,20.44240546258503,20.44240546258503,0.0
round2_E4_port_tight,256,B0,eft_old,heldout_gpqa_b2_l2_s3,5.11039070266278,5.11039070266278,0.0
round2_E4_port_tight,256,B0,eft_old,heldout_gpqa_b4_l2_s3,7.076107964567543,7.076107964567543,0.0
round2_E4_port_tight,256,B0,eft_old,heldout_gpqa_b8_l2_s3,10.22074864347911,10.22074864347911,0.0
round2_E4_port_tight,256,B0,eft_old,heldout_gpqa_b16_l2_s3,15.330863433955304,15.330863433955304,0.0
round2_E4_port_tight,256,B0,eft_old,heldout_gpqa_b2_l2_s7,5.503417236538949,5.503417236538949,0.0
round2_E4_port_tight,256,B0,eft_old,heldout_gpqa_b4_l2_s7,9.434510339201731,9.434510339201731,0.0
round2_E4_port_tight,256,B0,eft_old,heldout_gpqa_b8_l2_s7,14.152096445578234,14.152096445578234,0.0
round2_E4_port_tight,256,B0,eft_old,heldout_gpqa_b16_l2_s7,20.441981517687065,20.441981517687065,0.0
round2_E4_port_tight,256,B0,eft_old,heldout_gpqa_b2_l2_s11,4.324292390476192,4.324292390476192,0.0
round2_E4_port_tight,256,B0,eft_old,heldout_gpqa_b4_l2_s11,9.0414512106303,9.0414512106303,0.0
round2_E4_port_tight,256,B0,eft_old,heldout_gpqa_b8_l2_s11,15.72434842021242,15.72434842021242,0.0
round2_E4_port_tight,256,B0,eft_old,heldout_gpqa_b16_l2_s11,21.6216663095238,21.6216663095238,0.0
round2_E4_port_tight,256,B0,eft_old,heldout_gpqa_b2_l13_s3,5.110342036538949,5.110342036538949,0.0
round2_E4_port_tight,256,B0,eft_old,heldout_gpqa_b4_l13_s3,7.469076150245177,7.469076150245177,0.0
round2_E4_port_tight,256,B0,eft_old,heldout_gpqa_b8_l13_s3,11.793541388435374,11.793541388435374,0.0
round2_E4_port_tight,256,B0,eft_old,heldout_gpqa_b16_l13_s3,15.724363062585038,15.724363062585038,0.0
round2_E4_port_tight,256,B0,eft_old,heldout_gpqa_b2_l13_s7,5.110375347524087,5.110375347524087,0.0
round2_E4_port_tight,256,B0,eft_old,heldout_gpqa_b4_l13_s7,9.041433562953621,9.041433562953621,0.0
round2_E4_port_tight,256,B0,eft_old,heldout_gpqa_b8_l13_s7,14.54511197000972,14.54511197000972,0.0
round2_E4_port_tight,256,B0,eft_old,heldout_gpqa_b16_l13_s7,19.655543172730813,19.655543172730813,0.0
round2_E4_port_tight,256,B0,eft_old,heldout_gpqa_b2_l13_s11,3.5381580619047623,3.5381580619047623,0.0
round2_E4_port_tight,256,B0,eft_old,heldout_gpqa_b4_l13_s11,9.434473054944997,9.434473054944997,0.0
round2_E4_port_tight,256,B0,eft_old,heldout_gpqa_b8_l13_s11,12.579556345483272,12.579556345483272,0.0
round2_E4_port_tight,256,B0,eft_old,heldout_gpqa_b16_l13_s11,19.262838966666664,19.262838966666664,0.0
round2_E4_port_tight,256,B0,eft_old,heldout_gpqa_b2_l26_s3,5.503417236538949,5.503417236538949,0.0
round2_E4_port_tight,256,B0,eft_old,heldout_gpqa_b4_l26_s3,6.682964923809526,6.682964923809526,0.0
round2_E4_port_tight,256,B0,eft_old,heldout_gpqa_b8_l26_s3,10.614088129251703,10.614088129251703,0.0
round2_E4_port_tight,256,B0,eft_old,heldout_gpqa_b16_l26_s3,16.90333135354576,16.90333135354576,0.0
round2_E4_port_tight,256,B0,eft_old,heldout_gpqa_b2_l26_s7,5.503417236538949,5.503417236538949,0.0
round2_E4_port_tight,256,B0,eft_old,heldout_gpqa_b4_l26_s7,9.041488574771625,9.041488574771625,0.0
round2_E4_port_tight,256,B0,eft_old,heldout_gpqa_b8_l26_s7,14.152097002626126,14.152097002626126,0.0
round2_E4_port_tight,256,B0,eft_old,heldout_gpqa_b16_l26_s7,20.83451774013604,20.83451774013604,0.0
round2_E4_port_tight,256,B0,eft_old,heldout_gpqa_b2_l26_s11,5.110375347524087,5.110375347524087,0.0
round2_E4_port_tight,256,B0,eft_old,heldout_gpqa_b4_l26_s11,9.82745583380507,9.82745583380507,0.0
round2_E4_port_tight,256,B0,eft_old,heldout_gpqa_b8_l26_s11,14.152035422253237,14.152035422253237,0.0
round2_E4_port_tight,256,B0,eft_old,heldout_gpqa_b16_l26_s11,21.228704060544207,21.228704060544207,0.0
round2_E4_port_tight,256,B0,eft_old,heldout_swe_b2_l2_s3,5.11039070266278,5.11039070266278,0.0
round2_E4_port_tight,256,B0,eft_old,heldout_swe_b4_l2_s3,5.896790864625853,5.896790864625853,0.0
round2_E4_port_tight,256,B0,eft_old,heldout_swe_b8_l2_s3,7.469277919047621,7.469277919047621,0.0
round2_E4_port_tight,256,B0,eft_old,heldout_swe_b16_l2_s3,11.792978793197278,11.792978793197278,0.0
round2_E4_port_tight,256,B0,eft_old,heldout_swe_b2_l2_s7,5.110375347524087,5.110375347524087,0.0
round2_E4_port_tight,256,B0,eft_old,heldout_swe_b4_l2_s7,6.683068780952382,6.683068780952382,0.0
round2_E4_port_tight,256,B0,eft_old,heldout_swe_b8_l2_s7,8.255516390476194,8.255516390476194,0.0
round2_E4_port_tight,256,B0,eft_old,heldout_swe_b16_l2_s7,12.579129750245176,12.579129750245176,0.0
round2_E4_port_tight,256,B0,eft_old,heldout_swe_b2_l2_s11,5.11039070266278,5.11039070266278,0.0
round2_E4_port_tight,256,B0,eft_old,heldout_swe_b4_l2_s11,8.255361833955298,8.255361833955298,0.0
round2_E4_port_tight,256,B0,eft_old,heldout_swe_b8_l2_s11,8.648591590476194,8.648591590476194,0.0
round2_E4_port_tight,256,B0,eft_old,heldout_swe_b16_l2_s11,14.544877050340135,14.544877050340135,0.0
round2_E4_port_tight,256,B0,eft_old,heldout_swe_b2_l13_s3,5.503417236538949,5.503417236538949,0.0
round2_E4_port_tight,256,B0,eft_old,heldout_swe_b4_l13_s3,7.469151180952384,7.469151180952384,0.0
round2_E4_port_tight,256,B0,eft_old,heldout_swe_b8_l13_s3,8.648723590476195,8.648723590476195,0.0
round2_E4_port_tight,256,B0,eft_old,heldout_swe_b16_l13_s3,12.186297723809524,12.186297723809524,0.0
round2_E4_port_tight,256,B0,eft_old,heldout_swe_b2_l13_s7,5.503417236538949,5.503417236538949,0.0
round2_E4_port_tight,256,B0,eft_old,heldout_swe_b4_l13_s7,8.255338334013608,8.255338334013608,0.0
round2_E4_port_tight,256,B0,eft_old,heldout_swe_b8_l13_s7,9.434758061904764,9.434758061904764,0.0
round2_E4_port_tight,256,B0,eft_old,heldout_swe_b16_l13_s7,12.579372923809526,12.579372923809526,0.0
round2_E4_port_tight,256,B0,eft_old,heldout_swe_b2_l13_s11,4.717343931292517,4.717343931292517,0.0
round2_E4_port_tight,256,B0,eft_old,heldout_swe_b4_l13_s11,8.648481374771626,8.648481374771626,0.0
round2_E4_port_tight,256,B0,eft_old,heldout_swe_b8_l13_s11,8.648431931292519,8.648431931292519,0.0
round2_E4_port_tight,256,B0,eft_old,heldout_swe_b16_l13_s11,14.544897731972785,14.544897731972785,0.0
round2_E4_port_tight,256,B0,eft_old,heldout_swe_b2_l26_s3,4.717343931292518,4.717343931292518,0.0
round2_E4_port_tight,256,B0,eft_old,heldout_swe_b4_l26_s3,7.469235252380955,7.469235252380955,0.0
round2_E4_port_tight,256,B0,eft_old,heldout_swe_b8_l26_s3,10.61383543123421,10.61383543123421,0.0
round2_E4_port_tight,256,B0,eft_old,heldout_swe_b16_l26_s3,14.937948662585036,14.937948662585036,0.0
round2_E4_port_tight,256,B0,eft_old,heldout_swe_b2_l26_s7,5.503417236538949,5.503417236538949,0.0
round2_E4_port_tight,256,B0,eft_old,heldout_swe_b4_l26_s7,7.076084464625852,7.076084464625852,0.0
round2_E4_port_tight,256,B0,eft_old,heldout_swe_b8_l26_s7,9.434925919047622,9.434925919047622,0.0
round2_E4_port_tight,256,B0,eft_old,heldout_swe_b16_l26_s7,12.972516123809523,12.972516123809523,0.0
round2_E4_port_tight,256,B0,eft_old,heldout_swe_b2_l26_s11,5.503417236538949,5.503417236538949,0.0
round2_E4_port_tight,256,B0,eft_old,heldout_swe_b4_l26_s11,9.82756416713159,9.82756416713159,0.0
round2_E4_port_tight,256,B0,eft_old,heldout_swe_b8_l26_s11,8.255680533333337,8.255680533333337,0.0
round2_E4_port_tight,256,B0,eft_old,heldout_swe_b16_l26_s11,15.723910795143144,15.723910795143144,0.0
round2_E4_port_tight,256,B0,eft_old,v3_captured_mixed_heldout_bfcl_t64_l2,45.20544265228598,45.20544265228598,0.0
round2_E4_port_tight,256,B0,eft_old,v3_captured_mixed_heldout_bfcl_t96_l2,60.927229546843805,60.927229546843805,0.0
round2_E4_port_tight,256,B0,eft_old,v3_captured_mixed_heldout_bfcl_t128_l2,79.00683720405794,79.00683720405794,0.0
round2_E4_port_tight,256,B0,eft_old,v3_captured_mixed_heldout_bfcl_t64_l13,44.81163025144663,44.81163025144663,0.0
round2_E4_port_tight,256,B0,eft_old,v3_captured_mixed_heldout_bfcl_t96_l13,62.105911149348174,62.105911149348174,0.0
round2_E4_port_tight,256,B0,eft_old,v3_captured_mixed_heldout_bfcl_t128_l13,78.2207953963504,78.2207953963504,0.0
round2_E4_port_tight,256,B0,eft_old,v3_captured_mixed_heldout_bfcl_t64_l26,44.41900004200192,44.41900004200192,0.0
round2_E4_port_tight,256,B0,eft_old,v3_captured_mixed_heldout_bfcl_t96_l26,62.10605013284668,62.10605013284668,0.0
round2_E4_port_tight,256,B0,eft_old,v3_captured_mixed_heldout_bfcl_t128_l26,77.82784012286241,77.82784012286241,0.0
round2_E4_port_tight,256,B0,eft_old,v3_captured_mixed_heldout_gpqa_t64_l2,44.81215860864779,44.81215860864779,0.0
round2_E4_port_tight,256,B0,eft_old,v3_captured_mixed_heldout_gpqa_t96_l2,60.533861564587085,60.533861564587085,0.0
round2_E4_port_tight,256,B0,eft_old,v3_captured_mixed_heldout_gpqa_t128_l2,79.39943350196535,79.39943350196535,0.0
round2_E4_port_tight,256,B0,eft_old,v3_captured_mixed_heldout_gpqa_t64_l13,42.45344819876909,42.45344819876909,0.0
round2_E4_port_tight,256,B0,eft_old,v3_captured_mixed_heldout_gpqa_t96_l13,61.31927058510314,61.31927058510314,0.0
round2_E4_port_tight,256,B0,eft_old,v3_captured_mixed_heldout_gpqa_t128_l13,77.82722662980584,77.82722662980584,0.0
round2_E4_port_tight,256,B0,eft_old,v3_captured_mixed_heldout_gpqa_t64_l26,44.81240829722059,44.81240829722059,0.0
round2_E4_port_tight,256,B0,eft_old,v3_captured_mixed_heldout_gpqa_t96_l26,62.498757260001106,62.498757260001106,0.0
round2_E4_port_tight,256,B0,eft_old,v3_captured_mixed_heldout_gpqa_t128_l26,77.43452293487329,77.43452293487329,0.0
round2_E4_port_tight,256,B0,eft_old,v3_captured_mixed_heldout_swe_t64_l2,44.81225245840842,44.81225245840842,0.0
round2_E4_port_tight,256,B0,eft_old,v3_captured_mixed_heldout_swe_t96_l2,62.10610270377508,62.10610270377508,0.0
round2_E4_port_tight,256,B0,eft_old,v3_captured_mixed_heldout_swe_t128_l2,80.18574832802233,80.18574832802233,0.0
round2_E4_port_tight,256,B0,eft_old,v3_captured_mixed_heldout_swe_t64_l13,42.846129791679694,42.846129791679694,0.0
round2_E4_port_tight,256,B0,eft_old,v3_captured_mixed_heldout_swe_t96_l13,62.498798906396075,62.498798906396075,0.0
round2_E4_port_tight,256,B0,eft_old,v3_captured_mixed_heldout_swe_t128_l13,79.79274951111832,79.79274951111832,0.0
round2_E4_port_tight,256,B0,eft_old,v3_captured_mixed_heldout_swe_t64_l26,44.811893965674,44.811893965674,0.0
round2_E4_port_tight,256,B0,eft_old,v3_captured_mixed_heldout_swe_t96_l26,63.284438843851376,63.284438843851376,0.0
round2_E4_port_tight,256,B0,eft_old,v3_captured_mixed_heldout_swe_t128_l26,78.2204731389015,78.2204731389015,0.0
round2_E4_pipelined,256,B1,eft_old,heldout_bfcl_b2_l2_s3,1.9232893333333332,1.9232893333333332,0.0
round2_E4_pipelined,256,B1,eft_old,heldout_bfcl_b4_l2_s3,2.7476346666666664,2.7476346666666664,0.0
round2_E4_pipelined,256,B1,eft_old,heldout_bfcl_b8_l2_s3,3.709477333333333,3.709477333333333,0.0
round2_E4_pipelined,256,B1,eft_old,heldout_bfcl_b16_l2_s3,4.946234666666666,4.946234666666666,0.0
round2_E4_pipelined,256,B1,eft_old,heldout_bfcl_b2_l2_s7,1.9232893333333332,1.9232893333333332,0.0
round2_E4_pipelined,256,B1,eft_old,heldout_bfcl_b4_l2_s7,3.0223826666666667,3.0223826666666667,0.0
round2_E4_pipelined,256,B1,eft_old,heldout_bfcl_b8_l2_s7,4.121573333333333,4.121573333333333,0.0
round2_E4_pipelined,256,B1,eft_old,heldout_bfcl_b16_l2_s7,6.182654666666666,6.182654666666666,0.0
round2_E4_pipelined,256,B1,eft_old,heldout_bfcl_b2_l2_s11,1.3737853333333332,1.3737853333333332,0.0
round2_E4_pipelined,256,B1,eft_old,heldout_bfcl_b4_l2_s11,3.0223826666666667,3.0223826666666667,0.0
round2_E4_pipelined,256,B1,eft_old,heldout_bfcl_b8_l2_s11,4.258973333333333,4.258973333333333,0.0
round2_E4_pipelined,256,B1,eft_old,heldout_bfcl_b16_l2_s11,7.006926666666666,7.006926666666666,0.0
round2_E4_pipelined,256,B1,eft_old,heldout_bfcl_b2_l13_s3,1.6485373333333333,1.6485373333333333,0.0
round2_E4_pipelined,256,B1,eft_old,heldout_bfcl_b4_l13_s3,3.2971346666666665,3.2971346666666665,0.0
round2_E4_pipelined,256,B1,eft_old,heldout_bfcl_b8_l13_s3,3.984161333333333,3.984161333333333,0.0
round2_E4_pipelined,256,B1,eft_old,heldout_bfcl_b16_l13_s3,5.495674666666666,5.495674666666666,0.0
round2_E4_pipelined,256,B1,eft_old,heldout_bfcl_b2_l13_s7,1.9232893333333332,1.9232893333333332,0.0
round2_E4_pipelined,256,B1,eft_old,heldout_bfcl_b4_l13_s7,3.0223826666666667,3.0223826666666667,0.0
round2_E4_pipelined,256,B1,eft_old,heldout_bfcl_b8_l13_s7,4.396389333333333,4.396389333333333,0.0
round2_E4_pipelined,256,B1,eft_old,heldout_bfcl_b16_l13_s7,5.495670666666666,5.495670666666666,0.0
round2_E4_pipelined,256,B1,eft_old,heldout_bfcl_b2_l13_s11,1.2363773333333332,1.2363773333333332,0.0
round2_E4_pipelined,256,B1,eft_old,heldout_bfcl_b4_l13_s11,2.8849746666666665,2.8849746666666665,0.0
round2_E4_pipelined,256,B1,eft_old,heldout_bfcl_b8_l13_s11,3.709473333333333,3.709473333333333,0.0
round2_E4_pipelined,256,B1,eft_old,heldout_bfcl_b16_l13_s11,6.457346666666666,6.457346666666666,0.0
round2_E4_pipelined,256,B1,eft_old,heldout_bfcl_b2_l26_s3,1.7858813333333332,1.7858813333333332,0.0
round2_E4_pipelined,256,B1,eft_old,heldout_bfcl_b4_l26_s3,3.2971346666666665,3.2971346666666665,0.0
round2_E4_pipelined,256,B1,eft_old,heldout_bfcl_b8_l26_s3,4.2590493333333335,4.2590493333333335,0.0
round2_E4_pipelined,256,B1,eft_old,heldout_bfcl_b16_l26_s3,6.320006666666666,6.320006666666666,0.0
round2_E4_pipelined,256,B1,eft_old,heldout_bfcl_b2_l26_s7,1.6485373333333333,1.6485373333333333,0.0
round2_E4_pipelined,256,B1,eft_old,heldout_bfcl_b4_l26_s7,3.2971346666666665,3.2971346666666665,0.0
round2_E4_pipelined,256,B1,eft_old,heldout_bfcl_b8_l26_s7,4.671141333333333,4.671141333333333,0.0
round2_E4_pipelined,256,B1,eft_old,heldout_bfcl_b16_l26_s7,5.770574666666666,5.770574666666666,0.0
round2_E4_pipelined,256,B1,eft_old,heldout_bfcl_b2_l26_s11,1.3737853333333332,1.3737853333333332,0.0
round2_E4_pipelined,256,B1,eft_old,heldout_bfcl_b4_l26_s11,3.0223826666666667,3.0223826666666667,0.0
round2_E4_pipelined,256,B1,eft_old,heldout_bfcl_b8_l26_s11,4.533661333333333,4.533661333333333,0.0
round2_E4_pipelined,256,B1,eft_old,heldout_bfcl_b16_l26_s11,6.594838666666666,6.594838666666666,0.0
round2_E4_pipelined,256,B1,eft_old,heldout_gpqa_b2_l2_s3,1.7858813333333332,1.7858813333333332,0.0
round2_E4_pipelined,256,B1,eft_old,heldout_gpqa_b4_l2_s3,2.4729546666666664,2.4729546666666664,0.0
round2_E4_pipelined,256,B1,eft_old,heldout_gpqa_b8_l2_s3,3.159901333333333,3.159901333333333,0.0
round2_E4_pipelined,256,B1,eft_old,heldout_gpqa_b16_l2_s3,3.8471546666666665,3.8471546666666665,0.0
round2_E4_pipelined,256,B1,eft_old,heldout_gpqa_b2_l2_s7,1.9232893333333332,1.9232893333333332,0.0
round2_E4_pipelined,256,B1,eft_old,heldout_gpqa_b4_l2_s7,3.2971346666666665,3.2971346666666665,0.0
round2_E4_pipelined,256,B1,eft_old,heldout_gpqa_b8_l2_s7,4.671145333333333,4.671145333333333,0.0
round2_E4_pipelined,256,B1,eft_old,heldout_gpqa_b16_l2_s7,6.457354666666666,6.457354666666666,0.0
round2_E4_pipelined,256,B1,eft_old,heldout_gpqa_b2_l2_s11,1.5111293333333333,1.5111293333333333,0.0
round2_E4_pipelined,256,B1,eft_old,heldout_gpqa_b4_l2_s11,3.1597266666666664,3.1597266666666664,0.0
round2_E4_pipelined,256,B1,eft_old,heldout_gpqa_b8_l2_s11,5.220641333333333,5.220641333333333,0.0
round2_E4_pipelined,256,B1,eft_old,heldout_gpqa_b16_l2_s11,6.869590666666666,6.869590666666666,0.0
round2_E4_pipelined,256,B1,eft_old,heldout_gpqa_b2_l13_s3,1.7858813333333332,1.7858813333333332,0.0
round2_E4_pipelined,256,B1,eft_old,heldout_gpqa_b4_l13_s3,2.6102906666666663,2.6102906666666663,0.0
round2_E4_pipelined,256,B1,eft_old,heldout_gpqa_b8_l13_s3,3.846885333333333,3.846885333333333,0.0
round2_E4_pipelined,256,B1,eft_old,heldout_gpqa_b16_l13_s3,4.396798666666666,4.396798666666666,0.0
round2_E4_pipelined,256,B1,eft_old,heldout_gpqa_b2_l13_s7,1.7858813333333332,1.7858813333333332,0.0
round2_E4_pipelined,256,B1,eft_old,heldout_gpqa_b4_l13_s7,3.1597266666666664,3.1597266666666664,0.0
round2_E4_pipelined,256,B1,eft_old,heldout_gpqa_b8_l13_s7,4.808489333333333,4.808489333333333,0.0
round2_E4_pipelined,256,B1,eft_old,heldout_gpqa_b16_l13_s7,6.045250666666666,6.045250666666666,0.0
round2_E4_pipelined,256,B1,eft_old,heldout_gpqa_b2_l13_s11,1.2363773333333332,1.2363773333333332,0.0
round2_E4_pipelined,256,B1,eft_old,heldout_gpqa_b4_l13_s11,3.2971346666666665,3.2971346666666665,0.0
round2_E4_pipelined,256,B1,eft_old,heldout_gpqa_b8_l13_s11,4.121573333333333,4.121573333333333,0.0
round2_E4_pipelined,256,B1,eft_old,heldout_gpqa_b16_l13_s11,6.182598666666666,6.182598666666666,0.0
round2_E4_pipelined,256,B1,eft_old,heldout_gpqa_b2_l26_s3,1.9232893333333332,1.9232893333333332,0.0
round2_E4_pipelined,256,B1,eft_old,heldout_gpqa_b4_l26_s3,2.3355466666666667,2.3355466666666667,0.0
round2_E4_pipelined,256,B1,eft_old,heldout_gpqa_b8_l26_s3,3.434793333333333,3.434793333333333,0.0
round2_E4_pipelined,256,B1,eft_old,heldout_gpqa_b16_l26_s3,4.671414666666666,4.671414666666666,0.0
round2_E4_pipelined,256,B1,eft_old,heldout_gpqa_b2_l26_s7,1.9232893333333332,1.9232893333333332,0.0
round2_E4_pipelined,256,B1,eft_old,heldout_gpqa_b4_l26_s7,3.1597266666666664,3.1597266666666664,0.0
round2_E4_pipelined,256,B1,eft_old,heldout_gpqa_b8_l26_s7,4.671209333333333,4.671209333333333,0.0
round2_E4_pipelined,256,B1,eft_old,heldout_gpqa_b16_l26_s7,6.3199266666666665,6.3199266666666665,0.0
round2_E4_pipelined,256,B1,eft_old,heldout_gpqa_b2_l26_s11,1.7858813333333332,1.7858813333333332,0.0
round2_E4_pipelined,256,B1,eft_old,heldout_gpqa_b4_l26_s11,3.4344786666666667,3.4344786666666667,0.0
round2_E4_pipelined,256,B1,eft_old,heldout_gpqa_b8_l26_s11,4.671213333333333,4.671213333333333,0.0
round2_E4_pipelined,256,B1,eft_old,heldout_gpqa_b16_l26_s11,6.869442666666666,6.869442666666666,0.0
round2_E4_pipelined,256,B1,eft_old,heldout_swe_b2_l2_s3,1.7858813333333332,1.7858813333333332,0.0
round2_E4_pipelined,256,B1,eft_old,heldout_swe_b4_l2_s3,2.0607906666666667,2.0607906666666667,0.0
round2_E4_pipelined,256,B1,eft_old,heldout_swe_b8_l2_s3,2.335717333333333,2.335717333333333,0.0
round2_E4_pipelined,256,B1,eft_old,heldout_swe_b16_l2_s3,2.7482266666666666,2.7482266666666666,0.0
round2_E4_pipelined,256,B1,eft_old,heldout_swe_b2_l2_s7,1.7858813333333332,1.7858813333333332,0.0
round2_E4_pipelined,256,B1,eft_old,heldout_swe_b4_l2_s7,2.3354746666666664,2.3354746666666664,0.0
round2_E4_pipelined,256,B1,eft_old,heldout_swe_b8_l2_s7,2.473129333333333,2.473129333333333,0.0
round2_E4_pipelined,256,B1,eft_old,heldout_swe_b16_l2_s7,3.0230426666666665,3.0230426666666665,0.0
round2_E4_pipelined,256,B1,eft_old,heldout_swe_b2_l2_s11,1.7858813333333332,1.7858813333333332,0.0
round2_E4_pipelined,256,B1,eft_old,heldout_swe_b4_l2_s11,2.8849786666666666,2.8849786666666666,0.0
round2_E4_pipelined,256,B1,eft_old,heldout_swe_b8_l2_s11,2.6103973333333332,2.6103973333333332,0.0
round2_E4_pipelined,256,B1,eft_old,heldout_swe_b16_l2_s11,3.8472306666666665,3.8472306666666665,0.0
round2_E4_pipelined,256,B1,eft_old,heldout_swe_b2_l13_s3,1.9232893333333332,1.9232893333333332,0.0
round2_E4_pipelined,256,B1,eft_old,heldout_swe_b4_l13_s3,2.6102946666666664,2.6102946666666664,0.0
round2_E4_pipelined,256,B1,eft_old,heldout_swe_b8_l13_s3,2.747953333333333,2.747953333333333,0.0
round2_E4_pipelined,256,B1,eft_old,heldout_swe_b16_l13_s3,2.8857026666666665,2.8857026666666665,0.0
round2_E4_pipelined,256,B1,eft_old,heldout_swe_b2_l13_s7,1.9232893333333332,1.9232893333333332,0.0
round2_E4_pipelined,256,B1,eft_old,heldout_swe_b4_l13_s7,2.8849746666666665,2.8849746666666665,0.0
round2_E4_pipelined,256,B1,eft_old,heldout_swe_b8_l13_s7,2.885297333333333,2.885297333333333,0.0
round2_E4_pipelined,256,B1,eft_old,heldout_swe_b16_l13_s7,3.0229146666666664,3.0229146666666664,0.0
round2_E4_pipelined,256,B1,eft_old,heldout_swe_b2_l13_s11,1.6485373333333333,1.6485373333333333,0.0
round2_E4_pipelined,256,B1,eft_old,heldout_swe_b4_l13_s11,3.0223826666666667,3.0223826666666667,0.0
round2_E4_pipelined,256,B1,eft_old,heldout_swe_b8_l13_s11,2.610461333333333,2.610461333333333,0.0
round2_E4_pipelined,256,B1,eft_old,heldout_swe_b16_l13_s11,3.8472306666666665,3.8472306666666665,0.0
round2_E4_pipelined,256,B1,eft_old,heldout_swe_b2_l26_s3,1.6485373333333333,1.6485373333333333,0.0
round2_E4_pipelined,256,B1,eft_old,heldout_swe_b4_l26_s3,2.6102226666666666,2.6102226666666666,0.0
round2_E4_pipelined,256,B1,eft_old,heldout_swe_b8_l26_s3,3.159897333333333,3.159897333333333,0.0
round2_E4_pipelined,256,B1,eft_old,heldout_swe_b16_l26_s3,3.8472386666666667,3.8472386666666667,0.0
round2_E4_pipelined,256,B1,eft_old,heldout_swe_b2_l26_s7,1.9232893333333332,1.9232893333333332,0.0
round2_E4_pipelined,256,B1,eft_old,heldout_swe_b4_l26_s7,2.4728786666666664,2.4728786666666664,0.0
round2_E4_pipelined,256,B1,eft_old,heldout_swe_b8_l26_s7,3.022637333333333,3.022637333333333,0.0
round2_E4_pipelined,256,B1,eft_old,heldout_swe_b16_l26_s7,3.1603146666666664,3.1603146666666664,0.0
round2_E4_pipelined,256,B1,eft_old,heldout_swe_b2_l26_s11,1.9232893333333332,1.9232893333333332,0.0
round2_E4_pipelined,256,B1,eft_old,heldout_swe_b4_l26_s11,3.4344786666666667,3.4344786666666667,0.0
round2_E4_pipelined,256,B1,eft_old,heldout_swe_b8_l26_s11,2.610393333333333,2.610393333333333,0.0
round2_E4_pipelined,256,B1,eft_old,heldout_swe_b16_l26_s11,4.121918666666667,4.121918666666667,0.0
round2_E4_pipelined,256,B1,eft_old,v3_captured_mixed_heldout_bfcl_t64_l2,8.759917,8.759917,0.0
round2_E4_pipelined,256,B1,eft_old,v3_captured_mixed_heldout_bfcl_t96_l2,9.191893,9.191893,0.0
round2_E4_pipelined,256,B1,eft_old,v3_captured_mixed_heldout_bfcl_t128_l2,9.536172999999998,9.536172999999998,0.0
round2_E4_pipelined,256,B1,eft_old,v3_captured_mixed_heldout_bfcl_t64_l13,8.072852,8.072852,0.0
round2_E4_pipelined,256,B1,eft_old,v3_captured_mixed_heldout_bfcl_t96_l13,9.07362440177881,9.07362440177881,0.0
round2_E4_pipelined,256,B1,eft_old,v3_captured_mixed_heldout_bfcl_t128_l13,9.325074882641083,9.325074882641083,0.0
round2_E4_pipelined,256,B1,eft_old,v3_captured_mixed_heldout_bfcl_t64_l26,8.622424,8.622424,0.0
round2_E4_pipelined,256,B1,eft_old,v3_captured_mixed_heldout_bfcl_t96_l26,9.329292,9.329292,0.0
round2_E4_pipelined,256,B1,eft_old,v3_captured_mixed_heldout_bfcl_t128_l26,9.542492662303664,9.542492662303664,0.0
round2_E4_pipelined,256,B1,eft_old,v3_captured_mixed_heldout_gpqa_t64_l2,9.034525,9.034525,0.0
round2_E4_pipelined,256,B1,eft_old,v3_captured_mixed_heldout_gpqa_t96_l2,9.466565,9.466565,0.0
round2_E4_pipelined,256,B1,eft_old,v3_captured_mixed_heldout_gpqa_t128_l2,9.536160999999998,9.536160999999998,0.0
round2_E4_pipelined,256,B1,eft_old,v3_captured_mixed_heldout_gpqa_t64_l13,8.07292,8.07292,0.0
round2_E4_pipelined,256,B1,eft_old,v3_captured_mixed_heldout_gpqa_t96_l13,8.779716,8.779716,0.0
round2_E4_pipelined,256,B1,eft_old,v3_captured_mixed_heldout_gpqa_t128_l13,8.986587999999998,8.986587999999998,0.0
round2_E4_pipelined,256,B1,eft_old,v3_captured_mixed_heldout_gpqa_t64_l26,9.034517,9.034517,0.0
round2_E4_pipelined,256,B1,eft_old,v3_captured_mixed_heldout_gpqa_t96_l26,9.466557,9.466557,0.0
round2_E4_pipelined,256,B1,eft_old,v3_captured_mixed_heldout_gpqa_t128_l26,9.536159999999999,9.536159999999999,0.0
round2_E4_pipelined,256,B1,eft_old,v3_captured_mixed_heldout_swe_t64_l2,8.897321,8.897321,0.0
round2_E4_pipelined,256,B1,eft_old,v3_captured_mixed_heldout_swe_t96_l2,9.329232999999999,9.329232999999999,0.0
round2_E4_pipelined,256,B1,eft_old,v3_captured_mixed_heldout_swe_t128_l2,9.536167999999998,9.536167999999998,0.0
round2_E4_pipelined,256,B1,eft_old,v3_captured_mixed_heldout_swe_t64_l13,7.523488999999999,7.523488999999999,0.0
round2_E4_pipelined,256,B1,eft_old,v3_captured_mixed_heldout_swe_t96_l13,8.64263564206128,8.64263564206128,0.0
round2_E4_pipelined,256,B1,eft_old,v3_captured_mixed_heldout_swe_t128_l13,9.271791456426415,9.271791456426415,0.0
round2_E4_pipelined,256,B1,eft_old,v3_captured_mixed_heldout_swe_t64_l26,8.484944,8.484944,0.0
round2_E4_pipelined,256,B1,eft_old,v3_captured_mixed_heldout_swe_t96_l26,8.916988,8.916988,0.0
round2_E4_pipelined,256,B1,eft_old,v3_captured_mixed_heldout_swe_t128_l26,9.536087999999998,9.536087999999998,0.0
round2_E4_port_tight,256,B1,eft_old,heldout_bfcl_b2_l2_s3,5.394301120438958,5.394301120438958,0.0
round2_E4_port_tight,256,B1,eft_old,heldout_bfcl_b4_l2_s3,7.706215594269161,7.706215594269161,0.0
round2_E4_port_tight,256,B1,eft_old,heldout_bfcl_b8_l2_s3,10.40372151769547,10.40372151769547,0.0
round2_E4_port_tight,256,B1,eft_old,heldout_bfcl_b16_l2_s3,13.871810211522634,13.871810211522634,0.0
round2_E4_port_tight,256,B1,eft_old,heldout_bfcl_b2_l2_s7,5.394301120438958,5.394301120438958,0.0
round2_E4_port_tight,256,B1,eft_old,heldout_bfcl_b4_l2_s7,8.476734012267777,8.476734012267777,0.0
round2_E4_port_tight,256,B1,eft_old,heldout_bfcl_b8_l2_s7,11.559577260935827,11.559577260935827,0.0
round2_E4_port_tight,256,B1,eft_old,heldout_bfcl_b16_l2_s7,17.33953960813901,17.33953960813901,0.0
round2_E4_port_tight,256,B1,eft_old,heldout_bfcl_b2_l2_s11,3.853117654320989,3.853117654320989,0.0
round2_E4_port_tight,256,B1,eft_old,heldout_bfcl_b4_l2_s11,8.476734012267777,8.476734012267777,0.0
round2_E4_port_tight,256,B1,eft_old,heldout_bfcl_b8_l2_s11,11.944715632393432,11.944715632393432,0.0
round2_E4_port_tight,256,B1,eft_old,heldout_bfcl_b16_l2_s11,19.651662672885248,19.651662672885248,0.0
round2_E4_port_tight,256,B1,eft_old,heldout_bfcl_b2_l13_s3,4.62371081399177,4.62371081399177,0.0
round2_E4_port_tight,256,B1,eft_old,heldout_bfcl_b4_l13_s3,9.247319612267773,9.247319612267773,0.0
round2_E4_port_tight,256,B1,eft_old,heldout_bfcl_b8_l13_s3,11.174228369181522,11.174228369181522,0.0
round2_E4_port_tight,256,B1,eft_old,heldout_bfcl_b16_l13_s3,15.412877319006245,15.412877319006245,0.0
round2_E4_port_tight,256,B1,eft_old,heldout_bfcl_b2_l13_s7,5.394301120438958,5.394301120438958,0.0
round2_E4_port_tight,256,B1,eft_old,heldout_bfcl_b4_l13_s7,8.476734012267777,8.476734012267777,0.0
round2_E4_port_tight,256,B1,eft_old,heldout_bfcl_b8_l13_s7,12.330260446364882,12.330260446364882,0.0
round2_E4_port_tight,256,B1,eft_old,heldout_bfcl_b16_l13_s7,15.412807332706738,15.412807332706738,0.0
round2_E4_port_tight,256,B1,eft_old,heldout_bfcl_b2_l13_s11,3.4678130148148165,3.4678130148148165,0.0
round2_E4_port_tight,256,B1,eft_old,heldout_bfcl_b4_l13_s11,8.09144108506833,8.09144108506833,0.0
round2_E4_port_tight,256,B1,eft_old,heldout_bfcl_b8_l13_s11,10.403658224142657,10.403658224142657,0.0
round2_E4_port_tight,256,B1,eft_old,heldout_bfcl_b16_l13_s11,18.11017935420415,18.11017935420415,0.0
round2_E4_port_tight,256,B1,eft_old,heldout_bfcl_b2_l26_s3,5.00900361399177,5.00900361399177,0.0
round2_E4_port_tight,256,B1,eft_old,heldout_bfcl_b4_l26_s3,9.247319612267773,9.247319612267773,0.0
round2_E4_port_tight,256,B1,eft_old,heldout_bfcl_b8_l26_s3,11.944968228440787,11.944968228440787,0.0
round2_E4_port_tight,256,B1,eft_old,heldout_bfcl_b16_l26_s3,17.72506967654322,17.72506967654322,0.0
round2_E4_port_tight,256,B1,eft_old,heldout_bfcl_b2_l26_s7,4.62371081399177,4.62371081399177,0.0
round2_E4_port_tight,256,B1,eft_old,heldout_bfcl_b4_l26_s7,9.247319612267773,9.247319612267773,0.0
round2_E4_port_tight,256,B1,eft_old,heldout_bfcl_b8_l26_s7,13.10085110946502,13.10085110946502,0.0
round2_E4_port_tight,256,B1,eft_old,heldout_bfcl_b16_l26_s7,16.183870305380278,16.183870305380278,0.0
round2_E4_port_tight,256,B1,eft_old,heldout_bfcl_b2_l26_s11,3.853117654320989,3.853117654320989,0.0
round2_E4_port_tight,256,B1,eft_old,heldout_bfcl_b4_l26_s11,8.476734012267777,8.476734012267777,0.0
round2_E4_port_tight,256,B1,eft_old,heldout_bfcl_b8_l26_s11,12.715301232393431,12.715301232393431,0.0
round2_E4_port_tight,256,B1,eft_old,heldout_bfcl_b16_l26_s11,18.495831196982184,18.495831196982184,0.0
round2_E4_port_tight,256,B1,eft_old,heldout_gpqa_b2_l2_s3,5.00900361399177,5.00900361399177,0.0
round2_E4_port_tight,256,B1,eft_old,heldout_gpqa_b4_l2_s3,6.935850103703701,6.935850103703701,0.0
round2_E4_port_tight,256,B1,eft_old,heldout_gpqa_b8_l2_s3,8.8623333469593,8.8623333469593,0.0
round2_E4_port_tight,256,B1,eft_old,heldout_gpqa_b16_l2_s3,10.789178240877913,10.789178240877913,0.0
round2_E4_port_tight,256,B1,eft_old,heldout_gpqa_b2_l2_s7,5.394301120438958,5.394301120438958,0.0
round2_E4_port_tight,256,B1,eft_old,heldout_gpqa_b4_l2_s7,9.247319612267773,9.247319612267773,0.0
round2_E4_port_tight,256,B1,eft_old,heldout_gpqa_b8_l2_s7,13.100962372839504,13.100962372839504,0.0
round2_E4_port_tight,256,B1,eft_old,heldout_gpqa_b16_l2_s7,18.11041596213993,18.11041596213993,0.0
round2_E4_port_tight,256,B1,eft_old,heldout_gpqa_b2_l2_s11,4.238410454320989,4.238410454320989,0.0
round2_E4_port_tight,256,B1,eft_old,heldout_gpqa_b4_l2_s11,8.862026812267775,8.862026812267775,0.0
round2_E4_port_tight,256,B1,eft_old,heldout_gpqa_b8_l2_s11,14.641884182638151,14.641884182638151,0.0
round2_E4_port_tight,256,B1,eft_old,heldout_gpqa_b16_l2_s11,19.26651280658438,19.26651280658438,0.0
round2_E4_port_tight,256,B1,eft_old,heldout_gpqa_b2_l13_s3,5.00900361399177,5.00900361399177,0.0
round2_E4_port_tight,256,B1,eft_old,heldout_gpqa_b4_l13_s3,7.320963591403748,7.320963591403748,0.0
round2_E4_port_tight,256,B1,eft_old,heldout_gpqa_b8_l13_s3,10.789018013625968,10.789018013625968,0.0
round2_E4_port_tight,256,B1,eft_old,heldout_gpqa_b16_l13_s3,12.330711686419754,12.330711686419754,0.0
round2_E4_port_tight,256,B1,eft_old,heldout_gpqa_b2_l13_s7,5.00900361399177,5.00900361399177,0.0
round2_E4_port_tight,256,B1,eft_old,heldout_gpqa_b4_l13_s7,8.862026812267775,8.862026812267775,0.0
round2_E4_port_tight,256,B1,eft_old,heldout_gpqa_b8_l13_s7,13.486151267946955,13.486151267946955,0.0
round2_E4_port_tight,256,B1,eft_old,heldout_gpqa_b16_l13_s7,16.954338504526753,16.954338504526753,0.0
round2_E4_port_tight,256,B1,eft_old,heldout_gpqa_b2_l13_s11,3.4678130148148165,3.4678130148148165,0.0
round2_E4_port_tight,256,B1,eft_old,heldout_gpqa_b4_l13_s11,9.247319612267773,9.247319612267773,0.0
round2_E4_port_tight,256,B1,eft_old,heldout_gpqa_b8_l13_s11,11.559577260935832,11.559577260935832,0.0
round2_E4_port_tight,256,B1,eft_old,heldout_gpqa_b16_l13_s11,17.33964280414571,17.33964280414571,0.0
round2_E4_port_tight,256,B1,eft_old,heldout_gpqa_b2_l26_s3,5.394301120438958,5.394301120438958,0.0
round2_E4_port_tight,256,B1,eft_old,heldout_gpqa_b4_l26_s3,6.550514970370369,6.550514970370369,0.0
round2_E4_port_tight,256,B1,eft_old,heldout_gpqa_b8_l26_s3,9.633200102880656,9.633200102880656,0.0
round2_E4_port_tight,256,B1,eft_old,heldout_gpqa_b16_l26_s3,13.101007381374785,13.101007381374785,0.0
round2_E4_port_tight,256,B1,eft_old,heldout_gpqa_b2_l26_s7,5.394301120438958,5.394301120438958,0.0
round2_E4_port_tight,256,B1,eft_old,heldout_gpqa_b4_l26_s7,8.862026812267775,8.862026812267775,0.0
round2_E4_port_tight,256,B1,eft_old,heldout_gpqa_b8_l26_s7,13.100979562139917,13.100979562139917,0.0
round2_E4_port_tight,256,B1,eft_old,heldout_gpqa_b16_l26_s7,17.7245217993734,17.7245217993734,0.0
round2_E4_port_tight,256,B1,eft_old,heldout_gpqa_b2_l26_s11,5.00900361399177,5.00900361399177,0.0
round2_E4_port_tight,256,B1,eft_old,heldout_gpqa_b4_l26_s11,9.632612412267774,9.632612412267774,0.0
round2_E4_port_tight,256,B1,eft_old,heldout_gpqa_b8_l26_s11,13.100965996982168,13.100965996982168,0.0
round2_E4_port_tight,256,B1,eft_old,heldout_gpqa_b16_l26_s11,19.26606932952295,19.26606932952295,0.0
round2_E4_port_tight,256,B1,eft_old,heldout_swe_b2_l2_s3,5.00900361399177,5.00900361399177,0.0
round2_E4_port_tight,256,B1,eft_old,heldout_swe_b4_l2_s3,5.7798613703703685,5.7798613703703685,0.0
round2_E4_port_tight,256,B1,eft_old,heldout_swe_b8_l2_s3,6.550685637037035,6.550685637037035,0.0
round2_E4_port_tight,256,B1,eft_old,heldout_swe_b16_l2_s3,7.707055814814813,7.707055814814813,0.0
round2_E4_port_tight,256,B1,eft_old,heldout_swe_b2_l2_s7,5.00900361399177,5.00900361399177,0.0
round2_E4_port_tight,256,B1,eft_old,heldout_swe_b4_l2_s7,6.550390809876539,6.550390809876539,0.0
round2_E4_port_tight,256,B1,eft_old,heldout_swe_b8_l2_s7,6.936084955555551,6.936084955555551,0.0
round2_E4_port_tight,256,B1,eft_old,heldout_swe_b16_l2_s7,8.4776570691358,8.4776570691358,0.0
round2_E4_port_tight,256,B1,eft_old,heldout_swe_b2_l2_s11,5.00900361399177,5.00900361399177,0.0
round2_E4_port_tight,256,B1,eft_old,heldout_swe_b4_l2_s11,8.091574275994509,8.091574275994509,0.0
round2_E4_port_tight,256,B1,eft_old,heldout_swe_b8_l2_s11,7.3211314537722885,7.3211314537722885,0.0
round2_E4_port_tight,256,B1,eft_old,heldout_swe_b16_l2_s11,10.789434350617281,10.789434350617281,0.0
round2_E4_port_tight,256,B1,eft_old,heldout_swe_b2_l13_s3,5.394301120438958,5.394301120438958,0.0
round2_E4_port_tight,256,B1,eft_old,heldout_swe_b4_l13_s3,7.321086743209873,7.321086743209873,0.0
round2_E4_port_tight,256,B1,eft_old,heldout_swe_b8_l13_s3,7.706792111111108,7.706792111111108,0.0
round2_E4_port_tight,256,B1,eft_old,heldout_swe_b16_l13_s3,8.0924445037037,8.0924445037037,0.0
round2_E4_port_tight,256,B1,eft_old,heldout_swe_b2_l13_s7,5.394301120438958,5.394301120438958,0.0
round2_E4_port_tight,256,B1,eft_old,heldout_swe_b4_l13_s7,8.09144108506833,8.09144108506833,0.0
round2_E4_port_tight,256,B1,eft_old,heldout_swe_b8_l13_s7,8.092084911111106,8.092084911111106,0.0
round2_E4_port_tight,256,B1,eft_old,heldout_swe_b16_l13_s7,8.477651044444439,8.477651044444439,0.0
round2_E4_port_tight,256,B1,eft_old,heldout_swe_b2_l13_s11,4.62371081399177,4.62371081399177,0.0
round2_E4_port_tight,256,B1,eft_old,heldout_swe_b4_l13_s11,8.476734012267777,8.476734012267777,0.0
round2_E4_port_tight,256,B1,eft_old,heldout_swe_b8_l13_s11,7.321093460935832,7.321093460935832,0.0
round2_E4_port_tight,256,B1,eft_old,heldout_swe_b16_l13_s11,10.789410098216733,10.789410098216733,0.0
round2_E4_port_tight,256,B1,eft_old,heldout_swe_b2_l26_s3,4.62371081399177,4.62371081399177,0.0
round2_E4_port_tight,256,B1,eft_old,heldout_swe_b4_l26_s3,7.320854794269165,7.320854794269165,0.0
round2_E4_port_tight,256,B1,eft_old,heldout_swe_b8_l26_s3,8.862197478934442,8.862197478934442,0.0
round2_E4_port_tight,256,B1,eft_old,heldout_swe_b16_l26_s3,10.789513502880652,10.789513502880652,0.0
round2_E4_port_tight,256,B1,eft_old,heldout_swe_b2_l26_s7,5.394301120438958,5.394301120438958,0.0
round2_E4_port_tight,256,B1,eft_old,heldout_swe_b4_l26_s7,6.9355619942691655,6.9355619942691655,0.0
round2_E4_port_tight,256,B1,eft_old,heldout_swe_b8_l26_s7,8.477311920987653,8.477311920987653,0.0
round2_E4_port_tight,256,B1,eft_old,heldout_swe_b16_l26_s7,8.862845502880655,8.862845502880655,0.0
round2_E4_port_tight,256,B1,eft_old,heldout_swe_b2_l26_s11,5.394301120438958,5.394301120438958,0.0
round2_E4_port_tight,256,B1,eft_old,heldout_swe_b4_l26_s11,9.632612412267774,9.632612412267774,0.0
round2_E4_port_tight,256,B1,eft_old,heldout_swe_b8_l26_s11,7.321025460935832,7.321025460935832,0.0
round2_E4_port_tight,256,B1,eft_old,heldout_swe_b16_l26_s11,11.560044024691358,11.560044024691358,0.0
round2_E4_port_tight,256,B1,eft_old,v3_captured_mixed_heldout_bfcl_t64_l2,24.27745098136465,24.27745098136465,0.0
round2_E4_port_tight,256,B1,eft_old,v3_captured_mixed_heldout_bfcl_t96_l2,25.434452785215704,25.434452785215704,0.0
round2_E4_port_tight,256,B1,eft_old,v3_captured_mixed_heldout_bfcl_t128_l2,26.20622214744707,26.20622214744707,0.0
round2_E4_port_tight,256,B1,eft_old,v3_captured_mixed_heldout_bfcl_t64_l13,22.350415761513325,22.350415761513325,0.0
round2_E4_port_tight,256,B1,eft_old,v3_captured_mixed_heldout_bfcl_t96_l13,25.04884028058056,25.04884028058056,0.0
round2_E4_port_tight,256,B1,eft_old,v3_captured_mixed_heldout_bfcl_t128_l13,25.435522639997313,25.435522639997313,0.0
round2_E4_port_tight,256,B1,eft_old,v3_captured_mixed_heldout_bfcl_t64_l26,23.8917503999289,23.8917503999289,0.0
round2_E4_port_tight,256,B1,eft_old,v3_captured_mixed_heldout_bfcl_t96_l26,25.819516432020876,25.819516432020876,0.0
round2_E4_port_tight,256,B1,eft_old,v3_captured_mixed_heldout_bfcl_t128_l26,26.20600402700472,26.20600402700472,0.0
round2_E4_port_tight,256,B1,eft_old,v3_captured_mixed_heldout_gpqa_t64_l2,25.04772139626415,25.04772139626415,0.0
round2_E4_port_tight,256,B1,eft_old,v3_captured_mixed_heldout_gpqa_t96_l2,26.204528507741042,26.204528507741042,0.0
round2_E4_port_tight,256,B1,eft_old,v3_captured_mixed_heldout_gpqa_t128_l2,26.205859684441748,26.205859684441748,0.0
round2_E4_port_tight,256,B1,eft_old,v3_captured_mixed_heldout_gpqa_t64_l13,22.350564651773965,22.350564651773965,0.0
round2_E4_port_tight,256,B1,eft_old,v3_captured_mixed_heldout_gpqa_t96_l13,24.278085394191294,24.278085394191294,0.0
round2_E4_port_tight,256,B1,eft_old,v3_captured_mixed_heldout_gpqa_t128_l13,24.66450720653697,24.66450720653697,0.0
round2_E4_port_tight,256,B1,eft_old,v3_captured_mixed_heldout_gpqa_t64_l26,25.04746964134874,25.04746964134874,0.0
round2_E4_port_tight,256,B1,eft_old,v3_captured_mixed_heldout_gpqa_t96_l26,26.204313891202247,26.204313891202247,0.0
round2_E4_port_tight,256,B1,eft_old,v3_captured_mixed_heldout_gpqa_t128_l26,26.205859684441762,26.205859684441762,0.0
round2_E4_port_tight,256,B1,eft_old,v3_captured_mixed_heldout_swe_t64_l2,24.662629791966026,24.662629791966026,0.0
round2_E4_port_tight,256,B1,eft_old,v3_captured_mixed_heldout_swe_t96_l2,25.819594628180013,25.819594628180013,0.0
round2_E4_port_tight,256,B1,eft_old,v3_captured_mixed_heldout_swe_t128_l2,26.20612861275553,26.20612861275553,0.0
round2_E4_port_tight,256,B1,eft_old,v3_captured_mixed_heldout_swe_t64_l13,20.809420641074375,20.809420641074375,0.0
round2_E4_port_tight,256,B1,eft_old,v3_captured_mixed_heldout_swe_t96_l13,23.89303956682418,23.89303956682418,0.0
round2_E4_port_tight,256,B1,eft_old,v3_captured_mixed_heldout_swe_t128_l13,25.435425534627193,25.435425534627193,0.0
round2_E4_port_tight,256,B1,eft_old,v3_captured_mixed_heldout_swe_t64_l26,23.506077291202246,23.506077291202246,0.0
round2_E4_port_tight,256,B1,eft_old,v3_captured_mixed_heldout_swe_t96_l26,24.66314269120224,24.66314269120224,0.0
round2_E4_port_tight,256,B1,eft_old,v3_captured_mixed_heldout_swe_t128_l26,26.205493478934475,26.205493478934475,0.0
round2_E4_pipelined,256,B2,eft_old,heldout_bfcl_b2_l2_s3,1.9224013128579167,1.9224013128579167,0.0
round2_E4_pipelined,256,B2,eft_old,heldout_bfcl_b4_l2_s3,2.883736871549485,2.883736871549485,0.0
round2_E4_pipelined,256,B2,eft_old,heldout_bfcl_b8_l2_s3,4.3936850408986174,4.3936850408986174,0.0
round2_E4_pipelined,256,B2,eft_old,heldout_bfcl_b16_l2_s3,6.3160918187952495,6.3160918187952495,0.0
round2_E4_pipelined,256,B2,eft_old,heldout_bfcl_b2_l2_s7,1.9224013128579167,1.9224013128579167,0.0
round2_E4_pipelined,256,B2,eft_old,heldout_bfcl_b4_l2_s7,3.020975194877475,3.020975194877475,0.0
round2_E4_pipelined,256,B2,eft_old,heldout_bfcl_b8_l2_s7,4.668575836436144,4.668575836436144,0.0
round2_E4_pipelined,256,B2,eft_old,heldout_bfcl_b16_l2_s7,7.826502505876397,7.826502505876397,0.0
round2_E4_pipelined,256,B2,eft_old,heldout_bfcl_b2_l2_s11,1.3731570622366345,1.3731570622366345,0.0
round2_E4_pipelined,256,B2,eft_old,heldout_bfcl_b4_l2_s11,3.020975194877475,3.020975194877475,0.0
round2_E4_pipelined,256,B2,eft_old,heldout_bfcl_b8_l2_s11,4.668539910258996,4.668539910258996,0.0
round2_E4_pipelined,256,B2,eft_old,heldout_bfcl_b16_l2_s11,7.689492326487826,7.689492326487826,0.0
round2_E4_pipelined,256,B2,eft_old,heldout_bfcl_b2_l13_s3,1.6477791855634774,1.6477791855634774,0.0
round2_E4_pipelined,256,B2,eft_old,heldout_bfcl_b4_l13_s3,3.2955973418844287,3.2955973418844287,0.0
round2_E4_pipelined,256,B2,eft_old,heldout_bfcl_b8_l13_s3,4.990169439617805,4.990169439617805,0.0
round2_E4_pipelined,256,B2,eft_old,heldout_bfcl_b16_l13_s3,6.865354881190644,6.865354881190644,0.0
round2_E4_pipelined,256,B2,eft_old,heldout_bfcl_b2_l13_s7,1.9224013128579167,1.9224013128579167,0.0
round2_E4_pipelined,256,B2,eft_old,heldout_bfcl_b4_l13_s7,3.020975194877475,3.020975194877475,0.0
round2_E4_pipelined,256,B2,eft_old,heldout_bfcl_b8_l13_s7,4.668648269616334,4.668648269616334,0.0
round2_E4_pipelined,256,B2,eft_old,heldout_bfcl_b16_l13_s7,6.728134165760286,6.728134165760286,0.0
round2_E4_pipelined,256,B2,eft_old,heldout_bfcl_b2_l13_s11,1.2358796775380887,1.2358796775380887,0.0
round2_E4_pipelined,256,B2,eft_old,heldout_bfcl_b4_l13_s11,2.883697777178709,2.883697777178709,0.0
round2_E4_pipelined,256,B2,eft_old,heldout_bfcl_b8_l13_s11,4.39386545455813,4.39386545455813,0.0
round2_E4_pipelined,256,B2,eft_old,heldout_bfcl_b16_l13_s11,7.689325270137778,7.689325270137778,0.0
round2_E4_pipelined,256,B2,eft_old,heldout_bfcl_b2_l26_s3,1.7851239171127036,1.7851239171127036,0.0
round2_E4_pipelined,256,B2,eft_old,heldout_bfcl_b4_l26_s3,3.2955973418844287,3.2955973418844287,0.0
round2_E4_pipelined,256,B2,eft_old,heldout_bfcl_b8_l26_s3,4.531382327921672,4.531382327921672,0.0
round2_E4_pipelined,256,B2,eft_old,heldout_bfcl_b16_l26_s3,7.826664009333089,7.826664009333089,0.0
round2_E4_pipelined,256,B2,eft_old,heldout_bfcl_b2_l26_s7,1.6477791855634774,1.6477791855634774,0.0
round2_E4_pipelined,256,B2,eft_old,heldout_bfcl_b4_l26_s7,3.2955973418844287,3.2955973418844287,0.0
round2_E4_pipelined,256,B2,eft_old,heldout_bfcl_b8_l26_s7,5.35492322316845,5.35492322316845,0.0
round2_E4_pipelined,256,B2,eft_old,heldout_bfcl_b16_l26_s7,6.865541889531357,6.865541889531357,0.0
round2_E4_pipelined,256,B2,eft_old,heldout_bfcl_b2_l26_s11,1.3731570622366345,1.3731570622366345,0.0
round2_E4_pipelined,256,B2,eft_old,heldout_bfcl_b4_l26_s11,3.020975194877475,3.020975194877475,0.0
round2_E4_pipelined,256,B2,eft_old,heldout_bfcl_b8_l26_s11,4.668763165345295,4.668763165345295,0.0
round2_E4_pipelined,256,B2,eft_old,heldout_bfcl_b16_l26_s11,7.689388115949751,7.689388115949751,0.0
round2_E4_pipelined,256,B2,eft_old,heldout_gpqa_b2_l2_s3,1.7851239171127036,1.7851239171127036,0.0
round2_E4_pipelined,256,B2,eft_old,heldout_gpqa_b4_l2_s3,2.7461328160001397,2.7461328160001397,0.0
round2_E4_pipelined,256,B2,eft_old,heldout_gpqa_b8_l2_s3,3.844687768627352,3.844687768627352,0.0
round2_E4_pipelined,256,B2,eft_old,heldout_gpqa_b16_l2_s3,4.805990881559669,4.805990881559669,0.0
round2_E4_pipelined,256,B2,eft_old,heldout_gpqa_b2_l2_s7,1.9224013128579167,1.9224013128579167,0.0
round2_E4_pipelined,256,B2,eft_old,heldout_gpqa_b4_l2_s7,3.2955973418844287,3.2955973418844287,0.0
round2_E4_pipelined,256,B2,eft_old,heldout_gpqa_b8_l2_s7,4.943272593427577,4.943272593427577,0.0
round2_E4_pipelined,256,B2,eft_old,heldout_gpqa_b16_l2_s7,7.963804374404329,7.963804374404329,0.0
round2_E4_pipelined,256,B2,eft_old,heldout_gpqa_b2_l2_s11,1.5105017953357531,1.5105017953357531,0.0
round2_E4_pipelined,256,B2,eft_old,heldout_gpqa_b4_l2_s11,3.158319918726252,3.158319918726252,0.0
round2_E4_pipelined,256,B2,eft_old,heldout_gpqa_b8_l2_s11,5.4925242010618645,5.4925242010618645,0.0
round2_E4_pipelined,256,B2,eft_old,heldout_gpqa_b16_l2_s11,8.238482555417638,8.238482555417638,0.0
round2_E4_pipelined,256,B2,eft_old,heldout_gpqa_b2_l13_s3,1.7851239171127036,1.7851239171127036,0.0
round2_E4_pipelined,256,B2,eft_old,heldout_gpqa_b4_l13_s3,2.746244027444898,2.746244027444898,0.0
round2_E4_pipelined,256,B2,eft_old,heldout_gpqa_b8_l13_s3,4.1194141617512345,4.1194141617512345,0.0
round2_E4_pipelined,256,B2,eft_old,heldout_gpqa_b16_l13_s3,5.9041976734636,5.9041976734636,0.0
round2_E4_pipelined,256,B2,eft_old,heldout_gpqa_b2_l13_s7,1.7851239171127036,1.7851239171127036,0.0
round2_E4_pipelined,256,B2,eft_old,heldout_gpqa_b4_l13_s7,3.158319918726252,3.158319918726252,0.0
round2_E4_pipelined,256,B2,eft_old,heldout_gpqa_b8_l13_s7,5.355177905133362,5.355177905133362,0.0
round2_E4_pipelined,256,B2,eft_old,heldout_gpqa_b16_l13_s7,7.414690170783137,7.414690170783137,0.0
round2_E4_pipelined,256,B2,eft_old,heldout_gpqa_b2_l13_s11,1.2358796775380887,1.2358796775380887,0.0
round2_E4_pipelined,256,B2,eft_old,heldout_gpqa_b4_l13_s11,3.2955973418844287,3.2955973418844287,0.0
round2_E4_pipelined,256,B2,eft_old,heldout_gpqa_b8_l13_s11,4.531320630706587,4.531320630706587,0.0
round2_E4_pipelined,256,B2,eft_old,heldout_gpqa_b16_l13_s11,7.003076667207962,7.003076667207962,0.0
round2_E4_pipelined,256,B2,eft_old,heldout_gpqa_b2_l26_s3,1.9224013128579167,1.9224013128579167,0.0
round2_E4_pipelined,256,B2,eft_old,heldout_gpqa_b4_l26_s3,2.609007438785875,2.609007438785875,0.0
round2_E4_pipelined,256,B2,eft_old,heldout_gpqa_b8_l26_s3,3.8447381385821147,3.8447381385821147,0.0
round2_E4_pipelined,256,B2,eft_old,heldout_gpqa_b16_l26_s3,6.590625779829906,6.590625779829906,0.0
round2_E4_pipelined,256,B2,eft_old,heldout_gpqa_b2_l26_s7,1.9224013128579167,1.9224013128579167,0.0
round2_E4_pipelined,256,B2,eft_old,heldout_gpqa_b4_l26_s7,3.158319918726252,3.158319918726252,0.0
round2_E4_pipelined,256,B2,eft_old,heldout_gpqa_b8_l26_s7,5.217678070107329,5.217678070107329,0.0
round2_E4_pipelined,256,B2,eft_old,heldout_gpqa_b16_l26_s7,7.963604363280319,7.963604363280319,0.0
round2_E4_pipelined,256,B2,eft_old,heldout_gpqa_b2_l26_s11,1.7851239171127036,1.7851239171127036,0.0
round2_E4_pipelined,256,B2,eft_old,heldout_gpqa_b4_l26_s11,3.43294206420287,3.43294206420287,0.0
round2_E4_pipelined,256,B2,eft_old,heldout_gpqa_b8_l26_s11,5.080426236405165,5.080426236405165,0.0
round2_E4_pipelined,256,B2,eft_old,heldout_gpqa_b16_l26_s11,7.415091338355883,7.415091338355883,0.0
round2_E4_pipelined,256,B2,eft_old,heldout_swe_b2_l2_s3,1.7851239171127036,1.7851239171127036,0.0
round2_E4_pipelined,256,B2,eft_old,heldout_swe_b4_l2_s3,2.471391892227781,2.471391892227781,0.0
round2_E4_pipelined,256,B2,eft_old,heldout_swe_b8_l2_s3,3.1580879204675836,3.1580879204675836,0.0
round2_E4_pipelined,256,B2,eft_old,heldout_swe_b16_l2_s3,4.668387069504663,4.668387069504663,0.0
round2_E4_pipelined,256,B2,eft_old,heldout_swe_b2_l2_s7,1.7851239171127036,1.7851239171127036,0.0
round2_E4_pipelined,256,B2,eft_old,heldout_swe_b4_l2_s7,2.6090059725998156,2.6090059725998156,0.0
round2_E4_pipelined,256,B2,eft_old,heldout_swe_b8_l2_s7,3.1581953930709328,3.1581953930709328,0.0
round2_E4_pipelined,256,B2,eft_old,heldout_swe_b16_l2_s7,4.668522439058522,4.668522439058522,0.0
round2_E4_pipelined,256,B2,eft_old,heldout_swe_b2_l2_s11,1.7851239171127036,1.7851239171127036,0.0
round2_E4_pipelined,256,B2,eft_old,heldout_swe_b4_l2_s11,2.883697777178709,2.883697777178709,0.0
round2_E4_pipelined,256,B2,eft_old,heldout_swe_b8_l2_s11,3.0209786638180773,3.0209786638180773,0.0
round2_E4_pipelined,256,B2,eft_old,heldout_swe_b16_l2_s11,6.041314730937335,6.041314730937335,0.0
round2_E4_pipelined,256,B2,eft_old,heldout_swe_b2_l13_s3,1.9224013128579167,1.9224013128579167,0.0
round2_E4_pipelined,256,B2,eft_old,heldout_swe_b4_l13_s3,2.746243292628167,2.746243292628167,0.0
round2_E4_pipelined,256,B2,eft_old,heldout_swe_b8_l13_s3,3.4327677643777688,3.4327677643777688,0.0
round2_E4_pipelined,256,B2,eft_old,heldout_swe_b16_l13_s3,4.393874798318224,4.393874798318224,0.0
round2_E4_pipelined,256,B2,eft_old,heldout_swe_b2_l13_s7,1.9224013128579167,1.9224013128579167,0.0
round2_E4_pipelined,256,B2,eft_old,heldout_swe_b4_l13_s7,2.883697777178709,2.883697777178709,0.0
round2_E4_pipelined,256,B2,eft_old,heldout_swe_b8_l13_s7,3.8445053685942954,3.8445053685942954,0.0
round2_E4_pipelined,256,B2,eft_old,heldout_swe_b16_l13_s7,5.354900084877152,5.354900084877152,0.0
round2_E4_pipelined,256,B2,eft_old,heldout_swe_b2_l13_s11,1.6477791855634774,1.6477791855634774,0.0
round2_E4_pipelined,256,B2,eft_old,heldout_swe_b4_l13_s11,3.020975194877475,3.020975194877475,0.0
round2_E4_pipelined,256,B2,eft_old,heldout_swe_b8_l13_s11,3.295463978465428,3.295463978465428,0.0
round2_E4_pipelined,256,B2,eft_old,heldout_swe_b16_l13_s11,5.62950920115622,5.62950920115622,0.0
round2_E4_pipelined,256,B2,eft_old,heldout_swe_b2_l26_s3,1.6477791855634774,1.6477791855634774,0.0
round2_E4_pipelined,256,B2,eft_old,heldout_swe_b4_l26_s3,2.609075639568565,2.609075639568565,0.0
round2_E4_pipelined,256,B2,eft_old,heldout_swe_b8_l26_s3,4.119059466610062,4.119059466610062,0.0
round2_E4_pipelined,256,B2,eft_old,heldout_swe_b16_l26_s3,5.813987104372988,5.813987104372988,0.0
round2_E4_pipelined,256,B2,eft_old,heldout_swe_b2_l26_s7,1.9224013128579167,1.9224013128579167,0.0
round2_E4_pipelined,256,B2,eft_old,heldout_swe_b4_l26_s7,2.609013754242548,2.609013754242548,0.0
round2_E4_pipelined,256,B2,eft_old,heldout_swe_b8_l26_s7,3.5701003734714427,3.5701003734714427,0.0
round2_E4_pipelined,256,B2,eft_old,heldout_swe_b16_l26_s7,4.394114133358099,4.394114133358099,0.0
round2_E4_pipelined,256,B2,eft_old,heldout_swe_b2_l26_s11,1.9224013128579167,1.9224013128579167,0.0
round2_E4_pipelined,256,B2,eft_old,heldout_swe_b4_l26_s11,3.43294206420287,3.43294206420287,0.0
round2_E4_pipelined,256,B2,eft_old,heldout_swe_b8_l26_s11,3.1582095429423998,3.1582095429423998,0.0
round2_E4_pipelined,256,B2,eft_old,heldout_swe_b16_l26_s11,5.355167414210191,5.355167414210191,0.0
round2_E4_pipelined,256,B2,eft_old,v3_captured_mixed_heldout_bfcl_t64_l2,22.61176024466476,22.61176024466476,0.0
round2_E4_pipelined,256,B2,eft_old,v3_captured_mixed_heldout_bfcl_t96_l2,27.46106422721445,27.46106422721445,0.0
round2_E4_pipelined,256,B2,eft_old,v3_captured_mixed_heldout_bfcl_t128_l2,16.754427959493476,16.754427959493476,0.0
round2_E4_pipelined,256,B2,eft_old,v3_captured_mixed_heldout_bfcl_t64_l13,13.457124361975913,13.457124361975913,0.0
round2_E4_pipelined,256,B2,eft_old,v3_captured_mixed_heldout_bfcl_t96_l13,15.10552943674572,15.10552943674572,0.0
round2_E4_pipelined,256,B2,eft_old,v3_captured_mixed_heldout_bfcl_t128_l13,16.426271784300457,16.426271784300457,0.0
round2_E4_pipelined,256,B2,eft_old,v3_captured_mixed_heldout_bfcl_t64_l26,14.829667755450341,14.829667755450341,0.0
round2_E4_pipelined,256,B2,eft_old,v3_captured_mixed_heldout_bfcl_t96_l26,17.302144548598545,17.302144548598545,0.0
round2_E4_pipelined,256,B2,eft_old,v3_captured_mixed_heldout_bfcl_t128_l26,16.96921560397718,16.96921560397718,0.0
round2_E4_pipelined,256,B2,eft_old,v3_captured_mixed_heldout_gpqa_t64_l2,14.280530339902773,14.280530339902773,0.0
round2_E4_pipelined,256,B2,eft_old,v3_captured_mixed_heldout_gpqa_t96_l2,27.37092639998029,27.37092639998029,0.0
round2_E4_pipelined,256,B2,eft_old,v3_captured_mixed_heldout_gpqa_t128_l2,16.531124927041592,16.531124927041592,0.0
round2_E4_pipelined,256,B2,eft_old,v3_captured_mixed_heldout_gpqa_t64_l13,20.321041441038275,20.321041441038275,0.0
round2_E4_pipelined,256,B2,eft_old,v3_captured_mixed_heldout_gpqa_t96_l13,15.255496719026475,15.255496719026475,0.0
round2_E4_pipelined,256,B2,eft_old,v3_captured_mixed_heldout_gpqa_t128_l13,32.22430614037659,32.22430614037659,0.0
round2_E4_pipelined,256,B2,eft_old,v3_captured_mixed_heldout_gpqa_t64_l26,14.006159109739437,14.006159109739437,0.0
round2_E4_pipelined,256,B2,eft_old,v3_captured_mixed_heldout_gpqa_t96_l26,15.929620863968863,15.929620863968863,0.0
round2_E4_pipelined,256,B2,eft_old,v3_captured_mixed_heldout_gpqa_t128_l26,16.85698709401346,16.85698709401346,0.0
round2_E4_pipelined,256,B2,eft_old,v3_captured_mixed_heldout_swe_t64_l2,13.636923722266891,13.636923722266891,0.0
round2_E4_pipelined,256,B2,eft_old,v3_captured_mixed_heldout_swe_t96_l2,15.517374246389316,15.517374246389316,0.0
round2_E4_pipelined,256,B2,eft_old,v3_captured_mixed_heldout_swe_t128_l2,16.822810597444963,16.822810597444963,0.0
round2_E4_pipelined,256,B2,eft_old,v3_captured_mixed_heldout_swe_t64_l13,12.036783078650918,12.036783078650918,0.0
round2_E4_pipelined,256,B2,eft_old,v3_captured_mixed_heldout_swe_t96_l13,14.694553663670488,14.694553663670488,0.0
round2_E4_pipelined,256,B2,eft_old,v3_captured_mixed_heldout_swe_t128_l13,33.550139242207,33.550139242207,0.0
round2_E4_pipelined,256,B2,eft_old,v3_captured_mixed_heldout_swe_t64_l26,13.087886837275288,13.087886837275288,0.0
round2_E4_pipelined,256,B2,eft_old,v3_captured_mixed_heldout_swe_t96_l26,27.190544494459274,27.190544494459274,0.0
round2_E4_pipelined,256,B2,eft_old,v3_captured_mixed_heldout_swe_t128_l26,17.30349340893227,17.30349340893227,0.0
round2_E4_port_tight,256,B2,eft_old,heldout_bfcl_b2_l2_s3,5.393950774074074,5.393950774074074,0.0
round2_E4_port_tight,256,B2,eft_old,heldout_bfcl_b4_l2_s3,7.705726888888888,7.705726888888888,0.0
round2_E4_port_tight,256,B2,eft_old,heldout_bfcl_b8_l2_s3,10.7880664,10.7880664,0.0
round2_E4_port_tight,256,B2,eft_old,heldout_bfcl_b16_l2_s3,13.870600855555558,13.870600855555558,0.0
round2_E4_port_tight,256,B2,eft_old,heldout_bfcl_b2_l2_s7,5.393950774074074,5.393950774074074,0.0
round2_E4_port_tight,256,B2,eft_old,heldout_bfcl_b4_l2_s7,8.476292599999995,8.476292599999995,0.0
round2_E4_port_tight,256,B2,eft_old,heldout_bfcl_b8_l2_s7,11.558716777777782,11.558716777777782,0.0
round2_E4_port_tight,256,B2,eft_old,heldout_bfcl_b16_l2_s7,17.723322225925926,17.723322225925926,0.0
round2_E4_port_tight,256,B2,eft_old,heldout_bfcl_b2_l2_s11,3.8529565000000017,3.8529565000000017,0.0
round2_E4_port_tight,256,B2,eft_old,heldout_bfcl_b4_l2_s11,8.476285377777776,8.476285377777776,0.0
round2_E4_port_tight,256,B2,eft_old,heldout_bfcl_b8_l2_s11,12.329136285185177,12.329136285185177,0.0
round2_E4_port_tight,256,B2,eft_old,heldout_bfcl_b16_l2_s11,20.034921118518525,20.034921118518525,0.0
round2_E4_port_tight,256,B2,eft_old,heldout_bfcl_b2_l13_s3,4.623410099999998,4.623410099999998,0.0
round2_E4_port_tight,256,B2,eft_old,heldout_bfcl_b4_l13_s3,9.246750027160495,9.246750027160495,0.0
round2_E4_port_tight,256,B2,eft_old,heldout_bfcl_b8_l13_s3,11.558512777777775,11.558512777777775,0.0
round2_E4_port_tight,256,B2,eft_old,heldout_bfcl_b16_l13_s3,15.411870111111114,15.411870111111114,0.0
round2_E4_port_tight,256,B2,eft_old,heldout_bfcl_b2_l13_s7,5.393950774074074,5.393950774074074,0.0
round2_E4_port_tight,256,B2,eft_old,heldout_bfcl_b4_l13_s7,8.476258507407405,8.476258507407405,0.0
round2_E4_port_tight,256,B2,eft_old,heldout_bfcl_b8_l13_s7,12.329110629035204,12.329110629035204,0.0
round2_E4_port_tight,256,B2,eft_old,heldout_bfcl_b16_l13_s7,15.411926074074074,15.411926074074074,0.0
round2_E4_port_tight,256,B2,eft_old,heldout_bfcl_b2_l13_s11,3.852752500000001,3.852752500000001,0.0
round2_E4_port_tight,256,B2,eft_old,heldout_bfcl_b4_l13_s11,8.476202544444442,8.476202544444442,0.0
round2_E4_port_tight,256,B2,eft_old,heldout_bfcl_b8_l13_s11,10.788119955555551,10.788119955555551,0.0
round2_E4_port_tight,256,B2,eft_old,heldout_bfcl_b16_l13_s11,18.493885529629623,18.493885529629623,0.0
round2_E4_port_tight,256,B2,eft_old,heldout_bfcl_b2_l26_s3,5.393863699999998,5.393863699999998,0.0
round2_E4_port_tight,256,B2,eft_old,heldout_bfcl_b4_l26_s3,9.246717806995886,9.246717806995886,0.0
round2_E4_port_tight,256,B2,eft_old,heldout_bfcl_b8_l26_s3,12.329075507407406,12.329075507407406,0.0
round2_E4_port_tight,256,B2,eft_old,heldout_bfcl_b16_l26_s3,17.723398022222227,17.723398022222227,0.0
round2_E4_port_tight,256,B2,eft_old,heldout_bfcl_b2_l26_s7,4.623456044444445,4.623456044444445,0.0
round2_E4_port_tight,256,B2,eft_old,heldout_bfcl_b4_l26_s7,9.246845311111107,9.246845311111107,0.0
round2_E4_port_tight,256,B2,eft_old,heldout_bfcl_b8_l26_s7,13.099699014814803,13.099699014814803,0.0
round2_E4_port_tight,256,B2,eft_old,heldout_bfcl_b16_l26_s7,16.182527711111106,16.182527711111106,0.0
round2_E4_port_tight,256,B2,eft_old,heldout_bfcl_b2_l26_s11,3.8529713333333335,3.8529713333333335,0.0
round2_E4_port_tight,256,B2,eft_old,heldout_bfcl_b4_l26_s11,8.476228599999999,8.476228599999999,0.0
round2_E4_port_tight,256,B2,eft_old,heldout_bfcl_b8_l26_s11,13.09971786049383,13.09971786049383,0.0
round2_E4_port_tight,256,B2,eft_old,heldout_bfcl_b16_l26_s11,18.494020727160482,18.494020727160482,0.0
round2_E4_port_tight,256,B2,eft_old,heldout_gpqa_b2_l2_s3,5.393863699999998,5.393863699999998,0.0
round2_E4_port_tight,256,B2,eft_old,heldout_gpqa_b4_l2_s3,6.935159344444445,6.935159344444445,0.0
round2_E4_port_tight,256,B2,eft_old,heldout_gpqa_b8_l2_s3,9.246820473662552,9.246820473662552,0.0
round2_E4_port_tight,256,B2,eft_old,heldout_gpqa_b16_l2_s3,10.78847573333333,10.78847573333333,0.0
round2_E4_port_tight,256,B2,eft_old,heldout_gpqa_b2_l2_s7,5.393950774074074,5.393950774074074,0.0
round2_E4_port_tight,256,B2,eft_old,heldout_gpqa_b4_l2_s7,9.246724144444446,9.246724144444446,0.0
round2_E4_port_tight,256,B2,eft_old,heldout_gpqa_b8_l2_s7,13.099850033333327,13.099850033333327,0.0
round2_E4_port_tight,256,B2,eft_old,heldout_gpqa_b16_l2_s7,18.493904788888884,18.493904788888884,0.0
round2_E4_port_tight,256,B2,eft_old,heldout_gpqa_b2_l2_s11,4.623478100000001,4.623478100000001,0.0
round2_E4_port_tight,256,B2,eft_old,heldout_gpqa_b4_l2_s11,9.246697274074078,9.246697274074078,0.0
round2_E4_port_tight,256,B2,eft_old,heldout_gpqa_b8_l2_s11,14.640822251851851,14.640822251851851,0.0
round2_E4_port_tight,256,B2,eft_old,heldout_gpqa_b16_l2_s11,19.2647425,19.2647425,0.0
round2_E4_port_tight,256,B2,eft_old,heldout_gpqa_b2_l13_s3,5.393841644444445,5.393841644444445,0.0
round2_E4_port_tight,256,B2,eft_old,heldout_gpqa_b4_l13_s3,7.705612944444442,7.705612944444442,0.0
round2_E4_port_tight,256,B2,eft_old,heldout_gpqa_b8_l13_s3,10.78814201111111,10.78814201111111,0.0
round2_E4_port_tight,256,B2,eft_old,heldout_gpqa_b16_l13_s3,12.32970367407407,12.32970367407407,0.0
round2_E4_port_tight,256,B2,eft_old,heldout_gpqa_b2_l13_s7,5.393841644444445,5.393841644444445,0.0
round2_E4_port_tight,256,B2,eft_old,heldout_gpqa_b4_l13_s7,9.246697274074075,9.246697274074075,0.0
round2_E4_port_tight,256,B2,eft_old,heldout_gpqa_b8_l13_s7,13.870186707407402,13.870186707407402,0.0
round2_E4_port_tight,256,B2,eft_old,heldout_gpqa_b16_l13_s7,16.95285804773663,16.95285804773663,0.0
round2_E4_port_tight,256,B2,eft_old,heldout_gpqa_b2_l13_s11,3.852820500000001,3.852820500000001,0.0
round2_E4_port_tight,256,B2,eft_old,heldout_gpqa_b4_l13_s11,9.246750027160491,9.246750027160491,0.0
round2_E4_port_tight,256,B2,eft_old,heldout_gpqa_b8_l13_s11,11.558694722222217,11.558694722222217,0.0
round2_E4_port_tight,256,B2,eft_old,heldout_gpqa_b16_l13_s11,17.7234850962963,17.7234850962963,0.0
round2_E4_port_tight,256,B2,eft_old,heldout_gpqa_b2_l26_s3,5.393950774074074,5.393950774074074,0.0
round2_E4_port_tight,256,B2,eft_old,heldout_gpqa_b4_l26_s3,6.935181399999999,6.935181399999999,0.0
round2_E4_port_tight,256,B2,eft_old,heldout_gpqa_b8_l26_s3,10.01748441111111,10.01748441111111,0.0
round2_E4_port_tight,256,B2,eft_old,heldout_gpqa_b16_l26_s3,13.100093514814809,13.100093514814809,0.0
round2_E4_port_tight,256,B2,eft_old,heldout_gpqa_b2_l26_s7,5.393950774074074,5.393950774074074,0.0
round2_E4_port_tight,256,B2,eft_old,heldout_gpqa_b4_l26_s7,9.24677731111111,9.24677731111111,0.0
round2_E4_port_tight,256,B2,eft_old,heldout_gpqa_b8_l26_s7,13.099779051851858,13.099779051851858,0.0
round2_E4_port_tight,256,B2,eft_old,heldout_gpqa_b16_l26_s7,17.723409071604934,17.723409071604934,0.0
round2_E4_port_tight,256,B2,eft_old,heldout_gpqa_b2_l26_s11,5.393841644444447,5.393841644444447,0.0
round2_E4_port_tight,256,B2,eft_old,heldout_gpqa_b4_l26_s11,10.017171406995885,10.017171406995885,0.0
round2_E4_port_tight,256,B2,eft_old,heldout_gpqa_b8_l26_s11,13.099700473662548,13.099700473662548,0.0
round2_E4_port_tight,256,B2,eft_old,heldout_gpqa_b16_l26_s11,19.26468933333334,19.26468933333334,0.0
round2_E4_port_tight,256,B2,eft_old,heldout_swe_b2_l2_s3,5.393863699999999,5.393863699999999,0.0
round2_E4_port_tight,256,B2,eft_old,heldout_swe_b4_l2_s3,6.164523800000001,6.164523800000001,0.0
round2_E4_port_tight,256,B2,eft_old,heldout_swe_b8_l2_s3,6.935181974074075,6.935181974074075,0.0
round2_E4_port_tight,256,B2,eft_old,heldout_swe_b16_l2_s3,7.706150827160493,7.706150827160493,0.0
round2_E4_port_tight,256,B2,eft_old,heldout_swe_b2_l2_s7,5.393841644444446,5.393841644444446,0.0
round2_E4_port_tight,256,B2,eft_old,heldout_swe_b4_l2_s7,6.935106177777778,6.935106177777778,0.0
round2_E4_port_tight,256,B2,eft_old,heldout_swe_b8_l2_s7,6.935287893827162,6.935287893827162,0.0
round2_E4_port_tight,256,B2,eft_old,heldout_swe_b16_l2_s7,8.476708206995884,8.476708206995884,0.0
round2_E4_port_tight,256,B2,eft_old,heldout_swe_b2_l2_s11,5.393863699999998,5.393863699999998,0.0
round2_E4_port_tight,256,B2,eft_old,heldout_swe_b4_l2_s11,8.47613454444444,8.47613454444444,0.0
round2_E4_port_tight,256,B2,eft_old,heldout_swe_b8_l2_s11,7.705956499999999,7.705956499999999,0.0
round2_E4_port_tight,256,B2,eft_old,heldout_swe_b16_l2_s11,10.788394173662553,10.788394173662553,0.0
round2_E4_port_tight,256,B2,eft_old,heldout_swe_b2_l13_s3,5.393950774074074,5.393950774074074,0.0
round2_E4_port_tight,256,B2,eft_old,heldout_swe_b4_l13_s3,7.705748944444446,7.705748944444446,0.0
round2_E4_port_tight,256,B2,eft_old,heldout_swe_b8_l13_s3,7.705809493827164,7.705809493827164,0.0
round2_E4_port_tight,256,B2,eft_old,heldout_swe_b16_l13_s3,8.476687674074077,8.476687674074077,0.0
round2_E4_port_tight,256,B2,eft_old,heldout_swe_b2_l13_s7,5.393950774074074,5.393950774074074,0.0
round2_E4_port_tight,256,B2,eft_old,heldout_swe_b4_l13_s7,8.476224599999998,8.476224599999998,0.0
round2_E4_port_tight,256,B2,eft_old,heldout_swe_b8_l13_s7,8.47626309382716,8.47626309382716,0.0
round2_E4_port_tight,256,B2,eft_old,heldout_swe_b16_l13_s7,8.476755674074068,8.476755674074068,0.0
round2_E4_port_tight,256,B2,eft_old,heldout_swe_b2_l13_s11,4.623410099999999,4.623410099999999,0.0
round2_E4_port_tight,256,B2,eft_old,heldout_swe_b4_l13_s11,8.476270544444443,8.476270544444443,0.0
round2_E4_port_tight,256,B2,eft_old,heldout_swe_b8_l13_s11,7.705798444444445,7.705798444444445,0.0
round2_E4_port_tight,256,B2,eft_old,heldout_swe_b16_l13_s11,10.788456474074069,10.788456474074069,0.0
round2_E4_port_tight,256,B2,eft_old,heldout_swe_b2_l26_s3,4.6234632666666675,4.6234632666666675,0.0
round2_E4_port_tight,256,B2,eft_old,heldout_swe_b4_l26_s3,7.705702999999999,7.705702999999999,0.0
round2_E4_port_tight,256,B2,eft_old,heldout_swe_b8_l26_s3,9.246852693827167,9.246852693827167,0.0
round2_E4_port_tight,256,B2,eft_old,heldout_swe_b16_l26_s3,10.788426393827159,10.788426393827159,0.0
round2_E4_port_tight,256,B2,eft_old,heldout_swe_b2_l26_s7,5.393950774074074,5.393950774074074,0.0
round2_E4_port_tight,256,B2,eft_old,heldout_swe_b4_l26_s7,6.935264233333332,6.935264233333332,0.0
round2_E4_port_tight,256,B2,eft_old,heldout_swe_b8_l26_s7,8.476429174074074,8.476429174074074,0.0
round2_E4_port_tight,256,B2,eft_old,heldout_swe_b16_l26_s7,9.247357311111111,9.247357311111111,0.0
round2_E4_port_tight,256,B2,eft_old,heldout_swe_b2_l26_s11,5.393950774074074,5.393950774074074,0.0
round2_E4_port_tight,256,B2,eft_old,heldout_swe_b4_l26_s11,10.017171406995887,10.017171406995887,0.0
round2_E4_port_tight,256,B2,eft_old,heldout_swe_b8_l26_s11,7.7058056666666666,7.7058056666666666,0.0
round2_E4_port_tight,256,B2,eft_old,heldout_swe_b16_l26_s11,11.558925938271601,11.558925938271601,0.0
round2_E4_port_tight,256,B2,eft_old,v3_captured_mixed_heldout_bfcl_t64_l2,26.20134205843625,26.20134205843625,0.0
round2_E4_port_tight,256,B2,eft_old,v3_captured_mixed_heldout_bfcl_t96_l2,28.514137604130493,28.514137604130493,0.0
round2_E4_port_tight,256,B2,eft_old,v3_captured_mixed_heldout_bfcl_t128_l2,30.82698607309657,30.82698607309657,0.0
round2_E4_port_tight,256,B2,eft_old,v3_captured_mixed_heldout_bfcl_t64_l13,24.660020836361326,24.660020836361326,0.0
round2_E4_port_tight,256,B2,eft_old,v3_captured_mixed_heldout_bfcl_t96_l13,27.743765563801254,27.743765563801254,0.0
round2_E4_port_tight,256,B2,eft_old,v3_captured_mixed_heldout_bfcl_t128_l13,30.056441124737116,30.056441124737116,0.0
round2_E4_port_tight,256,B2,eft_old,v3_captured_mixed_heldout_bfcl_t64_l26,26.201240104542013,26.201240104542013,0.0
round2_E4_port_tight,256,B2,eft_old,v3_captured_mixed_heldout_bfcl_t96_l26,28.51419470823048,28.51419470823048,0.0
round2_E4_port_tight,256,B2,eft_old,v3_captured_mixed_heldout_bfcl_t128_l26,30.826992242360866,30.826992242360866,0.0
round2_E4_port_tight,256,B2,eft_old,v3_captured_mixed_heldout_gpqa_t64_l2,26.971767753645274,26.971767753645274,0.0
round2_E4_port_tight,256,B2,eft_old,v3_captured_mixed_heldout_gpqa_t96_l2,29.284495701041468,29.284495701041468,0.0
round2_E4_port_tight,256,B2,eft_old,v3_captured_mixed_heldout_gpqa_t128_l2,30.826904234374798,30.826904234374798,0.0
round2_E4_port_tight,256,B2,eft_old,v3_captured_mixed_heldout_gpqa_t64_l13,24.6600057263115,24.6600057263115,0.0
round2_E4_port_tight,256,B2,eft_old,v3_captured_mixed_heldout_gpqa_t96_l13,26.973052967306813,26.973052967306813,0.0
round2_E4_port_tight,256,B2,eft_old,v3_captured_mixed_heldout_gpqa_t128_l13,29.28598710064013,29.28598710064013,0.0
round2_E4_port_tight,256,B2,eft_old,v3_captured_mixed_heldout_gpqa_t64_l26,26.971781689529056,26.971781689529056,0.0
round2_E4_port_tight,256,B2,eft_old,v3_captured_mixed_heldout_gpqa_t96_l26,29.28449170104149,29.28449170104149,0.0
round2_E4_port_tight,256,B2,eft_old,v3_captured_mixed_heldout_gpqa_t128_l26,30.826900234374815,30.826900234374815,0.0
round2_E4_port_tight,256,B2,eft_old,v3_captured_mixed_heldout_swe_t64_l2,26.97167965594115,26.97167965594115,0.0
round2_E4_port_tight,256,B2,eft_old,v3_captured_mixed_heldout_swe_t96_l2,28.514135947142236,28.514135947142236,0.0
round2_E4_port_tight,256,B2,eft_old,v3_captured_mixed_heldout_swe_t128_l2,30.826900234374822,30.826900234374822,0.0
round2_E4_port_tight,256,B2,eft_old,v3_captured_mixed_heldout_swe_t64_l13,23.11889916568912,23.11889916568912,0.0
round2_E4_port_tight,256,B2,eft_old,v3_captured_mixed_heldout_swe_t96_l13,26.973032741579036,26.973032741579036,0.0
round2_E4_port_tight,256,B2,eft_old,v3_captured_mixed_heldout_swe_t128_l13,30.05648734346692,30.05648734346692,0.0
round2_E4_port_tight,256,B2,eft_old,v3_captured_mixed_heldout_swe_t64_l26,25.430776606812984,25.430776606812984,0.0
round2_E4_port_tight,256,B2,eft_old,v3_captured_mixed_heldout_swe_t96_l26,27.74341695156222,27.74341695156222,0.0
round2_E4_port_tight,256,B2,eft_old,v3_captured_mixed_heldout_swe_t128_l26,30.826988242360883,30.826988242360883,0.0
round2_E4_pipelined,256,best_2+4,eft_old,heldout_bfcl_b2_l2_s3,1.9221393333333334,1.9221393333333334,0.0
round2_E4_pipelined,256,best_2+4,eft_old,heldout_bfcl_b4_l2_s3,2.7460117687074823,2.7460117687074823,0.0
round2_E4_pipelined,256,best_2+4,eft_old,heldout_bfcl_b8_l2_s3,3.7071821211210634,3.7071821211210634,0.0
round2_E4_pipelined,256,best_2+4,eft_old,heldout_bfcl_b16_l2_s3,4.943085701042115,4.943085701042115,0.0
round2_E4_pipelined,256,best_2+4,eft_old,heldout_bfcl_b2_l2_s7,1.9221393333333334,1.9221393333333334,0.0
round2_E4_pipelined,256,best_2+4,eft_old,heldout_bfcl_b4_l2_s7,3.0329127604166675,3.0329127604166675,0.0
round2_E4_pipelined,256,best_2+4,eft_old,heldout_bfcl_b8_l2_s7,4.119086103630753,4.119086103630753,0.0
round2_E4_pipelined,256,best_2+4,eft_old,heldout_bfcl_b16_l2_s7,6.178804276286226,6.178804276286226,0.0
round2_E4_pipelined,256,best_2+4,eft_old,heldout_bfcl_b2_l2_s11,1.3730193333333331,1.3730193333333331,0.0
round2_E4_pipelined,256,best_2+4,eft_old,heldout_bfcl_b4_l2_s11,3.0329127604166675,3.0329127604166675,0.0
round2_E4_pipelined,256,best_2+4,eft_old,heldout_bfcl_b8_l2_s11,4.256366134663035,4.256366134663035,0.0
round2_E4_pipelined,256,best_2+4,eft_old,heldout_bfcl_b16_l2_s11,7.002484328757154,7.002484328757154,0.0
round2_E4_pipelined,256,best_2+4,eft_old,heldout_bfcl_b2_l13_s3,1.6475793333333333,1.6475793333333333,0.0
round2_E4_pipelined,256,best_2+4,eft_old,heldout_bfcl_b4_l13_s3,3.29516573938197,3.29516573938197,0.0
round2_E4_pipelined,256,best_2+4,eft_old,heldout_bfcl_b8_l13_s3,3.981806130702492,3.981806130702492,0.0
round2_E4_pipelined,256,best_2+4,eft_old,heldout_bfcl_b16_l13_s3,5.492282678754655,5.492282678754655,0.0
round2_E4_pipelined,256,best_2+4,eft_old,heldout_bfcl_b2_l13_s7,1.9221393333333334,1.9221393333333334,0.0
round2_E4_pipelined,256,best_2+4,eft_old,heldout_bfcl_b4_l13_s7,3.0329127604166675,3.0329127604166675,0.0
round2_E4_pipelined,256,best_2+4,eft_old,heldout_bfcl_b8_l13_s7,4.393646103630752,4.393646103630752,0.0
round2_E4_pipelined,256,best_2+4,eft_old,heldout_bfcl_b16_l13_s7,5.49227068833608,5.49227068833608,0.0
round2_E4_pipelined,256,best_2+4,eft_old,heldout_bfcl_b2_l13_s11,1.2357393333333333,1.2357393333333333,0.0
round2_E4_pipelined,256,best_2+4,eft_old,heldout_bfcl_b4_l13_s11,2.883227768707483,2.883227768707483,0.0
round2_E4_pipelined,256,best_2+4,eft_old,heldout_bfcl_b8_l13_s11,3.7071821171727275,3.7071821171727275,0.0
round2_E4_pipelined,256,best_2+4,eft_old,heldout_bfcl_b16_l13_s11,6.453364346182686,6.453364346182686,0.0
round2_E4_pipelined,256,best_2+4,eft_old,heldout_bfcl_b2_l26_s3,1.7848593333333334,1.7848593333333334,0.0
round2_E4_pipelined,256,best_2+4,eft_old,heldout_bfcl_b4_l26_s3,3.29516573938197,3.29516573938197,0.0
round2_E4_pipelined,256,best_2+4,eft_old,heldout_bfcl_b8_l26_s3,4.256366117172727,4.256366117172727,0.0
round2_E4_pipelined,256,best_2+4,eft_old,heldout_bfcl_b16_l26_s3,6.316032555998284,6.316032555998284,0.0
round2_E4_pipelined,256,best_2+4,eft_old,heldout_bfcl_b2_l26_s7,1.6475793333333333,1.6475793333333333,0.0
round2_E4_pipelined,256,best_2+4,eft_old,heldout_bfcl_b4_l26_s7,3.29516573938197,3.29516573938197,0.0
round2_E4_pipelined,256,best_2+4,eft_old,heldout_bfcl_b8_l26_s7,4.668206134663036,4.668206134663036,0.0
round2_E4_pipelined,256,best_2+4,eft_old,heldout_bfcl_b16_l26_s7,5.766866327050384,5.766866327050384,0.0
round2_E4_pipelined,256,best_2+4,eft_old,heldout_bfcl_b2_l26_s11,1.3730193333333331,1.3730193333333331,0.0
round2_E4_pipelined,256,best_2+4,eft_old,heldout_bfcl_b4_l26_s11,3.0329127604166675,3.0329127604166675,0.0
round2_E4_pipelined,256,best_2+4,eft_old,heldout_bfcl_b8_l26_s11,4.530926156080073,4.530926156080073,0.0
round2_E4_pipelined,256,best_2+4,eft_old,heldout_bfcl_b16_l26_s11,6.590644311245239,6.590644311245239,0.0
round2_E4_pipelined,256,best_2+4,eft_old,heldout_gpqa_b2_l2_s3,1.7848593333333334,1.7848593333333334,0.0
round2_E4_pipelined,256,best_2+4,eft_old,heldout_gpqa_b4_l2_s3,2.47141608551752,2.47141608551752,0.0
round2_E4_pipelined,256,best_2+4,eft_old,heldout_gpqa_b8_l2_s3,3.1580281853624146,3.1580281853624146,0.0
round2_E4_pipelined,256,best_2+4,eft_old,heldout_gpqa_b16_l2_s3,3.9821765325434675,3.9821765325434675,0.0
round2_E4_pipelined,256,best_2+4,eft_old,heldout_gpqa_b2_l2_s7,1.9221393333333334,1.9221393333333334,0.0
round2_E4_pipelined,256,best_2+4,eft_old,heldout_gpqa_b4_l2_s7,3.29516573938197,3.29516573938197,0.0
round2_E4_pipelined,256,best_2+4,eft_old,heldout_gpqa_b8_l2_s7,4.668206103630753,4.668206103630753,0.0
round2_E4_pipelined,256,best_2+4,eft_old,heldout_gpqa_b16_l2_s7,6.45336437325442,6.45336437325442,0.0
round2_E4_pipelined,256,best_2+4,eft_old,heldout_gpqa_b2_l2_s11,1.5102993333333334,1.5102993333333334,0.0
round2_E4_pipelined,256,best_2+4,eft_old,heldout_gpqa_b4_l2_s11,3.1578217393819705,3.1578217393819705,0.0
round2_E4_pipelined,256,best_2+4,eft_old,heldout_gpqa_b8_l2_s11,5.217333522481606,5.217333522481606,0.0
round2_E4_pipelined,256,best_2+4,eft_old,heldout_gpqa_b16_l2_s11,6.865204315150399,6.865204315150399,0.0
round2_E4_pipelined,256,best_2+4,eft_old,heldout_gpqa_b2_l13_s3,1.7848593333333334,1.7848593333333334,0.0
round2_E4_pipelined,256,best_2+4,eft_old,heldout_gpqa_b4_l13_s3,2.60863208551752,2.60863208551752,0.0
round2_E4_pipelined,256,best_2+4,eft_old,heldout_gpqa_b8_l13_s3,3.844526134663036,3.844526134663036,0.0
round2_E4_pipelined,256,best_2+4,eft_old,heldout_gpqa_b16_l13_s3,4.39398761717387,4.39398761717387,0.0
round2_E4_pipelined,256,best_2+4,eft_old,heldout_gpqa_b2_l13_s7,1.7848593333333334,1.7848593333333334,0.0
round2_E4_pipelined,256,best_2+4,eft_old,heldout_gpqa_b4_l13_s7,3.1578217393819705,3.1578217393819705,0.0
round2_E4_pipelined,256,best_2+4,eft_old,heldout_gpqa_b8_l13_s7,4.805521821801334,4.805521821801334,0.0
round2_E4_pipelined,256,best_2+4,eft_old,heldout_gpqa_b16_l13_s7,6.041460245253947,6.041460245253947,0.0
round2_E4_pipelined,256,best_2+4,eft_old,heldout_gpqa_b2_l13_s11,1.2357393333333333,1.2357393333333333,0.0
round2_E4_pipelined,256,best_2+4,eft_old,heldout_gpqa_b4_l13_s11,3.29516573938197,3.29516573938197,0.0
round2_E4_pipelined,256,best_2+4,eft_old,heldout_gpqa_b8_l13_s11,4.119086130714699,4.119086130714699,0.0
round2_E4_pipelined,256,best_2+4,eft_old,heldout_gpqa_b16_l13_s11,6.178804280212956,6.178804280212956,0.0
round2_E4_pipelined,256,best_2+4,eft_old,heldout_gpqa_b2_l26_s3,1.9221393333333334,1.9221393333333334,0.0
round2_E4_pipelined,256,best_2+4,eft_old,heldout_gpqa_b4_l26_s3,2.3340363673469393,2.3340363673469393,0.0
round2_E4_pipelined,256,best_2+4,eft_old,heldout_gpqa_b8_l26_s3,3.4326221346630357,3.4326221346630357,0.0
round2_E4_pipelined,256,best_2+4,eft_old,heldout_gpqa_b16_l26_s3,4.805956733150427,4.805956733150427,0.0
round2_E4_pipelined,256,best_2+4,eft_old,heldout_gpqa_b2_l26_s7,1.9221393333333334,1.9221393333333334,0.0
round2_E4_pipelined,256,best_2+4,eft_old,heldout_gpqa_b4_l26_s7,3.1578217393819705,3.1578217393819705,0.0
round2_E4_pipelined,256,best_2+4,eft_old,heldout_gpqa_b8_l26_s7,4.668206103630754,4.668206103630754,0.0
round2_E4_pipelined,256,best_2+4,eft_old,heldout_gpqa_b16_l26_s7,6.316020297703266,6.316020297703266,0.0
round2_E4_pipelined,256,best_2+4,eft_old,heldout_gpqa_b2_l26_s11,1.7848593333333334,1.7848593333333334,0.0
round2_E4_pipelined,256,best_2+4,eft_old,heldout_gpqa_b4_l26_s11,3.432415710056458,3.432415710056458,0.0
round2_E4_pipelined,256,best_2+4,eft_old,heldout_gpqa_b8_l26_s11,4.668206103630754,4.668206103630754,0.0
round2_E4_pipelined,256,best_2+4,eft_old,heldout_gpqa_b16_l26_s11,6.865204245253944,6.865204245253944,0.0
round2_E4_pipelined,256,best_2+4,eft_old,heldout_swe_b2_l2_s3,1.7848593333333334,1.7848593333333334,0.0
round2_E4_pipelined,256,best_2+4,eft_old,heldout_swe_b4_l2_s3,2.059504666666666,2.059504666666666,0.0
round2_E4_pipelined,256,best_2+4,eft_old,heldout_swe_b8_l2_s3,2.334242795880247,2.334242795880247,0.0
round2_E4_pipelined,256,best_2+4,eft_old,heldout_swe_b16_l2_s3,2.746583891848639,2.746583891848639,0.0
round2_E4_pipelined,256,best_2+4,eft_old,heldout_swe_b2_l2_s7,1.7848593333333334,1.7848593333333334,0.0
round2_E4_pipelined,256,best_2+4,eft_old,heldout_swe_b4_l2_s7,2.334036367346939,2.334036367346939,0.0
round2_E4_pipelined,256,best_2+4,eft_old,heldout_swe_b8_l2_s7,2.471622496582126,2.471622496582126,0.0
round2_E4_pipelined,256,best_2+4,eft_old,heldout_swe_b16_l2_s7,3.1584220263976652,3.1584220263976652,0.0
round2_E4_pipelined,256,best_2+4,eft_old,heldout_swe_b2_l2_s11,1.7848593333333334,1.7848593333333334,0.0
round2_E4_pipelined,256,best_2+4,eft_old,heldout_swe_b4_l2_s11,2.883227768707483,2.883227768707483,0.0
round2_E4_pipelined,256,best_2+4,eft_old,heldout_swe_b8_l2_s11,2.6088384790918164,2.6088384790918164,0.0
round2_E4_pipelined,256,best_2+4,eft_old,heldout_swe_b16_l2_s11,3.982250838644763,3.982250838644763,0.0
round2_E4_pipelined,256,best_2+4,eft_old,heldout_swe_b2_l13_s3,1.9221393333333334,1.9221393333333334,0.0
round2_E4_pipelined,256,best_2+4,eft_old,heldout_swe_b4_l13_s3,2.6086320855175202,2.6086320855175202,0.0
round2_E4_pipelined,256,best_2+4,eft_old,heldout_swe_b8_l13_s3,2.746218197262398,2.746218197262398,0.0
round2_E4_pipelined,256,best_2+4,eft_old,heldout_swe_b16_l13_s3,2.8838282841761975,2.8838282841761975,0.0
round2_E4_pipelined,256,best_2+4,eft_old,heldout_swe_b2_l13_s7,1.9221393333333334,1.9221393333333334,0.0
round2_E4_pipelined,256,best_2+4,eft_old,heldout_swe_b4_l13_s7,2.883227768707483,2.883227768707483,0.0
round2_E4_pipelined,256,best_2+4,eft_old,heldout_swe_b8_l13_s7,2.883434214752707,2.883434214752707,0.0
round2_E4_pipelined,256,best_2+4,eft_old,heldout_swe_b16_l13_s7,3.0360226527462117,3.0360226527462117,0.0
round2_E4_pipelined,256,best_2+4,eft_old,heldout_swe_b2_l13_s11,1.6475793333333333,1.6475793333333333,0.0
round2_E4_pipelined,256,best_2+4,eft_old,heldout_swe_b4_l13_s11,3.0329127604166675,3.0329127604166675,0.0
round2_E4_pipelined,256,best_2+4,eft_old,heldout_swe_b8_l13_s11,2.608838514007656,2.608838514007656,0.0
round2_E4_pipelined,256,best_2+4,eft_old,heldout_swe_b16_l13_s11,4.119511310635549,4.119511310635549,0.0
round2_E4_pipelined,256,best_2+4,eft_old,heldout_swe_b2_l26_s3,1.6475793333333333,1.6475793333333333,0.0
round2_E4_pipelined,256,best_2+4,eft_old,heldout_swe_b4_l26_s3,2.608632068027211,2.608632068027211,0.0
round2_E4_pipelined,256,best_2+4,eft_old,heldout_swe_b8_l26_s3,3.1580281504465764,3.1580281504465764,0.0
round2_E4_pipelined,256,best_2+4,eft_old,heldout_swe_b16_l26_s3,3.844886704889532,3.844886704889532,0.0
round2_E4_pipelined,256,best_2+4,eft_old,heldout_swe_b2_l26_s7,1.9221393333333334,1.9221393333333334,0.0
round2_E4_pipelined,256,best_2+4,eft_old,heldout_swe_b4_l26_s7,2.471416068027211,2.471416068027211,0.0
round2_E4_pipelined,256,best_2+4,eft_old,heldout_swe_b8_l26_s7,3.0337437291375293,3.0337437291375293,0.0
round2_E4_pipelined,256,best_2+4,eft_old,heldout_swe_b16_l26_s7,3.1583761130892096,3.1583761130892096,0.0
round2_E4_pipelined,256,best_2+4,eft_old,heldout_swe_b2_l26_s11,1.9221393333333334,1.9221393333333334,0.0
round2_E4_pipelined,256,best_2+4,eft_old,heldout_swe_b4_l26_s11,3.432415710056458,3.432415710056458,0.0
round2_E4_pipelined,256,best_2+4,eft_old,heldout_swe_b8_l26_s11,2.6088384616015077,2.6088384616015077,0.0
round2_E4_pipelined,256,best_2+4,eft_old,heldout_swe_b16_l26_s11,4.119459261959479,4.119459261959479,0.0
round2_E4_pipelined,256,best_2+4,eft_old,v3_captured_mixed_heldout_bfcl_t64_l2,12.497729422347064,12.497729422347064,0.0
round2_E4_pipelined,256,best_2+4,eft_old,v3_captured_mixed_heldout_bfcl_t96_l2,14.971265366232537,14.971265366232537,0.0
round2_E4_pipelined,256,best_2+4,eft_old,v3_captured_mixed_heldout_bfcl_t128_l2,11.551978962450342,11.551978962450342,0.0
round2_E4_pipelined,256,best_2+4,eft_old,v3_captured_mixed_heldout_bfcl_t64_l13,9.249734618602043,9.249734618602043,0.0
round2_E4_pipelined,256,best_2+4,eft_old,v3_captured_mixed_heldout_bfcl_t96_l13,15.520624313187188,15.520624313187188,0.0
round2_E4_pipelined,256,best_2+4,eft_old,v3_captured_mixed_heldout_bfcl_t128_l13,17.719380848977767,17.719380848977767,0.0
round2_E4_pipelined,256,best_2+4,eft_old,v3_captured_mixed_heldout_bfcl_t64_l26,9.536669222896638,9.536669222896638,0.0
round2_E4_pipelined,256,best_2+4,eft_old,v3_captured_mixed_heldout_bfcl_t96_l26,10.166887616750984,10.166887616750984,0.0
round2_E4_pipelined,256,best_2+4,eft_old,v3_captured_mixed_heldout_bfcl_t128_l26,11.270151887059237,11.270151887059237,0.0
round2_E4_pipelined,256,best_2+4,eft_old,v3_captured_mixed_heldout_gpqa_t64_l2,9.247214178577009,9.247214178577009,0.0
round2_E4_pipelined,256,best_2+4,eft_old,v3_captured_mixed_heldout_gpqa_t96_l2,10.684919919888483,10.684919919888483,0.0
round2_E4_pipelined,256,best_2+4,eft_old,v3_captured_mixed_heldout_gpqa_t128_l2,11.83160841968969,11.83160841968969,0.0
round2_E4_pipelined,256,best_2+4,eft_old,v3_captured_mixed_heldout_gpqa_t64_l13,8.957219677016678,8.957219677016678,0.0
round2_E4_pipelined,256,best_2+4,eft_old,v3_captured_mixed_heldout_gpqa_t96_l13,14.696773746263528,14.696773746263528,0.0
round2_E4_pipelined,256,best_2+4,eft_old,v3_captured_mixed_heldout_gpqa_t128_l13,17.445080076768164,17.445080076768164,0.0
round2_E4_pipelined,256,best_2+4,eft_old,v3_captured_mixed_heldout_gpqa_t64_l26,9.243229468056422,9.243229468056422,0.0
round2_E4_pipelined,256,best_2+4,eft_old,v3_captured_mixed_heldout_gpqa_t96_l26,10.686412274000356,10.686412274000356,0.0
round2_E4_pipelined,256,best_2+4,eft_old,v3_captured_mixed_heldout_gpqa_t128_l26,11.84264353245668,11.84264353245668,0.0
round2_E4_pipelined,256,best_2+4,eft_old,v3_captured_mixed_heldout_swe_t64_l2,9.246951886655737,9.246951886655737,0.0
round2_E4_pipelined,256,best_2+4,eft_old,v3_captured_mixed_heldout_swe_t96_l2,10.68886836524901,10.68886836524901,0.0
round2_E4_pipelined,256,best_2+4,eft_old,v3_captured_mixed_heldout_swe_t128_l2,12.128134203569347,12.128134203569347,0.0
round2_E4_pipelined,256,best_2+4,eft_old,v3_captured_mixed_heldout_swe_t64_l13,8.378535561134292,8.378535561134292,0.0
round2_E4_pipelined,256,best_2+4,eft_old,v3_captured_mixed_heldout_swe_t96_l13,10.116203326671267,10.116203326671267,0.0
round2_E4_pipelined,256,best_2+4,eft_old,v3_captured_mixed_heldout_swe_t128_l13,17.719378000793157,17.719378000793157,0.0
round2_E4_pipelined,256,best_2+4,eft_old,v3_captured_mixed_heldout_swe_t64_l26,12.497835990476368,12.497835990476368,0.0
round2_E4_pipelined,256,best_2+4,eft_old,v3_captured_mixed_heldout_swe_t96_l26,10.399149632072929,10.399149632072929,0.0
round2_E4_pipelined,256,best_2+4,eft_old,v3_captured_mixed_heldout_swe_t128_l26,11.838977920844561,11.838977920844561,0.0
round2_E4_port_tight,256,best_2+4,eft_old,heldout_bfcl_b2_l2_s3,5.393899014814816,5.393899014814816,0.0
round2_E4_port_tight,256,best_2+4,eft_old,heldout_bfcl_b4_l2_s3,7.705560987654316,7.705560987654316,0.0
round2_E4_port_tight,256,best_2+4,eft_old,heldout_bfcl_b8_l2_s3,10.787762320438965,10.787762320438965,0.0
round2_E4_port_tight,256,best_2+4,eft_old,heldout_bfcl_b16_l2_s3,13.870262394269147,13.870262394269147,0.0
round2_E4_port_tight,256,best_2+4,eft_old,heldout_bfcl_b2_l2_s7,5.393899014814816,5.393899014814816,0.0
round2_E4_port_tight,256,best_2+4,eft_old,heldout_bfcl_b4_l2_s7,8.476090147325097,8.476090147325097,0.0
round2_E4_port_tight,256,best_2+4,eft_old,heldout_bfcl_b8_l2_s7,11.558354724737093,11.558354724737093,0.0
round2_E4_port_tight,256,best_2+4,eft_old,heldout_bfcl_b16_l2_s7,17.722803212267774,17.722803212267774,0.0
round2_E4_port_tight,256,best_2+4,eft_old,heldout_bfcl_b2_l2_s11,3.8528375555555563,3.8528375555555563,0.0
round2_E4_port_tight,256,best_2+4,eft_old,heldout_bfcl_b4_l2_s11,8.476090147325097,8.476090147325097,0.0
round2_E4_port_tight,256,best_2+4,eft_old,heldout_bfcl_b8_l2_s11,12.328808324737093,12.328808324737093,0.0
round2_E4_port_tight,256,best_2+4,eft_old,heldout_bfcl_b16_l2_s11,20.034368012267787,20.034368012267787,0.0
round2_E4_port_tight,256,best_2+4,eft_old,heldout_bfcl_b2_l13_s3,4.623359155555557,4.623359155555557,0.0
round2_E4_port_tight,256,best_2+4,eft_old,heldout_bfcl_b4_l13_s3,9.246611747325096,9.246611747325096,0.0
round2_E4_port_tight,256,best_2+4,eft_old,heldout_bfcl_b8_l13_s3,11.558283920438965,11.558283920438965,0.0
round2_E4_port_tight,256,best_2+4,eft_old,heldout_bfcl_b16_l13_s3,15.41130628506831,15.41130628506831,0.0
round2_E4_port_tight,256,best_2+4,eft_old,heldout_bfcl_b2_l13_s7,5.393899014814816,5.393899014814816,0.0
round2_E4_port_tight,256,best_2+4,eft_old,heldout_bfcl_b4_l13_s7,8.476090147325097,8.476090147325097,0.0
round2_E4_port_tight,256,best_2+4,eft_old,heldout_bfcl_b8_l13_s7,12.328876324737097,12.328876324737097,0.0
round2_E4_port_tight,256,best_2+4,eft_old,heldout_bfcl_b16_l13_s7,15.41130628506831,15.41130628506831,0.0
round2_E4_port_tight,256,best_2+4,eft_old,heldout_bfcl_b2_l13_s11,3.852741666666667,3.852741666666667,0.0
round2_E4_port_tight,256,best_2+4,eft_old,heldout_bfcl_b4_l13_s11,8.476014587654317,8.476014587654317,0.0
round2_E4_port_tight,256,best_2+4,eft_old,heldout_bfcl_b8_l13_s11,10.787762320438965,10.787762320438965,0.0
round2_E4_port_tight,256,best_2+4,eft_old,heldout_bfcl_b16_l13_s11,18.49332481226778,18.49332481226778,0.0
round2_E4_port_tight,256,best_2+4,eft_old,heldout_bfcl_b2_l26_s3,5.393812755555557,5.393812755555557,0.0
round2_E4_port_tight,256,best_2+4,eft_old,heldout_bfcl_b4_l26_s3,9.246611747325096,9.246611747325096,0.0
round2_E4_port_tight,256,best_2+4,eft_old,heldout_bfcl_b8_l26_s3,12.328808324737093,12.328808324737093,0.0
round2_E4_port_tight,256,best_2+4,eft_old,heldout_bfcl_b16_l26_s3,17.72287121226776,17.72287121226776,0.0
round2_E4_port_tight,256,best_2+4,eft_old,heldout_bfcl_b2_l26_s7,4.623359155555557,4.623359155555557,0.0
round2_E4_port_tight,256,best_2+4,eft_old,heldout_bfcl_b4_l26_s7,9.246611747325096,9.246611747325096,0.0
round2_E4_port_tight,256,best_2+4,eft_old,heldout_bfcl_b8_l26_s7,13.099399460935846,13.099399460935846,0.0
round2_E4_port_tight,256,best_2+4,eft_old,heldout_bfcl_b16_l26_s7,16.181828012267754,16.181828012267754,0.0
round2_E4_port_tight,256,best_2+4,eft_old,heldout_bfcl_b2_l26_s11,3.8528375555555563,3.8528375555555563,0.0
round2_E4_port_tight,256,best_2+4,eft_old,heldout_bfcl_b4_l26_s11,8.476090147325097,8.476090147325097,0.0
round2_E4_port_tight,256,best_2+4,eft_old,heldout_bfcl_b8_l26_s11,13.099329924737093,13.099329924737093,0.0
round2_E4_port_tight,256,best_2+4,eft_old,heldout_bfcl_b16_l26_s11,18.493392812267764,18.493392812267764,0.0
round2_E4_port_tight,256,best_2+4,eft_old,heldout_gpqa_b2_l2_s3,5.393812755555557,5.393812755555557,0.0
round2_E4_port_tight,256,best_2+4,eft_old,heldout_gpqa_b4_l2_s3,6.935039387654317,6.935039387654317,0.0
round2_E4_port_tight,256,best_2+4,eft_old,heldout_gpqa_b8_l2_s3,9.246714413991771,9.246714413991771,0.0
round2_E4_port_tight,256,best_2+4,eft_old,heldout_gpqa_b16_l2_s3,10.788171653772281,10.788171653772281,0.0
round2_E4_port_tight,256,best_2+4,eft_old,heldout_gpqa_b2_l2_s7,5.393899014814816,5.393899014814816,0.0
round2_E4_port_tight,256,best_2+4,eft_old,heldout_gpqa_b4_l2_s7,9.246611747325096,9.246611747325096,0.0
round2_E4_port_tight,256,best_2+4,eft_old,heldout_gpqa_b8_l2_s7,13.099399460935846,13.099399460935846,0.0
round2_E4_port_tight,256,best_2+4,eft_old,heldout_gpqa_b16_l2_s7,18.49332481226778,18.49332481226778,0.0
round2_E4_port_tight,256,best_2+4,eft_old,heldout_gpqa_b2_l2_s11,4.623291155555557,4.623291155555557,0.0
round2_E4_port_tight,256,best_2+4,eft_old,heldout_gpqa_b4_l2_s11,9.246543747325097,9.246543747325097,0.0
round2_E4_port_tight,256,best_2+4,eft_old,heldout_gpqa_b8_l2_s11,14.640443351735016,14.640443351735016,0.0
round2_E4_port_tight,256,best_2+4,eft_old,heldout_gpqa_b16_l2_s11,19.26391441226777,19.26391441226777,0.0
round2_E4_port_tight,256,best_2+4,eft_old,heldout_gpqa_b2_l13_s3,5.393812755555557,5.393812755555557,0.0
round2_E4_port_tight,256,best_2+4,eft_old,heldout_gpqa_b4_l13_s3,7.705492987654317,7.705492987654317,0.0
round2_E4_port_tight,256,best_2+4,eft_old,heldout_gpqa_b8_l13_s3,10.787830320438967,10.787830320438967,0.0
round2_E4_port_tight,256,best_2+4,eft_old,heldout_gpqa_b16_l13_s3,12.329347229629615,12.329347229629615,0.0
round2_E4_port_tight,256,best_2+4,eft_old,heldout_gpqa_b2_l13_s7,5.393812755555557,5.393812755555557,0.0
round2_E4_port_tight,256,best_2+4,eft_old,heldout_gpqa_b4_l13_s7,9.246543747325097,9.246543747325097,0.0
round2_E4_port_tight,256,best_2+4,eft_old,heldout_gpqa_b8_l13_s7,13.869853060935846,13.869853060935846,0.0
round2_E4_port_tight,256,best_2+4,eft_old,heldout_gpqa_b16_l13_s7,16.952349612267756,16.952349612267756,0.0
round2_E4_port_tight,256,best_2+4,eft_old,heldout_gpqa_b2_l13_s11,3.852741666666667,3.852741666666667,0.0
round2_E4_port_tight,256,best_2+4,eft_old,heldout_gpqa_b4_l13_s11,9.246611747325096,9.246611747325096,0.0
round2_E4_port_tight,256,best_2+4,eft_old,heldout_gpqa_b8_l13_s11,11.558354724737093,11.558354724737093,0.0
round2_E4_port_tight,256,best_2+4,eft_old,heldout_gpqa_b16_l13_s11,17.722803212267774,17.722803212267774,0.0
round2_E4_port_tight,256,best_2+4,eft_old,heldout_gpqa_b2_l26_s3,5.393899014814816,5.393899014814816,0.0
round2_E4_port_tight,256,best_2+4,eft_old,heldout_gpqa_b4_l26_s3,6.934959548148145,6.934959548148145,0.0
round2_E4_port_tight,256,best_2+4,eft_old,heldout_gpqa_b8_l26_s3,10.017236013991775,10.017236013991775,0.0
round2_E4_port_tight,256,best_2+4,eft_old,heldout_gpqa_b16_l26_s3,13.09974079426915,13.09974079426915,0.0
round2_E4_port_tight,256,best_2+4,eft_old,heldout_gpqa_b2_l26_s7,5.393899014814816,5.393899014814816,0.0
round2_E4_port_tight,256,best_2+4,eft_old,heldout_gpqa_b4_l26_s7,9.246543747325097,9.246543747325097,0.0
round2_E4_port_tight,256,best_2+4,eft_old,heldout_gpqa_b8_l26_s7,13.099399460935846,13.099399460935846,0.0
round2_E4_port_tight,256,best_2+4,eft_old,heldout_gpqa_b16_l26_s7,17.72287121226776,17.72287121226776,0.0
round2_E4_port_tight,256,best_2+4,eft_old,heldout_gpqa_b2_l26_s11,5.393812755555557,5.393812755555557,0.0
round2_E4_port_tight,256,best_2+4,eft_old,heldout_gpqa_b4_l26_s11,10.017065347325095,10.017065347325095,0.0
round2_E4_port_tight,256,best_2+4,eft_old,heldout_gpqa_b8_l26_s11,13.099399460935846,13.099399460935846,0.0
round2_E4_port_tight,256,best_2+4,eft_old,heldout_gpqa_b16_l26_s11,19.26391441226777,19.26391441226777,0.0
round2_E4_port_tight,256,best_2+4,eft_old,heldout_swe_b2_l2_s3,5.393812755555557,5.393812755555557,0.0
round2_E4_port_tight,256,best_2+4,eft_old,heldout_swe_b4_l2_s3,6.164437948148146,6.164437948148146,0.0
round2_E4_port_tight,256,best_2+4,eft_old,heldout_swe_b8_l2_s3,6.9351302148148175,6.9351302148148175,0.0
round2_E4_port_tight,256,best_2+4,eft_old,heldout_swe_b16_l2_s3,7.706129148148142,7.706129148148142,0.0
round2_E4_port_tight,256,best_2+4,eft_old,heldout_swe_b2_l2_s7,5.393812755555557,5.393812755555557,0.0
round2_E4_port_tight,256,best_2+4,eft_old,heldout_swe_b4_l2_s7,6.934959548148145,6.934959548148145,0.0
round2_E4_port_tight,256,best_2+4,eft_old,heldout_swe_b8_l2_s7,6.93521005432099,6.93521005432099,0.0
round2_E4_port_tight,256,best_2+4,eft_old,heldout_swe_b16_l2_s7,9.247055747325104,9.247055747325104,0.0
round2_E4_port_tight,256,best_2+4,eft_old,heldout_swe_b2_l2_s11,5.393812755555557,5.393812755555557,0.0
round2_E4_port_tight,256,best_2+4,eft_old,heldout_swe_b4_l2_s11,8.476014587654317,8.476014587654317,0.0
round2_E4_port_tight,256,best_2+4,eft_old,heldout_swe_b8_l2_s11,7.7056636543209915,7.7056636543209915,0.0
round2_E4_port_tight,256,best_2+4,eft_old,heldout_swe_b16_l2_s11,10.788171653772281,10.788171653772281,0.0
round2_E4_port_tight,256,best_2+4,eft_old,heldout_swe_b2_l13_s3,5.393899014814816,5.393899014814816,0.0
round2_E4_port_tight,256,best_2+4,eft_old,heldout_swe_b4_l13_s3,7.705492987654317,7.705492987654317,0.0
round2_E4_port_tight,256,best_2+4,eft_old,heldout_swe_b8_l13_s3,7.70573165432099,7.70573165432099,0.0
round2_E4_port_tight,256,best_2+4,eft_old,heldout_swe_b16_l13_s3,8.476526587654316,8.476526587654316,0.0
round2_E4_port_tight,256,best_2+4,eft_old,heldout_swe_b2_l13_s7,5.393899014814816,5.393899014814816,0.0
round2_E4_port_tight,256,best_2+4,eft_old,heldout_swe_b4_l13_s7,8.476014587654317,8.476014587654317,0.0
round2_E4_port_tight,256,best_2+4,eft_old,heldout_swe_b8_l13_s7,8.476185254320992,8.476185254320992,0.0
round2_E4_port_tight,256,best_2+4,eft_old,heldout_swe_b16_l13_s7,8.476602147325096,8.476602147325096,0.0
round2_E4_port_tight,256,best_2+4,eft_old,heldout_swe_b2_l13_s11,4.623359155555557,4.623359155555557,0.0
round2_E4_port_tight,256,best_2+4,eft_old,heldout_swe_b4_l13_s11,8.476090147325097,8.476090147325097,0.0
round2_E4_port_tight,256,best_2+4,eft_old,heldout_swe_b8_l13_s11,7.7056636543209915,7.7056636543209915,0.0
round2_E4_port_tight,256,best_2+4,eft_old,heldout_swe_b16_l13_s11,11.55862525377228,11.55862525377228,0.0
round2_E4_port_tight,256,best_2+4,eft_old,heldout_swe_b2_l26_s3,4.623359155555557,4.623359155555557,0.0
round2_E4_port_tight,256,best_2+4,eft_old,heldout_swe_b4_l26_s3,7.705492987654317,7.705492987654317,0.0
round2_E4_port_tight,256,best_2+4,eft_old,heldout_swe_b8_l26_s3,9.246714413991771,9.246714413991771,0.0
round2_E4_port_tight,256,best_2+4,eft_old,heldout_swe_b16_l26_s3,11.558625253772288,11.558625253772288,0.0
round2_E4_port_tight,256,best_2+4,eft_old,heldout_swe_b2_l26_s7,5.393899014814816,5.393899014814816,0.0
round2_E4_port_tight,256,best_2+4,eft_old,heldout_swe_b4_l26_s7,6.935039387654317,6.935039387654317,0.0
round2_E4_port_tight,256,best_2+4,eft_old,heldout_swe_b8_l26_s7,8.476260813991772,8.476260813991772,0.0
round2_E4_port_tight,256,best_2+4,eft_old,heldout_swe_b16_l26_s7,9.247055747325096,9.247055747325096,0.0
round2_E4_port_tight,256,best_2+4,eft_old,heldout_swe_b2_l26_s11,5.393899014814816,5.393899014814816,0.0
round2_E4_port_tight,256,best_2+4,eft_old,heldout_swe_b4_l26_s11,10.017065347325095,10.017065347325095,0.0
round2_E4_port_tight,256,best_2+4,eft_old,heldout_swe_b8_l26_s11,7.7056636543209915,7.7056636543209915,0.0
round2_E4_port_tight,256,best_2+4,eft_old,heldout_swe_b16_l26_s11,11.558825629629627,11.558825629629627,0.0
round2_E4_port_tight,256,best_2+4,eft_old,v3_captured_mixed_heldout_bfcl_t64_l2,26.97111041226776,26.97111041226776,0.0
round2_E4_port_tight,256,best_2+4,eft_old,v3_captured_mixed_heldout_bfcl_t96_l2,30.825083745601056,30.825083745601056,0.0
round2_E4_port_tight,256,best_2+4,eft_old,v3_captured_mixed_heldout_bfcl_t128_l2,69.35409666666658,69.35409666666658,0.0
round2_E4_port_tight,256,best_2+4,eft_old,v3_captured_mixed_heldout_bfcl_t64_l13,44.69422867654318,44.69422867654318,0.0
round2_E4_port_tight,256,best_2+4,eft_old,v3_captured_mixed_heldout_bfcl_t96_l13,57.79463333333326,57.79463333333326,0.0
round2_E4_port_tight,256,best_2+4,eft_old,v3_captured_mixed_heldout_bfcl_t128_l13,69.35425014814804,69.35425014814804,0.0
round2_E4_port_tight,256,best_2+4,eft_old,v3_captured_mixed_heldout_bfcl_t64_l26,25.43007121226776,25.43007121226776,0.0
round2_E4_port_tight,256,best_2+4,eft_old,v3_captured_mixed_heldout_bfcl_t96_l26,30.054566145601132,30.054566145601132,0.0
round2_E4_port_tight,256,best_2+4,eft_old,v3_captured_mixed_heldout_bfcl_t128_l26,31.59697467893443,31.59697467893443,0.0
round2_E4_port_tight,256,best_2+4,eft_old,v3_captured_mixed_heldout_gpqa_t64_l2,26.971114412267763,26.971114412267763,0.0
round2_E4_port_tight,256,best_2+4,eft_old,v3_captured_mixed_heldout_gpqa_t96_l2,30.05456214560107,30.05456214560107,0.0
round2_E4_port_tight,256,best_2+4,eft_old,v3_captured_mixed_heldout_gpqa_t128_l2,69.35423648148137,69.35423648148137,0.0
round2_E4_port_tight,256,best_2+4,eft_old,v3_captured_mixed_heldout_gpqa_t64_l13,23.88902801226777,23.88902801226777,0.0
round2_E4_port_tight,256,best_2+4,eft_old,v3_captured_mixed_heldout_gpqa_t96_l13,56.25355579999996,56.25355579999996,0.0
round2_E4_port_tight,256,best_2+4,eft_old,v3_captured_mixed_heldout_gpqa_t128_l13,67.04265019999991,67.04265019999991,0.0
round2_E4_port_tight,256,best_2+4,eft_old,v3_captured_mixed_heldout_gpqa_t64_l26,43.92293005671218,43.92293005671218,0.0
round2_E4_port_tight,256,best_2+4,eft_old,v3_captured_mixed_heldout_gpqa_t96_l26,31.595609345601133,31.595609345601133,0.0
round2_E4_port_tight,256,best_2+4,eft_old,v3_captured_mixed_heldout_gpqa_t128_l26,33.13801787893447,33.13801787893447,0.0
round2_E4_port_tight,256,best_2+4,eft_old,v3_captured_mixed_heldout_swe_t64_l2,43.92310603584815,43.92310603584815,0.0
round2_E4_port_tight,256,best_2+4,eft_old,v3_captured_mixed_heldout_swe_t96_l2,30.054562145601082,30.054562145601082,0.0
round2_E4_port_tight,256,best_2+4,eft_old,v3_captured_mixed_heldout_swe_t128_l2,33.13801387893445,33.13801387893445,0.0
round2_E4_port_tight,256,best_2+4,eft_old,v3_captured_mixed_heldout_swe_t64_l13,23.11850641226778,23.11850641226778,0.0
round2_E4_port_tight,256,best_2+4,eft_old,v3_captured_mixed_heldout_swe_t96_l13,29.284044545601073,29.284044545601073,0.0
round2_E4_port_tight,256,best_2+4,eft_old,v3_captured_mixed_heldout_swe_t128_l13,67.81285568888882,67.81285568888882,0.0
round2_E4_port_tight,256,best_2+4,eft_old,v3_captured_mixed_heldout_swe_t64_l26,25.430071212267784,25.430071212267784,0.0
round2_E4_port_tight,256,best_2+4,eft_old,v3_captured_mixed_heldout_swe_t96_l26,56.253370244444355,56.253370244444355,0.0
round2_E4_port_tight,256,best_2+4,eft_old,v3_captured_mixed_heldout_swe_t128_l26,32.36749627893448,32.36749627893448,0.0
round2_E4_pipelined,256,best_4+2,eft_old,heldout_bfcl_b2_l2_s3,1.9221393333333334,1.9221393333333334,0.0
round2_E4_pipelined,256,best_4+2,eft_old,heldout_bfcl_b4_l2_s3,2.7460117687074823,2.7460117687074823,0.0
round2_E4_pipelined,256,best_4+2,eft_old,heldout_bfcl_b8_l2_s3,3.7071821211210634,3.7071821211210634,0.0
round2_E4_pipelined,256,best_4+2,eft_old,heldout_bfcl_b16_l2_s3,4.943085701042115,4.943085701042115,0.0
round2_E4_pipelined,256,best_4+2,eft_old,heldout_bfcl_b2_l2_s7,1.9221393333333334,1.9221393333333334,0.0
round2_E4_pipelined,256,best_4+2,eft_old,heldout_bfcl_b4_l2_s7,3.0329127604166675,3.0329127604166675,0.0
round2_E4_pipelined,256,best_4+2,eft_old,heldout_bfcl_b8_l2_s7,4.119086103630753,4.119086103630753,0.0
round2_E4_pipelined,256,best_4+2,eft_old,heldout_bfcl_b16_l2_s7,6.178804276286226,6.178804276286226,0.0
round2_E4_pipelined,256,best_4+2,eft_old,heldout_bfcl_b2_l2_s11,1.3730193333333331,1.3730193333333331,0.0
round2_E4_pipelined,256,best_4+2,eft_old,heldout_bfcl_b4_l2_s11,3.0329127604166675,3.0329127604166675,0.0
round2_E4_pipelined,256,best_4+2,eft_old,heldout_bfcl_b8_l2_s11,4.256366134663035,4.256366134663035,0.0
round2_E4_pipelined,256,best_4+2,eft_old,heldout_bfcl_b16_l2_s11,7.002484328757154,7.002484328757154,0.0
round2_E4_pipelined,256,best_4+2,eft_old,heldout_bfcl_b2_l13_s3,1.6475793333333333,1.6475793333333333,0.0
round2_E4_pipelined,256,best_4+2,eft_old,heldout_bfcl_b4_l13_s3,3.29516573938197,3.29516573938197,0.0
round2_E4_pipelined,256,best_4+2,eft_old,heldout_bfcl_b8_l13_s3,3.981806130702492,3.981806130702492,0.0
round2_E4_pipelined,256,best_4+2,eft_old,heldout_bfcl_b16_l13_s3,5.492282678754655,5.492282678754655,0.0
round2_E4_pipelined,256,best_4+2,eft_old,heldout_bfcl_b2_l13_s7,1.9221393333333334,1.9221393333333334,0.0
round2_E4_pipelined,256,best_4+2,eft_old,heldout_bfcl_b4_l13_s7,3.0329127604166675,3.0329127604166675,0.0
round2_E4_pipelined,256,best_4+2,eft_old,heldout_bfcl_b8_l13_s7,4.393646103630752,4.393646103630752,0.0
round2_E4_pipelined,256,best_4+2,eft_old,heldout_bfcl_b16_l13_s7,5.49227068833608,5.49227068833608,0.0
round2_E4_pipelined,256,best_4+2,eft_old,heldout_bfcl_b2_l13_s11,1.2357393333333333,1.2357393333333333,0.0
round2_E4_pipelined,256,best_4+2,eft_old,heldout_bfcl_b4_l13_s11,2.883227768707483,2.883227768707483,0.0
round2_E4_pipelined,256,best_4+2,eft_old,heldout_bfcl_b8_l13_s11,3.7071821171727275,3.7071821171727275,0.0
round2_E4_pipelined,256,best_4+2,eft_old,heldout_bfcl_b16_l13_s11,6.453364346182686,6.453364346182686,0.0
round2_E4_pipelined,256,best_4+2,eft_old,heldout_bfcl_b2_l26_s3,1.7848593333333334,1.7848593333333334,0.0
round2_E4_pipelined,256,best_4+2,eft_old,heldout_bfcl_b4_l26_s3,3.29516573938197,3.29516573938197,0.0
round2_E4_pipelined,256,best_4+2,eft_old,heldout_bfcl_b8_l26_s3,4.256366117172727,4.256366117172727,0.0
round2_E4_pipelined,256,best_4+2,eft_old,heldout_bfcl_b16_l26_s3,6.316032555998284,6.316032555998284,0.0
round2_E4_pipelined,256,best_4+2,eft_old,heldout_bfcl_b2_l26_s7,1.6475793333333333,1.6475793333333333,0.0
round2_E4_pipelined,256,best_4+2,eft_old,heldout_bfcl_b4_l26_s7,3.29516573938197,3.29516573938197,0.0
round2_E4_pipelined,256,best_4+2,eft_old,heldout_bfcl_b8_l26_s7,4.668206134663036,4.668206134663036,0.0
round2_E4_pipelined,256,best_4+2,eft_old,heldout_bfcl_b16_l26_s7,5.766866327050384,5.766866327050384,0.0
round2_E4_pipelined,256,best_4+2,eft_old,heldout_bfcl_b2_l26_s11,1.3730193333333331,1.3730193333333331,0.0
round2_E4_pipelined,256,best_4+2,eft_old,heldout_bfcl_b4_l26_s11,3.0329127604166675,3.0329127604166675,0.0
round2_E4_pipelined,256,best_4+2,eft_old,heldout_bfcl_b8_l26_s11,4.530926156080073,4.530926156080073,0.0
round2_E4_pipelined,256,best_4+2,eft_old,heldout_bfcl_b16_l26_s11,6.590644311245239,6.590644311245239,0.0
round2_E4_pipelined,256,best_4+2,eft_old,heldout_gpqa_b2_l2_s3,1.7848593333333334,1.7848593333333334,0.0
round2_E4_pipelined,256,best_4+2,eft_old,heldout_gpqa_b4_l2_s3,2.47141608551752,2.47141608551752,0.0
round2_E4_pipelined,256,best_4+2,eft_old,heldout_gpqa_b8_l2_s3,3.1580281853624146,3.1580281853624146,0.0
round2_E4_pipelined,256,best_4+2,eft_old,heldout_gpqa_b16_l2_s3,3.9821765325434675,3.9821765325434675,0.0
round2_E4_pipelined,256,best_4+2,eft_old,heldout_gpqa_b2_l2_s7,1.9221393333333334,1.9221393333333334,0.0
round2_E4_pipelined,256,best_4+2,eft_old,heldout_gpqa_b4_l2_s7,3.29516573938197,3.29516573938197,0.0
round2_E4_pipelined,256,best_4+2,eft_old,heldout_gpqa_b8_l2_s7,4.668206103630753,4.668206103630753,0.0
round2_E4_pipelined,256,best_4+2,eft_old,heldout_gpqa_b16_l2_s7,6.45336437325442,6.45336437325442,0.0
round2_E4_pipelined,256,best_4+2,eft_old,heldout_gpqa_b2_l2_s11,1.5102993333333334,1.5102993333333334,0.0
round2_E4_pipelined,256,best_4+2,eft_old,heldout_gpqa_b4_l2_s11,3.1578217393819705,3.1578217393819705,0.0
round2_E4_pipelined,256,best_4+2,eft_old,heldout_gpqa_b8_l2_s11,5.217333522481606,5.217333522481606,0.0
round2_E4_pipelined,256,best_4+2,eft_old,heldout_gpqa_b16_l2_s11,6.865204315150399,6.865204315150399,0.0
round2_E4_pipelined,256,best_4+2,eft_old,heldout_gpqa_b2_l13_s3,1.7848593333333334,1.7848593333333334,0.0
round2_E4_pipelined,256,best_4+2,eft_old,heldout_gpqa_b4_l13_s3,2.60863208551752,2.60863208551752,0.0
round2_E4_pipelined,256,best_4+2,eft_old,heldout_gpqa_b8_l13_s3,3.844526134663036,3.844526134663036,0.0
round2_E4_pipelined,256,best_4+2,eft_old,heldout_gpqa_b16_l13_s3,4.39398761717387,4.39398761717387,0.0
round2_E4_pipelined,256,best_4+2,eft_old,heldout_gpqa_b2_l13_s7,1.7848593333333334,1.7848593333333334,0.0
round2_E4_pipelined,256,best_4+2,eft_old,heldout_gpqa_b4_l13_s7,3.1578217393819705,3.1578217393819705,0.0
round2_E4_pipelined,256,best_4+2,eft_old,heldout_gpqa_b8_l13_s7,4.805521821801334,4.805521821801334,0.0
round2_E4_pipelined,256,best_4+2,eft_old,heldout_gpqa_b16_l13_s7,6.041460245253947,6.041460245253947,0.0
round2_E4_pipelined,256,best_4+2,eft_old,heldout_gpqa_b2_l13_s11,1.2357393333333333,1.2357393333333333,0.0
round2_E4_pipelined,256,best_4+2,eft_old,heldout_gpqa_b4_l13_s11,3.29516573938197,3.29516573938197,0.0
round2_E4_pipelined,256,best_4+2,eft_old,heldout_gpqa_b8_l13_s11,4.119086130714699,4.119086130714699,0.0
round2_E4_pipelined,256,best_4+2,eft_old,heldout_gpqa_b16_l13_s11,6.178804280212956,6.178804280212956,0.0
round2_E4_pipelined,256,best_4+2,eft_old,heldout_gpqa_b2_l26_s3,1.9221393333333334,1.9221393333333334,0.0
round2_E4_pipelined,256,best_4+2,eft_old,heldout_gpqa_b4_l26_s3,2.3340363673469393,2.3340363673469393,0.0
round2_E4_pipelined,256,best_4+2,eft_old,heldout_gpqa_b8_l26_s3,3.4326221346630357,3.4326221346630357,0.0
round2_E4_pipelined,256,best_4+2,eft_old,heldout_gpqa_b16_l26_s3,4.805956733150427,4.805956733150427,0.0
round2_E4_pipelined,256,best_4+2,eft_old,heldout_gpqa_b2_l26_s7,1.9221393333333334,1.9221393333333334,0.0
round2_E4_pipelined,256,best_4+2,eft_old,heldout_gpqa_b4_l26_s7,3.1578217393819705,3.1578217393819705,0.0
round2_E4_pipelined,256,best_4+2,eft_old,heldout_gpqa_b8_l26_s7,4.668206103630754,4.668206103630754,0.0
round2_E4_pipelined,256,best_4+2,eft_old,heldout_gpqa_b16_l26_s7,6.316020297703266,6.316020297703266,0.0
round2_E4_pipelined,256,best_4+2,eft_old,heldout_gpqa_b2_l26_s11,1.7848593333333334,1.7848593333333334,0.0
round2_E4_pipelined,256,best_4+2,eft_old,heldout_gpqa_b4_l26_s11,3.432415710056458,3.432415710056458,0.0
round2_E4_pipelined,256,best_4+2,eft_old,heldout_gpqa_b8_l26_s11,4.668206103630754,4.668206103630754,0.0
round2_E4_pipelined,256,best_4+2,eft_old,heldout_gpqa_b16_l26_s11,6.865204245253944,6.865204245253944,0.0
round2_E4_pipelined,256,best_4+2,eft_old,heldout_swe_b2_l2_s3,1.7848593333333334,1.7848593333333334,0.0
round2_E4_pipelined,256,best_4+2,eft_old,heldout_swe_b4_l2_s3,2.059504666666666,2.059504666666666,0.0
round2_E4_pipelined,256,best_4+2,eft_old,heldout_swe_b8_l2_s3,2.334242795880247,2.334242795880247,0.0
round2_E4_pipelined,256,best_4+2,eft_old,heldout_swe_b16_l2_s3,2.746583891848639,2.746583891848639,0.0
round2_E4_pipelined,256,best_4+2,eft_old,heldout_swe_b2_l2_s7,1.7848593333333334,1.7848593333333334,0.0
round2_E4_pipelined,256,best_4+2,eft_old,heldout_swe_b4_l2_s7,2.334036367346939,2.334036367346939,0.0
round2_E4_pipelined,256,best_4+2,eft_old,heldout_swe_b8_l2_s7,2.471622496582126,2.471622496582126,0.0
round2_E4_pipelined,256,best_4+2,eft_old,heldout_swe_b16_l2_s7,3.1584220263976652,3.1584220263976652,0.0
round2_E4_pipelined,256,best_4+2,eft_old,heldout_swe_b2_l2_s11,1.7848593333333334,1.7848593333333334,0.0
round2_E4_pipelined,256,best_4+2,eft_old,heldout_swe_b4_l2_s11,2.883227768707483,2.883227768707483,0.0
round2_E4_pipelined,256,best_4+2,eft_old,heldout_swe_b8_l2_s11,2.6088384790918164,2.6088384790918164,0.0
round2_E4_pipelined,256,best_4+2,eft_old,heldout_swe_b16_l2_s11,3.982250838644763,3.982250838644763,0.0
round2_E4_pipelined,256,best_4+2,eft_old,heldout_swe_b2_l13_s3,1.9221393333333334,1.9221393333333334,0.0
round2_E4_pipelined,256,best_4+2,eft_old,heldout_swe_b4_l13_s3,2.6086320855175202,2.6086320855175202,0.0
round2_E4_pipelined,256,best_4+2,eft_old,heldout_swe_b8_l13_s3,2.746218197262398,2.746218197262398,0.0
round2_E4_pipelined,256,best_4+2,eft_old,heldout_swe_b16_l13_s3,2.8838282841761975,2.8838282841761975,0.0
round2_E4_pipelined,256,best_4+2,eft_old,heldout_swe_b2_l13_s7,1.9221393333333334,1.9221393333333334,0.0
round2_E4_pipelined,256,best_4+2,eft_old,heldout_swe_b4_l13_s7,2.883227768707483,2.883227768707483,0.0
round2_E4_pipelined,256,best_4+2,eft_old,heldout_swe_b8_l13_s7,2.883434214752707,2.883434214752707,0.0
round2_E4_pipelined,256,best_4+2,eft_old,heldout_swe_b16_l13_s7,3.0360226527462117,3.0360226527462117,0.0
round2_E4_pipelined,256,best_4+2,eft_old,heldout_swe_b2_l13_s11,1.6475793333333333,1.6475793333333333,0.0
round2_E4_pipelined,256,best_4+2,eft_old,heldout_swe_b4_l13_s11,3.0329127604166675,3.0329127604166675,0.0
round2_E4_pipelined,256,best_4+2,eft_old,heldout_swe_b8_l13_s11,2.608838514007656,2.608838514007656,0.0
round2_E4_pipelined,256,best_4+2,eft_old,heldout_swe_b16_l13_s11,4.119511310635549,4.119511310635549,0.0
round2_E4_pipelined,256,best_4+2,eft_old,heldout_swe_b2_l26_s3,1.6475793333333333,1.6475793333333333,0.0
round2_E4_pipelined,256,best_4+2,eft_old,heldout_swe_b4_l26_s3,2.608632068027211,2.608632068027211,0.0
round2_E4_pipelined,256,best_4+2,eft_old,heldout_swe_b8_l26_s3,3.1580281504465764,3.1580281504465764,0.0
round2_E4_pipelined,256,best_4+2,eft_old,heldout_swe_b16_l26_s3,3.844886704889532,3.844886704889532,0.0
round2_E4_pipelined,256,best_4+2,eft_old,heldout_swe_b2_l26_s7,1.9221393333333334,1.9221393333333334,0.0
round2_E4_pipelined,256,best_4+2,eft_old,heldout_swe_b4_l26_s7,2.471416068027211,2.471416068027211,0.0
round2_E4_pipelined,256,best_4+2,eft_old,heldout_swe_b8_l26_s7,3.0337437291375293,3.0337437291375293,0.0
round2_E4_pipelined,256,best_4+2,eft_old,heldout_swe_b16_l26_s7,3.1583761130892096,3.1583761130892096,0.0
round2_E4_pipelined,256,best_4+2,eft_old,heldout_swe_b2_l26_s11,1.9221393333333334,1.9221393333333334,0.0
round2_E4_pipelined,256,best_4+2,eft_old,heldout_swe_b4_l26_s11,3.432415710056458,3.432415710056458,0.0
round2_E4_pipelined,256,best_4+2,eft_old,heldout_swe_b8_l26_s11,2.6088384616015077,2.6088384616015077,0.0
round2_E4_pipelined,256,best_4+2,eft_old,heldout_swe_b16_l26_s11,4.119459261959479,4.119459261959479,0.0
round2_E4_pipelined,256,best_4+2,eft_old,v3_captured_mixed_heldout_bfcl_t64_l2,12.497729422347064,12.497729422347064,0.0
round2_E4_pipelined,256,best_4+2,eft_old,v3_captured_mixed_heldout_bfcl_t96_l2,14.971265366232537,14.971265366232537,0.0
round2_E4_pipelined,256,best_4+2,eft_old,v3_captured_mixed_heldout_bfcl_t128_l2,11.551978962450342,11.551978962450342,0.0
round2_E4_pipelined,256,best_4+2,eft_old,v3_captured_mixed_heldout_bfcl_t64_l13,9.249734618602043,9.249734618602043,0.0
round2_E4_pipelined,256,best_4+2,eft_old,v3_captured_mixed_heldout_bfcl_t96_l13,15.520624313187188,15.520624313187188,0.0
round2_E4_pipelined,256,best_4+2,eft_old,v3_captured_mixed_heldout_bfcl_t128_l13,17.719380848977767,17.719380848977767,0.0
round2_E4_pipelined,256,best_4+2,eft_old,v3_captured_mixed_heldout_bfcl_t64_l26,9.536669222896638,9.536669222896638,0.0
round2_E4_pipelined,256,best_4+2,eft_old,v3_captured_mixed_heldout_bfcl_t96_l26,10.166887616750984,10.166887616750984,0.0
round2_E4_pipelined,256,best_4+2,eft_old,v3_captured_mixed_heldout_bfcl_t128_l26,11.270151887059237,11.270151887059237,0.0
round2_E4_pipelined,256,best_4+2,eft_old,v3_captured_mixed_heldout_gpqa_t64_l2,9.247214178577009,9.247214178577009,0.0
round2_E4_pipelined,256,best_4+2,eft_old,v3_captured_mixed_heldout_gpqa_t96_l2,10.684919919888483,10.684919919888483,0.0
round2_E4_pipelined,256,best_4+2,eft_old,v3_captured_mixed_heldout_gpqa_t128_l2,11.83160841968969,11.83160841968969,0.0
round2_E4_pipelined,256,best_4+2,eft_old,v3_captured_mixed_heldout_gpqa_t64_l13,8.957219677016678,8.957219677016678,0.0
round2_E4_pipelined,256,best_4+2,eft_old,v3_captured_mixed_heldout_gpqa_t96_l13,14.696773746263528,14.696773746263528,0.0
round2_E4_pipelined,256,best_4+2,eft_old,v3_captured_mixed_heldout_gpqa_t128_l13,17.445080076768164,17.445080076768164,0.0
round2_E4_pipelined,256,best_4+2,eft_old,v3_captured_mixed_heldout_gpqa_t64_l26,9.243229468056422,9.243229468056422,0.0
round2_E4_pipelined,256,best_4+2,eft_old,v3_captured_mixed_heldout_gpqa_t96_l26,10.686412274000356,10.686412274000356,0.0
round2_E4_pipelined,256,best_4+2,eft_old,v3_captured_mixed_heldout_gpqa_t128_l26,11.84264353245668,11.84264353245668,0.0
round2_E4_pipelined,256,best_4+2,eft_old,v3_captured_mixed_heldout_swe_t64_l2,9.246951886655737,9.246951886655737,0.0
round2_E4_pipelined,256,best_4+2,eft_old,v3_captured_mixed_heldout_swe_t96_l2,10.68886836524901,10.68886836524901,0.0
round2_E4_pipelined,256,best_4+2,eft_old,v3_captured_mixed_heldout_swe_t128_l2,12.128134203569347,12.128134203569347,0.0
round2_E4_pipelined,256,best_4+2,eft_old,v3_captured_mixed_heldout_swe_t64_l13,8.378535561134292,8.378535561134292,0.0
round2_E4_pipelined,256,best_4+2,eft_old,v3_captured_mixed_heldout_swe_t96_l13,10.116203326671267,10.116203326671267,0.0
round2_E4_pipelined,256,best_4+2,eft_old,v3_captured_mixed_heldout_swe_t128_l13,17.719378000793157,17.719378000793157,0.0
round2_E4_pipelined,256,best_4+2,eft_old,v3_captured_mixed_heldout_swe_t64_l26,12.497835990476368,12.497835990476368,0.0
round2_E4_pipelined,256,best_4+2,eft_old,v3_captured_mixed_heldout_swe_t96_l26,10.399149632072929,10.399149632072929,0.0
round2_E4_pipelined,256,best_4+2,eft_old,v3_captured_mixed_heldout_swe_t128_l26,11.838977920844561,11.838977920844561,0.0
round2_E4_port_tight,256,best_4+2,eft_old,heldout_bfcl_b2_l2_s3,5.393899014814816,5.393899014814816,0.0
round2_E4_port_tight,256,best_4+2,eft_old,heldout_bfcl_b4_l2_s3,7.705560987654316,7.705560987654316,0.0
round2_E4_port_tight,256,best_4+2,eft_old,heldout_bfcl_b8_l2_s3,10.787762320438965,10.787762320438965,0.0
round2_E4_port_tight,256,best_4+2,eft_old,heldout_bfcl_b16_l2_s3,13.870262394269147,13.870262394269147,0.0
round2_E4_port_tight,256,best_4+2,eft_old,heldout_bfcl_b2_l2_s7,5.393899014814816,5.393899014814816,0.0
round2_E4_port_tight,256,best_4+2,eft_old,heldout_bfcl_b4_l2_s7,8.476090147325097,8.476090147325097,0.0
round2_E4_port_tight,256,best_4+2,eft_old,heldout_bfcl_b8_l2_s7,11.558354724737093,11.558354724737093,0.0
round2_E4_port_tight,256,best_4+2,eft_old,heldout_bfcl_b16_l2_s7,17.722803212267774,17.722803212267774,0.0
round2_E4_port_tight,256,best_4+2,eft_old,heldout_bfcl_b2_l2_s11,3.8528375555555563,3.8528375555555563,0.0
round2_E4_port_tight,256,best_4+2,eft_old,heldout_bfcl_b4_l2_s11,8.476090147325097,8.476090147325097,0.0
round2_E4_port_tight,256,best_4+2,eft_old,heldout_bfcl_b8_l2_s11,12.328808324737093,12.328808324737093,0.0
round2_E4_port_tight,256,best_4+2,eft_old,heldout_bfcl_b16_l2_s11,20.034368012267787,20.034368012267787,0.0
round2_E4_port_tight,256,best_4+2,eft_old,heldout_bfcl_b2_l13_s3,4.623359155555557,4.623359155555557,0.0
round2_E4_port_tight,256,best_4+2,eft_old,heldout_bfcl_b4_l13_s3,9.246611747325096,9.246611747325096,0.0
round2_E4_port_tight,256,best_4+2,eft_old,heldout_bfcl_b8_l13_s3,11.558283920438965,11.558283920438965,0.0
round2_E4_port_tight,256,best_4+2,eft_old,heldout_bfcl_b16_l13_s3,15.41130628506831,15.41130628506831,0.0
round2_E4_port_tight,256,best_4+2,eft_old,heldout_bfcl_b2_l13_s7,5.393899014814816,5.393899014814816,0.0
round2_E4_port_tight,256,best_4+2,eft_old,heldout_bfcl_b4_l13_s7,8.476090147325097,8.476090147325097,0.0
round2_E4_port_tight,256,best_4+2,eft_old,heldout_bfcl_b8_l13_s7,12.328876324737097,12.328876324737097,0.0
round2_E4_port_tight,256,best_4+2,eft_old,heldout_bfcl_b16_l13_s7,15.41130628506831,15.41130628506831,0.0
round2_E4_port_tight,256,best_4+2,eft_old,heldout_bfcl_b2_l13_s11,3.852741666666667,3.852741666666667,0.0
round2_E4_port_tight,256,best_4+2,eft_old,heldout_bfcl_b4_l13_s11,8.476014587654317,8.476014587654317,0.0
round2_E4_port_tight,256,best_4+2,eft_old,heldout_bfcl_b8_l13_s11,10.787762320438965,10.787762320438965,0.0
round2_E4_port_tight,256,best_4+2,eft_old,heldout_bfcl_b16_l13_s11,18.49332481226778,18.49332481226778,0.0
round2_E4_port_tight,256,best_4+2,eft_old,heldout_bfcl_b2_l26_s3,5.393812755555557,5.393812755555557,0.0
round2_E4_port_tight,256,best_4+2,eft_old,heldout_bfcl_b4_l26_s3,9.246611747325096,9.246611747325096,0.0
round2_E4_port_tight,256,best_4+2,eft_old,heldout_bfcl_b8_l26_s3,12.328808324737093,12.328808324737093,0.0
round2_E4_port_tight,256,best_4+2,eft_old,heldout_bfcl_b16_l26_s3,17.72287121226776,17.72287121226776,0.0
round2_E4_port_tight,256,best_4+2,eft_old,heldout_bfcl_b2_l26_s7,4.623359155555557,4.623359155555557,0.0
round2_E4_port_tight,256,best_4+2,eft_old,heldout_bfcl_b4_l26_s7,9.246611747325096,9.246611747325096,0.0
round2_E4_port_tight,256,best_4+2,eft_old,heldout_bfcl_b8_l26_s7,13.099399460935846,13.099399460935846,0.0
round2_E4_port_tight,256,best_4+2,eft_old,heldout_bfcl_b16_l26_s7,16.181828012267754,16.181828012267754,0.0
round2_E4_port_tight,256,best_4+2,eft_old,heldout_bfcl_b2_l26_s11,3.8528375555555563,3.8528375555555563,0.0
round2_E4_port_tight,256,best_4+2,eft_old,heldout_bfcl_b4_l26_s11,8.476090147325097,8.476090147325097,0.0
round2_E4_port_tight,256,best_4+2,eft_old,heldout_bfcl_b8_l26_s11,13.099329924737093,13.099329924737093,0.0
round2_E4_port_tight,256,best_4+2,eft_old,heldout_bfcl_b16_l26_s11,18.493392812267764,18.493392812267764,0.0
round2_E4_port_tight,256,best_4+2,eft_old,heldout_gpqa_b2_l2_s3,5.393812755555557,5.393812755555557,0.0
round2_E4_port_tight,256,best_4+2,eft_old,heldout_gpqa_b4_l2_s3,6.935039387654317,6.935039387654317,0.0
round2_E4_port_tight,256,best_4+2,eft_old,heldout_gpqa_b8_l2_s3,9.246714413991771,9.246714413991771,0.0
round2_E4_port_tight,256,best_4+2,eft_old,heldout_gpqa_b16_l2_s3,10.788171653772281,10.788171653772281,0.0
round2_E4_port_tight,256,best_4+2,eft_old,heldout_gpqa_b2_l2_s7,5.393899014814816,5.393899014814816,0.0
round2_E4_port_tight,256,best_4+2,eft_old,heldout_gpqa_b4_l2_s7,9.246611747325096,9.246611747325096,0.0
round2_E4_port_tight,256,best_4+2,eft_old,heldout_gpqa_b8_l2_s7,13.099399460935846,13.099399460935846,0.0
round2_E4_port_tight,256,best_4+2,eft_old,heldout_gpqa_b16_l2_s7,18.49332481226778,18.49332481226778,0.0
round2_E4_port_tight,256,best_4+2,eft_old,heldout_gpqa_b2_l2_s11,4.623291155555557,4.623291155555557,0.0
round2_E4_port_tight,256,best_4+2,eft_old,heldout_gpqa_b4_l2_s11,9.246543747325097,9.246543747325097,0.0
round2_E4_port_tight,256,best_4+2,eft_old,heldout_gpqa_b8_l2_s11,14.640443351735016,14.640443351735016,0.0
round2_E4_port_tight,256,best_4+2,eft_old,heldout_gpqa_b16_l2_s11,19.26391441226777,19.26391441226777,0.0
round2_E4_port_tight,256,best_4+2,eft_old,heldout_gpqa_b2_l13_s3,5.393812755555557,5.393812755555557,0.0
round2_E4_port_tight,256,best_4+2,eft_old,heldout_gpqa_b4_l13_s3,7.705492987654317,7.705492987654317,0.0
round2_E4_port_tight,256,best_4+2,eft_old,heldout_gpqa_b8_l13_s3,10.787830320438967,10.787830320438967,0.0
round2_E4_port_tight,256,best_4+2,eft_old,heldout_gpqa_b16_l13_s3,12.329347229629615,12.329347229629615,0.0
round2_E4_port_tight,256,best_4+2,eft_old,heldout_gpqa_b2_l13_s7,5.393812755555557,5.393812755555557,0.0
round2_E4_port_tight,256,best_4+2,eft_old,heldout_gpqa_b4_l13_s7,9.246543747325097,9.246543747325097,0.0
round2_E4_port_tight,256,best_4+2,eft_old,heldout_gpqa_b8_l13_s7,13.869853060935846,13.869853060935846,0.0
round2_E4_port_tight,256,best_4+2,eft_old,heldout_gpqa_b16_l13_s7,16.952349612267756,16.952349612267756,0.0
round2_E4_port_tight,256,best_4+2,eft_old,heldout_gpqa_b2_l13_s11,3.852741666666667,3.852741666666667,0.0
round2_E4_port_tight,256,best_4+2,eft_old,heldout_gpqa_b4_l13_s11,9.246611747325096,9.246611747325096,0.0
round2_E4_port_tight,256,best_4+2,eft_old,heldout_gpqa_b8_l13_s11,11.558354724737093,11.558354724737093,0.0
round2_E4_port_tight,256,best_4+2,eft_old,heldout_gpqa_b16_l13_s11,17.722803212267774,17.722803212267774,0.0
round2_E4_port_tight,256,best_4+2,eft_old,heldout_gpqa_b2_l26_s3,5.393899014814816,5.393899014814816,0.0
round2_E4_port_tight,256,best_4+2,eft_old,heldout_gpqa_b4_l26_s3,6.934959548148145,6.934959548148145,0.0
round2_E4_port_tight,256,best_4+2,eft_old,heldout_gpqa_b8_l26_s3,10.017236013991775,10.017236013991775,0.0
round2_E4_port_tight,256,best_4+2,eft_old,heldout_gpqa_b16_l26_s3,13.09974079426915,13.09974079426915,0.0
round2_E4_port_tight,256,best_4+2,eft_old,heldout_gpqa_b2_l26_s7,5.393899014814816,5.393899014814816,0.0
round2_E4_port_tight,256,best_4+2,eft_old,heldout_gpqa_b4_l26_s7,9.246543747325097,9.246543747325097,0.0
round2_E4_port_tight,256,best_4+2,eft_old,heldout_gpqa_b8_l26_s7,13.099399460935846,13.099399460935846,0.0
round2_E4_port_tight,256,best_4+2,eft_old,heldout_gpqa_b16_l26_s7,17.72287121226776,17.72287121226776,0.0
round2_E4_port_tight,256,best_4+2,eft_old,heldout_gpqa_b2_l26_s11,5.393812755555557,5.393812755555557,0.0
round2_E4_port_tight,256,best_4+2,eft_old,heldout_gpqa_b4_l26_s11,10.017065347325095,10.017065347325095,0.0
round2_E4_port_tight,256,best_4+2,eft_old,heldout_gpqa_b8_l26_s11,13.099399460935846,13.099399460935846,0.0
round2_E4_port_tight,256,best_4+2,eft_old,heldout_gpqa_b16_l26_s11,19.26391441226777,19.26391441226777,0.0
round2_E4_port_tight,256,best_4+2,eft_old,heldout_swe_b2_l2_s3,5.393812755555557,5.393812755555557,0.0
round2_E4_port_tight,256,best_4+2,eft_old,heldout_swe_b4_l2_s3,6.164437948148146,6.164437948148146,0.0
round2_E4_port_tight,256,best_4+2,eft_old,heldout_swe_b8_l2_s3,6.9351302148148175,6.9351302148148175,0.0
round2_E4_port_tight,256,best_4+2,eft_old,heldout_swe_b16_l2_s3,7.706129148148142,7.706129148148142,0.0
round2_E4_port_tight,256,best_4+2,eft_old,heldout_swe_b2_l2_s7,5.393812755555557,5.393812755555557,0.0
round2_E4_port_tight,256,best_4+2,eft_old,heldout_swe_b4_l2_s7,6.934959548148145,6.934959548148145,0.0
round2_E4_port_tight,256,best_4+2,eft_old,heldout_swe_b8_l2_s7,6.93521005432099,6.93521005432099,0.0
round2_E4_port_tight,256,best_4+2,eft_old,heldout_swe_b16_l2_s7,9.247055747325104,9.247055747325104,0.0
round2_E4_port_tight,256,best_4+2,eft_old,heldout_swe_b2_l2_s11,5.393812755555557,5.393812755555557,0.0
round2_E4_port_tight,256,best_4+2,eft_old,heldout_swe_b4_l2_s11,8.476014587654317,8.476014587654317,0.0
round2_E4_port_tight,256,best_4+2,eft_old,heldout_swe_b8_l2_s11,7.7056636543209915,7.7056636543209915,0.0
round2_E4_port_tight,256,best_4+2,eft_old,heldout_swe_b16_l2_s11,10.788171653772281,10.788171653772281,0.0
round2_E4_port_tight,256,best_4+2,eft_old,heldout_swe_b2_l13_s3,5.393899014814816,5.393899014814816,0.0
round2_E4_port_tight,256,best_4+2,eft_old,heldout_swe_b4_l13_s3,7.705492987654317,7.705492987654317,0.0
round2_E4_port_tight,256,best_4+2,eft_old,heldout_swe_b8_l13_s3,7.70573165432099,7.70573165432099,0.0
round2_E4_port_tight,256,best_4+2,eft_old,heldout_swe_b16_l13_s3,8.476526587654316,8.476526587654316,0.0
round2_E4_port_tight,256,best_4+2,eft_old,heldout_swe_b2_l13_s7,5.393899014814816,5.393899014814816,0.0
round2_E4_port_tight,256,best_4+2,eft_old,heldout_swe_b4_l13_s7,8.476014587654317,8.476014587654317,0.0
round2_E4_port_tight,256,best_4+2,eft_old,heldout_swe_b8_l13_s7,8.476185254320992,8.476185254320992,0.0
round2_E4_port_tight,256,best_4+2,eft_old,heldout_swe_b16_l13_s7,8.476602147325096,8.476602147325096,0.0
round2_E4_port_tight,256,best_4+2,eft_old,heldout_swe_b2_l13_s11,4.623359155555557,4.623359155555557,0.0
round2_E4_port_tight,256,best_4+2,eft_old,heldout_swe_b4_l13_s11,8.476090147325097,8.476090147325097,0.0
round2_E4_port_tight,256,best_4+2,eft_old,heldout_swe_b8_l13_s11,7.7056636543209915,7.7056636543209915,0.0
round2_E4_port_tight,256,best_4+2,eft_old,heldout_swe_b16_l13_s11,11.55862525377228,11.55862525377228,0.0
round2_E4_port_tight,256,best_4+2,eft_old,heldout_swe_b2_l26_s3,4.623359155555557,4.623359155555557,0.0
round2_E4_port_tight,256,best_4+2,eft_old,heldout_swe_b4_l26_s3,7.705492987654317,7.705492987654317,0.0
round2_E4_port_tight,256,best_4+2,eft_old,heldout_swe_b8_l26_s3,9.246714413991771,9.246714413991771,0.0
round2_E4_port_tight,256,best_4+2,eft_old,heldout_swe_b16_l26_s3,11.558625253772288,11.558625253772288,0.0
round2_E4_port_tight,256,best_4+2,eft_old,heldout_swe_b2_l26_s7,5.393899014814816,5.393899014814816,0.0
round2_E4_port_tight,256,best_4+2,eft_old,heldout_swe_b4_l26_s7,6.935039387654317,6.935039387654317,0.0
round2_E4_port_tight,256,best_4+2,eft_old,heldout_swe_b8_l26_s7,8.476260813991772,8.476260813991772,0.0
round2_E4_port_tight,256,best_4+2,eft_old,heldout_swe_b16_l26_s7,9.247055747325096,9.247055747325096,0.0
round2_E4_port_tight,256,best_4+2,eft_old,heldout_swe_b2_l26_s11,5.393899014814816,5.393899014814816,0.0
round2_E4_port_tight,256,best_4+2,eft_old,heldout_swe_b4_l26_s11,10.017065347325095,10.017065347325095,0.0
round2_E4_port_tight,256,best_4+2,eft_old,heldout_swe_b8_l26_s11,7.7056636543209915,7.7056636543209915,0.0
round2_E4_port_tight,256,best_4+2,eft_old,heldout_swe_b16_l26_s11,11.558825629629627,11.558825629629627,0.0
round2_E4_port_tight,256,best_4+2,eft_old,v3_captured_mixed_heldout_bfcl_t64_l2,26.97111041226776,26.97111041226776,0.0
round2_E4_port_tight,256,best_4+2,eft_old,v3_captured_mixed_heldout_bfcl_t96_l2,30.825083745601056,30.825083745601056,0.0
round2_E4_port_tight,256,best_4+2,eft_old,v3_captured_mixed_heldout_bfcl_t128_l2,69.35409666666658,69.35409666666658,0.0
round2_E4_port_tight,256,best_4+2,eft_old,v3_captured_mixed_heldout_bfcl_t64_l13,44.69422867654318,44.69422867654318,0.0
round2_E4_port_tight,256,best_4+2,eft_old,v3_captured_mixed_heldout_bfcl_t96_l13,57.79463333333326,57.79463333333326,0.0
round2_E4_port_tight,256,best_4+2,eft_old,v3_captured_mixed_heldout_bfcl_t128_l13,69.35425014814804,69.35425014814804,0.0
round2_E4_port_tight,256,best_4+2,eft_old,v3_captured_mixed_heldout_bfcl_t64_l26,25.43007121226776,25.43007121226776,0.0
round2_E4_port_tight,256,best_4+2,eft_old,v3_captured_mixed_heldout_bfcl_t96_l26,30.054566145601132,30.054566145601132,0.0
round2_E4_port_tight,256,best_4+2,eft_old,v3_captured_mixed_heldout_bfcl_t128_l26,31.59697467893443,31.59697467893443,0.0
round2_E4_port_tight,256,best_4+2,eft_old,v3_captured_mixed_heldout_gpqa_t64_l2,26.971114412267763,26.971114412267763,0.0
round2_E4_port_tight,256,best_4+2,eft_old,v3_captured_mixed_heldout_gpqa_t96_l2,30.05456214560107,30.05456214560107,0.0
round2_E4_port_tight,256,best_4+2,eft_old,v3_captured_mixed_heldout_gpqa_t128_l2,69.35423648148137,69.35423648148137,0.0
round2_E4_port_tight,256,best_4+2,eft_old,v3_captured_mixed_heldout_gpqa_t64_l13,23.88902801226777,23.88902801226777,0.0
round2_E4_port_tight,256,best_4+2,eft_old,v3_captured_mixed_heldout_gpqa_t96_l13,56.25355579999996,56.25355579999996,0.0
round2_E4_port_tight,256,best_4+2,eft_old,v3_captured_mixed_heldout_gpqa_t128_l13,67.04265019999991,67.04265019999991,0.0
round2_E4_port_tight,256,best_4+2,eft_old,v3_captured_mixed_heldout_gpqa_t64_l26,43.92293005671218,43.92293005671218,0.0
round2_E4_port_tight,256,best_4+2,eft_old,v3_captured_mixed_heldout_gpqa_t96_l26,31.595609345601133,31.595609345601133,0.0
round2_E4_port_tight,256,best_4+2,eft_old,v3_captured_mixed_heldout_gpqa_t128_l26,33.13801787893447,33.13801787893447,0.0
round2_E4_port_tight,256,best_4+2,eft_old,v3_captured_mixed_heldout_swe_t64_l2,43.92310603584815,43.92310603584815,0.0
round2_E4_port_tight,256,best_4+2,eft_old,v3_captured_mixed_heldout_swe_t96_l2,30.054562145601082,30.054562145601082,0.0
round2_E4_port_tight,256,best_4+2,eft_old,v3_captured_mixed_heldout_swe_t128_l2,33.13801387893445,33.13801387893445,0.0
round2_E4_port_tight,256,best_4+2,eft_old,v3_captured_mixed_heldout_swe_t64_l13,23.11850641226778,23.11850641226778,0.0
round2_E4_port_tight,256,best_4+2,eft_old,v3_captured_mixed_heldout_swe_t96_l13,29.284044545601073,29.284044545601073,0.0
round2_E4_port_tight,256,best_4+2,eft_old,v3_captured_mixed_heldout_swe_t128_l13,67.81285568888882,67.81285568888882,0.0
round2_E4_port_tight,256,best_4+2,eft_old,v3_captured_mixed_heldout_swe_t64_l26,25.430071212267784,25.430071212267784,0.0
round2_E4_port_tight,256,best_4+2,eft_old,v3_captured_mixed_heldout_swe_t96_l26,56.253370244444355,56.253370244444355,0.0
round2_E4_port_tight,256,best_4+2,eft_old,v3_captured_mixed_heldout_swe_t128_l26,32.36749627893448,32.36749627893448,0.0
round2_E4_pipelined,256,best_5+1,eft_old,heldout_bfcl_b2_l2_s3,1.9220753333333334,1.9220753333333334,0.0
round2_E4_pipelined,256,best_5+1,eft_old,heldout_bfcl_b4_l2_s3,2.745840666666667,2.745840666666667,0.0
round2_E4_pipelined,256,best_5+1,eft_old,heldout_bfcl_b8_l2_s3,3.7076148479674798,3.7076148479674798,0.0
round2_E4_pipelined,256,best_5+1,eft_old,heldout_bfcl_b16_l2_s3,5.217990820775557,5.217990820775557,0.0
round2_E4_pipelined,256,best_5+1,eft_old,heldout_bfcl_b2_l2_s7,1.9220753333333334,1.9220753333333334,0.0
round2_E4_pipelined,256,best_5+1,eft_old,heldout_bfcl_b4_l2_s7,3.020400666666666,3.020400666666666,0.0
round2_E4_pipelined,256,best_5+1,eft_old,heldout_bfcl_b8_l2_s7,4.119266858943089,4.119266858943089,0.0
round2_E4_pipelined,256,best_5+1,eft_old,heldout_bfcl_b16_l2_s7,6.453228197207289,6.453228197207289,0.0
round2_E4_pipelined,256,best_5+1,eft_old,heldout_bfcl_b2_l2_s11,1.3729838333333333,1.3729838333333333,0.0
round2_E4_pipelined,256,best_5+1,eft_old,heldout_bfcl_b4_l2_s11,3.020400666666666,3.020400666666666,0.0
round2_E4_pipelined,256,best_5+1,eft_old,heldout_bfcl_b8_l2_s11,4.256246840650407,4.256246840650407,0.0
round2_E4_pipelined,256,best_5+1,eft_old,heldout_bfcl_b16_l2_s11,7.277161442276421,7.277161442276421,0.0
round2_E4_pipelined,256,best_5+1,eft_old,heldout_bfcl_b2_l13_s3,1.6475438333333332,1.6475438333333332,0.0
round2_E4_pipelined,256,best_5+1,eft_old,heldout_bfcl_b4_l13_s3,3.294960666666666,3.294960666666666,0.0
round2_E4_pipelined,256,best_5+1,eft_old,heldout_bfcl_b8_l13_s3,3.98183280080216,3.98183280080216,0.0
round2_E4_pipelined,256,best_5+1,eft_old,heldout_bfcl_b16_l13_s3,5.766834005451729,5.766834005451729,0.0
round2_E4_pipelined,256,best_5+1,eft_old,heldout_bfcl_b2_l13_s7,1.9220753333333334,1.9220753333333334,0.0
round2_E4_pipelined,256,best_5+1,eft_old,heldout_bfcl_b4_l13_s7,3.0204861666666663,3.0204861666666663,0.0
round2_E4_pipelined,256,best_5+1,eft_old,heldout_bfcl_b8_l13_s7,4.393470833333333,4.393470833333333,0.0
round2_E4_pipelined,256,best_5+1,eft_old,heldout_bfcl_b16_l13_s7,5.767133651033787,5.767133651033787,0.0
round2_E4_pipelined,256,best_5+1,eft_old,heldout_bfcl_b2_l13_s11,1.2357453333333333,1.2357453333333333,0.0
round2_E4_pipelined,256,best_5+1,eft_old,heldout_bfcl_b4_l13_s11,2.883184666666666,2.883184666666666,0.0
round2_E4_pipelined,256,best_5+1,eft_old,heldout_bfcl_b8_l13_s11,3.70871484796748,3.70871484796748,0.0
round2_E4_pipelined,256,best_5+1,eft_old,heldout_bfcl_b16_l13_s11,6.727703054095568,6.727703054095568,0.0
round2_E4_pipelined,256,best_5+1,eft_old,heldout_bfcl_b2_l26_s3,1.7848593333333331,1.7848593333333331,0.0
round2_E4_pipelined,256,best_5+1,eft_old,heldout_bfcl_b4_l26_s3,3.294960666666666,3.294960666666666,0.0
round2_E4_pipelined,256,best_5+1,eft_old,heldout_bfcl_b8_l26_s3,4.256246840650408,4.256246840650408,0.0
round2_E4_pipelined,256,best_5+1,eft_old,heldout_bfcl_b16_l26_s3,6.590486450342145,6.590486450342145,0.0
round2_E4_pipelined,256,best_5+1,eft_old,heldout_bfcl_b2_l26_s7,1.647576333333333,1.647576333333333,0.0
round2_E4_pipelined,256,best_5+1,eft_old,heldout_bfcl_b4_l26_s7,3.294960666666666,3.294960666666666,0.0
round2_E4_pipelined,256,best_5+1,eft_old,heldout_bfcl_b8_l26_s7,4.668082844308944,4.668082844308944,0.0
round2_E4_pipelined,256,best_5+1,eft_old,heldout_bfcl_b16_l26_s7,6.041198177916694,6.041198177916694,0.0
round2_E4_pipelined,256,best_5+1,eft_old,heldout_bfcl_b2_l26_s11,1.3730448333333332,1.3730448333333332,0.0
round2_E4_pipelined,256,best_5+1,eft_old,heldout_bfcl_b4_l26_s11,3.0204006666666663,3.0204006666666663,0.0
round2_E4_pipelined,256,best_5+1,eft_old,heldout_bfcl_b8_l26_s11,4.530806840650405,4.530806840650405,0.0
round2_E4_pipelined,256,best_5+1,eft_old,heldout_bfcl_b16_l26_s11,6.864859222764226,6.864859222764226,0.0
round2_E4_pipelined,256,best_5+1,eft_old,heldout_gpqa_b2_l2_s3,1.7848593333333331,1.7848593333333331,0.0
round2_E4_pipelined,256,best_5+1,eft_old,heldout_gpqa_b4_l2_s3,2.4712806666666665,2.4712806666666665,0.0
round2_E4_pipelined,256,best_5+1,eft_old,heldout_gpqa_b8_l2_s3,3.158308864870695,3.158308864870695,0.0
round2_E4_pipelined,256,best_5+1,eft_old,heldout_gpqa_b16_l2_s3,4.119454368568276,4.119454368568276,0.0
round2_E4_pipelined,256,best_5+1,eft_old,heldout_gpqa_b2_l2_s7,1.9220753333333334,1.9220753333333334,0.0
round2_E4_pipelined,256,best_5+1,eft_old,heldout_gpqa_b4_l2_s7,3.294960666666666,3.294960666666666,0.0
round2_E4_pipelined,256,best_5+1,eft_old,heldout_gpqa_b8_l2_s7,4.66838684796748,4.66838684796748,0.0
round2_E4_pipelined,256,best_5+1,eft_old,heldout_gpqa_b16_l2_s7,6.727751964156056,6.727751964156056,0.0
round2_E4_pipelined,256,best_5+1,eft_old,heldout_gpqa_b2_l2_s11,1.5103888333333333,1.5103888333333333,0.0
round2_E4_pipelined,256,best_5+1,eft_old,heldout_gpqa_b4_l2_s11,3.157744666666667,3.157744666666667,0.0
round2_E4_pipelined,256,best_5+1,eft_old,heldout_gpqa_b8_l2_s11,5.217386847967479,5.217386847967479,0.0
round2_E4_pipelined,256,best_5+1,eft_old,heldout_gpqa_b16_l2_s11,7.139438813163753,7.139438813163753,0.0
round2_E4_pipelined,256,best_5+1,eft_old,heldout_gpqa_b2_l13_s3,1.7848593333333334,1.7848593333333334,0.0
round2_E4_pipelined,256,best_5+1,eft_old,heldout_gpqa_b4_l13_s3,2.608624666666666,2.608624666666666,0.0
round2_E4_pipelined,256,best_5+1,eft_old,heldout_gpqa_b8_l13_s3,3.844526844308943,3.844526844308943,0.0
round2_E4_pipelined,256,best_5+1,eft_old,heldout_gpqa_b16_l13_s3,4.677811356061307,4.677811356061307,0.0
round2_E4_pipelined,256,best_5+1,eft_old,heldout_gpqa_b2_l13_s7,1.7848593333333334,1.7848593333333334,0.0
round2_E4_pipelined,256,best_5+1,eft_old,heldout_gpqa_b4_l13_s7,3.157744666666666,3.157744666666666,0.0
round2_E4_pipelined,256,best_5+1,eft_old,heldout_gpqa_b8_l13_s7,4.805426576016261,4.805426576016261,0.0
round2_E4_pipelined,256,best_5+1,eft_old,heldout_gpqa_b16_l13_s7,6.315873031158048,6.315873031158048,0.0
round2_E4_pipelined,256,best_5+1,eft_old,heldout_gpqa_b2_l13_s11,1.2358288333333332,1.2358288333333332,0.0
round2_E4_pipelined,256,best_5+1,eft_old,heldout_gpqa_b4_l13_s11,3.294960666666666,3.294960666666666,0.0
round2_E4_pipelined,256,best_5+1,eft_old,heldout_gpqa_b8_l13_s11,4.1189028406504065,4.1189028406504065,0.0
round2_E4_pipelined,256,best_5+1,eft_old,heldout_gpqa_b16_l13_s11,6.45342498018665,6.45342498018665,0.0
round2_E4_pipelined,256,best_5+1,eft_old,heldout_gpqa_b2_l26_s3,1.9220753333333334,1.9220753333333334,0.0
round2_E4_pipelined,256,best_5+1,eft_old,heldout_gpqa_b4_l26_s3,2.334121666666667,2.334121666666667,0.0
round2_E4_pipelined,256,best_5+1,eft_old,heldout_gpqa_b8_l26_s3,3.4327474152493314,3.4327474152493314,0.0
round2_E4_pipelined,256,best_5+1,eft_old,heldout_gpqa_b16_l26_s3,4.9432160630934066,4.9432160630934066,0.0
round2_E4_pipelined,256,best_5+1,eft_old,heldout_gpqa_b2_l26_s7,1.9220753333333334,1.9220753333333334,0.0
round2_E4_pipelined,256,best_5+1,eft_old,heldout_gpqa_b4_l26_s7,3.157744666666666,3.157744666666666,0.0
round2_E4_pipelined,256,best_5+1,eft_old,heldout_gpqa_b8_l26_s7,4.668022840650408,4.668022840650408,0.0
round2_E4_pipelined,256,best_5+1,eft_old,heldout_gpqa_b16_l26_s7,6.59041302055056,6.59041302055056,0.0
round2_E4_pipelined,256,best_5+1,eft_old,heldout_gpqa_b2_l26_s11,1.784887833333333,1.784887833333333,0.0
round2_E4_pipelined,256,best_5+1,eft_old,heldout_gpqa_b4_l26_s11,3.4323046666666666,3.4323046666666666,0.0
round2_E4_pipelined,256,best_5+1,eft_old,heldout_gpqa_b8_l26_s11,4.668030833333333,4.668030833333333,0.0
round2_E4_pipelined,256,best_5+1,eft_old,heldout_gpqa_b16_l26_s11,7.139371578418329,7.139371578418329,0.0
round2_E4_pipelined,256,best_5+1,eft_old,heldout_swe_b2_l2_s3,1.7848593333333334,1.7848593333333334,0.0
round2_E4_pipelined,256,best_5+1,eft_old,heldout_swe_b4_l2_s3,2.0595046666666663,2.0595046666666663,0.0
round2_E4_pipelined,256,best_5+1,eft_old,heldout_swe_b8_l2_s3,2.3345068516260166,2.3345068516260166,0.0
round2_E4_pipelined,256,best_5+1,eft_old,heldout_swe_b16_l2_s3,3.021212179825571,3.021212179825571,0.0
round2_E4_pipelined,256,best_5+1,eft_old,heldout_swe_b2_l2_s7,1.7849203333333328,1.7849203333333328,0.0
round2_E4_pipelined,256,best_5+1,eft_old,heldout_swe_b4_l2_s7,2.334093166666667,2.334093166666667,0.0
round2_E4_pipelined,256,best_5+1,eft_old,heldout_swe_b8_l2_s7,2.471846851626016,2.471846851626016,0.0
round2_E4_pipelined,256,best_5+1,eft_old,heldout_swe_b16_l2_s7,3.3103396435158863,3.3103396435158863,0.0
round2_E4_pipelined,256,best_5+1,eft_old,heldout_swe_b2_l2_s11,1.7848593333333331,1.7848593333333331,0.0
round2_E4_pipelined,256,best_5+1,eft_old,heldout_swe_b4_l2_s11,2.8831846666666654,2.8831846666666654,0.0
round2_E4_pipelined,256,best_5+1,eft_old,heldout_swe_b8_l2_s11,2.6088626810499322,2.6088626810499322,0.0
round2_E4_pipelined,256,best_5+1,eft_old,heldout_swe_b16_l2_s11,4.141542132993658,4.141542132993658,0.0
round2_E4_pipelined,256,best_5+1,eft_old,heldout_swe_b2_l13_s3,1.9220753333333334,1.9220753333333334,0.0
round2_E4_pipelined,256,best_5+1,eft_old,heldout_swe_b4_l13_s3,2.608624666666667,2.608624666666667,0.0
round2_E4_pipelined,256,best_5+1,eft_old,heldout_swe_b8_l13_s3,2.7461108333333333,2.7461108333333333,0.0
round2_E4_pipelined,256,best_5+1,eft_old,heldout_swe_b16_l13_s3,3.2269771490049353,3.2269771490049353,0.0
round2_E4_pipelined,256,best_5+1,eft_old,heldout_swe_b2_l13_s7,1.9220753333333334,1.9220753333333334,0.0
round2_E4_pipelined,256,best_5+1,eft_old,heldout_swe_b4_l13_s7,2.8831846666666654,2.8831846666666654,0.0
round2_E4_pipelined,256,best_5+1,eft_old,heldout_swe_b8_l13_s7,2.8834226810499324,2.8834226810499324,0.0
round2_E4_pipelined,256,best_5+1,eft_old,heldout_swe_b16_l13_s7,3.2956802656516646,3.2956802656516646,0.0
round2_E4_pipelined,256,best_5+1,eft_old,heldout_swe_b2_l13_s11,1.6475438333333328,1.6475438333333328,0.0
round2_E4_pipelined,256,best_5+1,eft_old,heldout_swe_b4_l13_s11,3.0204006666666663,3.0204006666666663,0.0
round2_E4_pipelined,256,best_5+1,eft_old,heldout_swe_b8_l13_s11,2.6091561330202055,2.6091561330202055,0.0
round2_E4_pipelined,256,best_5+1,eft_old,heldout_swe_b16_l13_s11,4.119397397003117,4.119397397003117,0.0
round2_E4_pipelined,256,best_5+1,eft_old,heldout_swe_b2_l26_s3,1.6475438333333332,1.6475438333333332,0.0
round2_E4_pipelined,256,best_5+1,eft_old,heldout_swe_b4_l26_s3,2.608624666666666,2.608624666666666,0.0
round2_E4_pipelined,256,best_5+1,eft_old,heldout_swe_b8_l26_s3,3.158107834091233,3.158107834091233,0.0
round2_E4_pipelined,256,best_5+1,eft_old,heldout_swe_b16_l26_s3,4.119444217191649,4.119444217191649,0.0
round2_E4_pipelined,256,best_5+1,eft_old,heldout_swe_b2_l26_s7,1.9220753333333334,1.9220753333333334,0.0
round2_E4_pipelined,256,best_5+1,eft_old,heldout_swe_b4_l26_s7,2.4712806666666665,2.4712806666666665,0.0
round2_E4_pipelined,256,best_5+1,eft_old,heldout_swe_b8_l26_s7,3.0206190906504062,3.0206190906504062,0.0
round2_E4_pipelined,256,best_5+1,eft_old,heldout_swe_b16_l26_s7,3.433048017932602,3.433048017932602,0.0
round2_E4_pipelined,256,best_5+1,eft_old,heldout_swe_b2_l26_s11,1.9220753333333334,1.9220753333333334,0.0
round2_E4_pipelined,256,best_5+1,eft_old,heldout_swe_b4_l26_s11,3.4323046666666666,3.4323046666666666,0.0
round2_E4_pipelined,256,best_5+1,eft_old,heldout_swe_b8_l26_s11,2.60882683699187,2.60882683699187,0.0
round2_E4_pipelined,256,best_5+1,eft_old,heldout_swe_b16_l26_s11,4.3941317571329455,4.3941317571329455,0.0
round2_E4_pipelined,256,best_5+1,eft_old,v3_captured_mixed_heldout_bfcl_t64_l2,11.397159909630096,11.397159909630096,0.0
round2_E4_pipelined,256,best_5+1,eft_old,v3_captured_mixed_heldout_bfcl_t96_l2,13.863369813083368,13.863369813083368,0.0
round2_E4_pipelined,256,best_5+1,eft_old,v3_captured_mixed_heldout_bfcl_t128_l2,17.168720187456817,17.168720187456817,0.0
round2_E4_pipelined,256,best_5+1,eft_old,v3_captured_mixed_heldout_bfcl_t64_l13,10.757993664361425,10.757993664361425,0.0
round2_E4_pipelined,256,best_5+1,eft_old,v3_captured_mixed_heldout_bfcl_t96_l13,13.822335448624544,13.822335448624544,0.0
round2_E4_pipelined,256,best_5+1,eft_old,v3_captured_mixed_heldout_bfcl_t128_l13,16.305010674130646,16.305010674130646,0.0
round2_E4_pipelined,256,best_5+1,eft_old,v3_captured_mixed_heldout_bfcl_t64_l26,11.108485076413036,11.108485076413036,0.0
round2_E4_pipelined,256,best_5+1,eft_old,v3_captured_mixed_heldout_bfcl_t96_l26,13.810830608528228,13.810830608528228,0.0
round2_E4_pipelined,256,best_5+1,eft_old,v3_captured_mixed_heldout_bfcl_t128_l26,16.86031564569069,16.86031564569069,0.0
round2_E4_pipelined,256,best_5+1,eft_old,v3_captured_mixed_heldout_gpqa_t64_l2,11.62269911876639,11.62269911876639,0.0
round2_E4_pipelined,256,best_5+1,eft_old,v3_captured_mixed_heldout_gpqa_t96_l2,13.207374428013983,13.207374428013983,0.0
round2_E4_pipelined,256,best_5+1,eft_old,v3_captured_mixed_heldout_gpqa_t128_l2,15.740690507569475,15.740690507569475,0.0
round2_E4_pipelined,256,best_5+1,eft_old,v3_captured_mixed_heldout_gpqa_t64_l13,10.477171716147604,10.477171716147604,0.0
round2_E4_pipelined,256,best_5+1,eft_old,v3_captured_mixed_heldout_gpqa_t96_l13,12.803569524810621,12.803569524810621,0.0
round2_E4_pipelined,256,best_5+1,eft_old,v3_captured_mixed_heldout_gpqa_t128_l13,15.844119667606575,15.844119667606575,0.0
round2_E4_pipelined,256,best_5+1,eft_old,v3_captured_mixed_heldout_gpqa_t64_l26,11.615892269705881,11.615892269705881,0.0
round2_E4_pipelined,256,best_5+1,eft_old,v3_captured_mixed_heldout_gpqa_t96_l26,13.450421193893845,13.450421193893845,0.0
round2_E4_pipelined,256,best_5+1,eft_old,v3_captured_mixed_heldout_gpqa_t128_l26,16.25525407242341,16.25525407242341,0.0
round2_E4_pipelined,256,best_5+1,eft_old,v3_captured_mixed_heldout_swe_t64_l2,11.471186190103847,11.471186190103847,0.0
round2_E4_pipelined,256,best_5+1,eft_old,v3_captured_mixed_heldout_swe_t96_l2,13.348587895000513,13.348587895000513,0.0
round2_E4_pipelined,256,best_5+1,eft_old,v3_captured_mixed_heldout_swe_t128_l2,16.05978804901936,16.05978804901936,0.0
round2_E4_pipelined,256,best_5+1,eft_old,v3_captured_mixed_heldout_swe_t64_l13,10.44979146315317,10.44979146315317,0.0
round2_E4_pipelined,256,best_5+1,eft_old,v3_captured_mixed_heldout_swe_t96_l13,13.476473084081356,13.476473084081356,0.0
round2_E4_pipelined,256,best_5+1,eft_old,v3_captured_mixed_heldout_swe_t128_l13,16.969917645666186,16.969917645666186,0.0
round2_E4_pipelined,256,best_5+1,eft_old,v3_captured_mixed_heldout_swe_t64_l26,10.973188651792103,10.973188651792103,0.0
round2_E4_pipelined,256,best_5+1,eft_old,v3_captured_mixed_heldout_swe_t96_l26,12.828487210112023,12.828487210112023,0.0
round2_E4_pipelined,256,best_5+1,eft_old,v3_captured_mixed_heldout_swe_t128_l26,16.169224232621858,16.169224232621858,0.0
round2_E4_port_tight,256,best_5+1,eft_old,heldout_bfcl_b2_l2_s3,5.50289997409135,5.50289997409135,0.0
round2_E4_port_tight,256,best_5+1,eft_old,heldout_bfcl_b4_l2_s3,7.861281080857422,7.861281080857422,0.0
round2_E4_port_tight,256,best_5+1,eft_old,heldout_bfcl_b8_l2_s3,10.974888500000004,10.974888500000004,0.0
round2_E4_port_tight,256,best_5+1,eft_old,heldout_bfcl_b16_l2_s3,14.150617526373567,14.150617526373567,0.0
round2_E4_port_tight,256,best_5+1,eft_old,heldout_bfcl_b2_l2_s7,5.50289997409135,5.50289997409135,0.0
round2_E4_port_tight,256,best_5+1,eft_old,heldout_bfcl_b4_l2_s7,8.647402169872288,8.647402169872288,0.0
round2_E4_port_tight,256,best_5+1,eft_old,heldout_bfcl_b8_l2_s7,11.791984701048852,11.791984701048852,0.0
round2_E4_port_tight,256,best_5+1,eft_old,heldout_bfcl_b16_l2_s7,18.050223472050543,18.050223472050543,0.0
round2_E4_port_tight,256,best_5+1,eft_old,heldout_bfcl_b2_l2_s11,3.930687602721088,3.930687602721088,0.0
round2_E4_port_tight,256,best_5+1,eft_old,heldout_bfcl_b4_l2_s11,8.64740216987228,8.64740216987228,0.0
round2_E4_port_tight,256,best_5+1,eft_old,heldout_bfcl_b8_l2_s11,12.546970748979595,12.546970748979595,0.0
round2_E4_port_tight,256,best_5+1,eft_old,heldout_bfcl_b16_l2_s11,20.408610347619042,20.408610347619042,0.0
round2_E4_port_tight,256,best_5+1,eft_old,heldout_bfcl_b2_l13_s3,4.716774002721089,4.716774002721089,0.0
round2_E4_port_tight,256,best_5+1,eft_old,heldout_bfcl_b4_l13_s3,9.433488569872287,9.433488569872287,0.0
round2_E4_port_tight,256,best_5+1,eft_old,heldout_bfcl_b8_l13_s3,11.760935169387754,11.760935169387754,0.0
round2_E4_port_tight,256,best_5+1,eft_old,heldout_bfcl_b16_l13_s3,15.722822324196722,15.722822324196722,0.0
round2_E4_port_tight,256,best_5+1,eft_old,heldout_bfcl_b2_l13_s7,5.50289997409135,5.50289997409135,0.0
round2_E4_port_tight,256,best_5+1,eft_old,heldout_bfcl_b4_l13_s7,8.647402169872285,8.647402169872285,0.0
round2_E4_port_tight,256,best_5+1,eft_old,heldout_bfcl_b8_l13_s7,12.578071101048863,12.578071101048863,0.0
round2_E4_port_tight,256,best_5+1,eft_old,heldout_bfcl_b16_l13_s7,15.722822324196715,15.722822324196715,0.0
round2_E4_port_tight,256,best_5+1,eft_old,heldout_bfcl_b2_l13_s11,3.899513661904762,3.899513661904762,0.0
round2_E4_port_tight,256,best_5+1,eft_old,heldout_bfcl_b4_l13_s11,8.616231752380955,8.616231752380955,0.0
round2_E4_port_tight,256,best_5+1,eft_old,heldout_bfcl_b8_l13_s11,10.974781547619049,10.974781547619049,0.0
round2_E4_port_tight,256,best_5+1,eft_old,heldout_bfcl_b16_l13_s11,18.836333009428856,18.836333009428856,0.0
round2_E4_port_tight,256,best_5+1,eft_old,heldout_bfcl_b2_l26_s3,5.471754461904762,5.471754461904762,0.0
round2_E4_port_tight,256,best_5+1,eft_old,heldout_bfcl_b4_l26_s3,9.433488569872285,9.433488569872285,0.0
round2_E4_port_tight,256,best_5+1,eft_old,heldout_bfcl_b8_l26_s3,12.547125426530616,12.547125426530616,0.0
round2_E4_port_tight,256,best_5+1,eft_old,heldout_bfcl_b16_l26_s3,18.081145033805072,18.081145033805072,0.0
round2_E4_port_tight,256,best_5+1,eft_old,heldout_bfcl_b2_l26_s7,4.716774002721088,4.716774002721088,0.0
round2_E4_port_tight,256,best_5+1,eft_old,heldout_bfcl_b4_l26_s7,9.433488569872285,9.433488569872285,0.0
round2_E4_port_tight,256,best_5+1,eft_old,heldout_bfcl_b8_l26_s7,13.364189793040225,13.364189793040225,0.0
round2_E4_port_tight,256,best_5+1,eft_old,heldout_bfcl_b16_l26_s7,16.50894053711412,16.50894053711412,0.0
round2_E4_port_tight,256,best_5+1,eft_old,heldout_bfcl_b2_l26_s11,3.930687602721088,3.930687602721088,0.0
round2_E4_port_tight,256,best_5+1,eft_old,heldout_bfcl_b4_l26_s11,8.647402169872283,8.647402169872283,0.0
round2_E4_port_tight,256,best_5+1,eft_old,heldout_bfcl_b8_l26_s11,13.333093233238365,13.333093233238365,0.0
round2_E4_port_tight,256,best_5+1,eft_old,heldout_bfcl_b16_l26_s11,18.867231433805067,18.867231433805067,0.0
round2_E4_port_tight,256,best_5+1,eft_old,heldout_gpqa_b2_l2_s3,5.471754461904762,5.471754461904762,0.0
round2_E4_port_tight,256,best_5+1,eft_old,heldout_gpqa_b4_l2_s3,7.075194680857422,7.075194680857422,0.0
round2_E4_port_tight,256,best_5+1,eft_old,heldout_gpqa_b8_l2_s3,9.402511540758015,9.402511540758015,0.0
round2_E4_port_tight,256,best_5+1,eft_old,heldout_gpqa_b16_l2_s3,11.006206874395914,11.006206874395914,0.0
round2_E4_port_tight,256,best_5+1,eft_old,heldout_gpqa_b2_l2_s7,5.50289997409135,5.50289997409135,0.0
round2_E4_port_tight,256,best_5+1,eft_old,heldout_gpqa_b4_l2_s7,9.433488569872283,9.433488569872283,0.0
round2_E4_port_tight,256,best_5+1,eft_old,heldout_gpqa_b8_l2_s7,13.364189793040225,13.364189793040225,0.0
round2_E4_port_tight,256,best_5+1,eft_old,heldout_gpqa_b16_l2_s7,18.83648065034013,18.83648065034013,0.0
round2_E4_port_tight,256,best_5+1,eft_old,heldout_gpqa_b2_l2_s11,4.685668061904762,4.685668061904762,0.0
round2_E4_port_tight,256,best_5+1,eft_old,heldout_gpqa_b4_l2_s11,9.4023421414966,9.4023421414966,0.0
round2_E4_port_tight,256,best_5+1,eft_old,heldout_gpqa_b8_l2_s11,14.936394590863374,14.936394590863374,0.0
round2_E4_port_tight,256,best_5+1,eft_old,heldout_gpqa_b16_l2_s11,19.653349457439383,19.653349457439383,0.0
round2_E4_port_tight,256,best_5+1,eft_old,heldout_gpqa_b2_l13_s3,5.471730802721089,5.471730802721089,0.0
round2_E4_port_tight,256,best_5+1,eft_old,heldout_gpqa_b4_l13_s3,7.830129280952383,7.830129280952383,0.0
round2_E4_port_tight,256,best_5+1,eft_old,heldout_gpqa_b8_l13_s3,11.005865541062576,11.005865541062576,0.0
round2_E4_port_tight,256,best_5+1,eft_old,heldout_gpqa_b16_l13_s3,12.578478748182704,12.578478748182704,0.0
round2_E4_port_tight,256,best_5+1,eft_old,heldout_gpqa_b2_l13_s7,5.471730802721089,5.471730802721089,0.0
round2_E4_port_tight,256,best_5+1,eft_old,heldout_gpqa_b4_l13_s7,9.402358212925174,9.402358212925174,0.0
round2_E4_port_tight,256,best_5+1,eft_old,heldout_gpqa_b8_l13_s7,14.11931507619048,14.11931507619048,0.0
round2_E4_port_tight,256,best_5+1,eft_old,heldout_gpqa_b16_l13_s7,17.295026937114127,17.295026937114127,0.0
round2_E4_port_tight,256,best_5+1,eft_old,heldout_gpqa_b2_l13_s11,3.8995297333333334,3.8995297333333334,0.0
round2_E4_port_tight,256,best_5+1,eft_old,heldout_gpqa_b4_l13_s11,9.433488569872287,9.433488569872287,0.0
round2_E4_port_tight,256,best_5+1,eft_old,heldout_gpqa_b8_l13_s11,11.791984701048854,11.791984701048854,0.0
round2_E4_port_tight,256,best_5+1,eft_old,heldout_gpqa_b16_l13_s11,18.050347274091344,18.050347274091344,0.0
round2_E4_port_tight,256,best_5+1,eft_old,heldout_gpqa_b2_l26_s3,5.50289997409135,5.50289997409135,0.0
round2_E4_port_tight,256,best_5+1,eft_old,heldout_gpqa_b4_l26_s3,7.044058952380955,7.044058952380955,0.0
round2_E4_port_tight,256,best_5+1,eft_old,heldout_gpqa_b8_l26_s3,10.188784790476186,10.188784790476186,0.0
round2_E4_port_tight,256,best_5+1,eft_old,heldout_gpqa_b16_l26_s3,13.36453112637357,13.36453112637357,0.0
round2_E4_port_tight,256,best_5+1,eft_old,heldout_gpqa_b2_l26_s7,5.50289997409135,5.50289997409135,0.0
round2_E4_port_tight,256,best_5+1,eft_old,heldout_gpqa_b4_l26_s7,9.40242123129252,9.40242123129252,0.0
round2_E4_port_tight,256,best_5+1,eft_old,heldout_gpqa_b8_l26_s7,13.364189793040236,13.364189793040236,0.0
round2_E4_port_tight,256,best_5+1,eft_old,heldout_gpqa_b16_l26_s7,18.08114503380507,18.08114503380507,0.0
round2_E4_port_tight,256,best_5+1,eft_old,heldout_gpqa_b2_l26_s11,5.471730802721089,5.471730802721089,0.0
round2_E4_port_tight,256,best_5+1,eft_old,heldout_gpqa_b4_l26_s11,10.188380376127167,10.188380376127167,0.0
round2_E4_port_tight,256,best_5+1,eft_old,heldout_gpqa_b8_l26_s11,13.364189793040236,13.364189793040236,0.0
round2_E4_port_tight,256,best_5+1,eft_old,heldout_gpqa_b16_l26_s11,19.653349457439383,19.653349457439383,0.0
round2_E4_port_tight,256,best_5+1,eft_old,heldout_swe_b2_l2_s3,5.471754461904763,5.471754461904763,0.0
round2_E4_port_tight,256,best_5+1,eft_old,heldout_swe_b4_l2_s3,6.257911361904764,6.257911361904764,0.0
round2_E4_port_tight,256,best_5+1,eft_old,heldout_swe_b8_l2_s3,7.04423642857143,7.04423642857143,0.0
round2_E4_port_tight,256,best_5+1,eft_old,heldout_swe_b16_l2_s3,7.861824507424685,7.861824507424685,0.0
round2_E4_port_tight,256,best_5+1,eft_old,heldout_swe_b2_l2_s7,5.471730802721089,5.471730802721089,0.0
round2_E4_port_tight,256,best_5+1,eft_old,heldout_swe_b4_l2_s7,7.044065761904764,7.044065761904764,0.0
round2_E4_port_tight,256,best_5+1,eft_old,heldout_swe_b8_l2_s7,7.075365347524088,7.075365347524088,0.0
round2_E4_port_tight,256,best_5+1,eft_old,heldout_swe_b16_l2_s7,9.402882080952386,9.402882080952386,0.0
round2_E4_port_tight,256,best_5+1,eft_old,heldout_swe_b2_l2_s11,5.471754461904762,5.471754461904762,0.0
round2_E4_port_tight,256,best_5+1,eft_old,heldout_swe_b4_l2_s11,8.616290490476192,8.616290490476192,0.0
round2_E4_port_tight,256,best_5+1,eft_old,heldout_swe_b8_l2_s11,7.830382002721088,7.830382002721088,0.0
round2_E4_port_tight,256,best_5+1,eft_old,heldout_swe_b16_l2_s11,11.006206874395907,11.006206874395907,0.0
round2_E4_port_tight,256,best_5+1,eft_old,heldout_swe_b2_l13_s3,5.50289997409135,5.50289997409135,0.0
round2_E4_port_tight,256,best_5+1,eft_old,heldout_swe_b4_l13_s3,7.830143336054423,7.830143336054423,0.0
round2_E4_port_tight,256,best_5+1,eft_old,heldout_swe_b8_l13_s3,7.861451747524088,7.861451747524088,0.0
round2_E4_port_tight,256,best_5+1,eft_old,heldout_swe_b16_l13_s3,8.616886561904765,8.616886561904765,0.0
round2_E4_port_tight,256,best_5+1,eft_old,heldout_swe_b2_l13_s7,5.50289997409135,5.50289997409135,0.0
round2_E4_port_tight,256,best_5+1,eft_old,heldout_swe_b4_l13_s7,8.616305323809527,8.616305323809527,0.0
round2_E4_port_tight,256,best_5+1,eft_old,heldout_swe_b8_l13_s7,8.616442479591838,8.616442479591838,0.0
round2_E4_port_tight,256,best_5+1,eft_old,heldout_swe_b16_l13_s7,8.647914169872285,8.647914169872285,0.0
round2_E4_port_tight,256,best_5+1,eft_old,heldout_swe_b2_l13_s11,4.716774002721088,4.716774002721088,0.0
round2_E4_port_tight,256,best_5+1,eft_old,heldout_swe_b4_l13_s11,8.647402169872288,8.647402169872288,0.0
round2_E4_port_tight,256,best_5+1,eft_old,heldout_swe_b8_l13_s11,7.830384019047622,7.830384019047622,0.0
round2_E4_port_tight,256,best_5+1,eft_old,heldout_swe_b16_l13_s11,11.761327193197284,11.761327193197284,0.0
round2_E4_port_tight,256,best_5+1,eft_old,heldout_swe_b2_l26_s3,4.716774002721088,4.716774002721088,0.0
round2_E4_port_tight,256,best_5+1,eft_old,heldout_swe_b4_l26_s3,7.830183066666668,7.830183066666668,0.0
round2_E4_port_tight,256,best_5+1,eft_old,heldout_swe_b8_l26_s3,9.402494947524087,9.402494947524087,0.0
round2_E4_port_tight,256,best_5+1,eft_old,heldout_swe_b16_l26_s3,11.761345280952385,11.761345280952385,0.0
round2_E4_port_tight,256,best_5+1,eft_old,heldout_swe_b2_l26_s7,5.50289997409135,5.50289997409135,0.0
round2_E4_port_tight,256,best_5+1,eft_old,heldout_swe_b4_l26_s7,7.075194680857423,7.075194680857423,0.0
round2_E4_port_tight,256,best_5+1,eft_old,heldout_swe_b8_l26_s7,8.64757283653895,8.64757283653895,0.0
round2_E4_port_tight,256,best_5+1,eft_old,heldout_swe_b16_l26_s7,9.402950080952383,9.402950080952383,0.0
round2_E4_port_tight,256,best_5+1,eft_old,heldout_swe_b2_l26_s11,5.50289997409135,5.50289997409135,0.0
round2_E4_port_tight,256,best_5+1,eft_old,heldout_swe_b4_l26_s11,10.188380376127167,10.188380376127167,0.0
round2_E4_port_tight,256,best_5+1,eft_old,heldout_swe_b8_l26_s11,7.8303215904761885,7.8303215904761885,0.0
round2_E4_port_tight,256,best_5+1,eft_old,heldout_swe_b16_l26_s11,11.792392348182704,11.792392348182704,0.0
round2_E4_port_tight,256,best_5+1,eft_old,v3_captured_mixed_heldout_bfcl_t64_l2,26.11745039514314,26.11745039514314,0.0
round2_E4_port_tight,256,best_5+1,eft_old,v3_captured_mixed_heldout_bfcl_t96_l2,58.33935454072128,58.33935454072128,0.0
round2_E4_port_tight,256,best_5+1,eft_old,v3_captured_mixed_heldout_bfcl_t128_l2,69.9456417884353,69.9456417884353,0.0
round2_E4_port_tight,256,best_5+1,eft_old,v3_captured_mixed_heldout_bfcl_t64_l13,27.6895635195746,27.6895635195746,0.0
round2_E4_port_tight,256,best_5+1,eft_old,v3_captured_mixed_heldout_bfcl_t96_l13,58.33940695296619,58.33940695296619,0.0
round2_E4_port_tight,256,best_5+1,eft_old,v3_captured_mixed_heldout_bfcl_t128_l13,68.37325182225314,68.37325182225314,0.0
round2_E4_port_tight,256,best_5+1,eft_old,v3_captured_mixed_heldout_bfcl_t64_l26,26.117458003284742,26.117458003284742,0.0
round2_E4_port_tight,256,best_5+1,eft_old,v3_captured_mixed_heldout_bfcl_t96_l26,32.37646096851175,32.37646096851175,0.0
round2_E4_port_tight,256,best_5+1,eft_old,v3_captured_mixed_heldout_bfcl_t128_l26,33.367709009153806,33.367709009153806,0.0
round2_E4_port_tight,256,best_5+1,eft_old,v3_captured_mixed_heldout_gpqa_t64_l2,26.903488760485914,26.903488760485914,0.0
round2_E4_port_tight,256,best_5+1,eft_old,v3_captured_mixed_heldout_gpqa_t96_l2,30.80399431247884,30.80399431247884,0.0
round2_E4_port_tight,256,best_5+1,eft_old,v3_captured_mixed_heldout_gpqa_t128_l2,69.1595671026627,69.1595671026627,0.0
round2_E4_port_tight,256,best_5+1,eft_old,v3_captured_mixed_heldout_gpqa_t64_l13,25.330992586010783,25.330992586010783,0.0
round2_E4_port_tight,256,best_5+1,eft_old,v3_captured_mixed_heldout_gpqa_t96_l13,56.76740884285707,56.76740884285707,0.0
round2_E4_port_tight,256,best_5+1,eft_old,v3_captured_mixed_heldout_gpqa_t128_l13,67.58746617619038,67.58746617619038,0.0
round2_E4_port_tight,256,best_5+1,eft_old,v3_captured_mixed_heldout_gpqa_t64_l26,26.903497244159386,26.903497244159386,0.0
round2_E4_port_tight,256,best_5+1,eft_old,v3_captured_mixed_heldout_gpqa_t96_l26,31.590116714655693,31.590116714655693,0.0
round2_E4_port_tight,256,best_5+1,eft_old,v3_captured_mixed_heldout_gpqa_t128_l26,34.15368821924489,34.15368821924489,0.0
round2_E4_port_tight,256,best_5+1,eft_old,v3_captured_mixed_heldout_swe_t64_l2,26.903401545729544,26.903401545729544,0.0
round2_E4_port_tight,256,best_5+1,eft_old,v3_captured_mixed_heldout_swe_t96_l2,30.804096380322612,30.804096380322612,0.0
round2_E4_port_tight,256,best_5+1,eft_old,v3_captured_mixed_heldout_swe_t128_l2,34.15374578703037,34.15374578703037,0.0
round2_E4_port_tight,256,best_5+1,eft_old,v3_captured_mixed_heldout_swe_t64_l13,42.04773034820435,42.04773034820435,0.0
round2_E4_port_tight,256,best_5+1,eft_old,v3_captured_mixed_heldout_swe_t96_l13,28.445834527590346,28.445834527590346,0.0
round2_E4_port_tight,256,best_5+1,eft_old,v3_captured_mixed_heldout_swe_t128_l13,67.58704949368172,67.58704949368172,0.0
round2_E4_port_tight,256,best_5+1,eft_old,v3_captured_mixed_heldout_swe_t64_l26,26.903459376717503,26.903459376717503,0.0
round2_E4_port_tight,256,best_5+1,eft_old,v3_captured_mixed_heldout_swe_t96_l26,57.55339958367339,57.55339958367339,0.0
round2_E4_port_tight,256,best_5+1,eft_old,v3_captured_mixed_heldout_swe_t128_l26,34.153650147744436,34.153650147744436,0.0
round2_E4_pipelined,256,best_hetero,eft_old,heldout_bfcl_b2_l2_s3,1.9221393333333334,1.9221393333333334,0.0
round2_E4_pipelined,256,best_hetero,eft_old,heldout_bfcl_b4_l2_s3,2.7460117687074823,2.7460117687074823,0.0
round2_E4_pipelined,256,best_hetero,eft_old,heldout_bfcl_b8_l2_s3,3.7071821211210634,3.7071821211210634,0.0
round2_E4_pipelined,256,best_hetero,eft_old,heldout_bfcl_b16_l2_s3,4.943085701042115,4.943085701042115,0.0
round2_E4_pipelined,256,best_hetero,eft_old,heldout_bfcl_b2_l2_s7,1.9221393333333334,1.9221393333333334,0.0
round2_E4_pipelined,256,best_hetero,eft_old,heldout_bfcl_b4_l2_s7,3.0329127604166675,3.0329127604166675,0.0
round2_E4_pipelined,256,best_hetero,eft_old,heldout_bfcl_b8_l2_s7,4.119086103630753,4.119086103630753,0.0
round2_E4_pipelined,256,best_hetero,eft_old,heldout_bfcl_b16_l2_s7,6.178804276286226,6.178804276286226,0.0
round2_E4_pipelined,256,best_hetero,eft_old,heldout_bfcl_b2_l2_s11,1.3730193333333331,1.3730193333333331,0.0
round2_E4_pipelined,256,best_hetero,eft_old,heldout_bfcl_b4_l2_s11,3.0329127604166675,3.0329127604166675,0.0
round2_E4_pipelined,256,best_hetero,eft_old,heldout_bfcl_b8_l2_s11,4.256366134663035,4.256366134663035,0.0
round2_E4_pipelined,256,best_hetero,eft_old,heldout_bfcl_b16_l2_s11,7.002484328757154,7.002484328757154,0.0
round2_E4_pipelined,256,best_hetero,eft_old,heldout_bfcl_b2_l13_s3,1.6475793333333333,1.6475793333333333,0.0
round2_E4_pipelined,256,best_hetero,eft_old,heldout_bfcl_b4_l13_s3,3.29516573938197,3.29516573938197,0.0
round2_E4_pipelined,256,best_hetero,eft_old,heldout_bfcl_b8_l13_s3,3.981806130702492,3.981806130702492,0.0
round2_E4_pipelined,256,best_hetero,eft_old,heldout_bfcl_b16_l13_s3,5.492282678754655,5.492282678754655,0.0
round2_E4_pipelined,256,best_hetero,eft_old,heldout_bfcl_b2_l13_s7,1.9221393333333334,1.9221393333333334,0.0
round2_E4_pipelined,256,best_hetero,eft_old,heldout_bfcl_b4_l13_s7,3.0329127604166675,3.0329127604166675,0.0
round2_E4_pipelined,256,best_hetero,eft_old,heldout_bfcl_b8_l13_s7,4.393646103630752,4.393646103630752,0.0
round2_E4_pipelined,256,best_hetero,eft_old,heldout_bfcl_b16_l13_s7,5.49227068833608,5.49227068833608,0.0
round2_E4_pipelined,256,best_hetero,eft_old,heldout_bfcl_b2_l13_s11,1.2357393333333333,1.2357393333333333,0.0
round2_E4_pipelined,256,best_hetero,eft_old,heldout_bfcl_b4_l13_s11,2.883227768707483,2.883227768707483,0.0
round2_E4_pipelined,256,best_hetero,eft_old,heldout_bfcl_b8_l13_s11,3.7071821171727275,3.7071821171727275,0.0
round2_E4_pipelined,256,best_hetero,eft_old,heldout_bfcl_b16_l13_s11,6.453364346182686,6.453364346182686,0.0
round2_E4_pipelined,256,best_hetero,eft_old,heldout_bfcl_b2_l26_s3,1.7848593333333334,1.7848593333333334,0.0
round2_E4_pipelined,256,best_hetero,eft_old,heldout_bfcl_b4_l26_s3,3.29516573938197,3.29516573938197,0.0
round2_E4_pipelined,256,best_hetero,eft_old,heldout_bfcl_b8_l26_s3,4.256366117172727,4.256366117172727,0.0
round2_E4_pipelined,256,best_hetero,eft_old,heldout_bfcl_b16_l26_s3,6.316032555998284,6.316032555998284,0.0
round2_E4_pipelined,256,best_hetero,eft_old,heldout_bfcl_b2_l26_s7,1.6475793333333333,1.6475793333333333,0.0
round2_E4_pipelined,256,best_hetero,eft_old,heldout_bfcl_b4_l26_s7,3.29516573938197,3.29516573938197,0.0
round2_E4_pipelined,256,best_hetero,eft_old,heldout_bfcl_b8_l26_s7,4.668206134663036,4.668206134663036,0.0
round2_E4_pipelined,256,best_hetero,eft_old,heldout_bfcl_b16_l26_s7,5.766866327050384,5.766866327050384,0.0
round2_E4_pipelined,256,best_hetero,eft_old,heldout_bfcl_b2_l26_s11,1.3730193333333331,1.3730193333333331,0.0
round2_E4_pipelined,256,best_hetero,eft_old,heldout_bfcl_b4_l26_s11,3.0329127604166675,3.0329127604166675,0.0
round2_E4_pipelined,256,best_hetero,eft_old,heldout_bfcl_b8_l26_s11,4.530926156080073,4.530926156080073,0.0
round2_E4_pipelined,256,best_hetero,eft_old,heldout_bfcl_b16_l26_s11,6.590644311245239,6.590644311245239,0.0
round2_E4_pipelined,256,best_hetero,eft_old,heldout_gpqa_b2_l2_s3,1.7848593333333334,1.7848593333333334,0.0
round2_E4_pipelined,256,best_hetero,eft_old,heldout_gpqa_b4_l2_s3,2.47141608551752,2.47141608551752,0.0
round2_E4_pipelined,256,best_hetero,eft_old,heldout_gpqa_b8_l2_s3,3.1580281853624146,3.1580281853624146,0.0
round2_E4_pipelined,256,best_hetero,eft_old,heldout_gpqa_b16_l2_s3,3.9821765325434675,3.9821765325434675,0.0
round2_E4_pipelined,256,best_hetero,eft_old,heldout_gpqa_b2_l2_s7,1.9221393333333334,1.9221393333333334,0.0
round2_E4_pipelined,256,best_hetero,eft_old,heldout_gpqa_b4_l2_s7,3.29516573938197,3.29516573938197,0.0
round2_E4_pipelined,256,best_hetero,eft_old,heldout_gpqa_b8_l2_s7,4.668206103630753,4.668206103630753,0.0
round2_E4_pipelined,256,best_hetero,eft_old,heldout_gpqa_b16_l2_s7,6.45336437325442,6.45336437325442,0.0
round2_E4_pipelined,256,best_hetero,eft_old,heldout_gpqa_b2_l2_s11,1.5102993333333334,1.5102993333333334,0.0
round2_E4_pipelined,256,best_hetero,eft_old,heldout_gpqa_b4_l2_s11,3.1578217393819705,3.1578217393819705,0.0
round2_E4_pipelined,256,best_hetero,eft_old,heldout_gpqa_b8_l2_s11,5.217333522481606,5.217333522481606,0.0
round2_E4_pipelined,256,best_hetero,eft_old,heldout_gpqa_b16_l2_s11,6.865204315150399,6.865204315150399,0.0
round2_E4_pipelined,256,best_hetero,eft_old,heldout_gpqa_b2_l13_s3,1.7848593333333334,1.7848593333333334,0.0
round2_E4_pipelined,256,best_hetero,eft_old,heldout_gpqa_b4_l13_s3,2.60863208551752,2.60863208551752,0.0
round2_E4_pipelined,256,best_hetero,eft_old,heldout_gpqa_b8_l13_s3,3.844526134663036,3.844526134663036,0.0
round2_E4_pipelined,256,best_hetero,eft_old,heldout_gpqa_b16_l13_s3,4.39398761717387,4.39398761717387,0.0
round2_E4_pipelined,256,best_hetero,eft_old,heldout_gpqa_b2_l13_s7,1.7848593333333334,1.7848593333333334,0.0
round2_E4_pipelined,256,best_hetero,eft_old,heldout_gpqa_b4_l13_s7,3.1578217393819705,3.1578217393819705,0.0
round2_E4_pipelined,256,best_hetero,eft_old,heldout_gpqa_b8_l13_s7,4.805521821801334,4.805521821801334,0.0
round2_E4_pipelined,256,best_hetero,eft_old,heldout_gpqa_b16_l13_s7,6.041460245253947,6.041460245253947,0.0
round2_E4_pipelined,256,best_hetero,eft_old,heldout_gpqa_b2_l13_s11,1.2357393333333333,1.2357393333333333,0.0
round2_E4_pipelined,256,best_hetero,eft_old,heldout_gpqa_b4_l13_s11,3.29516573938197,3.29516573938197,0.0
round2_E4_pipelined,256,best_hetero,eft_old,heldout_gpqa_b8_l13_s11,4.119086130714699,4.119086130714699,0.0
round2_E4_pipelined,256,best_hetero,eft_old,heldout_gpqa_b16_l13_s11,6.178804280212956,6.178804280212956,0.0
round2_E4_pipelined,256,best_hetero,eft_old,heldout_gpqa_b2_l26_s3,1.9221393333333334,1.9221393333333334,0.0
round2_E4_pipelined,256,best_hetero,eft_old,heldout_gpqa_b4_l26_s3,2.3340363673469393,2.3340363673469393,0.0
round2_E4_pipelined,256,best_hetero,eft_old,heldout_gpqa_b8_l26_s3,3.4326221346630357,3.4326221346630357,0.0
round2_E4_pipelined,256,best_hetero,eft_old,heldout_gpqa_b16_l26_s3,4.805956733150427,4.805956733150427,0.0
round2_E4_pipelined,256,best_hetero,eft_old,heldout_gpqa_b2_l26_s7,1.9221393333333334,1.9221393333333334,0.0
round2_E4_pipelined,256,best_hetero,eft_old,heldout_gpqa_b4_l26_s7,3.1578217393819705,3.1578217393819705,0.0
round2_E4_pipelined,256,best_hetero,eft_old,heldout_gpqa_b8_l26_s7,4.668206103630754,4.668206103630754,0.0
round2_E4_pipelined,256,best_hetero,eft_old,heldout_gpqa_b16_l26_s7,6.316020297703266,6.316020297703266,0.0
round2_E4_pipelined,256,best_hetero,eft_old,heldout_gpqa_b2_l26_s11,1.7848593333333334,1.7848593333333334,0.0
round2_E4_pipelined,256,best_hetero,eft_old,heldout_gpqa_b4_l26_s11,3.432415710056458,3.432415710056458,0.0
round2_E4_pipelined,256,best_hetero,eft_old,heldout_gpqa_b8_l26_s11,4.668206103630754,4.668206103630754,0.0
round2_E4_pipelined,256,best_hetero,eft_old,heldout_gpqa_b16_l26_s11,6.865204245253944,6.865204245253944,0.0
round2_E4_pipelined,256,best_hetero,eft_old,heldout_swe_b2_l2_s3,1.7848593333333334,1.7848593333333334,0.0
round2_E4_pipelined,256,best_hetero,eft_old,heldout_swe_b4_l2_s3,2.059504666666666,2.059504666666666,0.0
round2_E4_pipelined,256,best_hetero,eft_old,heldout_swe_b8_l2_s3,2.334242795880247,2.334242795880247,0.0
round2_E4_pipelined,256,best_hetero,eft_old,heldout_swe_b16_l2_s3,2.746583891848639,2.746583891848639,0.0
round2_E4_pipelined,256,best_hetero,eft_old,heldout_swe_b2_l2_s7,1.7848593333333334,1.7848593333333334,0.0
round2_E4_pipelined,256,best_hetero,eft_old,heldout_swe_b4_l2_s7,2.334036367346939,2.334036367346939,0.0
round2_E4_pipelined,256,best_hetero,eft_old,heldout_swe_b8_l2_s7,2.471622496582126,2.471622496582126,0.0
round2_E4_pipelined,256,best_hetero,eft_old,heldout_swe_b16_l2_s7,3.1584220263976652,3.1584220263976652,0.0
round2_E4_pipelined,256,best_hetero,eft_old,heldout_swe_b2_l2_s11,1.7848593333333334,1.7848593333333334,0.0
round2_E4_pipelined,256,best_hetero,eft_old,heldout_swe_b4_l2_s11,2.883227768707483,2.883227768707483,0.0
round2_E4_pipelined,256,best_hetero,eft_old,heldout_swe_b8_l2_s11,2.6088384790918164,2.6088384790918164,0.0
round2_E4_pipelined,256,best_hetero,eft_old,heldout_swe_b16_l2_s11,3.982250838644763,3.982250838644763,0.0
round2_E4_pipelined,256,best_hetero,eft_old,heldout_swe_b2_l13_s3,1.9221393333333334,1.9221393333333334,0.0
round2_E4_pipelined,256,best_hetero,eft_old,heldout_swe_b4_l13_s3,2.6086320855175202,2.6086320855175202,0.0
round2_E4_pipelined,256,best_hetero,eft_old,heldout_swe_b8_l13_s3,2.746218197262398,2.746218197262398,0.0
round2_E4_pipelined,256,best_hetero,eft_old,heldout_swe_b16_l13_s3,2.8838282841761975,2.8838282841761975,0.0
round2_E4_pipelined,256,best_hetero,eft_old,heldout_swe_b2_l13_s7,1.9221393333333334,1.9221393333333334,0.0
round2_E4_pipelined,256,best_hetero,eft_old,heldout_swe_b4_l13_s7,2.883227768707483,2.883227768707483,0.0
round2_E4_pipelined,256,best_hetero,eft_old,heldout_swe_b8_l13_s7,2.883434214752707,2.883434214752707,0.0
round2_E4_pipelined,256,best_hetero,eft_old,heldout_swe_b16_l13_s7,3.0360226527462117,3.0360226527462117,0.0
round2_E4_pipelined,256,best_hetero,eft_old,heldout_swe_b2_l13_s11,1.6475793333333333,1.6475793333333333,0.0
round2_E4_pipelined,256,best_hetero,eft_old,heldout_swe_b4_l13_s11,3.0329127604166675,3.0329127604166675,0.0
round2_E4_pipelined,256,best_hetero,eft_old,heldout_swe_b8_l13_s11,2.608838514007656,2.608838514007656,0.0
round2_E4_pipelined,256,best_hetero,eft_old,heldout_swe_b16_l13_s11,4.119511310635549,4.119511310635549,0.0
round2_E4_pipelined,256,best_hetero,eft_old,heldout_swe_b2_l26_s3,1.6475793333333333,1.6475793333333333,0.0
round2_E4_pipelined,256,best_hetero,eft_old,heldout_swe_b4_l26_s3,2.608632068027211,2.608632068027211,0.0
round2_E4_pipelined,256,best_hetero,eft_old,heldout_swe_b8_l26_s3,3.1580281504465764,3.1580281504465764,0.0
round2_E4_pipelined,256,best_hetero,eft_old,heldout_swe_b16_l26_s3,3.844886704889532,3.844886704889532,0.0
round2_E4_pipelined,256,best_hetero,eft_old,heldout_swe_b2_l26_s7,1.9221393333333334,1.9221393333333334,0.0
round2_E4_pipelined,256,best_hetero,eft_old,heldout_swe_b4_l26_s7,2.471416068027211,2.471416068027211,0.0
round2_E4_pipelined,256,best_hetero,eft_old,heldout_swe_b8_l26_s7,3.0337437291375293,3.0337437291375293,0.0
round2_E4_pipelined,256,best_hetero,eft_old,heldout_swe_b16_l26_s7,3.1583761130892096,3.1583761130892096,0.0
round2_E4_pipelined,256,best_hetero,eft_old,heldout_swe_b2_l26_s11,1.9221393333333334,1.9221393333333334,0.0
round2_E4_pipelined,256,best_hetero,eft_old,heldout_swe_b4_l26_s11,3.432415710056458,3.432415710056458,0.0
round2_E4_pipelined,256,best_hetero,eft_old,heldout_swe_b8_l26_s11,2.6088384616015077,2.6088384616015077,0.0
round2_E4_pipelined,256,best_hetero,eft_old,heldout_swe_b16_l26_s11,4.119459261959479,4.119459261959479,0.0
round2_E4_pipelined,256,best_hetero,eft_old,v3_captured_mixed_heldout_bfcl_t64_l2,12.497729422347064,12.497729422347064,0.0
round2_E4_pipelined,256,best_hetero,eft_old,v3_captured_mixed_heldout_bfcl_t96_l2,14.971265366232537,14.971265366232537,0.0
round2_E4_pipelined,256,best_hetero,eft_old,v3_captured_mixed_heldout_bfcl_t128_l2,11.551978962450342,11.551978962450342,0.0
round2_E4_pipelined,256,best_hetero,eft_old,v3_captured_mixed_heldout_bfcl_t64_l13,9.249734618602043,9.249734618602043,0.0
round2_E4_pipelined,256,best_hetero,eft_old,v3_captured_mixed_heldout_bfcl_t96_l13,15.520624313187188,15.520624313187188,0.0
round2_E4_pipelined,256,best_hetero,eft_old,v3_captured_mixed_heldout_bfcl_t128_l13,17.719380848977767,17.719380848977767,0.0
round2_E4_pipelined,256,best_hetero,eft_old,v3_captured_mixed_heldout_bfcl_t64_l26,9.536669222896638,9.536669222896638,0.0
round2_E4_pipelined,256,best_hetero,eft_old,v3_captured_mixed_heldout_bfcl_t96_l26,10.166887616750984,10.166887616750984,0.0
round2_E4_pipelined,256,best_hetero,eft_old,v3_captured_mixed_heldout_bfcl_t128_l26,11.270151887059237,11.270151887059237,0.0
round2_E4_pipelined,256,best_hetero,eft_old,v3_captured_mixed_heldout_gpqa_t64_l2,9.247214178577009,9.247214178577009,0.0
round2_E4_pipelined,256,best_hetero,eft_old,v3_captured_mixed_heldout_gpqa_t96_l2,10.684919919888483,10.684919919888483,0.0
round2_E4_pipelined,256,best_hetero,eft_old,v3_captured_mixed_heldout_gpqa_t128_l2,11.83160841968969,11.83160841968969,0.0
round2_E4_pipelined,256,best_hetero,eft_old,v3_captured_mixed_heldout_gpqa_t64_l13,8.957219677016678,8.957219677016678,0.0
round2_E4_pipelined,256,best_hetero,eft_old,v3_captured_mixed_heldout_gpqa_t96_l13,14.696773746263528,14.696773746263528,0.0
round2_E4_pipelined,256,best_hetero,eft_old,v3_captured_mixed_heldout_gpqa_t128_l13,17.445080076768164,17.445080076768164,0.0
round2_E4_pipelined,256,best_hetero,eft_old,v3_captured_mixed_heldout_gpqa_t64_l26,9.243229468056422,9.243229468056422,0.0
round2_E4_pipelined,256,best_hetero,eft_old,v3_captured_mixed_heldout_gpqa_t96_l26,10.686412274000356,10.686412274000356,0.0
round2_E4_pipelined,256,best_hetero,eft_old,v3_captured_mixed_heldout_gpqa_t128_l26,11.84264353245668,11.84264353245668,0.0
round2_E4_pipelined,256,best_hetero,eft_old,v3_captured_mixed_heldout_swe_t64_l2,9.246951886655737,9.246951886655737,0.0
round2_E4_pipelined,256,best_hetero,eft_old,v3_captured_mixed_heldout_swe_t96_l2,10.68886836524901,10.68886836524901,0.0
round2_E4_pipelined,256,best_hetero,eft_old,v3_captured_mixed_heldout_swe_t128_l2,12.128134203569347,12.128134203569347,0.0
round2_E4_pipelined,256,best_hetero,eft_old,v3_captured_mixed_heldout_swe_t64_l13,8.378535561134292,8.378535561134292,0.0
round2_E4_pipelined,256,best_hetero,eft_old,v3_captured_mixed_heldout_swe_t96_l13,10.116203326671267,10.116203326671267,0.0
round2_E4_pipelined,256,best_hetero,eft_old,v3_captured_mixed_heldout_swe_t128_l13,17.719378000793157,17.719378000793157,0.0
round2_E4_pipelined,256,best_hetero,eft_old,v3_captured_mixed_heldout_swe_t64_l26,12.497835990476368,12.497835990476368,0.0
round2_E4_pipelined,256,best_hetero,eft_old,v3_captured_mixed_heldout_swe_t96_l26,10.399149632072929,10.399149632072929,0.0
round2_E4_pipelined,256,best_hetero,eft_old,v3_captured_mixed_heldout_swe_t128_l26,11.838977920844561,11.838977920844561,0.0
round2_E4_port_tight,256,best_hetero,eft_old,heldout_bfcl_b2_l2_s3,5.393899014814816,5.393899014814816,0.0
round2_E4_port_tight,256,best_hetero,eft_old,heldout_bfcl_b4_l2_s3,7.705560987654316,7.705560987654316,0.0
round2_E4_port_tight,256,best_hetero,eft_old,heldout_bfcl_b8_l2_s3,10.787762320438965,10.787762320438965,0.0
round2_E4_port_tight,256,best_hetero,eft_old,heldout_bfcl_b16_l2_s3,13.870262394269147,13.870262394269147,0.0
round2_E4_port_tight,256,best_hetero,eft_old,heldout_bfcl_b2_l2_s7,5.393899014814816,5.393899014814816,0.0
round2_E4_port_tight,256,best_hetero,eft_old,heldout_bfcl_b4_l2_s7,8.476090147325097,8.476090147325097,0.0
round2_E4_port_tight,256,best_hetero,eft_old,heldout_bfcl_b8_l2_s7,11.558354724737093,11.558354724737093,0.0
round2_E4_port_tight,256,best_hetero,eft_old,heldout_bfcl_b16_l2_s7,17.722803212267774,17.722803212267774,0.0
round2_E4_port_tight,256,best_hetero,eft_old,heldout_bfcl_b2_l2_s11,3.8528375555555563,3.8528375555555563,0.0
round2_E4_port_tight,256,best_hetero,eft_old,heldout_bfcl_b4_l2_s11,8.476090147325097,8.476090147325097,0.0
round2_E4_port_tight,256,best_hetero,eft_old,heldout_bfcl_b8_l2_s11,12.328808324737093,12.328808324737093,0.0
round2_E4_port_tight,256,best_hetero,eft_old,heldout_bfcl_b16_l2_s11,20.034368012267787,20.034368012267787,0.0
round2_E4_port_tight,256,best_hetero,eft_old,heldout_bfcl_b2_l13_s3,4.623359155555557,4.623359155555557,0.0
round2_E4_port_tight,256,best_hetero,eft_old,heldout_bfcl_b4_l13_s3,9.246611747325096,9.246611747325096,0.0
round2_E4_port_tight,256,best_hetero,eft_old,heldout_bfcl_b8_l13_s3,11.558283920438965,11.558283920438965,0.0
round2_E4_port_tight,256,best_hetero,eft_old,heldout_bfcl_b16_l13_s3,15.41130628506831,15.41130628506831,0.0
round2_E4_port_tight,256,best_hetero,eft_old,heldout_bfcl_b2_l13_s7,5.393899014814816,5.393899014814816,0.0
round2_E4_port_tight,256,best_hetero,eft_old,heldout_bfcl_b4_l13_s7,8.476090147325097,8.476090147325097,0.0
round2_E4_port_tight,256,best_hetero,eft_old,heldout_bfcl_b8_l13_s7,12.328876324737097,12.328876324737097,0.0
round2_E4_port_tight,256,best_hetero,eft_old,heldout_bfcl_b16_l13_s7,15.41130628506831,15.41130628506831,0.0
round2_E4_port_tight,256,best_hetero,eft_old,heldout_bfcl_b2_l13_s11,3.852741666666667,3.852741666666667,0.0
round2_E4_port_tight,256,best_hetero,eft_old,heldout_bfcl_b4_l13_s11,8.476014587654317,8.476014587654317,0.0
round2_E4_port_tight,256,best_hetero,eft_old,heldout_bfcl_b8_l13_s11,10.787762320438965,10.787762320438965,0.0
round2_E4_port_tight,256,best_hetero,eft_old,heldout_bfcl_b16_l13_s11,18.49332481226778,18.49332481226778,0.0
round2_E4_port_tight,256,best_hetero,eft_old,heldout_bfcl_b2_l26_s3,5.393812755555557,5.393812755555557,0.0
round2_E4_port_tight,256,best_hetero,eft_old,heldout_bfcl_b4_l26_s3,9.246611747325096,9.246611747325096,0.0
round2_E4_port_tight,256,best_hetero,eft_old,heldout_bfcl_b8_l26_s3,12.328808324737093,12.328808324737093,0.0
round2_E4_port_tight,256,best_hetero,eft_old,heldout_bfcl_b16_l26_s3,17.72287121226776,17.72287121226776,0.0
round2_E4_port_tight,256,best_hetero,eft_old,heldout_bfcl_b2_l26_s7,4.623359155555557,4.623359155555557,0.0
round2_E4_port_tight,256,best_hetero,eft_old,heldout_bfcl_b4_l26_s7,9.246611747325096,9.246611747325096,0.0
round2_E4_port_tight,256,best_hetero,eft_old,heldout_bfcl_b8_l26_s7,13.099399460935846,13.099399460935846,0.0
round2_E4_port_tight,256,best_hetero,eft_old,heldout_bfcl_b16_l26_s7,16.181828012267754,16.181828012267754,0.0
round2_E4_port_tight,256,best_hetero,eft_old,heldout_bfcl_b2_l26_s11,3.8528375555555563,3.8528375555555563,0.0
round2_E4_port_tight,256,best_hetero,eft_old,heldout_bfcl_b4_l26_s11,8.476090147325097,8.476090147325097,0.0
round2_E4_port_tight,256,best_hetero,eft_old,heldout_bfcl_b8_l26_s11,13.099329924737093,13.099329924737093,0.0
round2_E4_port_tight,256,best_hetero,eft_old,heldout_bfcl_b16_l26_s11,18.493392812267764,18.493392812267764,0.0
round2_E4_port_tight,256,best_hetero,eft_old,heldout_gpqa_b2_l2_s3,5.393812755555557,5.393812755555557,0.0
round2_E4_port_tight,256,best_hetero,eft_old,heldout_gpqa_b4_l2_s3,6.935039387654317,6.935039387654317,0.0
round2_E4_port_tight,256,best_hetero,eft_old,heldout_gpqa_b8_l2_s3,9.246714413991771,9.246714413991771,0.0
round2_E4_port_tight,256,best_hetero,eft_old,heldout_gpqa_b16_l2_s3,10.788171653772281,10.788171653772281,0.0
round2_E4_port_tight,256,best_hetero,eft_old,heldout_gpqa_b2_l2_s7,5.393899014814816,5.393899014814816,0.0
round2_E4_port_tight,256,best_hetero,eft_old,heldout_gpqa_b4_l2_s7,9.246611747325096,9.246611747325096,0.0
round2_E4_port_tight,256,best_hetero,eft_old,heldout_gpqa_b8_l2_s7,13.099399460935846,13.099399460935846,0.0
round2_E4_port_tight,256,best_hetero,eft_old,heldout_gpqa_b16_l2_s7,18.49332481226778,18.49332481226778,0.0
round2_E4_port_tight,256,best_hetero,eft_old,heldout_gpqa_b2_l2_s11,4.623291155555557,4.623291155555557,0.0
round2_E4_port_tight,256,best_hetero,eft_old,heldout_gpqa_b4_l2_s11,9.246543747325097,9.246543747325097,0.0
round2_E4_port_tight,256,best_hetero,eft_old,heldout_gpqa_b8_l2_s11,14.640443351735016,14.640443351735016,0.0
round2_E4_port_tight,256,best_hetero,eft_old,heldout_gpqa_b16_l2_s11,19.26391441226777,19.26391441226777,0.0
round2_E4_port_tight,256,best_hetero,eft_old,heldout_gpqa_b2_l13_s3,5.393812755555557,5.393812755555557,0.0
round2_E4_port_tight,256,best_hetero,eft_old,heldout_gpqa_b4_l13_s3,7.705492987654317,7.705492987654317,0.0
round2_E4_port_tight,256,best_hetero,eft_old,heldout_gpqa_b8_l13_s3,10.787830320438967,10.787830320438967,0.0
round2_E4_port_tight,256,best_hetero,eft_old,heldout_gpqa_b16_l13_s3,12.329347229629615,12.329347229629615,0.0
round2_E4_port_tight,256,best_hetero,eft_old,heldout_gpqa_b2_l13_s7,5.393812755555557,5.393812755555557,0.0
round2_E4_port_tight,256,best_hetero,eft_old,heldout_gpqa_b4_l13_s7,9.246543747325097,9.246543747325097,0.0
round2_E4_port_tight,256,best_hetero,eft_old,heldout_gpqa_b8_l13_s7,13.869853060935846,13.869853060935846,0.0
round2_E4_port_tight,256,best_hetero,eft_old,heldout_gpqa_b16_l13_s7,16.952349612267756,16.952349612267756,0.0
round2_E4_port_tight,256,best_hetero,eft_old,heldout_gpqa_b2_l13_s11,3.852741666666667,3.852741666666667,0.0
round2_E4_port_tight,256,best_hetero,eft_old,heldout_gpqa_b4_l13_s11,9.246611747325096,9.246611747325096,0.0
round2_E4_port_tight,256,best_hetero,eft_old,heldout_gpqa_b8_l13_s11,11.558354724737093,11.558354724737093,0.0
round2_E4_port_tight,256,best_hetero,eft_old,heldout_gpqa_b16_l13_s11,17.722803212267774,17.722803212267774,0.0
round2_E4_port_tight,256,best_hetero,eft_old,heldout_gpqa_b2_l26_s3,5.393899014814816,5.393899014814816,0.0
round2_E4_port_tight,256,best_hetero,eft_old,heldout_gpqa_b4_l26_s3,6.934959548148145,6.934959548148145,0.0
round2_E4_port_tight,256,best_hetero,eft_old,heldout_gpqa_b8_l26_s3,10.017236013991775,10.017236013991775,0.0
round2_E4_port_tight,256,best_hetero,eft_old,heldout_gpqa_b16_l26_s3,13.09974079426915,13.09974079426915,0.0
round2_E4_port_tight,256,best_hetero,eft_old,heldout_gpqa_b2_l26_s7,5.393899014814816,5.393899014814816,0.0
round2_E4_port_tight,256,best_hetero,eft_old,heldout_gpqa_b4_l26_s7,9.246543747325097,9.246543747325097,0.0
round2_E4_port_tight,256,best_hetero,eft_old,heldout_gpqa_b8_l26_s7,13.099399460935846,13.099399460935846,0.0
round2_E4_port_tight,256,best_hetero,eft_old,heldout_gpqa_b16_l26_s7,17.72287121226776,17.72287121226776,0.0
round2_E4_port_tight,256,best_hetero,eft_old,heldout_gpqa_b2_l26_s11,5.393812755555557,5.393812755555557,0.0
round2_E4_port_tight,256,best_hetero,eft_old,heldout_gpqa_b4_l26_s11,10.017065347325095,10.017065347325095,0.0
round2_E4_port_tight,256,best_hetero,eft_old,heldout_gpqa_b8_l26_s11,13.099399460935846,13.099399460935846,0.0
round2_E4_port_tight,256,best_hetero,eft_old,heldout_gpqa_b16_l26_s11,19.26391441226777,19.26391441226777,0.0
round2_E4_port_tight,256,best_hetero,eft_old,heldout_swe_b2_l2_s3,5.393812755555557,5.393812755555557,0.0
round2_E4_port_tight,256,best_hetero,eft_old,heldout_swe_b4_l2_s3,6.164437948148146,6.164437948148146,0.0
round2_E4_port_tight,256,best_hetero,eft_old,heldout_swe_b8_l2_s3,6.9351302148148175,6.9351302148148175,0.0
round2_E4_port_tight,256,best_hetero,eft_old,heldout_swe_b16_l2_s3,7.706129148148142,7.706129148148142,0.0
round2_E4_port_tight,256,best_hetero,eft_old,heldout_swe_b2_l2_s7,5.393812755555557,5.393812755555557,0.0
round2_E4_port_tight,256,best_hetero,eft_old,heldout_swe_b4_l2_s7,6.934959548148145,6.934959548148145,0.0
round2_E4_port_tight,256,best_hetero,eft_old,heldout_swe_b8_l2_s7,6.93521005432099,6.93521005432099,0.0
round2_E4_port_tight,256,best_hetero,eft_old,heldout_swe_b16_l2_s7,9.247055747325104,9.247055747325104,0.0
round2_E4_port_tight,256,best_hetero,eft_old,heldout_swe_b2_l2_s11,5.393812755555557,5.393812755555557,0.0
round2_E4_port_tight,256,best_hetero,eft_old,heldout_swe_b4_l2_s11,8.476014587654317,8.476014587654317,0.0
round2_E4_port_tight,256,best_hetero,eft_old,heldout_swe_b8_l2_s11,7.7056636543209915,7.7056636543209915,0.0
round2_E4_port_tight,256,best_hetero,eft_old,heldout_swe_b16_l2_s11,10.788171653772281,10.788171653772281,0.0
round2_E4_port_tight,256,best_hetero,eft_old,heldout_swe_b2_l13_s3,5.393899014814816,5.393899014814816,0.0
round2_E4_port_tight,256,best_hetero,eft_old,heldout_swe_b4_l13_s3,7.705492987654317,7.705492987654317,0.0
round2_E4_port_tight,256,best_hetero,eft_old,heldout_swe_b8_l13_s3,7.70573165432099,7.70573165432099,0.0
round2_E4_port_tight,256,best_hetero,eft_old,heldout_swe_b16_l13_s3,8.476526587654316,8.476526587654316,0.0
round2_E4_port_tight,256,best_hetero,eft_old,heldout_swe_b2_l13_s7,5.393899014814816,5.393899014814816,0.0
round2_E4_port_tight,256,best_hetero,eft_old,heldout_swe_b4_l13_s7,8.476014587654317,8.476014587654317,0.0
round2_E4_port_tight,256,best_hetero,eft_old,heldout_swe_b8_l13_s7,8.476185254320992,8.476185254320992,0.0
round2_E4_port_tight,256,best_hetero,eft_old,heldout_swe_b16_l13_s7,8.476602147325096,8.476602147325096,0.0
round2_E4_port_tight,256,best_hetero,eft_old,heldout_swe_b2_l13_s11,4.623359155555557,4.623359155555557,0.0
round2_E4_port_tight,256,best_hetero,eft_old,heldout_swe_b4_l13_s11,8.476090147325097,8.476090147325097,0.0
round2_E4_port_tight,256,best_hetero,eft_old,heldout_swe_b8_l13_s11,7.7056636543209915,7.7056636543209915,0.0
round2_E4_port_tight,256,best_hetero,eft_old,heldout_swe_b16_l13_s11,11.55862525377228,11.55862525377228,0.0
round2_E4_port_tight,256,best_hetero,eft_old,heldout_swe_b2_l26_s3,4.623359155555557,4.623359155555557,0.0
round2_E4_port_tight,256,best_hetero,eft_old,heldout_swe_b4_l26_s3,7.705492987654317,7.705492987654317,0.0
round2_E4_port_tight,256,best_hetero,eft_old,heldout_swe_b8_l26_s3,9.246714413991771,9.246714413991771,0.0
round2_E4_port_tight,256,best_hetero,eft_old,heldout_swe_b16_l26_s3,11.558625253772288,11.558625253772288,0.0
round2_E4_port_tight,256,best_hetero,eft_old,heldout_swe_b2_l26_s7,5.393899014814816,5.393899014814816,0.0
round2_E4_port_tight,256,best_hetero,eft_old,heldout_swe_b4_l26_s7,6.935039387654317,6.935039387654317,0.0
round2_E4_port_tight,256,best_hetero,eft_old,heldout_swe_b8_l26_s7,8.476260813991772,8.476260813991772,0.0
round2_E4_port_tight,256,best_hetero,eft_old,heldout_swe_b16_l26_s7,9.247055747325096,9.247055747325096,0.0
round2_E4_port_tight,256,best_hetero,eft_old,heldout_swe_b2_l26_s11,5.393899014814816,5.393899014814816,0.0
round2_E4_port_tight,256,best_hetero,eft_old,heldout_swe_b4_l26_s11,10.017065347325095,10.017065347325095,0.0
round2_E4_port_tight,256,best_hetero,eft_old,heldout_swe_b8_l26_s11,7.7056636543209915,7.7056636543209915,0.0
round2_E4_port_tight,256,best_hetero,eft_old,heldout_swe_b16_l26_s11,11.558825629629627,11.558825629629627,0.0
round2_E4_port_tight,256,best_hetero,eft_old,v3_captured_mixed_heldout_bfcl_t64_l2,26.97111041226776,26.97111041226776,0.0
round2_E4_port_tight,256,best_hetero,eft_old,v3_captured_mixed_heldout_bfcl_t96_l2,30.825083745601056,30.825083745601056,0.0
round2_E4_port_tight,256,best_hetero,eft_old,v3_captured_mixed_heldout_bfcl_t128_l2,69.35409666666658,69.35409666666658,0.0
round2_E4_port_tight,256,best_hetero,eft_old,v3_captured_mixed_heldout_bfcl_t64_l13,44.69422867654318,44.69422867654318,0.0
round2_E4_port_tight,256,best_hetero,eft_old,v3_captured_mixed_heldout_bfcl_t96_l13,57.79463333333326,57.79463333333326,0.0
round2_E4_port_tight,256,best_hetero,eft_old,v3_captured_mixed_heldout_bfcl_t128_l13,69.35425014814804,69.35425014814804,0.0
round2_E4_port_tight,256,best_hetero,eft_old,v3_captured_mixed_heldout_bfcl_t64_l26,25.43007121226776,25.43007121226776,0.0
round2_E4_port_tight,256,best_hetero,eft_old,v3_captured_mixed_heldout_bfcl_t96_l26,30.054566145601132,30.054566145601132,0.0
round2_E4_port_tight,256,best_hetero,eft_old,v3_captured_mixed_heldout_bfcl_t128_l26,31.59697467893443,31.59697467893443,0.0
round2_E4_port_tight,256,best_hetero,eft_old,v3_captured_mixed_heldout_gpqa_t64_l2,26.971114412267763,26.971114412267763,0.0
round2_E4_port_tight,256,best_hetero,eft_old,v3_captured_mixed_heldout_gpqa_t96_l2,30.05456214560107,30.05456214560107,0.0
round2_E4_port_tight,256,best_hetero,eft_old,v3_captured_mixed_heldout_gpqa_t128_l2,69.35423648148137,69.35423648148137,0.0
round2_E4_port_tight,256,best_hetero,eft_old,v3_captured_mixed_heldout_gpqa_t64_l13,23.88902801226777,23.88902801226777,0.0
round2_E4_port_tight,256,best_hetero,eft_old,v3_captured_mixed_heldout_gpqa_t96_l13,56.25355579999996,56.25355579999996,0.0
round2_E4_port_tight,256,best_hetero,eft_old,v3_captured_mixed_heldout_gpqa_t128_l13,67.04265019999991,67.04265019999991,0.0
round2_E4_port_tight,256,best_hetero,eft_old,v3_captured_mixed_heldout_gpqa_t64_l26,43.92293005671218,43.92293005671218,0.0
round2_E4_port_tight,256,best_hetero,eft_old,v3_captured_mixed_heldout_gpqa_t96_l26,31.595609345601133,31.595609345601133,0.0
round2_E4_port_tight,256,best_hetero,eft_old,v3_captured_mixed_heldout_gpqa_t128_l26,33.13801787893447,33.13801787893447,0.0
round2_E4_port_tight,256,best_hetero,eft_old,v3_captured_mixed_heldout_swe_t64_l2,43.92310603584815,43.92310603584815,0.0
round2_E4_port_tight,256,best_hetero,eft_old,v3_captured_mixed_heldout_swe_t96_l2,30.054562145601082,30.054562145601082,0.0
round2_E4_port_tight,256,best_hetero,eft_old,v3_captured_mixed_heldout_swe_t128_l2,33.13801387893445,33.13801387893445,0.0
round2_E4_port_tight,256,best_hetero,eft_old,v3_captured_mixed_heldout_swe_t64_l13,23.11850641226778,23.11850641226778,0.0
round2_E4_port_tight,256,best_hetero,eft_old,v3_captured_mixed_heldout_swe_t96_l13,29.284044545601073,29.284044545601073,0.0
round2_E4_port_tight,256,best_hetero,eft_old,v3_captured_mixed_heldout_swe_t128_l13,67.81285568888882,67.81285568888882,0.0
round2_E4_port_tight,256,best_hetero,eft_old,v3_captured_mixed_heldout_swe_t64_l26,25.430071212267784,25.430071212267784,0.0
round2_E4_port_tight,256,best_hetero,eft_old,v3_captured_mixed_heldout_swe_t96_l26,56.253370244444355,56.253370244444355,0.0
round2_E4_port_tight,256,best_hetero,eft_old,v3_captured_mixed_heldout_swe_t128_l26,32.36749627893448,32.36749627893448,0.0
round2_E4_pipelined,256,fixed_3+3,eft_old,heldout_bfcl_b2_l2_s3,1.9220753333333334,1.9220753333333334,0.0
round2_E4_pipelined,256,fixed_3+3,eft_old,heldout_bfcl_b4_l2_s3,3.0204006666666663,3.0204006666666663,0.0
round2_E4_pipelined,256,fixed_3+3,eft_old,heldout_bfcl_b8_l2_s3,4.805303833333333,4.805303833333333,0.0
round2_E4_pipelined,256,fixed_3+3,eft_old,heldout_bfcl_b16_l2_s3,8.374899666666668,8.374899666666668,0.0
round2_E4_pipelined,256,fixed_3+3,eft_old,heldout_bfcl_b2_l2_s7,1.9220753333333334,1.9220753333333334,0.0
round2_E4_pipelined,256,fixed_3+3,eft_old,heldout_bfcl_b4_l2_s7,3.2949606666666664,3.2949606666666664,0.0
round2_E4_pipelined,256,fixed_3+3,eft_old,heldout_bfcl_b8_l2_s7,5.079835333333333,5.079835333333333,0.0
round2_E4_pipelined,256,fixed_3+3,eft_old,heldout_bfcl_b16_l2_s7,9.061305666666666,9.061305666666666,0.0
round2_E4_pipelined,256,fixed_3+3,eft_old,heldout_bfcl_b2_l2_s11,1.3729553333333333,1.3729553333333333,0.0
round2_E4_pipelined,256,fixed_3+3,eft_old,heldout_bfcl_b4_l2_s11,3.2949606666666664,3.2949606666666664,0.0
round2_E4_pipelined,256,fixed_3+3,eft_old,heldout_bfcl_b8_l2_s11,5.354395333333333,5.354395333333333,0.0
round2_E4_pipelined,256,fixed_3+3,eft_old,heldout_bfcl_b16_l2_s11,9.198576666666666,9.198576666666666,0.0
round2_E4_pipelined,256,fixed_3+3,eft_old,heldout_bfcl_b2_l13_s3,1.6475153333333332,1.6475153333333332,0.0
round2_E4_pipelined,256,fixed_3+3,eft_old,heldout_bfcl_b4_l13_s3,3.5695206666666666,3.5695206666666666,0.0
round2_E4_pipelined,256,fixed_3+3,eft_old,heldout_bfcl_b8_l13_s3,4.942491333333333,4.942491333333333,0.0
round2_E4_pipelined,256,fixed_3+3,eft_old,heldout_bfcl_b16_l13_s3,8.512112666666663,8.512112666666663,0.0
round2_E4_pipelined,256,fixed_3+3,eft_old,heldout_bfcl_b2_l13_s7,1.9220753333333334,1.9220753333333334,0.0
round2_E4_pipelined,256,fixed_3+3,eft_old,heldout_bfcl_b4_l13_s7,3.2949606666666664,3.2949606666666664,0.0
round2_E4_pipelined,256,fixed_3+3,eft_old,heldout_bfcl_b8_l13_s7,5.354395333333331,5.354395333333331,0.0
round2_E4_pipelined,256,fixed_3+3,eft_old,heldout_bfcl_b16_l13_s7,8.375132166666667,8.375132166666667,0.0
round2_E4_pipelined,256,fixed_3+3,eft_old,heldout_bfcl_b2_l13_s11,1.2357393333333333,1.2357393333333333,0.0
round2_E4_pipelined,256,fixed_3+3,eft_old,heldout_bfcl_b4_l13_s11,3.1577446666666664,3.1577446666666664,0.0
round2_E4_pipelined,256,fixed_3+3,eft_old,heldout_bfcl_b8_l13_s11,4.805275333333333,4.805275333333333,0.0
round2_E4_pipelined,256,fixed_3+3,eft_old,heldout_bfcl_b16_l13_s11,9.061232666666665,9.061232666666665,0.0
round2_E4_pipelined,256,fixed_3+3,eft_old,heldout_bfcl_b2_l26_s3,1.7848593333333334,1.7848593333333334,0.0
round2_E4_pipelined,256,fixed_3+3,eft_old,heldout_bfcl_b4_l26_s3,3.5695206666666666,3.5695206666666666,0.0
round2_E4_pipelined,256,fixed_3+3,eft_old,heldout_bfcl_b8_l26_s3,5.079835333333333,5.079835333333333,0.0
round2_E4_pipelined,256,fixed_3+3,eft_old,heldout_bfcl_b16_l26_s3,9.061232666666665,9.061232666666665,0.0
round2_E4_pipelined,256,fixed_3+3,eft_old,heldout_bfcl_b2_l26_s7,1.6475153333333332,1.6475153333333332,0.0
round2_E4_pipelined,256,fixed_3+3,eft_old,heldout_bfcl_b4_l26_s7,3.5695206666666666,3.5695206666666666,0.0
round2_E4_pipelined,256,fixed_3+3,eft_old,heldout_bfcl_b8_l26_s7,5.491611333333333,5.491611333333333,0.0
round2_E4_pipelined,256,fixed_3+3,eft_old,heldout_bfcl_b16_l26_s7,8.100336666666665,8.100336666666665,0.0
round2_E4_pipelined,256,fixed_3+3,eft_old,heldout_bfcl_b2_l26_s11,1.3729553333333333,1.3729553333333333,0.0
round2_E4_pipelined,256,fixed_3+3,eft_old,heldout_bfcl_b4_l26_s11,3.2949606666666664,3.2949606666666664,0.0
round2_E4_pipelined,256,fixed_3+3,eft_old,heldout_bfcl_b8_l26_s11,5.49161133333333,5.49161133333333,0.0
round2_E4_pipelined,256,fixed_3+3,eft_old,heldout_bfcl_b16_l26_s11,8.649456666666666,8.649456666666666,0.0
round2_E4_pipelined,256,fixed_3+3,eft_old,heldout_gpqa_b2_l2_s3,1.7848593333333334,1.7848593333333334,0.0
round2_E4_pipelined,256,fixed_3+3,eft_old,heldout_gpqa_b4_l2_s3,2.7458406666666666,2.7458406666666666,0.0
round2_E4_pipelined,256,fixed_3+3,eft_old,heldout_gpqa_b8_l2_s3,4.667933333333333,4.667933333333333,0.0
round2_E4_pipelined,256,fixed_3+3,eft_old,heldout_gpqa_b16_l2_s3,7.6884326666666665,7.6884326666666665,0.0
round2_E4_pipelined,256,fixed_3+3,eft_old,heldout_gpqa_b2_l2_s7,1.9220753333333334,1.9220753333333334,0.0
round2_E4_pipelined,256,fixed_3+3,eft_old,heldout_gpqa_b4_l2_s7,3.5695206666666666,3.5695206666666666,0.0
round2_E4_pipelined,256,fixed_3+3,eft_old,heldout_gpqa_b8_l2_s7,5.217051333333332,5.217051333333332,0.0
round2_E4_pipelined,256,fixed_3+3,eft_old,heldout_gpqa_b16_l2_s7,8.786672666666666,8.786672666666666,0.0
round2_E4_pipelined,256,fixed_3+3,eft_old,heldout_gpqa_b2_l2_s11,1.5102993333333332,1.5102993333333332,0.0
round2_E4_pipelined,256,fixed_3+3,eft_old,heldout_gpqa_b4_l2_s11,3.4323046666666666,3.4323046666666666,0.0
round2_E4_pipelined,256,fixed_3+3,eft_old,heldout_gpqa_b8_l2_s11,5.766171333333333,5.766171333333333,0.0
round2_E4_pipelined,256,fixed_3+3,eft_old,heldout_gpqa_b16_l2_s11,8.786672666666666,8.786672666666666,0.0
round2_E4_pipelined,256,fixed_3+3,eft_old,heldout_gpqa_b2_l13_s3,1.7848593333333334,1.7848593333333334,0.0
round2_E4_pipelined,256,fixed_3+3,eft_old,heldout_gpqa_b4_l13_s3,3.0204646666666664,3.0204646666666664,0.0
round2_E4_pipelined,256,fixed_3+3,eft_old,heldout_gpqa_b8_l13_s3,4.805275333333333,4.805275333333333,0.0
round2_E4_pipelined,256,fixed_3+3,eft_old,heldout_gpqa_b16_l13_s3,7.6884966666666665,7.6884966666666665,0.0
round2_E4_pipelined,256,fixed_3+3,eft_old,heldout_gpqa_b2_l13_s7,1.7848593333333334,1.7848593333333334,0.0
round2_E4_pipelined,256,fixed_3+3,eft_old,heldout_gpqa_b4_l13_s7,3.4323046666666666,3.4323046666666666,0.0
round2_E4_pipelined,256,fixed_3+3,eft_old,heldout_gpqa_b8_l13_s7,5.354395333333333,5.354395333333333,0.0
round2_E4_pipelined,256,fixed_3+3,eft_old,heldout_gpqa_b16_l13_s7,8.649456666666666,8.649456666666666,0.0
round2_E4_pipelined,256,fixed_3+3,eft_old,heldout_gpqa_b2_l13_s11,1.2357393333333333,1.2357393333333333,0.0
round2_E4_pipelined,256,fixed_3+3,eft_old,heldout_gpqa_b4_l13_s11,3.5695206666666666,3.5695206666666666,0.0
round2_E4_pipelined,256,fixed_3+3,eft_old,heldout_gpqa_b8_l13_s11,4.942491333333333,4.942491333333333,0.0
round2_E4_pipelined,256,fixed_3+3,eft_old,heldout_gpqa_b16_l13_s11,8.512112666666669,8.512112666666669,0.0
round2_E4_pipelined,256,fixed_3+3,eft_old,heldout_gpqa_b2_l26_s3,1.9220753333333334,1.9220753333333334,0.0
round2_E4_pipelined,256,fixed_3+3,eft_old,heldout_gpqa_b4_l26_s3,2.6086246666666666,2.6086246666666666,0.0
round2_E4_pipelined,256,fixed_3+3,eft_old,heldout_gpqa_b8_l26_s3,4.393435333333332,4.393435333333332,0.0
round2_E4_pipelined,256,fixed_3+3,eft_old,heldout_gpqa_b16_l26_s3,8.100272666666665,8.100272666666665,0.0
round2_E4_pipelined,256,fixed_3+3,eft_old,heldout_gpqa_b2_l26_s7,1.9220753333333334,1.9220753333333334,0.0
round2_E4_pipelined,256,fixed_3+3,eft_old,heldout_gpqa_b4_l26_s7,3.4323046666666666,3.4323046666666666,0.0
round2_E4_pipelined,256,fixed_3+3,eft_old,heldout_gpqa_b8_l26_s7,5.217051333333331,5.217051333333331,0.0
round2_E4_pipelined,256,fixed_3+3,eft_old,heldout_gpqa_b16_l26_s7,9.335856666666668,9.335856666666668,0.0
round2_E4_pipelined,256,fixed_3+3,eft_old,heldout_gpqa_b2_l26_s11,1.7848593333333334,1.7848593333333334,0.0
round2_E4_pipelined,256,fixed_3+3,eft_old,heldout_gpqa_b4_l26_s11,3.7068646666666667,3.7068646666666667,0.0
round2_E4_pipelined,256,fixed_3+3,eft_old,heldout_gpqa_b8_l26_s11,5.217051333333333,5.217051333333333,0.0
round2_E4_pipelined,256,fixed_3+3,eft_old,heldout_gpqa_b16_l26_s11,8.924016666666667,8.924016666666667,0.0
round2_E4_pipelined,256,fixed_3+3,eft_old,heldout_swe_b2_l2_s3,1.7848593333333334,1.7848593333333334,0.0
round2_E4_pipelined,256,fixed_3+3,eft_old,heldout_swe_b4_l2_s3,2.4714086666666666,2.4714086666666666,0.0
round2_E4_pipelined,256,fixed_3+3,eft_old,heldout_swe_b8_l2_s3,3.981595333333333,3.981595333333333,0.0
round2_E4_pipelined,256,fixed_3+3,eft_old,heldout_swe_b16_l2_s3,6.864816666666666,6.864816666666666,0.0
round2_E4_pipelined,256,fixed_3+3,eft_old,heldout_swe_b2_l2_s7,1.7848593333333334,1.7848593333333334,0.0
round2_E4_pipelined,256,fixed_3+3,eft_old,heldout_swe_b4_l2_s7,2.7458691666666644,2.7458691666666644,0.0
round2_E4_pipelined,256,fixed_3+3,eft_old,heldout_swe_b8_l2_s7,4.118811333333333,4.118811333333333,0.0
round2_E4_pipelined,256,fixed_3+3,eft_old,heldout_swe_b16_l2_s7,6.590320666666668,6.590320666666668,0.0
round2_E4_pipelined,256,fixed_3+3,eft_old,heldout_swe_b2_l2_s11,1.7848593333333334,1.7848593333333334,0.0
round2_E4_pipelined,256,fixed_3+3,eft_old,heldout_swe_b4_l2_s11,3.1577446666666664,3.1577446666666664,0.0
round2_E4_pipelined,256,fixed_3+3,eft_old,heldout_swe_b8_l2_s11,4.118875333333333,4.118875333333333,0.0
round2_E4_pipelined,256,fixed_3+3,eft_old,heldout_swe_b16_l2_s11,7.413936666666666,7.413936666666666,0.0
round2_E4_pipelined,256,fixed_3+3,eft_old,heldout_swe_b2_l13_s3,1.9220753333333334,1.9220753333333334,0.0
round2_E4_pipelined,256,fixed_3+3,eft_old,heldout_swe_b4_l13_s3,2.8831846666666667,2.8831846666666667,0.0
round2_E4_pipelined,256,fixed_3+3,eft_old,heldout_swe_b8_l13_s3,4.118811333333333,4.118811333333333,0.0
round2_E4_pipelined,256,fixed_3+3,eft_old,heldout_swe_b16_l13_s3,6.727536666666667,6.727536666666667,0.0
round2_E4_pipelined,256,fixed_3+3,eft_old,heldout_swe_b2_l13_s7,1.9220753333333334,1.9220753333333334,0.0
round2_E4_pipelined,256,fixed_3+3,eft_old,heldout_swe_b4_l13_s7,3.1577446666666664,3.1577446666666664,0.0
round2_E4_pipelined,256,fixed_3+3,eft_old,heldout_swe_b8_l13_s7,4.1188113333333325,4.1188113333333325,0.0
round2_E4_pipelined,256,fixed_3+3,eft_old,heldout_swe_b16_l13_s7,6.727536666666666,6.727536666666666,0.0
round2_E4_pipelined,256,fixed_3+3,eft_old,heldout_swe_b2_l13_s11,1.6475153333333332,1.6475153333333332,0.0
round2_E4_pipelined,256,fixed_3+3,eft_old,heldout_swe_b4_l13_s11,3.2949606666666664,3.2949606666666664,0.0
round2_E4_pipelined,256,fixed_3+3,eft_old,heldout_swe_b8_l13_s11,3.981595333333333,3.981595333333333,0.0
round2_E4_pipelined,256,fixed_3+3,eft_old,heldout_swe_b16_l13_s11,7.551216666666667,7.551216666666667,0.0
round2_E4_pipelined,256,fixed_3+3,eft_old,heldout_swe_b2_l26_s3,1.6475153333333332,1.6475153333333332,0.0
round2_E4_pipelined,256,fixed_3+3,eft_old,heldout_swe_b4_l26_s3,2.8831846666666667,2.8831846666666667,0.0
round2_E4_pipelined,256,fixed_3+3,eft_old,heldout_swe_b8_l26_s3,4.805275333333333,4.805275333333333,0.0
round2_E4_pipelined,256,fixed_3+3,eft_old,heldout_swe_b16_l26_s3,7.139312666666667,7.139312666666667,0.0
round2_E4_pipelined,256,fixed_3+3,eft_old,heldout_swe_b2_l26_s7,1.9220753333333334,1.9220753333333334,0.0
round2_E4_pipelined,256,fixed_3+3,eft_old,heldout_swe_b4_l26_s7,2.7458406666666666,2.7458406666666666,0.0
round2_E4_pipelined,256,fixed_3+3,eft_old,heldout_swe_b8_l26_s7,4.256467333333332,4.256467333333332,0.0
round2_E4_pipelined,256,fixed_3+3,eft_old,heldout_swe_b16_l26_s7,7.139312666666666,7.139312666666666,0.0
round2_E4_pipelined,256,fixed_3+3,eft_old,heldout_swe_b2_l26_s11,1.9220753333333334,1.9220753333333334,0.0
round2_E4_pipelined,256,fixed_3+3,eft_old,heldout_swe_b4_l26_s11,3.7068646666666667,3.7068646666666667,0.0
round2_E4_pipelined,256,fixed_3+3,eft_old,heldout_swe_b8_l26_s11,4.2561808333333335,4.2561808333333335,0.0
round2_E4_pipelined,256,fixed_3+3,eft_old,heldout_swe_b16_l26_s11,7.688432666666667,7.688432666666667,0.0
round2_E4_pipelined,256,fixed_3+3,eft_old,v3_captured_mixed_heldout_bfcl_t64_l2,26.635343166666665,26.635343166666665,0.0
round2_E4_pipelined,256,fixed_3+3,eft_old,v3_captured_mixed_heldout_bfcl_t96_l2,38.305606,38.305606,0.0
round2_E4_pipelined,256,fixed_3+3,eft_old,v3_captured_mixed_heldout_bfcl_t128_l2,50.93685933333334,50.93685933333334,0.0
round2_E4_pipelined,256,fixed_3+3,eft_old,v3_captured_mixed_heldout_bfcl_t64_l13,26.498032666666667,26.498032666666667,0.0
round2_E4_pipelined,256,fixed_3+3,eft_old,v3_captured_mixed_heldout_bfcl_t96_l13,38.44292575,38.44292575,0.0
round2_E4_pipelined,256,fixed_3+3,eft_old,v3_captured_mixed_heldout_bfcl_t128_l13,50.52501933333333,50.52501933333333,0.0
round2_E4_pipelined,256,fixed_3+3,eft_old,v3_captured_mixed_heldout_bfcl_t64_l26,26.360829916666667,26.360829916666667,0.0
round2_E4_pipelined,256,fixed_3+3,eft_old,v3_captured_mixed_heldout_bfcl_t96_l26,38.442886,38.442886,0.0
round2_E4_pipelined,256,fixed_3+3,eft_old,v3_captured_mixed_heldout_bfcl_t128_l26,50.66229933333333,50.66229933333333,0.0
round2_E4_pipelined,256,fixed_3+3,eft_old,v3_captured_mixed_heldout_gpqa_t64_l2,26.498032666666663,26.498032666666663,0.0
round2_E4_pipelined,256,fixed_3+3,eft_old,v3_captured_mixed_heldout_gpqa_t96_l2,38.8547545,38.8547545,0.0
round2_E4_pipelined,256,fixed_3+3,eft_old,v3_captured_mixed_heldout_gpqa_t128_l2,50.52501933333333,50.52501933333333,0.0
round2_E4_pipelined,256,fixed_3+3,eft_old,v3_captured_mixed_heldout_gpqa_t64_l13,26.223472666666662,26.223472666666662,0.0
round2_E4_pipelined,256,fixed_3+3,eft_old,v3_captured_mixed_heldout_gpqa_t96_l13,38.71762999999999,38.71762999999999,0.0
round2_E4_pipelined,256,fixed_3+3,eft_old,v3_captured_mixed_heldout_gpqa_t128_l13,49.83861933333333,49.83861933333333,0.0
round2_E4_pipelined,256,fixed_3+3,eft_old,v3_captured_mixed_heldout_gpqa_t64_l26,26.635349166666668,26.635349166666668,0.0
round2_E4_pipelined,256,fixed_3+3,eft_old,v3_captured_mixed_heldout_gpqa_t96_l26,38.8548915,38.8548915,0.0
round2_E4_pipelined,256,fixed_3+3,eft_old,v3_captured_mixed_heldout_gpqa_t128_l26,49.97589933333333,49.97589933333333,0.0
round2_E4_pipelined,256,fixed_3+3,eft_old,v3_captured_mixed_heldout_swe_t64_l2,26.635312666666668,26.635312666666668,0.0
round2_E4_pipelined,256,fixed_3+3,eft_old,v3_captured_mixed_heldout_swe_t96_l2,38.580229499999994,38.580229499999994,0.0
round2_E4_pipelined,256,fixed_3+3,eft_old,v3_captured_mixed_heldout_swe_t128_l2,50.79957933333333,50.79957933333333,0.0
round2_E4_pipelined,256,fixed_3+3,eft_old,v3_captured_mixed_heldout_swe_t64_l13,26.08631666666667,26.08631666666667,0.0
round2_E4_pipelined,256,fixed_3+3,eft_old,v3_captured_mixed_heldout_swe_t96_l13,38.580166,38.580166,0.0
round2_E4_pipelined,256,fixed_3+3,eft_old,v3_captured_mixed_heldout_swe_t128_l13,50.79963933333334,50.79963933333334,0.0
round2_E4_pipelined,256,fixed_3+3,eft_old,v3_captured_mixed_heldout_swe_t64_l26,27.04715266666667,27.04715266666667,0.0
round2_E4_pipelined,256,fixed_3+3,eft_old,v3_captured_mixed_heldout_swe_t96_l26,39.266576,39.266576,0.0
round2_E4_pipelined,256,fixed_3+3,eft_old,v3_captured_mixed_heldout_swe_t128_l26,50.25045933333333,50.25045933333333,0.0
round2_E4_port_tight,256,fixed_3+3,eft_old,heldout_bfcl_b2_l2_s3,5.503172133333334,5.503172133333334,0.0
round2_E4_port_tight,256,fixed_3+3,eft_old,heldout_bfcl_b4_l2_s3,8.64780706666667,8.64780706666667,0.0
round2_E4_port_tight,256,fixed_3+3,eft_old,heldout_bfcl_b8_l2_s3,14.150294390476198,14.150294390476198,0.0
round2_E4_port_tight,256,fixed_3+3,eft_old,heldout_bfcl_b16_l2_s3,24.36938692380952,24.36938692380952,0.0
round2_E4_port_tight,256,fixed_3+3,eft_old,heldout_bfcl_b2_l2_s7,5.503172133333334,5.503172133333334,0.0
round2_E4_port_tight,256,fixed_3+3,eft_old,heldout_bfcl_b4_l2_s7,9.434029466666672,9.434029466666672,0.0
round2_E4_port_tight,256,fixed_3+3,eft_old,heldout_bfcl_b8_l2_s7,14.936348933333335,14.936348933333335,0.0
round2_E4_port_tight,256,fixed_3+3,eft_old,heldout_bfcl_b16_l2_s7,25.9424317952381,25.9424317952381,0.0
round2_E4_port_tight,256,fixed_3+3,eft_old,heldout_bfcl_b2_l2_s11,3.9308633333333334,3.9308633333333334,0.0
round2_E4_port_tight,256,fixed_3+3,eft_old,heldout_bfcl_b4_l2_s11,9.434029466666672,9.434029466666672,0.0
round2_E4_port_tight,256,fixed_3+3,eft_old,heldout_bfcl_b8_l2_s11,15.722287261904764,15.722287261904764,0.0
round2_E4_port_tight,256,fixed_3+3,eft_old,heldout_bfcl_b16_l2_s11,26.72764612380952,26.72764612380952,0.0
round2_E4_port_tight,256,fixed_3+3,eft_old,heldout_bfcl_b2_l13_s3,4.717017733333333,4.717017733333333,0.0
round2_E4_port_tight,256,fixed_3+3,eft_old,heldout_bfcl_b4_l13_s3,10.220183866666673,10.220183866666673,0.0
round2_E4_port_tight,256,fixed_3+3,eft_old,heldout_bfcl_b8_l13_s3,14.150842461904766,14.150842461904766,0.0
round2_E4_port_tight,256,fixed_3+3,eft_old,heldout_bfcl_b16_l13_s3,25.155505466666646,25.155505466666646,0.0
round2_E4_port_tight,256,fixed_3+3,eft_old,heldout_bfcl_b2_l13_s7,5.503172133333334,5.503172133333334,0.0
round2_E4_port_tight,256,fixed_3+3,eft_old,heldout_bfcl_b4_l13_s7,9.434029466666672,9.434029466666672,0.0
round2_E4_port_tight,256,fixed_3+3,eft_old,heldout_bfcl_b8_l13_s7,15.722303333333342,15.722303333333342,0.0
round2_E4_port_tight,256,fixed_3+3,eft_old,heldout_bfcl_b16_l13_s7,24.369662995238095,24.369662995238095,0.0
round2_E4_port_tight,256,fixed_3+3,eft_old,heldout_bfcl_b2_l13_s11,3.9306593333333333,3.9306593333333333,0.0
round2_E4_port_tight,256,fixed_3+3,eft_old,heldout_bfcl_b4_l13_s11,9.433561466666673,9.433561466666673,0.0
round2_E4_port_tight,256,fixed_3+3,eft_old,heldout_bfcl_b8_l13_s11,14.150046461904768,14.150046461904768,0.0
round2_E4_port_tight,256,fixed_3+3,eft_old,heldout_bfcl_b16_l13_s11,25.942695795238084,25.942695795238084,0.0
round2_E4_port_tight,256,fixed_3+3,eft_old,heldout_bfcl_b2_l26_s3,5.502968133333334,5.502968133333334,0.0
round2_E4_port_tight,256,fixed_3+3,eft_old,heldout_bfcl_b4_l26_s3,10.220183866666673,10.220183866666673,0.0
round2_E4_port_tight,256,fixed_3+3,eft_old,heldout_bfcl_b8_l26_s3,14.936480933333337,14.936480933333337,0.0
round2_E4_port_tight,256,fixed_3+3,eft_old,heldout_bfcl_b16_l26_s3,25.94263179523807,25.94263179523807,0.0
round2_E4_port_tight,256,fixed_3+3,eft_old,heldout_bfcl_b2_l26_s7,4.717017733333333,4.717017733333333,0.0
round2_E4_port_tight,256,fixed_3+3,eft_old,heldout_bfcl_b4_l26_s7,10.220183866666673,10.220183866666673,0.0
round2_E4_port_tight,256,fixed_3+3,eft_old,heldout_bfcl_b8_l26_s7,15.723003190476195,15.723003190476195,0.0
round2_E4_port_tight,256,fixed_3+3,eft_old,heldout_bfcl_b16_l26_s7,23.583376595238096,23.583376595238096,0.0
round2_E4_port_tight,256,fixed_3+3,eft_old,heldout_bfcl_b2_l26_s11,3.9308633333333334,3.9308633333333334,0.0
round2_E4_port_tight,256,fixed_3+3,eft_old,heldout_bfcl_b4_l26_s11,9.434029466666672,9.434029466666672,0.0
round2_E4_port_tight,256,fixed_3+3,eft_old,heldout_bfcl_b8_l26_s11,15.723035333333337,15.723035333333337,0.0
round2_E4_port_tight,256,fixed_3+3,eft_old,heldout_bfcl_b16_l26_s11,25.155553395238094,25.155553395238094,0.0
round2_E4_port_tight,256,fixed_3+3,eft_old,heldout_gpqa_b2_l2_s3,5.502968133333334,5.502968133333334,0.0
round2_E4_port_tight,256,fixed_3+3,eft_old,heldout_gpqa_b4_l2_s3,7.86158466666667,7.86158466666667,0.0
round2_E4_port_tight,256,fixed_3+3,eft_old,heldout_gpqa_b8_l2_s3,13.364040133333337,13.364040133333337,0.0
round2_E4_port_tight,256,fixed_3+3,eft_old,heldout_gpqa_b16_l2_s3,22.011283866666666,22.011283866666666,0.0
round2_E4_port_tight,256,fixed_3+3,eft_old,heldout_gpqa_b2_l2_s7,5.503172133333334,5.503172133333334,0.0
round2_E4_port_tight,256,fixed_3+3,eft_old,heldout_gpqa_b4_l2_s7,10.220183866666673,10.220183866666673,0.0
round2_E4_port_tight,256,fixed_3+3,eft_old,heldout_gpqa_b8_l2_s7,14.93714493333334,14.93714493333334,0.0
round2_E4_port_tight,256,fixed_3+3,eft_old,heldout_gpqa_b16_l2_s7,25.156745395238094,25.156745395238094,0.0
round2_E4_port_tight,256,fixed_3+3,eft_old,heldout_gpqa_b2_l2_s11,4.716813733333334,4.716813733333334,0.0
round2_E4_port_tight,256,fixed_3+3,eft_old,heldout_gpqa_b4_l2_s11,10.219715866666673,10.219715866666673,0.0
round2_E4_port_tight,256,fixed_3+3,eft_old,heldout_gpqa_b8_l2_s11,16.509521733333337,16.509521733333337,0.0
round2_E4_port_tight,256,fixed_3+3,eft_old,heldout_gpqa_b16_l2_s11,25.157153466666653,25.157153466666653,0.0
round2_E4_port_tight,256,fixed_3+3,eft_old,heldout_gpqa_b2_l13_s3,5.502968133333334,5.502968133333334,0.0
round2_E4_port_tight,256,fixed_3+3,eft_old,heldout_gpqa_b4_l13_s3,9.433429466666672,9.433429466666672,0.0
round2_E4_port_tight,256,fixed_3+3,eft_old,heldout_gpqa_b8_l13_s3,14.150858533333336,14.150858533333336,0.0
round2_E4_port_tight,256,fixed_3+3,eft_old,heldout_gpqa_b16_l13_s3,22.796694195238103,22.796694195238103,0.0
round2_E4_port_tight,256,fixed_3+3,eft_old,heldout_gpqa_b2_l13_s7,5.502968133333334,5.502968133333334,0.0
round2_E4_port_tight,256,fixed_3+3,eft_old,heldout_gpqa_b4_l13_s7,10.219715866666673,10.219715866666673,0.0
round2_E4_port_tight,256,fixed_3+3,eft_old,heldout_gpqa_b8_l13_s7,15.722567333333345,15.722567333333345,0.0
round2_E4_port_tight,256,fixed_3+3,eft_old,heldout_gpqa_b16_l13_s7,25.155273323809517,25.155273323809517,0.0
round2_E4_port_tight,256,fixed_3+3,eft_old,heldout_gpqa_b2_l13_s11,3.9306593333333333,3.9306593333333333,0.0
round2_E4_port_tight,256,fixed_3+3,eft_old,heldout_gpqa_b4_l13_s11,10.220183866666673,10.220183866666673,0.0
round2_E4_port_tight,256,fixed_3+3,eft_old,heldout_gpqa_b8_l13_s11,14.150726533333334,14.150726533333334,0.0
round2_E4_port_tight,256,fixed_3+3,eft_old,heldout_gpqa_b16_l13_s11,24.370671066666663,24.370671066666663,0.0
round2_E4_port_tight,256,fixed_3+3,eft_old,heldout_gpqa_b2_l26_s3,5.503172133333334,5.503172133333334,0.0
round2_E4_port_tight,256,fixed_3+3,eft_old,heldout_gpqa_b4_l26_s3,7.86118466666667,7.86118466666667,0.0
round2_E4_port_tight,256,fixed_3+3,eft_old,heldout_gpqa_b8_l26_s3,13.363824061904761,13.363824061904761,0.0
round2_E4_port_tight,256,fixed_3+3,eft_old,heldout_gpqa_b16_l26_s3,23.582588595238082,23.582588595238082,0.0
round2_E4_port_tight,256,fixed_3+3,eft_old,heldout_gpqa_b2_l26_s7,5.503172133333334,5.503172133333334,0.0
round2_E4_port_tight,256,fixed_3+3,eft_old,heldout_gpqa_b4_l26_s7,10.219715866666673,10.219715866666673,0.0
round2_E4_port_tight,256,fixed_3+3,eft_old,heldout_gpqa_b8_l26_s7,14.93714493333334,14.93714493333334,0.0
round2_E4_port_tight,256,fixed_3+3,eft_old,heldout_gpqa_b16_l26_s7,27.513768666666664,27.513768666666664,0.0
round2_E4_port_tight,256,fixed_3+3,eft_old,heldout_gpqa_b2_l26_s11,5.502968133333334,5.502968133333334,0.0
round2_E4_port_tight,256,fixed_3+3,eft_old,heldout_gpqa_b4_l26_s11,11.005870266666673,11.005870266666673,0.0
round2_E4_port_tight,256,fixed_3+3,eft_old,heldout_gpqa_b8_l26_s11,14.937076933333342,14.937076933333342,0.0
round2_E4_port_tight,256,fixed_3+3,eft_old,heldout_gpqa_b16_l26_s11,25.941923866666635,25.941923866666635,0.0
round2_E4_port_tight,256,fixed_3+3,eft_old,heldout_swe_b2_l2_s3,5.502968133333334,5.502968133333334,0.0
round2_E4_port_tight,256,fixed_3+3,eft_old,heldout_swe_b4_l2_s3,7.075498266666669,7.075498266666669,0.0
round2_E4_port_tight,256,fixed_3+3,eft_old,heldout_swe_b8_l2_s3,11.791567190476192,11.791567190476192,0.0
round2_E4_port_tight,256,fixed_3+3,eft_old,heldout_swe_b16_l2_s3,20.438166995238095,20.438166995238095,0.0
round2_E4_port_tight,256,fixed_3+3,eft_old,heldout_swe_b2_l2_s7,5.502968133333334,5.502968133333334,0.0
round2_E4_port_tight,256,fixed_3+3,eft_old,heldout_swe_b4_l2_s7,7.8614526666666675,7.8614526666666675,0.0
round2_E4_port_tight,256,fixed_3+3,eft_old,heldout_swe_b8_l2_s7,11.791675531292519,11.791675531292519,0.0
round2_E4_port_tight,256,fixed_3+3,eft_old,heldout_swe_b16_l2_s7,18.866414464625848,18.866414464625848,0.0
round2_E4_port_tight,256,fixed_3+3,eft_old,heldout_swe_b2_l2_s11,5.502968133333334,5.502968133333334,0.0
round2_E4_port_tight,256,fixed_3+3,eft_old,heldout_swe_b4_l2_s11,9.433545395238097,9.433545395238097,0.0
round2_E4_port_tight,256,fixed_3+3,eft_old,heldout_swe_b8_l2_s11,11.792063333333337,11.792063333333337,0.0
round2_E4_port_tight,256,fixed_3+3,eft_old,heldout_swe_b16_l2_s11,22.0112637952381,22.0112637952381,0.0
round2_E4_port_tight,256,fixed_3+3,eft_old,heldout_swe_b2_l13_s3,5.503172133333334,5.503172133333334,0.0
round2_E4_port_tight,256,fixed_3+3,eft_old,heldout_swe_b4_l13_s3,8.64740706666667,8.64740706666667,0.0
round2_E4_port_tight,256,fixed_3+3,eft_old,heldout_swe_b8_l13_s3,12.57764600272109,12.57764600272109,0.0
round2_E4_port_tight,256,fixed_3+3,eft_old,heldout_swe_b16_l13_s3,20.437982907424686,20.437982907424686,0.0
round2_E4_port_tight,256,fixed_3+3,eft_old,heldout_swe_b2_l13_s7,5.503172133333334,5.503172133333334,0.0
round2_E4_port_tight,256,fixed_3+3,eft_old,heldout_swe_b4_l13_s7,9.433561466666673,9.433561466666673,0.0
round2_E4_port_tight,256,fixed_3+3,eft_old,heldout_swe_b8_l13_s7,11.791795333333338,11.791795333333338,0.0
round2_E4_port_tight,256,fixed_3+3,eft_old,heldout_swe_b16_l13_s7,19.652028507424685,19.652028507424685,0.0
round2_E4_port_tight,256,fixed_3+3,eft_old,heldout_swe_b2_l13_s11,4.717017733333333,4.717017733333333,0.0
round2_E4_port_tight,256,fixed_3+3,eft_old,heldout_swe_b4_l13_s11,9.434029466666672,9.434029466666672,0.0
round2_E4_port_tight,256,fixed_3+3,eft_old,heldout_swe_b8_l13_s11,11.79166333333334,11.79166333333334,0.0
round2_E4_port_tight,256,fixed_3+3,eft_old,heldout_swe_b16_l13_s11,22.010240064625854,22.010240064625854,0.0
round2_E4_port_tight,256,fixed_3+3,eft_old,heldout_swe_b2_l26_s3,4.717017733333333,4.717017733333333,0.0
round2_E4_port_tight,256,fixed_3+3,eft_old,heldout_swe_b4_l26_s3,8.647407066666672,8.647407066666672,0.0
round2_E4_port_tight,256,fixed_3+3,eft_old,heldout_swe_b8_l26_s3,14.149914461904766,14.149914461904766,0.0
round2_E4_port_tight,256,fixed_3+3,eft_old,heldout_swe_b16_l26_s3,20.43938326462584,20.43938326462584,0.0
round2_E4_port_tight,256,fixed_3+3,eft_old,heldout_swe_b2_l26_s7,5.503172133333334,5.503172133333334,0.0
round2_E4_port_tight,256,fixed_3+3,eft_old,heldout_swe_b4_l26_s7,7.86172066666667,7.86172066666667,0.0
round2_E4_port_tight,256,fixed_3+3,eft_old,heldout_swe_b8_l26_s7,12.577961931292519,12.577961931292519,0.0
round2_E4_port_tight,256,fixed_3+3,eft_old,heldout_swe_b16_l26_s7,20.43867876456755,20.43867876456755,0.0
round2_E4_port_tight,256,fixed_3+3,eft_old,heldout_swe_b2_l26_s11,5.503172133333334,5.503172133333334,0.0
round2_E4_port_tight,256,fixed_3+3,eft_old,heldout_swe_b4_l26_s11,11.005870266666673,11.005870266666673,0.0
round2_E4_port_tight,256,fixed_3+3,eft_old,heldout_swe_b8_l26_s11,12.577869661904765,12.577869661904765,0.0
round2_E4_port_tight,256,fixed_3+3,eft_old,heldout_swe_b16_l26_s11,22.011599795238098,22.011599795238098,0.0
round2_E4_port_tight,256,fixed_3+3,eft_old,v3_captured_mixed_heldout_bfcl_t64_l2,92.75661122482106,92.75661122482106,0.0
round2_E4_port_tight,256,fixed_3+3,eft_old,v3_captured_mixed_heldout_bfcl_t96_l2,135.2032423516928,135.2032423516928,0.0
round2_E4_port_tight,256,fixed_3+3,eft_old,v3_captured_mixed_heldout_bfcl_t128_l2,180.00803049402882,180.00803049402882,0.0
round2_E4_port_tight,256,fixed_3+3,eft_old,v3_captured_mixed_heldout_bfcl_t64_l13,92.75650026011017,92.75650026011017,0.0
round2_E4_port_tight,256,fixed_3+3,eft_old,v3_captured_mixed_heldout_bfcl_t96_l13,136.77505482973618,136.77505482973618,0.0
round2_E4_port_tight,256,fixed_3+3,eft_old,v3_captured_mixed_heldout_bfcl_t128_l13,179.2219860850262,179.2219860850262,0.0
round2_E4_port_tight,256,fixed_3+3,eft_old,v3_captured_mixed_heldout_bfcl_t64_l26,91.18444993920174,91.18444993920174,0.0
round2_E4_port_tight,256,fixed_3+3,eft_old,v3_captured_mixed_heldout_bfcl_t96_l26,135.98900193425982,135.98900193425982,0.0
round2_E4_port_tight,256,fixed_3+3,eft_old,v3_captured_mixed_heldout_bfcl_t128_l26,180.00785286492044,180.00785286492044,0.0
round2_E4_port_tight,256,fixed_3+3,eft_old,v3_captured_mixed_heldout_gpqa_t64_l2,92.75668606297226,92.75668606297226,0.0
round2_E4_port_tight,256,fixed_3+3,eft_old,v3_captured_mixed_heldout_gpqa_t96_l2,136.7749835803226,136.7749835803226,0.0
round2_E4_port_tight,256,fixed_3+3,eft_old,v3_captured_mixed_heldout_gpqa_t128_l2,178.43598715857897,178.43598715857897,0.0
round2_E4_port_tight,256,fixed_3+3,eft_old,v3_captured_mixed_heldout_gpqa_t64_l13,90.39798097229682,90.39798097229682,0.0
round2_E4_port_tight,256,fixed_3+3,eft_old,v3_captured_mixed_heldout_gpqa_t96_l13,134.4168881916619,134.4168881916619,0.0
round2_E4_port_tight,256,fixed_3+3,eft_old,v3_captured_mixed_heldout_gpqa_t128_l13,174.50536998882248,174.50536998882248,0.0
round2_E4_port_tight,256,fixed_3+3,eft_old,v3_captured_mixed_heldout_gpqa_t64_l26,92.75674760328475,92.75674760328475,0.0
round2_E4_port_tight,256,fixed_3+3,eft_old,v3_captured_mixed_heldout_gpqa_t96_l26,137.56133736303204,137.56133736303204,0.0
round2_E4_port_tight,256,fixed_3+3,eft_old,v3_captured_mixed_heldout_gpqa_t128_l26,178.4357697559975,178.4357697559975,0.0
round2_E4_port_tight,256,fixed_3+3,eft_old,v3_captured_mixed_heldout_swe_t64_l2,92.75662031957461,92.75662031957461,0.0
round2_E4_port_tight,256,fixed_3+3,eft_old,v3_captured_mixed_heldout_swe_t96_l2,135.20313704483252,135.20313704483252,0.0
round2_E4_port_tight,256,fixed_3+3,eft_old,v3_captured_mixed_heldout_swe_t128_l2,179.22185701280316,179.22185701280316,0.0
round2_E4_port_tight,256,fixed_3+3,eft_old,v3_captured_mixed_heldout_swe_t64_l13,91.18349436783147,91.18349436783147,0.0
round2_E4_port_tight,256,fixed_3+3,eft_old,v3_captured_mixed_heldout_swe_t96_l13,135.98850884198117,135.98850884198117,0.0
round2_E4_port_tight,256,fixed_3+3,eft_old,v3_captured_mixed_heldout_swe_t128_l13,179.2218193434424,179.2218193434424,0.0
round2_E4_port_tight,256,fixed_3+3,eft_old,v3_captured_mixed_heldout_swe_t64_l26,93.54211940371167,93.54211940371167,0.0
round2_E4_port_tight,256,fixed_3+3,eft_old,v3_captured_mixed_heldout_swe_t96_l26,137.56100376985265,137.56100376985265,0.0
round2_E4_port_tight,256,fixed_3+3,eft_old,v3_captured_mixed_heldout_swe_t128_l26,178.4360014909411,178.4360014909411,0.0
round2_E4_pipelined,256,fixed_4+2,eft_old,heldout_bfcl_b2_l2_s3,1.9221898927738927,1.9221898927738927,0.0
round2_E4_pipelined,256,fixed_4+2,eft_old,heldout_bfcl_b4_l2_s3,2.8832883384863432,2.8832883384863432,0.0
round2_E4_pipelined,256,fixed_4+2,eft_old,heldout_bfcl_b8_l2_s3,4.530945640789271,4.530945640789271,0.0
round2_E4_pipelined,256,fixed_4+2,eft_old,heldout_bfcl_b16_l2_s3,7.688777802109896,7.688777802109896,0.0
round2_E4_pipelined,256,fixed_4+2,eft_old,heldout_bfcl_b2_l2_s7,1.9221898927738927,1.9221898927738927,0.0
round2_E4_pipelined,256,fixed_4+2,eft_old,heldout_bfcl_b4_l2_s7,3.0229363852725766,3.0229363852725766,0.0
round2_E4_pipelined,256,fixed_4+2,eft_old,heldout_bfcl_b8_l2_s7,4.950748622811389,4.950748622811389,0.0
round2_E4_pipelined,256,fixed_4+2,eft_old,heldout_bfcl_b16_l2_s7,8.787140418869734,8.787140418869734,0.0
round2_E4_pipelined,256,fixed_4+2,eft_old,heldout_bfcl_b2_l2_s11,1.3754377717579243,1.3754377717579243,0.0
round2_E4_pipelined,256,fixed_4+2,eft_old,heldout_bfcl_b4_l2_s11,3.0229363852725766,3.0229363852725766,0.0
round2_E4_pipelined,256,fixed_4+2,eft_old,heldout_bfcl_b8_l2_s11,4.950702968930811,4.950702968930811,0.0
round2_E4_pipelined,256,fixed_4+2,eft_old,heldout_bfcl_b16_l2_s11,8.78708931197476,8.78708931197476,0.0
round2_E4_pipelined,256,fixed_4+2,eft_old,heldout_bfcl_b2_l13_s3,1.6487824126776105,1.6487824126776105,0.0
round2_E4_pipelined,256,fixed_4+2,eft_old,heldout_bfcl_b4_l13_s3,3.2951638355054027,3.2951638355054027,0.0
round2_E4_pipelined,256,fixed_4+2,eft_old,heldout_bfcl_b8_l13_s3,5.177075914692364,5.177075914692364,0.0
round2_E4_pipelined,256,fixed_4+2,eft_old,heldout_bfcl_b16_l13_s3,8.535767088162926,8.535767088162926,0.0
round2_E4_pipelined,256,fixed_4+2,eft_old,heldout_bfcl_b2_l13_s7,1.9221898927738927,1.9221898927738927,0.0
round2_E4_pipelined,256,fixed_4+2,eft_old,heldout_bfcl_b4_l13_s7,3.024085546747465,3.024085546747465,0.0
round2_E4_pipelined,256,fixed_4+2,eft_old,heldout_bfcl_b8_l13_s7,4.949417720168553,4.949417720168553,0.0
round2_E4_pipelined,256,fixed_4+2,eft_old,heldout_bfcl_b16_l13_s7,8.100842926339022,8.100842926339022,0.0
round2_E4_pipelined,256,fixed_4+2,eft_old,heldout_bfcl_b2_l13_s11,1.2357977410437664,1.2357977410437664,0.0
round2_E4_pipelined,256,fixed_4+2,eft_old,heldout_bfcl_b4_l13_s11,2.88329621797829,2.88329621797829,0.0
round2_E4_pipelined,256,fixed_4+2,eft_old,heldout_bfcl_b8_l13_s11,4.530883383515055,4.530883383515055,0.0
round2_E4_pipelined,256,fixed_4+2,eft_old,heldout_bfcl_b16_l13_s11,8.930745931387412,8.930745931387412,0.0
round2_E4_pipelined,256,fixed_4+2,eft_old,heldout_bfcl_b2_l26_s3,1.7848980372023808,1.7848980372023808,0.0
round2_E4_pipelined,256,fixed_4+2,eft_old,heldout_bfcl_b4_l26_s3,3.2951728850921795,3.2951728850921795,0.0
round2_E4_pipelined,256,fixed_4+2,eft_old,heldout_bfcl_b8_l26_s3,5.08007072798144,5.08007072798144,0.0
round2_E4_pipelined,256,fixed_4+2,eft_old,heldout_bfcl_b16_l26_s3,9.061675215192592,9.061675215192592,0.0
round2_E4_pipelined,256,fixed_4+2,eft_old,heldout_bfcl_b2_l26_s7,1.648755232236839,1.648755232236839,0.0
round2_E4_pipelined,256,fixed_4+2,eft_old,heldout_bfcl_b4_l26_s7,3.297524458487241,3.297524458487241,0.0
round2_E4_pipelined,256,fixed_4+2,eft_old,heldout_bfcl_b8_l26_s7,5.629230751624446,5.629230751624446,0.0
round2_E4_pipelined,256,fixed_4+2,eft_old,heldout_bfcl_b16_l26_s7,8.014469088839173,8.014469088839173,0.0
round2_E4_pipelined,256,fixed_4+2,eft_old,heldout_bfcl_b2_l26_s11,1.3765235388380876,1.3765235388380876,0.0
round2_E4_pipelined,256,fixed_4+2,eft_old,heldout_bfcl_b4_l26_s11,3.022968090506737,3.022968090506737,0.0
round2_E4_pipelined,256,fixed_4+2,eft_old,heldout_bfcl_b8_l26_s11,5.079935755153008,5.079935755153008,0.0
round2_E4_pipelined,256,fixed_4+2,eft_old,heldout_bfcl_b16_l26_s11,8.65514832540632,8.65514832540632,0.0
round2_E4_pipelined,256,fixed_4+2,eft_old,heldout_gpqa_b2_l2_s3,1.7848980372023808,1.7848980372023808,0.0
round2_E4_pipelined,256,fixed_4+2,eft_old,heldout_gpqa_b4_l2_s3,2.751822480517454,2.751822480517454,0.0
round2_E4_pipelined,256,fixed_4+2,eft_old,heldout_gpqa_b8_l2_s3,4.5309237974251255,4.5309237974251255,0.0
round2_E4_pipelined,256,fixed_4+2,eft_old,heldout_gpqa_b16_l2_s3,8.055507914875783,8.055507914875783,0.0
round2_E4_pipelined,256,fixed_4+2,eft_old,heldout_gpqa_b2_l2_s7,1.9221898927738927,1.9221898927738927,0.0
round2_E4_pipelined,256,fixed_4+2,eft_old,heldout_gpqa_b4_l2_s7,3.295163835505403,3.295163835505403,0.0
round2_E4_pipelined,256,fixed_4+2,eft_old,heldout_gpqa_b8_l2_s7,5.354645616593894,5.354645616593894,0.0
round2_E4_pipelined,256,fixed_4+2,eft_old,heldout_gpqa_b16_l2_s7,8.822215965954337,8.822215965954337,0.0
round2_E4_pipelined,256,fixed_4+2,eft_old,heldout_gpqa_b2_l2_s11,1.5103612179782906,1.5103612179782906,0.0
round2_E4_pipelined,256,fixed_4+2,eft_old,heldout_gpqa_b4_l2_s11,3.1577971506558122,3.1577971506558122,0.0
round2_E4_pipelined,256,fixed_4+2,eft_old,heldout_gpqa_b8_l2_s11,5.773291995326726,5.773291995326726,0.0
round2_E4_pipelined,256,fixed_4+2,eft_old,heldout_gpqa_b16_l2_s11,8.539116136796912,8.539116136796912,0.0
round2_E4_pipelined,256,fixed_4+2,eft_old,heldout_gpqa_b2_l13_s3,1.784889726934524,1.784889726934524,0.0
round2_E4_pipelined,256,fixed_4+2,eft_old,heldout_gpqa_b4_l13_s3,2.7483275419374693,2.7483275419374693,0.0
round2_E4_pipelined,256,fixed_4+2,eft_old,heldout_gpqa_b8_l13_s3,4.400917518241863,4.400917518241863,0.0
round2_E4_pipelined,256,fixed_4+2,eft_old,heldout_gpqa_b16_l13_s3,7.58241286633323,7.58241286633323,0.0
round2_E4_pipelined,256,fixed_4+2,eft_old,heldout_gpqa_b2_l13_s7,1.784889726934524,1.784889726934524,0.0
round2_E4_pipelined,256,fixed_4+2,eft_old,heldout_gpqa_b4_l13_s7,3.1578330442570026,3.1578330442570026,0.0
round2_E4_pipelined,256,fixed_4+2,eft_old,heldout_gpqa_b8_l13_s7,5.354554424795868,5.354554424795868,0.0
round2_E4_pipelined,256,fixed_4+2,eft_old,heldout_gpqa_b16_l13_s7,8.528799952064428,8.528799952064428,0.0
round2_E4_pipelined,256,fixed_4+2,eft_old,heldout_gpqa_b2_l13_s11,1.273997285117837,1.273997285117837,0.0
round2_E4_pipelined,256,fixed_4+2,eft_old,heldout_gpqa_b4_l13_s11,3.296344146996322,3.296344146996322,0.0
round2_E4_pipelined,256,fixed_4+2,eft_old,heldout_gpqa_b8_l13_s11,4.953253826585859,4.953253826585859,0.0
round2_E4_pipelined,256,fixed_4+2,eft_old,heldout_gpqa_b16_l13_s11,8.656254812783686,8.656254812783686,0.0
round2_E4_pipelined,256,fixed_4+2,eft_old,heldout_gpqa_b2_l26_s3,1.9221898927738927,1.9221898927738927,0.0
round2_E4_pipelined,256,fixed_4+2,eft_old,heldout_gpqa_b4_l26_s3,2.608767160686624,2.608767160686624,0.0
round2_E4_pipelined,256,fixed_4+2,eft_old,heldout_gpqa_b8_l26_s3,4.393702304479748,4.393702304479748,0.0
round2_E4_pipelined,256,fixed_4+2,eft_old,heldout_gpqa_b16_l26_s3,7.8258981376485455,7.8258981376485455,0.0
round2_E4_pipelined,256,fixed_4+2,eft_old,heldout_gpqa_b2_l26_s7,1.9221898927738927,1.9221898927738927,0.0
round2_E4_pipelined,256,fixed_4+2,eft_old,heldout_gpqa_b4_l26_s7,3.157833044257003,3.157833044257003,0.0
round2_E4_pipelined,256,fixed_4+2,eft_old,heldout_gpqa_b8_l26_s7,5.492019870342104,5.492019870342104,0.0
round2_E4_pipelined,256,fixed_4+2,eft_old,heldout_gpqa_b16_l26_s7,9.061570147201024,9.061570147201024,0.0
round2_E4_pipelined,256,fixed_4+2,eft_old,heldout_gpqa_b2_l26_s11,1.7849182570546216,1.7849182570546216,0.0
round2_E4_pipelined,256,fixed_4+2,eft_old,heldout_gpqa_b4_l26_s11,3.432353249999999,3.432353249999999,0.0
round2_E4_pipelined,256,fixed_4+2,eft_old,heldout_gpqa_b8_l26_s11,5.354558807787047,5.354558807787047,0.0
round2_E4_pipelined,256,fixed_4+2,eft_old,heldout_gpqa_b16_l26_s11,8.656986304173007,8.656986304173007,0.0
round2_E4_pipelined,256,fixed_4+2,eft_old,heldout_swe_b2_l2_s3,1.7848980372023808,1.7848980372023808,0.0
round2_E4_pipelined,256,fixed_4+2,eft_old,heldout_swe_b4_l2_s3,2.4772603736240164,2.4772603736240164,0.0
round2_E4_pipelined,256,fixed_4+2,eft_old,heldout_swe_b8_l2_s3,3.579080523612624,3.579080523612624,0.0
round2_E4_pipelined,256,fixed_4+2,eft_old,heldout_swe_b16_l2_s3,6.9504345674657815,6.9504345674657815,0.0
round2_E4_pipelined,256,fixed_4+2,eft_old,heldout_swe_b2_l2_s7,1.7848897339891452,1.7848897339891452,0.0
round2_E4_pipelined,256,fixed_4+2,eft_old,heldout_swe_b4_l2_s7,2.6087707853007682,2.6087707853007682,0.0
round2_E4_pipelined,256,fixed_4+2,eft_old,heldout_swe_b8_l2_s7,3.8578886142324205,3.8578886142324205,0.0
round2_E4_pipelined,256,fixed_4+2,eft_old,heldout_swe_b16_l2_s7,7.282068833566242,7.282068833566242,0.0
round2_E4_pipelined,256,fixed_4+2,eft_old,heldout_swe_b2_l2_s11,1.7848980372023808,1.7848980372023808,0.0
round2_E4_pipelined,256,fixed_4+2,eft_old,heldout_swe_b4_l2_s11,2.8832410372023802,2.8832410372023802,0.0
round2_E4_pipelined,256,fixed_4+2,eft_old,heldout_swe_b8_l2_s11,3.707192937829487,3.707192937829487,0.0
round2_E4_pipelined,256,fixed_4+2,eft_old,heldout_swe_b16_l2_s11,7.555499299044672,7.555499299044672,0.0
round2_E4_pipelined,256,fixed_4+2,eft_old,heldout_swe_b2_l13_s3,1.9221898927738927,1.9221898927738927,0.0
round2_E4_pipelined,256,fixed_4+2,eft_old,heldout_swe_b4_l13_s3,2.750616268119137,2.750616268119137,0.0
round2_E4_pipelined,256,fixed_4+2,eft_old,heldout_swe_b8_l13_s3,3.856000489012109,3.856000489012109,0.0
round2_E4_pipelined,256,fixed_4+2,eft_old,heldout_swe_b16_l13_s3,6.976703067085771,6.976703067085771,0.0
round2_E4_pipelined,256,fixed_4+2,eft_old,heldout_swe_b2_l13_s7,1.9221898927738927,1.9221898927738927,0.0
round2_E4_pipelined,256,fixed_4+2,eft_old,heldout_swe_b4_l13_s7,2.8832769449128146,2.8832769449128146,0.0
round2_E4_pipelined,256,fixed_4+2,eft_old,heldout_swe_b8_l13_s7,3.8536892950845956,3.8536892950845956,0.0
round2_E4_pipelined,256,fixed_4+2,eft_old,heldout_swe_b16_l13_s7,6.940607192059496,6.940607192059496,0.0
round2_E4_pipelined,256,fixed_4+2,eft_old,heldout_swe_b2_l13_s11,1.6487824126776107,1.6487824126776107,0.0
round2_E4_pipelined,256,fixed_4+2,eft_old,heldout_swe_b4_l13_s11,3.0217605985750464,3.0217605985750464,0.0
round2_E4_pipelined,256,fixed_4+2,eft_old,heldout_swe_b8_l13_s11,3.857259248094014,3.857259248094014,0.0
round2_E4_pipelined,256,fixed_4+2,eft_old,heldout_swe_b16_l13_s11,7.551532523776701,7.551532523776701,0.0
round2_E4_pipelined,256,fixed_4+2,eft_old,heldout_swe_b2_l26_s3,1.648813836284307,1.648813836284307,0.0
round2_E4_pipelined,256,fixed_4+2,eft_old,heldout_swe_b4_l26_s3,2.6087493686341023,2.6087493686341023,0.0
round2_E4_pipelined,256,fixed_4+2,eft_old,heldout_swe_b8_l26_s3,4.256301399525909,4.256301399525909,0.0
round2_E4_pipelined,256,fixed_4+2,eft_old,heldout_swe_b16_l26_s3,7.281013328781432,7.281013328781432,0.0
round2_E4_pipelined,256,fixed_4+2,eft_old,heldout_swe_b2_l26_s7,1.9221898927738927,1.9221898927738927,0.0
round2_E4_pipelined,256,fixed_4+2,eft_old,heldout_swe_b4_l26_s7,2.6261668157711533,2.6261668157711533,0.0
round2_E4_pipelined,256,fixed_4+2,eft_old,heldout_swe_b8_l26_s7,4.119018615077877,4.119018615077877,0.0
round2_E4_pipelined,256,fixed_4+2,eft_old,heldout_swe_b16_l26_s7,7.090872176246701,7.090872176246701,0.0
round2_E4_pipelined,256,fixed_4+2,eft_old,heldout_swe_b2_l26_s11,1.9221898927738927,1.9221898927738927,0.0
round2_E4_pipelined,256,fixed_4+2,eft_old,heldout_swe_b4_l26_s11,3.4323808403879545,3.4323808403879545,0.0
round2_E4_pipelined,256,fixed_4+2,eft_old,heldout_swe_b8_l26_s11,3.707216004463186,3.707216004463186,0.0
round2_E4_pipelined,256,fixed_4+2,eft_old,heldout_swe_b16_l26_s11,8.26107755916759,8.26107755916759,0.0
round2_E4_pipelined,256,fixed_4+2,eft_old,v3_captured_mixed_heldout_bfcl_t64_l2,25.126080922017202,25.126080922017202,0.0
round2_E4_pipelined,256,fixed_4+2,eft_old,v3_captured_mixed_heldout_bfcl_t96_l2,36.247305054190726,36.247305054190726,0.0
round2_E4_pipelined,256,fixed_4+2,eft_old,v3_captured_mixed_heldout_bfcl_t128_l2,47.093648301144356,47.093648301144356,0.0
round2_E4_pipelined,256,fixed_4+2,eft_old,v3_captured_mixed_heldout_bfcl_t64_l13,31.689144999712262,31.689144999712262,0.0
round2_E4_pipelined,256,fixed_4+2,eft_old,v3_captured_mixed_heldout_bfcl_t96_l13,36.52163879744267,36.52163879744267,0.0
round2_E4_pipelined,256,fixed_4+2,eft_old,v3_captured_mixed_heldout_bfcl_t128_l13,58.16183778689812,58.16183778689812,0.0
round2_E4_pipelined,256,fixed_4+2,eft_old,v3_captured_mixed_heldout_bfcl_t64_l26,25.81234237458961,25.81234237458961,0.0
round2_E4_pipelined,256,fixed_4+2,eft_old,v3_captured_mixed_heldout_bfcl_t96_l26,37.07086875229811,37.07086875229811,0.0
round2_E4_pipelined,256,fixed_4+2,eft_old,v3_captured_mixed_heldout_bfcl_t128_l26,47.78016983934007,47.78016983934007,0.0
round2_E4_pipelined,256,fixed_4+2,eft_old,v3_captured_mixed_heldout_gpqa_t64_l2,30.635171224529152,30.635171224529152,0.0
round2_E4_pipelined,256,fixed_4+2,eft_old,v3_captured_mixed_heldout_gpqa_t96_l2,36.38436895331163,36.38436895331163,0.0
round2_E4_pipelined,256,fixed_4+2,eft_old,v3_captured_mixed_heldout_gpqa_t128_l2,58.35398852550111,58.35398852550111,0.0
round2_E4_pipelined,256,fixed_4+2,eft_old,v3_captured_mixed_heldout_gpqa_t64_l13,30.104406866292777,30.104406866292777,0.0
round2_E4_pipelined,256,fixed_4+2,eft_old,v3_captured_mixed_heldout_gpqa_t96_l13,44.09115312173349,44.09115312173349,0.0
round2_E4_pipelined,256,fixed_4+2,eft_old,v3_captured_mixed_heldout_gpqa_t128_l13,57.59060820591267,57.59060820591267,0.0
round2_E4_pipelined,256,fixed_4+2,eft_old,v3_captured_mixed_heldout_gpqa_t64_l26,30.507402953656356,30.507402953656356,0.0
round2_E4_pipelined,256,fixed_4+2,eft_old,v3_captured_mixed_heldout_gpqa_t96_l26,36.65893567159303,36.65893567159303,0.0
round2_E4_pipelined,256,fixed_4+2,eft_old,v3_captured_mixed_heldout_gpqa_t128_l26,47.09376396027536,47.09376396027536,0.0
round2_E4_pipelined,256,fixed_4+2,eft_old,v3_captured_mixed_heldout_swe_t64_l2,30.65352780487897,30.65352780487897,0.0
round2_E4_pipelined,256,fixed_4+2,eft_old,v3_captured_mixed_heldout_swe_t96_l2,35.83520011078005,35.83520011078005,0.0
round2_E4_pipelined,256,fixed_4+2,eft_old,v3_captured_mixed_heldout_swe_t128_l2,47.0936436110659,47.0936436110659,0.0
round2_E4_pipelined,256,fixed_4+2,eft_old,v3_captured_mixed_heldout_swe_t64_l13,25.12584110794125,25.12584110794125,0.0
round2_E4_pipelined,256,fixed_4+2,eft_old,v3_captured_mixed_heldout_swe_t96_l13,35.560710282129286,35.560710282129286,0.0
round2_E4_pipelined,256,fixed_4+2,eft_old,v3_captured_mixed_heldout_swe_t128_l13,58.62036351459657,58.62036351459657,0.0
round2_E4_pipelined,256,fixed_4+2,eft_old,v3_captured_mixed_heldout_swe_t64_l26,24.988758339108895,24.988758339108895,0.0
round2_E4_pipelined,256,fixed_4+2,eft_old,v3_captured_mixed_heldout_swe_t96_l26,36.24715478695943,36.24715478695943,0.0
round2_E4_pipelined,256,fixed_4+2,eft_old,v3_captured_mixed_heldout_swe_t128_l26,47.64282346841979,47.64282346841979,0.0
round2_E4_port_tight,256,fixed_4+2,eft_old,heldout_bfcl_b2_l2_s3,5.71727787878788,5.71727787878788,0.0
round2_E4_port_tight,256,fixed_4+2,eft_old,heldout_bfcl_b4_l2_s3,8.385603942762181,8.385603942762181,0.0
round2_E4_port_tight,256,fixed_4+2,eft_old,heldout_bfcl_b8_l2_s3,12.577689733333335,12.577689733333335,0.0
round2_E4_port_tight,256,fixed_4+2,eft_old,heldout_bfcl_b16_l2_s3,21.72481373735313,21.72481373735313,0.0
round2_E4_port_tight,256,fixed_4+2,eft_old,heldout_bfcl_b2_l2_s7,5.71727787878788,5.71727787878788,0.0
round2_E4_port_tight,256,fixed_4+2,eft_old,heldout_bfcl_b4_l2_s7,9.147539139393944,9.147539139393944,0.0
round2_E4_port_tight,256,fixed_4+2,eft_old,heldout_bfcl_b8_l2_s7,13.77636654829932,13.77636654829932,0.0
round2_E4_port_tight,256,fixed_4+2,eft_old,heldout_bfcl_b16_l2_s7,24.01196442696352,24.01196442696352,0.0
round2_E4_port_tight,256,fixed_4+2,eft_old,heldout_bfcl_b2_l2_s11,4.5737725696969695,4.5737725696969695,0.0
round2_E4_port_tight,256,fixed_4+2,eft_old,heldout_bfcl_b4_l2_s11,9.147607139393944,9.147607139393944,0.0
round2_E4_port_tight,256,fixed_4+2,eft_old,heldout_bfcl_b8_l2_s11,13.72132704242424,13.72132704242424,0.0
round2_E4_port_tight,256,fixed_4+2,eft_old,heldout_bfcl_b16_l2_s11,24.55774654386869,24.55774654386869,0.0
round2_E4_port_tight,256,fixed_4+2,eft_old,heldout_bfcl_b2_l13_s3,4.791761278911564,4.791761278911564,0.0
round2_E4_port_tight,256,fixed_4+2,eft_old,heldout_bfcl_b4_l13_s3,9.583461386763148,9.583461386763148,0.0
round2_E4_port_tight,256,fixed_4+2,eft_old,heldout_bfcl_b8_l13_s3,13.776094191098162,13.776094191098162,0.0
round2_E4_port_tight,256,fixed_4+2,eft_old,heldout_bfcl_b16_l13_s3,24.011132086147178,24.011132086147178,0.0
round2_E4_port_tight,256,fixed_4+2,eft_old,heldout_bfcl_b2_l13_s7,5.71727787878788,5.71727787878788,0.0
round2_E4_port_tight,256,fixed_4+2,eft_old,heldout_bfcl_b4_l13_s7,9.14759106796537,9.14759106796537,0.0
round2_E4_port_tight,256,fixed_4+2,eft_old,heldout_bfcl_b8_l13_s7,13.721527042424247,13.721527042424247,0.0
round2_E4_port_tight,256,fixed_4+2,eft_old,heldout_bfcl_b16_l13_s7,22.8679991178726,22.8679991178726,0.0
round2_E4_port_tight,256,fixed_4+2,eft_old,heldout_bfcl_b2_l13_s11,3.59392459047619,3.59392459047619,0.0
round2_E4_port_tight,256,fixed_4+2,eft_old,heldout_bfcl_b4_l13_s11,8.385663797959186,8.385663797959186,0.0
round2_E4_port_tight,256,fixed_4+2,eft_old,heldout_bfcl_b8_l13_s11,14.86435228008658,14.86435228008658,0.0
round2_E4_port_tight,256,fixed_4+2,eft_old,heldout_bfcl_b16_l13_s11,24.557344686179203,24.557344686179203,0.0
round2_E4_port_tight,256,fixed_4+2,eft_old,heldout_bfcl_b2_l26_s3,5.71727787878788,5.71727787878788,0.0
round2_E4_port_tight,256,fixed_4+2,eft_old,heldout_bfcl_b4_l26_s3,9.583496626776867,9.583496626776867,0.0
round2_E4_port_tight,256,fixed_4+2,eft_old,heldout_bfcl_b8_l26_s3,13.72132704242424,13.72132704242424,0.0
round2_E4_port_tight,256,fixed_4+2,eft_old,heldout_bfcl_b16_l26_s3,24.557463043926937,24.557463043926937,0.0
round2_E4_port_tight,256,fixed_4+2,eft_old,heldout_bfcl_b2_l26_s7,4.791829278911566,4.791829278911566,0.0
round2_E4_port_tight,256,fixed_4+2,eft_old,heldout_bfcl_b4_l26_s7,9.58356371694849,9.58356371694849,0.0
round2_E4_port_tight,256,fixed_4+2,eft_old,heldout_bfcl_b8_l26_s7,14.97420732838151,14.97420732838151,0.0
round2_E4_port_tight,256,fixed_4+2,eft_old,heldout_bfcl_b16_l26_s7,22.867822617814298,22.867822617814298,0.0
round2_E4_port_tight,256,fixed_4+2,eft_old,heldout_bfcl_b2_l26_s11,4.573704569696971,4.573704569696971,0.0
round2_E4_port_tight,256,fixed_4+2,eft_old,heldout_bfcl_b4_l26_s11,9.147675139393945,9.147675139393945,0.0
round2_E4_port_tight,256,fixed_4+2,eft_old,heldout_bfcl_b8_l26_s11,14.864964351515155,14.864964351515155,0.0
round2_E4_port_tight,256,fixed_4+2,eft_old,heldout_bfcl_b16_l26_s11,24.011800284106368,24.011800284106368,0.0
round2_E4_port_tight,256,fixed_4+2,eft_old,heldout_gpqa_b2_l2_s3,5.71727787878788,5.71727787878788,0.0
round2_E4_port_tight,256,fixed_4+2,eft_old,heldout_gpqa_b4_l2_s3,8.00402175887446,8.00402175887446,0.0
round2_E4_port_tight,256,fixed_4+2,eft_old,heldout_gpqa_b8_l2_s3,12.578218541496597,12.578218541496597,0.0
round2_E4_port_tight,256,fixed_4+2,eft_old,heldout_gpqa_b16_l2_s3,21.724277539393935,21.724277539393935,0.0
round2_E4_port_tight,256,fixed_4+2,eft_old,heldout_gpqa_b2_l2_s7,5.71727787878788,5.71727787878788,0.0
round2_E4_port_tight,256,fixed_4+2,eft_old,heldout_gpqa_b4_l2_s7,9.583524702626127,9.583524702626127,0.0
round2_E4_port_tight,256,fixed_4+2,eft_old,heldout_gpqa_b8_l2_s7,14.974402626530608,14.974402626530608,0.0
round2_E4_port_tight,256,fixed_4+2,eft_old,heldout_gpqa_b16_l2_s7,26.29809497371676,26.29809497371676,0.0
round2_E4_port_tight,256,fixed_4+2,eft_old,heldout_gpqa_b2_l2_s11,4.57377256969697,4.57377256969697,0.0
round2_E4_port_tight,256,fixed_4+2,eft_old,heldout_gpqa_b4_l2_s11,9.147607139393942,9.147607139393942,0.0
round2_E4_port_tight,256,fixed_4+2,eft_old,heldout_gpqa_b8_l2_s11,17.1514228982684,17.1514228982684,0.0
round2_E4_port_tight,256,fixed_4+2,eft_old,heldout_gpqa_b16_l2_s11,24.557859655007082,24.557859655007082,0.0
round2_E4_port_tight,256,fixed_4+2,eft_old,heldout_gpqa_b2_l13_s3,5.717277878787881,5.717277878787881,0.0
round2_E4_port_tight,256,fixed_4+2,eft_old,heldout_gpqa_b4_l13_s3,8.004105830303034,8.004105830303034,0.0
round2_E4_port_tight,256,fixed_4+2,eft_old,heldout_gpqa_b8_l13_s3,12.578486076095519,12.578486076095519,0.0
round2_E4_port_tight,256,fixed_4+2,eft_old,heldout_gpqa_b16_l13_s3,21.724349737353123,21.724349737353123,0.0
round2_E4_port_tight,256,fixed_4+2,eft_old,heldout_gpqa_b2_l13_s7,5.717277878787881,5.717277878787881,0.0
round2_E4_port_tight,256,fixed_4+2,eft_old,heldout_gpqa_b4_l13_s7,9.14759106796537,9.14759106796537,0.0
round2_E4_port_tight,256,fixed_4+2,eft_old,heldout_gpqa_b8_l13_s7,16.00800166060606,16.00800166060606,0.0
round2_E4_port_tight,256,fixed_4+2,eft_old,heldout_gpqa_b16_l13_s7,24.01176842696352,24.01176842696352,0.0
round2_E4_port_tight,256,fixed_4+2,eft_old,heldout_gpqa_b2_l13_s11,3.5939245904761905,3.5939245904761905,0.0
round2_E4_port_tight,256,fixed_4+2,eft_old,heldout_gpqa_b4_l13_s11,9.583461386763146,9.583461386763146,0.0
round2_E4_port_tight,256,fixed_4+2,eft_old,heldout_gpqa_b8_l13_s11,13.72131097099568,13.72131097099568,0.0
round2_E4_port_tight,256,fixed_4+2,eft_old,heldout_gpqa_b16_l13_s11,23.35949514620021,23.35949514620021,0.0
round2_E4_port_tight,256,fixed_4+2,eft_old,heldout_gpqa_b2_l26_s3,5.71727787878788,5.71727787878788,0.0
round2_E4_port_tight,256,fixed_4+2,eft_old,heldout_gpqa_b4_l26_s3,7.187695719727894,7.187695719727894,0.0
round2_E4_port_tight,256,fixed_4+2,eft_old,heldout_gpqa_b8_l26_s3,13.720863042424249,13.720863042424249,0.0
round2_E4_port_tight,256,fixed_4+2,eft_old,heldout_gpqa_b16_l26_s3,22.86757868924288,22.86757868924288,0.0
round2_E4_port_tight,256,fixed_4+2,eft_old,heldout_gpqa_b2_l26_s7,5.71727787878788,5.71727787878788,0.0
round2_E4_port_tight,256,fixed_4+2,eft_old,heldout_gpqa_b4_l26_s7,9.14760713939394,9.14760713939394,0.0
round2_E4_port_tight,256,fixed_4+2,eft_old,heldout_gpqa_b8_l26_s7,14.864764351515149,14.864764351515149,0.0
round2_E4_port_tight,256,fixed_4+2,eft_old,heldout_gpqa_b16_l26_s7,25.156178345729472,25.156178345729472,0.0
round2_E4_port_tight,256,fixed_4+2,eft_old,heldout_gpqa_b2_l26_s11,5.717209878787882,5.717209878787882,0.0
round2_E4_port_tight,256,fixed_4+2,eft_old,heldout_gpqa_b4_l26_s11,10.29111244848485,10.29111244848485,0.0
round2_E4_port_tight,256,fixed_4+2,eft_old,heldout_gpqa_b8_l26_s11,16.007853589177486,16.007853589177486,0.0
round2_E4_port_tight,256,fixed_4+2,eft_old,heldout_gpqa_b16_l26_s11,24.55783585102042,24.55783585102042,0.0
round2_E4_port_tight,256,fixed_4+2,eft_old,heldout_swe_b2_l2_s3,5.717277878787881,5.717277878787881,0.0
round2_E4_port_tight,256,fixed_4+2,eft_old,heldout_swe_b4_l2_s3,8.00390583030303,8.00390583030303,0.0
round2_E4_port_tight,256,fixed_4+2,eft_old,heldout_swe_b8_l2_s3,10.290539043722944,10.290539043722944,0.0
round2_E4_port_tight,256,fixed_4+2,eft_old,heldout_swe_b16_l2_s3,18.294017540692646,18.294017540692646,0.0
round2_E4_port_tight,256,fixed_4+2,eft_old,heldout_swe_b2_l2_s7,5.717209878787882,5.717209878787882,0.0
round2_E4_port_tight,256,fixed_4+2,eft_old,heldout_swe_b4_l2_s7,7.187759109523814,7.187759109523814,0.0
round2_E4_port_tight,256,fixed_4+2,eft_old,heldout_swe_b8_l2_s7,10.290539043722948,10.290539043722948,0.0
round2_E4_port_tight,256,fixed_4+2,eft_old,heldout_swe_b16_l2_s7,20.58095615887446,20.58095615887446,0.0
round2_E4_port_tight,256,fixed_4+2,eft_old,heldout_swe_b2_l2_s11,5.71727787878788,5.71727787878788,0.0
round2_E4_port_tight,256,fixed_4+2,eft_old,heldout_swe_b4_l2_s11,9.147459067965373,9.147459067965373,0.0
round2_E4_port_tight,256,fixed_4+2,eft_old,heldout_swe_b8_l2_s11,10.29087911515152,10.29087911515152,0.0
round2_E4_port_tight,256,fixed_4+2,eft_old,heldout_swe_b16_l2_s11,20.580824158874456,20.580824158874456,0.0
round2_E4_port_tight,256,fixed_4+2,eft_old,heldout_swe_b2_l13_s3,5.71727787878788,5.71727787878788,0.0
round2_E4_port_tight,256,fixed_4+2,eft_old,heldout_swe_b4_l13_s3,8.00416983030303,8.00416983030303,0.0
round2_E4_port_tight,256,fixed_4+2,eft_old,heldout_swe_b8_l13_s3,11.433884693630182,11.433884693630182,0.0
round2_E4_port_tight,256,fixed_4+2,eft_old,heldout_swe_b16_l13_s3,19.437363190599882,19.437363190599882,0.0
round2_E4_port_tight,256,fixed_4+2,eft_old,heldout_swe_b2_l13_s7,5.71727787878788,5.71727787878788,0.0
round2_E4_port_tight,256,fixed_4+2,eft_old,heldout_swe_b4_l13_s7,8.385671385714287,8.385671385714287,0.0
round2_E4_port_tight,256,fixed_4+2,eft_old,heldout_swe_b8_l13_s7,11.434104352813854,11.434104352813854,0.0
round2_E4_port_tight,256,fixed_4+2,eft_old,heldout_swe_b16_l13_s7,19.437427190599887,19.437427190599887,0.0
round2_E4_port_tight,256,fixed_4+2,eft_old,heldout_swe_b2_l13_s11,4.791784938095238,4.791784938095238,0.0
round2_E4_port_tight,256,fixed_4+2,eft_old,heldout_swe_b4_l13_s11,9.14753913939394,9.14753913939394,0.0
round2_E4_port_tight,256,fixed_4+2,eft_old,heldout_swe_b8_l13_s11,11.433972352813852,11.433972352813852,0.0
round2_E4_port_tight,256,fixed_4+2,eft_old,heldout_swe_b16_l13_s11,20.581128499690774,20.581128499690774,0.0
round2_E4_port_tight,256,fixed_4+2,eft_old,heldout_swe_b2_l26_s3,4.791852938095239,4.791852938095239,0.0
round2_E4_port_tight,256,fixed_4+2,eft_old,heldout_swe_b4_l26_s3,8.00410183030303,8.00410183030303,0.0
round2_E4_port_tight,256,fixed_4+2,eft_old,heldout_swe_b8_l26_s3,11.979228131538772,11.979228131538772,0.0
round2_E4_port_tight,256,fixed_4+2,eft_old,heldout_swe_b16_l26_s3,20.963238683578506,20.963238683578506,0.0
round2_E4_port_tight,256,fixed_4+2,eft_old,heldout_swe_b2_l26_s7,5.71727787878788,5.71727787878788,0.0
round2_E4_port_tight,256,fixed_4+2,eft_old,heldout_swe_b4_l26_s7,7.187719378911566,7.187719378911566,0.0
round2_E4_port_tight,256,fixed_4+2,eft_old,heldout_swe_b8_l26_s7,11.434040352813854,11.434040352813854,0.0
round2_E4_port_tight,256,fixed_4+2,eft_old,heldout_swe_b16_l26_s7,19.43736319059988,19.43736319059988,0.0
round2_E4_port_tight,256,fixed_4+2,eft_old,heldout_swe_b2_l26_s11,5.71727787878788,5.71727787878788,0.0
round2_E4_port_tight,256,fixed_4+2,eft_old,heldout_swe_b4_l26_s11,10.29111244848485,10.29111244848485,0.0
round2_E4_port_tight,256,fixed_4+2,eft_old,heldout_swe_b8_l26_s11,10.290643384539273,10.290643384539273,0.0
round2_E4_port_tight,256,fixed_4+2,eft_old,heldout_swe_b16_l26_s11,21.724457467965376,21.724457467965376,0.0
round2_E4_port_tight,256,fixed_4+2,eft_old,v3_captured_mixed_heldout_bfcl_t64_l2,74.86650201164251,74.86650201164251,0.0
round2_E4_port_tight,256,fixed_4+2,eft_old,v3_captured_mixed_heldout_bfcl_t96_l2,107.20731260099491,107.20731260099491,0.0
round2_E4_port_tight,256,fixed_4+2,eft_old,v3_captured_mixed_heldout_bfcl_t128_l2,137.75105262937808,137.75105262937808,0.0
round2_E4_port_tight,256,fixed_4+2,eft_old,v3_captured_mixed_heldout_bfcl_t64_l13,74.86559493974026,74.86559493974026,0.0
round2_E4_port_tight,256,fixed_4+2,eft_old,v3_captured_mixed_heldout_bfcl_t96_l13,106.00864735539427,106.00864735539427,0.0
round2_E4_port_tight,256,fixed_4+2,eft_old,v3_captured_mixed_heldout_bfcl_t128_l13,138.94796289667434,138.94796289667434,0.0
round2_E4_port_tight,256,fixed_4+2,eft_old,v3_captured_mixed_heldout_bfcl_t64_l26,75.4647727007366,75.4647727007366,0.0
round2_E4_port_tight,256,fixed_4+2,eft_old,v3_captured_mixed_heldout_bfcl_t96_l26,104.81109189204825,104.81109189204825,0.0
round2_E4_port_tight,256,fixed_4+2,eft_old,v3_captured_mixed_heldout_bfcl_t128_l26,138.3501920375167,138.3501920375167,0.0
round2_E4_port_tight,256,fixed_4+2,eft_old,v3_captured_mixed_heldout_gpqa_t64_l2,74.86656048870148,74.86656048870148,0.0
round2_E4_port_tight,256,fixed_4+2,eft_old,v3_captured_mixed_heldout_gpqa_t96_l2,105.41041626397174,105.41041626397174,0.0
round2_E4_port_tight,256,fixed_4+2,eft_old,v3_captured_mixed_heldout_gpqa_t128_l2,251.53464070104883,251.53464070104883,0.0
round2_E4_port_tight,256,fixed_4+2,eft_old,v3_captured_mixed_heldout_gpqa_t64_l13,73.06920865198519,73.06920865198519,0.0
round2_E4_port_tight,256,fixed_4+2,eft_old,v3_captured_mixed_heldout_gpqa_t96_l13,190.9376437213874,190.9376437213874,0.0
round2_E4_port_tight,256,fixed_4+2,eft_old,v3_captured_mixed_heldout_gpqa_t128_l13,252.6777852501534,252.6777852501534,0.0
round2_E4_port_tight,256,fixed_4+2,eft_old,v3_captured_mixed_heldout_gpqa_t64_l26,74.26769616172267,74.26769616172267,0.0
round2_E4_port_tight,256,fixed_4+2,eft_old,v3_captured_mixed_heldout_gpqa_t96_l26,108.40499103376318,108.40499103376318,0.0
round2_E4_port_tight,256,fixed_4+2,eft_old,v3_captured_mixed_heldout_gpqa_t128_l26,137.75095748172063,137.75095748172063,0.0
round2_E4_port_tight,256,fixed_4+2,eft_old,v3_captured_mixed_heldout_swe_t64_l2,130.341130013176,130.341130013176,0.0
round2_E4_port_tight,256,fixed_4+2,eft_old,v3_captured_mixed_heldout_swe_t96_l2,106.00913019345971,106.00913019345971,0.0
round2_E4_port_tight,256,fixed_4+2,eft_old,v3_captured_mixed_heldout_swe_t128_l2,137.7506430109049,137.7506430109049,0.0
round2_E4_port_tight,256,fixed_4+2,eft_old,v3_captured_mixed_heldout_swe_t64_l13,71.87103356761567,71.87103356761567,0.0
round2_E4_port_tight,256,fixed_4+2,eft_old,v3_captured_mixed_heldout_swe_t96_l13,192.08081776803076,192.08081776803076,0.0
round2_E4_port_tight,256,fixed_4+2,eft_old,v3_captured_mixed_heldout_swe_t128_l13,253.82110972084465,253.82110972084465,0.0
round2_E4_port_tight,256,fixed_4+2,eft_old,v3_captured_mixed_heldout_swe_t64_l26,74.86637808740227,74.86637808740227,0.0
round2_E4_port_tight,256,fixed_4+2,eft_old,v3_captured_mixed_heldout_swe_t96_l26,107.80572174030142,107.80572174030142,0.0
round2_E4_port_tight,256,fixed_4+2,eft_old,v3_captured_mixed_heldout_swe_t128_l26,140.74559644037922,140.74559644037922,0.0
7eb58061_pipelined,256,B1,nominal,heldout_bfcl_b2_l2_s3,1.9232893333333332,1.9232893333333332,0.0
7eb58061_pipelined,256,B1,nominal,heldout_bfcl_b4_l2_s3,2.7476346666666664,2.7476346666666664,0.0
7eb58061_pipelined,256,B1,nominal,heldout_bfcl_b8_l2_s3,3.709477333333333,3.709477333333333,0.0
7eb58061_pipelined,256,B1,nominal,heldout_bfcl_b16_l2_s3,4.946234666666666,4.946234666666666,0.0
7eb58061_pipelined,256,B1,nominal,heldout_bfcl_b2_l2_s7,1.9232893333333332,1.9232893333333332,0.0
7eb58061_pipelined,256,B1,nominal,heldout_bfcl_b4_l2_s7,3.0223826666666667,3.0223826666666667,0.0
7eb58061_pipelined,256,B1,nominal,heldout_bfcl_b8_l2_s7,4.121573333333333,4.121573333333333,0.0
7eb58061_pipelined,256,B1,nominal,heldout_bfcl_b16_l2_s7,6.182654666666666,6.182654666666666,0.0
7eb58061_pipelined,256,B1,nominal,heldout_bfcl_b2_l2_s11,1.3737853333333332,1.3737853333333332,0.0
7eb58061_pipelined,256,B1,nominal,heldout_bfcl_b4_l2_s11,3.0223826666666667,3.0223826666666667,0.0
7eb58061_pipelined,256,B1,nominal,heldout_bfcl_b8_l2_s11,4.258973333333333,4.258973333333333,0.0
7eb58061_pipelined,256,B1,nominal,heldout_bfcl_b16_l2_s11,7.006926666666666,7.006926666666666,0.0
7eb58061_pipelined,256,B1,nominal,heldout_bfcl_b2_l13_s3,1.6485373333333333,1.6485373333333333,0.0
7eb58061_pipelined,256,B1,nominal,heldout_bfcl_b4_l13_s3,3.2971346666666665,3.2971346666666665,0.0
7eb58061_pipelined,256,B1,nominal,heldout_bfcl_b8_l13_s3,3.984161333333333,3.984161333333333,0.0
7eb58061_pipelined,256,B1,nominal,heldout_bfcl_b16_l13_s3,5.495674666666666,5.495674666666666,0.0
7eb58061_pipelined,256,B1,nominal,heldout_bfcl_b2_l13_s7,1.9232893333333332,1.9232893333333332,0.0
7eb58061_pipelined,256,B1,nominal,heldout_bfcl_b4_l13_s7,3.0223826666666667,3.0223826666666667,0.0
7eb58061_pipelined,256,B1,nominal,heldout_bfcl_b8_l13_s7,4.396389333333333,4.396389333333333,0.0
7eb58061_pipelined,256,B1,nominal,heldout_bfcl_b16_l13_s7,5.495670666666666,5.495670666666666,0.0
7eb58061_pipelined,256,B1,nominal,heldout_bfcl_b2_l13_s11,1.2363773333333332,1.2363773333333332,0.0
7eb58061_pipelined,256,B1,nominal,heldout_bfcl_b4_l13_s11,2.8849746666666665,2.8849746666666665,0.0
7eb58061_pipelined,256,B1,nominal,heldout_bfcl_b8_l13_s11,3.709473333333333,3.709473333333333,0.0
7eb58061_pipelined,256,B1,nominal,heldout_bfcl_b16_l13_s11,6.457346666666666,6.457346666666666,0.0
7eb58061_pipelined,256,B1,nominal,heldout_bfcl_b2_l26_s3,1.7858813333333332,1.7858813333333332,0.0
7eb58061_pipelined,256,B1,nominal,heldout_bfcl_b4_l26_s3,3.2971346666666665,3.2971346666666665,0.0
7eb58061_pipelined,256,B1,nominal,heldout_bfcl_b8_l26_s3,4.2590493333333335,4.2590493333333335,0.0
7eb58061_pipelined,256,B1,nominal,heldout_bfcl_b16_l26_s3,6.320006666666666,6.320006666666666,0.0
7eb58061_pipelined,256,B1,nominal,heldout_bfcl_b2_l26_s7,1.6485373333333333,1.6485373333333333,0.0
7eb58061_pipelined,256,B1,nominal,heldout_bfcl_b4_l26_s7,3.2971346666666665,3.2971346666666665,0.0
7eb58061_pipelined,256,B1,nominal,heldout_bfcl_b8_l26_s7,4.671141333333333,4.671141333333333,0.0
7eb58061_pipelined,256,B1,nominal,heldout_bfcl_b16_l26_s7,5.770574666666666,5.770574666666666,0.0
7eb58061_pipelined,256,B1,nominal,heldout_bfcl_b2_l26_s11,1.3737853333333332,1.3737853333333332,0.0
7eb58061_pipelined,256,B1,nominal,heldout_bfcl_b4_l26_s11,3.0223826666666667,3.0223826666666667,0.0
7eb58061_pipelined,256,B1,nominal,heldout_bfcl_b8_l26_s11,4.533661333333333,4.533661333333333,0.0
7eb58061_pipelined,256,B1,nominal,heldout_bfcl_b16_l26_s11,6.594838666666666,6.594838666666666,0.0
7eb58061_pipelined,256,B1,nominal,heldout_gpqa_b2_l2_s3,1.7858813333333332,1.7858813333333332,0.0
7eb58061_pipelined,256,B1,nominal,heldout_gpqa_b4_l2_s3,2.4729546666666664,2.4729546666666664,0.0
7eb58061_pipelined,256,B1,nominal,heldout_gpqa_b8_l2_s3,3.159901333333333,3.159901333333333,0.0
7eb58061_pipelined,256,B1,nominal,heldout_gpqa_b16_l2_s3,3.8471546666666665,3.8471546666666665,0.0
7eb58061_pipelined,256,B1,nominal,heldout_gpqa_b2_l2_s7,1.9232893333333332,1.9232893333333332,0.0
7eb58061_pipelined,256,B1,nominal,heldout_gpqa_b4_l2_s7,3.2971346666666665,3.2971346666666665,0.0
7eb58061_pipelined,256,B1,nominal,heldout_gpqa_b8_l2_s7,4.671145333333333,4.671145333333333,0.0
7eb58061_pipelined,256,B1,nominal,heldout_gpqa_b16_l2_s7,6.457354666666666,6.457354666666666,0.0
7eb58061_pipelined,256,B1,nominal,heldout_gpqa_b2_l2_s11,1.5111293333333333,1.5111293333333333,0.0
7eb58061_pipelined,256,B1,nominal,heldout_gpqa_b4_l2_s11,3.1597266666666664,3.1597266666666664,0.0
7eb58061_pipelined,256,B1,nominal,heldout_gpqa_b8_l2_s11,5.220641333333333,5.220641333333333,0.0
7eb58061_pipelined,256,B1,nominal,heldout_gpqa_b16_l2_s11,6.869590666666666,6.869590666666666,0.0
7eb58061_pipelined,256,B1,nominal,heldout_gpqa_b2_l13_s3,1.7858813333333332,1.7858813333333332,0.0
7eb58061_pipelined,256,B1,nominal,heldout_gpqa_b4_l13_s3,2.6102906666666663,2.6102906666666663,0.0
7eb58061_pipelined,256,B1,nominal,heldout_gpqa_b8_l13_s3,3.846885333333333,3.846885333333333,0.0
7eb58061_pipelined,256,B1,nominal,heldout_gpqa_b16_l13_s3,4.396798666666666,4.396798666666666,0.0
7eb58061_pipelined,256,B1,nominal,heldout_gpqa_b2_l13_s7,1.7858813333333332,1.7858813333333332,0.0
7eb58061_pipelined,256,B1,nominal,heldout_gpqa_b4_l13_s7,3.1597266666666664,3.1597266666666664,0.0
7eb58061_pipelined,256,B1,nominal,heldout_gpqa_b8_l13_s7,4.808489333333333,4.808489333333333,0.0
7eb58061_pipelined,256,B1,nominal,heldout_gpqa_b16_l13_s7,6.045250666666666,6.045250666666666,0.0
7eb58061_pipelined,256,B1,nominal,heldout_gpqa_b2_l13_s11,1.2363773333333332,1.2363773333333332,0.0
7eb58061_pipelined,256,B1,nominal,heldout_gpqa_b4_l13_s11,3.2971346666666665,3.2971346666666665,0.0
7eb58061_pipelined,256,B1,nominal,heldout_gpqa_b8_l13_s11,4.121573333333333,4.121573333333333,0.0
7eb58061_pipelined,256,B1,nominal,heldout_gpqa_b16_l13_s11,6.182598666666666,6.182598666666666,0.0
7eb58061_pipelined,256,B1,nominal,heldout_gpqa_b2_l26_s3,1.9232893333333332,1.9232893333333332,0.0
7eb58061_pipelined,256,B1,nominal,heldout_gpqa_b4_l26_s3,2.3355466666666667,2.3355466666666667,0.0
7eb58061_pipelined,256,B1,nominal,heldout_gpqa_b8_l26_s3,3.434793333333333,3.434793333333333,0.0
7eb58061_pipelined,256,B1,nominal,heldout_gpqa_b16_l26_s3,4.671414666666666,4.671414666666666,0.0
7eb58061_pipelined,256,B1,nominal,heldout_gpqa_b2_l26_s7,1.9232893333333332,1.9232893333333332,0.0
7eb58061_pipelined,256,B1,nominal,heldout_gpqa_b4_l26_s7,3.1597266666666664,3.1597266666666664,0.0
7eb58061_pipelined,256,B1,nominal,heldout_gpqa_b8_l26_s7,4.671209333333333,4.671209333333333,0.0
7eb58061_pipelined,256,B1,nominal,heldout_gpqa_b16_l26_s7,6.3199266666666665,6.3199266666666665,0.0
7eb58061_pipelined,256,B1,nominal,heldout_gpqa_b2_l26_s11,1.7858813333333332,1.7858813333333332,0.0
7eb58061_pipelined,256,B1,nominal,heldout_gpqa_b4_l26_s11,3.4344786666666667,3.4344786666666667,0.0
7eb58061_pipelined,256,B1,nominal,heldout_gpqa_b8_l26_s11,4.671213333333333,4.671213333333333,0.0
7eb58061_pipelined,256,B1,nominal,heldout_gpqa_b16_l26_s11,6.869442666666666,6.869442666666666,0.0
7eb58061_pipelined,256,B1,nominal,heldout_swe_b2_l2_s3,1.7858813333333332,1.7858813333333332,0.0
7eb58061_pipelined,256,B1,nominal,heldout_swe_b4_l2_s3,2.0607906666666667,2.0607906666666667,0.0
7eb58061_pipelined,256,B1,nominal,heldout_swe_b8_l2_s3,2.335717333333333,2.335717333333333,0.0
7eb58061_pipelined,256,B1,nominal,heldout_swe_b16_l2_s3,2.7482266666666666,2.7482266666666666,0.0
7eb58061_pipelined,256,B1,nominal,heldout_swe_b2_l2_s7,1.7858813333333332,1.7858813333333332,0.0
7eb58061_pipelined,256,B1,nominal,heldout_swe_b4_l2_s7,2.3354746666666664,2.3354746666666664,0.0
7eb58061_pipelined,256,B1,nominal,heldout_swe_b8_l2_s7,2.473129333333333,2.473129333333333,0.0
7eb58061_pipelined,256,B1,nominal,heldout_swe_b16_l2_s7,3.0230426666666665,3.0230426666666665,0.0
7eb58061_pipelined,256,B1,nominal,heldout_swe_b2_l2_s11,1.7858813333333332,1.7858813333333332,0.0
7eb58061_pipelined,256,B1,nominal,heldout_swe_b4_l2_s11,2.8849786666666666,2.8849786666666666,0.0
7eb58061_pipelined,256,B1,nominal,heldout_swe_b8_l2_s11,2.6103973333333332,2.6103973333333332,0.0
7eb58061_pipelined,256,B1,nominal,heldout_swe_b16_l2_s11,3.8472306666666665,3.8472306666666665,0.0
7eb58061_pipelined,256,B1,nominal,heldout_swe_b2_l13_s3,1.9232893333333332,1.9232893333333332,0.0
7eb58061_pipelined,256,B1,nominal,heldout_swe_b4_l13_s3,2.6102946666666664,2.6102946666666664,0.0
7eb58061_pipelined,256,B1,nominal,heldout_swe_b8_l13_s3,2.747953333333333,2.747953333333333,0.0
7eb58061_pipelined,256,B1,nominal,heldout_swe_b16_l13_s3,2.8857026666666665,2.8857026666666665,0.0
7eb58061_pipelined,256,B1,nominal,heldout_swe_b2_l13_s7,1.9232893333333332,1.9232893333333332,0.0
7eb58061_pipelined,256,B1,nominal,heldout_swe_b4_l13_s7,2.8849746666666665,2.8849746666666665,0.0
7eb58061_pipelined,256,B1,nominal,heldout_swe_b8_l13_s7,2.885297333333333,2.885297333333333,0.0
7eb58061_pipelined,256,B1,nominal,heldout_swe_b16_l13_s7,3.0229146666666664,3.0229146666666664,0.0
7eb58061_pipelined,256,B1,nominal,heldout_swe_b2_l13_s11,1.6485373333333333,1.6485373333333333,0.0
7eb58061_pipelined,256,B1,nominal,heldout_swe_b4_l13_s11,3.0223826666666667,3.0223826666666667,0.0
7eb58061_pipelined,256,B1,nominal,heldout_swe_b8_l13_s11,2.610461333333333,2.610461333333333,0.0
7eb58061_pipelined,256,B1,nominal,heldout_swe_b16_l13_s11,3.8472306666666665,3.8472306666666665,0.0
7eb58061_pipelined,256,B1,nominal,heldout_swe_b2_l26_s3,1.6485373333333333,1.6485373333333333,0.0
7eb58061_pipelined,256,B1,nominal,heldout_swe_b4_l26_s3,2.6102226666666666,2.6102226666666666,0.0
7eb58061_pipelined,256,B1,nominal,heldout_swe_b8_l26_s3,3.159897333333333,3.159897333333333,0.0
7eb58061_pipelined,256,B1,nominal,heldout_swe_b16_l26_s3,3.8472386666666667,3.8472386666666667,0.0
7eb58061_pipelined,256,B1,nominal,heldout_swe_b2_l26_s7,1.9232893333333332,1.9232893333333332,0.0
7eb58061_pipelined,256,B1,nominal,heldout_swe_b4_l26_s7,2.4728786666666664,2.4728786666666664,0.0
7eb58061_pipelined,256,B1,nominal,heldout_swe_b8_l26_s7,3.022637333333333,3.022637333333333,0.0
7eb58061_pipelined,256,B1,nominal,heldout_swe_b16_l26_s7,3.1603146666666664,3.1603146666666664,0.0
7eb58061_pipelined,256,B1,nominal,heldout_swe_b2_l26_s11,1.9232893333333332,1.9232893333333332,0.0
7eb58061_pipelined,256,B1,nominal,heldout_swe_b4_l26_s11,3.4344786666666667,3.4344786666666667,0.0
7eb58061_pipelined,256,B1,nominal,heldout_swe_b8_l26_s11,2.610393333333333,2.610393333333333,0.0
7eb58061_pipelined,256,B1,nominal,heldout_swe_b16_l26_s11,4.121918666666667,4.121918666666667,0.0
7eb58061_pipelined,256,B1,nominal,v3_captured_mixed_heldout_bfcl_t64_l2,8.759917,8.759917,0.0
7eb58061_pipelined,256,B1,nominal,v3_captured_mixed_heldout_bfcl_t96_l2,9.191893,9.191893,0.0
7eb58061_pipelined,256,B1,nominal,v3_captured_mixed_heldout_bfcl_t128_l2,9.536172999999998,9.536172999999998,0.0
7eb58061_pipelined,256,B1,nominal,v3_captured_mixed_heldout_bfcl_t64_l13,8.072852,8.072852,0.0
7eb58061_pipelined,256,B1,nominal,v3_captured_mixed_heldout_bfcl_t96_l13,9.07362440177881,9.07362440177881,0.0
7eb58061_pipelined,256,B1,nominal,v3_captured_mixed_heldout_bfcl_t128_l13,9.325074882641083,9.325074882641083,0.0
7eb58061_pipelined,256,B1,nominal,v3_captured_mixed_heldout_bfcl_t64_l26,8.622424,8.622424,0.0
7eb58061_pipelined,256,B1,nominal,v3_captured_mixed_heldout_bfcl_t96_l26,9.329292,9.329292,0.0
7eb58061_pipelined,256,B1,nominal,v3_captured_mixed_heldout_bfcl_t128_l26,9.542492662303664,9.542492662303664,0.0
7eb58061_pipelined,256,B1,nominal,v3_captured_mixed_heldout_gpqa_t64_l2,9.034525,9.034525,0.0
7eb58061_pipelined,256,B1,nominal,v3_captured_mixed_heldout_gpqa_t96_l2,9.466565,9.466565,0.0
7eb58061_pipelined,256,B1,nominal,v3_captured_mixed_heldout_gpqa_t128_l2,9.536160999999998,9.536160999999998,0.0
7eb58061_pipelined,256,B1,nominal,v3_captured_mixed_heldout_gpqa_t64_l13,8.07292,8.07292,0.0
7eb58061_pipelined,256,B1,nominal,v3_captured_mixed_heldout_gpqa_t96_l13,8.779716,8.779716,0.0
7eb58061_pipelined,256,B1,nominal,v3_captured_mixed_heldout_gpqa_t128_l13,8.986587999999998,8.986587999999998,0.0
7eb58061_pipelined,256,B1,nominal,v3_captured_mixed_heldout_gpqa_t64_l26,9.034517,9.034517,0.0
7eb58061_pipelined,256,B1,nominal,v3_captured_mixed_heldout_gpqa_t96_l26,9.466557,9.466557,0.0
7eb58061_pipelined,256,B1,nominal,v3_captured_mixed_heldout_gpqa_t128_l26,9.536159999999999,9.536159999999999,0.0
7eb58061_pipelined,256,B1,nominal,v3_captured_mixed_heldout_swe_t64_l2,8.897321,8.897321,0.0
7eb58061_pipelined,256,B1,nominal,v3_captured_mixed_heldout_swe_t96_l2,9.329232999999999,9.329232999999999,0.0
7eb58061_pipelined,256,B1,nominal,v3_captured_mixed_heldout_swe_t128_l2,9.536167999999998,9.536167999999998,0.0
7eb58061_pipelined,256,B1,nominal,v3_captured_mixed_heldout_swe_t64_l13,7.523488999999999,7.523488999999999,0.0
7eb58061_pipelined,256,B1,nominal,v3_captured_mixed_heldout_swe_t96_l13,8.64263564206128,8.64263564206128,0.0
7eb58061_pipelined,256,B1,nominal,v3_captured_mixed_heldout_swe_t128_l13,9.271791456426415,9.271791456426415,0.0
7eb58061_pipelined,256,B1,nominal,v3_captured_mixed_heldout_swe_t64_l26,8.484943999999999,8.484943999999999,0.0
7eb58061_pipelined,256,B1,nominal,v3_captured_mixed_heldout_swe_t96_l26,8.916988,8.916988,0.0
7eb58061_pipelined,256,B1,nominal,v3_captured_mixed_heldout_swe_t128_l26,9.536087999999998,9.536087999999998,0.0
7eb58061_pipelined,256,B1,ours,heldout_bfcl_b2_l2_s3,1.9229053333333335,1.9229053333333335,0.0
7eb58061_pipelined,256,B1,ours,heldout_bfcl_b4_l2_s3,2.7471226666666664,2.7471226666666664,0.0
7eb58061_pipelined,256,B1,ours,heldout_bfcl_b8_l2_s3,3.7088373333333333,3.7088373333333333,0.0
7eb58061_pipelined,256,B1,ours,heldout_bfcl_b16_l2_s3,4.945274666666666,4.945274666666666,0.0
7eb58061_pipelined,256,B1,ours,heldout_bfcl_b2_l2_s7,1.9229053333333335,1.9229053333333335,0.0
7eb58061_pipelined,256,B1,ours,heldout_bfcl_b4_l2_s7,3.0217426666666665,3.0217426666666665,0.0
7eb58061_pipelined,256,B1,ours,heldout_bfcl_b8_l2_s7,4.120869333333333,4.120869333333333,0.0
7eb58061_pipelined,256,B1,ours,heldout_bfcl_b16_l2_s7,6.181438666666666,6.181438666666666,0.0
7eb58061_pipelined,256,B1,ours,heldout_bfcl_b2_l2_s11,1.3735293333333332,1.3735293333333332,0.0
7eb58061_pipelined,256,B1,ours,heldout_bfcl_b4_l2_s11,3.0217426666666665,3.0217426666666665,0.0
7eb58061_pipelined,256,B1,ours,heldout_bfcl_b8_l2_s11,4.258077333333334,4.258077333333334,0.0
7eb58061_pipelined,256,B1,ours,heldout_bfcl_b16_l2_s11,7.0057746666666665,7.0057746666666665,0.0
7eb58061_pipelined,256,B1,ours,heldout_bfcl_b2_l13_s3,1.6482173333333334,1.6482173333333334,0.0
7eb58061_pipelined,256,B1,ours,heldout_bfcl_b4_l13_s3,3.2964306666666667,3.2964306666666667,0.0
7eb58061_pipelined,256,B1,ours,heldout_bfcl_b8_l13_s3,3.983457333333333,3.983457333333333,0.0
7eb58061_pipelined,256,B1,ours,heldout_bfcl_b16_l13_s3,5.494650666666666,5.494650666666666,0.0
7eb58061_pipelined,256,B1,ours,heldout_bfcl_b2_l13_s7,1.9229053333333335,1.9229053333333335,0.0
7eb58061_pipelined,256,B1,ours,heldout_bfcl_b4_l13_s7,3.0217426666666665,3.0217426666666665,0.0
7eb58061_pipelined,256,B1,ours,heldout_bfcl_b8_l13_s7,4.3955573333333335,4.3955573333333335,0.0
7eb58061_pipelined,256,B1,ours,heldout_bfcl_b16_l13_s7,5.494582666666666,5.494582666666666,0.0
7eb58061_pipelined,256,B1,ours,heldout_bfcl_b2_l13_s11,1.2361853333333335,1.2361853333333335,0.0
7eb58061_pipelined,256,B1,ours,heldout_bfcl_b4_l13_s11,2.8843986666666663,2.8843986666666663,0.0
7eb58061_pipelined,256,B1,ours,heldout_bfcl_b8_l13_s11,3.7087693333333336,3.7087693333333336,0.0
7eb58061_pipelined,256,B1,ours,heldout_bfcl_b16_l13_s11,6.456194666666666,6.456194666666666,0.0
7eb58061_pipelined,256,B1,ours,heldout_bfcl_b2_l26_s3,1.7855613333333336,1.7855613333333336,0.0
7eb58061_pipelined,256,B1,ours,heldout_bfcl_b4_l26_s3,3.2964306666666667,3.2964306666666667,0.0
7eb58061_pipelined,256,B1,ours,heldout_bfcl_b8_l26_s3,4.258281333333333,4.258281333333333,0.0
7eb58061_pipelined,256,B1,ours,heldout_bfcl_b16_l26_s3,6.318918666666666,6.318918666666666,0.0
7eb58061_pipelined,256,B1,ours,heldout_bfcl_b2_l26_s7,1.6482173333333332,1.6482173333333332,0.0
7eb58061_pipelined,256,B1,ours,heldout_bfcl_b4_l26_s7,3.2964306666666667,3.2964306666666667,0.0
7eb58061_pipelined,256,B1,ours,heldout_bfcl_b8_l26_s7,4.670245333333334,4.670245333333334,0.0
7eb58061_pipelined,256,B1,ours,heldout_bfcl_b16_l26_s7,5.769678666666666,5.769678666666666,0.0
7eb58061_pipelined,256,B1,ours,heldout_bfcl_b2_l26_s11,1.3735293333333334,1.3735293333333334,0.0
7eb58061_pipelined,256,B1,ours,heldout_bfcl_b4_l26_s11,3.0217426666666665,3.0217426666666665,0.0
7eb58061_pipelined,256,B1,ours,heldout_bfcl_b8_l26_s11,4.532765333333334,4.532765333333334,0.0
7eb58061_pipelined,256,B1,ours,heldout_bfcl_b16_l26_s11,6.593878666666666,6.593878666666666,0.0
7eb58061_pipelined,256,B1,ours,heldout_gpqa_b2_l2_s3,1.7855613333333336,1.7855613333333336,0.0
7eb58061_pipelined,256,B1,ours,heldout_gpqa_b4_l2_s3,2.4725706666666665,2.4725706666666665,0.0
7eb58061_pipelined,256,B1,ours,heldout_gpqa_b8_l2_s3,3.159325333333333,3.159325333333333,0.0
7eb58061_pipelined,256,B1,ours,heldout_gpqa_b16_l2_s3,3.8463866666666666,3.8463866666666666,0.0
7eb58061_pipelined,256,B1,ours,heldout_gpqa_b2_l2_s7,1.9229053333333335,1.9229053333333335,0.0
7eb58061_pipelined,256,B1,ours,heldout_gpqa_b4_l2_s7,3.2964306666666667,3.2964306666666667,0.0
7eb58061_pipelined,256,B1,ours,heldout_gpqa_b8_l2_s7,4.6703133333333335,4.6703133333333335,0.0
7eb58061_pipelined,256,B1,ours,heldout_gpqa_b16_l2_s7,6.456330666666666,6.456330666666666,0.0
7eb58061_pipelined,256,B1,ours,heldout_gpqa_b2_l2_s11,1.5108733333333335,1.5108733333333335,0.0
7eb58061_pipelined,256,B1,ours,heldout_gpqa_b4_l2_s11,3.1590866666666666,3.1590866666666666,0.0
7eb58061_pipelined,256,B1,ours,heldout_gpqa_b8_l2_s11,5.219553333333333,5.219553333333333,0.0
7eb58061_pipelined,256,B1,ours,heldout_gpqa_b16_l2_s11,6.868566666666666,6.868566666666666,0.0
7eb58061_pipelined,256,B1,ours,heldout_gpqa_b2_l13_s3,1.7855613333333336,1.7855613333333336,0.0
7eb58061_pipelined,256,B1,ours,heldout_gpqa_b4_l13_s3,2.6097786666666667,2.6097786666666667,0.0
7eb58061_pipelined,256,B1,ours,heldout_gpqa_b8_l13_s3,3.8461813333333335,3.8461813333333335,0.0
7eb58061_pipelined,256,B1,ours,heldout_gpqa_b16_l13_s3,4.395966666666666,4.395966666666666,0.0
7eb58061_pipelined,256,B1,ours,heldout_gpqa_b2_l13_s7,1.7855613333333336,1.7855613333333336,0.0
7eb58061_pipelined,256,B1,ours,heldout_gpqa_b4_l13_s7,3.1590866666666666,3.1590866666666666,0.0
7eb58061_pipelined,256,B1,ours,heldout_gpqa_b8_l13_s7,4.807657333333334,4.807657333333334,0.0
7eb58061_pipelined,256,B1,ours,heldout_gpqa_b16_l13_s7,6.044162666666666,6.044162666666666,0.0
7eb58061_pipelined,256,B1,ours,heldout_gpqa_b2_l13_s11,1.2361853333333335,1.2361853333333335,0.0
7eb58061_pipelined,256,B1,ours,heldout_gpqa_b4_l13_s11,3.2964306666666667,3.2964306666666667,0.0
7eb58061_pipelined,256,B1,ours,heldout_gpqa_b8_l13_s11,4.120869333333333,4.120869333333333,0.0
7eb58061_pipelined,256,B1,ours,heldout_gpqa_b16_l13_s11,6.181574666666666,6.181574666666666,0.0
7eb58061_pipelined,256,B1,ours,heldout_gpqa_b2_l26_s3,1.9229053333333335,1.9229053333333335,0.0
7eb58061_pipelined,256,B1,ours,heldout_gpqa_b4_l26_s3,2.3352266666666663,2.3352266666666663,0.0
7eb58061_pipelined,256,B1,ours,heldout_gpqa_b8_l26_s3,3.4342173333333337,3.4342173333333337,0.0
7eb58061_pipelined,256,B1,ours,heldout_gpqa_b16_l26_s3,4.670518666666666,4.670518666666666,0.0
7eb58061_pipelined,256,B1,ours,heldout_gpqa_b2_l26_s7,1.9229053333333335,1.9229053333333335,0.0
7eb58061_pipelined,256,B1,ours,heldout_gpqa_b4_l26_s7,3.1590866666666666,3.1590866666666666,0.0
7eb58061_pipelined,256,B1,ours,heldout_gpqa_b8_l26_s7,4.6703133333333335,4.6703133333333335,0.0
7eb58061_pipelined,256,B1,ours,heldout_gpqa_b16_l26_s7,6.318646666666666,6.318646666666666,0.0
7eb58061_pipelined,256,B1,ours,heldout_gpqa_b2_l26_s11,1.7855613333333333,1.7855613333333333,0.0
7eb58061_pipelined,256,B1,ours,heldout_gpqa_b4_l26_s11,3.4337746666666664,3.4337746666666664,0.0
7eb58061_pipelined,256,B1,ours,heldout_gpqa_b8_l26_s11,4.670381333333333,4.670381333333333,0.0
7eb58061_pipelined,256,B1,ours,heldout_gpqa_b16_l26_s11,6.868226666666666,6.868226666666666,0.0
7eb58061_pipelined,256,B1,ours,heldout_swe_b2_l2_s3,1.7855613333333336,1.7855613333333336,0.0
7eb58061_pipelined,256,B1,ours,heldout_swe_b4_l2_s3,2.0604706666666663,2.0604706666666663,0.0
7eb58061_pipelined,256,B1,ours,heldout_swe_b8_l2_s3,2.335397333333333,2.335397333333333,0.0
7eb58061_pipelined,256,B1,ours,heldout_swe_b16_l2_s3,2.7479066666666667,2.7479066666666667,0.0
7eb58061_pipelined,256,B1,ours,heldout_swe_b2_l2_s7,1.7855613333333336,1.7855613333333336,0.0
7eb58061_pipelined,256,B1,ours,heldout_swe_b4_l2_s7,2.3350906666666664,2.3350906666666664,0.0
7eb58061_pipelined,256,B1,ours,heldout_swe_b8_l2_s7,2.472809333333333,2.472809333333333,0.0
7eb58061_pipelined,256,B1,ours,heldout_swe_b16_l2_s7,3.0225946666666665,3.0225946666666665,0.0
7eb58061_pipelined,256,B1,ours,heldout_swe_b2_l2_s11,1.7855613333333333,1.7855613333333333,0.0
7eb58061_pipelined,256,B1,ours,heldout_swe_b4_l2_s11,2.8844666666666665,2.8844666666666665,0.0
7eb58061_pipelined,256,B1,ours,heldout_swe_b8_l2_s11,2.6099493333333337,2.6099493333333337,0.0
7eb58061_pipelined,256,B1,ours,heldout_swe_b16_l2_s11,3.8465906666666667,3.8465906666666667,0.0
7eb58061_pipelined,256,B1,ours,heldout_swe_b2_l13_s3,1.9229053333333335,1.9229053333333335,0.0
7eb58061_pipelined,256,B1,ours,heldout_swe_b4_l13_s3,2.6098466666666664,2.6098466666666664,0.0
7eb58061_pipelined,256,B1,ours,heldout_swe_b8_l13_s3,2.7476333333333334,2.7476333333333334,0.0
7eb58061_pipelined,256,B1,ours,heldout_swe_b16_l13_s3,2.8853186666666666,2.8853186666666666,0.0
7eb58061_pipelined,256,B1,ours,heldout_swe_b2_l13_s7,1.9229053333333335,1.9229053333333335,0.0
7eb58061_pipelined,256,B1,ours,heldout_swe_b4_l13_s7,2.8843986666666663,2.8843986666666663,0.0
7eb58061_pipelined,256,B1,ours,heldout_swe_b8_l13_s7,2.884977333333333,2.884977333333333,0.0
7eb58061_pipelined,256,B1,ours,heldout_swe_b16_l13_s7,3.0225946666666665,3.0225946666666665,0.0
7eb58061_pipelined,256,B1,ours,heldout_swe_b2_l13_s11,1.6482173333333334,1.6482173333333334,0.0
7eb58061_pipelined,256,B1,ours,heldout_swe_b4_l13_s11,3.0217426666666665,3.0217426666666665,0.0
7eb58061_pipelined,256,B1,ours,heldout_swe_b8_l13_s11,2.6099493333333337,2.6099493333333337,0.0
7eb58061_pipelined,256,B1,ours,heldout_swe_b16_l13_s11,3.8465906666666667,3.8465906666666667,0.0
7eb58061_pipelined,256,B1,ours,heldout_swe_b2_l26_s3,1.6482173333333334,1.6482173333333334,0.0
7eb58061_pipelined,256,B1,ours,heldout_swe_b4_l26_s3,2.6097106666666665,2.6097106666666665,0.0
7eb58061_pipelined,256,B1,ours,heldout_swe_b8_l26_s3,3.1592573333333336,3.1592573333333336,0.0
7eb58061_pipelined,256,B1,ours,heldout_swe_b16_l26_s3,3.8467266666666666,3.8467266666666666,0.0
7eb58061_pipelined,256,B1,ours,heldout_swe_b2_l26_s7,1.9229053333333335,1.9229053333333335,0.0
7eb58061_pipelined,256,B1,ours,heldout_swe_b4_l26_s7,2.4723666666666664,2.4723666666666664,0.0
7eb58061_pipelined,256,B1,ours,heldout_swe_b8_l26_s7,3.022253333333333,3.022253333333333,0.0
7eb58061_pipelined,256,B1,ours,heldout_swe_b16_l26_s7,3.1598026666666663,3.1598026666666663,0.0
7eb58061_pipelined,256,B1,ours,heldout_swe_b2_l26_s11,1.9229053333333335,1.9229053333333335,0.0
7eb58061_pipelined,256,B1,ours,heldout_swe_b4_l26_s11,3.4337746666666664,3.4337746666666664,0.0
7eb58061_pipelined,256,B1,ours,heldout_swe_b8_l26_s11,2.6098813333333335,2.6098813333333335,0.0
7eb58061_pipelined,256,B1,ours,heldout_swe_b16_l26_s11,4.121278666666666,4.121278666666666,0.0
7eb58061_pipelined,256,B1,ours,v3_captured_mixed_heldout_bfcl_t64_l2,8.758445,8.758445,0.0
7eb58061_pipelined,256,B1,ours,v3_captured_mixed_heldout_bfcl_t96_l2,9.190293,9.190293,0.0
7eb58061_pipelined,256,B1,ours,v3_captured_mixed_heldout_bfcl_t128_l2,9.534445,9.534445,0.0
7eb58061_pipelined,256,B1,ours,v3_captured_mixed_heldout_bfcl_t64_l13,8.071317,8.071317,0.0
7eb58061_pipelined,256,B1,ours,v3_captured_mixed_heldout_bfcl_t96_l13,9.07206996969697,9.07206996969697,0.0
7eb58061_pipelined,256,B1,ours,v3_captured_mixed_heldout_bfcl_t128_l13,9.323520090909092,9.323520090909092,0.0
7eb58061_pipelined,256,B1,ours,v3_captured_mixed_heldout_bfcl_t64_l26,8.620761,8.620761,0.0
7eb58061_pipelined,256,B1,ours,v3_captured_mixed_heldout_bfcl_t96_l26,9.327501,9.327501,0.0
7eb58061_pipelined,256,B1,ours,v3_captured_mixed_heldout_bfcl_t128_l26,9.54057209090909,9.54057209090909,0.0
7eb58061_pipelined,256,B1,ours,v3_captured_mixed_heldout_gpqa_t64_l2,9.032861000000002,9.032861000000002,0.0
7eb58061_pipelined,256,B1,ours,v3_captured_mixed_heldout_gpqa_t96_l2,9.464709,9.464709,0.0
7eb58061_pipelined,256,B1,ours,v3_captured_mixed_heldout_gpqa_t128_l2,9.534241,9.534241,0.0
7eb58061_pipelined,256,B1,ours,v3_captured_mixed_heldout_gpqa_t64_l13,8.071385,8.071385,0.0
7eb58061_pipelined,256,B1,ours,v3_captured_mixed_heldout_gpqa_t96_l13,8.777989,8.777989,0.0
7eb58061_pipelined,256,B1,ours,v3_captured_mixed_heldout_gpqa_t128_l13,8.984797,8.984797,0.0
7eb58061_pipelined,256,B1,ours,v3_captured_mixed_heldout_gpqa_t64_l26,9.032725000000001,9.032725000000001,0.0
7eb58061_pipelined,256,B1,ours,v3_captured_mixed_heldout_gpqa_t96_l26,9.464573,9.464573,0.0
7eb58061_pipelined,256,B1,ours,v3_captured_mixed_heldout_gpqa_t128_l26,9.534241,9.534241,0.0
7eb58061_pipelined,256,B1,ours,v3_captured_mixed_heldout_swe_t64_l2,8.895721000000002,8.895721000000002,0.0
7eb58061_pipelined,256,B1,ours,v3_captured_mixed_heldout_swe_t96_l2,9.327569,9.327569,0.0
7eb58061_pipelined,256,B1,ours,v3_captured_mixed_heldout_swe_t128_l2,9.534377,9.534377,0.0
7eb58061_pipelined,256,B1,ours,v3_captured_mixed_heldout_swe_t64_l13,7.522145,7.522145,0.0
7eb58061_pipelined,256,B1,ours,v3_captured_mixed_heldout_swe_t96_l13,8.641036636363637,8.641036636363637,0.0
7eb58061_pipelined,256,B1,ours,v3_captured_mixed_heldout_swe_t128_l13,9.270055757575756,9.270055757575756,0.0
7eb58061_pipelined,256,B1,ours,v3_captured_mixed_heldout_swe_t64_l26,8.483280999999998,8.483280999999998,0.0
7eb58061_pipelined,256,B1,ours,v3_captured_mixed_heldout_swe_t96_l26,8.915197,8.915197,0.0
7eb58061_pipelined,256,B1,ours,v3_captured_mixed_heldout_swe_t128_l26,9.534105,9.534105,0.0
7eb58061_pipelined,256,B2,nominal,heldout_bfcl_b2_l2_s3,1.9224428682375396,1.9224428682375396,0.0
7eb58061_pipelined,256,B2,nominal,heldout_bfcl_b4_l2_s3,2.7464108315321627,2.7464108315321627,0.0
7eb58061_pipelined,256,B2,nominal,heldout_bfcl_b8_l2_s3,3.707828935398862,3.707828935398862,0.0
7eb58061_pipelined,256,B2,nominal,heldout_bfcl_b16_l2_s3,4.943979590341487,4.943979590341487,0.0
7eb58061_pipelined,256,B2,nominal,heldout_bfcl_b2_l2_s7,1.9224428682375396,1.9224428682375396,0.0
7eb58061_pipelined,256,B2,nominal,heldout_bfcl_b4_l2_s7,3.0210383936836096,3.0210383936836096,0.0
7eb58061_pipelined,256,B2,nominal,heldout_bfcl_b8_l2_s7,4.119727402581352,4.119727402581352,0.0
7eb58061_pipelined,256,B2,nominal,heldout_bfcl_b16_l2_s7,6.179843882358238,6.179843882358238,0.0
7eb58061_pipelined,256,B2,nominal,heldout_bfcl_b2_l2_s11,1.37318782887395,1.37318782887395,0.0
7eb58061_pipelined,256,B2,nominal,heldout_bfcl_b4_l2_s11,3.0210383936836096,3.0210383936836096,0.0
7eb58061_pipelined,256,B2,nominal,heldout_bfcl_b8_l2_s11,4.257084117923751,4.257084117923751,0.0
7eb58061_pipelined,256,B2,nominal,heldout_bfcl_b16_l2_s11,7.003707919401939,7.003707919401939,0.0
7eb58061_pipelined,256,B2,nominal,heldout_bfcl_b2_l13_s3,1.6478153438146677,1.6478153438146677,0.0
7eb58061_pipelined,256,B2,nominal,heldout_bfcl_b4_l13_s3,3.2956659652174003,3.2956659652174003,0.0
7eb58061_pipelined,256,B2,nominal,heldout_bfcl_b8_l13_s3,3.982449521995976,3.982449521995976,0.0
7eb58061_pipelined,256,B2,nominal,heldout_bfcl_b16_l13_s3,5.493234872880583,5.493234872880583,0.0
7eb58061_pipelined,256,B2,nominal,heldout_bfcl_b2_l13_s7,1.9224428682375396,1.9224428682375396,0.0
7eb58061_pipelined,256,B2,nominal,heldout_bfcl_b4_l13_s7,3.0210383936836096,3.0210383936836096,0.0
7eb58061_pipelined,256,B2,nominal,heldout_bfcl_b8_l13_s7,4.394355011446579,4.394355011446579,0.0
7eb58061_pipelined,256,B2,nominal,heldout_bfcl_b16_l13_s7,5.493234872880583,5.493234872880583,0.0
7eb58061_pipelined,256,B2,nominal,heldout_bfcl_b2_l13_s11,1.235910079180254,1.235910079180254,0.0
7eb58061_pipelined,256,B2,nominal,heldout_bfcl_b4_l13_s11,2.8837605651227194,2.8837605651227194,0.0
7eb58061_pipelined,256,B2,nominal,heldout_bfcl_b8_l13_s11,3.7078289353988625,3.7078289353988625,0.0
7eb58061_pipelined,256,B2,nominal,heldout_bfcl_b16_l13_s11,6.45446755222464,6.45446755222464,0.0
7eb58061_pipelined,256,B2,nominal,heldout_bfcl_b2_l26_s3,1.7851650921434246,1.7851650921434246,0.0
7eb58061_pipelined,256,B2,nominal,heldout_bfcl_b4_l26_s3,3.2956659652174003,3.2956659652174003,0.0
7eb58061_pipelined,256,B2,nominal,heldout_bfcl_b8_l26_s3,4.25707511792375,4.25707511792375,0.0
7eb58061_pipelined,256,B2,nominal,heldout_bfcl_b16_l26_s3,6.317099865680603,6.317099865680603,0.0
7eb58061_pipelined,256,B2,nominal,heldout_bfcl_b2_l26_s7,1.6478153438146677,1.6478153438146677,0.0
7eb58061_pipelined,256,B2,nominal,heldout_bfcl_b4_l26_s7,3.2956659652174003,3.2956659652174003,0.0
7eb58061_pipelined,256,B2,nominal,heldout_bfcl_b8_l26_s7,4.668980629595388,4.668980629595388,0.0
7eb58061_pipelined,256,B2,nominal,heldout_bfcl_b16_l26_s7,5.767850527967868,5.767850527967868,0.0
7eb58061_pipelined,256,B2,nominal,heldout_bfcl_b2_l26_s11,1.37318782887395,1.37318782887395,0.0
7eb58061_pipelined,256,B2,nominal,heldout_bfcl_b4_l26_s11,3.0210383936836096,3.0210383936836096,0.0
7eb58061_pipelined,256,B2,nominal,heldout_bfcl_b8_l26_s11,4.531704723162459,4.531704723162459,0.0
7eb58061_pipelined,256,B2,nominal,heldout_bfcl_b16_l26_s11,6.591727548267254,6.591727548267254,0.0
7eb58061_pipelined,256,B2,nominal,heldout_gpqa_b2_l2_s3,1.7851650921434246,1.7851650921434246,0.0
7eb58061_pipelined,256,B2,nominal,heldout_gpqa_b4_l2_s3,2.4717832787829366,2.4717832787829366,0.0
7eb58061_pipelined,256,B2,nominal,heldout_gpqa_b8_l2_s3,3.158579790275737,3.158579790275737,0.0
7eb58061_pipelined,256,B2,nominal,heldout_gpqa_b16_l2_s3,3.845469136352712,3.845469136352712,0.0
7eb58061_pipelined,256,B2,nominal,heldout_gpqa_b2_l2_s7,1.9224428682375396,1.9224428682375396,0.0
7eb58061_pipelined,256,B2,nominal,heldout_gpqa_b4_l2_s7,3.2956659652174003,3.2956659652174003,0.0
7eb58061_pipelined,256,B2,nominal,heldout_gpqa_b8_l2_s7,4.668974629595389,4.668974629595389,0.0
7eb58061_pipelined,256,B2,nominal,heldout_gpqa_b16_l2_s7,6.45445255222464,6.45445255222464,0.0
7eb58061_pipelined,256,B2,nominal,heldout_gpqa_b2_l2_s11,1.5105375809067931,1.5105375809067931,0.0
7eb58061_pipelined,256,B2,nominal,heldout_gpqa_b4_l2_s11,3.1583881236090696,3.1583881236090696,0.0
7eb58061_pipelined,256,B2,nominal,heldout_gpqa_b8_l2_s11,5.2182298936652876,5.2182298936652876,0.0
7eb58061_pipelined,256,B2,nominal,heldout_gpqa_b16_l2_s11,6.86634523998163,6.86634523998163,0.0
7eb58061_pipelined,256,B2,nominal,heldout_gpqa_b2_l13_s3,1.7851650921434246,1.7851650921434246,0.0
7eb58061_pipelined,256,B2,nominal,heldout_gpqa_b4_l13_s3,2.6091350160463547,2.6091350160463547,0.0
7eb58061_pipelined,256,B2,nominal,heldout_gpqa_b8_l13_s3,3.8450998030193784,3.8450998030193784,0.0
7eb58061_pipelined,256,B2,nominal,heldout_gpqa_b16_l13_s3,4.394728344779913,4.394728344779913,0.0
7eb58061_pipelined,256,B2,nominal,heldout_gpqa_b2_l13_s7,1.7851650921434246,1.7851650921434246,0.0
7eb58061_pipelined,256,B2,nominal,heldout_gpqa_b4_l13_s7,3.1583881236090696,3.1583881236090696,0.0
7eb58061_pipelined,256,B2,nominal,heldout_gpqa_b8_l13_s7,4.806324337692419,4.806324337692419,0.0
7eb58061_pipelined,256,B2,nominal,heldout_gpqa_b16_l13_s7,6.042478192241015,6.042478192241015,0.0
7eb58061_pipelined,256,B2,nominal,heldout_gpqa_b2_l13_s11,1.235910079180254,1.235910079180254,0.0
7eb58061_pipelined,256,B2,nominal,heldout_gpqa_b4_l13_s11,3.2956659652174003,3.2956659652174003,0.0
7eb58061_pipelined,256,B2,nominal,heldout_gpqa_b8_l13_s11,4.119725402581353,4.119725402581353,0.0
7eb58061_pipelined,256,B2,nominal,heldout_gpqa_b16_l13_s11,6.179827882358238,6.179827882358238,0.0
7eb58061_pipelined,256,B2,nominal,heldout_gpqa_b2_l26_s3,1.9224428682375396,1.9224428682375396,0.0
7eb58061_pipelined,256,B2,nominal,heldout_gpqa_b4_l26_s3,2.3345054763999142,2.3345054763999142,0.0
7eb58061_pipelined,256,B2,nominal,heldout_gpqa_b8_l26_s3,3.4331943581521798,3.4331943581521798,0.0
7eb58061_pipelined,256,B2,nominal,heldout_gpqa_b16_l26_s3,4.6693519629287215,4.6693519629287215,0.0
7eb58061_pipelined,256,B2,nominal,heldout_gpqa_b2_l26_s7,1.9224428682375396,1.9224428682375396,0.0
7eb58061_pipelined,256,B2,nominal,heldout_gpqa_b4_l26_s7,3.1583881236090696,3.1583881236090696,0.0
7eb58061_pipelined,256,B2,nominal,heldout_gpqa_b8_l26_s7,4.668974629595389,4.668974629595389,0.0
7eb58061_pipelined,256,B2,nominal,heldout_gpqa_b16_l26_s7,6.317121865680603,6.317121865680603,0.0
7eb58061_pipelined,256,B2,nominal,heldout_gpqa_b2_l26_s11,1.7851650921434246,1.7851650921434246,0.0
7eb58061_pipelined,256,B2,nominal,heldout_gpqa_b4_l26_s11,3.433015691485513,3.433015691485513,0.0
7eb58061_pipelined,256,B2,nominal,heldout_gpqa_b8_l26_s11,4.668974629595389,4.668974629595389,0.0
7eb58061_pipelined,256,B2,nominal,heldout_gpqa_b16_l26_s11,6.866355239981629,6.866355239981629,0.0
7eb58061_pipelined,256,B2,nominal,heldout_swe_b2_l2_s3,1.7851650921434246,1.7851650921434246,0.0
7eb58061_pipelined,256,B2,nominal,heldout_swe_b4_l2_s3,2.059879946203375,2.059879946203375,0.0
7eb58061_pipelined,256,B2,nominal,heldout_swe_b8_l2_s3,2.3347121430665805,2.3347121430665805,0.0
7eb58061_pipelined,256,B2,nominal,heldout_swe_b16_l2_s3,2.746966831532163,2.746966831532163,0.0
7eb58061_pipelined,256,B2,nominal,heldout_swe_b2_l2_s7,1.7851650921434246,1.7851650921434246,0.0
7eb58061_pipelined,256,B2,nominal,heldout_swe_b4_l2_s7,2.3345074763999145,2.3345074763999145,0.0
7eb58061_pipelined,256,B2,nominal,heldout_swe_b8_l2_s7,2.471977945449604,2.471977945449604,0.0
7eb58061_pipelined,256,B2,nominal,heldout_swe_b16_l2_s7,3.0215903936836104,3.0215903936836104,0.0
7eb58061_pipelined,256,B2,nominal,heldout_swe_b2_l2_s11,1.7851650921434246,1.7851650921434246,0.0
7eb58061_pipelined,256,B2,nominal,heldout_swe_b4_l2_s11,2.8837605651227194,2.8837605651227194,0.0
7eb58061_pipelined,256,B2,nominal,heldout_swe_b8_l2_s11,2.609324682713022,2.609324682713022,0.0
7eb58061_pipelined,256,B2,nominal,heldout_swe_b16_l2_s11,3.8454771363527125,3.8454771363527125,0.0
7eb58061_pipelined,256,B2,nominal,heldout_swe_b2_l13_s3,1.9224428682375396,1.9224428682375396,0.0
7eb58061_pipelined,256,B2,nominal,heldout_swe_b4_l13_s3,2.609133016046355,2.609133016046355,0.0
7eb58061_pipelined,256,B2,nominal,heldout_swe_b8_l13_s3,2.7466024981988295,2.7466024981988295,0.0
7eb58061_pipelined,256,B2,nominal,heldout_swe_b16_l13_s3,2.8843205651227204,2.8843205651227204,0.0
7eb58061_pipelined,256,B2,nominal,heldout_swe_b2_l13_s7,1.9224428682375396,1.9224428682375396,0.0
7eb58061_pipelined,256,B2,nominal,heldout_swe_b4_l13_s7,2.8837605651227194,2.8837605651227194,0.0
7eb58061_pipelined,256,B2,nominal,heldout_swe_b8_l13_s7,2.8839462317893862,2.8839462317893862,0.0
7eb58061_pipelined,256,B2,nominal,heldout_swe_b16_l13_s7,3.0215943936836105,3.0215943936836105,0.0
7eb58061_pipelined,256,B2,nominal,heldout_swe_b2_l13_s11,1.6478153438146677,1.6478153438146677,0.0
7eb58061_pipelined,256,B2,nominal,heldout_swe_b4_l13_s11,3.0210383936836096,3.0210383936836096,0.0
7eb58061_pipelined,256,B2,nominal,heldout_swe_b8_l13_s11,2.6093216827130212,2.6093216827130212,0.0
7eb58061_pipelined,256,B2,nominal,heldout_swe_b16_l13_s11,3.845457136352713,3.845457136352713,0.0
7eb58061_pipelined,256,B2,nominal,heldout_swe_b2_l26_s3,1.6478153438146677,1.6478153438146677,0.0
7eb58061_pipelined,256,B2,nominal,heldout_swe_b4_l26_s3,2.6091330160463544,2.6091330160463544,0.0
7eb58061_pipelined,256,B2,nominal,heldout_swe_b8_l26_s3,3.158579790275737,3.158579790275737,0.0
7eb58061_pipelined,256,B2,nominal,heldout_swe_b16_l26_s3,3.8454541363527124,3.8454541363527124,0.0
7eb58061_pipelined,256,B2,nominal,heldout_swe_b2_l26_s7,1.9224428682375396,1.9224428682375396,0.0
7eb58061_pipelined,256,B2,nominal,heldout_swe_b4_l26_s7,2.4717832787829366,2.4717832787829366,0.0
7eb58061_pipelined,256,B2,nominal,heldout_swe_b8_l26_s7,3.021227060350276,3.021227060350276,0.0
7eb58061_pipelined,256,B2,nominal,heldout_swe_b16_l26_s7,3.1589561236090695,3.1589561236090695,0.0
7eb58061_pipelined,256,B2,nominal,heldout_swe_b2_l26_s11,1.9224428682375396,1.9224428682375396,0.0
7eb58061_pipelined,256,B2,nominal,heldout_swe_b4_l26_s11,3.433015691485513,3.433015691485513,0.0
7eb58061_pipelined,256,B2,nominal,heldout_swe_b8_l26_s11,2.609339682713021,2.609339682713021,0.0
7eb58061_pipelined,256,B2,nominal,heldout_swe_b16_l26_s11,4.120084735914687,4.120084735914687,0.0
7eb58061_pipelined,256,B2,nominal,v3_captured_mixed_heldout_bfcl_t64_l2,8.927568514902775,8.927568514902775,0.0
7eb58061_pipelined,256,B2,nominal,v3_captured_mixed_heldout_bfcl_t96_l2,9.340889125404937,9.340889125404937,0.0
7eb58061_pipelined,256,B2,nominal,v3_captured_mixed_heldout_bfcl_t128_l2,9.897307456182089,9.897307456182089,0.0
7eb58061_pipelined,256,B2,nominal,v3_captured_mixed_heldout_bfcl_t64_l13,8.241047437479363,8.241047437479363,0.0
7eb58061_pipelined,256,B2,nominal,v3_captured_mixed_heldout_bfcl_t96_l13,9.254627268158583,9.254627268158583,0.0
7eb58061_pipelined,256,B2,nominal,v3_captured_mixed_heldout_bfcl_t128_l13,9.765004977814153,9.765004977814153,0.0
7eb58061_pipelined,256,B2,nominal,v3_captured_mixed_heldout_bfcl_t64_l26,8.790238213926864,8.790238213926864,0.0
7eb58061_pipelined,256,B2,nominal,v3_captured_mixed_heldout_bfcl_t96_l26,9.478248533478178,9.478248533478178,0.0
7eb58061_pipelined,256,B2,nominal,v3_captured_mixed_heldout_bfcl_t128_l26,9.941861017478423,9.941861017478423,0.0
7eb58061_pipelined,256,B2,nominal,v3_captured_mixed_heldout_gpqa_t64_l2,9.202235158182242,9.202235158182242,0.0
7eb58061_pipelined,256,B2,nominal,v3_captured_mixed_heldout_gpqa_t96_l2,9.615472330408474,9.615472330408474,0.0
7eb58061_pipelined,256,B2,nominal,v3_captured_mixed_heldout_gpqa_t128_l2,9.891498616798868,9.891498616798868,0.0
7eb58061_pipelined,256,B2,nominal,v3_captured_mixed_heldout_gpqa_t64_l13,8.241032856250824,8.241032856250824,0.0
7eb58061_pipelined,256,B2,nominal,v3_captured_mixed_heldout_gpqa_t96_l13,8.929005535240215,8.929005535240215,0.0
7eb58061_pipelined,256,B2,nominal,v3_captured_mixed_heldout_gpqa_t128_l13,9.342276788264964,9.342276788264964,0.0
7eb58061_pipelined,256,B2,nominal,v3_captured_mixed_heldout_gpqa_t64_l26,9.202217158182243,9.202217158182243,0.0
7eb58061_pipelined,256,B2,nominal,v3_captured_mixed_heldout_gpqa_t96_l26,9.61546486994613,9.61546486994613,0.0
7eb58061_pipelined,256,B2,nominal,v3_captured_mixed_heldout_gpqa_t128_l26,9.891510006900765,9.891510006900765,0.0
7eb58061_pipelined,256,B2,nominal,v3_captured_mixed_heldout_swe_t64_l2,9.064816786089219,9.064816786089219,0.0
7eb58061_pipelined,256,B2,nominal,v3_captured_mixed_heldout_swe_t96_l2,9.478228720227872,9.478228720227872,0.0
7eb58061_pipelined,256,B2,nominal,v3_captured_mixed_heldout_swe_t128_l2,9.891512340071204,9.891512340071204,0.0
7eb58061_pipelined,256,B2,nominal,v3_captured_mixed_heldout_swe_t64_l13,7.691830802860587,7.691830802860587,0.0
7eb58061_pipelined,256,B2,nominal,v3_captured_mixed_heldout_swe_t96_l13,8.828488478917501,8.828488478917501,0.0
7eb58061_pipelined,256,B2,nominal,v3_captured_mixed_heldout_swe_t128_l13,9.690984609154532,9.690984609154532,0.0
7eb58061_pipelined,256,B2,nominal,v3_captured_mixed_heldout_swe_t64_l26,8.652997871623313,8.652997871623313,0.0
7eb58061_pipelined,256,B2,nominal,v3_captured_mixed_heldout_swe_t96_l26,9.066274153291905,9.066274153291905,0.0
7eb58061_pipelined,256,B2,nominal,v3_captured_mixed_heldout_swe_t128_l26,9.891466571981177,9.891466571981177,0.0
7eb58061_pipelined,256,B2,ours,heldout_bfcl_b2_l2_s3,1.9224121795716218,1.9224121795716218,0.0
7eb58061_pipelined,256,B2,ours,heldout_bfcl_b4_l2_s3,2.746391478687831,2.746391478687831,0.0
7eb58061_pipelined,256,B2,ours,heldout_bfcl_b8_l2_s3,3.7078206069825903,3.7078206069825903,0.0
7eb58061_pipelined,256,B2,ours,heldout_bfcl_b16_l2_s3,4.943994880735184,4.943994880735184,0.0
7eb58061_pipelined,256,B2,ours,heldout_bfcl_b2_l2_s7,1.9224121795716216,1.9224121795716216,0.0
7eb58061_pipelined,256,B2,ours,heldout_bfcl_b4_l2_s7,3.0210232025717443,3.0210232025717443,0.0
7eb58061_pipelined,256,B2,ours,heldout_bfcl_b8_l2_s7,4.11972958165689,4.11972958165689,0.0
7eb58061_pipelined,256,B2,ours,heldout_bfcl_b16_l2_s7,6.179874878049932,6.179874878049932,0.0
7eb58061_pipelined,256,B2,ours,heldout_bfcl_b2_l2_s11,1.3731542944201194,1.3731542944201194,0.0
7eb58061_pipelined,256,B2,ours,heldout_bfcl_b4_l2_s11,3.0210232025717443,3.0210232025717443,0.0
7eb58061_pipelined,256,B2,ours,heldout_bfcl_b8_l2_s11,4.25708458165689,4.25708458165689,0.0
7eb58061_pipelined,256,B2,ours,heldout_bfcl_b16_l2_s11,7.003751878049933,7.003751878049933,0.0
7eb58061_pipelined,256,B2,ours,heldout_bfcl_b2_l13_s3,1.6477830706137035,1.6477830706137035,0.0
7eb58061_pipelined,256,B2,ours,heldout_bfcl_b4_l13_s3,3.295655015004059,3.295655015004059,0.0
7eb58061_pipelined,256,B2,ours,heldout_bfcl_b8_l13_s3,3.982445603115698,3.982445603115698,0.0
7eb58061_pipelined,256,B2,ours,heldout_bfcl_b16_l13_s3,5.493258878721246,5.493258878721246,0.0
7eb58061_pipelined,256,B2,ours,heldout_bfcl_b2_l13_s7,1.9224121795716218,1.9224121795716218,0.0
7eb58061_pipelined,256,B2,ours,heldout_bfcl_b4_l13_s7,3.0210232025717443,3.0210232025717443,0.0
7eb58061_pipelined,256,B2,ours,heldout_bfcl_b8_l13_s7,4.39436156129343,4.39436156129343,0.0
7eb58061_pipelined,256,B2,ours,heldout_bfcl_b16_l13_s7,5.493258878721246,5.493258878721246,0.0
7eb58061_pipelined,256,B2,ours,heldout_bfcl_b2_l13_s11,1.2358703707292562,1.2358703707292562,0.0
7eb58061_pipelined,256,B2,ours,heldout_bfcl_b4_l13_s11,2.883739478687831,2.883739478687831,0.0
7eb58061_pipelined,256,B2,ours,heldout_bfcl_b8_l13_s11,3.7078206069825903,3.7078206069825903,0.0
7eb58061_pipelined,256,B2,ours,heldout_bfcl_b16_l13_s11,6.454502878049932,6.454502878049932,0.0
7eb58061_pipelined,256,B2,ours,heldout_bfcl_b2_l26_s3,1.7851310706137038,1.7851310706137038,0.0
7eb58061_pipelined,256,B2,ours,heldout_bfcl_b4_l26_s3,3.295655015004059,3.295655015004059,0.0
7eb58061_pipelined,256,B2,ours,heldout_bfcl_b8_l26_s3,4.25707558165689,4.25707558165689,0.0
7eb58061_pipelined,256,B2,ours,heldout_bfcl_b16_l26_s3,6.317136878049933,6.317136878049933,0.0
7eb58061_pipelined,256,B2,ours,heldout_bfcl_b2_l26_s7,1.6477830706137038,1.6477830706137038,0.0
7eb58061_pipelined,256,B2,ours,heldout_bfcl_b4_l26_s7,3.295655015004059,3.295655015004059,0.0
7eb58061_pipelined,256,B2,ours,heldout_bfcl_b8_l26_s7,4.668991550345513,4.668991550345513,0.0
7eb58061_pipelined,256,B2,ours,heldout_bfcl_b16_l26_s7,5.767878878377006,5.767878878377006,0.0
7eb58061_pipelined,256,B2,ours,heldout_bfcl_b2_l26_s11,1.3731542944201194,1.3731542944201194,0.0
7eb58061_pipelined,256,B2,ours,heldout_bfcl_b4_l26_s11,3.0210232025717443,3.0210232025717443,0.0
7eb58061_pipelined,256,B2,ours,heldout_bfcl_b8_l26_s11,4.531709561293431,4.531709561293431,0.0
7eb58061_pipelined,256,B2,ours,heldout_bfcl_b16_l26_s11,6.591768878049932,6.591768878049932,0.0
7eb58061_pipelined,256,B2,ours,heldout_gpqa_b2_l2_s3,1.7851310706137038,1.7851310706137038,0.0
7eb58061_pipelined,256,B2,ours,heldout_gpqa_b4_l2_s3,2.471759652294341,2.471759652294341,0.0
7eb58061_pipelined,256,B2,ours,heldout_gpqa_b8_l2_s3,3.158562869238411,3.158562869238411,0.0
7eb58061_pipelined,256,B2,ours,heldout_gpqa_b16_l2_s3,3.8454669364490313,3.8454669364490313,0.0
7eb58061_pipelined,256,B2,ours,heldout_gpqa_b2_l2_s7,1.9224121795716216,1.9224121795716216,0.0
7eb58061_pipelined,256,B2,ours,heldout_gpqa_b4_l2_s7,3.295655015004059,3.295655015004059,0.0
7eb58061_pipelined,256,B2,ours,heldout_gpqa_b8_l2_s7,4.668985550345513,4.668985550345513,0.0
7eb58061_pipelined,256,B2,ours,heldout_gpqa_b16_l2_s7,6.454487878049933,6.454487878049933,0.0
7eb58061_pipelined,256,B2,ours,heldout_gpqa_b2_l2_s11,1.5105022944201196,1.5105022944201196,0.0
7eb58061_pipelined,256,B2,ours,heldout_gpqa_b4_l2_s11,3.158371202571744,3.158371202571744,0.0
7eb58061_pipelined,256,B2,ours,heldout_gpqa_b8_l2_s11,5.218249546369133,5.218249546369133,0.0
7eb58061_pipelined,256,B2,ours,heldout_gpqa_b16_l2_s11,6.866390878049932,6.866390878049932,0.0
7eb58061_pipelined,256,B2,ours,heldout_gpqa_b2_l13_s3,1.7851310706137034,1.7851310706137034,0.0
7eb58061_pipelined,256,B2,ours,heldout_gpqa_b4_l13_s3,2.609109652294341,2.609109652294341,0.0
7eb58061_pipelined,256,B2,ours,heldout_gpqa_b8_l13_s3,3.845097603115698,3.845097603115698,0.0
7eb58061_pipelined,256,B2,ours,heldout_gpqa_b16_l13_s3,4.3947348946267635,4.3947348946267635,0.0
7eb58061_pipelined,256,B2,ours,heldout_gpqa_b2_l13_s7,1.7851310706137038,1.7851310706137038,0.0
7eb58061_pipelined,256,B2,ours,heldout_gpqa_b4_l13_s7,3.158371202571744,3.158371202571744,0.0
7eb58061_pipelined,256,B2,ours,heldout_gpqa_b8_l13_s7,4.806333550345513,4.806333550345513,0.0
7eb58061_pipelined,256,B2,ours,heldout_gpqa_b16_l13_s7,6.042510878049932,6.042510878049932,0.0
7eb58061_pipelined,256,B2,ours,heldout_gpqa_b2_l13_s11,1.235870370729256,1.235870370729256,0.0
7eb58061_pipelined,256,B2,ours,heldout_gpqa_b4_l13_s11,3.295655015004059,3.295655015004059,0.0
7eb58061_pipelined,256,B2,ours,heldout_gpqa_b8_l13_s11,4.11972758165689,4.11972758165689,0.0
7eb58061_pipelined,256,B2,ours,heldout_gpqa_b16_l13_s11,6.179858878049933,6.179858878049933,0.0
7eb58061_pipelined,256,B2,ours,heldout_gpqa_b2_l26_s3,1.9224121795716216,1.9224121795716216,0.0
7eb58061_pipelined,256,B2,ours,heldout_gpqa_b4_l26_s3,2.3344760176919093,2.3344760176919093,0.0
7eb58061_pipelined,256,B2,ours,heldout_gpqa_b8_l26_s3,3.433181681670726,3.433181681670726,0.0
7eb58061_pipelined,256,B2,ours,heldout_gpqa_b16_l26_s3,4.669362883678846,4.669362883678846,0.0
7eb58061_pipelined,256,B2,ours,heldout_gpqa_b2_l26_s7,1.9224121795716218,1.9224121795716218,0.0
7eb58061_pipelined,256,B2,ours,heldout_gpqa_b4_l26_s7,3.158371202571744,3.158371202571744,0.0
7eb58061_pipelined,256,B2,ours,heldout_gpqa_b8_l26_s7,4.668985550345513,4.668985550345513,0.0
7eb58061_pipelined,256,B2,ours,heldout_gpqa_b16_l26_s7,6.317158878049932,6.317158878049932,0.0
7eb58061_pipelined,256,B2,ours,heldout_gpqa_b2_l26_s11,1.7851310706137034,1.7851310706137034,0.0
7eb58061_pipelined,256,B2,ours,heldout_gpqa_b4_l26_s11,3.4330030150040587,3.4330030150040587,0.0
7eb58061_pipelined,256,B2,ours,heldout_gpqa_b8_l26_s11,4.668985550345513,4.668985550345513,0.0
7eb58061_pipelined,256,B2,ours,heldout_gpqa_b16_l26_s11,6.866400878049933,6.866400878049933,0.0
7eb58061_pipelined,256,B2,ours,heldout_swe_b2_l2_s3,1.7851310706137034,1.7851310706137034,0.0
7eb58061_pipelined,256,B2,ours,heldout_swe_b4_l2_s3,2.059847512904955,2.059847512904955,0.0
7eb58061_pipelined,256,B2,ours,heldout_swe_b8_l2_s3,2.3346826843585764,2.3346826843585764,0.0
7eb58061_pipelined,256,B2,ours,heldout_swe_b16_l2_s3,2.7469474786878316,2.7469474786878316,0.0
7eb58061_pipelined,256,B2,ours,heldout_swe_b2_l2_s7,1.7851310706137034,1.7851310706137034,0.0
7eb58061_pipelined,256,B2,ours,heldout_swe_b4_l2_s7,2.3344780176919095,2.3344780176919095,0.0
7eb58061_pipelined,256,B2,ours,heldout_swe_b8_l2_s7,2.471954318961008,2.471954318961008,0.0
7eb58061_pipelined,256,B2,ours,heldout_swe_b16_l2_s7,3.0215752025717446,3.0215752025717446,0.0
7eb58061_pipelined,256,B2,ours,heldout_swe_b2_l2_s11,1.7851310706137034,1.7851310706137034,0.0
7eb58061_pipelined,256,B2,ours,heldout_swe_b4_l2_s11,2.883739478687831,2.883739478687831,0.0
7eb58061_pipelined,256,B2,ours,heldout_swe_b8_l2_s11,2.609299318961008,2.609299318961008,0.0
7eb58061_pipelined,256,B2,ours,heldout_swe_b16_l2_s11,3.8454749364490315,3.8454749364490315,0.0
7eb58061_pipelined,256,B2,ours,heldout_swe_b2_l13_s3,1.9224121795716216,1.9224121795716216,0.0
7eb58061_pipelined,256,B2,ours,heldout_swe_b4_l13_s3,2.6091076522943415,2.6091076522943415,0.0
7eb58061_pipelined,256,B2,ours,heldout_swe_b8_l13_s3,2.746583145354498,2.746583145354498,0.0
7eb58061_pipelined,256,B2,ours,heldout_swe_b16_l13_s3,2.884299478687831,2.884299478687831,0.0
7eb58061_pipelined,256,B2,ours,heldout_swe_b2_l13_s7,1.9224121795716216,1.9224121795716216,0.0
7eb58061_pipelined,256,B2,ours,heldout_swe_b4_l13_s7,2.883739478687831,2.883739478687831,0.0
7eb58061_pipelined,256,B2,ours,heldout_swe_b8_l13_s7,2.8839251453544987,2.8839251453544987,0.0
7eb58061_pipelined,256,B2,ours,heldout_swe_b16_l13_s7,3.0215792025717447,3.0215792025717447,0.0
7eb58061_pipelined,256,B2,ours,heldout_swe_b2_l13_s11,1.6477830706137035,1.6477830706137035,0.0
7eb58061_pipelined,256,B2,ours,heldout_swe_b4_l13_s11,3.0210232025717443,3.0210232025717443,0.0
7eb58061_pipelined,256,B2,ours,heldout_swe_b8_l13_s11,2.6092963189610074,2.6092963189610074,0.0
7eb58061_pipelined,256,B2,ours,heldout_swe_b16_l13_s11,3.8454549364490314,3.8454549364490314,0.0
7eb58061_pipelined,256,B2,ours,heldout_swe_b2_l26_s3,1.6477830706137038,1.6477830706137038,0.0
7eb58061_pipelined,256,B2,ours,heldout_swe_b4_l26_s3,2.609107652294341,2.609107652294341,0.0
7eb58061_pipelined,256,B2,ours,heldout_swe_b8_l26_s3,3.158562869238411,3.158562869238411,0.0
7eb58061_pipelined,256,B2,ours,heldout_swe_b16_l26_s3,3.8454519364490314,3.8454519364490314,0.0
7eb58061_pipelined,256,B2,ours,heldout_swe_b2_l26_s7,1.9224121795716216,1.9224121795716216,0.0
7eb58061_pipelined,256,B2,ours,heldout_swe_b4_l26_s7,2.471759652294341,2.471759652294341,0.0
7eb58061_pipelined,256,B2,ours,heldout_swe_b8_l26_s7,3.021211869238411,3.021211869238411,0.0
7eb58061_pipelined,256,B2,ours,heldout_swe_b16_l26_s7,3.158939202571744,3.158939202571744,0.0
7eb58061_pipelined,256,B2,ours,heldout_swe_b2_l26_s11,1.9224121795716216,1.9224121795716216,0.0
7eb58061_pipelined,256,B2,ours,heldout_swe_b4_l26_s11,3.4330030150040587,3.4330030150040587,0.0
7eb58061_pipelined,256,B2,ours,heldout_swe_b8_l26_s11,2.609314318961008,2.609314318961008,0.0
7eb58061_pipelined,256,B2,ours,heldout_swe_b16_l26_s11,4.120086914990223,4.120086914990223,0.0
7eb58061_pipelined,256,B2,ours,v3_captured_mixed_heldout_bfcl_t64_l2,8.928187016667492,8.928187016667492,0.0
7eb58061_pipelined,256,B2,ours,v3_captured_mixed_heldout_bfcl_t96_l2,9.341635453681528,9.341635453681528,0.0
7eb58061_pipelined,256,B2,ours,v3_captured_mixed_heldout_bfcl_t128_l2,9.911261710997833,9.911261710997833,0.0
7eb58061_pipelined,256,B2,ours,v3_captured_mixed_heldout_bfcl_t64_l13,8.241795908825754,8.241795908825754,0.0
7eb58061_pipelined,256,B2,ours,v3_captured_mixed_heldout_bfcl_t96_l13,9.254678192896383,9.254678192896383,0.0
7eb58061_pipelined,256,B2,ours,v3_captured_mixed_heldout_bfcl_t128_l13,9.764705790934261,9.764705790934261,0.0
7eb58061_pipelined,256,B2,ours,v3_captured_mixed_heldout_bfcl_t64_l26,8.790953087106386,8.790953087106386,0.0
7eb58061_pipelined,256,B2,ours,v3_captured_mixed_heldout_bfcl_t96_l26,9.47900545652321,9.47900545652321,0.0
7eb58061_pipelined,256,B2,ours,v3_captured_mixed_heldout_bfcl_t128_l26,9.941493001376973,9.941493001376973,0.0
7eb58061_pipelined,256,B2,ours,v3_captured_mixed_heldout_gpqa_t64_l2,9.202885012357987,9.202885012357987,0.0
7eb58061_pipelined,256,B2,ours,v3_captured_mixed_heldout_gpqa_t96_l2,9.615888433168577,9.615888433168577,0.0
7eb58061_pipelined,256,B2,ours,v3_captured_mixed_heldout_gpqa_t128_l2,9.891814171256234,9.891814171256234,0.0
7eb58061_pipelined,256,B2,ours,v3_captured_mixed_heldout_gpqa_t64_l13,8.241605012357988,8.241605012357988,0.0
7eb58061_pipelined,256,B2,ours,v3_captured_mixed_heldout_gpqa_t96_l13,8.929438504348399,8.929438504348399,0.0
7eb58061_pipelined,256,B2,ours,v3_captured_mixed_heldout_gpqa_t128_l13,9.342567030536626,9.342567030536626,0.0
7eb58061_pipelined,256,B2,ours,v3_captured_mixed_heldout_gpqa_t64_l26,9.202867012357984,9.202867012357984,0.0
7eb58061_pipelined,256,B2,ours,v3_captured_mixed_heldout_gpqa_t96_l26,9.615917944189349,9.615917944189349,0.0
7eb58061_pipelined,256,B2,ours,v3_captured_mixed_heldout_gpqa_t128_l26,9.891910062772602,9.891910062772602,0.0
7eb58061_pipelined,256,B2,ours,v3_captured_mixed_heldout_swe_t64_l2,9.065483013972056,9.065483013972056,0.0
7eb58061_pipelined,256,B2,ours,v3_captured_mixed_heldout_swe_t96_l2,9.478690150662063,9.478690150662063,0.0
7eb58061_pipelined,256,B2,ours,v3_captured_mixed_heldout_swe_t128_l2,9.891787781691761,9.891787781691761,0.0
7eb58061_pipelined,256,B2,ours,v3_captured_mixed_heldout_swe_t64_l13,7.692533257774143,7.692533257774143,0.0
7eb58061_pipelined,256,B2,ours,v3_captured_mixed_heldout_swe_t96_l13,8.826658654794162,8.826658654794162,0.0
7eb58061_pipelined,256,B2,ours,v3_captured_mixed_heldout_swe_t128_l13,9.702615792706615,9.702615792706615,0.0
7eb58061_pipelined,256,B2,ours,v3_captured_mixed_heldout_swe_t64_l26,8.653585012357988,8.653585012357988,0.0
7eb58061_pipelined,256,B2,ours,v3_captured_mixed_heldout_swe_t96_l26,9.066612433865881,9.066612433865881,0.0
7eb58061_pipelined,256,B2,ours,v3_captured_mixed_heldout_swe_t128_l26,9.891644071559064,9.891644071559064,0.0
7eb58061_pipelined,256,best_hetero,nominal,heldout_bfcl_b2_l2_s3,1.922195333333333,1.922195333333333,0.0
7eb58061_pipelined,256,best_hetero,nominal,heldout_bfcl_b4_l2_s3,2.7460917687074815,2.7460917687074815,0.0
7eb58061_pipelined,256,best_hetero,nominal,heldout_bfcl_b8_l2_s3,3.7073071036307534,3.7073071036307534,0.0
7eb58061_pipelined,256,best_hetero,nominal,heldout_bfcl_b16_l2_s3,4.943261172538641,4.943261172538641,0.0
7eb58061_pipelined,256,best_hetero,nominal,heldout_bfcl_b2_l2_s7,1.922195333333333,1.922195333333333,0.0
7eb58061_pipelined,256,best_hetero,nominal,heldout_bfcl_b4_l2_s7,3.0330047604166666,3.0330047604166666,0.0
7eb58061_pipelined,256,best_hetero,nominal,heldout_bfcl_b8_l2_s7,4.1192161036307535,4.1192161036307535,0.0
7eb58061_pipelined,256,best_hetero,nominal,heldout_bfcl_b16_l2_s7,6.179026280234561,6.179026280234561,0.0
7eb58061_pipelined,256,best_hetero,nominal,heldout_bfcl_b2_l2_s11,1.373059333333333,1.373059333333333,0.0
7eb58061_pipelined,256,best_hetero,nominal,heldout_bfcl_b4_l2_s11,3.0330047604166666,3.0330047604166666,0.0
7eb58061_pipelined,256,best_hetero,nominal,heldout_bfcl_b8_l2_s11,4.256507103630752,4.256507103630752,0.0
7eb58061_pipelined,256,best_hetero,nominal,heldout_bfcl_b16_l2_s11,7.002711276286227,7.002711276286227,0.0
7eb58061_pipelined,256,best_hetero,nominal,heldout_bfcl_b2_l13_s3,1.647627333333333,1.647627333333333,0.0
7eb58061_pipelined,256,best_hetero,nominal,heldout_bfcl_b4_l13_s3,3.2952617393819694,3.2952617393819694,0.0
7eb58061_pipelined,256,best_hetero,nominal,heldout_bfcl_b8_l13_s3,3.981932103630753,3.981932103630753,0.0
7eb58061_pipelined,256,best_hetero,nominal,heldout_bfcl_b16_l13_s3,5.492480830512239,5.492480830512239,0.0
7eb58061_pipelined,256,best_hetero,nominal,heldout_bfcl_b2_l13_s7,1.922195333333333,1.922195333333333,0.0
7eb58061_pipelined,256,best_hetero,nominal,heldout_bfcl_b4_l13_s7,3.0330047604166666,3.0330047604166666,0.0
7eb58061_pipelined,256,best_hetero,nominal,heldout_bfcl_b8_l13_s7,4.393784103630752,4.393784103630752,0.0
7eb58061_pipelined,256,best_hetero,nominal,heldout_bfcl_b16_l13_s7,5.492468573899188,5.492468573899188,0.0
7eb58061_pipelined,256,best_hetero,nominal,heldout_bfcl_b2_l13_s11,1.235775333333333,1.235775333333333,0.0
7eb58061_pipelined,256,best_hetero,nominal,heldout_bfcl_b4_l13_s11,2.8833117687074825,2.8833117687074825,0.0
7eb58061_pipelined,256,best_hetero,nominal,heldout_bfcl_b8_l13_s11,3.7073071211210613,3.7073071211210613,0.0
7eb58061_pipelined,256,best_hetero,nominal,heldout_bfcl_b16_l13_s11,6.45359025879592,6.45359025879592,0.0
7eb58061_pipelined,256,best_hetero,nominal,heldout_bfcl_b2_l26_s3,1.784911333333333,1.784911333333333,0.0
7eb58061_pipelined,256,best_hetero,nominal,heldout_bfcl_b4_l26_s3,3.2952617393819694,3.2952617393819694,0.0
7eb58061_pipelined,256,best_hetero,nominal,heldout_bfcl_b8_l26_s3,4.256498117172728,4.256498117172728,0.0
7eb58061_pipelined,256,best_hetero,nominal,heldout_bfcl_b16_l26_s3,6.316236501866995,6.316236501866995,0.0
7eb58061_pipelined,256,best_hetero,nominal,heldout_bfcl_b2_l26_s7,1.647627333333333,1.647627333333333,0.0
7eb58061_pipelined,256,best_hetero,nominal,heldout_bfcl_b4_l26_s7,3.2952617393819694,3.2952617393819694,0.0
7eb58061_pipelined,256,best_hetero,nominal,heldout_bfcl_b8_l26_s7,4.668350121121061,4.668350121121061,0.0
7eb58061_pipelined,256,best_hetero,nominal,heldout_bfcl_b16_l26_s7,5.767060292069765,5.767060292069765,0.0
7eb58061_pipelined,256,best_hetero,nominal,heldout_bfcl_b2_l26_s11,1.373059333333333,1.373059333333333,0.0
7eb58061_pipelined,256,best_hetero,nominal,heldout_bfcl_b4_l26_s11,3.0330047604166666,3.0330047604166666,0.0
7eb58061_pipelined,256,best_hetero,nominal,heldout_bfcl_b8_l26_s11,4.531068103630752,4.531068103630752,0.0
7eb58061_pipelined,256,best_hetero,nominal,heldout_bfcl_b16_l26_s11,6.590856307318511,6.590856307318511,0.0
7eb58061_pipelined,256,best_hetero,nominal,heldout_gpqa_b2_l2_s3,1.784911333333333,1.784911333333333,0.0
7eb58061_pipelined,256,best_hetero,nominal,heldout_gpqa_b4_l2_s3,2.47148808551752,2.47148808551752,0.0
7eb58061_pipelined,256,best_hetero,nominal,heldout_gpqa_b8_l2_s3,3.1581431329562673,3.1581431329562673,0.0
7eb58061_pipelined,256,best_hetero,nominal,heldout_gpqa_b16_l2_s3,3.8450531725386417,3.8450531725386417,0.0
7eb58061_pipelined,256,best_hetero,nominal,heldout_gpqa_b2_l2_s7,1.922195333333333,1.922195333333333,0.0
7eb58061_pipelined,256,best_hetero,nominal,heldout_gpqa_b4_l2_s7,3.2952617393819694,3.2952617393819694,0.0
7eb58061_pipelined,256,best_hetero,nominal,heldout_gpqa_b8_l2_s7,4.668344103630753,4.668344103630753,0.0
7eb58061_pipelined,256,best_hetero,nominal,heldout_gpqa_b16_l2_s7,6.453575280234563,6.453575280234563,0.0
7eb58061_pipelined,256,best_hetero,nominal,heldout_gpqa_b2_l2_s11,1.5103433333333331,1.5103433333333331,0.0
7eb58061_pipelined,256,best_hetero,nominal,heldout_gpqa_b4_l2_s11,3.1579137393819696,3.1579137393819696,0.0
7eb58061_pipelined,256,best_hetero,nominal,heldout_gpqa_b8_l2_s11,5.2174875224816075,5.2174875224816075,0.0
7eb58061_pipelined,256,best_hetero,nominal,heldout_gpqa_b16_l2_s11,6.865414293776534,6.865414293776534,0.0
7eb58061_pipelined,256,best_hetero,nominal,heldout_gpqa_b2_l13_s3,1.784911333333333,1.784911333333333,0.0
7eb58061_pipelined,256,best_hetero,nominal,heldout_gpqa_b4_l13_s3,2.60871006802721,2.60871006802721,0.0
7eb58061_pipelined,256,best_hetero,nominal,heldout_gpqa_b8_l13_s3,3.8446481171727265,3.8446481171727265,0.0
7eb58061_pipelined,256,best_hetero,nominal,heldout_gpqa_b16_l13_s3,4.394214395614973,4.394214395614973,0.0
7eb58061_pipelined,256,best_hetero,nominal,heldout_gpqa_b2_l13_s7,1.784911333333333,1.784911333333333,0.0
7eb58061_pipelined,256,best_hetero,nominal,heldout_gpqa_b4_l13_s7,3.1579137393819696,3.1579137393819696,0.0
7eb58061_pipelined,256,best_hetero,nominal,heldout_gpqa_b8_l13_s7,4.8056638218013354,4.8056638218013354,0.0
7eb58061_pipelined,256,best_hetero,nominal,heldout_gpqa_b16_l13_s7,6.041662258795917,6.041662258795917,0.0
7eb58061_pipelined,256,best_hetero,nominal,heldout_gpqa_b2_l13_s11,1.235775333333333,1.235775333333333,0.0
7eb58061_pipelined,256,best_hetero,nominal,heldout_gpqa_b4_l13_s11,3.2952617393819694,3.2952617393819694,0.0
7eb58061_pipelined,256,best_hetero,nominal,heldout_gpqa_b8_l13_s11,4.119214103630753,4.119214103630753,0.0
7eb58061_pipelined,256,best_hetero,nominal,heldout_gpqa_b16_l13_s11,6.179010311266844,6.179010311266844,0.0
7eb58061_pipelined,256,best_hetero,nominal,heldout_gpqa_b2_l26_s3,1.922195333333333,1.922195333333333,0.0
7eb58061_pipelined,256,best_hetero,nominal,heldout_gpqa_b4_l26_s3,2.334104367346939,2.334104367346939,0.0
7eb58061_pipelined,256,best_hetero,nominal,heldout_gpqa_b8_l26_s3,3.432732134663035,3.432732134663035,0.0
7eb58061_pipelined,256,best_hetero,nominal,heldout_gpqa_b16_l26_s3,4.6687848707647825,4.6687848707647825,0.0
7eb58061_pipelined,256,best_hetero,nominal,heldout_gpqa_b2_l26_s7,1.922195333333333,1.922195333333333,0.0
7eb58061_pipelined,256,best_hetero,nominal,heldout_gpqa_b4_l26_s7,3.1579137393819696,3.1579137393819696,0.0
7eb58061_pipelined,256,best_hetero,nominal,heldout_gpqa_b8_l26_s7,4.668344103630753,4.668344103630753,0.0
7eb58061_pipelined,256,best_hetero,nominal,heldout_gpqa_b16_l26_s7,6.316252733168105,6.316252733168105,0.0
7eb58061_pipelined,256,best_hetero,nominal,heldout_gpqa_b2_l26_s11,1.784911333333333,1.784911333333333,0.0
7eb58061_pipelined,256,best_hetero,nominal,heldout_gpqa_b4_l26_s11,3.4325157100564563,3.4325157100564563,0.0
7eb58061_pipelined,256,best_hetero,nominal,heldout_gpqa_b8_l26_s11,4.668344103630753,4.668344103630753,0.0
7eb58061_pipelined,256,best_hetero,nominal,heldout_gpqa_b16_l26_s11,6.865424258795916,6.865424258795916,0.0
7eb58061_pipelined,256,best_hetero,nominal,heldout_swe_b2_l2_s3,1.784911333333333,1.784911333333333,0.0
7eb58061_pipelined,256,best_hetero,nominal,heldout_swe_b4_l2_s3,2.0595666666666665,2.0595666666666665,0.0
7eb58061_pipelined,256,best_hetero,nominal,heldout_swe_b8_l2_s3,2.334348760921236,2.334348760921236,0.0
7eb58061_pipelined,256,best_hetero,nominal,heldout_swe_b16_l2_s3,2.7467353402484154,2.7467353402484154,0.0
7eb58061_pipelined,256,best_hetero,nominal,heldout_swe_b2_l2_s7,1.784911333333333,1.784911333333333,0.0
7eb58061_pipelined,256,best_hetero,nominal,heldout_swe_b4_l2_s7,2.334106367346939,2.334106367346939,0.0
7eb58061_pipelined,256,best_hetero,nominal,heldout_swe_b8_l2_s7,2.4717204790918172,2.4717204790918172,0.0
7eb58061_pipelined,256,best_hetero,nominal,heldout_swe_b16_l2_s7,3.1585624662421967,3.1585624662421967,0.0
7eb58061_pipelined,256,best_hetero,nominal,heldout_swe_b2_l2_s11,1.784911333333333,1.784911333333333,0.0
7eb58061_pipelined,256,best_hetero,nominal,heldout_swe_b4_l2_s11,2.8833117687074825,2.8833117687074825,0.0
7eb58061_pipelined,256,best_hetero,nominal,heldout_swe_b8_l2_s11,2.608937461601508,2.608937461601508,0.0
7eb58061_pipelined,256,best_hetero,nominal,heldout_swe_b16_l2_s11,3.845073987487399,3.845073987487399,0.0
7eb58061_pipelined,256,best_hetero,nominal,heldout_swe_b2_l13_s3,1.922195333333333,1.922195333333333,0.0
7eb58061_pipelined,256,best_hetero,nominal,heldout_swe_b4_l13_s3,2.608708085517519,2.608708085517519,0.0
7eb58061_pipelined,256,best_hetero,nominal,heldout_swe_b8_l13_s3,2.746321197262399,2.746321197262399,0.0
7eb58061_pipelined,256,best_hetero,nominal,heldout_swe_b16_l13_s3,2.8839410026633034,2.8839410026633034,0.0
7eb58061_pipelined,256,best_hetero,nominal,heldout_swe_b2_l13_s7,1.922195333333333,1.922195333333333,0.0
7eb58061_pipelined,256,best_hetero,nominal,heldout_swe_b4_l13_s7,2.8833117687074825,2.8833117687074825,0.0
7eb58061_pipelined,256,best_hetero,nominal,heldout_swe_b8_l13_s7,2.8835351622817798,2.8835351622817798,0.0
7eb58061_pipelined,256,best_hetero,nominal,heldout_swe_b16_l13_s7,3.0355905607226106,3.0355905607226106,0.0
7eb58061_pipelined,256,best_hetero,nominal,heldout_swe_b2_l13_s11,1.647627333333333,1.647627333333333,0.0
7eb58061_pipelined,256,best_hetero,nominal,heldout_swe_b4_l13_s11,3.0330047604166666,3.0330047604166666,0.0
7eb58061_pipelined,256,best_hetero,nominal,heldout_swe_b8_l13_s11,2.6089344616015073,2.6089344616015073,0.0
7eb58061_pipelined,256,best_hetero,nominal,heldout_swe_b16_l13_s11,3.8450555219672355,3.8450555219672355,0.0
7eb58061_pipelined,256,best_hetero,nominal,heldout_swe_b2_l26_s3,1.647627333333333,1.647627333333333,0.0
7eb58061_pipelined,256,best_hetero,nominal,heldout_swe_b4_l26_s3,2.6087080680272106,2.6087080680272106,0.0
7eb58061_pipelined,256,best_hetero,nominal,heldout_swe_b8_l26_s3,3.1581431329562664,3.1581431329562664,0.0
7eb58061_pipelined,256,best_hetero,nominal,heldout_swe_b16_l26_s3,3.845020985674263,3.845020985674263,0.0
7eb58061_pipelined,256,best_hetero,nominal,heldout_swe_b2_l26_s7,1.922195333333333,1.922195333333333,0.0
7eb58061_pipelined,256,best_hetero,nominal,heldout_swe_b4_l26_s7,2.4714880680272104,2.4714880680272104,0.0
7eb58061_pipelined,256,best_hetero,nominal,heldout_swe_b8_l26_s7,3.0339332459207458,3.0339332459207458,0.0
7eb58061_pipelined,256,best_hetero,nominal,heldout_swe_b16_l26_s7,3.158526055110942,3.158526055110942,0.0
7eb58061_pipelined,256,best_hetero,nominal,heldout_swe_b2_l26_s11,1.922195333333333,1.922195333333333,0.0
7eb58061_pipelined,256,best_hetero,nominal,heldout_swe_b4_l26_s11,3.4325157100564563,3.4325157100564563,0.0
7eb58061_pipelined,256,best_hetero,nominal,heldout_swe_b8_l26_s11,2.608952461601509,2.608952461601509,0.0
7eb58061_pipelined,256,best_hetero,nominal,heldout_swe_b16_l26_s11,4.119586181994753,4.119586181994753,0.0
7eb58061_pipelined,256,best_hetero,nominal,v3_captured_mixed_heldout_bfcl_t64_l2,8.790133636940487,8.790133636940487,0.0
7eb58061_pipelined,256,best_hetero,nominal,v3_captured_mixed_heldout_bfcl_t96_l2,9.340678458518866,9.340678458518866,0.0
7eb58061_pipelined,256,best_hetero,nominal,v3_captured_mixed_heldout_bfcl_t128_l2,9.754064069301698,9.754064069301698,0.0
7eb58061_pipelined,256,best_hetero,nominal,v3_captured_mixed_heldout_bfcl_t64_l13,8.240848590617459,8.240848590617459,0.0
7eb58061_pipelined,256,best_hetero,nominal,v3_captured_mixed_heldout_bfcl_t96_l13,9.47789247289889,9.47789247289889,0.0
7eb58061_pipelined,256,best_hetero,nominal,v3_captured_mixed_heldout_bfcl_t128_l13,9.891467844324,9.891467844324,0.0
7eb58061_pipelined,256,best_hetero,nominal,v3_captured_mixed_heldout_bfcl_t64_l26,8.522638422567015,8.522638422567015,0.0
7eb58061_pipelined,256,best_hetero,nominal,v3_captured_mixed_heldout_bfcl_t96_l26,9.615428680889412,9.615428680889412,0.0
7eb58061_pipelined,256,best_hetero,nominal,v3_captured_mixed_heldout_bfcl_t128_l26,9.891557821121516,9.891557821121516,0.0
7eb58061_pipelined,256,best_hetero,nominal,v3_captured_mixed_heldout_gpqa_t64_l2,8.92736112072652,8.92736112072652,0.0
7eb58061_pipelined,256,best_hetero,nominal,v3_captured_mixed_heldout_gpqa_t96_l2,9.47821400282861,9.47821400282861,0.0
7eb58061_pipelined,256,best_hetero,nominal,v3_captured_mixed_heldout_gpqa_t128_l2,9.76419777732372,9.76419777732372,0.0
7eb58061_pipelined,256,best_hetero,nominal,v3_captured_mixed_heldout_gpqa_t64_l13,7.966276467264387,7.966276467264387,0.0
7eb58061_pipelined,256,best_hetero,nominal,v3_captured_mixed_heldout_gpqa_t96_l13,8.654168256495268,8.654168256495268,0.0
7eb58061_pipelined,256,best_hetero,nominal,v3_captured_mixed_heldout_gpqa_t128_l13,9.286083917609263,9.286083917609263,0.0
7eb58061_pipelined,256,best_hetero,nominal,v3_captured_mixed_heldout_gpqa_t64_l26,8.927392881833807,8.927392881833807,0.0
7eb58061_pipelined,256,best_hetero,nominal,v3_captured_mixed_heldout_gpqa_t96_l26,9.340623126144123,9.340623126144123,0.0
7eb58061_pipelined,256,best_hetero,nominal,v3_captured_mixed_heldout_gpqa_t128_l26,9.70732886410285,9.70732886410285,0.0
7eb58061_pipelined,256,best_hetero,nominal,v3_captured_mixed_heldout_swe_t64_l2,8.927502465357561,8.927502465357561,0.0
7eb58061_pipelined,256,best_hetero,nominal,v3_captured_mixed_heldout_swe_t96_l2,9.340698427958076,9.340698427958076,0.0
7eb58061_pipelined,256,best_hetero,nominal,v3_captured_mixed_heldout_swe_t128_l2,9.91892144996358,9.91892144996358,0.0
7eb58061_pipelined,256,best_hetero,nominal,v3_captured_mixed_heldout_swe_t64_l13,7.828900911565657,7.828900911565657,0.0
7eb58061_pipelined,256,best_hetero,nominal,v3_captured_mixed_heldout_swe_t96_l13,8.928607915416825,8.928607915416825,0.0
7eb58061_pipelined,256,best_hetero,nominal,v3_captured_mixed_heldout_swe_t128_l13,9.616867760904277,9.616867760904277,0.0
7eb58061_pipelined,256,best_hetero,nominal,v3_captured_mixed_heldout_swe_t64_l26,8.378219934592826,8.378219934592826,0.0
7eb58061_pipelined,256,best_hetero,nominal,v3_captured_mixed_heldout_swe_t96_l26,8.79143254297417,8.79143254297417,0.0
7eb58061_pipelined,256,best_hetero,nominal,v3_captured_mixed_heldout_swe_t128_l26,9.54911707342441,9.54911707342441,0.0
7eb58061_pipelined,256,best_hetero,ours,heldout_bfcl_b2_l2_s3,1.922409092240434,1.922409092240434,0.0
7eb58061_pipelined,256,best_hetero,ours,heldout_bfcl_b4_l2_s3,2.7463735032900187,2.7463735032900187,0.0
7eb58061_pipelined,256,best_hetero,ours,heldout_bfcl_b8_l2_s3,3.707807884575041,3.707807884575041,0.0
7eb58061_pipelined,256,best_hetero,ours,heldout_bfcl_b16_l2_s3,4.943954889324406,4.943954889324406,0.0
7eb58061_pipelined,256,best_hetero,ours,heldout_bfcl_b2_l2_s7,1.922409092240434,1.922409092240434,0.0
7eb58061_pipelined,256,best_hetero,ours,heldout_bfcl_b4_l2_s7,3.0210003745149843,3.0210003745149843,0.0
7eb58061_pipelined,256,best_hetero,ours,heldout_bfcl_b8_l2_s7,4.119705891724384,4.119705891724384,0.0
7eb58061_pipelined,256,best_hetero,ours,heldout_bfcl_b16_l2_s7,6.179812345506651,6.179812345506651,0.0
7eb58061_pipelined,256,best_hetero,ours,heldout_bfcl_b2_l2_s11,1.3731657412174536,1.3731657412174536,0.0
7eb58061_pipelined,256,best_hetero,ours,heldout_bfcl_b4_l2_s11,3.0210003745149843,3.0210003745149843,0.0
7eb58061_pipelined,256,best_hetero,ours,heldout_bfcl_b8_l2_s11,4.257060890327405,4.257060890327405,0.0
7eb58061_pipelined,256,best_hetero,ours,heldout_bfcl_b16_l2_s11,7.003672664202774,7.003672664202774,0.0
7eb58061_pipelined,256,best_hetero,ours,heldout_bfcl_b2_l13_s3,1.647800879888495,1.647800879888495,0.0
7eb58061_pipelined,256,best_hetero,ours,heldout_bfcl_b4_l13_s3,3.2956270065126385,3.2956270065126385,0.0
7eb58061_pipelined,256,best_hetero,ours,heldout_bfcl_b8_l13_s3,3.982427411877712,3.982427411877712,0.0
7eb58061_pipelined,256,best_hetero,ours,heldout_bfcl_b16_l13_s3,5.493207389410194,5.493207389410194,0.0
7eb58061_pipelined,256,best_hetero,ours,heldout_bfcl_b2_l13_s7,1.9224297422036059,1.9224297422036059,0.0
7eb58061_pipelined,256,best_hetero,ours,heldout_bfcl_b4_l13_s7,3.0210193991755596,3.0210193991755596,0.0
7eb58061_pipelined,256,best_hetero,ours,heldout_bfcl_b8_l13_s7,4.394332344050161,4.394332344050161,0.0
7eb58061_pipelined,256,best_hetero,ours,heldout_bfcl_b16_l13_s7,5.4932074258282855,5.4932074258282855,0.0
7eb58061_pipelined,256,best_hetero,ours,heldout_bfcl_b2_l13_s11,1.2358931886442872,1.2358931886442872,0.0
7eb58061_pipelined,256,best_hetero,ours,heldout_bfcl_b4_l13_s11,2.8837215136974748,2.8837215136974748,0.0
7eb58061_pipelined,256,best_hetero,ours,heldout_bfcl_b8_l13_s11,3.7078079181393235,3.7078079181393235,0.0
7eb58061_pipelined,256,best_hetero,ours,heldout_bfcl_b16_l13_s11,6.454434700346059,6.454434700346059,0.0
7eb58061_pipelined,256,best_hetero,ours,heldout_bfcl_b2_l26_s3,1.7851488798884951,1.7851488798884951,0.0
7eb58061_pipelined,256,best_hetero,ours,heldout_bfcl_b4_l26_s3,3.2956270065126385,3.2956270065126385,0.0
7eb58061_pipelined,256,best_hetero,ours,heldout_bfcl_b8_l26_s3,4.257051903499065,4.257051903499065,0.0
7eb58061_pipelined,256,best_hetero,ours,heldout_bfcl_b16_l26_s3,6.317068836078047,6.317068836078047,0.0
7eb58061_pipelined,256,best_hetero,ours,heldout_bfcl_b2_l26_s7,1.647800879888495,1.647800879888495,0.0
7eb58061_pipelined,256,best_hetero,ours,heldout_bfcl_b4_l26_s7,3.2956270065126385,3.2956270065126385,0.0
7eb58061_pipelined,256,best_hetero,ours,heldout_bfcl_b8_l26_s7,4.668956793486728,4.668956793486728,0.0
7eb58061_pipelined,256,best_hetero,ours,heldout_bfcl_b16_l26_s7,5.767821866704201,5.767821866704201,0.0
7eb58061_pipelined,256,best_hetero,ours,heldout_bfcl_b2_l26_s11,1.3731692626354246,1.3731692626354246,0.0
7eb58061_pipelined,256,best_hetero,ours,heldout_bfcl_b4_l26_s11,3.0210003745149843,3.0210003745149843,0.0
7eb58061_pipelined,256,best_hetero,ours,heldout_bfcl_b8_l26_s11,4.53168037176906,4.53168037176906,0.0
7eb58061_pipelined,256,best_hetero,ours,heldout_bfcl_b16_l26_s11,6.591695203833298,6.591695203833298,0.0
7eb58061_pipelined,256,best_hetero,ours,heldout_gpqa_b2_l2_s3,1.7851488798884951,1.7851488798884951,0.0
7eb58061_pipelined,256,best_hetero,ours,heldout_gpqa_b4_l2_s3,2.471746503877416,2.471746503877416,0.0
7eb58061_pipelined,256,best_hetero,ours,heldout_gpqa_b8_l2_s3,3.1585610695464963,3.1585610695464963,0.0
7eb58061_pipelined,256,best_hetero,ours,heldout_gpqa_b16_l2_s3,4.119326065794127,4.119326065794127,0.0
7eb58061_pipelined,256,best_hetero,ours,heldout_gpqa_b2_l2_s7,1.922409092240434,1.922409092240434,0.0
7eb58061_pipelined,256,best_hetero,ours,heldout_gpqa_b4_l2_s7,3.2956457507517007,3.2956457507517007,0.0
7eb58061_pipelined,256,best_hetero,ours,heldout_gpqa_b8_l2_s7,4.668950754751082,4.668950754751082,0.0
7eb58061_pipelined,256,best_hetero,ours,heldout_gpqa_b16_l2_s7,6.454419742408839,6.454419742408839,0.0
7eb58061_pipelined,256,best_hetero,ours,heldout_gpqa_b2_l2_s11,1.5105172626354244,1.5105172626354244,0.0
7eb58061_pipelined,256,best_hetero,ours,heldout_gpqa_b4_l2_s11,3.158367399175559,3.158367399175559,0.0
7eb58061_pipelined,256,best_hetero,ours,heldout_gpqa_b8_l2_s11,5.218203698989198,5.218203698989198,0.0
7eb58061_pipelined,256,best_hetero,ours,heldout_gpqa_b16_l2_s11,6.866311687363591,6.866311687363591,0.0
7eb58061_pipelined,256,best_hetero,ours,heldout_gpqa_b2_l13_s3,1.7851488798884951,1.7851488798884951,0.0
7eb58061_pipelined,256,best_hetero,ours,heldout_gpqa_b4_l13_s3,2.609096505254181,2.609096505254181,0.0
7eb58061_pipelined,256,best_hetero,ours,heldout_gpqa_b8_l13_s3,3.8450793986321776,3.8450793986321776,0.0
7eb58061_pipelined,256,best_hetero,ours,heldout_gpqa_b16_l13_s3,4.39451529886496,4.39451529886496,0.0
7eb58061_pipelined,256,best_hetero,ours,heldout_gpqa_b2_l13_s7,1.7851488798884951,1.7851488798884951,0.0
7eb58061_pipelined,256,best_hetero,ours,heldout_gpqa_b4_l13_s7,3.1583483745149845,3.1583483745149845,0.0
7eb58061_pipelined,256,best_hetero,ours,heldout_gpqa_b8_l13_s7,4.8062987954277,4.8062987954277,0.0
7eb58061_pipelined,256,best_hetero,ours,heldout_gpqa_b16_l13_s7,6.042448366940234,6.042448366940234,0.0
7eb58061_pipelined,256,best_hetero,ours,heldout_gpqa_b2_l13_s11,1.2358884277777777,1.2358884277777777,0.0
7eb58061_pipelined,256,best_hetero,ours,heldout_gpqa_b4_l13_s11,3.2956270065126385,3.2956270065126385,0.0
7eb58061_pipelined,256,best_hetero,ours,heldout_gpqa_b8_l13_s11,4.1197038541231334,4.1197038541231334,0.0
7eb58061_pipelined,256,best_hetero,ours,heldout_gpqa_b16_l13_s11,6.179796392504665,6.179796392504665,0.0
7eb58061_pipelined,256,best_hetero,ours,heldout_gpqa_b2_l26_s3,1.9224297422036059,1.9224297422036059,0.0
7eb58061_pipelined,256,best_hetero,ours,heldout_gpqa_b4_l26_s3,2.334467812197299,2.334467812197299,0.0
7eb58061_pipelined,256,best_hetero,ours,heldout_gpqa_b8_l26_s3,3.4331744310697108,3.4331744310697108,0.0
7eb58061_pipelined,256,best_hetero,ours,heldout_gpqa_b16_l26_s3,4.806279783327826,4.806279783327826,0.0
7eb58061_pipelined,256,best_hetero,ours,heldout_gpqa_b2_l26_s7,1.9224297422036059,1.9224297422036059,0.0
7eb58061_pipelined,256,best_hetero,ours,heldout_gpqa_b4_l26_s7,3.1583483745149845,3.1583483745149845,0.0
7eb58061_pipelined,256,best_hetero,ours,heldout_gpqa_b8_l26_s7,4.668950757361344,4.668950757361344,0.0
7eb58061_pipelined,256,best_hetero,ours,heldout_gpqa_b16_l26_s7,6.317090739982366,6.317090739982366,0.0
7eb58061_pipelined,256,best_hetero,ours,heldout_gpqa_b2_l26_s11,1.7851488798884951,1.7851488798884951,0.0
7eb58061_pipelined,256,best_hetero,ours,heldout_gpqa_b4_l26_s11,3.4329937507517005,3.4329937507517005,0.0
7eb58061_pipelined,256,best_hetero,ours,heldout_gpqa_b8_l26_s11,4.668950795742934,4.668950795742934,0.0
7eb58061_pipelined,256,best_hetero,ours,heldout_gpqa_b16_l26_s11,6.86632174791639,6.86632174791639,0.0
7eb58061_pipelined,256,best_hetero,ours,heldout_swe_b2_l2_s3,1.7851488798884951,1.7851488798884951,0.0
7eb58061_pipelined,256,best_hetero,ours,heldout_swe_b4_l2_s3,2.0598444053540286,2.0598444053540286,0.0
7eb58061_pipelined,256,best_hetero,ours,heldout_swe_b8_l2_s3,2.3346983543445883,2.3346983543445883,0.0
7eb58061_pipelined,256,best_hetero,ours,heldout_swe_b16_l2_s3,2.7466498106308057,2.7466498106308057,0.0
7eb58061_pipelined,256,best_hetero,ours,heldout_swe_b2_l2_s7,1.7851488798884951,1.7851488798884951,0.0
7eb58061_pipelined,256,best_hetero,ours,heldout_swe_b4_l2_s7,2.3344916955155797,2.3344916955155797,0.0
7eb58061_pipelined,256,best_hetero,ours,heldout_swe_b8_l2_s7,2.4719641186397863,2.4719641186397863,0.0
7eb58061_pipelined,256,best_hetero,ours,heldout_swe_b16_l2_s7,3.0215737356939254,3.0215737356939254,0.0
7eb58061_pipelined,256,best_hetero,ours,heldout_swe_b2_l2_s11,1.7851488798884951,1.7851488798884951,0.0
7eb58061_pipelined,256,best_hetero,ours,heldout_swe_b4_l2_s11,2.8837412992309783,2.8837412992309783,0.0
7eb58061_pipelined,256,best_hetero,ours,heldout_swe_b8_l2_s11,2.609309179237296,2.609309179237296,0.0
7eb58061_pipelined,256,best_hetero,ours,heldout_swe_b16_l2_s11,3.9823985266843325,3.9823985266843325,0.0
7eb58061_pipelined,256,best_hetero,ours,heldout_swe_b2_l13_s3,1.922409092240434,1.922409092240434,0.0
7eb58061_pipelined,256,best_hetero,ours,heldout_swe_b4_l13_s3,2.6091155004989464,2.6091155004989464,0.0
7eb58061_pipelined,256,best_hetero,ours,heldout_swe_b8_l13_s3,2.746586952144991,2.746586952144991,0.0
7eb58061_pipelined,256,best_hetero,ours,heldout_swe_b16_l13_s3,2.8843030180849754,2.8843030180849754,0.0
7eb58061_pipelined,256,best_hetero,ours,heldout_swe_b2_l13_s7,1.9224297422036059,1.9224297422036059,0.0
7eb58061_pipelined,256,best_hetero,ours,heldout_swe_b4_l13_s7,2.8837412992309783,2.8837412992309783,0.0
7eb58061_pipelined,256,best_hetero,ours,heldout_swe_b8_l13_s7,2.8839289642761274,2.8839289642761274,0.0
7eb58061_pipelined,256,best_hetero,ours,heldout_swe_b16_l13_s7,3.1585062226398155,3.1585062226398155,0.0
7eb58061_pipelined,256,best_hetero,ours,heldout_swe_b2_l13_s11,1.6477860953943921,1.6477860953943921,0.0
7eb58061_pipelined,256,best_hetero,ours,heldout_swe_b4_l13_s11,3.0210193991755596,3.0210193991755596,0.0
7eb58061_pipelined,256,best_hetero,ours,heldout_swe_b8_l13_s11,2.6093061981351857,2.6093061981351857,0.0
7eb58061_pipelined,256,best_hetero,ours,heldout_swe_b16_l13_s11,3.845437648776941,3.845437648776941,0.0
7eb58061_pipelined,256,best_hetero,ours,heldout_swe_b2_l26_s3,1.6477860953943921,1.6477860953943921,0.0
7eb58061_pipelined,256,best_hetero,ours,heldout_swe_b4_l26_s3,2.6091154888010633,2.6091154888010633,0.0
7eb58061_pipelined,256,best_hetero,ours,heldout_swe_b8_l26_s3,3.1585610813146596,3.1585610813146596,0.0
7eb58061_pipelined,256,best_hetero,ours,heldout_swe_b16_l26_s3,3.8454295050820635,3.8454295050820635,0.0
7eb58061_pipelined,256,best_hetero,ours,heldout_swe_b2_l26_s7,1.922409092240434,1.922409092240434,0.0
7eb58061_pipelined,256,best_hetero,ours,heldout_swe_b4_l26_s7,2.4717674888010635,2.4717674888010635,0.0
7eb58061_pipelined,256,best_hetero,ours,heldout_swe_b8_l26_s7,3.0212100306591427,3.0212100306591427,0.0
7eb58061_pipelined,256,best_hetero,ours,heldout_swe_b16_l26_s7,3.1589367006334355,3.1589367006334355,0.0
7eb58061_pipelined,256,best_hetero,ours,heldout_swe_b2_l26_s11,1.9224297422036059,1.9224297422036059,0.0
7eb58061_pipelined,256,best_hetero,ours,heldout_swe_b4_l26_s11,3.4329937507517,3.4329937507517,0.0
7eb58061_pipelined,256,best_hetero,ours,heldout_swe_b8_l26_s11,2.6093241406646195,2.6093241406646195,0.0
7eb58061_pipelined,256,best_hetero,ours,heldout_swe_b16_l26_s11,4.119847669269848,4.119847669269848,0.0
7eb58061_pipelined,256,best_hetero,ours,v3_captured_mixed_heldout_bfcl_t64_l2,8.65220162014163,8.65220162014163,0.0
7eb58061_pipelined,256,best_hetero,ours,v3_captured_mixed_heldout_bfcl_t96_l2,9.752079204326193,9.752079204326193,0.0
7eb58061_pipelined,256,best_hetero,ours,v3_captured_mixed_heldout_bfcl_t128_l2,10.028272689403545,10.028272689403545,0.0
7eb58061_pipelined,256,best_hetero,ours,v3_captured_mixed_heldout_bfcl_t64_l13,8.240245860448356,8.240245860448356,0.0
7eb58061_pipelined,256,best_hetero,ours,v3_captured_mixed_heldout_bfcl_t96_l13,9.889292297518283,9.889292297518283,0.0
7eb58061_pipelined,256,best_hetero,ours,v3_captured_mixed_heldout_bfcl_t128_l13,10.440103000224587,10.440103000224587,0.0
7eb58061_pipelined,256,best_hetero,ours,v3_captured_mixed_heldout_bfcl_t64_l26,8.514840933272948,8.514840933272948,0.0
7eb58061_pipelined,256,best_hetero,ours,v3_captured_mixed_heldout_bfcl_t96_l26,9.340064854841298,9.340064854841298,0.0
7eb58061_pipelined,256,best_hetero,ours,v3_captured_mixed_heldout_bfcl_t128_l26,10.302859210070913,10.302859210070913,0.0
7eb58061_pipelined,256,best_hetero,ours,v3_captured_mixed_heldout_gpqa_t64_l2,8.926786933272947,8.926786933272947,0.0
7eb58061_pipelined,256,best_hetero,ours,v3_captured_mixed_heldout_gpqa_t96_l2,9.34016273915788,9.34016273915788,0.0
7eb58061_pipelined,256,best_hetero,ours,v3_captured_mixed_heldout_gpqa_t128_l2,10.166354994320475,10.166354994320475,0.0
7eb58061_pipelined,256,best_hetero,ours,v3_captured_mixed_heldout_gpqa_t64_l13,7.965739660545675,7.965739660545675,0.0
7eb58061_pipelined,256,best_hetero,ours,v3_captured_mixed_heldout_gpqa_t96_l13,8.790925471900303,8.790925471900303,0.0
7eb58061_pipelined,256,best_hetero,ours,v3_captured_mixed_heldout_gpqa_t128_l13,9.891242681925334,9.891242681925334,0.0
7eb58061_pipelined,256,best_hetero,ours,v3_captured_mixed_heldout_gpqa_t64_l26,8.926803882767897,8.926803882767897,0.0
7eb58061_pipelined,256,best_hetero,ours,v3_captured_mixed_heldout_gpqa_t96_l26,10.02668978069458,10.02668978069458,0.0
7eb58061_pipelined,256,best_hetero,ours,v3_captured_mixed_heldout_gpqa_t128_l26,10.166008951206443,10.166008951206443,0.0
7eb58061_pipelined,256,best_hetero,ours,v3_captured_mixed_heldout_swe_t64_l2,8.789428448424461,8.789428448424461,0.0
7eb58061_pipelined,256,best_hetero,ours,v3_captured_mixed_heldout_swe_t96_l2,9.202826779561923,9.202826779561923,0.0
7eb58061_pipelined,256,best_hetero,ours,v3_captured_mixed_heldout_swe_t128_l2,10.166435907372838,10.166435907372838,0.0
7eb58061_pipelined,256,best_hetero,ours,v3_captured_mixed_heldout_swe_t64_l13,7.553912706602505,7.553912706602505,0.0
7eb58061_pipelined,256,best_hetero,ours,v3_captured_mixed_heldout_swe_t96_l13,9.205875040350834,9.205875040350834,0.0
7eb58061_pipelined,256,best_hetero,ours,v3_captured_mixed_heldout_swe_t128_l13,9.616402560518557,9.616402560518557,0.0
7eb58061_pipelined,256,best_hetero,ours,v3_captured_mixed_heldout_swe_t64_l26,8.514893722250704,8.514893722250704,0.0
7eb58061_pipelined,256,best_hetero,ours,v3_captured_mixed_heldout_swe_t96_l26,9.477536690975217,9.477536690975217,0.0
7eb58061_pipelined,256,best_hetero,ours,v3_captured_mixed_heldout_swe_t128_l26,9.892467977526508,9.892467977526508,0.0
7eb58061_port_tight,256,B1,nominal,heldout_bfcl_b2_l2_s3,5.394301120438959,5.394301120438959,0.0
7eb58061_port_tight,256,B1,nominal,heldout_bfcl_b4_l2_s3,7.70621559426916,7.70621559426916,0.0
7eb58061_port_tight,256,B1,nominal,heldout_bfcl_b8_l2_s3,10.403721517695468,10.403721517695468,0.0
7eb58061_port_tight,256,B1,nominal,heldout_bfcl_b16_l2_s3,13.871810211522634,13.871810211522634,0.0
7eb58061_port_tight,256,B1,nominal,heldout_bfcl_b2_l2_s7,5.394301120438959,5.394301120438959,0.0
7eb58061_port_tight,256,B1,nominal,heldout_bfcl_b4_l2_s7,8.476734012267771,8.476734012267771,0.0
7eb58061_port_tight,256,B1,nominal,heldout_bfcl_b8_l2_s7,11.559577260935825,11.559577260935825,0.0
7eb58061_port_tight,256,B1,nominal,heldout_bfcl_b16_l2_s7,17.339539608139003,17.339539608139003,0.0
7eb58061_port_tight,256,B1,nominal,heldout_bfcl_b2_l2_s11,3.853117654320989,3.853117654320989,0.0
7eb58061_port_tight,256,B1,nominal,heldout_bfcl_b4_l2_s11,8.476734012267771,8.476734012267771,0.0
7eb58061_port_tight,256,B1,nominal,heldout_bfcl_b8_l2_s11,11.94471563239343,11.94471563239343,0.0
7eb58061_port_tight,256,B1,nominal,heldout_bfcl_b16_l2_s11,19.651662672885234,19.651662672885234,0.0
7eb58061_port_tight,256,B1,nominal,heldout_bfcl_b2_l13_s3,4.623710813991771,4.623710813991771,0.0
7eb58061_port_tight,256,B1,nominal,heldout_bfcl_b4_l13_s3,9.247319612267772,9.247319612267772,0.0
7eb58061_port_tight,256,B1,nominal,heldout_bfcl_b8_l13_s3,11.174228369181524,11.174228369181524,0.0
7eb58061_port_tight,256,B1,nominal,heldout_bfcl_b16_l13_s3,15.41287731900625,15.41287731900625,0.0
7eb58061_port_tight,256,B1,nominal,heldout_bfcl_b2_l13_s7,5.394301120438959,5.394301120438959,0.0
7eb58061_port_tight,256,B1,nominal,heldout_bfcl_b4_l13_s7,8.476734012267771,8.476734012267771,0.0
7eb58061_port_tight,256,B1,nominal,heldout_bfcl_b8_l13_s7,12.330260446364878,12.330260446364878,0.0
7eb58061_port_tight,256,B1,nominal,heldout_bfcl_b16_l13_s7,15.41280733270673,15.41280733270673,0.0
7eb58061_port_tight,256,B1,nominal,heldout_bfcl_b2_l13_s11,3.4678130148148165,3.4678130148148165,0.0
7eb58061_port_tight,256,B1,nominal,heldout_bfcl_b4_l13_s11,8.09144108506833,8.09144108506833,0.0
7eb58061_port_tight,256,B1,nominal,heldout_bfcl_b8_l13_s11,10.403658224142658,10.403658224142658,0.0
7eb58061_port_tight,256,B1,nominal,heldout_bfcl_b16_l13_s11,18.11017935420415,18.11017935420415,0.0
7eb58061_port_tight,256,B1,nominal,heldout_bfcl_b2_l26_s3,5.009003613991771,5.009003613991771,0.0
7eb58061_port_tight,256,B1,nominal,heldout_bfcl_b4_l26_s3,9.247319612267772,9.247319612267772,0.0
7eb58061_port_tight,256,B1,nominal,heldout_bfcl_b8_l26_s3,11.944968228440784,11.944968228440784,0.0
7eb58061_port_tight,256,B1,nominal,heldout_bfcl_b16_l26_s3,17.725069676543217,17.725069676543217,0.0
7eb58061_port_tight,256,B1,nominal,heldout_bfcl_b2_l26_s7,4.623710813991771,4.623710813991771,0.0
7eb58061_port_tight,256,B1,nominal,heldout_bfcl_b4_l26_s7,9.247319612267772,9.247319612267772,0.0
7eb58061_port_tight,256,B1,nominal,heldout_bfcl_b8_l26_s7,13.100851109465024,13.100851109465024,0.0
7eb58061_port_tight,256,B1,nominal,heldout_bfcl_b16_l26_s7,16.183870305380275,16.183870305380275,0.0
7eb58061_port_tight,256,B1,nominal,heldout_bfcl_b2_l26_s11,3.853117654320989,3.853117654320989,0.0
7eb58061_port_tight,256,B1,nominal,heldout_bfcl_b4_l26_s11,8.476734012267771,8.476734012267771,0.0
7eb58061_port_tight,256,B1,nominal,heldout_bfcl_b8_l26_s11,12.715301232393433,12.715301232393433,0.0
7eb58061_port_tight,256,B1,nominal,heldout_bfcl_b16_l26_s11,18.495831196982163,18.495831196982163,0.0
7eb58061_port_tight,256,B1,nominal,heldout_gpqa_b2_l2_s3,5.009003613991771,5.009003613991771,0.0
7eb58061_port_tight,256,B1,nominal,heldout_gpqa_b4_l2_s3,6.935850103703705,6.935850103703705,0.0
7eb58061_port_tight,256,B1,nominal,heldout_gpqa_b8_l2_s3,8.862333346959296,8.862333346959296,0.0
7eb58061_port_tight,256,B1,nominal,heldout_gpqa_b16_l2_s3,10.789178240877915,10.789178240877915,0.0
7eb58061_port_tight,256,B1,nominal,heldout_gpqa_b2_l2_s7,5.394301120438959,5.394301120438959,0.0
7eb58061_port_tight,256,B1,nominal,heldout_gpqa_b4_l2_s7,9.247319612267772,9.247319612267772,0.0
7eb58061_port_tight,256,B1,nominal,heldout_gpqa_b8_l2_s7,13.100962372839506,13.100962372839506,0.0
7eb58061_port_tight,256,B1,nominal,heldout_gpqa_b16_l2_s7,18.11041596213991,18.11041596213991,0.0
7eb58061_port_tight,256,B1,nominal,heldout_gpqa_b2_l2_s11,4.238410454320989,4.238410454320989,0.0
7eb58061_port_tight,256,B1,nominal,heldout_gpqa_b4_l2_s11,8.862026812267771,8.862026812267771,0.0
7eb58061_port_tight,256,B1,nominal,heldout_gpqa_b8_l2_s11,14.641884182638147,14.641884182638147,0.0
7eb58061_port_tight,256,B1,nominal,heldout_gpqa_b16_l2_s11,19.266512806584362,19.266512806584362,0.0
7eb58061_port_tight,256,B1,nominal,heldout_gpqa_b2_l13_s3,5.009003613991771,5.009003613991771,0.0
7eb58061_port_tight,256,B1,nominal,heldout_gpqa_b4_l13_s3,7.320963591403751,7.320963591403751,0.0
7eb58061_port_tight,256,B1,nominal,heldout_gpqa_b8_l13_s3,10.789018013625975,10.789018013625975,0.0
7eb58061_port_tight,256,B1,nominal,heldout_gpqa_b16_l13_s3,12.330711686419754,12.330711686419754,0.0
7eb58061_port_tight,256,B1,nominal,heldout_gpqa_b2_l13_s7,5.009003613991771,5.009003613991771,0.0
7eb58061_port_tight,256,B1,nominal,heldout_gpqa_b4_l13_s7,8.862026812267771,8.862026812267771,0.0
7eb58061_port_tight,256,B1,nominal,heldout_gpqa_b8_l13_s7,13.486151267946957,13.486151267946957,0.0
7eb58061_port_tight,256,B1,nominal,heldout_gpqa_b16_l13_s7,16.954338504526753,16.954338504526753,0.0
7eb58061_port_tight,256,B1,nominal,heldout_gpqa_b2_l13_s11,3.4678130148148165,3.4678130148148165,0.0
7eb58061_port_tight,256,B1,nominal,heldout_gpqa_b4_l13_s11,9.247319612267772,9.247319612267772,0.0
7eb58061_port_tight,256,B1,nominal,heldout_gpqa_b8_l13_s11,11.559577260935832,11.559577260935832,0.0
7eb58061_port_tight,256,B1,nominal,heldout_gpqa_b16_l13_s11,17.33964280414571,17.33964280414571,0.0
7eb58061_port_tight,256,B1,nominal,heldout_gpqa_b2_l26_s3,5.394301120438959,5.394301120438959,0.0
7eb58061_port_tight,256,B1,nominal,heldout_gpqa_b4_l26_s3,6.550514970370369,6.550514970370369,0.0
7eb58061_port_tight,256,B1,nominal,heldout_gpqa_b8_l26_s3,9.633200102880664,9.633200102880664,0.0
7eb58061_port_tight,256,B1,nominal,heldout_gpqa_b16_l26_s3,13.101007381374789,13.101007381374789,0.0
7eb58061_port_tight,256,B1,nominal,heldout_gpqa_b2_l26_s7,5.394301120438959,5.394301120438959,0.0
7eb58061_port_tight,256,B1,nominal,heldout_gpqa_b4_l26_s7,8.862026812267771,8.862026812267771,0.0
7eb58061_port_tight,256,B1,nominal,heldout_gpqa_b8_l26_s7,13.100979562139921,13.100979562139921,0.0
7eb58061_port_tight,256,B1,nominal,heldout_gpqa_b16_l26_s7,17.724521799373395,17.724521799373395,0.0
7eb58061_port_tight,256,B1,nominal,heldout_gpqa_b2_l26_s11,5.009003613991771,5.009003613991771,0.0
7eb58061_port_tight,256,B1,nominal,heldout_gpqa_b4_l26_s11,9.632612412267772,9.632612412267772,0.0
7eb58061_port_tight,256,B1,nominal,heldout_gpqa_b8_l26_s11,13.100965996982165,13.100965996982165,0.0
7eb58061_port_tight,256,B1,nominal,heldout_gpqa_b16_l26_s11,19.266069329522946,19.266069329522946,0.0
7eb58061_port_tight,256,B1,nominal,heldout_swe_b2_l2_s3,5.009003613991771,5.009003613991771,0.0
7eb58061_port_tight,256,B1,nominal,heldout_swe_b4_l2_s3,5.7798613703703685,5.7798613703703685,0.0
7eb58061_port_tight,256,B1,nominal,heldout_swe_b8_l2_s3,6.550685637037037,6.550685637037037,0.0
7eb58061_port_tight,256,B1,nominal,heldout_swe_b16_l2_s3,7.707055814814818,7.707055814814818,0.0
7eb58061_port_tight,256,B1,nominal,heldout_swe_b2_l2_s7,5.009003613991771,5.009003613991771,0.0
7eb58061_port_tight,256,B1,nominal,heldout_swe_b4_l2_s7,6.550390809876539,6.550390809876539,0.0
7eb58061_port_tight,256,B1,nominal,heldout_swe_b8_l2_s7,6.936084955555557,6.936084955555557,0.0
7eb58061_port_tight,256,B1,nominal,heldout_swe_b16_l2_s7,8.477657069135804,8.477657069135804,0.0
7eb58061_port_tight,256,B1,nominal,heldout_swe_b2_l2_s11,5.009003613991771,5.009003613991771,0.0
7eb58061_port_tight,256,B1,nominal,heldout_swe_b4_l2_s11,8.091574275994507,8.091574275994507,0.0
7eb58061_port_tight,256,B1,nominal,heldout_swe_b8_l2_s11,7.321131453772285,7.321131453772285,0.0
7eb58061_port_tight,256,B1,nominal,heldout_swe_b16_l2_s11,10.789434350617281,10.789434350617281,0.0
7eb58061_port_tight,256,B1,nominal,heldout_swe_b2_l13_s3,5.394301120438959,5.394301120438959,0.0
7eb58061_port_tight,256,B1,nominal,heldout_swe_b4_l13_s3,7.321086743209873,7.321086743209873,0.0
7eb58061_port_tight,256,B1,nominal,heldout_swe_b8_l13_s3,7.706792111111114,7.706792111111114,0.0
7eb58061_port_tight,256,B1,nominal,heldout_swe_b16_l13_s3,8.092444503703705,8.092444503703705,0.0
7eb58061_port_tight,256,B1,nominal,heldout_swe_b2_l13_s7,5.394301120438959,5.394301120438959,0.0
7eb58061_port_tight,256,B1,nominal,heldout_swe_b4_l13_s7,8.09144108506833,8.09144108506833,0.0
7eb58061_port_tight,256,B1,nominal,heldout_swe_b8_l13_s7,8.092084911111112,8.092084911111112,0.0
7eb58061_port_tight,256,B1,nominal,heldout_swe_b16_l13_s7,8.477651044444444,8.477651044444444,0.0
7eb58061_port_tight,256,B1,nominal,heldout_swe_b2_l13_s11,4.623710813991771,4.623710813991771,0.0
7eb58061_port_tight,256,B1,nominal,heldout_swe_b4_l13_s11,8.476734012267771,8.476734012267771,0.0
7eb58061_port_tight,256,B1,nominal,heldout_swe_b8_l13_s11,7.321093460935833,7.321093460935833,0.0
7eb58061_port_tight,256,B1,nominal,heldout_swe_b16_l13_s11,10.789410098216736,10.789410098216736,0.0
7eb58061_port_tight,256,B1,nominal,heldout_swe_b2_l26_s3,4.623710813991771,4.623710813991771,0.0
7eb58061_port_tight,256,B1,nominal,heldout_swe_b4_l26_s3,7.320854794269165,7.320854794269165,0.0
7eb58061_port_tight,256,B1,nominal,heldout_swe_b8_l26_s3,8.862197478934439,8.862197478934439,0.0
7eb58061_port_tight,256,B1,nominal,heldout_swe_b16_l26_s3,10.78951350288066,10.78951350288066,0.0
7eb58061_port_tight,256,B1,nominal,heldout_swe_b2_l26_s7,5.394301120438959,5.394301120438959,0.0
7eb58061_port_tight,256,B1,nominal,heldout_swe_b4_l26_s7,6.9355619942691655,6.9355619942691655,0.0
7eb58061_port_tight,256,B1,nominal,heldout_swe_b8_l26_s7,8.47731192098765,8.47731192098765,0.0
7eb58061_port_tight,256,B1,nominal,heldout_swe_b16_l26_s7,8.862845502880651,8.862845502880651,0.0
7eb58061_port_tight,256,B1,nominal,heldout_swe_b2_l26_s11,5.394301120438959,5.394301120438959,0.0
7eb58061_port_tight,256,B1,nominal,heldout_swe_b4_l26_s11,9.632612412267772,9.632612412267772,0.0
7eb58061_port_tight,256,B1,nominal,heldout_swe_b8_l26_s11,7.321025460935832,7.321025460935832,0.0
7eb58061_port_tight,256,B1,nominal,heldout_swe_b16_l26_s11,11.560044024691358,11.560044024691358,0.0
7eb58061_port_tight,256,B1,nominal,v3_captured_mixed_heldout_bfcl_t64_l2,24.277450981364638,24.277450981364638,0.0
7eb58061_port_tight,256,B1,nominal,v3_captured_mixed_heldout_bfcl_t96_l2,25.43445278521568,25.43445278521568,0.0
7eb58061_port_tight,256,B1,nominal,v3_captured_mixed_heldout_bfcl_t128_l2,26.206222147447086,26.206222147447086,0.0
7eb58061_port_tight,256,B1,nominal,v3_captured_mixed_heldout_bfcl_t64_l13,22.35041576151335,22.35041576151335,0.0
7eb58061_port_tight,256,B1,nominal,v3_captured_mixed_heldout_bfcl_t96_l13,25.048840280580517,25.048840280580517,0.0
7eb58061_port_tight,256,B1,nominal,v3_captured_mixed_heldout_bfcl_t128_l13,25.4355226399973,25.4355226399973,0.0
7eb58061_port_tight,256,B1,nominal,v3_captured_mixed_heldout_bfcl_t64_l26,23.8917503999289,23.8917503999289,0.0
7eb58061_port_tight,256,B1,nominal,v3_captured_mixed_heldout_bfcl_t96_l26,25.819516432020876,25.819516432020876,0.0
7eb58061_port_tight,256,B1,nominal,v3_captured_mixed_heldout_bfcl_t128_l26,26.20600402700472,26.20600402700472,0.0
7eb58061_port_tight,256,B1,nominal,v3_captured_mixed_heldout_gpqa_t64_l2,25.04772139626415,25.04772139626415,0.0
7eb58061_port_tight,256,B1,nominal,v3_captured_mixed_heldout_gpqa_t96_l2,26.20452850774104,26.20452850774104,0.0
7eb58061_port_tight,256,B1,nominal,v3_captured_mixed_heldout_gpqa_t128_l2,26.205859684441776,26.205859684441776,0.0
7eb58061_port_tight,256,B1,nominal,v3_captured_mixed_heldout_gpqa_t64_l13,22.350564651773958,22.350564651773958,0.0
7eb58061_port_tight,256,B1,nominal,v3_captured_mixed_heldout_gpqa_t96_l13,24.27808539419126,24.27808539419126,0.0
7eb58061_port_tight,256,B1,nominal,v3_captured_mixed_heldout_gpqa_t128_l13,24.66450720653694,24.66450720653694,0.0
7eb58061_port_tight,256,B1,nominal,v3_captured_mixed_heldout_gpqa_t64_l26,25.047469641348744,25.047469641348744,0.0
7eb58061_port_tight,256,B1,nominal,v3_captured_mixed_heldout_gpqa_t96_l26,26.204313891202226,26.204313891202226,0.0
7eb58061_port_tight,256,B1,nominal,v3_captured_mixed_heldout_gpqa_t128_l26,26.20585968444177,26.20585968444177,0.0
7eb58061_port_tight,256,B1,nominal,v3_captured_mixed_heldout_swe_t64_l2,24.662629791966047,24.662629791966047,0.0
7eb58061_port_tight,256,B1,nominal,v3_captured_mixed_heldout_swe_t96_l2,25.819594628180024,25.819594628180024,0.0
7eb58061_port_tight,256,B1,nominal,v3_captured_mixed_heldout_swe_t128_l2,26.20612861275555,26.20612861275555,0.0
7eb58061_port_tight,256,B1,nominal,v3_captured_mixed_heldout_swe_t64_l13,20.80942064107436,20.80942064107436,0.0
7eb58061_port_tight,256,B1,nominal,v3_captured_mixed_heldout_swe_t96_l13,23.89303956682419,23.89303956682419,0.0
7eb58061_port_tight,256,B1,nominal,v3_captured_mixed_heldout_swe_t128_l13,25.435425534627193,25.435425534627193,0.0
7eb58061_port_tight,256,B1,nominal,v3_captured_mixed_heldout_swe_t64_l26,23.50607729120226,23.50607729120226,0.0
7eb58061_port_tight,256,B1,nominal,v3_captured_mixed_heldout_swe_t96_l26,24.66314269120227,24.66314269120227,0.0
7eb58061_port_tight,256,B1,nominal,v3_captured_mixed_heldout_swe_t128_l26,26.205493478934436,26.205493478934436,0.0
7eb58061_port_tight,256,B1,ours,heldout_bfcl_b2_l2_s3,5.394188533333334,5.394188533333334,0.0
7eb58061_port_tight,256,B1,ours,heldout_bfcl_b4_l2_s3,7.7060986666666675,7.7060986666666675,0.0
7eb58061_port_tight,256,B1,ours,heldout_bfcl_b8_l2_s3,10.403454933333338,10.403454933333338,0.0
7eb58061_port_tight,256,B1,ours,heldout_bfcl_b16_l2_s3,13.871431466666673,13.871431466666673,0.0
7eb58061_port_tight,256,B1,ours,heldout_bfcl_b2_l2_s7,5.394188533333334,5.394188533333334,0.0
7eb58061_port_tight,256,B1,ours,heldout_bfcl_b4_l2_s7,8.476616266666666,8.476616266666666,0.0
7eb58061_port_tight,256,B1,ours,heldout_bfcl_b8_l2_s7,11.559333333333337,11.559333333333337,0.0
7eb58061_port_tight,256,B1,ours,heldout_bfcl_b16_l2_s7,17.339134666666677,17.339134666666677,0.0
7eb58061_port_tight,256,B1,ours,heldout_bfcl_b2_l2_s11,3.8530173333333324,3.8530173333333324,0.0
7eb58061_port_tight,256,B1,ours,heldout_bfcl_b4_l2_s11,8.476616266666666,8.476616266666666,0.0
7eb58061_port_tight,256,B1,ours,heldout_bfcl_b8_l2_s11,11.944490133333336,11.944490133333336,0.0
7eb58061_port_tight,256,B1,ours,heldout_bfcl_b16_l2_s11,19.65116346666667,19.65116346666667,0.0
7eb58061_port_tight,256,B1,ours,heldout_bfcl_b2_l13_s3,4.623602933333332,4.623602933333332,0.0
7eb58061_port_tight,256,B1,ours,heldout_bfcl_b4_l13_s3,9.247201866666668,9.247201866666668,0.0
7eb58061_port_tight,256,B1,ours,heldout_bfcl_b8_l13_s3,11.173972533333336,11.173972533333336,0.0
7eb58061_port_tight,256,B1,ours,heldout_bfcl_b16_l13_s3,15.412602666666674,15.412602666666674,0.0
7eb58061_port_tight,256,B1,ours,heldout_bfcl_b2_l13_s7,5.394188533333334,5.394188533333334,0.0
7eb58061_port_tight,256,B1,ours,heldout_bfcl_b4_l13_s7,8.476616266666666,8.476616266666666,0.0
7eb58061_port_tight,256,B1,ours,heldout_bfcl_b8_l13_s7,12.329918933333337,12.329918933333337,0.0
7eb58061_port_tight,256,B1,ours,heldout_bfcl_b16_l13_s7,15.412534666666676,15.412534666666676,0.0
7eb58061_port_tight,256,B1,ours,heldout_bfcl_b2_l13_s11,3.4677245333333326,3.4677245333333326,0.0
7eb58061_port_tight,256,B1,ours,heldout_bfcl_b4_l13_s11,8.091323466666667,8.091323466666667,0.0
7eb58061_port_tight,256,B1,ours,heldout_bfcl_b8_l13_s11,10.403386933333337,10.403386933333337,0.0
7eb58061_port_tight,256,B1,ours,heldout_bfcl_b16_l13_s11,18.109788266666673,18.109788266666673,0.0
7eb58061_port_tight,256,B1,ours,heldout_bfcl_b2_l26_s3,5.0088957333333335,5.0088957333333335,0.0
7eb58061_port_tight,256,B1,ours,heldout_bfcl_b4_l26_s3,9.247201866666668,9.247201866666668,0.0
7eb58061_port_tight,256,B1,ours,heldout_bfcl_b8_l26_s3,11.944694133333341,11.944694133333341,0.0
7eb58061_port_tight,256,B1,ours,heldout_bfcl_b16_l26_s3,17.724563466666673,17.724563466666673,0.0
7eb58061_port_tight,256,B1,ours,heldout_bfcl_b2_l26_s7,4.623602933333332,4.623602933333332,0.0
7eb58061_port_tight,256,B1,ours,heldout_bfcl_b4_l26_s7,9.247201866666668,9.247201866666668,0.0
7eb58061_port_tight,256,B1,ours,heldout_bfcl_b8_l26_s7,13.10050453333334,13.10050453333334,0.0
7eb58061_port_tight,256,B1,ours,heldout_bfcl_b16_l26_s7,16.183528266666677,16.183528266666677,0.0
7eb58061_port_tight,256,B1,ours,heldout_bfcl_b2_l26_s11,3.8530173333333324,3.8530173333333324,0.0
7eb58061_port_tight,256,B1,ours,heldout_bfcl_b4_l26_s11,8.476616266666666,8.476616266666666,0.0
7eb58061_port_tight,256,B1,ours,heldout_bfcl_b8_l26_s11,12.715075733333336,12.715075733333336,0.0
7eb58061_port_tight,256,B1,ours,heldout_bfcl_b16_l26_s11,18.495421066666673,18.495421066666673,0.0
7eb58061_port_tight,256,B1,ours,heldout_gpqa_b2_l2_s3,5.0088957333333335,5.0088957333333335,0.0
7eb58061_port_tight,256,B1,ours,heldout_gpqa_b4_l2_s3,6.935649066666668,6.935649066666668,0.0
7eb58061_port_tight,256,B1,ours,heldout_gpqa_b8_l2_s3,8.862147733333334,8.862147733333334,0.0
7eb58061_port_tight,256,B1,ours,heldout_gpqa_b16_l2_s3,10.78895306666667,10.78895306666667,0.0
7eb58061_port_tight,256,B1,ours,heldout_gpqa_b2_l2_s7,5.394188533333334,5.394188533333334,0.0
7eb58061_port_tight,256,B1,ours,heldout_gpqa_b4_l2_s7,9.247201866666668,9.247201866666668,0.0
7eb58061_port_tight,256,B1,ours,heldout_gpqa_b8_l2_s7,13.10057253333334,13.10057253333334,0.0
7eb58061_port_tight,256,B1,ours,heldout_gpqa_b16_l2_s7,18.109924266666674,18.109924266666674,0.0
7eb58061_port_tight,256,B1,ours,heldout_gpqa_b2_l2_s11,4.238310133333332,4.238310133333332,0.0
7eb58061_port_tight,256,B1,ours,heldout_gpqa_b4_l2_s11,8.861909066666666,8.861909066666666,0.0
7eb58061_port_tight,256,B1,ours,heldout_gpqa_b8_l2_s11,14.64160773333334,14.64160773333334,0.0
7eb58061_port_tight,256,B1,ours,heldout_gpqa_b16_l2_s11,19.266006666666666,19.266006666666666,0.0
7eb58061_port_tight,256,B1,ours,heldout_gpqa_b2_l13_s3,5.0088957333333335,5.0088957333333335,0.0
7eb58061_port_tight,256,B1,ours,heldout_gpqa_b4_l13_s3,7.320805866666667,7.320805866666667,0.0
7eb58061_port_tight,256,B1,ours,heldout_gpqa_b8_l13_s3,10.788747733333336,10.788747733333336,0.0
7eb58061_port_tight,256,B1,ours,heldout_gpqa_b16_l13_s3,12.33032826666667,12.33032826666667,0.0
7eb58061_port_tight,256,B1,ours,heldout_gpqa_b2_l13_s7,5.0088957333333335,5.0088957333333335,0.0
7eb58061_port_tight,256,B1,ours,heldout_gpqa_b4_l13_s7,8.861909066666666,8.861909066666666,0.0
7eb58061_port_tight,256,B1,ours,heldout_gpqa_b8_l13_s7,13.48586533333334,13.48586533333334,0.0
7eb58061_port_tight,256,B1,ours,heldout_gpqa_b16_l13_s7,16.953909866666674,16.953909866666674,0.0
7eb58061_port_tight,256,B1,ours,heldout_gpqa_b2_l13_s11,3.4677245333333326,3.4677245333333326,0.0
7eb58061_port_tight,256,B1,ours,heldout_gpqa_b4_l13_s11,9.247201866666668,9.247201866666668,0.0
7eb58061_port_tight,256,B1,ours,heldout_gpqa_b8_l13_s11,11.559333333333337,11.559333333333337,0.0
7eb58061_port_tight,256,B1,ours,heldout_gpqa_b16_l13_s11,17.339270666666668,17.339270666666668,0.0
7eb58061_port_tight,256,B1,ours,heldout_gpqa_b2_l26_s3,5.394188533333334,5.394188533333334,0.0
7eb58061_port_tight,256,B1,ours,heldout_gpqa_b4_l26_s3,6.5503562666666655,6.5503562666666655,0.0
7eb58061_port_tight,256,B1,ours,heldout_gpqa_b8_l26_s3,9.632937333333334,9.632937333333334,0.0
7eb58061_port_tight,256,B1,ours,heldout_gpqa_b16_l26_s3,13.100777866666672,13.100777866666672,0.0
7eb58061_port_tight,256,B1,ours,heldout_gpqa_b2_l26_s7,5.394188533333334,5.394188533333334,0.0
7eb58061_port_tight,256,B1,ours,heldout_gpqa_b4_l26_s7,8.861909066666666,8.861909066666666,0.0
7eb58061_port_tight,256,B1,ours,heldout_gpqa_b8_l26_s7,13.100572533333338,13.100572533333338,0.0
7eb58061_port_tight,256,B1,ours,heldout_gpqa_b16_l26_s7,17.724291466666667,17.724291466666667,0.0
7eb58061_port_tight,256,B1,ours,heldout_gpqa_b2_l26_s11,5.0088957333333335,5.0088957333333335,0.0
7eb58061_port_tight,256,B1,ours,heldout_gpqa_b4_l26_s11,9.632494666666668,9.632494666666668,0.0
7eb58061_port_tight,256,B1,ours,heldout_gpqa_b8_l26_s11,13.100640533333339,13.100640533333339,0.0
7eb58061_port_tight,256,B1,ours,heldout_gpqa_b16_l26_s11,19.26566666666667,19.26566666666667,0.0
7eb58061_port_tight,256,B1,ours,heldout_swe_b2_l2_s3,5.0088957333333335,5.0088957333333335,0.0
7eb58061_port_tight,256,B1,ours,heldout_swe_b4_l2_s3,5.779702666666666,5.779702666666666,0.0
7eb58061_port_tight,256,B1,ours,heldout_swe_b8_l2_s3,6.550526933333334,6.550526933333334,0.0
7eb58061_port_tight,256,B1,ours,heldout_swe_b16_l2_s3,7.70688266666667,7.70688266666667,0.0
7eb58061_port_tight,256,B1,ours,heldout_swe_b2_l2_s7,5.0088957333333335,5.0088957333333335,0.0
7eb58061_port_tight,256,B1,ours,heldout_swe_b4_l2_s7,6.55022026666667,6.55022026666667,0.0
7eb58061_port_tight,256,B1,ours,heldout_swe_b8_l2_s7,6.935887733333335,6.935887733333335,0.0
7eb58061_port_tight,256,B1,ours,heldout_swe_b16_l2_s7,8.47746826666667,8.47746826666667,0.0
7eb58061_port_tight,256,B1,ours,heldout_swe_b2_l2_s11,5.0088957333333335,5.0088957333333335,0.0
7eb58061_port_tight,256,B1,ours,heldout_swe_b4_l2_s11,8.091391466666671,8.091391466666671,0.0
7eb58061_port_tight,256,B1,ours,heldout_swe_b8_l2_s11,7.320976533333336,7.320976533333336,0.0
7eb58061_port_tight,256,B1,ours,heldout_swe_b16_l2_s11,10.78915706666667,10.78915706666667,0.0
7eb58061_port_tight,256,B1,ours,heldout_swe_b2_l13_s3,5.394188533333334,5.394188533333334,0.0
7eb58061_port_tight,256,B1,ours,heldout_swe_b4_l13_s3,7.320873866666668,7.320873866666668,0.0
7eb58061_port_tight,256,B1,ours,heldout_swe_b8_l13_s3,7.706609333333335,7.706609333333335,0.0
7eb58061_port_tight,256,B1,ours,heldout_swe_b16_l13_s3,8.09224346666667,8.09224346666667,0.0
7eb58061_port_tight,256,B1,ours,heldout_swe_b2_l13_s7,5.394188533333334,5.394188533333334,0.0
7eb58061_port_tight,256,B1,ours,heldout_swe_b4_l13_s7,8.091323466666667,8.091323466666667,0.0
7eb58061_port_tight,256,B1,ours,heldout_swe_b8_l13_s7,8.091902133333335,8.091902133333335,0.0
7eb58061_port_tight,256,B1,ours,heldout_swe_b16_l13_s7,8.477468266666667,8.477468266666667,0.0
7eb58061_port_tight,256,B1,ours,heldout_swe_b2_l13_s11,4.623602933333332,4.623602933333332,0.0
7eb58061_port_tight,256,B1,ours,heldout_swe_b4_l13_s11,8.476616266666666,8.476616266666666,0.0
7eb58061_port_tight,256,B1,ours,heldout_swe_b8_l13_s11,7.320976533333335,7.320976533333335,0.0
7eb58061_port_tight,256,B1,ours,heldout_swe_b16_l13_s11,10.789157066666672,10.789157066666672,0.0
7eb58061_port_tight,256,B1,ours,heldout_swe_b2_l26_s3,4.623602933333332,4.623602933333332,0.0
7eb58061_port_tight,256,B1,ours,heldout_swe_b4_l26_s3,7.320737866666668,7.320737866666668,0.0
7eb58061_port_tight,256,B1,ours,heldout_swe_b8_l26_s3,8.862079733333333,8.862079733333333,0.0
7eb58061_port_tight,256,B1,ours,heldout_swe_b16_l26_s3,10.78929306666667,10.78929306666667,0.0
7eb58061_port_tight,256,B1,ours,heldout_swe_b2_l26_s7,5.394188533333334,5.394188533333334,0.0
7eb58061_port_tight,256,B1,ours,heldout_swe_b4_l26_s7,6.935445066666667,6.935445066666667,0.0
7eb58061_port_tight,256,B1,ours,heldout_swe_b8_l26_s7,8.477126933333336,8.477126933333336,0.0
7eb58061_port_tight,256,B1,ours,heldout_swe_b16_l26_s7,8.862625066666668,8.862625066666668,0.0
7eb58061_port_tight,256,B1,ours,heldout_swe_b2_l26_s11,5.394188533333334,5.394188533333334,0.0
7eb58061_port_tight,256,B1,ours,heldout_swe_b4_l26_s11,9.632494666666668,9.632494666666668,0.0
7eb58061_port_tight,256,B1,ours,heldout_swe_b8_l26_s11,7.320908533333334,7.320908533333334,0.0
7eb58061_port_tight,256,B1,ours,heldout_swe_b16_l26_s11,11.559742666666674,11.559742666666674,0.0
7eb58061_port_tight,256,B1,ours,v3_captured_mixed_heldout_bfcl_t64_l2,24.27686106666665,24.27686106666665,0.0
7eb58061_port_tight,256,B1,ours,v3_captured_mixed_heldout_bfcl_t96_l2,25.433900799999996,25.433900799999996,0.0
7eb58061_port_tight,256,B1,ours,v3_captured_mixed_heldout_bfcl_t128_l2,26.205715733333335,26.205715733333335,0.0
7eb58061_port_tight,256,B1,ours,v3_captured_mixed_heldout_bfcl_t64_l13,22.349989066666666,22.349989066666666,0.0
7eb58061_port_tight,256,B1,ours,v3_captured_mixed_heldout_bfcl_t96_l13,25.04847200000001,25.04847200000001,0.0
7eb58061_port_tight,256,B1,ours,v3_captured_mixed_heldout_bfcl_t128_l13,25.43506213333333,25.43506213333333,0.0
7eb58061_port_tight,256,B1,ours,v3_captured_mixed_heldout_bfcl_t64_l26,23.89122826666667,23.89122826666667,0.0
7eb58061_port_tight,256,B1,ours,v3_captured_mixed_heldout_bfcl_t96_l26,25.819057599999997,25.819057599999997,0.0
7eb58061_port_tight,256,B1,ours,v3_captured_mixed_heldout_bfcl_t128_l26,26.20557973333333,26.20557973333333,0.0
7eb58061_port_tight,256,B1,ours,v3_captured_mixed_heldout_gpqa_t64_l2,25.04717466666666,25.04717466666666,0.0
7eb58061_port_tight,256,B1,ours,v3_captured_mixed_heldout_gpqa_t96_l2,26.2042144,26.2042144,0.0
7eb58061_port_tight,256,B1,ours,v3_captured_mixed_heldout_gpqa_t128_l2,26.20551173333334,26.20551173333334,0.0
7eb58061_port_tight,256,B1,ours,v3_captured_mixed_heldout_gpqa_t64_l13,22.350057066666672,22.350057066666672,0.0
7eb58061_port_tight,256,B1,ours,v3_captured_mixed_heldout_gpqa_t96_l13,24.277750400000013,24.277750400000013,0.0
7eb58061_port_tight,256,B1,ours,v3_captured_mixed_heldout_gpqa_t128_l13,24.664272533333353,24.664272533333353,0.0
7eb58061_port_tight,256,B1,ours,v3_captured_mixed_heldout_gpqa_t64_l26,25.04703866666667,25.04703866666667,0.0
7eb58061_port_tight,256,B1,ours,v3_captured_mixed_heldout_gpqa_t96_l26,26.20407840000001,26.20407840000001,0.0
7eb58061_port_tight,256,B1,ours,v3_captured_mixed_heldout_gpqa_t128_l26,26.20551173333333,26.20551173333333,0.0
7eb58061_port_tight,256,B1,ours,v3_captured_mixed_heldout_swe_t64_l2,24.66208586666668,24.66208586666668,0.0
7eb58061_port_tight,256,B1,ours,v3_captured_mixed_heldout_swe_t96_l2,25.819125600000003,25.819125600000003,0.0
7eb58061_port_tight,256,B1,ours,v3_captured_mixed_heldout_swe_t128_l2,26.20564773333333,26.20564773333333,0.0
7eb58061_port_tight,256,B1,ours,v3_captured_mixed_heldout_swe_t64_l13,20.809021866666665,20.809021866666665,0.0
7eb58061_port_tight,256,B1,ours,v3_captured_mixed_heldout_swe_t96_l13,23.892593599999998,23.892593599999998,0.0
7eb58061_port_tight,256,B1,ours,v3_captured_mixed_heldout_swe_t128_l13,25.43499413333334,25.43499413333334,0.0
7eb58061_port_tight,256,B1,ours,v3_captured_mixed_heldout_swe_t64_l26,23.50579946666668,23.50579946666668,0.0
7eb58061_port_tight,256,B1,ours,v3_captured_mixed_heldout_swe_t96_l26,24.662907200000006,24.662907200000006,0.0
7eb58061_port_tight,256,B1,ours,v3_captured_mixed_heldout_swe_t128_l26,26.205375733333366,26.205375733333366,0.0
7eb58061_port_tight,256,B2,nominal,heldout_bfcl_b2_l2_s3,5.394010774074074,5.394010774074074,0.0
7eb58061_port_tight,256,B2,nominal,heldout_bfcl_b4_l2_s3,7.705814888888897,7.705814888888897,0.0
7eb58061_port_tight,256,B2,nominal,heldout_bfcl_b8_l2_s3,10.788194177777783,10.788194177777783,0.0
7eb58061_port_tight,256,B2,nominal,heldout_bfcl_b16_l2_s3,13.870894738271605,13.870894738271605,0.0
7eb58061_port_tight,256,B2,nominal,heldout_bfcl_b2_l2_s7,5.394010774074074,5.394010774074074,0.0
7eb58061_port_tight,256,B2,nominal,heldout_bfcl_b4_l2_s7,8.476396599999996,8.476396599999996,0.0
7eb58061_port_tight,256,B2,nominal,heldout_bfcl_b8_l2_s7,11.558792777777782,11.558792777777782,0.0
7eb58061_port_tight,256,B2,nominal,heldout_bfcl_b16_l2_s7,17.723501059259227,17.723501059259227,0.0
7eb58061_port_tight,256,B2,nominal,heldout_bfcl_b2_l2_s11,3.853008500000001,3.853008500000001,0.0
7eb58061_port_tight,256,B2,nominal,heldout_bfcl_b4_l2_s11,8.476389377777773,8.476389377777773,0.0
7eb58061_port_tight,256,B2,nominal,heldout_bfcl_b8_l2_s11,12.32934045185184,12.32934045185184,0.0
7eb58061_port_tight,256,B2,nominal,heldout_bfcl_b16_l2_s11,20.035306118518555,20.035306118518555,0.0
7eb58061_port_tight,256,B2,nominal,heldout_bfcl_b2_l13_s3,4.623466100000001,4.623466100000001,0.0
7eb58061_port_tight,256,B2,nominal,heldout_bfcl_b4_l13_s3,9.246854027160497,9.246854027160497,0.0
7eb58061_port_tight,256,B2,nominal,heldout_bfcl_b8_l13_s3,11.55871660493827,11.55871660493827,0.0
7eb58061_port_tight,256,B2,nominal,heldout_bfcl_b16_l13_s3,15.411972944444448,15.411972944444448,0.0
7eb58061_port_tight,256,B2,nominal,heldout_bfcl_b2_l13_s7,5.394010774074074,5.394010774074074,0.0
7eb58061_port_tight,256,B2,nominal,heldout_bfcl_b4_l13_s7,8.476358507407403,8.476358507407403,0.0
7eb58061_port_tight,256,B2,nominal,heldout_bfcl_b8_l13_s7,12.329312040329198,12.329312040329198,0.0
7eb58061_port_tight,256,B2,nominal,heldout_bfcl_b16_l13_s7,15.412195993827156,15.412195993827156,0.0
7eb58061_port_tight,256,B2,nominal,heldout_bfcl_b2_l13_s11,3.8527885,3.8527885,0.0
7eb58061_port_tight,256,B2,nominal,heldout_bfcl_b4_l13_s11,8.476294544444437,8.476294544444437,0.0
7eb58061_port_tight,256,B2,nominal,heldout_bfcl_b8_l13_s11,10.788148060493828,10.788148060493828,0.0
7eb58061_port_tight,256,B2,nominal,heldout_bfcl_b16_l13_s11,18.494105881481456,18.494105881481456,0.0
7eb58061_port_tight,256,B2,nominal,heldout_bfcl_b2_l26_s3,5.3939197,5.3939197,0.0
7eb58061_port_tight,256,B2,nominal,heldout_bfcl_b4_l26_s3,9.246817806995887,9.246817806995887,0.0
7eb58061_port_tight,256,B2,nominal,heldout_bfcl_b8_l26_s3,12.329213507407406,12.329213507407406,0.0
7eb58061_port_tight,256,B2,nominal,heldout_bfcl_b16_l26_s3,17.72364803799724,17.72364803799724,0.0
7eb58061_port_tight,256,B2,nominal,heldout_bfcl_b2_l26_s7,4.623512044444447,4.623512044444447,0.0
7eb58061_port_tight,256,B2,nominal,heldout_bfcl_b4_l26_s7,9.246953311111113,9.246953311111113,0.0
7eb58061_port_tight,256,B2,nominal,heldout_bfcl_b8_l26_s7,13.099823922222228,13.099823922222228,0.0
7eb58061_port_tight,256,B2,nominal,heldout_bfcl_b16_l26_s7,16.182752488888866,16.182752488888866,0.0
7eb58061_port_tight,256,B2,nominal,heldout_bfcl_b2_l26_s11,3.853027333333334,3.853027333333334,0.0
7eb58061_port_tight,256,B2,nominal,heldout_bfcl_b4_l26_s11,8.476332427160497,8.476332427160497,0.0
7eb58061_port_tight,256,B2,nominal,heldout_bfcl_b8_l26_s11,13.099873860493831,13.099873860493831,0.0
7eb58061_port_tight,256,B2,nominal,heldout_bfcl_b16_l26_s11,18.494244455555567,18.494244455555567,0.0
7eb58061_port_tight,256,B2,nominal,heldout_gpqa_b2_l2_s3,5.3939197,5.3939197,0.0
7eb58061_port_tight,256,B2,nominal,heldout_gpqa_b4_l2_s3,6.935239344444439,6.935239344444439,0.0
7eb58061_port_tight,256,B2,nominal,heldout_gpqa_b8_l2_s3,9.246989755555557,9.246989755555557,0.0
7eb58061_port_tight,256,B2,nominal,heldout_gpqa_b16_l2_s3,10.788620474074078,10.788620474074078,0.0
7eb58061_port_tight,256,B2,nominal,heldout_gpqa_b2_l2_s7,5.394010774074074,5.394010774074074,0.0
7eb58061_port_tight,256,B2,nominal,heldout_gpqa_b4_l2_s7,9.246828144444448,9.246828144444448,0.0
7eb58061_port_tight,256,B2,nominal,heldout_gpqa_b8_l2_s7,13.100014033333316,13.100014033333316,0.0
7eb58061_port_tight,256,B2,nominal,heldout_gpqa_b16_l2_s7,18.494070284773645,18.494070284773645,0.0
7eb58061_port_tight,256,B2,nominal,heldout_gpqa_b2_l2_s11,4.623534100000002,4.623534100000002,0.0
7eb58061_port_tight,256,B2,nominal,heldout_gpqa_b4_l2_s11,9.246793274074074,9.246793274074074,0.0
7eb58061_port_tight,256,B2,nominal,heldout_gpqa_b8_l2_s11,14.640990251851864,14.640990251851864,0.0
7eb58061_port_tight,256,B2,nominal,heldout_gpqa_b16_l2_s11,19.264896444444442,19.264896444444442,0.0
7eb58061_port_tight,256,B2,nominal,heldout_gpqa_b2_l13_s3,5.393893644444444,5.393893644444444,0.0
7eb58061_port_tight,256,B2,nominal,heldout_gpqa_b4_l13_s3,7.705648827160489,7.705648827160489,0.0
7eb58061_port_tight,256,B2,nominal,heldout_gpqa_b8_l13_s3,10.788327955555552,10.788327955555552,0.0
7eb58061_port_tight,256,B2,nominal,heldout_gpqa_b16_l13_s3,12.329767711111092,12.329767711111092,0.0
7eb58061_port_tight,256,B2,nominal,heldout_gpqa_b2_l13_s7,5.393893644444444,5.393893644444444,0.0
7eb58061_port_tight,256,B2,nominal,heldout_gpqa_b4_l13_s7,9.24679327407407,9.24679327407407,0.0
7eb58061_port_tight,256,B2,nominal,heldout_gpqa_b8_l13_s7,13.870338707407395,13.870338707407395,0.0
7eb58061_port_tight,256,B2,nominal,heldout_gpqa_b16_l13_s7,16.95306955185186,16.95306955185186,0.0
7eb58061_port_tight,256,B2,nominal,heldout_gpqa_b2_l13_s11,3.8528605000000007,3.8528605000000007,0.0
7eb58061_port_tight,256,B2,nominal,heldout_gpqa_b4_l13_s11,9.246854027160499,9.246854027160499,0.0
7eb58061_port_tight,256,B2,nominal,heldout_gpqa_b8_l13_s11,11.55893477777777,11.55893477777777,0.0
7eb58061_port_tight,256,B2,nominal,heldout_gpqa_b16_l13_s11,17.723770022222197,17.723770022222197,0.0
7eb58061_port_tight,256,B2,nominal,heldout_gpqa_b2_l26_s3,5.394010774074074,5.394010774074074,0.0
7eb58061_port_tight,256,B2,nominal,heldout_gpqa_b4_l26_s3,6.935261399999998,6.935261399999998,0.0
7eb58061_port_tight,256,B2,nominal,heldout_gpqa_b8_l26_s3,10.017578355555546,10.017578355555546,0.0
7eb58061_port_tight,256,B2,nominal,heldout_gpqa_b16_l26_s3,13.10019525555556,13.10019525555556,0.0
7eb58061_port_tight,256,B2,nominal,heldout_gpqa_b2_l26_s7,5.394010774074074,5.394010774074074,0.0
7eb58061_port_tight,256,B2,nominal,heldout_gpqa_b4_l26_s7,9.246877311111112,9.246877311111112,0.0
7eb58061_port_tight,256,B2,nominal,heldout_gpqa_b8_l26_s7,13.099931051851863,13.099931051851863,0.0
7eb58061_port_tight,256,B2,nominal,heldout_gpqa_b16_l26_s7,17.72364290699587,17.72364290699587,0.0
7eb58061_port_tight,256,B2,nominal,heldout_gpqa_b2_l26_s11,5.393893644444443,5.393893644444443,0.0
7eb58061_port_tight,256,B2,nominal,heldout_gpqa_b4_l26_s11,10.017271406995885,10.017271406995885,0.0
7eb58061_port_tight,256,B2,nominal,heldout_gpqa_b8_l26_s11,13.099852473662528,13.099852473662528,0.0
7eb58061_port_tight,256,B2,nominal,heldout_gpqa_b16_l26_s11,19.264925277777802,19.264925277777802,0.0
7eb58061_port_tight,256,B2,nominal,heldout_swe_b2_l2_s3,5.393919700000001,5.393919700000001,0.0
7eb58061_port_tight,256,B2,nominal,heldout_swe_b4_l2_s3,6.16462370740741,6.16462370740741,0.0
7eb58061_port_tight,256,B2,nominal,heldout_swe_b8_l2_s3,6.935285974074075,6.935285974074075,0.0
7eb58061_port_tight,256,B2,nominal,heldout_swe_b16_l2_s3,7.706278827160495,7.706278827160495,0.0
7eb58061_port_tight,256,B2,nominal,heldout_swe_b2_l2_s7,5.393893644444447,5.393893644444447,0.0
7eb58061_port_tight,256,B2,nominal,heldout_swe_b4_l2_s7,6.935184177777773,6.935184177777773,0.0
7eb58061_port_tight,256,B2,nominal,heldout_swe_b8_l2_s7,6.935387893827159,6.935387893827159,0.0
7eb58061_port_tight,256,B2,nominal,heldout_swe_b16_l2_s7,8.476840206995881,8.476840206995881,0.0
7eb58061_port_tight,256,B2,nominal,heldout_swe_b2_l2_s11,5.3939197,5.3939197,0.0
7eb58061_port_tight,256,B2,nominal,heldout_swe_b4_l2_s11,8.476222544444438,8.476222544444438,0.0
7eb58061_port_tight,256,B2,nominal,heldout_swe_b8_l2_s11,7.705982666666672,7.705982666666672,0.0
7eb58061_port_tight,256,B2,nominal,heldout_swe_b16_l2_s11,10.78848447407408,10.78848447407408,0.0
7eb58061_port_tight,256,B2,nominal,heldout_swe_b2_l13_s3,5.394010774074074,5.394010774074074,0.0
7eb58061_port_tight,256,B2,nominal,heldout_swe_b4_l13_s3,7.705836944444442,7.705836944444442,0.0
7eb58061_port_tight,256,B2,nominal,heldout_swe_b8_l13_s3,7.7059144938271595,7.7059144938271595,0.0
7eb58061_port_tight,256,B2,nominal,heldout_swe_b16_l13_s3,8.476823674074073,8.476823674074073,0.0
7eb58061_port_tight,256,B2,nominal,heldout_swe_b2_l13_s7,5.394010774074074,5.394010774074074,0.0
7eb58061_port_tight,256,B2,nominal,heldout_swe_b4_l13_s7,8.476320599999992,8.476320599999992,0.0
7eb58061_port_tight,256,B2,nominal,heldout_swe_b8_l13_s7,8.476408211111112,8.476408211111112,0.0
7eb58061_port_tight,256,B2,nominal,heldout_swe_b16_l13_s7,8.476854544444446,8.476854544444446,0.0
7eb58061_port_tight,256,B2,nominal,heldout_swe_b2_l13_s11,4.6234661,4.6234661,0.0
7eb58061_port_tight,256,B2,nominal,heldout_swe_b4_l13_s11,8.476370544444443,8.476370544444443,0.0
7eb58061_port_tight,256,B2,nominal,heldout_swe_b8_l13_s11,7.705869574074068,7.705869574074068,0.0
7eb58061_port_tight,256,B2,nominal,heldout_swe_b16_l13_s11,10.788548511111117,10.788548511111117,0.0
7eb58061_port_tight,256,B2,nominal,heldout_swe_b2_l26_s3,4.623519266666668,4.623519266666668,0.0
7eb58061_port_tight,256,B2,nominal,heldout_swe_b4_l26_s3,7.705791000000003,7.705791000000003,0.0
7eb58061_port_tight,256,B2,nominal,heldout_swe_b8_l26_s3,9.247015811111108,9.247015811111108,0.0
7eb58061_port_tight,256,B2,nominal,heldout_swe_b16_l26_s3,10.788533474074084,10.788533474074084,0.0
7eb58061_port_tight,256,B2,nominal,heldout_swe_b2_l26_s7,5.394010774074074,5.394010774074074,0.0
7eb58061_port_tight,256,B2,nominal,heldout_swe_b4_l26_s7,6.935356233333332,6.935356233333332,0.0
7eb58061_port_tight,256,B2,nominal,heldout_swe_b8_l26_s7,8.476476873662554,8.476476873662554,0.0
7eb58061_port_tight,256,B2,nominal,heldout_swe_b16_l26_s7,9.247418027160498,9.247418027160498,0.0
7eb58061_port_tight,256,B2,nominal,heldout_swe_b2_l26_s11,5.394010774074074,5.394010774074074,0.0
7eb58061_port_tight,256,B2,nominal,heldout_swe_b4_l26_s11,10.017271406995874,10.017271406995874,0.0
7eb58061_port_tight,256,B2,nominal,heldout_swe_b8_l26_s11,7.705990444444446,7.705990444444446,0.0
7eb58061_port_tight,256,B2,nominal,heldout_swe_b16_l26_s11,11.559139773662555,11.559139773662555,0.0
7eb58061_port_tight,256,B2,nominal,v3_captured_mixed_heldout_bfcl_t64_l2,25.431161506133893,25.431161506133893,0.0
7eb58061_port_tight,256,B2,nominal,v3_captured_mixed_heldout_bfcl_t96_l2,26.203208566014972,26.203208566014972,0.0
7eb58061_port_tight,256,B2,nominal,v3_captured_mixed_heldout_bfcl_t128_l2,27.745511367361104,27.745511367361104,0.0
7eb58061_port_tight,256,B2,nominal,v3_captured_mixed_heldout_bfcl_t64_l13,23.119541463801234,23.119541463801234,0.0
7eb58061_port_tight,256,B2,nominal,v3_captured_mixed_heldout_bfcl_t96_l13,26.203208065689065,26.203208065689065,0.0
7eb58061_port_tight,256,B2,nominal,v3_captured_mixed_heldout_bfcl_t128_l13,26.982965084895547,26.982965084895547,0.0
7eb58061_port_tight,256,B2,nominal,v3_captured_mixed_heldout_bfcl_t64_l26,24.6607423656892,24.6607423656892,0.0
7eb58061_port_tight,256,B2,nominal,v3_captured_mixed_heldout_bfcl_t96_l26,26.97368694401003,26.97368694401003,0.0
7eb58061_port_tight,256,B2,nominal,v3_captured_mixed_heldout_bfcl_t128_l26,27.74555183437487,27.74555183437487,0.0
7eb58061_port_tight,256,B2,nominal,v3_captured_mixed_heldout_gpqa_t64_l2,26.201826343792806,26.201826343792806,0.0
7eb58061_port_tight,256,B2,nominal,v3_captured_mixed_heldout_gpqa_t96_l2,26.973694901041522,26.973694901041522,0.0
7eb58061_port_tight,256,B2,nominal,v3_captured_mixed_heldout_gpqa_t128_l2,27.74555336736094,27.74555336736094,0.0
7eb58061_port_tight,256,B2,nominal,v3_captured_mixed_heldout_gpqa_t64_l13,23.119557999348334,23.119557999348334,0.0
7eb58061_port_tight,256,B2,nominal,v3_captured_mixed_heldout_gpqa_t96_l13,25.43244529902254,25.43244529902254,0.0
7eb58061_port_tight,256,B2,nominal,v3_captured_mixed_heldout_gpqa_t128_l13,26.204480634374747,26.204480634374747,0.0
7eb58061_port_tight,256,B2,nominal,v3_captured_mixed_heldout_gpqa_t64_l26,26.201762399348315,26.201762399348315,0.0
7eb58061_port_tight,256,B2,nominal,v3_captured_mixed_heldout_gpqa_t96_l26,26.973754901041502,26.973754901041502,0.0
7eb58061_port_tight,256,B2,nominal,v3_captured_mixed_heldout_gpqa_t128_l26,27.745541367361067,27.745541367361067,0.0
7eb58061_port_tight,256,B2,nominal,v3_captured_mixed_heldout_swe_t64_l2,25.431277622607773,25.431277622607773,0.0
7eb58061_port_tight,256,B2,nominal,v3_captured_mixed_heldout_swe_t96_l2,26.973676518228952,26.973676518228952,0.0
7eb58061_port_tight,256,B2,nominal,v3_captured_mixed_heldout_swe_t128_l2,27.74554736736106,27.74554736736106,0.0
7eb58061_port_tight,256,B2,nominal,v3_captured_mixed_heldout_swe_t64_l13,21.578476553645288,21.578476553645288,0.0
7eb58061_port_tight,256,B2,nominal,v3_captured_mixed_heldout_swe_t96_l13,24.662002865689086,24.662002865689086,0.0
7eb58061_port_tight,256,B2,nominal,v3_captured_mixed_heldout_swe_t128_l13,26.97502822178782,26.97502822178782,0.0
7eb58061_port_tight,256,B2,nominal,v3_captured_mixed_heldout_swe_t64_l26,24.660640615200357,24.660640615200357,0.0
7eb58061_port_tight,256,B2,nominal,v3_captured_mixed_heldout_swe_t96_l26,25.43259215156224,25.43259215156224,0.0
7eb58061_port_tight,256,B2,nominal,v3_captured_mixed_heldout_swe_t128_l26,27.74553536736102,27.74553536736102,0.0
7eb58061_port_tight,256,B2,ours,heldout_bfcl_b2_l2_s3,5.393880700000002,5.393880700000002,0.0
7eb58061_port_tight,256,B2,ours,heldout_bfcl_b4_l2_s3,7.705709,7.705709,0.0
7eb58061_port_tight,256,B2,ours,heldout_bfcl_b8_l2_s3,10.788019233333337,10.788019233333337,0.0
7eb58061_port_tight,256,B2,ours,heldout_bfcl_b16_l2_s3,13.870709799999995,13.870709799999995,0.0
7eb58061_port_tight,256,B2,ours,heldout_bfcl_b2_l2_s7,5.393880700000002,5.393880700000002,0.0
7eb58061_port_tight,256,B2,ours,heldout_bfcl_b4_l2_s7,8.476330933333333,8.476330933333333,0.0
7eb58061_port_tight,256,B2,ours,heldout_bfcl_b8_l2_s7,11.558617833333317,11.558617833333317,0.0
7eb58061_port_tight,256,B2,ours,heldout_bfcl_b16_l2_s7,17.72316213333336,17.72316213333336,0.0
7eb58061_port_tight,256,B2,ours,heldout_bfcl_b2_l2_s11,3.8529655000000003,3.8529655000000003,0.0
7eb58061_port_tight,256,B2,ours,heldout_bfcl_b4_l2_s11,8.476320766666658,8.476320766666658,0.0
7eb58061_port_tight,256,B2,ours,heldout_bfcl_b8_l2_s11,12.329078433333319,12.329078433333319,0.0
7eb58061_port_tight,256,B2,ours,heldout_bfcl_b16_l2_s11,20.034966100000016,20.034966100000016,0.0
7eb58061_port_tight,256,B2,ours,heldout_bfcl_b2_l13_s3,4.623433266666668,4.623433266666668,0.0
7eb58061_port_tight,256,B2,ours,heldout_bfcl_b4_l13_s3,9.246696199999997,9.246696199999997,0.0
7eb58061_port_tight,256,B2,ours,heldout_bfcl_b8_l13_s3,11.558469833333326,11.558469833333326,0.0
7eb58061_port_tight,256,B2,ours,heldout_bfcl_b16_l13_s3,15.411871499999982,15.411871499999982,0.0
7eb58061_port_tight,256,B2,ours,heldout_bfcl_b2_l13_s7,5.393880700000002,5.393880700000002,0.0
7eb58061_port_tight,256,B2,ours,heldout_bfcl_b4_l13_s7,8.476238599999997,8.476238599999997,0.0
7eb58061_port_tight,256,B2,ours,heldout_bfcl_b8_l13_s7,12.329075433333319,12.329075433333319,0.0
7eb58061_port_tight,256,B2,ours,heldout_bfcl_b16_l13_s7,15.41198500000003,15.41198500000003,0.0
7eb58061_port_tight,256,B2,ours,heldout_bfcl_b2_l13_s11,3.8527454999999997,3.8527454999999997,0.0
7eb58061_port_tight,256,B2,ours,heldout_bfcl_b4_l13_s11,8.476162600000002,8.476162600000002,0.0
7eb58061_port_tight,256,B2,ours,heldout_bfcl_b8_l13_s11,10.787947233333341,10.787947233333341,0.0
7eb58061_port_tight,256,B2,ours,heldout_bfcl_b16_l13_s11,18.49375973333336,18.49375973333336,0.0
7eb58061_port_tight,256,B2,ours,heldout_bfcl_b2_l26_s3,5.3938767,5.3938767,0.0
7eb58061_port_tight,256,B2,ours,heldout_bfcl_b4_l26_s3,9.246614033333332,9.246614033333332,0.0
7eb58061_port_tight,256,B2,ours,heldout_bfcl_b8_l26_s3,12.328997433333338,12.328997433333338,0.0
7eb58061_port_tight,256,B2,ours,heldout_bfcl_b16_l26_s3,17.7233499666667,17.7233499666667,0.0
7eb58061_port_tight,256,B2,ours,heldout_bfcl_b2_l26_s7,4.6234230999999975,4.6234230999999975,0.0
7eb58061_port_tight,256,B2,ours,heldout_bfcl_b4_l26_s7,9.246778366666671,9.246778366666671,0.0
7eb58061_port_tight,256,B2,ours,heldout_bfcl_b8_l26_s7,13.099603033333333,13.099603033333333,0.0
7eb58061_port_tight,256,B2,ours,heldout_bfcl_b16_l26_s7,16.182594933333373,16.182594933333373,0.0
7eb58061_port_tight,256,B2,ours,heldout_bfcl_b2_l26_s11,3.8530375,3.8530375,0.0
7eb58061_port_tight,256,B2,ours,heldout_bfcl_b4_l26_s11,8.476248766666666,8.476248766666666,0.0
7eb58061_port_tight,256,B2,ours,heldout_bfcl_b8_l26_s11,13.099673033333314,13.099673033333314,0.0
7eb58061_port_tight,256,B2,ours,heldout_bfcl_b16_l26_s11,18.494074400000002,18.494074400000002,0.0
7eb58061_port_tight,256,B2,ours,heldout_gpqa_b2_l2_s3,5.393876700000002,5.393876700000002,0.0
7eb58061_port_tight,256,B2,ours,heldout_gpqa_b4_l2_s3,6.935107399999997,6.935107399999997,0.0
7eb58061_port_tight,256,B2,ours,heldout_gpqa_b8_l2_s3,9.2468017,9.2468017,0.0
7eb58061_port_tight,256,B2,ours,heldout_gpqa_b16_l2_s3,10.788447399999999,10.788447399999999,0.0
7eb58061_port_tight,256,B2,ours,heldout_gpqa_b2_l2_s7,5.393880700000003,5.393880700000003,0.0
7eb58061_port_tight,256,B2,ours,heldout_gpqa_b4_l2_s7,9.246696199999995,9.246696199999995,0.0
7eb58061_port_tight,256,B2,ours,heldout_gpqa_b8_l2_s7,13.09991553333334,13.09991553333334,0.0
7eb58061_port_tight,256,B2,ours,heldout_gpqa_b16_l2_s7,18.493734566666674,18.493734566666674,0.0
7eb58061_port_tight,256,B2,ours,heldout_gpqa_b2_l2_s11,4.623501266666667,4.623501266666667,0.0
7eb58061_port_tight,256,B2,ours,heldout_gpqa_b4_l2_s11,9.246620200000002,9.246620200000002,0.0
7eb58061_port_tight,256,B2,ours,heldout_gpqa_b8_l2_s11,14.64073840000001,14.64073840000001,0.0
7eb58061_port_tight,256,B2,ours,heldout_gpqa_b16_l2_s11,19.264655833333318,19.264655833333318,0.0
7eb58061_port_tight,256,B2,ours,heldout_gpqa_b2_l13_s3,5.393804700000001,5.393804700000001,0.0
7eb58061_port_tight,256,B2,ours,heldout_gpqa_b4_l13_s3,7.705480833333331,7.705480833333331,0.0
7eb58061_port_tight,256,B2,ours,heldout_gpqa_b8_l13_s3,10.788150066666676,10.788150066666676,0.0
7eb58061_port_tight,256,B2,ours,heldout_gpqa_b16_l13_s3,12.32960293333331,12.32960293333331,0.0
7eb58061_port_tight,256,B2,ours,heldout_gpqa_b2_l13_s7,5.393804700000001,5.393804700000001,0.0
7eb58061_port_tight,256,B2,ours,heldout_gpqa_b4_l13_s7,9.246620199999999,9.246620199999999,0.0
7eb58061_port_tight,256,B2,ours,heldout_gpqa_b8_l13_s7,13.870132799999984,13.870132799999984,0.0
7eb58061_port_tight,256,B2,ours,heldout_gpqa_b16_l13_s7,16.952754366666646,16.952754366666646,0.0
7eb58061_port_tight,256,B2,ours,heldout_gpqa_b2_l13_s11,3.8528175,3.8528175,0.0
7eb58061_port_tight,256,B2,ours,heldout_gpqa_b4_l13_s11,9.246686033333335,9.246686033333335,0.0
7eb58061_port_tight,256,B2,ours,heldout_gpqa_b8_l13_s11,11.558759833333323,11.558759833333323,0.0
7eb58061_port_tight,256,B2,ours,heldout_gpqa_b16_l13_s11,17.72353663333331,17.72353663333331,0.0
7eb58061_port_tight,256,B2,ours,heldout_gpqa_b2_l26_s3,5.393880700000002,5.393880700000002,0.0
7eb58061_port_tight,256,B2,ours,heldout_gpqa_b4_l26_s3,6.935185566666666,6.935185566666666,0.0
7eb58061_port_tight,256,B2,ours,heldout_gpqa_b8_l26_s3,10.01740046666667,10.01740046666667,0.0
7eb58061_port_tight,256,B2,ours,heldout_gpqa_b16_l26_s3,13.099964199999986,13.099964199999986,0.0
7eb58061_port_tight,256,B2,ours,heldout_gpqa_b2_l26_s7,5.3938806999999995,5.3938806999999995,0.0
7eb58061_port_tight,256,B2,ours,heldout_gpqa_b4_l26_s7,9.2466922,9.2466922,0.0
7eb58061_port_tight,256,B2,ours,heldout_gpqa_b8_l26_s7,13.099687200000009,13.099687200000009,0.0
7eb58061_port_tight,256,B2,ours,heldout_gpqa_b16_l26_s7,17.723320299999962,17.723320299999962,0.0
7eb58061_port_tight,256,B2,ours,heldout_gpqa_b2_l26_s11,5.393804700000004,5.393804700000004,0.0
7eb58061_port_tight,256,B2,ours,heldout_gpqa_b4_l26_s11,10.017067633333333,10.017067633333333,0.0
7eb58061_port_tight,256,B2,ours,heldout_gpqa_b8_l26_s11,13.099669033333317,13.099669033333317,0.0
7eb58061_port_tight,256,B2,ours,heldout_gpqa_b16_l26_s11,19.264748000000033,19.264748000000033,0.0
7eb58061_port_tight,256,B2,ours,heldout_swe_b2_l2_s3,5.393876699999998,5.393876699999998,0.0
7eb58061_port_tight,256,B2,ours,heldout_swe_b4_l2_s3,6.16449363333333,6.16449363333333,0.0
7eb58061_port_tight,256,B2,ours,heldout_swe_b8_l2_s3,6.935155899999997,6.935155899999997,0.0
7eb58061_port_tight,256,B2,ours,heldout_swe_b16_l2_s3,7.706110833333328,7.706110833333328,0.0
7eb58061_port_tight,256,B2,ours,heldout_swe_b2_l2_s7,5.393804699999998,5.393804699999998,0.0
7eb58061_port_tight,256,B2,ours,heldout_swe_b4_l2_s7,6.935105400000004,6.935105400000004,0.0
7eb58061_port_tight,256,B2,ours,heldout_swe_b8_l2_s7,6.935219900000003,6.935219900000003,0.0
7eb58061_port_tight,256,B2,ours,heldout_swe_b16_l2_s7,8.476636433333331,8.476636433333331,0.0
7eb58061_port_tight,256,B2,ours,heldout_swe_b2_l2_s11,5.393876700000003,5.393876700000003,0.0
7eb58061_port_tight,256,B2,ours,heldout_swe_b4_l2_s11,8.476090600000001,8.476090600000001,0.0
7eb58061_port_tight,256,B2,ours,heldout_swe_b8_l2_s11,7.7058246666666665,7.7058246666666665,0.0
7eb58061_port_tight,256,B2,ours,heldout_swe_b16_l2_s11,10.788301233333334,10.788301233333334,0.0
7eb58061_port_tight,256,B2,ours,heldout_swe_b2_l13_s3,5.3938806999999995,5.3938806999999995,0.0
7eb58061_port_tight,256,B2,ours,heldout_swe_b4_l13_s3,7.705715166666665,7.705715166666665,0.0
7eb58061_port_tight,256,B2,ours,heldout_swe_b8_l13_s3,7.705746500000003,7.705746500000003,0.0
7eb58061_port_tight,256,B2,ours,heldout_swe_b16_l13_s3,8.476650599999992,8.476650599999992,0.0
7eb58061_port_tight,256,B2,ours,heldout_swe_b2_l13_s7,5.3938806999999995,5.3938806999999995,0.0
7eb58061_port_tight,256,B2,ours,heldout_swe_b4_l13_s7,8.476234599999996,8.476234599999996,0.0
7eb58061_port_tight,256,B2,ours,heldout_swe_b8_l13_s7,8.476276266666668,8.476276266666668,0.0
7eb58061_port_tight,256,B2,ours,heldout_swe_b16_l13_s7,8.476712433333335,8.476712433333335,0.0
7eb58061_port_tight,256,B2,ours,heldout_swe_b2_l13_s11,4.62343326666667,4.62343326666667,0.0
7eb58061_port_tight,256,B2,ours,heldout_swe_b4_l13_s11,8.47624876666667,8.47624876666667,0.0
7eb58061_port_tight,256,B2,ours,heldout_swe_b8_l13_s11,7.705749666666667,7.705749666666667,0.0
7eb58061_port_tight,256,B2,ours,heldout_swe_b16_l13_s11,10.788373566666671,10.788373566666671,0.0
7eb58061_port_tight,256,B2,ours,heldout_swe_b2_l26_s3,4.623433266666669,4.623433266666669,0.0
7eb58061_port_tight,256,B2,ours,heldout_swe_b4_l26_s3,7.705715166666666,7.705715166666666,0.0
7eb58061_port_tight,256,B2,ours,heldout_swe_b8_l26_s3,9.246883866666668,9.246883866666668,0.0
7eb58061_port_tight,256,B2,ours,heldout_swe_b16_l26_s3,10.788378566666676,10.788378566666676,0.0
7eb58061_port_tight,256,B2,ours,heldout_swe_b2_l26_s7,5.393880700000002,5.393880700000002,0.0
7eb58061_port_tight,256,B2,ours,heldout_swe_b4_l26_s7,6.935333566666671,6.935333566666671,0.0
7eb58061_port_tight,256,B2,ours,heldout_swe_b8_l26_s7,8.476283266666673,8.476283266666673,0.0
7eb58061_port_tight,256,B2,ours,heldout_swe_b16_l26_s7,9.24725003333333,9.24725003333333,0.0
7eb58061_port_tight,256,B2,ours,heldout_swe_b2_l26_s11,5.393880700000003,5.393880700000003,0.0
7eb58061_port_tight,256,B2,ours,heldout_swe_b4_l26_s11,10.01706763333333,10.01706763333333,0.0
7eb58061_port_tight,256,B2,ours,heldout_swe_b8_l26_s11,7.705911666666671,7.705911666666671,0.0
7eb58061_port_tight,256,B2,ours,heldout_swe_b16_l26_s11,11.558903166666664,11.558903166666664,0.0
7eb58061_port_tight,256,B2,ours,v3_captured_mixed_heldout_bfcl_t64_l2,25.43075996666667,25.43075996666667,0.0
7eb58061_port_tight,256,B2,ours,v3_captured_mixed_heldout_bfcl_t96_l2,26.202764899999973,26.202764899999973,0.0
7eb58061_port_tight,256,B2,ours,v3_captured_mixed_heldout_bfcl_t128_l2,27.744993100000094,27.744993100000094,0.0
7eb58061_port_tight,256,B2,ours,v3_captured_mixed_heldout_bfcl_t64_l13,23.119151166666633,23.119151166666633,0.0
7eb58061_port_tight,256,B2,ours,v3_captured_mixed_heldout_bfcl_t96_l13,26.202753066666638,26.202753066666638,0.0
7eb58061_port_tight,256,B2,ours,v3_captured_mixed_heldout_bfcl_t128_l13,26.982437899999862,26.982437899999862,0.0
7eb58061_port_tight,256,B2,ours,v3_captured_mixed_heldout_bfcl_t64_l26,24.66034053333336,24.66034053333336,0.0
7eb58061_port_tight,256,B2,ours,v3_captured_mixed_heldout_bfcl_t96_l26,26.97315850000002,26.97315850000002,0.0
7eb58061_port_tight,256,B2,ours,v3_captured_mixed_heldout_bfcl_t128_l26,27.74506510000003,27.74506510000003,0.0
7eb58061_port_tight,256,B2,ours,v3_captured_mixed_heldout_gpqa_t64_l2,26.201273400000023,26.201273400000023,0.0
7eb58061_port_tight,256,B2,ours,v3_captured_mixed_heldout_gpqa_t96_l2,26.973136166666684,26.973136166666684,0.0
7eb58061_port_tight,256,B2,ours,v3_captured_mixed_heldout_gpqa_t128_l2,27.744963100000046,27.744963100000046,0.0
7eb58061_port_tight,256,B2,ours,v3_captured_mixed_heldout_gpqa_t64_l13,23.11905099999998,23.11905099999998,0.0
7eb58061_port_tight,256,B2,ours,v3_captured_mixed_heldout_gpqa_t96_l13,25.432012966666672,25.432012966666672,0.0
7eb58061_port_tight,256,B2,ours,v3_captured_mixed_heldout_gpqa_t128_l13,26.203921900000026,26.203921900000026,0.0
7eb58061_port_tight,256,B2,ours,v3_captured_mixed_heldout_gpqa_t64_l26,26.201265566666667,26.201265566666667,0.0
7eb58061_port_tight,256,B2,ours,v3_captured_mixed_heldout_gpqa_t96_l26,26.973196166666693,26.973196166666693,0.0
7eb58061_port_tight,256,B2,ours,v3_captured_mixed_heldout_gpqa_t128_l26,27.744951100000034,27.744951100000034,0.0
7eb58061_port_tight,256,B2,ours,v3_captured_mixed_heldout_swe_t64_l2,25.430703966666677,25.430703966666677,0.0
7eb58061_port_tight,256,B2,ours,v3_captured_mixed_heldout_swe_t96_l2,26.97310633333334,26.97310633333334,0.0
7eb58061_port_tight,256,B2,ours,v3_captured_mixed_heldout_swe_t128_l2,27.744957100000015,27.744957100000015,0.0
7eb58061_port_tight,256,B2,ours,v3_captured_mixed_heldout_swe_t64_l13,21.577997799999956,21.577997799999956,0.0
7eb58061_port_tight,256,B2,ours,v3_captured_mixed_heldout_swe_t96_l13,24.66153770000001,24.66153770000001,0.0
7eb58061_port_tight,256,B2,ours,v3_captured_mixed_heldout_swe_t128_l13,26.974443666666765,26.974443666666765,0.0
7eb58061_port_tight,256,B2,ours,v3_captured_mixed_heldout_swe_t64_l26,24.660240033333313,24.660240033333313,0.0
7eb58061_port_tight,256,B2,ours,v3_captured_mixed_heldout_swe_t96_l26,25.43206496666667,25.43206496666667,0.0
7eb58061_port_tight,256,B2,ours,v3_captured_mixed_heldout_swe_t128_l26,27.745006933333396,27.745006933333396,0.0
7eb58061_port_tight,256,best_hetero,nominal,heldout_bfcl_b2_l2_s3,5.393959014814814,5.393959014814814,0.0
7eb58061_port_tight,256,best_hetero,nominal,heldout_bfcl_b4_l2_s3,7.705644987654326,7.705644987654326,0.0
7eb58061_port_tight,256,best_hetero,nominal,heldout_bfcl_b8_l2_s3,10.787887320438967,10.787887320438967,0.0
7eb58061_port_tight,256,best_hetero,nominal,heldout_bfcl_b16_l2_s3,13.870448394269188,13.870448394269188,0.0
7eb58061_port_tight,256,best_hetero,nominal,heldout_bfcl_b2_l2_s7,5.393959014814814,5.393959014814814,0.0
7eb58061_port_tight,256,best_hetero,nominal,heldout_bfcl_b4_l2_s7,8.476182147325106,8.476182147325106,0.0
7eb58061_port_tight,256,best_hetero,nominal,heldout_bfcl_b8_l2_s7,11.5584887247371,11.5584887247371,0.0
7eb58061_port_tight,256,best_hetero,nominal,heldout_bfcl_b16_l2_s7,17.723025212267757,17.723025212267757,0.0
7eb58061_port_tight,256,best_hetero,nominal,heldout_bfcl_b2_l2_s11,3.8528815555555576,3.8528815555555576,0.0
7eb58061_port_tight,256,best_hetero,nominal,heldout_bfcl_b4_l2_s11,8.476182147325106,8.476182147325106,0.0
7eb58061_port_tight,256,best_hetero,nominal,heldout_bfcl_b8_l2_s11,12.328949324737094,12.328949324737094,0.0
7eb58061_port_tight,256,best_hetero,nominal,heldout_bfcl_b16_l2_s11,20.034595012267754,20.034595012267754,0.0
7eb58061_port_tight,256,best_hetero,nominal,heldout_bfcl_b2_l13_s3,4.623411155555557,4.623411155555557,0.0
7eb58061_port_tight,256,best_hetero,nominal,heldout_bfcl_b4_l13_s3,9.24671174732511,9.24671174732511,0.0
7eb58061_port_tight,256,best_hetero,nominal,heldout_bfcl_b8_l13_s3,11.558409920438956,11.558409920438956,0.0
7eb58061_port_tight,256,best_hetero,nominal,heldout_bfcl_b16_l13_s3,15.411508285068308,15.411508285068308,0.0
7eb58061_port_tight,256,best_hetero,nominal,heldout_bfcl_b2_l13_s7,5.393959014814814,5.393959014814814,0.0
7eb58061_port_tight,256,best_hetero,nominal,heldout_bfcl_b4_l13_s7,8.476182147325106,8.476182147325106,0.0
7eb58061_port_tight,256,best_hetero,nominal,heldout_bfcl_b8_l13_s7,12.329018324737085,12.329018324737085,0.0
7eb58061_port_tight,256,best_hetero,nominal,heldout_bfcl_b16_l13_s7,15.411508285068338,15.411508285068338,0.0
7eb58061_port_tight,256,best_hetero,nominal,heldout_bfcl_b2_l13_s11,3.852777666666668,3.852777666666668,0.0
7eb58061_port_tight,256,best_hetero,nominal,heldout_bfcl_b4_l13_s11,8.476098587654324,8.476098587654324,0.0
7eb58061_port_tight,256,best_hetero,nominal,heldout_bfcl_b8_l13_s11,10.78788732043897,10.78788732043897,0.0
7eb58061_port_tight,256,best_hetero,nominal,heldout_bfcl_b16_l13_s11,18.49355081226782,18.49355081226782,0.0
7eb58061_port_tight,256,best_hetero,nominal,heldout_bfcl_b2_l26_s3,5.393864755555558,5.393864755555558,0.0
7eb58061_port_tight,256,best_hetero,nominal,heldout_bfcl_b4_l26_s3,9.24671174732511,9.24671174732511,0.0
7eb58061_port_tight,256,best_hetero,nominal,heldout_bfcl_b8_l26_s3,12.328940324737081,12.328940324737081,0.0
7eb58061_port_tight,256,best_hetero,nominal,heldout_bfcl_b16_l26_s3,17.723079212267784,17.723079212267784,0.0
7eb58061_port_tight,256,best_hetero,nominal,heldout_bfcl_b2_l26_s7,4.623411155555557,4.623411155555557,0.0
7eb58061_port_tight,256,best_hetero,nominal,heldout_bfcl_b4_l26_s7,9.24671174732511,9.24671174732511,0.0
7eb58061_port_tight,256,best_hetero,nominal,heldout_bfcl_b8_l26_s7,13.099547460935838,13.099547460935838,0.0
7eb58061_port_tight,256,best_hetero,nominal,heldout_bfcl_b16_l26_s7,16.18202601226775,16.18202601226775,0.0
7eb58061_port_tight,256,best_hetero,nominal,heldout_bfcl_b2_l26_s11,3.8528815555555576,3.8528815555555576,0.0
7eb58061_port_tight,256,best_hetero,nominal,heldout_bfcl_b4_l26_s11,8.476182147325106,8.476182147325106,0.0
7eb58061_port_tight,256,best_hetero,nominal,heldout_bfcl_b8_l26_s11,13.099471924737069,13.099471924737069,0.0
7eb58061_port_tight,256,best_hetero,nominal,heldout_bfcl_b16_l26_s11,18.493608812267766,18.493608812267766,0.0
7eb58061_port_tight,256,best_hetero,nominal,heldout_gpqa_b2_l2_s3,5.393864755555558,5.393864755555558,0.0
7eb58061_port_tight,256,best_hetero,nominal,heldout_gpqa_b4_l2_s3,6.935115387654326,6.935115387654326,0.0
7eb58061_port_tight,256,best_hetero,nominal,heldout_gpqa_b8_l2_s3,9.24682941399177,9.24682941399177,0.0
7eb58061_port_tight,256,best_hetero,nominal,heldout_gpqa_b16_l2_s3,10.788325653772288,10.788325653772288,0.0
7eb58061_port_tight,256,best_hetero,nominal,heldout_gpqa_b2_l2_s7,5.393959014814814,5.393959014814814,0.0
7eb58061_port_tight,256,best_hetero,nominal,heldout_gpqa_b4_l2_s7,9.24671174732511,9.24671174732511,0.0
7eb58061_port_tight,256,best_hetero,nominal,heldout_gpqa_b8_l2_s7,13.099541460935836,13.099541460935836,0.0
7eb58061_port_tight,256,best_hetero,nominal,heldout_gpqa_b16_l2_s7,18.493535812267798,18.493535812267798,0.0
7eb58061_port_tight,256,best_hetero,nominal,heldout_gpqa_b2_l2_s11,4.623335155555559,4.623335155555559,0.0
7eb58061_port_tight,256,best_hetero,nominal,heldout_gpqa_b4_l2_s11,9.24663574732511,9.24663574732511,0.0
7eb58061_port_tight,256,best_hetero,nominal,heldout_gpqa_b8_l2_s11,14.640601351735008,14.640601351735008,0.0
7eb58061_port_tight,256,best_hetero,nominal,heldout_gpqa_b16_l2_s11,19.264128412267752,19.264128412267752,0.0
7eb58061_port_tight,256,best_hetero,nominal,heldout_gpqa_b2_l13_s3,5.393864755555558,5.393864755555558,0.0
7eb58061_port_tight,256,best_hetero,nominal,heldout_gpqa_b4_l13_s3,7.705570987654325,7.705570987654325,0.0
7eb58061_port_tight,256,best_hetero,nominal,heldout_gpqa_b8_l13_s3,10.787956320438955,10.787956320438955,0.0
7eb58061_port_tight,256,best_hetero,nominal,heldout_gpqa_b16_l13_s3,12.32950318710562,12.32950318710562,0.0
7eb58061_port_tight,256,best_hetero,nominal,heldout_gpqa_b2_l13_s7,5.393864755555558,5.393864755555558,0.0
7eb58061_port_tight,256,best_hetero,nominal,heldout_gpqa_b4_l13_s7,9.24663574732511,9.24663574732511,0.0
7eb58061_port_tight,256,best_hetero,nominal,heldout_gpqa_b8_l13_s7,13.869995060935853,13.869995060935853,0.0
7eb58061_port_tight,256,best_hetero,nominal,heldout_gpqa_b16_l13_s7,16.95255561226775,16.95255561226775,0.0
7eb58061_port_tight,256,best_hetero,nominal,heldout_gpqa_b2_l13_s11,3.852777666666668,3.852777666666668,0.0
7eb58061_port_tight,256,best_hetero,nominal,heldout_gpqa_b4_l13_s11,9.24671174732511,9.24671174732511,0.0
7eb58061_port_tight,256,best_hetero,nominal,heldout_gpqa_b8_l13_s11,11.558486724737083,11.558486724737083,0.0
7eb58061_port_tight,256,best_hetero,nominal,heldout_gpqa_b16_l13_s11,17.723009212267733,17.723009212267733,0.0
7eb58061_port_tight,256,best_hetero,nominal,heldout_gpqa_b2_l26_s3,5.393959014814814,5.393959014814814,0.0
7eb58061_port_tight,256,best_hetero,nominal,heldout_gpqa_b4_l26_s3,6.935027548148153,6.935027548148153,0.0
7eb58061_port_tight,256,best_hetero,nominal,heldout_gpqa_b8_l26_s3,10.01734601399177,10.01734601399177,0.0
7eb58061_port_tight,256,best_hetero,nominal,heldout_gpqa_b16_l26_s3,13.099989258070417,13.099989258070417,0.0
7eb58061_port_tight,256,best_hetero,nominal,heldout_gpqa_b2_l26_s7,5.393959014814814,5.393959014814814,0.0
7eb58061_port_tight,256,best_hetero,nominal,heldout_gpqa_b4_l26_s7,9.24663574732511,9.24663574732511,0.0
7eb58061_port_tight,256,best_hetero,nominal,heldout_gpqa_b8_l26_s7,13.099541460935836,13.099541460935836,0.0
7eb58061_port_tight,256,best_hetero,nominal,heldout_gpqa_b16_l26_s7,17.723101212267757,17.723101212267757,0.0
7eb58061_port_tight,256,best_hetero,nominal,heldout_gpqa_b2_l26_s11,5.393864755555558,5.393864755555558,0.0
7eb58061_port_tight,256,best_hetero,nominal,heldout_gpqa_b4_l26_s11,10.017165347325113,10.017165347325113,0.0
7eb58061_port_tight,256,best_hetero,nominal,heldout_gpqa_b8_l26_s11,13.099541460935828,13.099541460935828,0.0
7eb58061_port_tight,256,best_hetero,nominal,heldout_gpqa_b16_l26_s11,19.264138412267744,19.264138412267744,0.0
7eb58061_port_tight,256,best_hetero,nominal,heldout_swe_b2_l2_s3,5.393864755555558,5.393864755555558,0.0
7eb58061_port_tight,256,best_hetero,nominal,heldout_swe_b4_l2_s3,6.164499948148148,6.164499948148148,0.0
7eb58061_port_tight,256,best_hetero,nominal,heldout_swe_b8_l2_s3,6.935236214814815,6.935236214814815,0.0
7eb58061_port_tight,256,best_hetero,nominal,heldout_swe_b16_l2_s3,7.706315111111117,7.706315111111117,0.0
7eb58061_port_tight,256,best_hetero,nominal,heldout_swe_b2_l2_s7,5.393864755555558,5.393864755555558,0.0
7eb58061_port_tight,256,best_hetero,nominal,heldout_swe_b4_l2_s7,6.935029548148148,6.935029548148148,0.0
7eb58061_port_tight,256,best_hetero,nominal,heldout_swe_b8_l2_s7,6.935312054320983,6.935312054320983,0.0
7eb58061_port_tight,256,best_hetero,nominal,heldout_swe_b16_l2_s7,9.247185747325114,9.247185747325114,0.0
7eb58061_port_tight,256,best_hetero,nominal,heldout_swe_b2_l2_s11,5.393864755555558,5.393864755555558,0.0
7eb58061_port_tight,256,best_hetero,nominal,heldout_swe_b4_l2_s11,8.476098587654322,8.476098587654322,0.0
7eb58061_port_tight,256,best_hetero,nominal,heldout_swe_b8_l2_s11,7.705762654320987,7.705762654320987,0.0
7eb58061_port_tight,256,best_hetero,nominal,heldout_swe_b16_l2_s11,10.788333653772286,10.788333653772286,0.0
7eb58061_port_tight,256,best_hetero,nominal,heldout_swe_b2_l13_s3,5.393959014814814,5.393959014814814,0.0
7eb58061_port_tight,256,best_hetero,nominal,heldout_swe_b4_l13_s3,7.7055689876543205,7.7055689876543205,0.0
7eb58061_port_tight,256,best_hetero,nominal,heldout_swe_b8_l13_s3,7.705838654320993,7.705838654320993,0.0
7eb58061_port_tight,256,best_hetero,nominal,heldout_swe_b16_l13_s3,8.476660587654322,8.476660587654322,0.0
7eb58061_port_tight,256,best_hetero,nominal,heldout_swe_b2_l13_s7,5.393959014814814,5.393959014814814,0.0
7eb58061_port_tight,256,best_hetero,nominal,heldout_swe_b4_l13_s7,8.476098587654324,8.476098587654324,0.0
7eb58061_port_tight,256,best_hetero,nominal,heldout_swe_b8_l13_s7,8.476286254320987,8.476286254320987,0.0
7eb58061_port_tight,256,best_hetero,nominal,heldout_swe_b16_l13_s7,8.476740147325096,8.476740147325096,0.0
7eb58061_port_tight,256,best_hetero,nominal,heldout_swe_b2_l13_s11,4.623411155555557,4.623411155555557,0.0
7eb58061_port_tight,256,best_hetero,nominal,heldout_swe_b4_l13_s11,8.476182147325106,8.476182147325106,0.0
7eb58061_port_tight,256,best_hetero,nominal,heldout_swe_b8_l13_s11,7.7057596543209845,7.7057596543209845,0.0
7eb58061_port_tight,256,best_hetero,nominal,heldout_swe_b16_l13_s11,10.788313653772288,10.788313653772288,0.0
7eb58061_port_tight,256,best_hetero,nominal,heldout_swe_b2_l26_s3,4.623411155555557,4.623411155555557,0.0
7eb58061_port_tight,256,best_hetero,nominal,heldout_swe_b4_l26_s3,7.705568987654326,7.705568987654326,0.0
7eb58061_port_tight,256,best_hetero,nominal,heldout_swe_b8_l26_s3,9.246829413991776,9.246829413991776,0.0
7eb58061_port_tight,256,best_hetero,nominal,heldout_swe_b16_l26_s3,10.78831065377229,10.78831065377229,0.0
7eb58061_port_tight,256,best_hetero,nominal,heldout_swe_b2_l26_s7,5.393959014814814,5.393959014814814,0.0
7eb58061_port_tight,256,best_hetero,nominal,heldout_swe_b4_l26_s7,6.935115387654326,6.935115387654326,0.0
7eb58061_port_tight,256,best_hetero,nominal,heldout_swe_b8_l26_s7,8.47637281399176,8.47637281399176,0.0
7eb58061_port_tight,256,best_hetero,nominal,heldout_swe_b16_l26_s7,9.247205747325104,9.247205747325104,0.0
7eb58061_port_tight,256,best_hetero,nominal,heldout_swe_b2_l26_s11,5.393959014814814,5.393959014814814,0.0
7eb58061_port_tight,256,best_hetero,nominal,heldout_swe_b4_l26_s11,10.017165347325113,10.017165347325113,0.0
7eb58061_port_tight,256,best_hetero,nominal,heldout_swe_b8_l26_s11,7.705777654320987,7.705777654320987,0.0
7eb58061_port_tight,256,best_hetero,nominal,heldout_swe_b16_l26_s11,11.558952880658419,11.558952880658419,0.0
7eb58061_port_tight,256,best_hetero,nominal,v3_captured_mixed_heldout_bfcl_t64_l2,24.66067133031551,24.66067133031551,0.0
7eb58061_port_tight,256,best_hetero,nominal,v3_captured_mixed_heldout_bfcl_t96_l2,26.20299662708261,26.20299662708261,0.0
7eb58061_port_tight,256,best_hetero,nominal,v3_captured_mixed_heldout_bfcl_t128_l2,26.975000474927644,26.975000474927644,0.0
7eb58061_port_tight,256,best_hetero,nominal,v3_captured_mixed_heldout_bfcl_t64_l13,22.348502812267757,22.348502812267757,0.0
7eb58061_port_tight,256,best_hetero,nominal,v3_captured_mixed_heldout_bfcl_t96_l13,25.432156545601096,25.432156545601096,0.0
7eb58061_port_tight,256,best_hetero,nominal,v3_captured_mixed_heldout_bfcl_t128_l13,26.203965478934414,26.203965478934414,0.0
7eb58061_port_tight,256,best_hetero,nominal,v3_captured_mixed_heldout_bfcl_t64_l26,23.88961001226776,23.88961001226776,0.0
7eb58061_port_tight,256,best_hetero,nominal,v3_captured_mixed_heldout_bfcl_t96_l26,26.2029448122678,26.2029448122678,0.0
7eb58061_port_tight,256,best_hetero,nominal,v3_captured_mixed_heldout_bfcl_t128_l26,28.515550278934455,28.515550278934455,0.0
7eb58061_port_tight,256,best_hetero,nominal,v3_captured_mixed_heldout_gpqa_t64_l2,25.430707212267762,25.430707212267762,0.0
7eb58061_port_tight,256,best_hetero,nominal,v3_captured_mixed_heldout_gpqa_t96_l2,26.973171745601142,26.973171745601142,0.0
7eb58061_port_tight,256,best_hetero,nominal,v3_captured_mixed_heldout_gpqa_t128_l2,28.515636574796307,28.515636574796307,0.0
7eb58061_port_tight,256,best_hetero,nominal,v3_captured_mixed_heldout_gpqa_t64_l13,22.34867114560111,22.34867114560111,0.0
7eb58061_port_tight,256,best_hetero,nominal,v3_captured_mixed_heldout_gpqa_t96_l13,24.661526945601157,24.661526945601157,0.0
7eb58061_port_tight,256,best_hetero,nominal,v3_captured_mixed_heldout_gpqa_t128_l13,27.745000678934403,27.745000678934403,0.0
7eb58061_port_tight,256,best_hetero,nominal,v3_captured_mixed_heldout_gpqa_t64_l26,25.430689212267765,25.430689212267765,0.0
7eb58061_port_tight,256,best_hetero,nominal,v3_captured_mixed_heldout_gpqa_t96_l26,26.202818026259518,26.202818026259518,0.0
7eb58061_port_tight,256,best_hetero,nominal,v3_captured_mixed_heldout_gpqa_t128_l26,29.286101878934474,29.286101878934474,0.0
7eb58061_port_tight,256,best_hetero,nominal,v3_captured_mixed_heldout_swe_t64_l2,25.430649212267756,25.430649212267756,0.0
7eb58061_port_tight,256,best_hetero,nominal,v3_captured_mixed_heldout_swe_t96_l2,26.202906627082623,26.202906627082623,0.0
7eb58061_port_tight,256,best_hetero,nominal,v3_captured_mixed_heldout_swe_t128_l2,28.515745363734062,28.515745363734062,0.0
7eb58061_port_tight,256,best_hetero,nominal,v3_captured_mixed_heldout_swe_t64_l13,20.80764570729054,20.80764570729054,0.0
7eb58061_port_tight,256,best_hetero,nominal,v3_captured_mixed_heldout_swe_t96_l13,23.890959345601097,23.890959345601097,0.0
7eb58061_port_tight,256,best_hetero,nominal,v3_captured_mixed_heldout_swe_t128_l13,26.974602433216475,26.974602433216475,0.0
7eb58061_port_tight,256,best_hetero,nominal,v3_captured_mixed_heldout_swe_t64_l26,23.889612012267744,23.889612012267744,0.0
7eb58061_port_tight,256,best_hetero,nominal,v3_captured_mixed_heldout_swe_t96_l26,24.661578945601093,24.661578945601093,0.0
7eb58061_port_tight,256,best_hetero,nominal,v3_captured_mixed_heldout_swe_t128_l26,30.056617478934466,30.056617478934466,0.0
7eb58061_port_tight,256,best_hetero,ours,heldout_bfcl_b2_l2_s3,5.393870533333329,5.393870533333329,0.0
7eb58061_port_tight,256,best_hetero,ours,heldout_bfcl_b4_l2_s3,7.7055446666666665,7.7055446666666665,0.0
7eb58061_port_tight,256,best_hetero,ours,heldout_bfcl_b8_l2_s3,10.78777473333333,10.78777473333333,0.0
7eb58061_port_tight,256,best_hetero,ours,heldout_bfcl_b16_l2_s3,13.870331466666672,13.870331466666672,0.0
7eb58061_port_tight,256,best_hetero,ours,heldout_bfcl_b2_l2_s7,5.393870533333329,5.393870533333329,0.0
7eb58061_port_tight,256,best_hetero,ours,heldout_bfcl_b4_l2_s7,8.476074266666664,8.476074266666664,0.0
7eb58061_port_tight,256,best_hetero,ours,heldout_bfcl_b8_l2_s7,11.558373333333334,11.558373333333334,0.0
7eb58061_port_tight,256,best_hetero,ours,heldout_bfcl_b16_l2_s7,17.722907466666676,17.722907466666676,0.0
7eb58061_port_tight,256,best_hetero,ours,heldout_bfcl_b2_l2_s11,3.852811333333331,3.852811333333331,0.0
7eb58061_port_tight,256,best_hetero,ours,heldout_bfcl_b4_l2_s11,8.476074266666664,8.476074266666664,0.0
7eb58061_port_tight,256,best_hetero,ours,heldout_bfcl_b8_l2_s11,12.328833933333334,12.328833933333334,0.0
7eb58061_port_tight,256,best_hetero,ours,heldout_bfcl_b16_l2_s11,20.034477266666656,20.034477266666656,0.0
7eb58061_port_tight,256,best_hetero,ours,heldout_bfcl_b2_l13_s3,4.6233409333333295,4.6233409333333295,0.0
7eb58061_port_tight,256,best_hetero,ours,heldout_bfcl_b4_l13_s3,9.246603866666664,9.246603866666664,0.0
7eb58061_port_tight,256,best_hetero,ours,heldout_bfcl_b8_l13_s3,11.55829733333334,11.55829733333334,0.0
7eb58061_port_tight,256,best_hetero,ours,heldout_bfcl_b16_l13_s3,15.411390666666675,15.411390666666675,0.0
7eb58061_port_tight,256,best_hetero,ours,heldout_bfcl_b2_l13_s7,5.393870533333329,5.393870533333329,0.0
7eb58061_port_tight,256,best_hetero,ours,heldout_bfcl_b4_l13_s7,8.476074266666664,8.476074266666664,0.0
7eb58061_port_tight,256,best_hetero,ours,heldout_bfcl_b8_l13_s7,12.328902933333339,12.328902933333339,0.0
7eb58061_port_tight,256,best_hetero,ours,heldout_bfcl_b16_l13_s7,15.411390666666666,15.411390666666666,0.0
7eb58061_port_tight,256,best_hetero,ours,heldout_bfcl_b2_l13_s11,3.8527353333333316,3.8527353333333316,0.0
7eb58061_port_tight,256,best_hetero,ours,heldout_bfcl_b4_l13_s11,8.475998266666664,8.475998266666664,0.0
7eb58061_port_tight,256,best_hetero,ours,heldout_bfcl_b8_l13_s11,10.78777473333333,10.78777473333333,0.0
7eb58061_port_tight,256,best_hetero,ours,heldout_bfcl_b16_l13_s11,18.493433066666675,18.493433066666675,0.0
7eb58061_port_tight,256,best_hetero,ours,heldout_bfcl_b2_l26_s3,5.393794533333331,5.393794533333331,0.0
7eb58061_port_tight,256,best_hetero,ours,heldout_bfcl_b4_l26_s3,9.246603866666664,9.246603866666664,0.0
7eb58061_port_tight,256,best_hetero,ours,heldout_bfcl_b8_l26_s3,12.328824933333333,12.328824933333333,0.0
7eb58061_port_tight,256,best_hetero,ours,heldout_bfcl_b16_l26_s3,17.722961466666675,17.722961466666675,0.0
7eb58061_port_tight,256,best_hetero,ours,heldout_bfcl_b2_l26_s7,4.6233409333333295,4.6233409333333295,0.0
7eb58061_port_tight,256,best_hetero,ours,heldout_bfcl_b4_l26_s7,9.246603866666664,9.246603866666664,0.0
7eb58061_port_tight,256,best_hetero,ours,heldout_bfcl_b8_l26_s7,13.099430533333333,13.099430533333333,0.0
7eb58061_port_tight,256,best_hetero,ours,heldout_bfcl_b16_l26_s7,16.181908266666678,16.181908266666678,0.0
7eb58061_port_tight,256,best_hetero,ours,heldout_bfcl_b2_l26_s11,3.852811333333331,3.852811333333331,0.0
7eb58061_port_tight,256,best_hetero,ours,heldout_bfcl_b4_l26_s11,8.476074266666664,8.476074266666664,0.0
7eb58061_port_tight,256,best_hetero,ours,heldout_bfcl_b8_l26_s11,13.099356533333333,13.099356533333333,0.0
7eb58061_port_tight,256,best_hetero,ours,heldout_bfcl_b16_l26_s11,18.493491066666678,18.493491066666678,0.0
7eb58061_port_tight,256,best_hetero,ours,heldout_gpqa_b2_l2_s3,5.393794533333331,5.393794533333331,0.0
7eb58061_port_tight,256,best_hetero,ours,heldout_gpqa_b4_l2_s3,6.935015066666662,6.935015066666662,0.0
7eb58061_port_tight,256,best_hetero,ours,heldout_gpqa_b8_l2_s3,9.246721533333334,9.246721533333334,0.0
7eb58061_port_tight,256,best_hetero,ours,heldout_gpqa_b16_l2_s3,11.558662666666656,11.558662666666656,0.0
7eb58061_port_tight,256,best_hetero,ours,heldout_gpqa_b2_l2_s7,5.393870533333329,5.393870533333329,0.0
7eb58061_port_tight,256,best_hetero,ours,heldout_gpqa_b4_l2_s7,9.246603866666664,9.246603866666664,0.0
7eb58061_port_tight,256,best_hetero,ours,heldout_gpqa_b8_l2_s7,13.099424533333341,13.099424533333341,0.0
7eb58061_port_tight,256,best_hetero,ours,heldout_gpqa_b16_l2_s7,18.493418066666674,18.493418066666674,0.0
7eb58061_port_tight,256,best_hetero,ours,heldout_gpqa_b2_l2_s11,4.623264933333334,4.623264933333334,0.0
7eb58061_port_tight,256,best_hetero,ours,heldout_gpqa_b4_l2_s11,9.246527866666666,9.246527866666666,0.0
7eb58061_port_tight,256,best_hetero,ours,heldout_gpqa_b8_l2_s11,14.640483733333333,14.640483733333333,0.0
7eb58061_port_tight,256,best_hetero,ours,heldout_gpqa_b16_l2_s11,19.264010666666675,19.264010666666675,0.0
7eb58061_port_tight,256,best_hetero,ours,heldout_gpqa_b2_l13_s3,5.393794533333331,5.393794533333331,0.0
7eb58061_port_tight,256,best_hetero,ours,heldout_gpqa_b4_l13_s3,7.705470666666666,7.705470666666666,0.0
7eb58061_port_tight,256,best_hetero,ours,heldout_gpqa_b8_l13_s3,10.787843733333338,10.787843733333338,0.0
7eb58061_port_tight,256,best_hetero,ours,heldout_gpqa_b16_l13_s3,12.32934826666666,12.32934826666666,0.0
7eb58061_port_tight,256,best_hetero,ours,heldout_gpqa_b2_l13_s7,5.393794533333331,5.393794533333331,0.0
7eb58061_port_tight,256,best_hetero,ours,heldout_gpqa_b4_l13_s7,9.246527866666664,9.246527866666664,0.0
7eb58061_port_tight,256,best_hetero,ours,heldout_gpqa_b8_l13_s7,13.86987813333334,13.86987813333334,0.0
7eb58061_port_tight,256,best_hetero,ours,heldout_gpqa_b16_l13_s7,16.952437866666678,16.952437866666678,0.0
7eb58061_port_tight,256,best_hetero,ours,heldout_gpqa_b2_l13_s11,3.8527353333333334,3.8527353333333334,0.0
7eb58061_port_tight,256,best_hetero,ours,heldout_gpqa_b4_l13_s11,9.246603866666664,9.246603866666664,0.0
7eb58061_port_tight,256,best_hetero,ours,heldout_gpqa_b8_l13_s11,11.558371333333339,11.558371333333339,0.0
7eb58061_port_tight,256,best_hetero,ours,heldout_gpqa_b16_l13_s11,17.72289146666668,17.72289146666668,0.0
7eb58061_port_tight,256,best_hetero,ours,heldout_gpqa_b2_l26_s3,5.393870533333329,5.393870533333329,0.0
7eb58061_port_tight,256,best_hetero,ours,heldout_gpqa_b4_l26_s3,6.934939066666667,6.934939066666667,0.0
7eb58061_port_tight,256,best_hetero,ours,heldout_gpqa_b8_l26_s3,10.017238133333331,10.017238133333331,0.0
7eb58061_port_tight,256,best_hetero,ours,heldout_gpqa_b16_l26_s3,13.870251466666641,13.870251466666641,0.0
7eb58061_port_tight,256,best_hetero,ours,heldout_gpqa_b2_l26_s7,5.393870533333329,5.393870533333329,0.0
7eb58061_port_tight,256,best_hetero,ours,heldout_gpqa_b4_l26_s7,9.246527866666664,9.246527866666664,0.0
7eb58061_port_tight,256,best_hetero,ours,heldout_gpqa_b8_l26_s7,13.099424533333334,13.099424533333334,0.0
7eb58061_port_tight,256,best_hetero,ours,heldout_gpqa_b16_l26_s7,17.722983466666683,17.722983466666683,0.0
7eb58061_port_tight,256,best_hetero,ours,heldout_gpqa_b2_l26_s11,5.393794533333331,5.393794533333331,0.0
7eb58061_port_tight,256,best_hetero,ours,heldout_gpqa_b4_l26_s11,10.017057466666664,10.017057466666664,0.0
7eb58061_port_tight,256,best_hetero,ours,heldout_gpqa_b8_l26_s11,13.099424533333341,13.099424533333341,0.0
7eb58061_port_tight,256,best_hetero,ours,heldout_gpqa_b16_l26_s11,19.264020666666674,19.264020666666674,0.0
7eb58061_port_tight,256,best_hetero,ours,heldout_swe_b2_l2_s3,5.393794533333331,5.393794533333331,0.0
7eb58061_port_tight,256,best_hetero,ours,heldout_swe_b4_l2_s3,6.1644114666666665,6.1644114666666665,0.0
7eb58061_port_tight,256,best_hetero,ours,heldout_swe_b8_l2_s3,6.935147733333334,6.935147733333334,0.0
7eb58061_port_tight,256,best_hetero,ours,heldout_swe_b16_l2_s3,7.706174666666667,7.706174666666667,0.0
7eb58061_port_tight,256,best_hetero,ours,heldout_swe_b2_l2_s7,5.393794533333331,5.393794533333331,0.0
7eb58061_port_tight,256,best_hetero,ours,heldout_swe_b4_l2_s7,6.9349410666666635,6.9349410666666635,0.0
7eb58061_port_tight,256,best_hetero,ours,heldout_swe_b8_l2_s7,6.935211733333328,6.935211733333328,0.0
7eb58061_port_tight,256,best_hetero,ours,heldout_swe_b16_l2_s7,8.476628266666667,8.476628266666667,0.0
7eb58061_port_tight,256,best_hetero,ours,heldout_swe_b2_l2_s11,5.393794533333331,5.393794533333331,0.0
7eb58061_port_tight,256,best_hetero,ours,heldout_swe_b4_l2_s11,8.475998266666664,8.475998266666664,0.0
7eb58061_port_tight,256,best_hetero,ours,heldout_swe_b8_l2_s11,7.705662333333333,7.705662333333333,0.0
7eb58061_port_tight,256,best_hetero,ours,heldout_swe_b16_l2_s11,10.788221066666674,10.788221066666674,0.0
7eb58061_port_tight,256,best_hetero,ours,heldout_swe_b2_l13_s3,5.393870533333329,5.393870533333329,0.0
7eb58061_port_tight,256,best_hetero,ours,heldout_swe_b4_l13_s3,7.705468666666666,7.705468666666666,0.0
7eb58061_port_tight,256,best_hetero,ours,heldout_swe_b8_l13_s3,7.705738333333333,7.705738333333333,0.0
7eb58061_port_tight,256,best_hetero,ours,heldout_swe_b16_l13_s3,8.47656026666667,8.47656026666667,0.0
7eb58061_port_tight,256,best_hetero,ours,heldout_swe_b2_l13_s7,5.393870533333329,5.393870533333329,0.0
7eb58061_port_tight,256,best_hetero,ours,heldout_swe_b4_l13_s7,8.475998266666666,8.475998266666666,0.0
7eb58061_port_tight,256,best_hetero,ours,heldout_swe_b8_l13_s7,8.476185933333333,8.476185933333333,0.0
7eb58061_port_tight,256,best_hetero,ours,heldout_swe_b16_l13_s7,8.476632266666668,8.476632266666668,0.0
7eb58061_port_tight,256,best_hetero,ours,heldout_swe_b2_l13_s11,4.6233409333333295,4.6233409333333295,0.0
7eb58061_port_tight,256,best_hetero,ours,heldout_swe_b4_l13_s11,8.476074266666664,8.476074266666664,0.0
7eb58061_port_tight,256,best_hetero,ours,heldout_swe_b8_l13_s11,7.705659333333333,7.705659333333333,0.0
7eb58061_port_tight,256,best_hetero,ours,heldout_swe_b16_l13_s11,10.788201066666673,10.788201066666673,0.0
7eb58061_port_tight,256,best_hetero,ours,heldout_swe_b2_l26_s3,4.6233409333333295,4.6233409333333295,0.0
7eb58061_port_tight,256,best_hetero,ours,heldout_swe_b4_l26_s3,7.705468666666663,7.705468666666663,0.0
7eb58061_port_tight,256,best_hetero,ours,heldout_swe_b8_l26_s3,9.246721533333334,9.246721533333334,0.0
7eb58061_port_tight,256,best_hetero,ours,heldout_swe_b16_l26_s3,10.788198066666672,10.788198066666672,0.0
7eb58061_port_tight,256,best_hetero,ours,heldout_swe_b2_l26_s7,5.393870533333329,5.393870533333329,0.0
7eb58061_port_tight,256,best_hetero,ours,heldout_swe_b4_l26_s7,6.935015066666662,6.935015066666662,0.0
7eb58061_port_tight,256,best_hetero,ours,heldout_swe_b8_l26_s7,8.476264933333333,8.476264933333333,0.0
7eb58061_port_tight,256,best_hetero,ours,heldout_swe_b16_l26_s7,9.24709786666667,9.24709786666667,0.0
7eb58061_port_tight,256,best_hetero,ours,heldout_swe_b2_l26_s11,5.393870533333329,5.393870533333329,0.0
7eb58061_port_tight,256,best_hetero,ours,heldout_swe_b4_l26_s11,10.017057466666664,10.017057466666664,0.0
7eb58061_port_tight,256,best_hetero,ours,heldout_swe_b8_l26_s11,7.70567733333333,7.70567733333333,0.0
7eb58061_port_tight,256,best_hetero,ours,heldout_swe_b16_l26_s11,11.558802666666669,11.558802666666669,0.0
7eb58061_port_tight,256,best_hetero,ours,v3_captured_mixed_heldout_bfcl_t64_l2,24.659993865118413,24.659993865118413,0.0
7eb58061_port_tight,256,best_hetero,ours,v3_captured_mixed_heldout_bfcl_t96_l2,26.202790399999977,26.202790399999977,0.0
7eb58061_port_tight,256,best_hetero,ours,v3_captured_mixed_heldout_bfcl_t128_l2,27.7449109333333,27.7449109333333,0.0
7eb58061_port_tight,256,best_hetero,ours,v3_captured_mixed_heldout_bfcl_t64_l13,22.348457065118502,22.348457065118502,0.0
7eb58061_port_tight,256,best_hetero,ours,v3_captured_mixed_heldout_bfcl_t96_l13,26.20268839999998,26.20268839999998,0.0
7eb58061_port_tight,256,best_hetero,ours,v3_captured_mixed_heldout_bfcl_t128_l13,26.97436933333331,26.97436933333331,0.0
7eb58061_port_tight,256,best_hetero,ours,v3_captured_mixed_heldout_bfcl_t64_l26,23.889564265118423,23.889564265118423,0.0
7eb58061_port_tight,256,best_hetero,ours,v3_captured_mixed_heldout_bfcl_t96_l26,26.973464000000025,26.973464000000025,0.0
7eb58061_port_tight,256,best_hetero,ours,v3_captured_mixed_heldout_bfcl_t128_l26,28.51598947292586,28.51598947292586,0.0
7eb58061_port_tight,256,best_hetero,ours,v3_captured_mixed_heldout_gpqa_t64_l2,25.430589465118434,25.430589465118434,0.0
7eb58061_port_tight,256,best_hetero,ours,v3_captured_mixed_heldout_gpqa_t96_l2,26.973053999999976,26.973053999999976,0.0
7eb58061_port_tight,256,best_hetero,ours,v3_captured_mixed_heldout_gpqa_t128_l2,29.285996133333285,29.285996133333285,0.0
7eb58061_port_tight,256,best_hetero,ours,v3_captured_mixed_heldout_gpqa_t64_l13,22.348439065118445,22.348439065118445,0.0
7eb58061_port_tight,256,best_hetero,ours,v3_captured_mixed_heldout_gpqa_t96_l13,24.661409199999987,24.661409199999987,0.0
7eb58061_port_tight,256,best_hetero,ours,v3_captured_mixed_heldout_gpqa_t128_l13,30.056447733333336,30.056447733333336,0.0
7eb58061_port_tight,256,best_hetero,ours,v3_captured_mixed_heldout_gpqa_t64_l26,25.43057146666667,25.43057146666667,0.0
7eb58061_port_tight,256,best_hetero,ours,v3_captured_mixed_heldout_gpqa_t96_l26,26.97304199999996,26.97304199999996,0.0
7eb58061_port_tight,256,best_hetero,ours,v3_captured_mixed_heldout_gpqa_t128_l26,30.827027333333305,30.827027333333305,0.0
7eb58061_port_tight,256,best_hetero,ours,v3_captured_mixed_heldout_swe_t64_l2,25.430531466666647,25.430531466666647,0.0
7eb58061_port_tight,256,best_hetero,ours,v3_captured_mixed_heldout_swe_t96_l2,26.202844399999982,26.202844399999982,0.0
7eb58061_port_tight,256,best_hetero,ours,v3_captured_mixed_heldout_swe_t128_l2,29.286186990478384,29.286186990478384,0.0
7eb58061_port_tight,256,best_hetero,ours,v3_captured_mixed_heldout_swe_t64_l13,20.807313865118452,20.807313865118452,0.0
7eb58061_port_tight,256,best_hetero,ours,v3_captured_mixed_heldout_swe_t96_l13,25.43188479999998,25.43188479999998,0.0
7eb58061_port_tight,256,best_hetero,ours,v3_captured_mixed_heldout_swe_t128_l13,28.515383390476675,28.515383390476675,0.0
7eb58061_port_tight,256,best_hetero,ours,v3_captured_mixed_heldout_swe_t64_l26,23.88949426666661,23.88949426666661,0.0
7eb58061_port_tight,256,best_hetero,ours,v3_captured_mixed_heldout_swe_t96_l26,24.66146119837531,24.66146119837531,0.0
7eb58061_port_tight,256,best_hetero,ours,v3_captured_mixed_heldout_swe_t128_l26,28.51558139047612,28.51558139047612,0.0
7eb58061_pipelined,520,B1,nominal,heldout_bfcl_b2_l2_s3,0.9475453333333332,0.9475453333333332,0.0
7eb58061_pipelined,520,B1,nominal,heldout_bfcl_b4_l2_s3,1.3537146666666666,1.3537146666666666,0.0
7eb58061_pipelined,520,B1,nominal,heldout_bfcl_b8_l2_s3,1.8276853333333332,1.8276853333333332,0.0
7eb58061_pipelined,520,B1,nominal,heldout_bfcl_b16_l2_s3,2.4371786666666666,2.4371786666666666,0.0
7eb58061_pipelined,520,B1,nominal,heldout_bfcl_b2_l2_s7,0.9475453333333332,0.9475453333333332,0.0
7eb58061_pipelined,520,B1,nominal,heldout_bfcl_b4_l2_s7,1.4890706666666664,1.4890706666666664,0.0
7eb58061_pipelined,520,B1,nominal,heldout_bfcl_b8_l2_s7,2.0306933333333332,2.0306933333333332,0.0
7eb58061_pipelined,520,B1,nominal,heldout_bfcl_b16_l2_s7,3.0463346666666666,3.0463346666666666,0.0
7eb58061_pipelined,520,B1,nominal,heldout_bfcl_b2_l2_s11,0.6768253333333333,0.6768253333333333,0.0
7eb58061_pipelined,520,B1,nominal,heldout_bfcl_b4_l2_s11,1.4890706666666664,1.4890706666666664,0.0
7eb58061_pipelined,520,B1,nominal,heldout_bfcl_b8_l2_s11,2.0983973333333332,2.0983973333333332,0.0
7eb58061_pipelined,520,B1,nominal,heldout_bfcl_b16_l2_s11,3.4524306666666664,3.4524306666666664,0.0
7eb58061_pipelined,520,B1,nominal,heldout_bfcl_b2_l13_s3,0.8121853333333332,0.8121853333333332,0.0
7eb58061_pipelined,520,B1,nominal,heldout_bfcl_b4_l13_s3,1.6244306666666666,1.6244306666666666,0.0
7eb58061_pipelined,520,B1,nominal,heldout_bfcl_b8_l13_s3,1.9629773333333334,1.9629773333333334,0.0
7eb58061_pipelined,520,B1,nominal,heldout_bfcl_b16_l13_s3,2.7078346666666664,2.7078346666666664,0.0
7eb58061_pipelined,520,B1,nominal,heldout_bfcl_b2_l13_s7,0.9475453333333332,0.9475453333333332,0.0
7eb58061_pipelined,520,B1,nominal,heldout_bfcl_b4_l13_s7,1.4890706666666664,1.4890706666666664,0.0
7eb58061_pipelined,520,B1,nominal,heldout_bfcl_b8_l13_s7,2.1661173333333332,2.1661173333333332,0.0
7eb58061_pipelined,520,B1,nominal,heldout_bfcl_b16_l13_s7,2.7078306666666667,2.7078306666666667,0.0
7eb58061_pipelined,520,B1,nominal,heldout_bfcl_b2_l13_s11,0.6091133333333333,0.6091133333333333,0.0
7eb58061_pipelined,520,B1,nominal,heldout_bfcl_b4_l13_s11,1.4213586666666664,1.4213586666666664,0.0
7eb58061_pipelined,520,B1,nominal,heldout_bfcl_b8_l13_s11,1.8276813333333333,1.8276813333333333,0.0
7eb58061_pipelined,520,B1,nominal,heldout_bfcl_b16_l13_s11,3.1816346666666666,3.1816346666666666,0.0
7eb58061_pipelined,520,B1,nominal,heldout_bfcl_b2_l26_s3,0.8798333333333332,0.8798333333333332,0.0
7eb58061_pipelined,520,B1,nominal,heldout_bfcl_b4_l26_s3,1.6244306666666666,1.6244306666666666,0.0
7eb58061_pipelined,520,B1,nominal,heldout_bfcl_b8_l26_s3,2.098473333333333,2.098473333333333,0.0
7eb58061_pipelined,520,B1,nominal,heldout_bfcl_b16_l26_s3,3.1139906666666666,3.1139906666666666,0.0
7eb58061_pipelined,520,B1,nominal,heldout_bfcl_b2_l26_s7,0.8121853333333332,0.8121853333333332,0.0
7eb58061_pipelined,520,B1,nominal,heldout_bfcl_b4_l26_s7,1.6244306666666666,1.6244306666666666,0.0
7eb58061_pipelined,520,B1,nominal,heldout_bfcl_b8_l26_s7,2.301477333333333,2.301477333333333,0.0
7eb58061_pipelined,520,B1,nominal,heldout_bfcl_b16_l26_s7,2.8433426666666666,2.8433426666666666,0.0
7eb58061_pipelined,520,B1,nominal,heldout_bfcl_b2_l26_s11,0.6768253333333333,0.6768253333333333,0.0
7eb58061_pipelined,520,B1,nominal,heldout_bfcl_b4_l26_s11,1.4890706666666664,1.4890706666666664,0.0
7eb58061_pipelined,520,B1,nominal,heldout_bfcl_b8_l26_s11,2.233693333333333,2.233693333333333,0.0
7eb58061_pipelined,520,B1,nominal,heldout_bfcl_b16_l26_s11,3.2494306666666666,3.2494306666666666,0.0
7eb58061_pipelined,520,B1,nominal,heldout_gpqa_b2_l2_s3,0.8798333333333332,0.8798333333333332,0.0
7eb58061_pipelined,520,B1,nominal,heldout_gpqa_b4_l2_s3,1.2184266666666665,1.2184266666666665,0.0
7eb58061_pipelined,520,B1,nominal,heldout_gpqa_b8_l2_s3,1.5568933333333332,1.5568933333333332,0.0
7eb58061_pipelined,520,B1,nominal,heldout_gpqa_b16_l2_s3,1.8956666666666666,1.8956666666666666,0.0
7eb58061_pipelined,520,B1,nominal,heldout_gpqa_b2_l2_s7,0.9475453333333332,0.9475453333333332,0.0
7eb58061_pipelined,520,B1,nominal,heldout_gpqa_b4_l2_s7,1.6244306666666666,1.6244306666666666,0.0
7eb58061_pipelined,520,B1,nominal,heldout_gpqa_b8_l2_s7,2.301481333333333,2.301481333333333,0.0
7eb58061_pipelined,520,B1,nominal,heldout_gpqa_b16_l2_s7,3.1816426666666664,3.1816426666666664,0.0
7eb58061_pipelined,520,B1,nominal,heldout_gpqa_b2_l2_s11,0.7444733333333332,0.7444733333333332,0.0
7eb58061_pipelined,520,B1,nominal,heldout_gpqa_b4_l2_s11,1.5567186666666666,1.5567186666666666,0.0
7eb58061_pipelined,520,B1,nominal,heldout_gpqa_b8_l2_s11,2.572193333333333,2.572193333333333,0.0
7eb58061_pipelined,520,B1,nominal,heldout_gpqa_b16_l2_s11,3.3847906666666665,3.3847906666666665,0.0
7eb58061_pipelined,520,B1,nominal,heldout_gpqa_b2_l13_s3,0.8798333333333332,0.8798333333333332,0.0
7eb58061_pipelined,520,B1,nominal,heldout_gpqa_b4_l13_s3,1.2860666666666665,1.2860666666666665,0.0
7eb58061_pipelined,520,B1,nominal,heldout_gpqa_b8_l13_s3,1.8953973333333332,1.8953973333333332,0.0
7eb58061_pipelined,520,B1,nominal,heldout_gpqa_b16_l13_s3,2.1665266666666665,2.1665266666666665,0.0
7eb58061_pipelined,520,B1,nominal,heldout_gpqa_b2_l13_s7,0.8798333333333332,0.8798333333333332,0.0
7eb58061_pipelined,520,B1,nominal,heldout_gpqa_b4_l13_s7,1.5567186666666666,1.5567186666666666,0.0
7eb58061_pipelined,520,B1,nominal,heldout_gpqa_b8_l13_s7,2.369129333333333,2.369129333333333,0.0
7eb58061_pipelined,520,B1,nominal,heldout_gpqa_b16_l13_s7,2.9786266666666665,2.9786266666666665,0.0
7eb58061_pipelined,520,B1,nominal,heldout_gpqa_b2_l13_s11,0.6091133333333333,0.6091133333333333,0.0
7eb58061_pipelined,520,B1,nominal,heldout_gpqa_b4_l13_s11,1.6244306666666666,1.6244306666666666,0.0
7eb58061_pipelined,520,B1,nominal,heldout_gpqa_b8_l13_s11,2.0306933333333332,2.0306933333333332,0.0
7eb58061_pipelined,520,B1,nominal,heldout_gpqa_b16_l13_s11,3.0462786666666664,3.0462786666666664,0.0
7eb58061_pipelined,520,B1,nominal,heldout_gpqa_b2_l26_s3,0.9475453333333332,0.9475453333333332,0.0
7eb58061_pipelined,520,B1,nominal,heldout_gpqa_b4_l26_s3,1.1507146666666668,1.1507146666666668,0.0
7eb58061_pipelined,520,B1,nominal,heldout_gpqa_b8_l26_s3,1.6923933333333332,1.6923933333333332,0.0
7eb58061_pipelined,520,B1,nominal,heldout_gpqa_b16_l26_s3,2.3017506666666665,2.3017506666666665,0.0
7eb58061_pipelined,520,B1,nominal,heldout_gpqa_b2_l26_s7,0.9475453333333332,0.9475453333333332,0.0
7eb58061_pipelined,520,B1,nominal,heldout_gpqa_b4_l26_s7,1.5567186666666666,1.5567186666666666,0.0
7eb58061_pipelined,520,B1,nominal,heldout_gpqa_b8_l26_s7,2.301545333333333,2.301545333333333,0.0
7eb58061_pipelined,520,B1,nominal,heldout_gpqa_b16_l26_s7,3.1139106666666665,3.1139106666666665,0.0
7eb58061_pipelined,520,B1,nominal,heldout_gpqa_b2_l26_s11,0.8798333333333332,0.8798333333333332,0.0
7eb58061_pipelined,520,B1,nominal,heldout_gpqa_b4_l26_s11,1.6920786666666665,1.6920786666666665,0.0
7eb58061_pipelined,520,B1,nominal,heldout_gpqa_b8_l26_s11,2.301549333333333,2.301549333333333,0.0
7eb58061_pipelined,520,B1,nominal,heldout_gpqa_b16_l26_s11,3.3846426666666667,3.3846426666666667,0.0
7eb58061_pipelined,520,B1,nominal,heldout_swe_b2_l2_s3,0.8798333333333332,0.8798333333333332,0.0
7eb58061_pipelined,520,B1,nominal,heldout_swe_b4_l2_s3,1.0153506666666667,1.0153506666666667,0.0
7eb58061_pipelined,520,B1,nominal,heldout_swe_b8_l2_s3,1.1508853333333333,1.1508853333333333,0.0
7eb58061_pipelined,520,B1,nominal,heldout_swe_b16_l2_s3,1.3543066666666668,1.3543066666666668,0.0
7eb58061_pipelined,520,B1,nominal,heldout_swe_b2_l2_s7,0.8798333333333332,0.8798333333333332,0.0
7eb58061_pipelined,520,B1,nominal,heldout_swe_b4_l2_s7,1.1506426666666665,1.1506426666666665,0.0
7eb58061_pipelined,520,B1,nominal,heldout_swe_b8_l2_s7,1.2186013333333332,1.2186013333333332,0.0
7eb58061_pipelined,520,B1,nominal,heldout_swe_b16_l2_s7,1.4897306666666665,1.4897306666666665,0.0
7eb58061_pipelined,520,B1,nominal,heldout_swe_b2_l2_s11,0.8798333333333332,0.8798333333333332,0.0
7eb58061_pipelined,520,B1,nominal,heldout_swe_b4_l2_s11,1.4213626666666666,1.4213626666666666,0.0
7eb58061_pipelined,520,B1,nominal,heldout_swe_b8_l2_s11,1.2861733333333332,1.2861733333333332,0.0
7eb58061_pipelined,520,B1,nominal,heldout_swe_b16_l2_s11,1.8957426666666666,1.8957426666666666,0.0
7eb58061_pipelined,520,B1,nominal,heldout_swe_b2_l13_s3,0.9475453333333332,0.9475453333333332,0.0
7eb58061_pipelined,520,B1,nominal,heldout_swe_b4_l13_s3,1.2860706666666666,1.2860706666666666,0.0
7eb58061_pipelined,520,B1,nominal,heldout_swe_b8_l13_s3,1.3540333333333332,1.3540333333333332,0.0
7eb58061_pipelined,520,B1,nominal,heldout_swe_b16_l13_s3,1.4220866666666665,1.4220866666666665,0.0
7eb58061_pipelined,520,B1,nominal,heldout_swe_b2_l13_s7,0.9475453333333332,0.9475453333333332,0.0
7eb58061_pipelined,520,B1,nominal,heldout_swe_b4_l13_s7,1.4213586666666664,1.4213586666666664,0.0
7eb58061_pipelined,520,B1,nominal,heldout_swe_b8_l13_s7,1.4216813333333334,1.4216813333333334,0.0
7eb58061_pipelined,520,B1,nominal,heldout_swe_b16_l13_s7,1.4896026666666664,1.4896026666666664,0.0
7eb58061_pipelined,520,B1,nominal,heldout_swe_b2_l13_s11,0.8121853333333332,0.8121853333333332,0.0
7eb58061_pipelined,520,B1,nominal,heldout_swe_b4_l13_s11,1.4890706666666664,1.4890706666666664,0.0
7eb58061_pipelined,520,B1,nominal,heldout_swe_b8_l13_s11,1.2862373333333332,1.2862373333333332,0.0
7eb58061_pipelined,520,B1,nominal,heldout_swe_b16_l13_s11,1.8957426666666666,1.8957426666666666,0.0
7eb58061_pipelined,520,B1,nominal,heldout_swe_b2_l26_s3,0.8121853333333332,0.8121853333333332,0.0
7eb58061_pipelined,520,B1,nominal,heldout_swe_b4_l26_s3,1.2859986666666665,1.2859986666666665,0.0
7eb58061_pipelined,520,B1,nominal,heldout_swe_b8_l26_s3,1.5568893333333333,1.5568893333333333,0.0
7eb58061_pipelined,520,B1,nominal,heldout_swe_b16_l26_s3,1.8957506666666666,1.8957506666666666,0.0
7eb58061_pipelined,520,B1,nominal,heldout_swe_b2_l26_s7,0.9475453333333332,0.9475453333333332,0.0
7eb58061_pipelined,520,B1,nominal,heldout_swe_b4_l26_s7,1.2183506666666666,1.2183506666666666,0.0
7eb58061_pipelined,520,B1,nominal,heldout_swe_b8_l26_s7,1.4893253333333332,1.4893253333333332,0.0
7eb58061_pipelined,520,B1,nominal,heldout_swe_b16_l26_s7,1.5573066666666668,1.5573066666666668,0.0
7eb58061_pipelined,520,B1,nominal,heldout_swe_b2_l26_s11,0.9475453333333332,0.9475453333333332,0.0
7eb58061_pipelined,520,B1,nominal,heldout_swe_b4_l26_s11,1.6920786666666665,1.6920786666666665,0.0
7eb58061_pipelined,520,B1,nominal,heldout_swe_b8_l26_s11,1.2861693333333333,1.2861693333333333,0.0
7eb58061_pipelined,520,B1,nominal,heldout_swe_b16_l26_s11,2.0310386666666664,2.0310386666666664,0.0
7eb58061_pipelined,520,B1,nominal,v3_captured_mixed_heldout_bfcl_t64_l2,4.508427999999999,4.508427999999999,0.0
7eb58061_pipelined,520,B1,nominal,v3_captured_mixed_heldout_bfcl_t96_l2,4.8172586510149715,4.8172586510149715,0.0
7eb58061_pipelined,520,B1,nominal,v3_captured_mixed_heldout_bfcl_t128_l2,5.350616089896625,5.350616089896625,0.0
7eb58061_pipelined,520,B1,nominal,v3_captured_mixed_heldout_bfcl_t64_l13,4.247450533333333,4.247450533333333,0.0
7eb58061_pipelined,520,B1,nominal,v3_captured_mixed_heldout_bfcl_t96_l13,4.867270019735089,4.867270019735089,0.0
7eb58061_pipelined,520,B1,nominal,v3_captured_mixed_heldout_bfcl_t128_l13,5.298850115691521,5.298850115691521,0.0
7eb58061_pipelined,520,B1,nominal,v3_captured_mixed_heldout_bfcl_t64_l26,4.442610973821989,4.442610973821989,0.0
7eb58061_pipelined,520,B1,nominal,v3_captured_mixed_heldout_bfcl_t96_l26,4.895854124579742,4.895854124579742,0.0
7eb58061_pipelined,520,B1,nominal,v3_captured_mixed_heldout_bfcl_t128_l26,5.2903248620155034,5.2903248620155034,0.0
7eb58061_pipelined,520,B1,nominal,v3_captured_mixed_heldout_gpqa_t64_l2,4.643643999999999,4.643643999999999,0.0
7eb58061_pipelined,520,B1,nominal,v3_captured_mixed_heldout_gpqa_t96_l2,4.886192,4.886192,0.0
7eb58061_pipelined,520,B1,nominal,v3_captured_mixed_heldout_gpqa_t128_l2,5.089577441462638,5.089577441462638,0.0
7eb58061_pipelined,520,B1,nominal,v3_captured_mixed_heldout_gpqa_t64_l13,4.169944,4.169944,0.0
7eb58061_pipelined,520,B1,nominal,v3_captured_mixed_heldout_gpqa_t96_l13,4.568855483420592,4.568855483420592,0.0
7eb58061_pipelined,520,B1,nominal,v3_captured_mixed_heldout_gpqa_t128_l13,4.8819842256175185,4.8819842256175185,0.0
7eb58061_pipelined,520,B1,nominal,v3_captured_mixed_heldout_gpqa_t64_l26,4.643635999999999,4.643635999999999,0.0
7eb58061_pipelined,520,B1,nominal,v3_captured_mixed_heldout_gpqa_t96_l26,4.886184,4.886184,0.0
7eb58061_pipelined,520,B1,nominal,v3_captured_mixed_heldout_gpqa_t128_l26,5.111429333333332,5.111429333333332,0.0
7eb58061_pipelined,520,B1,nominal,v3_captured_mixed_heldout_swe_t64_l2,4.576135999999999,4.576135999999999,0.0
7eb58061_pipelined,520,B1,nominal,v3_captured_mixed_heldout_swe_t96_l2,4.828870666666666,4.828870666666666,0.0
7eb58061_pipelined,520,B1,nominal,v3_captured_mixed_heldout_swe_t128_l2,5.144050214965455,5.144050214965455,0.0
7eb58061_pipelined,520,B1,nominal,v3_captured_mixed_heldout_swe_t64_l13,3.993554666666667,3.993554666666667,0.0
7eb58061_pipelined,520,B1,nominal,v3_captured_mixed_heldout_swe_t96_l13,4.674459140047891,4.674459140047891,0.0
7eb58061_pipelined,520,B1,nominal,v3_captured_mixed_heldout_swe_t128_l13,5.282468715214247,5.282468715214247,0.0
7eb58061_pipelined,520,B1,nominal,v3_captured_mixed_heldout_swe_t64_l26,4.37288,4.37288,0.0
7eb58061_pipelined,520,B1,nominal,v3_captured_mixed_heldout_swe_t96_l26,4.617224,4.617224,0.0
7eb58061_pipelined,520,B1,nominal,v3_captured_mixed_heldout_swe_t128_l26,5.0892133333333325,5.0892133333333325,0.0
7eb58061_pipelined,520,B1,ours,heldout_bfcl_b2_l2_s3,0.947172,0.947172,0.0
7eb58061_pipelined,520,B1,ours,heldout_bfcl_b4_l2_s3,1.353224,1.353224,0.0
7eb58061_pipelined,520,B1,ours,heldout_bfcl_b8_l2_s3,1.8270880000000003,1.8270880000000003,0.0
7eb58061_pipelined,520,B1,ours,heldout_bfcl_b16_l2_s3,2.4362613333333334,2.4362613333333334,0.0
7eb58061_pipelined,520,B1,ours,heldout_bfcl_b2_l2_s7,0.947172,0.947172,0.0
7eb58061_pipelined,520,B1,ours,heldout_bfcl_b4_l2_s7,1.4884413333333333,1.4884413333333333,0.0
7eb58061_pipelined,520,B1,ours,heldout_bfcl_b8_l2_s7,2.0300320000000003,2.0300320000000003,0.0
7eb58061_pipelined,520,B1,ours,heldout_bfcl_b16_l2_s7,3.0451613333333336,3.0451613333333336,0.0
7eb58061_pipelined,520,B1,ours,heldout_bfcl_b2_l2_s11,0.67658,0.67658,0.0
7eb58061_pipelined,520,B1,ours,heldout_bfcl_b4_l2_s11,1.4884413333333333,1.4884413333333333,0.0
7eb58061_pipelined,520,B1,ours,heldout_bfcl_b8_l2_s11,2.0975226666666664,2.0975226666666664,0.0
7eb58061_pipelined,520,B1,ours,heldout_bfcl_b16_l2_s11,3.4513639999999994,3.4513639999999994,0.0
7eb58061_pipelined,520,B1,ours,heldout_bfcl_b2_l13_s3,0.811876,0.811876,0.0
7eb58061_pipelined,520,B1,ours,heldout_bfcl_b4_l13_s3,1.6237373333333334,1.6237373333333334,0.0
7eb58061_pipelined,520,B1,ours,heldout_bfcl_b8_l13_s3,1.9623053333333333,1.9623053333333333,0.0
7eb58061_pipelined,520,B1,ours,heldout_bfcl_b16_l13_s3,2.706853333333333,2.706853333333333,0.0
7eb58061_pipelined,520,B1,ours,heldout_bfcl_b2_l13_s7,0.947172,0.947172,0.0
7eb58061_pipelined,520,B1,ours,heldout_bfcl_b4_l13_s7,1.4884413333333333,1.4884413333333333,0.0
7eb58061_pipelined,520,B1,ours,heldout_bfcl_b8_l13_s7,2.165328,2.165328,0.0
7eb58061_pipelined,520,B1,ours,heldout_bfcl_b16_l13_s7,2.7067746666666666,2.7067746666666666,0.0
7eb58061_pipelined,520,B1,ours,heldout_bfcl_b2_l13_s11,0.608932,0.608932,0.0
7eb58061_pipelined,520,B1,ours,heldout_bfcl_b4_l13_s11,1.4207933333333334,1.4207933333333334,0.0
7eb58061_pipelined,520,B1,ours,heldout_bfcl_b8_l13_s11,1.8270093333333333,1.8270093333333333,0.0
7eb58061_pipelined,520,B1,ours,heldout_bfcl_b16_l13_s11,3.1805466666666664,3.1805466666666664,0.0
7eb58061_pipelined,520,B1,ours,heldout_bfcl_b2_l26_s3,0.879524,0.879524,0.0
7eb58061_pipelined,520,B1,ours,heldout_bfcl_b4_l26_s3,1.6237373333333334,1.6237373333333334,0.0
7eb58061_pipelined,520,B1,ours,heldout_bfcl_b8_l26_s3,2.097737333333333,2.097737333333333,0.0
7eb58061_pipelined,520,B1,ours,heldout_bfcl_b16_l26_s3,3.112977333333333,3.112977333333333,0.0
7eb58061_pipelined,520,B1,ours,heldout_bfcl_b2_l26_s7,0.811876,0.811876,0.0
7eb58061_pipelined,520,B1,ours,heldout_bfcl_b4_l26_s7,1.6237373333333334,1.6237373333333334,0.0
7eb58061_pipelined,520,B1,ours,heldout_bfcl_b8_l26_s7,2.300624,2.300624,0.0
7eb58061_pipelined,520,B1,ours,heldout_bfcl_b16_l26_s7,2.8425319999999994,2.8425319999999994,0.0
7eb58061_pipelined,520,B1,ours,heldout_bfcl_b2_l26_s11,0.67658,0.67658,0.0
7eb58061_pipelined,520,B1,ours,heldout_bfcl_b4_l26_s11,1.4884413333333333,1.4884413333333333,0.0
7eb58061_pipelined,520,B1,ours,heldout_bfcl_b8_l26_s11,2.2328186666666667,2.2328186666666667,0.0
7eb58061_pipelined,520,B1,ours,heldout_bfcl_b16_l26_s11,3.2485666666666666,3.2485666666666666,0.0
7eb58061_pipelined,520,B1,ours,heldout_gpqa_b2_l2_s3,0.879524,0.879524,0.0
7eb58061_pipelined,520,B1,ours,heldout_gpqa_b4_l2_s3,1.2180746666666664,1.2180746666666664,0.0
7eb58061_pipelined,520,B1,ours,heldout_gpqa_b8_l2_s3,1.5563386666666665,1.5563386666666665,0.0
7eb58061_pipelined,520,B1,ours,heldout_gpqa_b16_l2_s3,1.89492,1.89492,0.0
7eb58061_pipelined,520,B1,ours,heldout_gpqa_b2_l2_s7,0.947172,0.947172,0.0
7eb58061_pipelined,520,B1,ours,heldout_gpqa_b4_l2_s7,1.6237373333333334,1.6237373333333334,0.0
7eb58061_pipelined,520,B1,ours,heldout_gpqa_b8_l2_s7,2.300702666666667,2.300702666666667,0.0
7eb58061_pipelined,520,B1,ours,heldout_gpqa_b16_l2_s7,3.180704,3.180704,0.0
7eb58061_pipelined,520,B1,ours,heldout_gpqa_b2_l2_s11,0.744228,0.744228,0.0
7eb58061_pipelined,520,B1,ours,heldout_gpqa_b4_l2_s11,1.5560893333333332,1.5560893333333332,0.0
7eb58061_pipelined,520,B1,ours,heldout_gpqa_b8_l2_s11,2.571137333333333,2.571137333333333,0.0
7eb58061_pipelined,520,B1,ours,heldout_gpqa_b16_l2_s11,3.3838626666666665,3.3838626666666665,0.0
7eb58061_pipelined,520,B1,ours,heldout_gpqa_b2_l13_s3,0.879524,0.879524,0.0
7eb58061_pipelined,520,B1,ours,heldout_gpqa_b4_l13_s3,1.285576,1.285576,0.0
7eb58061_pipelined,520,B1,ours,heldout_gpqa_b8_l13_s3,1.8947360000000002,1.8947360000000002,0.0
7eb58061_pipelined,520,B1,ours,heldout_gpqa_b16_l13_s3,2.165748,2.165748,0.0
7eb58061_pipelined,520,B1,ours,heldout_gpqa_b2_l13_s7,0.879524,0.879524,0.0
7eb58061_pipelined,520,B1,ours,heldout_gpqa_b4_l13_s7,1.5560893333333332,1.5560893333333332,0.0
7eb58061_pipelined,520,B1,ours,heldout_gpqa_b8_l13_s7,2.368350666666667,2.368350666666667,0.0
7eb58061_pipelined,520,B1,ours,heldout_gpqa_b16_l13_s7,2.977592,2.977592,0.0
7eb58061_pipelined,520,B1,ours,heldout_gpqa_b2_l13_s11,0.608932,0.608932,0.0
7eb58061_pipelined,520,B1,ours,heldout_gpqa_b4_l13_s11,1.6237373333333334,1.6237373333333334,0.0
7eb58061_pipelined,520,B1,ours,heldout_gpqa_b8_l13_s11,2.0300320000000003,2.0300320000000003,0.0
7eb58061_pipelined,520,B1,ours,heldout_gpqa_b16_l13_s11,3.0453186666666667,3.0453186666666667,0.0
7eb58061_pipelined,520,B1,ours,heldout_gpqa_b2_l26_s3,0.947172,0.947172,0.0
7eb58061_pipelined,520,B1,ours,heldout_gpqa_b4_l26_s3,1.1504266666666665,1.1504266666666665,0.0
7eb58061_pipelined,520,B1,ours,heldout_gpqa_b8_l26_s3,1.69186,1.69186,0.0
7eb58061_pipelined,520,B1,ours,heldout_gpqa_b16_l26_s3,2.300886666666667,2.300886666666667,0.0
7eb58061_pipelined,520,B1,ours,heldout_gpqa_b2_l26_s7,0.947172,0.947172,0.0
7eb58061_pipelined,520,B1,ours,heldout_gpqa_b4_l26_s7,1.5560893333333332,1.5560893333333332,0.0
7eb58061_pipelined,520,B1,ours,heldout_gpqa_b8_l26_s7,2.3007026666666666,2.3007026666666666,0.0
7eb58061_pipelined,520,B1,ours,heldout_gpqa_b16_l26_s7,3.1126626666666666,3.1126626666666666,0.0
7eb58061_pipelined,520,B1,ours,heldout_gpqa_b2_l26_s11,0.879524,0.879524,0.0
7eb58061_pipelined,520,B1,ours,heldout_gpqa_b4_l26_s11,1.6913853333333333,1.6913853333333333,0.0
7eb58061_pipelined,520,B1,ours,heldout_gpqa_b8_l26_s11,2.3007600000000004,2.3007600000000004,0.0
7eb58061_pipelined,520,B1,ours,heldout_gpqa_b16_l26_s11,3.3834906666666664,3.3834906666666664,0.0
7eb58061_pipelined,520,B1,ours,heldout_swe_b2_l2_s3,0.879524,0.879524,0.0
7eb58061_pipelined,520,B1,ours,heldout_swe_b4_l2_s3,1.0150626666666664,1.0150626666666664,0.0
7eb58061_pipelined,520,B1,ours,heldout_swe_b8_l2_s3,1.150597333333333,1.150597333333333,0.0
7eb58061_pipelined,520,B1,ours,heldout_swe_b16_l2_s3,1.3540293333333333,1.3540293333333333,0.0
7eb58061_pipelined,520,B1,ours,heldout_swe_b2_l2_s7,0.879524,0.879524,0.0
7eb58061_pipelined,520,B1,ours,heldout_swe_b4_l2_s7,1.15028,1.15028,0.0
7eb58061_pipelined,520,B1,ours,heldout_swe_b8_l2_s7,1.218324,1.218324,0.0
7eb58061_pipelined,520,B1,ours,heldout_swe_b16_l2_s7,1.489304,1.489304,0.0
7eb58061_pipelined,520,B1,ours,heldout_swe_b2_l2_s11,0.879524,0.879524,0.0
7eb58061_pipelined,520,B1,ours,heldout_swe_b4_l2_s11,1.420872,1.420872,0.0
7eb58061_pipelined,520,B1,ours,heldout_swe_b8_l2_s11,1.2857466666666668,1.2857466666666668,0.0
7eb58061_pipelined,520,B1,ours,heldout_swe_b16_l2_s11,1.8951453333333332,1.8951453333333332,0.0
7eb58061_pipelined,520,B1,ours,heldout_swe_b2_l13_s3,0.947172,0.947172,0.0
7eb58061_pipelined,520,B1,ours,heldout_swe_b4_l13_s3,1.2856546666666666,1.2856546666666666,0.0
7eb58061_pipelined,520,B1,ours,heldout_swe_b8_l13_s3,1.3537666666666668,1.3537666666666668,0.0
7eb58061_pipelined,520,B1,ours,heldout_swe_b16_l13_s3,1.4217346666666668,1.4217346666666668,0.0
7eb58061_pipelined,520,B1,ours,heldout_swe_b2_l13_s7,0.947172,0.947172,0.0
7eb58061_pipelined,520,B1,ours,heldout_swe_b4_l13_s7,1.4207933333333334,1.4207933333333334,0.0
7eb58061_pipelined,520,B1,ours,heldout_swe_b8_l13_s7,1.4214253333333335,1.4214253333333335,0.0
7eb58061_pipelined,520,B1,ours,heldout_swe_b16_l13_s7,1.4893359999999998,1.4893359999999998,0.0
7eb58061_pipelined,520,B1,ours,heldout_swe_b2_l13_s11,0.811876,0.811876,0.0
7eb58061_pipelined,520,B1,ours,heldout_swe_b4_l13_s11,1.4884413333333333,1.4884413333333333,0.0
7eb58061_pipelined,520,B1,ours,heldout_swe_b8_l13_s11,1.285736,1.285736,0.0
7eb58061_pipelined,520,B1,ours,heldout_swe_b16_l13_s11,1.8951453333333335,1.8951453333333335,0.0
7eb58061_pipelined,520,B1,ours,heldout_swe_b2_l26_s3,0.811876,0.811876,0.0
7eb58061_pipelined,520,B1,ours,heldout_swe_b4_l26_s3,1.2854973333333333,1.2854973333333333,0.0
7eb58061_pipelined,520,B1,ours,heldout_swe_b8_l26_s3,1.55626,1.55626,0.0
7eb58061_pipelined,520,B1,ours,heldout_swe_b16_l26_s3,1.8953026666666668,1.8953026666666668,0.0
7eb58061_pipelined,520,B1,ours,heldout_swe_b2_l26_s7,0.947172,0.947172,0.0
7eb58061_pipelined,520,B1,ours,heldout_swe_b4_l26_s7,1.2178493333333333,1.2178493333333333,0.0
7eb58061_pipelined,520,B1,ours,heldout_swe_b8_l26_s7,1.4889946666666667,1.4889946666666667,0.0
7eb58061_pipelined,520,B1,ours,heldout_swe_b16_l26_s7,1.5568373333333334,1.5568373333333334,0.0
7eb58061_pipelined,520,B1,ours,heldout_swe_b2_l26_s11,0.947172,0.947172,0.0
7eb58061_pipelined,520,B1,ours,heldout_swe_b4_l26_s11,1.6913853333333333,1.6913853333333333,0.0
7eb58061_pipelined,520,B1,ours,heldout_swe_b8_l26_s11,1.285668,1.285668,0.0
7eb58061_pipelined,520,B1,ours,heldout_swe_b16_l26_s11,2.030452,2.030452,0.0
7eb58061_pipelined,520,B1,ours,v3_captured_mixed_heldout_bfcl_t64_l2,4.507051999999999,4.507051999999999,0.0
7eb58061_pipelined,520,B1,ours,v3_captured_mixed_heldout_bfcl_t96_l2,4.81586503030303,4.81586503030303,0.0
7eb58061_pipelined,520,B1,ours,v3_captured_mixed_heldout_bfcl_t128_l2,5.3493250909090895,5.3493250909090895,0.0
7eb58061_pipelined,520,B1,ours,v3_captured_mixed_heldout_bfcl_t64_l13,4.246158666666666,4.246158666666666,0.0
7eb58061_pipelined,520,B1,ours,v3_captured_mixed_heldout_bfcl_t96_l13,4.865832424242424,4.865832424242424,0.0
7eb58061_pipelined,520,B1,ours,v3_captured_mixed_heldout_bfcl_t128_l13,5.2974858181818165,5.2974858181818165,0.0
7eb58061_pipelined,520,B1,ours,v3_captured_mixed_heldout_bfcl_t64_l26,4.440938606060605,4.440938606060605,0.0
7eb58061_pipelined,520,B1,ours,v3_captured_mixed_heldout_bfcl_t96_l26,4.894287515151515,4.894287515151515,0.0
7eb58061_pipelined,520,B1,ours,v3_captured_mixed_heldout_bfcl_t128_l26,5.289110424242424,5.289110424242424,0.0
7eb58061_pipelined,520,B1,ours,v3_captured_mixed_heldout_gpqa_t64_l2,4.642054666666666,4.642054666666666,0.0
7eb58061_pipelined,520,B1,ours,v3_captured_mixed_heldout_gpqa_t96_l2,4.884378666666666,4.884378666666666,0.0
7eb58061_pipelined,520,B1,ours,v3_captured_mixed_heldout_gpqa_t128_l2,5.0878064848484845,5.0878064848484845,0.0
7eb58061_pipelined,520,B1,ours,v3_captured_mixed_heldout_gpqa_t64_l13,4.16844,4.16844,0.0
7eb58061_pipelined,520,B1,ours,v3_captured_mixed_heldout_gpqa_t96_l13,4.567148666666666,4.567148666666666,0.0
7eb58061_pipelined,520,B1,ours,v3_captured_mixed_heldout_gpqa_t128_l13,4.880448848484848,4.880448848484848,0.0
7eb58061_pipelined,520,B1,ours,v3_captured_mixed_heldout_gpqa_t64_l26,4.641886666666666,4.641886666666666,0.0
7eb58061_pipelined,520,B1,ours,v3_captured_mixed_heldout_gpqa_t96_l26,4.8842213333333335,4.8842213333333335,0.0
7eb58061_pipelined,520,B1,ours,v3_captured_mixed_heldout_gpqa_t128_l26,5.109999575757575,5.109999575757575,0.0
7eb58061_pipelined,520,B1,ours,v3_captured_mixed_heldout_swe_t64_l2,4.574621333333333,4.574621333333333,0.0
7eb58061_pipelined,520,B1,ours,v3_captured_mixed_heldout_swe_t96_l2,4.827359757575757,4.827359757575757,0.0
7eb58061_pipelined,520,B1,ours,v3_captured_mixed_heldout_swe_t128_l2,5.142446545454545,5.142446545454545,0.0
7eb58061_pipelined,520,B1,ours,v3_captured_mixed_heldout_swe_t64_l13,3.9927163030303023,3.9927163030303023,0.0
7eb58061_pipelined,520,B1,ours,v3_captured_mixed_heldout_swe_t96_l13,4.67322303030303,4.67322303030303,0.0
7eb58061_pipelined,520,B1,ours,v3_captured_mixed_heldout_swe_t128_l13,5.2810966666666666,5.2810966666666666,0.0
7eb58061_pipelined,520,B1,ours,v3_captured_mixed_heldout_swe_t64_l26,4.371216,4.371216,0.0
7eb58061_pipelined,520,B1,ours,v3_captured_mixed_heldout_swe_t96_l26,4.615418787878787,4.615418787878787,0.0
7eb58061_pipelined,520,B1,ours,v3_captured_mixed_heldout_swe_t128_l26,5.087835636363636,5.087835636363636,0.0
7eb58061_pipelined,520,B2,nominal,heldout_bfcl_b2_l2_s3,1.0029529041258205,1.0029529041258205,0.0
7eb58061_pipelined,520,B2,nominal,heldout_bfcl_b4_l2_s3,1.445107489930406,1.445107489930406,0.0
7eb58061_pipelined,520,B2,nominal,heldout_bfcl_b8_l2_s3,2.001352401141188,2.001352401141188,0.0
7eb58061_pipelined,520,B2,nominal,heldout_bfcl_b16_l2_s3,2.52886234961407,2.52886234961407,0.0
7eb58061_pipelined,520,B2,nominal,heldout_bfcl_b2_l2_s7,1.0029529041258205,1.0029529041258205,0.0
7eb58061_pipelined,520,B2,nominal,heldout_bfcl_b4_l2_s7,1.592464015153871,1.592464015153871,0.0
7eb58061_pipelined,520,B2,nominal,heldout_bfcl_b8_l2_s7,2.182069318319102,2.182069318319102,0.0
7eb58061_pipelined,520,B2,nominal,heldout_bfcl_b16_l2_s7,3.184376466323683,3.184376466323683,0.0
7eb58061_pipelined,520,B2,nominal,heldout_bfcl_b2_l2_s11,0.7082403396314498,0.7082403396314498,0.0
7eb58061_pipelined,520,B2,nominal,heldout_bfcl_b4_l2_s11,1.592464015153871,1.592464015153871,0.0
7eb58061_pipelined,520,B2,nominal,heldout_bfcl_b8_l2_s11,2.2960659463866815,2.2960659463866815,0.0
7eb58061_pipelined,520,B2,nominal,heldout_bfcl_b16_l2_s11,3.6048820890673947,3.6048820890673947,0.0
7eb58061_pipelined,520,B2,nominal,heldout_bfcl_b2_l13_s3,0.85559659475286,0.85559659475286,0.0
7eb58061_pipelined,520,B2,nominal,heldout_bfcl_b4_l13_s3,1.7398205940522697,1.7398205940522697,0.0
7eb58061_pipelined,520,B2,nominal,heldout_bfcl_b8_l13_s3,2.148702147162148,2.148702147162148,0.0
7eb58061_pipelined,520,B2,nominal,heldout_bfcl_b16_l13_s3,2.809432396189628,2.809432396189628,0.0
7eb58061_pipelined,520,B2,nominal,heldout_bfcl_b2_l13_s7,1.0029529041258205,1.0029529041258205,0.0
7eb58061_pipelined,520,B2,nominal,heldout_bfcl_b4_l13_s7,1.592464015153871,1.592464015153871,0.0
7eb58061_pipelined,520,B2,nominal,heldout_bfcl_b8_l13_s7,2.3294261107738237,2.3294261107738237,0.0
7eb58061_pipelined,520,B2,nominal,heldout_bfcl_b16_l13_s7,2.809432396189628,2.809432396189628,0.0
7eb58061_pipelined,520,B2,nominal,heldout_bfcl_b2_l13_s11,0.6748730999746739,0.6748730999746739,0.0
7eb58061_pipelined,520,B2,nominal,heldout_bfcl_b4_l13_s11,1.5590968167725296,1.5590968167725296,0.0
7eb58061_pipelined,520,B2,nominal,heldout_bfcl_b8_l13_s11,2.001352401141188,2.001352401141188,0.0
7eb58061_pipelined,520,B2,nominal,heldout_bfcl_b16_l13_s11,3.324564561267755,3.324564561267755,0.0
7eb58061_pipelined,520,B2,nominal,heldout_bfcl_b2_l26_s3,0.9695856782863705,0.9695856782863705,0.0
7eb58061_pipelined,520,B2,nominal,heldout_bfcl_b4_l26_s3,1.7398205940522697,1.7398205940522697,0.0
7eb58061_pipelined,520,B2,nominal,heldout_bfcl_b8_l26_s3,2.2960569463866816,2.2960569463866816,0.0
7eb58061_pipelined,520,B2,nominal,heldout_bfcl_b16_l26_s3,3.2301403108317017,3.2301403108317017,0.0
7eb58061_pipelined,520,B2,nominal,heldout_bfcl_b2_l26_s7,0.85559659475286,0.85559659475286,0.0
7eb58061_pipelined,520,B2,nominal,heldout_bfcl_b4_l26_s7,1.7398205940522697,1.7398205940522697,0.0
7eb58061_pipelined,520,B2,nominal,heldout_bfcl_b8_l26_s7,2.476780956332992,2.476780956332992,0.0
7eb58061_pipelined,520,B2,nominal,heldout_bfcl_b16_l26_s7,2.949679588433154,2.949679588433154,0.0
7eb58061_pipelined,520,B2,nominal,heldout_bfcl_b2_l26_s11,0.7082403396314498,0.7082403396314498,0.0
7eb58061_pipelined,520,B2,nominal,heldout_bfcl_b4_l26_s11,1.592464015153871,1.592464015153871,0.0
7eb58061_pipelined,520,B2,nominal,heldout_bfcl_b8_l26_s11,2.4434157987012157,2.4434157987012157,0.0
7eb58061_pipelined,520,B2,nominal,heldout_bfcl_b16_l26_s11,3.370347840986724,3.370347840986724,0.0
7eb58061_pipelined,520,B2,nominal,heldout_gpqa_b2_l2_s3,0.9695856782863705,0.9695856782863705,0.0
7eb58061_pipelined,520,B2,nominal,heldout_gpqa_b4_l2_s3,1.2977510184967072,1.2977510184967072,0.0
7eb58061_pipelined,520,B2,nominal,heldout_gpqa_b8_l2_s3,1.7066450691655248,1.7066450691655248,0.0
7eb58061_pipelined,520,B2,nominal,heldout_gpqa_b16_l2_s3,1.9682067650886876,1.9682067650886876,0.0
7eb58061_pipelined,520,B2,nominal,heldout_gpqa_b2_l2_s7,1.0029529041258205,1.0029529041258205,0.0
7eb58061_pipelined,520,B2,nominal,heldout_gpqa_b4_l2_s7,1.7398205940522697,1.7398205940522697,0.0
7eb58061_pipelined,520,B2,nominal,heldout_gpqa_b8_l2_s7,2.476774956332992,2.476774956332992,0.0
7eb58061_pipelined,520,B2,nominal,heldout_gpqa_b16_l2_s7,3.324549561267753,3.324549561267753,0.0
7eb58061_pipelined,520,B2,nominal,heldout_gpqa_b2_l2_s11,0.8222293620121294,0.8222293620121294,0.0
7eb58061_pipelined,520,B2,nominal,heldout_gpqa_b4_l2_s11,1.7064534024988582,1.7064534024988582,0.0
7eb58061_pipelined,520,B2,nominal,heldout_gpqa_b8_l2_s11,2.7714888063114436,2.7714888063114436,0.0
7eb58061_pipelined,520,B2,nominal,heldout_gpqa_b16_l2_s11,3.5105281504455776,3.5105281504455776,0.0
7eb58061_pipelined,520,B2,nominal,heldout_gpqa_b2_l13_s3,0.9695856782863705,0.9695856782863705,0.0
7eb58061_pipelined,520,B2,nominal,heldout_gpqa_b4_l13_s3,1.4117422847065275,1.4117422847065275,0.0
7eb58061_pipelined,520,B2,nominal,heldout_gpqa_b8_l13_s3,2.0347125790824365,2.0347125790824365,0.0
7eb58061_pipelined,520,B2,nominal,heldout_gpqa_b16_l13_s3,2.2482274202538384,2.2482274202538384,0.0
7eb58061_pipelined,520,B2,nominal,heldout_gpqa_b2_l13_s7,0.9695856782863705,0.9695856782863705,0.0
7eb58061_pipelined,520,B2,nominal,heldout_gpqa_b4_l13_s7,1.7064534024988582,1.7064534024988582,0.0
7eb58061_pipelined,520,B2,nominal,heldout_gpqa_b8_l13_s7,2.5907647039923964,2.5907647039923964,0.0
7eb58061_pipelined,520,B2,nominal,heldout_gpqa_b16_l13_s7,3.0899215599805134,3.0899215599805134,0.0
7eb58061_pipelined,520,B2,nominal,heldout_gpqa_b2_l13_s11,0.6748730999746739,0.6748730999746739,0.0
7eb58061_pipelined,520,B2,nominal,heldout_gpqa_b4_l13_s11,1.7398205940522697,1.7398205940522697,0.0
7eb58061_pipelined,520,B2,nominal,heldout_gpqa_b8_l13_s11,2.1820673183191013,2.1820673183191013,0.0
7eb58061_pipelined,520,B2,nominal,heldout_gpqa_b16_l13_s11,3.184360466323684,3.184360466323684,0.0
7eb58061_pipelined,520,B2,nominal,heldout_gpqa_b2_l26_s3,1.0029529041258205,1.0029529041258205,0.0
7eb58061_pipelined,520,B2,nominal,heldout_gpqa_b4_l26_s3,1.2643838064156512,1.2643838064156512,0.0
7eb58061_pipelined,520,B2,nominal,heldout_gpqa_b8_l26_s3,1.8539887084376294,1.8539887084376294,0.0
7eb58061_pipelined,520,B2,nominal,heldout_gpqa_b16_l26_s3,2.3885514952820395,2.3885514952820395,0.0
7eb58061_pipelined,520,B2,nominal,heldout_gpqa_b2_l26_s7,1.0029529041258205,1.0029529041258205,0.0
7eb58061_pipelined,520,B2,nominal,heldout_gpqa_b4_l26_s7,1.7064534024988582,1.7064534024988582,0.0
7eb58061_pipelined,520,B2,nominal,heldout_gpqa_b8_l26_s7,2.476774956332993,2.476774956332993,0.0
7eb58061_pipelined,520,B2,nominal,heldout_gpqa_b16_l26_s7,3.230162310831704,3.230162310831704,0.0
7eb58061_pipelined,520,B2,nominal,heldout_gpqa_b2_l26_s11,0.9695856782863705,0.9695856782863705,0.0
7eb58061_pipelined,520,B2,nominal,heldout_gpqa_b4_l26_s11,1.8538100417709598,1.8538100417709598,0.0
7eb58061_pipelined,520,B2,nominal,heldout_gpqa_b8_l26_s11,2.476774956333,2.476774956333,0.0
7eb58061_pipelined,520,B2,nominal,heldout_gpqa_b16_l26_s11,3.510538150445577,3.510538150445577,0.0
7eb58061_pipelined,520,B2,nominal,heldout_swe_b2_l2_s3,0.9695856782863705,0.9695856782863705,0.0
7eb58061_pipelined,520,B2,nominal,heldout_swe_b4_l2_s3,1.117029382014947,1.117029382014947,0.0
7eb58061_pipelined,520,B2,nominal,heldout_swe_b8_l2_s3,1.2645904730823188,1.2645904730823188,0.0
7eb58061_pipelined,520,B2,nominal,heldout_swe_b16_l2_s3,1.405901335465107,1.405901335465107,0.0
7eb58061_pipelined,520,B2,nominal,heldout_swe_b2_l2_s7,0.9695856782863705,0.9695856782863705,0.0
7eb58061_pipelined,520,B2,nominal,heldout_swe_b4_l2_s7,1.2643858064156517,1.2643858064156517,0.0
7eb58061_pipelined,520,B2,nominal,heldout_swe_b8_l2_s7,1.2979456851633746,1.2979456851633746,0.0
7eb58061_pipelined,520,B2,nominal,heldout_swe_b16_l2_s7,1.5463287346703163,1.5463287346703163,0.0
7eb58061_pipelined,520,B2,nominal,heldout_swe_b2_l2_s11,0.9695856782863705,0.9695856782863705,0.0
7eb58061_pipelined,520,B2,nominal,heldout_swe_b4_l2_s11,1.5590968167725296,1.5590968167725296,0.0
7eb58061_pipelined,520,B2,nominal,heldout_swe_b8_l2_s11,1.4119319513731934,1.4119319513731934,0.0
7eb58061_pipelined,520,B2,nominal,heldout_swe_b16_l2_s11,1.9675236081089358,1.9675236081089358,0.0
7eb58061_pipelined,520,B2,nominal,heldout_swe_b2_l13_s3,1.0029529041258205,1.0029529041258205,0.0
7eb58061_pipelined,520,B2,nominal,heldout_swe_b4_l13_s3,1.4117402847065277,1.4117402847065277,0.0
7eb58061_pipelined,520,B2,nominal,heldout_swe_b8_l13_s3,1.445299156597072,1.445299156597072,0.0
7eb58061_pipelined,520,B2,nominal,heldout_swe_b16_l13_s3,1.5007361126936907,1.5007361126936907,0.0
7eb58061_pipelined,520,B2,nominal,heldout_swe_b2_l13_s7,1.0029529041258205,1.0029529041258205,0.0
7eb58061_pipelined,520,B2,nominal,heldout_swe_b4_l13_s7,1.5590968167725296,1.5590968167725296,0.0
7eb58061_pipelined,520,B2,nominal,heldout_swe_b8_l13_s7,1.5592824834391983,1.5592824834391983,0.0
7eb58061_pipelined,520,B2,nominal,heldout_swe_b16_l13_s7,1.546332734670317,1.546332734670317,0.0
7eb58061_pipelined,520,B2,nominal,heldout_swe_b2_l13_s11,0.85559659475286,0.85559659475286,0.0
7eb58061_pipelined,520,B2,nominal,heldout_swe_b4_l13_s11,1.592464015153871,1.592464015153871,0.0
7eb58061_pipelined,520,B2,nominal,heldout_swe_b8_l13_s11,1.4119289513731952,1.4119289513731952,0.0
7eb58061_pipelined,520,B2,nominal,heldout_swe_b16_l13_s11,1.9675036081089352,1.9675036081089352,0.0
7eb58061_pipelined,520,B2,nominal,heldout_swe_b2_l26_s3,0.85559659475286,0.85559659475286,0.0
7eb58061_pipelined,520,B2,nominal,heldout_swe_b4_l26_s3,1.4117402847065277,1.4117402847065277,0.0
7eb58061_pipelined,520,B2,nominal,heldout_swe_b8_l26_s3,1.706645069165524,1.706645069165524,0.0
7eb58061_pipelined,520,B2,nominal,heldout_swe_b16_l26_s3,1.9675006081089357,1.9675006081089357,0.0
7eb58061_pipelined,520,B2,nominal,heldout_swe_b2_l26_s7,1.0029529041258205,1.0029529041258205,0.0
7eb58061_pipelined,520,B2,nominal,heldout_swe_b4_l26_s7,1.2977510184967072,1.2977510184967072,0.0
7eb58061_pipelined,520,B2,nominal,heldout_swe_b8_l26_s7,1.5926526818205373,1.5926526818205373,0.0
7eb58061_pipelined,520,B2,nominal,heldout_swe_b16_l26_s7,1.6411428559917818,1.6411428559917818,0.0
7eb58061_pipelined,520,B2,nominal,heldout_swe_b2_l26_s11,1.0029529041258205,1.0029529041258205,0.0
7eb58061_pipelined,520,B2,nominal,heldout_swe_b4_l26_s11,1.8538100417709598,1.8538100417709598,0.0
7eb58061_pipelined,520,B2,nominal,heldout_swe_b8_l26_s11,1.411946951373193,1.411946951373193,0.0
7eb58061_pipelined,520,B2,nominal,heldout_swe_b16_l26_s11,2.107866124529471,2.107866124529471,0.0
7eb58061_pipelined,520,B2,nominal,v3_captured_mixed_heldout_bfcl_t64_l2,4.544267528387331,4.544267528387331,0.0
7eb58061_pipelined,520,B2,nominal,v3_captured_mixed_heldout_bfcl_t96_l2,5.193097081258577,5.193097081258577,0.0
7eb58061_pipelined,520,B2,nominal,v3_captured_mixed_heldout_bfcl_t128_l2,5.914420071510539,5.914420071510539,0.0
7eb58061_pipelined,520,B2,nominal,v3_captured_mixed_heldout_bfcl_t64_l13,4.47125533853321,4.47125533853321,0.0
7eb58061_pipelined,520,B2,nominal,v3_captured_mixed_heldout_bfcl_t96_l13,5.25686494120079,5.25686494120079,0.0
7eb58061_pipelined,520,B2,nominal,v3_captured_mixed_heldout_bfcl_t128_l13,6.033258054689864,6.033258054689864,0.0
7eb58061_pipelined,520,B2,nominal,v3_captured_mixed_heldout_bfcl_t64_l26,4.52217430895356,4.52217430895356,0.0
7eb58061_pipelined,520,B2,nominal,v3_captured_mixed_heldout_bfcl_t96_l26,5.323019092148138,5.323019092148138,0.0
7eb58061_pipelined,520,B2,nominal,v3_captured_mixed_heldout_bfcl_t128_l26,5.837411192099786,5.837411192099786,0.0
7eb58061_pipelined,520,B2,nominal,v3_captured_mixed_heldout_gpqa_t64_l2,4.609891529055131,4.609891529055131,0.0
7eb58061_pipelined,520,B2,nominal,v3_captured_mixed_heldout_gpqa_t96_l2,4.9561925141500325,4.9561925141500325,0.0
7eb58061_pipelined,520,B2,nominal,v3_captured_mixed_heldout_gpqa_t128_l2,5.457346186401802,5.457346186401802,0.0
7eb58061_pipelined,520,B2,nominal,v3_captured_mixed_heldout_gpqa_t64_l13,4.200605400889143,4.200605400889143,0.0
7eb58061_pipelined,520,B2,nominal,v3_captured_mixed_heldout_gpqa_t96_l13,4.942840420397381,4.942840420397381,0.0
7eb58061_pipelined,520,B2,nominal,v3_captured_mixed_heldout_gpqa_t128_l13,5.340189730060416,5.340189730060416,0.0
7eb58061_pipelined,520,B2,nominal,v3_captured_mixed_heldout_gpqa_t64_l26,4.612866825281561,4.612866825281561,0.0
7eb58061_pipelined,520,B2,nominal,v3_captured_mixed_heldout_gpqa_t96_l26,5.02422806012735,5.02422806012735,0.0
7eb58061_pipelined,520,B2,nominal,v3_captured_mixed_heldout_gpqa_t128_l26,5.51308108637587,5.51308108637587,0.0
7eb58061_pipelined,520,B2,nominal,v3_captured_mixed_heldout_swe_t64_l2,4.612471276365334,4.612471276365334,0.0
7eb58061_pipelined,520,B2,nominal,v3_captured_mixed_heldout_swe_t96_l2,5.146698683518299,5.146698683518299,0.0
7eb58061_pipelined,520,B2,nominal,v3_captured_mixed_heldout_swe_t128_l2,5.5480223226319385,5.5480223226319385,0.0
7eb58061_pipelined,520,B2,nominal,v3_captured_mixed_heldout_swe_t64_l13,4.209204659602664,4.209204659602664,0.0
7eb58061_pipelined,520,B2,nominal,v3_captured_mixed_heldout_swe_t96_l13,5.046881306063389,5.046881306063389,0.0
7eb58061_pipelined,520,B2,nominal,v3_captured_mixed_heldout_swe_t128_l13,5.838382230031606,5.838382230031606,0.0
7eb58061_pipelined,520,B2,nominal,v3_captured_mixed_heldout_swe_t64_l26,4.407900797948303,4.407900797948303,0.0
7eb58061_pipelined,520,B2,nominal,v3_captured_mixed_heldout_swe_t96_l26,4.950490745868191,4.950490745868191,0.0
7eb58061_pipelined,520,B2,nominal,v3_captured_mixed_heldout_swe_t128_l26,5.450068385003019,5.450068385003019,0.0
7eb58061_pipelined,520,B2,ours,heldout_bfcl_b2_l2_s3,0.9467004775591706,0.9467004775591706,0.0
7eb58061_pipelined,520,B2,ours,heldout_bfcl_b4_l2_s3,1.3524392766485824,1.3524392766485824,0.0
7eb58061_pipelined,520,B2,ours,heldout_bfcl_b8_l2_s3,1.8601777871962613,1.8601777871962613,0.0
7eb58061_pipelined,520,B2,ours,heldout_bfcl_b16_l2_s3,2.435122991201911,2.435122991201911,0.0
7eb58061_pipelined,520,B2,ours,heldout_bfcl_b2_l2_s7,0.9467004775591706,0.9467004775591706,0.0
7eb58061_pipelined,520,B2,ours,heldout_bfcl_b4_l2_s7,1.4876619272816154,1.4876619272816154,0.0
7eb58061_pipelined,520,B2,ours,heldout_bfcl_b8_l2_s7,2.0287891967974043,2.0287891967974043,0.0
7eb58061_pipelined,520,B2,ours,heldout_bfcl_b16_l2_s7,3.0780407651848485,3.0780407651848485,0.0
7eb58061_pipelined,520,B2,ours,heldout_bfcl_b2_l2_s11,0.676265404292945,0.676265404292945,0.0
7eb58061_pipelined,520,B2,ours,heldout_bfcl_b4_l2_s11,1.4876619272816154,1.4876619272816154,0.0
7eb58061_pipelined,520,B2,ours,heldout_bfcl_b8_l2_s11,2.1306738817141126,2.1306738817141126,0.0
7eb58061_pipelined,520,B2,ours,heldout_bfcl_b16_l2_s11,3.4837930566882274,3.4837930566882274,0.0
7eb58061_pipelined,520,B2,ours,heldout_bfcl_b2_l13_s3,0.8114832675974842,0.8114832675974842,0.0
7eb58061_pipelined,520,B2,ours,heldout_bfcl_b4_l13_s3,1.6228891301343575,1.6228891301343575,0.0
7eb58061_pipelined,520,B2,ours,heldout_bfcl_b8_l13_s3,1.9954169392498526,1.9954169392498526,0.0
7eb58061_pipelined,520,B2,ours,heldout_bfcl_b16_l13_s3,2.705636902069904,2.705636902069904,0.0
7eb58061_pipelined,520,B2,ours,heldout_bfcl_b2_l13_s7,0.9467004775591706,0.9467004775591706,0.0
7eb58061_pipelined,520,B2,ours,heldout_bfcl_b4_l13_s7,1.4876619272816158,1.4876619272816158,0.0
7eb58061_pipelined,520,B2,ours,heldout_bfcl_b8_l13_s7,2.1640392493715437,2.1640392493715437,0.0
7eb58061_pipelined,520,B2,ours,heldout_bfcl_b16_l13_s7,2.705636902069904,2.705636902069904,0.0
7eb58061_pipelined,520,B2,ours,heldout_bfcl_b2_l13_s11,0.6428758827100061,0.6428758827100061,0.0
7eb58061_pipelined,520,B2,ours,heldout_bfcl_b4_l13_s11,1.454291684610821,1.454291684610821,0.0
7eb58061_pipelined,520,B2,ours,heldout_bfcl_b8_l13_s11,1.8601777871962593,1.8601777871962593,0.0
7eb58061_pipelined,520,B2,ours,heldout_bfcl_b16_l13_s11,3.21329385842344,3.21329385842344,0.0
7eb58061_pipelined,520,B2,ours,heldout_bfcl_b2_l26_s3,0.9133151351619748,0.9133151351619748,0.0
7eb58061_pipelined,520,B2,ours,heldout_bfcl_b4_l26_s3,1.6228891301343564,1.6228891301343564,0.0
7eb58061_pipelined,520,B2,ours,heldout_bfcl_b8_l26_s3,2.1306648817141127,2.1306648817141127,0.0
7eb58061_pipelined,520,B2,ours,heldout_bfcl_b16_l26_s3,3.1113900759665483,3.1113900759665483,0.0
7eb58061_pipelined,520,B2,ours,heldout_bfcl_b2_l26_s7,0.8114832675974842,0.8114832675974842,0.0
7eb58061_pipelined,520,B2,ours,heldout_bfcl_b4_l26_s7,1.6228891301343575,1.6228891301343575,0.0
7eb58061_pipelined,520,B2,ours,heldout_bfcl_b8_l26_s7,2.299289773448251,2.299289773448251,0.0
7eb58061_pipelined,520,B2,ours,heldout_bfcl_b16_l26_s7,2.8408819363876585,2.8408819363876585,0.0
7eb58061_pipelined,520,B2,ours,heldout_bfcl_b2_l26_s11,0.676265404292945,0.676265404292945,0.0
7eb58061_pipelined,520,B2,ours,heldout_bfcl_b4_l26_s11,1.4876619272816154,1.4876619272816154,0.0
7eb58061_pipelined,520,B2,ours,heldout_bfcl_b8_l26_s11,2.265919360039172,2.265919360039172,0.0
7eb58061_pipelined,520,B2,ours,heldout_bfcl_b16_l26_s11,3.246647164445743,3.246647164445743,0.0
7eb58061_pipelined,520,B2,ours,heldout_gpqa_b2_l2_s3,0.9133151351619748,0.9133151351619748,0.0
7eb58061_pipelined,520,B2,ours,heldout_gpqa_b4_l2_s3,1.2172196064113388,1.2172196064113388,0.0
7eb58061_pipelined,520,B2,ours,heldout_gpqa_b8_l2_s3,1.5897128725404268,1.5897128725404268,0.0
7eb58061_pipelined,520,B2,ours,heldout_gpqa_b16_l2_s3,1.8940981148671783,1.8940981148671783,0.0
7eb58061_pipelined,520,B2,ours,heldout_gpqa_b2_l2_s7,0.9467004775591705,0.9467004775591705,0.0
7eb58061_pipelined,520,B2,ours,heldout_gpqa_b4_l2_s7,1.6228891301343567,1.6228891301343567,0.0
7eb58061_pipelined,520,B2,ours,heldout_gpqa_b8_l2_s7,2.299283773448251,2.299283773448251,0.0
7eb58061_pipelined,520,B2,ours,heldout_gpqa_b16_l2_s7,3.21327885842344,3.21327885842344,0.0
7eb58061_pipelined,520,B2,ours,heldout_gpqa_b2_l2_s11,0.7780947827670602,0.7780947827670602,0.0
7eb58061_pipelined,520,B2,ours,heldout_gpqa_b4_l2_s11,1.5895212058737616,1.5895212058737616,0.0
7eb58061_pipelined,520,B2,ours,heldout_gpqa_b8_l2_s11,2.569793165448828,2.569793165448828,0.0
7eb58061_pipelined,520,B2,ours,heldout_gpqa_b16_l2_s11,3.381894259268261,3.381894259268261,0.0
7eb58061_pipelined,520,B2,ours,heldout_gpqa_b2_l13_s3,0.9133151351619748,0.9133151351619748,0.0
7eb58061_pipelined,520,B2,ours,heldout_gpqa_b4_l13_s3,1.3190675442880073,1.3190675442880073,0.0
7eb58061_pipelined,520,B2,ours,heldout_gpqa_b8_l13_s3,1.8935428001480523,1.8935428001480523,0.0
7eb58061_pipelined,520,B2,ours,heldout_gpqa_b16_l13_s3,2.1646135552926964,2.1646135552926964,0.0
7eb58061_pipelined,520,B2,ours,heldout_gpqa_b2_l13_s7,0.9133151351619748,0.9133151351619748,0.0
7eb58061_pipelined,520,B2,ours,heldout_gpqa_b4_l13_s7,1.58952120587376,1.58952120587376,0.0
7eb58061_pipelined,520,B2,ours,heldout_gpqa_b8_l13_s7,2.401165505511399,2.401165505511399,0.0
7eb58061_pipelined,520,B2,ours,heldout_gpqa_b16_l13_s7,2.9761389978052146,2.9761389978052146,0.0
7eb58061_pipelined,520,B2,ours,heldout_gpqa_b2_l13_s11,0.6428758827100061,0.6428758827100061,0.0
7eb58061_pipelined,520,B2,ours,heldout_gpqa_b4_l13_s11,1.6228891301343575,1.6228891301343575,0.0
7eb58061_pipelined,520,B2,ours,heldout_gpqa_b8_l13_s11,2.0287871967974045,2.0287871967974045,0.0
7eb58061_pipelined,520,B2,ours,heldout_gpqa_b16_l13_s11,3.0780247651848485,3.0780247651848485,0.0
7eb58061_pipelined,520,B2,ours,heldout_gpqa_b2_l26_s3,0.9467004775591705,0.9467004775591705,0.0
7eb58061_pipelined,520,B2,ours,heldout_gpqa_b4_l26_s3,1.1838429433220388,1.1838429433220388,0.0
7eb58061_pipelined,520,B2,ours,heldout_gpqa_b8_l26_s3,1.7249326397698546,1.7249326397698546,0.0
7eb58061_pipelined,520,B2,ours,heldout_gpqa_b16_l26_s3,2.2998661835207095,2.2998661835207095,0.0
7eb58061_pipelined,520,B2,ours,heldout_gpqa_b2_l26_s7,0.9467004775591705,0.9467004775591705,0.0
7eb58061_pipelined,520,B2,ours,heldout_gpqa_b4_l26_s7,1.5895212058737604,1.5895212058737604,0.0
7eb58061_pipelined,520,B2,ours,heldout_gpqa_b8_l26_s7,2.2992837734482494,2.2992837734482494,0.0
7eb58061_pipelined,520,B2,ours,heldout_gpqa_b16_l26_s7,3.1114120759665482,3.1114120759665482,0.0
7eb58061_pipelined,520,B2,ours,heldout_gpqa_b2_l26_s11,0.9133151351619748,0.9133151351619748,0.0
7eb58061_pipelined,520,B2,ours,heldout_gpqa_b4_l26_s11,1.7247539731031865,1.7247539731031865,0.0
7eb58061_pipelined,520,B2,ours,heldout_gpqa_b8_l26_s11,2.2992837734482534,2.2992837734482534,0.0
7eb58061_pipelined,520,B2,ours,heldout_gpqa_b16_l26_s11,3.38190425926826,3.38190425926826,0.0
7eb58061_pipelined,520,B2,ours,heldout_swe_b2_l2_s3,0.9133151351619748,0.9133151351619748,0.0
7eb58061_pipelined,520,B2,ours,heldout_swe_b4_l2_s3,1.048623490854156,1.048623490854156,0.0
7eb58061_pipelined,520,B2,ours,heldout_swe_b8_l2_s3,1.1840496099887055,1.1840496099887055,0.0
7eb58061_pipelined,520,B2,ours,heldout_swe_b16_l2_s3,1.3530935379441955,1.3530935379441955,0.0
7eb58061_pipelined,520,B2,ours,heldout_swe_b2_l2_s7,0.9133151351619747,0.9133151351619747,0.0
7eb58061_pipelined,520,B2,ours,heldout_swe_b4_l2_s7,1.183844943322039,1.183844943322039,0.0
7eb58061_pipelined,520,B2,ours,heldout_swe_b8_l2_s7,1.2174142730780053,1.2174142730780053,0.0
7eb58061_pipelined,520,B2,ours,heldout_swe_b16_l2_s7,1.488339532338891,1.488339532338891,0.0
7eb58061_pipelined,520,B2,ours,heldout_swe_b2_l2_s11,0.9133151351619748,0.9133151351619748,0.0
7eb58061_pipelined,520,B2,ours,heldout_swe_b4_l2_s11,1.4542916846108191,1.4542916846108191,0.0
7eb58061_pipelined,520,B2,ours,heldout_swe_b8_l2_s11,1.319257210954674,1.319257210954674,0.0
7eb58061_pipelined,520,B2,ours,heldout_swe_b16_l2_s11,1.8941053152947194,1.8941053152947194,0.0
7eb58061_pipelined,520,B2,ours,heldout_swe_b2_l13_s3,0.9467004775591705,0.9467004775591705,0.0
7eb58061_pipelined,520,B2,ours,heldout_swe_b4_l13_s3,1.3190655442880073,1.3190655442880073,0.0
7eb58061_pipelined,520,B2,ours,heldout_swe_b8_l13_s3,1.352630943315249,1.352630943315249,0.0
7eb58061_pipelined,520,B2,ours,heldout_swe_b16_l13_s3,1.4549751803115156,1.4549751803115156,0.0
7eb58061_pipelined,520,B2,ours,heldout_swe_b2_l13_s7,0.9467004775591705,0.9467004775591705,0.0
7eb58061_pipelined,520,B2,ours,heldout_swe_b4_l13_s7,1.4542916846108211,1.4542916846108211,0.0
7eb58061_pipelined,520,B2,ours,heldout_swe_b8_l13_s7,1.4544773512774862,1.4544773512774862,0.0
7eb58061_pipelined,520,B2,ours,heldout_swe_b16_l13_s7,1.488343532338891,1.488343532338891,0.0
7eb58061_pipelined,520,B2,ours,heldout_swe_b2_l13_s11,0.8114832675974842,0.8114832675974842,0.0
7eb58061_pipelined,520,B2,ours,heldout_swe_b4_l13_s11,1.4876619272816163,1.4876619272816163,0.0
7eb58061_pipelined,520,B2,ours,heldout_swe_b8_l13_s11,1.3192542109546743,1.3192542109546743,0.0
7eb58061_pipelined,520,B2,ours,heldout_swe_b16_l13_s11,1.8940853152947184,1.8940853152947184,0.0
7eb58061_pipelined,520,B2,ours,heldout_swe_b2_l26_s3,0.8114832675974842,0.8114832675974842,0.0
7eb58061_pipelined,520,B2,ours,heldout_swe_b4_l26_s3,1.3190655442880075,1.3190655442880075,0.0
7eb58061_pipelined,520,B2,ours,heldout_swe_b8_l26_s3,1.589712872540427,1.589712872540427,0.0
7eb58061_pipelined,520,B2,ours,heldout_swe_b16_l26_s3,1.8940823152947193,1.8940823152947193,0.0
7eb58061_pipelined,520,B2,ours,heldout_swe_b2_l26_s7,0.9467004775591706,0.9467004775591706,0.0
7eb58061_pipelined,520,B2,ours,heldout_swe_b4_l26_s7,1.2172196064113385,1.2172196064113385,0.0
7eb58061_pipelined,520,B2,ours,heldout_swe_b8_l26_s7,1.4878505939482836,1.4878505939482836,0.0
7eb58061_pipelined,520,B2,ours,heldout_swe_b16_l26_s7,1.5902355954648806,1.5902355954648806,0.0
7eb58061_pipelined,520,B2,ours,heldout_swe_b2_l26_s11,0.9467004775591705,0.9467004775591705,0.0
7eb58061_pipelined,520,B2,ours,heldout_swe_b4_l26_s11,1.7247539731031865,1.7247539731031865,0.0
7eb58061_pipelined,520,B2,ours,heldout_swe_b8_l26_s11,1.3192722109546744,1.3192722109546744,0.0
7eb58061_pipelined,520,B2,ours,heldout_swe_b16_l26_s11,2.029341211459629,2.029341211459629,0.0
7eb58061_pipelined,520,B2,ours,v3_captured_mixed_heldout_bfcl_t64_l2,4.540917172015002,4.540917172015002,0.0
7eb58061_pipelined,520,B2,ours,v3_captured_mixed_heldout_bfcl_t96_l2,5.179519435377901,5.179519435377901,0.0
7eb58061_pipelined,520,B2,ours,v3_captured_mixed_heldout_bfcl_t128_l2,5.910972676720789,5.910972676720789,0.0
7eb58061_pipelined,520,B2,ours,v3_captured_mixed_heldout_bfcl_t64_l13,4.467710834353234,4.467710834353234,0.0
7eb58061_pipelined,520,B2,ours,v3_captured_mixed_heldout_bfcl_t96_l13,5.249787094826017,5.249787094826017,0.0
7eb58061_pipelined,520,B2,ours,v3_captured_mixed_heldout_bfcl_t128_l13,5.836136138285581,5.836136138285581,0.0
7eb58061_pipelined,520,B2,ours,v3_captured_mixed_heldout_bfcl_t64_l26,4.522660090359764,4.522660090359764,0.0
7eb58061_pipelined,520,B2,ours,v3_captured_mixed_heldout_bfcl_t96_l26,5.20571855907909,5.20571855907909,0.0
7eb58061_pipelined,520,B2,ours,v3_captured_mixed_heldout_bfcl_t128_l26,5.7468284180019324,5.7468284180019324,0.0
7eb58061_pipelined,520,B2,ours,v3_captured_mixed_heldout_gpqa_t64_l2,4.60701466068323,4.60701466068323,0.0
7eb58061_pipelined,520,B2,ours,v3_captured_mixed_heldout_gpqa_t96_l2,4.911373235149681,4.911373235149681,0.0
7eb58061_pipelined,520,B2,ours,v3_captured_mixed_heldout_gpqa_t128_l2,5.392977145772815,5.392977145772815,0.0
7eb58061_pipelined,520,B2,ours,v3_captured_mixed_heldout_gpqa_t64_l13,4.195439253831594,4.195439253831594,0.0
7eb58061_pipelined,520,B2,ours,v3_captured_mixed_heldout_gpqa_t96_l13,4.78506054716896,4.78506054716896,0.0
7eb58061_pipelined,520,B2,ours,v3_captured_mixed_heldout_gpqa_t128_l13,5.312033101035149,5.312033101035149,0.0
7eb58061_pipelined,520,B2,ours,v3_captured_mixed_heldout_gpqa_t64_l26,4.610925954137713,4.610925954137713,0.0
7eb58061_pipelined,520,B2,ours,v3_captured_mixed_heldout_gpqa_t96_l26,4.995170235219567,4.995170235219567,0.0
7eb58061_pipelined,520,B2,ours,v3_captured_mixed_heldout_gpqa_t128_l26,5.45544304367295,5.45544304367295,0.0
7eb58061_pipelined,520,B2,ours,v3_captured_mixed_heldout_swe_t64_l2,4.61024981175743,4.61024981175743,0.0
7eb58061_pipelined,520,B2,ours,v3_captured_mixed_heldout_swe_t96_l2,5.0454540881588805,5.0454540881588805,0.0
7eb58061_pipelined,520,B2,ours,v3_captured_mixed_heldout_swe_t128_l2,5.4761725231805745,5.4761725231805745,0.0
7eb58061_pipelined,520,B2,ours,v3_captured_mixed_heldout_swe_t64_l13,4.202903986449735,4.202903986449735,0.0
7eb58061_pipelined,520,B2,ours,v3_captured_mixed_heldout_swe_t96_l13,5.045697153884294,5.045697153884294,0.0
7eb58061_pipelined,520,B2,ours,v3_captured_mixed_heldout_swe_t128_l13,5.813782642468105,5.813782642468105,0.0
7eb58061_pipelined,520,B2,ours,v3_captured_mixed_heldout_swe_t64_l26,4.405725146407613,4.405725146407613,0.0
7eb58061_pipelined,520,B2,ours,v3_captured_mixed_heldout_swe_t96_l26,4.7927324968844,4.7927324968844,0.0
7eb58061_pipelined,520,B2,ours,v3_captured_mixed_heldout_swe_t128_l26,5.341444596523637,5.341444596523637,0.0
7eb58061_pipelined,520,best_hetero,nominal,heldout_bfcl_b2_l2_s3,0.9620431794871794,0.9620431794871794,0.0
7eb58061_pipelined,520,best_hetero,nominal,heldout_bfcl_b4_l2_s3,1.3744031240093242,1.3744031240093242,0.0
7eb58061_pipelined,520,best_hetero,nominal,heldout_bfcl_b8_l2_s3,1.855768386416325,1.855768386416325,0.0
7eb58061_pipelined,520,best_hetero,nominal,heldout_bfcl_b16_l2_s3,2.474159581772723,2.474159581772723,0.0
7eb58061_pipelined,520,best_hetero,nominal,heldout_bfcl_b2_l2_s7,0.9620431794871794,0.9620431794871794,0.0
7eb58061_pipelined,520,best_hetero,nominal,heldout_bfcl_b4_l2_s7,1.51184998974359,1.51184998974359,0.0
7eb58061_pipelined,520,best_hetero,nominal,heldout_bfcl_b8_l2_s7,2.0616942032634027,2.0616942032634027,0.0
7eb58061_pipelined,520,best_hetero,nominal,heldout_bfcl_b16_l2_s7,3.0694670284826615,3.0694670284826615,0.0
7eb58061_pipelined,520,best_hetero,nominal,heldout_bfcl_b2_l2_s11,0.6871824410256411,0.6871824410256411,0.0
7eb58061_pipelined,520,best_hetero,nominal,heldout_bfcl_b4_l2_s11,1.51184998974359,1.51184998974359,0.0
7eb58061_pipelined,520,best_hetero,nominal,heldout_bfcl_b8_l2_s11,2.1255740481464067,2.1255740481464067,0.0
7eb58061_pipelined,520,best_hetero,nominal,heldout_bfcl_b16_l2_s11,3.474946978688478,3.474946978688478,0.0
7eb58061_pipelined,520,best_hetero,nominal,heldout_bfcl_b2_l13_s3,0.8245961794871793,0.8245961794871793,0.0
7eb58061_pipelined,520,best_hetero,nominal,heldout_bfcl_b4_l13_s3,1.649263728205128,1.649263728205128,0.0
7eb58061_pipelined,520,best_hetero,nominal,heldout_bfcl_b8_l13_s3,1.990660530112837,1.990660530112837,0.0
7eb58061_pipelined,520,best_hetero,nominal,heldout_bfcl_b16_l13_s3,2.7491262221811508,2.7491262221811508,0.0
7eb58061_pipelined,520,best_hetero,nominal,heldout_bfcl_b2_l13_s7,0.9620431794871794,0.9620431794871794,0.0
7eb58061_pipelined,520,best_hetero,nominal,heldout_bfcl_b4_l13_s7,1.51184998974359,1.51184998974359,0.0
7eb58061_pipelined,520,best_hetero,nominal,heldout_bfcl_b8_l13_s7,2.199141203263403,2.199141203263403,0.0
7eb58061_pipelined,520,best_hetero,nominal,heldout_bfcl_b16_l13_s7,2.7491518680383713,2.7491518680383713,0.0
7eb58061_pipelined,520,best_hetero,nominal,heldout_bfcl_b2_l13_s11,0.6412215459927308,0.6412215459927308,0.0
7eb58061_pipelined,520,best_hetero,nominal,heldout_bfcl_b4_l13_s11,1.4508167046175235,1.4508167046175235,0.0
7eb58061_pipelined,520,best_hetero,nominal,heldout_bfcl_b8_l13_s11,1.8557621022355808,1.8557621022355808,0.0
7eb58061_pipelined,520,best_hetero,nominal,heldout_bfcl_b16_l13_s11,3.2047516759737467,3.2047516759737467,0.0
7eb58061_pipelined,520,best_hetero,nominal,heldout_bfcl_b2_l26_s3,0.9110581544232172,0.9110581544232172,0.0
7eb58061_pipelined,520,best_hetero,nominal,heldout_bfcl_b4_l26_s3,1.649263728205128,1.649263728205128,0.0
7eb58061_pipelined,520,best_hetero,nominal,heldout_bfcl_b8_l26_s3,2.1255650481464072,2.1255650481464072,0.0
7eb58061_pipelined,520,best_hetero,nominal,heldout_bfcl_b16_l26_s3,3.1614564666666687,3.1614564666666687,0.0
7eb58061_pipelined,520,best_hetero,nominal,heldout_bfcl_b2_l26_s7,0.8245961794871793,0.8245961794871793,0.0
7eb58061_pipelined,520,best_hetero,nominal,heldout_bfcl_b4_l26_s7,1.649263728205128,1.649263728205128,0.0
7eb58061_pipelined,520,best_hetero,nominal,heldout_bfcl_b8_l26_s7,2.336552941724942,2.336552941724942,0.0
7eb58061_pipelined,520,best_hetero,nominal,heldout_bfcl_b16_l26_s7,2.8866345491841496,2.8866345491841496,0.0
7eb58061_pipelined,520,best_hetero,nominal,heldout_bfcl_b2_l26_s11,0.6871824410256411,0.6871824410256411,0.0
7eb58061_pipelined,520,best_hetero,nominal,heldout_bfcl_b4_l26_s11,1.51184998974359,1.51184998974359,0.0
7eb58061_pipelined,520,best_hetero,nominal,heldout_bfcl_b8_l26_s11,2.260465685435238,2.260465685435238,0.0
7eb58061_pipelined,520,best_hetero,nominal,heldout_bfcl_b16_l26_s11,3.2989364652680657,3.2989364652680657,0.0
7eb58061_pipelined,520,best_hetero,nominal,heldout_gpqa_b2_l2_s3,0.9110581544232172,0.9110581544232172,0.0
7eb58061_pipelined,520,best_hetero,nominal,heldout_gpqa_b4_l2_s3,1.2369894289044288,1.2369894289044288,0.0
7eb58061_pipelined,520,best_hetero,nominal,heldout_gpqa_b8_l2_s3,1.5855439712817962,1.5855439712817962,0.0
7eb58061_pipelined,520,best_hetero,nominal,heldout_gpqa_b16_l2_s3,1.9290168135704617,1.9290168135704617,0.0
7eb58061_pipelined,520,best_hetero,nominal,heldout_gpqa_b2_l2_s7,0.9620431794871794,0.9620431794871794,0.0
7eb58061_pipelined,520,best_hetero,nominal,heldout_gpqa_b4_l2_s7,1.649263728205128,1.649263728205128,0.0
7eb58061_pipelined,520,best_hetero,nominal,heldout_gpqa_b8_l2_s7,2.33654711934732,2.33654711934732,0.0
7eb58061_pipelined,520,best_hetero,nominal,heldout_gpqa_b16_l2_s7,3.2047421098922406,3.2047421098922406,0.0
7eb58061_pipelined,520,best_hetero,nominal,heldout_gpqa_b2_l2_s11,0.776142194016349,0.776142194016349,0.0
7eb58061_pipelined,520,best_hetero,nominal,heldout_gpqa_b4_l2_s11,1.5857373526411418,1.5857373526411418,0.0
7eb58061_pipelined,520,best_hetero,nominal,heldout_gpqa_b8_l2_s11,2.611407680186481,2.611407680186481,0.0
7eb58061_pipelined,520,best_hetero,nominal,heldout_gpqa_b16_l2_s11,3.436340026107227,3.436340026107227,0.0
7eb58061_pipelined,520,best_hetero,nominal,heldout_gpqa_b2_l13_s3,0.9110581544232172,0.9110581544232172,0.0
7eb58061_pipelined,520,best_hetero,nominal,heldout_gpqa_b4_l13_s3,1.3159027146485036,1.3159027146485036,0.0
7eb58061_pipelined,520,best_hetero,nominal,heldout_gpqa_b8_l13_s3,1.9242804648018643,1.9242804648018643,0.0
7eb58061_pipelined,520,best_hetero,nominal,heldout_gpqa_b16_l13_s3,2.199461059673659,2.199461059673659,0.0
7eb58061_pipelined,520,best_hetero,nominal,heldout_gpqa_b2_l13_s7,0.9110581544232172,0.9110581544232172,0.0
7eb58061_pipelined,520,best_hetero,nominal,heldout_gpqa_b4_l13_s7,1.5857373526411418,1.5857373526411418,0.0
7eb58061_pipelined,520,best_hetero,nominal,heldout_gpqa_b8_l13_s7,2.3953641736233715,2.3953641736233715,0.0
7eb58061_pipelined,520,best_hetero,nominal,heldout_gpqa_b16_l13_s7,3.024055305101309,3.024055305101309,0.0
7eb58061_pipelined,520,best_hetero,nominal,heldout_gpqa_b2_l13_s11,0.6412215459927308,0.6412215459927308,0.0
7eb58061_pipelined,520,best_hetero,nominal,heldout_gpqa_b4_l13_s11,1.649263728205128,1.649263728205128,0.0
7eb58061_pipelined,520,best_hetero,nominal,heldout_gpqa_b8_l13_s11,2.061692203263403,2.061692203263403,0.0
7eb58061_pipelined,520,best_hetero,nominal,heldout_gpqa_b16_l13_s11,3.070232368717278,3.070232368717278,0.0
7eb58061_pipelined,520,best_hetero,nominal,heldout_gpqa_b2_l26_s3,0.9620431794871794,0.9620431794871794,0.0
7eb58061_pipelined,520,best_hetero,nominal,heldout_gpqa_b4_l26_s3,1.180980066624885,1.180980066624885,0.0
7eb58061_pipelined,520,best_hetero,nominal,heldout_gpqa_b8_l26_s3,1.7208331455857115,1.7208331455857115,0.0
7eb58061_pipelined,520,best_hetero,nominal,heldout_gpqa_b16_l26_s3,2.4538397773725773,2.4538397773725773,0.0
7eb58061_pipelined,520,best_hetero,nominal,heldout_gpqa_b2_l26_s7,0.9620431794871794,0.9620431794871794,0.0
7eb58061_pipelined,520,best_hetero,nominal,heldout_gpqa_b4_l26_s7,1.5857373526411418,1.5857373526411418,0.0
7eb58061_pipelined,520,best_hetero,nominal,heldout_gpqa_b8_l26_s7,2.3365472969696985,2.3365472969696985,0.0
7eb58061_pipelined,520,best_hetero,nominal,heldout_gpqa_b16_l26_s7,3.1614808205905205,3.1614808205905205,0.0
7eb58061_pipelined,520,best_hetero,nominal,heldout_gpqa_b2_l26_s11,0.9110581544232172,0.9110581544232172,0.0
7eb58061_pipelined,520,best_hetero,nominal,heldout_gpqa_b4_l26_s11,1.7206533130480095,1.7206533130480095,0.0
7eb58061_pipelined,520,best_hetero,nominal,heldout_gpqa_b8_l26_s11,2.3365471193473195,2.3365471193473195,0.0
7eb58061_pipelined,520,best_hetero,nominal,heldout_gpqa_b16_l26_s11,3.4363503813519847,3.4363503813519847,0.0
7eb58061_pipelined,520,best_hetero,nominal,heldout_swe_b2_l2_s3,0.9110581544232172,0.9110581544232172,0.0
7eb58061_pipelined,520,best_hetero,nominal,heldout_swe_b4_l2_s3,1.0460661062180174,1.0460661062180174,0.0
7eb58061_pipelined,520,best_hetero,nominal,heldout_swe_b8_l2_s3,1.1812001495207145,1.1812001495207145,0.0
7eb58061_pipelined,520,best_hetero,nominal,heldout_swe_b16_l2_s3,1.4441592869490174,1.4441592869490174,0.0
7eb58061_pipelined,520,best_hetero,nominal,heldout_swe_b2_l2_s7,0.9110581544232172,0.9110581544232172,0.0
7eb58061_pipelined,520,best_hetero,nominal,heldout_swe_b4_l2_s7,1.1809820666248856,1.1809820666248856,0.0
7eb58061_pipelined,520,best_hetero,nominal,heldout_swe_b8_l2_s7,1.2371285207459213,1.2371285207459213,0.0
7eb58061_pipelined,520,best_hetero,nominal,heldout_swe_b16_l2_s7,1.649593996345711,1.649593996345711,0.0
7eb58061_pipelined,520,best_hetero,nominal,heldout_swe_b2_l2_s11,0.9110581544232172,0.9110581544232172,0.0
7eb58061_pipelined,520,best_hetero,nominal,heldout_swe_b4_l2_s11,1.4508167046175235,1.4508167046175235,0.0
7eb58061_pipelined,520,best_hetero,nominal,heldout_swe_b8_l2_s11,1.3157073628513096,1.3157073628513096,0.0
7eb58061_pipelined,520,best_hetero,nominal,heldout_swe_b16_l2_s11,1.9309647457540797,1.9309647457540797,0.0
7eb58061_pipelined,520,best_hetero,nominal,heldout_swe_b2_l13_s3,0.9620431794871794,0.9620431794871794,0.0
7eb58061_pipelined,520,best_hetero,nominal,heldout_swe_b4_l13_s3,1.3159007143652182,1.3159007143652182,0.0
7eb58061_pipelined,520,best_hetero,nominal,heldout_swe_b8_l13_s3,1.374572520745921,1.374572520745921,0.0
7eb58061_pipelined,520,best_hetero,nominal,heldout_swe_b16_l13_s3,1.5122022305209961,1.5122022305209961,0.0
7eb58061_pipelined,520,best_hetero,nominal,heldout_swe_b2_l13_s7,0.9620431794871794,0.9620431794871794,0.0
7eb58061_pipelined,520,best_hetero,nominal,heldout_swe_b4_l13_s7,1.4508167046175235,1.4508167046175235,0.0
7eb58061_pipelined,520,best_hetero,nominal,heldout_swe_b8_l13_s7,1.450622070502698,1.450622070502698,0.0
7eb58061_pipelined,520,best_hetero,nominal,heldout_swe_b16_l13_s7,1.5401872159252483,1.5401872159252483,0.0
7eb58061_pipelined,520,best_hetero,nominal,heldout_swe_b2_l13_s11,0.8245961794871793,0.8245961794871793,0.0
7eb58061_pipelined,520,best_hetero,nominal,heldout_swe_b4_l13_s11,1.51184998974359,1.51184998974359,0.0
7eb58061_pipelined,520,best_hetero,nominal,heldout_swe_b8_l13_s11,1.3171707531994317,1.3171707531994317,0.0
7eb58061_pipelined,520,best_hetero,nominal,heldout_swe_b16_l13_s11,1.969562445548967,1.969562445548967,0.0
7eb58061_pipelined,520,best_hetero,nominal,heldout_swe_b2_l26_s3,0.8245961794871793,0.8245961794871793,0.0
7eb58061_pipelined,520,best_hetero,nominal,heldout_swe_b4_l26_s3,1.3159007442106552,1.3159007442106552,0.0
7eb58061_pipelined,520,best_hetero,nominal,heldout_swe_b8_l26_s3,1.5851441573274794,1.5851441573274794,0.0
7eb58061_pipelined,520,best_hetero,nominal,heldout_swe_b16_l26_s3,1.9577729171771483,1.9577729171771483,0.0
7eb58061_pipelined,520,best_hetero,nominal,heldout_swe_b2_l26_s7,0.9620431794871794,0.9620431794871794,0.0
7eb58061_pipelined,520,best_hetero,nominal,heldout_swe_b4_l26_s7,1.2369892512820513,1.2369892512820513,0.0
7eb58061_pipelined,520,best_hetero,nominal,heldout_swe_b8_l26_s7,1.5119832592074587,1.5119832592074587,0.0
7eb58061_pipelined,520,best_hetero,nominal,heldout_swe_b16_l26_s7,1.6156582556516232,1.6156582556516232,0.0
7eb58061_pipelined,520,best_hetero,nominal,heldout_swe_b2_l26_s11,0.9620431794871794,0.9620431794871794,0.0
7eb58061_pipelined,520,best_hetero,nominal,heldout_swe_b4_l26_s11,1.7206533130480095,1.7206533130480095,0.0
7eb58061_pipelined,520,best_hetero,nominal,heldout_swe_b8_l26_s11,1.316116169555353,1.316116169555353,0.0
7eb58061_pipelined,520,best_hetero,nominal,heldout_swe_b16_l26_s11,2.1056756534088907,2.1056756534088907,0.0
7eb58061_pipelined,520,best_hetero,nominal,v3_captured_mixed_heldout_bfcl_t64_l2,4.674488853960229,4.674488853960229,0.0
7eb58061_pipelined,520,best_hetero,nominal,v3_captured_mixed_heldout_bfcl_t96_l2,5.0909515871034134,5.0909515871034134,0.0
7eb58061_pipelined,520,best_hetero,nominal,v3_captured_mixed_heldout_bfcl_t128_l2,5.659002877808977,5.659002877808977,0.0
7eb58061_pipelined,520,best_hetero,nominal,v3_captured_mixed_heldout_bfcl_t64_l13,4.400132555916005,4.400132555916005,0.0
7eb58061_pipelined,520,best_hetero,nominal,v3_captured_mixed_heldout_bfcl_t96_l13,5.329334778408942,5.329334778408942,0.0
7eb58061_pipelined,520,best_hetero,nominal,v3_captured_mixed_heldout_bfcl_t128_l13,5.786281572162177,5.786281572162177,0.0
7eb58061_pipelined,520,best_hetero,nominal,v3_captured_mixed_heldout_bfcl_t64_l26,4.531485190025417,4.531485190025417,0.0
7eb58061_pipelined,520,best_hetero,nominal,v3_captured_mixed_heldout_bfcl_t96_l26,5.231192654359162,5.231192654359162,0.0
7eb58061_pipelined,520,best_hetero,nominal,v3_captured_mixed_heldout_bfcl_t128_l26,5.838946715488583,5.838946715488583,0.0
7eb58061_pipelined,520,best_hetero,nominal,v3_captured_mixed_heldout_gpqa_t64_l2,4.674724919174441,4.674724919174441,0.0
7eb58061_pipelined,520,best_hetero,nominal,v3_captured_mixed_heldout_gpqa_t96_l2,5.176968875134856,5.176968875134856,0.0
7eb58061_pipelined,520,best_hetero,nominal,v3_captured_mixed_heldout_gpqa_t128_l2,5.912866787576388,5.912866787576388,0.0
7eb58061_pipelined,520,best_hetero,nominal,v3_captured_mixed_heldout_gpqa_t64_l13,4.262326791345626,4.262326791345626,0.0
7eb58061_pipelined,520,best_hetero,nominal,v3_captured_mixed_heldout_gpqa_t96_l13,4.773799628277762,4.773799628277762,0.0
7eb58061_pipelined,520,best_hetero,nominal,v3_captured_mixed_heldout_gpqa_t128_l13,6.324943504840435,6.324943504840435,0.0
7eb58061_pipelined,520,best_hetero,nominal,v3_captured_mixed_heldout_gpqa_t64_l26,4.812011418719672,4.812011418719672,0.0
7eb58061_pipelined,520,best_hetero,nominal,v3_captured_mixed_heldout_gpqa_t96_l26,5.148681481349744,5.148681481349744,0.0
7eb58061_pipelined,520,best_hetero,nominal,v3_captured_mixed_heldout_gpqa_t128_l26,6.1876517705515495,6.1876517705515495,0.0
7eb58061_pipelined,520,best_hetero,nominal,v3_captured_mixed_heldout_swe_t64_l2,4.7441661416986864,4.7441661416986864,0.0
7eb58061_pipelined,520,best_hetero,nominal,v3_captured_mixed_heldout_swe_t96_l2,5.227930504777602,5.227930504777602,0.0
7eb58061_pipelined,520,best_hetero,nominal,v3_captured_mixed_heldout_swe_t128_l2,6.3250928539010545,6.3250928539010545,0.0
7eb58061_pipelined,520,best_hetero,nominal,v3_captured_mixed_heldout_swe_t64_l13,4.195838712872873,4.195838712872873,0.0
7eb58061_pipelined,520,best_hetero,nominal,v3_captured_mixed_heldout_swe_t96_l13,5.181020774743208,5.181020774743208,0.0
7eb58061_pipelined,520,best_hetero,nominal,v3_captured_mixed_heldout_swe_t128_l13,5.819263331947267,5.819263331947267,0.0
7eb58061_pipelined,520,best_hetero,nominal,v3_captured_mixed_heldout_swe_t64_l26,4.513980405715532,4.513980405715532,0.0
7eb58061_pipelined,520,best_hetero,nominal,v3_captured_mixed_heldout_swe_t96_l26,4.815647351396168,4.815647351396168,0.0
7eb58061_pipelined,520,best_hetero,nominal,v3_captured_mixed_heldout_swe_t128_l26,6.325015547900253,6.325015547900253,0.0
7eb58061_pipelined,520,best_hetero,ours,heldout_bfcl_b2_l2_s3,0.9616775064890718,0.9616775064890718,0.0
7eb58061_pipelined,520,best_hetero,ours,heldout_bfcl_b4_l2_s3,1.373841711844098,1.373841711844098,0.0
7eb58061_pipelined,520,best_hetero,ours,heldout_bfcl_b8_l2_s3,1.8461515430010103,1.8461515430010103,0.0
7eb58061_pipelined,520,best_hetero,ours,heldout_bfcl_b16_l2_s3,2.473317174334814,2.473317174334814,0.0
7eb58061_pipelined,520,best_hetero,ours,heldout_bfcl_b2_l2_s7,0.9616775064890716,0.9616775064890716,0.0
7eb58061_pipelined,520,best_hetero,ours,heldout_bfcl_b4_l2_s7,1.5112013218736864,1.5112013218736864,0.0
7eb58061_pipelined,520,best_hetero,ours,heldout_bfcl_b8_l2_s7,2.060797550231834,2.060797550231834,0.0
7eb58061_pipelined,520,best_hetero,ours,heldout_bfcl_b16_l2_s7,3.0540113454294615,3.0540113454294615,0.0
7eb58061_pipelined,520,best_hetero,ours,heldout_bfcl_b2_l2_s11,0.686958265463431,0.686958265463431,0.0
7eb58061_pipelined,520,best_hetero,ours,heldout_bfcl_b4_l2_s11,1.5112013218736866,1.5112013218736866,0.0
7eb58061_pipelined,520,best_hetero,ours,heldout_bfcl_b8_l2_s11,2.114484403625668,2.114484403625668,0.0
7eb58061_pipelined,520,best_hetero,ours,heldout_bfcl_b16_l2_s11,3.4564816245037875,3.4564816245037875,0.0
7eb58061_pipelined,520,best_hetero,ours,heldout_bfcl_b2_l13_s3,0.8243178859762512,0.8243178859762512,0.0
7eb58061_pipelined,520,best_hetero,ours,heldout_bfcl_b4_l13_s3,1.6485639768669822,1.6485639768669822,0.0
7eb58061_pipelined,520,best_hetero,ours,heldout_bfcl_b8_l13_s3,1.9803110743195933,1.9803110743195933,0.0
7eb58061_pipelined,520,best_hetero,ours,heldout_bfcl_b16_l13_s3,2.748064257671307,2.748064257671307,0.0
7eb58061_pipelined,520,best_hetero,ours,heldout_bfcl_b2_l13_s7,0.9616775064890716,0.9616775064890716,0.0
7eb58061_pipelined,520,best_hetero,ours,heldout_bfcl_b4_l13_s7,1.5112013218736864,1.5112013218736864,0.0
7eb58061_pipelined,520,best_hetero,ours,heldout_bfcl_b8_l13_s7,2.1981670044461294,2.1981670044461294,0.0
7eb58061_pipelined,520,best_hetero,ours,heldout_bfcl_b16_l13_s7,2.747982909721634,2.747982909721634,0.0
7eb58061_pipelined,520,best_hetero,ours,heldout_bfcl_b2_l13_s11,0.6382800851567042,0.6382800851567042,0.0
7eb58061_pipelined,520,best_hetero,ours,heldout_bfcl_b4_l13_s11,1.4434517889335365,1.4434517889335365,0.0
7eb58061_pipelined,520,best_hetero,ours,heldout_bfcl_b8_l13_s11,1.8461514955800138,1.8461514955800138,0.0
7eb58061_pipelined,520,best_hetero,ours,heldout_bfcl_b16_l13_s11,3.1881640163735474,3.1881640163735474,0.0
7eb58061_pipelined,520,best_hetero,ours,heldout_bfcl_b2_l26_s3,0.9066425088838502,0.9066425088838502,0.0
7eb58061_pipelined,520,best_hetero,ours,heldout_bfcl_b4_l26_s3,1.6485639768669815,1.6485639768669815,0.0
7eb58061_pipelined,520,best_hetero,ours,heldout_bfcl_b8_l26_s3,2.1144754185847354,2.1144754185847354,0.0
7eb58061_pipelined,520,best_hetero,ours,heldout_bfcl_b16_l26_s3,3.160148842359571,3.160148842359571,0.0
7eb58061_pipelined,520,best_hetero,ours,heldout_bfcl_b2_l26_s7,0.8243178859762513,0.8243178859762513,0.0
7eb58061_pipelined,520,best_hetero,ours,heldout_bfcl_b4_l26_s7,1.648563976866982,1.648563976866982,0.0
7eb58061_pipelined,520,best_hetero,ours,heldout_bfcl_b8_l26_s7,2.3355347699872713,2.3355347699872713,0.0
7eb58061_pipelined,520,best_hetero,ours,heldout_bfcl_b16_l26_s7,2.885373466343562,2.885373466343562,0.0
7eb58061_pipelined,520,best_hetero,ours,heldout_bfcl_b2_l26_s11,0.6869582654634309,0.6869582654634309,0.0
7eb58061_pipelined,520,best_hetero,ours,heldout_bfcl_b4_l26_s11,1.5112013218736864,1.5112013218736864,0.0
7eb58061_pipelined,520,best_hetero,ours,heldout_bfcl_b8_l26_s11,2.248644188148891,2.248644188148891,0.0
7eb58061_pipelined,520,best_hetero,ours,heldout_bfcl_b16_l26_s11,3.2974767264411393,3.2974767264411393,0.0
7eb58061_pipelined,520,best_hetero,ours,heldout_gpqa_b2_l2_s3,0.9066425088838501,0.9066425088838501,0.0
7eb58061_pipelined,520,best_hetero,ours,heldout_gpqa_b4_l2_s3,1.2364823503119151,1.2364823503119151,0.0
7eb58061_pipelined,520,best_hetero,ours,heldout_gpqa_b8_l2_s3,1.5778238830527587,1.5778238830527587,0.0
7eb58061_pipelined,520,best_hetero,ours,heldout_gpqa_b16_l2_s3,1.9238576022141367,1.9238576022141367,0.0
7eb58061_pipelined,520,best_hetero,ours,heldout_gpqa_b2_l2_s7,0.9616775064890718,0.9616775064890718,0.0
7eb58061_pipelined,520,best_hetero,ours,heldout_gpqa_b4_l2_s7,1.6485639768669818,1.6485639768669818,0.0
7eb58061_pipelined,520,best_hetero,ours,heldout_gpqa_b8_l2_s7,2.3355287696190663,2.3355287696190663,0.0
7eb58061_pipelined,520,best_hetero,ours,heldout_gpqa_b16_l2_s7,3.1881488127430635,3.1881488127430635,0.0
7eb58061_pipelined,520,best_hetero,ours,heldout_gpqa_b2_l2_s11,0.772461414773258,0.772461414773258,0.0
7eb58061_pipelined,520,best_hetero,ours,heldout_gpqa_b4_l2_s11,1.577621759340781,1.577621759340781,0.0
7eb58061_pipelined,520,best_hetero,ours,heldout_gpqa_b8_l2_s11,2.6102680663589464,2.6102680663589464,0.0
7eb58061_pipelined,520,best_hetero,ours,heldout_gpqa_b16_l2_s11,3.434836078723404,3.434836078723404,0.0
7eb58061_pipelined,520,best_hetero,ours,heldout_gpqa_b2_l13_s3,0.9066425088838503,0.9066425088838503,0.0
7eb58061_pipelined,520,best_hetero,ours,heldout_gpqa_b4_l13_s3,1.309272841437938,1.309272841437938,0.0
7eb58061_pipelined,520,best_hetero,ours,heldout_gpqa_b8_l13_s3,1.9234281076547335,1.9234281076547335,0.0
7eb58061_pipelined,520,best_hetero,ours,heldout_gpqa_b16_l13_s3,2.1986649354255423,2.1986649354255423,0.0
7eb58061_pipelined,520,best_hetero,ours,heldout_gpqa_b2_l13_s7,0.9066425088838501,0.9066425088838501,0.0
7eb58061_pipelined,520,best_hetero,ours,heldout_gpqa_b4_l13_s7,1.5776217593407809,1.5776217593407809,0.0
7eb58061_pipelined,520,best_hetero,ours,heldout_gpqa_b8_l13_s7,2.3828021477395342,2.3828021477395342,0.0
7eb58061_pipelined,520,best_hetero,ours,heldout_gpqa_b16_l13_s7,3.022719860123846,3.022719860123846,0.0
7eb58061_pipelined,520,best_hetero,ours,heldout_gpqa_b2_l13_s11,0.6382800851567043,0.6382800851567043,0.0
7eb58061_pipelined,520,best_hetero,ours,heldout_gpqa_b4_l13_s11,1.6485639768669818,1.6485639768669818,0.0
7eb58061_pipelined,520,best_hetero,ours,heldout_gpqa_b8_l13_s11,2.0607954154341113,2.0607954154341113,0.0
7eb58061_pipelined,520,best_hetero,ours,heldout_gpqa_b16_l13_s11,3.053984668805212,3.053984668805212,0.0
7eb58061_pipelined,520,best_hetero,ours,heldout_gpqa_b2_l26_s3,0.9616775064890719,0.9616775064890719,0.0
7eb58061_pipelined,520,best_hetero,ours,heldout_gpqa_b4_l26_s3,1.1750898704588026,1.1750898704588026,0.0
7eb58061_pipelined,520,best_hetero,ours,heldout_gpqa_b8_l26_s3,1.711978687782639,1.711978687782639,0.0
7eb58061_pipelined,520,best_hetero,ours,heldout_gpqa_b16_l26_s3,2.4733022035030805,2.4733022035030805,0.0
7eb58061_pipelined,520,best_hetero,ours,heldout_gpqa_b2_l26_s7,0.9616775064890717,0.9616775064890717,0.0
7eb58061_pipelined,520,best_hetero,ours,heldout_gpqa_b4_l26_s7,1.5776217593407813,1.5776217593407813,0.0
7eb58061_pipelined,520,best_hetero,ours,heldout_gpqa_b8_l26_s7,2.335528912865149,2.335528912865149,0.0
7eb58061_pipelined,520,best_hetero,ours,heldout_gpqa_b16_l26_s7,3.160151318404254,3.160151318404254,0.0
7eb58061_pipelined,520,best_hetero,ours,heldout_gpqa_b2_l26_s11,0.9066425088838503,0.9066425088838503,0.0
7eb58061_pipelined,520,best_hetero,ours,heldout_gpqa_b4_l26_s11,1.7117887959116869,1.7117887959116869,0.0
7eb58061_pipelined,520,best_hetero,ours,heldout_gpqa_b8_l26_s11,2.335528912738595,2.335528912738595,0.0
7eb58061_pipelined,520,best_hetero,ours,heldout_gpqa_b16_l26_s11,3.4348461031882547,3.4348461031882547,0.0
7eb58061_pipelined,520,best_hetero,ours,heldout_swe_b2_l2_s3,0.9066425088838501,0.9066425088838501,0.0
7eb58061_pipelined,520,best_hetero,ours,heldout_swe_b4_l2_s3,1.0409108803476035,1.0409108803476035,0.0
7eb58061_pipelined,520,best_hetero,ours,heldout_swe_b8_l2_s3,1.1753069888446064,1.1753069888446064,0.0
7eb58061_pipelined,520,best_hetero,ours,heldout_swe_b16_l2_s3,1.4404866907178677,1.4404866907178677,0.0
7eb58061_pipelined,520,best_hetero,ours,heldout_swe_b2_l2_s7,0.9066425088838502,0.9066425088838502,0.0
7eb58061_pipelined,520,best_hetero,ours,heldout_swe_b4_l2_s7,1.1750918656762965,1.1750918656762965,0.0
7eb58061_pipelined,520,best_hetero,ours,heldout_swe_b8_l2_s7,1.2366262315075298,1.2366262315075298,0.0
7eb58061_pipelined,520,best_hetero,ours,heldout_swe_b16_l2_s7,1.64907407277588,1.64907407277588,0.0
7eb58061_pipelined,520,best_hetero,ours,heldout_swe_b2_l2_s11,0.9066425088838502,0.9066425088838502,0.0
7eb58061_pipelined,520,best_hetero,ours,heldout_swe_b4_l2_s11,1.4434517889335354,1.4434517889335354,0.0
7eb58061_pipelined,520,best_hetero,ours,heldout_swe_b8_l2_s11,1.3094729617302057,1.3094729617302057,0.0
7eb58061_pipelined,520,best_hetero,ours,heldout_swe_b16_l2_s11,1.923876154653035,1.923876154653035,0.0
7eb58061_pipelined,520,best_hetero,ours,heldout_swe_b2_l13_s3,0.9616775064890716,0.9616775064890716,0.0
7eb58061_pipelined,520,best_hetero,ours,heldout_swe_b4_l13_s3,1.3092707620336337,1.3092707620336337,0.0
7eb58061_pipelined,520,best_hetero,ours,heldout_swe_b8_l13_s3,1.37398285202035,1.37398285202035,0.0
7eb58061_pipelined,520,best_hetero,ours,heldout_swe_b16_l13_s3,1.5117174298190996,1.5117174298190996,0.0
7eb58061_pipelined,520,best_hetero,ours,heldout_swe_b2_l13_s7,0.9616775064890718,0.9616775064890718,0.0
7eb58061_pipelined,520,best_hetero,ours,heldout_swe_b4_l13_s7,1.443451788933537,1.443451788933537,0.0
7eb58061_pipelined,520,best_hetero,ours,heldout_swe_b8_l13_s7,1.443648030921726,1.443648030921726,0.0
7eb58061_pipelined,520,best_hetero,ours,heldout_swe_b16_l13_s7,1.5358509898624289,1.5358509898624289,0.0
7eb58061_pipelined,520,best_hetero,ours,heldout_swe_b2_l13_s11,0.8243178859762512,0.8243178859762512,0.0
7eb58061_pipelined,520,best_hetero,ours,heldout_swe_b4_l13_s11,1.511201321873686,1.511201321873686,0.0
7eb58061_pipelined,520,best_hetero,ours,heldout_swe_b8_l13_s11,1.3113478812158772,1.3113478812158772,0.0
7eb58061_pipelined,520,best_hetero,ours,heldout_swe_b16_l13_s11,1.9622705162192022,1.9622705162192022,0.0
7eb58061_pipelined,520,best_hetero,ours,heldout_swe_b2_l26_s3,0.8243178859762512,0.8243178859762512,0.0
7eb58061_pipelined,520,best_hetero,ours,heldout_swe_b4_l26_s3,1.309270816460762,1.309270816460762,0.0
7eb58061_pipelined,520,best_hetero,ours,heldout_swe_b8_l26_s3,1.577834880087804,1.577834880087804,0.0
7eb58061_pipelined,520,best_hetero,ours,heldout_swe_b16_l26_s3,1.9511989680175734,1.9511989680175734,0.0
7eb58061_pipelined,520,best_hetero,ours,heldout_swe_b2_l26_s7,0.9616775064890716,0.9616775064890716,0.0
7eb58061_pipelined,520,best_hetero,ours,heldout_swe_b4_l26_s7,1.236482080848046,1.236482080848046,0.0
7eb58061_pipelined,520,best_hetero,ours,heldout_swe_b8_l26_s7,1.5113393378012356,1.5113393378012356,0.0
7eb58061_pipelined,520,best_hetero,ours,heldout_swe_b16_l26_s7,1.5949097559658785,1.5949097559658785,0.0
7eb58061_pipelined,520,best_hetero,ours,heldout_swe_b2_l26_s11,0.9616775064890718,0.9616775064890718,0.0
7eb58061_pipelined,520,best_hetero,ours,heldout_swe_b4_l26_s11,1.711788795911686,1.711788795911686,0.0
7eb58061_pipelined,520,best_hetero,ours,heldout_swe_b8_l26_s11,1.3094879045602459,1.3094879045602459,0.0
7eb58061_pipelined,520,best_hetero,ours,heldout_swe_b16_l26_s11,2.0983281319425897,2.0983281319425897,0.0
7eb58061_pipelined,520,best_hetero,ours,v3_captured_mixed_heldout_bfcl_t64_l2,4.535695005947293,4.535695005947293,0.0
7eb58061_pipelined,520,best_hetero,ours,v3_captured_mixed_heldout_bfcl_t96_l2,4.952230391804665,4.952230391804665,0.0
7eb58061_pipelined,520,best_hetero,ours,v3_captured_mixed_heldout_bfcl_t128_l2,5.758083324356956,5.758083324356956,0.0
7eb58061_pipelined,520,best_hetero,ours,v3_captured_mixed_heldout_bfcl_t64_l13,4.398919278956074,4.398919278956074,0.0
7eb58061_pipelined,520,best_hetero,ours,v3_captured_mixed_heldout_bfcl_t96_l13,4.992950220002011,4.992950220002011,0.0
7eb58061_pipelined,520,best_hetero,ours,v3_captured_mixed_heldout_bfcl_t128_l13,6.06387845743183,6.06387845743183,0.0
7eb58061_pipelined,520,best_hetero,ours,v3_captured_mixed_heldout_bfcl_t64_l26,4.672928330587051,4.672928330587051,0.0
7eb58061_pipelined,520,best_hetero,ours,v3_captured_mixed_heldout_bfcl_t96_l26,5.2469404139705205,5.2469404139705205,0.0
7eb58061_pipelined,520,best_hetero,ours,v3_captured_mixed_heldout_bfcl_t128_l26,6.0406095605955255,6.0406095605955255,0.0
7eb58061_pipelined,520,best_hetero,ours,v3_captured_mixed_heldout_gpqa_t64_l2,4.60301422804159,4.60301422804159,0.0
7eb58061_pipelined,520,best_hetero,ours,v3_captured_mixed_heldout_gpqa_t96_l2,5.003175408315891,5.003175408315891,0.0
7eb58061_pipelined,520,best_hetero,ours,v3_captured_mixed_heldout_gpqa_t128_l2,5.774212085855774,5.774212085855774,0.0
7eb58061_pipelined,520,best_hetero,ours,v3_captured_mixed_heldout_gpqa_t64_l13,4.214836766211341,4.214836766211341,0.0
7eb58061_pipelined,520,best_hetero,ours,v3_captured_mixed_heldout_gpqa_t96_l13,4.81435754148745,4.81435754148745,0.0
7eb58061_pipelined,520,best_hetero,ours,v3_captured_mixed_heldout_gpqa_t128_l13,6.11807067682297,6.11807067682297,0.0
7eb58061_pipelined,520,best_hetero,ours,v3_captured_mixed_heldout_gpqa_t64_l26,4.673021406870194,4.673021406870194,0.0
7eb58061_pipelined,520,best_hetero,ours,v3_captured_mixed_heldout_gpqa_t96_l26,4.951779469969616,4.951779469969616,0.0
7eb58061_pipelined,520,best_hetero,ours,v3_captured_mixed_heldout_gpqa_t128_l26,6.048885655084048,6.048885655084048,0.0
7eb58061_pipelined,520,best_hetero,ours,v3_captured_mixed_heldout_swe_t64_l2,4.673038400021821,4.673038400021821,0.0
7eb58061_pipelined,520,best_hetero,ours,v3_captured_mixed_heldout_swe_t96_l2,4.951887854408362,4.951887854408362,0.0
7eb58061_pipelined,520,best_hetero,ours,v3_captured_mixed_heldout_swe_t128_l2,6.533368539752411,6.533368539752411,0.0
7eb58061_pipelined,520,best_hetero,ours,v3_captured_mixed_heldout_swe_t64_l13,4.1664328586419455,4.1664328586419455,0.0
7eb58061_pipelined,520,best_hetero,ours,v3_captured_mixed_heldout_swe_t96_l13,5.04454343233224,5.04454343233224,0.0
7eb58061_pipelined,520,best_hetero,ours,v3_captured_mixed_heldout_swe_t128_l13,5.464650685400786,5.464650685400786,0.0
7eb58061_pipelined,520,best_hetero,ours,v3_captured_mixed_heldout_swe_t64_l26,4.398315687994079,4.398315687994079,0.0
7eb58061_pipelined,520,best_hetero,ours,v3_captured_mixed_heldout_swe_t96_l26,4.677019462361765,4.677019462361765,0.0
7eb58061_pipelined,520,best_hetero,ours,v3_captured_mixed_heldout_swe_t128_l26,6.2554713373111,6.2554713373111,0.0
7eb58061_port_tight,520,B1,nominal,heldout_bfcl_b2_l2_s3,5.394438914677641,5.394438914677641,0.0
7eb58061_port_tight,520,B1,nominal,heldout_bfcl_b4_l2_s3,7.706416169486353,7.706416169486353,0.0
7eb58061_port_tight,520,B1,nominal,heldout_bfcl_b8_l2_s3,10.403911097942382,10.403911097942382,0.0
7eb58061_port_tight,520,B1,nominal,heldout_bfcl_b16_l2_s3,13.872105310288065,13.872105310288065,0.0
7eb58061_port_tight,520,B1,nominal,heldout_bfcl_b2_l2_s7,5.394438914677641,5.394438914677641,0.0
7eb58061_port_tight,520,B1,nominal,heldout_bfcl_b4_l2_s7,8.476999156808745,8.476999156808745,0.0
7eb58061_port_tight,520,B1,nominal,heldout_bfcl_b8_l2_s7,11.559810836153014,11.559810836153014,0.0
7eb58061_port_tight,520,B1,nominal,heldout_bfcl_b16_l2_s7,17.339951376314588,17.339951376314588,0.0
7eb58061_port_tight,520,B1,nominal,heldout_bfcl_b2_l2_s11,3.8531966913580264,3.8531966913580264,0.0
7eb58061_port_tight,520,B1,nominal,heldout_bfcl_b4_l2_s11,8.476999156808745,8.476999156808745,0.0
7eb58061_port_tight,520,B1,nominal,heldout_bfcl_b8_l2_s11,11.945056040562918,11.945056040562918,0.0
7eb58061_port_tight,520,B1,nominal,heldout_bfcl_b16_l2_s11,19.65199409126658,19.65199409126658,0.0
7eb58061_port_tight,520,B1,nominal,heldout_bfcl_b2_l13_s3,4.623818505349796,4.623818505349796,0.0
7eb58061_port_tight,520,B1,nominal,heldout_bfcl_b4_l13_s3,9.247617126761382,9.247617126761382,0.0
7eb58061_port_tight,520,B1,nominal,heldout_bfcl_b8_l13_s3,11.174455898673978,11.174455898673978,0.0
7eb58061_port_tight,520,B1,nominal,heldout_bfcl_b16_l13_s3,15.41325775704923,15.41325775704923,0.0
7eb58061_port_tight,520,B1,nominal,heldout_bfcl_b2_l13_s7,5.394438914677641,5.394438914677641,0.0
7eb58061_port_tight,520,B1,nominal,heldout_bfcl_b4_l13_s7,8.476999156808745,8.476999156808745,0.0
7eb58061_port_tight,520,B1,nominal,heldout_bfcl_b8_l13_s7,12.330509462825788,12.330509462825788,0.0
7eb58061_port_tight,520,B1,nominal,heldout_bfcl_b16_l13_s7,15.413221271486393,15.413221271486393,0.0
7eb58061_port_tight,520,B1,nominal,heldout_bfcl_b2_l13_s11,3.4678655703703725,3.4678655703703725,0.0
7eb58061_port_tight,520,B1,nominal,heldout_bfcl_b4_l13_s11,8.091673801879791,8.091673801879791,0.0
7eb58061_port_tight,520,B1,nominal,heldout_bfcl_b8_l13_s11,10.403877907270228,10.403877907270228,0.0
7eb58061_port_tight,520,B1,nominal,heldout_bfcl_b16_l13_s11,18.1105656636082,18.1105656636082,0.0
7eb58061_port_tight,520,B1,nominal,heldout_bfcl_b2_l26_s3,5.009111305349796,5.009111305349796,0.0
7eb58061_port_tight,520,B1,nominal,heldout_bfcl_b4_l26_s3,9.247617126761382,9.247617126761382,0.0
7eb58061_port_tight,520,B1,nominal,heldout_bfcl_b8_l26_s3,11.945218980155458,11.945218980155458,0.0
7eb58061_port_tight,520,B1,nominal,heldout_bfcl_b16_l26_s3,17.725365046913588,17.725365046913588,0.0
7eb58061_port_tight,520,B1,nominal,heldout_bfcl_b2_l26_s7,4.623818505349796,4.623818505349796,0.0
7eb58061_port_tight,520,B1,nominal,heldout_bfcl_b4_l26_s7,9.247617126761382,9.247617126761382,0.0
7eb58061_port_tight,520,B1,nominal,heldout_bfcl_b8_l26_s7,13.101130047736628,13.101130047736628,0.0
7eb58061_port_tight,520,B1,nominal,heldout_bfcl_b16_l26_s7,16.18415154726414,16.18415154726414,0.0
7eb58061_port_tight,520,B1,nominal,heldout_bfcl_b2_l26_s11,3.8531966913580264,3.8531966913580264,0.0
7eb58061_port_tight,520,B1,nominal,heldout_bfcl_b4_l26_s11,8.476999156808745,8.476999156808745,0.0
7eb58061_port_tight,520,B1,nominal,heldout_bfcl_b8_l26_s11,12.715641640562923,12.715641640562923,0.0
7eb58061_port_tight,520,B1,nominal,heldout_bfcl_b16_l26_s11,18.496110361591224,18.496110361591224,0.0
7eb58061_port_tight,520,B1,nominal,heldout_gpqa_b2_l2_s3,5.009111305349796,5.009111305349796,0.0
7eb58061_port_tight,520,B1,nominal,heldout_gpqa_b4_l2_s3,6.935942992592594,6.935942992592594,0.0
7eb58061_port_tight,520,B1,nominal,heldout_gpqa_b8_l2_s3,8.862531543118417,8.862531543118417,0.0
7eb58061_port_tight,520,B1,nominal,heldout_gpqa_b16_l2_s3,10.78945382935528,10.78945382935528,0.0
7eb58061_port_tight,520,B1,nominal,heldout_gpqa_b2_l2_s7,5.394438914677641,5.394438914677641,0.0
7eb58061_port_tight,520,B1,nominal,heldout_gpqa_b4_l2_s7,9.247617126761382,9.247617126761382,0.0
7eb58061_port_tight,520,B1,nominal,heldout_gpqa_b8_l2_s7,13.101186854320991,13.101186854320991,0.0
7eb58061_port_tight,520,B1,nominal,heldout_gpqa_b16_l2_s7,18.1106862090535,18.1106862090535,0.0
7eb58061_port_tight,520,B1,nominal,heldout_gpqa_b2_l2_s11,4.238489491358026,4.238489491358026,0.0
7eb58061_port_tight,520,B1,nominal,heldout_gpqa_b4_l2_s11,8.862291956808745,8.862291956808745,0.0
7eb58061_port_tight,520,B1,nominal,heldout_gpqa_b8_l2_s11,14.64229583265574,14.64229583265574,0.0
7eb58061_port_tight,520,B1,nominal,heldout_gpqa_b16_l2_s11,19.266775720164613,19.266775720164613,0.0
7eb58061_port_tight,520,B1,nominal,heldout_gpqa_b2_l13_s3,5.009111305349796,5.009111305349796,0.0
7eb58061_port_tight,520,B1,nominal,heldout_gpqa_b4_l13_s3,7.321143454229538,7.321143454229538,0.0
7eb58061_port_tight,520,B1,nominal,heldout_gpqa_b8_l13_s3,10.789238209785097,10.789238209785097,0.0
7eb58061_port_tight,520,B1,nominal,heldout_gpqa_b16_l13_s3,12.330939427160498,12.330939427160498,0.0
7eb58061_port_tight,520,B1,nominal,heldout_gpqa_b2_l13_s7,5.009111305349796,5.009111305349796,0.0
7eb58061_port_tight,520,B1,nominal,heldout_gpqa_b4_l13_s7,8.862291956808745,8.862291956808745,0.0
7eb58061_port_tight,520,B1,nominal,heldout_gpqa_b8_l13_s7,13.486428501143115,13.486428501143115,0.0
7eb58061_port_tight,520,B1,nominal,heldout_gpqa_b16_l13_s7,16.95467325761317,16.95467325761317,0.0
7eb58061_port_tight,520,B1,nominal,heldout_gpqa_b2_l13_s11,3.4678655703703725,3.4678655703703725,0.0
7eb58061_port_tight,520,B1,nominal,heldout_gpqa_b4_l13_s11,9.247617126761382,9.247617126761382,0.0
7eb58061_port_tight,520,B1,nominal,heldout_gpqa_b8_l13_s11,11.559810836153027,11.559810836153027,0.0
7eb58061_port_tight,520,B1,nominal,heldout_gpqa_b16_l13_s11,17.339973749733275,17.339973749733275,0.0
7eb58061_port_tight,520,B1,nominal,heldout_gpqa_b2_l26_s3,5.394438914677641,5.394438914677641,0.0
7eb58061_port_tight,520,B1,nominal,heldout_gpqa_b4_l26_s3,6.55059685925926,6.55059685925926,0.0
7eb58061_port_tight,520,B1,nominal,heldout_gpqa_b8_l26_s3,9.633359127572021,9.633359127572021,0.0
7eb58061_port_tight,520,B1,nominal,heldout_gpqa_b16_l26_s3,13.101345750830664,13.101345750830664,0.0
7eb58061_port_tight,520,B1,nominal,heldout_gpqa_b2_l26_s7,5.394438914677641,5.394438914677641,0.0
7eb58061_port_tight,520,B1,nominal,heldout_gpqa_b4_l26_s7,8.862291956808745,8.862291956808745,0.0
7eb58061_port_tight,520,B1,nominal,heldout_gpqa_b8_l26_s7,13.101227809053503,13.101227809053503,0.0
7eb58061_port_tight,520,B1,nominal,heldout_gpqa_b16_l26_s7,17.72505362877978,17.72505362877978,0.0
7eb58061_port_tight,520,B1,nominal,heldout_gpqa_b2_l26_s11,5.009111305349796,5.009111305349796,0.0
7eb58061_port_tight,520,B1,nominal,heldout_gpqa_b4_l26_s11,9.632909926761384,9.632909926761384,0.0
7eb58061_port_tight,520,B1,nominal,heldout_gpqa_b8_l26_s11,13.101223161591218,13.101223161591218,0.0
7eb58061_port_tight,520,B1,nominal,heldout_gpqa_b16_l26_s11,19.266482254534388,19.266482254534388,0.0
7eb58061_port_tight,520,B1,nominal,heldout_swe_b2_l2_s3,5.009111305349796,5.009111305349796,0.0
7eb58061_port_tight,520,B1,nominal,heldout_swe_b4_l2_s3,5.779943259259256,5.779943259259256,0.0
7eb58061_port_tight,520,B1,nominal,heldout_swe_b8_l2_s3,6.550767525925927,6.550767525925927,0.0
7eb58061_port_tight,520,B1,nominal,heldout_swe_b16_l2_s3,7.7071303703703755,7.7071303703703755,0.0
7eb58061_port_tight,520,B1,nominal,heldout_swe_b2_l2_s7,5.009111305349796,5.009111305349796,0.0
7eb58061_port_tight,520,B1,nominal,heldout_swe_b4_l2_s7,6.550499180246909,6.550499180246909,0.0
7eb58061_port_tight,520,B1,nominal,heldout_swe_b8_l2_s7,6.93614728888889,6.93614728888889,0.0
7eb58061_port_tight,520,B1,nominal,heldout_swe_b16_l2_s7,8.477788661728397,8.477788661728397,0.0
7eb58061_port_tight,520,B1,nominal,heldout_swe_b2_l2_s11,5.009111305349796,5.009111305349796,0.0
7eb58061_port_tight,520,B1,nominal,heldout_swe_b4_l2_s11,8.091741403566521,8.091741403566521,0.0
7eb58061_port_tight,520,B1,nominal,heldout_swe_b8_l2_s11,7.3212802480109715,7.3212802480109715,0.0
7eb58061_port_tight,520,B1,nominal,heldout_swe_b16_l2_s11,10.78961849876543,10.78961849876543,0.0
7eb58061_port_tight,520,B1,nominal,heldout_swe_b2_l13_s3,5.394438914677641,5.394438914677641,0.0
7eb58061_port_tight,520,B1,nominal,heldout_swe_b4_l13_s3,7.3212061135802475,7.3212061135802475,0.0
7eb58061_port_tight,520,B1,nominal,heldout_swe_b8_l13_s3,7.70686177777778,7.70686177777778,0.0
7eb58061_port_tight,520,B1,nominal,heldout_swe_b16_l13_s3,8.092537392592595,8.092537392592595,0.0
7eb58061_port_tight,520,B1,nominal,heldout_swe_b2_l13_s7,5.394438914677641,5.394438914677641,0.0
7eb58061_port_tight,520,B1,nominal,heldout_swe_b4_l13_s7,8.091673801879791,8.091673801879791,0.0
7eb58061_port_tight,520,B1,nominal,heldout_swe_b8_l13_s7,8.092154577777778,8.092154577777778,0.0
7eb58061_port_tight,520,B1,nominal,heldout_swe_b16_l13_s7,8.477720711111111,8.477720711111111,0.0
7eb58061_port_tight,520,B1,nominal,heldout_swe_b2_l13_s11,4.623818505349796,4.623818505349796,0.0
7eb58061_port_tight,520,B1,nominal,heldout_swe_b4_l13_s11,8.476999156808745,8.476999156808745,0.0
7eb58061_port_tight,520,B1,nominal,heldout_swe_b8_l13_s11,7.321294036153024,7.321294036153024,0.0
7eb58061_port_tight,520,B1,nominal,heldout_swe_b16_l13_s11,10.78960655912209,10.78960655912209,0.0
7eb58061_port_tight,520,B1,nominal,heldout_swe_b2_l26_s3,4.623818505349796,4.623818505349796,0.0
7eb58061_port_tight,520,B1,nominal,heldout_swe_b4_l26_s3,7.321055369486356,7.321055369486356,0.0
7eb58061_port_tight,520,B1,nominal,heldout_swe_b8_l26_s3,8.862462623475414,8.862462623475414,0.0
7eb58061_port_tight,520,B1,nominal,heldout_swe_b16_l26_s3,10.789661527572017,10.789661527572017,0.0
7eb58061_port_tight,520,B1,nominal,heldout_swe_b2_l26_s7,5.394438914677641,5.394438914677641,0.0
7eb58061_port_tight,520,B1,nominal,heldout_swe_b4_l26_s7,6.935762569486355,6.935762569486355,0.0
7eb58061_port_tight,520,B1,nominal,heldout_swe_b8_l26_s7,8.477412958024688,8.477412958024688,0.0
7eb58061_port_tight,520,B1,nominal,heldout_swe_b16_l26_s7,8.862993527572012,8.862993527572012,0.0
7eb58061_port_tight,520,B1,nominal,heldout_swe_b2_l26_s11,5.394438914677641,5.394438914677641,0.0
7eb58061_port_tight,520,B1,nominal,heldout_swe_b4_l26_s11,9.632909926761384,9.632909926761384,0.0
7eb58061_port_tight,520,B1,nominal,heldout_swe_b8_l26_s11,7.321226036153023,7.321226036153023,0.0
7eb58061_port_tight,520,B1,nominal,heldout_swe_b16_l26_s11,11.560215950617284,11.560215950617284,0.0
7eb58061_port_tight,520,B1,nominal,v3_captured_mixed_heldout_bfcl_t64_l2,24.277898809287215,24.277898809287215,0.0
7eb58061_port_tight,520,B1,nominal,v3_captured_mixed_heldout_bfcl_t96_l2,25.434984854260044,25.434984854260044,0.0
7eb58061_port_tight,520,B1,nominal,v3_captured_mixed_heldout_bfcl_t128_l2,26.206842337204737,26.206842337204737,0.0
7eb58061_port_tight,520,B1,nominal,v3_captured_mixed_heldout_bfcl_t64_l13,22.351011317159223,22.351011317159223,0.0
7eb58061_port_tight,520,B1,nominal,v3_captured_mixed_heldout_bfcl_t96_l13,25.049528198417136,25.049528198417136,0.0
7eb58061_port_tight,520,B1,nominal,v3_captured_mixed_heldout_bfcl_t128_l13,25.436198628921765,25.436198628921765,0.0
7eb58061_port_tight,520,B1,nominal,v3_captured_mixed_heldout_bfcl_t64_l26,23.892362609195782,23.892362609195782,0.0
7eb58061_port_tight,520,B1,nominal,v3_captured_mixed_heldout_bfcl_t96_l26,25.820223362203112,25.820223362203112,0.0
7eb58061_port_tight,520,B1,nominal,v3_captured_mixed_heldout_bfcl_t128_l26,26.206762689690382,26.206762689690382,0.0
7eb58061_port_tight,520,B1,nominal,v3_captured_mixed_heldout_gpqa_t64_l2,25.04828862585314,25.04828862585314,0.0
7eb58061_port_tight,520,B1,nominal,v3_captured_mixed_heldout_gpqa_t96_l2,26.205306996222426,26.205306996222426,0.0
7eb58061_port_tight,520,B1,nominal,v3_captured_mixed_heldout_gpqa_t128_l2,26.206656303736683,26.206656303736683,0.0
7eb58061_port_tight,520,B1,nominal,v3_captured_mixed_heldout_gpqa_t64_l13,22.351118894384157,22.351118894384157,0.0
7eb58061_port_tight,520,B1,nominal,v3_captured_mixed_heldout_gpqa_t96_l13,24.278823163408344,24.278823163408344,0.0
7eb58061_port_tight,520,B1,nominal,v3_captured_mixed_heldout_gpqa_t128_l13,24.665326023322,24.665326023322,0.0
7eb58061_port_tight,520,B1,nominal,v3_captured_mixed_heldout_gpqa_t64_l26,25.048159544829193,25.048159544829193,0.0
7eb58061_port_tight,520,B1,nominal,v3_captured_mixed_heldout_gpqa_t96_l26,26.20519815640984,26.20519815640984,0.0
7eb58061_port_tight,520,B1,nominal,v3_captured_mixed_heldout_gpqa_t128_l26,26.206688352454723,26.206688352454723,0.0
7eb58061_port_tight,520,B1,nominal,v3_captured_mixed_heldout_swe_t64_l2,24.663165952967923,24.663165952967923,0.0
7eb58061_port_tight,520,B1,nominal,v3_captured_mixed_heldout_swe_t96_l2,25.820201183825894,25.820201183825894,0.0
7eb58061_port_tight,520,B1,nominal,v3_captured_mixed_heldout_swe_t128_l2,26.20682675089506,26.20682675089506,0.0
7eb58061_port_tight,520,B1,nominal,v3_captured_mixed_heldout_swe_t64_l13,20.809900402481556,20.809900402481556,0.0
7eb58061_port_tight,520,B1,nominal,v3_captured_mixed_heldout_swe_t96_l13,23.893625460590386,23.893625460590386,0.0
7eb58061_port_tight,520,B1,nominal,v3_captured_mixed_heldout_swe_t128_l13,25.436147713827822,25.436147713827822,0.0
7eb58061_port_tight,520,B1,nominal,v3_captured_mixed_heldout_swe_t64_l26,23.50681191394063,23.50681191394063,0.0
7eb58061_port_tight,520,B1,nominal,v3_captured_mixed_heldout_swe_t96_l26,24.66396206127218,24.66396206127218,0.0
7eb58061_port_tight,520,B1,nominal,v3_captured_mixed_heldout_swe_t128_l26,26.206463729531556,26.206463729531556,0.0
7eb58061_port_tight,520,B1,ours,heldout_bfcl_b2_l2_s3,5.394199199999998,5.394199199999998,0.0
7eb58061_port_tight,520,B1,ours,heldout_bfcl_b4_l2_s3,7.70612,7.70612,0.0
7eb58061_port_tight,520,B1,ours,heldout_bfcl_b8_l2_s3,10.4034976,10.4034976,0.0
7eb58061_port_tight,520,B1,ours,heldout_bfcl_b16_l2_s3,13.871474133333335,13.871474133333335,0.0
7eb58061_port_tight,520,B1,ours,heldout_bfcl_b2_l2_s7,5.394199199999998,5.394199199999998,0.0
7eb58061_port_tight,520,B1,ours,heldout_bfcl_b4_l2_s7,8.476626933333332,8.476626933333332,0.0
7eb58061_port_tight,520,B1,ours,heldout_bfcl_b8_l2_s7,11.559375999999999,11.559375999999999,0.0
7eb58061_port_tight,520,B1,ours,heldout_bfcl_b16_l2_s7,17.339177333333332,17.339177333333332,0.0
7eb58061_port_tight,520,B1,ours,heldout_bfcl_b2_l2_s11,3.8530279999999992,3.8530279999999992,0.0
7eb58061_port_tight,520,B1,ours,heldout_bfcl_b4_l2_s11,8.476626933333332,8.476626933333332,0.0
7eb58061_port_tight,520,B1,ours,heldout_bfcl_b8_l2_s11,11.944511466666667,11.944511466666667,0.0
7eb58061_port_tight,520,B1,ours,heldout_bfcl_b16_l2_s11,19.65124879999999,19.65124879999999,0.0
7eb58061_port_tight,520,B1,ours,heldout_bfcl_b2_l13_s3,4.623613599999999,4.623613599999999,0.0
7eb58061_port_tight,520,B1,ours,heldout_bfcl_b4_l13_s3,9.247212533333329,9.247212533333329,0.0
7eb58061_port_tight,520,B1,ours,heldout_bfcl_b8_l13_s3,11.174004533333333,11.174004533333333,0.0
7eb58061_port_tight,520,B1,ours,heldout_bfcl_b16_l13_s3,15.412645333333336,15.412645333333336,0.0
7eb58061_port_tight,520,B1,ours,heldout_bfcl_b2_l13_s7,5.394199199999998,5.394199199999998,0.0
7eb58061_port_tight,520,B1,ours,heldout_bfcl_b4_l13_s7,8.476626933333332,8.476626933333332,0.0
7eb58061_port_tight,520,B1,ours,heldout_bfcl_b8_l13_s7,12.329961600000003,12.329961600000003,0.0
7eb58061_port_tight,520,B1,ours,heldout_bfcl_b16_l13_s7,15.412566666666672,15.412566666666672,0.0
7eb58061_port_tight,520,B1,ours,heldout_bfcl_b2_l13_s11,3.4677351999999995,3.4677351999999995,0.0
7eb58061_port_tight,520,B1,ours,heldout_bfcl_b4_l13_s11,8.091334133333334,8.091334133333334,0.0
7eb58061_port_tight,520,B1,ours,heldout_bfcl_b8_l13_s11,10.403418933333331,10.403418933333331,0.0
7eb58061_port_tight,520,B1,ours,heldout_bfcl_b16_l13_s11,18.109852266666657,18.109852266666657,0.0
7eb58061_port_tight,520,B1,ours,heldout_bfcl_b2_l26_s3,5.008906399999998,5.008906399999998,0.0
7eb58061_port_tight,520,B1,ours,heldout_bfcl_b4_l26_s3,9.247212533333329,9.247212533333329,0.0
7eb58061_port_tight,520,B1,ours,heldout_bfcl_b8_l26_s3,11.944726133333335,11.944726133333335,0.0
7eb58061_port_tight,520,B1,ours,heldout_bfcl_b16_l26_s3,17.724638133333332,17.724638133333332,0.0
7eb58061_port_tight,520,B1,ours,heldout_bfcl_b2_l26_s7,4.623613599999999,4.623613599999999,0.0
7eb58061_port_tight,520,B1,ours,heldout_bfcl_b4_l26_s7,9.247212533333329,9.247212533333329,0.0
7eb58061_port_tight,520,B1,ours,heldout_bfcl_b8_l26_s7,13.100547200000001,13.100547200000001,0.0
7eb58061_port_tight,520,B1,ours,heldout_bfcl_b16_l26_s7,16.1836136,16.1836136,0.0
7eb58061_port_tight,520,B1,ours,heldout_bfcl_b2_l26_s11,3.8530279999999992,3.8530279999999992,0.0
7eb58061_port_tight,520,B1,ours,heldout_bfcl_b4_l26_s11,8.476626933333332,8.476626933333332,0.0
7eb58061_port_tight,520,B1,ours,heldout_bfcl_b8_l26_s11,12.715097066666667,12.715097066666667,0.0
7eb58061_port_tight,520,B1,ours,heldout_bfcl_b16_l26_s11,18.49551706666666,18.49551706666666,0.0
7eb58061_port_tight,520,B1,ours,heldout_gpqa_b2_l2_s3,5.008906399999998,5.008906399999998,0.0
7eb58061_port_tight,520,B1,ours,heldout_gpqa_b4_l2_s3,6.935681066666668,6.935681066666668,0.0
7eb58061_port_tight,520,B1,ours,heldout_gpqa_b8_l2_s3,8.862169066666665,8.862169066666665,0.0
7eb58061_port_tight,520,B1,ours,heldout_gpqa_b16_l2_s3,10.788974399999999,10.788974399999999,0.0
7eb58061_port_tight,520,B1,ours,heldout_gpqa_b2_l2_s7,5.394199199999998,5.394199199999998,0.0
7eb58061_port_tight,520,B1,ours,heldout_gpqa_b4_l2_s7,9.247212533333329,9.247212533333329,0.0
7eb58061_port_tight,520,B1,ours,heldout_gpqa_b8_l2_s7,13.100625866666674,13.100625866666674,0.0
7eb58061_port_tight,520,B1,ours,heldout_gpqa_b16_l2_s7,18.110009599999998,18.110009599999998,0.0
7eb58061_port_tight,520,B1,ours,heldout_gpqa_b2_l2_s11,4.238320799999999,4.238320799999999,0.0
7eb58061_port_tight,520,B1,ours,heldout_gpqa_b4_l2_s11,8.86191973333333,8.86191973333333,0.0
7eb58061_port_tight,520,B1,ours,heldout_gpqa_b8_l2_s11,14.641639733333335,14.641639733333335,0.0
7eb58061_port_tight,520,B1,ours,heldout_gpqa_b16_l2_s11,19.266102666666658,19.266102666666658,0.0
7eb58061_port_tight,520,B1,ours,heldout_gpqa_b2_l13_s3,5.008906399999998,5.008906399999998,0.0
7eb58061_port_tight,520,B1,ours,heldout_gpqa_b4_l13_s3,7.3208272,7.3208272,0.0
7eb58061_port_tight,520,B1,ours,heldout_gpqa_b8_l13_s3,10.788790399999998,10.788790399999998,0.0
7eb58061_port_tight,520,B1,ours,heldout_gpqa_b16_l13_s3,12.330381600000003,12.330381600000003,0.0
7eb58061_port_tight,520,B1,ours,heldout_gpqa_b2_l13_s7,5.008906399999998,5.008906399999998,0.0
7eb58061_port_tight,520,B1,ours,heldout_gpqa_b4_l13_s7,8.86191973333333,8.86191973333333,0.0
7eb58061_port_tight,520,B1,ours,heldout_gpqa_b8_l13_s7,13.485918666666668,13.485918666666668,0.0
7eb58061_port_tight,520,B1,ours,heldout_gpqa_b16_l13_s7,16.953963199999997,16.953963199999997,0.0
7eb58061_port_tight,520,B1,ours,heldout_gpqa_b2_l13_s11,3.4677351999999995,3.4677351999999995,0.0
7eb58061_port_tight,520,B1,ours,heldout_gpqa_b4_l13_s11,9.247212533333329,9.247212533333329,0.0
7eb58061_port_tight,520,B1,ours,heldout_gpqa_b8_l13_s11,11.559375999999999,11.559375999999999,0.0
7eb58061_port_tight,520,B1,ours,heldout_gpqa_b16_l13_s11,17.33933466666667,17.33933466666667,0.0
7eb58061_port_tight,520,B1,ours,heldout_gpqa_b2_l26_s3,5.394199199999998,5.394199199999998,0.0
7eb58061_port_tight,520,B1,ours,heldout_gpqa_b4_l26_s3,6.550388266666666,6.550388266666666,0.0
7eb58061_port_tight,520,B1,ours,heldout_gpqa_b8_l26_s3,9.632980000000002,9.632980000000002,0.0
7eb58061_port_tight,520,B1,ours,heldout_gpqa_b16_l26_s3,13.100809866666665,13.100809866666665,0.0
7eb58061_port_tight,520,B1,ours,heldout_gpqa_b2_l26_s7,5.394199199999998,5.394199199999998,0.0
7eb58061_port_tight,520,B1,ours,heldout_gpqa_b4_l26_s7,8.86191973333333,8.86191973333333,0.0
7eb58061_port_tight,520,B1,ours,heldout_gpqa_b8_l26_s7,13.100625866666665,13.100625866666665,0.0
7eb58061_port_tight,520,B1,ours,heldout_gpqa_b16_l26_s7,17.72432346666667,17.72432346666667,0.0
7eb58061_port_tight,520,B1,ours,heldout_gpqa_b2_l26_s11,5.008906399999998,5.008906399999998,0.0
7eb58061_port_tight,520,B1,ours,heldout_gpqa_b4_l26_s11,9.632505333333329,9.632505333333329,0.0
7eb58061_port_tight,520,B1,ours,heldout_gpqa_b8_l26_s11,13.1006832,13.1006832,0.0
7eb58061_port_tight,520,B1,ours,heldout_gpqa_b16_l26_s11,19.26573066666667,19.26573066666667,0.0
7eb58061_port_tight,520,B1,ours,heldout_swe_b2_l2_s3,5.008906399999998,5.008906399999998,0.0
7eb58061_port_tight,520,B1,ours,heldout_swe_b4_l2_s3,5.779734666666666,5.779734666666666,0.0
7eb58061_port_tight,520,B1,ours,heldout_swe_b8_l2_s3,6.550558933333334,6.550558933333334,0.0
7eb58061_port_tight,520,B1,ours,heldout_swe_b16_l2_s3,7.706925333333337,7.706925333333337,0.0
7eb58061_port_tight,520,B1,ours,heldout_swe_b2_l2_s7,5.008906399999998,5.008906399999998,0.0
7eb58061_port_tight,520,B1,ours,heldout_swe_b4_l2_s7,6.5502416,6.5502416,0.0
7eb58061_port_tight,520,B1,ours,heldout_swe_b8_l2_s7,6.9359304,6.9359304,0.0
7eb58061_port_tight,520,B1,ours,heldout_swe_b16_l2_s7,8.477489600000002,8.477489600000002,0.0
7eb58061_port_tight,520,B1,ours,heldout_swe_b2_l2_s11,5.008906399999998,5.008906399999998,0.0
7eb58061_port_tight,520,B1,ours,heldout_swe_b4_l2_s11,8.091412799999999,8.091412799999999,0.0
7eb58061_port_tight,520,B1,ours,heldout_swe_b8_l2_s11,7.320997866666667,7.320997866666667,0.0
7eb58061_port_tight,520,B1,ours,heldout_swe_b16_l2_s11,10.789199733333334,10.789199733333334,0.0
7eb58061_port_tight,520,B1,ours,heldout_swe_b2_l13_s3,5.394199199999998,5.394199199999998,0.0
7eb58061_port_tight,520,B1,ours,heldout_swe_b4_l13_s3,7.320905866666667,7.320905866666667,0.0
7eb58061_port_tight,520,B1,ours,heldout_swe_b8_l13_s3,7.70666266666667,7.70666266666667,0.0
7eb58061_port_tight,520,B1,ours,heldout_swe_b16_l13_s3,8.092275466666669,8.092275466666669,0.0
7eb58061_port_tight,520,B1,ours,heldout_swe_b2_l13_s7,5.394199199999998,5.394199199999998,0.0
7eb58061_port_tight,520,B1,ours,heldout_swe_b4_l13_s7,8.091334133333334,8.091334133333334,0.0
7eb58061_port_tight,520,B1,ours,heldout_swe_b8_l13_s7,8.091966133333335,8.091966133333335,0.0
7eb58061_port_tight,520,B1,ours,heldout_swe_b16_l13_s7,8.477521600000001,8.477521600000001,0.0
7eb58061_port_tight,520,B1,ours,heldout_swe_b2_l13_s11,4.623613599999999,4.623613599999999,0.0
7eb58061_port_tight,520,B1,ours,heldout_swe_b4_l13_s11,8.476626933333332,8.476626933333332,0.0
7eb58061_port_tight,520,B1,ours,heldout_swe_b8_l13_s11,7.3209872,7.3209872,0.0
7eb58061_port_tight,520,B1,ours,heldout_swe_b16_l13_s11,10.789199733333332,10.789199733333332,0.0
7eb58061_port_tight,520,B1,ours,heldout_swe_b2_l26_s3,4.623613599999999,4.623613599999999,0.0
7eb58061_port_tight,520,B1,ours,heldout_swe_b4_l26_s3,7.320748533333333,7.320748533333333,0.0
7eb58061_port_tight,520,B1,ours,heldout_swe_b8_l26_s3,8.862090399999998,8.862090399999998,0.0
7eb58061_port_tight,520,B1,ours,heldout_swe_b16_l26_s3,10.78935706666667,10.78935706666667,0.0
7eb58061_port_tight,520,B1,ours,heldout_swe_b2_l26_s7,5.394199199999998,5.394199199999998,0.0
7eb58061_port_tight,520,B1,ours,heldout_swe_b4_l26_s7,6.935455733333334,6.935455733333334,0.0
7eb58061_port_tight,520,B1,ours,heldout_swe_b8_l26_s7,8.477180266666668,8.477180266666668,0.0
7eb58061_port_tight,520,B1,ours,heldout_swe_b16_l26_s7,8.862667733333332,8.862667733333332,0.0
7eb58061_port_tight,520,B1,ours,heldout_swe_b2_l26_s11,5.394199199999998,5.394199199999998,0.0
7eb58061_port_tight,520,B1,ours,heldout_swe_b4_l26_s11,9.632505333333329,9.632505333333329,0.0
7eb58061_port_tight,520,B1,ours,heldout_swe_b8_l26_s11,7.3209192,7.3209192,0.0
7eb58061_port_tight,520,B1,ours,heldout_swe_b16_l26_s11,11.559796000000002,11.559796000000002,0.0
7eb58061_port_tight,520,B1,ours,v3_captured_mixed_heldout_bfcl_t64_l2,24.27695706666665,24.27695706666665,0.0
7eb58061_port_tight,520,B1,ours,v3_captured_mixed_heldout_bfcl_t96_l2,25.433975466666666,25.433975466666666,0.0
7eb58061_port_tight,520,B1,ours,v3_captured_mixed_heldout_bfcl_t128_l2,26.205779733333337,26.205779733333337,0.0
7eb58061_port_tight,520,B1,ours,v3_captured_mixed_heldout_bfcl_t64_l13,22.35003173333334,22.35003173333334,0.0
7eb58061_port_tight,520,B1,ours,v3_captured_mixed_heldout_bfcl_t96_l13,25.048525333333288,25.048525333333288,0.0
7eb58061_port_tight,520,B1,ours,v3_captured_mixed_heldout_bfcl_t128_l13,25.435115466666645,25.435115466666645,0.0
7eb58061_port_tight,520,B1,ours,v3_captured_mixed_heldout_bfcl_t64_l26,23.891281600000003,23.891281600000003,0.0
7eb58061_port_tight,520,B1,ours,v3_captured_mixed_heldout_bfcl_t96_l26,25.81911093333333,25.81911093333333,0.0
7eb58061_port_tight,520,B1,ours,v3_captured_mixed_heldout_bfcl_t128_l26,26.205622399999985,26.205622399999985,0.0
7eb58061_port_tight,520,B1,ours,v3_captured_mixed_heldout_gpqa_t64_l2,25.047249333333326,25.047249333333326,0.0
7eb58061_port_tight,520,B1,ours,v3_captured_mixed_heldout_gpqa_t96_l2,26.204257066666628,26.204257066666628,0.0
7eb58061_port_tight,520,B1,ours,v3_captured_mixed_heldout_gpqa_t128_l2,26.205543733333332,26.205543733333332,0.0
7eb58061_port_tight,520,B1,ours,v3_captured_mixed_heldout_gpqa_t64_l13,22.350121066666656,22.350121066666656,0.0
7eb58061_port_tight,520,B1,ours,v3_captured_mixed_heldout_gpqa_t96_l13,24.277782399999953,24.277782399999953,0.0
7eb58061_port_tight,520,B1,ours,v3_captured_mixed_heldout_gpqa_t128_l13,24.664293866666622,24.664293866666622,0.0
7eb58061_port_tight,520,B1,ours,v3_captured_mixed_heldout_gpqa_t64_l26,25.047081333333324,25.047081333333324,0.0
7eb58061_port_tight,520,B1,ours,v3_captured_mixed_heldout_gpqa_t96_l26,26.204099733333297,26.204099733333297,0.0
7eb58061_port_tight,520,B1,ours,v3_captured_mixed_heldout_gpqa_t128_l26,26.20554373333334,26.20554373333334,0.0
7eb58061_port_tight,520,B1,ours,v3_captured_mixed_heldout_swe_t64_l2,24.662171199999992,24.662171199999992,0.0
7eb58061_port_tight,520,B1,ours,v3_captured_mixed_heldout_swe_t96_l2,25.819189600000005,25.819189600000005,0.0
7eb58061_port_tight,520,B1,ours,v3_captured_mixed_heldout_swe_t128_l2,26.20570106666667,26.20570106666667,0.0
7eb58061_port_tight,520,B1,ours,v3_captured_mixed_heldout_swe_t64_l13,20.80909653333333,20.80909653333333,0.0
7eb58061_port_tight,520,B1,ours,v3_captured_mixed_heldout_swe_t96_l13,23.892646933333324,23.892646933333324,0.0
7eb58061_port_tight,520,B1,ours,v3_captured_mixed_heldout_swe_t128_l13,25.435036799999985,25.435036799999985,0.0
7eb58061_port_tight,520,B1,ours,v3_captured_mixed_heldout_swe_t64_l26,23.505831466666663,23.505831466666663,0.0
7eb58061_port_tight,520,B1,ours,v3_captured_mixed_heldout_swe_t96_l26,24.66292853333334,24.66292853333334,0.0
7eb58061_port_tight,520,B1,ours,v3_captured_mixed_heldout_swe_t128_l26,26.205386399999952,26.205386399999952,0.0
7eb58061_port_tight,520,B2,nominal,heldout_bfcl_b2_l2_s3,5.394037051851852,5.394037051851852,0.0
7eb58061_port_tight,520,B2,nominal,heldout_bfcl_b4_l2_s3,7.705844222222221,7.705844222222221,0.0
7eb58061_port_tight,520,B2,nominal,heldout_bfcl_b8_l2_s3,10.788219844444452,10.788219844444452,0.0
7eb58061_port_tight,520,B2,nominal,heldout_bfcl_b16_l2_s3,13.870948923456778,13.870948923456778,0.0
7eb58061_port_tight,520,B2,nominal,heldout_bfcl_b2_l2_s7,5.394037051851852,5.394037051851852,0.0
7eb58061_port_tight,520,B2,nominal,heldout_bfcl_b4_l2_s7,8.476407599999996,8.476407599999996,0.0
7eb58061_port_tight,520,B2,nominal,heldout_bfcl_b8_l2_s7,11.558818444444453,11.558818444444453,0.0
7eb58061_port_tight,520,B2,nominal,heldout_bfcl_b16_l2_s7,17.72356828148146,17.72356828148146,0.0
7eb58061_port_tight,520,B2,nominal,heldout_bfcl_b2_l2_s11,3.853014000000001,3.853014000000001,0.0
7eb58061_port_tight,520,B2,nominal,heldout_bfcl_b4_l2_s11,8.476404044444436,8.476404044444436,0.0
7eb58061_port_tight,520,B2,nominal,heldout_bfcl_b8_l2_s11,12.32938689629629,12.32938689629629,0.0
7eb58061_port_tight,520,B2,nominal,heldout_bfcl_b16_l2_s11,20.03536356296299,20.03536356296299,0.0
7eb58061_port_tight,520,B2,nominal,heldout_bfcl_b2_l13_s3,4.6234715999999985,4.6234715999999985,0.0
7eb58061_port_tight,520,B2,nominal,heldout_bfcl_b4_l13_s3,9.246893545679004,9.246893545679004,0.0
7eb58061_port_tight,520,B2,nominal,heldout_bfcl_b8_l13_s3,11.558742444444446,11.558742444444446,0.0
7eb58061_port_tight,520,B2,nominal,heldout_bfcl_b16_l13_s3,15.41199311111112,15.41199311111112,0.0
7eb58061_port_tight,520,B2,nominal,heldout_bfcl_b2_l13_s7,5.394037051851852,5.394037051851852,0.0
7eb58061_port_tight,520,B2,nominal,heldout_bfcl_b4_l13_s7,8.476384785185177,8.476384785185177,0.0
7eb58061_port_tight,520,B2,nominal,heldout_bfcl_b8_l13_s7,12.329371386008209,12.329371386008209,0.0
7eb58061_port_tight,520,B2,nominal,heldout_bfcl_b16_l13_s7,15.412241012345671,15.412241012345671,0.0
7eb58061_port_tight,520,B2,nominal,heldout_bfcl_b2_l13_s11,3.852794,3.852794,0.0
7eb58061_port_tight,520,B2,nominal,heldout_bfcl_b4_l13_s11,8.4763147111111,8.4763147111111,0.0
7eb58061_port_tight,520,B2,nominal,heldout_bfcl_b8_l13_s11,10.788193079012345,10.788193079012345,0.0
7eb58061_port_tight,520,B2,nominal,heldout_bfcl_b16_l13_s11,18.494169437037,18.494169437037,0.0
7eb58061_port_tight,520,B2,nominal,heldout_bfcl_b2_l26_s3,5.393925200000002,5.393925200000002,0.0
7eb58061_port_tight,520,B2,nominal,heldout_bfcl_b4_l26_s3,9.2468716526749,9.2468716526749,0.0
7eb58061_port_tight,520,B2,nominal,heldout_bfcl_b8_l26_s3,12.329250785185188,12.329250785185188,0.0
7eb58061_port_tight,520,B2,nominal,heldout_bfcl_b16_l26_s3,17.723737101783254,17.723737101783254,0.0
7eb58061_port_tight,520,B2,nominal,heldout_bfcl_b2_l26_s7,4.623526711111111,4.623526711111111,0.0
7eb58061_port_tight,520,B2,nominal,heldout_bfcl_b4_l26_s7,9.246978977777783,9.246978977777783,0.0
7eb58061_port_tight,520,B2,nominal,heldout_bfcl_b8_l26_s7,13.099866660448095,13.099866660448095,0.0
7eb58061_port_tight,520,B2,nominal,heldout_bfcl_b16_l26_s7,16.182781822222193,16.182781822222193,0.0
7eb58061_port_tight,520,B2,nominal,heldout_bfcl_b2_l26_s11,3.853027333333334,3.853027333333334,0.0
7eb58061_port_tight,520,B2,nominal,heldout_bfcl_b4_l26_s11,8.476363945679015,8.476363945679015,0.0
7eb58061_port_tight,520,B2,nominal,heldout_bfcl_b8_l26_s11,13.09991887901233,13.09991887901233,0.0
7eb58061_port_tight,520,B2,nominal,heldout_bfcl_b16_l26_s11,18.494279288888873,18.494279288888873,0.0
7eb58061_port_tight,520,B2,nominal,heldout_gpqa_b2_l2_s3,5.393925200000002,5.393925200000002,0.0
7eb58061_port_tight,520,B2,nominal,heldout_gpqa_b4_l2_s3,6.935259511111109,6.935259511111109,0.0
7eb58061_port_tight,520,B2,nominal,heldout_gpqa_b8_l2_s3,9.247019088888885,9.247019088888885,0.0
7eb58061_port_tight,520,B2,nominal,heldout_gpqa_b16_l2_s3,10.78865225185184,10.78865225185184,0.0
7eb58061_port_tight,520,B2,nominal,heldout_gpqa_b2_l2_s7,5.394037051851852,5.394037051851852,0.0
7eb58061_port_tight,520,B2,nominal,heldout_gpqa_b4_l2_s7,9.246871652674905,9.246871652674905,0.0
7eb58061_port_tight,520,B2,nominal,heldout_gpqa_b8_l2_s7,13.10003053333332,13.10003053333332,0.0
7eb58061_port_tight,520,B2,nominal,heldout_gpqa_b16_l2_s7,18.49414429711932,18.49414429711932,0.0
7eb58061_port_tight,520,B2,nominal,heldout_gpqa_b2_l2_s11,4.623539600000002,4.623539600000002,0.0
7eb58061_port_tight,520,B2,nominal,heldout_gpqa_b4_l2_s11,9.246825051851848,9.246825051851848,0.0
7eb58061_port_tight,520,B2,nominal,heldout_gpqa_b8_l2_s11,14.641036696296307,14.641036696296307,0.0
7eb58061_port_tight,520,B2,nominal,heldout_gpqa_b16_l2_s11,19.26493311111112,19.26493311111112,0.0
7eb58061_port_tight,520,B2,nominal,heldout_gpqa_b2_l13_s3,5.393908311111114,5.393908311111114,0.0
7eb58061_port_tight,520,B2,nominal,heldout_gpqa_b4_l13_s3,7.705688345679002,7.705688345679002,0.0
7eb58061_port_tight,520,B2,nominal,heldout_gpqa_b8_l13_s3,10.788357288888896,10.788357288888896,0.0
7eb58061_port_tight,520,B2,nominal,heldout_gpqa_b16_l13_s3,12.329793377777763,12.329793377777763,0.0
7eb58061_port_tight,520,B2,nominal,heldout_gpqa_b2_l13_s7,5.393908311111114,5.393908311111114,0.0
7eb58061_port_tight,520,B2,nominal,heldout_gpqa_b4_l13_s7,9.246825051851843,9.246825051851843,0.0
7eb58061_port_tight,520,B2,nominal,heldout_gpqa_b8_l13_s7,13.87037598518518,13.87037598518518,0.0
7eb58061_port_tight,520,B2,nominal,heldout_gpqa_b16_l13_s7,16.953121496296298,16.953121496296298,0.0
7eb58061_port_tight,520,B2,nominal,heldout_gpqa_b2_l13_s11,3.8528660000000006,3.8528660000000006,0.0
7eb58061_port_tight,520,B2,nominal,heldout_gpqa_b4_l13_s11,9.246893545678997,9.246893545678997,0.0
7eb58061_port_tight,520,B2,nominal,heldout_gpqa_b8_l13_s11,11.558960444444432,11.558960444444432,0.0
7eb58061_port_tight,520,B2,nominal,heldout_gpqa_b16_l13_s11,17.723810355555525,17.723810355555525,0.0
7eb58061_port_tight,520,B2,nominal,heldout_gpqa_b2_l26_s3,5.394037051851852,5.394037051851852,0.0
7eb58061_port_tight,520,B2,nominal,heldout_gpqa_b4_l26_s3,6.9352724,6.9352724,0.0
7eb58061_port_tight,520,B2,nominal,heldout_gpqa_b8_l26_s3,10.017607688888894,10.017607688888894,0.0
7eb58061_port_tight,520,B2,nominal,heldout_gpqa_b16_l26_s3,13.10024342222223,13.10024342222223,0.0
7eb58061_port_tight,520,B2,nominal,heldout_gpqa_b2_l26_s7,5.394037051851852,5.394037051851852,0.0
7eb58061_port_tight,520,B2,nominal,heldout_gpqa_b4_l26_s7,9.246902977777776,9.246902977777776,0.0
7eb58061_port_tight,520,B2,nominal,heldout_gpqa_b8_l26_s7,13.099977496296313,13.099977496296313,0.0
7eb58061_port_tight,520,B2,nominal,heldout_gpqa_b16_l26_s7,17.72371325267488,17.72371325267488,0.0
7eb58061_port_tight,520,B2,nominal,heldout_gpqa_b2_l26_s11,5.393908311111108,5.393908311111108,0.0
7eb58061_port_tight,520,B2,nominal,heldout_gpqa_b4_l26_s11,10.017325252674889,10.017325252674889,0.0
7eb58061_port_tight,520,B2,nominal,heldout_gpqa_b8_l26_s11,13.099906319341544,13.099906319341544,0.0
7eb58061_port_tight,520,B2,nominal,heldout_gpqa_b16_l26_s11,19.264956444444437,19.264956444444437,0.0
7eb58061_port_tight,520,B2,nominal,heldout_swe_b2_l2_s3,5.3939252,5.3939252,0.0
7eb58061_port_tight,520,B2,nominal,heldout_swe_b4_l2_s3,6.164649985185189,6.164649985185189,0.0
7eb58061_port_tight,520,B2,nominal,heldout_swe_b8_l2_s3,6.935312251851853,6.935312251851853,0.0
7eb58061_port_tight,520,B2,nominal,heldout_swe_b16_l2_s3,7.706318345679006,7.706318345679006,0.0
7eb58061_port_tight,520,B2,nominal,heldout_swe_b2_l2_s7,5.393908311111112,5.393908311111112,0.0
7eb58061_port_tight,520,B2,nominal,heldout_swe_b4_l2_s7,6.935198844444444,6.935198844444444,0.0
7eb58061_port_tight,520,B2,nominal,heldout_swe_b8_l2_s7,6.935427412345676,6.935427412345676,0.0
7eb58061_port_tight,520,B2,nominal,heldout_swe_b16_l2_s7,8.476894052674893,8.476894052674893,0.0
7eb58061_port_tight,520,B2,nominal,heldout_swe_b2_l2_s11,5.393925200000002,5.393925200000002,0.0
7eb58061_port_tight,520,B2,nominal,heldout_swe_b4_l2_s11,8.476242711111102,8.476242711111102,0.0
7eb58061_port_tight,520,B2,nominal,heldout_swe_b8_l2_s11,7.705993666666668,7.705993666666668,0.0
7eb58061_port_tight,520,B2,nominal,heldout_swe_b16_l2_s11,10.788536257338821,10.788536257338821,0.0
7eb58061_port_tight,520,B2,nominal,heldout_swe_b2_l13_s3,5.394037051851852,5.394037051851852,0.0
7eb58061_port_tight,520,B2,nominal,heldout_swe_b4_l13_s3,7.705857111111112,7.705857111111112,0.0
7eb58061_port_tight,520,B2,nominal,heldout_swe_b8_l13_s3,7.705954012345674,7.705954012345674,0.0
7eb58061_port_tight,520,B2,nominal,heldout_swe_b16_l13_s3,8.476855451851845,8.476855451851845,0.0
7eb58061_port_tight,520,B2,nominal,heldout_swe_b2_l13_s7,5.394037051851852,5.394037051851852,0.0
7eb58061_port_tight,520,B2,nominal,heldout_swe_b4_l13_s7,8.476331599999995,8.476331599999995,0.0
7eb58061_port_tight,520,B2,nominal,heldout_swe_b8_l13_s7,8.47642837777778,8.47642837777778,0.0
7eb58061_port_tight,520,B2,nominal,heldout_swe_b16_l13_s7,8.476898052674894,8.476898052674894,0.0
7eb58061_port_tight,520,B2,nominal,heldout_swe_b2_l13_s11,4.623471599999999,4.623471599999999,0.0
7eb58061_port_tight,520,B2,nominal,heldout_swe_b4_l13_s11,8.476390711111113,8.476390711111113,0.0
7eb58061_port_tight,520,B2,nominal,heldout_swe_b8_l13_s11,7.705895851851844,7.705895851851844,0.0
7eb58061_port_tight,520,B2,nominal,heldout_swe_b16_l13_s11,10.788574177777775,10.788574177777775,0.0
7eb58061_port_tight,520,B2,nominal,heldout_swe_b2_l26_s3,4.62353026666667,4.62353026666667,0.0
7eb58061_port_tight,520,B2,nominal,heldout_swe_b4_l26_s3,7.705802000000001,7.705802000000001,0.0
7eb58061_port_tight,520,B2,nominal,heldout_swe_b8_l26_s3,9.247035977777777,9.247035977777777,0.0
7eb58061_port_tight,520,B2,nominal,heldout_swe_b16_l26_s3,10.788565251851846,10.788565251851846,0.0
7eb58061_port_tight,520,B2,nominal,heldout_swe_b2_l26_s7,5.394037051851852,5.394037051851852,0.0
7eb58061_port_tight,520,B2,nominal,heldout_swe_b4_l26_s7,6.9353617333333375,6.9353617333333375,0.0
7eb58061_port_tight,520,B2,nominal,heldout_swe_b8_l26_s7,8.476530719341557,8.476530719341557,0.0
7eb58061_port_tight,520,B2,nominal,heldout_swe_b16_l26_s7,9.247457545679,9.247457545679,0.0
7eb58061_port_tight,520,B2,nominal,heldout_swe_b2_l26_s11,5.394037051851852,5.394037051851852,0.0
7eb58061_port_tight,520,B2,nominal,heldout_swe_b4_l26_s11,10.01732525267489,10.01732525267489,0.0
7eb58061_port_tight,520,B2,nominal,heldout_swe_b8_l26_s11,7.706005111111117,7.706005111111117,0.0
7eb58061_port_tight,520,B2,nominal,heldout_swe_b16_l26_s11,11.55919911934156,11.55919911934156,0.0
7eb58061_port_tight,520,B2,nominal,v3_captured_mixed_heldout_bfcl_t64_l2,25.43129957840438,25.43129957840438,0.0
7eb58061_port_tight,520,B2,nominal,v3_captured_mixed_heldout_bfcl_t96_l2,26.203390235576514,26.203390235576514,0.0
7eb58061_port_tight,520,B2,nominal,v3_captured_mixed_heldout_bfcl_t128_l2,27.745758900854682,27.745758900854682,0.0
7eb58061_port_tight,520,B2,nominal,v3_captured_mixed_heldout_bfcl_t64_l13,23.11970281523256,23.11970281523256,0.0
7eb58061_port_tight,520,B2,nominal,v3_captured_mixed_heldout_bfcl_t96_l13,26.203378820031602,26.203378820031602,0.0
7eb58061_port_tight,520,B2,nominal,v3_captured_mixed_heldout_bfcl_t128_l13,26.983179660256297,26.983179660256297,0.0
7eb58061_port_tight,520,B2,nominal,v3_captured_mixed_heldout_bfcl_t64_l26,24.660907620031626,24.660907620031626,0.0
7eb58061_port_tight,520,B2,nominal,v3_captured_mixed_heldout_bfcl_t96_l26,26.97389055705099,26.97389055705099,0.0
7eb58061_port_tight,520,B2,nominal,v3_captured_mixed_heldout_bfcl_t128_l26,27.74578288461526,27.74578288461526,0.0
7eb58061_port_tight,520,B2,nominal,v3_captured_mixed_heldout_gpqa_t64_l2,26.2020226800211,26.2020226800211,0.0
7eb58061_port_tight,520,B2,nominal,v3_captured_mixed_heldout_gpqa_t96_l2,26.973925951282023,26.973925951282023,0.0
7eb58061_port_tight,520,B2,nominal,v3_captured_mixed_heldout_gpqa_t128_l2,27.745800900854643,27.745800900854643,0.0
7eb58061_port_tight,520,B2,nominal,v3_captured_mixed_heldout_gpqa_t64_l13,23.11974516890996,23.11974516890996,0.0
7eb58061_port_tight,520,B2,nominal,v3_captured_mixed_heldout_gpqa_t96_l13,25.43261055336487,25.43261055336487,0.0
7eb58061_port_tight,520,B2,nominal,v3_captured_mixed_heldout_gpqa_t128_l13,26.204711684615326,26.204711684615326,0.0
7eb58061_port_tight,520,B2,nominal,v3_captured_mixed_heldout_gpqa_t64_l26,26.201949568909985,26.201949568909985,0.0
7eb58061_port_tight,520,B2,nominal,v3_captured_mixed_heldout_gpqa_t96_l26,26.97398595128189,26.97398595128189,0.0
7eb58061_port_tight,520,B2,nominal,v3_captured_mixed_heldout_gpqa_t128_l26,27.74578890085464,27.74578890085464,0.0
7eb58061_port_tight,520,B2,nominal,v3_captured_mixed_heldout_swe_t64_l2,25.431458281899225,25.431458281899225,0.0
7eb58061_port_tight,520,B2,nominal,v3_captured_mixed_heldout_swe_t96_l2,26.97389659358956,26.97389659358956,0.0
7eb58061_port_tight,520,B2,nominal,v3_captured_mixed_heldout_swe_t128_l2,27.745794900854726,27.745794900854726,0.0
7eb58061_port_tight,520,B2,nominal,v3_captured_mixed_heldout_swe_t64_l13,21.578613078717673,21.578613078717673,0.0
7eb58061_port_tight,520,B2,nominal,v3_captured_mixed_heldout_swe_t96_l13,24.662173620031588,24.662173620031588,0.0
7eb58061_port_tight,520,B2,nominal,v3_captured_mixed_heldout_swe_t128_l13,26.975241001495498,26.975241001495498,0.0
7eb58061_port_tight,520,B2,nominal,v3_captured_mixed_heldout_swe_t64_l26,24.66078949671407,24.66078949671407,0.0
7eb58061_port_tight,520,B2,nominal,v3_captured_mixed_heldout_swe_t96_l26,25.432806726923,25.432806726923,0.0
7eb58061_port_tight,520,B2,nominal,v3_captured_mixed_heldout_swe_t128_l26,27.745782900854675,27.745782900854675,0.0
7eb58061_port_tight,520,B2,ours,heldout_bfcl_b2_l2_s3,5.393946494924552,5.393946494924552,0.0
7eb58061_port_tight,520,B2,ours,heldout_bfcl_b4_l2_s3,7.705780518518515,7.705780518518515,0.0
7eb58061_port_tight,520,B2,ours,heldout_bfcl_b8_l2_s3,10.788148284621249,10.788148284621249,0.0
7eb58061_port_tight,520,B2,ours,heldout_bfcl_b16_l2_s3,13.870824416826702,13.870824416826702,0.0
7eb58061_port_tight,520,B2,ours,heldout_bfcl_b2_l2_s7,5.393946494924552,5.393946494924552,0.0
7eb58061_port_tight,520,B2,ours,heldout_bfcl_b4_l2_s7,8.47643545185185,8.47643545185185,0.0
7eb58061_port_tight,520,B2,ours,heldout_bfcl_b8_l2_s7,11.558757144032898,11.558757144032898,0.0
7eb58061_port_tight,520,B2,ours,heldout_bfcl_b16_l2_s7,17.723367736442636,17.723367736442636,0.0
7eb58061_port_tight,520,B2,ours,heldout_bfcl_b2_l2_s11,3.8529962222222216,3.8529962222222216,0.0
7eb58061_port_tight,520,B2,ours,heldout_bfcl_b4_l2_s11,8.47641148477367,8.47641148477367,0.0
7eb58061_port_tight,520,B2,ours,heldout_bfcl_b8_l2_s11,12.32923451220848,12.32923451220848,0.0
7eb58061_port_tight,520,B2,ours,heldout_bfcl_b16_l2_s11,20.035202772839547,20.035202772839547,0.0
7eb58061_port_tight,520,B2,ours,heldout_bfcl_b2_l13_s3,4.623490562962961,4.623490562962961,0.0
7eb58061_port_tight,520,B2,ours,heldout_bfcl_b4_l13_s3,9.246802531910788,9.246802531910788,0.0
7eb58061_port_tight,520,B2,ours,heldout_bfcl_b8_l13_s3,11.558606884621252,11.558606884621252,0.0
7eb58061_port_tight,520,B2,ours,heldout_bfcl_b16_l13_s3,15.412027331910782,15.412027331910782,0.0
7eb58061_port_tight,520,B2,ours,heldout_bfcl_b2_l13_s7,5.393946494924552,5.393946494924552,0.0
7eb58061_port_tight,520,B2,ours,heldout_bfcl_b4_l13_s7,8.476328920530408,8.476328920530408,0.0
7eb58061_port_tight,520,B2,ours,heldout_bfcl_b8_l13_s7,12.329220488414707,12.329220488414707,0.0
7eb58061_port_tight,520,B2,ours,heldout_bfcl_b16_l13_s7,15.412105554133019,15.412105554133019,0.0
7eb58061_port_tight,520,B2,ours,heldout_bfcl_b2_l13_s11,3.852786296296298,3.852786296296298,0.0
7eb58061_port_tight,520,B2,ours,heldout_bfcl_b4_l13_s11,8.476251040329219,8.476251040329219,0.0
7eb58061_port_tight,520,B2,ours,heldout_bfcl_b8_l13_s11,10.788075694873752,10.788075694873752,0.0
7eb58061_port_tight,520,B2,ours,heldout_bfcl_b16_l13_s11,18.493972915775064,18.493972915775064,0.0
7eb58061_port_tight,520,B2,ours,heldout_bfcl_b2_l26_s3,5.393942494924553,5.393942494924553,0.0
7eb58061_port_tight,520,B2,ours,heldout_bfcl_b4_l26_s3,9.246719866508602,9.246719866508602,0.0
7eb58061_port_tight,520,B2,ours,heldout_bfcl_b8_l26_s3,12.329142772382271,12.329142772382271,0.0
7eb58061_port_tight,520,B2,ours,heldout_bfcl_b16_l26_s3,17.723536009718437,17.723536009718437,0.0
7eb58061_port_tight,520,B2,ours,heldout_bfcl_b2_l26_s7,4.62347258765432,4.62347258765432,0.0
7eb58061_port_tight,520,B2,ours,heldout_bfcl_b4_l26_s7,9.246897529218097,9.246897529218097,0.0
7eb58061_port_tight,520,B2,ours,heldout_bfcl_b8_l26_s7,13.099759080506013,13.099759080506013,0.0
7eb58061_port_tight,520,B2,ours,heldout_bfcl_b16_l26_s7,16.182735139094685,16.182735139094685,0.0
7eb58061_port_tight,520,B2,ours,heldout_bfcl_b2_l26_s11,3.8530539999999993,3.8530539999999993,0.0
7eb58061_port_tight,520,B2,ours,heldout_bfcl_b4_l26_s11,8.476336785185183,8.476336785185183,0.0
7eb58061_port_tight,520,B2,ours,heldout_bfcl_b8_l26_s11,13.099820161540393,13.099820161540393,0.0
7eb58061_port_tight,520,B2,ours,heldout_bfcl_b16_l26_s11,18.4942792888889,18.4942792888889,0.0
7eb58061_port_tight,520,B2,ours,heldout_gpqa_b2_l2_s3,5.393942494924553,5.393942494924553,0.0
7eb58061_port_tight,520,B2,ours,heldout_gpqa_b4_l2_s3,6.935197683950624,6.935197683950624,0.0
7eb58061_port_tight,520,B2,ours,heldout_gpqa_b8_l2_s3,9.246907533175268,9.246907533175268,0.0
7eb58061_port_tight,520,B2,ours,heldout_gpqa_b16_l2_s3,10.788562016826711,10.788562016826711,0.0
7eb58061_port_tight,520,B2,ours,heldout_gpqa_b2_l2_s7,5.393946494924552,5.393946494924552,0.0
7eb58061_port_tight,520,B2,ours,heldout_gpqa_b4_l2_s7,9.246811482578877,9.246811482578877,0.0
7eb58061_port_tight,520,B2,ours,heldout_gpqa_b8_l2_s7,13.100067274074078,13.100067274074078,0.0
7eb58061_port_tight,520,B2,ours,heldout_gpqa_b16_l2_s7,18.493938387652367,18.493938387652367,0.0
7eb58061_port_tight,520,B2,ours,heldout_gpqa_b2_l2_s11,4.623548488888889,4.623548488888889,0.0
7eb58061_port_tight,520,B2,ours,heldout_gpqa_b4_l2_s11,9.246726791220851,9.246726791220851,0.0
7eb58061_port_tight,520,B2,ours,heldout_gpqa_b8_l2_s11,14.640902287517152,14.640902287517152,0.0
7eb58061_port_tight,520,B2,ours,heldout_gpqa_b16_l2_s11,19.264861209876496,19.264861209876496,0.0
7eb58061_port_tight,520,B2,ours,heldout_gpqa_b2_l13_s3,5.393862418106994,5.393862418106994,0.0
7eb58061_port_tight,520,B2,ours,heldout_gpqa_b4_l13_s3,7.705562662399027,7.705562662399027,0.0
7eb58061_port_tight,520,B2,ours,heldout_gpqa_b8_l13_s3,10.788257272427987,10.788257272427987,0.0
7eb58061_port_tight,520,B2,ours,heldout_gpqa_b16_l13_s3,12.329748669958843,12.329748669958843,0.0
7eb58061_port_tight,520,B2,ours,heldout_gpqa_b2_l13_s7,5.393862418106994,5.393862418106994,0.0
7eb58061_port_tight,520,B2,ours,heldout_gpqa_b4_l13_s7,9.246724742752633,9.246724742752633,0.0
7eb58061_port_tight,520,B2,ours,heldout_gpqa_b8_l13_s7,13.870294639048902,13.870294639048902,0.0
7eb58061_port_tight,520,B2,ours,heldout_gpqa_b16_l13_s7,16.952939718465817,16.952939718465817,0.0
7eb58061_port_tight,520,B2,ours,heldout_gpqa_b2_l13_s11,3.8528482222222222,3.8528482222222222,0.0
7eb58061_port_tight,520,B2,ours,heldout_gpqa_b4_l13_s11,9.246767862399029,9.246767862399029,0.0
7eb58061_port_tight,520,B2,ours,heldout_gpqa_b8_l13_s11,11.55887899588478,11.55887899588478,0.0
7eb58061_port_tight,520,B2,ours,heldout_gpqa_b16_l13_s11,17.72374655308638,17.72374655308638,0.0
7eb58061_port_tight,520,B2,ours,heldout_gpqa_b2_l26_s3,5.393946494924552,5.393946494924552,0.0
7eb58061_port_tight,520,B2,ours,heldout_gpqa_b4_l26_s3,6.935273585185185,6.935273585185185,0.0
7eb58061_port_tight,520,B2,ours,heldout_gpqa_b8_l26_s3,10.017507672427987,10.017507672427987,0.0
7eb58061_port_tight,520,B2,ours,heldout_gpqa_b16_l26_s3,13.100110829471562,13.100110829471562,0.0
7eb58061_port_tight,520,B2,ours,heldout_gpqa_b2_l26_s7,5.393946494924552,5.393946494924552,0.0
7eb58061_port_tight,520,B2,ours,heldout_gpqa_b4_l26_s7,9.246804751287911,9.246804751287911,0.0
7eb58061_port_tight,520,B2,ours,heldout_gpqa_b8_l26_s7,13.099841704801097,13.099841704801097,0.0
7eb58061_port_tight,520,B2,ours,heldout_gpqa_b16_l26_s7,17.723529131961556,17.723529131961556,0.0
7eb58061_port_tight,520,B2,ours,heldout_gpqa_b2_l26_s11,5.393862418106996,5.393862418106996,0.0
7eb58061_port_tight,520,B2,ours,heldout_gpqa_b4_l26_s11,10.017173466508602,10.017173466508602,0.0
7eb58061_port_tight,520,B2,ours,heldout_gpqa_b8_l26_s11,13.099807866508604,13.099807866508604,0.0
7eb58061_port_tight,520,B2,ours,heldout_gpqa_b16_l26_s11,19.264961580246947,19.264961580246947,0.0
7eb58061_port_tight,520,B2,ours,heldout_swe_b2_l2_s3,5.393942494924554,5.393942494924554,0.0
7eb58061_port_tight,520,B2,ours,heldout_swe_b4_l2_s3,6.164567453863741,6.164567453863741,0.0
7eb58061_port_tight,520,B2,ours,heldout_swe_b8_l2_s3,6.935229720530402,6.935229720530402,0.0
7eb58061_port_tight,520,B2,ours,heldout_swe_b16_l2_s3,7.706200665244116,7.706200665244116,0.0
7eb58061_port_tight,520,B2,ours,heldout_swe_b2_l2_s7,5.393862418106996,5.393862418106996,0.0
7eb58061_port_tight,520,B2,ours,heldout_swe_b4_l2_s7,6.935171387654319,6.935171387654319,0.0
7eb58061_port_tight,520,B2,ours,heldout_swe_b8_l2_s7,6.935301729065692,6.935301729065692,0.0
7eb58061_port_tight,520,B2,ours,heldout_swe_b16_l2_s7,8.476734266192503,8.476734266192503,0.0
7eb58061_port_tight,520,B2,ours,heldout_swe_b2_l2_s11,5.393942494924553,5.393942494924553,0.0
7eb58061_port_tight,520,B2,ours,heldout_swe_b4_l2_s11,8.476189114403294,8.476189114403294,0.0
7eb58061_port_tight,520,B2,ours,heldout_swe_b8_l2_s11,7.705921183813445,7.705921183813445,0.0
7eb58061_port_tight,520,B2,ours,heldout_swe_b16_l2_s11,10.788415066613975,10.788415066613975,0.0
7eb58061_port_tight,520,B2,ours,heldout_swe_b2_l13_s3,5.393946494924552,5.393946494924552,0.0
7eb58061_port_tight,520,B2,ours,heldout_swe_b4_l13_s3,7.705811876543208,7.705811876543208,0.0
7eb58061_port_tight,520,B2,ours,heldout_swe_b8_l13_s3,7.705836331910779,7.705836331910779,0.0
7eb58061_port_tight,520,B2,ours,heldout_swe_b16_l13_s3,8.476747117146775,8.476747117146775,0.0
7eb58061_port_tight,520,B2,ours,heldout_swe_b2_l13_s7,5.393946494924552,5.393946494924552,0.0
7eb58061_port_tight,520,B2,ours,heldout_swe_b4_l13_s7,8.476333114403284,8.476333114403284,0.0
7eb58061_port_tight,520,B2,ours,heldout_swe_b8_l13_s7,8.47637478106996,8.47637478106996,0.0
7eb58061_port_tight,520,B2,ours,heldout_swe_b16_l13_s7,8.476802265244123,8.476802265244123,0.0
7eb58061_port_tight,520,B2,ours,heldout_swe_b2_l13_s11,4.62349056296296,4.62349056296296,0.0
7eb58061_port_tight,520,B2,ours,heldout_swe_b4_l13_s11,8.476353706995885,8.476353706995885,0.0
7eb58061_port_tight,520,B2,ours,heldout_swe_b8_l13_s11,7.70583196159122,7.70583196159122,0.0
7eb58061_port_tight,520,B2,ours,heldout_swe_b16_l13_s11,10.788505502880659,10.788505502880659,0.0
7eb58061_port_tight,520,B2,ours,heldout_swe_b2_l26_s3,4.623494711111111,4.623494711111111,0.0
7eb58061_port_tight,520,B2,ours,heldout_swe_b4_l26_s3,7.705813259259259,7.705813259259259,0.0
7eb58061_port_tight,520,B2,ours,heldout_swe_b8_l26_s3,9.246999149245534,9.246999149245534,0.0
7eb58061_port_tight,520,B2,ours,heldout_swe_b16_l26_s3,10.788493398577451,10.788493398577451,0.0
7eb58061_port_tight,520,B2,ours,heldout_swe_b2_l26_s7,5.393946494924552,5.393946494924552,0.0
7eb58061_port_tight,520,B2,ours,heldout_swe_b4_l26_s7,6.935397288888886,6.935397288888886,0.0
7eb58061_port_tight,520,B2,ours,heldout_swe_b8_l26_s7,8.476373587197084,8.476373587197084,0.0
7eb58061_port_tight,520,B2,ours,heldout_swe_b16_l26_s7,9.247331862399017,9.247331862399017,0.0
7eb58061_port_tight,520,B2,ours,heldout_swe_b2_l26_s11,5.393946494924552,5.393946494924552,0.0
7eb58061_port_tight,520,B2,ours,heldout_swe_b4_l26_s11,10.017173466508611,10.017173466508611,0.0
7eb58061_port_tight,520,B2,ours,heldout_swe_b8_l26_s11,7.705977654320984,7.705977654320984,0.0
7eb58061_port_tight,520,B2,ours,heldout_swe_b16_l26_s11,11.559032864197526,11.559032864197526,0.0
7eb58061_port_tight,520,B2,ours,v3_captured_mixed_heldout_bfcl_t64_l2,25.430962859259246,25.430962859259246,0.0
7eb58061_port_tight,520,B2,ours,v3_captured_mixed_heldout_bfcl_t96_l2,26.203031733333237,26.203031733333237,0.0
7eb58061_port_tight,520,B2,ours,v3_captured_mixed_heldout_bfcl_t128_l2,27.7452189333332,27.7452189333332,0.0
7eb58061_port_tight,520,B2,ours,v3_captured_mixed_heldout_bfcl_t64_l13,23.119336281482518,23.119336281482518,0.0
7eb58061_port_tight,520,B2,ours,v3_captured_mixed_heldout_bfcl_t96_l13,26.203034622222255,26.203034622222255,0.0
7eb58061_port_tight,520,B2,ours,v3_captured_mixed_heldout_bfcl_t128_l13,26.982695733333447,26.982695733333447,0.0
7eb58061_port_tight,520,B2,ours,v3_captured_mixed_heldout_bfcl_t64_l26,24.660599866666555,24.660599866666555,0.0
7eb58061_port_tight,520,B2,ours,v3_captured_mixed_heldout_bfcl_t96_l26,26.97345762962951,26.97345762962951,0.0
7eb58061_port_tight,520,B2,ours,v3_captured_mixed_heldout_bfcl_t128_l26,27.745301600000012,27.745301600000012,0.0
7eb58061_port_tight,520,B2,ours,v3_captured_mixed_heldout_gpqa_t64_l2,26.20155672098775,26.20155672098775,0.0
7eb58061_port_tight,520,B2,ours,v3_captured_mixed_heldout_gpqa_t96_l2,26.973417999999977,26.973417999999977,0.0
7eb58061_port_tight,520,B2,ours,v3_captured_mixed_heldout_gpqa_t128_l2,27.74526093333328,27.74526093333328,0.0
7eb58061_port_tight,520,B2,ours,v3_captured_mixed_heldout_gpqa_t64_l13,23.119307555555586,23.119307555555586,0.0
7eb58061_port_tight,520,B2,ours,v3_captured_mixed_heldout_gpqa_t96_l13,25.432192637037097,25.432192637037097,0.0
7eb58061_port_tight,520,B2,ours,v3_captured_mixed_heldout_gpqa_t128_l13,26.204195733333272,26.204195733333272,0.0
7eb58061_port_tight,520,B2,ours,v3_captured_mixed_heldout_gpqa_t64_l26,26.20155669629623,26.20155669629623,0.0
7eb58061_port_tight,520,B2,ours,v3_captured_mixed_heldout_gpqa_t96_l26,26.973470000000074,26.973470000000074,0.0
7eb58061_port_tight,520,B2,ours,v3_captured_mixed_heldout_gpqa_t128_l26,27.74524893333344,27.74524893333344,0.0
7eb58061_port_tight,520,B2,ours,v3_captured_mixed_heldout_swe_t64_l2,25.430994317146773,25.430994317146773,0.0
7eb58061_port_tight,520,B2,ours,v3_captured_mixed_heldout_swe_t96_l2,26.973404962962835,26.973404962962835,0.0
7eb58061_port_tight,520,B2,ours,v3_captured_mixed_heldout_swe_t128_l2,27.745254933333396,27.745254933333396,0.0
7eb58061_port_tight,520,B2,ours,v3_captured_mixed_heldout_swe_t64_l13,21.578260083950617,21.578260083950617,0.0
7eb58061_port_tight,520,B2,ours,v3_captured_mixed_heldout_swe_t96_l13,24.66181282962963,24.66181282962963,0.0
7eb58061_port_tight,520,B2,ours,v3_captured_mixed_heldout_swe_t128_l13,26.974742987654185,26.974742987654185,0.0
7eb58061_port_tight,520,B2,ours,v3_captured_mixed_heldout_swe_t64_l26,24.660411703703794,24.660411703703794,0.0
7eb58061_port_tight,520,B2,ours,v3_captured_mixed_heldout_swe_t96_l26,25.432330799999878,25.432330799999878,0.0
7eb58061_port_tight,520,B2,ours,v3_captured_mixed_heldout_swe_t128_l26,27.74524293333341,27.74524293333341,0.0
7eb58061_port_tight,520,best_hetero,nominal,heldout_bfcl_b2_l2_s3,5.394011570370368,5.394011570370368,0.0
7eb58061_port_tight,520,best_hetero,nominal,heldout_bfcl_b4_l2_s3,7.705724024691356,7.705724024691356,0.0
7eb58061_port_tight,520,best_hetero,nominal,heldout_bfcl_b8_l2_s3,10.788025114677646,10.788025114677646,0.0
7eb58061_port_tight,520,best_hetero,nominal,heldout_bfcl_b16_l2_s3,13.870648969486378,13.870648969486378,0.0
7eb58061_port_tight,520,best_hetero,nominal,heldout_bfcl_b2_l2_s7,5.394011570370368,5.394011570370368,0.0
7eb58061_port_tight,520,best_hetero,nominal,heldout_bfcl_b4_l2_s7,8.476289838683124,8.476289838683124,0.0
7eb58061_port_tight,520,best_hetero,nominal,heldout_bfcl_b8_l2_s7,11.558657587562873,11.558657587562873,0.0
7eb58061_port_tight,520,best_hetero,nominal,heldout_bfcl_b16_l2_s7,17.723290356808725,17.723290356808725,0.0
7eb58061_port_tight,520,best_hetero,nominal,heldout_bfcl_b2_l2_s11,3.8529108888888897,3.8529108888888897,0.0
7eb58061_port_tight,520,best_hetero,nominal,heldout_bfcl_b4_l2_s11,8.476289838683124,8.476289838683124,0.0
7eb58061_port_tight,520,best_hetero,nominal,heldout_bfcl_b8_l2_s11,12.329118187562885,12.329118187562885,0.0
7eb58061_port_tight,520,best_hetero,nominal,heldout_bfcl_b16_l2_s11,20.034924773396476,20.034924773396476,0.0
7eb58061_port_tight,520,best_hetero,nominal,heldout_bfcl_b2_l13_s3,4.623440488888888,4.623440488888888,0.0
7eb58061_port_tight,520,best_hetero,nominal,heldout_bfcl_b4_l13_s3,9.246819438683124,9.246819438683124,0.0
7eb58061_port_tight,520,best_hetero,nominal,heldout_bfcl_b8_l13_s3,11.558547714677642,11.558547714677642,0.0
7eb58061_port_tight,520,best_hetero,nominal,heldout_bfcl_b16_l13_s3,15.411741001879811,15.411741001879811,0.0
7eb58061_port_tight,520,best_hetero,nominal,heldout_bfcl_b2_l13_s7,5.394011570370368,5.394011570370368,0.0
7eb58061_port_tight,520,best_hetero,nominal,heldout_bfcl_b4_l13_s7,8.476289838683124,8.476289838683124,0.0
7eb58061_port_tight,520,best_hetero,nominal,heldout_bfcl_b8_l13_s7,12.329187187562873,12.329187187562873,0.0
7eb58061_port_tight,520,best_hetero,nominal,heldout_bfcl_b16_l13_s7,15.411741001879786,15.411741001879786,0.0
7eb58061_port_tight,520,best_hetero,nominal,heldout_bfcl_b2_l13_s11,3.852788666666669,3.852788666666669,0.0
7eb58061_port_tight,520,best_hetero,nominal,heldout_bfcl_b4_l13_s11,8.47617762469136,8.47617762469136,0.0
7eb58061_port_tight,520,best_hetero,nominal,heldout_bfcl_b8_l13_s11,10.78802511467765,10.78802511467765,0.0
7eb58061_port_tight,520,best_hetero,nominal,heldout_bfcl_b16_l13_s11,18.49384832676142,18.49384832676142,0.0
7eb58061_port_tight,520,best_hetero,nominal,heldout_bfcl_b2_l26_s3,5.393894088888891,5.393894088888891,0.0
7eb58061_port_tight,520,best_hetero,nominal,heldout_bfcl_b4_l26_s3,9.246819438683124,9.246819438683124,0.0
7eb58061_port_tight,520,best_hetero,nominal,heldout_bfcl_b8_l26_s3,12.329109187562874,12.329109187562874,0.0
7eb58061_port_tight,520,best_hetero,nominal,heldout_bfcl_b16_l26_s3,17.723376726761405,17.723376726761405,0.0
7eb58061_port_tight,520,best_hetero,nominal,heldout_bfcl_b2_l26_s7,4.623440488888888,4.623440488888888,0.0
7eb58061_port_tight,520,best_hetero,nominal,heldout_bfcl_b4_l26_s7,9.246819438683124,9.246819438683124,0.0
7eb58061_port_tight,520,best_hetero,nominal,heldout_bfcl_b8_l26_s7,13.099748036153008,13.099748036153008,0.0
7eb58061_port_tight,520,best_hetero,nominal,heldout_bfcl_b16_l26_s7,16.182291156808763,16.182291156808763,0.0
7eb58061_port_tight,520,best_hetero,nominal,heldout_bfcl_b2_l26_s11,3.8529108888888897,3.8529108888888897,0.0
7eb58061_port_tight,520,best_hetero,nominal,heldout_bfcl_b4_l26_s11,8.476289838683124,8.476289838683124,0.0
7eb58061_port_tight,520,best_hetero,nominal,heldout_bfcl_b8_l26_s11,13.09964078756289,13.09964078756289,0.0
7eb58061_port_tight,520,best_hetero,nominal,heldout_bfcl_b16_l26_s11,18.493906326761405,18.493906326761405,0.0
7eb58061_port_tight,520,best_hetero,nominal,heldout_gpqa_b2_l2_s3,5.393894088888891,5.393894088888891,0.0
7eb58061_port_tight,520,best_hetero,nominal,heldout_gpqa_b4_l2_s3,6.93519442469136,6.93519442469136,0.0
7eb58061_port_tight,520,best_hetero,nominal,heldout_gpqa_b8_l2_s3,9.24693710534979,9.24693710534979,0.0
7eb58061_port_tight,520,best_hetero,nominal,heldout_gpqa_b16_l2_s3,10.788463448010985,10.788463448010985,0.0
7eb58061_port_tight,520,best_hetero,nominal,heldout_gpqa_b2_l2_s7,5.394011570370368,5.394011570370368,0.0
7eb58061_port_tight,520,best_hetero,nominal,heldout_gpqa_b4_l2_s7,9.246819438683124,9.246819438683124,0.0
7eb58061_port_tight,520,best_hetero,nominal,heldout_gpqa_b8_l2_s7,13.099742036153009,13.099742036153009,0.0
7eb58061_port_tight,520,best_hetero,nominal,heldout_gpqa_b16_l2_s7,18.49383332676137,18.49383332676137,0.0
7eb58061_port_tight,520,best_hetero,nominal,heldout_gpqa_b2_l2_s11,4.6233644888888925,4.6233644888888925,0.0
7eb58061_port_tight,520,best_hetero,nominal,heldout_gpqa_b4_l2_s11,9.246743438683128,9.246743438683128,0.0
7eb58061_port_tight,520,best_hetero,nominal,heldout_gpqa_b8_l2_s11,14.640834068546443,14.640834068546443,0.0
7eb58061_port_tight,520,best_hetero,nominal,heldout_gpqa_b16_l2_s11,19.2644581733965,19.2644581733965,0.0
7eb58061_port_tight,520,best_hetero,nominal,heldout_gpqa_b2_l13_s3,5.393894088888891,5.393894088888891,0.0
7eb58061_port_tight,520,best_hetero,nominal,heldout_gpqa_b4_l13_s3,7.705650024691361,7.705650024691361,0.0
7eb58061_port_tight,520,best_hetero,nominal,heldout_gpqa_b8_l13_s3,10.78809411467763,10.78809411467763,0.0
7eb58061_port_tight,520,best_hetero,nominal,heldout_gpqa_b16_l13_s3,12.329651981344284,12.329651981344284,0.0
7eb58061_port_tight,520,best_hetero,nominal,heldout_gpqa_b2_l13_s7,5.393894088888891,5.393894088888891,0.0
7eb58061_port_tight,520,best_hetero,nominal,heldout_gpqa_b4_l13_s7,9.246743438683128,9.246743438683128,0.0
7eb58061_port_tight,520,best_hetero,nominal,heldout_gpqa_b8_l13_s7,13.870195636153,13.870195636153,0.0
7eb58061_port_tight,520,best_hetero,nominal,heldout_gpqa_b16_l13_s7,16.952820756808737,16.952820756808737,0.0
7eb58061_port_tight,520,best_hetero,nominal,heldout_gpqa_b2_l13_s11,3.852788666666669,3.852788666666669,0.0
7eb58061_port_tight,520,best_hetero,nominal,heldout_gpqa_b4_l13_s11,9.246819438683124,9.246819438683124,0.0
7eb58061_port_tight,520,best_hetero,nominal,heldout_gpqa_b8_l13_s11,11.558655587562862,11.558655587562862,0.0
7eb58061_port_tight,520,best_hetero,nominal,heldout_gpqa_b16_l13_s11,17.72327435680872,17.72327435680872,0.0
7eb58061_port_tight,520,best_hetero,nominal,heldout_gpqa_b2_l26_s3,5.394011570370368,5.394011570370368,0.0
7eb58061_port_tight,520,best_hetero,nominal,heldout_gpqa_b4_l26_s3,6.935080103703707,6.935080103703707,0.0
7eb58061_port_tight,520,best_hetero,nominal,heldout_gpqa_b8_l26_s3,10.017453705349793,10.017453705349793,0.0
7eb58061_port_tight,520,best_hetero,nominal,heldout_gpqa_b16_l26_s3,13.10015812089622,13.10015812089622,0.0
7eb58061_port_tight,520,best_hetero,nominal,heldout_gpqa_b2_l26_s7,5.394011570370368,5.394011570370368,0.0
7eb58061_port_tight,520,best_hetero,nominal,heldout_gpqa_b4_l26_s7,9.246743438683128,9.246743438683128,0.0
7eb58061_port_tight,520,best_hetero,nominal,heldout_gpqa_b8_l26_s7,13.099742036153012,13.099742036153012,0.0
7eb58061_port_tight,520,best_hetero,nominal,heldout_gpqa_b16_l26_s7,17.723398726761424,17.723398726761424,0.0
7eb58061_port_tight,520,best_hetero,nominal,heldout_gpqa_b2_l26_s11,5.393894088888891,5.393894088888891,0.0
7eb58061_port_tight,520,best_hetero,nominal,heldout_gpqa_b4_l26_s11,10.017273038683127,10.017273038683127,0.0
7eb58061_port_tight,520,best_hetero,nominal,heldout_gpqa_b8_l26_s11,13.099742036153009,13.099742036153009,0.0
7eb58061_port_tight,520,best_hetero,nominal,heldout_gpqa_b16_l26_s11,19.264468173396452,19.264468173396452,0.0
7eb58061_port_tight,520,best_hetero,nominal,heldout_swe_b2_l2_s3,5.393894088888891,5.393894088888891,0.0
7eb58061_port_tight,520,best_hetero,nominal,heldout_swe_b4_l2_s3,6.164552503703707,6.164552503703707,0.0
7eb58061_port_tight,520,best_hetero,nominal,heldout_swe_b8_l2_s3,6.93528877037037,6.93528877037037,0.0
7eb58061_port_tight,520,best_hetero,nominal,heldout_swe_b16_l2_s3,7.7063737777777765,7.7063737777777765,0.0
7eb58061_port_tight,520,best_hetero,nominal,heldout_swe_b2_l2_s7,5.393894088888891,5.393894088888891,0.0
7eb58061_port_tight,520,best_hetero,nominal,heldout_swe_b4_l2_s7,6.935082103703707,6.935082103703707,0.0
7eb58061_port_tight,520,best_hetero,nominal,heldout_swe_b8_l2_s7,6.935391091358023,6.935391091358023,0.0
7eb58061_port_tight,520,best_hetero,nominal,heldout_swe_b16_l2_s7,9.247293438683126,9.247293438683126,0.0
7eb58061_port_tight,520,best_hetero,nominal,heldout_swe_b2_l2_s11,5.393894088888891,5.393894088888891,0.0
7eb58061_port_tight,520,best_hetero,nominal,heldout_swe_b4_l2_s11,8.47617762469136,8.47617762469136,0.0
7eb58061_port_tight,520,best_hetero,nominal,heldout_swe_b8_l2_s11,7.705841691358028,7.705841691358028,0.0
7eb58061_port_tight,520,best_hetero,nominal,heldout_swe_b16_l2_s11,10.788471448010965,10.788471448010965,0.0
7eb58061_port_tight,520,best_hetero,nominal,heldout_swe_b2_l13_s3,5.394011570370368,5.394011570370368,0.0
7eb58061_port_tight,520,best_hetero,nominal,heldout_swe_b4_l13_s3,7.705648024691356,7.705648024691356,0.0
7eb58061_port_tight,520,best_hetero,nominal,heldout_swe_b8_l13_s3,7.705917691358026,7.705917691358026,0.0
7eb58061_port_tight,520,best_hetero,nominal,heldout_swe_b16_l13_s3,8.476739624691367,8.476739624691367,0.0
7eb58061_port_tight,520,best_hetero,nominal,heldout_swe_b2_l13_s7,5.394011570370368,5.394011570370368,0.0
7eb58061_port_tight,520,best_hetero,nominal,heldout_swe_b4_l13_s7,8.47617762469136,8.47617762469136,0.0
7eb58061_port_tight,520,best_hetero,nominal,heldout_swe_b8_l13_s7,8.476365291358023,8.476365291358023,0.0
7eb58061_port_tight,520,best_hetero,nominal,heldout_swe_b16_l13_s7,8.47684783868313,8.47684783868313,0.0
7eb58061_port_tight,520,best_hetero,nominal,heldout_swe_b2_l13_s11,4.623440488888888,4.623440488888888,0.0
7eb58061_port_tight,520,best_hetero,nominal,heldout_swe_b4_l13_s11,8.476289838683124,8.476289838683124,0.0
7eb58061_port_tight,520,best_hetero,nominal,heldout_swe_b8_l13_s11,7.705838691358024,7.705838691358024,0.0
7eb58061_port_tight,520,best_hetero,nominal,heldout_swe_b16_l13_s11,10.788451448010981,10.788451448010981,0.0
7eb58061_port_tight,520,best_hetero,nominal,heldout_swe_b2_l26_s3,4.623440488888888,4.623440488888888,0.0
7eb58061_port_tight,520,best_hetero,nominal,heldout_swe_b4_l26_s3,7.705648024691361,7.705648024691361,0.0
7eb58061_port_tight,520,best_hetero,nominal,heldout_swe_b8_l26_s3,9.246937105349799,9.246937105349799,0.0
7eb58061_port_tight,520,best_hetero,nominal,heldout_swe_b16_l26_s3,10.788448448010985,10.788448448010985,0.0
7eb58061_port_tight,520,best_hetero,nominal,heldout_swe_b2_l26_s7,5.394011570370368,5.394011570370368,0.0
7eb58061_port_tight,520,best_hetero,nominal,heldout_swe_b4_l26_s7,6.935194424691357,6.935194424691357,0.0
7eb58061_port_tight,520,best_hetero,nominal,heldout_swe_b8_l26_s7,8.476480505349796,8.476480505349796,0.0
7eb58061_port_tight,520,best_hetero,nominal,heldout_swe_b16_l26_s7,9.247313438683136,9.247313438683136,0.0
7eb58061_port_tight,520,best_hetero,nominal,heldout_swe_b2_l26_s11,5.394011570370368,5.394011570370368,0.0
7eb58061_port_tight,520,best_hetero,nominal,heldout_swe_b4_l26_s11,10.017273038683127,10.017273038683127,0.0
7eb58061_port_tight,520,best_hetero,nominal,heldout_swe_b8_l26_s11,7.705856691358024,7.705856691358024,0.0
7eb58061_port_tight,520,best_hetero,nominal,heldout_swe_b16_l26_s11,11.559071572016457,11.559071572016457,0.0
7eb58061_port_tight,520,best_hetero,nominal,v3_captured_mixed_heldout_bfcl_t64_l2,24.660928494924498,24.660928494924498,0.0
7eb58061_port_tight,520,best_hetero,nominal,v3_captured_mixed_heldout_bfcl_t96_l2,26.203314327179122,26.203314327179122,0.0
7eb58061_port_tight,520,best_hetero,nominal,v3_captured_mixed_heldout_bfcl_t128_l2,26.975319741502815,26.975319741502815,0.0
7eb58061_port_tight,520,best_hetero,nominal,v3_captured_mixed_heldout_bfcl_t64_l13,22.34889684743561,22.34889684743561,0.0
7eb58061_port_tight,520,best_hetero,nominal,v3_captured_mixed_heldout_bfcl_t96_l13,25.432550580768762,25.432550580768762,0.0
7eb58061_port_tight,520,best_hetero,nominal,v3_captured_mixed_heldout_bfcl_t128_l13,26.20435951410216,26.20435951410216,0.0
7eb58061_port_tight,520,best_hetero,nominal,v3_captured_mixed_heldout_bfcl_t64_l26,23.890036120512573,23.890036120512573,0.0
7eb58061_port_tight,520,best_hetero,nominal,v3_captured_mixed_heldout_bfcl_t96_l26,26.203296573396546,26.203296573396546,0.0
7eb58061_port_tight,520,best_hetero,nominal,v3_captured_mixed_heldout_bfcl_t128_l26,28.516008435897273,28.516008435897273,0.0
7eb58061_port_tight,520,best_hetero,nominal,v3_captured_mixed_heldout_gpqa_t64_l2,25.431133320512515,25.431133320512515,0.0
7eb58061_port_tight,520,best_hetero,nominal,v3_captured_mixed_heldout_gpqa_t96_l2,26.973597853845913,26.973597853845913,0.0
7eb58061_port_tight,520,best_hetero,nominal,v3_captured_mixed_heldout_gpqa_t128_l2,28.51593379342801,28.51593379342801,0.0
7eb58061_port_tight,520,best_hetero,nominal,v3_captured_mixed_heldout_gpqa_t64_l13,22.349011906729835,22.349011906729835,0.0
7eb58061_port_tight,520,best_hetero,nominal,v3_captured_mixed_heldout_gpqa_t96_l13,24.66188887115321,24.66188887115321,0.0
7eb58061_port_tight,520,best_hetero,nominal,v3_captured_mixed_heldout_gpqa_t128_l13,27.745426787179213,27.745426787179213,0.0
7eb58061_port_tight,520,best_hetero,nominal,v3_captured_mixed_heldout_gpqa_t64_l26,25.43111532051256,25.43111532051256,0.0
7eb58061_port_tight,520,best_hetero,nominal,v3_captured_mixed_heldout_gpqa_t96_l26,26.20319086215861,26.20319086215861,0.0
7eb58061_port_tight,520,best_hetero,nominal,v3_captured_mixed_heldout_gpqa_t128_l26,29.286560035897303,29.286560035897303,0.0
7eb58061_port_tight,520,best_hetero,nominal,v3_captured_mixed_heldout_swe_t64_l2,25.43107532051252,25.43107532051252,0.0
7eb58061_port_tight,520,best_hetero,nominal,v3_captured_mixed_heldout_swe_t96_l2,26.20325669713172,26.20325669713172,0.0
7eb58061_port_tight,520,best_hetero,nominal,v3_captured_mixed_heldout_swe_t128_l2,29.28656603589722,29.28656603589722,0.0
7eb58061_port_tight,520,best_hetero,nominal,v3_captured_mixed_heldout_swe_t64_l13,20.807907757435306,20.807907757435306,0.0
7eb58061_port_tight,520,best_hetero,nominal,v3_captured_mixed_heldout_swe_t96_l13,23.891385453845867,23.891385453845867,0.0
7eb58061_port_tight,520,best_hetero,nominal,v3_captured_mixed_heldout_swe_t128_l13,26.974895181676086,26.974895181676086,0.0
7eb58061_port_tight,520,best_hetero,nominal,v3_captured_mixed_heldout_swe_t64_l26,23.890006047435435,23.890006047435435,0.0
7eb58061_port_tight,520,best_hetero,nominal,v3_captured_mixed_heldout_swe_t96_l26,24.662005053845824,24.662005053845824,0.0
7eb58061_port_tight,520,best_hetero,nominal,v3_captured_mixed_heldout_swe_t128_l26,28.51619669794236,28.51619669794236,0.0
7eb58061_port_tight,520,best_hetero,ours,heldout_bfcl_b2_l2_s3,5.3938812,5.3938812,0.0
7eb58061_port_tight,520,best_hetero,ours,heldout_bfcl_b4_l2_s3,7.705555333333326,7.705555333333326,0.0
7eb58061_port_tight,520,best_hetero,ours,heldout_bfcl_b8_l2_s3,10.787785400000002,10.787785400000002,0.0
7eb58061_port_tight,520,best_hetero,ours,heldout_bfcl_b16_l2_s3,13.870342133333299,13.870342133333299,0.0
7eb58061_port_tight,520,best_hetero,ours,heldout_bfcl_b2_l2_s7,5.3938812,5.3938812,0.0
7eb58061_port_tight,520,best_hetero,ours,heldout_bfcl_b4_l2_s7,8.476084933333324,8.476084933333324,0.0
7eb58061_port_tight,520,best_hetero,ours,heldout_bfcl_b8_l2_s7,11.558383999999972,11.558383999999972,0.0
7eb58061_port_tight,520,best_hetero,ours,heldout_bfcl_b16_l2_s7,17.72291813333333,17.72291813333333,0.0
7eb58061_port_tight,520,best_hetero,ours,heldout_bfcl_b2_l2_s11,3.8528220000000024,3.8528220000000024,0.0
7eb58061_port_tight,520,best_hetero,ours,heldout_bfcl_b4_l2_s11,8.476084933333324,8.476084933333324,0.0
7eb58061_port_tight,520,best_hetero,ours,heldout_bfcl_b8_l2_s11,12.328844599999975,12.328844599999975,0.0
7eb58061_port_tight,520,best_hetero,ours,heldout_bfcl_b16_l2_s11,20.03448793333328,20.03448793333328,0.0
7eb58061_port_tight,520,best_hetero,ours,heldout_bfcl_b2_l13_s3,4.6233516,4.6233516,0.0
7eb58061_port_tight,520,best_hetero,ours,heldout_bfcl_b4_l13_s3,9.24661453333332,9.24661453333332,0.0
7eb58061_port_tight,520,best_hetero,ours,heldout_bfcl_b8_l13_s3,11.558308000000002,11.558308000000002,0.0
7eb58061_port_tight,520,best_hetero,ours,heldout_bfcl_b16_l13_s3,15.411401333333316,15.411401333333316,0.0
7eb58061_port_tight,520,best_hetero,ours,heldout_bfcl_b2_l13_s7,5.3938812,5.3938812,0.0
7eb58061_port_tight,520,best_hetero,ours,heldout_bfcl_b4_l13_s7,8.476084933333324,8.476084933333324,0.0
7eb58061_port_tight,520,best_hetero,ours,heldout_bfcl_b8_l13_s7,12.328913600000003,12.328913600000003,0.0
7eb58061_port_tight,520,best_hetero,ours,heldout_bfcl_b16_l13_s7,15.411401333333318,15.411401333333318,0.0
7eb58061_port_tight,520,best_hetero,ours,heldout_bfcl_b2_l13_s11,3.8527460000000007,3.8527460000000007,0.0
7eb58061_port_tight,520,best_hetero,ours,heldout_bfcl_b4_l13_s11,8.476008933333326,8.476008933333326,0.0
7eb58061_port_tight,520,best_hetero,ours,heldout_bfcl_b8_l13_s11,10.787785399999981,10.787785399999981,0.0
7eb58061_port_tight,520,best_hetero,ours,heldout_bfcl_b16_l13_s11,18.49344373333333,18.49344373333333,0.0
7eb58061_port_tight,520,best_hetero,ours,heldout_bfcl_b2_l26_s3,5.393805200000002,5.393805200000002,0.0
7eb58061_port_tight,520,best_hetero,ours,heldout_bfcl_b4_l26_s3,9.24661453333332,9.24661453333332,0.0
7eb58061_port_tight,520,best_hetero,ours,heldout_bfcl_b8_l26_s3,12.328835599999971,12.328835599999971,0.0
7eb58061_port_tight,520,best_hetero,ours,heldout_bfcl_b16_l26_s3,17.722972133333275,17.722972133333275,0.0
7eb58061_port_tight,520,best_hetero,ours,heldout_bfcl_b2_l26_s7,4.623351600000001,4.623351600000001,0.0
7eb58061_port_tight,520,best_hetero,ours,heldout_bfcl_b4_l26_s7,9.24661453333332,9.24661453333332,0.0
7eb58061_port_tight,520,best_hetero,ours,heldout_bfcl_b8_l26_s7,13.099441200000003,13.099441200000003,0.0
7eb58061_port_tight,520,best_hetero,ours,heldout_bfcl_b16_l26_s7,16.18191893333329,16.18191893333329,0.0
7eb58061_port_tight,520,best_hetero,ours,heldout_bfcl_b2_l26_s11,3.8528220000000024,3.8528220000000024,0.0
7eb58061_port_tight,520,best_hetero,ours,heldout_bfcl_b4_l26_s11,8.476084933333324,8.476084933333324,0.0
7eb58061_port_tight,520,best_hetero,ours,heldout_bfcl_b8_l26_s11,13.09936719999997,13.09936719999997,0.0
7eb58061_port_tight,520,best_hetero,ours,heldout_bfcl_b16_l26_s11,18.49350173333328,18.49350173333328,0.0
7eb58061_port_tight,520,best_hetero,ours,heldout_gpqa_b2_l2_s3,5.393805200000002,5.393805200000002,0.0
7eb58061_port_tight,520,best_hetero,ours,heldout_gpqa_b4_l2_s3,6.93502573333333,6.93502573333333,0.0
7eb58061_port_tight,520,best_hetero,ours,heldout_gpqa_b8_l2_s3,9.246732200000004,9.246732200000004,0.0
7eb58061_port_tight,520,best_hetero,ours,heldout_gpqa_b16_l2_s3,11.558673333333328,11.558673333333328,0.0
7eb58061_port_tight,520,best_hetero,ours,heldout_gpqa_b2_l2_s7,5.3938812,5.3938812,0.0
7eb58061_port_tight,520,best_hetero,ours,heldout_gpqa_b4_l2_s7,9.24661453333332,9.24661453333332,0.0
7eb58061_port_tight,520,best_hetero,ours,heldout_gpqa_b8_l2_s7,13.099435199999967,13.099435199999967,0.0
7eb58061_port_tight,520,best_hetero,ours,heldout_gpqa_b16_l2_s7,18.493428733333328,18.493428733333328,0.0
7eb58061_port_tight,520,best_hetero,ours,heldout_gpqa_b2_l2_s11,4.623275600000002,4.623275600000002,0.0
7eb58061_port_tight,520,best_hetero,ours,heldout_gpqa_b4_l2_s11,9.246538533333323,9.246538533333323,0.0
7eb58061_port_tight,520,best_hetero,ours,heldout_gpqa_b8_l2_s11,14.640494399999959,14.640494399999959,0.0
7eb58061_port_tight,520,best_hetero,ours,heldout_gpqa_b16_l2_s11,19.264021333333286,19.264021333333286,0.0
7eb58061_port_tight,520,best_hetero,ours,heldout_gpqa_b2_l13_s3,5.393805200000002,5.393805200000002,0.0
7eb58061_port_tight,520,best_hetero,ours,heldout_gpqa_b4_l13_s3,7.70548133333333,7.70548133333333,0.0
7eb58061_port_tight,520,best_hetero,ours,heldout_gpqa_b8_l13_s3,10.787854400000002,10.787854400000002,0.0
7eb58061_port_tight,520,best_hetero,ours,heldout_gpqa_b16_l13_s3,12.329358933333305,12.329358933333305,0.0
7eb58061_port_tight,520,best_hetero,ours,heldout_gpqa_b2_l13_s7,5.393805200000002,5.393805200000002,0.0
7eb58061_port_tight,520,best_hetero,ours,heldout_gpqa_b4_l13_s7,9.246538533333322,9.246538533333322,0.0
7eb58061_port_tight,520,best_hetero,ours,heldout_gpqa_b8_l13_s7,13.869888800000002,13.869888800000002,0.0
7eb58061_port_tight,520,best_hetero,ours,heldout_gpqa_b16_l13_s7,16.952448533333285,16.952448533333285,0.0
7eb58061_port_tight,520,best_hetero,ours,heldout_gpqa_b2_l13_s11,3.8527460000000016,3.8527460000000016,0.0
7eb58061_port_tight,520,best_hetero,ours,heldout_gpqa_b4_l13_s11,9.24661453333332,9.24661453333332,0.0
7eb58061_port_tight,520,best_hetero,ours,heldout_gpqa_b8_l13_s11,11.558382000000012,11.558382000000012,0.0
7eb58061_port_tight,520,best_hetero,ours,heldout_gpqa_b16_l13_s11,17.722902133333328,17.722902133333328,0.0
7eb58061_port_tight,520,best_hetero,ours,heldout_gpqa_b2_l26_s3,5.3938812,5.3938812,0.0
7eb58061_port_tight,520,best_hetero,ours,heldout_gpqa_b4_l26_s3,6.934949733333331,6.934949733333331,0.0
7eb58061_port_tight,520,best_hetero,ours,heldout_gpqa_b8_l26_s3,10.017248799999988,10.017248799999988,0.0
7eb58061_port_tight,520,best_hetero,ours,heldout_gpqa_b16_l26_s3,13.870262133333332,13.870262133333332,0.0
7eb58061_port_tight,520,best_hetero,ours,heldout_gpqa_b2_l26_s7,5.3938812,5.3938812,0.0
7eb58061_port_tight,520,best_hetero,ours,heldout_gpqa_b4_l26_s7,9.246538533333322,9.246538533333322,0.0
7eb58061_port_tight,520,best_hetero,ours,heldout_gpqa_b8_l26_s7,13.099435199999968,13.099435199999968,0.0
7eb58061_port_tight,520,best_hetero,ours,heldout_gpqa_b16_l26_s7,17.722994133333287,17.722994133333287,0.0
7eb58061_port_tight,520,best_hetero,ours,heldout_gpqa_b2_l26_s11,5.393805200000002,5.393805200000002,0.0
7eb58061_port_tight,520,best_hetero,ours,heldout_gpqa_b4_l26_s11,10.017068133333318,10.017068133333318,0.0
7eb58061_port_tight,520,best_hetero,ours,heldout_gpqa_b8_l26_s11,13.099435200000013,13.099435200000013,0.0
7eb58061_port_tight,520,best_hetero,ours,heldout_gpqa_b16_l26_s11,19.264031333333293,19.264031333333293,0.0
7eb58061_port_tight,520,best_hetero,ours,heldout_swe_b2_l2_s3,5.393805200000002,5.393805200000002,0.0
7eb58061_port_tight,520,best_hetero,ours,heldout_swe_b4_l2_s3,6.164422133333334,6.164422133333334,0.0
7eb58061_port_tight,520,best_hetero,ours,heldout_swe_b8_l2_s3,6.935158399999995,6.935158399999995,0.0
7eb58061_port_tight,520,best_hetero,ours,heldout_swe_b16_l2_s3,7.706195999999994,7.706195999999994,0.0
7eb58061_port_tight,520,best_hetero,ours,heldout_swe_b2_l2_s7,5.393805200000003,5.393805200000003,0.0
7eb58061_port_tight,520,best_hetero,ours,heldout_swe_b4_l2_s7,6.934951733333331,6.934951733333331,0.0
7eb58061_port_tight,520,best_hetero,ours,heldout_swe_b8_l2_s7,6.9352223999999945,6.9352223999999945,0.0
7eb58061_port_tight,520,best_hetero,ours,heldout_swe_b16_l2_s7,8.476638933333327,8.476638933333327,0.0
7eb58061_port_tight,520,best_hetero,ours,heldout_swe_b2_l2_s11,5.393805200000002,5.393805200000002,0.0
7eb58061_port_tight,520,best_hetero,ours,heldout_swe_b4_l2_s11,8.476008933333326,8.476008933333326,0.0
7eb58061_port_tight,520,best_hetero,ours,heldout_swe_b8_l2_s11,7.7056729999999956,7.7056729999999956,0.0
7eb58061_port_tight,520,best_hetero,ours,heldout_swe_b16_l2_s11,11.558681333333329,11.558681333333329,0.0
7eb58061_port_tight,520,best_hetero,ours,heldout_swe_b2_l13_s3,5.3938812,5.3938812,0.0
7eb58061_port_tight,520,best_hetero,ours,heldout_swe_b4_l13_s3,7.705479333333329,7.705479333333329,0.0
7eb58061_port_tight,520,best_hetero,ours,heldout_swe_b8_l13_s3,7.7057490000000035,7.7057490000000035,0.0
7eb58061_port_tight,520,best_hetero,ours,heldout_swe_b16_l13_s3,8.476570933333326,8.476570933333326,0.0
7eb58061_port_tight,520,best_hetero,ours,heldout_swe_b2_l13_s7,5.3938812,5.3938812,0.0
7eb58061_port_tight,520,best_hetero,ours,heldout_swe_b4_l13_s7,8.476008933333326,8.476008933333326,0.0
7eb58061_port_tight,520,best_hetero,ours,heldout_swe_b8_l13_s7,8.476196599999993,8.476196599999993,0.0
7eb58061_port_tight,520,best_hetero,ours,heldout_swe_b16_l13_s7,8.476642933333334,8.476642933333334,0.0
7eb58061_port_tight,520,best_hetero,ours,heldout_swe_b2_l13_s11,4.623351600000001,4.623351600000001,0.0
7eb58061_port_tight,520,best_hetero,ours,heldout_swe_b4_l13_s11,8.476084933333324,8.476084933333324,0.0
7eb58061_port_tight,520,best_hetero,ours,heldout_swe_b8_l13_s11,7.705669999999997,7.705669999999997,0.0
7eb58061_port_tight,520,best_hetero,ours,heldout_swe_b16_l13_s11,10.788211733333311,10.788211733333311,0.0
7eb58061_port_tight,520,best_hetero,ours,heldout_swe_b2_l26_s3,4.623351600000001,4.623351600000001,0.0
7eb58061_port_tight,520,best_hetero,ours,heldout_swe_b4_l26_s3,7.705479333333329,7.705479333333329,0.0
7eb58061_port_tight,520,best_hetero,ours,heldout_swe_b8_l26_s3,9.246732199999997,9.246732199999997,0.0
7eb58061_port_tight,520,best_hetero,ours,heldout_swe_b16_l26_s3,10.788208733333363,10.788208733333363,0.0
7eb58061_port_tight,520,best_hetero,ours,heldout_swe_b2_l26_s7,5.3938812,5.3938812,0.0
7eb58061_port_tight,520,best_hetero,ours,heldout_swe_b4_l26_s7,6.935025733333328,6.935025733333328,0.0
7eb58061_port_tight,520,best_hetero,ours,heldout_swe_b8_l26_s7,8.476275599999992,8.476275599999992,0.0
7eb58061_port_tight,520,best_hetero,ours,heldout_swe_b16_l26_s7,9.247108533333321,9.247108533333321,0.0
7eb58061_port_tight,520,best_hetero,ours,heldout_swe_b2_l26_s11,5.3938812,5.3938812,0.0
7eb58061_port_tight,520,best_hetero,ours,heldout_swe_b4_l26_s11,10.017068133333318,10.017068133333318,0.0
7eb58061_port_tight,520,best_hetero,ours,heldout_swe_b8_l26_s11,7.705688000000004,7.705688000000004,0.0
7eb58061_port_tight,520,best_hetero,ours,heldout_swe_b16_l26_s11,11.558824000000017,11.558824000000017,0.0
7eb58061_port_tight,520,best_hetero,ours,v3_captured_mixed_heldout_bfcl_t64_l2,24.66029519999999,24.66029519999999,0.0
7eb58061_port_tight,520,best_hetero,ours,v3_captured_mixed_heldout_bfcl_t96_l2,26.202811733333238,26.202811733333238,0.0
7eb58061_port_tight,520,best_hetero,ours,v3_captured_mixed_heldout_bfcl_t128_l2,27.74492160000006,27.74492160000006,0.0
7eb58061_port_tight,520,best_hetero,ours,v3_captured_mixed_heldout_bfcl_t64_l13,22.348395731972666,22.348395731972666,0.0
7eb58061_port_tight,520,best_hetero,ours,v3_captured_mixed_heldout_bfcl_t96_l13,26.202699066666653,26.202699066666653,0.0
7eb58061_port_tight,520,best_hetero,ours,v3_captured_mixed_heldout_bfcl_t128_l13,26.974380000000014,26.974380000000014,0.0
7eb58061_port_tight,520,best_hetero,ours,v3_captured_mixed_heldout_bfcl_t64_l26,23.889502931972668,23.889502931972668,0.0
7eb58061_port_tight,520,best_hetero,ours,v3_captured_mixed_heldout_bfcl_t96_l26,26.973496,26.973496,0.0
7eb58061_port_tight,520,best_hetero,ours,v3_captured_mixed_heldout_bfcl_t128_l26,26.97439999999997,26.97439999999997,0.0
7eb58061_port_tight,520,best_hetero,ours,v3_captured_mixed_heldout_gpqa_t64_l2,25.430600131972668,25.430600131972668,0.0
7eb58061_port_tight,520,best_hetero,ours,v3_captured_mixed_heldout_gpqa_t96_l2,26.97306466666663,26.97306466666663,0.0
7eb58061_port_tight,520,best_hetero,ours,v3_captured_mixed_heldout_gpqa_t128_l2,28.515494152380946,28.515494152380946,0.0
7eb58061_port_tight,520,best_hetero,ours,v3_captured_mixed_heldout_gpqa_t64_l13,22.348449731972664,22.348449731972664,0.0
7eb58061_port_tight,520,best_hetero,ours,v3_captured_mixed_heldout_gpqa_t96_l13,24.661419866666645,24.661419866666645,0.0
7eb58061_port_tight,520,best_hetero,ours,v3_captured_mixed_heldout_gpqa_t128_l13,30.056458400000015,30.056458400000015,0.0
7eb58061_port_tight,520,best_hetero,ours,v3_captured_mixed_heldout_gpqa_t64_l26,25.430582133333296,25.430582133333296,0.0
7eb58061_port_tight,520,best_hetero,ours,v3_captured_mixed_heldout_gpqa_t96_l26,26.973052666666742,26.973052666666742,0.0
7eb58061_port_tight,520,best_hetero,ours,v3_captured_mixed_heldout_gpqa_t128_l26,30.82703799999997,30.82703799999997,0.0
7eb58061_port_tight,520,best_hetero,ours,v3_captured_mixed_heldout_swe_t64_l2,25.430542133333336,25.430542133333336,0.0
7eb58061_port_tight,520,best_hetero,ours,v3_captured_mixed_heldout_swe_t96_l2,26.202804399999998,26.202804399999998,0.0
7eb58061_port_tight,520,best_hetero,ours,v3_captured_mixed_heldout_swe_t128_l2,29.286145752380936,29.286145752380936,0.0
7eb58061_port_tight,520,best_hetero,ours,v3_captured_mixed_heldout_swe_t64_l13,20.807489866666668,20.807489866666668,0.0
7eb58061_port_tight,520,best_hetero,ours,v3_captured_mixed_heldout_swe_t96_l13,26.97309022222232,26.97309022222232,0.0
7eb58061_port_tight,520,best_hetero,ours,v3_captured_mixed_heldout_swe_t128_l13,28.515550155959385,28.515550155959385,0.0
7eb58061_port_tight,520,best_hetero,ours,v3_captured_mixed_heldout_swe_t64_l26,23.889504933333377,23.889504933333377,0.0
7eb58061_port_tight,520,best_hetero,ours,v3_captured_mixed_heldout_swe_t96_l26,24.66147186523881,24.66147186523881,0.0
7eb58061_port_tight,520,best_hetero,ours,v3_captured_mixed_heldout_swe_t128_l26,30.0565104,30.0565104,0.0
