window_id,design,onchip_mode,dispatch,hbm_MiB,hbm_MiB_milp,extra_pct,refetch_tasks
heldout_bfcl_b2_l2_s3,B0,pipelined,eft_old,231.0,231.0,0.0,0
heldout_bfcl_b4_l2_s3,B0,pipelined,eft_old,330.0,330.0,0.0,0
heldout_bfcl_b8_l2_s3,B0,pipelined,eft_old,478.5,478.5,0.0,1
heldout_bfcl_b16_l2_s3,B0,pipelined,eft_old,759.0,759.0,0.0,7
heldout_bfcl_b2_l2_s7,B0,pipelined,eft_old,231.0,231.0,0.0,0
heldout_bfcl_b4_l2_s7,B0,pipelined,eft_old,363.0,363.0,0.0,0
heldout_bfcl_b8_l2_s7,B0,pipelined,eft_old,528.0,528.0,0.0,1
heldout_bfcl_b16_l2_s7,B0,pipelined,eft_old,841.5,841.5,0.0,3
heldout_bfcl_b2_l2_s11,B0,pipelined,eft_old,165.0,165.0,0.0,0
heldout_bfcl_b4_l2_s11,B0,pipelined,eft_old,363.0,363.0,0.0,0
heldout_bfcl_b8_l2_s11,B0,pipelined,eft_old,544.5,544.5,0.0,1
heldout_bfcl_b16_l2_s11,B0,pipelined,eft_old,907.5,907.5,0.0,1
heldout_bfcl_b2_l13_s3,B0,pipelined,eft_old,198.0,198.0,0.0,0
heldout_bfcl_b4_l13_s3,B0,pipelined,eft_old,396.0,396.0,0.0,0
heldout_bfcl_b8_l13_s3,B0,pipelined,eft_old,511.5,511.5,0.0,1
heldout_bfcl_b16_l13_s3,B0,pipelined,eft_old,775.5,775.5,0.0,4
heldout_bfcl_b2_l13_s7,B0,pipelined,eft_old,231.0,231.0,0.0,0
heldout_bfcl_b4_l13_s7,B0,pipelined,eft_old,363.0,363.0,0.0,0
heldout_bfcl_b8_l13_s7,B0,pipelined,eft_old,561.0,561.0,0.0,1
heldout_bfcl_b16_l13_s7,B0,pipelined,eft_old,775.5,775.5,0.0,4
heldout_bfcl_b2_l13_s11,B0,pipelined,eft_old,148.5,148.5,0.0,0
heldout_bfcl_b4_l13_s11,B0,pipelined,eft_old,346.5,346.5,0.0,0
heldout_bfcl_b8_l13_s11,B0,pipelined,eft_old,478.5,478.5,0.0,1
heldout_bfcl_b16_l13_s11,B0,pipelined,eft_old,858.0,858.0,0.0,2
heldout_bfcl_b2_l26_s3,B0,pipelined,eft_old,214.5,214.5,0.0,0
heldout_bfcl_b4_l26_s3,B0,pipelined,eft_old,396.0,396.0,0.0,0
heldout_bfcl_b8_l26_s3,B0,pipelined,eft_old,544.5,544.5,0.0,1
heldout_bfcl_b16_l26_s3,B0,pipelined,eft_old,891.0,891.0,0.0,5
heldout_bfcl_b2_l26_s7,B0,pipelined,eft_old,198.0,198.0,0.0,0
heldout_bfcl_b4_l26_s7,B0,pipelined,eft_old,396.0,396.0,0.0,0
heldout_bfcl_b8_l26_s7,B0,pipelined,eft_old,594.0,594.0,0.0,1
heldout_bfcl_b16_l26_s7,B0,pipelined,eft_old,759.0,759.0,0.0,1
heldout_bfcl_b2_l26_s11,B0,pipelined,eft_old,165.0,165.0,0.0,0
heldout_bfcl_b4_l26_s11,B0,pipelined,eft_old,363.0,363.0,0.0,0
heldout_bfcl_b8_l26_s11,B0,pipelined,eft_old,577.5,577.5,0.0,1
heldout_bfcl_b16_l26_s11,B0,pipelined,eft_old,858.0,858.0,0.0,1
heldout_gpqa_b2_l2_s3,B0,pipelined,eft_old,214.5,214.5,0.0,0
heldout_gpqa_b4_l2_s3,B0,pipelined,eft_old,297.0,297.0,0.0,0
heldout_gpqa_b8_l2_s3,B0,pipelined,eft_old,429.0,429.0,0.0,2
heldout_gpqa_b16_l2_s3,B0,pipelined,eft_old,643.5,643.5,0.0,7
heldout_gpqa_b2_l2_s7,B0,pipelined,eft_old,231.0,231.0,0.0,0
heldout_gpqa_b4_l2_s7,B0,pipelined,eft_old,396.0,396.0,0.0,0
heldout_gpqa_b8_l2_s7,B0,pipelined,eft_old,594.0,594.0,0.0,1
heldout_gpqa_b16_l2_s7,B0,pipelined,eft_old,858.0,858.0,0.0,2
heldout_gpqa_b2_l2_s11,B0,pipelined,eft_old,181.5,181.5,0.0,0
heldout_gpqa_b4_l2_s11,B0,pipelined,eft_old,379.5,379.5,0.0,0
heldout_gpqa_b8_l2_s11,B0,pipelined,eft_old,660.0,660.0,0.0,1
heldout_gpqa_b16_l2_s11,B0,pipelined,eft_old,907.5,907.5,0.0,2
heldout_gpqa_b2_l13_s3,B0,pipelined,eft_old,214.5,214.5,0.0,0
heldout_gpqa_b4_l13_s3,B0,pipelined,eft_old,313.5,313.5,0.0,0
heldout_gpqa_b8_l13_s3,B0,pipelined,eft_old,495.0,495.0,0.0,1
heldout_gpqa_b16_l13_s3,B0,pipelined,eft_old,660.0,660.0,0.0,5
heldout_gpqa_b2_l13_s7,B0,pipelined,eft_old,214.5,214.5,0.0,0
heldout_gpqa_b4_l13_s7,B0,pipelined,eft_old,379.5,379.5,0.0,0
heldout_gpqa_b8_l13_s7,B0,pipelined,eft_old,610.5,610.5,0.0,1
heldout_gpqa_b16_l13_s7,B0,pipelined,eft_old,825.0,825.0,0.0,3
heldout_gpqa_b2_l13_s11,B0,pipelined,eft_old,148.5,148.5,0.0,0
heldout_gpqa_b4_l13_s11,B0,pipelined,eft_old,396.0,396.0,0.0,0
heldout_gpqa_b8_l13_s11,B0,pipelined,eft_old,528.0,528.0,0.0,1
heldout_gpqa_b16_l13_s11,B0,pipelined,eft_old,808.5,808.5,0.0,1
heldout_gpqa_b2_l26_s3,B0,pipelined,eft_old,231.0,231.0,0.0,0
heldout_gpqa_b4_l26_s3,B0,pipelined,eft_old,280.5,280.5,0.0,0
heldout_gpqa_b8_l26_s3,B0,pipelined,eft_old,445.5,445.5,0.0,1
heldout_gpqa_b16_l26_s3,B0,pipelined,eft_old,709.5,709.5,0.0,6
heldout_gpqa_b2_l26_s7,B0,pipelined,eft_old,231.0,231.0,0.0,0
heldout_gpqa_b4_l26_s7,B0,pipelined,eft_old,379.5,379.5,0.0,0
heldout_gpqa_b8_l26_s7,B0,pipelined,eft_old,594.0,594.0,0.0,1
heldout_gpqa_b16_l26_s7,B0,pipelined,eft_old,874.5,874.5,0.0,4
heldout_gpqa_b2_l26_s11,B0,pipelined,eft_old,214.5,214.5,0.0,0
heldout_gpqa_b4_l26_s11,B0,pipelined,eft_old,412.5,412.5,0.0,0
heldout_gpqa_b8_l26_s11,B0,pipelined,eft_old,594.0,594.0,0.0,1
heldout_gpqa_b16_l26_s11,B0,pipelined,eft_old,891.0,891.0,0.0,1
heldout_swe_b2_l2_s3,B0,pipelined,eft_old,214.5,214.5,0.0,0
heldout_swe_b4_l2_s3,B0,pipelined,eft_old,247.5,247.5,0.0,0
heldout_swe_b8_l2_s3,B0,pipelined,eft_old,313.5,313.5,0.0,1
heldout_swe_b16_l2_s3,B0,pipelined,eft_old,495.0,495.0,0.0,7
heldout_swe_b2_l2_s7,B0,pipelined,eft_old,214.5,214.5,0.0,0
heldout_swe_b4_l2_s7,B0,pipelined,eft_old,280.5,280.5,0.0,0
heldout_swe_b8_l2_s7,B0,pipelined,eft_old,346.5,346.5,0.0,2
heldout_swe_b16_l2_s7,B0,pipelined,eft_old,528.0,528.0,0.0,7
heldout_swe_b2_l2_s11,B0,pipelined,eft_old,214.5,214.5,0.0,0
heldout_swe_b4_l2_s11,B0,pipelined,eft_old,346.5,346.5,0.0,0
heldout_swe_b8_l2_s11,B0,pipelined,eft_old,363.0,363.0,0.0,2
heldout_swe_b16_l2_s11,B0,pipelined,eft_old,610.5,610.5,0.0,6
heldout_swe_b2_l13_s3,B0,pipelined,eft_old,231.0,231.0,0.0,0
heldout_swe_b4_l13_s3,B0,pipelined,eft_old,313.5,313.5,0.0,0
heldout_swe_b8_l13_s3,B0,pipelined,eft_old,363.0,363.0,0.0,1
heldout_swe_b16_l13_s3,B0,pipelined,eft_old,511.5,511.5,0.0,7
heldout_swe_b2_l13_s7,B0,pipelined,eft_old,231.0,231.0,0.0,0
heldout_swe_b4_l13_s7,B0,pipelined,eft_old,346.5,346.5,0.0,0
heldout_swe_b8_l13_s7,B0,pipelined,eft_old,396.0,396.0,0.0,2
heldout_swe_b16_l13_s7,B0,pipelined,eft_old,528.0,528.0,0.0,7
heldout_swe_b2_l13_s11,B0,pipelined,eft_old,198.0,198.0,0.0,0
heldout_swe_b4_l13_s11,B0,pipelined,eft_old,363.0,363.0,0.0,0
heldout_swe_b8_l13_s11,B0,pipelined,eft_old,363.0,363.0,0.0,2
heldout_swe_b16_l13_s11,B0,pipelined,eft_old,610.5,610.5,0.0,6
heldout_swe_b2_l26_s3,B0,pipelined,eft_old,198.0,198.0,0.0,0
heldout_swe_b4_l26_s3,B0,pipelined,eft_old,313.5,313.5,0.0,0
heldout_swe_b8_l26_s3,B0,pipelined,eft_old,445.5,445.5,0.0,3
heldout_swe_b16_l26_s3,B0,pipelined,eft_old,627.0,627.0,0.0,7
heldout_swe_b2_l26_s7,B0,pipelined,eft_old,231.0,231.0,0.0,0
heldout_swe_b4_l26_s7,B0,pipelined,eft_old,297.0,297.0,0.0,0
heldout_swe_b8_l26_s7,B0,pipelined,eft_old,396.0,396.0,0.0,1
heldout_swe_b16_l26_s7,B0,pipelined,eft_old,544.5,544.5,0.0,7
heldout_swe_b2_l26_s11,B0,pipelined,eft_old,231.0,231.0,0.0,0
heldout_swe_b4_l26_s11,B0,pipelined,eft_old,412.5,412.5,0.0,0
heldout_swe_b8_l26_s11,B0,pipelined,eft_old,346.5,346.5,0.0,1
heldout_swe_b16_l26_s11,B0,pipelined,eft_old,660.0,660.0,0.0,7
v3_captured_mixed_heldout_bfcl_t64_l2,B0,pipelined,eft_old,1897.5,1897.5,0.0,23
v3_captured_mixed_heldout_bfcl_t96_l2,B0,pipelined,eft_old,2557.5,2557.5,0.0,31
v3_captured_mixed_heldout_bfcl_t128_l2,B0,pipelined,eft_old,3316.5,3316.5,0.0,42
v3_captured_mixed_heldout_bfcl_t64_l13,B0,pipelined,eft_old,1881.0,1881.0,0.0,19
v3_captured_mixed_heldout_bfcl_t96_l13,B0,pipelined,eft_old,2607.0,2607.0,0.0,29
v3_captured_mixed_heldout_bfcl_t128_l13,B0,pipelined,eft_old,3283.5,3283.5,0.0,38
v3_captured_mixed_heldout_bfcl_t64_l26,B0,pipelined,eft_old,1864.5,1864.5,0.0,26
v3_captured_mixed_heldout_bfcl_t96_l26,B0,pipelined,eft_old,2607.0,2607.0,0.0,39
v3_captured_mixed_heldout_bfcl_t128_l26,B0,pipelined,eft_old,3267.0,3267.0,0.0,44
v3_captured_mixed_heldout_gpqa_t64_l2,B0,pipelined,eft_old,1881.0,1881.0,0.0,28
v3_captured_mixed_heldout_gpqa_t96_l2,B0,pipelined,eft_old,2541.0,2541.0,0.0,46
v3_captured_mixed_heldout_gpqa_t128_l2,B0,pipelined,eft_old,3333.0,3333.0,0.0,59
v3_captured_mixed_heldout_gpqa_t64_l13,B0,pipelined,eft_old,1782.0,1782.0,0.0,26
v3_captured_mixed_heldout_gpqa_t96_l13,B0,pipelined,eft_old,2574.0,2574.0,0.0,42
v3_captured_mixed_heldout_gpqa_t128_l13,B0,pipelined,eft_old,3267.0,3267.0,0.0,48
v3_captured_mixed_heldout_gpqa_t64_l26,B0,pipelined,eft_old,1881.0,1881.0,0.0,29
v3_captured_mixed_heldout_gpqa_t96_l26,B0,pipelined,eft_old,2623.5,2623.5,0.0,47
v3_captured_mixed_heldout_gpqa_t128_l26,B0,pipelined,eft_old,3250.5,3250.5,0.0,53
v3_captured_mixed_heldout_swe_t64_l2,B0,pipelined,eft_old,1881.0,1881.0,0.0,24
v3_captured_mixed_heldout_swe_t96_l2,B0,pipelined,eft_old,2607.0,2607.0,0.0,41
v3_captured_mixed_heldout_swe_t128_l2,B0,pipelined,eft_old,3366.0,3366.0,0.0,54
v3_captured_mixed_heldout_swe_t64_l13,B0,pipelined,eft_old,1798.5,1798.5,0.0,19
v3_captured_mixed_heldout_swe_t96_l13,B0,pipelined,eft_old,2623.5,2623.5,0.0,31
v3_captured_mixed_heldout_swe_t128_l13,B0,pipelined,eft_old,3349.5,3349.5,0.0,41
v3_captured_mixed_heldout_swe_t64_l26,B0,pipelined,eft_old,1881.0,1881.0,0.0,27
v3_captured_mixed_heldout_swe_t96_l26,B0,pipelined,eft_old,2656.5,2656.5,0.0,45
v3_captured_mixed_heldout_swe_t128_l26,B0,pipelined,eft_old,3283.5,3283.5,0.0,52
heldout_bfcl_b2_l2_s3,B0,pipelined,fixed,231.0,231.0,0.0,0
heldout_bfcl_b4_l2_s3,B0,pipelined,fixed,330.0,330.0,0.0,0
heldout_bfcl_b8_l2_s3,B0,pipelined,fixed,478.5,478.5,0.0,1
heldout_bfcl_b16_l2_s3,B0,pipelined,fixed,759.0,759.0,0.0,7
heldout_bfcl_b2_l2_s7,B0,pipelined,fixed,231.0,231.0,0.0,0
heldout_bfcl_b4_l2_s7,B0,pipelined,fixed,363.0,363.0,0.0,0
heldout_bfcl_b8_l2_s7,B0,pipelined,fixed,528.0,528.0,0.0,1
heldout_bfcl_b16_l2_s7,B0,pipelined,fixed,841.5,841.5,0.0,3
heldout_bfcl_b2_l2_s11,B0,pipelined,fixed,165.0,165.0,0.0,0
heldout_bfcl_b4_l2_s11,B0,pipelined,fixed,363.0,363.0,0.0,0
heldout_bfcl_b8_l2_s11,B0,pipelined,fixed,544.5,544.5,0.0,1
heldout_bfcl_b16_l2_s11,B0,pipelined,fixed,907.5,907.5,0.0,1
heldout_bfcl_b2_l13_s3,B0,pipelined,fixed,198.0,198.0,0.0,0
heldout_bfcl_b4_l13_s3,B0,pipelined,fixed,396.0,396.0,0.0,0
heldout_bfcl_b8_l13_s3,B0,pipelined,fixed,511.5,511.5,0.0,1
heldout_bfcl_b16_l13_s3,B0,pipelined,fixed,775.5,775.5,0.0,4
heldout_bfcl_b2_l13_s7,B0,pipelined,fixed,231.0,231.0,0.0,0
heldout_bfcl_b4_l13_s7,B0,pipelined,fixed,363.0,363.0,0.0,0
heldout_bfcl_b8_l13_s7,B0,pipelined,fixed,561.0,561.0,0.0,1
heldout_bfcl_b16_l13_s7,B0,pipelined,fixed,775.5,775.5,0.0,4
heldout_bfcl_b2_l13_s11,B0,pipelined,fixed,148.5,148.5,0.0,0
heldout_bfcl_b4_l13_s11,B0,pipelined,fixed,346.5,346.5,0.0,0
heldout_bfcl_b8_l13_s11,B0,pipelined,fixed,478.5,478.5,0.0,1
heldout_bfcl_b16_l13_s11,B0,pipelined,fixed,858.0,858.0,0.0,2
heldout_bfcl_b2_l26_s3,B0,pipelined,fixed,214.5,214.5,0.0,0
heldout_bfcl_b4_l26_s3,B0,pipelined,fixed,396.0,396.0,0.0,0
heldout_bfcl_b8_l26_s3,B0,pipelined,fixed,544.5,544.5,0.0,1
heldout_bfcl_b16_l26_s3,B0,pipelined,fixed,891.0,891.0,0.0,5
heldout_bfcl_b2_l26_s7,B0,pipelined,fixed,198.0,198.0,0.0,0
heldout_bfcl_b4_l26_s7,B0,pipelined,fixed,396.0,396.0,0.0,0
heldout_bfcl_b8_l26_s7,B0,pipelined,fixed,594.0,594.0,0.0,1
heldout_bfcl_b16_l26_s7,B0,pipelined,fixed,759.0,759.0,0.0,1
heldout_bfcl_b2_l26_s11,B0,pipelined,fixed,165.0,165.0,0.0,0
heldout_bfcl_b4_l26_s11,B0,pipelined,fixed,363.0,363.0,0.0,0
heldout_bfcl_b8_l26_s11,B0,pipelined,fixed,577.5,577.5,0.0,1
heldout_bfcl_b16_l26_s11,B0,pipelined,fixed,858.0,858.0,0.0,1
heldout_gpqa_b2_l2_s3,B0,pipelined,fixed,214.5,214.5,0.0,0
heldout_gpqa_b4_l2_s3,B0,pipelined,fixed,297.0,297.0,0.0,0
heldout_gpqa_b8_l2_s3,B0,pipelined,fixed,429.0,429.0,0.0,2
heldout_gpqa_b16_l2_s3,B0,pipelined,fixed,643.5,643.5,0.0,7
heldout_gpqa_b2_l2_s7,B0,pipelined,fixed,231.0,231.0,0.0,0
heldout_gpqa_b4_l2_s7,B0,pipelined,fixed,396.0,396.0,0.0,0
heldout_gpqa_b8_l2_s7,B0,pipelined,fixed,594.0,594.0,0.0,1
heldout_gpqa_b16_l2_s7,B0,pipelined,fixed,858.0,858.0,0.0,2
heldout_gpqa_b2_l2_s11,B0,pipelined,fixed,181.5,181.5,0.0,0
heldout_gpqa_b4_l2_s11,B0,pipelined,fixed,379.5,379.5,0.0,0
heldout_gpqa_b8_l2_s11,B0,pipelined,fixed,660.0,660.0,0.0,1
heldout_gpqa_b16_l2_s11,B0,pipelined,fixed,907.5,907.5,0.0,2
heldout_gpqa_b2_l13_s3,B0,pipelined,fixed,214.5,214.5,0.0,0
heldout_gpqa_b4_l13_s3,B0,pipelined,fixed,313.5,313.5,0.0,0
heldout_gpqa_b8_l13_s3,B0,pipelined,fixed,495.0,495.0,0.0,1
heldout_gpqa_b16_l13_s3,B0,pipelined,fixed,660.0,660.0,0.0,5
heldout_gpqa_b2_l13_s7,B0,pipelined,fixed,214.5,214.5,0.0,0
heldout_gpqa_b4_l13_s7,B0,pipelined,fixed,379.5,379.5,0.0,0
heldout_gpqa_b8_l13_s7,B0,pipelined,fixed,610.5,610.5,0.0,1
heldout_gpqa_b16_l13_s7,B0,pipelined,fixed,825.0,825.0,0.0,3
heldout_gpqa_b2_l13_s11,B0,pipelined,fixed,148.5,148.5,0.0,0
heldout_gpqa_b4_l13_s11,B0,pipelined,fixed,396.0,396.0,0.0,0
heldout_gpqa_b8_l13_s11,B0,pipelined,fixed,528.0,528.0,0.0,1
heldout_gpqa_b16_l13_s11,B0,pipelined,fixed,808.5,808.5,0.0,1
heldout_gpqa_b2_l26_s3,B0,pipelined,fixed,231.0,231.0,0.0,0
heldout_gpqa_b4_l26_s3,B0,pipelined,fixed,280.5,280.5,0.0,0
heldout_gpqa_b8_l26_s3,B0,pipelined,fixed,445.5,445.5,0.0,1
heldout_gpqa_b16_l26_s3,B0,pipelined,fixed,709.5,709.5,0.0,6
heldout_gpqa_b2_l26_s7,B0,pipelined,fixed,231.0,231.0,0.0,0
heldout_gpqa_b4_l26_s7,B0,pipelined,fixed,379.5,379.5,0.0,0
heldout_gpqa_b8_l26_s7,B0,pipelined,fixed,594.0,594.0,0.0,1
heldout_gpqa_b16_l26_s7,B0,pipelined,fixed,874.5,874.5,0.0,4
heldout_gpqa_b2_l26_s11,B0,pipelined,fixed,214.5,214.5,0.0,0
heldout_gpqa_b4_l26_s11,B0,pipelined,fixed,412.5,412.5,0.0,0
heldout_gpqa_b8_l26_s11,B0,pipelined,fixed,594.0,594.0,0.0,1
heldout_gpqa_b16_l26_s11,B0,pipelined,fixed,891.0,891.0,0.0,1
heldout_swe_b2_l2_s3,B0,pipelined,fixed,214.5,214.5,0.0,0
heldout_swe_b4_l2_s3,B0,pipelined,fixed,247.5,247.5,0.0,0
heldout_swe_b8_l2_s3,B0,pipelined,fixed,313.5,313.5,0.0,1
heldout_swe_b16_l2_s3,B0,pipelined,fixed,495.0,495.0,0.0,7
heldout_swe_b2_l2_s7,B0,pipelined,fixed,214.5,214.5,0.0,0
heldout_swe_b4_l2_s7,B0,pipelined,fixed,280.5,280.5,0.0,0
heldout_swe_b8_l2_s7,B0,pipelined,fixed,346.5,346.5,0.0,2
heldout_swe_b16_l2_s7,B0,pipelined,fixed,528.0,528.0,0.0,7
heldout_swe_b2_l2_s11,B0,pipelined,fixed,214.5,214.5,0.0,0
heldout_swe_b4_l2_s11,B0,pipelined,fixed,346.5,346.5,0.0,0
heldout_swe_b8_l2_s11,B0,pipelined,fixed,363.0,363.0,0.0,2
heldout_swe_b16_l2_s11,B0,pipelined,fixed,610.5,610.5,0.0,6
heldout_swe_b2_l13_s3,B0,pipelined,fixed,231.0,231.0,0.0,0
heldout_swe_b4_l13_s3,B0,pipelined,fixed,313.5,313.5,0.0,0
heldout_swe_b8_l13_s3,B0,pipelined,fixed,363.0,363.0,0.0,1
heldout_swe_b16_l13_s3,B0,pipelined,fixed,511.5,511.5,0.0,7
heldout_swe_b2_l13_s7,B0,pipelined,fixed,231.0,231.0,0.0,0
heldout_swe_b4_l13_s7,B0,pipelined,fixed,346.5,346.5,0.0,0
heldout_swe_b8_l13_s7,B0,pipelined,fixed,396.0,396.0,0.0,2
heldout_swe_b16_l13_s7,B0,pipelined,fixed,528.0,528.0,0.0,7
heldout_swe_b2_l13_s11,B0,pipelined,fixed,198.0,198.0,0.0,0
heldout_swe_b4_l13_s11,B0,pipelined,fixed,363.0,363.0,0.0,0
heldout_swe_b8_l13_s11,B0,pipelined,fixed,363.0,363.0,0.0,2
heldout_swe_b16_l13_s11,B0,pipelined,fixed,610.5,610.5,0.0,6
heldout_swe_b2_l26_s3,B0,pipelined,fixed,198.0,198.0,0.0,0
heldout_swe_b4_l26_s3,B0,pipelined,fixed,313.5,313.5,0.0,0
heldout_swe_b8_l26_s3,B0,pipelined,fixed,445.5,445.5,0.0,3
heldout_swe_b16_l26_s3,B0,pipelined,fixed,627.0,627.0,0.0,7
heldout_swe_b2_l26_s7,B0,pipelined,fixed,231.0,231.0,0.0,0
heldout_swe_b4_l26_s7,B0,pipelined,fixed,297.0,297.0,0.0,0
heldout_swe_b8_l26_s7,B0,pipelined,fixed,396.0,396.0,0.0,1
heldout_swe_b16_l26_s7,B0,pipelined,fixed,544.5,544.5,0.0,7
heldout_swe_b2_l26_s11,B0,pipelined,fixed,231.0,231.0,0.0,0
heldout_swe_b4_l26_s11,B0,pipelined,fixed,412.5,412.5,0.0,0
heldout_swe_b8_l26_s11,B0,pipelined,fixed,346.5,346.5,0.0,1
heldout_swe_b16_l26_s11,B0,pipelined,fixed,660.0,660.0,0.0,7
v3_captured_mixed_heldout_bfcl_t64_l2,B0,pipelined,fixed,1897.5,1897.5,0.0,23
v3_captured_mixed_heldout_bfcl_t96_l2,B0,pipelined,fixed,2557.5,2557.5,0.0,31
v3_captured_mixed_heldout_bfcl_t128_l2,B0,pipelined,fixed,3316.5,3316.5,0.0,42
v3_captured_mixed_heldout_bfcl_t64_l13,B0,pipelined,fixed,1881.0,1881.0,0.0,19
v3_captured_mixed_heldout_bfcl_t96_l13,B0,pipelined,fixed,2607.0,2607.0,0.0,29
v3_captured_mixed_heldout_bfcl_t128_l13,B0,pipelined,fixed,3283.5,3283.5,0.0,38
v3_captured_mixed_heldout_bfcl_t64_l26,B0,pipelined,fixed,1864.5,1864.5,0.0,26
v3_captured_mixed_heldout_bfcl_t96_l26,B0,pipelined,fixed,2607.0,2607.0,0.0,39
v3_captured_mixed_heldout_bfcl_t128_l26,B0,pipelined,fixed,3267.0,3267.0,0.0,44
v3_captured_mixed_heldout_gpqa_t64_l2,B0,pipelined,fixed,1881.0,1881.0,0.0,28
v3_captured_mixed_heldout_gpqa_t96_l2,B0,pipelined,fixed,2541.0,2541.0,0.0,46
v3_captured_mixed_heldout_gpqa_t128_l2,B0,pipelined,fixed,3333.0,3333.0,0.0,59
v3_captured_mixed_heldout_gpqa_t64_l13,B0,pipelined,fixed,1782.0,1782.0,0.0,26
v3_captured_mixed_heldout_gpqa_t96_l13,B0,pipelined,fixed,2574.0,2574.0,0.0,42
v3_captured_mixed_heldout_gpqa_t128_l13,B0,pipelined,fixed,3267.0,3267.0,0.0,48
v3_captured_mixed_heldout_gpqa_t64_l26,B0,pipelined,fixed,1881.0,1881.0,0.0,29
v3_captured_mixed_heldout_gpqa_t96_l26,B0,pipelined,fixed,2623.5,2623.5,0.0,47
v3_captured_mixed_heldout_gpqa_t128_l26,B0,pipelined,fixed,3250.5,3250.5,0.0,53
v3_captured_mixed_heldout_swe_t64_l2,B0,pipelined,fixed,1881.0,1881.0,0.0,24
v3_captured_mixed_heldout_swe_t96_l2,B0,pipelined,fixed,2607.0,2607.0,0.0,41
v3_captured_mixed_heldout_swe_t128_l2,B0,pipelined,fixed,3366.0,3366.0,0.0,54
v3_captured_mixed_heldout_swe_t64_l13,B0,pipelined,fixed,1798.5,1798.5,0.0,19
v3_captured_mixed_heldout_swe_t96_l13,B0,pipelined,fixed,2623.5,2623.5,0.0,31
v3_captured_mixed_heldout_swe_t128_l13,B0,pipelined,fixed,3349.5,3349.5,0.0,41
v3_captured_mixed_heldout_swe_t64_l26,B0,pipelined,fixed,1881.0,1881.0,0.0,27
v3_captured_mixed_heldout_swe_t96_l26,B0,pipelined,fixed,2656.5,2656.5,0.0,45
v3_captured_mixed_heldout_swe_t128_l26,B0,pipelined,fixed,3283.5,3283.5,0.0,52
heldout_bfcl_b2_l2_s3,B0,pipelined,milp,231.0,231.0,0.0,0
heldout_bfcl_b4_l2_s3,B0,pipelined,milp,330.0,330.0,0.0,0
heldout_bfcl_b8_l2_s3,B0,pipelined,milp,478.5,478.5,0.0,1
heldout_bfcl_b16_l2_s3,B0,pipelined,milp,759.0,759.0,0.0,7
heldout_bfcl_b2_l2_s7,B0,pipelined,milp,231.0,231.0,0.0,0
heldout_bfcl_b4_l2_s7,B0,pipelined,milp,363.0,363.0,0.0,0
heldout_bfcl_b8_l2_s7,B0,pipelined,milp,528.0,528.0,0.0,1
heldout_bfcl_b16_l2_s7,B0,pipelined,milp,841.5,841.5,0.0,3
heldout_bfcl_b2_l2_s11,B0,pipelined,milp,165.0,165.0,0.0,0
heldout_bfcl_b4_l2_s11,B0,pipelined,milp,363.0,363.0,0.0,0
heldout_bfcl_b8_l2_s11,B0,pipelined,milp,544.5,544.5,0.0,1
heldout_bfcl_b16_l2_s11,B0,pipelined,milp,907.5,907.5,0.0,1
heldout_bfcl_b2_l13_s3,B0,pipelined,milp,198.0,198.0,0.0,0
heldout_bfcl_b4_l13_s3,B0,pipelined,milp,396.0,396.0,0.0,0
heldout_bfcl_b8_l13_s3,B0,pipelined,milp,511.5,511.5,0.0,1
heldout_bfcl_b16_l13_s3,B0,pipelined,milp,775.5,775.5,0.0,4
heldout_bfcl_b2_l13_s7,B0,pipelined,milp,231.0,231.0,0.0,0
heldout_bfcl_b4_l13_s7,B0,pipelined,milp,363.0,363.0,0.0,0
heldout_bfcl_b8_l13_s7,B0,pipelined,milp,561.0,561.0,0.0,1
heldout_bfcl_b16_l13_s7,B0,pipelined,milp,775.5,775.5,0.0,4
heldout_bfcl_b2_l13_s11,B0,pipelined,milp,148.5,148.5,0.0,0
heldout_bfcl_b4_l13_s11,B0,pipelined,milp,346.5,346.5,0.0,0
heldout_bfcl_b8_l13_s11,B0,pipelined,milp,478.5,478.5,0.0,1
heldout_bfcl_b16_l13_s11,B0,pipelined,milp,858.0,858.0,0.0,2
heldout_bfcl_b2_l26_s3,B0,pipelined,milp,214.5,214.5,0.0,0
heldout_bfcl_b4_l26_s3,B0,pipelined,milp,396.0,396.0,0.0,0
heldout_bfcl_b8_l26_s3,B0,pipelined,milp,544.5,544.5,0.0,1
heldout_bfcl_b16_l26_s3,B0,pipelined,milp,891.0,891.0,0.0,5
heldout_bfcl_b2_l26_s7,B0,pipelined,milp,198.0,198.0,0.0,0
heldout_bfcl_b4_l26_s7,B0,pipelined,milp,396.0,396.0,0.0,0
heldout_bfcl_b8_l26_s7,B0,pipelined,milp,594.0,594.0,0.0,1
heldout_bfcl_b16_l26_s7,B0,pipelined,milp,759.0,759.0,0.0,1
heldout_bfcl_b2_l26_s11,B0,pipelined,milp,165.0,165.0,0.0,0
heldout_bfcl_b4_l26_s11,B0,pipelined,milp,363.0,363.0,0.0,0
heldout_bfcl_b8_l26_s11,B0,pipelined,milp,577.5,577.5,0.0,1
heldout_bfcl_b16_l26_s11,B0,pipelined,milp,858.0,858.0,0.0,1
heldout_gpqa_b2_l2_s3,B0,pipelined,milp,214.5,214.5,0.0,0
heldout_gpqa_b4_l2_s3,B0,pipelined,milp,297.0,297.0,0.0,0
heldout_gpqa_b8_l2_s3,B0,pipelined,milp,429.0,429.0,0.0,2
heldout_gpqa_b16_l2_s3,B0,pipelined,milp,643.5,643.5,0.0,7
heldout_gpqa_b2_l2_s7,B0,pipelined,milp,231.0,231.0,0.0,0
heldout_gpqa_b4_l2_s7,B0,pipelined,milp,396.0,396.0,0.0,0
heldout_gpqa_b8_l2_s7,B0,pipelined,milp,594.0,594.0,0.0,1
heldout_gpqa_b16_l2_s7,B0,pipelined,milp,858.0,858.0,0.0,2
heldout_gpqa_b2_l2_s11,B0,pipelined,milp,181.5,181.5,0.0,0
heldout_gpqa_b4_l2_s11,B0,pipelined,milp,379.5,379.5,0.0,0
heldout_gpqa_b8_l2_s11,B0,pipelined,milp,660.0,660.0,0.0,1
heldout_gpqa_b16_l2_s11,B0,pipelined,milp,907.5,907.5,0.0,2
heldout_gpqa_b2_l13_s3,B0,pipelined,milp,214.5,214.5,0.0,0
heldout_gpqa_b4_l13_s3,B0,pipelined,milp,313.5,313.5,0.0,0
heldout_gpqa_b8_l13_s3,B0,pipelined,milp,495.0,495.0,0.0,1
heldout_gpqa_b16_l13_s3,B0,pipelined,milp,660.0,660.0,0.0,5
heldout_gpqa_b2_l13_s7,B0,pipelined,milp,214.5,214.5,0.0,0
heldout_gpqa_b4_l13_s7,B0,pipelined,milp,379.5,379.5,0.0,0
heldout_gpqa_b8_l13_s7,B0,pipelined,milp,610.5,610.5,0.0,1
heldout_gpqa_b16_l13_s7,B0,pipelined,milp,825.0,825.0,0.0,3
heldout_gpqa_b2_l13_s11,B0,pipelined,milp,148.5,148.5,0.0,0
heldout_gpqa_b4_l13_s11,B0,pipelined,milp,396.0,396.0,0.0,0
heldout_gpqa_b8_l13_s11,B0,pipelined,milp,528.0,528.0,0.0,1
heldout_gpqa_b16_l13_s11,B0,pipelined,milp,808.5,808.5,0.0,1
heldout_gpqa_b2_l26_s3,B0,pipelined,milp,231.0,231.0,0.0,0
heldout_gpqa_b4_l26_s3,B0,pipelined,milp,280.5,280.5,0.0,0
heldout_gpqa_b8_l26_s3,B0,pipelined,milp,445.5,445.5,0.0,1
heldout_gpqa_b16_l26_s3,B0,pipelined,milp,709.5,709.5,0.0,6
heldout_gpqa_b2_l26_s7,B0,pipelined,milp,231.0,231.0,0.0,0
heldout_gpqa_b4_l26_s7,B0,pipelined,milp,379.5,379.5,0.0,0
heldout_gpqa_b8_l26_s7,B0,pipelined,milp,594.0,594.0,0.0,1
heldout_gpqa_b16_l26_s7,B0,pipelined,milp,874.5,874.5,0.0,4
heldout_gpqa_b2_l26_s11,B0,pipelined,milp,214.5,214.5,0.0,0
heldout_gpqa_b4_l26_s11,B0,pipelined,milp,412.5,412.5,0.0,0
heldout_gpqa_b8_l26_s11,B0,pipelined,milp,594.0,594.0,0.0,1
heldout_gpqa_b16_l26_s11,B0,pipelined,milp,891.0,891.0,0.0,1
heldout_swe_b2_l2_s3,B0,pipelined,milp,214.5,214.5,0.0,0
heldout_swe_b4_l2_s3,B0,pipelined,milp,247.5,247.5,0.0,0
heldout_swe_b8_l2_s3,B0,pipelined,milp,313.5,313.5,0.0,1
heldout_swe_b16_l2_s3,B0,pipelined,milp,495.0,495.0,0.0,7
heldout_swe_b2_l2_s7,B0,pipelined,milp,214.5,214.5,0.0,0
heldout_swe_b4_l2_s7,B0,pipelined,milp,280.5,280.5,0.0,0
heldout_swe_b8_l2_s7,B0,pipelined,milp,346.5,346.5,0.0,2
heldout_swe_b16_l2_s7,B0,pipelined,milp,528.0,528.0,0.0,7
heldout_swe_b2_l2_s11,B0,pipelined,milp,214.5,214.5,0.0,0
heldout_swe_b4_l2_s11,B0,pipelined,milp,346.5,346.5,0.0,0
heldout_swe_b8_l2_s11,B0,pipelined,milp,363.0,363.0,0.0,2
heldout_swe_b16_l2_s11,B0,pipelined,milp,610.5,610.5,0.0,6
heldout_swe_b2_l13_s3,B0,pipelined,milp,231.0,231.0,0.0,0
heldout_swe_b4_l13_s3,B0,pipelined,milp,313.5,313.5,0.0,0
heldout_swe_b8_l13_s3,B0,pipelined,milp,363.0,363.0,0.0,1
heldout_swe_b16_l13_s3,B0,pipelined,milp,511.5,511.5,0.0,7
heldout_swe_b2_l13_s7,B0,pipelined,milp,231.0,231.0,0.0,0
heldout_swe_b4_l13_s7,B0,pipelined,milp,346.5,346.5,0.0,0
heldout_swe_b8_l13_s7,B0,pipelined,milp,396.0,396.0,0.0,2
heldout_swe_b16_l13_s7,B0,pipelined,milp,528.0,528.0,0.0,7
heldout_swe_b2_l13_s11,B0,pipelined,milp,198.0,198.0,0.0,0
heldout_swe_b4_l13_s11,B0,pipelined,milp,363.0,363.0,0.0,0
heldout_swe_b8_l13_s11,B0,pipelined,milp,363.0,363.0,0.0,2
heldout_swe_b16_l13_s11,B0,pipelined,milp,610.5,610.5,0.0,6
heldout_swe_b2_l26_s3,B0,pipelined,milp,198.0,198.0,0.0,0
heldout_swe_b4_l26_s3,B0,pipelined,milp,313.5,313.5,0.0,0
heldout_swe_b8_l26_s3,B0,pipelined,milp,445.5,445.5,0.0,3
heldout_swe_b16_l26_s3,B0,pipelined,milp,627.0,627.0,0.0,7
heldout_swe_b2_l26_s7,B0,pipelined,milp,231.0,231.0,0.0,0
heldout_swe_b4_l26_s7,B0,pipelined,milp,297.0,297.0,0.0,0
heldout_swe_b8_l26_s7,B0,pipelined,milp,396.0,396.0,0.0,1
heldout_swe_b16_l26_s7,B0,pipelined,milp,544.5,544.5,0.0,7
heldout_swe_b2_l26_s11,B0,pipelined,milp,231.0,231.0,0.0,0
heldout_swe_b4_l26_s11,B0,pipelined,milp,412.5,412.5,0.0,0
heldout_swe_b8_l26_s11,B0,pipelined,milp,346.5,346.5,0.0,1
heldout_swe_b16_l26_s11,B0,pipelined,milp,660.0,660.0,0.0,7
v3_captured_mixed_heldout_bfcl_t64_l2,B0,pipelined,milp,1897.5,1897.5,0.0,23
v3_captured_mixed_heldout_bfcl_t96_l2,B0,pipelined,milp,2557.5,2557.5,0.0,31
v3_captured_mixed_heldout_bfcl_t128_l2,B0,pipelined,milp,3316.5,3316.5,0.0,42
v3_captured_mixed_heldout_bfcl_t64_l13,B0,pipelined,milp,1881.0,1881.0,0.0,19
v3_captured_mixed_heldout_bfcl_t96_l13,B0,pipelined,milp,2607.0,2607.0,0.0,29
v3_captured_mixed_heldout_bfcl_t128_l13,B0,pipelined,milp,3283.5,3283.5,0.0,38
v3_captured_mixed_heldout_bfcl_t64_l26,B0,pipelined,milp,1864.5,1864.5,0.0,26
v3_captured_mixed_heldout_bfcl_t96_l26,B0,pipelined,milp,2607.0,2607.0,0.0,39
v3_captured_mixed_heldout_bfcl_t128_l26,B0,pipelined,milp,3267.0,3267.0,0.0,44
v3_captured_mixed_heldout_gpqa_t64_l2,B0,pipelined,milp,1881.0,1881.0,0.0,28
v3_captured_mixed_heldout_gpqa_t96_l2,B0,pipelined,milp,2541.0,2541.0,0.0,46
v3_captured_mixed_heldout_gpqa_t128_l2,B0,pipelined,milp,3333.0,3333.0,0.0,59
v3_captured_mixed_heldout_gpqa_t64_l13,B0,pipelined,milp,1782.0,1782.0,0.0,26
v3_captured_mixed_heldout_gpqa_t96_l13,B0,pipelined,milp,2574.0,2574.0,0.0,42
v3_captured_mixed_heldout_gpqa_t128_l13,B0,pipelined,milp,3267.0,3267.0,0.0,48
v3_captured_mixed_heldout_gpqa_t64_l26,B0,pipelined,milp,1881.0,1881.0,0.0,29
v3_captured_mixed_heldout_gpqa_t96_l26,B0,pipelined,milp,2623.5,2623.5,0.0,47
v3_captured_mixed_heldout_gpqa_t128_l26,B0,pipelined,milp,3250.5,3250.5,0.0,53
v3_captured_mixed_heldout_swe_t64_l2,B0,pipelined,milp,1881.0,1881.0,0.0,24
v3_captured_mixed_heldout_swe_t96_l2,B0,pipelined,milp,2607.0,2607.0,0.0,41
v3_captured_mixed_heldout_swe_t128_l2,B0,pipelined,milp,3366.0,3366.0,0.0,54
v3_captured_mixed_heldout_swe_t64_l13,B0,pipelined,milp,1798.5,1798.5,0.0,19
v3_captured_mixed_heldout_swe_t96_l13,B0,pipelined,milp,2623.5,2623.5,0.0,31
v3_captured_mixed_heldout_swe_t128_l13,B0,pipelined,milp,3349.5,3349.5,0.0,41
v3_captured_mixed_heldout_swe_t64_l26,B0,pipelined,milp,1881.0,1881.0,0.0,27
v3_captured_mixed_heldout_swe_t96_l26,B0,pipelined,milp,2656.5,2656.5,0.0,45
v3_captured_mixed_heldout_swe_t128_l26,B0,pipelined,milp,3283.5,3283.5,0.0,52
heldout_bfcl_b2_l2_s3,B1,pipelined,eft_old,231.0,231.0,0.0,0
heldout_bfcl_b4_l2_s3,B1,pipelined,eft_old,330.0,330.0,0.0,0
heldout_bfcl_b8_l2_s3,B1,pipelined,eft_old,445.5,445.5,0.0,0
heldout_bfcl_b16_l2_s3,B1,pipelined,eft_old,594.0,594.0,0.0,0
heldout_bfcl_b2_l2_s7,B1,pipelined,eft_old,231.0,231.0,0.0,0
heldout_bfcl_b4_l2_s7,B1,pipelined,eft_old,363.0,363.0,0.0,0
heldout_bfcl_b8_l2_s7,B1,pipelined,eft_old,495.0,495.0,0.0,0
heldout_bfcl_b16_l2_s7,B1,pipelined,eft_old,742.5,742.5,0.0,0
heldout_bfcl_b2_l2_s11,B1,pipelined,eft_old,165.0,165.0,0.0,0
heldout_bfcl_b4_l2_s11,B1,pipelined,eft_old,363.0,363.0,0.0,0
heldout_bfcl_b8_l2_s11,B1,pipelined,eft_old,511.5,511.5,0.0,0
heldout_bfcl_b16_l2_s11,B1,pipelined,eft_old,841.5,841.5,0.0,0
heldout_bfcl_b2_l13_s3,B1,pipelined,eft_old,198.0,198.0,0.0,0
heldout_bfcl_b4_l13_s3,B1,pipelined,eft_old,396.0,396.0,0.0,0
heldout_bfcl_b8_l13_s3,B1,pipelined,eft_old,478.5,478.5,0.0,0
heldout_bfcl_b16_l13_s3,B1,pipelined,eft_old,660.0,660.0,0.0,0
heldout_bfcl_b2_l13_s7,B1,pipelined,eft_old,231.0,231.0,0.0,0
heldout_bfcl_b4_l13_s7,B1,pipelined,eft_old,363.0,363.0,0.0,0
heldout_bfcl_b8_l13_s7,B1,pipelined,eft_old,528.0,528.0,0.0,0
heldout_bfcl_b16_l13_s7,B1,pipelined,eft_old,660.0,660.0,0.0,0
heldout_bfcl_b2_l13_s11,B1,pipelined,eft_old,148.5,148.5,0.0,0
heldout_bfcl_b4_l13_s11,B1,pipelined,eft_old,346.5,346.5,0.0,0
heldout_bfcl_b8_l13_s11,B1,pipelined,eft_old,445.5,445.5,0.0,0
heldout_bfcl_b16_l13_s11,B1,pipelined,eft_old,775.5,775.5,0.0,0
heldout_bfcl_b2_l26_s3,B1,pipelined,eft_old,214.5,214.5,0.0,0
heldout_bfcl_b4_l26_s3,B1,pipelined,eft_old,396.0,396.0,0.0,0
heldout_bfcl_b8_l26_s3,B1,pipelined,eft_old,511.5,511.5,0.0,0
heldout_bfcl_b16_l26_s3,B1,pipelined,eft_old,759.0,759.0,0.0,0
heldout_bfcl_b2_l26_s7,B1,pipelined,eft_old,198.0,198.0,0.0,0
heldout_bfcl_b4_l26_s7,B1,pipelined,eft_old,396.0,396.0,0.0,0
heldout_bfcl_b8_l26_s7,B1,pipelined,eft_old,561.0,561.0,0.0,0
heldout_bfcl_b16_l26_s7,B1,pipelined,eft_old,693.0,693.0,0.0,0
heldout_bfcl_b2_l26_s11,B1,pipelined,eft_old,165.0,165.0,0.0,0
heldout_bfcl_b4_l26_s11,B1,pipelined,eft_old,363.0,363.0,0.0,0
heldout_bfcl_b8_l26_s11,B1,pipelined,eft_old,544.5,544.5,0.0,0
heldout_bfcl_b16_l26_s11,B1,pipelined,eft_old,792.0,792.0,0.0,0
heldout_gpqa_b2_l2_s3,B1,pipelined,eft_old,214.5,214.5,0.0,0
heldout_gpqa_b4_l2_s3,B1,pipelined,eft_old,297.0,297.0,0.0,0
heldout_gpqa_b8_l2_s3,B1,pipelined,eft_old,379.5,379.5,0.0,0
heldout_gpqa_b16_l2_s3,B1,pipelined,eft_old,462.0,462.0,0.0,0
heldout_gpqa_b2_l2_s7,B1,pipelined,eft_old,231.0,231.0,0.0,0
heldout_gpqa_b4_l2_s7,B1,pipelined,eft_old,396.0,396.0,0.0,0
heldout_gpqa_b8_l2_s7,B1,pipelined,eft_old,561.0,561.0,0.0,0
heldout_gpqa_b16_l2_s7,B1,pipelined,eft_old,775.5,775.5,0.0,0
heldout_gpqa_b2_l2_s11,B1,pipelined,eft_old,181.5,181.5,0.0,0
heldout_gpqa_b4_l2_s11,B1,pipelined,eft_old,379.5,379.5,0.0,0
heldout_gpqa_b8_l2_s11,B1,pipelined,eft_old,627.0,627.0,0.0,0
heldout_gpqa_b16_l2_s11,B1,pipelined,eft_old,825.0,825.0,0.0,0
heldout_gpqa_b2_l13_s3,B1,pipelined,eft_old,214.5,214.5,0.0,0
heldout_gpqa_b4_l13_s3,B1,pipelined,eft_old,313.5,313.5,0.0,0
heldout_gpqa_b8_l13_s3,B1,pipelined,eft_old,462.0,462.0,0.0,0
heldout_gpqa_b16_l13_s3,B1,pipelined,eft_old,528.0,528.0,0.0,0
heldout_gpqa_b2_l13_s7,B1,pipelined,eft_old,214.5,214.5,0.0,0
heldout_gpqa_b4_l13_s7,B1,pipelined,eft_old,379.5,379.5,0.0,0
heldout_gpqa_b8_l13_s7,B1,pipelined,eft_old,577.5,577.5,0.0,0
heldout_gpqa_b16_l13_s7,B1,pipelined,eft_old,726.0,726.0,0.0,0
heldout_gpqa_b2_l13_s11,B1,pipelined,eft_old,148.5,148.5,0.0,0
heldout_gpqa_b4_l13_s11,B1,pipelined,eft_old,396.0,396.0,0.0,0
heldout_gpqa_b8_l13_s11,B1,pipelined,eft_old,495.0,495.0,0.0,0
heldout_gpqa_b16_l13_s11,B1,pipelined,eft_old,742.5,742.5,0.0,0
heldout_gpqa_b2_l26_s3,B1,pipelined,eft_old,231.0,231.0,0.0,0
heldout_gpqa_b4_l26_s3,B1,pipelined,eft_old,280.5,280.5,0.0,0
heldout_gpqa_b8_l26_s3,B1,pipelined,eft_old,412.5,412.5,0.0,0
heldout_gpqa_b16_l26_s3,B1,pipelined,eft_old,561.0,561.0,0.0,0
heldout_gpqa_b2_l26_s7,B1,pipelined,eft_old,231.0,231.0,0.0,0
heldout_gpqa_b4_l26_s7,B1,pipelined,eft_old,379.5,379.5,0.0,0
heldout_gpqa_b8_l26_s7,B1,pipelined,eft_old,561.0,561.0,0.0,0
heldout_gpqa_b16_l26_s7,B1,pipelined,eft_old,759.0,759.0,0.0,0
heldout_gpqa_b2_l26_s11,B1,pipelined,eft_old,214.5,214.5,0.0,0
heldout_gpqa_b4_l26_s11,B1,pipelined,eft_old,412.5,412.5,0.0,0
heldout_gpqa_b8_l26_s11,B1,pipelined,eft_old,561.0,561.0,0.0,0
heldout_gpqa_b16_l26_s11,B1,pipelined,eft_old,825.0,825.0,0.0,0
heldout_swe_b2_l2_s3,B1,pipelined,eft_old,214.5,214.5,0.0,0
heldout_swe_b4_l2_s3,B1,pipelined,eft_old,247.5,247.5,0.0,0
heldout_swe_b8_l2_s3,B1,pipelined,eft_old,280.5,280.5,0.0,0
heldout_swe_b16_l2_s3,B1,pipelined,eft_old,330.0,330.0,0.0,0
heldout_swe_b2_l2_s7,B1,pipelined,eft_old,214.5,214.5,0.0,0
heldout_swe_b4_l2_s7,B1,pipelined,eft_old,280.5,280.5,0.0,0
heldout_swe_b8_l2_s7,B1,pipelined,eft_old,297.0,297.0,0.0,0
heldout_swe_b16_l2_s7,B1,pipelined,eft_old,363.0,363.0,0.0,0
heldout_swe_b2_l2_s11,B1,pipelined,eft_old,214.5,214.5,0.0,0
heldout_swe_b4_l2_s11,B1,pipelined,eft_old,346.5,346.5,0.0,0
heldout_swe_b8_l2_s11,B1,pipelined,eft_old,313.5,313.5,0.0,0
heldout_swe_b16_l2_s11,B1,pipelined,eft_old,462.0,462.0,0.0,0
heldout_swe_b2_l13_s3,B1,pipelined,eft_old,231.0,231.0,0.0,0
heldout_swe_b4_l13_s3,B1,pipelined,eft_old,313.5,313.5,0.0,0
heldout_swe_b8_l13_s3,B1,pipelined,eft_old,330.0,330.0,0.0,0
heldout_swe_b16_l13_s3,B1,pipelined,eft_old,346.5,346.5,0.0,0
heldout_swe_b2_l13_s7,B1,pipelined,eft_old,231.0,231.0,0.0,0
heldout_swe_b4_l13_s7,B1,pipelined,eft_old,346.5,346.5,0.0,0
heldout_swe_b8_l13_s7,B1,pipelined,eft_old,346.5,346.5,0.0,0
heldout_swe_b16_l13_s7,B1,pipelined,eft_old,363.0,363.0,0.0,0
heldout_swe_b2_l13_s11,B1,pipelined,eft_old,198.0,198.0,0.0,0
heldout_swe_b4_l13_s11,B1,pipelined,eft_old,363.0,363.0,0.0,0
heldout_swe_b8_l13_s11,B1,pipelined,eft_old,313.5,313.5,0.0,0
heldout_swe_b16_l13_s11,B1,pipelined,eft_old,462.0,462.0,0.0,0
heldout_swe_b2_l26_s3,B1,pipelined,eft_old,198.0,198.0,0.0,0
heldout_swe_b4_l26_s3,B1,pipelined,eft_old,313.5,313.5,0.0,0
heldout_swe_b8_l26_s3,B1,pipelined,eft_old,379.5,379.5,0.0,0
heldout_swe_b16_l26_s3,B1,pipelined,eft_old,462.0,462.0,0.0,0
heldout_swe_b2_l26_s7,B1,pipelined,eft_old,231.0,231.0,0.0,0
heldout_swe_b4_l26_s7,B1,pipelined,eft_old,297.0,297.0,0.0,0
heldout_swe_b8_l26_s7,B1,pipelined,eft_old,363.0,363.0,0.0,0
heldout_swe_b16_l26_s7,B1,pipelined,eft_old,379.5,379.5,0.0,0
heldout_swe_b2_l26_s11,B1,pipelined,eft_old,231.0,231.0,0.0,0
heldout_swe_b4_l26_s11,B1,pipelined,eft_old,412.5,412.5,0.0,0
heldout_swe_b8_l26_s11,B1,pipelined,eft_old,313.5,313.5,0.0,0
heldout_swe_b16_l26_s11,B1,pipelined,eft_old,495.0,495.0,0.0,0
v3_captured_mixed_heldout_bfcl_t64_l2,B1,pipelined,eft_old,1039.5,1039.5,0.0,0
v3_captured_mixed_heldout_bfcl_t96_l2,B1,pipelined,eft_old,1089.0,1089.0,0.0,1
v3_captured_mixed_heldout_bfcl_t128_l2,B1,pipelined,eft_old,1122.0,1122.0,0.0,1
v3_captured_mixed_heldout_bfcl_t64_l13,B1,pipelined,eft_old,957.0,957.0,0.0,0
v3_captured_mixed_heldout_bfcl_t96_l13,B1,pipelined,eft_old,1072.5,1072.5,0.0,1
v3_captured_mixed_heldout_bfcl_t128_l13,B1,pipelined,eft_old,1089.0,1089.0,0.0,1
v3_captured_mixed_heldout_bfcl_t64_l26,B1,pipelined,eft_old,1023.0,1023.0,0.0,0
v3_captured_mixed_heldout_bfcl_t96_l26,B1,pipelined,eft_old,1105.5,1105.5,0.0,1
v3_captured_mixed_heldout_bfcl_t128_l26,B1,pipelined,eft_old,1122.0,1122.0,0.0,1
v3_captured_mixed_heldout_gpqa_t64_l2,B1,pipelined,eft_old,1072.5,1072.5,0.0,0
v3_captured_mixed_heldout_gpqa_t96_l2,B1,pipelined,eft_old,1122.0,1122.0,0.0,1
v3_captured_mixed_heldout_gpqa_t128_l2,B1,pipelined,eft_old,1122.0,1122.0,0.0,1
v3_captured_mixed_heldout_gpqa_t64_l13,B1,pipelined,eft_old,957.0,957.0,0.0,0
v3_captured_mixed_heldout_gpqa_t96_l13,B1,pipelined,eft_old,1039.5,1039.5,0.0,1
v3_captured_mixed_heldout_gpqa_t128_l13,B1,pipelined,eft_old,1056.0,1056.0,0.0,1
v3_captured_mixed_heldout_gpqa_t64_l26,B1,pipelined,eft_old,1072.5,1072.5,0.0,0
v3_captured_mixed_heldout_gpqa_t96_l26,B1,pipelined,eft_old,1122.0,1122.0,0.0,1
v3_captured_mixed_heldout_gpqa_t128_l26,B1,pipelined,eft_old,1122.0,1122.0,0.0,1
v3_captured_mixed_heldout_swe_t64_l2,B1,pipelined,eft_old,1056.0,1056.0,0.0,0
v3_captured_mixed_heldout_swe_t96_l2,B1,pipelined,eft_old,1105.5,1105.5,0.0,1
v3_captured_mixed_heldout_swe_t128_l2,B1,pipelined,eft_old,1122.0,1122.0,0.0,1
v3_captured_mixed_heldout_swe_t64_l13,B1,pipelined,eft_old,891.0,891.0,0.0,0
v3_captured_mixed_heldout_swe_t96_l13,B1,pipelined,eft_old,1023.0,1023.0,0.0,1
v3_captured_mixed_heldout_swe_t128_l13,B1,pipelined,eft_old,1089.0,1089.0,0.0,1
v3_captured_mixed_heldout_swe_t64_l26,B1,pipelined,eft_old,1006.5,1006.5,0.0,0
v3_captured_mixed_heldout_swe_t96_l26,B1,pipelined,eft_old,1056.0,1056.0,0.0,1
v3_captured_mixed_heldout_swe_t128_l26,B1,pipelined,eft_old,1122.0,1122.0,0.0,1
heldout_bfcl_b2_l2_s3,B1,pipelined,fixed,231.0,231.0,0.0,0
heldout_bfcl_b4_l2_s3,B1,pipelined,fixed,330.0,330.0,0.0,0
heldout_bfcl_b8_l2_s3,B1,pipelined,fixed,445.5,445.5,0.0,0
heldout_bfcl_b16_l2_s3,B1,pipelined,fixed,594.0,594.0,0.0,0
heldout_bfcl_b2_l2_s7,B1,pipelined,fixed,231.0,231.0,0.0,0
heldout_bfcl_b4_l2_s7,B1,pipelined,fixed,363.0,363.0,0.0,0
heldout_bfcl_b8_l2_s7,B1,pipelined,fixed,495.0,495.0,0.0,0
heldout_bfcl_b16_l2_s7,B1,pipelined,fixed,742.5,742.5,0.0,0
heldout_bfcl_b2_l2_s11,B1,pipelined,fixed,165.0,165.0,0.0,0
heldout_bfcl_b4_l2_s11,B1,pipelined,fixed,363.0,363.0,0.0,0
heldout_bfcl_b8_l2_s11,B1,pipelined,fixed,511.5,511.5,0.0,0
heldout_bfcl_b16_l2_s11,B1,pipelined,fixed,841.5,841.5,0.0,0
heldout_bfcl_b2_l13_s3,B1,pipelined,fixed,198.0,198.0,0.0,0
heldout_bfcl_b4_l13_s3,B1,pipelined,fixed,396.0,396.0,0.0,0
heldout_bfcl_b8_l13_s3,B1,pipelined,fixed,478.5,478.5,0.0,0
heldout_bfcl_b16_l13_s3,B1,pipelined,fixed,660.0,660.0,0.0,0
heldout_bfcl_b2_l13_s7,B1,pipelined,fixed,231.0,231.0,0.0,0
heldout_bfcl_b4_l13_s7,B1,pipelined,fixed,363.0,363.0,0.0,0
heldout_bfcl_b8_l13_s7,B1,pipelined,fixed,528.0,528.0,0.0,0
heldout_bfcl_b16_l13_s7,B1,pipelined,fixed,660.0,660.0,0.0,0
heldout_bfcl_b2_l13_s11,B1,pipelined,fixed,148.5,148.5,0.0,0
heldout_bfcl_b4_l13_s11,B1,pipelined,fixed,346.5,346.5,0.0,0
heldout_bfcl_b8_l13_s11,B1,pipelined,fixed,445.5,445.5,0.0,0
heldout_bfcl_b16_l13_s11,B1,pipelined,fixed,775.5,775.5,0.0,0
heldout_bfcl_b2_l26_s3,B1,pipelined,fixed,214.5,214.5,0.0,0
heldout_bfcl_b4_l26_s3,B1,pipelined,fixed,396.0,396.0,0.0,0
heldout_bfcl_b8_l26_s3,B1,pipelined,fixed,511.5,511.5,0.0,0
heldout_bfcl_b16_l26_s3,B1,pipelined,fixed,759.0,759.0,0.0,0
heldout_bfcl_b2_l26_s7,B1,pipelined,fixed,198.0,198.0,0.0,0
heldout_bfcl_b4_l26_s7,B1,pipelined,fixed,396.0,396.0,0.0,0
heldout_bfcl_b8_l26_s7,B1,pipelined,fixed,561.0,561.0,0.0,0
heldout_bfcl_b16_l26_s7,B1,pipelined,fixed,693.0,693.0,0.0,0
heldout_bfcl_b2_l26_s11,B1,pipelined,fixed,165.0,165.0,0.0,0
heldout_bfcl_b4_l26_s11,B1,pipelined,fixed,363.0,363.0,0.0,0
heldout_bfcl_b8_l26_s11,B1,pipelined,fixed,544.5,544.5,0.0,0
heldout_bfcl_b16_l26_s11,B1,pipelined,fixed,792.0,792.0,0.0,0
heldout_gpqa_b2_l2_s3,B1,pipelined,fixed,214.5,214.5,0.0,0
heldout_gpqa_b4_l2_s3,B1,pipelined,fixed,297.0,297.0,0.0,0
heldout_gpqa_b8_l2_s3,B1,pipelined,fixed,379.5,379.5,0.0,0
heldout_gpqa_b16_l2_s3,B1,pipelined,fixed,462.0,462.0,0.0,0
heldout_gpqa_b2_l2_s7,B1,pipelined,fixed,231.0,231.0,0.0,0
heldout_gpqa_b4_l2_s7,B1,pipelined,fixed,396.0,396.0,0.0,0
heldout_gpqa_b8_l2_s7,B1,pipelined,fixed,561.0,561.0,0.0,0
heldout_gpqa_b16_l2_s7,B1,pipelined,fixed,775.5,775.5,0.0,0
heldout_gpqa_b2_l2_s11,B1,pipelined,fixed,181.5,181.5,0.0,0
heldout_gpqa_b4_l2_s11,B1,pipelined,fixed,379.5,379.5,0.0,0
heldout_gpqa_b8_l2_s11,B1,pipelined,fixed,627.0,627.0,0.0,0
heldout_gpqa_b16_l2_s11,B1,pipelined,fixed,825.0,825.0,0.0,0
heldout_gpqa_b2_l13_s3,B1,pipelined,fixed,214.5,214.5,0.0,0
heldout_gpqa_b4_l13_s3,B1,pipelined,fixed,313.5,313.5,0.0,0
heldout_gpqa_b8_l13_s3,B1,pipelined,fixed,462.0,462.0,0.0,0
heldout_gpqa_b16_l13_s3,B1,pipelined,fixed,528.0,528.0,0.0,0
heldout_gpqa_b2_l13_s7,B1,pipelined,fixed,214.5,214.5,0.0,0
heldout_gpqa_b4_l13_s7,B1,pipelined,fixed,379.5,379.5,0.0,0
heldout_gpqa_b8_l13_s7,B1,pipelined,fixed,577.5,577.5,0.0,0
heldout_gpqa_b16_l13_s7,B1,pipelined,fixed,726.0,726.0,0.0,0
heldout_gpqa_b2_l13_s11,B1,pipelined,fixed,148.5,148.5,0.0,0
heldout_gpqa_b4_l13_s11,B1,pipelined,fixed,396.0,396.0,0.0,0
heldout_gpqa_b8_l13_s11,B1,pipelined,fixed,495.0,495.0,0.0,0
heldout_gpqa_b16_l13_s11,B1,pipelined,fixed,742.5,742.5,0.0,0
heldout_gpqa_b2_l26_s3,B1,pipelined,fixed,231.0,231.0,0.0,0
heldout_gpqa_b4_l26_s3,B1,pipelined,fixed,280.5,280.5,0.0,0
heldout_gpqa_b8_l26_s3,B1,pipelined,fixed,412.5,412.5,0.0,0
heldout_gpqa_b16_l26_s3,B1,pipelined,fixed,561.0,561.0,0.0,0
heldout_gpqa_b2_l26_s7,B1,pipelined,fixed,231.0,231.0,0.0,0
heldout_gpqa_b4_l26_s7,B1,pipelined,fixed,379.5,379.5,0.0,0
heldout_gpqa_b8_l26_s7,B1,pipelined,fixed,561.0,561.0,0.0,0
heldout_gpqa_b16_l26_s7,B1,pipelined,fixed,759.0,759.0,0.0,0
heldout_gpqa_b2_l26_s11,B1,pipelined,fixed,214.5,214.5,0.0,0
heldout_gpqa_b4_l26_s11,B1,pipelined,fixed,412.5,412.5,0.0,0
heldout_gpqa_b8_l26_s11,B1,pipelined,fixed,561.0,561.0,0.0,0
heldout_gpqa_b16_l26_s11,B1,pipelined,fixed,825.0,825.0,0.0,0
heldout_swe_b2_l2_s3,B1,pipelined,fixed,214.5,214.5,0.0,0
heldout_swe_b4_l2_s3,B1,pipelined,fixed,247.5,247.5,0.0,0
heldout_swe_b8_l2_s3,B1,pipelined,fixed,280.5,280.5,0.0,0
heldout_swe_b16_l2_s3,B1,pipelined,fixed,330.0,330.0,0.0,0
heldout_swe_b2_l2_s7,B1,pipelined,fixed,214.5,214.5,0.0,0
heldout_swe_b4_l2_s7,B1,pipelined,fixed,280.5,280.5,0.0,0
heldout_swe_b8_l2_s7,B1,pipelined,fixed,297.0,297.0,0.0,0
heldout_swe_b16_l2_s7,B1,pipelined,fixed,363.0,363.0,0.0,0
heldout_swe_b2_l2_s11,B1,pipelined,fixed,214.5,214.5,0.0,0
heldout_swe_b4_l2_s11,B1,pipelined,fixed,346.5,346.5,0.0,0
heldout_swe_b8_l2_s11,B1,pipelined,fixed,313.5,313.5,0.0,0
heldout_swe_b16_l2_s11,B1,pipelined,fixed,462.0,462.0,0.0,0
heldout_swe_b2_l13_s3,B1,pipelined,fixed,231.0,231.0,0.0,0
heldout_swe_b4_l13_s3,B1,pipelined,fixed,313.5,313.5,0.0,0
heldout_swe_b8_l13_s3,B1,pipelined,fixed,330.0,330.0,0.0,0
heldout_swe_b16_l13_s3,B1,pipelined,fixed,346.5,346.5,0.0,0
heldout_swe_b2_l13_s7,B1,pipelined,fixed,231.0,231.0,0.0,0
heldout_swe_b4_l13_s7,B1,pipelined,fixed,346.5,346.5,0.0,0
heldout_swe_b8_l13_s7,B1,pipelined,fixed,346.5,346.5,0.0,0
heldout_swe_b16_l13_s7,B1,pipelined,fixed,363.0,363.0,0.0,0
heldout_swe_b2_l13_s11,B1,pipelined,fixed,198.0,198.0,0.0,0
heldout_swe_b4_l13_s11,B1,pipelined,fixed,363.0,363.0,0.0,0
heldout_swe_b8_l13_s11,B1,pipelined,fixed,313.5,313.5,0.0,0
heldout_swe_b16_l13_s11,B1,pipelined,fixed,462.0,462.0,0.0,0
heldout_swe_b2_l26_s3,B1,pipelined,fixed,198.0,198.0,0.0,0
heldout_swe_b4_l26_s3,B1,pipelined,fixed,313.5,313.5,0.0,0
heldout_swe_b8_l26_s3,B1,pipelined,fixed,379.5,379.5,0.0,0
heldout_swe_b16_l26_s3,B1,pipelined,fixed,462.0,462.0,0.0,0
heldout_swe_b2_l26_s7,B1,pipelined,fixed,231.0,231.0,0.0,0
heldout_swe_b4_l26_s7,B1,pipelined,fixed,297.0,297.0,0.0,0
heldout_swe_b8_l26_s7,B1,pipelined,fixed,363.0,363.0,0.0,0
heldout_swe_b16_l26_s7,B1,pipelined,fixed,379.5,379.5,0.0,0
heldout_swe_b2_l26_s11,B1,pipelined,fixed,231.0,231.0,0.0,0
heldout_swe_b4_l26_s11,B1,pipelined,fixed,412.5,412.5,0.0,0
heldout_swe_b8_l26_s11,B1,pipelined,fixed,313.5,313.5,0.0,0
heldout_swe_b16_l26_s11,B1,pipelined,fixed,495.0,495.0,0.0,0
v3_captured_mixed_heldout_bfcl_t64_l2,B1,pipelined,fixed,1039.5,1039.5,0.0,0
v3_captured_mixed_heldout_bfcl_t96_l2,B1,pipelined,fixed,1089.0,1089.0,0.0,1
v3_captured_mixed_heldout_bfcl_t128_l2,B1,pipelined,fixed,1122.0,1122.0,0.0,1
v3_captured_mixed_heldout_bfcl_t64_l13,B1,pipelined,fixed,957.0,957.0,0.0,0
v3_captured_mixed_heldout_bfcl_t96_l13,B1,pipelined,fixed,1072.5,1072.5,0.0,1
v3_captured_mixed_heldout_bfcl_t128_l13,B1,pipelined,fixed,1089.0,1089.0,0.0,1
v3_captured_mixed_heldout_bfcl_t64_l26,B1,pipelined,fixed,1023.0,1023.0,0.0,0
v3_captured_mixed_heldout_bfcl_t96_l26,B1,pipelined,fixed,1105.5,1105.5,0.0,1
v3_captured_mixed_heldout_bfcl_t128_l26,B1,pipelined,fixed,1122.0,1122.0,0.0,1
v3_captured_mixed_heldout_gpqa_t64_l2,B1,pipelined,fixed,1072.5,1072.5,0.0,0
v3_captured_mixed_heldout_gpqa_t96_l2,B1,pipelined,fixed,1122.0,1122.0,0.0,1
v3_captured_mixed_heldout_gpqa_t128_l2,B1,pipelined,fixed,1122.0,1122.0,0.0,1
v3_captured_mixed_heldout_gpqa_t64_l13,B1,pipelined,fixed,957.0,957.0,0.0,0
v3_captured_mixed_heldout_gpqa_t96_l13,B1,pipelined,fixed,1039.5,1039.5,0.0,1
v3_captured_mixed_heldout_gpqa_t128_l13,B1,pipelined,fixed,1056.0,1056.0,0.0,1
v3_captured_mixed_heldout_gpqa_t64_l26,B1,pipelined,fixed,1072.5,1072.5,0.0,0
v3_captured_mixed_heldout_gpqa_t96_l26,B1,pipelined,fixed,1122.0,1122.0,0.0,1
v3_captured_mixed_heldout_gpqa_t128_l26,B1,pipelined,fixed,1122.0,1122.0,0.0,1
v3_captured_mixed_heldout_swe_t64_l2,B1,pipelined,fixed,1056.0,1056.0,0.0,0
v3_captured_mixed_heldout_swe_t96_l2,B1,pipelined,fixed,1105.5,1105.5,0.0,1
v3_captured_mixed_heldout_swe_t128_l2,B1,pipelined,fixed,1122.0,1122.0,0.0,1
v3_captured_mixed_heldout_swe_t64_l13,B1,pipelined,fixed,891.0,891.0,0.0,0
v3_captured_mixed_heldout_swe_t96_l13,B1,pipelined,fixed,1023.0,1023.0,0.0,1
v3_captured_mixed_heldout_swe_t128_l13,B1,pipelined,fixed,1089.0,1089.0,0.0,1
v3_captured_mixed_heldout_swe_t64_l26,B1,pipelined,fixed,1006.5,1006.5,0.0,0
v3_captured_mixed_heldout_swe_t96_l26,B1,pipelined,fixed,1056.0,1056.0,0.0,1
v3_captured_mixed_heldout_swe_t128_l26,B1,pipelined,fixed,1122.0,1122.0,0.0,1
heldout_bfcl_b2_l2_s3,B1,pipelined,milp,231.0,231.0,0.0,0
heldout_bfcl_b4_l2_s3,B1,pipelined,milp,330.0,330.0,0.0,0
heldout_bfcl_b8_l2_s3,B1,pipelined,milp,445.5,445.5,0.0,0
heldout_bfcl_b16_l2_s3,B1,pipelined,milp,594.0,594.0,0.0,0
heldout_bfcl_b2_l2_s7,B1,pipelined,milp,231.0,231.0,0.0,0
heldout_bfcl_b4_l2_s7,B1,pipelined,milp,363.0,363.0,0.0,0
heldout_bfcl_b8_l2_s7,B1,pipelined,milp,495.0,495.0,0.0,0
heldout_bfcl_b16_l2_s7,B1,pipelined,milp,742.5,742.5,0.0,0
heldout_bfcl_b2_l2_s11,B1,pipelined,milp,165.0,165.0,0.0,0
heldout_bfcl_b4_l2_s11,B1,pipelined,milp,363.0,363.0,0.0,0
heldout_bfcl_b8_l2_s11,B1,pipelined,milp,511.5,511.5,0.0,0
heldout_bfcl_b16_l2_s11,B1,pipelined,milp,841.5,841.5,0.0,0
heldout_bfcl_b2_l13_s3,B1,pipelined,milp,198.0,198.0,0.0,0
heldout_bfcl_b4_l13_s3,B1,pipelined,milp,396.0,396.0,0.0,0
heldout_bfcl_b8_l13_s3,B1,pipelined,milp,478.5,478.5,0.0,0
heldout_bfcl_b16_l13_s3,B1,pipelined,milp,660.0,660.0,0.0,0
heldout_bfcl_b2_l13_s7,B1,pipelined,milp,231.0,231.0,0.0,0
heldout_bfcl_b4_l13_s7,B1,pipelined,milp,363.0,363.0,0.0,0
heldout_bfcl_b8_l13_s7,B1,pipelined,milp,528.0,528.0,0.0,0
heldout_bfcl_b16_l13_s7,B1,pipelined,milp,660.0,660.0,0.0,0
heldout_bfcl_b2_l13_s11,B1,pipelined,milp,148.5,148.5,0.0,0
heldout_bfcl_b4_l13_s11,B1,pipelined,milp,346.5,346.5,0.0,0
heldout_bfcl_b8_l13_s11,B1,pipelined,milp,445.5,445.5,0.0,0
heldout_bfcl_b16_l13_s11,B1,pipelined,milp,775.5,775.5,0.0,0
heldout_bfcl_b2_l26_s3,B1,pipelined,milp,214.5,214.5,0.0,0
heldout_bfcl_b4_l26_s3,B1,pipelined,milp,396.0,396.0,0.0,0
heldout_bfcl_b8_l26_s3,B1,pipelined,milp,511.5,511.5,0.0,0
heldout_bfcl_b16_l26_s3,B1,pipelined,milp,759.0,759.0,0.0,0
heldout_bfcl_b2_l26_s7,B1,pipelined,milp,198.0,198.0,0.0,0
heldout_bfcl_b4_l26_s7,B1,pipelined,milp,396.0,396.0,0.0,0
heldout_bfcl_b8_l26_s7,B1,pipelined,milp,561.0,561.0,0.0,0
heldout_bfcl_b16_l26_s7,B1,pipelined,milp,693.0,693.0,0.0,0
heldout_bfcl_b2_l26_s11,B1,pipelined,milp,165.0,165.0,0.0,0
heldout_bfcl_b4_l26_s11,B1,pipelined,milp,363.0,363.0,0.0,0
heldout_bfcl_b8_l26_s11,B1,pipelined,milp,544.5,544.5,0.0,0
heldout_bfcl_b16_l26_s11,B1,pipelined,milp,792.0,792.0,0.0,0
heldout_gpqa_b2_l2_s3,B1,pipelined,milp,214.5,214.5,0.0,0
heldout_gpqa_b4_l2_s3,B1,pipelined,milp,297.0,297.0,0.0,0
heldout_gpqa_b8_l2_s3,B1,pipelined,milp,379.5,379.5,0.0,0
heldout_gpqa_b16_l2_s3,B1,pipelined,milp,462.0,462.0,0.0,0
heldout_gpqa_b2_l2_s7,B1,pipelined,milp,231.0,231.0,0.0,0
heldout_gpqa_b4_l2_s7,B1,pipelined,milp,396.0,396.0,0.0,0
heldout_gpqa_b8_l2_s7,B1,pipelined,milp,561.0,561.0,0.0,0
heldout_gpqa_b16_l2_s7,B1,pipelined,milp,775.5,775.5,0.0,0
heldout_gpqa_b2_l2_s11,B1,pipelined,milp,181.5,181.5,0.0,0
heldout_gpqa_b4_l2_s11,B1,pipelined,milp,379.5,379.5,0.0,0
heldout_gpqa_b8_l2_s11,B1,pipelined,milp,627.0,627.0,0.0,0
heldout_gpqa_b16_l2_s11,B1,pipelined,milp,825.0,825.0,0.0,0
heldout_gpqa_b2_l13_s3,B1,pipelined,milp,214.5,214.5,0.0,0
heldout_gpqa_b4_l13_s3,B1,pipelined,milp,313.5,313.5,0.0,0
heldout_gpqa_b8_l13_s3,B1,pipelined,milp,462.0,462.0,0.0,0
heldout_gpqa_b16_l13_s3,B1,pipelined,milp,528.0,528.0,0.0,0
heldout_gpqa_b2_l13_s7,B1,pipelined,milp,214.5,214.5,0.0,0
heldout_gpqa_b4_l13_s7,B1,pipelined,milp,379.5,379.5,0.0,0
heldout_gpqa_b8_l13_s7,B1,pipelined,milp,577.5,577.5,0.0,0
heldout_gpqa_b16_l13_s7,B1,pipelined,milp,726.0,726.0,0.0,0
heldout_gpqa_b2_l13_s11,B1,pipelined,milp,148.5,148.5,0.0,0
heldout_gpqa_b4_l13_s11,B1,pipelined,milp,396.0,396.0,0.0,0
heldout_gpqa_b8_l13_s11,B1,pipelined,milp,495.0,495.0,0.0,0
heldout_gpqa_b16_l13_s11,B1,pipelined,milp,742.5,742.5,0.0,0
heldout_gpqa_b2_l26_s3,B1,pipelined,milp,231.0,231.0,0.0,0
heldout_gpqa_b4_l26_s3,B1,pipelined,milp,280.5,280.5,0.0,0
heldout_gpqa_b8_l26_s3,B1,pipelined,milp,412.5,412.5,0.0,0
heldout_gpqa_b16_l26_s3,B1,pipelined,milp,561.0,561.0,0.0,0
heldout_gpqa_b2_l26_s7,B1,pipelined,milp,231.0,231.0,0.0,0
heldout_gpqa_b4_l26_s7,B1,pipelined,milp,379.5,379.5,0.0,0
heldout_gpqa_b8_l26_s7,B1,pipelined,milp,561.0,561.0,0.0,0
heldout_gpqa_b16_l26_s7,B1,pipelined,milp,759.0,759.0,0.0,0
heldout_gpqa_b2_l26_s11,B1,pipelined,milp,214.5,214.5,0.0,0
heldout_gpqa_b4_l26_s11,B1,pipelined,milp,412.5,412.5,0.0,0
heldout_gpqa_b8_l26_s11,B1,pipelined,milp,561.0,561.0,0.0,0
heldout_gpqa_b16_l26_s11,B1,pipelined,milp,825.0,825.0,0.0,0
heldout_swe_b2_l2_s3,B1,pipelined,milp,214.5,214.5,0.0,0
heldout_swe_b4_l2_s3,B1,pipelined,milp,247.5,247.5,0.0,0
heldout_swe_b8_l2_s3,B1,pipelined,milp,280.5,280.5,0.0,0
heldout_swe_b16_l2_s3,B1,pipelined,milp,330.0,330.0,0.0,0
heldout_swe_b2_l2_s7,B1,pipelined,milp,214.5,214.5,0.0,0
heldout_swe_b4_l2_s7,B1,pipelined,milp,280.5,280.5,0.0,0
heldout_swe_b8_l2_s7,B1,pipelined,milp,297.0,297.0,0.0,0
heldout_swe_b16_l2_s7,B1,pipelined,milp,363.0,363.0,0.0,0
heldout_swe_b2_l2_s11,B1,pipelined,milp,214.5,214.5,0.0,0
heldout_swe_b4_l2_s11,B1,pipelined,milp,346.5,346.5,0.0,0
heldout_swe_b8_l2_s11,B1,pipelined,milp,313.5,313.5,0.0,0
heldout_swe_b16_l2_s11,B1,pipelined,milp,462.0,462.0,0.0,0
heldout_swe_b2_l13_s3,B1,pipelined,milp,231.0,231.0,0.0,0
heldout_swe_b4_l13_s3,B1,pipelined,milp,313.5,313.5,0.0,0
heldout_swe_b8_l13_s3,B1,pipelined,milp,330.0,330.0,0.0,0
heldout_swe_b16_l13_s3,B1,pipelined,milp,346.5,346.5,0.0,0
heldout_swe_b2_l13_s7,B1,pipelined,milp,231.0,231.0,0.0,0
heldout_swe_b4_l13_s7,B1,pipelined,milp,346.5,346.5,0.0,0
heldout_swe_b8_l13_s7,B1,pipelined,milp,346.5,346.5,0.0,0
heldout_swe_b16_l13_s7,B1,pipelined,milp,363.0,363.0,0.0,0
heldout_swe_b2_l13_s11,B1,pipelined,milp,198.0,198.0,0.0,0
heldout_swe_b4_l13_s11,B1,pipelined,milp,363.0,363.0,0.0,0
heldout_swe_b8_l13_s11,B1,pipelined,milp,313.5,313.5,0.0,0
heldout_swe_b16_l13_s11,B1,pipelined,milp,462.0,462.0,0.0,0
heldout_swe_b2_l26_s3,B1,pipelined,milp,198.0,198.0,0.0,0
heldout_swe_b4_l26_s3,B1,pipelined,milp,313.5,313.5,0.0,0
heldout_swe_b8_l26_s3,B1,pipelined,milp,379.5,379.5,0.0,0
heldout_swe_b16_l26_s3,B1,pipelined,milp,462.0,462.0,0.0,0
heldout_swe_b2_l26_s7,B1,pipelined,milp,231.0,231.0,0.0,0
heldout_swe_b4_l26_s7,B1,pipelined,milp,297.0,297.0,0.0,0
heldout_swe_b8_l26_s7,B1,pipelined,milp,363.0,363.0,0.0,0
heldout_swe_b16_l26_s7,B1,pipelined,milp,379.5,379.5,0.0,0
heldout_swe_b2_l26_s11,B1,pipelined,milp,231.0,231.0,0.0,0
heldout_swe_b4_l26_s11,B1,pipelined,milp,412.5,412.5,0.0,0
heldout_swe_b8_l26_s11,B1,pipelined,milp,313.5,313.5,0.0,0
heldout_swe_b16_l26_s11,B1,pipelined,milp,495.0,495.0,0.0,0
v3_captured_mixed_heldout_bfcl_t64_l2,B1,pipelined,milp,1039.5,1039.5,0.0,0
v3_captured_mixed_heldout_bfcl_t96_l2,B1,pipelined,milp,1089.0,1089.0,0.0,1
v3_captured_mixed_heldout_bfcl_t128_l2,B1,pipelined,milp,1122.0,1122.0,0.0,1
v3_captured_mixed_heldout_bfcl_t64_l13,B1,pipelined,milp,957.0,957.0,0.0,0
v3_captured_mixed_heldout_bfcl_t96_l13,B1,pipelined,milp,1072.5,1072.5,0.0,1
v3_captured_mixed_heldout_bfcl_t128_l13,B1,pipelined,milp,1089.0,1089.0,0.0,1
v3_captured_mixed_heldout_bfcl_t64_l26,B1,pipelined,milp,1023.0,1023.0,0.0,0
v3_captured_mixed_heldout_bfcl_t96_l26,B1,pipelined,milp,1105.5,1105.5,0.0,1
v3_captured_mixed_heldout_bfcl_t128_l26,B1,pipelined,milp,1122.0,1122.0,0.0,1
v3_captured_mixed_heldout_gpqa_t64_l2,B1,pipelined,milp,1072.5,1072.5,0.0,0
v3_captured_mixed_heldout_gpqa_t96_l2,B1,pipelined,milp,1122.0,1122.0,0.0,1
v3_captured_mixed_heldout_gpqa_t128_l2,B1,pipelined,milp,1122.0,1122.0,0.0,1
v3_captured_mixed_heldout_gpqa_t64_l13,B1,pipelined,milp,957.0,957.0,0.0,0
v3_captured_mixed_heldout_gpqa_t96_l13,B1,pipelined,milp,1039.5,1039.5,0.0,1
v3_captured_mixed_heldout_gpqa_t128_l13,B1,pipelined,milp,1056.0,1056.0,0.0,1
v3_captured_mixed_heldout_gpqa_t64_l26,B1,pipelined,milp,1072.5,1072.5,0.0,0
v3_captured_mixed_heldout_gpqa_t96_l26,B1,pipelined,milp,1122.0,1122.0,0.0,1
v3_captured_mixed_heldout_gpqa_t128_l26,B1,pipelined,milp,1122.0,1122.0,0.0,1
v3_captured_mixed_heldout_swe_t64_l2,B1,pipelined,milp,1056.0,1056.0,0.0,0
v3_captured_mixed_heldout_swe_t96_l2,B1,pipelined,milp,1105.5,1105.5,0.0,1
v3_captured_mixed_heldout_swe_t128_l2,B1,pipelined,milp,1122.0,1122.0,0.0,1
v3_captured_mixed_heldout_swe_t64_l13,B1,pipelined,milp,891.0,891.0,0.0,0
v3_captured_mixed_heldout_swe_t96_l13,B1,pipelined,milp,1023.0,1023.0,0.0,1
v3_captured_mixed_heldout_swe_t128_l13,B1,pipelined,milp,1089.0,1089.0,0.0,1
v3_captured_mixed_heldout_swe_t64_l26,B1,pipelined,milp,1006.5,1006.5,0.0,0
v3_captured_mixed_heldout_swe_t96_l26,B1,pipelined,milp,1056.0,1056.0,0.0,1
v3_captured_mixed_heldout_swe_t128_l26,B1,pipelined,milp,1122.0,1122.0,0.0,1
heldout_bfcl_b2_l2_s3,B2,pipelined,eft_old,231.0,231.0,0.0,0
heldout_bfcl_b4_l2_s3,B2,pipelined,eft_old,330.0,330.0,0.0,0
heldout_bfcl_b8_l2_s3,B2,pipelined,eft_old,445.5,445.5,0.0,0
heldout_bfcl_b16_l2_s3,B2,pipelined,eft_old,594.0,594.0,0.0,0
heldout_bfcl_b2_l2_s7,B2,pipelined,eft_old,231.0,231.0,0.0,0
heldout_bfcl_b4_l2_s7,B2,pipelined,eft_old,363.0,363.0,0.0,0
heldout_bfcl_b8_l2_s7,B2,pipelined,eft_old,495.0,495.0,0.0,0
heldout_bfcl_b16_l2_s7,B2,pipelined,eft_old,742.5,742.5,0.0,0
heldout_bfcl_b2_l2_s11,B2,pipelined,eft_old,165.0,165.0,0.0,0
heldout_bfcl_b4_l2_s11,B2,pipelined,eft_old,363.0,363.0,0.0,0
heldout_bfcl_b8_l2_s11,B2,pipelined,eft_old,511.5,511.5,0.0,0
heldout_bfcl_b16_l2_s11,B2,pipelined,eft_old,841.5,841.5,0.0,0
heldout_bfcl_b2_l13_s3,B2,pipelined,eft_old,198.0,198.0,0.0,0
heldout_bfcl_b4_l13_s3,B2,pipelined,eft_old,396.0,396.0,0.0,0
heldout_bfcl_b8_l13_s3,B2,pipelined,eft_old,478.5,478.5,0.0,0
heldout_bfcl_b16_l13_s3,B2,pipelined,eft_old,660.0,660.0,0.0,0
heldout_bfcl_b2_l13_s7,B2,pipelined,eft_old,231.0,231.0,0.0,0
heldout_bfcl_b4_l13_s7,B2,pipelined,eft_old,363.0,363.0,0.0,0
heldout_bfcl_b8_l13_s7,B2,pipelined,eft_old,528.0,528.0,0.0,0
heldout_bfcl_b16_l13_s7,B2,pipelined,eft_old,660.0,660.0,0.0,0
heldout_bfcl_b2_l13_s11,B2,pipelined,eft_old,148.5,148.5,0.0,0
heldout_bfcl_b4_l13_s11,B2,pipelined,eft_old,346.5,346.5,0.0,0
heldout_bfcl_b8_l13_s11,B2,pipelined,eft_old,445.5,445.5,0.0,0
heldout_bfcl_b16_l13_s11,B2,pipelined,eft_old,775.5,775.5,0.0,0
heldout_bfcl_b2_l26_s3,B2,pipelined,eft_old,214.5,214.5,0.0,0
heldout_bfcl_b4_l26_s3,B2,pipelined,eft_old,396.0,396.0,0.0,0
heldout_bfcl_b8_l26_s3,B2,pipelined,eft_old,511.5,511.5,0.0,0
heldout_bfcl_b16_l26_s3,B2,pipelined,eft_old,759.0,759.0,0.0,0
heldout_bfcl_b2_l26_s7,B2,pipelined,eft_old,198.0,198.0,0.0,0
heldout_bfcl_b4_l26_s7,B2,pipelined,eft_old,396.0,396.0,0.0,0
heldout_bfcl_b8_l26_s7,B2,pipelined,eft_old,561.0,561.0,0.0,0
heldout_bfcl_b16_l26_s7,B2,pipelined,eft_old,693.0,693.0,0.0,0
heldout_bfcl_b2_l26_s11,B2,pipelined,eft_old,165.0,165.0,0.0,0
heldout_bfcl_b4_l26_s11,B2,pipelined,eft_old,363.0,363.0,0.0,0
heldout_bfcl_b8_l26_s11,B2,pipelined,eft_old,544.5,544.5,0.0,0
heldout_bfcl_b16_l26_s11,B2,pipelined,eft_old,792.0,792.0,0.0,0
heldout_gpqa_b2_l2_s3,B2,pipelined,eft_old,214.5,214.5,0.0,0
heldout_gpqa_b4_l2_s3,B2,pipelined,eft_old,297.0,297.0,0.0,0
heldout_gpqa_b8_l2_s3,B2,pipelined,eft_old,379.5,379.5,0.0,0
heldout_gpqa_b16_l2_s3,B2,pipelined,eft_old,462.0,462.0,0.0,0
heldout_gpqa_b2_l2_s7,B2,pipelined,eft_old,231.0,231.0,0.0,0
heldout_gpqa_b4_l2_s7,B2,pipelined,eft_old,396.0,396.0,0.0,0
heldout_gpqa_b8_l2_s7,B2,pipelined,eft_old,561.0,561.0,0.0,0
heldout_gpqa_b16_l2_s7,B2,pipelined,eft_old,775.5,775.5,0.0,0
heldout_gpqa_b2_l2_s11,B2,pipelined,eft_old,181.5,181.5,0.0,0
heldout_gpqa_b4_l2_s11,B2,pipelined,eft_old,379.5,379.5,0.0,0
heldout_gpqa_b8_l2_s11,B2,pipelined,eft_old,627.0,627.0,0.0,0
heldout_gpqa_b16_l2_s11,B2,pipelined,eft_old,825.0,825.0,0.0,0
heldout_gpqa_b2_l13_s3,B2,pipelined,eft_old,214.5,214.5,0.0,0
heldout_gpqa_b4_l13_s3,B2,pipelined,eft_old,313.5,313.5,0.0,0
heldout_gpqa_b8_l13_s3,B2,pipelined,eft_old,462.0,462.0,0.0,0
heldout_gpqa_b16_l13_s3,B2,pipelined,eft_old,528.0,528.0,0.0,0
heldout_gpqa_b2_l13_s7,B2,pipelined,eft_old,214.5,214.5,0.0,0
heldout_gpqa_b4_l13_s7,B2,pipelined,eft_old,379.5,379.5,0.0,0
heldout_gpqa_b8_l13_s7,B2,pipelined,eft_old,577.5,577.5,0.0,0
heldout_gpqa_b16_l13_s7,B2,pipelined,eft_old,726.0,726.0,0.0,0
heldout_gpqa_b2_l13_s11,B2,pipelined,eft_old,148.5,148.5,0.0,0
heldout_gpqa_b4_l13_s11,B2,pipelined,eft_old,396.0,396.0,0.0,0
heldout_gpqa_b8_l13_s11,B2,pipelined,eft_old,495.0,495.0,0.0,0
heldout_gpqa_b16_l13_s11,B2,pipelined,eft_old,742.5,742.5,0.0,0
heldout_gpqa_b2_l26_s3,B2,pipelined,eft_old,231.0,231.0,0.0,0
heldout_gpqa_b4_l26_s3,B2,pipelined,eft_old,280.5,280.5,0.0,0
heldout_gpqa_b8_l26_s3,B2,pipelined,eft_old,412.5,412.5,0.0,0
heldout_gpqa_b16_l26_s3,B2,pipelined,eft_old,561.0,561.0,0.0,0
heldout_gpqa_b2_l26_s7,B2,pipelined,eft_old,231.0,231.0,0.0,0
heldout_gpqa_b4_l26_s7,B2,pipelined,eft_old,379.5,379.5,0.0,0
heldout_gpqa_b8_l26_s7,B2,pipelined,eft_old,561.0,561.0,0.0,0
heldout_gpqa_b16_l26_s7,B2,pipelined,eft_old,759.0,759.0,0.0,0
heldout_gpqa_b2_l26_s11,B2,pipelined,eft_old,214.5,214.5,0.0,0
heldout_gpqa_b4_l26_s11,B2,pipelined,eft_old,412.5,412.5,0.0,0
heldout_gpqa_b8_l26_s11,B2,pipelined,eft_old,561.0,561.0,0.0,0
heldout_gpqa_b16_l26_s11,B2,pipelined,eft_old,825.0,825.0,0.0,0
heldout_swe_b2_l2_s3,B2,pipelined,eft_old,214.5,214.5,0.0,0
heldout_swe_b4_l2_s3,B2,pipelined,eft_old,247.5,247.5,0.0,0
heldout_swe_b8_l2_s3,B2,pipelined,eft_old,280.5,280.5,0.0,0
heldout_swe_b16_l2_s3,B2,pipelined,eft_old,330.0,330.0,0.0,0
heldout_swe_b2_l2_s7,B2,pipelined,eft_old,214.5,214.5,0.0,0
heldout_swe_b4_l2_s7,B2,pipelined,eft_old,280.5,280.5,0.0,0
heldout_swe_b8_l2_s7,B2,pipelined,eft_old,297.0,297.0,0.0,0
heldout_swe_b16_l2_s7,B2,pipelined,eft_old,363.0,363.0,0.0,0
heldout_swe_b2_l2_s11,B2,pipelined,eft_old,214.5,214.5,0.0,0
heldout_swe_b4_l2_s11,B2,pipelined,eft_old,346.5,346.5,0.0,0
heldout_swe_b8_l2_s11,B2,pipelined,eft_old,313.5,313.5,0.0,0
heldout_swe_b16_l2_s11,B2,pipelined,eft_old,462.0,462.0,0.0,0
heldout_swe_b2_l13_s3,B2,pipelined,eft_old,231.0,231.0,0.0,0
heldout_swe_b4_l13_s3,B2,pipelined,eft_old,313.5,313.5,0.0,0
heldout_swe_b8_l13_s3,B2,pipelined,eft_old,330.0,330.0,0.0,0
heldout_swe_b16_l13_s3,B2,pipelined,eft_old,346.5,346.5,0.0,0
heldout_swe_b2_l13_s7,B2,pipelined,eft_old,231.0,231.0,0.0,0
heldout_swe_b4_l13_s7,B2,pipelined,eft_old,346.5,346.5,0.0,0
heldout_swe_b8_l13_s7,B2,pipelined,eft_old,346.5,346.5,0.0,0
heldout_swe_b16_l13_s7,B2,pipelined,eft_old,363.0,363.0,0.0,0
heldout_swe_b2_l13_s11,B2,pipelined,eft_old,198.0,198.0,0.0,0
heldout_swe_b4_l13_s11,B2,pipelined,eft_old,363.0,363.0,0.0,0
heldout_swe_b8_l13_s11,B2,pipelined,eft_old,313.5,313.5,0.0,0
heldout_swe_b16_l13_s11,B2,pipelined,eft_old,462.0,462.0,0.0,0
heldout_swe_b2_l26_s3,B2,pipelined,eft_old,198.0,198.0,0.0,0
heldout_swe_b4_l26_s3,B2,pipelined,eft_old,313.5,313.5,0.0,0
heldout_swe_b8_l26_s3,B2,pipelined,eft_old,379.5,379.5,0.0,0
heldout_swe_b16_l26_s3,B2,pipelined,eft_old,462.0,462.0,0.0,0
heldout_swe_b2_l26_s7,B2,pipelined,eft_old,231.0,231.0,0.0,0
heldout_swe_b4_l26_s7,B2,pipelined,eft_old,297.0,297.0,0.0,0
heldout_swe_b8_l26_s7,B2,pipelined,eft_old,363.0,363.0,0.0,0
heldout_swe_b16_l26_s7,B2,pipelined,eft_old,379.5,379.5,0.0,0
heldout_swe_b2_l26_s11,B2,pipelined,eft_old,231.0,231.0,0.0,0
heldout_swe_b4_l26_s11,B2,pipelined,eft_old,412.5,412.5,0.0,0
heldout_swe_b8_l26_s11,B2,pipelined,eft_old,313.5,313.5,0.0,0
heldout_swe_b16_l26_s11,B2,pipelined,eft_old,495.0,495.0,0.0,0
v3_captured_mixed_heldout_bfcl_t64_l2,B2,pipelined,eft_old,1072.5,1072.5,0.0,1
v3_captured_mixed_heldout_bfcl_t96_l2,B2,pipelined,eft_old,1122.0,1122.0,0.0,1
v3_captured_mixed_heldout_bfcl_t128_l2,B2,pipelined,eft_old,1188.0,1188.0,0.0,1
v3_captured_mixed_heldout_bfcl_t64_l13,B2,pipelined,eft_old,990.0,990.0,0.0,1
v3_captured_mixed_heldout_bfcl_t96_l13,B2,pipelined,eft_old,1105.5,1105.5,0.0,1
v3_captured_mixed_heldout_bfcl_t128_l13,B2,pipelined,eft_old,1171.5,1171.5,0.0,2
v3_captured_mixed_heldout_bfcl_t64_l26,B2,pipelined,eft_old,1056.0,1056.0,0.0,1
v3_captured_mixed_heldout_bfcl_t96_l26,B2,pipelined,eft_old,1138.5,1138.5,0.0,1
v3_captured_mixed_heldout_bfcl_t128_l26,B2,pipelined,eft_old,1188.0,1188.0,0.0,1
v3_captured_mixed_heldout_gpqa_t64_l2,B2,pipelined,eft_old,1105.5,1105.5,0.0,1
v3_captured_mixed_heldout_gpqa_t96_l2,B2,pipelined,eft_old,1155.0,1155.0,0.0,1
v3_captured_mixed_heldout_gpqa_t128_l2,B2,pipelined,eft_old,1188.0,1188.0,0.0,1
v3_captured_mixed_heldout_gpqa_t64_l13,B2,pipelined,eft_old,990.0,990.0,0.0,1
v3_captured_mixed_heldout_gpqa_t96_l13,B2,pipelined,eft_old,1072.5,1072.5,0.0,1
v3_captured_mixed_heldout_gpqa_t128_l13,B2,pipelined,eft_old,1122.0,1122.0,0.0,1
v3_captured_mixed_heldout_gpqa_t64_l26,B2,pipelined,eft_old,1105.5,1105.5,0.0,1
v3_captured_mixed_heldout_gpqa_t96_l26,B2,pipelined,eft_old,1155.0,1155.0,0.0,1
v3_captured_mixed_heldout_gpqa_t128_l26,B2,pipelined,eft_old,1188.0,1188.0,0.0,1
v3_captured_mixed_heldout_swe_t64_l2,B2,pipelined,eft_old,1089.0,1089.0,0.0,1
v3_captured_mixed_heldout_swe_t96_l2,B2,pipelined,eft_old,1138.5,1138.5,0.0,1
v3_captured_mixed_heldout_swe_t128_l2,B2,pipelined,eft_old,1188.0,1188.0,0.0,1
v3_captured_mixed_heldout_swe_t64_l13,B2,pipelined,eft_old,924.0,924.0,0.0,1
v3_captured_mixed_heldout_swe_t96_l13,B2,pipelined,eft_old,1056.0,1056.0,0.0,1
v3_captured_mixed_heldout_swe_t128_l13,B2,pipelined,eft_old,1155.0,1155.0,0.0,1
v3_captured_mixed_heldout_swe_t64_l26,B2,pipelined,eft_old,1039.5,1039.5,0.0,1
v3_captured_mixed_heldout_swe_t96_l26,B2,pipelined,eft_old,1089.0,1089.0,0.0,1
v3_captured_mixed_heldout_swe_t128_l26,B2,pipelined,eft_old,1188.0,1188.0,0.0,1
heldout_bfcl_b2_l2_s3,B2,pipelined,fixed,231.0,231.0,0.0,0
heldout_bfcl_b4_l2_s3,B2,pipelined,fixed,330.0,330.0,0.0,0
heldout_bfcl_b8_l2_s3,B2,pipelined,fixed,445.5,445.5,0.0,0
heldout_bfcl_b16_l2_s3,B2,pipelined,fixed,594.0,594.0,0.0,0
heldout_bfcl_b2_l2_s7,B2,pipelined,fixed,231.0,231.0,0.0,0
heldout_bfcl_b4_l2_s7,B2,pipelined,fixed,363.0,363.0,0.0,0
heldout_bfcl_b8_l2_s7,B2,pipelined,fixed,495.0,495.0,0.0,0
heldout_bfcl_b16_l2_s7,B2,pipelined,fixed,742.5,742.5,0.0,0
heldout_bfcl_b2_l2_s11,B2,pipelined,fixed,165.0,165.0,0.0,0
heldout_bfcl_b4_l2_s11,B2,pipelined,fixed,363.0,363.0,0.0,0
heldout_bfcl_b8_l2_s11,B2,pipelined,fixed,511.5,511.5,0.0,0
heldout_bfcl_b16_l2_s11,B2,pipelined,fixed,841.5,841.5,0.0,0
heldout_bfcl_b2_l13_s3,B2,pipelined,fixed,198.0,198.0,0.0,0
heldout_bfcl_b4_l13_s3,B2,pipelined,fixed,396.0,396.0,0.0,0
heldout_bfcl_b8_l13_s3,B2,pipelined,fixed,478.5,478.5,0.0,0
heldout_bfcl_b16_l13_s3,B2,pipelined,fixed,660.0,660.0,0.0,0
heldout_bfcl_b2_l13_s7,B2,pipelined,fixed,231.0,231.0,0.0,0
heldout_bfcl_b4_l13_s7,B2,pipelined,fixed,363.0,363.0,0.0,0
heldout_bfcl_b8_l13_s7,B2,pipelined,fixed,528.0,528.0,0.0,0
heldout_bfcl_b16_l13_s7,B2,pipelined,fixed,660.0,660.0,0.0,0
heldout_bfcl_b2_l13_s11,B2,pipelined,fixed,148.5,148.5,0.0,0
heldout_bfcl_b4_l13_s11,B2,pipelined,fixed,346.5,346.5,0.0,0
heldout_bfcl_b8_l13_s11,B2,pipelined,fixed,445.5,445.5,0.0,0
heldout_bfcl_b16_l13_s11,B2,pipelined,fixed,775.5,775.5,0.0,0
heldout_bfcl_b2_l26_s3,B2,pipelined,fixed,214.5,214.5,0.0,0
heldout_bfcl_b4_l26_s3,B2,pipelined,fixed,396.0,396.0,0.0,0
heldout_bfcl_b8_l26_s3,B2,pipelined,fixed,511.5,511.5,0.0,0
heldout_bfcl_b16_l26_s3,B2,pipelined,fixed,759.0,759.0,0.0,0
heldout_bfcl_b2_l26_s7,B2,pipelined,fixed,198.0,198.0,0.0,0
heldout_bfcl_b4_l26_s7,B2,pipelined,fixed,396.0,396.0,0.0,0
heldout_bfcl_b8_l26_s7,B2,pipelined,fixed,561.0,561.0,0.0,0
heldout_bfcl_b16_l26_s7,B2,pipelined,fixed,693.0,693.0,0.0,0
heldout_bfcl_b2_l26_s11,B2,pipelined,fixed,165.0,165.0,0.0,0
heldout_bfcl_b4_l26_s11,B2,pipelined,fixed,363.0,363.0,0.0,0
heldout_bfcl_b8_l26_s11,B2,pipelined,fixed,544.5,544.5,0.0,0
heldout_bfcl_b16_l26_s11,B2,pipelined,fixed,792.0,792.0,0.0,0
heldout_gpqa_b2_l2_s3,B2,pipelined,fixed,214.5,214.5,0.0,0
heldout_gpqa_b4_l2_s3,B2,pipelined,fixed,297.0,297.0,0.0,0
heldout_gpqa_b8_l2_s3,B2,pipelined,fixed,379.5,379.5,0.0,0
heldout_gpqa_b16_l2_s3,B2,pipelined,fixed,462.0,462.0,0.0,0
heldout_gpqa_b2_l2_s7,B2,pipelined,fixed,231.0,231.0,0.0,0
heldout_gpqa_b4_l2_s7,B2,pipelined,fixed,396.0,396.0,0.0,0
heldout_gpqa_b8_l2_s7,B2,pipelined,fixed,561.0,561.0,0.0,0
heldout_gpqa_b16_l2_s7,B2,pipelined,fixed,775.5,775.5,0.0,0
heldout_gpqa_b2_l2_s11,B2,pipelined,fixed,181.5,181.5,0.0,0
heldout_gpqa_b4_l2_s11,B2,pipelined,fixed,379.5,379.5,0.0,0
heldout_gpqa_b8_l2_s11,B2,pipelined,fixed,627.0,627.0,0.0,0
heldout_gpqa_b16_l2_s11,B2,pipelined,fixed,825.0,825.0,0.0,0
heldout_gpqa_b2_l13_s3,B2,pipelined,fixed,214.5,214.5,0.0,0
heldout_gpqa_b4_l13_s3,B2,pipelined,fixed,313.5,313.5,0.0,0
heldout_gpqa_b8_l13_s3,B2,pipelined,fixed,462.0,462.0,0.0,0
heldout_gpqa_b16_l13_s3,B2,pipelined,fixed,528.0,528.0,0.0,0
heldout_gpqa_b2_l13_s7,B2,pipelined,fixed,214.5,214.5,0.0,0
heldout_gpqa_b4_l13_s7,B2,pipelined,fixed,379.5,379.5,0.0,0
heldout_gpqa_b8_l13_s7,B2,pipelined,fixed,577.5,577.5,0.0,0
heldout_gpqa_b16_l13_s7,B2,pipelined,fixed,726.0,726.0,0.0,0
heldout_gpqa_b2_l13_s11,B2,pipelined,fixed,148.5,148.5,0.0,0
heldout_gpqa_b4_l13_s11,B2,pipelined,fixed,396.0,396.0,0.0,0
heldout_gpqa_b8_l13_s11,B2,pipelined,fixed,495.0,495.0,0.0,0
heldout_gpqa_b16_l13_s11,B2,pipelined,fixed,742.5,742.5,0.0,0
heldout_gpqa_b2_l26_s3,B2,pipelined,fixed,231.0,231.0,0.0,0
heldout_gpqa_b4_l26_s3,B2,pipelined,fixed,280.5,280.5,0.0,0
heldout_gpqa_b8_l26_s3,B2,pipelined,fixed,412.5,412.5,0.0,0
heldout_gpqa_b16_l26_s3,B2,pipelined,fixed,561.0,561.0,0.0,0
heldout_gpqa_b2_l26_s7,B2,pipelined,fixed,231.0,231.0,0.0,0
heldout_gpqa_b4_l26_s7,B2,pipelined,fixed,379.5,379.5,0.0,0
heldout_gpqa_b8_l26_s7,B2,pipelined,fixed,561.0,561.0,0.0,0
heldout_gpqa_b16_l26_s7,B2,pipelined,fixed,759.0,759.0,0.0,0
heldout_gpqa_b2_l26_s11,B2,pipelined,fixed,214.5,214.5,0.0,0
heldout_gpqa_b4_l26_s11,B2,pipelined,fixed,412.5,412.5,0.0,0
heldout_gpqa_b8_l26_s11,B2,pipelined,fixed,561.0,561.0,0.0,0
heldout_gpqa_b16_l26_s11,B2,pipelined,fixed,825.0,825.0,0.0,0
heldout_swe_b2_l2_s3,B2,pipelined,fixed,214.5,214.5,0.0,0
heldout_swe_b4_l2_s3,B2,pipelined,fixed,247.5,247.5,0.0,0
heldout_swe_b8_l2_s3,B2,pipelined,fixed,280.5,280.5,0.0,0
heldout_swe_b16_l2_s3,B2,pipelined,fixed,330.0,330.0,0.0,0
heldout_swe_b2_l2_s7,B2,pipelined,fixed,214.5,214.5,0.0,0
heldout_swe_b4_l2_s7,B2,pipelined,fixed,280.5,280.5,0.0,0
heldout_swe_b8_l2_s7,B2,pipelined,fixed,297.0,297.0,0.0,0
heldout_swe_b16_l2_s7,B2,pipelined,fixed,363.0,363.0,0.0,0
heldout_swe_b2_l2_s11,B2,pipelined,fixed,214.5,214.5,0.0,0
heldout_swe_b4_l2_s11,B2,pipelined,fixed,346.5,346.5,0.0,0
heldout_swe_b8_l2_s11,B2,pipelined,fixed,313.5,313.5,0.0,0
heldout_swe_b16_l2_s11,B2,pipelined,fixed,462.0,462.0,0.0,0
heldout_swe_b2_l13_s3,B2,pipelined,fixed,231.0,231.0,0.0,0
heldout_swe_b4_l13_s3,B2,pipelined,fixed,313.5,313.5,0.0,0
heldout_swe_b8_l13_s3,B2,pipelined,fixed,330.0,330.0,0.0,0
heldout_swe_b16_l13_s3,B2,pipelined,fixed,346.5,346.5,0.0,0
heldout_swe_b2_l13_s7,B2,pipelined,fixed,231.0,231.0,0.0,0
heldout_swe_b4_l13_s7,B2,pipelined,fixed,346.5,346.5,0.0,0
heldout_swe_b8_l13_s7,B2,pipelined,fixed,346.5,346.5,0.0,0
heldout_swe_b16_l13_s7,B2,pipelined,fixed,363.0,363.0,0.0,0
heldout_swe_b2_l13_s11,B2,pipelined,fixed,198.0,198.0,0.0,0
heldout_swe_b4_l13_s11,B2,pipelined,fixed,363.0,363.0,0.0,0
heldout_swe_b8_l13_s11,B2,pipelined,fixed,313.5,313.5,0.0,0
heldout_swe_b16_l13_s11,B2,pipelined,fixed,462.0,462.0,0.0,0
heldout_swe_b2_l26_s3,B2,pipelined,fixed,198.0,198.0,0.0,0
heldout_swe_b4_l26_s3,B2,pipelined,fixed,313.5,313.5,0.0,0
heldout_swe_b8_l26_s3,B2,pipelined,fixed,379.5,379.5,0.0,0
heldout_swe_b16_l26_s3,B2,pipelined,fixed,462.0,462.0,0.0,0
heldout_swe_b2_l26_s7,B2,pipelined,fixed,231.0,231.0,0.0,0
heldout_swe_b4_l26_s7,B2,pipelined,fixed,297.0,297.0,0.0,0
heldout_swe_b8_l26_s7,B2,pipelined,fixed,363.0,363.0,0.0,0
heldout_swe_b16_l26_s7,B2,pipelined,fixed,379.5,379.5,0.0,0
heldout_swe_b2_l26_s11,B2,pipelined,fixed,231.0,231.0,0.0,0
heldout_swe_b4_l26_s11,B2,pipelined,fixed,412.5,412.5,0.0,0
heldout_swe_b8_l26_s11,B2,pipelined,fixed,313.5,313.5,0.0,0
heldout_swe_b16_l26_s11,B2,pipelined,fixed,495.0,495.0,0.0,0
v3_captured_mixed_heldout_bfcl_t64_l2,B2,pipelined,fixed,1072.5,1072.5,0.0,1
v3_captured_mixed_heldout_bfcl_t96_l2,B2,pipelined,fixed,1122.0,1122.0,0.0,1
v3_captured_mixed_heldout_bfcl_t128_l2,B2,pipelined,fixed,1188.0,1188.0,0.0,1
v3_captured_mixed_heldout_bfcl_t64_l13,B2,pipelined,fixed,990.0,990.0,0.0,1
v3_captured_mixed_heldout_bfcl_t96_l13,B2,pipelined,fixed,1105.5,1105.5,0.0,1
v3_captured_mixed_heldout_bfcl_t128_l13,B2,pipelined,fixed,1171.5,1171.5,0.0,2
v3_captured_mixed_heldout_bfcl_t64_l26,B2,pipelined,fixed,1056.0,1056.0,0.0,1
v3_captured_mixed_heldout_bfcl_t96_l26,B2,pipelined,fixed,1138.5,1138.5,0.0,1
v3_captured_mixed_heldout_bfcl_t128_l26,B2,pipelined,fixed,1188.0,1188.0,0.0,1
v3_captured_mixed_heldout_gpqa_t64_l2,B2,pipelined,fixed,1105.5,1105.5,0.0,1
v3_captured_mixed_heldout_gpqa_t96_l2,B2,pipelined,fixed,1155.0,1155.0,0.0,1
v3_captured_mixed_heldout_gpqa_t128_l2,B2,pipelined,fixed,1188.0,1188.0,0.0,1
v3_captured_mixed_heldout_gpqa_t64_l13,B2,pipelined,fixed,990.0,990.0,0.0,1
v3_captured_mixed_heldout_gpqa_t96_l13,B2,pipelined,fixed,1072.5,1072.5,0.0,1
v3_captured_mixed_heldout_gpqa_t128_l13,B2,pipelined,fixed,1122.0,1122.0,0.0,1
v3_captured_mixed_heldout_gpqa_t64_l26,B2,pipelined,fixed,1105.5,1105.5,0.0,1
v3_captured_mixed_heldout_gpqa_t96_l26,B2,pipelined,fixed,1155.0,1155.0,0.0,1
v3_captured_mixed_heldout_gpqa_t128_l26,B2,pipelined,fixed,1188.0,1188.0,0.0,1
v3_captured_mixed_heldout_swe_t64_l2,B2,pipelined,fixed,1089.0,1089.0,0.0,1
v3_captured_mixed_heldout_swe_t96_l2,B2,pipelined,fixed,1138.5,1138.5,0.0,1
v3_captured_mixed_heldout_swe_t128_l2,B2,pipelined,fixed,1188.0,1188.0,0.0,1
v3_captured_mixed_heldout_swe_t64_l13,B2,pipelined,fixed,924.0,924.0,0.0,1
v3_captured_mixed_heldout_swe_t96_l13,B2,pipelined,fixed,1056.0,1056.0,0.0,1
v3_captured_mixed_heldout_swe_t128_l13,B2,pipelined,fixed,1155.0,1155.0,0.0,1
v3_captured_mixed_heldout_swe_t64_l26,B2,pipelined,fixed,1039.5,1039.5,0.0,1
v3_captured_mixed_heldout_swe_t96_l26,B2,pipelined,fixed,1089.0,1089.0,0.0,1
v3_captured_mixed_heldout_swe_t128_l26,B2,pipelined,fixed,1188.0,1188.0,0.0,1
heldout_bfcl_b2_l2_s3,B2,pipelined,milp,231.0,231.0,0.0,0
heldout_bfcl_b4_l2_s3,B2,pipelined,milp,330.0,330.0,0.0,0
heldout_bfcl_b8_l2_s3,B2,pipelined,milp,445.5,445.5,0.0,0
heldout_bfcl_b16_l2_s3,B2,pipelined,milp,594.0,594.0,0.0,0
heldout_bfcl_b2_l2_s7,B2,pipelined,milp,231.0,231.0,0.0,0
heldout_bfcl_b4_l2_s7,B2,pipelined,milp,363.0,363.0,0.0,0
heldout_bfcl_b8_l2_s7,B2,pipelined,milp,495.0,495.0,0.0,0
heldout_bfcl_b16_l2_s7,B2,pipelined,milp,742.5,742.5,0.0,0
heldout_bfcl_b2_l2_s11,B2,pipelined,milp,165.0,165.0,0.0,0
heldout_bfcl_b4_l2_s11,B2,pipelined,milp,363.0,363.0,0.0,0
heldout_bfcl_b8_l2_s11,B2,pipelined,milp,511.5,511.5,0.0,0
heldout_bfcl_b16_l2_s11,B2,pipelined,milp,841.5,841.5,0.0,0
heldout_bfcl_b2_l13_s3,B2,pipelined,milp,198.0,198.0,0.0,0
heldout_bfcl_b4_l13_s3,B2,pipelined,milp,396.0,396.0,0.0,0
heldout_bfcl_b8_l13_s3,B2,pipelined,milp,478.5,478.5,0.0,0
heldout_bfcl_b16_l13_s3,B2,pipelined,milp,660.0,660.0,0.0,0
heldout_bfcl_b2_l13_s7,B2,pipelined,milp,231.0,231.0,0.0,0
heldout_bfcl_b4_l13_s7,B2,pipelined,milp,363.0,363.0,0.0,0
heldout_bfcl_b8_l13_s7,B2,pipelined,milp,528.0,528.0,0.0,0
heldout_bfcl_b16_l13_s7,B2,pipelined,milp,660.0,660.0,0.0,0
heldout_bfcl_b2_l13_s11,B2,pipelined,milp,148.5,148.5,0.0,0
heldout_bfcl_b4_l13_s11,B2,pipelined,milp,346.5,346.5,0.0,0
heldout_bfcl_b8_l13_s11,B2,pipelined,milp,445.5,445.5,0.0,0
heldout_bfcl_b16_l13_s11,B2,pipelined,milp,775.5,775.5,0.0,0
heldout_bfcl_b2_l26_s3,B2,pipelined,milp,214.5,214.5,0.0,0
heldout_bfcl_b4_l26_s3,B2,pipelined,milp,396.0,396.0,0.0,0
heldout_bfcl_b8_l26_s3,B2,pipelined,milp,511.5,511.5,0.0,0
heldout_bfcl_b16_l26_s3,B2,pipelined,milp,759.0,759.0,0.0,0
heldout_bfcl_b2_l26_s7,B2,pipelined,milp,198.0,198.0,0.0,0
heldout_bfcl_b4_l26_s7,B2,pipelined,milp,396.0,396.0,0.0,0
heldout_bfcl_b8_l26_s7,B2,pipelined,milp,561.0,561.0,0.0,0
heldout_bfcl_b16_l26_s7,B2,pipelined,milp,693.0,693.0,0.0,0
heldout_bfcl_b2_l26_s11,B2,pipelined,milp,165.0,165.0,0.0,0
heldout_bfcl_b4_l26_s11,B2,pipelined,milp,363.0,363.0,0.0,0
heldout_bfcl_b8_l26_s11,B2,pipelined,milp,544.5,544.5,0.0,0
heldout_bfcl_b16_l26_s11,B2,pipelined,milp,792.0,792.0,0.0,0
heldout_gpqa_b2_l2_s3,B2,pipelined,milp,214.5,214.5,0.0,0
heldout_gpqa_b4_l2_s3,B2,pipelined,milp,297.0,297.0,0.0,0
heldout_gpqa_b8_l2_s3,B2,pipelined,milp,379.5,379.5,0.0,0
heldout_gpqa_b16_l2_s3,B2,pipelined,milp,462.0,462.0,0.0,0
heldout_gpqa_b2_l2_s7,B2,pipelined,milp,231.0,231.0,0.0,0
heldout_gpqa_b4_l2_s7,B2,pipelined,milp,396.0,396.0,0.0,0
heldout_gpqa_b8_l2_s7,B2,pipelined,milp,561.0,561.0,0.0,0
heldout_gpqa_b16_l2_s7,B2,pipelined,milp,775.5,775.5,0.0,0
heldout_gpqa_b2_l2_s11,B2,pipelined,milp,181.5,181.5,0.0,0
heldout_gpqa_b4_l2_s11,B2,pipelined,milp,379.5,379.5,0.0,0
heldout_gpqa_b8_l2_s11,B2,pipelined,milp,627.0,627.0,0.0,0
heldout_gpqa_b16_l2_s11,B2,pipelined,milp,825.0,825.0,0.0,0
heldout_gpqa_b2_l13_s3,B2,pipelined,milp,214.5,214.5,0.0,0
heldout_gpqa_b4_l13_s3,B2,pipelined,milp,313.5,313.5,0.0,0
heldout_gpqa_b8_l13_s3,B2,pipelined,milp,462.0,462.0,0.0,0
heldout_gpqa_b16_l13_s3,B2,pipelined,milp,528.0,528.0,0.0,0
heldout_gpqa_b2_l13_s7,B2,pipelined,milp,214.5,214.5,0.0,0
heldout_gpqa_b4_l13_s7,B2,pipelined,milp,379.5,379.5,0.0,0
heldout_gpqa_b8_l13_s7,B2,pipelined,milp,577.5,577.5,0.0,0
heldout_gpqa_b16_l13_s7,B2,pipelined,milp,726.0,726.0,0.0,0
heldout_gpqa_b2_l13_s11,B2,pipelined,milp,148.5,148.5,0.0,0
heldout_gpqa_b4_l13_s11,B2,pipelined,milp,396.0,396.0,0.0,0
heldout_gpqa_b8_l13_s11,B2,pipelined,milp,495.0,495.0,0.0,0
heldout_gpqa_b16_l13_s11,B2,pipelined,milp,742.5,742.5,0.0,0
heldout_gpqa_b2_l26_s3,B2,pipelined,milp,231.0,231.0,0.0,0
heldout_gpqa_b4_l26_s3,B2,pipelined,milp,280.5,280.5,0.0,0
heldout_gpqa_b8_l26_s3,B2,pipelined,milp,412.5,412.5,0.0,0
heldout_gpqa_b16_l26_s3,B2,pipelined,milp,561.0,561.0,0.0,0
heldout_gpqa_b2_l26_s7,B2,pipelined,milp,231.0,231.0,0.0,0
heldout_gpqa_b4_l26_s7,B2,pipelined,milp,379.5,379.5,0.0,0
heldout_gpqa_b8_l26_s7,B2,pipelined,milp,561.0,561.0,0.0,0
heldout_gpqa_b16_l26_s7,B2,pipelined,milp,759.0,759.0,0.0,0
heldout_gpqa_b2_l26_s11,B2,pipelined,milp,214.5,214.5,0.0,0
heldout_gpqa_b4_l26_s11,B2,pipelined,milp,412.5,412.5,0.0,0
heldout_gpqa_b8_l26_s11,B2,pipelined,milp,561.0,561.0,0.0,0
heldout_gpqa_b16_l26_s11,B2,pipelined,milp,825.0,825.0,0.0,0
heldout_swe_b2_l2_s3,B2,pipelined,milp,214.5,214.5,0.0,0
heldout_swe_b4_l2_s3,B2,pipelined,milp,247.5,247.5,0.0,0
heldout_swe_b8_l2_s3,B2,pipelined,milp,280.5,280.5,0.0,0
heldout_swe_b16_l2_s3,B2,pipelined,milp,330.0,330.0,0.0,0
heldout_swe_b2_l2_s7,B2,pipelined,milp,214.5,214.5,0.0,0
heldout_swe_b4_l2_s7,B2,pipelined,milp,280.5,280.5,0.0,0
heldout_swe_b8_l2_s7,B2,pipelined,milp,297.0,297.0,0.0,0
heldout_swe_b16_l2_s7,B2,pipelined,milp,363.0,363.0,0.0,0
heldout_swe_b2_l2_s11,B2,pipelined,milp,214.5,214.5,0.0,0
heldout_swe_b4_l2_s11,B2,pipelined,milp,346.5,346.5,0.0,0
heldout_swe_b8_l2_s11,B2,pipelined,milp,313.5,313.5,0.0,0
heldout_swe_b16_l2_s11,B2,pipelined,milp,462.0,462.0,0.0,0
heldout_swe_b2_l13_s3,B2,pipelined,milp,231.0,231.0,0.0,0
heldout_swe_b4_l13_s3,B2,pipelined,milp,313.5,313.5,0.0,0
heldout_swe_b8_l13_s3,B2,pipelined,milp,330.0,330.0,0.0,0
heldout_swe_b16_l13_s3,B2,pipelined,milp,346.5,346.5,0.0,0
heldout_swe_b2_l13_s7,B2,pipelined,milp,231.0,231.0,0.0,0
heldout_swe_b4_l13_s7,B2,pipelined,milp,346.5,346.5,0.0,0
heldout_swe_b8_l13_s7,B2,pipelined,milp,346.5,346.5,0.0,0
heldout_swe_b16_l13_s7,B2,pipelined,milp,363.0,363.0,0.0,0
heldout_swe_b2_l13_s11,B2,pipelined,milp,198.0,198.0,0.0,0
heldout_swe_b4_l13_s11,B2,pipelined,milp,363.0,363.0,0.0,0
heldout_swe_b8_l13_s11,B2,pipelined,milp,313.5,313.5,0.0,0
heldout_swe_b16_l13_s11,B2,pipelined,milp,462.0,462.0,0.0,0
heldout_swe_b2_l26_s3,B2,pipelined,milp,198.0,198.0,0.0,0
heldout_swe_b4_l26_s3,B2,pipelined,milp,313.5,313.5,0.0,0
heldout_swe_b8_l26_s3,B2,pipelined,milp,379.5,379.5,0.0,0
heldout_swe_b16_l26_s3,B2,pipelined,milp,462.0,462.0,0.0,0
heldout_swe_b2_l26_s7,B2,pipelined,milp,231.0,231.0,0.0,0
heldout_swe_b4_l26_s7,B2,pipelined,milp,297.0,297.0,0.0,0
heldout_swe_b8_l26_s7,B2,pipelined,milp,363.0,363.0,0.0,0
heldout_swe_b16_l26_s7,B2,pipelined,milp,379.5,379.5,0.0,0
heldout_swe_b2_l26_s11,B2,pipelined,milp,231.0,231.0,0.0,0
heldout_swe_b4_l26_s11,B2,pipelined,milp,412.5,412.5,0.0,0
heldout_swe_b8_l26_s11,B2,pipelined,milp,313.5,313.5,0.0,0
heldout_swe_b16_l26_s11,B2,pipelined,milp,495.0,495.0,0.0,0
v3_captured_mixed_heldout_bfcl_t64_l2,B2,pipelined,milp,1072.5,1072.5,0.0,1
v3_captured_mixed_heldout_bfcl_t96_l2,B2,pipelined,milp,1122.0,1122.0,0.0,1
v3_captured_mixed_heldout_bfcl_t128_l2,B2,pipelined,milp,1188.0,1188.0,0.0,1
v3_captured_mixed_heldout_bfcl_t64_l13,B2,pipelined,milp,990.0,990.0,0.0,1
v3_captured_mixed_heldout_bfcl_t96_l13,B2,pipelined,milp,1105.5,1105.5,0.0,1
v3_captured_mixed_heldout_bfcl_t128_l13,B2,pipelined,milp,1171.5,1171.5,0.0,2
v3_captured_mixed_heldout_bfcl_t64_l26,B2,pipelined,milp,1056.0,1056.0,0.0,1
v3_captured_mixed_heldout_bfcl_t96_l26,B2,pipelined,milp,1138.5,1138.5,0.0,1
v3_captured_mixed_heldout_bfcl_t128_l26,B2,pipelined,milp,1188.0,1188.0,0.0,1
v3_captured_mixed_heldout_gpqa_t64_l2,B2,pipelined,milp,1105.5,1105.5,0.0,1
v3_captured_mixed_heldout_gpqa_t96_l2,B2,pipelined,milp,1155.0,1155.0,0.0,1
v3_captured_mixed_heldout_gpqa_t128_l2,B2,pipelined,milp,1188.0,1188.0,0.0,1
v3_captured_mixed_heldout_gpqa_t64_l13,B2,pipelined,milp,990.0,990.0,0.0,1
v3_captured_mixed_heldout_gpqa_t96_l13,B2,pipelined,milp,1072.5,1072.5,0.0,1
v3_captured_mixed_heldout_gpqa_t128_l13,B2,pipelined,milp,1122.0,1122.0,0.0,1
v3_captured_mixed_heldout_gpqa_t64_l26,B2,pipelined,milp,1105.5,1105.5,0.0,1
v3_captured_mixed_heldout_gpqa_t96_l26,B2,pipelined,milp,1155.0,1155.0,0.0,1
v3_captured_mixed_heldout_gpqa_t128_l26,B2,pipelined,milp,1188.0,1188.0,0.0,1
v3_captured_mixed_heldout_swe_t64_l2,B2,pipelined,milp,1089.0,1089.0,0.0,1
v3_captured_mixed_heldout_swe_t96_l2,B2,pipelined,milp,1138.5,1138.5,0.0,1
v3_captured_mixed_heldout_swe_t128_l2,B2,pipelined,milp,1188.0,1188.0,0.0,1
v3_captured_mixed_heldout_swe_t64_l13,B2,pipelined,milp,924.0,924.0,0.0,1
v3_captured_mixed_heldout_swe_t96_l13,B2,pipelined,milp,1056.0,1056.0,0.0,1
v3_captured_mixed_heldout_swe_t128_l13,B2,pipelined,milp,1155.0,1155.0,0.0,1
v3_captured_mixed_heldout_swe_t64_l26,B2,pipelined,milp,1039.5,1039.5,0.0,1
v3_captured_mixed_heldout_swe_t96_l26,B2,pipelined,milp,1089.0,1089.0,0.0,1
v3_captured_mixed_heldout_swe_t128_l26,B2,pipelined,milp,1188.0,1188.0,0.0,1
heldout_bfcl_b2_l2_s3,H51,pipelined,eft_old,231.0,231.0,0.0,0
heldout_bfcl_b4_l2_s3,H51,pipelined,eft_old,330.0,330.0,0.0,0
heldout_bfcl_b8_l2_s3,H51,pipelined,eft_old,445.5,445.5,0.0,0
heldout_bfcl_b16_l2_s3,H51,pipelined,eft_old,594.0,594.0,0.0,0
heldout_bfcl_b2_l2_s7,H51,pipelined,eft_old,231.0,231.0,0.0,0
heldout_bfcl_b4_l2_s7,H51,pipelined,eft_old,363.0,363.0,0.0,0
heldout_bfcl_b8_l2_s7,H51,pipelined,eft_old,495.0,495.0,0.0,0
heldout_bfcl_b16_l2_s7,H51,pipelined,eft_old,742.5,742.5,0.0,0
heldout_bfcl_b2_l2_s11,H51,pipelined,eft_old,165.0,165.0,0.0,0
heldout_bfcl_b4_l2_s11,H51,pipelined,eft_old,363.0,363.0,0.0,0
heldout_bfcl_b8_l2_s11,H51,pipelined,eft_old,511.5,511.5,0.0,0
heldout_bfcl_b16_l2_s11,H51,pipelined,eft_old,841.5,841.5,0.0,0
heldout_bfcl_b2_l13_s3,H51,pipelined,eft_old,198.0,198.0,0.0,0
heldout_bfcl_b4_l13_s3,H51,pipelined,eft_old,396.0,396.0,0.0,0
heldout_bfcl_b8_l13_s3,H51,pipelined,eft_old,478.5,478.5,0.0,0
heldout_bfcl_b16_l13_s3,H51,pipelined,eft_old,660.0,660.0,0.0,0
heldout_bfcl_b2_l13_s7,H51,pipelined,eft_old,231.0,231.0,0.0,0
heldout_bfcl_b4_l13_s7,H51,pipelined,eft_old,363.0,363.0,0.0,0
heldout_bfcl_b8_l13_s7,H51,pipelined,eft_old,528.0,528.0,0.0,0
heldout_bfcl_b16_l13_s7,H51,pipelined,eft_old,660.0,660.0,0.0,0
heldout_bfcl_b2_l13_s11,H51,pipelined,eft_old,148.5,148.5,0.0,0
heldout_bfcl_b4_l13_s11,H51,pipelined,eft_old,346.5,346.5,0.0,0
heldout_bfcl_b8_l13_s11,H51,pipelined,eft_old,445.5,445.5,0.0,0
heldout_bfcl_b16_l13_s11,H51,pipelined,eft_old,775.5,775.5,0.0,0
heldout_bfcl_b2_l26_s3,H51,pipelined,eft_old,214.5,214.5,0.0,0
heldout_bfcl_b4_l26_s3,H51,pipelined,eft_old,396.0,396.0,0.0,0
heldout_bfcl_b8_l26_s3,H51,pipelined,eft_old,511.5,511.5,0.0,0
heldout_bfcl_b16_l26_s3,H51,pipelined,eft_old,759.0,759.0,0.0,0
heldout_bfcl_b2_l26_s7,H51,pipelined,eft_old,198.0,198.0,0.0,0
heldout_bfcl_b4_l26_s7,H51,pipelined,eft_old,396.0,396.0,0.0,0
heldout_bfcl_b8_l26_s7,H51,pipelined,eft_old,561.0,561.0,0.0,0
heldout_bfcl_b16_l26_s7,H51,pipelined,eft_old,693.0,693.0,0.0,0
heldout_bfcl_b2_l26_s11,H51,pipelined,eft_old,165.0,165.0,0.0,0
heldout_bfcl_b4_l26_s11,H51,pipelined,eft_old,363.0,363.0,0.0,0
heldout_bfcl_b8_l26_s11,H51,pipelined,eft_old,544.5,544.5,0.0,0
heldout_bfcl_b16_l26_s11,H51,pipelined,eft_old,792.0,792.0,0.0,0
heldout_gpqa_b2_l2_s3,H51,pipelined,eft_old,214.5,214.5,0.0,0
heldout_gpqa_b4_l2_s3,H51,pipelined,eft_old,297.0,297.0,0.0,0
heldout_gpqa_b8_l2_s3,H51,pipelined,eft_old,379.5,379.5,0.0,0
heldout_gpqa_b16_l2_s3,H51,pipelined,eft_old,462.0,462.0,0.0,0
heldout_gpqa_b2_l2_s7,H51,pipelined,eft_old,231.0,231.0,0.0,0
heldout_gpqa_b4_l2_s7,H51,pipelined,eft_old,396.0,396.0,0.0,0
heldout_gpqa_b8_l2_s7,H51,pipelined,eft_old,561.0,561.0,0.0,0
heldout_gpqa_b16_l2_s7,H51,pipelined,eft_old,775.5,775.5,0.0,0
heldout_gpqa_b2_l2_s11,H51,pipelined,eft_old,181.5,181.5,0.0,0
heldout_gpqa_b4_l2_s11,H51,pipelined,eft_old,379.5,379.5,0.0,0
heldout_gpqa_b8_l2_s11,H51,pipelined,eft_old,627.0,627.0,0.0,0
heldout_gpqa_b16_l2_s11,H51,pipelined,eft_old,825.0,825.0,0.0,0
heldout_gpqa_b2_l13_s3,H51,pipelined,eft_old,214.5,214.5,0.0,0
heldout_gpqa_b4_l13_s3,H51,pipelined,eft_old,313.5,313.5,0.0,0
heldout_gpqa_b8_l13_s3,H51,pipelined,eft_old,462.0,462.0,0.0,0
heldout_gpqa_b16_l13_s3,H51,pipelined,eft_old,528.0,528.0,0.0,0
heldout_gpqa_b2_l13_s7,H51,pipelined,eft_old,214.5,214.5,0.0,0
heldout_gpqa_b4_l13_s7,H51,pipelined,eft_old,379.5,379.5,0.0,0
heldout_gpqa_b8_l13_s7,H51,pipelined,eft_old,577.5,577.5,0.0,0
heldout_gpqa_b16_l13_s7,H51,pipelined,eft_old,726.0,726.0,0.0,0
heldout_gpqa_b2_l13_s11,H51,pipelined,eft_old,148.5,148.5,0.0,0
heldout_gpqa_b4_l13_s11,H51,pipelined,eft_old,396.0,396.0,0.0,0
heldout_gpqa_b8_l13_s11,H51,pipelined,eft_old,495.0,495.0,0.0,0
heldout_gpqa_b16_l13_s11,H51,pipelined,eft_old,742.5,742.5,0.0,0
heldout_gpqa_b2_l26_s3,H51,pipelined,eft_old,231.0,231.0,0.0,0
heldout_gpqa_b4_l26_s3,H51,pipelined,eft_old,280.5,280.5,0.0,0
heldout_gpqa_b8_l26_s3,H51,pipelined,eft_old,412.5,412.5,0.0,0
heldout_gpqa_b16_l26_s3,H51,pipelined,eft_old,561.0,561.0,0.0,0
heldout_gpqa_b2_l26_s7,H51,pipelined,eft_old,231.0,231.0,0.0,0
heldout_gpqa_b4_l26_s7,H51,pipelined,eft_old,379.5,379.5,0.0,0
heldout_gpqa_b8_l26_s7,H51,pipelined,eft_old,561.0,561.0,0.0,0
heldout_gpqa_b16_l26_s7,H51,pipelined,eft_old,759.0,759.0,0.0,0
heldout_gpqa_b2_l26_s11,H51,pipelined,eft_old,214.5,214.5,0.0,0
heldout_gpqa_b4_l26_s11,H51,pipelined,eft_old,412.5,412.5,0.0,0
heldout_gpqa_b8_l26_s11,H51,pipelined,eft_old,561.0,561.0,0.0,0
heldout_gpqa_b16_l26_s11,H51,pipelined,eft_old,825.0,825.0,0.0,0
heldout_swe_b2_l2_s3,H51,pipelined,eft_old,214.5,214.5,0.0,0
heldout_swe_b4_l2_s3,H51,pipelined,eft_old,247.5,247.5,0.0,0
heldout_swe_b8_l2_s3,H51,pipelined,eft_old,280.5,280.5,0.0,0
heldout_swe_b16_l2_s3,H51,pipelined,eft_old,330.0,330.0,0.0,0
heldout_swe_b2_l2_s7,H51,pipelined,eft_old,214.5,214.5,0.0,0
heldout_swe_b4_l2_s7,H51,pipelined,eft_old,280.5,280.5,0.0,0
heldout_swe_b8_l2_s7,H51,pipelined,eft_old,297.0,297.0,0.0,0
heldout_swe_b16_l2_s7,H51,pipelined,eft_old,363.0,363.0,0.0,0
heldout_swe_b2_l2_s11,H51,pipelined,eft_old,214.5,214.5,0.0,0
heldout_swe_b4_l2_s11,H51,pipelined,eft_old,346.5,346.5,0.0,0
heldout_swe_b8_l2_s11,H51,pipelined,eft_old,313.5,313.5,0.0,0
heldout_swe_b16_l2_s11,H51,pipelined,eft_old,462.0,462.0,0.0,0
heldout_swe_b2_l13_s3,H51,pipelined,eft_old,231.0,231.0,0.0,0
heldout_swe_b4_l13_s3,H51,pipelined,eft_old,313.5,313.5,0.0,0
heldout_swe_b8_l13_s3,H51,pipelined,eft_old,330.0,330.0,0.0,0
heldout_swe_b16_l13_s3,H51,pipelined,eft_old,346.5,346.5,0.0,0
heldout_swe_b2_l13_s7,H51,pipelined,eft_old,231.0,231.0,0.0,0
heldout_swe_b4_l13_s7,H51,pipelined,eft_old,346.5,346.5,0.0,0
heldout_swe_b8_l13_s7,H51,pipelined,eft_old,346.5,346.5,0.0,0
heldout_swe_b16_l13_s7,H51,pipelined,eft_old,363.0,363.0,0.0,0
heldout_swe_b2_l13_s11,H51,pipelined,eft_old,198.0,198.0,0.0,0
heldout_swe_b4_l13_s11,H51,pipelined,eft_old,363.0,363.0,0.0,0
heldout_swe_b8_l13_s11,H51,pipelined,eft_old,313.5,313.5,0.0,0
heldout_swe_b16_l13_s11,H51,pipelined,eft_old,462.0,462.0,0.0,0
heldout_swe_b2_l26_s3,H51,pipelined,eft_old,198.0,198.0,0.0,0
heldout_swe_b4_l26_s3,H51,pipelined,eft_old,313.5,313.5,0.0,0
heldout_swe_b8_l26_s3,H51,pipelined,eft_old,379.5,379.5,0.0,0
heldout_swe_b16_l26_s3,H51,pipelined,eft_old,462.0,462.0,0.0,0
heldout_swe_b2_l26_s7,H51,pipelined,eft_old,231.0,231.0,0.0,0
heldout_swe_b4_l26_s7,H51,pipelined,eft_old,297.0,297.0,0.0,0
heldout_swe_b8_l26_s7,H51,pipelined,eft_old,363.0,363.0,0.0,0
heldout_swe_b16_l26_s7,H51,pipelined,eft_old,379.5,379.5,0.0,0
heldout_swe_b2_l26_s11,H51,pipelined,eft_old,231.0,231.0,0.0,0
heldout_swe_b4_l26_s11,H51,pipelined,eft_old,412.5,412.5,0.0,0
heldout_swe_b8_l26_s11,H51,pipelined,eft_old,313.5,313.5,0.0,0
heldout_swe_b16_l26_s11,H51,pipelined,eft_old,495.0,495.0,0.0,0
v3_captured_mixed_heldout_bfcl_t64_l2,H51,pipelined,eft_old,1072.5,1072.5,0.0,1
v3_captured_mixed_heldout_bfcl_t96_l2,H51,pipelined,eft_old,1089.0,1089.0,0.0,1
v3_captured_mixed_heldout_bfcl_t128_l2,H51,pipelined,eft_old,1155.0,1155.0,0.0,1
v3_captured_mixed_heldout_bfcl_t64_l13,H51,pipelined,eft_old,990.0,990.0,0.0,1
v3_captured_mixed_heldout_bfcl_t96_l13,H51,pipelined,eft_old,1072.5,1072.5,0.0,1
v3_captured_mixed_heldout_bfcl_t128_l13,H51,pipelined,eft_old,1138.5,1122.0,1.4705882352941124,2
v3_captured_mixed_heldout_bfcl_t64_l26,H51,pipelined,eft_old,1056.0,1056.0,0.0,1
v3_captured_mixed_heldout_bfcl_t96_l26,H51,pipelined,eft_old,1105.5,1105.5,0.0,1
v3_captured_mixed_heldout_bfcl_t128_l26,H51,pipelined,eft_old,1155.0,1155.0,0.0,1
v3_captured_mixed_heldout_gpqa_t64_l2,H51,pipelined,eft_old,1105.5,1105.5,0.0,1
v3_captured_mixed_heldout_gpqa_t96_l2,H51,pipelined,eft_old,1122.0,1122.0,0.0,1
v3_captured_mixed_heldout_gpqa_t128_l2,H51,pipelined,eft_old,1155.0,1155.0,0.0,1
v3_captured_mixed_heldout_gpqa_t64_l13,H51,pipelined,eft_old,990.0,990.0,0.0,1
v3_captured_mixed_heldout_gpqa_t96_l13,H51,pipelined,eft_old,1039.5,1039.5,0.0,1
v3_captured_mixed_heldout_gpqa_t128_l13,H51,pipelined,eft_old,1089.0,1089.0,0.0,1
v3_captured_mixed_heldout_gpqa_t64_l26,H51,pipelined,eft_old,1105.5,1105.5,0.0,1
v3_captured_mixed_heldout_gpqa_t96_l26,H51,pipelined,eft_old,1122.0,1122.0,0.0,1
v3_captured_mixed_heldout_gpqa_t128_l26,H51,pipelined,eft_old,1155.0,1155.0,0.0,1
v3_captured_mixed_heldout_swe_t64_l2,H51,pipelined,eft_old,1089.0,1089.0,0.0,1
v3_captured_mixed_heldout_swe_t96_l2,H51,pipelined,eft_old,1105.5,1105.5,0.0,1
v3_captured_mixed_heldout_swe_t128_l2,H51,pipelined,eft_old,1155.0,1155.0,0.0,1
v3_captured_mixed_heldout_swe_t64_l13,H51,pipelined,eft_old,940.5,924.0,1.7857142857142794,2
v3_captured_mixed_heldout_swe_t96_l13,H51,pipelined,eft_old,1023.0,1023.0,0.0,1
v3_captured_mixed_heldout_swe_t128_l13,H51,pipelined,eft_old,1155.0,1122.0,2.941176470588225,2
v3_captured_mixed_heldout_swe_t64_l26,H51,pipelined,eft_old,1039.5,1039.5,0.0,1
v3_captured_mixed_heldout_swe_t96_l26,H51,pipelined,eft_old,1056.0,1056.0,0.0,1
v3_captured_mixed_heldout_swe_t128_l26,H51,pipelined,eft_old,1171.5,1155.0,1.4285714285714235,2
heldout_bfcl_b2_l2_s3,H51,pipelined,fixed,231.0,231.0,0.0,0
heldout_bfcl_b4_l2_s3,H51,pipelined,fixed,330.0,330.0,0.0,0
heldout_bfcl_b8_l2_s3,H51,pipelined,fixed,445.5,445.5,0.0,0
heldout_bfcl_b16_l2_s3,H51,pipelined,fixed,594.0,594.0,0.0,0
heldout_bfcl_b2_l2_s7,H51,pipelined,fixed,231.0,231.0,0.0,0
heldout_bfcl_b4_l2_s7,H51,pipelined,fixed,363.0,363.0,0.0,0
heldout_bfcl_b8_l2_s7,H51,pipelined,fixed,495.0,495.0,0.0,0
heldout_bfcl_b16_l2_s7,H51,pipelined,fixed,742.5,742.5,0.0,0
heldout_bfcl_b2_l2_s11,H51,pipelined,fixed,165.0,165.0,0.0,0
heldout_bfcl_b4_l2_s11,H51,pipelined,fixed,363.0,363.0,0.0,0
heldout_bfcl_b8_l2_s11,H51,pipelined,fixed,511.5,511.5,0.0,0
heldout_bfcl_b16_l2_s11,H51,pipelined,fixed,841.5,841.5,0.0,0
heldout_bfcl_b2_l13_s3,H51,pipelined,fixed,198.0,198.0,0.0,0
heldout_bfcl_b4_l13_s3,H51,pipelined,fixed,396.0,396.0,0.0,0
heldout_bfcl_b8_l13_s3,H51,pipelined,fixed,478.5,478.5,0.0,0
heldout_bfcl_b16_l13_s3,H51,pipelined,fixed,660.0,660.0,0.0,0
heldout_bfcl_b2_l13_s7,H51,pipelined,fixed,231.0,231.0,0.0,0
heldout_bfcl_b4_l13_s7,H51,pipelined,fixed,363.0,363.0,0.0,0
heldout_bfcl_b8_l13_s7,H51,pipelined,fixed,528.0,528.0,0.0,0
heldout_bfcl_b16_l13_s7,H51,pipelined,fixed,660.0,660.0,0.0,0
heldout_bfcl_b2_l13_s11,H51,pipelined,fixed,148.5,148.5,0.0,0
heldout_bfcl_b4_l13_s11,H51,pipelined,fixed,346.5,346.5,0.0,0
heldout_bfcl_b8_l13_s11,H51,pipelined,fixed,445.5,445.5,0.0,0
heldout_bfcl_b16_l13_s11,H51,pipelined,fixed,775.5,775.5,0.0,0
heldout_bfcl_b2_l26_s3,H51,pipelined,fixed,214.5,214.5,0.0,0
heldout_bfcl_b4_l26_s3,H51,pipelined,fixed,396.0,396.0,0.0,0
heldout_bfcl_b8_l26_s3,H51,pipelined,fixed,511.5,511.5,0.0,0
heldout_bfcl_b16_l26_s3,H51,pipelined,fixed,759.0,759.0,0.0,0
heldout_bfcl_b2_l26_s7,H51,pipelined,fixed,198.0,198.0,0.0,0
heldout_bfcl_b4_l26_s7,H51,pipelined,fixed,396.0,396.0,0.0,0
heldout_bfcl_b8_l26_s7,H51,pipelined,fixed,561.0,561.0,0.0,0
heldout_bfcl_b16_l26_s7,H51,pipelined,fixed,693.0,693.0,0.0,0
heldout_bfcl_b2_l26_s11,H51,pipelined,fixed,165.0,165.0,0.0,0
heldout_bfcl_b4_l26_s11,H51,pipelined,fixed,363.0,363.0,0.0,0
heldout_bfcl_b8_l26_s11,H51,pipelined,fixed,544.5,544.5,0.0,0
heldout_bfcl_b16_l26_s11,H51,pipelined,fixed,792.0,792.0,0.0,0
heldout_gpqa_b2_l2_s3,H51,pipelined,fixed,214.5,214.5,0.0,0
heldout_gpqa_b4_l2_s3,H51,pipelined,fixed,297.0,297.0,0.0,0
heldout_gpqa_b8_l2_s3,H51,pipelined,fixed,379.5,379.5,0.0,0
heldout_gpqa_b16_l2_s3,H51,pipelined,fixed,462.0,462.0,0.0,0
heldout_gpqa_b2_l2_s7,H51,pipelined,fixed,231.0,231.0,0.0,0
heldout_gpqa_b4_l2_s7,H51,pipelined,fixed,396.0,396.0,0.0,0
heldout_gpqa_b8_l2_s7,H51,pipelined,fixed,561.0,561.0,0.0,0
heldout_gpqa_b16_l2_s7,H51,pipelined,fixed,775.5,775.5,0.0,0
heldout_gpqa_b2_l2_s11,H51,pipelined,fixed,181.5,181.5,0.0,0
heldout_gpqa_b4_l2_s11,H51,pipelined,fixed,379.5,379.5,0.0,0
heldout_gpqa_b8_l2_s11,H51,pipelined,fixed,627.0,627.0,0.0,0
heldout_gpqa_b16_l2_s11,H51,pipelined,fixed,825.0,825.0,0.0,0
heldout_gpqa_b2_l13_s3,H51,pipelined,fixed,214.5,214.5,0.0,0
heldout_gpqa_b4_l13_s3,H51,pipelined,fixed,313.5,313.5,0.0,0
heldout_gpqa_b8_l13_s3,H51,pipelined,fixed,462.0,462.0,0.0,0
heldout_gpqa_b16_l13_s3,H51,pipelined,fixed,528.0,528.0,0.0,0
heldout_gpqa_b2_l13_s7,H51,pipelined,fixed,214.5,214.5,0.0,0
heldout_gpqa_b4_l13_s7,H51,pipelined,fixed,379.5,379.5,0.0,0
heldout_gpqa_b8_l13_s7,H51,pipelined,fixed,577.5,577.5,0.0,0
heldout_gpqa_b16_l13_s7,H51,pipelined,fixed,726.0,726.0,0.0,0
heldout_gpqa_b2_l13_s11,H51,pipelined,fixed,148.5,148.5,0.0,0
heldout_gpqa_b4_l13_s11,H51,pipelined,fixed,396.0,396.0,0.0,0
heldout_gpqa_b8_l13_s11,H51,pipelined,fixed,495.0,495.0,0.0,0
heldout_gpqa_b16_l13_s11,H51,pipelined,fixed,742.5,742.5,0.0,0
heldout_gpqa_b2_l26_s3,H51,pipelined,fixed,231.0,231.0,0.0,0
heldout_gpqa_b4_l26_s3,H51,pipelined,fixed,280.5,280.5,0.0,0
heldout_gpqa_b8_l26_s3,H51,pipelined,fixed,412.5,412.5,0.0,0
heldout_gpqa_b16_l26_s3,H51,pipelined,fixed,561.0,561.0,0.0,0
heldout_gpqa_b2_l26_s7,H51,pipelined,fixed,231.0,231.0,0.0,0
heldout_gpqa_b4_l26_s7,H51,pipelined,fixed,379.5,379.5,0.0,0
heldout_gpqa_b8_l26_s7,H51,pipelined,fixed,561.0,561.0,0.0,0
heldout_gpqa_b16_l26_s7,H51,pipelined,fixed,759.0,759.0,0.0,0
heldout_gpqa_b2_l26_s11,H51,pipelined,fixed,214.5,214.5,0.0,0
heldout_gpqa_b4_l26_s11,H51,pipelined,fixed,412.5,412.5,0.0,0
heldout_gpqa_b8_l26_s11,H51,pipelined,fixed,561.0,561.0,0.0,0
heldout_gpqa_b16_l26_s11,H51,pipelined,fixed,825.0,825.0,0.0,0
heldout_swe_b2_l2_s3,H51,pipelined,fixed,214.5,214.5,0.0,0
heldout_swe_b4_l2_s3,H51,pipelined,fixed,247.5,247.5,0.0,0
heldout_swe_b8_l2_s3,H51,pipelined,fixed,280.5,280.5,0.0,0
heldout_swe_b16_l2_s3,H51,pipelined,fixed,330.0,330.0,0.0,0
heldout_swe_b2_l2_s7,H51,pipelined,fixed,214.5,214.5,0.0,0
heldout_swe_b4_l2_s7,H51,pipelined,fixed,280.5,280.5,0.0,0
heldout_swe_b8_l2_s7,H51,pipelined,fixed,297.0,297.0,0.0,0
heldout_swe_b16_l2_s7,H51,pipelined,fixed,363.0,363.0,0.0,0
heldout_swe_b2_l2_s11,H51,pipelined,fixed,214.5,214.5,0.0,0
heldout_swe_b4_l2_s11,H51,pipelined,fixed,346.5,346.5,0.0,0
heldout_swe_b8_l2_s11,H51,pipelined,fixed,313.5,313.5,0.0,0
heldout_swe_b16_l2_s11,H51,pipelined,fixed,462.0,462.0,0.0,0
heldout_swe_b2_l13_s3,H51,pipelined,fixed,231.0,231.0,0.0,0
heldout_swe_b4_l13_s3,H51,pipelined,fixed,313.5,313.5,0.0,0
heldout_swe_b8_l13_s3,H51,pipelined,fixed,330.0,330.0,0.0,0
heldout_swe_b16_l13_s3,H51,pipelined,fixed,346.5,346.5,0.0,0
heldout_swe_b2_l13_s7,H51,pipelined,fixed,231.0,231.0,0.0,0
heldout_swe_b4_l13_s7,H51,pipelined,fixed,346.5,346.5,0.0,0
heldout_swe_b8_l13_s7,H51,pipelined,fixed,346.5,346.5,0.0,0
heldout_swe_b16_l13_s7,H51,pipelined,fixed,363.0,363.0,0.0,0
heldout_swe_b2_l13_s11,H51,pipelined,fixed,198.0,198.0,0.0,0
heldout_swe_b4_l13_s11,H51,pipelined,fixed,363.0,363.0,0.0,0
heldout_swe_b8_l13_s11,H51,pipelined,fixed,313.5,313.5,0.0,0
heldout_swe_b16_l13_s11,H51,pipelined,fixed,462.0,462.0,0.0,0
heldout_swe_b2_l26_s3,H51,pipelined,fixed,198.0,198.0,0.0,0
heldout_swe_b4_l26_s3,H51,pipelined,fixed,313.5,313.5,0.0,0
heldout_swe_b8_l26_s3,H51,pipelined,fixed,379.5,379.5,0.0,0
heldout_swe_b16_l26_s3,H51,pipelined,fixed,462.0,462.0,0.0,0
heldout_swe_b2_l26_s7,H51,pipelined,fixed,231.0,231.0,0.0,0
heldout_swe_b4_l26_s7,H51,pipelined,fixed,297.0,297.0,0.0,0
heldout_swe_b8_l26_s7,H51,pipelined,fixed,363.0,363.0,0.0,0
heldout_swe_b16_l26_s7,H51,pipelined,fixed,379.5,379.5,0.0,0
heldout_swe_b2_l26_s11,H51,pipelined,fixed,231.0,231.0,0.0,0
heldout_swe_b4_l26_s11,H51,pipelined,fixed,412.5,412.5,0.0,0
heldout_swe_b8_l26_s11,H51,pipelined,fixed,313.5,313.5,0.0,0
heldout_swe_b16_l26_s11,H51,pipelined,fixed,495.0,495.0,0.0,0
v3_captured_mixed_heldout_bfcl_t64_l2,H51,pipelined,fixed,1072.5,1072.5,0.0,1
v3_captured_mixed_heldout_bfcl_t96_l2,H51,pipelined,fixed,1089.0,1089.0,0.0,1
v3_captured_mixed_heldout_bfcl_t128_l2,H51,pipelined,fixed,1155.0,1155.0,0.0,1
v3_captured_mixed_heldout_bfcl_t64_l13,H51,pipelined,fixed,990.0,990.0,0.0,1
v3_captured_mixed_heldout_bfcl_t96_l13,H51,pipelined,fixed,1072.5,1072.5,0.0,1
v3_captured_mixed_heldout_bfcl_t128_l13,H51,pipelined,fixed,1122.0,1122.0,0.0,1
v3_captured_mixed_heldout_bfcl_t64_l26,H51,pipelined,fixed,1056.0,1056.0,0.0,1
v3_captured_mixed_heldout_bfcl_t96_l26,H51,pipelined,fixed,1105.5,1105.5,0.0,1
v3_captured_mixed_heldout_bfcl_t128_l26,H51,pipelined,fixed,1155.0,1155.0,0.0,1
v3_captured_mixed_heldout_gpqa_t64_l2,H51,pipelined,fixed,1105.5,1105.5,0.0,1
v3_captured_mixed_heldout_gpqa_t96_l2,H51,pipelined,fixed,1122.0,1122.0,0.0,1
v3_captured_mixed_heldout_gpqa_t128_l2,H51,pipelined,fixed,1155.0,1155.0,0.0,1
v3_captured_mixed_heldout_gpqa_t64_l13,H51,pipelined,fixed,990.0,990.0,0.0,1
v3_captured_mixed_heldout_gpqa_t96_l13,H51,pipelined,fixed,1039.5,1039.5,0.0,1
v3_captured_mixed_heldout_gpqa_t128_l13,H51,pipelined,fixed,1089.0,1089.0,0.0,1
v3_captured_mixed_heldout_gpqa_t64_l26,H51,pipelined,fixed,1105.5,1105.5,0.0,1
v3_captured_mixed_heldout_gpqa_t96_l26,H51,pipelined,fixed,1122.0,1122.0,0.0,1
v3_captured_mixed_heldout_gpqa_t128_l26,H51,pipelined,fixed,1155.0,1155.0,0.0,1
v3_captured_mixed_heldout_swe_t64_l2,H51,pipelined,fixed,1089.0,1089.0,0.0,1
v3_captured_mixed_heldout_swe_t96_l2,H51,pipelined,fixed,1105.5,1105.5,0.0,1
v3_captured_mixed_heldout_swe_t128_l2,H51,pipelined,fixed,1155.0,1155.0,0.0,1
v3_captured_mixed_heldout_swe_t64_l13,H51,pipelined,fixed,924.0,924.0,0.0,1
v3_captured_mixed_heldout_swe_t96_l13,H51,pipelined,fixed,1023.0,1023.0,0.0,1
v3_captured_mixed_heldout_swe_t128_l13,H51,pipelined,fixed,1122.0,1122.0,0.0,1
v3_captured_mixed_heldout_swe_t64_l26,H51,pipelined,fixed,1039.5,1039.5,0.0,1
v3_captured_mixed_heldout_swe_t96_l26,H51,pipelined,fixed,1056.0,1056.0,0.0,1
v3_captured_mixed_heldout_swe_t128_l26,H51,pipelined,fixed,1155.0,1155.0,0.0,1
heldout_bfcl_b2_l2_s3,H51,pipelined,milp,231.0,231.0,0.0,0
heldout_bfcl_b4_l2_s3,H51,pipelined,milp,330.0,330.0,0.0,0
heldout_bfcl_b8_l2_s3,H51,pipelined,milp,445.5,445.5,0.0,0
heldout_bfcl_b16_l2_s3,H51,pipelined,milp,594.0,594.0,0.0,0
heldout_bfcl_b2_l2_s7,H51,pipelined,milp,231.0,231.0,0.0,0
heldout_bfcl_b4_l2_s7,H51,pipelined,milp,363.0,363.0,0.0,0
heldout_bfcl_b8_l2_s7,H51,pipelined,milp,495.0,495.0,0.0,0
heldout_bfcl_b16_l2_s7,H51,pipelined,milp,742.5,742.5,0.0,0
heldout_bfcl_b2_l2_s11,H51,pipelined,milp,165.0,165.0,0.0,0
heldout_bfcl_b4_l2_s11,H51,pipelined,milp,363.0,363.0,0.0,0
heldout_bfcl_b8_l2_s11,H51,pipelined,milp,511.5,511.5,0.0,0
heldout_bfcl_b16_l2_s11,H51,pipelined,milp,841.5,841.5,0.0,0
heldout_bfcl_b2_l13_s3,H51,pipelined,milp,198.0,198.0,0.0,0
heldout_bfcl_b4_l13_s3,H51,pipelined,milp,396.0,396.0,0.0,0
heldout_bfcl_b8_l13_s3,H51,pipelined,milp,478.5,478.5,0.0,0
heldout_bfcl_b16_l13_s3,H51,pipelined,milp,660.0,660.0,0.0,0
heldout_bfcl_b2_l13_s7,H51,pipelined,milp,231.0,231.0,0.0,0
heldout_bfcl_b4_l13_s7,H51,pipelined,milp,363.0,363.0,0.0,0
heldout_bfcl_b8_l13_s7,H51,pipelined,milp,528.0,528.0,0.0,0
heldout_bfcl_b16_l13_s7,H51,pipelined,milp,660.0,660.0,0.0,0
heldout_bfcl_b2_l13_s11,H51,pipelined,milp,148.5,148.5,0.0,0
heldout_bfcl_b4_l13_s11,H51,pipelined,milp,346.5,346.5,0.0,0
heldout_bfcl_b8_l13_s11,H51,pipelined,milp,445.5,445.5,0.0,0
heldout_bfcl_b16_l13_s11,H51,pipelined,milp,775.5,775.5,0.0,0
heldout_bfcl_b2_l26_s3,H51,pipelined,milp,214.5,214.5,0.0,0
heldout_bfcl_b4_l26_s3,H51,pipelined,milp,396.0,396.0,0.0,0
heldout_bfcl_b8_l26_s3,H51,pipelined,milp,511.5,511.5,0.0,0
heldout_bfcl_b16_l26_s3,H51,pipelined,milp,759.0,759.0,0.0,0
heldout_bfcl_b2_l26_s7,H51,pipelined,milp,198.0,198.0,0.0,0
heldout_bfcl_b4_l26_s7,H51,pipelined,milp,396.0,396.0,0.0,0
heldout_bfcl_b8_l26_s7,H51,pipelined,milp,561.0,561.0,0.0,0
heldout_bfcl_b16_l26_s7,H51,pipelined,milp,693.0,693.0,0.0,0
heldout_bfcl_b2_l26_s11,H51,pipelined,milp,165.0,165.0,0.0,0
heldout_bfcl_b4_l26_s11,H51,pipelined,milp,363.0,363.0,0.0,0
heldout_bfcl_b8_l26_s11,H51,pipelined,milp,544.5,544.5,0.0,0
heldout_bfcl_b16_l26_s11,H51,pipelined,milp,792.0,792.0,0.0,0
heldout_gpqa_b2_l2_s3,H51,pipelined,milp,214.5,214.5,0.0,0
heldout_gpqa_b4_l2_s3,H51,pipelined,milp,297.0,297.0,0.0,0
heldout_gpqa_b8_l2_s3,H51,pipelined,milp,379.5,379.5,0.0,0
heldout_gpqa_b16_l2_s3,H51,pipelined,milp,462.0,462.0,0.0,0
heldout_gpqa_b2_l2_s7,H51,pipelined,milp,231.0,231.0,0.0,0
heldout_gpqa_b4_l2_s7,H51,pipelined,milp,396.0,396.0,0.0,0
heldout_gpqa_b8_l2_s7,H51,pipelined,milp,561.0,561.0,0.0,0
heldout_gpqa_b16_l2_s7,H51,pipelined,milp,775.5,775.5,0.0,0
heldout_gpqa_b2_l2_s11,H51,pipelined,milp,181.5,181.5,0.0,0
heldout_gpqa_b4_l2_s11,H51,pipelined,milp,379.5,379.5,0.0,0
heldout_gpqa_b8_l2_s11,H51,pipelined,milp,627.0,627.0,0.0,0
heldout_gpqa_b16_l2_s11,H51,pipelined,milp,825.0,825.0,0.0,0
heldout_gpqa_b2_l13_s3,H51,pipelined,milp,214.5,214.5,0.0,0
heldout_gpqa_b4_l13_s3,H51,pipelined,milp,313.5,313.5,0.0,0
heldout_gpqa_b8_l13_s3,H51,pipelined,milp,462.0,462.0,0.0,0
heldout_gpqa_b16_l13_s3,H51,pipelined,milp,528.0,528.0,0.0,0
heldout_gpqa_b2_l13_s7,H51,pipelined,milp,214.5,214.5,0.0,0
heldout_gpqa_b4_l13_s7,H51,pipelined,milp,379.5,379.5,0.0,0
heldout_gpqa_b8_l13_s7,H51,pipelined,milp,577.5,577.5,0.0,0
heldout_gpqa_b16_l13_s7,H51,pipelined,milp,726.0,726.0,0.0,0
heldout_gpqa_b2_l13_s11,H51,pipelined,milp,148.5,148.5,0.0,0
heldout_gpqa_b4_l13_s11,H51,pipelined,milp,396.0,396.0,0.0,0
heldout_gpqa_b8_l13_s11,H51,pipelined,milp,495.0,495.0,0.0,0
heldout_gpqa_b16_l13_s11,H51,pipelined,milp,742.5,742.5,0.0,0
heldout_gpqa_b2_l26_s3,H51,pipelined,milp,231.0,231.0,0.0,0
heldout_gpqa_b4_l26_s3,H51,pipelined,milp,280.5,280.5,0.0,0
heldout_gpqa_b8_l26_s3,H51,pipelined,milp,412.5,412.5,0.0,0
heldout_gpqa_b16_l26_s3,H51,pipelined,milp,561.0,561.0,0.0,0
heldout_gpqa_b2_l26_s7,H51,pipelined,milp,231.0,231.0,0.0,0
heldout_gpqa_b4_l26_s7,H51,pipelined,milp,379.5,379.5,0.0,0
heldout_gpqa_b8_l26_s7,H51,pipelined,milp,561.0,561.0,0.0,0
heldout_gpqa_b16_l26_s7,H51,pipelined,milp,759.0,759.0,0.0,0
heldout_gpqa_b2_l26_s11,H51,pipelined,milp,214.5,214.5,0.0,0
heldout_gpqa_b4_l26_s11,H51,pipelined,milp,412.5,412.5,0.0,0
heldout_gpqa_b8_l26_s11,H51,pipelined,milp,561.0,561.0,0.0,0
heldout_gpqa_b16_l26_s11,H51,pipelined,milp,825.0,825.0,0.0,0
heldout_swe_b2_l2_s3,H51,pipelined,milp,214.5,214.5,0.0,0
heldout_swe_b4_l2_s3,H51,pipelined,milp,247.5,247.5,0.0,0
heldout_swe_b8_l2_s3,H51,pipelined,milp,280.5,280.5,0.0,0
heldout_swe_b16_l2_s3,H51,pipelined,milp,330.0,330.0,0.0,0
heldout_swe_b2_l2_s7,H51,pipelined,milp,214.5,214.5,0.0,0
heldout_swe_b4_l2_s7,H51,pipelined,milp,280.5,280.5,0.0,0
heldout_swe_b8_l2_s7,H51,pipelined,milp,297.0,297.0,0.0,0
heldout_swe_b16_l2_s7,H51,pipelined,milp,363.0,363.0,0.0,0
heldout_swe_b2_l2_s11,H51,pipelined,milp,214.5,214.5,0.0,0
heldout_swe_b4_l2_s11,H51,pipelined,milp,346.5,346.5,0.0,0
heldout_swe_b8_l2_s11,H51,pipelined,milp,313.5,313.5,0.0,0
heldout_swe_b16_l2_s11,H51,pipelined,milp,462.0,462.0,0.0,0
heldout_swe_b2_l13_s3,H51,pipelined,milp,231.0,231.0,0.0,0
heldout_swe_b4_l13_s3,H51,pipelined,milp,313.5,313.5,0.0,0
heldout_swe_b8_l13_s3,H51,pipelined,milp,330.0,330.0,0.0,0
heldout_swe_b16_l13_s3,H51,pipelined,milp,346.5,346.5,0.0,0
heldout_swe_b2_l13_s7,H51,pipelined,milp,231.0,231.0,0.0,0
heldout_swe_b4_l13_s7,H51,pipelined,milp,346.5,346.5,0.0,0
heldout_swe_b8_l13_s7,H51,pipelined,milp,346.5,346.5,0.0,0
heldout_swe_b16_l13_s7,H51,pipelined,milp,363.0,363.0,0.0,0
heldout_swe_b2_l13_s11,H51,pipelined,milp,198.0,198.0,0.0,0
heldout_swe_b4_l13_s11,H51,pipelined,milp,363.0,363.0,0.0,0
heldout_swe_b8_l13_s11,H51,pipelined,milp,313.5,313.5,0.0,0
heldout_swe_b16_l13_s11,H51,pipelined,milp,462.0,462.0,0.0,0
heldout_swe_b2_l26_s3,H51,pipelined,milp,198.0,198.0,0.0,0
heldout_swe_b4_l26_s3,H51,pipelined,milp,313.5,313.5,0.0,0
heldout_swe_b8_l26_s3,H51,pipelined,milp,379.5,379.5,0.0,0
heldout_swe_b16_l26_s3,H51,pipelined,milp,462.0,462.0,0.0,0
heldout_swe_b2_l26_s7,H51,pipelined,milp,231.0,231.0,0.0,0
heldout_swe_b4_l26_s7,H51,pipelined,milp,297.0,297.0,0.0,0
heldout_swe_b8_l26_s7,H51,pipelined,milp,363.0,363.0,0.0,0
heldout_swe_b16_l26_s7,H51,pipelined,milp,379.5,379.5,0.0,0
heldout_swe_b2_l26_s11,H51,pipelined,milp,231.0,231.0,0.0,0
heldout_swe_b4_l26_s11,H51,pipelined,milp,412.5,412.5,0.0,0
heldout_swe_b8_l26_s11,H51,pipelined,milp,313.5,313.5,0.0,0
heldout_swe_b16_l26_s11,H51,pipelined,milp,495.0,495.0,0.0,0
v3_captured_mixed_heldout_bfcl_t64_l2,H51,pipelined,milp,1072.5,1072.5,0.0,1
v3_captured_mixed_heldout_bfcl_t96_l2,H51,pipelined,milp,1089.0,1089.0,0.0,1
v3_captured_mixed_heldout_bfcl_t128_l2,H51,pipelined,milp,1155.0,1155.0,0.0,1
v3_captured_mixed_heldout_bfcl_t64_l13,H51,pipelined,milp,990.0,990.0,0.0,1
v3_captured_mixed_heldout_bfcl_t96_l13,H51,pipelined,milp,1072.5,1072.5,0.0,1
v3_captured_mixed_heldout_bfcl_t128_l13,H51,pipelined,milp,1122.0,1122.0,0.0,1
v3_captured_mixed_heldout_bfcl_t64_l26,H51,pipelined,milp,1056.0,1056.0,0.0,1
v3_captured_mixed_heldout_bfcl_t96_l26,H51,pipelined,milp,1105.5,1105.5,0.0,1
v3_captured_mixed_heldout_bfcl_t128_l26,H51,pipelined,milp,1155.0,1155.0,0.0,1
v3_captured_mixed_heldout_gpqa_t64_l2,H51,pipelined,milp,1105.5,1105.5,0.0,1
v3_captured_mixed_heldout_gpqa_t96_l2,H51,pipelined,milp,1122.0,1122.0,0.0,1
v3_captured_mixed_heldout_gpqa_t128_l2,H51,pipelined,milp,1155.0,1155.0,0.0,1
v3_captured_mixed_heldout_gpqa_t64_l13,H51,pipelined,milp,990.0,990.0,0.0,1
v3_captured_mixed_heldout_gpqa_t96_l13,H51,pipelined,milp,1039.5,1039.5,0.0,1
v3_captured_mixed_heldout_gpqa_t128_l13,H51,pipelined,milp,1089.0,1089.0,0.0,1
v3_captured_mixed_heldout_gpqa_t64_l26,H51,pipelined,milp,1105.5,1105.5,0.0,1
v3_captured_mixed_heldout_gpqa_t96_l26,H51,pipelined,milp,1122.0,1122.0,0.0,1
v3_captured_mixed_heldout_gpqa_t128_l26,H51,pipelined,milp,1155.0,1155.0,0.0,1
v3_captured_mixed_heldout_swe_t64_l2,H51,pipelined,milp,1089.0,1089.0,0.0,1
v3_captured_mixed_heldout_swe_t96_l2,H51,pipelined,milp,1105.5,1105.5,0.0,1
v3_captured_mixed_heldout_swe_t128_l2,H51,pipelined,milp,1155.0,1155.0,0.0,1
v3_captured_mixed_heldout_swe_t64_l13,H51,pipelined,milp,924.0,924.0,0.0,1
v3_captured_mixed_heldout_swe_t96_l13,H51,pipelined,milp,1023.0,1023.0,0.0,1
v3_captured_mixed_heldout_swe_t128_l13,H51,pipelined,milp,1122.0,1122.0,0.0,1
v3_captured_mixed_heldout_swe_t64_l26,H51,pipelined,milp,1039.5,1039.5,0.0,1
v3_captured_mixed_heldout_swe_t96_l26,H51,pipelined,milp,1056.0,1056.0,0.0,1
v3_captured_mixed_heldout_swe_t128_l26,H51,pipelined,milp,1155.0,1155.0,0.0,1
heldout_bfcl_b2_l2_s3,H42,pipelined,eft_old,231.0,231.0,0.0,0
heldout_bfcl_b4_l2_s3,H42,pipelined,eft_old,330.0,330.0,0.0,0
heldout_bfcl_b8_l2_s3,H42,pipelined,eft_old,445.5,445.5,0.0,0
heldout_bfcl_b16_l2_s3,H42,pipelined,eft_old,594.0,594.0,0.0,0
heldout_bfcl_b2_l2_s7,H42,pipelined,eft_old,231.0,231.0,0.0,0
heldout_bfcl_b4_l2_s7,H42,pipelined,eft_old,363.0,363.0,0.0,0
heldout_bfcl_b8_l2_s7,H42,pipelined,eft_old,495.0,495.0,0.0,0
heldout_bfcl_b16_l2_s7,H42,pipelined,eft_old,742.5,742.5,0.0,0
heldout_bfcl_b2_l2_s11,H42,pipelined,eft_old,165.0,165.0,0.0,0
heldout_bfcl_b4_l2_s11,H42,pipelined,eft_old,363.0,363.0,0.0,0
heldout_bfcl_b8_l2_s11,H42,pipelined,eft_old,511.5,511.5,0.0,0
heldout_bfcl_b16_l2_s11,H42,pipelined,eft_old,841.5,841.5,0.0,0
heldout_bfcl_b2_l13_s3,H42,pipelined,eft_old,198.0,198.0,0.0,0
heldout_bfcl_b4_l13_s3,H42,pipelined,eft_old,396.0,396.0,0.0,0
heldout_bfcl_b8_l13_s3,H42,pipelined,eft_old,478.5,478.5,0.0,0
heldout_bfcl_b16_l13_s3,H42,pipelined,eft_old,660.0,660.0,0.0,0
heldout_bfcl_b2_l13_s7,H42,pipelined,eft_old,231.0,231.0,0.0,0
heldout_bfcl_b4_l13_s7,H42,pipelined,eft_old,363.0,363.0,0.0,0
heldout_bfcl_b8_l13_s7,H42,pipelined,eft_old,528.0,528.0,0.0,0
heldout_bfcl_b16_l13_s7,H42,pipelined,eft_old,660.0,660.0,0.0,0
heldout_bfcl_b2_l13_s11,H42,pipelined,eft_old,148.5,148.5,0.0,0
heldout_bfcl_b4_l13_s11,H42,pipelined,eft_old,346.5,346.5,0.0,0
heldout_bfcl_b8_l13_s11,H42,pipelined,eft_old,445.5,445.5,0.0,0
heldout_bfcl_b16_l13_s11,H42,pipelined,eft_old,775.5,775.5,0.0,0
heldout_bfcl_b2_l26_s3,H42,pipelined,eft_old,214.5,214.5,0.0,0
heldout_bfcl_b4_l26_s3,H42,pipelined,eft_old,396.0,396.0,0.0,0
heldout_bfcl_b8_l26_s3,H42,pipelined,eft_old,511.5,511.5,0.0,0
heldout_bfcl_b16_l26_s3,H42,pipelined,eft_old,759.0,759.0,0.0,0
heldout_bfcl_b2_l26_s7,H42,pipelined,eft_old,198.0,198.0,0.0,0
heldout_bfcl_b4_l26_s7,H42,pipelined,eft_old,396.0,396.0,0.0,0
heldout_bfcl_b8_l26_s7,H42,pipelined,eft_old,561.0,561.0,0.0,0
heldout_bfcl_b16_l26_s7,H42,pipelined,eft_old,693.0,693.0,0.0,0
heldout_bfcl_b2_l26_s11,H42,pipelined,eft_old,165.0,165.0,0.0,0
heldout_bfcl_b4_l26_s11,H42,pipelined,eft_old,363.0,363.0,0.0,0
heldout_bfcl_b8_l26_s11,H42,pipelined,eft_old,544.5,544.5,0.0,0
heldout_bfcl_b16_l26_s11,H42,pipelined,eft_old,792.0,792.0,0.0,0
heldout_gpqa_b2_l2_s3,H42,pipelined,eft_old,214.5,214.5,0.0,0
heldout_gpqa_b4_l2_s3,H42,pipelined,eft_old,297.0,297.0,0.0,0
heldout_gpqa_b8_l2_s3,H42,pipelined,eft_old,379.5,379.5,0.0,0
heldout_gpqa_b16_l2_s3,H42,pipelined,eft_old,462.0,462.0,0.0,0
heldout_gpqa_b2_l2_s7,H42,pipelined,eft_old,231.0,231.0,0.0,0
heldout_gpqa_b4_l2_s7,H42,pipelined,eft_old,396.0,396.0,0.0,0
heldout_gpqa_b8_l2_s7,H42,pipelined,eft_old,561.0,561.0,0.0,0
heldout_gpqa_b16_l2_s7,H42,pipelined,eft_old,775.5,775.5,0.0,0
heldout_gpqa_b2_l2_s11,H42,pipelined,eft_old,181.5,181.5,0.0,0
heldout_gpqa_b4_l2_s11,H42,pipelined,eft_old,379.5,379.5,0.0,0
heldout_gpqa_b8_l2_s11,H42,pipelined,eft_old,627.0,627.0,0.0,0
heldout_gpqa_b16_l2_s11,H42,pipelined,eft_old,825.0,825.0,0.0,0
heldout_gpqa_b2_l13_s3,H42,pipelined,eft_old,214.5,214.5,0.0,0
heldout_gpqa_b4_l13_s3,H42,pipelined,eft_old,313.5,313.5,0.0,0
heldout_gpqa_b8_l13_s3,H42,pipelined,eft_old,462.0,462.0,0.0,0
heldout_gpqa_b16_l13_s3,H42,pipelined,eft_old,528.0,528.0,0.0,0
heldout_gpqa_b2_l13_s7,H42,pipelined,eft_old,214.5,214.5,0.0,0
heldout_gpqa_b4_l13_s7,H42,pipelined,eft_old,379.5,379.5,0.0,0
heldout_gpqa_b8_l13_s7,H42,pipelined,eft_old,577.5,577.5,0.0,0
heldout_gpqa_b16_l13_s7,H42,pipelined,eft_old,726.0,726.0,0.0,0
heldout_gpqa_b2_l13_s11,H42,pipelined,eft_old,148.5,148.5,0.0,0
heldout_gpqa_b4_l13_s11,H42,pipelined,eft_old,396.0,396.0,0.0,0
heldout_gpqa_b8_l13_s11,H42,pipelined,eft_old,495.0,495.0,0.0,0
heldout_gpqa_b16_l13_s11,H42,pipelined,eft_old,742.5,742.5,0.0,0
heldout_gpqa_b2_l26_s3,H42,pipelined,eft_old,231.0,231.0,0.0,0
heldout_gpqa_b4_l26_s3,H42,pipelined,eft_old,280.5,280.5,0.0,0
heldout_gpqa_b8_l26_s3,H42,pipelined,eft_old,412.5,412.5,0.0,0
heldout_gpqa_b16_l26_s3,H42,pipelined,eft_old,561.0,561.0,0.0,0
heldout_gpqa_b2_l26_s7,H42,pipelined,eft_old,231.0,231.0,0.0,0
heldout_gpqa_b4_l26_s7,H42,pipelined,eft_old,379.5,379.5,0.0,0
heldout_gpqa_b8_l26_s7,H42,pipelined,eft_old,561.0,561.0,0.0,0
heldout_gpqa_b16_l26_s7,H42,pipelined,eft_old,759.0,759.0,0.0,0
heldout_gpqa_b2_l26_s11,H42,pipelined,eft_old,214.5,214.5,0.0,0
heldout_gpqa_b4_l26_s11,H42,pipelined,eft_old,412.5,412.5,0.0,0
heldout_gpqa_b8_l26_s11,H42,pipelined,eft_old,561.0,561.0,0.0,0
heldout_gpqa_b16_l26_s11,H42,pipelined,eft_old,825.0,825.0,0.0,0
heldout_swe_b2_l2_s3,H42,pipelined,eft_old,214.5,214.5,0.0,0
heldout_swe_b4_l2_s3,H42,pipelined,eft_old,247.5,247.5,0.0,0
heldout_swe_b8_l2_s3,H42,pipelined,eft_old,280.5,280.5,0.0,0
heldout_swe_b16_l2_s3,H42,pipelined,eft_old,330.0,330.0,0.0,0
heldout_swe_b2_l2_s7,H42,pipelined,eft_old,214.5,214.5,0.0,0
heldout_swe_b4_l2_s7,H42,pipelined,eft_old,280.5,280.5,0.0,0
heldout_swe_b8_l2_s7,H42,pipelined,eft_old,297.0,297.0,0.0,0
heldout_swe_b16_l2_s7,H42,pipelined,eft_old,363.0,363.0,0.0,0
heldout_swe_b2_l2_s11,H42,pipelined,eft_old,214.5,214.5,0.0,0
heldout_swe_b4_l2_s11,H42,pipelined,eft_old,346.5,346.5,0.0,0
heldout_swe_b8_l2_s11,H42,pipelined,eft_old,313.5,313.5,0.0,0
heldout_swe_b16_l2_s11,H42,pipelined,eft_old,462.0,462.0,0.0,0
heldout_swe_b2_l13_s3,H42,pipelined,eft_old,231.0,231.0,0.0,0
heldout_swe_b4_l13_s3,H42,pipelined,eft_old,313.5,313.5,0.0,0
heldout_swe_b8_l13_s3,H42,pipelined,eft_old,330.0,330.0,0.0,0
heldout_swe_b16_l13_s3,H42,pipelined,eft_old,346.5,346.5,0.0,0
heldout_swe_b2_l13_s7,H42,pipelined,eft_old,231.0,231.0,0.0,0
heldout_swe_b4_l13_s7,H42,pipelined,eft_old,346.5,346.5,0.0,0
heldout_swe_b8_l13_s7,H42,pipelined,eft_old,346.5,346.5,0.0,0
heldout_swe_b16_l13_s7,H42,pipelined,eft_old,363.0,363.0,0.0,0
heldout_swe_b2_l13_s11,H42,pipelined,eft_old,198.0,198.0,0.0,0
heldout_swe_b4_l13_s11,H42,pipelined,eft_old,363.0,363.0,0.0,0
heldout_swe_b8_l13_s11,H42,pipelined,eft_old,313.5,313.5,0.0,0
heldout_swe_b16_l13_s11,H42,pipelined,eft_old,462.0,462.0,0.0,0
heldout_swe_b2_l26_s3,H42,pipelined,eft_old,198.0,198.0,0.0,0
heldout_swe_b4_l26_s3,H42,pipelined,eft_old,313.5,313.5,0.0,0
heldout_swe_b8_l26_s3,H42,pipelined,eft_old,379.5,379.5,0.0,0
heldout_swe_b16_l26_s3,H42,pipelined,eft_old,462.0,462.0,0.0,0
heldout_swe_b2_l26_s7,H42,pipelined,eft_old,231.0,231.0,0.0,0
heldout_swe_b4_l26_s7,H42,pipelined,eft_old,297.0,297.0,0.0,0
heldout_swe_b8_l26_s7,H42,pipelined,eft_old,363.0,363.0,0.0,0
heldout_swe_b16_l26_s7,H42,pipelined,eft_old,379.5,379.5,0.0,0
heldout_swe_b2_l26_s11,H42,pipelined,eft_old,231.0,231.0,0.0,0
heldout_swe_b4_l26_s11,H42,pipelined,eft_old,412.5,412.5,0.0,0
heldout_swe_b8_l26_s11,H42,pipelined,eft_old,313.5,313.5,0.0,0
heldout_swe_b16_l26_s11,H42,pipelined,eft_old,495.0,495.0,0.0,0
v3_captured_mixed_heldout_bfcl_t64_l2,H42,pipelined,eft_old,1072.5,1072.5,0.0,1
v3_captured_mixed_heldout_bfcl_t96_l2,H42,pipelined,eft_old,1122.0,1122.0,0.0,1
v3_captured_mixed_heldout_bfcl_t128_l2,H42,pipelined,eft_old,1188.0,1188.0,0.0,1
v3_captured_mixed_heldout_bfcl_t64_l13,H42,pipelined,eft_old,990.0,990.0,0.0,1
v3_captured_mixed_heldout_bfcl_t96_l13,H42,pipelined,eft_old,1122.0,1105.5,1.4925373134328401,2
v3_captured_mixed_heldout_bfcl_t128_l13,H42,pipelined,eft_old,1287.0,1166.0,10.377358490566046,3
v3_captured_mixed_heldout_bfcl_t64_l26,H42,pipelined,eft_old,1056.0,1056.0,0.0,1
v3_captured_mixed_heldout_bfcl_t96_l26,H42,pipelined,eft_old,1138.5,1138.5,0.0,1
v3_captured_mixed_heldout_bfcl_t128_l26,H42,pipelined,eft_old,1188.0,1188.0,0.0,1
v3_captured_mixed_heldout_gpqa_t64_l2,H42,pipelined,eft_old,1105.5,1105.5,0.0,1
v3_captured_mixed_heldout_gpqa_t96_l2,H42,pipelined,eft_old,1155.0,1155.0,0.0,1
v3_captured_mixed_heldout_gpqa_t128_l2,H42,pipelined,eft_old,1188.0,1188.0,0.0,1
v3_captured_mixed_heldout_gpqa_t64_l13,H42,pipelined,eft_old,1056.0,990.0,6.666666666666665,1
v3_captured_mixed_heldout_gpqa_t96_l13,H42,pipelined,eft_old,1138.5,1072.5,6.153846153846154,1
v3_captured_mixed_heldout_gpqa_t128_l13,H42,pipelined,eft_old,1122.0,1122.0,0.0,1
v3_captured_mixed_heldout_gpqa_t64_l26,H42,pipelined,eft_old,1105.5,1105.5,0.0,1
v3_captured_mixed_heldout_gpqa_t96_l26,H42,pipelined,eft_old,1155.0,1155.0,0.0,1
v3_captured_mixed_heldout_gpqa_t128_l26,H42,pipelined,eft_old,1188.0,1188.0,0.0,1
v3_captured_mixed_heldout_swe_t64_l2,H42,pipelined,eft_old,1089.0,1089.0,0.0,1
v3_captured_mixed_heldout_swe_t96_l2,H42,pipelined,eft_old,1138.5,1138.5,0.0,1
v3_captured_mixed_heldout_swe_t128_l2,H42,pipelined,eft_old,1287.0,1188.0,8.333333333333325,1
v3_captured_mixed_heldout_swe_t64_l13,H42,pipelined,eft_old,924.0,924.0,0.0,1
v3_captured_mixed_heldout_swe_t96_l13,H42,pipelined,eft_old,1122.0,1056.0,6.25,1
v3_captured_mixed_heldout_swe_t128_l13,H42,pipelined,eft_old,1171.5,1155.0,1.4285714285714235,2
v3_captured_mixed_heldout_swe_t64_l26,H42,pipelined,eft_old,1105.5,1039.5,6.349206349206349,1
v3_captured_mixed_heldout_swe_t96_l26,H42,pipelined,eft_old,1155.0,1089.0,6.060606060606055,1
v3_captured_mixed_heldout_swe_t128_l26,H42,pipelined,eft_old,1287.0,1188.0,8.333333333333325,1
heldout_bfcl_b2_l2_s3,H42,pipelined,fixed,231.0,231.0,0.0,0
heldout_bfcl_b4_l2_s3,H42,pipelined,fixed,330.0,330.0,0.0,0
heldout_bfcl_b8_l2_s3,H42,pipelined,fixed,445.5,445.5,0.0,0
heldout_bfcl_b16_l2_s3,H42,pipelined,fixed,594.0,594.0,0.0,0
heldout_bfcl_b2_l2_s7,H42,pipelined,fixed,231.0,231.0,0.0,0
heldout_bfcl_b4_l2_s7,H42,pipelined,fixed,363.0,363.0,0.0,0
heldout_bfcl_b8_l2_s7,H42,pipelined,fixed,495.0,495.0,0.0,0
heldout_bfcl_b16_l2_s7,H42,pipelined,fixed,742.5,742.5,0.0,0
heldout_bfcl_b2_l2_s11,H42,pipelined,fixed,165.0,165.0,0.0,0
heldout_bfcl_b4_l2_s11,H42,pipelined,fixed,363.0,363.0,0.0,0
heldout_bfcl_b8_l2_s11,H42,pipelined,fixed,511.5,511.5,0.0,0
heldout_bfcl_b16_l2_s11,H42,pipelined,fixed,841.5,841.5,0.0,0
heldout_bfcl_b2_l13_s3,H42,pipelined,fixed,198.0,198.0,0.0,0
heldout_bfcl_b4_l13_s3,H42,pipelined,fixed,396.0,396.0,0.0,0
heldout_bfcl_b8_l13_s3,H42,pipelined,fixed,478.5,478.5,0.0,0
heldout_bfcl_b16_l13_s3,H42,pipelined,fixed,660.0,660.0,0.0,0
heldout_bfcl_b2_l13_s7,H42,pipelined,fixed,231.0,231.0,0.0,0
heldout_bfcl_b4_l13_s7,H42,pipelined,fixed,363.0,363.0,0.0,0
heldout_bfcl_b8_l13_s7,H42,pipelined,fixed,528.0,528.0,0.0,0
heldout_bfcl_b16_l13_s7,H42,pipelined,fixed,660.0,660.0,0.0,0
heldout_bfcl_b2_l13_s11,H42,pipelined,fixed,148.5,148.5,0.0,0
heldout_bfcl_b4_l13_s11,H42,pipelined,fixed,346.5,346.5,0.0,0
heldout_bfcl_b8_l13_s11,H42,pipelined,fixed,445.5,445.5,0.0,0
heldout_bfcl_b16_l13_s11,H42,pipelined,fixed,775.5,775.5,0.0,0
heldout_bfcl_b2_l26_s3,H42,pipelined,fixed,214.5,214.5,0.0,0
heldout_bfcl_b4_l26_s3,H42,pipelined,fixed,396.0,396.0,0.0,0
heldout_bfcl_b8_l26_s3,H42,pipelined,fixed,511.5,511.5,0.0,0
heldout_bfcl_b16_l26_s3,H42,pipelined,fixed,759.0,759.0,0.0,0
heldout_bfcl_b2_l26_s7,H42,pipelined,fixed,198.0,198.0,0.0,0
heldout_bfcl_b4_l26_s7,H42,pipelined,fixed,396.0,396.0,0.0,0
heldout_bfcl_b8_l26_s7,H42,pipelined,fixed,561.0,561.0,0.0,0
heldout_bfcl_b16_l26_s7,H42,pipelined,fixed,693.0,693.0,0.0,0
heldout_bfcl_b2_l26_s11,H42,pipelined,fixed,165.0,165.0,0.0,0
heldout_bfcl_b4_l26_s11,H42,pipelined,fixed,363.0,363.0,0.0,0
heldout_bfcl_b8_l26_s11,H42,pipelined,fixed,544.5,544.5,0.0,0
heldout_bfcl_b16_l26_s11,H42,pipelined,fixed,792.0,792.0,0.0,0
heldout_gpqa_b2_l2_s3,H42,pipelined,fixed,214.5,214.5,0.0,0
heldout_gpqa_b4_l2_s3,H42,pipelined,fixed,297.0,297.0,0.0,0
heldout_gpqa_b8_l2_s3,H42,pipelined,fixed,379.5,379.5,0.0,0
heldout_gpqa_b16_l2_s3,H42,pipelined,fixed,462.0,462.0,0.0,0
heldout_gpqa_b2_l2_s7,H42,pipelined,fixed,231.0,231.0,0.0,0
heldout_gpqa_b4_l2_s7,H42,pipelined,fixed,396.0,396.0,0.0,0
heldout_gpqa_b8_l2_s7,H42,pipelined,fixed,561.0,561.0,0.0,0
heldout_gpqa_b16_l2_s7,H42,pipelined,fixed,775.5,775.5,0.0,0
heldout_gpqa_b2_l2_s11,H42,pipelined,fixed,181.5,181.5,0.0,0
heldout_gpqa_b4_l2_s11,H42,pipelined,fixed,379.5,379.5,0.0,0
heldout_gpqa_b8_l2_s11,H42,pipelined,fixed,627.0,627.0,0.0,0
heldout_gpqa_b16_l2_s11,H42,pipelined,fixed,825.0,825.0,0.0,0
heldout_gpqa_b2_l13_s3,H42,pipelined,fixed,214.5,214.5,0.0,0
heldout_gpqa_b4_l13_s3,H42,pipelined,fixed,313.5,313.5,0.0,0
heldout_gpqa_b8_l13_s3,H42,pipelined,fixed,462.0,462.0,0.0,0
heldout_gpqa_b16_l13_s3,H42,pipelined,fixed,528.0,528.0,0.0,0
heldout_gpqa_b2_l13_s7,H42,pipelined,fixed,214.5,214.5,0.0,0
heldout_gpqa_b4_l13_s7,H42,pipelined,fixed,379.5,379.5,0.0,0
heldout_gpqa_b8_l13_s7,H42,pipelined,fixed,577.5,577.5,0.0,0
heldout_gpqa_b16_l13_s7,H42,pipelined,fixed,726.0,726.0,0.0,0
heldout_gpqa_b2_l13_s11,H42,pipelined,fixed,148.5,148.5,0.0,0
heldout_gpqa_b4_l13_s11,H42,pipelined,fixed,396.0,396.0,0.0,0
heldout_gpqa_b8_l13_s11,H42,pipelined,fixed,495.0,495.0,0.0,0
heldout_gpqa_b16_l13_s11,H42,pipelined,fixed,742.5,742.5,0.0,0
heldout_gpqa_b2_l26_s3,H42,pipelined,fixed,231.0,231.0,0.0,0
heldout_gpqa_b4_l26_s3,H42,pipelined,fixed,280.5,280.5,0.0,0
heldout_gpqa_b8_l26_s3,H42,pipelined,fixed,412.5,412.5,0.0,0
heldout_gpqa_b16_l26_s3,H42,pipelined,fixed,561.0,561.0,0.0,0
heldout_gpqa_b2_l26_s7,H42,pipelined,fixed,231.0,231.0,0.0,0
heldout_gpqa_b4_l26_s7,H42,pipelined,fixed,379.5,379.5,0.0,0
heldout_gpqa_b8_l26_s7,H42,pipelined,fixed,561.0,561.0,0.0,0
heldout_gpqa_b16_l26_s7,H42,pipelined,fixed,759.0,759.0,0.0,0
heldout_gpqa_b2_l26_s11,H42,pipelined,fixed,214.5,214.5,0.0,0
heldout_gpqa_b4_l26_s11,H42,pipelined,fixed,412.5,412.5,0.0,0
heldout_gpqa_b8_l26_s11,H42,pipelined,fixed,561.0,561.0,0.0,0
heldout_gpqa_b16_l26_s11,H42,pipelined,fixed,825.0,825.0,0.0,0
heldout_swe_b2_l2_s3,H42,pipelined,fixed,214.5,214.5,0.0,0
heldout_swe_b4_l2_s3,H42,pipelined,fixed,247.5,247.5,0.0,0
heldout_swe_b8_l2_s3,H42,pipelined,fixed,280.5,280.5,0.0,0
heldout_swe_b16_l2_s3,H42,pipelined,fixed,330.0,330.0,0.0,0
heldout_swe_b2_l2_s7,H42,pipelined,fixed,214.5,214.5,0.0,0
heldout_swe_b4_l2_s7,H42,pipelined,fixed,280.5,280.5,0.0,0
heldout_swe_b8_l2_s7,H42,pipelined,fixed,297.0,297.0,0.0,0
heldout_swe_b16_l2_s7,H42,pipelined,fixed,363.0,363.0,0.0,0
heldout_swe_b2_l2_s11,H42,pipelined,fixed,214.5,214.5,0.0,0
heldout_swe_b4_l2_s11,H42,pipelined,fixed,346.5,346.5,0.0,0
heldout_swe_b8_l2_s11,H42,pipelined,fixed,313.5,313.5,0.0,0
heldout_swe_b16_l2_s11,H42,pipelined,fixed,462.0,462.0,0.0,0
heldout_swe_b2_l13_s3,H42,pipelined,fixed,231.0,231.0,0.0,0
heldout_swe_b4_l13_s3,H42,pipelined,fixed,313.5,313.5,0.0,0
heldout_swe_b8_l13_s3,H42,pipelined,fixed,330.0,330.0,0.0,0
heldout_swe_b16_l13_s3,H42,pipelined,fixed,346.5,346.5,0.0,0
heldout_swe_b2_l13_s7,H42,pipelined,fixed,231.0,231.0,0.0,0
heldout_swe_b4_l13_s7,H42,pipelined,fixed,346.5,346.5,0.0,0
heldout_swe_b8_l13_s7,H42,pipelined,fixed,346.5,346.5,0.0,0
heldout_swe_b16_l13_s7,H42,pipelined,fixed,363.0,363.0,0.0,0
heldout_swe_b2_l13_s11,H42,pipelined,fixed,198.0,198.0,0.0,0
heldout_swe_b4_l13_s11,H42,pipelined,fixed,363.0,363.0,0.0,0
heldout_swe_b8_l13_s11,H42,pipelined,fixed,313.5,313.5,0.0,0
heldout_swe_b16_l13_s11,H42,pipelined,fixed,462.0,462.0,0.0,0
heldout_swe_b2_l26_s3,H42,pipelined,fixed,198.0,198.0,0.0,0
heldout_swe_b4_l26_s3,H42,pipelined,fixed,313.5,313.5,0.0,0
heldout_swe_b8_l26_s3,H42,pipelined,fixed,379.5,379.5,0.0,0
heldout_swe_b16_l26_s3,H42,pipelined,fixed,462.0,462.0,0.0,0
heldout_swe_b2_l26_s7,H42,pipelined,fixed,231.0,231.0,0.0,0
heldout_swe_b4_l26_s7,H42,pipelined,fixed,297.0,297.0,0.0,0
heldout_swe_b8_l26_s7,H42,pipelined,fixed,363.0,363.0,0.0,0
heldout_swe_b16_l26_s7,H42,pipelined,fixed,379.5,379.5,0.0,0
heldout_swe_b2_l26_s11,H42,pipelined,fixed,231.0,231.0,0.0,0
heldout_swe_b4_l26_s11,H42,pipelined,fixed,412.5,412.5,0.0,0
heldout_swe_b8_l26_s11,H42,pipelined,fixed,313.5,313.5,0.0,0
heldout_swe_b16_l26_s11,H42,pipelined,fixed,495.0,495.0,0.0,0
v3_captured_mixed_heldout_bfcl_t64_l2,H42,pipelined,fixed,1072.5,1072.5,0.0,1
v3_captured_mixed_heldout_bfcl_t96_l2,H42,pipelined,fixed,1122.0,1122.0,0.0,1
v3_captured_mixed_heldout_bfcl_t128_l2,H42,pipelined,fixed,1188.0,1188.0,0.0,1
v3_captured_mixed_heldout_bfcl_t64_l13,H42,pipelined,fixed,990.0,990.0,0.0,1
v3_captured_mixed_heldout_bfcl_t96_l13,H42,pipelined,fixed,1122.0,1105.5,1.4925373134328401,2
v3_captured_mixed_heldout_bfcl_t128_l13,H42,pipelined,fixed,1182.5,1166.0,1.4150943396226356,3
v3_captured_mixed_heldout_bfcl_t64_l26,H42,pipelined,fixed,1056.0,1056.0,0.0,1
v3_captured_mixed_heldout_bfcl_t96_l26,H42,pipelined,fixed,1138.5,1138.5,0.0,1
v3_captured_mixed_heldout_bfcl_t128_l26,H42,pipelined,fixed,1204.5,1188.0,1.388888888888884,2
v3_captured_mixed_heldout_gpqa_t64_l2,H42,pipelined,fixed,1105.5,1105.5,0.0,1
v3_captured_mixed_heldout_gpqa_t96_l2,H42,pipelined,fixed,1155.0,1155.0,0.0,1
v3_captured_mixed_heldout_gpqa_t128_l2,H42,pipelined,fixed,1188.0,1188.0,0.0,1
v3_captured_mixed_heldout_gpqa_t64_l13,H42,pipelined,fixed,990.0,990.0,0.0,1
v3_captured_mixed_heldout_gpqa_t96_l13,H42,pipelined,fixed,1072.5,1072.5,0.0,1
v3_captured_mixed_heldout_gpqa_t128_l13,H42,pipelined,fixed,1122.0,1122.0,0.0,1
v3_captured_mixed_heldout_gpqa_t64_l26,H42,pipelined,fixed,1105.5,1105.5,0.0,1
v3_captured_mixed_heldout_gpqa_t96_l26,H42,pipelined,fixed,1155.0,1155.0,0.0,1
v3_captured_mixed_heldout_gpqa_t128_l26,H42,pipelined,fixed,1188.0,1188.0,0.0,1
v3_captured_mixed_heldout_swe_t64_l2,H42,pipelined,fixed,1089.0,1089.0,0.0,1
v3_captured_mixed_heldout_swe_t96_l2,H42,pipelined,fixed,1138.5,1138.5,0.0,1
v3_captured_mixed_heldout_swe_t128_l2,H42,pipelined,fixed,1188.0,1188.0,0.0,1
v3_captured_mixed_heldout_swe_t64_l13,H42,pipelined,fixed,924.0,924.0,0.0,1
v3_captured_mixed_heldout_swe_t96_l13,H42,pipelined,fixed,1072.5,1056.0,1.5625,2
v3_captured_mixed_heldout_swe_t128_l13,H42,pipelined,fixed,1171.5,1155.0,1.4285714285714235,2
v3_captured_mixed_heldout_swe_t64_l26,H42,pipelined,fixed,1039.5,1039.5,0.0,1
v3_captured_mixed_heldout_swe_t96_l26,H42,pipelined,fixed,1089.0,1089.0,0.0,1
v3_captured_mixed_heldout_swe_t128_l26,H42,pipelined,fixed,1188.0,1188.0,0.0,1
heldout_bfcl_b2_l2_s3,H42,pipelined,milp,231.0,231.0,0.0,0
heldout_bfcl_b4_l2_s3,H42,pipelined,milp,330.0,330.0,0.0,0
heldout_bfcl_b8_l2_s3,H42,pipelined,milp,445.5,445.5,0.0,0
heldout_bfcl_b16_l2_s3,H42,pipelined,milp,594.0,594.0,0.0,0
heldout_bfcl_b2_l2_s7,H42,pipelined,milp,231.0,231.0,0.0,0
heldout_bfcl_b4_l2_s7,H42,pipelined,milp,363.0,363.0,0.0,0
heldout_bfcl_b8_l2_s7,H42,pipelined,milp,495.0,495.0,0.0,0
heldout_bfcl_b16_l2_s7,H42,pipelined,milp,742.5,742.5,0.0,0
heldout_bfcl_b2_l2_s11,H42,pipelined,milp,165.0,165.0,0.0,0
heldout_bfcl_b4_l2_s11,H42,pipelined,milp,363.0,363.0,0.0,0
heldout_bfcl_b8_l2_s11,H42,pipelined,milp,511.5,511.5,0.0,0
heldout_bfcl_b16_l2_s11,H42,pipelined,milp,841.5,841.5,0.0,0
heldout_bfcl_b2_l13_s3,H42,pipelined,milp,198.0,198.0,0.0,0
heldout_bfcl_b4_l13_s3,H42,pipelined,milp,396.0,396.0,0.0,0
heldout_bfcl_b8_l13_s3,H42,pipelined,milp,478.5,478.5,0.0,0
heldout_bfcl_b16_l13_s3,H42,pipelined,milp,660.0,660.0,0.0,0
heldout_bfcl_b2_l13_s7,H42,pipelined,milp,231.0,231.0,0.0,0
heldout_bfcl_b4_l13_s7,H42,pipelined,milp,363.0,363.0,0.0,0
heldout_bfcl_b8_l13_s7,H42,pipelined,milp,528.0,528.0,0.0,0
heldout_bfcl_b16_l13_s7,H42,pipelined,milp,660.0,660.0,0.0,0
heldout_bfcl_b2_l13_s11,H42,pipelined,milp,148.5,148.5,0.0,0
heldout_bfcl_b4_l13_s11,H42,pipelined,milp,346.5,346.5,0.0,0
heldout_bfcl_b8_l13_s11,H42,pipelined,milp,445.5,445.5,0.0,0
heldout_bfcl_b16_l13_s11,H42,pipelined,milp,775.5,775.5,0.0,0
heldout_bfcl_b2_l26_s3,H42,pipelined,milp,214.5,214.5,0.0,0
heldout_bfcl_b4_l26_s3,H42,pipelined,milp,396.0,396.0,0.0,0
heldout_bfcl_b8_l26_s3,H42,pipelined,milp,511.5,511.5,0.0,0
heldout_bfcl_b16_l26_s3,H42,pipelined,milp,759.0,759.0,0.0,0
heldout_bfcl_b2_l26_s7,H42,pipelined,milp,198.0,198.0,0.0,0
heldout_bfcl_b4_l26_s7,H42,pipelined,milp,396.0,396.0,0.0,0
heldout_bfcl_b8_l26_s7,H42,pipelined,milp,561.0,561.0,0.0,0
heldout_bfcl_b16_l26_s7,H42,pipelined,milp,693.0,693.0,0.0,0
heldout_bfcl_b2_l26_s11,H42,pipelined,milp,165.0,165.0,0.0,0
heldout_bfcl_b4_l26_s11,H42,pipelined,milp,363.0,363.0,0.0,0
heldout_bfcl_b8_l26_s11,H42,pipelined,milp,544.5,544.5,0.0,0
heldout_bfcl_b16_l26_s11,H42,pipelined,milp,792.0,792.0,0.0,0
heldout_gpqa_b2_l2_s3,H42,pipelined,milp,214.5,214.5,0.0,0
heldout_gpqa_b4_l2_s3,H42,pipelined,milp,297.0,297.0,0.0,0
heldout_gpqa_b8_l2_s3,H42,pipelined,milp,379.5,379.5,0.0,0
heldout_gpqa_b16_l2_s3,H42,pipelined,milp,462.0,462.0,0.0,0
heldout_gpqa_b2_l2_s7,H42,pipelined,milp,231.0,231.0,0.0,0
heldout_gpqa_b4_l2_s7,H42,pipelined,milp,396.0,396.0,0.0,0
heldout_gpqa_b8_l2_s7,H42,pipelined,milp,561.0,561.0,0.0,0
heldout_gpqa_b16_l2_s7,H42,pipelined,milp,775.5,775.5,0.0,0
heldout_gpqa_b2_l2_s11,H42,pipelined,milp,181.5,181.5,0.0,0
heldout_gpqa_b4_l2_s11,H42,pipelined,milp,379.5,379.5,0.0,0
heldout_gpqa_b8_l2_s11,H42,pipelined,milp,627.0,627.0,0.0,0
heldout_gpqa_b16_l2_s11,H42,pipelined,milp,825.0,825.0,0.0,0
heldout_gpqa_b2_l13_s3,H42,pipelined,milp,214.5,214.5,0.0,0
heldout_gpqa_b4_l13_s3,H42,pipelined,milp,313.5,313.5,0.0,0
heldout_gpqa_b8_l13_s3,H42,pipelined,milp,462.0,462.0,0.0,0
heldout_gpqa_b16_l13_s3,H42,pipelined,milp,528.0,528.0,0.0,0
heldout_gpqa_b2_l13_s7,H42,pipelined,milp,214.5,214.5,0.0,0
heldout_gpqa_b4_l13_s7,H42,pipelined,milp,379.5,379.5,0.0,0
heldout_gpqa_b8_l13_s7,H42,pipelined,milp,577.5,577.5,0.0,0
heldout_gpqa_b16_l13_s7,H42,pipelined,milp,726.0,726.0,0.0,0
heldout_gpqa_b2_l13_s11,H42,pipelined,milp,148.5,148.5,0.0,0
heldout_gpqa_b4_l13_s11,H42,pipelined,milp,396.0,396.0,0.0,0
heldout_gpqa_b8_l13_s11,H42,pipelined,milp,495.0,495.0,0.0,0
heldout_gpqa_b16_l13_s11,H42,pipelined,milp,742.5,742.5,0.0,0
heldout_gpqa_b2_l26_s3,H42,pipelined,milp,231.0,231.0,0.0,0
heldout_gpqa_b4_l26_s3,H42,pipelined,milp,280.5,280.5,0.0,0
heldout_gpqa_b8_l26_s3,H42,pipelined,milp,412.5,412.5,0.0,0
heldout_gpqa_b16_l26_s3,H42,pipelined,milp,561.0,561.0,0.0,0
heldout_gpqa_b2_l26_s7,H42,pipelined,milp,231.0,231.0,0.0,0
heldout_gpqa_b4_l26_s7,H42,pipelined,milp,379.5,379.5,0.0,0
heldout_gpqa_b8_l26_s7,H42,pipelined,milp,561.0,561.0,0.0,0
heldout_gpqa_b16_l26_s7,H42,pipelined,milp,759.0,759.0,0.0,0
heldout_gpqa_b2_l26_s11,H42,pipelined,milp,214.5,214.5,0.0,0
heldout_gpqa_b4_l26_s11,H42,pipelined,milp,412.5,412.5,0.0,0
heldout_gpqa_b8_l26_s11,H42,pipelined,milp,561.0,561.0,0.0,0
heldout_gpqa_b16_l26_s11,H42,pipelined,milp,825.0,825.0,0.0,0
heldout_swe_b2_l2_s3,H42,pipelined,milp,214.5,214.5,0.0,0
heldout_swe_b4_l2_s3,H42,pipelined,milp,247.5,247.5,0.0,0
heldout_swe_b8_l2_s3,H42,pipelined,milp,280.5,280.5,0.0,0
heldout_swe_b16_l2_s3,H42,pipelined,milp,330.0,330.0,0.0,0
heldout_swe_b2_l2_s7,H42,pipelined,milp,214.5,214.5,0.0,0
heldout_swe_b4_l2_s7,H42,pipelined,milp,280.5,280.5,0.0,0
heldout_swe_b8_l2_s7,H42,pipelined,milp,297.0,297.0,0.0,0
heldout_swe_b16_l2_s7,H42,pipelined,milp,363.0,363.0,0.0,0
heldout_swe_b2_l2_s11,H42,pipelined,milp,214.5,214.5,0.0,0
heldout_swe_b4_l2_s11,H42,pipelined,milp,346.5,346.5,0.0,0
heldout_swe_b8_l2_s11,H42,pipelined,milp,313.5,313.5,0.0,0
heldout_swe_b16_l2_s11,H42,pipelined,milp,462.0,462.0,0.0,0
heldout_swe_b2_l13_s3,H42,pipelined,milp,231.0,231.0,0.0,0
heldout_swe_b4_l13_s3,H42,pipelined,milp,313.5,313.5,0.0,0
heldout_swe_b8_l13_s3,H42,pipelined,milp,330.0,330.0,0.0,0
heldout_swe_b16_l13_s3,H42,pipelined,milp,346.5,346.5,0.0,0
heldout_swe_b2_l13_s7,H42,pipelined,milp,231.0,231.0,0.0,0
heldout_swe_b4_l13_s7,H42,pipelined,milp,346.5,346.5,0.0,0
heldout_swe_b8_l13_s7,H42,pipelined,milp,346.5,346.5,0.0,0
heldout_swe_b16_l13_s7,H42,pipelined,milp,363.0,363.0,0.0,0
heldout_swe_b2_l13_s11,H42,pipelined,milp,198.0,198.0,0.0,0
heldout_swe_b4_l13_s11,H42,pipelined,milp,363.0,363.0,0.0,0
heldout_swe_b8_l13_s11,H42,pipelined,milp,313.5,313.5,0.0,0
heldout_swe_b16_l13_s11,H42,pipelined,milp,462.0,462.0,0.0,0
heldout_swe_b2_l26_s3,H42,pipelined,milp,198.0,198.0,0.0,0
heldout_swe_b4_l26_s3,H42,pipelined,milp,313.5,313.5,0.0,0
heldout_swe_b8_l26_s3,H42,pipelined,milp,379.5,379.5,0.0,0
heldout_swe_b16_l26_s3,H42,pipelined,milp,462.0,462.0,0.0,0
heldout_swe_b2_l26_s7,H42,pipelined,milp,231.0,231.0,0.0,0
heldout_swe_b4_l26_s7,H42,pipelined,milp,297.0,297.0,0.0,0
heldout_swe_b8_l26_s7,H42,pipelined,milp,363.0,363.0,0.0,0
heldout_swe_b16_l26_s7,H42,pipelined,milp,379.5,379.5,0.0,0
heldout_swe_b2_l26_s11,H42,pipelined,milp,231.0,231.0,0.0,0
heldout_swe_b4_l26_s11,H42,pipelined,milp,412.5,412.5,0.0,0
heldout_swe_b8_l26_s11,H42,pipelined,milp,313.5,313.5,0.0,0
heldout_swe_b16_l26_s11,H42,pipelined,milp,495.0,495.0,0.0,0
v3_captured_mixed_heldout_bfcl_t64_l2,H42,pipelined,milp,1072.5,1072.5,0.0,1
v3_captured_mixed_heldout_bfcl_t96_l2,H42,pipelined,milp,1122.0,1122.0,0.0,1
v3_captured_mixed_heldout_bfcl_t128_l2,H42,pipelined,milp,1188.0,1188.0,0.0,1
v3_captured_mixed_heldout_bfcl_t64_l13,H42,pipelined,milp,990.0,990.0,0.0,1
v3_captured_mixed_heldout_bfcl_t96_l13,H42,pipelined,milp,1105.5,1105.5,0.0,1
v3_captured_mixed_heldout_bfcl_t128_l13,H42,pipelined,milp,1166.0,1166.0,0.0,2
v3_captured_mixed_heldout_bfcl_t64_l26,H42,pipelined,milp,1056.0,1056.0,0.0,1
v3_captured_mixed_heldout_bfcl_t96_l26,H42,pipelined,milp,1138.5,1138.5,0.0,1
v3_captured_mixed_heldout_bfcl_t128_l26,H42,pipelined,milp,1188.0,1188.0,0.0,1
v3_captured_mixed_heldout_gpqa_t64_l2,H42,pipelined,milp,1105.5,1105.5,0.0,1
v3_captured_mixed_heldout_gpqa_t96_l2,H42,pipelined,milp,1155.0,1155.0,0.0,1
v3_captured_mixed_heldout_gpqa_t128_l2,H42,pipelined,milp,1188.0,1188.0,0.0,1
v3_captured_mixed_heldout_gpqa_t64_l13,H42,pipelined,milp,990.0,990.0,0.0,1
v3_captured_mixed_heldout_gpqa_t96_l13,H42,pipelined,milp,1072.5,1072.5,0.0,1
v3_captured_mixed_heldout_gpqa_t128_l13,H42,pipelined,milp,1122.0,1122.0,0.0,1
v3_captured_mixed_heldout_gpqa_t64_l26,H42,pipelined,milp,1105.5,1105.5,0.0,1
v3_captured_mixed_heldout_gpqa_t96_l26,H42,pipelined,milp,1155.0,1155.0,0.0,1
v3_captured_mixed_heldout_gpqa_t128_l26,H42,pipelined,milp,1188.0,1188.0,0.0,1
v3_captured_mixed_heldout_swe_t64_l2,H42,pipelined,milp,1089.0,1089.0,0.0,1
v3_captured_mixed_heldout_swe_t96_l2,H42,pipelined,milp,1138.5,1138.5,0.0,1
v3_captured_mixed_heldout_swe_t128_l2,H42,pipelined,milp,1188.0,1188.0,0.0,1
v3_captured_mixed_heldout_swe_t64_l13,H42,pipelined,milp,924.0,924.0,0.0,1
v3_captured_mixed_heldout_swe_t96_l13,H42,pipelined,milp,1056.0,1056.0,0.0,1
v3_captured_mixed_heldout_swe_t128_l13,H42,pipelined,milp,1155.0,1155.0,0.0,1
v3_captured_mixed_heldout_swe_t64_l26,H42,pipelined,milp,1039.5,1039.5,0.0,1
v3_captured_mixed_heldout_swe_t96_l26,H42,pipelined,milp,1089.0,1089.0,0.0,1
v3_captured_mixed_heldout_swe_t128_l26,H42,pipelined,milp,1188.0,1188.0,0.0,1
heldout_bfcl_b2_l2_s3,H33,pipelined,eft_old,231.0,231.0,0.0,0
heldout_bfcl_b4_l2_s3,H33,pipelined,eft_old,330.0,330.0,0.0,0
heldout_bfcl_b8_l2_s3,H33,pipelined,eft_old,445.5,445.5,0.0,0
heldout_bfcl_b16_l2_s3,H33,pipelined,eft_old,594.0,594.0,0.0,0
heldout_bfcl_b2_l2_s7,H33,pipelined,eft_old,231.0,231.0,0.0,0
heldout_bfcl_b4_l2_s7,H33,pipelined,eft_old,363.0,363.0,0.0,0
heldout_bfcl_b8_l2_s7,H33,pipelined,eft_old,495.0,495.0,0.0,0
heldout_bfcl_b16_l2_s7,H33,pipelined,eft_old,742.5,742.5,0.0,0
heldout_bfcl_b2_l2_s11,H33,pipelined,eft_old,165.0,165.0,0.0,0
heldout_bfcl_b4_l2_s11,H33,pipelined,eft_old,363.0,363.0,0.0,0
heldout_bfcl_b8_l2_s11,H33,pipelined,eft_old,511.5,511.5,0.0,0
heldout_bfcl_b16_l2_s11,H33,pipelined,eft_old,841.5,841.5,0.0,0
heldout_bfcl_b2_l13_s3,H33,pipelined,eft_old,198.0,198.0,0.0,0
heldout_bfcl_b4_l13_s3,H33,pipelined,eft_old,396.0,396.0,0.0,0
heldout_bfcl_b8_l13_s3,H33,pipelined,eft_old,478.5,478.5,0.0,0
heldout_bfcl_b16_l13_s3,H33,pipelined,eft_old,660.0,660.0,0.0,0
heldout_bfcl_b2_l13_s7,H33,pipelined,eft_old,231.0,231.0,0.0,0
heldout_bfcl_b4_l13_s7,H33,pipelined,eft_old,363.0,363.0,0.0,0
heldout_bfcl_b8_l13_s7,H33,pipelined,eft_old,528.0,528.0,0.0,0
heldout_bfcl_b16_l13_s7,H33,pipelined,eft_old,660.0,660.0,0.0,0
heldout_bfcl_b2_l13_s11,H33,pipelined,eft_old,148.5,148.5,0.0,0
heldout_bfcl_b4_l13_s11,H33,pipelined,eft_old,346.5,346.5,0.0,0
heldout_bfcl_b8_l13_s11,H33,pipelined,eft_old,445.5,445.5,0.0,0
heldout_bfcl_b16_l13_s11,H33,pipelined,eft_old,775.5,775.5,0.0,0
heldout_bfcl_b2_l26_s3,H33,pipelined,eft_old,214.5,214.5,0.0,0
heldout_bfcl_b4_l26_s3,H33,pipelined,eft_old,396.0,396.0,0.0,0
heldout_bfcl_b8_l26_s3,H33,pipelined,eft_old,511.5,511.5,0.0,0
heldout_bfcl_b16_l26_s3,H33,pipelined,eft_old,759.0,759.0,0.0,0
heldout_bfcl_b2_l26_s7,H33,pipelined,eft_old,198.0,198.0,0.0,0
heldout_bfcl_b4_l26_s7,H33,pipelined,eft_old,396.0,396.0,0.0,0
heldout_bfcl_b8_l26_s7,H33,pipelined,eft_old,561.0,561.0,0.0,0
heldout_bfcl_b16_l26_s7,H33,pipelined,eft_old,693.0,693.0,0.0,0
heldout_bfcl_b2_l26_s11,H33,pipelined,eft_old,165.0,165.0,0.0,0
heldout_bfcl_b4_l26_s11,H33,pipelined,eft_old,363.0,363.0,0.0,0
heldout_bfcl_b8_l26_s11,H33,pipelined,eft_old,544.5,544.5,0.0,0
heldout_bfcl_b16_l26_s11,H33,pipelined,eft_old,792.0,792.0,0.0,0
heldout_gpqa_b2_l2_s3,H33,pipelined,eft_old,214.5,214.5,0.0,0
heldout_gpqa_b4_l2_s3,H33,pipelined,eft_old,297.0,297.0,0.0,0
heldout_gpqa_b8_l2_s3,H33,pipelined,eft_old,379.5,379.5,0.0,0
heldout_gpqa_b16_l2_s3,H33,pipelined,eft_old,462.0,462.0,0.0,0
heldout_gpqa_b2_l2_s7,H33,pipelined,eft_old,231.0,231.0,0.0,0
heldout_gpqa_b4_l2_s7,H33,pipelined,eft_old,396.0,396.0,0.0,0
heldout_gpqa_b8_l2_s7,H33,pipelined,eft_old,561.0,561.0,0.0,0
heldout_gpqa_b16_l2_s7,H33,pipelined,eft_old,775.5,775.5,0.0,0
heldout_gpqa_b2_l2_s11,H33,pipelined,eft_old,181.5,181.5,0.0,0
heldout_gpqa_b4_l2_s11,H33,pipelined,eft_old,379.5,379.5,0.0,0
heldout_gpqa_b8_l2_s11,H33,pipelined,eft_old,627.0,627.0,0.0,0
heldout_gpqa_b16_l2_s11,H33,pipelined,eft_old,825.0,825.0,0.0,0
heldout_gpqa_b2_l13_s3,H33,pipelined,eft_old,214.5,214.5,0.0,0
heldout_gpqa_b4_l13_s3,H33,pipelined,eft_old,313.5,313.5,0.0,0
heldout_gpqa_b8_l13_s3,H33,pipelined,eft_old,462.0,462.0,0.0,0
heldout_gpqa_b16_l13_s3,H33,pipelined,eft_old,528.0,528.0,0.0,0
heldout_gpqa_b2_l13_s7,H33,pipelined,eft_old,214.5,214.5,0.0,0
heldout_gpqa_b4_l13_s7,H33,pipelined,eft_old,379.5,379.5,0.0,0
heldout_gpqa_b8_l13_s7,H33,pipelined,eft_old,577.5,577.5,0.0,0
heldout_gpqa_b16_l13_s7,H33,pipelined,eft_old,726.0,726.0,0.0,0
heldout_gpqa_b2_l13_s11,H33,pipelined,eft_old,148.5,148.5,0.0,0
heldout_gpqa_b4_l13_s11,H33,pipelined,eft_old,396.0,396.0,0.0,0
heldout_gpqa_b8_l13_s11,H33,pipelined,eft_old,495.0,495.0,0.0,0
heldout_gpqa_b16_l13_s11,H33,pipelined,eft_old,742.5,742.5,0.0,0
heldout_gpqa_b2_l26_s3,H33,pipelined,eft_old,231.0,231.0,0.0,0
heldout_gpqa_b4_l26_s3,H33,pipelined,eft_old,280.5,280.5,0.0,0
heldout_gpqa_b8_l26_s3,H33,pipelined,eft_old,412.5,412.5,0.0,0
heldout_gpqa_b16_l26_s3,H33,pipelined,eft_old,561.0,561.0,0.0,0
heldout_gpqa_b2_l26_s7,H33,pipelined,eft_old,231.0,231.0,0.0,0
heldout_gpqa_b4_l26_s7,H33,pipelined,eft_old,379.5,379.5,0.0,0
heldout_gpqa_b8_l26_s7,H33,pipelined,eft_old,561.0,561.0,0.0,0
heldout_gpqa_b16_l26_s7,H33,pipelined,eft_old,759.0,759.0,0.0,0
heldout_gpqa_b2_l26_s11,H33,pipelined,eft_old,214.5,214.5,0.0,0
heldout_gpqa_b4_l26_s11,H33,pipelined,eft_old,412.5,412.5,0.0,0
heldout_gpqa_b8_l26_s11,H33,pipelined,eft_old,561.0,561.0,0.0,0
heldout_gpqa_b16_l26_s11,H33,pipelined,eft_old,825.0,825.0,0.0,0
heldout_swe_b2_l2_s3,H33,pipelined,eft_old,214.5,214.5,0.0,0
heldout_swe_b4_l2_s3,H33,pipelined,eft_old,247.5,247.5,0.0,0
heldout_swe_b8_l2_s3,H33,pipelined,eft_old,280.5,280.5,0.0,0
heldout_swe_b16_l2_s3,H33,pipelined,eft_old,330.0,330.0,0.0,0
heldout_swe_b2_l2_s7,H33,pipelined,eft_old,214.5,214.5,0.0,0
heldout_swe_b4_l2_s7,H33,pipelined,eft_old,280.5,280.5,0.0,0
heldout_swe_b8_l2_s7,H33,pipelined,eft_old,297.0,297.0,0.0,0
heldout_swe_b16_l2_s7,H33,pipelined,eft_old,363.0,363.0,0.0,0
heldout_swe_b2_l2_s11,H33,pipelined,eft_old,214.5,214.5,0.0,0
heldout_swe_b4_l2_s11,H33,pipelined,eft_old,346.5,346.5,0.0,0
heldout_swe_b8_l2_s11,H33,pipelined,eft_old,313.5,313.5,0.0,0
heldout_swe_b16_l2_s11,H33,pipelined,eft_old,462.0,462.0,0.0,0
heldout_swe_b2_l13_s3,H33,pipelined,eft_old,231.0,231.0,0.0,0
heldout_swe_b4_l13_s3,H33,pipelined,eft_old,313.5,313.5,0.0,0
heldout_swe_b8_l13_s3,H33,pipelined,eft_old,330.0,330.0,0.0,0
heldout_swe_b16_l13_s3,H33,pipelined,eft_old,346.5,346.5,0.0,0
heldout_swe_b2_l13_s7,H33,pipelined,eft_old,231.0,231.0,0.0,0
heldout_swe_b4_l13_s7,H33,pipelined,eft_old,346.5,346.5,0.0,0
heldout_swe_b8_l13_s7,H33,pipelined,eft_old,346.5,346.5,0.0,0
heldout_swe_b16_l13_s7,H33,pipelined,eft_old,363.0,363.0,0.0,0
heldout_swe_b2_l13_s11,H33,pipelined,eft_old,198.0,198.0,0.0,0
heldout_swe_b4_l13_s11,H33,pipelined,eft_old,363.0,363.0,0.0,0
heldout_swe_b8_l13_s11,H33,pipelined,eft_old,313.5,313.5,0.0,0
heldout_swe_b16_l13_s11,H33,pipelined,eft_old,462.0,462.0,0.0,0
heldout_swe_b2_l26_s3,H33,pipelined,eft_old,198.0,198.0,0.0,0
heldout_swe_b4_l26_s3,H33,pipelined,eft_old,313.5,313.5,0.0,0
heldout_swe_b8_l26_s3,H33,pipelined,eft_old,379.5,379.5,0.0,0
heldout_swe_b16_l26_s3,H33,pipelined,eft_old,462.0,462.0,0.0,0
heldout_swe_b2_l26_s7,H33,pipelined,eft_old,231.0,231.0,0.0,0
heldout_swe_b4_l26_s7,H33,pipelined,eft_old,297.0,297.0,0.0,0
heldout_swe_b8_l26_s7,H33,pipelined,eft_old,363.0,363.0,0.0,0
heldout_swe_b16_l26_s7,H33,pipelined,eft_old,379.5,379.5,0.0,0
heldout_swe_b2_l26_s11,H33,pipelined,eft_old,231.0,231.0,0.0,0
heldout_swe_b4_l26_s11,H33,pipelined,eft_old,412.5,412.5,0.0,0
heldout_swe_b8_l26_s11,H33,pipelined,eft_old,313.5,313.5,0.0,0
heldout_swe_b16_l26_s11,H33,pipelined,eft_old,495.0,495.0,0.0,0
v3_captured_mixed_heldout_bfcl_t64_l2,H33,pipelined,eft_old,1072.5,1072.5,0.0,1
v3_captured_mixed_heldout_bfcl_t96_l2,H33,pipelined,eft_old,1122.0,1122.0,0.0,1
v3_captured_mixed_heldout_bfcl_t128_l2,H33,pipelined,eft_old,1188.0,1188.0,0.0,1
v3_captured_mixed_heldout_bfcl_t64_l13,H33,pipelined,eft_old,990.0,990.0,0.0,1
v3_captured_mixed_heldout_bfcl_t96_l13,H33,pipelined,eft_old,1116.5,1116.5,0.0,2
v3_captured_mixed_heldout_bfcl_t128_l13,H33,pipelined,eft_old,1188.0,1188.0,0.0,4
v3_captured_mixed_heldout_bfcl_t64_l26,H33,pipelined,eft_old,1056.0,1056.0,0.0,1
v3_captured_mixed_heldout_bfcl_t96_l26,H33,pipelined,eft_old,1138.5,1138.5,0.0,1
v3_captured_mixed_heldout_bfcl_t128_l26,H33,pipelined,eft_old,1199.0,1210.0,-0.9090909090909038,2
v3_captured_mixed_heldout_gpqa_t64_l2,H33,pipelined,eft_old,1105.5,1105.5,0.0,1
v3_captured_mixed_heldout_gpqa_t96_l2,H33,pipelined,eft_old,1155.0,1155.0,0.0,1
v3_captured_mixed_heldout_gpqa_t128_l2,H33,pipelined,eft_old,1188.0,1188.0,0.0,1
v3_captured_mixed_heldout_gpqa_t64_l13,H33,pipelined,eft_old,990.0,990.0,0.0,1
v3_captured_mixed_heldout_gpqa_t96_l13,H33,pipelined,eft_old,1072.5,1072.5,0.0,1
v3_captured_mixed_heldout_gpqa_t128_l13,H33,pipelined,eft_old,1122.0,1122.0,0.0,1
v3_captured_mixed_heldout_gpqa_t64_l26,H33,pipelined,eft_old,1105.5,1105.5,0.0,1
v3_captured_mixed_heldout_gpqa_t96_l26,H33,pipelined,eft_old,1155.0,1155.0,0.0,1
v3_captured_mixed_heldout_gpqa_t128_l26,H33,pipelined,eft_old,1188.0,1188.0,0.0,1
v3_captured_mixed_heldout_swe_t64_l2,H33,pipelined,eft_old,1089.0,1089.0,0.0,1
v3_captured_mixed_heldout_swe_t96_l2,H33,pipelined,eft_old,1138.5,1138.5,0.0,1
v3_captured_mixed_heldout_swe_t128_l2,H33,pipelined,eft_old,1188.0,1188.0,0.0,1
v3_captured_mixed_heldout_swe_t64_l13,H33,pipelined,eft_old,924.0,924.0,0.0,1
v3_captured_mixed_heldout_swe_t96_l13,H33,pipelined,eft_old,1067.0,1078.0,-1.0204081632653073,2
v3_captured_mixed_heldout_swe_t128_l13,H33,pipelined,eft_old,1166.0,1177.0,-0.9345794392523366,2
v3_captured_mixed_heldout_swe_t64_l26,H33,pipelined,eft_old,1039.5,1039.5,0.0,1
v3_captured_mixed_heldout_swe_t96_l26,H33,pipelined,eft_old,1089.0,1089.0,0.0,1
v3_captured_mixed_heldout_swe_t128_l26,H33,pipelined,eft_old,1188.0,1188.0,0.0,1
heldout_bfcl_b2_l2_s3,H33,pipelined,fixed,231.0,231.0,0.0,0
heldout_bfcl_b4_l2_s3,H33,pipelined,fixed,330.0,330.0,0.0,0
heldout_bfcl_b8_l2_s3,H33,pipelined,fixed,445.5,445.5,0.0,0
heldout_bfcl_b16_l2_s3,H33,pipelined,fixed,594.0,594.0,0.0,0
heldout_bfcl_b2_l2_s7,H33,pipelined,fixed,231.0,231.0,0.0,0
heldout_bfcl_b4_l2_s7,H33,pipelined,fixed,363.0,363.0,0.0,0
heldout_bfcl_b8_l2_s7,H33,pipelined,fixed,495.0,495.0,0.0,0
heldout_bfcl_b16_l2_s7,H33,pipelined,fixed,742.5,742.5,0.0,0
heldout_bfcl_b2_l2_s11,H33,pipelined,fixed,165.0,165.0,0.0,0
heldout_bfcl_b4_l2_s11,H33,pipelined,fixed,363.0,363.0,0.0,0
heldout_bfcl_b8_l2_s11,H33,pipelined,fixed,511.5,511.5,0.0,0
heldout_bfcl_b16_l2_s11,H33,pipelined,fixed,841.5,841.5,0.0,0
heldout_bfcl_b2_l13_s3,H33,pipelined,fixed,198.0,198.0,0.0,0
heldout_bfcl_b4_l13_s3,H33,pipelined,fixed,396.0,396.0,0.0,0
heldout_bfcl_b8_l13_s3,H33,pipelined,fixed,478.5,478.5,0.0,0
heldout_bfcl_b16_l13_s3,H33,pipelined,fixed,660.0,660.0,0.0,0
heldout_bfcl_b2_l13_s7,H33,pipelined,fixed,231.0,231.0,0.0,0
heldout_bfcl_b4_l13_s7,H33,pipelined,fixed,363.0,363.0,0.0,0
heldout_bfcl_b8_l13_s7,H33,pipelined,fixed,528.0,528.0,0.0,0
heldout_bfcl_b16_l13_s7,H33,pipelined,fixed,660.0,660.0,0.0,0
heldout_bfcl_b2_l13_s11,H33,pipelined,fixed,148.5,148.5,0.0,0
heldout_bfcl_b4_l13_s11,H33,pipelined,fixed,346.5,346.5,0.0,0
heldout_bfcl_b8_l13_s11,H33,pipelined,fixed,445.5,445.5,0.0,0
heldout_bfcl_b16_l13_s11,H33,pipelined,fixed,775.5,775.5,0.0,0
heldout_bfcl_b2_l26_s3,H33,pipelined,fixed,214.5,214.5,0.0,0
heldout_bfcl_b4_l26_s3,H33,pipelined,fixed,396.0,396.0,0.0,0
heldout_bfcl_b8_l26_s3,H33,pipelined,fixed,511.5,511.5,0.0,0
heldout_bfcl_b16_l26_s3,H33,pipelined,fixed,759.0,759.0,0.0,0
heldout_bfcl_b2_l26_s7,H33,pipelined,fixed,198.0,198.0,0.0,0
heldout_bfcl_b4_l26_s7,H33,pipelined,fixed,396.0,396.0,0.0,0
heldout_bfcl_b8_l26_s7,H33,pipelined,fixed,561.0,561.0,0.0,0
heldout_bfcl_b16_l26_s7,H33,pipelined,fixed,693.0,693.0,0.0,0
heldout_bfcl_b2_l26_s11,H33,pipelined,fixed,165.0,165.0,0.0,0
heldout_bfcl_b4_l26_s11,H33,pipelined,fixed,363.0,363.0,0.0,0
heldout_bfcl_b8_l26_s11,H33,pipelined,fixed,544.5,544.5,0.0,0
heldout_bfcl_b16_l26_s11,H33,pipelined,fixed,792.0,792.0,0.0,0
heldout_gpqa_b2_l2_s3,H33,pipelined,fixed,214.5,214.5,0.0,0
heldout_gpqa_b4_l2_s3,H33,pipelined,fixed,297.0,297.0,0.0,0
heldout_gpqa_b8_l2_s3,H33,pipelined,fixed,379.5,379.5,0.0,0
heldout_gpqa_b16_l2_s3,H33,pipelined,fixed,462.0,462.0,0.0,0
heldout_gpqa_b2_l2_s7,H33,pipelined,fixed,231.0,231.0,0.0,0
heldout_gpqa_b4_l2_s7,H33,pipelined,fixed,396.0,396.0,0.0,0
heldout_gpqa_b8_l2_s7,H33,pipelined,fixed,561.0,561.0,0.0,0
heldout_gpqa_b16_l2_s7,H33,pipelined,fixed,775.5,775.5,0.0,0
heldout_gpqa_b2_l2_s11,H33,pipelined,fixed,181.5,181.5,0.0,0
heldout_gpqa_b4_l2_s11,H33,pipelined,fixed,379.5,379.5,0.0,0
heldout_gpqa_b8_l2_s11,H33,pipelined,fixed,627.0,627.0,0.0,0
heldout_gpqa_b16_l2_s11,H33,pipelined,fixed,825.0,825.0,0.0,0
heldout_gpqa_b2_l13_s3,H33,pipelined,fixed,214.5,214.5,0.0,0
heldout_gpqa_b4_l13_s3,H33,pipelined,fixed,313.5,313.5,0.0,0
heldout_gpqa_b8_l13_s3,H33,pipelined,fixed,462.0,462.0,0.0,0
heldout_gpqa_b16_l13_s3,H33,pipelined,fixed,528.0,528.0,0.0,0
heldout_gpqa_b2_l13_s7,H33,pipelined,fixed,214.5,214.5,0.0,0
heldout_gpqa_b4_l13_s7,H33,pipelined,fixed,379.5,379.5,0.0,0
heldout_gpqa_b8_l13_s7,H33,pipelined,fixed,577.5,577.5,0.0,0
heldout_gpqa_b16_l13_s7,H33,pipelined,fixed,726.0,726.0,0.0,0
heldout_gpqa_b2_l13_s11,H33,pipelined,fixed,148.5,148.5,0.0,0
heldout_gpqa_b4_l13_s11,H33,pipelined,fixed,396.0,396.0,0.0,0
heldout_gpqa_b8_l13_s11,H33,pipelined,fixed,495.0,495.0,0.0,0
heldout_gpqa_b16_l13_s11,H33,pipelined,fixed,742.5,742.5,0.0,0
heldout_gpqa_b2_l26_s3,H33,pipelined,fixed,231.0,231.0,0.0,0
heldout_gpqa_b4_l26_s3,H33,pipelined,fixed,280.5,280.5,0.0,0
heldout_gpqa_b8_l26_s3,H33,pipelined,fixed,412.5,412.5,0.0,0
heldout_gpqa_b16_l26_s3,H33,pipelined,fixed,561.0,561.0,0.0,0
heldout_gpqa_b2_l26_s7,H33,pipelined,fixed,231.0,231.0,0.0,0
heldout_gpqa_b4_l26_s7,H33,pipelined,fixed,379.5,379.5,0.0,0
heldout_gpqa_b8_l26_s7,H33,pipelined,fixed,561.0,561.0,0.0,0
heldout_gpqa_b16_l26_s7,H33,pipelined,fixed,759.0,759.0,0.0,0
heldout_gpqa_b2_l26_s11,H33,pipelined,fixed,214.5,214.5,0.0,0
heldout_gpqa_b4_l26_s11,H33,pipelined,fixed,412.5,412.5,0.0,0
heldout_gpqa_b8_l26_s11,H33,pipelined,fixed,561.0,561.0,0.0,0
heldout_gpqa_b16_l26_s11,H33,pipelined,fixed,825.0,825.0,0.0,0
heldout_swe_b2_l2_s3,H33,pipelined,fixed,214.5,214.5,0.0,0
heldout_swe_b4_l2_s3,H33,pipelined,fixed,247.5,247.5,0.0,0
heldout_swe_b8_l2_s3,H33,pipelined,fixed,280.5,280.5,0.0,0
heldout_swe_b16_l2_s3,H33,pipelined,fixed,330.0,330.0,0.0,0
heldout_swe_b2_l2_s7,H33,pipelined,fixed,214.5,214.5,0.0,0
heldout_swe_b4_l2_s7,H33,pipelined,fixed,280.5,280.5,0.0,0
heldout_swe_b8_l2_s7,H33,pipelined,fixed,297.0,297.0,0.0,0
heldout_swe_b16_l2_s7,H33,pipelined,fixed,363.0,363.0,0.0,0
heldout_swe_b2_l2_s11,H33,pipelined,fixed,214.5,214.5,0.0,0
heldout_swe_b4_l2_s11,H33,pipelined,fixed,346.5,346.5,0.0,0
heldout_swe_b8_l2_s11,H33,pipelined,fixed,313.5,313.5,0.0,0
heldout_swe_b16_l2_s11,H33,pipelined,fixed,462.0,462.0,0.0,0
heldout_swe_b2_l13_s3,H33,pipelined,fixed,231.0,231.0,0.0,0
heldout_swe_b4_l13_s3,H33,pipelined,fixed,313.5,313.5,0.0,0
heldout_swe_b8_l13_s3,H33,pipelined,fixed,330.0,330.0,0.0,0
heldout_swe_b16_l13_s3,H33,pipelined,fixed,346.5,346.5,0.0,0
heldout_swe_b2_l13_s7,H33,pipelined,fixed,231.0,231.0,0.0,0
heldout_swe_b4_l13_s7,H33,pipelined,fixed,346.5,346.5,0.0,0
heldout_swe_b8_l13_s7,H33,pipelined,fixed,346.5,346.5,0.0,0
heldout_swe_b16_l13_s7,H33,pipelined,fixed,363.0,363.0,0.0,0
heldout_swe_b2_l13_s11,H33,pipelined,fixed,198.0,198.0,0.0,0
heldout_swe_b4_l13_s11,H33,pipelined,fixed,363.0,363.0,0.0,0
heldout_swe_b8_l13_s11,H33,pipelined,fixed,313.5,313.5,0.0,0
heldout_swe_b16_l13_s11,H33,pipelined,fixed,462.0,462.0,0.0,0
heldout_swe_b2_l26_s3,H33,pipelined,fixed,198.0,198.0,0.0,0
heldout_swe_b4_l26_s3,H33,pipelined,fixed,313.5,313.5,0.0,0
heldout_swe_b8_l26_s3,H33,pipelined,fixed,379.5,379.5,0.0,0
heldout_swe_b16_l26_s3,H33,pipelined,fixed,462.0,462.0,0.0,0
heldout_swe_b2_l26_s7,H33,pipelined,fixed,231.0,231.0,0.0,0
heldout_swe_b4_l26_s7,H33,pipelined,fixed,297.0,297.0,0.0,0
heldout_swe_b8_l26_s7,H33,pipelined,fixed,363.0,363.0,0.0,0
heldout_swe_b16_l26_s7,H33,pipelined,fixed,379.5,379.5,0.0,0
heldout_swe_b2_l26_s11,H33,pipelined,fixed,231.0,231.0,0.0,0
heldout_swe_b4_l26_s11,H33,pipelined,fixed,412.5,412.5,0.0,0
heldout_swe_b8_l26_s11,H33,pipelined,fixed,313.5,313.5,0.0,0
heldout_swe_b16_l26_s11,H33,pipelined,fixed,495.0,495.0,0.0,0
v3_captured_mixed_heldout_bfcl_t64_l2,H33,pipelined,fixed,1072.5,1072.5,0.0,1
v3_captured_mixed_heldout_bfcl_t96_l2,H33,pipelined,fixed,1122.0,1122.0,0.0,1
v3_captured_mixed_heldout_bfcl_t128_l2,H33,pipelined,fixed,1188.0,1188.0,0.0,1
v3_captured_mixed_heldout_bfcl_t64_l13,H33,pipelined,fixed,990.0,990.0,0.0,1
v3_captured_mixed_heldout_bfcl_t96_l13,H33,pipelined,fixed,1105.5,1116.5,-0.9852216748768461,1
v3_captured_mixed_heldout_bfcl_t128_l13,H33,pipelined,fixed,1177.0,1188.0,-0.92592592592593,3
v3_captured_mixed_heldout_bfcl_t64_l26,H33,pipelined,fixed,1056.0,1056.0,0.0,1
v3_captured_mixed_heldout_bfcl_t96_l26,H33,pipelined,fixed,1138.5,1138.5,0.0,1
v3_captured_mixed_heldout_bfcl_t128_l26,H33,pipelined,fixed,1199.0,1210.0,-0.9090909090909038,2
v3_captured_mixed_heldout_gpqa_t64_l2,H33,pipelined,fixed,1105.5,1105.5,0.0,1
v3_captured_mixed_heldout_gpqa_t96_l2,H33,pipelined,fixed,1155.0,1155.0,0.0,1
v3_captured_mixed_heldout_gpqa_t128_l2,H33,pipelined,fixed,1188.0,1188.0,0.0,1
v3_captured_mixed_heldout_gpqa_t64_l13,H33,pipelined,fixed,990.0,990.0,0.0,1
v3_captured_mixed_heldout_gpqa_t96_l13,H33,pipelined,fixed,1072.5,1072.5,0.0,1
v3_captured_mixed_heldout_gpqa_t128_l13,H33,pipelined,fixed,1122.0,1122.0,0.0,1
v3_captured_mixed_heldout_gpqa_t64_l26,H33,pipelined,fixed,1105.5,1105.5,0.0,1
v3_captured_mixed_heldout_gpqa_t96_l26,H33,pipelined,fixed,1155.0,1155.0,0.0,1
v3_captured_mixed_heldout_gpqa_t128_l26,H33,pipelined,fixed,1188.0,1188.0,0.0,1
v3_captured_mixed_heldout_swe_t64_l2,H33,pipelined,fixed,1089.0,1089.0,0.0,1
v3_captured_mixed_heldout_swe_t96_l2,H33,pipelined,fixed,1138.5,1138.5,0.0,1
v3_captured_mixed_heldout_swe_t128_l2,H33,pipelined,fixed,1188.0,1188.0,0.0,1
v3_captured_mixed_heldout_swe_t64_l13,H33,pipelined,fixed,924.0,924.0,0.0,1
v3_captured_mixed_heldout_swe_t96_l13,H33,pipelined,fixed,1067.0,1078.0,-1.0204081632653073,2
v3_captured_mixed_heldout_swe_t128_l13,H33,pipelined,fixed,1166.0,1177.0,-0.9345794392523366,2
v3_captured_mixed_heldout_swe_t64_l26,H33,pipelined,fixed,1039.5,1039.5,0.0,1
v3_captured_mixed_heldout_swe_t96_l26,H33,pipelined,fixed,1089.0,1089.0,0.0,1
v3_captured_mixed_heldout_swe_t128_l26,H33,pipelined,fixed,1188.0,1188.0,0.0,1
heldout_bfcl_b2_l2_s3,H33,pipelined,milp,231.0,231.0,0.0,0
heldout_bfcl_b4_l2_s3,H33,pipelined,milp,330.0,330.0,0.0,0
heldout_bfcl_b8_l2_s3,H33,pipelined,milp,445.5,445.5,0.0,0
heldout_bfcl_b16_l2_s3,H33,pipelined,milp,594.0,594.0,0.0,0
heldout_bfcl_b2_l2_s7,H33,pipelined,milp,231.0,231.0,0.0,0
heldout_bfcl_b4_l2_s7,H33,pipelined,milp,363.0,363.0,0.0,0
heldout_bfcl_b8_l2_s7,H33,pipelined,milp,495.0,495.0,0.0,0
heldout_bfcl_b16_l2_s7,H33,pipelined,milp,742.5,742.5,0.0,0
heldout_bfcl_b2_l2_s11,H33,pipelined,milp,165.0,165.0,0.0,0
heldout_bfcl_b4_l2_s11,H33,pipelined,milp,363.0,363.0,0.0,0
heldout_bfcl_b8_l2_s11,H33,pipelined,milp,511.5,511.5,0.0,0
heldout_bfcl_b16_l2_s11,H33,pipelined,milp,841.5,841.5,0.0,0
heldout_bfcl_b2_l13_s3,H33,pipelined,milp,198.0,198.0,0.0,0
heldout_bfcl_b4_l13_s3,H33,pipelined,milp,396.0,396.0,0.0,0
heldout_bfcl_b8_l13_s3,H33,pipelined,milp,478.5,478.5,0.0,0
heldout_bfcl_b16_l13_s3,H33,pipelined,milp,660.0,660.0,0.0,0
heldout_bfcl_b2_l13_s7,H33,pipelined,milp,231.0,231.0,0.0,0
heldout_bfcl_b4_l13_s7,H33,pipelined,milp,363.0,363.0,0.0,0
heldout_bfcl_b8_l13_s7,H33,pipelined,milp,528.0,528.0,0.0,0
heldout_bfcl_b16_l13_s7,H33,pipelined,milp,660.0,660.0,0.0,0
heldout_bfcl_b2_l13_s11,H33,pipelined,milp,148.5,148.5,0.0,0
heldout_bfcl_b4_l13_s11,H33,pipelined,milp,346.5,346.5,0.0,0
heldout_bfcl_b8_l13_s11,H33,pipelined,milp,445.5,445.5,0.0,0
heldout_bfcl_b16_l13_s11,H33,pipelined,milp,775.5,775.5,0.0,0
heldout_bfcl_b2_l26_s3,H33,pipelined,milp,214.5,214.5,0.0,0
heldout_bfcl_b4_l26_s3,H33,pipelined,milp,396.0,396.0,0.0,0
heldout_bfcl_b8_l26_s3,H33,pipelined,milp,511.5,511.5,0.0,0
heldout_bfcl_b16_l26_s3,H33,pipelined,milp,759.0,759.0,0.0,0
heldout_bfcl_b2_l26_s7,H33,pipelined,milp,198.0,198.0,0.0,0
heldout_bfcl_b4_l26_s7,H33,pipelined,milp,396.0,396.0,0.0,0
heldout_bfcl_b8_l26_s7,H33,pipelined,milp,561.0,561.0,0.0,0
heldout_bfcl_b16_l26_s7,H33,pipelined,milp,693.0,693.0,0.0,0
heldout_bfcl_b2_l26_s11,H33,pipelined,milp,165.0,165.0,0.0,0
heldout_bfcl_b4_l26_s11,H33,pipelined,milp,363.0,363.0,0.0,0
heldout_bfcl_b8_l26_s11,H33,pipelined,milp,544.5,544.5,0.0,0
heldout_bfcl_b16_l26_s11,H33,pipelined,milp,792.0,792.0,0.0,0
heldout_gpqa_b2_l2_s3,H33,pipelined,milp,214.5,214.5,0.0,0
heldout_gpqa_b4_l2_s3,H33,pipelined,milp,297.0,297.0,0.0,0
heldout_gpqa_b8_l2_s3,H33,pipelined,milp,379.5,379.5,0.0,0
heldout_gpqa_b16_l2_s3,H33,pipelined,milp,462.0,462.0,0.0,0
heldout_gpqa_b2_l2_s7,H33,pipelined,milp,231.0,231.0,0.0,0
heldout_gpqa_b4_l2_s7,H33,pipelined,milp,396.0,396.0,0.0,0
heldout_gpqa_b8_l2_s7,H33,pipelined,milp,561.0,561.0,0.0,0
heldout_gpqa_b16_l2_s7,H33,pipelined,milp,775.5,775.5,0.0,0
heldout_gpqa_b2_l2_s11,H33,pipelined,milp,181.5,181.5,0.0,0
heldout_gpqa_b4_l2_s11,H33,pipelined,milp,379.5,379.5,0.0,0
heldout_gpqa_b8_l2_s11,H33,pipelined,milp,627.0,627.0,0.0,0
heldout_gpqa_b16_l2_s11,H33,pipelined,milp,825.0,825.0,0.0,0
heldout_gpqa_b2_l13_s3,H33,pipelined,milp,214.5,214.5,0.0,0
heldout_gpqa_b4_l13_s3,H33,pipelined,milp,313.5,313.5,0.0,0
heldout_gpqa_b8_l13_s3,H33,pipelined,milp,462.0,462.0,0.0,0
heldout_gpqa_b16_l13_s3,H33,pipelined,milp,528.0,528.0,0.0,0
heldout_gpqa_b2_l13_s7,H33,pipelined,milp,214.5,214.5,0.0,0
heldout_gpqa_b4_l13_s7,H33,pipelined,milp,379.5,379.5,0.0,0
heldout_gpqa_b8_l13_s7,H33,pipelined,milp,577.5,577.5,0.0,0
heldout_gpqa_b16_l13_s7,H33,pipelined,milp,726.0,726.0,0.0,0
heldout_gpqa_b2_l13_s11,H33,pipelined,milp,148.5,148.5,0.0,0
heldout_gpqa_b4_l13_s11,H33,pipelined,milp,396.0,396.0,0.0,0
heldout_gpqa_b8_l13_s11,H33,pipelined,milp,495.0,495.0,0.0,0
heldout_gpqa_b16_l13_s11,H33,pipelined,milp,742.5,742.5,0.0,0
heldout_gpqa_b2_l26_s3,H33,pipelined,milp,231.0,231.0,0.0,0
heldout_gpqa_b4_l26_s3,H33,pipelined,milp,280.5,280.5,0.0,0
heldout_gpqa_b8_l26_s3,H33,pipelined,milp,412.5,412.5,0.0,0
heldout_gpqa_b16_l26_s3,H33,pipelined,milp,561.0,561.0,0.0,0
heldout_gpqa_b2_l26_s7,H33,pipelined,milp,231.0,231.0,0.0,0
heldout_gpqa_b4_l26_s7,H33,pipelined,milp,379.5,379.5,0.0,0
heldout_gpqa_b8_l26_s7,H33,pipelined,milp,561.0,561.0,0.0,0
heldout_gpqa_b16_l26_s7,H33,pipelined,milp,759.0,759.0,0.0,0
heldout_gpqa_b2_l26_s11,H33,pipelined,milp,214.5,214.5,0.0,0
heldout_gpqa_b4_l26_s11,H33,pipelined,milp,412.5,412.5,0.0,0
heldout_gpqa_b8_l26_s11,H33,pipelined,milp,561.0,561.0,0.0,0
heldout_gpqa_b16_l26_s11,H33,pipelined,milp,825.0,825.0,0.0,0
heldout_swe_b2_l2_s3,H33,pipelined,milp,214.5,214.5,0.0,0
heldout_swe_b4_l2_s3,H33,pipelined,milp,247.5,247.5,0.0,0
heldout_swe_b8_l2_s3,H33,pipelined,milp,280.5,280.5,0.0,0
heldout_swe_b16_l2_s3,H33,pipelined,milp,330.0,330.0,0.0,0
heldout_swe_b2_l2_s7,H33,pipelined,milp,214.5,214.5,0.0,0
heldout_swe_b4_l2_s7,H33,pipelined,milp,280.5,280.5,0.0,0
heldout_swe_b8_l2_s7,H33,pipelined,milp,297.0,297.0,0.0,0
heldout_swe_b16_l2_s7,H33,pipelined,milp,363.0,363.0,0.0,0
heldout_swe_b2_l2_s11,H33,pipelined,milp,214.5,214.5,0.0,0
heldout_swe_b4_l2_s11,H33,pipelined,milp,346.5,346.5,0.0,0
heldout_swe_b8_l2_s11,H33,pipelined,milp,313.5,313.5,0.0,0
heldout_swe_b16_l2_s11,H33,pipelined,milp,462.0,462.0,0.0,0
heldout_swe_b2_l13_s3,H33,pipelined,milp,231.0,231.0,0.0,0
heldout_swe_b4_l13_s3,H33,pipelined,milp,313.5,313.5,0.0,0
heldout_swe_b8_l13_s3,H33,pipelined,milp,330.0,330.0,0.0,0
heldout_swe_b16_l13_s3,H33,pipelined,milp,346.5,346.5,0.0,0
heldout_swe_b2_l13_s7,H33,pipelined,milp,231.0,231.0,0.0,0
heldout_swe_b4_l13_s7,H33,pipelined,milp,346.5,346.5,0.0,0
heldout_swe_b8_l13_s7,H33,pipelined,milp,346.5,346.5,0.0,0
heldout_swe_b16_l13_s7,H33,pipelined,milp,363.0,363.0,0.0,0
heldout_swe_b2_l13_s11,H33,pipelined,milp,198.0,198.0,0.0,0
heldout_swe_b4_l13_s11,H33,pipelined,milp,363.0,363.0,0.0,0
heldout_swe_b8_l13_s11,H33,pipelined,milp,313.5,313.5,0.0,0
heldout_swe_b16_l13_s11,H33,pipelined,milp,462.0,462.0,0.0,0
heldout_swe_b2_l26_s3,H33,pipelined,milp,198.0,198.0,0.0,0
heldout_swe_b4_l26_s3,H33,pipelined,milp,313.5,313.5,0.0,0
heldout_swe_b8_l26_s3,H33,pipelined,milp,379.5,379.5,0.0,0
heldout_swe_b16_l26_s3,H33,pipelined,milp,462.0,462.0,0.0,0
heldout_swe_b2_l26_s7,H33,pipelined,milp,231.0,231.0,0.0,0
heldout_swe_b4_l26_s7,H33,pipelined,milp,297.0,297.0,0.0,0
heldout_swe_b8_l26_s7,H33,pipelined,milp,363.0,363.0,0.0,0
heldout_swe_b16_l26_s7,H33,pipelined,milp,379.5,379.5,0.0,0
heldout_swe_b2_l26_s11,H33,pipelined,milp,231.0,231.0,0.0,0
heldout_swe_b4_l26_s11,H33,pipelined,milp,412.5,412.5,0.0,0
heldout_swe_b8_l26_s11,H33,pipelined,milp,313.5,313.5,0.0,0
heldout_swe_b16_l26_s11,H33,pipelined,milp,495.0,495.0,0.0,0
v3_captured_mixed_heldout_bfcl_t64_l2,H33,pipelined,milp,1072.5,1072.5,0.0,1
v3_captured_mixed_heldout_bfcl_t96_l2,H33,pipelined,milp,1122.0,1122.0,0.0,1
v3_captured_mixed_heldout_bfcl_t128_l2,H33,pipelined,milp,1188.0,1188.0,0.0,1
v3_captured_mixed_heldout_bfcl_t64_l13,H33,pipelined,milp,990.0,990.0,0.0,1
v3_captured_mixed_heldout_bfcl_t96_l13,H33,pipelined,milp,1116.5,1116.5,0.0,2
v3_captured_mixed_heldout_bfcl_t128_l13,H33,pipelined,milp,1188.0,1188.0,0.0,4
v3_captured_mixed_heldout_bfcl_t64_l26,H33,pipelined,milp,1056.0,1056.0,0.0,1
v3_captured_mixed_heldout_bfcl_t96_l26,H33,pipelined,milp,1138.5,1138.5,0.0,1
v3_captured_mixed_heldout_bfcl_t128_l26,H33,pipelined,milp,1210.0,1210.0,0.0,3
v3_captured_mixed_heldout_gpqa_t64_l2,H33,pipelined,milp,1105.5,1105.5,0.0,1
v3_captured_mixed_heldout_gpqa_t96_l2,H33,pipelined,milp,1155.0,1155.0,0.0,1
v3_captured_mixed_heldout_gpqa_t128_l2,H33,pipelined,milp,1188.0,1188.0,0.0,1
v3_captured_mixed_heldout_gpqa_t64_l13,H33,pipelined,milp,990.0,990.0,0.0,1
v3_captured_mixed_heldout_gpqa_t96_l13,H33,pipelined,milp,1072.5,1072.5,0.0,1
v3_captured_mixed_heldout_gpqa_t128_l13,H33,pipelined,milp,1122.0,1122.0,0.0,1
v3_captured_mixed_heldout_gpqa_t64_l26,H33,pipelined,milp,1105.5,1105.5,0.0,1
v3_captured_mixed_heldout_gpqa_t96_l26,H33,pipelined,milp,1155.0,1155.0,0.0,1
v3_captured_mixed_heldout_gpqa_t128_l26,H33,pipelined,milp,1188.0,1188.0,0.0,1
v3_captured_mixed_heldout_swe_t64_l2,H33,pipelined,milp,1089.0,1089.0,0.0,1
v3_captured_mixed_heldout_swe_t96_l2,H33,pipelined,milp,1138.5,1138.5,0.0,1
v3_captured_mixed_heldout_swe_t128_l2,H33,pipelined,milp,1188.0,1188.0,0.0,1
v3_captured_mixed_heldout_swe_t64_l13,H33,pipelined,milp,924.0,924.0,0.0,1
v3_captured_mixed_heldout_swe_t96_l13,H33,pipelined,milp,1078.0,1078.0,0.0,3
v3_captured_mixed_heldout_swe_t128_l13,H33,pipelined,milp,1177.0,1177.0,0.0,3
v3_captured_mixed_heldout_swe_t64_l26,H33,pipelined,milp,1039.5,1039.5,0.0,1
v3_captured_mixed_heldout_swe_t96_l26,H33,pipelined,milp,1089.0,1089.0,0.0,1
v3_captured_mixed_heldout_swe_t128_l26,H33,pipelined,milp,1188.0,1188.0,0.0,1
heldout_bfcl_b2_l2_s3,fixed_4+2,pipelined,eft_old,231.0,231.0,0.0,0
heldout_bfcl_b4_l2_s3,fixed_4+2,pipelined,eft_old,346.5,330.0,5.000000000000004,1
heldout_bfcl_b8_l2_s3,fixed_4+2,pipelined,eft_old,544.5,478.5,13.793103448275868,5
heldout_bfcl_b16_l2_s3,fixed_4+2,pipelined,eft_old,940.5,825.0,13.99999999999999,8
heldout_bfcl_b2_l2_s7,fixed_4+2,pipelined,eft_old,231.0,231.0,0.0,0
heldout_bfcl_b4_l2_s7,fixed_4+2,pipelined,eft_old,363.0,363.0,0.0,0
heldout_bfcl_b8_l2_s7,fixed_4+2,pipelined,eft_old,610.5,528.0,15.625,6
heldout_bfcl_b16_l2_s7,fixed_4+2,pipelined,eft_old,1023.0,924.0,10.71428571428572,10
heldout_bfcl_b2_l2_s11,fixed_4+2,pipelined,eft_old,165.0,165.0,0.0,0
heldout_bfcl_b4_l2_s11,fixed_4+2,pipelined,eft_old,363.0,363.0,0.0,0
heldout_bfcl_b8_l2_s11,fixed_4+2,pipelined,eft_old,561.0,544.5,3.0303030303030276,2
heldout_bfcl_b16_l2_s11,fixed_4+2,pipelined,eft_old,1072.5,957.0,12.06896551724137,9
heldout_bfcl_b2_l13_s3,fixed_4+2,pipelined,eft_old,198.0,198.0,0.0,0
heldout_bfcl_b4_l13_s3,fixed_4+2,pipelined,eft_old,396.0,396.0,0.0,0
heldout_bfcl_b8_l13_s3,fixed_4+2,pipelined,eft_old,610.5,561.0,8.823529411764696,5
heldout_bfcl_b16_l13_s3,fixed_4+2,pipelined,eft_old,1006.5,874.5,15.094339622641506,10
heldout_bfcl_b2_l13_s7,fixed_4+2,pipelined,eft_old,231.0,231.0,0.0,0
heldout_bfcl_b4_l13_s7,fixed_4+2,pipelined,eft_old,363.0,363.0,0.0,0
heldout_bfcl_b8_l13_s7,fixed_4+2,pipelined,eft_old,610.5,561.0,8.823529411764696,4
heldout_bfcl_b16_l13_s7,fixed_4+2,pipelined,eft_old,973.5,858.0,13.461538461538458,9
heldout_bfcl_b2_l13_s11,fixed_4+2,pipelined,eft_old,148.5,148.5,0.0,0
heldout_bfcl_b4_l13_s11,fixed_4+2,pipelined,eft_old,346.5,346.5,0.0,0
heldout_bfcl_b8_l13_s11,fixed_4+2,pipelined,eft_old,511.5,495.0,3.3333333333333437,3
heldout_bfcl_b16_l13_s11,fixed_4+2,pipelined,eft_old,1039.5,940.5,10.526315789473696,9
heldout_bfcl_b2_l26_s3,fixed_4+2,pipelined,eft_old,214.5,214.5,0.0,0
heldout_bfcl_b4_l26_s3,fixed_4+2,pipelined,eft_old,396.0,396.0,0.0,0
heldout_bfcl_b8_l26_s3,fixed_4+2,pipelined,eft_old,577.5,544.5,6.060606060606055,3
heldout_bfcl_b16_l26_s3,fixed_4+2,pipelined,eft_old,1056.0,940.5,12.280701754385959,8
heldout_bfcl_b2_l26_s7,fixed_4+2,pipelined,eft_old,198.0,198.0,0.0,0
heldout_bfcl_b4_l26_s7,fixed_4+2,pipelined,eft_old,396.0,396.0,0.0,0
heldout_bfcl_b8_l26_s7,fixed_4+2,pipelined,eft_old,610.5,594.0,2.777777777777768,2
heldout_bfcl_b16_l26_s7,fixed_4+2,pipelined,eft_old,957.0,841.5,13.725490196078427,10
heldout_bfcl_b2_l26_s11,fixed_4+2,pipelined,eft_old,165.0,165.0,0.0,0
heldout_bfcl_b4_l26_s11,fixed_4+2,pipelined,eft_old,363.0,363.0,0.0,0
heldout_bfcl_b8_l26_s11,fixed_4+2,pipelined,eft_old,627.0,594.0,5.555555555555558,3
heldout_bfcl_b16_l26_s11,fixed_4+2,pipelined,eft_old,1023.0,924.0,10.71428571428572,8
heldout_gpqa_b2_l2_s3,fixed_4+2,pipelined,eft_old,214.5,214.5,0.0,0
heldout_gpqa_b4_l2_s3,fixed_4+2,pipelined,eft_old,330.0,297.0,11.111111111111116,2
heldout_gpqa_b8_l2_s3,fixed_4+2,pipelined,eft_old,544.5,462.0,17.85714285714286,7
heldout_gpqa_b16_l2_s3,fixed_4+2,pipelined,eft_old,907.5,759.0,19.565217391304344,9
heldout_gpqa_b2_l2_s7,fixed_4+2,pipelined,eft_old,231.0,231.0,0.0,0
heldout_gpqa_b4_l2_s7,fixed_4+2,pipelined,eft_old,396.0,396.0,0.0,0
heldout_gpqa_b8_l2_s7,fixed_4+2,pipelined,eft_old,627.0,594.0,5.555555555555558,3
heldout_gpqa_b16_l2_s7,fixed_4+2,pipelined,eft_old,1072.5,973.5,10.169491525423723,10
heldout_gpqa_b2_l2_s11,fixed_4+2,pipelined,eft_old,181.5,181.5,0.0,0
heldout_gpqa_b4_l2_s11,fixed_4+2,pipelined,eft_old,379.5,379.5,0.0,0
heldout_gpqa_b8_l2_s11,fixed_4+2,pipelined,eft_old,676.5,660.0,2.499999999999991,2
heldout_gpqa_b16_l2_s11,fixed_4+2,pipelined,eft_old,1039.5,940.5,10.526315789473696,8
heldout_gpqa_b2_l13_s3,fixed_4+2,pipelined,eft_old,214.5,214.5,0.0,0
heldout_gpqa_b4_l13_s3,fixed_4+2,pipelined,eft_old,330.0,313.5,5.263157894736836,1
heldout_gpqa_b8_l13_s3,fixed_4+2,pipelined,eft_old,528.0,495.0,6.666666666666665,3
heldout_gpqa_b16_l13_s3,fixed_4+2,pipelined,eft_old,940.5,775.5,21.27659574468086,12
heldout_gpqa_b2_l13_s7,fixed_4+2,pipelined,eft_old,214.5,214.5,0.0,0
heldout_gpqa_b4_l13_s7,fixed_4+2,pipelined,eft_old,379.5,379.5,0.0,0
heldout_gpqa_b8_l13_s7,fixed_4+2,pipelined,eft_old,627.0,610.5,2.7027027027026973,2
heldout_gpqa_b16_l13_s7,fixed_4+2,pipelined,eft_old,1039.5,924.0,12.5,10
heldout_gpqa_b2_l13_s11,fixed_4+2,pipelined,eft_old,148.5,148.5,0.0,0
heldout_gpqa_b4_l13_s11,fixed_4+2,pipelined,eft_old,396.0,396.0,0.0,0
heldout_gpqa_b8_l13_s11,fixed_4+2,pipelined,eft_old,577.5,544.5,6.060606060606055,3
heldout_gpqa_b16_l13_s11,fixed_4+2,pipelined,eft_old,1023.0,924.0,10.71428571428572,8
heldout_gpqa_b2_l26_s3,fixed_4+2,pipelined,eft_old,231.0,231.0,0.0,0
heldout_gpqa_b4_l26_s3,fixed_4+2,pipelined,eft_old,297.0,280.5,5.882352941176472,1
heldout_gpqa_b8_l26_s3,fixed_4+2,pipelined,eft_old,528.0,478.5,10.344827586206895,5
heldout_gpqa_b16_l26_s3,fixed_4+2,pipelined,eft_old,990.0,825.0,19.999999999999996,10
heldout_gpqa_b2_l26_s7,fixed_4+2,pipelined,eft_old,231.0,231.0,0.0,0
heldout_gpqa_b4_l26_s7,fixed_4+2,pipelined,eft_old,379.5,379.5,0.0,0
heldout_gpqa_b8_l26_s7,fixed_4+2,pipelined,eft_old,610.5,594.0,2.777777777777768,2
heldout_gpqa_b16_l26_s7,fixed_4+2,pipelined,eft_old,1072.5,973.5,10.169491525423723,9
heldout_gpqa_b2_l26_s11,fixed_4+2,pipelined,eft_old,214.5,214.5,0.0,0
heldout_gpqa_b4_l26_s11,fixed_4+2,pipelined,eft_old,412.5,412.5,0.0,0
heldout_gpqa_b8_l26_s11,fixed_4+2,pipelined,eft_old,643.5,594.0,8.333333333333325,4
heldout_gpqa_b16_l26_s11,fixed_4+2,pipelined,eft_old,1072.5,973.5,10.169491525423723,8
heldout_swe_b2_l2_s3,fixed_4+2,pipelined,eft_old,214.5,214.5,0.0,0
heldout_swe_b4_l2_s3,fixed_4+2,pipelined,eft_old,264.0,247.5,6.666666666666665,1
heldout_swe_b8_l2_s3,fixed_4+2,pipelined,eft_old,445.5,363.0,22.72727272727273,8
heldout_swe_b16_l2_s3,fixed_4+2,pipelined,eft_old,808.5,676.5,19.512195121951216,12
heldout_swe_b2_l2_s7,fixed_4+2,pipelined,eft_old,214.5,214.5,0.0,0
heldout_swe_b4_l2_s7,fixed_4+2,pipelined,eft_old,313.5,280.5,11.764705882352944,2
heldout_swe_b8_l2_s7,fixed_4+2,pipelined,eft_old,412.5,346.5,19.047619047619047,4
heldout_swe_b16_l2_s7,fixed_4+2,pipelined,eft_old,858.0,709.5,20.93023255813953,12
heldout_swe_b2_l2_s11,fixed_4+2,pipelined,eft_old,214.5,214.5,0.0,0
heldout_swe_b4_l2_s11,fixed_4+2,pipelined,eft_old,346.5,346.5,0.0,0
heldout_swe_b8_l2_s11,fixed_4+2,pipelined,eft_old,445.5,396.0,12.5,5
heldout_swe_b16_l2_s11,fixed_4+2,pipelined,eft_old,841.5,742.5,13.33333333333333,12
heldout_swe_b2_l13_s3,fixed_4+2,pipelined,eft_old,231.0,231.0,0.0,0
heldout_swe_b4_l13_s3,fixed_4+2,pipelined,eft_old,313.5,313.5,0.0,0
heldout_swe_b8_l13_s3,fixed_4+2,pipelined,eft_old,445.5,363.0,22.72727272727273,6
heldout_swe_b16_l13_s3,fixed_4+2,pipelined,eft_old,775.5,660.0,17.500000000000004,11
heldout_swe_b2_l13_s7,fixed_4+2,pipelined,eft_old,231.0,231.0,0.0,0
heldout_swe_b4_l13_s7,fixed_4+2,pipelined,eft_old,346.5,346.5,0.0,0
heldout_swe_b8_l13_s7,fixed_4+2,pipelined,eft_old,478.5,396.0,20.833333333333325,5
heldout_swe_b16_l13_s7,fixed_4+2,pipelined,eft_old,825.0,660.0,25.0,13
heldout_swe_b2_l13_s11,fixed_4+2,pipelined,eft_old,198.0,198.0,0.0,0
heldout_swe_b4_l13_s11,fixed_4+2,pipelined,eft_old,363.0,363.0,0.0,0
heldout_swe_b8_l13_s11,fixed_4+2,pipelined,eft_old,445.5,396.0,12.5,5
heldout_swe_b16_l13_s11,fixed_4+2,pipelined,eft_old,858.0,759.0,13.043478260869556,8
heldout_swe_b2_l26_s3,fixed_4+2,pipelined,eft_old,198.0,198.0,0.0,0
heldout_swe_b4_l26_s3,fixed_4+2,pipelined,eft_old,313.5,313.5,0.0,0
heldout_swe_b8_l26_s3,fixed_4+2,pipelined,eft_old,544.5,445.5,22.222222222222232,7
heldout_swe_b16_l26_s3,fixed_4+2,pipelined,eft_old,858.0,759.0,13.043478260869556,7
heldout_swe_b2_l26_s7,fixed_4+2,pipelined,eft_old,231.0,231.0,0.0,0
heldout_swe_b4_l26_s7,fixed_4+2,pipelined,eft_old,297.0,297.0,0.0,0
heldout_swe_b8_l26_s7,fixed_4+2,pipelined,eft_old,495.0,412.5,19.999999999999996,6
heldout_swe_b16_l26_s7,fixed_4+2,pipelined,eft_old,792.0,643.5,23.076923076923084,11
heldout_swe_b2_l26_s11,fixed_4+2,pipelined,eft_old,231.0,231.0,0.0,0
heldout_swe_b4_l26_s11,fixed_4+2,pipelined,eft_old,412.5,412.5,0.0,0
heldout_swe_b8_l26_s11,fixed_4+2,pipelined,eft_old,445.5,363.0,22.72727272727273,7
heldout_swe_b16_l26_s11,fixed_4+2,pipelined,eft_old,957.0,808.5,18.36734693877551,10
v3_captured_mixed_heldout_bfcl_t64_l2,fixed_4+2,pipelined,eft_old,3036.0,2590.5,17.19745222929936,36
v3_captured_mixed_heldout_bfcl_t96_l2,fixed_4+2,pipelined,eft_old,4306.5,3745.5,14.977973568281943,45
v3_captured_mixed_heldout_bfcl_t128_l2,fixed_4+2,pipelined,eft_old,5544.0,4834.5,14.675767918088734,54
v3_captured_mixed_heldout_bfcl_t64_l13,fixed_4+2,pipelined,eft_old,3036.0,2607.0,16.455696202531644,33
v3_captured_mixed_heldout_bfcl_t96_l13,fixed_4+2,pipelined,eft_old,4306.5,3712.5,15.999999999999993,45
v3_captured_mixed_heldout_bfcl_t128_l13,fixed_4+2,pipelined,eft_old,5577.0,4884.0,14.18918918918919,51
v3_captured_mixed_heldout_bfcl_t64_l26,fixed_4+2,pipelined,eft_old,3036.0,2656.5,14.28571428571428,41
v3_captured_mixed_heldout_bfcl_t96_l26,fixed_4+2,pipelined,eft_old,4372.5,3762.0,16.228070175438592,48
v3_captured_mixed_heldout_bfcl_t128_l26,fixed_4+2,pipelined,eft_old,5626.5,4884.0,15.202702702702698,54
v3_captured_mixed_heldout_gpqa_t64_l2,fixed_4+2,pipelined,eft_old,2986.5,2623.5,13.83647798742138,48
v3_captured_mixed_heldout_gpqa_t96_l2,fixed_4+2,pipelined,eft_old,5065.5,3762.0,34.64912280701755,56
v3_captured_mixed_heldout_gpqa_t128_l2,fixed_4+2,pipelined,eft_old,5610.0,4900.5,14.478114478114467,64
v3_captured_mixed_heldout_gpqa_t64_l13,fixed_4+2,pipelined,eft_old,3481.5,2590.5,34.39490445859872,41
v3_captured_mixed_heldout_gpqa_t96_l13,fixed_4+2,pipelined,eft_old,5082.0,3729.0,36.28318584070796,52
v3_captured_mixed_heldout_gpqa_t128_l13,fixed_4+2,pipelined,eft_old,6649.5,4834.5,37.54266211604096,53
v3_captured_mixed_heldout_gpqa_t64_l26,fixed_4+2,pipelined,eft_old,2986.5,2590.5,15.286624203821653,46
v3_captured_mixed_heldout_gpqa_t96_l26,fixed_4+2,pipelined,eft_old,4356.0,3778.5,15.283842794759828,56
v3_captured_mixed_heldout_gpqa_t128_l26,fixed_4+2,pipelined,eft_old,5560.5,4851.0,14.62585034013606,58
v3_captured_mixed_heldout_swe_t64_l2,fixed_4+2,pipelined,eft_old,3003.0,2607.0,15.189873417721511,43
v3_captured_mixed_heldout_swe_t96_l2,fixed_4+2,pipelined,eft_old,4224.0,3696.0,14.28571428571428,55
v3_captured_mixed_heldout_swe_t128_l2,fixed_4+2,pipelined,eft_old,5527.5,4900.5,12.794612794612803,61
v3_captured_mixed_heldout_swe_t64_l13,fixed_4+2,pipelined,eft_old,3481.5,2607.0,33.54430379746836,34
v3_captured_mixed_heldout_swe_t96_l13,fixed_4+2,pipelined,eft_old,5032.5,3679.5,36.77130044843049,40
v3_captured_mixed_heldout_swe_t128_l13,fixed_4+2,pipelined,eft_old,6715.5,4900.5,37.037037037037045,50
v3_captured_mixed_heldout_swe_t64_l26,fixed_4+2,pipelined,eft_old,2986.5,2557.5,16.774193548387096,37
v3_captured_mixed_heldout_swe_t96_l26,fixed_4+2,pipelined,eft_old,4306.5,3778.5,13.973799126637566,55
v3_captured_mixed_heldout_swe_t128_l26,fixed_4+2,pipelined,eft_old,5659.5,4917.0,15.100671140939603,57
heldout_bfcl_b2_l2_s3,fixed_4+2,pipelined,fixed,231.0,231.0,0.0,0
heldout_bfcl_b4_l2_s3,fixed_4+2,pipelined,fixed,330.0,330.0,0.0,0
heldout_bfcl_b8_l2_s3,fixed_4+2,pipelined,fixed,495.0,478.5,3.4482758620689724,2
heldout_bfcl_b16_l2_s3,fixed_4+2,pipelined,fixed,841.5,825.0,2.0000000000000018,8
heldout_bfcl_b2_l2_s7,fixed_4+2,pipelined,fixed,231.0,231.0,0.0,0
heldout_bfcl_b4_l2_s7,fixed_4+2,pipelined,fixed,363.0,363.0,0.0,0
heldout_bfcl_b8_l2_s7,fixed_4+2,pipelined,fixed,544.5,528.0,3.125,2
heldout_bfcl_b16_l2_s7,fixed_4+2,pipelined,fixed,940.5,924.0,1.7857142857142794,7
heldout_bfcl_b2_l2_s11,fixed_4+2,pipelined,fixed,165.0,165.0,0.0,0
heldout_bfcl_b4_l2_s11,fixed_4+2,pipelined,fixed,363.0,363.0,0.0,0
heldout_bfcl_b8_l2_s11,fixed_4+2,pipelined,fixed,544.5,544.5,0.0,1
heldout_bfcl_b16_l2_s11,fixed_4+2,pipelined,fixed,973.5,957.0,1.724137931034475,3
heldout_bfcl_b2_l13_s3,fixed_4+2,pipelined,fixed,198.0,198.0,0.0,0
heldout_bfcl_b4_l13_s3,fixed_4+2,pipelined,fixed,396.0,396.0,0.0,0
heldout_bfcl_b8_l13_s3,fixed_4+2,pipelined,fixed,561.0,561.0,0.0,4
heldout_bfcl_b16_l13_s3,fixed_4+2,pipelined,fixed,891.0,874.5,1.8867924528301883,8
heldout_bfcl_b2_l13_s7,fixed_4+2,pipelined,fixed,231.0,231.0,0.0,0
heldout_bfcl_b4_l13_s7,fixed_4+2,pipelined,fixed,363.0,363.0,0.0,0
heldout_bfcl_b8_l13_s7,fixed_4+2,pipelined,fixed,561.0,561.0,0.0,1
heldout_bfcl_b16_l13_s7,fixed_4+2,pipelined,fixed,891.0,858.0,3.8461538461538547,9
heldout_bfcl_b2_l13_s11,fixed_4+2,pipelined,fixed,148.5,148.5,0.0,0
heldout_bfcl_b4_l13_s11,fixed_4+2,pipelined,fixed,346.5,346.5,0.0,0
heldout_bfcl_b8_l13_s11,fixed_4+2,pipelined,fixed,495.0,495.0,0.0,2
heldout_bfcl_b16_l13_s11,fixed_4+2,pipelined,fixed,957.0,940.5,1.7543859649122862,6
heldout_bfcl_b2_l26_s3,fixed_4+2,pipelined,fixed,214.5,214.5,0.0,0
heldout_bfcl_b4_l26_s3,fixed_4+2,pipelined,fixed,396.0,396.0,0.0,0
heldout_bfcl_b8_l26_s3,fixed_4+2,pipelined,fixed,544.5,544.5,0.0,1
heldout_bfcl_b16_l26_s3,fixed_4+2,pipelined,fixed,973.5,940.5,3.5087719298245723,7
heldout_bfcl_b2_l26_s7,fixed_4+2,pipelined,fixed,198.0,198.0,0.0,0
heldout_bfcl_b4_l26_s7,fixed_4+2,pipelined,fixed,396.0,396.0,0.0,0
heldout_bfcl_b8_l26_s7,fixed_4+2,pipelined,fixed,594.0,594.0,0.0,1
heldout_bfcl_b16_l26_s7,fixed_4+2,pipelined,fixed,891.0,841.5,5.882352941176472,7
heldout_bfcl_b2_l26_s11,fixed_4+2,pipelined,fixed,165.0,165.0,0.0,0
heldout_bfcl_b4_l26_s11,fixed_4+2,pipelined,fixed,363.0,363.0,0.0,0
heldout_bfcl_b8_l26_s11,fixed_4+2,pipelined,fixed,594.0,594.0,0.0,2
heldout_bfcl_b16_l26_s11,fixed_4+2,pipelined,fixed,940.5,924.0,1.7857142857142794,4
heldout_gpqa_b2_l2_s3,fixed_4+2,pipelined,fixed,214.5,214.5,0.0,0
heldout_gpqa_b4_l2_s3,fixed_4+2,pipelined,fixed,297.0,297.0,0.0,0
heldout_gpqa_b8_l2_s3,fixed_4+2,pipelined,fixed,478.5,462.0,3.571428571428581,5
heldout_gpqa_b16_l2_s3,fixed_4+2,pipelined,fixed,792.0,759.0,4.347826086956519,10
heldout_gpqa_b2_l2_s7,fixed_4+2,pipelined,fixed,231.0,231.0,0.0,0
heldout_gpqa_b4_l2_s7,fixed_4+2,pipelined,fixed,396.0,396.0,0.0,0
heldout_gpqa_b8_l2_s7,fixed_4+2,pipelined,fixed,594.0,594.0,0.0,1
heldout_gpqa_b16_l2_s7,fixed_4+2,pipelined,fixed,990.0,973.5,1.6949152542372836,8
heldout_gpqa_b2_l2_s11,fixed_4+2,pipelined,fixed,181.5,181.5,0.0,0
heldout_gpqa_b4_l2_s11,fixed_4+2,pipelined,fixed,379.5,379.5,0.0,0
heldout_gpqa_b8_l2_s11,fixed_4+2,pipelined,fixed,660.0,660.0,0.0,1
heldout_gpqa_b16_l2_s11,fixed_4+2,pipelined,fixed,957.0,940.5,1.7543859649122862,3
heldout_gpqa_b2_l13_s3,fixed_4+2,pipelined,fixed,214.5,214.5,0.0,0
heldout_gpqa_b4_l13_s3,fixed_4+2,pipelined,fixed,313.5,313.5,0.0,0
heldout_gpqa_b8_l13_s3,fixed_4+2,pipelined,fixed,495.0,495.0,0.0,1
heldout_gpqa_b16_l13_s3,fixed_4+2,pipelined,fixed,775.5,775.5,0.0,9
heldout_gpqa_b2_l13_s7,fixed_4+2,pipelined,fixed,214.5,214.5,0.0,0
heldout_gpqa_b4_l13_s7,fixed_4+2,pipelined,fixed,379.5,379.5,0.0,0
heldout_gpqa_b8_l13_s7,fixed_4+2,pipelined,fixed,627.0,610.5,2.7027027027026973,2
heldout_gpqa_b16_l13_s7,fixed_4+2,pipelined,fixed,924.0,924.0,0.0,7
heldout_gpqa_b2_l13_s11,fixed_4+2,pipelined,fixed,148.5,148.5,0.0,0
heldout_gpqa_b4_l13_s11,fixed_4+2,pipelined,fixed,396.0,396.0,0.0,0
heldout_gpqa_b8_l13_s11,fixed_4+2,pipelined,fixed,544.5,544.5,0.0,2
heldout_gpqa_b16_l13_s11,fixed_4+2,pipelined,fixed,940.5,924.0,1.7857142857142794,7
heldout_gpqa_b2_l26_s3,fixed_4+2,pipelined,fixed,231.0,231.0,0.0,0
heldout_gpqa_b4_l26_s3,fixed_4+2,pipelined,fixed,280.5,280.5,0.0,0
heldout_gpqa_b8_l26_s3,fixed_4+2,pipelined,fixed,478.5,478.5,0.0,3
heldout_gpqa_b16_l26_s3,fixed_4+2,pipelined,fixed,858.0,825.0,4.0000000000000036,10
heldout_gpqa_b2_l26_s7,fixed_4+2,pipelined,fixed,231.0,231.0,0.0,0
heldout_gpqa_b4_l26_s7,fixed_4+2,pipelined,fixed,379.5,379.5,0.0,0
heldout_gpqa_b8_l26_s7,fixed_4+2,pipelined,fixed,594.0,594.0,0.0,1
heldout_gpqa_b16_l26_s7,fixed_4+2,pipelined,fixed,990.0,973.5,1.6949152542372836,8
heldout_gpqa_b2_l26_s11,fixed_4+2,pipelined,fixed,214.5,214.5,0.0,0
heldout_gpqa_b4_l26_s11,fixed_4+2,pipelined,fixed,412.5,412.5,0.0,0
heldout_gpqa_b8_l26_s11,fixed_4+2,pipelined,fixed,610.5,594.0,2.777777777777768,2
heldout_gpqa_b16_l26_s11,fixed_4+2,pipelined,fixed,1006.5,973.5,3.3898305084745672,6
heldout_swe_b2_l2_s3,fixed_4+2,pipelined,fixed,214.5,214.5,0.0,0
heldout_swe_b4_l2_s3,fixed_4+2,pipelined,fixed,247.5,247.5,0.0,0
heldout_swe_b8_l2_s3,fixed_4+2,pipelined,fixed,379.5,363.0,4.545454545454541,5
heldout_swe_b16_l2_s3,fixed_4+2,pipelined,fixed,726.0,676.5,7.317073170731714,13
heldout_swe_b2_l2_s7,fixed_4+2,pipelined,fixed,214.5,214.5,0.0,0
heldout_swe_b4_l2_s7,fixed_4+2,pipelined,fixed,280.5,280.5,0.0,0
heldout_swe_b8_l2_s7,fixed_4+2,pipelined,fixed,363.0,346.5,4.761904761904767,3
heldout_swe_b16_l2_s7,fixed_4+2,pipelined,fixed,759.0,709.5,6.976744186046502,13
heldout_swe_b2_l2_s11,fixed_4+2,pipelined,fixed,214.5,214.5,0.0,0
heldout_swe_b4_l2_s11,fixed_4+2,pipelined,fixed,346.5,346.5,0.0,0
heldout_swe_b8_l2_s11,fixed_4+2,pipelined,fixed,396.0,396.0,0.0,4
heldout_swe_b16_l2_s11,fixed_4+2,pipelined,fixed,808.5,742.5,8.888888888888879,11
heldout_swe_b2_l13_s3,fixed_4+2,pipelined,fixed,231.0,231.0,0.0,0
heldout_swe_b4_l13_s3,fixed_4+2,pipelined,fixed,313.5,313.5,0.0,0
heldout_swe_b8_l13_s3,fixed_4+2,pipelined,fixed,379.5,363.0,4.545454545454541,2
heldout_swe_b16_l13_s3,fixed_4+2,pipelined,fixed,759.0,660.0,14.999999999999991,15
heldout_swe_b2_l13_s7,fixed_4+2,pipelined,fixed,231.0,231.0,0.0,0
heldout_swe_b4_l13_s7,fixed_4+2,pipelined,fixed,346.5,346.5,0.0,0
heldout_swe_b8_l13_s7,fixed_4+2,pipelined,fixed,412.5,396.0,4.166666666666674,3
heldout_swe_b16_l13_s7,fixed_4+2,pipelined,fixed,759.0,660.0,14.999999999999991,13
heldout_swe_b2_l13_s11,fixed_4+2,pipelined,fixed,198.0,198.0,0.0,0
heldout_swe_b4_l13_s11,fixed_4+2,pipelined,fixed,363.0,363.0,0.0,0
heldout_swe_b8_l13_s11,fixed_4+2,pipelined,fixed,396.0,396.0,0.0,4
heldout_swe_b16_l13_s11,fixed_4+2,pipelined,fixed,808.5,759.0,6.521739130434789,11
heldout_swe_b2_l26_s3,fixed_4+2,pipelined,fixed,198.0,198.0,0.0,0
heldout_swe_b4_l26_s3,fixed_4+2,pipelined,fixed,313.5,313.5,0.0,0
heldout_swe_b8_l26_s3,fixed_4+2,pipelined,fixed,462.0,445.5,3.703703703703698,4
heldout_swe_b16_l26_s3,fixed_4+2,pipelined,fixed,858.0,759.0,13.043478260869556,13
heldout_swe_b2_l26_s7,fixed_4+2,pipelined,fixed,231.0,231.0,0.0,0
heldout_swe_b4_l26_s7,fixed_4+2,pipelined,fixed,297.0,297.0,0.0,0
heldout_swe_b8_l26_s7,fixed_4+2,pipelined,fixed,429.0,412.5,4.0000000000000036,3
heldout_swe_b16_l26_s7,fixed_4+2,pipelined,fixed,726.0,643.5,12.82051282051282,13
heldout_swe_b2_l26_s11,fixed_4+2,pipelined,fixed,231.0,231.0,0.0,0
heldout_swe_b4_l26_s11,fixed_4+2,pipelined,fixed,412.5,412.5,0.0,0
heldout_swe_b8_l26_s11,fixed_4+2,pipelined,fixed,379.5,363.0,4.545454545454541,3
heldout_swe_b16_l26_s11,fixed_4+2,pipelined,fixed,858.0,808.5,6.1224489795918435,11
v3_captured_mixed_heldout_bfcl_t64_l2,fixed_4+2,pipelined,fixed,2524.5,2590.5,-2.547770700636942,31
v3_captured_mixed_heldout_bfcl_t96_l2,fixed_4+2,pipelined,fixed,3613.5,3745.5,-3.524229074889873,41
v3_captured_mixed_heldout_bfcl_t128_l2,fixed_4+2,pipelined,fixed,4620.0,4834.5,-4.436860068259385,51
v3_captured_mixed_heldout_bfcl_t64_l13,fixed_4+2,pipelined,fixed,2574.0,2607.0,-1.2658227848101222,29
v3_captured_mixed_heldout_bfcl_t96_l13,fixed_4+2,pipelined,fixed,3597.0,3712.5,-3.111111111111109,40
v3_captured_mixed_heldout_bfcl_t128_l13,fixed_4+2,pipelined,fixed,4669.5,4884.0,-4.3918918918918965,47
v3_captured_mixed_heldout_bfcl_t64_l26,fixed_4+2,pipelined,fixed,2590.5,2656.5,-2.4844720496894457,38
v3_captured_mixed_heldout_bfcl_t96_l26,fixed_4+2,pipelined,fixed,3630.0,3762.0,-3.508771929824561,45
v3_captured_mixed_heldout_bfcl_t128_l26,fixed_4+2,pipelined,fixed,4669.5,4884.0,-4.3918918918918965,51
v3_captured_mixed_heldout_gpqa_t64_l2,fixed_4+2,pipelined,fixed,2541.0,2623.5,-3.1446540880503138,43
v3_captured_mixed_heldout_gpqa_t96_l2,fixed_4+2,pipelined,fixed,3580.5,3762.0,-4.824561403508776,55
v3_captured_mixed_heldout_gpqa_t128_l2,fixed_4+2,pipelined,fixed,4636.5,4900.5,-5.387205387205385,61
v3_captured_mixed_heldout_gpqa_t64_l13,fixed_4+2,pipelined,fixed,2508.0,2590.5,-3.1847133757961776,38
v3_captured_mixed_heldout_gpqa_t96_l13,fixed_4+2,pipelined,fixed,3580.5,3729.0,-3.9823008849557473,50
v3_captured_mixed_heldout_gpqa_t128_l13,fixed_4+2,pipelined,fixed,4620.0,4834.5,-4.436860068259385,52
v3_captured_mixed_heldout_gpqa_t64_l26,fixed_4+2,pipelined,fixed,2524.5,2590.5,-2.547770700636942,39
v3_captured_mixed_heldout_gpqa_t96_l26,fixed_4+2,pipelined,fixed,3630.0,3778.5,-3.9301310043668103,55
v3_captured_mixed_heldout_gpqa_t128_l26,fixed_4+2,pipelined,fixed,4603.5,4851.0,-5.102040816326525,57
v3_captured_mixed_heldout_swe_t64_l2,fixed_4+2,pipelined,fixed,2541.0,2607.0,-2.5316455696202556,37
v3_captured_mixed_heldout_swe_t96_l2,fixed_4+2,pipelined,fixed,3531.0,3696.0,-4.46428571428571,49
v3_captured_mixed_heldout_swe_t128_l2,fixed_4+2,pipelined,fixed,4620.0,4900.5,-5.72390572390572,57
v3_captured_mixed_heldout_swe_t64_l13,fixed_4+2,pipelined,fixed,2541.0,2607.0,-2.5316455696202556,30
v3_captured_mixed_heldout_swe_t96_l13,fixed_4+2,pipelined,fixed,3564.0,3679.5,-3.139013452914796,36
v3_captured_mixed_heldout_swe_t128_l13,fixed_4+2,pipelined,fixed,4702.5,4900.5,-4.040404040404044,47
v3_captured_mixed_heldout_swe_t64_l26,fixed_4+2,pipelined,fixed,2491.5,2557.5,-2.580645161290318,37
v3_captured_mixed_heldout_swe_t96_l26,fixed_4+2,pipelined,fixed,3597.0,3778.5,-4.8034934497816595,54
v3_captured_mixed_heldout_swe_t128_l26,fixed_4+2,pipelined,fixed,4686.0,4917.0,-4.697986577181212,57
heldout_bfcl_b2_l2_s3,fixed_4+2,pipelined,milp,231.0,231.0,0.0,0
heldout_bfcl_b4_l2_s3,fixed_4+2,pipelined,milp,330.0,330.0,0.0,0
heldout_bfcl_b8_l2_s3,fixed_4+2,pipelined,milp,478.5,478.5,0.0,1
heldout_bfcl_b16_l2_s3,fixed_4+2,pipelined,milp,825.0,825.0,0.0,7
heldout_bfcl_b2_l2_s7,fixed_4+2,pipelined,milp,231.0,231.0,0.0,0
heldout_bfcl_b4_l2_s7,fixed_4+2,pipelined,milp,363.0,363.0,0.0,0
heldout_bfcl_b8_l2_s7,fixed_4+2,pipelined,milp,528.0,528.0,0.0,1
heldout_bfcl_b16_l2_s7,fixed_4+2,pipelined,milp,924.0,924.0,0.0,6
heldout_bfcl_b2_l2_s11,fixed_4+2,pipelined,milp,165.0,165.0,0.0,0
heldout_bfcl_b4_l2_s11,fixed_4+2,pipelined,milp,363.0,363.0,0.0,0
heldout_bfcl_b8_l2_s11,fixed_4+2,pipelined,milp,544.5,544.5,0.0,1
heldout_bfcl_b16_l2_s11,fixed_4+2,pipelined,milp,957.0,957.0,0.0,2
heldout_bfcl_b2_l13_s3,fixed_4+2,pipelined,milp,198.0,198.0,0.0,0
heldout_bfcl_b4_l13_s3,fixed_4+2,pipelined,milp,396.0,396.0,0.0,0
heldout_bfcl_b8_l13_s3,fixed_4+2,pipelined,milp,561.0,561.0,0.0,4
heldout_bfcl_b16_l13_s3,fixed_4+2,pipelined,milp,874.5,874.5,0.0,7
heldout_bfcl_b2_l13_s7,fixed_4+2,pipelined,milp,231.0,231.0,0.0,0
heldout_bfcl_b4_l13_s7,fixed_4+2,pipelined,milp,363.0,363.0,0.0,0
heldout_bfcl_b8_l13_s7,fixed_4+2,pipelined,milp,561.0,561.0,0.0,1
heldout_bfcl_b16_l13_s7,fixed_4+2,pipelined,milp,858.0,858.0,0.0,7
heldout_bfcl_b2_l13_s11,fixed_4+2,pipelined,milp,148.5,148.5,0.0,0
heldout_bfcl_b4_l13_s11,fixed_4+2,pipelined,milp,346.5,346.5,0.0,0
heldout_bfcl_b8_l13_s11,fixed_4+2,pipelined,milp,495.0,495.0,0.0,2
heldout_bfcl_b16_l13_s11,fixed_4+2,pipelined,milp,940.5,940.5,0.0,5
heldout_bfcl_b2_l26_s3,fixed_4+2,pipelined,milp,214.5,214.5,0.0,0
heldout_bfcl_b4_l26_s3,fixed_4+2,pipelined,milp,396.0,396.0,0.0,0
heldout_bfcl_b8_l26_s3,fixed_4+2,pipelined,milp,544.5,544.5,0.0,1
heldout_bfcl_b16_l26_s3,fixed_4+2,pipelined,milp,940.5,940.5,0.0,5
heldout_bfcl_b2_l26_s7,fixed_4+2,pipelined,milp,198.0,198.0,0.0,0
heldout_bfcl_b4_l26_s7,fixed_4+2,pipelined,milp,396.0,396.0,0.0,0
heldout_bfcl_b8_l26_s7,fixed_4+2,pipelined,milp,594.0,594.0,0.0,1
heldout_bfcl_b16_l26_s7,fixed_4+2,pipelined,milp,841.5,841.5,0.0,4
heldout_bfcl_b2_l26_s11,fixed_4+2,pipelined,milp,165.0,165.0,0.0,0
heldout_bfcl_b4_l26_s11,fixed_4+2,pipelined,milp,363.0,363.0,0.0,0
heldout_bfcl_b8_l26_s11,fixed_4+2,pipelined,milp,594.0,594.0,0.0,2
heldout_bfcl_b16_l26_s11,fixed_4+2,pipelined,milp,924.0,924.0,0.0,3
heldout_gpqa_b2_l2_s3,fixed_4+2,pipelined,milp,214.5,214.5,0.0,0
heldout_gpqa_b4_l2_s3,fixed_4+2,pipelined,milp,297.0,297.0,0.0,0
heldout_gpqa_b8_l2_s3,fixed_4+2,pipelined,milp,462.0,462.0,0.0,4
heldout_gpqa_b16_l2_s3,fixed_4+2,pipelined,milp,759.0,759.0,0.0,8
heldout_gpqa_b2_l2_s7,fixed_4+2,pipelined,milp,231.0,231.0,0.0,0
heldout_gpqa_b4_l2_s7,fixed_4+2,pipelined,milp,396.0,396.0,0.0,0
heldout_gpqa_b8_l2_s7,fixed_4+2,pipelined,milp,594.0,594.0,0.0,1
heldout_gpqa_b16_l2_s7,fixed_4+2,pipelined,milp,973.5,973.5,0.0,7
heldout_gpqa_b2_l2_s11,fixed_4+2,pipelined,milp,181.5,181.5,0.0,0
heldout_gpqa_b4_l2_s11,fixed_4+2,pipelined,milp,379.5,379.5,0.0,0
heldout_gpqa_b8_l2_s11,fixed_4+2,pipelined,milp,660.0,660.0,0.0,1
heldout_gpqa_b16_l2_s11,fixed_4+2,pipelined,milp,940.5,940.5,0.0,2
heldout_gpqa_b2_l13_s3,fixed_4+2,pipelined,milp,214.5,214.5,0.0,0
heldout_gpqa_b4_l13_s3,fixed_4+2,pipelined,milp,313.5,313.5,0.0,0
heldout_gpqa_b8_l13_s3,fixed_4+2,pipelined,milp,495.0,495.0,0.0,1
heldout_gpqa_b16_l13_s3,fixed_4+2,pipelined,milp,775.5,775.5,0.0,9
heldout_gpqa_b2_l13_s7,fixed_4+2,pipelined,milp,214.5,214.5,0.0,0
heldout_gpqa_b4_l13_s7,fixed_4+2,pipelined,milp,379.5,379.5,0.0,0
heldout_gpqa_b8_l13_s7,fixed_4+2,pipelined,milp,610.5,610.5,0.0,1
heldout_gpqa_b16_l13_s7,fixed_4+2,pipelined,milp,924.0,924.0,0.0,7
heldout_gpqa_b2_l13_s11,fixed_4+2,pipelined,milp,148.5,148.5,0.0,0
heldout_gpqa_b4_l13_s11,fixed_4+2,pipelined,milp,396.0,396.0,0.0,0
heldout_gpqa_b8_l13_s11,fixed_4+2,pipelined,milp,544.5,544.5,0.0,2
heldout_gpqa_b16_l13_s11,fixed_4+2,pipelined,milp,924.0,924.0,0.0,6
heldout_gpqa_b2_l26_s3,fixed_4+2,pipelined,milp,231.0,231.0,0.0,0
heldout_gpqa_b4_l26_s3,fixed_4+2,pipelined,milp,280.5,280.5,0.0,0
heldout_gpqa_b8_l26_s3,fixed_4+2,pipelined,milp,478.5,478.5,0.0,3
heldout_gpqa_b16_l26_s3,fixed_4+2,pipelined,milp,825.0,825.0,0.0,8
heldout_gpqa_b2_l26_s7,fixed_4+2,pipelined,milp,231.0,231.0,0.0,0
heldout_gpqa_b4_l26_s7,fixed_4+2,pipelined,milp,379.5,379.5,0.0,0
heldout_gpqa_b8_l26_s7,fixed_4+2,pipelined,milp,594.0,594.0,0.0,1
heldout_gpqa_b16_l26_s7,fixed_4+2,pipelined,milp,973.5,973.5,0.0,7
heldout_gpqa_b2_l26_s11,fixed_4+2,pipelined,milp,214.5,214.5,0.0,0
heldout_gpqa_b4_l26_s11,fixed_4+2,pipelined,milp,412.5,412.5,0.0,0
heldout_gpqa_b8_l26_s11,fixed_4+2,pipelined,milp,594.0,594.0,0.0,1
heldout_gpqa_b16_l26_s11,fixed_4+2,pipelined,milp,973.5,973.5,0.0,4
heldout_swe_b2_l2_s3,fixed_4+2,pipelined,milp,214.5,214.5,0.0,0
heldout_swe_b4_l2_s3,fixed_4+2,pipelined,milp,247.5,247.5,0.0,0
heldout_swe_b8_l2_s3,fixed_4+2,pipelined,milp,363.0,363.0,0.0,4
heldout_swe_b16_l2_s3,fixed_4+2,pipelined,milp,676.5,676.5,0.0,9
heldout_swe_b2_l2_s7,fixed_4+2,pipelined,milp,214.5,214.5,0.0,0
heldout_swe_b4_l2_s7,fixed_4+2,pipelined,milp,280.5,280.5,0.0,0
heldout_swe_b8_l2_s7,fixed_4+2,pipelined,milp,346.5,346.5,0.0,2
heldout_swe_b16_l2_s7,fixed_4+2,pipelined,milp,709.5,709.5,0.0,9
heldout_swe_b2_l2_s11,fixed_4+2,pipelined,milp,214.5,214.5,0.0,0
heldout_swe_b4_l2_s11,fixed_4+2,pipelined,milp,346.5,346.5,0.0,0
heldout_swe_b8_l2_s11,fixed_4+2,pipelined,milp,396.0,396.0,0.0,4
heldout_swe_b16_l2_s11,fixed_4+2,pipelined,milp,742.5,742.5,0.0,7
heldout_swe_b2_l13_s3,fixed_4+2,pipelined,milp,231.0,231.0,0.0,0
heldout_swe_b4_l13_s3,fixed_4+2,pipelined,milp,313.5,313.5,0.0,0
heldout_swe_b8_l13_s3,fixed_4+2,pipelined,milp,363.0,363.0,0.0,1
heldout_swe_b16_l13_s3,fixed_4+2,pipelined,milp,660.0,660.0,0.0,8
heldout_swe_b2_l13_s7,fixed_4+2,pipelined,milp,231.0,231.0,0.0,0
heldout_swe_b4_l13_s7,fixed_4+2,pipelined,milp,346.5,346.5,0.0,0
heldout_swe_b8_l13_s7,fixed_4+2,pipelined,milp,396.0,396.0,0.0,2
heldout_swe_b16_l13_s7,fixed_4+2,pipelined,milp,660.0,660.0,0.0,7
heldout_swe_b2_l13_s11,fixed_4+2,pipelined,milp,198.0,198.0,0.0,0
heldout_swe_b4_l13_s11,fixed_4+2,pipelined,milp,363.0,363.0,0.0,0
heldout_swe_b8_l13_s11,fixed_4+2,pipelined,milp,396.0,396.0,0.0,4
heldout_swe_b16_l13_s11,fixed_4+2,pipelined,milp,759.0,759.0,0.0,8
heldout_swe_b2_l26_s3,fixed_4+2,pipelined,milp,198.0,198.0,0.0,0
heldout_swe_b4_l26_s3,fixed_4+2,pipelined,milp,313.5,313.5,0.0,0
heldout_swe_b8_l26_s3,fixed_4+2,pipelined,milp,445.5,445.5,0.0,3
heldout_swe_b16_l26_s3,fixed_4+2,pipelined,milp,759.0,759.0,0.0,7
heldout_swe_b2_l26_s7,fixed_4+2,pipelined,milp,231.0,231.0,0.0,0
heldout_swe_b4_l26_s7,fixed_4+2,pipelined,milp,297.0,297.0,0.0,0
heldout_swe_b8_l26_s7,fixed_4+2,pipelined,milp,412.5,412.5,0.0,2
heldout_swe_b16_l26_s7,fixed_4+2,pipelined,milp,643.5,643.5,0.0,8
heldout_swe_b2_l26_s11,fixed_4+2,pipelined,milp,231.0,231.0,0.0,0
heldout_swe_b4_l26_s11,fixed_4+2,pipelined,milp,412.5,412.5,0.0,0
heldout_swe_b8_l26_s11,fixed_4+2,pipelined,milp,363.0,363.0,0.0,2
heldout_swe_b16_l26_s11,fixed_4+2,pipelined,milp,808.5,808.5,0.0,8
v3_captured_mixed_heldout_bfcl_t64_l2,fixed_4+2,pipelined,milp,2590.5,2590.5,0.0,31
v3_captured_mixed_heldout_bfcl_t96_l2,fixed_4+2,pipelined,milp,3745.5,3745.5,0.0,41
v3_captured_mixed_heldout_bfcl_t128_l2,fixed_4+2,pipelined,milp,4834.5,4834.5,0.0,51
v3_captured_mixed_heldout_bfcl_t64_l13,fixed_4+2,pipelined,milp,2607.0,2607.0,0.0,29
v3_captured_mixed_heldout_bfcl_t96_l13,fixed_4+2,pipelined,milp,3712.5,3712.5,0.0,40
v3_captured_mixed_heldout_bfcl_t128_l13,fixed_4+2,pipelined,milp,4884.0,4884.0,0.0,47
v3_captured_mixed_heldout_bfcl_t64_l26,fixed_4+2,pipelined,milp,2656.5,2656.5,0.0,38
v3_captured_mixed_heldout_bfcl_t96_l26,fixed_4+2,pipelined,milp,3762.0,3762.0,0.0,45
v3_captured_mixed_heldout_bfcl_t128_l26,fixed_4+2,pipelined,milp,4884.0,4884.0,0.0,51
v3_captured_mixed_heldout_gpqa_t64_l2,fixed_4+2,pipelined,milp,2623.5,2623.5,0.0,43
v3_captured_mixed_heldout_gpqa_t96_l2,fixed_4+2,pipelined,milp,3762.0,3762.0,0.0,55
v3_captured_mixed_heldout_gpqa_t128_l2,fixed_4+2,pipelined,milp,4900.5,4900.5,0.0,61
v3_captured_mixed_heldout_gpqa_t64_l13,fixed_4+2,pipelined,milp,2590.5,2590.5,0.0,38
v3_captured_mixed_heldout_gpqa_t96_l13,fixed_4+2,pipelined,milp,3729.0,3729.0,0.0,51
v3_captured_mixed_heldout_gpqa_t128_l13,fixed_4+2,pipelined,milp,4834.5,4834.5,0.0,52
v3_captured_mixed_heldout_gpqa_t64_l26,fixed_4+2,pipelined,milp,2590.5,2590.5,0.0,39
v3_captured_mixed_heldout_gpqa_t96_l26,fixed_4+2,pipelined,milp,3778.5,3778.5,0.0,55
v3_captured_mixed_heldout_gpqa_t128_l26,fixed_4+2,pipelined,milp,4851.0,4851.0,0.0,57
v3_captured_mixed_heldout_swe_t64_l2,fixed_4+2,pipelined,milp,2607.0,2607.0,0.0,37
v3_captured_mixed_heldout_swe_t96_l2,fixed_4+2,pipelined,milp,3696.0,3696.0,0.0,49
v3_captured_mixed_heldout_swe_t128_l2,fixed_4+2,pipelined,milp,4900.5,4900.5,0.0,58
v3_captured_mixed_heldout_swe_t64_l13,fixed_4+2,pipelined,milp,2607.0,2607.0,0.0,30
v3_captured_mixed_heldout_swe_t96_l13,fixed_4+2,pipelined,milp,3679.5,3679.5,0.0,36
v3_captured_mixed_heldout_swe_t128_l13,fixed_4+2,pipelined,milp,4900.5,4900.5,0.0,47
v3_captured_mixed_heldout_swe_t64_l26,fixed_4+2,pipelined,milp,2557.5,2557.5,0.0,37
v3_captured_mixed_heldout_swe_t96_l26,fixed_4+2,pipelined,milp,3778.5,3778.5,0.0,54
v3_captured_mixed_heldout_swe_t128_l26,fixed_4+2,pipelined,milp,4917.0,4917.0,0.0,57
heldout_bfcl_b2_l2_s3,B0,port_tight,eft_old,231.0,231.0,0.0,0
heldout_bfcl_b4_l2_s3,B0,port_tight,eft_old,330.0,330.0,0.0,0
heldout_bfcl_b8_l2_s3,B0,port_tight,eft_old,478.5,478.5,0.0,1
heldout_bfcl_b16_l2_s3,B0,port_tight,eft_old,759.0,759.0,0.0,7
heldout_bfcl_b2_l2_s7,B0,port_tight,eft_old,231.0,231.0,0.0,0
heldout_bfcl_b4_l2_s7,B0,port_tight,eft_old,363.0,363.0,0.0,0
heldout_bfcl_b8_l2_s7,B0,port_tight,eft_old,528.0,528.0,0.0,1
heldout_bfcl_b16_l2_s7,B0,port_tight,eft_old,841.5,841.5,0.0,3
heldout_bfcl_b2_l2_s11,B0,port_tight,eft_old,165.0,165.0,0.0,0
heldout_bfcl_b4_l2_s11,B0,port_tight,eft_old,363.0,363.0,0.0,0
heldout_bfcl_b8_l2_s11,B0,port_tight,eft_old,544.5,544.5,0.0,1
heldout_bfcl_b16_l2_s11,B0,port_tight,eft_old,907.5,907.5,0.0,1
heldout_bfcl_b2_l13_s3,B0,port_tight,eft_old,198.0,198.0,0.0,0
heldout_bfcl_b4_l13_s3,B0,port_tight,eft_old,396.0,396.0,0.0,0
heldout_bfcl_b8_l13_s3,B0,port_tight,eft_old,511.5,511.5,0.0,1
heldout_bfcl_b16_l13_s3,B0,port_tight,eft_old,775.5,775.5,0.0,4
heldout_bfcl_b2_l13_s7,B0,port_tight,eft_old,231.0,231.0,0.0,0
heldout_bfcl_b4_l13_s7,B0,port_tight,eft_old,363.0,363.0,0.0,0
heldout_bfcl_b8_l13_s7,B0,port_tight,eft_old,561.0,561.0,0.0,1
heldout_bfcl_b16_l13_s7,B0,port_tight,eft_old,775.5,775.5,0.0,4
heldout_bfcl_b2_l13_s11,B0,port_tight,eft_old,148.5,148.5,0.0,0
heldout_bfcl_b4_l13_s11,B0,port_tight,eft_old,346.5,346.5,0.0,0
heldout_bfcl_b8_l13_s11,B0,port_tight,eft_old,478.5,478.5,0.0,1
heldout_bfcl_b16_l13_s11,B0,port_tight,eft_old,858.0,858.0,0.0,2
heldout_bfcl_b2_l26_s3,B0,port_tight,eft_old,214.5,214.5,0.0,0
heldout_bfcl_b4_l26_s3,B0,port_tight,eft_old,396.0,396.0,0.0,0
heldout_bfcl_b8_l26_s3,B0,port_tight,eft_old,544.5,544.5,0.0,1
heldout_bfcl_b16_l26_s3,B0,port_tight,eft_old,891.0,891.0,0.0,5
heldout_bfcl_b2_l26_s7,B0,port_tight,eft_old,198.0,198.0,0.0,0
heldout_bfcl_b4_l26_s7,B0,port_tight,eft_old,396.0,396.0,0.0,0
heldout_bfcl_b8_l26_s7,B0,port_tight,eft_old,594.0,594.0,0.0,1
heldout_bfcl_b16_l26_s7,B0,port_tight,eft_old,759.0,759.0,0.0,1
heldout_bfcl_b2_l26_s11,B0,port_tight,eft_old,165.0,165.0,0.0,0
heldout_bfcl_b4_l26_s11,B0,port_tight,eft_old,363.0,363.0,0.0,0
heldout_bfcl_b8_l26_s11,B0,port_tight,eft_old,577.5,577.5,0.0,1
heldout_bfcl_b16_l26_s11,B0,port_tight,eft_old,858.0,858.0,0.0,1
heldout_gpqa_b2_l2_s3,B0,port_tight,eft_old,214.5,214.5,0.0,0
heldout_gpqa_b4_l2_s3,B0,port_tight,eft_old,297.0,297.0,0.0,0
heldout_gpqa_b8_l2_s3,B0,port_tight,eft_old,429.0,429.0,0.0,2
heldout_gpqa_b16_l2_s3,B0,port_tight,eft_old,643.5,643.5,0.0,7
heldout_gpqa_b2_l2_s7,B0,port_tight,eft_old,231.0,231.0,0.0,0
heldout_gpqa_b4_l2_s7,B0,port_tight,eft_old,396.0,396.0,0.0,0
heldout_gpqa_b8_l2_s7,B0,port_tight,eft_old,594.0,594.0,0.0,1
heldout_gpqa_b16_l2_s7,B0,port_tight,eft_old,858.0,858.0,0.0,2
heldout_gpqa_b2_l2_s11,B0,port_tight,eft_old,181.5,181.5,0.0,0
heldout_gpqa_b4_l2_s11,B0,port_tight,eft_old,379.5,379.5,0.0,0
heldout_gpqa_b8_l2_s11,B0,port_tight,eft_old,660.0,660.0,0.0,1
heldout_gpqa_b16_l2_s11,B0,port_tight,eft_old,907.5,907.5,0.0,2
heldout_gpqa_b2_l13_s3,B0,port_tight,eft_old,214.5,214.5,0.0,0
heldout_gpqa_b4_l13_s3,B0,port_tight,eft_old,313.5,313.5,0.0,0
heldout_gpqa_b8_l13_s3,B0,port_tight,eft_old,495.0,495.0,0.0,1
heldout_gpqa_b16_l13_s3,B0,port_tight,eft_old,660.0,660.0,0.0,5
heldout_gpqa_b2_l13_s7,B0,port_tight,eft_old,214.5,214.5,0.0,0
heldout_gpqa_b4_l13_s7,B0,port_tight,eft_old,379.5,379.5,0.0,0
heldout_gpqa_b8_l13_s7,B0,port_tight,eft_old,610.5,610.5,0.0,1
heldout_gpqa_b16_l13_s7,B0,port_tight,eft_old,825.0,825.0,0.0,3
heldout_gpqa_b2_l13_s11,B0,port_tight,eft_old,148.5,148.5,0.0,0
heldout_gpqa_b4_l13_s11,B0,port_tight,eft_old,396.0,396.0,0.0,0
heldout_gpqa_b8_l13_s11,B0,port_tight,eft_old,528.0,528.0,0.0,1
heldout_gpqa_b16_l13_s11,B0,port_tight,eft_old,808.5,808.5,0.0,1
heldout_gpqa_b2_l26_s3,B0,port_tight,eft_old,231.0,231.0,0.0,0
heldout_gpqa_b4_l26_s3,B0,port_tight,eft_old,280.5,280.5,0.0,0
heldout_gpqa_b8_l26_s3,B0,port_tight,eft_old,445.5,445.5,0.0,1
heldout_gpqa_b16_l26_s3,B0,port_tight,eft_old,709.5,709.5,0.0,6
heldout_gpqa_b2_l26_s7,B0,port_tight,eft_old,231.0,231.0,0.0,0
heldout_gpqa_b4_l26_s7,B0,port_tight,eft_old,379.5,379.5,0.0,0
heldout_gpqa_b8_l26_s7,B0,port_tight,eft_old,594.0,594.0,0.0,1
heldout_gpqa_b16_l26_s7,B0,port_tight,eft_old,874.5,874.5,0.0,4
heldout_gpqa_b2_l26_s11,B0,port_tight,eft_old,214.5,214.5,0.0,0
heldout_gpqa_b4_l26_s11,B0,port_tight,eft_old,412.5,412.5,0.0,0
heldout_gpqa_b8_l26_s11,B0,port_tight,eft_old,594.0,594.0,0.0,1
heldout_gpqa_b16_l26_s11,B0,port_tight,eft_old,891.0,891.0,0.0,1
heldout_swe_b2_l2_s3,B0,port_tight,eft_old,214.5,214.5,0.0,0
heldout_swe_b4_l2_s3,B0,port_tight,eft_old,247.5,247.5,0.0,0
heldout_swe_b8_l2_s3,B0,port_tight,eft_old,313.5,313.5,0.0,1
heldout_swe_b16_l2_s3,B0,port_tight,eft_old,495.0,495.0,0.0,7
heldout_swe_b2_l2_s7,B0,port_tight,eft_old,214.5,214.5,0.0,0
heldout_swe_b4_l2_s7,B0,port_tight,eft_old,280.5,280.5,0.0,0
heldout_swe_b8_l2_s7,B0,port_tight,eft_old,346.5,346.5,0.0,2
heldout_swe_b16_l2_s7,B0,port_tight,eft_old,528.0,528.0,0.0,7
heldout_swe_b2_l2_s11,B0,port_tight,eft_old,214.5,214.5,0.0,0
heldout_swe_b4_l2_s11,B0,port_tight,eft_old,346.5,346.5,0.0,0
heldout_swe_b8_l2_s11,B0,port_tight,eft_old,363.0,363.0,0.0,2
heldout_swe_b16_l2_s11,B0,port_tight,eft_old,610.5,610.5,0.0,6
heldout_swe_b2_l13_s3,B0,port_tight,eft_old,231.0,231.0,0.0,0
heldout_swe_b4_l13_s3,B0,port_tight,eft_old,313.5,313.5,0.0,0
heldout_swe_b8_l13_s3,B0,port_tight,eft_old,363.0,363.0,0.0,1
heldout_swe_b16_l13_s3,B0,port_tight,eft_old,511.5,511.5,0.0,7
heldout_swe_b2_l13_s7,B0,port_tight,eft_old,231.0,231.0,0.0,0
heldout_swe_b4_l13_s7,B0,port_tight,eft_old,346.5,346.5,0.0,0
heldout_swe_b8_l13_s7,B0,port_tight,eft_old,396.0,396.0,0.0,2
heldout_swe_b16_l13_s7,B0,port_tight,eft_old,528.0,528.0,0.0,7
heldout_swe_b2_l13_s11,B0,port_tight,eft_old,198.0,198.0,0.0,0
heldout_swe_b4_l13_s11,B0,port_tight,eft_old,363.0,363.0,0.0,0
heldout_swe_b8_l13_s11,B0,port_tight,eft_old,363.0,363.0,0.0,2
heldout_swe_b16_l13_s11,B0,port_tight,eft_old,610.5,610.5,0.0,6
heldout_swe_b2_l26_s3,B0,port_tight,eft_old,198.0,198.0,0.0,0
heldout_swe_b4_l26_s3,B0,port_tight,eft_old,313.5,313.5,0.0,0
heldout_swe_b8_l26_s3,B0,port_tight,eft_old,445.5,445.5,0.0,3
heldout_swe_b16_l26_s3,B0,port_tight,eft_old,627.0,627.0,0.0,7
heldout_swe_b2_l26_s7,B0,port_tight,eft_old,231.0,231.0,0.0,0
heldout_swe_b4_l26_s7,B0,port_tight,eft_old,297.0,297.0,0.0,0
heldout_swe_b8_l26_s7,B0,port_tight,eft_old,396.0,396.0,0.0,1
heldout_swe_b16_l26_s7,B0,port_tight,eft_old,544.5,544.5,0.0,7
heldout_swe_b2_l26_s11,B0,port_tight,eft_old,231.0,231.0,0.0,0
heldout_swe_b4_l26_s11,B0,port_tight,eft_old,412.5,412.5,0.0,0
heldout_swe_b8_l26_s11,B0,port_tight,eft_old,346.5,346.5,0.0,1
heldout_swe_b16_l26_s11,B0,port_tight,eft_old,660.0,660.0,0.0,7
v3_captured_mixed_heldout_bfcl_t64_l2,B0,port_tight,eft_old,1897.5,1897.5,0.0,23
v3_captured_mixed_heldout_bfcl_t96_l2,B0,port_tight,eft_old,2557.5,2557.5,0.0,31
v3_captured_mixed_heldout_bfcl_t128_l2,B0,port_tight,eft_old,3316.5,3316.5,0.0,42
v3_captured_mixed_heldout_bfcl_t64_l13,B0,port_tight,eft_old,1881.0,1881.0,0.0,19
v3_captured_mixed_heldout_bfcl_t96_l13,B0,port_tight,eft_old,2607.0,2607.0,0.0,29
v3_captured_mixed_heldout_bfcl_t128_l13,B0,port_tight,eft_old,3283.5,3283.5,0.0,38
v3_captured_mixed_heldout_bfcl_t64_l26,B0,port_tight,eft_old,1864.5,1864.5,0.0,26
v3_captured_mixed_heldout_bfcl_t96_l26,B0,port_tight,eft_old,2607.0,2607.0,0.0,39
v3_captured_mixed_heldout_bfcl_t128_l26,B0,port_tight,eft_old,3267.0,3267.0,0.0,44
v3_captured_mixed_heldout_gpqa_t64_l2,B0,port_tight,eft_old,1881.0,1881.0,0.0,28
v3_captured_mixed_heldout_gpqa_t96_l2,B0,port_tight,eft_old,2541.0,2541.0,0.0,46
v3_captured_mixed_heldout_gpqa_t128_l2,B0,port_tight,eft_old,3333.0,3333.0,0.0,59
v3_captured_mixed_heldout_gpqa_t64_l13,B0,port_tight,eft_old,1782.0,1782.0,0.0,26
v3_captured_mixed_heldout_gpqa_t96_l13,B0,port_tight,eft_old,2574.0,2574.0,0.0,42
v3_captured_mixed_heldout_gpqa_t128_l13,B0,port_tight,eft_old,3267.0,3267.0,0.0,48
v3_captured_mixed_heldout_gpqa_t64_l26,B0,port_tight,eft_old,1881.0,1881.0,0.0,29
v3_captured_mixed_heldout_gpqa_t96_l26,B0,port_tight,eft_old,2623.5,2623.5,0.0,47
v3_captured_mixed_heldout_gpqa_t128_l26,B0,port_tight,eft_old,3250.5,3250.5,0.0,53
v3_captured_mixed_heldout_swe_t64_l2,B0,port_tight,eft_old,1881.0,1881.0,0.0,24
v3_captured_mixed_heldout_swe_t96_l2,B0,port_tight,eft_old,2607.0,2607.0,0.0,41
v3_captured_mixed_heldout_swe_t128_l2,B0,port_tight,eft_old,3366.0,3366.0,0.0,54
v3_captured_mixed_heldout_swe_t64_l13,B0,port_tight,eft_old,1798.5,1798.5,0.0,19
v3_captured_mixed_heldout_swe_t96_l13,B0,port_tight,eft_old,2623.5,2623.5,0.0,31
v3_captured_mixed_heldout_swe_t128_l13,B0,port_tight,eft_old,3349.5,3349.5,0.0,41
v3_captured_mixed_heldout_swe_t64_l26,B0,port_tight,eft_old,1881.0,1881.0,0.0,27
v3_captured_mixed_heldout_swe_t96_l26,B0,port_tight,eft_old,2656.5,2656.5,0.0,45
v3_captured_mixed_heldout_swe_t128_l26,B0,port_tight,eft_old,3283.5,3283.5,0.0,52
heldout_bfcl_b2_l2_s3,B0,port_tight,fixed,231.0,231.0,0.0,0
heldout_bfcl_b4_l2_s3,B0,port_tight,fixed,330.0,330.0,0.0,0
heldout_bfcl_b8_l2_s3,B0,port_tight,fixed,478.5,478.5,0.0,1
heldout_bfcl_b16_l2_s3,B0,port_tight,fixed,759.0,759.0,0.0,7
heldout_bfcl_b2_l2_s7,B0,port_tight,fixed,231.0,231.0,0.0,0
heldout_bfcl_b4_l2_s7,B0,port_tight,fixed,363.0,363.0,0.0,0
heldout_bfcl_b8_l2_s7,B0,port_tight,fixed,528.0,528.0,0.0,1
heldout_bfcl_b16_l2_s7,B0,port_tight,fixed,841.5,841.5,0.0,3
heldout_bfcl_b2_l2_s11,B0,port_tight,fixed,165.0,165.0,0.0,0
heldout_bfcl_b4_l2_s11,B0,port_tight,fixed,363.0,363.0,0.0,0
heldout_bfcl_b8_l2_s11,B0,port_tight,fixed,544.5,544.5,0.0,1
heldout_bfcl_b16_l2_s11,B0,port_tight,fixed,907.5,907.5,0.0,1
heldout_bfcl_b2_l13_s3,B0,port_tight,fixed,198.0,198.0,0.0,0
heldout_bfcl_b4_l13_s3,B0,port_tight,fixed,396.0,396.0,0.0,0
heldout_bfcl_b8_l13_s3,B0,port_tight,fixed,511.5,511.5,0.0,1
heldout_bfcl_b16_l13_s3,B0,port_tight,fixed,775.5,775.5,0.0,4
heldout_bfcl_b2_l13_s7,B0,port_tight,fixed,231.0,231.0,0.0,0
heldout_bfcl_b4_l13_s7,B0,port_tight,fixed,363.0,363.0,0.0,0
heldout_bfcl_b8_l13_s7,B0,port_tight,fixed,561.0,561.0,0.0,1
heldout_bfcl_b16_l13_s7,B0,port_tight,fixed,775.5,775.5,0.0,4
heldout_bfcl_b2_l13_s11,B0,port_tight,fixed,148.5,148.5,0.0,0
heldout_bfcl_b4_l13_s11,B0,port_tight,fixed,346.5,346.5,0.0,0
heldout_bfcl_b8_l13_s11,B0,port_tight,fixed,478.5,478.5,0.0,1
heldout_bfcl_b16_l13_s11,B0,port_tight,fixed,858.0,858.0,0.0,2
heldout_bfcl_b2_l26_s3,B0,port_tight,fixed,214.5,214.5,0.0,0
heldout_bfcl_b4_l26_s3,B0,port_tight,fixed,396.0,396.0,0.0,0
heldout_bfcl_b8_l26_s3,B0,port_tight,fixed,544.5,544.5,0.0,1
heldout_bfcl_b16_l26_s3,B0,port_tight,fixed,891.0,891.0,0.0,5
heldout_bfcl_b2_l26_s7,B0,port_tight,fixed,198.0,198.0,0.0,0
heldout_bfcl_b4_l26_s7,B0,port_tight,fixed,396.0,396.0,0.0,0
heldout_bfcl_b8_l26_s7,B0,port_tight,fixed,594.0,594.0,0.0,1
heldout_bfcl_b16_l26_s7,B0,port_tight,fixed,759.0,759.0,0.0,1
heldout_bfcl_b2_l26_s11,B0,port_tight,fixed,165.0,165.0,0.0,0
heldout_bfcl_b4_l26_s11,B0,port_tight,fixed,363.0,363.0,0.0,0
heldout_bfcl_b8_l26_s11,B0,port_tight,fixed,577.5,577.5,0.0,1
heldout_bfcl_b16_l26_s11,B0,port_tight,fixed,858.0,858.0,0.0,1
heldout_gpqa_b2_l2_s3,B0,port_tight,fixed,214.5,214.5,0.0,0
heldout_gpqa_b4_l2_s3,B0,port_tight,fixed,297.0,297.0,0.0,0
heldout_gpqa_b8_l2_s3,B0,port_tight,fixed,429.0,429.0,0.0,2
heldout_gpqa_b16_l2_s3,B0,port_tight,fixed,643.5,643.5,0.0,7
heldout_gpqa_b2_l2_s7,B0,port_tight,fixed,231.0,231.0,0.0,0
heldout_gpqa_b4_l2_s7,B0,port_tight,fixed,396.0,396.0,0.0,0
heldout_gpqa_b8_l2_s7,B0,port_tight,fixed,594.0,594.0,0.0,1
heldout_gpqa_b16_l2_s7,B0,port_tight,fixed,858.0,858.0,0.0,2
heldout_gpqa_b2_l2_s11,B0,port_tight,fixed,181.5,181.5,0.0,0
heldout_gpqa_b4_l2_s11,B0,port_tight,fixed,379.5,379.5,0.0,0
heldout_gpqa_b8_l2_s11,B0,port_tight,fixed,660.0,660.0,0.0,1
heldout_gpqa_b16_l2_s11,B0,port_tight,fixed,907.5,907.5,0.0,2
heldout_gpqa_b2_l13_s3,B0,port_tight,fixed,214.5,214.5,0.0,0
heldout_gpqa_b4_l13_s3,B0,port_tight,fixed,313.5,313.5,0.0,0
heldout_gpqa_b8_l13_s3,B0,port_tight,fixed,495.0,495.0,0.0,1
heldout_gpqa_b16_l13_s3,B0,port_tight,fixed,660.0,660.0,0.0,5
heldout_gpqa_b2_l13_s7,B0,port_tight,fixed,214.5,214.5,0.0,0
heldout_gpqa_b4_l13_s7,B0,port_tight,fixed,379.5,379.5,0.0,0
heldout_gpqa_b8_l13_s7,B0,port_tight,fixed,610.5,610.5,0.0,1
heldout_gpqa_b16_l13_s7,B0,port_tight,fixed,825.0,825.0,0.0,3
heldout_gpqa_b2_l13_s11,B0,port_tight,fixed,148.5,148.5,0.0,0
heldout_gpqa_b4_l13_s11,B0,port_tight,fixed,396.0,396.0,0.0,0
heldout_gpqa_b8_l13_s11,B0,port_tight,fixed,528.0,528.0,0.0,1
heldout_gpqa_b16_l13_s11,B0,port_tight,fixed,808.5,808.5,0.0,1
heldout_gpqa_b2_l26_s3,B0,port_tight,fixed,231.0,231.0,0.0,0
heldout_gpqa_b4_l26_s3,B0,port_tight,fixed,280.5,280.5,0.0,0
heldout_gpqa_b8_l26_s3,B0,port_tight,fixed,445.5,445.5,0.0,1
heldout_gpqa_b16_l26_s3,B0,port_tight,fixed,709.5,709.5,0.0,6
heldout_gpqa_b2_l26_s7,B0,port_tight,fixed,231.0,231.0,0.0,0
heldout_gpqa_b4_l26_s7,B0,port_tight,fixed,379.5,379.5,0.0,0
heldout_gpqa_b8_l26_s7,B0,port_tight,fixed,594.0,594.0,0.0,1
heldout_gpqa_b16_l26_s7,B0,port_tight,fixed,874.5,874.5,0.0,4
heldout_gpqa_b2_l26_s11,B0,port_tight,fixed,214.5,214.5,0.0,0
heldout_gpqa_b4_l26_s11,B0,port_tight,fixed,412.5,412.5,0.0,0
heldout_gpqa_b8_l26_s11,B0,port_tight,fixed,594.0,594.0,0.0,1
heldout_gpqa_b16_l26_s11,B0,port_tight,fixed,891.0,891.0,0.0,1
heldout_swe_b2_l2_s3,B0,port_tight,fixed,214.5,214.5,0.0,0
heldout_swe_b4_l2_s3,B0,port_tight,fixed,247.5,247.5,0.0,0
heldout_swe_b8_l2_s3,B0,port_tight,fixed,313.5,313.5,0.0,1
heldout_swe_b16_l2_s3,B0,port_tight,fixed,495.0,495.0,0.0,7
heldout_swe_b2_l2_s7,B0,port_tight,fixed,214.5,214.5,0.0,0
heldout_swe_b4_l2_s7,B0,port_tight,fixed,280.5,280.5,0.0,0
heldout_swe_b8_l2_s7,B0,port_tight,fixed,346.5,346.5,0.0,2
heldout_swe_b16_l2_s7,B0,port_tight,fixed,528.0,528.0,0.0,7
heldout_swe_b2_l2_s11,B0,port_tight,fixed,214.5,214.5,0.0,0
heldout_swe_b4_l2_s11,B0,port_tight,fixed,346.5,346.5,0.0,0
heldout_swe_b8_l2_s11,B0,port_tight,fixed,363.0,363.0,0.0,2
heldout_swe_b16_l2_s11,B0,port_tight,fixed,610.5,610.5,0.0,6
heldout_swe_b2_l13_s3,B0,port_tight,fixed,231.0,231.0,0.0,0
heldout_swe_b4_l13_s3,B0,port_tight,fixed,313.5,313.5,0.0,0
heldout_swe_b8_l13_s3,B0,port_tight,fixed,363.0,363.0,0.0,1
heldout_swe_b16_l13_s3,B0,port_tight,fixed,511.5,511.5,0.0,7
heldout_swe_b2_l13_s7,B0,port_tight,fixed,231.0,231.0,0.0,0
heldout_swe_b4_l13_s7,B0,port_tight,fixed,346.5,346.5,0.0,0
heldout_swe_b8_l13_s7,B0,port_tight,fixed,396.0,396.0,0.0,2
heldout_swe_b16_l13_s7,B0,port_tight,fixed,528.0,528.0,0.0,7
heldout_swe_b2_l13_s11,B0,port_tight,fixed,198.0,198.0,0.0,0
heldout_swe_b4_l13_s11,B0,port_tight,fixed,363.0,363.0,0.0,0
heldout_swe_b8_l13_s11,B0,port_tight,fixed,363.0,363.0,0.0,2
heldout_swe_b16_l13_s11,B0,port_tight,fixed,610.5,610.5,0.0,6
heldout_swe_b2_l26_s3,B0,port_tight,fixed,198.0,198.0,0.0,0
heldout_swe_b4_l26_s3,B0,port_tight,fixed,313.5,313.5,0.0,0
heldout_swe_b8_l26_s3,B0,port_tight,fixed,445.5,445.5,0.0,3
heldout_swe_b16_l26_s3,B0,port_tight,fixed,627.0,627.0,0.0,7
heldout_swe_b2_l26_s7,B0,port_tight,fixed,231.0,231.0,0.0,0
heldout_swe_b4_l26_s7,B0,port_tight,fixed,297.0,297.0,0.0,0
heldout_swe_b8_l26_s7,B0,port_tight,fixed,396.0,396.0,0.0,1
heldout_swe_b16_l26_s7,B0,port_tight,fixed,544.5,544.5,0.0,7
heldout_swe_b2_l26_s11,B0,port_tight,fixed,231.0,231.0,0.0,0
heldout_swe_b4_l26_s11,B0,port_tight,fixed,412.5,412.5,0.0,0
heldout_swe_b8_l26_s11,B0,port_tight,fixed,346.5,346.5,0.0,1
heldout_swe_b16_l26_s11,B0,port_tight,fixed,660.0,660.0,0.0,7
v3_captured_mixed_heldout_bfcl_t64_l2,B0,port_tight,fixed,1897.5,1897.5,0.0,23
v3_captured_mixed_heldout_bfcl_t96_l2,B0,port_tight,fixed,2557.5,2557.5,0.0,31
v3_captured_mixed_heldout_bfcl_t128_l2,B0,port_tight,fixed,3316.5,3316.5,0.0,42
v3_captured_mixed_heldout_bfcl_t64_l13,B0,port_tight,fixed,1881.0,1881.0,0.0,19
v3_captured_mixed_heldout_bfcl_t96_l13,B0,port_tight,fixed,2607.0,2607.0,0.0,29
v3_captured_mixed_heldout_bfcl_t128_l13,B0,port_tight,fixed,3283.5,3283.5,0.0,38
v3_captured_mixed_heldout_bfcl_t64_l26,B0,port_tight,fixed,1864.5,1864.5,0.0,26
v3_captured_mixed_heldout_bfcl_t96_l26,B0,port_tight,fixed,2607.0,2607.0,0.0,39
v3_captured_mixed_heldout_bfcl_t128_l26,B0,port_tight,fixed,3267.0,3267.0,0.0,44
v3_captured_mixed_heldout_gpqa_t64_l2,B0,port_tight,fixed,1881.0,1881.0,0.0,28
v3_captured_mixed_heldout_gpqa_t96_l2,B0,port_tight,fixed,2541.0,2541.0,0.0,46
v3_captured_mixed_heldout_gpqa_t128_l2,B0,port_tight,fixed,3333.0,3333.0,0.0,59
v3_captured_mixed_heldout_gpqa_t64_l13,B0,port_tight,fixed,1782.0,1782.0,0.0,26
v3_captured_mixed_heldout_gpqa_t96_l13,B0,port_tight,fixed,2574.0,2574.0,0.0,42
v3_captured_mixed_heldout_gpqa_t128_l13,B0,port_tight,fixed,3267.0,3267.0,0.0,48
v3_captured_mixed_heldout_gpqa_t64_l26,B0,port_tight,fixed,1881.0,1881.0,0.0,29
v3_captured_mixed_heldout_gpqa_t96_l26,B0,port_tight,fixed,2623.5,2623.5,0.0,47
v3_captured_mixed_heldout_gpqa_t128_l26,B0,port_tight,fixed,3250.5,3250.5,0.0,53
v3_captured_mixed_heldout_swe_t64_l2,B0,port_tight,fixed,1881.0,1881.0,0.0,24
v3_captured_mixed_heldout_swe_t96_l2,B0,port_tight,fixed,2607.0,2607.0,0.0,41
v3_captured_mixed_heldout_swe_t128_l2,B0,port_tight,fixed,3366.0,3366.0,0.0,54
v3_captured_mixed_heldout_swe_t64_l13,B0,port_tight,fixed,1798.5,1798.5,0.0,19
v3_captured_mixed_heldout_swe_t96_l13,B0,port_tight,fixed,2623.5,2623.5,0.0,31
v3_captured_mixed_heldout_swe_t128_l13,B0,port_tight,fixed,3349.5,3349.5,0.0,41
v3_captured_mixed_heldout_swe_t64_l26,B0,port_tight,fixed,1881.0,1881.0,0.0,27
v3_captured_mixed_heldout_swe_t96_l26,B0,port_tight,fixed,2656.5,2656.5,0.0,45
v3_captured_mixed_heldout_swe_t128_l26,B0,port_tight,fixed,3283.5,3283.5,0.0,52
heldout_bfcl_b2_l2_s3,B0,port_tight,milp,231.0,231.0,0.0,0
heldout_bfcl_b4_l2_s3,B0,port_tight,milp,330.0,330.0,0.0,0
heldout_bfcl_b8_l2_s3,B0,port_tight,milp,478.5,478.5,0.0,1
heldout_bfcl_b16_l2_s3,B0,port_tight,milp,759.0,759.0,0.0,7
heldout_bfcl_b2_l2_s7,B0,port_tight,milp,231.0,231.0,0.0,0
heldout_bfcl_b4_l2_s7,B0,port_tight,milp,363.0,363.0,0.0,0
heldout_bfcl_b8_l2_s7,B0,port_tight,milp,528.0,528.0,0.0,1
heldout_bfcl_b16_l2_s7,B0,port_tight,milp,841.5,841.5,0.0,3
heldout_bfcl_b2_l2_s11,B0,port_tight,milp,165.0,165.0,0.0,0
heldout_bfcl_b4_l2_s11,B0,port_tight,milp,363.0,363.0,0.0,0
heldout_bfcl_b8_l2_s11,B0,port_tight,milp,544.5,544.5,0.0,1
heldout_bfcl_b16_l2_s11,B0,port_tight,milp,907.5,907.5,0.0,1
heldout_bfcl_b2_l13_s3,B0,port_tight,milp,198.0,198.0,0.0,0
heldout_bfcl_b4_l13_s3,B0,port_tight,milp,396.0,396.0,0.0,0
heldout_bfcl_b8_l13_s3,B0,port_tight,milp,511.5,511.5,0.0,1
heldout_bfcl_b16_l13_s3,B0,port_tight,milp,775.5,775.5,0.0,4
heldout_bfcl_b2_l13_s7,B0,port_tight,milp,231.0,231.0,0.0,0
heldout_bfcl_b4_l13_s7,B0,port_tight,milp,363.0,363.0,0.0,0
heldout_bfcl_b8_l13_s7,B0,port_tight,milp,561.0,561.0,0.0,1
heldout_bfcl_b16_l13_s7,B0,port_tight,milp,775.5,775.5,0.0,4
heldout_bfcl_b2_l13_s11,B0,port_tight,milp,148.5,148.5,0.0,0
heldout_bfcl_b4_l13_s11,B0,port_tight,milp,346.5,346.5,0.0,0
heldout_bfcl_b8_l13_s11,B0,port_tight,milp,478.5,478.5,0.0,1
heldout_bfcl_b16_l13_s11,B0,port_tight,milp,858.0,858.0,0.0,2
heldout_bfcl_b2_l26_s3,B0,port_tight,milp,214.5,214.5,0.0,0
heldout_bfcl_b4_l26_s3,B0,port_tight,milp,396.0,396.0,0.0,0
heldout_bfcl_b8_l26_s3,B0,port_tight,milp,544.5,544.5,0.0,1
heldout_bfcl_b16_l26_s3,B0,port_tight,milp,891.0,891.0,0.0,5
heldout_bfcl_b2_l26_s7,B0,port_tight,milp,198.0,198.0,0.0,0
heldout_bfcl_b4_l26_s7,B0,port_tight,milp,396.0,396.0,0.0,0
heldout_bfcl_b8_l26_s7,B0,port_tight,milp,594.0,594.0,0.0,1
heldout_bfcl_b16_l26_s7,B0,port_tight,milp,759.0,759.0,0.0,1
heldout_bfcl_b2_l26_s11,B0,port_tight,milp,165.0,165.0,0.0,0
heldout_bfcl_b4_l26_s11,B0,port_tight,milp,363.0,363.0,0.0,0
heldout_bfcl_b8_l26_s11,B0,port_tight,milp,577.5,577.5,0.0,1
heldout_bfcl_b16_l26_s11,B0,port_tight,milp,858.0,858.0,0.0,1
heldout_gpqa_b2_l2_s3,B0,port_tight,milp,214.5,214.5,0.0,0
heldout_gpqa_b4_l2_s3,B0,port_tight,milp,297.0,297.0,0.0,0
heldout_gpqa_b8_l2_s3,B0,port_tight,milp,429.0,429.0,0.0,2
heldout_gpqa_b16_l2_s3,B0,port_tight,milp,643.5,643.5,0.0,7
heldout_gpqa_b2_l2_s7,B0,port_tight,milp,231.0,231.0,0.0,0
heldout_gpqa_b4_l2_s7,B0,port_tight,milp,396.0,396.0,0.0,0
heldout_gpqa_b8_l2_s7,B0,port_tight,milp,594.0,594.0,0.0,1
heldout_gpqa_b16_l2_s7,B0,port_tight,milp,858.0,858.0,0.0,2
heldout_gpqa_b2_l2_s11,B0,port_tight,milp,181.5,181.5,0.0,0
heldout_gpqa_b4_l2_s11,B0,port_tight,milp,379.5,379.5,0.0,0
heldout_gpqa_b8_l2_s11,B0,port_tight,milp,660.0,660.0,0.0,1
heldout_gpqa_b16_l2_s11,B0,port_tight,milp,907.5,907.5,0.0,2
heldout_gpqa_b2_l13_s3,B0,port_tight,milp,214.5,214.5,0.0,0
heldout_gpqa_b4_l13_s3,B0,port_tight,milp,313.5,313.5,0.0,0
heldout_gpqa_b8_l13_s3,B0,port_tight,milp,495.0,495.0,0.0,1
heldout_gpqa_b16_l13_s3,B0,port_tight,milp,660.0,660.0,0.0,5
heldout_gpqa_b2_l13_s7,B0,port_tight,milp,214.5,214.5,0.0,0
heldout_gpqa_b4_l13_s7,B0,port_tight,milp,379.5,379.5,0.0,0
heldout_gpqa_b8_l13_s7,B0,port_tight,milp,610.5,610.5,0.0,1
heldout_gpqa_b16_l13_s7,B0,port_tight,milp,825.0,825.0,0.0,3
heldout_gpqa_b2_l13_s11,B0,port_tight,milp,148.5,148.5,0.0,0
heldout_gpqa_b4_l13_s11,B0,port_tight,milp,396.0,396.0,0.0,0
heldout_gpqa_b8_l13_s11,B0,port_tight,milp,528.0,528.0,0.0,1
heldout_gpqa_b16_l13_s11,B0,port_tight,milp,808.5,808.5,0.0,1
heldout_gpqa_b2_l26_s3,B0,port_tight,milp,231.0,231.0,0.0,0
heldout_gpqa_b4_l26_s3,B0,port_tight,milp,280.5,280.5,0.0,0
heldout_gpqa_b8_l26_s3,B0,port_tight,milp,445.5,445.5,0.0,1
heldout_gpqa_b16_l26_s3,B0,port_tight,milp,709.5,709.5,0.0,6
heldout_gpqa_b2_l26_s7,B0,port_tight,milp,231.0,231.0,0.0,0
heldout_gpqa_b4_l26_s7,B0,port_tight,milp,379.5,379.5,0.0,0
heldout_gpqa_b8_l26_s7,B0,port_tight,milp,594.0,594.0,0.0,1
heldout_gpqa_b16_l26_s7,B0,port_tight,milp,874.5,874.5,0.0,4
heldout_gpqa_b2_l26_s11,B0,port_tight,milp,214.5,214.5,0.0,0
heldout_gpqa_b4_l26_s11,B0,port_tight,milp,412.5,412.5,0.0,0
heldout_gpqa_b8_l26_s11,B0,port_tight,milp,594.0,594.0,0.0,1
heldout_gpqa_b16_l26_s11,B0,port_tight,milp,891.0,891.0,0.0,1
heldout_swe_b2_l2_s3,B0,port_tight,milp,214.5,214.5,0.0,0
heldout_swe_b4_l2_s3,B0,port_tight,milp,247.5,247.5,0.0,0
heldout_swe_b8_l2_s3,B0,port_tight,milp,313.5,313.5,0.0,1
heldout_swe_b16_l2_s3,B0,port_tight,milp,495.0,495.0,0.0,7
heldout_swe_b2_l2_s7,B0,port_tight,milp,214.5,214.5,0.0,0
heldout_swe_b4_l2_s7,B0,port_tight,milp,280.5,280.5,0.0,0
heldout_swe_b8_l2_s7,B0,port_tight,milp,346.5,346.5,0.0,2
heldout_swe_b16_l2_s7,B0,port_tight,milp,528.0,528.0,0.0,7
heldout_swe_b2_l2_s11,B0,port_tight,milp,214.5,214.5,0.0,0
heldout_swe_b4_l2_s11,B0,port_tight,milp,346.5,346.5,0.0,0
heldout_swe_b8_l2_s11,B0,port_tight,milp,363.0,363.0,0.0,2
heldout_swe_b16_l2_s11,B0,port_tight,milp,610.5,610.5,0.0,6
heldout_swe_b2_l13_s3,B0,port_tight,milp,231.0,231.0,0.0,0
heldout_swe_b4_l13_s3,B0,port_tight,milp,313.5,313.5,0.0,0
heldout_swe_b8_l13_s3,B0,port_tight,milp,363.0,363.0,0.0,1
heldout_swe_b16_l13_s3,B0,port_tight,milp,511.5,511.5,0.0,7
heldout_swe_b2_l13_s7,B0,port_tight,milp,231.0,231.0,0.0,0
heldout_swe_b4_l13_s7,B0,port_tight,milp,346.5,346.5,0.0,0
heldout_swe_b8_l13_s7,B0,port_tight,milp,396.0,396.0,0.0,2
heldout_swe_b16_l13_s7,B0,port_tight,milp,528.0,528.0,0.0,7
heldout_swe_b2_l13_s11,B0,port_tight,milp,198.0,198.0,0.0,0
heldout_swe_b4_l13_s11,B0,port_tight,milp,363.0,363.0,0.0,0
heldout_swe_b8_l13_s11,B0,port_tight,milp,363.0,363.0,0.0,2
heldout_swe_b16_l13_s11,B0,port_tight,milp,610.5,610.5,0.0,6
heldout_swe_b2_l26_s3,B0,port_tight,milp,198.0,198.0,0.0,0
heldout_swe_b4_l26_s3,B0,port_tight,milp,313.5,313.5,0.0,0
heldout_swe_b8_l26_s3,B0,port_tight,milp,445.5,445.5,0.0,3
heldout_swe_b16_l26_s3,B0,port_tight,milp,627.0,627.0,0.0,7
heldout_swe_b2_l26_s7,B0,port_tight,milp,231.0,231.0,0.0,0
heldout_swe_b4_l26_s7,B0,port_tight,milp,297.0,297.0,0.0,0
heldout_swe_b8_l26_s7,B0,port_tight,milp,396.0,396.0,0.0,1
heldout_swe_b16_l26_s7,B0,port_tight,milp,544.5,544.5,0.0,7
heldout_swe_b2_l26_s11,B0,port_tight,milp,231.0,231.0,0.0,0
heldout_swe_b4_l26_s11,B0,port_tight,milp,412.5,412.5,0.0,0
heldout_swe_b8_l26_s11,B0,port_tight,milp,346.5,346.5,0.0,1
heldout_swe_b16_l26_s11,B0,port_tight,milp,660.0,660.0,0.0,7
v3_captured_mixed_heldout_bfcl_t64_l2,B0,port_tight,milp,1897.5,1897.5,0.0,23
v3_captured_mixed_heldout_bfcl_t96_l2,B0,port_tight,milp,2557.5,2557.5,0.0,31
v3_captured_mixed_heldout_bfcl_t128_l2,B0,port_tight,milp,3316.5,3316.5,0.0,42
v3_captured_mixed_heldout_bfcl_t64_l13,B0,port_tight,milp,1881.0,1881.0,0.0,19
v3_captured_mixed_heldout_bfcl_t96_l13,B0,port_tight,milp,2607.0,2607.0,0.0,29
v3_captured_mixed_heldout_bfcl_t128_l13,B0,port_tight,milp,3283.5,3283.5,0.0,38
v3_captured_mixed_heldout_bfcl_t64_l26,B0,port_tight,milp,1864.5,1864.5,0.0,26
v3_captured_mixed_heldout_bfcl_t96_l26,B0,port_tight,milp,2607.0,2607.0,0.0,39
v3_captured_mixed_heldout_bfcl_t128_l26,B0,port_tight,milp,3267.0,3267.0,0.0,44
v3_captured_mixed_heldout_gpqa_t64_l2,B0,port_tight,milp,1881.0,1881.0,0.0,28
v3_captured_mixed_heldout_gpqa_t96_l2,B0,port_tight,milp,2541.0,2541.0,0.0,46
v3_captured_mixed_heldout_gpqa_t128_l2,B0,port_tight,milp,3333.0,3333.0,0.0,59
v3_captured_mixed_heldout_gpqa_t64_l13,B0,port_tight,milp,1782.0,1782.0,0.0,26
v3_captured_mixed_heldout_gpqa_t96_l13,B0,port_tight,milp,2574.0,2574.0,0.0,42
v3_captured_mixed_heldout_gpqa_t128_l13,B0,port_tight,milp,3267.0,3267.0,0.0,48
v3_captured_mixed_heldout_gpqa_t64_l26,B0,port_tight,milp,1881.0,1881.0,0.0,29
v3_captured_mixed_heldout_gpqa_t96_l26,B0,port_tight,milp,2623.5,2623.5,0.0,47
v3_captured_mixed_heldout_gpqa_t128_l26,B0,port_tight,milp,3250.5,3250.5,0.0,53
v3_captured_mixed_heldout_swe_t64_l2,B0,port_tight,milp,1881.0,1881.0,0.0,24
v3_captured_mixed_heldout_swe_t96_l2,B0,port_tight,milp,2607.0,2607.0,0.0,41
v3_captured_mixed_heldout_swe_t128_l2,B0,port_tight,milp,3366.0,3366.0,0.0,54
v3_captured_mixed_heldout_swe_t64_l13,B0,port_tight,milp,1798.5,1798.5,0.0,19
v3_captured_mixed_heldout_swe_t96_l13,B0,port_tight,milp,2623.5,2623.5,0.0,31
v3_captured_mixed_heldout_swe_t128_l13,B0,port_tight,milp,3349.5,3349.5,0.0,41
v3_captured_mixed_heldout_swe_t64_l26,B0,port_tight,milp,1881.0,1881.0,0.0,27
v3_captured_mixed_heldout_swe_t96_l26,B0,port_tight,milp,2656.5,2656.5,0.0,45
v3_captured_mixed_heldout_swe_t128_l26,B0,port_tight,milp,3283.5,3283.5,0.0,52
heldout_bfcl_b2_l2_s3,B1,port_tight,eft_old,231.0,231.0,0.0,0
heldout_bfcl_b4_l2_s3,B1,port_tight,eft_old,330.0,330.0,0.0,0
heldout_bfcl_b8_l2_s3,B1,port_tight,eft_old,445.5,445.5,0.0,0
heldout_bfcl_b16_l2_s3,B1,port_tight,eft_old,594.0,594.0,0.0,0
heldout_bfcl_b2_l2_s7,B1,port_tight,eft_old,231.0,231.0,0.0,0
heldout_bfcl_b4_l2_s7,B1,port_tight,eft_old,363.0,363.0,0.0,0
heldout_bfcl_b8_l2_s7,B1,port_tight,eft_old,495.0,495.0,0.0,0
heldout_bfcl_b16_l2_s7,B1,port_tight,eft_old,742.5,742.5,0.0,0
heldout_bfcl_b2_l2_s11,B1,port_tight,eft_old,165.0,165.0,0.0,0
heldout_bfcl_b4_l2_s11,B1,port_tight,eft_old,363.0,363.0,0.0,0
heldout_bfcl_b8_l2_s11,B1,port_tight,eft_old,511.5,511.5,0.0,0
heldout_bfcl_b16_l2_s11,B1,port_tight,eft_old,841.5,841.5,0.0,0
heldout_bfcl_b2_l13_s3,B1,port_tight,eft_old,198.0,198.0,0.0,0
heldout_bfcl_b4_l13_s3,B1,port_tight,eft_old,396.0,396.0,0.0,0
heldout_bfcl_b8_l13_s3,B1,port_tight,eft_old,478.5,478.5,0.0,0
heldout_bfcl_b16_l13_s3,B1,port_tight,eft_old,660.0,660.0,0.0,0
heldout_bfcl_b2_l13_s7,B1,port_tight,eft_old,231.0,231.0,0.0,0
heldout_bfcl_b4_l13_s7,B1,port_tight,eft_old,363.0,363.0,0.0,0
heldout_bfcl_b8_l13_s7,B1,port_tight,eft_old,528.0,528.0,0.0,0
heldout_bfcl_b16_l13_s7,B1,port_tight,eft_old,660.0,660.0,0.0,0
heldout_bfcl_b2_l13_s11,B1,port_tight,eft_old,148.5,148.5,0.0,0
heldout_bfcl_b4_l13_s11,B1,port_tight,eft_old,346.5,346.5,0.0,0
heldout_bfcl_b8_l13_s11,B1,port_tight,eft_old,445.5,445.5,0.0,0
heldout_bfcl_b16_l13_s11,B1,port_tight,eft_old,775.5,775.5,0.0,0
heldout_bfcl_b2_l26_s3,B1,port_tight,eft_old,214.5,214.5,0.0,0
heldout_bfcl_b4_l26_s3,B1,port_tight,eft_old,396.0,396.0,0.0,0
heldout_bfcl_b8_l26_s3,B1,port_tight,eft_old,511.5,511.5,0.0,0
heldout_bfcl_b16_l26_s3,B1,port_tight,eft_old,759.0,759.0,0.0,0
heldout_bfcl_b2_l26_s7,B1,port_tight,eft_old,198.0,198.0,0.0,0
heldout_bfcl_b4_l26_s7,B1,port_tight,eft_old,396.0,396.0,0.0,0
heldout_bfcl_b8_l26_s7,B1,port_tight,eft_old,561.0,561.0,0.0,0
heldout_bfcl_b16_l26_s7,B1,port_tight,eft_old,693.0,693.0,0.0,0
heldout_bfcl_b2_l26_s11,B1,port_tight,eft_old,165.0,165.0,0.0,0
heldout_bfcl_b4_l26_s11,B1,port_tight,eft_old,363.0,363.0,0.0,0
heldout_bfcl_b8_l26_s11,B1,port_tight,eft_old,544.5,544.5,0.0,0
heldout_bfcl_b16_l26_s11,B1,port_tight,eft_old,792.0,792.0,0.0,0
heldout_gpqa_b2_l2_s3,B1,port_tight,eft_old,214.5,214.5,0.0,0
heldout_gpqa_b4_l2_s3,B1,port_tight,eft_old,297.0,297.0,0.0,0
heldout_gpqa_b8_l2_s3,B1,port_tight,eft_old,379.5,379.5,0.0,0
heldout_gpqa_b16_l2_s3,B1,port_tight,eft_old,462.0,462.0,0.0,0
heldout_gpqa_b2_l2_s7,B1,port_tight,eft_old,231.0,231.0,0.0,0
heldout_gpqa_b4_l2_s7,B1,port_tight,eft_old,396.0,396.0,0.0,0
heldout_gpqa_b8_l2_s7,B1,port_tight,eft_old,561.0,561.0,0.0,0
heldout_gpqa_b16_l2_s7,B1,port_tight,eft_old,775.5,775.5,0.0,0
heldout_gpqa_b2_l2_s11,B1,port_tight,eft_old,181.5,181.5,0.0,0
heldout_gpqa_b4_l2_s11,B1,port_tight,eft_old,379.5,379.5,0.0,0
heldout_gpqa_b8_l2_s11,B1,port_tight,eft_old,627.0,627.0,0.0,0
heldout_gpqa_b16_l2_s11,B1,port_tight,eft_old,825.0,825.0,0.0,0
heldout_gpqa_b2_l13_s3,B1,port_tight,eft_old,214.5,214.5,0.0,0
heldout_gpqa_b4_l13_s3,B1,port_tight,eft_old,313.5,313.5,0.0,0
heldout_gpqa_b8_l13_s3,B1,port_tight,eft_old,462.0,462.0,0.0,0
heldout_gpqa_b16_l13_s3,B1,port_tight,eft_old,528.0,528.0,0.0,0
heldout_gpqa_b2_l13_s7,B1,port_tight,eft_old,214.5,214.5,0.0,0
heldout_gpqa_b4_l13_s7,B1,port_tight,eft_old,379.5,379.5,0.0,0
heldout_gpqa_b8_l13_s7,B1,port_tight,eft_old,577.5,577.5,0.0,0
heldout_gpqa_b16_l13_s7,B1,port_tight,eft_old,726.0,726.0,0.0,0
heldout_gpqa_b2_l13_s11,B1,port_tight,eft_old,148.5,148.5,0.0,0
heldout_gpqa_b4_l13_s11,B1,port_tight,eft_old,396.0,396.0,0.0,0
heldout_gpqa_b8_l13_s11,B1,port_tight,eft_old,495.0,495.0,0.0,0
heldout_gpqa_b16_l13_s11,B1,port_tight,eft_old,742.5,742.5,0.0,0
heldout_gpqa_b2_l26_s3,B1,port_tight,eft_old,231.0,231.0,0.0,0
heldout_gpqa_b4_l26_s3,B1,port_tight,eft_old,280.5,280.5,0.0,0
heldout_gpqa_b8_l26_s3,B1,port_tight,eft_old,412.5,412.5,0.0,0
heldout_gpqa_b16_l26_s3,B1,port_tight,eft_old,561.0,561.0,0.0,0
heldout_gpqa_b2_l26_s7,B1,port_tight,eft_old,231.0,231.0,0.0,0
heldout_gpqa_b4_l26_s7,B1,port_tight,eft_old,379.5,379.5,0.0,0
heldout_gpqa_b8_l26_s7,B1,port_tight,eft_old,561.0,561.0,0.0,0
heldout_gpqa_b16_l26_s7,B1,port_tight,eft_old,759.0,759.0,0.0,0
heldout_gpqa_b2_l26_s11,B1,port_tight,eft_old,214.5,214.5,0.0,0
heldout_gpqa_b4_l26_s11,B1,port_tight,eft_old,412.5,412.5,0.0,0
heldout_gpqa_b8_l26_s11,B1,port_tight,eft_old,561.0,561.0,0.0,0
heldout_gpqa_b16_l26_s11,B1,port_tight,eft_old,825.0,825.0,0.0,0
heldout_swe_b2_l2_s3,B1,port_tight,eft_old,214.5,214.5,0.0,0
heldout_swe_b4_l2_s3,B1,port_tight,eft_old,247.5,247.5,0.0,0
heldout_swe_b8_l2_s3,B1,port_tight,eft_old,280.5,280.5,0.0,0
heldout_swe_b16_l2_s3,B1,port_tight,eft_old,330.0,330.0,0.0,0
heldout_swe_b2_l2_s7,B1,port_tight,eft_old,214.5,214.5,0.0,0
heldout_swe_b4_l2_s7,B1,port_tight,eft_old,280.5,280.5,0.0,0
heldout_swe_b8_l2_s7,B1,port_tight,eft_old,297.0,297.0,0.0,0
heldout_swe_b16_l2_s7,B1,port_tight,eft_old,363.0,363.0,0.0,0
heldout_swe_b2_l2_s11,B1,port_tight,eft_old,214.5,214.5,0.0,0
heldout_swe_b4_l2_s11,B1,port_tight,eft_old,346.5,346.5,0.0,0
heldout_swe_b8_l2_s11,B1,port_tight,eft_old,313.5,313.5,0.0,0
heldout_swe_b16_l2_s11,B1,port_tight,eft_old,462.0,462.0,0.0,0
heldout_swe_b2_l13_s3,B1,port_tight,eft_old,231.0,231.0,0.0,0
heldout_swe_b4_l13_s3,B1,port_tight,eft_old,313.5,313.5,0.0,0
heldout_swe_b8_l13_s3,B1,port_tight,eft_old,330.0,330.0,0.0,0
heldout_swe_b16_l13_s3,B1,port_tight,eft_old,346.5,346.5,0.0,0
heldout_swe_b2_l13_s7,B1,port_tight,eft_old,231.0,231.0,0.0,0
heldout_swe_b4_l13_s7,B1,port_tight,eft_old,346.5,346.5,0.0,0
heldout_swe_b8_l13_s7,B1,port_tight,eft_old,346.5,346.5,0.0,0
heldout_swe_b16_l13_s7,B1,port_tight,eft_old,363.0,363.0,0.0,0
heldout_swe_b2_l13_s11,B1,port_tight,eft_old,198.0,198.0,0.0,0
heldout_swe_b4_l13_s11,B1,port_tight,eft_old,363.0,363.0,0.0,0
heldout_swe_b8_l13_s11,B1,port_tight,eft_old,313.5,313.5,0.0,0
heldout_swe_b16_l13_s11,B1,port_tight,eft_old,462.0,462.0,0.0,0
heldout_swe_b2_l26_s3,B1,port_tight,eft_old,198.0,198.0,0.0,0
heldout_swe_b4_l26_s3,B1,port_tight,eft_old,313.5,313.5,0.0,0
heldout_swe_b8_l26_s3,B1,port_tight,eft_old,379.5,379.5,0.0,0
heldout_swe_b16_l26_s3,B1,port_tight,eft_old,462.0,462.0,0.0,0
heldout_swe_b2_l26_s7,B1,port_tight,eft_old,231.0,231.0,0.0,0
heldout_swe_b4_l26_s7,B1,port_tight,eft_old,297.0,297.0,0.0,0
heldout_swe_b8_l26_s7,B1,port_tight,eft_old,363.0,363.0,0.0,0
heldout_swe_b16_l26_s7,B1,port_tight,eft_old,379.5,379.5,0.0,0
heldout_swe_b2_l26_s11,B1,port_tight,eft_old,231.0,231.0,0.0,0
heldout_swe_b4_l26_s11,B1,port_tight,eft_old,412.5,412.5,0.0,0
heldout_swe_b8_l26_s11,B1,port_tight,eft_old,313.5,313.5,0.0,0
heldout_swe_b16_l26_s11,B1,port_tight,eft_old,495.0,495.0,0.0,0
v3_captured_mixed_heldout_bfcl_t64_l2,B1,port_tight,eft_old,1039.5,1039.5,0.0,0
v3_captured_mixed_heldout_bfcl_t96_l2,B1,port_tight,eft_old,1089.0,1089.0,0.0,1
v3_captured_mixed_heldout_bfcl_t128_l2,B1,port_tight,eft_old,1122.0,1122.0,0.0,1
v3_captured_mixed_heldout_bfcl_t64_l13,B1,port_tight,eft_old,957.0,957.0,0.0,0
v3_captured_mixed_heldout_bfcl_t96_l13,B1,port_tight,eft_old,1072.5,1072.5,0.0,1
v3_captured_mixed_heldout_bfcl_t128_l13,B1,port_tight,eft_old,1089.0,1089.0,0.0,1
v3_captured_mixed_heldout_bfcl_t64_l26,B1,port_tight,eft_old,1023.0,1023.0,0.0,0
v3_captured_mixed_heldout_bfcl_t96_l26,B1,port_tight,eft_old,1105.5,1105.5,0.0,1
v3_captured_mixed_heldout_bfcl_t128_l26,B1,port_tight,eft_old,1122.0,1122.0,0.0,1
v3_captured_mixed_heldout_gpqa_t64_l2,B1,port_tight,eft_old,1072.5,1072.5,0.0,0
v3_captured_mixed_heldout_gpqa_t96_l2,B1,port_tight,eft_old,1122.0,1122.0,0.0,1
v3_captured_mixed_heldout_gpqa_t128_l2,B1,port_tight,eft_old,1122.0,1122.0,0.0,1
v3_captured_mixed_heldout_gpqa_t64_l13,B1,port_tight,eft_old,957.0,957.0,0.0,0
v3_captured_mixed_heldout_gpqa_t96_l13,B1,port_tight,eft_old,1039.5,1039.5,0.0,1
v3_captured_mixed_heldout_gpqa_t128_l13,B1,port_tight,eft_old,1056.0,1056.0,0.0,1
v3_captured_mixed_heldout_gpqa_t64_l26,B1,port_tight,eft_old,1072.5,1072.5,0.0,0
v3_captured_mixed_heldout_gpqa_t96_l26,B1,port_tight,eft_old,1122.0,1122.0,0.0,1
v3_captured_mixed_heldout_gpqa_t128_l26,B1,port_tight,eft_old,1122.0,1122.0,0.0,1
v3_captured_mixed_heldout_swe_t64_l2,B1,port_tight,eft_old,1056.0,1056.0,0.0,0
v3_captured_mixed_heldout_swe_t96_l2,B1,port_tight,eft_old,1105.5,1105.5,0.0,1
v3_captured_mixed_heldout_swe_t128_l2,B1,port_tight,eft_old,1122.0,1122.0,0.0,1
v3_captured_mixed_heldout_swe_t64_l13,B1,port_tight,eft_old,891.0,891.0,0.0,0
v3_captured_mixed_heldout_swe_t96_l13,B1,port_tight,eft_old,1023.0,1023.0,0.0,1
v3_captured_mixed_heldout_swe_t128_l13,B1,port_tight,eft_old,1089.0,1089.0,0.0,1
v3_captured_mixed_heldout_swe_t64_l26,B1,port_tight,eft_old,1006.5,1006.5,0.0,0
v3_captured_mixed_heldout_swe_t96_l26,B1,port_tight,eft_old,1056.0,1056.0,0.0,1
v3_captured_mixed_heldout_swe_t128_l26,B1,port_tight,eft_old,1122.0,1122.0,0.0,1
heldout_bfcl_b2_l2_s3,B1,port_tight,fixed,231.0,231.0,0.0,0
heldout_bfcl_b4_l2_s3,B1,port_tight,fixed,330.0,330.0,0.0,0
heldout_bfcl_b8_l2_s3,B1,port_tight,fixed,445.5,445.5,0.0,0
heldout_bfcl_b16_l2_s3,B1,port_tight,fixed,594.0,594.0,0.0,0
heldout_bfcl_b2_l2_s7,B1,port_tight,fixed,231.0,231.0,0.0,0
heldout_bfcl_b4_l2_s7,B1,port_tight,fixed,363.0,363.0,0.0,0
heldout_bfcl_b8_l2_s7,B1,port_tight,fixed,495.0,495.0,0.0,0
heldout_bfcl_b16_l2_s7,B1,port_tight,fixed,742.5,742.5,0.0,0
heldout_bfcl_b2_l2_s11,B1,port_tight,fixed,165.0,165.0,0.0,0
heldout_bfcl_b4_l2_s11,B1,port_tight,fixed,363.0,363.0,0.0,0
heldout_bfcl_b8_l2_s11,B1,port_tight,fixed,511.5,511.5,0.0,0
heldout_bfcl_b16_l2_s11,B1,port_tight,fixed,841.5,841.5,0.0,0
heldout_bfcl_b2_l13_s3,B1,port_tight,fixed,198.0,198.0,0.0,0
heldout_bfcl_b4_l13_s3,B1,port_tight,fixed,396.0,396.0,0.0,0
heldout_bfcl_b8_l13_s3,B1,port_tight,fixed,478.5,478.5,0.0,0
heldout_bfcl_b16_l13_s3,B1,port_tight,fixed,660.0,660.0,0.0,0
heldout_bfcl_b2_l13_s7,B1,port_tight,fixed,231.0,231.0,0.0,0
heldout_bfcl_b4_l13_s7,B1,port_tight,fixed,363.0,363.0,0.0,0
heldout_bfcl_b8_l13_s7,B1,port_tight,fixed,528.0,528.0,0.0,0
heldout_bfcl_b16_l13_s7,B1,port_tight,fixed,660.0,660.0,0.0,0
heldout_bfcl_b2_l13_s11,B1,port_tight,fixed,148.5,148.5,0.0,0
heldout_bfcl_b4_l13_s11,B1,port_tight,fixed,346.5,346.5,0.0,0
heldout_bfcl_b8_l13_s11,B1,port_tight,fixed,445.5,445.5,0.0,0
heldout_bfcl_b16_l13_s11,B1,port_tight,fixed,775.5,775.5,0.0,0
heldout_bfcl_b2_l26_s3,B1,port_tight,fixed,214.5,214.5,0.0,0
heldout_bfcl_b4_l26_s3,B1,port_tight,fixed,396.0,396.0,0.0,0
heldout_bfcl_b8_l26_s3,B1,port_tight,fixed,511.5,511.5,0.0,0
heldout_bfcl_b16_l26_s3,B1,port_tight,fixed,759.0,759.0,0.0,0
heldout_bfcl_b2_l26_s7,B1,port_tight,fixed,198.0,198.0,0.0,0
heldout_bfcl_b4_l26_s7,B1,port_tight,fixed,396.0,396.0,0.0,0
heldout_bfcl_b8_l26_s7,B1,port_tight,fixed,561.0,561.0,0.0,0
heldout_bfcl_b16_l26_s7,B1,port_tight,fixed,693.0,693.0,0.0,0
heldout_bfcl_b2_l26_s11,B1,port_tight,fixed,165.0,165.0,0.0,0
heldout_bfcl_b4_l26_s11,B1,port_tight,fixed,363.0,363.0,0.0,0
heldout_bfcl_b8_l26_s11,B1,port_tight,fixed,544.5,544.5,0.0,0
heldout_bfcl_b16_l26_s11,B1,port_tight,fixed,792.0,792.0,0.0,0
heldout_gpqa_b2_l2_s3,B1,port_tight,fixed,214.5,214.5,0.0,0
heldout_gpqa_b4_l2_s3,B1,port_tight,fixed,297.0,297.0,0.0,0
heldout_gpqa_b8_l2_s3,B1,port_tight,fixed,379.5,379.5,0.0,0
heldout_gpqa_b16_l2_s3,B1,port_tight,fixed,462.0,462.0,0.0,0
heldout_gpqa_b2_l2_s7,B1,port_tight,fixed,231.0,231.0,0.0,0
heldout_gpqa_b4_l2_s7,B1,port_tight,fixed,396.0,396.0,0.0,0
heldout_gpqa_b8_l2_s7,B1,port_tight,fixed,561.0,561.0,0.0,0
heldout_gpqa_b16_l2_s7,B1,port_tight,fixed,775.5,775.5,0.0,0
heldout_gpqa_b2_l2_s11,B1,port_tight,fixed,181.5,181.5,0.0,0
heldout_gpqa_b4_l2_s11,B1,port_tight,fixed,379.5,379.5,0.0,0
heldout_gpqa_b8_l2_s11,B1,port_tight,fixed,627.0,627.0,0.0,0
heldout_gpqa_b16_l2_s11,B1,port_tight,fixed,825.0,825.0,0.0,0
heldout_gpqa_b2_l13_s3,B1,port_tight,fixed,214.5,214.5,0.0,0
heldout_gpqa_b4_l13_s3,B1,port_tight,fixed,313.5,313.5,0.0,0
heldout_gpqa_b8_l13_s3,B1,port_tight,fixed,462.0,462.0,0.0,0
heldout_gpqa_b16_l13_s3,B1,port_tight,fixed,528.0,528.0,0.0,0
heldout_gpqa_b2_l13_s7,B1,port_tight,fixed,214.5,214.5,0.0,0
heldout_gpqa_b4_l13_s7,B1,port_tight,fixed,379.5,379.5,0.0,0
heldout_gpqa_b8_l13_s7,B1,port_tight,fixed,577.5,577.5,0.0,0
heldout_gpqa_b16_l13_s7,B1,port_tight,fixed,726.0,726.0,0.0,0
heldout_gpqa_b2_l13_s11,B1,port_tight,fixed,148.5,148.5,0.0,0
heldout_gpqa_b4_l13_s11,B1,port_tight,fixed,396.0,396.0,0.0,0
heldout_gpqa_b8_l13_s11,B1,port_tight,fixed,495.0,495.0,0.0,0
heldout_gpqa_b16_l13_s11,B1,port_tight,fixed,742.5,742.5,0.0,0
heldout_gpqa_b2_l26_s3,B1,port_tight,fixed,231.0,231.0,0.0,0
heldout_gpqa_b4_l26_s3,B1,port_tight,fixed,280.5,280.5,0.0,0
heldout_gpqa_b8_l26_s3,B1,port_tight,fixed,412.5,412.5,0.0,0
heldout_gpqa_b16_l26_s3,B1,port_tight,fixed,561.0,561.0,0.0,0
heldout_gpqa_b2_l26_s7,B1,port_tight,fixed,231.0,231.0,0.0,0
heldout_gpqa_b4_l26_s7,B1,port_tight,fixed,379.5,379.5,0.0,0
heldout_gpqa_b8_l26_s7,B1,port_tight,fixed,561.0,561.0,0.0,0
heldout_gpqa_b16_l26_s7,B1,port_tight,fixed,759.0,759.0,0.0,0
heldout_gpqa_b2_l26_s11,B1,port_tight,fixed,214.5,214.5,0.0,0
heldout_gpqa_b4_l26_s11,B1,port_tight,fixed,412.5,412.5,0.0,0
heldout_gpqa_b8_l26_s11,B1,port_tight,fixed,561.0,561.0,0.0,0
heldout_gpqa_b16_l26_s11,B1,port_tight,fixed,825.0,825.0,0.0,0
heldout_swe_b2_l2_s3,B1,port_tight,fixed,214.5,214.5,0.0,0
heldout_swe_b4_l2_s3,B1,port_tight,fixed,247.5,247.5,0.0,0
heldout_swe_b8_l2_s3,B1,port_tight,fixed,280.5,280.5,0.0,0
heldout_swe_b16_l2_s3,B1,port_tight,fixed,330.0,330.0,0.0,0
heldout_swe_b2_l2_s7,B1,port_tight,fixed,214.5,214.5,0.0,0
heldout_swe_b4_l2_s7,B1,port_tight,fixed,280.5,280.5,0.0,0
heldout_swe_b8_l2_s7,B1,port_tight,fixed,297.0,297.0,0.0,0
heldout_swe_b16_l2_s7,B1,port_tight,fixed,363.0,363.0,0.0,0
heldout_swe_b2_l2_s11,B1,port_tight,fixed,214.5,214.5,0.0,0
heldout_swe_b4_l2_s11,B1,port_tight,fixed,346.5,346.5,0.0,0
heldout_swe_b8_l2_s11,B1,port_tight,fixed,313.5,313.5,0.0,0
heldout_swe_b16_l2_s11,B1,port_tight,fixed,462.0,462.0,0.0,0
heldout_swe_b2_l13_s3,B1,port_tight,fixed,231.0,231.0,0.0,0
heldout_swe_b4_l13_s3,B1,port_tight,fixed,313.5,313.5,0.0,0
heldout_swe_b8_l13_s3,B1,port_tight,fixed,330.0,330.0,0.0,0
heldout_swe_b16_l13_s3,B1,port_tight,fixed,346.5,346.5,0.0,0
heldout_swe_b2_l13_s7,B1,port_tight,fixed,231.0,231.0,0.0,0
heldout_swe_b4_l13_s7,B1,port_tight,fixed,346.5,346.5,0.0,0
heldout_swe_b8_l13_s7,B1,port_tight,fixed,346.5,346.5,0.0,0
heldout_swe_b16_l13_s7,B1,port_tight,fixed,363.0,363.0,0.0,0
heldout_swe_b2_l13_s11,B1,port_tight,fixed,198.0,198.0,0.0,0
heldout_swe_b4_l13_s11,B1,port_tight,fixed,363.0,363.0,0.0,0
heldout_swe_b8_l13_s11,B1,port_tight,fixed,313.5,313.5,0.0,0
heldout_swe_b16_l13_s11,B1,port_tight,fixed,462.0,462.0,0.0,0
heldout_swe_b2_l26_s3,B1,port_tight,fixed,198.0,198.0,0.0,0
heldout_swe_b4_l26_s3,B1,port_tight,fixed,313.5,313.5,0.0,0
heldout_swe_b8_l26_s3,B1,port_tight,fixed,379.5,379.5,0.0,0
heldout_swe_b16_l26_s3,B1,port_tight,fixed,462.0,462.0,0.0,0
heldout_swe_b2_l26_s7,B1,port_tight,fixed,231.0,231.0,0.0,0
heldout_swe_b4_l26_s7,B1,port_tight,fixed,297.0,297.0,0.0,0
heldout_swe_b8_l26_s7,B1,port_tight,fixed,363.0,363.0,0.0,0
heldout_swe_b16_l26_s7,B1,port_tight,fixed,379.5,379.5,0.0,0
heldout_swe_b2_l26_s11,B1,port_tight,fixed,231.0,231.0,0.0,0
heldout_swe_b4_l26_s11,B1,port_tight,fixed,412.5,412.5,0.0,0
heldout_swe_b8_l26_s11,B1,port_tight,fixed,313.5,313.5,0.0,0
heldout_swe_b16_l26_s11,B1,port_tight,fixed,495.0,495.0,0.0,0
v3_captured_mixed_heldout_bfcl_t64_l2,B1,port_tight,fixed,1039.5,1039.5,0.0,0
v3_captured_mixed_heldout_bfcl_t96_l2,B1,port_tight,fixed,1089.0,1089.0,0.0,1
v3_captured_mixed_heldout_bfcl_t128_l2,B1,port_tight,fixed,1122.0,1122.0,0.0,1
v3_captured_mixed_heldout_bfcl_t64_l13,B1,port_tight,fixed,957.0,957.0,0.0,0
v3_captured_mixed_heldout_bfcl_t96_l13,B1,port_tight,fixed,1072.5,1072.5,0.0,1
v3_captured_mixed_heldout_bfcl_t128_l13,B1,port_tight,fixed,1089.0,1089.0,0.0,1
v3_captured_mixed_heldout_bfcl_t64_l26,B1,port_tight,fixed,1023.0,1023.0,0.0,0
v3_captured_mixed_heldout_bfcl_t96_l26,B1,port_tight,fixed,1105.5,1105.5,0.0,1
v3_captured_mixed_heldout_bfcl_t128_l26,B1,port_tight,fixed,1122.0,1122.0,0.0,1
v3_captured_mixed_heldout_gpqa_t64_l2,B1,port_tight,fixed,1072.5,1072.5,0.0,0
v3_captured_mixed_heldout_gpqa_t96_l2,B1,port_tight,fixed,1122.0,1122.0,0.0,1
v3_captured_mixed_heldout_gpqa_t128_l2,B1,port_tight,fixed,1122.0,1122.0,0.0,1
v3_captured_mixed_heldout_gpqa_t64_l13,B1,port_tight,fixed,957.0,957.0,0.0,0
v3_captured_mixed_heldout_gpqa_t96_l13,B1,port_tight,fixed,1039.5,1039.5,0.0,1
v3_captured_mixed_heldout_gpqa_t128_l13,B1,port_tight,fixed,1056.0,1056.0,0.0,1
v3_captured_mixed_heldout_gpqa_t64_l26,B1,port_tight,fixed,1072.5,1072.5,0.0,0
v3_captured_mixed_heldout_gpqa_t96_l26,B1,port_tight,fixed,1122.0,1122.0,0.0,1
v3_captured_mixed_heldout_gpqa_t128_l26,B1,port_tight,fixed,1122.0,1122.0,0.0,1
v3_captured_mixed_heldout_swe_t64_l2,B1,port_tight,fixed,1056.0,1056.0,0.0,0
v3_captured_mixed_heldout_swe_t96_l2,B1,port_tight,fixed,1105.5,1105.5,0.0,1
v3_captured_mixed_heldout_swe_t128_l2,B1,port_tight,fixed,1122.0,1122.0,0.0,1
v3_captured_mixed_heldout_swe_t64_l13,B1,port_tight,fixed,891.0,891.0,0.0,0
v3_captured_mixed_heldout_swe_t96_l13,B1,port_tight,fixed,1023.0,1023.0,0.0,1
v3_captured_mixed_heldout_swe_t128_l13,B1,port_tight,fixed,1089.0,1089.0,0.0,1
v3_captured_mixed_heldout_swe_t64_l26,B1,port_tight,fixed,1006.5,1006.5,0.0,0
v3_captured_mixed_heldout_swe_t96_l26,B1,port_tight,fixed,1056.0,1056.0,0.0,1
v3_captured_mixed_heldout_swe_t128_l26,B1,port_tight,fixed,1122.0,1122.0,0.0,1
heldout_bfcl_b2_l2_s3,B1,port_tight,milp,231.0,231.0,0.0,0
heldout_bfcl_b4_l2_s3,B1,port_tight,milp,330.0,330.0,0.0,0
heldout_bfcl_b8_l2_s3,B1,port_tight,milp,445.5,445.5,0.0,0
heldout_bfcl_b16_l2_s3,B1,port_tight,milp,594.0,594.0,0.0,0
heldout_bfcl_b2_l2_s7,B1,port_tight,milp,231.0,231.0,0.0,0
heldout_bfcl_b4_l2_s7,B1,port_tight,milp,363.0,363.0,0.0,0
heldout_bfcl_b8_l2_s7,B1,port_tight,milp,495.0,495.0,0.0,0
heldout_bfcl_b16_l2_s7,B1,port_tight,milp,742.5,742.5,0.0,0
heldout_bfcl_b2_l2_s11,B1,port_tight,milp,165.0,165.0,0.0,0
heldout_bfcl_b4_l2_s11,B1,port_tight,milp,363.0,363.0,0.0,0
heldout_bfcl_b8_l2_s11,B1,port_tight,milp,511.5,511.5,0.0,0
heldout_bfcl_b16_l2_s11,B1,port_tight,milp,841.5,841.5,0.0,0
heldout_bfcl_b2_l13_s3,B1,port_tight,milp,198.0,198.0,0.0,0
heldout_bfcl_b4_l13_s3,B1,port_tight,milp,396.0,396.0,0.0,0
heldout_bfcl_b8_l13_s3,B1,port_tight,milp,478.5,478.5,0.0,0
heldout_bfcl_b16_l13_s3,B1,port_tight,milp,660.0,660.0,0.0,0
heldout_bfcl_b2_l13_s7,B1,port_tight,milp,231.0,231.0,0.0,0
heldout_bfcl_b4_l13_s7,B1,port_tight,milp,363.0,363.0,0.0,0
heldout_bfcl_b8_l13_s7,B1,port_tight,milp,528.0,528.0,0.0,0
heldout_bfcl_b16_l13_s7,B1,port_tight,milp,660.0,660.0,0.0,0
heldout_bfcl_b2_l13_s11,B1,port_tight,milp,148.5,148.5,0.0,0
heldout_bfcl_b4_l13_s11,B1,port_tight,milp,346.5,346.5,0.0,0
heldout_bfcl_b8_l13_s11,B1,port_tight,milp,445.5,445.5,0.0,0
heldout_bfcl_b16_l13_s11,B1,port_tight,milp,775.5,775.5,0.0,0
heldout_bfcl_b2_l26_s3,B1,port_tight,milp,214.5,214.5,0.0,0
heldout_bfcl_b4_l26_s3,B1,port_tight,milp,396.0,396.0,0.0,0
heldout_bfcl_b8_l26_s3,B1,port_tight,milp,511.5,511.5,0.0,0
heldout_bfcl_b16_l26_s3,B1,port_tight,milp,759.0,759.0,0.0,0
heldout_bfcl_b2_l26_s7,B1,port_tight,milp,198.0,198.0,0.0,0
heldout_bfcl_b4_l26_s7,B1,port_tight,milp,396.0,396.0,0.0,0
heldout_bfcl_b8_l26_s7,B1,port_tight,milp,561.0,561.0,0.0,0
heldout_bfcl_b16_l26_s7,B1,port_tight,milp,693.0,693.0,0.0,0
heldout_bfcl_b2_l26_s11,B1,port_tight,milp,165.0,165.0,0.0,0
heldout_bfcl_b4_l26_s11,B1,port_tight,milp,363.0,363.0,0.0,0
heldout_bfcl_b8_l26_s11,B1,port_tight,milp,544.5,544.5,0.0,0
heldout_bfcl_b16_l26_s11,B1,port_tight,milp,792.0,792.0,0.0,0
heldout_gpqa_b2_l2_s3,B1,port_tight,milp,214.5,214.5,0.0,0
heldout_gpqa_b4_l2_s3,B1,port_tight,milp,297.0,297.0,0.0,0
heldout_gpqa_b8_l2_s3,B1,port_tight,milp,379.5,379.5,0.0,0
heldout_gpqa_b16_l2_s3,B1,port_tight,milp,462.0,462.0,0.0,0
heldout_gpqa_b2_l2_s7,B1,port_tight,milp,231.0,231.0,0.0,0
heldout_gpqa_b4_l2_s7,B1,port_tight,milp,396.0,396.0,0.0,0
heldout_gpqa_b8_l2_s7,B1,port_tight,milp,561.0,561.0,0.0,0
heldout_gpqa_b16_l2_s7,B1,port_tight,milp,775.5,775.5,0.0,0
heldout_gpqa_b2_l2_s11,B1,port_tight,milp,181.5,181.5,0.0,0
heldout_gpqa_b4_l2_s11,B1,port_tight,milp,379.5,379.5,0.0,0
heldout_gpqa_b8_l2_s11,B1,port_tight,milp,627.0,627.0,0.0,0
heldout_gpqa_b16_l2_s11,B1,port_tight,milp,825.0,825.0,0.0,0
heldout_gpqa_b2_l13_s3,B1,port_tight,milp,214.5,214.5,0.0,0
heldout_gpqa_b4_l13_s3,B1,port_tight,milp,313.5,313.5,0.0,0
heldout_gpqa_b8_l13_s3,B1,port_tight,milp,462.0,462.0,0.0,0
heldout_gpqa_b16_l13_s3,B1,port_tight,milp,528.0,528.0,0.0,0
heldout_gpqa_b2_l13_s7,B1,port_tight,milp,214.5,214.5,0.0,0
heldout_gpqa_b4_l13_s7,B1,port_tight,milp,379.5,379.5,0.0,0
heldout_gpqa_b8_l13_s7,B1,port_tight,milp,577.5,577.5,0.0,0
heldout_gpqa_b16_l13_s7,B1,port_tight,milp,726.0,726.0,0.0,0
heldout_gpqa_b2_l13_s11,B1,port_tight,milp,148.5,148.5,0.0,0
heldout_gpqa_b4_l13_s11,B1,port_tight,milp,396.0,396.0,0.0,0
heldout_gpqa_b8_l13_s11,B1,port_tight,milp,495.0,495.0,0.0,0
heldout_gpqa_b16_l13_s11,B1,port_tight,milp,742.5,742.5,0.0,0
heldout_gpqa_b2_l26_s3,B1,port_tight,milp,231.0,231.0,0.0,0
heldout_gpqa_b4_l26_s3,B1,port_tight,milp,280.5,280.5,0.0,0
heldout_gpqa_b8_l26_s3,B1,port_tight,milp,412.5,412.5,0.0,0
heldout_gpqa_b16_l26_s3,B1,port_tight,milp,561.0,561.0,0.0,0
heldout_gpqa_b2_l26_s7,B1,port_tight,milp,231.0,231.0,0.0,0
heldout_gpqa_b4_l26_s7,B1,port_tight,milp,379.5,379.5,0.0,0
heldout_gpqa_b8_l26_s7,B1,port_tight,milp,561.0,561.0,0.0,0
heldout_gpqa_b16_l26_s7,B1,port_tight,milp,759.0,759.0,0.0,0
heldout_gpqa_b2_l26_s11,B1,port_tight,milp,214.5,214.5,0.0,0
heldout_gpqa_b4_l26_s11,B1,port_tight,milp,412.5,412.5,0.0,0
heldout_gpqa_b8_l26_s11,B1,port_tight,milp,561.0,561.0,0.0,0
heldout_gpqa_b16_l26_s11,B1,port_tight,milp,825.0,825.0,0.0,0
heldout_swe_b2_l2_s3,B1,port_tight,milp,214.5,214.5,0.0,0
heldout_swe_b4_l2_s3,B1,port_tight,milp,247.5,247.5,0.0,0
heldout_swe_b8_l2_s3,B1,port_tight,milp,280.5,280.5,0.0,0
heldout_swe_b16_l2_s3,B1,port_tight,milp,330.0,330.0,0.0,0
heldout_swe_b2_l2_s7,B1,port_tight,milp,214.5,214.5,0.0,0
heldout_swe_b4_l2_s7,B1,port_tight,milp,280.5,280.5,0.0,0
heldout_swe_b8_l2_s7,B1,port_tight,milp,297.0,297.0,0.0,0
heldout_swe_b16_l2_s7,B1,port_tight,milp,363.0,363.0,0.0,0
heldout_swe_b2_l2_s11,B1,port_tight,milp,214.5,214.5,0.0,0
heldout_swe_b4_l2_s11,B1,port_tight,milp,346.5,346.5,0.0,0
heldout_swe_b8_l2_s11,B1,port_tight,milp,313.5,313.5,0.0,0
heldout_swe_b16_l2_s11,B1,port_tight,milp,462.0,462.0,0.0,0
heldout_swe_b2_l13_s3,B1,port_tight,milp,231.0,231.0,0.0,0
heldout_swe_b4_l13_s3,B1,port_tight,milp,313.5,313.5,0.0,0
heldout_swe_b8_l13_s3,B1,port_tight,milp,330.0,330.0,0.0,0
heldout_swe_b16_l13_s3,B1,port_tight,milp,346.5,346.5,0.0,0
heldout_swe_b2_l13_s7,B1,port_tight,milp,231.0,231.0,0.0,0
heldout_swe_b4_l13_s7,B1,port_tight,milp,346.5,346.5,0.0,0
heldout_swe_b8_l13_s7,B1,port_tight,milp,346.5,346.5,0.0,0
heldout_swe_b16_l13_s7,B1,port_tight,milp,363.0,363.0,0.0,0
heldout_swe_b2_l13_s11,B1,port_tight,milp,198.0,198.0,0.0,0
heldout_swe_b4_l13_s11,B1,port_tight,milp,363.0,363.0,0.0,0
heldout_swe_b8_l13_s11,B1,port_tight,milp,313.5,313.5,0.0,0
heldout_swe_b16_l13_s11,B1,port_tight,milp,462.0,462.0,0.0,0
heldout_swe_b2_l26_s3,B1,port_tight,milp,198.0,198.0,0.0,0
heldout_swe_b4_l26_s3,B1,port_tight,milp,313.5,313.5,0.0,0
heldout_swe_b8_l26_s3,B1,port_tight,milp,379.5,379.5,0.0,0
heldout_swe_b16_l26_s3,B1,port_tight,milp,462.0,462.0,0.0,0
heldout_swe_b2_l26_s7,B1,port_tight,milp,231.0,231.0,0.0,0
heldout_swe_b4_l26_s7,B1,port_tight,milp,297.0,297.0,0.0,0
heldout_swe_b8_l26_s7,B1,port_tight,milp,363.0,363.0,0.0,0
heldout_swe_b16_l26_s7,B1,port_tight,milp,379.5,379.5,0.0,0
heldout_swe_b2_l26_s11,B1,port_tight,milp,231.0,231.0,0.0,0
heldout_swe_b4_l26_s11,B1,port_tight,milp,412.5,412.5,0.0,0
heldout_swe_b8_l26_s11,B1,port_tight,milp,313.5,313.5,0.0,0
heldout_swe_b16_l26_s11,B1,port_tight,milp,495.0,495.0,0.0,0
v3_captured_mixed_heldout_bfcl_t64_l2,B1,port_tight,milp,1039.5,1039.5,0.0,0
v3_captured_mixed_heldout_bfcl_t96_l2,B1,port_tight,milp,1089.0,1089.0,0.0,1
v3_captured_mixed_heldout_bfcl_t128_l2,B1,port_tight,milp,1122.0,1122.0,0.0,1
v3_captured_mixed_heldout_bfcl_t64_l13,B1,port_tight,milp,957.0,957.0,0.0,0
v3_captured_mixed_heldout_bfcl_t96_l13,B1,port_tight,milp,1072.5,1072.5,0.0,1
v3_captured_mixed_heldout_bfcl_t128_l13,B1,port_tight,milp,1089.0,1089.0,0.0,1
v3_captured_mixed_heldout_bfcl_t64_l26,B1,port_tight,milp,1023.0,1023.0,0.0,0
v3_captured_mixed_heldout_bfcl_t96_l26,B1,port_tight,milp,1105.5,1105.5,0.0,1
v3_captured_mixed_heldout_bfcl_t128_l26,B1,port_tight,milp,1122.0,1122.0,0.0,1
v3_captured_mixed_heldout_gpqa_t64_l2,B1,port_tight,milp,1072.5,1072.5,0.0,0
v3_captured_mixed_heldout_gpqa_t96_l2,B1,port_tight,milp,1122.0,1122.0,0.0,1
v3_captured_mixed_heldout_gpqa_t128_l2,B1,port_tight,milp,1122.0,1122.0,0.0,1
v3_captured_mixed_heldout_gpqa_t64_l13,B1,port_tight,milp,957.0,957.0,0.0,0
v3_captured_mixed_heldout_gpqa_t96_l13,B1,port_tight,milp,1039.5,1039.5,0.0,1
v3_captured_mixed_heldout_gpqa_t128_l13,B1,port_tight,milp,1056.0,1056.0,0.0,1
v3_captured_mixed_heldout_gpqa_t64_l26,B1,port_tight,milp,1072.5,1072.5,0.0,0
v3_captured_mixed_heldout_gpqa_t96_l26,B1,port_tight,milp,1122.0,1122.0,0.0,1
v3_captured_mixed_heldout_gpqa_t128_l26,B1,port_tight,milp,1122.0,1122.0,0.0,1
v3_captured_mixed_heldout_swe_t64_l2,B1,port_tight,milp,1056.0,1056.0,0.0,0
v3_captured_mixed_heldout_swe_t96_l2,B1,port_tight,milp,1105.5,1105.5,0.0,1
v3_captured_mixed_heldout_swe_t128_l2,B1,port_tight,milp,1122.0,1122.0,0.0,1
v3_captured_mixed_heldout_swe_t64_l13,B1,port_tight,milp,891.0,891.0,0.0,0
v3_captured_mixed_heldout_swe_t96_l13,B1,port_tight,milp,1023.0,1023.0,0.0,1
v3_captured_mixed_heldout_swe_t128_l13,B1,port_tight,milp,1089.0,1089.0,0.0,1
v3_captured_mixed_heldout_swe_t64_l26,B1,port_tight,milp,1006.5,1006.5,0.0,0
v3_captured_mixed_heldout_swe_t96_l26,B1,port_tight,milp,1056.0,1056.0,0.0,1
v3_captured_mixed_heldout_swe_t128_l26,B1,port_tight,milp,1122.0,1122.0,0.0,1
heldout_bfcl_b2_l2_s3,B2,port_tight,eft_old,231.0,231.0,0.0,0
heldout_bfcl_b4_l2_s3,B2,port_tight,eft_old,330.0,330.0,0.0,0
heldout_bfcl_b8_l2_s3,B2,port_tight,eft_old,445.5,445.5,0.0,0
heldout_bfcl_b16_l2_s3,B2,port_tight,eft_old,594.0,594.0,0.0,0
heldout_bfcl_b2_l2_s7,B2,port_tight,eft_old,231.0,231.0,0.0,0
heldout_bfcl_b4_l2_s7,B2,port_tight,eft_old,363.0,363.0,0.0,0
heldout_bfcl_b8_l2_s7,B2,port_tight,eft_old,495.0,495.0,0.0,0
heldout_bfcl_b16_l2_s7,B2,port_tight,eft_old,742.5,742.5,0.0,0
heldout_bfcl_b2_l2_s11,B2,port_tight,eft_old,165.0,165.0,0.0,0
heldout_bfcl_b4_l2_s11,B2,port_tight,eft_old,363.0,363.0,0.0,0
heldout_bfcl_b8_l2_s11,B2,port_tight,eft_old,511.5,511.5,0.0,0
heldout_bfcl_b16_l2_s11,B2,port_tight,eft_old,841.5,841.5,0.0,0
heldout_bfcl_b2_l13_s3,B2,port_tight,eft_old,198.0,198.0,0.0,0
heldout_bfcl_b4_l13_s3,B2,port_tight,eft_old,396.0,396.0,0.0,0
heldout_bfcl_b8_l13_s3,B2,port_tight,eft_old,478.5,478.5,0.0,0
heldout_bfcl_b16_l13_s3,B2,port_tight,eft_old,660.0,660.0,0.0,0
heldout_bfcl_b2_l13_s7,B2,port_tight,eft_old,231.0,231.0,0.0,0
heldout_bfcl_b4_l13_s7,B2,port_tight,eft_old,363.0,363.0,0.0,0
heldout_bfcl_b8_l13_s7,B2,port_tight,eft_old,528.0,528.0,0.0,0
heldout_bfcl_b16_l13_s7,B2,port_tight,eft_old,660.0,660.0,0.0,0
heldout_bfcl_b2_l13_s11,B2,port_tight,eft_old,148.5,148.5,0.0,0
heldout_bfcl_b4_l13_s11,B2,port_tight,eft_old,346.5,346.5,0.0,0
heldout_bfcl_b8_l13_s11,B2,port_tight,eft_old,445.5,445.5,0.0,0
heldout_bfcl_b16_l13_s11,B2,port_tight,eft_old,775.5,775.5,0.0,0
heldout_bfcl_b2_l26_s3,B2,port_tight,eft_old,214.5,214.5,0.0,0
heldout_bfcl_b4_l26_s3,B2,port_tight,eft_old,396.0,396.0,0.0,0
heldout_bfcl_b8_l26_s3,B2,port_tight,eft_old,511.5,511.5,0.0,0
heldout_bfcl_b16_l26_s3,B2,port_tight,eft_old,759.0,759.0,0.0,0
heldout_bfcl_b2_l26_s7,B2,port_tight,eft_old,198.0,198.0,0.0,0
heldout_bfcl_b4_l26_s7,B2,port_tight,eft_old,396.0,396.0,0.0,0
heldout_bfcl_b8_l26_s7,B2,port_tight,eft_old,561.0,561.0,0.0,0
heldout_bfcl_b16_l26_s7,B2,port_tight,eft_old,693.0,693.0,0.0,0
heldout_bfcl_b2_l26_s11,B2,port_tight,eft_old,165.0,165.0,0.0,0
heldout_bfcl_b4_l26_s11,B2,port_tight,eft_old,363.0,363.0,0.0,0
heldout_bfcl_b8_l26_s11,B2,port_tight,eft_old,544.5,544.5,0.0,0
heldout_bfcl_b16_l26_s11,B2,port_tight,eft_old,792.0,792.0,0.0,0
heldout_gpqa_b2_l2_s3,B2,port_tight,eft_old,214.5,214.5,0.0,0
heldout_gpqa_b4_l2_s3,B2,port_tight,eft_old,297.0,297.0,0.0,0
heldout_gpqa_b8_l2_s3,B2,port_tight,eft_old,379.5,379.5,0.0,0
heldout_gpqa_b16_l2_s3,B2,port_tight,eft_old,462.0,462.0,0.0,0
heldout_gpqa_b2_l2_s7,B2,port_tight,eft_old,231.0,231.0,0.0,0
heldout_gpqa_b4_l2_s7,B2,port_tight,eft_old,396.0,396.0,0.0,0
heldout_gpqa_b8_l2_s7,B2,port_tight,eft_old,561.0,561.0,0.0,0
heldout_gpqa_b16_l2_s7,B2,port_tight,eft_old,775.5,775.5,0.0,0
heldout_gpqa_b2_l2_s11,B2,port_tight,eft_old,181.5,181.5,0.0,0
heldout_gpqa_b4_l2_s11,B2,port_tight,eft_old,379.5,379.5,0.0,0
heldout_gpqa_b8_l2_s11,B2,port_tight,eft_old,627.0,627.0,0.0,0
heldout_gpqa_b16_l2_s11,B2,port_tight,eft_old,825.0,825.0,0.0,0
heldout_gpqa_b2_l13_s3,B2,port_tight,eft_old,214.5,214.5,0.0,0
heldout_gpqa_b4_l13_s3,B2,port_tight,eft_old,313.5,313.5,0.0,0
heldout_gpqa_b8_l13_s3,B2,port_tight,eft_old,462.0,462.0,0.0,0
heldout_gpqa_b16_l13_s3,B2,port_tight,eft_old,528.0,528.0,0.0,0
heldout_gpqa_b2_l13_s7,B2,port_tight,eft_old,214.5,214.5,0.0,0
heldout_gpqa_b4_l13_s7,B2,port_tight,eft_old,379.5,379.5,0.0,0
heldout_gpqa_b8_l13_s7,B2,port_tight,eft_old,577.5,577.5,0.0,0
heldout_gpqa_b16_l13_s7,B2,port_tight,eft_old,726.0,726.0,0.0,0
heldout_gpqa_b2_l13_s11,B2,port_tight,eft_old,148.5,148.5,0.0,0
heldout_gpqa_b4_l13_s11,B2,port_tight,eft_old,396.0,396.0,0.0,0
heldout_gpqa_b8_l13_s11,B2,port_tight,eft_old,495.0,495.0,0.0,0
heldout_gpqa_b16_l13_s11,B2,port_tight,eft_old,742.5,742.5,0.0,0
heldout_gpqa_b2_l26_s3,B2,port_tight,eft_old,231.0,231.0,0.0,0
heldout_gpqa_b4_l26_s3,B2,port_tight,eft_old,280.5,280.5,0.0,0
heldout_gpqa_b8_l26_s3,B2,port_tight,eft_old,412.5,412.5,0.0,0
heldout_gpqa_b16_l26_s3,B2,port_tight,eft_old,561.0,561.0,0.0,0
heldout_gpqa_b2_l26_s7,B2,port_tight,eft_old,231.0,231.0,0.0,0
heldout_gpqa_b4_l26_s7,B2,port_tight,eft_old,379.5,379.5,0.0,0
heldout_gpqa_b8_l26_s7,B2,port_tight,eft_old,561.0,561.0,0.0,0
heldout_gpqa_b16_l26_s7,B2,port_tight,eft_old,759.0,759.0,0.0,0
heldout_gpqa_b2_l26_s11,B2,port_tight,eft_old,214.5,214.5,0.0,0
heldout_gpqa_b4_l26_s11,B2,port_tight,eft_old,412.5,412.5,0.0,0
heldout_gpqa_b8_l26_s11,B2,port_tight,eft_old,561.0,561.0,0.0,0
heldout_gpqa_b16_l26_s11,B2,port_tight,eft_old,825.0,825.0,0.0,0
heldout_swe_b2_l2_s3,B2,port_tight,eft_old,214.5,214.5,0.0,0
heldout_swe_b4_l2_s3,B2,port_tight,eft_old,247.5,247.5,0.0,0
heldout_swe_b8_l2_s3,B2,port_tight,eft_old,280.5,280.5,0.0,0
heldout_swe_b16_l2_s3,B2,port_tight,eft_old,330.0,330.0,0.0,0
heldout_swe_b2_l2_s7,B2,port_tight,eft_old,214.5,214.5,0.0,0
heldout_swe_b4_l2_s7,B2,port_tight,eft_old,280.5,280.5,0.0,0
heldout_swe_b8_l2_s7,B2,port_tight,eft_old,297.0,297.0,0.0,0
heldout_swe_b16_l2_s7,B2,port_tight,eft_old,363.0,363.0,0.0,0
heldout_swe_b2_l2_s11,B2,port_tight,eft_old,214.5,214.5,0.0,0
heldout_swe_b4_l2_s11,B2,port_tight,eft_old,346.5,346.5,0.0,0
heldout_swe_b8_l2_s11,B2,port_tight,eft_old,313.5,313.5,0.0,0
heldout_swe_b16_l2_s11,B2,port_tight,eft_old,462.0,462.0,0.0,0
heldout_swe_b2_l13_s3,B2,port_tight,eft_old,231.0,231.0,0.0,0
heldout_swe_b4_l13_s3,B2,port_tight,eft_old,313.5,313.5,0.0,0
heldout_swe_b8_l13_s3,B2,port_tight,eft_old,330.0,330.0,0.0,0
heldout_swe_b16_l13_s3,B2,port_tight,eft_old,346.5,346.5,0.0,0
heldout_swe_b2_l13_s7,B2,port_tight,eft_old,231.0,231.0,0.0,0
heldout_swe_b4_l13_s7,B2,port_tight,eft_old,346.5,346.5,0.0,0
heldout_swe_b8_l13_s7,B2,port_tight,eft_old,346.5,346.5,0.0,0
heldout_swe_b16_l13_s7,B2,port_tight,eft_old,363.0,363.0,0.0,0
heldout_swe_b2_l13_s11,B2,port_tight,eft_old,198.0,198.0,0.0,0
heldout_swe_b4_l13_s11,B2,port_tight,eft_old,363.0,363.0,0.0,0
heldout_swe_b8_l13_s11,B2,port_tight,eft_old,313.5,313.5,0.0,0
heldout_swe_b16_l13_s11,B2,port_tight,eft_old,462.0,462.0,0.0,0
heldout_swe_b2_l26_s3,B2,port_tight,eft_old,198.0,198.0,0.0,0
heldout_swe_b4_l26_s3,B2,port_tight,eft_old,313.5,313.5,0.0,0
heldout_swe_b8_l26_s3,B2,port_tight,eft_old,379.5,379.5,0.0,0
heldout_swe_b16_l26_s3,B2,port_tight,eft_old,462.0,462.0,0.0,0
heldout_swe_b2_l26_s7,B2,port_tight,eft_old,231.0,231.0,0.0,0
heldout_swe_b4_l26_s7,B2,port_tight,eft_old,297.0,297.0,0.0,0
heldout_swe_b8_l26_s7,B2,port_tight,eft_old,363.0,363.0,0.0,0
heldout_swe_b16_l26_s7,B2,port_tight,eft_old,379.5,379.5,0.0,0
heldout_swe_b2_l26_s11,B2,port_tight,eft_old,231.0,231.0,0.0,0
heldout_swe_b4_l26_s11,B2,port_tight,eft_old,412.5,412.5,0.0,0
heldout_swe_b8_l26_s11,B2,port_tight,eft_old,313.5,313.5,0.0,0
heldout_swe_b16_l26_s11,B2,port_tight,eft_old,495.0,495.0,0.0,0
v3_captured_mixed_heldout_bfcl_t64_l2,B2,port_tight,eft_old,1072.5,1072.5,0.0,1
v3_captured_mixed_heldout_bfcl_t96_l2,B2,port_tight,eft_old,1122.0,1122.0,0.0,1
v3_captured_mixed_heldout_bfcl_t128_l2,B2,port_tight,eft_old,1188.0,1188.0,0.0,1
v3_captured_mixed_heldout_bfcl_t64_l13,B2,port_tight,eft_old,990.0,990.0,0.0,1
v3_captured_mixed_heldout_bfcl_t96_l13,B2,port_tight,eft_old,1105.5,1105.5,0.0,1
v3_captured_mixed_heldout_bfcl_t128_l13,B2,port_tight,eft_old,1155.0,1155.0,0.0,1
v3_captured_mixed_heldout_bfcl_t64_l26,B2,port_tight,eft_old,1056.0,1056.0,0.0,1
v3_captured_mixed_heldout_bfcl_t96_l26,B2,port_tight,eft_old,1138.5,1138.5,0.0,1
v3_captured_mixed_heldout_bfcl_t128_l26,B2,port_tight,eft_old,1188.0,1188.0,0.0,1
v3_captured_mixed_heldout_gpqa_t64_l2,B2,port_tight,eft_old,1105.5,1105.5,0.0,1
v3_captured_mixed_heldout_gpqa_t96_l2,B2,port_tight,eft_old,1155.0,1155.0,0.0,1
v3_captured_mixed_heldout_gpqa_t128_l2,B2,port_tight,eft_old,1188.0,1188.0,0.0,1
v3_captured_mixed_heldout_gpqa_t64_l13,B2,port_tight,eft_old,990.0,990.0,0.0,1
v3_captured_mixed_heldout_gpqa_t96_l13,B2,port_tight,eft_old,1072.5,1072.5,0.0,1
v3_captured_mixed_heldout_gpqa_t128_l13,B2,port_tight,eft_old,1122.0,1122.0,0.0,1
v3_captured_mixed_heldout_gpqa_t64_l26,B2,port_tight,eft_old,1105.5,1105.5,0.0,1
v3_captured_mixed_heldout_gpqa_t96_l26,B2,port_tight,eft_old,1155.0,1155.0,0.0,1
v3_captured_mixed_heldout_gpqa_t128_l26,B2,port_tight,eft_old,1188.0,1188.0,0.0,1
v3_captured_mixed_heldout_swe_t64_l2,B2,port_tight,eft_old,1089.0,1089.0,0.0,1
v3_captured_mixed_heldout_swe_t96_l2,B2,port_tight,eft_old,1138.5,1138.5,0.0,1
v3_captured_mixed_heldout_swe_t128_l2,B2,port_tight,eft_old,1188.0,1188.0,0.0,1
v3_captured_mixed_heldout_swe_t64_l13,B2,port_tight,eft_old,924.0,924.0,0.0,1
v3_captured_mixed_heldout_swe_t96_l13,B2,port_tight,eft_old,1056.0,1056.0,0.0,1
v3_captured_mixed_heldout_swe_t128_l13,B2,port_tight,eft_old,1155.0,1155.0,0.0,1
v3_captured_mixed_heldout_swe_t64_l26,B2,port_tight,eft_old,1039.5,1039.5,0.0,1
v3_captured_mixed_heldout_swe_t96_l26,B2,port_tight,eft_old,1089.0,1089.0,0.0,1
v3_captured_mixed_heldout_swe_t128_l26,B2,port_tight,eft_old,1188.0,1188.0,0.0,1
heldout_bfcl_b2_l2_s3,B2,port_tight,fixed,231.0,231.0,0.0,0
heldout_bfcl_b4_l2_s3,B2,port_tight,fixed,330.0,330.0,0.0,0
heldout_bfcl_b8_l2_s3,B2,port_tight,fixed,445.5,445.5,0.0,0
heldout_bfcl_b16_l2_s3,B2,port_tight,fixed,594.0,594.0,0.0,0
heldout_bfcl_b2_l2_s7,B2,port_tight,fixed,231.0,231.0,0.0,0
heldout_bfcl_b4_l2_s7,B2,port_tight,fixed,363.0,363.0,0.0,0
heldout_bfcl_b8_l2_s7,B2,port_tight,fixed,495.0,495.0,0.0,0
heldout_bfcl_b16_l2_s7,B2,port_tight,fixed,742.5,742.5,0.0,0
heldout_bfcl_b2_l2_s11,B2,port_tight,fixed,165.0,165.0,0.0,0
heldout_bfcl_b4_l2_s11,B2,port_tight,fixed,363.0,363.0,0.0,0
heldout_bfcl_b8_l2_s11,B2,port_tight,fixed,511.5,511.5,0.0,0
heldout_bfcl_b16_l2_s11,B2,port_tight,fixed,841.5,841.5,0.0,0
heldout_bfcl_b2_l13_s3,B2,port_tight,fixed,198.0,198.0,0.0,0
heldout_bfcl_b4_l13_s3,B2,port_tight,fixed,396.0,396.0,0.0,0
heldout_bfcl_b8_l13_s3,B2,port_tight,fixed,478.5,478.5,0.0,0
heldout_bfcl_b16_l13_s3,B2,port_tight,fixed,660.0,660.0,0.0,0
heldout_bfcl_b2_l13_s7,B2,port_tight,fixed,231.0,231.0,0.0,0
heldout_bfcl_b4_l13_s7,B2,port_tight,fixed,363.0,363.0,0.0,0
heldout_bfcl_b8_l13_s7,B2,port_tight,fixed,528.0,528.0,0.0,0
heldout_bfcl_b16_l13_s7,B2,port_tight,fixed,660.0,660.0,0.0,0
heldout_bfcl_b2_l13_s11,B2,port_tight,fixed,148.5,148.5,0.0,0
heldout_bfcl_b4_l13_s11,B2,port_tight,fixed,346.5,346.5,0.0,0
heldout_bfcl_b8_l13_s11,B2,port_tight,fixed,445.5,445.5,0.0,0
heldout_bfcl_b16_l13_s11,B2,port_tight,fixed,775.5,775.5,0.0,0
heldout_bfcl_b2_l26_s3,B2,port_tight,fixed,214.5,214.5,0.0,0
heldout_bfcl_b4_l26_s3,B2,port_tight,fixed,396.0,396.0,0.0,0
heldout_bfcl_b8_l26_s3,B2,port_tight,fixed,511.5,511.5,0.0,0
heldout_bfcl_b16_l26_s3,B2,port_tight,fixed,759.0,759.0,0.0,0
heldout_bfcl_b2_l26_s7,B2,port_tight,fixed,198.0,198.0,0.0,0
heldout_bfcl_b4_l26_s7,B2,port_tight,fixed,396.0,396.0,0.0,0
heldout_bfcl_b8_l26_s7,B2,port_tight,fixed,561.0,561.0,0.0,0
heldout_bfcl_b16_l26_s7,B2,port_tight,fixed,693.0,693.0,0.0,0
heldout_bfcl_b2_l26_s11,B2,port_tight,fixed,165.0,165.0,0.0,0
heldout_bfcl_b4_l26_s11,B2,port_tight,fixed,363.0,363.0,0.0,0
heldout_bfcl_b8_l26_s11,B2,port_tight,fixed,544.5,544.5,0.0,0
heldout_bfcl_b16_l26_s11,B2,port_tight,fixed,792.0,792.0,0.0,0
heldout_gpqa_b2_l2_s3,B2,port_tight,fixed,214.5,214.5,0.0,0
heldout_gpqa_b4_l2_s3,B2,port_tight,fixed,297.0,297.0,0.0,0
heldout_gpqa_b8_l2_s3,B2,port_tight,fixed,379.5,379.5,0.0,0
heldout_gpqa_b16_l2_s3,B2,port_tight,fixed,462.0,462.0,0.0,0
heldout_gpqa_b2_l2_s7,B2,port_tight,fixed,231.0,231.0,0.0,0
heldout_gpqa_b4_l2_s7,B2,port_tight,fixed,396.0,396.0,0.0,0
heldout_gpqa_b8_l2_s7,B2,port_tight,fixed,561.0,561.0,0.0,0
heldout_gpqa_b16_l2_s7,B2,port_tight,fixed,775.5,775.5,0.0,0
heldout_gpqa_b2_l2_s11,B2,port_tight,fixed,181.5,181.5,0.0,0
heldout_gpqa_b4_l2_s11,B2,port_tight,fixed,379.5,379.5,0.0,0
heldout_gpqa_b8_l2_s11,B2,port_tight,fixed,627.0,627.0,0.0,0
heldout_gpqa_b16_l2_s11,B2,port_tight,fixed,825.0,825.0,0.0,0
heldout_gpqa_b2_l13_s3,B2,port_tight,fixed,214.5,214.5,0.0,0
heldout_gpqa_b4_l13_s3,B2,port_tight,fixed,313.5,313.5,0.0,0
heldout_gpqa_b8_l13_s3,B2,port_tight,fixed,462.0,462.0,0.0,0
heldout_gpqa_b16_l13_s3,B2,port_tight,fixed,528.0,528.0,0.0,0
heldout_gpqa_b2_l13_s7,B2,port_tight,fixed,214.5,214.5,0.0,0
heldout_gpqa_b4_l13_s7,B2,port_tight,fixed,379.5,379.5,0.0,0
heldout_gpqa_b8_l13_s7,B2,port_tight,fixed,577.5,577.5,0.0,0
heldout_gpqa_b16_l13_s7,B2,port_tight,fixed,726.0,726.0,0.0,0
heldout_gpqa_b2_l13_s11,B2,port_tight,fixed,148.5,148.5,0.0,0
heldout_gpqa_b4_l13_s11,B2,port_tight,fixed,396.0,396.0,0.0,0
heldout_gpqa_b8_l13_s11,B2,port_tight,fixed,495.0,495.0,0.0,0
heldout_gpqa_b16_l13_s11,B2,port_tight,fixed,742.5,742.5,0.0,0
heldout_gpqa_b2_l26_s3,B2,port_tight,fixed,231.0,231.0,0.0,0
heldout_gpqa_b4_l26_s3,B2,port_tight,fixed,280.5,280.5,0.0,0
heldout_gpqa_b8_l26_s3,B2,port_tight,fixed,412.5,412.5,0.0,0
heldout_gpqa_b16_l26_s3,B2,port_tight,fixed,561.0,561.0,0.0,0
heldout_gpqa_b2_l26_s7,B2,port_tight,fixed,231.0,231.0,0.0,0
heldout_gpqa_b4_l26_s7,B2,port_tight,fixed,379.5,379.5,0.0,0
heldout_gpqa_b8_l26_s7,B2,port_tight,fixed,561.0,561.0,0.0,0
heldout_gpqa_b16_l26_s7,B2,port_tight,fixed,759.0,759.0,0.0,0
heldout_gpqa_b2_l26_s11,B2,port_tight,fixed,214.5,214.5,0.0,0
heldout_gpqa_b4_l26_s11,B2,port_tight,fixed,412.5,412.5,0.0,0
heldout_gpqa_b8_l26_s11,B2,port_tight,fixed,561.0,561.0,0.0,0
heldout_gpqa_b16_l26_s11,B2,port_tight,fixed,825.0,825.0,0.0,0
heldout_swe_b2_l2_s3,B2,port_tight,fixed,214.5,214.5,0.0,0
heldout_swe_b4_l2_s3,B2,port_tight,fixed,247.5,247.5,0.0,0
heldout_swe_b8_l2_s3,B2,port_tight,fixed,280.5,280.5,0.0,0
heldout_swe_b16_l2_s3,B2,port_tight,fixed,330.0,330.0,0.0,0
heldout_swe_b2_l2_s7,B2,port_tight,fixed,214.5,214.5,0.0,0
heldout_swe_b4_l2_s7,B2,port_tight,fixed,280.5,280.5,0.0,0
heldout_swe_b8_l2_s7,B2,port_tight,fixed,297.0,297.0,0.0,0
heldout_swe_b16_l2_s7,B2,port_tight,fixed,363.0,363.0,0.0,0
heldout_swe_b2_l2_s11,B2,port_tight,fixed,214.5,214.5,0.0,0
heldout_swe_b4_l2_s11,B2,port_tight,fixed,346.5,346.5,0.0,0
heldout_swe_b8_l2_s11,B2,port_tight,fixed,313.5,313.5,0.0,0
heldout_swe_b16_l2_s11,B2,port_tight,fixed,462.0,462.0,0.0,0
heldout_swe_b2_l13_s3,B2,port_tight,fixed,231.0,231.0,0.0,0
heldout_swe_b4_l13_s3,B2,port_tight,fixed,313.5,313.5,0.0,0
heldout_swe_b8_l13_s3,B2,port_tight,fixed,330.0,330.0,0.0,0
heldout_swe_b16_l13_s3,B2,port_tight,fixed,346.5,346.5,0.0,0
heldout_swe_b2_l13_s7,B2,port_tight,fixed,231.0,231.0,0.0,0
heldout_swe_b4_l13_s7,B2,port_tight,fixed,346.5,346.5,0.0,0
heldout_swe_b8_l13_s7,B2,port_tight,fixed,346.5,346.5,0.0,0
heldout_swe_b16_l13_s7,B2,port_tight,fixed,363.0,363.0,0.0,0
heldout_swe_b2_l13_s11,B2,port_tight,fixed,198.0,198.0,0.0,0
heldout_swe_b4_l13_s11,B2,port_tight,fixed,363.0,363.0,0.0,0
heldout_swe_b8_l13_s11,B2,port_tight,fixed,313.5,313.5,0.0,0
heldout_swe_b16_l13_s11,B2,port_tight,fixed,462.0,462.0,0.0,0
heldout_swe_b2_l26_s3,B2,port_tight,fixed,198.0,198.0,0.0,0
heldout_swe_b4_l26_s3,B2,port_tight,fixed,313.5,313.5,0.0,0
heldout_swe_b8_l26_s3,B2,port_tight,fixed,379.5,379.5,0.0,0
heldout_swe_b16_l26_s3,B2,port_tight,fixed,462.0,462.0,0.0,0
heldout_swe_b2_l26_s7,B2,port_tight,fixed,231.0,231.0,0.0,0
heldout_swe_b4_l26_s7,B2,port_tight,fixed,297.0,297.0,0.0,0
heldout_swe_b8_l26_s7,B2,port_tight,fixed,363.0,363.0,0.0,0
heldout_swe_b16_l26_s7,B2,port_tight,fixed,379.5,379.5,0.0,0
heldout_swe_b2_l26_s11,B2,port_tight,fixed,231.0,231.0,0.0,0
heldout_swe_b4_l26_s11,B2,port_tight,fixed,412.5,412.5,0.0,0
heldout_swe_b8_l26_s11,B2,port_tight,fixed,313.5,313.5,0.0,0
heldout_swe_b16_l26_s11,B2,port_tight,fixed,495.0,495.0,0.0,0
v3_captured_mixed_heldout_bfcl_t64_l2,B2,port_tight,fixed,1072.5,1072.5,0.0,1
v3_captured_mixed_heldout_bfcl_t96_l2,B2,port_tight,fixed,1122.0,1122.0,0.0,1
v3_captured_mixed_heldout_bfcl_t128_l2,B2,port_tight,fixed,1188.0,1188.0,0.0,1
v3_captured_mixed_heldout_bfcl_t64_l13,B2,port_tight,fixed,990.0,990.0,0.0,1
v3_captured_mixed_heldout_bfcl_t96_l13,B2,port_tight,fixed,1105.5,1105.5,0.0,1
v3_captured_mixed_heldout_bfcl_t128_l13,B2,port_tight,fixed,1155.0,1155.0,0.0,1
v3_captured_mixed_heldout_bfcl_t64_l26,B2,port_tight,fixed,1056.0,1056.0,0.0,1
v3_captured_mixed_heldout_bfcl_t96_l26,B2,port_tight,fixed,1138.5,1138.5,0.0,1
v3_captured_mixed_heldout_bfcl_t128_l26,B2,port_tight,fixed,1188.0,1188.0,0.0,1
v3_captured_mixed_heldout_gpqa_t64_l2,B2,port_tight,fixed,1105.5,1105.5,0.0,1
v3_captured_mixed_heldout_gpqa_t96_l2,B2,port_tight,fixed,1155.0,1155.0,0.0,1
v3_captured_mixed_heldout_gpqa_t128_l2,B2,port_tight,fixed,1188.0,1188.0,0.0,1
v3_captured_mixed_heldout_gpqa_t64_l13,B2,port_tight,fixed,990.0,990.0,0.0,1
v3_captured_mixed_heldout_gpqa_t96_l13,B2,port_tight,fixed,1072.5,1072.5,0.0,1
v3_captured_mixed_heldout_gpqa_t128_l13,B2,port_tight,fixed,1122.0,1122.0,0.0,1
v3_captured_mixed_heldout_gpqa_t64_l26,B2,port_tight,fixed,1105.5,1105.5,0.0,1
v3_captured_mixed_heldout_gpqa_t96_l26,B2,port_tight,fixed,1155.0,1155.0,0.0,1
v3_captured_mixed_heldout_gpqa_t128_l26,B2,port_tight,fixed,1188.0,1188.0,0.0,1
v3_captured_mixed_heldout_swe_t64_l2,B2,port_tight,fixed,1089.0,1089.0,0.0,1
v3_captured_mixed_heldout_swe_t96_l2,B2,port_tight,fixed,1138.5,1138.5,0.0,1
v3_captured_mixed_heldout_swe_t128_l2,B2,port_tight,fixed,1188.0,1188.0,0.0,1
v3_captured_mixed_heldout_swe_t64_l13,B2,port_tight,fixed,924.0,924.0,0.0,1
v3_captured_mixed_heldout_swe_t96_l13,B2,port_tight,fixed,1056.0,1056.0,0.0,1
v3_captured_mixed_heldout_swe_t128_l13,B2,port_tight,fixed,1155.0,1155.0,0.0,1
v3_captured_mixed_heldout_swe_t64_l26,B2,port_tight,fixed,1039.5,1039.5,0.0,1
v3_captured_mixed_heldout_swe_t96_l26,B2,port_tight,fixed,1089.0,1089.0,0.0,1
v3_captured_mixed_heldout_swe_t128_l26,B2,port_tight,fixed,1188.0,1188.0,0.0,1
heldout_bfcl_b2_l2_s3,B2,port_tight,milp,231.0,231.0,0.0,0
heldout_bfcl_b4_l2_s3,B2,port_tight,milp,330.0,330.0,0.0,0
heldout_bfcl_b8_l2_s3,B2,port_tight,milp,445.5,445.5,0.0,0
heldout_bfcl_b16_l2_s3,B2,port_tight,milp,594.0,594.0,0.0,0
heldout_bfcl_b2_l2_s7,B2,port_tight,milp,231.0,231.0,0.0,0
heldout_bfcl_b4_l2_s7,B2,port_tight,milp,363.0,363.0,0.0,0
heldout_bfcl_b8_l2_s7,B2,port_tight,milp,495.0,495.0,0.0,0
heldout_bfcl_b16_l2_s7,B2,port_tight,milp,742.5,742.5,0.0,0
heldout_bfcl_b2_l2_s11,B2,port_tight,milp,165.0,165.0,0.0,0
heldout_bfcl_b4_l2_s11,B2,port_tight,milp,363.0,363.0,0.0,0
heldout_bfcl_b8_l2_s11,B2,port_tight,milp,511.5,511.5,0.0,0
heldout_bfcl_b16_l2_s11,B2,port_tight,milp,841.5,841.5,0.0,0
heldout_bfcl_b2_l13_s3,B2,port_tight,milp,198.0,198.0,0.0,0
heldout_bfcl_b4_l13_s3,B2,port_tight,milp,396.0,396.0,0.0,0
heldout_bfcl_b8_l13_s3,B2,port_tight,milp,478.5,478.5,0.0,0
heldout_bfcl_b16_l13_s3,B2,port_tight,milp,660.0,660.0,0.0,0
heldout_bfcl_b2_l13_s7,B2,port_tight,milp,231.0,231.0,0.0,0
heldout_bfcl_b4_l13_s7,B2,port_tight,milp,363.0,363.0,0.0,0
heldout_bfcl_b8_l13_s7,B2,port_tight,milp,528.0,528.0,0.0,0
heldout_bfcl_b16_l13_s7,B2,port_tight,milp,660.0,660.0,0.0,0
heldout_bfcl_b2_l13_s11,B2,port_tight,milp,148.5,148.5,0.0,0
heldout_bfcl_b4_l13_s11,B2,port_tight,milp,346.5,346.5,0.0,0
heldout_bfcl_b8_l13_s11,B2,port_tight,milp,445.5,445.5,0.0,0
heldout_bfcl_b16_l13_s11,B2,port_tight,milp,775.5,775.5,0.0,0
heldout_bfcl_b2_l26_s3,B2,port_tight,milp,214.5,214.5,0.0,0
heldout_bfcl_b4_l26_s3,B2,port_tight,milp,396.0,396.0,0.0,0
heldout_bfcl_b8_l26_s3,B2,port_tight,milp,511.5,511.5,0.0,0
heldout_bfcl_b16_l26_s3,B2,port_tight,milp,759.0,759.0,0.0,0
heldout_bfcl_b2_l26_s7,B2,port_tight,milp,198.0,198.0,0.0,0
heldout_bfcl_b4_l26_s7,B2,port_tight,milp,396.0,396.0,0.0,0
heldout_bfcl_b8_l26_s7,B2,port_tight,milp,561.0,561.0,0.0,0
heldout_bfcl_b16_l26_s7,B2,port_tight,milp,693.0,693.0,0.0,0
heldout_bfcl_b2_l26_s11,B2,port_tight,milp,165.0,165.0,0.0,0
heldout_bfcl_b4_l26_s11,B2,port_tight,milp,363.0,363.0,0.0,0
heldout_bfcl_b8_l26_s11,B2,port_tight,milp,544.5,544.5,0.0,0
heldout_bfcl_b16_l26_s11,B2,port_tight,milp,792.0,792.0,0.0,0
heldout_gpqa_b2_l2_s3,B2,port_tight,milp,214.5,214.5,0.0,0
heldout_gpqa_b4_l2_s3,B2,port_tight,milp,297.0,297.0,0.0,0
heldout_gpqa_b8_l2_s3,B2,port_tight,milp,379.5,379.5,0.0,0
heldout_gpqa_b16_l2_s3,B2,port_tight,milp,462.0,462.0,0.0,0
heldout_gpqa_b2_l2_s7,B2,port_tight,milp,231.0,231.0,0.0,0
heldout_gpqa_b4_l2_s7,B2,port_tight,milp,396.0,396.0,0.0,0
heldout_gpqa_b8_l2_s7,B2,port_tight,milp,561.0,561.0,0.0,0
heldout_gpqa_b16_l2_s7,B2,port_tight,milp,775.5,775.5,0.0,0
heldout_gpqa_b2_l2_s11,B2,port_tight,milp,181.5,181.5,0.0,0
heldout_gpqa_b4_l2_s11,B2,port_tight,milp,379.5,379.5,0.0,0
heldout_gpqa_b8_l2_s11,B2,port_tight,milp,627.0,627.0,0.0,0
heldout_gpqa_b16_l2_s11,B2,port_tight,milp,825.0,825.0,0.0,0
heldout_gpqa_b2_l13_s3,B2,port_tight,milp,214.5,214.5,0.0,0
heldout_gpqa_b4_l13_s3,B2,port_tight,milp,313.5,313.5,0.0,0
heldout_gpqa_b8_l13_s3,B2,port_tight,milp,462.0,462.0,0.0,0
heldout_gpqa_b16_l13_s3,B2,port_tight,milp,528.0,528.0,0.0,0
heldout_gpqa_b2_l13_s7,B2,port_tight,milp,214.5,214.5,0.0,0
heldout_gpqa_b4_l13_s7,B2,port_tight,milp,379.5,379.5,0.0,0
heldout_gpqa_b8_l13_s7,B2,port_tight,milp,577.5,577.5,0.0,0
heldout_gpqa_b16_l13_s7,B2,port_tight,milp,726.0,726.0,0.0,0
heldout_gpqa_b2_l13_s11,B2,port_tight,milp,148.5,148.5,0.0,0
heldout_gpqa_b4_l13_s11,B2,port_tight,milp,396.0,396.0,0.0,0
heldout_gpqa_b8_l13_s11,B2,port_tight,milp,495.0,495.0,0.0,0
heldout_gpqa_b16_l13_s11,B2,port_tight,milp,742.5,742.5,0.0,0
heldout_gpqa_b2_l26_s3,B2,port_tight,milp,231.0,231.0,0.0,0
heldout_gpqa_b4_l26_s3,B2,port_tight,milp,280.5,280.5,0.0,0
heldout_gpqa_b8_l26_s3,B2,port_tight,milp,412.5,412.5,0.0,0
heldout_gpqa_b16_l26_s3,B2,port_tight,milp,561.0,561.0,0.0,0
heldout_gpqa_b2_l26_s7,B2,port_tight,milp,231.0,231.0,0.0,0
heldout_gpqa_b4_l26_s7,B2,port_tight,milp,379.5,379.5,0.0,0
heldout_gpqa_b8_l26_s7,B2,port_tight,milp,561.0,561.0,0.0,0
heldout_gpqa_b16_l26_s7,B2,port_tight,milp,759.0,759.0,0.0,0
heldout_gpqa_b2_l26_s11,B2,port_tight,milp,214.5,214.5,0.0,0
heldout_gpqa_b4_l26_s11,B2,port_tight,milp,412.5,412.5,0.0,0
heldout_gpqa_b8_l26_s11,B2,port_tight,milp,561.0,561.0,0.0,0
heldout_gpqa_b16_l26_s11,B2,port_tight,milp,825.0,825.0,0.0,0
heldout_swe_b2_l2_s3,B2,port_tight,milp,214.5,214.5,0.0,0
heldout_swe_b4_l2_s3,B2,port_tight,milp,247.5,247.5,0.0,0
heldout_swe_b8_l2_s3,B2,port_tight,milp,280.5,280.5,0.0,0
heldout_swe_b16_l2_s3,B2,port_tight,milp,330.0,330.0,0.0,0
heldout_swe_b2_l2_s7,B2,port_tight,milp,214.5,214.5,0.0,0
heldout_swe_b4_l2_s7,B2,port_tight,milp,280.5,280.5,0.0,0
heldout_swe_b8_l2_s7,B2,port_tight,milp,297.0,297.0,0.0,0
heldout_swe_b16_l2_s7,B2,port_tight,milp,363.0,363.0,0.0,0
heldout_swe_b2_l2_s11,B2,port_tight,milp,214.5,214.5,0.0,0
heldout_swe_b4_l2_s11,B2,port_tight,milp,346.5,346.5,0.0,0
heldout_swe_b8_l2_s11,B2,port_tight,milp,313.5,313.5,0.0,0
heldout_swe_b16_l2_s11,B2,port_tight,milp,462.0,462.0,0.0,0
heldout_swe_b2_l13_s3,B2,port_tight,milp,231.0,231.0,0.0,0
heldout_swe_b4_l13_s3,B2,port_tight,milp,313.5,313.5,0.0,0
heldout_swe_b8_l13_s3,B2,port_tight,milp,330.0,330.0,0.0,0
heldout_swe_b16_l13_s3,B2,port_tight,milp,346.5,346.5,0.0,0
heldout_swe_b2_l13_s7,B2,port_tight,milp,231.0,231.0,0.0,0
heldout_swe_b4_l13_s7,B2,port_tight,milp,346.5,346.5,0.0,0
heldout_swe_b8_l13_s7,B2,port_tight,milp,346.5,346.5,0.0,0
heldout_swe_b16_l13_s7,B2,port_tight,milp,363.0,363.0,0.0,0
heldout_swe_b2_l13_s11,B2,port_tight,milp,198.0,198.0,0.0,0
heldout_swe_b4_l13_s11,B2,port_tight,milp,363.0,363.0,0.0,0
heldout_swe_b8_l13_s11,B2,port_tight,milp,313.5,313.5,0.0,0
heldout_swe_b16_l13_s11,B2,port_tight,milp,462.0,462.0,0.0,0
heldout_swe_b2_l26_s3,B2,port_tight,milp,198.0,198.0,0.0,0
heldout_swe_b4_l26_s3,B2,port_tight,milp,313.5,313.5,0.0,0
heldout_swe_b8_l26_s3,B2,port_tight,milp,379.5,379.5,0.0,0
heldout_swe_b16_l26_s3,B2,port_tight,milp,462.0,462.0,0.0,0
heldout_swe_b2_l26_s7,B2,port_tight,milp,231.0,231.0,0.0,0
heldout_swe_b4_l26_s7,B2,port_tight,milp,297.0,297.0,0.0,0
heldout_swe_b8_l26_s7,B2,port_tight,milp,363.0,363.0,0.0,0
heldout_swe_b16_l26_s7,B2,port_tight,milp,379.5,379.5,0.0,0
heldout_swe_b2_l26_s11,B2,port_tight,milp,231.0,231.0,0.0,0
heldout_swe_b4_l26_s11,B2,port_tight,milp,412.5,412.5,0.0,0
heldout_swe_b8_l26_s11,B2,port_tight,milp,313.5,313.5,0.0,0
heldout_swe_b16_l26_s11,B2,port_tight,milp,495.0,495.0,0.0,0
v3_captured_mixed_heldout_bfcl_t64_l2,B2,port_tight,milp,1072.5,1072.5,0.0,1
v3_captured_mixed_heldout_bfcl_t96_l2,B2,port_tight,milp,1122.0,1122.0,0.0,1
v3_captured_mixed_heldout_bfcl_t128_l2,B2,port_tight,milp,1188.0,1188.0,0.0,1
v3_captured_mixed_heldout_bfcl_t64_l13,B2,port_tight,milp,990.0,990.0,0.0,1
v3_captured_mixed_heldout_bfcl_t96_l13,B2,port_tight,milp,1105.5,1105.5,0.0,1
v3_captured_mixed_heldout_bfcl_t128_l13,B2,port_tight,milp,1155.0,1155.0,0.0,1
v3_captured_mixed_heldout_bfcl_t64_l26,B2,port_tight,milp,1056.0,1056.0,0.0,1
v3_captured_mixed_heldout_bfcl_t96_l26,B2,port_tight,milp,1138.5,1138.5,0.0,1
v3_captured_mixed_heldout_bfcl_t128_l26,B2,port_tight,milp,1188.0,1188.0,0.0,1
v3_captured_mixed_heldout_gpqa_t64_l2,B2,port_tight,milp,1105.5,1105.5,0.0,1
v3_captured_mixed_heldout_gpqa_t96_l2,B2,port_tight,milp,1155.0,1155.0,0.0,1
v3_captured_mixed_heldout_gpqa_t128_l2,B2,port_tight,milp,1188.0,1188.0,0.0,1
v3_captured_mixed_heldout_gpqa_t64_l13,B2,port_tight,milp,990.0,990.0,0.0,1
v3_captured_mixed_heldout_gpqa_t96_l13,B2,port_tight,milp,1072.5,1072.5,0.0,1
v3_captured_mixed_heldout_gpqa_t128_l13,B2,port_tight,milp,1122.0,1122.0,0.0,1
v3_captured_mixed_heldout_gpqa_t64_l26,B2,port_tight,milp,1105.5,1105.5,0.0,1
v3_captured_mixed_heldout_gpqa_t96_l26,B2,port_tight,milp,1155.0,1155.0,0.0,1
v3_captured_mixed_heldout_gpqa_t128_l26,B2,port_tight,milp,1188.0,1188.0,0.0,1
v3_captured_mixed_heldout_swe_t64_l2,B2,port_tight,milp,1089.0,1089.0,0.0,1
v3_captured_mixed_heldout_swe_t96_l2,B2,port_tight,milp,1138.5,1138.5,0.0,1
v3_captured_mixed_heldout_swe_t128_l2,B2,port_tight,milp,1188.0,1188.0,0.0,1
v3_captured_mixed_heldout_swe_t64_l13,B2,port_tight,milp,924.0,924.0,0.0,1
v3_captured_mixed_heldout_swe_t96_l13,B2,port_tight,milp,1056.0,1056.0,0.0,1
v3_captured_mixed_heldout_swe_t128_l13,B2,port_tight,milp,1155.0,1155.0,0.0,1
v3_captured_mixed_heldout_swe_t64_l26,B2,port_tight,milp,1039.5,1039.5,0.0,1
v3_captured_mixed_heldout_swe_t96_l26,B2,port_tight,milp,1089.0,1089.0,0.0,1
v3_captured_mixed_heldout_swe_t128_l26,B2,port_tight,milp,1188.0,1188.0,0.0,1
heldout_bfcl_b2_l2_s3,H51,port_tight,eft_old,231.0,231.0,0.0,0
heldout_bfcl_b4_l2_s3,H51,port_tight,eft_old,330.0,330.0,0.0,0
heldout_bfcl_b8_l2_s3,H51,port_tight,eft_old,445.5,445.5,0.0,0
heldout_bfcl_b16_l2_s3,H51,port_tight,eft_old,594.0,594.0,0.0,0
heldout_bfcl_b2_l2_s7,H51,port_tight,eft_old,231.0,231.0,0.0,0
heldout_bfcl_b4_l2_s7,H51,port_tight,eft_old,363.0,363.0,0.0,0
heldout_bfcl_b8_l2_s7,H51,port_tight,eft_old,495.0,495.0,0.0,0
heldout_bfcl_b16_l2_s7,H51,port_tight,eft_old,742.5,742.5,0.0,0
heldout_bfcl_b2_l2_s11,H51,port_tight,eft_old,165.0,165.0,0.0,0
heldout_bfcl_b4_l2_s11,H51,port_tight,eft_old,363.0,363.0,0.0,0
heldout_bfcl_b8_l2_s11,H51,port_tight,eft_old,511.5,511.5,0.0,0
heldout_bfcl_b16_l2_s11,H51,port_tight,eft_old,841.5,841.5,0.0,0
heldout_bfcl_b2_l13_s3,H51,port_tight,eft_old,198.0,198.0,0.0,0
heldout_bfcl_b4_l13_s3,H51,port_tight,eft_old,396.0,396.0,0.0,0
heldout_bfcl_b8_l13_s3,H51,port_tight,eft_old,478.5,478.5,0.0,0
heldout_bfcl_b16_l13_s3,H51,port_tight,eft_old,660.0,660.0,0.0,0
heldout_bfcl_b2_l13_s7,H51,port_tight,eft_old,231.0,231.0,0.0,0
heldout_bfcl_b4_l13_s7,H51,port_tight,eft_old,363.0,363.0,0.0,0
heldout_bfcl_b8_l13_s7,H51,port_tight,eft_old,528.0,528.0,0.0,0
heldout_bfcl_b16_l13_s7,H51,port_tight,eft_old,660.0,660.0,0.0,0
heldout_bfcl_b2_l13_s11,H51,port_tight,eft_old,148.5,148.5,0.0,0
heldout_bfcl_b4_l13_s11,H51,port_tight,eft_old,346.5,346.5,0.0,0
heldout_bfcl_b8_l13_s11,H51,port_tight,eft_old,445.5,445.5,0.0,0
heldout_bfcl_b16_l13_s11,H51,port_tight,eft_old,775.5,775.5,0.0,0
heldout_bfcl_b2_l26_s3,H51,port_tight,eft_old,214.5,214.5,0.0,0
heldout_bfcl_b4_l26_s3,H51,port_tight,eft_old,396.0,396.0,0.0,0
heldout_bfcl_b8_l26_s3,H51,port_tight,eft_old,511.5,511.5,0.0,0
heldout_bfcl_b16_l26_s3,H51,port_tight,eft_old,759.0,759.0,0.0,0
heldout_bfcl_b2_l26_s7,H51,port_tight,eft_old,198.0,198.0,0.0,0
heldout_bfcl_b4_l26_s7,H51,port_tight,eft_old,396.0,396.0,0.0,0
heldout_bfcl_b8_l26_s7,H51,port_tight,eft_old,561.0,561.0,0.0,0
heldout_bfcl_b16_l26_s7,H51,port_tight,eft_old,693.0,693.0,0.0,0
heldout_bfcl_b2_l26_s11,H51,port_tight,eft_old,165.0,165.0,0.0,0
heldout_bfcl_b4_l26_s11,H51,port_tight,eft_old,363.0,363.0,0.0,0
heldout_bfcl_b8_l26_s11,H51,port_tight,eft_old,544.5,544.5,0.0,0
heldout_bfcl_b16_l26_s11,H51,port_tight,eft_old,792.0,792.0,0.0,0
heldout_gpqa_b2_l2_s3,H51,port_tight,eft_old,214.5,214.5,0.0,0
heldout_gpqa_b4_l2_s3,H51,port_tight,eft_old,297.0,297.0,0.0,0
heldout_gpqa_b8_l2_s3,H51,port_tight,eft_old,379.5,379.5,0.0,0
heldout_gpqa_b16_l2_s3,H51,port_tight,eft_old,462.0,462.0,0.0,0
heldout_gpqa_b2_l2_s7,H51,port_tight,eft_old,231.0,231.0,0.0,0
heldout_gpqa_b4_l2_s7,H51,port_tight,eft_old,396.0,396.0,0.0,0
heldout_gpqa_b8_l2_s7,H51,port_tight,eft_old,561.0,561.0,0.0,0
heldout_gpqa_b16_l2_s7,H51,port_tight,eft_old,775.5,775.5,0.0,0
heldout_gpqa_b2_l2_s11,H51,port_tight,eft_old,181.5,181.5,0.0,0
heldout_gpqa_b4_l2_s11,H51,port_tight,eft_old,379.5,379.5,0.0,0
heldout_gpqa_b8_l2_s11,H51,port_tight,eft_old,627.0,627.0,0.0,0
heldout_gpqa_b16_l2_s11,H51,port_tight,eft_old,825.0,825.0,0.0,0
heldout_gpqa_b2_l13_s3,H51,port_tight,eft_old,214.5,214.5,0.0,0
heldout_gpqa_b4_l13_s3,H51,port_tight,eft_old,313.5,313.5,0.0,0
heldout_gpqa_b8_l13_s3,H51,port_tight,eft_old,462.0,462.0,0.0,0
heldout_gpqa_b16_l13_s3,H51,port_tight,eft_old,528.0,528.0,0.0,0
heldout_gpqa_b2_l13_s7,H51,port_tight,eft_old,214.5,214.5,0.0,0
heldout_gpqa_b4_l13_s7,H51,port_tight,eft_old,379.5,379.5,0.0,0
heldout_gpqa_b8_l13_s7,H51,port_tight,eft_old,577.5,577.5,0.0,0
heldout_gpqa_b16_l13_s7,H51,port_tight,eft_old,726.0,726.0,0.0,0
heldout_gpqa_b2_l13_s11,H51,port_tight,eft_old,148.5,148.5,0.0,0
heldout_gpqa_b4_l13_s11,H51,port_tight,eft_old,396.0,396.0,0.0,0
heldout_gpqa_b8_l13_s11,H51,port_tight,eft_old,495.0,495.0,0.0,0
heldout_gpqa_b16_l13_s11,H51,port_tight,eft_old,742.5,742.5,0.0,0
heldout_gpqa_b2_l26_s3,H51,port_tight,eft_old,231.0,231.0,0.0,0
heldout_gpqa_b4_l26_s3,H51,port_tight,eft_old,280.5,280.5,0.0,0
heldout_gpqa_b8_l26_s3,H51,port_tight,eft_old,412.5,412.5,0.0,0
heldout_gpqa_b16_l26_s3,H51,port_tight,eft_old,561.0,561.0,0.0,0
heldout_gpqa_b2_l26_s7,H51,port_tight,eft_old,231.0,231.0,0.0,0
heldout_gpqa_b4_l26_s7,H51,port_tight,eft_old,379.5,379.5,0.0,0
heldout_gpqa_b8_l26_s7,H51,port_tight,eft_old,561.0,561.0,0.0,0
heldout_gpqa_b16_l26_s7,H51,port_tight,eft_old,759.0,759.0,0.0,0
heldout_gpqa_b2_l26_s11,H51,port_tight,eft_old,214.5,214.5,0.0,0
heldout_gpqa_b4_l26_s11,H51,port_tight,eft_old,412.5,412.5,0.0,0
heldout_gpqa_b8_l26_s11,H51,port_tight,eft_old,561.0,561.0,0.0,0
heldout_gpqa_b16_l26_s11,H51,port_tight,eft_old,825.0,825.0,0.0,0
heldout_swe_b2_l2_s3,H51,port_tight,eft_old,214.5,214.5,0.0,0
heldout_swe_b4_l2_s3,H51,port_tight,eft_old,247.5,247.5,0.0,0
heldout_swe_b8_l2_s3,H51,port_tight,eft_old,280.5,280.5,0.0,0
heldout_swe_b16_l2_s3,H51,port_tight,eft_old,330.0,330.0,0.0,0
heldout_swe_b2_l2_s7,H51,port_tight,eft_old,214.5,214.5,0.0,0
heldout_swe_b4_l2_s7,H51,port_tight,eft_old,280.5,280.5,0.0,0
heldout_swe_b8_l2_s7,H51,port_tight,eft_old,297.0,297.0,0.0,0
heldout_swe_b16_l2_s7,H51,port_tight,eft_old,363.0,363.0,0.0,0
heldout_swe_b2_l2_s11,H51,port_tight,eft_old,214.5,214.5,0.0,0
heldout_swe_b4_l2_s11,H51,port_tight,eft_old,346.5,346.5,0.0,0
heldout_swe_b8_l2_s11,H51,port_tight,eft_old,313.5,313.5,0.0,0
heldout_swe_b16_l2_s11,H51,port_tight,eft_old,462.0,462.0,0.0,0
heldout_swe_b2_l13_s3,H51,port_tight,eft_old,231.0,231.0,0.0,0
heldout_swe_b4_l13_s3,H51,port_tight,eft_old,313.5,313.5,0.0,0
heldout_swe_b8_l13_s3,H51,port_tight,eft_old,330.0,330.0,0.0,0
heldout_swe_b16_l13_s3,H51,port_tight,eft_old,346.5,346.5,0.0,0
heldout_swe_b2_l13_s7,H51,port_tight,eft_old,231.0,231.0,0.0,0
heldout_swe_b4_l13_s7,H51,port_tight,eft_old,346.5,346.5,0.0,0
heldout_swe_b8_l13_s7,H51,port_tight,eft_old,346.5,346.5,0.0,0
heldout_swe_b16_l13_s7,H51,port_tight,eft_old,363.0,363.0,0.0,0
heldout_swe_b2_l13_s11,H51,port_tight,eft_old,198.0,198.0,0.0,0
heldout_swe_b4_l13_s11,H51,port_tight,eft_old,363.0,363.0,0.0,0
heldout_swe_b8_l13_s11,H51,port_tight,eft_old,313.5,313.5,0.0,0
heldout_swe_b16_l13_s11,H51,port_tight,eft_old,462.0,462.0,0.0,0
heldout_swe_b2_l26_s3,H51,port_tight,eft_old,198.0,198.0,0.0,0
heldout_swe_b4_l26_s3,H51,port_tight,eft_old,313.5,313.5,0.0,0
heldout_swe_b8_l26_s3,H51,port_tight,eft_old,379.5,379.5,0.0,0
heldout_swe_b16_l26_s3,H51,port_tight,eft_old,462.0,462.0,0.0,0
heldout_swe_b2_l26_s7,H51,port_tight,eft_old,231.0,231.0,0.0,0
heldout_swe_b4_l26_s7,H51,port_tight,eft_old,297.0,297.0,0.0,0
heldout_swe_b8_l26_s7,H51,port_tight,eft_old,363.0,363.0,0.0,0
heldout_swe_b16_l26_s7,H51,port_tight,eft_old,379.5,379.5,0.0,0
heldout_swe_b2_l26_s11,H51,port_tight,eft_old,231.0,231.0,0.0,0
heldout_swe_b4_l26_s11,H51,port_tight,eft_old,412.5,412.5,0.0,0
heldout_swe_b8_l26_s11,H51,port_tight,eft_old,313.5,313.5,0.0,0
heldout_swe_b16_l26_s11,H51,port_tight,eft_old,495.0,495.0,0.0,0
v3_captured_mixed_heldout_bfcl_t64_l2,H51,port_tight,eft_old,1039.5,1039.5,0.0,0
v3_captured_mixed_heldout_bfcl_t96_l2,H51,port_tight,eft_old,1089.0,1089.0,0.0,1
v3_captured_mixed_heldout_bfcl_t128_l2,H51,port_tight,eft_old,1468.5,1122.0,30.88235294117647,6
v3_captured_mixed_heldout_bfcl_t64_l13,H51,port_tight,eft_old,1138.5,957.0,18.965517241379317,4
v3_captured_mixed_heldout_bfcl_t96_l13,H51,port_tight,eft_old,1089.0,1072.5,1.538461538461533,2
v3_captured_mixed_heldout_bfcl_t128_l13,H51,port_tight,eft_old,1138.5,1089.0,4.545454545454541,3
v3_captured_mixed_heldout_bfcl_t64_l26,H51,port_tight,eft_old,1155.0,1023.0,12.903225806451623,1
v3_captured_mixed_heldout_bfcl_t96_l26,H51,port_tight,eft_old,1122.0,1105.5,1.4925373134328401,2
v3_captured_mixed_heldout_bfcl_t128_l26,H51,port_tight,eft_old,1155.0,1122.0,2.941176470588225,3
v3_captured_mixed_heldout_gpqa_t64_l2,H51,port_tight,eft_old,1072.5,1072.5,0.0,0
v3_captured_mixed_heldout_gpqa_t96_l2,H51,port_tight,eft_old,1320.0,1122.0,17.647058823529417,1
v3_captured_mixed_heldout_gpqa_t128_l2,H51,port_tight,eft_old,1386.0,1122.0,23.529411764705888,1
v3_captured_mixed_heldout_gpqa_t64_l13,H51,port_tight,eft_old,1089.0,957.0,13.793103448275868,1
v3_captured_mixed_heldout_gpqa_t96_l13,H51,port_tight,eft_old,1237.5,1039.5,19.047619047619047,1
v3_captured_mixed_heldout_gpqa_t128_l13,H51,port_tight,eft_old,1336.5,1056.0,26.5625,2
v3_captured_mixed_heldout_gpqa_t64_l26,H51,port_tight,eft_old,1072.5,1072.5,0.0,0
v3_captured_mixed_heldout_gpqa_t96_l26,H51,port_tight,eft_old,1320.0,1122.0,17.647058823529417,1
v3_captured_mixed_heldout_gpqa_t128_l26,H51,port_tight,eft_old,1386.0,1122.0,23.529411764705888,1
v3_captured_mixed_heldout_swe_t64_l2,H51,port_tight,eft_old,1188.0,1056.0,12.5,1
v3_captured_mixed_heldout_swe_t96_l2,H51,port_tight,eft_old,1303.5,1105.5,17.910447761194035,1
v3_captured_mixed_heldout_swe_t128_l2,H51,port_tight,eft_old,1419.0,1122.0,26.470588235294112,3
v3_captured_mixed_heldout_swe_t64_l13,H51,port_tight,eft_old,1039.5,891.0,16.666666666666675,2
v3_captured_mixed_heldout_swe_t96_l13,H51,port_tight,eft_old,1270.5,1023.0,24.193548387096776,4
v3_captured_mixed_heldout_swe_t128_l13,H51,port_tight,eft_old,1386.0,1089.0,27.27272727272727,3
v3_captured_mixed_heldout_swe_t64_l26,H51,port_tight,eft_old,1006.5,1006.5,0.0,0
v3_captured_mixed_heldout_swe_t96_l26,H51,port_tight,eft_old,1056.0,1056.0,0.0,1
v3_captured_mixed_heldout_swe_t128_l26,H51,port_tight,eft_old,1122.0,1122.0,0.0,1
heldout_bfcl_b2_l2_s3,H51,port_tight,fixed,231.0,231.0,0.0,0
heldout_bfcl_b4_l2_s3,H51,port_tight,fixed,330.0,330.0,0.0,0
heldout_bfcl_b8_l2_s3,H51,port_tight,fixed,445.5,445.5,0.0,0
heldout_bfcl_b16_l2_s3,H51,port_tight,fixed,594.0,594.0,0.0,0
heldout_bfcl_b2_l2_s7,H51,port_tight,fixed,231.0,231.0,0.0,0
heldout_bfcl_b4_l2_s7,H51,port_tight,fixed,363.0,363.0,0.0,0
heldout_bfcl_b8_l2_s7,H51,port_tight,fixed,495.0,495.0,0.0,0
heldout_bfcl_b16_l2_s7,H51,port_tight,fixed,742.5,742.5,0.0,0
heldout_bfcl_b2_l2_s11,H51,port_tight,fixed,165.0,165.0,0.0,0
heldout_bfcl_b4_l2_s11,H51,port_tight,fixed,363.0,363.0,0.0,0
heldout_bfcl_b8_l2_s11,H51,port_tight,fixed,511.5,511.5,0.0,0
heldout_bfcl_b16_l2_s11,H51,port_tight,fixed,841.5,841.5,0.0,0
heldout_bfcl_b2_l13_s3,H51,port_tight,fixed,198.0,198.0,0.0,0
heldout_bfcl_b4_l13_s3,H51,port_tight,fixed,396.0,396.0,0.0,0
heldout_bfcl_b8_l13_s3,H51,port_tight,fixed,478.5,478.5,0.0,0
heldout_bfcl_b16_l13_s3,H51,port_tight,fixed,660.0,660.0,0.0,0
heldout_bfcl_b2_l13_s7,H51,port_tight,fixed,231.0,231.0,0.0,0
heldout_bfcl_b4_l13_s7,H51,port_tight,fixed,363.0,363.0,0.0,0
heldout_bfcl_b8_l13_s7,H51,port_tight,fixed,528.0,528.0,0.0,0
heldout_bfcl_b16_l13_s7,H51,port_tight,fixed,660.0,660.0,0.0,0
heldout_bfcl_b2_l13_s11,H51,port_tight,fixed,148.5,148.5,0.0,0
heldout_bfcl_b4_l13_s11,H51,port_tight,fixed,346.5,346.5,0.0,0
heldout_bfcl_b8_l13_s11,H51,port_tight,fixed,445.5,445.5,0.0,0
heldout_bfcl_b16_l13_s11,H51,port_tight,fixed,775.5,775.5,0.0,0
heldout_bfcl_b2_l26_s3,H51,port_tight,fixed,214.5,214.5,0.0,0
heldout_bfcl_b4_l26_s3,H51,port_tight,fixed,396.0,396.0,0.0,0
heldout_bfcl_b8_l26_s3,H51,port_tight,fixed,511.5,511.5,0.0,0
heldout_bfcl_b16_l26_s3,H51,port_tight,fixed,759.0,759.0,0.0,0
heldout_bfcl_b2_l26_s7,H51,port_tight,fixed,198.0,198.0,0.0,0
heldout_bfcl_b4_l26_s7,H51,port_tight,fixed,396.0,396.0,0.0,0
heldout_bfcl_b8_l26_s7,H51,port_tight,fixed,561.0,561.0,0.0,0
heldout_bfcl_b16_l26_s7,H51,port_tight,fixed,693.0,693.0,0.0,0
heldout_bfcl_b2_l26_s11,H51,port_tight,fixed,165.0,165.0,0.0,0
heldout_bfcl_b4_l26_s11,H51,port_tight,fixed,363.0,363.0,0.0,0
heldout_bfcl_b8_l26_s11,H51,port_tight,fixed,544.5,544.5,0.0,0
heldout_bfcl_b16_l26_s11,H51,port_tight,fixed,792.0,792.0,0.0,0
heldout_gpqa_b2_l2_s3,H51,port_tight,fixed,214.5,214.5,0.0,0
heldout_gpqa_b4_l2_s3,H51,port_tight,fixed,297.0,297.0,0.0,0
heldout_gpqa_b8_l2_s3,H51,port_tight,fixed,379.5,379.5,0.0,0
heldout_gpqa_b16_l2_s3,H51,port_tight,fixed,462.0,462.0,0.0,0
heldout_gpqa_b2_l2_s7,H51,port_tight,fixed,231.0,231.0,0.0,0
heldout_gpqa_b4_l2_s7,H51,port_tight,fixed,396.0,396.0,0.0,0
heldout_gpqa_b8_l2_s7,H51,port_tight,fixed,561.0,561.0,0.0,0
heldout_gpqa_b16_l2_s7,H51,port_tight,fixed,775.5,775.5,0.0,0
heldout_gpqa_b2_l2_s11,H51,port_tight,fixed,181.5,181.5,0.0,0
heldout_gpqa_b4_l2_s11,H51,port_tight,fixed,379.5,379.5,0.0,0
heldout_gpqa_b8_l2_s11,H51,port_tight,fixed,627.0,627.0,0.0,0
heldout_gpqa_b16_l2_s11,H51,port_tight,fixed,825.0,825.0,0.0,0
heldout_gpqa_b2_l13_s3,H51,port_tight,fixed,214.5,214.5,0.0,0
heldout_gpqa_b4_l13_s3,H51,port_tight,fixed,313.5,313.5,0.0,0
heldout_gpqa_b8_l13_s3,H51,port_tight,fixed,462.0,462.0,0.0,0
heldout_gpqa_b16_l13_s3,H51,port_tight,fixed,528.0,528.0,0.0,0
heldout_gpqa_b2_l13_s7,H51,port_tight,fixed,214.5,214.5,0.0,0
heldout_gpqa_b4_l13_s7,H51,port_tight,fixed,379.5,379.5,0.0,0
heldout_gpqa_b8_l13_s7,H51,port_tight,fixed,577.5,577.5,0.0,0
heldout_gpqa_b16_l13_s7,H51,port_tight,fixed,726.0,726.0,0.0,0
heldout_gpqa_b2_l13_s11,H51,port_tight,fixed,148.5,148.5,0.0,0
heldout_gpqa_b4_l13_s11,H51,port_tight,fixed,396.0,396.0,0.0,0
heldout_gpqa_b8_l13_s11,H51,port_tight,fixed,495.0,495.0,0.0,0
heldout_gpqa_b16_l13_s11,H51,port_tight,fixed,742.5,742.5,0.0,0
heldout_gpqa_b2_l26_s3,H51,port_tight,fixed,231.0,231.0,0.0,0
heldout_gpqa_b4_l26_s3,H51,port_tight,fixed,280.5,280.5,0.0,0
heldout_gpqa_b8_l26_s3,H51,port_tight,fixed,412.5,412.5,0.0,0
heldout_gpqa_b16_l26_s3,H51,port_tight,fixed,561.0,561.0,0.0,0
heldout_gpqa_b2_l26_s7,H51,port_tight,fixed,231.0,231.0,0.0,0
heldout_gpqa_b4_l26_s7,H51,port_tight,fixed,379.5,379.5,0.0,0
heldout_gpqa_b8_l26_s7,H51,port_tight,fixed,561.0,561.0,0.0,0
heldout_gpqa_b16_l26_s7,H51,port_tight,fixed,759.0,759.0,0.0,0
heldout_gpqa_b2_l26_s11,H51,port_tight,fixed,214.5,214.5,0.0,0
heldout_gpqa_b4_l26_s11,H51,port_tight,fixed,412.5,412.5,0.0,0
heldout_gpqa_b8_l26_s11,H51,port_tight,fixed,561.0,561.0,0.0,0
heldout_gpqa_b16_l26_s11,H51,port_tight,fixed,825.0,825.0,0.0,0
heldout_swe_b2_l2_s3,H51,port_tight,fixed,214.5,214.5,0.0,0
heldout_swe_b4_l2_s3,H51,port_tight,fixed,247.5,247.5,0.0,0
heldout_swe_b8_l2_s3,H51,port_tight,fixed,280.5,280.5,0.0,0
heldout_swe_b16_l2_s3,H51,port_tight,fixed,330.0,330.0,0.0,0
heldout_swe_b2_l2_s7,H51,port_tight,fixed,214.5,214.5,0.0,0
heldout_swe_b4_l2_s7,H51,port_tight,fixed,280.5,280.5,0.0,0
heldout_swe_b8_l2_s7,H51,port_tight,fixed,297.0,297.0,0.0,0
heldout_swe_b16_l2_s7,H51,port_tight,fixed,363.0,363.0,0.0,0
heldout_swe_b2_l2_s11,H51,port_tight,fixed,214.5,214.5,0.0,0
heldout_swe_b4_l2_s11,H51,port_tight,fixed,346.5,346.5,0.0,0
heldout_swe_b8_l2_s11,H51,port_tight,fixed,313.5,313.5,0.0,0
heldout_swe_b16_l2_s11,H51,port_tight,fixed,462.0,462.0,0.0,0
heldout_swe_b2_l13_s3,H51,port_tight,fixed,231.0,231.0,0.0,0
heldout_swe_b4_l13_s3,H51,port_tight,fixed,313.5,313.5,0.0,0
heldout_swe_b8_l13_s3,H51,port_tight,fixed,330.0,330.0,0.0,0
heldout_swe_b16_l13_s3,H51,port_tight,fixed,346.5,346.5,0.0,0
heldout_swe_b2_l13_s7,H51,port_tight,fixed,231.0,231.0,0.0,0
heldout_swe_b4_l13_s7,H51,port_tight,fixed,346.5,346.5,0.0,0
heldout_swe_b8_l13_s7,H51,port_tight,fixed,346.5,346.5,0.0,0
heldout_swe_b16_l13_s7,H51,port_tight,fixed,363.0,363.0,0.0,0
heldout_swe_b2_l13_s11,H51,port_tight,fixed,198.0,198.0,0.0,0
heldout_swe_b4_l13_s11,H51,port_tight,fixed,363.0,363.0,0.0,0
heldout_swe_b8_l13_s11,H51,port_tight,fixed,313.5,313.5,0.0,0
heldout_swe_b16_l13_s11,H51,port_tight,fixed,462.0,462.0,0.0,0
heldout_swe_b2_l26_s3,H51,port_tight,fixed,198.0,198.0,0.0,0
heldout_swe_b4_l26_s3,H51,port_tight,fixed,313.5,313.5,0.0,0
heldout_swe_b8_l26_s3,H51,port_tight,fixed,379.5,379.5,0.0,0
heldout_swe_b16_l26_s3,H51,port_tight,fixed,462.0,462.0,0.0,0
heldout_swe_b2_l26_s7,H51,port_tight,fixed,231.0,231.0,0.0,0
heldout_swe_b4_l26_s7,H51,port_tight,fixed,297.0,297.0,0.0,0
heldout_swe_b8_l26_s7,H51,port_tight,fixed,363.0,363.0,0.0,0
heldout_swe_b16_l26_s7,H51,port_tight,fixed,379.5,379.5,0.0,0
heldout_swe_b2_l26_s11,H51,port_tight,fixed,231.0,231.0,0.0,0
heldout_swe_b4_l26_s11,H51,port_tight,fixed,412.5,412.5,0.0,0
heldout_swe_b8_l26_s11,H51,port_tight,fixed,313.5,313.5,0.0,0
heldout_swe_b16_l26_s11,H51,port_tight,fixed,495.0,495.0,0.0,0
v3_captured_mixed_heldout_bfcl_t64_l2,H51,port_tight,fixed,1039.5,1039.5,0.0,0
v3_captured_mixed_heldout_bfcl_t96_l2,H51,port_tight,fixed,1089.0,1089.0,0.0,1
v3_captured_mixed_heldout_bfcl_t128_l2,H51,port_tight,fixed,1138.5,1122.0,1.4705882352941124,2
v3_captured_mixed_heldout_bfcl_t64_l13,H51,port_tight,fixed,973.5,957.0,1.724137931034475,1
v3_captured_mixed_heldout_bfcl_t96_l13,H51,port_tight,fixed,1089.0,1072.5,1.538461538461533,2
v3_captured_mixed_heldout_bfcl_t128_l13,H51,port_tight,fixed,1105.5,1089.0,1.5151515151515138,2
v3_captured_mixed_heldout_bfcl_t64_l26,H51,port_tight,fixed,1023.0,1023.0,0.0,0
v3_captured_mixed_heldout_bfcl_t96_l26,H51,port_tight,fixed,1122.0,1105.5,1.4925373134328401,2
v3_captured_mixed_heldout_bfcl_t128_l26,H51,port_tight,fixed,1138.5,1122.0,1.4705882352941124,2
v3_captured_mixed_heldout_gpqa_t64_l2,H51,port_tight,fixed,1072.5,1072.5,0.0,0
v3_captured_mixed_heldout_gpqa_t96_l2,H51,port_tight,fixed,1122.0,1122.0,0.0,1
v3_captured_mixed_heldout_gpqa_t128_l2,H51,port_tight,fixed,1122.0,1122.0,0.0,1
v3_captured_mixed_heldout_gpqa_t64_l13,H51,port_tight,fixed,957.0,957.0,0.0,0
v3_captured_mixed_heldout_gpqa_t96_l13,H51,port_tight,fixed,1039.5,1039.5,0.0,1
v3_captured_mixed_heldout_gpqa_t128_l13,H51,port_tight,fixed,1072.5,1056.0,1.5625,2
v3_captured_mixed_heldout_gpqa_t64_l26,H51,port_tight,fixed,1072.5,1072.5,0.0,0
v3_captured_mixed_heldout_gpqa_t96_l26,H51,port_tight,fixed,1122.0,1122.0,0.0,1
v3_captured_mixed_heldout_gpqa_t128_l26,H51,port_tight,fixed,1122.0,1122.0,0.0,1
v3_captured_mixed_heldout_swe_t64_l2,H51,port_tight,fixed,1056.0,1056.0,0.0,0
v3_captured_mixed_heldout_swe_t96_l2,H51,port_tight,fixed,1105.5,1105.5,0.0,1
v3_captured_mixed_heldout_swe_t128_l2,H51,port_tight,fixed,1138.5,1122.0,1.4705882352941124,2
v3_captured_mixed_heldout_swe_t64_l13,H51,port_tight,fixed,907.5,891.0,1.85185185185186,1
v3_captured_mixed_heldout_swe_t96_l13,H51,port_tight,fixed,1039.5,1023.0,1.6129032258064502,2
v3_captured_mixed_heldout_swe_t128_l13,H51,port_tight,fixed,1105.5,1089.0,1.5151515151515138,2
v3_captured_mixed_heldout_swe_t64_l26,H51,port_tight,fixed,1006.5,1006.5,0.0,0
v3_captured_mixed_heldout_swe_t96_l26,H51,port_tight,fixed,1056.0,1056.0,0.0,1
v3_captured_mixed_heldout_swe_t128_l26,H51,port_tight,fixed,1122.0,1122.0,0.0,1
heldout_bfcl_b2_l2_s3,H51,port_tight,milp,231.0,231.0,0.0,0
heldout_bfcl_b4_l2_s3,H51,port_tight,milp,330.0,330.0,0.0,0
heldout_bfcl_b8_l2_s3,H51,port_tight,milp,445.5,445.5,0.0,0
heldout_bfcl_b16_l2_s3,H51,port_tight,milp,594.0,594.0,0.0,0
heldout_bfcl_b2_l2_s7,H51,port_tight,milp,231.0,231.0,0.0,0
heldout_bfcl_b4_l2_s7,H51,port_tight,milp,363.0,363.0,0.0,0
heldout_bfcl_b8_l2_s7,H51,port_tight,milp,495.0,495.0,0.0,0
heldout_bfcl_b16_l2_s7,H51,port_tight,milp,742.5,742.5,0.0,0
heldout_bfcl_b2_l2_s11,H51,port_tight,milp,165.0,165.0,0.0,0
heldout_bfcl_b4_l2_s11,H51,port_tight,milp,363.0,363.0,0.0,0
heldout_bfcl_b8_l2_s11,H51,port_tight,milp,511.5,511.5,0.0,0
heldout_bfcl_b16_l2_s11,H51,port_tight,milp,841.5,841.5,0.0,0
heldout_bfcl_b2_l13_s3,H51,port_tight,milp,198.0,198.0,0.0,0
heldout_bfcl_b4_l13_s3,H51,port_tight,milp,396.0,396.0,0.0,0
heldout_bfcl_b8_l13_s3,H51,port_tight,milp,478.5,478.5,0.0,0
heldout_bfcl_b16_l13_s3,H51,port_tight,milp,660.0,660.0,0.0,0
heldout_bfcl_b2_l13_s7,H51,port_tight,milp,231.0,231.0,0.0,0
heldout_bfcl_b4_l13_s7,H51,port_tight,milp,363.0,363.0,0.0,0
heldout_bfcl_b8_l13_s7,H51,port_tight,milp,528.0,528.0,0.0,0
heldout_bfcl_b16_l13_s7,H51,port_tight,milp,660.0,660.0,0.0,0
heldout_bfcl_b2_l13_s11,H51,port_tight,milp,148.5,148.5,0.0,0
heldout_bfcl_b4_l13_s11,H51,port_tight,milp,346.5,346.5,0.0,0
heldout_bfcl_b8_l13_s11,H51,port_tight,milp,445.5,445.5,0.0,0
heldout_bfcl_b16_l13_s11,H51,port_tight,milp,775.5,775.5,0.0,0
heldout_bfcl_b2_l26_s3,H51,port_tight,milp,214.5,214.5,0.0,0
heldout_bfcl_b4_l26_s3,H51,port_tight,milp,396.0,396.0,0.0,0
heldout_bfcl_b8_l26_s3,H51,port_tight,milp,511.5,511.5,0.0,0
heldout_bfcl_b16_l26_s3,H51,port_tight,milp,759.0,759.0,0.0,0
heldout_bfcl_b2_l26_s7,H51,port_tight,milp,198.0,198.0,0.0,0
heldout_bfcl_b4_l26_s7,H51,port_tight,milp,396.0,396.0,0.0,0
heldout_bfcl_b8_l26_s7,H51,port_tight,milp,561.0,561.0,0.0,0
heldout_bfcl_b16_l26_s7,H51,port_tight,milp,693.0,693.0,0.0,0
heldout_bfcl_b2_l26_s11,H51,port_tight,milp,165.0,165.0,0.0,0
heldout_bfcl_b4_l26_s11,H51,port_tight,milp,363.0,363.0,0.0,0
heldout_bfcl_b8_l26_s11,H51,port_tight,milp,544.5,544.5,0.0,0
heldout_bfcl_b16_l26_s11,H51,port_tight,milp,792.0,792.0,0.0,0
heldout_gpqa_b2_l2_s3,H51,port_tight,milp,214.5,214.5,0.0,0
heldout_gpqa_b4_l2_s3,H51,port_tight,milp,297.0,297.0,0.0,0
heldout_gpqa_b8_l2_s3,H51,port_tight,milp,379.5,379.5,0.0,0
heldout_gpqa_b16_l2_s3,H51,port_tight,milp,462.0,462.0,0.0,0
heldout_gpqa_b2_l2_s7,H51,port_tight,milp,231.0,231.0,0.0,0
heldout_gpqa_b4_l2_s7,H51,port_tight,milp,396.0,396.0,0.0,0
heldout_gpqa_b8_l2_s7,H51,port_tight,milp,561.0,561.0,0.0,0
heldout_gpqa_b16_l2_s7,H51,port_tight,milp,775.5,775.5,0.0,0
heldout_gpqa_b2_l2_s11,H51,port_tight,milp,181.5,181.5,0.0,0
heldout_gpqa_b4_l2_s11,H51,port_tight,milp,379.5,379.5,0.0,0
heldout_gpqa_b8_l2_s11,H51,port_tight,milp,627.0,627.0,0.0,0
heldout_gpqa_b16_l2_s11,H51,port_tight,milp,825.0,825.0,0.0,0
heldout_gpqa_b2_l13_s3,H51,port_tight,milp,214.5,214.5,0.0,0
heldout_gpqa_b4_l13_s3,H51,port_tight,milp,313.5,313.5,0.0,0
heldout_gpqa_b8_l13_s3,H51,port_tight,milp,462.0,462.0,0.0,0
heldout_gpqa_b16_l13_s3,H51,port_tight,milp,528.0,528.0,0.0,0
heldout_gpqa_b2_l13_s7,H51,port_tight,milp,214.5,214.5,0.0,0
heldout_gpqa_b4_l13_s7,H51,port_tight,milp,379.5,379.5,0.0,0
heldout_gpqa_b8_l13_s7,H51,port_tight,milp,577.5,577.5,0.0,0
heldout_gpqa_b16_l13_s7,H51,port_tight,milp,726.0,726.0,0.0,0
heldout_gpqa_b2_l13_s11,H51,port_tight,milp,148.5,148.5,0.0,0
heldout_gpqa_b4_l13_s11,H51,port_tight,milp,396.0,396.0,0.0,0
heldout_gpqa_b8_l13_s11,H51,port_tight,milp,495.0,495.0,0.0,0
heldout_gpqa_b16_l13_s11,H51,port_tight,milp,742.5,742.5,0.0,0
heldout_gpqa_b2_l26_s3,H51,port_tight,milp,231.0,231.0,0.0,0
heldout_gpqa_b4_l26_s3,H51,port_tight,milp,280.5,280.5,0.0,0
heldout_gpqa_b8_l26_s3,H51,port_tight,milp,412.5,412.5,0.0,0
heldout_gpqa_b16_l26_s3,H51,port_tight,milp,561.0,561.0,0.0,0
heldout_gpqa_b2_l26_s7,H51,port_tight,milp,231.0,231.0,0.0,0
heldout_gpqa_b4_l26_s7,H51,port_tight,milp,379.5,379.5,0.0,0
heldout_gpqa_b8_l26_s7,H51,port_tight,milp,561.0,561.0,0.0,0
heldout_gpqa_b16_l26_s7,H51,port_tight,milp,759.0,759.0,0.0,0
heldout_gpqa_b2_l26_s11,H51,port_tight,milp,214.5,214.5,0.0,0
heldout_gpqa_b4_l26_s11,H51,port_tight,milp,412.5,412.5,0.0,0
heldout_gpqa_b8_l26_s11,H51,port_tight,milp,561.0,561.0,0.0,0
heldout_gpqa_b16_l26_s11,H51,port_tight,milp,825.0,825.0,0.0,0
heldout_swe_b2_l2_s3,H51,port_tight,milp,214.5,214.5,0.0,0
heldout_swe_b4_l2_s3,H51,port_tight,milp,247.5,247.5,0.0,0
heldout_swe_b8_l2_s3,H51,port_tight,milp,280.5,280.5,0.0,0
heldout_swe_b16_l2_s3,H51,port_tight,milp,330.0,330.0,0.0,0
heldout_swe_b2_l2_s7,H51,port_tight,milp,214.5,214.5,0.0,0
heldout_swe_b4_l2_s7,H51,port_tight,milp,280.5,280.5,0.0,0
heldout_swe_b8_l2_s7,H51,port_tight,milp,297.0,297.0,0.0,0
heldout_swe_b16_l2_s7,H51,port_tight,milp,363.0,363.0,0.0,0
heldout_swe_b2_l2_s11,H51,port_tight,milp,214.5,214.5,0.0,0
heldout_swe_b4_l2_s11,H51,port_tight,milp,346.5,346.5,0.0,0
heldout_swe_b8_l2_s11,H51,port_tight,milp,313.5,313.5,0.0,0
heldout_swe_b16_l2_s11,H51,port_tight,milp,462.0,462.0,0.0,0
heldout_swe_b2_l13_s3,H51,port_tight,milp,231.0,231.0,0.0,0
heldout_swe_b4_l13_s3,H51,port_tight,milp,313.5,313.5,0.0,0
heldout_swe_b8_l13_s3,H51,port_tight,milp,330.0,330.0,0.0,0
heldout_swe_b16_l13_s3,H51,port_tight,milp,346.5,346.5,0.0,0
heldout_swe_b2_l13_s7,H51,port_tight,milp,231.0,231.0,0.0,0
heldout_swe_b4_l13_s7,H51,port_tight,milp,346.5,346.5,0.0,0
heldout_swe_b8_l13_s7,H51,port_tight,milp,346.5,346.5,0.0,0
heldout_swe_b16_l13_s7,H51,port_tight,milp,363.0,363.0,0.0,0
heldout_swe_b2_l13_s11,H51,port_tight,milp,198.0,198.0,0.0,0
heldout_swe_b4_l13_s11,H51,port_tight,milp,363.0,363.0,0.0,0
heldout_swe_b8_l13_s11,H51,port_tight,milp,313.5,313.5,0.0,0
heldout_swe_b16_l13_s11,H51,port_tight,milp,462.0,462.0,0.0,0
heldout_swe_b2_l26_s3,H51,port_tight,milp,198.0,198.0,0.0,0
heldout_swe_b4_l26_s3,H51,port_tight,milp,313.5,313.5,0.0,0
heldout_swe_b8_l26_s3,H51,port_tight,milp,379.5,379.5,0.0,0
heldout_swe_b16_l26_s3,H51,port_tight,milp,462.0,462.0,0.0,0
heldout_swe_b2_l26_s7,H51,port_tight,milp,231.0,231.0,0.0,0
heldout_swe_b4_l26_s7,H51,port_tight,milp,297.0,297.0,0.0,0
heldout_swe_b8_l26_s7,H51,port_tight,milp,363.0,363.0,0.0,0
heldout_swe_b16_l26_s7,H51,port_tight,milp,379.5,379.5,0.0,0
heldout_swe_b2_l26_s11,H51,port_tight,milp,231.0,231.0,0.0,0
heldout_swe_b4_l26_s11,H51,port_tight,milp,412.5,412.5,0.0,0
heldout_swe_b8_l26_s11,H51,port_tight,milp,313.5,313.5,0.0,0
heldout_swe_b16_l26_s11,H51,port_tight,milp,495.0,495.0,0.0,0
v3_captured_mixed_heldout_bfcl_t64_l2,H51,port_tight,milp,1039.5,1039.5,0.0,0
v3_captured_mixed_heldout_bfcl_t96_l2,H51,port_tight,milp,1089.0,1089.0,0.0,1
v3_captured_mixed_heldout_bfcl_t128_l2,H51,port_tight,milp,1122.0,1122.0,0.0,1
v3_captured_mixed_heldout_bfcl_t64_l13,H51,port_tight,milp,957.0,957.0,0.0,0
v3_captured_mixed_heldout_bfcl_t96_l13,H51,port_tight,milp,1072.5,1072.5,0.0,1
v3_captured_mixed_heldout_bfcl_t128_l13,H51,port_tight,milp,1089.0,1089.0,0.0,1
v3_captured_mixed_heldout_bfcl_t64_l26,H51,port_tight,milp,1023.0,1023.0,0.0,0
v3_captured_mixed_heldout_bfcl_t96_l26,H51,port_tight,milp,1105.5,1105.5,0.0,1
v3_captured_mixed_heldout_bfcl_t128_l26,H51,port_tight,milp,1122.0,1122.0,0.0,1
v3_captured_mixed_heldout_gpqa_t64_l2,H51,port_tight,milp,1072.5,1072.5,0.0,0
v3_captured_mixed_heldout_gpqa_t96_l2,H51,port_tight,milp,1122.0,1122.0,0.0,1
v3_captured_mixed_heldout_gpqa_t128_l2,H51,port_tight,milp,1122.0,1122.0,0.0,1
v3_captured_mixed_heldout_gpqa_t64_l13,H51,port_tight,milp,957.0,957.0,0.0,0
v3_captured_mixed_heldout_gpqa_t96_l13,H51,port_tight,milp,1039.5,1039.5,0.0,1
v3_captured_mixed_heldout_gpqa_t128_l13,H51,port_tight,milp,1056.0,1056.0,0.0,1
v3_captured_mixed_heldout_gpqa_t64_l26,H51,port_tight,milp,1072.5,1072.5,0.0,0
v3_captured_mixed_heldout_gpqa_t96_l26,H51,port_tight,milp,1122.0,1122.0,0.0,1
v3_captured_mixed_heldout_gpqa_t128_l26,H51,port_tight,milp,1122.0,1122.0,0.0,1
v3_captured_mixed_heldout_swe_t64_l2,H51,port_tight,milp,1056.0,1056.0,0.0,0
v3_captured_mixed_heldout_swe_t96_l2,H51,port_tight,milp,1105.5,1105.5,0.0,1
v3_captured_mixed_heldout_swe_t128_l2,H51,port_tight,milp,1122.0,1122.0,0.0,1
v3_captured_mixed_heldout_swe_t64_l13,H51,port_tight,milp,891.0,891.0,0.0,0
v3_captured_mixed_heldout_swe_t96_l13,H51,port_tight,milp,1023.0,1023.0,0.0,1
v3_captured_mixed_heldout_swe_t128_l13,H51,port_tight,milp,1089.0,1089.0,0.0,1
v3_captured_mixed_heldout_swe_t64_l26,H51,port_tight,milp,1006.5,1006.5,0.0,0
v3_captured_mixed_heldout_swe_t96_l26,H51,port_tight,milp,1056.0,1056.0,0.0,1
v3_captured_mixed_heldout_swe_t128_l26,H51,port_tight,milp,1122.0,1122.0,0.0,1
heldout_bfcl_b2_l2_s3,H42,port_tight,eft_old,231.0,231.0,0.0,0
heldout_bfcl_b4_l2_s3,H42,port_tight,eft_old,330.0,330.0,0.0,0
heldout_bfcl_b8_l2_s3,H42,port_tight,eft_old,445.5,445.5,0.0,0
heldout_bfcl_b16_l2_s3,H42,port_tight,eft_old,594.0,594.0,0.0,0
heldout_bfcl_b2_l2_s7,H42,port_tight,eft_old,231.0,231.0,0.0,0
heldout_bfcl_b4_l2_s7,H42,port_tight,eft_old,363.0,363.0,0.0,0
heldout_bfcl_b8_l2_s7,H42,port_tight,eft_old,495.0,495.0,0.0,0
heldout_bfcl_b16_l2_s7,H42,port_tight,eft_old,742.5,742.5,0.0,0
heldout_bfcl_b2_l2_s11,H42,port_tight,eft_old,165.0,165.0,0.0,0
heldout_bfcl_b4_l2_s11,H42,port_tight,eft_old,363.0,363.0,0.0,0
heldout_bfcl_b8_l2_s11,H42,port_tight,eft_old,511.5,511.5,0.0,0
heldout_bfcl_b16_l2_s11,H42,port_tight,eft_old,841.5,841.5,0.0,0
heldout_bfcl_b2_l13_s3,H42,port_tight,eft_old,198.0,198.0,0.0,0
heldout_bfcl_b4_l13_s3,H42,port_tight,eft_old,396.0,396.0,0.0,0
heldout_bfcl_b8_l13_s3,H42,port_tight,eft_old,478.5,478.5,0.0,0
heldout_bfcl_b16_l13_s3,H42,port_tight,eft_old,660.0,660.0,0.0,0
heldout_bfcl_b2_l13_s7,H42,port_tight,eft_old,231.0,231.0,0.0,0
heldout_bfcl_b4_l13_s7,H42,port_tight,eft_old,363.0,363.0,0.0,0
heldout_bfcl_b8_l13_s7,H42,port_tight,eft_old,528.0,528.0,0.0,0
heldout_bfcl_b16_l13_s7,H42,port_tight,eft_old,660.0,660.0,0.0,0
heldout_bfcl_b2_l13_s11,H42,port_tight,eft_old,148.5,148.5,0.0,0
heldout_bfcl_b4_l13_s11,H42,port_tight,eft_old,346.5,346.5,0.0,0
heldout_bfcl_b8_l13_s11,H42,port_tight,eft_old,445.5,445.5,0.0,0
heldout_bfcl_b16_l13_s11,H42,port_tight,eft_old,775.5,775.5,0.0,0
heldout_bfcl_b2_l26_s3,H42,port_tight,eft_old,214.5,214.5,0.0,0
heldout_bfcl_b4_l26_s3,H42,port_tight,eft_old,396.0,396.0,0.0,0
heldout_bfcl_b8_l26_s3,H42,port_tight,eft_old,511.5,511.5,0.0,0
heldout_bfcl_b16_l26_s3,H42,port_tight,eft_old,759.0,759.0,0.0,0
heldout_bfcl_b2_l26_s7,H42,port_tight,eft_old,198.0,198.0,0.0,0
heldout_bfcl_b4_l26_s7,H42,port_tight,eft_old,396.0,396.0,0.0,0
heldout_bfcl_b8_l26_s7,H42,port_tight,eft_old,561.0,561.0,0.0,0
heldout_bfcl_b16_l26_s7,H42,port_tight,eft_old,693.0,693.0,0.0,0
heldout_bfcl_b2_l26_s11,H42,port_tight,eft_old,165.0,165.0,0.0,0
heldout_bfcl_b4_l26_s11,H42,port_tight,eft_old,363.0,363.0,0.0,0
heldout_bfcl_b8_l26_s11,H42,port_tight,eft_old,544.5,544.5,0.0,0
heldout_bfcl_b16_l26_s11,H42,port_tight,eft_old,792.0,792.0,0.0,0
heldout_gpqa_b2_l2_s3,H42,port_tight,eft_old,214.5,214.5,0.0,0
heldout_gpqa_b4_l2_s3,H42,port_tight,eft_old,297.0,297.0,0.0,0
heldout_gpqa_b8_l2_s3,H42,port_tight,eft_old,379.5,379.5,0.0,0
heldout_gpqa_b16_l2_s3,H42,port_tight,eft_old,462.0,462.0,0.0,0
heldout_gpqa_b2_l2_s7,H42,port_tight,eft_old,231.0,231.0,0.0,0
heldout_gpqa_b4_l2_s7,H42,port_tight,eft_old,396.0,396.0,0.0,0
heldout_gpqa_b8_l2_s7,H42,port_tight,eft_old,561.0,561.0,0.0,0
heldout_gpqa_b16_l2_s7,H42,port_tight,eft_old,775.5,775.5,0.0,0
heldout_gpqa_b2_l2_s11,H42,port_tight,eft_old,181.5,181.5,0.0,0
heldout_gpqa_b4_l2_s11,H42,port_tight,eft_old,379.5,379.5,0.0,0
heldout_gpqa_b8_l2_s11,H42,port_tight,eft_old,627.0,627.0,0.0,0
heldout_gpqa_b16_l2_s11,H42,port_tight,eft_old,825.0,825.0,0.0,0
heldout_gpqa_b2_l13_s3,H42,port_tight,eft_old,214.5,214.5,0.0,0
heldout_gpqa_b4_l13_s3,H42,port_tight,eft_old,313.5,313.5,0.0,0
heldout_gpqa_b8_l13_s3,H42,port_tight,eft_old,462.0,462.0,0.0,0
heldout_gpqa_b16_l13_s3,H42,port_tight,eft_old,528.0,528.0,0.0,0
heldout_gpqa_b2_l13_s7,H42,port_tight,eft_old,214.5,214.5,0.0,0
heldout_gpqa_b4_l13_s7,H42,port_tight,eft_old,379.5,379.5,0.0,0
heldout_gpqa_b8_l13_s7,H42,port_tight,eft_old,577.5,577.5,0.0,0
heldout_gpqa_b16_l13_s7,H42,port_tight,eft_old,726.0,726.0,0.0,0
heldout_gpqa_b2_l13_s11,H42,port_tight,eft_old,148.5,148.5,0.0,0
heldout_gpqa_b4_l13_s11,H42,port_tight,eft_old,396.0,396.0,0.0,0
heldout_gpqa_b8_l13_s11,H42,port_tight,eft_old,495.0,495.0,0.0,0
heldout_gpqa_b16_l13_s11,H42,port_tight,eft_old,742.5,742.5,0.0,0
heldout_gpqa_b2_l26_s3,H42,port_tight,eft_old,231.0,231.0,0.0,0
heldout_gpqa_b4_l26_s3,H42,port_tight,eft_old,280.5,280.5,0.0,0
heldout_gpqa_b8_l26_s3,H42,port_tight,eft_old,412.5,412.5,0.0,0
heldout_gpqa_b16_l26_s3,H42,port_tight,eft_old,561.0,561.0,0.0,0
heldout_gpqa_b2_l26_s7,H42,port_tight,eft_old,231.0,231.0,0.0,0
heldout_gpqa_b4_l26_s7,H42,port_tight,eft_old,379.5,379.5,0.0,0
heldout_gpqa_b8_l26_s7,H42,port_tight,eft_old,561.0,561.0,0.0,0
heldout_gpqa_b16_l26_s7,H42,port_tight,eft_old,759.0,759.0,0.0,0
heldout_gpqa_b2_l26_s11,H42,port_tight,eft_old,214.5,214.5,0.0,0
heldout_gpqa_b4_l26_s11,H42,port_tight,eft_old,412.5,412.5,0.0,0
heldout_gpqa_b8_l26_s11,H42,port_tight,eft_old,561.0,561.0,0.0,0
heldout_gpqa_b16_l26_s11,H42,port_tight,eft_old,825.0,825.0,0.0,0
heldout_swe_b2_l2_s3,H42,port_tight,eft_old,214.5,214.5,0.0,0
heldout_swe_b4_l2_s3,H42,port_tight,eft_old,247.5,247.5,0.0,0
heldout_swe_b8_l2_s3,H42,port_tight,eft_old,280.5,280.5,0.0,0
heldout_swe_b16_l2_s3,H42,port_tight,eft_old,330.0,330.0,0.0,0
heldout_swe_b2_l2_s7,H42,port_tight,eft_old,214.5,214.5,0.0,0
heldout_swe_b4_l2_s7,H42,port_tight,eft_old,280.5,280.5,0.0,0
heldout_swe_b8_l2_s7,H42,port_tight,eft_old,297.0,297.0,0.0,0
heldout_swe_b16_l2_s7,H42,port_tight,eft_old,379.5,363.0,4.545454545454541,1
heldout_swe_b2_l2_s11,H42,port_tight,eft_old,214.5,214.5,0.0,0
heldout_swe_b4_l2_s11,H42,port_tight,eft_old,346.5,346.5,0.0,0
heldout_swe_b8_l2_s11,H42,port_tight,eft_old,313.5,313.5,0.0,0
heldout_swe_b16_l2_s11,H42,port_tight,eft_old,462.0,462.0,0.0,0
heldout_swe_b2_l13_s3,H42,port_tight,eft_old,231.0,231.0,0.0,0
heldout_swe_b4_l13_s3,H42,port_tight,eft_old,313.5,313.5,0.0,0
heldout_swe_b8_l13_s3,H42,port_tight,eft_old,330.0,330.0,0.0,0
heldout_swe_b16_l13_s3,H42,port_tight,eft_old,346.5,346.5,0.0,0
heldout_swe_b2_l13_s7,H42,port_tight,eft_old,231.0,231.0,0.0,0
heldout_swe_b4_l13_s7,H42,port_tight,eft_old,346.5,346.5,0.0,0
heldout_swe_b8_l13_s7,H42,port_tight,eft_old,346.5,346.5,0.0,0
heldout_swe_b16_l13_s7,H42,port_tight,eft_old,363.0,363.0,0.0,0
heldout_swe_b2_l13_s11,H42,port_tight,eft_old,198.0,198.0,0.0,0
heldout_swe_b4_l13_s11,H42,port_tight,eft_old,363.0,363.0,0.0,0
heldout_swe_b8_l13_s11,H42,port_tight,eft_old,313.5,313.5,0.0,0
heldout_swe_b16_l13_s11,H42,port_tight,eft_old,478.5,462.0,3.571428571428581,1
heldout_swe_b2_l26_s3,H42,port_tight,eft_old,198.0,198.0,0.0,0
heldout_swe_b4_l26_s3,H42,port_tight,eft_old,313.5,313.5,0.0,0
heldout_swe_b8_l26_s3,H42,port_tight,eft_old,379.5,379.5,0.0,0
heldout_swe_b16_l26_s3,H42,port_tight,eft_old,478.5,462.0,3.571428571428581,1
heldout_swe_b2_l26_s7,H42,port_tight,eft_old,231.0,231.0,0.0,0
heldout_swe_b4_l26_s7,H42,port_tight,eft_old,297.0,297.0,0.0,0
heldout_swe_b8_l26_s7,H42,port_tight,eft_old,363.0,363.0,0.0,0
heldout_swe_b16_l26_s7,H42,port_tight,eft_old,379.5,379.5,0.0,0
heldout_swe_b2_l26_s11,H42,port_tight,eft_old,231.0,231.0,0.0,0
heldout_swe_b4_l26_s11,H42,port_tight,eft_old,412.5,412.5,0.0,0
heldout_swe_b8_l26_s11,H42,port_tight,eft_old,313.5,313.5,0.0,0
heldout_swe_b16_l26_s11,H42,port_tight,eft_old,495.0,495.0,0.0,0
v3_captured_mixed_heldout_bfcl_t64_l2,H42,port_tight,eft_old,1122.0,1039.5,7.9365079365079305,5
v3_captured_mixed_heldout_bfcl_t96_l2,H42,port_tight,eft_old,1254.0,1089.0,15.15151515151516,9
v3_captured_mixed_heldout_bfcl_t128_l2,H42,port_tight,eft_old,2128.5,1122.0,89.70588235294117,9
v3_captured_mixed_heldout_bfcl_t64_l13,H42,port_tight,eft_old,1468.5,957.0,53.448275862068975,6
v3_captured_mixed_heldout_bfcl_t96_l13,H42,port_tight,eft_old,1831.5,1072.5,70.76923076923076,8
v3_captured_mixed_heldout_bfcl_t128_l13,H42,port_tight,eft_old,2128.5,1089.0,95.45454545454545,11
v3_captured_mixed_heldout_bfcl_t64_l26,H42,port_tight,eft_old,1056.0,1023.0,3.2258064516129004,2
v3_captured_mixed_heldout_bfcl_t96_l26,H42,port_tight,eft_old,1287.0,1105.5,16.417910447761198,8
v3_captured_mixed_heldout_bfcl_t128_l26,H42,port_tight,eft_old,1336.5,1122.0,19.11764705882353,10
v3_captured_mixed_heldout_gpqa_t64_l2,H42,port_tight,eft_old,1122.0,1072.5,4.615384615384621,3
v3_captured_mixed_heldout_gpqa_t96_l2,H42,port_tight,eft_old,1221.0,1122.0,8.823529411764696,7
v3_captured_mixed_heldout_gpqa_t128_l2,H42,port_tight,eft_old,2128.5,1122.0,89.70588235294117,12
v3_captured_mixed_heldout_gpqa_t64_l13,H42,port_tight,eft_old,1039.5,957.0,8.62068965517242,5
v3_captured_mixed_heldout_gpqa_t96_l13,H42,port_tight,eft_old,1765.5,1056.0,67.1875,9
v3_captured_mixed_heldout_gpqa_t128_l13,H42,port_tight,eft_old,2029.5,1105.5,83.5820895522388,11
v3_captured_mixed_heldout_gpqa_t64_l26,H42,port_tight,eft_old,1501.5,1072.5,39.99999999999999,3
v3_captured_mixed_heldout_gpqa_t96_l26,H42,port_tight,eft_old,1287.0,1122.0,14.705882352941169,11
v3_captured_mixed_heldout_gpqa_t128_l26,H42,port_tight,eft_old,1369.5,1155.0,18.571428571428573,14
v3_captured_mixed_heldout_swe_t64_l2,H42,port_tight,eft_old,1468.5,1056.0,39.0625,2
v3_captured_mixed_heldout_swe_t96_l2,H42,port_tight,eft_old,1237.5,1105.5,11.940298507462677,9
v3_captured_mixed_heldout_swe_t128_l2,H42,port_tight,eft_old,1369.5,1138.5,20.28985507246377,16
v3_captured_mixed_heldout_swe_t64_l13,H42,port_tight,eft_old,957.0,891.0,7.407407407407418,2
v3_captured_mixed_heldout_swe_t96_l13,H42,port_tight,eft_old,1204.5,1023.0,17.741935483870975,8
v3_captured_mixed_heldout_swe_t128_l13,H42,port_tight,eft_old,2029.5,1089.0,86.36363636363636,8
v3_captured_mixed_heldout_swe_t64_l26,H42,port_tight,eft_old,1056.0,1023.0,3.2258064516129004,3
v3_captured_mixed_heldout_swe_t96_l26,H42,port_tight,eft_old,1765.5,1056.0,67.1875,8
v3_captured_mixed_heldout_swe_t128_l26,H42,port_tight,eft_old,1336.5,1155.0,15.714285714285726,14
heldout_bfcl_b2_l2_s3,H42,port_tight,fixed,231.0,231.0,0.0,0
heldout_bfcl_b4_l2_s3,H42,port_tight,fixed,330.0,330.0,0.0,0
heldout_bfcl_b8_l2_s3,H42,port_tight,fixed,445.5,445.5,0.0,0
heldout_bfcl_b16_l2_s3,H42,port_tight,fixed,594.0,594.0,0.0,0
heldout_bfcl_b2_l2_s7,H42,port_tight,fixed,231.0,231.0,0.0,0
heldout_bfcl_b4_l2_s7,H42,port_tight,fixed,363.0,363.0,0.0,0
heldout_bfcl_b8_l2_s7,H42,port_tight,fixed,495.0,495.0,0.0,0
heldout_bfcl_b16_l2_s7,H42,port_tight,fixed,742.5,742.5,0.0,0
heldout_bfcl_b2_l2_s11,H42,port_tight,fixed,165.0,165.0,0.0,0
heldout_bfcl_b4_l2_s11,H42,port_tight,fixed,363.0,363.0,0.0,0
heldout_bfcl_b8_l2_s11,H42,port_tight,fixed,511.5,511.5,0.0,0
heldout_bfcl_b16_l2_s11,H42,port_tight,fixed,841.5,841.5,0.0,0
heldout_bfcl_b2_l13_s3,H42,port_tight,fixed,198.0,198.0,0.0,0
heldout_bfcl_b4_l13_s3,H42,port_tight,fixed,396.0,396.0,0.0,0
heldout_bfcl_b8_l13_s3,H42,port_tight,fixed,478.5,478.5,0.0,0
heldout_bfcl_b16_l13_s3,H42,port_tight,fixed,660.0,660.0,0.0,0
heldout_bfcl_b2_l13_s7,H42,port_tight,fixed,231.0,231.0,0.0,0
heldout_bfcl_b4_l13_s7,H42,port_tight,fixed,363.0,363.0,0.0,0
heldout_bfcl_b8_l13_s7,H42,port_tight,fixed,528.0,528.0,0.0,0
heldout_bfcl_b16_l13_s7,H42,port_tight,fixed,660.0,660.0,0.0,0
heldout_bfcl_b2_l13_s11,H42,port_tight,fixed,148.5,148.5,0.0,0
heldout_bfcl_b4_l13_s11,H42,port_tight,fixed,346.5,346.5,0.0,0
heldout_bfcl_b8_l13_s11,H42,port_tight,fixed,445.5,445.5,0.0,0
heldout_bfcl_b16_l13_s11,H42,port_tight,fixed,775.5,775.5,0.0,0
heldout_bfcl_b2_l26_s3,H42,port_tight,fixed,214.5,214.5,0.0,0
heldout_bfcl_b4_l26_s3,H42,port_tight,fixed,396.0,396.0,0.0,0
heldout_bfcl_b8_l26_s3,H42,port_tight,fixed,511.5,511.5,0.0,0
heldout_bfcl_b16_l26_s3,H42,port_tight,fixed,759.0,759.0,0.0,0
heldout_bfcl_b2_l26_s7,H42,port_tight,fixed,198.0,198.0,0.0,0
heldout_bfcl_b4_l26_s7,H42,port_tight,fixed,396.0,396.0,0.0,0
heldout_bfcl_b8_l26_s7,H42,port_tight,fixed,561.0,561.0,0.0,0
heldout_bfcl_b16_l26_s7,H42,port_tight,fixed,693.0,693.0,0.0,0
heldout_bfcl_b2_l26_s11,H42,port_tight,fixed,165.0,165.0,0.0,0
heldout_bfcl_b4_l26_s11,H42,port_tight,fixed,363.0,363.0,0.0,0
heldout_bfcl_b8_l26_s11,H42,port_tight,fixed,544.5,544.5,0.0,0
heldout_bfcl_b16_l26_s11,H42,port_tight,fixed,792.0,792.0,0.0,0
heldout_gpqa_b2_l2_s3,H42,port_tight,fixed,214.5,214.5,0.0,0
heldout_gpqa_b4_l2_s3,H42,port_tight,fixed,297.0,297.0,0.0,0
heldout_gpqa_b8_l2_s3,H42,port_tight,fixed,379.5,379.5,0.0,0
heldout_gpqa_b16_l2_s3,H42,port_tight,fixed,462.0,462.0,0.0,0
heldout_gpqa_b2_l2_s7,H42,port_tight,fixed,231.0,231.0,0.0,0
heldout_gpqa_b4_l2_s7,H42,port_tight,fixed,396.0,396.0,0.0,0
heldout_gpqa_b8_l2_s7,H42,port_tight,fixed,561.0,561.0,0.0,0
heldout_gpqa_b16_l2_s7,H42,port_tight,fixed,775.5,775.5,0.0,0
heldout_gpqa_b2_l2_s11,H42,port_tight,fixed,181.5,181.5,0.0,0
heldout_gpqa_b4_l2_s11,H42,port_tight,fixed,379.5,379.5,0.0,0
heldout_gpqa_b8_l2_s11,H42,port_tight,fixed,627.0,627.0,0.0,0
heldout_gpqa_b16_l2_s11,H42,port_tight,fixed,825.0,825.0,0.0,0
heldout_gpqa_b2_l13_s3,H42,port_tight,fixed,214.5,214.5,0.0,0
heldout_gpqa_b4_l13_s3,H42,port_tight,fixed,313.5,313.5,0.0,0
heldout_gpqa_b8_l13_s3,H42,port_tight,fixed,462.0,462.0,0.0,0
heldout_gpqa_b16_l13_s3,H42,port_tight,fixed,528.0,528.0,0.0,0
heldout_gpqa_b2_l13_s7,H42,port_tight,fixed,214.5,214.5,0.0,0
heldout_gpqa_b4_l13_s7,H42,port_tight,fixed,379.5,379.5,0.0,0
heldout_gpqa_b8_l13_s7,H42,port_tight,fixed,577.5,577.5,0.0,0
heldout_gpqa_b16_l13_s7,H42,port_tight,fixed,726.0,726.0,0.0,0
heldout_gpqa_b2_l13_s11,H42,port_tight,fixed,148.5,148.5,0.0,0
heldout_gpqa_b4_l13_s11,H42,port_tight,fixed,396.0,396.0,0.0,0
heldout_gpqa_b8_l13_s11,H42,port_tight,fixed,495.0,495.0,0.0,0
heldout_gpqa_b16_l13_s11,H42,port_tight,fixed,742.5,742.5,0.0,0
heldout_gpqa_b2_l26_s3,H42,port_tight,fixed,231.0,231.0,0.0,0
heldout_gpqa_b4_l26_s3,H42,port_tight,fixed,280.5,280.5,0.0,0
heldout_gpqa_b8_l26_s3,H42,port_tight,fixed,412.5,412.5,0.0,0
heldout_gpqa_b16_l26_s3,H42,port_tight,fixed,577.5,561.0,2.941176470588225,1
heldout_gpqa_b2_l26_s7,H42,port_tight,fixed,231.0,231.0,0.0,0
heldout_gpqa_b4_l26_s7,H42,port_tight,fixed,379.5,379.5,0.0,0
heldout_gpqa_b8_l26_s7,H42,port_tight,fixed,561.0,561.0,0.0,0
heldout_gpqa_b16_l26_s7,H42,port_tight,fixed,759.0,759.0,0.0,0
heldout_gpqa_b2_l26_s11,H42,port_tight,fixed,214.5,214.5,0.0,0
heldout_gpqa_b4_l26_s11,H42,port_tight,fixed,412.5,412.5,0.0,0
heldout_gpqa_b8_l26_s11,H42,port_tight,fixed,561.0,561.0,0.0,0
heldout_gpqa_b16_l26_s11,H42,port_tight,fixed,825.0,825.0,0.0,0
heldout_swe_b2_l2_s3,H42,port_tight,fixed,214.5,214.5,0.0,0
heldout_swe_b4_l2_s3,H42,port_tight,fixed,247.5,247.5,0.0,0
heldout_swe_b8_l2_s3,H42,port_tight,fixed,280.5,280.5,0.0,0
heldout_swe_b16_l2_s3,H42,port_tight,fixed,330.0,330.0,0.0,0
heldout_swe_b2_l2_s7,H42,port_tight,fixed,214.5,214.5,0.0,0
heldout_swe_b4_l2_s7,H42,port_tight,fixed,280.5,280.5,0.0,0
heldout_swe_b8_l2_s7,H42,port_tight,fixed,297.0,297.0,0.0,0
heldout_swe_b16_l2_s7,H42,port_tight,fixed,363.0,363.0,0.0,0
heldout_swe_b2_l2_s11,H42,port_tight,fixed,214.5,214.5,0.0,0
heldout_swe_b4_l2_s11,H42,port_tight,fixed,346.5,346.5,0.0,0
heldout_swe_b8_l2_s11,H42,port_tight,fixed,313.5,313.5,0.0,0
heldout_swe_b16_l2_s11,H42,port_tight,fixed,462.0,462.0,0.0,0
heldout_swe_b2_l13_s3,H42,port_tight,fixed,231.0,231.0,0.0,0
heldout_swe_b4_l13_s3,H42,port_tight,fixed,313.5,313.5,0.0,0
heldout_swe_b8_l13_s3,H42,port_tight,fixed,330.0,330.0,0.0,0
heldout_swe_b16_l13_s3,H42,port_tight,fixed,346.5,346.5,0.0,0
heldout_swe_b2_l13_s7,H42,port_tight,fixed,231.0,231.0,0.0,0
heldout_swe_b4_l13_s7,H42,port_tight,fixed,346.5,346.5,0.0,0
heldout_swe_b8_l13_s7,H42,port_tight,fixed,346.5,346.5,0.0,0
heldout_swe_b16_l13_s7,H42,port_tight,fixed,379.5,363.0,4.545454545454541,1
heldout_swe_b2_l13_s11,H42,port_tight,fixed,198.0,198.0,0.0,0
heldout_swe_b4_l13_s11,H42,port_tight,fixed,363.0,363.0,0.0,0
heldout_swe_b8_l13_s11,H42,port_tight,fixed,313.5,313.5,0.0,0
heldout_swe_b16_l13_s11,H42,port_tight,fixed,462.0,462.0,0.0,0
heldout_swe_b2_l26_s3,H42,port_tight,fixed,198.0,198.0,0.0,0
heldout_swe_b4_l26_s3,H42,port_tight,fixed,313.5,313.5,0.0,0
heldout_swe_b8_l26_s3,H42,port_tight,fixed,379.5,379.5,0.0,0
heldout_swe_b16_l26_s3,H42,port_tight,fixed,462.0,462.0,0.0,0
heldout_swe_b2_l26_s7,H42,port_tight,fixed,231.0,231.0,0.0,0
heldout_swe_b4_l26_s7,H42,port_tight,fixed,297.0,297.0,0.0,0
heldout_swe_b8_l26_s7,H42,port_tight,fixed,363.0,363.0,0.0,0
heldout_swe_b16_l26_s7,H42,port_tight,fixed,379.5,379.5,0.0,0
heldout_swe_b2_l26_s11,H42,port_tight,fixed,231.0,231.0,0.0,0
heldout_swe_b4_l26_s11,H42,port_tight,fixed,412.5,412.5,0.0,0
heldout_swe_b8_l26_s11,H42,port_tight,fixed,313.5,313.5,0.0,0
heldout_swe_b16_l26_s11,H42,port_tight,fixed,495.0,495.0,0.0,0
v3_captured_mixed_heldout_bfcl_t64_l2,H42,port_tight,fixed,1039.5,1039.5,0.0,0
v3_captured_mixed_heldout_bfcl_t96_l2,H42,port_tight,fixed,1122.0,1089.0,3.0303030303030276,2
v3_captured_mixed_heldout_bfcl_t128_l2,H42,port_tight,fixed,1171.5,1122.0,4.4117647058823595,2
v3_captured_mixed_heldout_bfcl_t64_l13,H42,port_tight,fixed,957.0,957.0,0.0,0
v3_captured_mixed_heldout_bfcl_t96_l13,H42,port_tight,fixed,1122.0,1072.5,4.615384615384621,2
v3_captured_mixed_heldout_bfcl_t128_l13,H42,port_tight,fixed,1138.5,1089.0,4.545454545454541,2
v3_captured_mixed_heldout_bfcl_t64_l26,H42,port_tight,fixed,1023.0,1023.0,0.0,0
v3_captured_mixed_heldout_bfcl_t96_l26,H42,port_tight,fixed,1155.0,1105.5,4.477611940298498,2
v3_captured_mixed_heldout_bfcl_t128_l26,H42,port_tight,fixed,1138.5,1122.0,1.4705882352941124,2
v3_captured_mixed_heldout_gpqa_t64_l2,H42,port_tight,fixed,1072.5,1072.5,0.0,0
v3_captured_mixed_heldout_gpqa_t96_l2,H42,port_tight,fixed,1138.5,1122.0,1.4705882352941124,2
v3_captured_mixed_heldout_gpqa_t128_l2,H42,port_tight,fixed,1155.0,1122.0,2.941176470588225,3
v3_captured_mixed_heldout_gpqa_t64_l13,H42,port_tight,fixed,957.0,957.0,0.0,0
v3_captured_mixed_heldout_gpqa_t96_l13,H42,port_tight,fixed,1039.5,1056.0,-1.5625,1
v3_captured_mixed_heldout_gpqa_t128_l13,H42,port_tight,fixed,1105.5,1105.5,0.0,2
v3_captured_mixed_heldout_gpqa_t64_l26,H42,port_tight,fixed,1072.5,1072.5,0.0,0
v3_captured_mixed_heldout_gpqa_t96_l26,H42,port_tight,fixed,1122.0,1122.0,0.0,1
v3_captured_mixed_heldout_gpqa_t128_l26,H42,port_tight,fixed,1138.5,1155.0,-1.4285714285714235,2
v3_captured_mixed_heldout_swe_t64_l2,H42,port_tight,fixed,1072.5,1056.0,1.5625,1
v3_captured_mixed_heldout_swe_t96_l2,H42,port_tight,fixed,1122.0,1105.5,1.4925373134328401,2
v3_captured_mixed_heldout_swe_t128_l2,H42,port_tight,fixed,1171.5,1138.5,2.898550724637672,2
v3_captured_mixed_heldout_swe_t64_l13,H42,port_tight,fixed,891.0,891.0,0.0,0
v3_captured_mixed_heldout_swe_t96_l13,H42,port_tight,fixed,1072.5,1023.0,4.8387096774193505,2
v3_captured_mixed_heldout_swe_t128_l13,H42,port_tight,fixed,1138.5,1089.0,4.545454545454541,2
v3_captured_mixed_heldout_swe_t64_l26,H42,port_tight,fixed,1006.5,1023.0,-1.6129032258064502,0
v3_captured_mixed_heldout_swe_t96_l26,H42,port_tight,fixed,1056.0,1056.0,0.0,1
v3_captured_mixed_heldout_swe_t128_l26,H42,port_tight,fixed,1122.0,1155.0,-2.857142857142858,1
heldout_bfcl_b2_l2_s3,H42,port_tight,milp,231.0,231.0,0.0,0
heldout_bfcl_b4_l2_s3,H42,port_tight,milp,330.0,330.0,0.0,0
heldout_bfcl_b8_l2_s3,H42,port_tight,milp,445.5,445.5,0.0,0
heldout_bfcl_b16_l2_s3,H42,port_tight,milp,594.0,594.0,0.0,0
heldout_bfcl_b2_l2_s7,H42,port_tight,milp,231.0,231.0,0.0,0
heldout_bfcl_b4_l2_s7,H42,port_tight,milp,363.0,363.0,0.0,0
heldout_bfcl_b8_l2_s7,H42,port_tight,milp,495.0,495.0,0.0,0
heldout_bfcl_b16_l2_s7,H42,port_tight,milp,742.5,742.5,0.0,0
heldout_bfcl_b2_l2_s11,H42,port_tight,milp,165.0,165.0,0.0,0
heldout_bfcl_b4_l2_s11,H42,port_tight,milp,363.0,363.0,0.0,0
heldout_bfcl_b8_l2_s11,H42,port_tight,milp,511.5,511.5,0.0,0
heldout_bfcl_b16_l2_s11,H42,port_tight,milp,841.5,841.5,0.0,0
heldout_bfcl_b2_l13_s3,H42,port_tight,milp,198.0,198.0,0.0,0
heldout_bfcl_b4_l13_s3,H42,port_tight,milp,396.0,396.0,0.0,0
heldout_bfcl_b8_l13_s3,H42,port_tight,milp,478.5,478.5,0.0,0
heldout_bfcl_b16_l13_s3,H42,port_tight,milp,660.0,660.0,0.0,0
heldout_bfcl_b2_l13_s7,H42,port_tight,milp,231.0,231.0,0.0,0
heldout_bfcl_b4_l13_s7,H42,port_tight,milp,363.0,363.0,0.0,0
heldout_bfcl_b8_l13_s7,H42,port_tight,milp,528.0,528.0,0.0,0
heldout_bfcl_b16_l13_s7,H42,port_tight,milp,660.0,660.0,0.0,0
heldout_bfcl_b2_l13_s11,H42,port_tight,milp,148.5,148.5,0.0,0
heldout_bfcl_b4_l13_s11,H42,port_tight,milp,346.5,346.5,0.0,0
heldout_bfcl_b8_l13_s11,H42,port_tight,milp,445.5,445.5,0.0,0
heldout_bfcl_b16_l13_s11,H42,port_tight,milp,775.5,775.5,0.0,0
heldout_bfcl_b2_l26_s3,H42,port_tight,milp,214.5,214.5,0.0,0
heldout_bfcl_b4_l26_s3,H42,port_tight,milp,396.0,396.0,0.0,0
heldout_bfcl_b8_l26_s3,H42,port_tight,milp,511.5,511.5,0.0,0
heldout_bfcl_b16_l26_s3,H42,port_tight,milp,759.0,759.0,0.0,0
heldout_bfcl_b2_l26_s7,H42,port_tight,milp,198.0,198.0,0.0,0
heldout_bfcl_b4_l26_s7,H42,port_tight,milp,396.0,396.0,0.0,0
heldout_bfcl_b8_l26_s7,H42,port_tight,milp,561.0,561.0,0.0,0
heldout_bfcl_b16_l26_s7,H42,port_tight,milp,693.0,693.0,0.0,0
heldout_bfcl_b2_l26_s11,H42,port_tight,milp,165.0,165.0,0.0,0
heldout_bfcl_b4_l26_s11,H42,port_tight,milp,363.0,363.0,0.0,0
heldout_bfcl_b8_l26_s11,H42,port_tight,milp,544.5,544.5,0.0,0
heldout_bfcl_b16_l26_s11,H42,port_tight,milp,792.0,792.0,0.0,0
heldout_gpqa_b2_l2_s3,H42,port_tight,milp,214.5,214.5,0.0,0
heldout_gpqa_b4_l2_s3,H42,port_tight,milp,297.0,297.0,0.0,0
heldout_gpqa_b8_l2_s3,H42,port_tight,milp,379.5,379.5,0.0,0
heldout_gpqa_b16_l2_s3,H42,port_tight,milp,462.0,462.0,0.0,0
heldout_gpqa_b2_l2_s7,H42,port_tight,milp,231.0,231.0,0.0,0
heldout_gpqa_b4_l2_s7,H42,port_tight,milp,396.0,396.0,0.0,0
heldout_gpqa_b8_l2_s7,H42,port_tight,milp,561.0,561.0,0.0,0
heldout_gpqa_b16_l2_s7,H42,port_tight,milp,775.5,775.5,0.0,0
heldout_gpqa_b2_l2_s11,H42,port_tight,milp,181.5,181.5,0.0,0
heldout_gpqa_b4_l2_s11,H42,port_tight,milp,379.5,379.5,0.0,0
heldout_gpqa_b8_l2_s11,H42,port_tight,milp,627.0,627.0,0.0,0
heldout_gpqa_b16_l2_s11,H42,port_tight,milp,825.0,825.0,0.0,0
heldout_gpqa_b2_l13_s3,H42,port_tight,milp,214.5,214.5,0.0,0
heldout_gpqa_b4_l13_s3,H42,port_tight,milp,313.5,313.5,0.0,0
heldout_gpqa_b8_l13_s3,H42,port_tight,milp,462.0,462.0,0.0,0
heldout_gpqa_b16_l13_s3,H42,port_tight,milp,528.0,528.0,0.0,0
heldout_gpqa_b2_l13_s7,H42,port_tight,milp,214.5,214.5,0.0,0
heldout_gpqa_b4_l13_s7,H42,port_tight,milp,379.5,379.5,0.0,0
heldout_gpqa_b8_l13_s7,H42,port_tight,milp,577.5,577.5,0.0,0
heldout_gpqa_b16_l13_s7,H42,port_tight,milp,726.0,726.0,0.0,0
heldout_gpqa_b2_l13_s11,H42,port_tight,milp,148.5,148.5,0.0,0
heldout_gpqa_b4_l13_s11,H42,port_tight,milp,396.0,396.0,0.0,0
heldout_gpqa_b8_l13_s11,H42,port_tight,milp,495.0,495.0,0.0,0
heldout_gpqa_b16_l13_s11,H42,port_tight,milp,742.5,742.5,0.0,0
heldout_gpqa_b2_l26_s3,H42,port_tight,milp,231.0,231.0,0.0,0
heldout_gpqa_b4_l26_s3,H42,port_tight,milp,280.5,280.5,0.0,0
heldout_gpqa_b8_l26_s3,H42,port_tight,milp,412.5,412.5,0.0,0
heldout_gpqa_b16_l26_s3,H42,port_tight,milp,561.0,561.0,0.0,0
heldout_gpqa_b2_l26_s7,H42,port_tight,milp,231.0,231.0,0.0,0
heldout_gpqa_b4_l26_s7,H42,port_tight,milp,379.5,379.5,0.0,0
heldout_gpqa_b8_l26_s7,H42,port_tight,milp,561.0,561.0,0.0,0
heldout_gpqa_b16_l26_s7,H42,port_tight,milp,759.0,759.0,0.0,0
heldout_gpqa_b2_l26_s11,H42,port_tight,milp,214.5,214.5,0.0,0
heldout_gpqa_b4_l26_s11,H42,port_tight,milp,412.5,412.5,0.0,0
heldout_gpqa_b8_l26_s11,H42,port_tight,milp,561.0,561.0,0.0,0
heldout_gpqa_b16_l26_s11,H42,port_tight,milp,825.0,825.0,0.0,0
heldout_swe_b2_l2_s3,H42,port_tight,milp,214.5,214.5,0.0,0
heldout_swe_b4_l2_s3,H42,port_tight,milp,247.5,247.5,0.0,0
heldout_swe_b8_l2_s3,H42,port_tight,milp,280.5,280.5,0.0,0
heldout_swe_b16_l2_s3,H42,port_tight,milp,330.0,330.0,0.0,0
heldout_swe_b2_l2_s7,H42,port_tight,milp,214.5,214.5,0.0,0
heldout_swe_b4_l2_s7,H42,port_tight,milp,280.5,280.5,0.0,0
heldout_swe_b8_l2_s7,H42,port_tight,milp,297.0,297.0,0.0,0
heldout_swe_b16_l2_s7,H42,port_tight,milp,363.0,363.0,0.0,0
heldout_swe_b2_l2_s11,H42,port_tight,milp,214.5,214.5,0.0,0
heldout_swe_b4_l2_s11,H42,port_tight,milp,346.5,346.5,0.0,0
heldout_swe_b8_l2_s11,H42,port_tight,milp,313.5,313.5,0.0,0
heldout_swe_b16_l2_s11,H42,port_tight,milp,462.0,462.0,0.0,0
heldout_swe_b2_l13_s3,H42,port_tight,milp,231.0,231.0,0.0,0
heldout_swe_b4_l13_s3,H42,port_tight,milp,313.5,313.5,0.0,0
heldout_swe_b8_l13_s3,H42,port_tight,milp,330.0,330.0,0.0,0
heldout_swe_b16_l13_s3,H42,port_tight,milp,346.5,346.5,0.0,0
heldout_swe_b2_l13_s7,H42,port_tight,milp,231.0,231.0,0.0,0
heldout_swe_b4_l13_s7,H42,port_tight,milp,346.5,346.5,0.0,0
heldout_swe_b8_l13_s7,H42,port_tight,milp,346.5,346.5,0.0,0
heldout_swe_b16_l13_s7,H42,port_tight,milp,363.0,363.0,0.0,0
heldout_swe_b2_l13_s11,H42,port_tight,milp,198.0,198.0,0.0,0
heldout_swe_b4_l13_s11,H42,port_tight,milp,363.0,363.0,0.0,0
heldout_swe_b8_l13_s11,H42,port_tight,milp,313.5,313.5,0.0,0
heldout_swe_b16_l13_s11,H42,port_tight,milp,462.0,462.0,0.0,0
heldout_swe_b2_l26_s3,H42,port_tight,milp,198.0,198.0,0.0,0
heldout_swe_b4_l26_s3,H42,port_tight,milp,313.5,313.5,0.0,0
heldout_swe_b8_l26_s3,H42,port_tight,milp,379.5,379.5,0.0,0
heldout_swe_b16_l26_s3,H42,port_tight,milp,462.0,462.0,0.0,0
heldout_swe_b2_l26_s7,H42,port_tight,milp,231.0,231.0,0.0,0
heldout_swe_b4_l26_s7,H42,port_tight,milp,297.0,297.0,0.0,0
heldout_swe_b8_l26_s7,H42,port_tight,milp,363.0,363.0,0.0,0
heldout_swe_b16_l26_s7,H42,port_tight,milp,379.5,379.5,0.0,0
heldout_swe_b2_l26_s11,H42,port_tight,milp,231.0,231.0,0.0,0
heldout_swe_b4_l26_s11,H42,port_tight,milp,412.5,412.5,0.0,0
heldout_swe_b8_l26_s11,H42,port_tight,milp,313.5,313.5,0.0,0
heldout_swe_b16_l26_s11,H42,port_tight,milp,495.0,495.0,0.0,0
v3_captured_mixed_heldout_bfcl_t64_l2,H42,port_tight,milp,1039.5,1039.5,0.0,0
v3_captured_mixed_heldout_bfcl_t96_l2,H42,port_tight,milp,1089.0,1089.0,0.0,1
v3_captured_mixed_heldout_bfcl_t128_l2,H42,port_tight,milp,1122.0,1122.0,0.0,1
v3_captured_mixed_heldout_bfcl_t64_l13,H42,port_tight,milp,957.0,957.0,0.0,0
v3_captured_mixed_heldout_bfcl_t96_l13,H42,port_tight,milp,1072.5,1072.5,0.0,1
v3_captured_mixed_heldout_bfcl_t128_l13,H42,port_tight,milp,1089.0,1089.0,0.0,1
v3_captured_mixed_heldout_bfcl_t64_l26,H42,port_tight,milp,1023.0,1023.0,0.0,0
v3_captured_mixed_heldout_bfcl_t96_l26,H42,port_tight,milp,1105.5,1105.5,0.0,1
v3_captured_mixed_heldout_bfcl_t128_l26,H42,port_tight,milp,1122.0,1122.0,0.0,1
v3_captured_mixed_heldout_gpqa_t64_l2,H42,port_tight,milp,1072.5,1072.5,0.0,0
v3_captured_mixed_heldout_gpqa_t96_l2,H42,port_tight,milp,1122.0,1122.0,0.0,1
v3_captured_mixed_heldout_gpqa_t128_l2,H42,port_tight,milp,1122.0,1122.0,0.0,1
v3_captured_mixed_heldout_gpqa_t64_l13,H42,port_tight,milp,957.0,957.0,0.0,0
v3_captured_mixed_heldout_gpqa_t96_l13,H42,port_tight,milp,1056.0,1056.0,0.0,2
v3_captured_mixed_heldout_gpqa_t128_l13,H42,port_tight,milp,1105.5,1105.5,0.0,4
v3_captured_mixed_heldout_gpqa_t64_l26,H42,port_tight,milp,1072.5,1072.5,0.0,0
v3_captured_mixed_heldout_gpqa_t96_l26,H42,port_tight,milp,1122.0,1122.0,0.0,1
v3_captured_mixed_heldout_gpqa_t128_l26,H42,port_tight,milp,1155.0,1155.0,0.0,3
v3_captured_mixed_heldout_swe_t64_l2,H42,port_tight,milp,1056.0,1056.0,0.0,0
v3_captured_mixed_heldout_swe_t96_l2,H42,port_tight,milp,1105.5,1105.5,0.0,1
v3_captured_mixed_heldout_swe_t128_l2,H42,port_tight,milp,1138.5,1138.5,0.0,2
v3_captured_mixed_heldout_swe_t64_l13,H42,port_tight,milp,891.0,891.0,0.0,0
v3_captured_mixed_heldout_swe_t96_l13,H42,port_tight,milp,1023.0,1023.0,0.0,1
v3_captured_mixed_heldout_swe_t128_l13,H42,port_tight,milp,1089.0,1089.0,0.0,1
v3_captured_mixed_heldout_swe_t64_l26,H42,port_tight,milp,1023.0,1023.0,0.0,1
v3_captured_mixed_heldout_swe_t96_l26,H42,port_tight,milp,1056.0,1056.0,0.0,1
v3_captured_mixed_heldout_swe_t128_l26,H42,port_tight,milp,1155.0,1155.0,0.0,3
heldout_bfcl_b2_l2_s3,H33,port_tight,eft_old,231.0,231.0,0.0,0
heldout_bfcl_b4_l2_s3,H33,port_tight,eft_old,330.0,330.0,0.0,0
heldout_bfcl_b8_l2_s3,H33,port_tight,eft_old,445.5,445.5,0.0,0
heldout_bfcl_b16_l2_s3,H33,port_tight,eft_old,594.0,594.0,0.0,0
heldout_bfcl_b2_l2_s7,H33,port_tight,eft_old,231.0,231.0,0.0,0
heldout_bfcl_b4_l2_s7,H33,port_tight,eft_old,363.0,363.0,0.0,0
heldout_bfcl_b8_l2_s7,H33,port_tight,eft_old,495.0,495.0,0.0,0
heldout_bfcl_b16_l2_s7,H33,port_tight,eft_old,742.5,742.5,0.0,0
heldout_bfcl_b2_l2_s11,H33,port_tight,eft_old,165.0,165.0,0.0,0
heldout_bfcl_b4_l2_s11,H33,port_tight,eft_old,363.0,363.0,0.0,0
heldout_bfcl_b8_l2_s11,H33,port_tight,eft_old,511.5,511.5,0.0,0
heldout_bfcl_b16_l2_s11,H33,port_tight,eft_old,841.5,841.5,0.0,0
heldout_bfcl_b2_l13_s3,H33,port_tight,eft_old,198.0,198.0,0.0,0
heldout_bfcl_b4_l13_s3,H33,port_tight,eft_old,396.0,396.0,0.0,0
heldout_bfcl_b8_l13_s3,H33,port_tight,eft_old,478.5,478.5,0.0,0
heldout_bfcl_b16_l13_s3,H33,port_tight,eft_old,660.0,660.0,0.0,0
heldout_bfcl_b2_l13_s7,H33,port_tight,eft_old,231.0,231.0,0.0,0
heldout_bfcl_b4_l13_s7,H33,port_tight,eft_old,363.0,363.0,0.0,0
heldout_bfcl_b8_l13_s7,H33,port_tight,eft_old,528.0,528.0,0.0,0
heldout_bfcl_b16_l13_s7,H33,port_tight,eft_old,660.0,660.0,0.0,0
heldout_bfcl_b2_l13_s11,H33,port_tight,eft_old,148.5,148.5,0.0,0
heldout_bfcl_b4_l13_s11,H33,port_tight,eft_old,346.5,346.5,0.0,0
heldout_bfcl_b8_l13_s11,H33,port_tight,eft_old,445.5,445.5,0.0,0
heldout_bfcl_b16_l13_s11,H33,port_tight,eft_old,775.5,775.5,0.0,0
heldout_bfcl_b2_l26_s3,H33,port_tight,eft_old,214.5,214.5,0.0,0
heldout_bfcl_b4_l26_s3,H33,port_tight,eft_old,396.0,396.0,0.0,0
heldout_bfcl_b8_l26_s3,H33,port_tight,eft_old,511.5,511.5,0.0,0
heldout_bfcl_b16_l26_s3,H33,port_tight,eft_old,759.0,759.0,0.0,0
heldout_bfcl_b2_l26_s7,H33,port_tight,eft_old,198.0,198.0,0.0,0
heldout_bfcl_b4_l26_s7,H33,port_tight,eft_old,396.0,396.0,0.0,0
heldout_bfcl_b8_l26_s7,H33,port_tight,eft_old,561.0,561.0,0.0,0
heldout_bfcl_b16_l26_s7,H33,port_tight,eft_old,693.0,693.0,0.0,0
heldout_bfcl_b2_l26_s11,H33,port_tight,eft_old,165.0,165.0,0.0,0
heldout_bfcl_b4_l26_s11,H33,port_tight,eft_old,363.0,363.0,0.0,0
heldout_bfcl_b8_l26_s11,H33,port_tight,eft_old,544.5,544.5,0.0,0
heldout_bfcl_b16_l26_s11,H33,port_tight,eft_old,792.0,792.0,0.0,0
heldout_gpqa_b2_l2_s3,H33,port_tight,eft_old,214.5,214.5,0.0,0
heldout_gpqa_b4_l2_s3,H33,port_tight,eft_old,297.0,297.0,0.0,0
heldout_gpqa_b8_l2_s3,H33,port_tight,eft_old,379.5,379.5,0.0,0
heldout_gpqa_b16_l2_s3,H33,port_tight,eft_old,462.0,462.0,0.0,0
heldout_gpqa_b2_l2_s7,H33,port_tight,eft_old,231.0,231.0,0.0,0
heldout_gpqa_b4_l2_s7,H33,port_tight,eft_old,396.0,396.0,0.0,0
heldout_gpqa_b8_l2_s7,H33,port_tight,eft_old,561.0,561.0,0.0,0
heldout_gpqa_b16_l2_s7,H33,port_tight,eft_old,775.5,775.5,0.0,0
heldout_gpqa_b2_l2_s11,H33,port_tight,eft_old,181.5,181.5,0.0,0
heldout_gpqa_b4_l2_s11,H33,port_tight,eft_old,379.5,379.5,0.0,0
heldout_gpqa_b8_l2_s11,H33,port_tight,eft_old,627.0,627.0,0.0,0
heldout_gpqa_b16_l2_s11,H33,port_tight,eft_old,825.0,825.0,0.0,0
heldout_gpqa_b2_l13_s3,H33,port_tight,eft_old,214.5,214.5,0.0,0
heldout_gpqa_b4_l13_s3,H33,port_tight,eft_old,313.5,313.5,0.0,0
heldout_gpqa_b8_l13_s3,H33,port_tight,eft_old,462.0,462.0,0.0,0
heldout_gpqa_b16_l13_s3,H33,port_tight,eft_old,528.0,528.0,0.0,0
heldout_gpqa_b2_l13_s7,H33,port_tight,eft_old,214.5,214.5,0.0,0
heldout_gpqa_b4_l13_s7,H33,port_tight,eft_old,379.5,379.5,0.0,0
heldout_gpqa_b8_l13_s7,H33,port_tight,eft_old,577.5,577.5,0.0,0
heldout_gpqa_b16_l13_s7,H33,port_tight,eft_old,726.0,726.0,0.0,0
heldout_gpqa_b2_l13_s11,H33,port_tight,eft_old,148.5,148.5,0.0,0
heldout_gpqa_b4_l13_s11,H33,port_tight,eft_old,396.0,396.0,0.0,0
heldout_gpqa_b8_l13_s11,H33,port_tight,eft_old,495.0,495.0,0.0,0
heldout_gpqa_b16_l13_s11,H33,port_tight,eft_old,742.5,742.5,0.0,0
heldout_gpqa_b2_l26_s3,H33,port_tight,eft_old,231.0,231.0,0.0,0
heldout_gpqa_b4_l26_s3,H33,port_tight,eft_old,280.5,280.5,0.0,0
heldout_gpqa_b8_l26_s3,H33,port_tight,eft_old,412.5,412.5,0.0,0
heldout_gpqa_b16_l26_s3,H33,port_tight,eft_old,561.0,561.0,0.0,0
heldout_gpqa_b2_l26_s7,H33,port_tight,eft_old,231.0,231.0,0.0,0
heldout_gpqa_b4_l26_s7,H33,port_tight,eft_old,379.5,379.5,0.0,0
heldout_gpqa_b8_l26_s7,H33,port_tight,eft_old,561.0,561.0,0.0,0
heldout_gpqa_b16_l26_s7,H33,port_tight,eft_old,759.0,759.0,0.0,0
heldout_gpqa_b2_l26_s11,H33,port_tight,eft_old,214.5,214.5,0.0,0
heldout_gpqa_b4_l26_s11,H33,port_tight,eft_old,412.5,412.5,0.0,0
heldout_gpqa_b8_l26_s11,H33,port_tight,eft_old,561.0,561.0,0.0,0
heldout_gpqa_b16_l26_s11,H33,port_tight,eft_old,825.0,825.0,0.0,0
heldout_swe_b2_l2_s3,H33,port_tight,eft_old,214.5,214.5,0.0,0
heldout_swe_b4_l2_s3,H33,port_tight,eft_old,247.5,247.5,0.0,0
heldout_swe_b8_l2_s3,H33,port_tight,eft_old,280.5,280.5,0.0,0
heldout_swe_b16_l2_s3,H33,port_tight,eft_old,330.0,330.0,0.0,0
heldout_swe_b2_l2_s7,H33,port_tight,eft_old,214.5,214.5,0.0,0
heldout_swe_b4_l2_s7,H33,port_tight,eft_old,280.5,280.5,0.0,0
heldout_swe_b8_l2_s7,H33,port_tight,eft_old,297.0,297.0,0.0,0
heldout_swe_b16_l2_s7,H33,port_tight,eft_old,363.0,363.0,0.0,0
heldout_swe_b2_l2_s11,H33,port_tight,eft_old,214.5,214.5,0.0,0
heldout_swe_b4_l2_s11,H33,port_tight,eft_old,346.5,346.5,0.0,0
heldout_swe_b8_l2_s11,H33,port_tight,eft_old,313.5,313.5,0.0,0
heldout_swe_b16_l2_s11,H33,port_tight,eft_old,462.0,462.0,0.0,0
heldout_swe_b2_l13_s3,H33,port_tight,eft_old,231.0,231.0,0.0,0
heldout_swe_b4_l13_s3,H33,port_tight,eft_old,313.5,313.5,0.0,0
heldout_swe_b8_l13_s3,H33,port_tight,eft_old,330.0,330.0,0.0,0
heldout_swe_b16_l13_s3,H33,port_tight,eft_old,346.5,346.5,0.0,0
heldout_swe_b2_l13_s7,H33,port_tight,eft_old,231.0,231.0,0.0,0
heldout_swe_b4_l13_s7,H33,port_tight,eft_old,346.5,346.5,0.0,0
heldout_swe_b8_l13_s7,H33,port_tight,eft_old,346.5,346.5,0.0,0
heldout_swe_b16_l13_s7,H33,port_tight,eft_old,363.0,363.0,0.0,0
heldout_swe_b2_l13_s11,H33,port_tight,eft_old,198.0,198.0,0.0,0
heldout_swe_b4_l13_s11,H33,port_tight,eft_old,363.0,363.0,0.0,0
heldout_swe_b8_l13_s11,H33,port_tight,eft_old,313.5,313.5,0.0,0
heldout_swe_b16_l13_s11,H33,port_tight,eft_old,462.0,462.0,0.0,0
heldout_swe_b2_l26_s3,H33,port_tight,eft_old,198.0,198.0,0.0,0
heldout_swe_b4_l26_s3,H33,port_tight,eft_old,313.5,313.5,0.0,0
heldout_swe_b8_l26_s3,H33,port_tight,eft_old,379.5,379.5,0.0,0
heldout_swe_b16_l26_s3,H33,port_tight,eft_old,462.0,462.0,0.0,0
heldout_swe_b2_l26_s7,H33,port_tight,eft_old,231.0,231.0,0.0,0
heldout_swe_b4_l26_s7,H33,port_tight,eft_old,297.0,297.0,0.0,0
heldout_swe_b8_l26_s7,H33,port_tight,eft_old,363.0,363.0,0.0,0
heldout_swe_b16_l26_s7,H33,port_tight,eft_old,379.5,379.5,0.0,0
heldout_swe_b2_l26_s11,H33,port_tight,eft_old,231.0,231.0,0.0,0
heldout_swe_b4_l26_s11,H33,port_tight,eft_old,412.5,412.5,0.0,0
heldout_swe_b8_l26_s11,H33,port_tight,eft_old,313.5,313.5,0.0,0
heldout_swe_b16_l26_s11,H33,port_tight,eft_old,495.0,495.0,0.0,0
v3_captured_mixed_heldout_bfcl_t64_l2,H33,port_tight,eft_old,1072.5,1072.5,0.0,1
v3_captured_mixed_heldout_bfcl_t96_l2,H33,port_tight,eft_old,1122.0,1122.0,0.0,1
v3_captured_mixed_heldout_bfcl_t128_l2,H33,port_tight,eft_old,1188.0,1188.0,0.0,1
v3_captured_mixed_heldout_bfcl_t64_l13,H33,port_tight,eft_old,990.0,990.0,0.0,1
v3_captured_mixed_heldout_bfcl_t96_l13,H33,port_tight,eft_old,1105.5,1105.5,0.0,1
v3_captured_mixed_heldout_bfcl_t128_l13,H33,port_tight,eft_old,1171.5,1171.5,0.0,2
v3_captured_mixed_heldout_bfcl_t64_l26,H33,port_tight,eft_old,1056.0,1056.0,0.0,1
v3_captured_mixed_heldout_bfcl_t96_l26,H33,port_tight,eft_old,1138.5,1138.5,0.0,1
v3_captured_mixed_heldout_bfcl_t128_l26,H33,port_tight,eft_old,1188.0,1188.0,0.0,1
v3_captured_mixed_heldout_gpqa_t64_l2,H33,port_tight,eft_old,1105.5,1105.5,0.0,1
v3_captured_mixed_heldout_gpqa_t96_l2,H33,port_tight,eft_old,1155.0,1155.0,0.0,1
v3_captured_mixed_heldout_gpqa_t128_l2,H33,port_tight,eft_old,1188.0,1188.0,0.0,1
v3_captured_mixed_heldout_gpqa_t64_l13,H33,port_tight,eft_old,990.0,990.0,0.0,1
v3_captured_mixed_heldout_gpqa_t96_l13,H33,port_tight,eft_old,1072.5,1072.5,0.0,1
v3_captured_mixed_heldout_gpqa_t128_l13,H33,port_tight,eft_old,1122.0,1122.0,0.0,1
v3_captured_mixed_heldout_gpqa_t64_l26,H33,port_tight,eft_old,1105.5,1105.5,0.0,1
v3_captured_mixed_heldout_gpqa_t96_l26,H33,port_tight,eft_old,1155.0,1155.0,0.0,1
v3_captured_mixed_heldout_gpqa_t128_l26,H33,port_tight,eft_old,1188.0,1188.0,0.0,1
v3_captured_mixed_heldout_swe_t64_l2,H33,port_tight,eft_old,1089.0,1089.0,0.0,1
v3_captured_mixed_heldout_swe_t96_l2,H33,port_tight,eft_old,1138.5,1138.5,0.0,1
v3_captured_mixed_heldout_swe_t128_l2,H33,port_tight,eft_old,1188.0,1188.0,0.0,1
v3_captured_mixed_heldout_swe_t64_l13,H33,port_tight,eft_old,924.0,924.0,0.0,1
v3_captured_mixed_heldout_swe_t96_l13,H33,port_tight,eft_old,1056.0,1056.0,0.0,1
v3_captured_mixed_heldout_swe_t128_l13,H33,port_tight,eft_old,1155.0,1155.0,0.0,1
v3_captured_mixed_heldout_swe_t64_l26,H33,port_tight,eft_old,1039.5,1039.5,0.0,1
v3_captured_mixed_heldout_swe_t96_l26,H33,port_tight,eft_old,1089.0,1089.0,0.0,1
v3_captured_mixed_heldout_swe_t128_l26,H33,port_tight,eft_old,1188.0,1188.0,0.0,1
heldout_bfcl_b2_l2_s3,H33,port_tight,fixed,231.0,231.0,0.0,0
heldout_bfcl_b4_l2_s3,H33,port_tight,fixed,330.0,330.0,0.0,0
heldout_bfcl_b8_l2_s3,H33,port_tight,fixed,445.5,445.5,0.0,0
heldout_bfcl_b16_l2_s3,H33,port_tight,fixed,594.0,594.0,0.0,0
heldout_bfcl_b2_l2_s7,H33,port_tight,fixed,231.0,231.0,0.0,0
heldout_bfcl_b4_l2_s7,H33,port_tight,fixed,363.0,363.0,0.0,0
heldout_bfcl_b8_l2_s7,H33,port_tight,fixed,495.0,495.0,0.0,0
heldout_bfcl_b16_l2_s7,H33,port_tight,fixed,742.5,742.5,0.0,0
heldout_bfcl_b2_l2_s11,H33,port_tight,fixed,165.0,165.0,0.0,0
heldout_bfcl_b4_l2_s11,H33,port_tight,fixed,363.0,363.0,0.0,0
heldout_bfcl_b8_l2_s11,H33,port_tight,fixed,511.5,511.5,0.0,0
heldout_bfcl_b16_l2_s11,H33,port_tight,fixed,841.5,841.5,0.0,0
heldout_bfcl_b2_l13_s3,H33,port_tight,fixed,198.0,198.0,0.0,0
heldout_bfcl_b4_l13_s3,H33,port_tight,fixed,396.0,396.0,0.0,0
heldout_bfcl_b8_l13_s3,H33,port_tight,fixed,478.5,478.5,0.0,0
heldout_bfcl_b16_l13_s3,H33,port_tight,fixed,660.0,660.0,0.0,0
heldout_bfcl_b2_l13_s7,H33,port_tight,fixed,231.0,231.0,0.0,0
heldout_bfcl_b4_l13_s7,H33,port_tight,fixed,363.0,363.0,0.0,0
heldout_bfcl_b8_l13_s7,H33,port_tight,fixed,528.0,528.0,0.0,0
heldout_bfcl_b16_l13_s7,H33,port_tight,fixed,660.0,660.0,0.0,0
heldout_bfcl_b2_l13_s11,H33,port_tight,fixed,148.5,148.5,0.0,0
heldout_bfcl_b4_l13_s11,H33,port_tight,fixed,346.5,346.5,0.0,0
heldout_bfcl_b8_l13_s11,H33,port_tight,fixed,445.5,445.5,0.0,0
heldout_bfcl_b16_l13_s11,H33,port_tight,fixed,775.5,775.5,0.0,0
heldout_bfcl_b2_l26_s3,H33,port_tight,fixed,214.5,214.5,0.0,0
heldout_bfcl_b4_l26_s3,H33,port_tight,fixed,396.0,396.0,0.0,0
heldout_bfcl_b8_l26_s3,H33,port_tight,fixed,511.5,511.5,0.0,0
heldout_bfcl_b16_l26_s3,H33,port_tight,fixed,759.0,759.0,0.0,0
heldout_bfcl_b2_l26_s7,H33,port_tight,fixed,198.0,198.0,0.0,0
heldout_bfcl_b4_l26_s7,H33,port_tight,fixed,396.0,396.0,0.0,0
heldout_bfcl_b8_l26_s7,H33,port_tight,fixed,561.0,561.0,0.0,0
heldout_bfcl_b16_l26_s7,H33,port_tight,fixed,693.0,693.0,0.0,0
heldout_bfcl_b2_l26_s11,H33,port_tight,fixed,165.0,165.0,0.0,0
heldout_bfcl_b4_l26_s11,H33,port_tight,fixed,363.0,363.0,0.0,0
heldout_bfcl_b8_l26_s11,H33,port_tight,fixed,544.5,544.5,0.0,0
heldout_bfcl_b16_l26_s11,H33,port_tight,fixed,792.0,792.0,0.0,0
heldout_gpqa_b2_l2_s3,H33,port_tight,fixed,214.5,214.5,0.0,0
heldout_gpqa_b4_l2_s3,H33,port_tight,fixed,297.0,297.0,0.0,0
heldout_gpqa_b8_l2_s3,H33,port_tight,fixed,379.5,379.5,0.0,0
heldout_gpqa_b16_l2_s3,H33,port_tight,fixed,462.0,462.0,0.0,0
heldout_gpqa_b2_l2_s7,H33,port_tight,fixed,231.0,231.0,0.0,0
heldout_gpqa_b4_l2_s7,H33,port_tight,fixed,396.0,396.0,0.0,0
heldout_gpqa_b8_l2_s7,H33,port_tight,fixed,561.0,561.0,0.0,0
heldout_gpqa_b16_l2_s7,H33,port_tight,fixed,775.5,775.5,0.0,0
heldout_gpqa_b2_l2_s11,H33,port_tight,fixed,181.5,181.5,0.0,0
heldout_gpqa_b4_l2_s11,H33,port_tight,fixed,379.5,379.5,0.0,0
heldout_gpqa_b8_l2_s11,H33,port_tight,fixed,627.0,627.0,0.0,0
heldout_gpqa_b16_l2_s11,H33,port_tight,fixed,825.0,825.0,0.0,0
heldout_gpqa_b2_l13_s3,H33,port_tight,fixed,214.5,214.5,0.0,0
heldout_gpqa_b4_l13_s3,H33,port_tight,fixed,313.5,313.5,0.0,0
heldout_gpqa_b8_l13_s3,H33,port_tight,fixed,462.0,462.0,0.0,0
heldout_gpqa_b16_l13_s3,H33,port_tight,fixed,528.0,528.0,0.0,0
heldout_gpqa_b2_l13_s7,H33,port_tight,fixed,214.5,214.5,0.0,0
heldout_gpqa_b4_l13_s7,H33,port_tight,fixed,379.5,379.5,0.0,0
heldout_gpqa_b8_l13_s7,H33,port_tight,fixed,577.5,577.5,0.0,0
heldout_gpqa_b16_l13_s7,H33,port_tight,fixed,726.0,726.0,0.0,0
heldout_gpqa_b2_l13_s11,H33,port_tight,fixed,148.5,148.5,0.0,0
heldout_gpqa_b4_l13_s11,H33,port_tight,fixed,396.0,396.0,0.0,0
heldout_gpqa_b8_l13_s11,H33,port_tight,fixed,495.0,495.0,0.0,0
heldout_gpqa_b16_l13_s11,H33,port_tight,fixed,742.5,742.5,0.0,0
heldout_gpqa_b2_l26_s3,H33,port_tight,fixed,231.0,231.0,0.0,0
heldout_gpqa_b4_l26_s3,H33,port_tight,fixed,280.5,280.5,0.0,0
heldout_gpqa_b8_l26_s3,H33,port_tight,fixed,412.5,412.5,0.0,0
heldout_gpqa_b16_l26_s3,H33,port_tight,fixed,561.0,561.0,0.0,0
heldout_gpqa_b2_l26_s7,H33,port_tight,fixed,231.0,231.0,0.0,0
heldout_gpqa_b4_l26_s7,H33,port_tight,fixed,379.5,379.5,0.0,0
heldout_gpqa_b8_l26_s7,H33,port_tight,fixed,561.0,561.0,0.0,0
heldout_gpqa_b16_l26_s7,H33,port_tight,fixed,759.0,759.0,0.0,0
heldout_gpqa_b2_l26_s11,H33,port_tight,fixed,214.5,214.5,0.0,0
heldout_gpqa_b4_l26_s11,H33,port_tight,fixed,412.5,412.5,0.0,0
heldout_gpqa_b8_l26_s11,H33,port_tight,fixed,561.0,561.0,0.0,0
heldout_gpqa_b16_l26_s11,H33,port_tight,fixed,825.0,825.0,0.0,0
heldout_swe_b2_l2_s3,H33,port_tight,fixed,214.5,214.5,0.0,0
heldout_swe_b4_l2_s3,H33,port_tight,fixed,247.5,247.5,0.0,0
heldout_swe_b8_l2_s3,H33,port_tight,fixed,280.5,280.5,0.0,0
heldout_swe_b16_l2_s3,H33,port_tight,fixed,330.0,330.0,0.0,0
heldout_swe_b2_l2_s7,H33,port_tight,fixed,214.5,214.5,0.0,0
heldout_swe_b4_l2_s7,H33,port_tight,fixed,280.5,280.5,0.0,0
heldout_swe_b8_l2_s7,H33,port_tight,fixed,297.0,297.0,0.0,0
heldout_swe_b16_l2_s7,H33,port_tight,fixed,363.0,363.0,0.0,0
heldout_swe_b2_l2_s11,H33,port_tight,fixed,214.5,214.5,0.0,0
heldout_swe_b4_l2_s11,H33,port_tight,fixed,346.5,346.5,0.0,0
heldout_swe_b8_l2_s11,H33,port_tight,fixed,313.5,313.5,0.0,0
heldout_swe_b16_l2_s11,H33,port_tight,fixed,462.0,462.0,0.0,0
heldout_swe_b2_l13_s3,H33,port_tight,fixed,231.0,231.0,0.0,0
heldout_swe_b4_l13_s3,H33,port_tight,fixed,313.5,313.5,0.0,0
heldout_swe_b8_l13_s3,H33,port_tight,fixed,330.0,330.0,0.0,0
heldout_swe_b16_l13_s3,H33,port_tight,fixed,346.5,346.5,0.0,0
heldout_swe_b2_l13_s7,H33,port_tight,fixed,231.0,231.0,0.0,0
heldout_swe_b4_l13_s7,H33,port_tight,fixed,346.5,346.5,0.0,0
heldout_swe_b8_l13_s7,H33,port_tight,fixed,346.5,346.5,0.0,0
heldout_swe_b16_l13_s7,H33,port_tight,fixed,363.0,363.0,0.0,0
heldout_swe_b2_l13_s11,H33,port_tight,fixed,198.0,198.0,0.0,0
heldout_swe_b4_l13_s11,H33,port_tight,fixed,363.0,363.0,0.0,0
heldout_swe_b8_l13_s11,H33,port_tight,fixed,313.5,313.5,0.0,0
heldout_swe_b16_l13_s11,H33,port_tight,fixed,462.0,462.0,0.0,0
heldout_swe_b2_l26_s3,H33,port_tight,fixed,198.0,198.0,0.0,0
heldout_swe_b4_l26_s3,H33,port_tight,fixed,313.5,313.5,0.0,0
heldout_swe_b8_l26_s3,H33,port_tight,fixed,379.5,379.5,0.0,0
heldout_swe_b16_l26_s3,H33,port_tight,fixed,462.0,462.0,0.0,0
heldout_swe_b2_l26_s7,H33,port_tight,fixed,231.0,231.0,0.0,0
heldout_swe_b4_l26_s7,H33,port_tight,fixed,297.0,297.0,0.0,0
heldout_swe_b8_l26_s7,H33,port_tight,fixed,363.0,363.0,0.0,0
heldout_swe_b16_l26_s7,H33,port_tight,fixed,379.5,379.5,0.0,0
heldout_swe_b2_l26_s11,H33,port_tight,fixed,231.0,231.0,0.0,0
heldout_swe_b4_l26_s11,H33,port_tight,fixed,412.5,412.5,0.0,0
heldout_swe_b8_l26_s11,H33,port_tight,fixed,313.5,313.5,0.0,0
heldout_swe_b16_l26_s11,H33,port_tight,fixed,495.0,495.0,0.0,0
v3_captured_mixed_heldout_bfcl_t64_l2,H33,port_tight,fixed,1072.5,1072.5,0.0,1
v3_captured_mixed_heldout_bfcl_t96_l2,H33,port_tight,fixed,1122.0,1122.0,0.0,1
v3_captured_mixed_heldout_bfcl_t128_l2,H33,port_tight,fixed,1188.0,1188.0,0.0,1
v3_captured_mixed_heldout_bfcl_t64_l13,H33,port_tight,fixed,990.0,990.0,0.0,1
v3_captured_mixed_heldout_bfcl_t96_l13,H33,port_tight,fixed,1105.5,1105.5,0.0,1
v3_captured_mixed_heldout_bfcl_t128_l13,H33,port_tight,fixed,1171.5,1171.5,0.0,2
v3_captured_mixed_heldout_bfcl_t64_l26,H33,port_tight,fixed,1056.0,1056.0,0.0,1
v3_captured_mixed_heldout_bfcl_t96_l26,H33,port_tight,fixed,1138.5,1138.5,0.0,1
v3_captured_mixed_heldout_bfcl_t128_l26,H33,port_tight,fixed,1188.0,1188.0,0.0,1
v3_captured_mixed_heldout_gpqa_t64_l2,H33,port_tight,fixed,1105.5,1105.5,0.0,1
v3_captured_mixed_heldout_gpqa_t96_l2,H33,port_tight,fixed,1155.0,1155.0,0.0,1
v3_captured_mixed_heldout_gpqa_t128_l2,H33,port_tight,fixed,1188.0,1188.0,0.0,1
v3_captured_mixed_heldout_gpqa_t64_l13,H33,port_tight,fixed,990.0,990.0,0.0,1
v3_captured_mixed_heldout_gpqa_t96_l13,H33,port_tight,fixed,1072.5,1072.5,0.0,1
v3_captured_mixed_heldout_gpqa_t128_l13,H33,port_tight,fixed,1122.0,1122.0,0.0,1
v3_captured_mixed_heldout_gpqa_t64_l26,H33,port_tight,fixed,1105.5,1105.5,0.0,1
v3_captured_mixed_heldout_gpqa_t96_l26,H33,port_tight,fixed,1155.0,1155.0,0.0,1
v3_captured_mixed_heldout_gpqa_t128_l26,H33,port_tight,fixed,1188.0,1188.0,0.0,1
v3_captured_mixed_heldout_swe_t64_l2,H33,port_tight,fixed,1089.0,1089.0,0.0,1
v3_captured_mixed_heldout_swe_t96_l2,H33,port_tight,fixed,1138.5,1138.5,0.0,1
v3_captured_mixed_heldout_swe_t128_l2,H33,port_tight,fixed,1188.0,1188.0,0.0,1
v3_captured_mixed_heldout_swe_t64_l13,H33,port_tight,fixed,924.0,924.0,0.0,1
v3_captured_mixed_heldout_swe_t96_l13,H33,port_tight,fixed,1056.0,1056.0,0.0,1
v3_captured_mixed_heldout_swe_t128_l13,H33,port_tight,fixed,1155.0,1155.0,0.0,1
v3_captured_mixed_heldout_swe_t64_l26,H33,port_tight,fixed,1039.5,1039.5,0.0,1
v3_captured_mixed_heldout_swe_t96_l26,H33,port_tight,fixed,1089.0,1089.0,0.0,1
v3_captured_mixed_heldout_swe_t128_l26,H33,port_tight,fixed,1188.0,1188.0,0.0,1
heldout_bfcl_b2_l2_s3,H33,port_tight,milp,231.0,231.0,0.0,0
heldout_bfcl_b4_l2_s3,H33,port_tight,milp,330.0,330.0,0.0,0
heldout_bfcl_b8_l2_s3,H33,port_tight,milp,445.5,445.5,0.0,0
heldout_bfcl_b16_l2_s3,H33,port_tight,milp,594.0,594.0,0.0,0
heldout_bfcl_b2_l2_s7,H33,port_tight,milp,231.0,231.0,0.0,0
heldout_bfcl_b4_l2_s7,H33,port_tight,milp,363.0,363.0,0.0,0
heldout_bfcl_b8_l2_s7,H33,port_tight,milp,495.0,495.0,0.0,0
heldout_bfcl_b16_l2_s7,H33,port_tight,milp,742.5,742.5,0.0,0
heldout_bfcl_b2_l2_s11,H33,port_tight,milp,165.0,165.0,0.0,0
heldout_bfcl_b4_l2_s11,H33,port_tight,milp,363.0,363.0,0.0,0
heldout_bfcl_b8_l2_s11,H33,port_tight,milp,511.5,511.5,0.0,0
heldout_bfcl_b16_l2_s11,H33,port_tight,milp,841.5,841.5,0.0,0
heldout_bfcl_b2_l13_s3,H33,port_tight,milp,198.0,198.0,0.0,0
heldout_bfcl_b4_l13_s3,H33,port_tight,milp,396.0,396.0,0.0,0
heldout_bfcl_b8_l13_s3,H33,port_tight,milp,478.5,478.5,0.0,0
heldout_bfcl_b16_l13_s3,H33,port_tight,milp,660.0,660.0,0.0,0
heldout_bfcl_b2_l13_s7,H33,port_tight,milp,231.0,231.0,0.0,0
heldout_bfcl_b4_l13_s7,H33,port_tight,milp,363.0,363.0,0.0,0
heldout_bfcl_b8_l13_s7,H33,port_tight,milp,528.0,528.0,0.0,0
heldout_bfcl_b16_l13_s7,H33,port_tight,milp,660.0,660.0,0.0,0
heldout_bfcl_b2_l13_s11,H33,port_tight,milp,148.5,148.5,0.0,0
heldout_bfcl_b4_l13_s11,H33,port_tight,milp,346.5,346.5,0.0,0
heldout_bfcl_b8_l13_s11,H33,port_tight,milp,445.5,445.5,0.0,0
heldout_bfcl_b16_l13_s11,H33,port_tight,milp,775.5,775.5,0.0,0
heldout_bfcl_b2_l26_s3,H33,port_tight,milp,214.5,214.5,0.0,0
heldout_bfcl_b4_l26_s3,H33,port_tight,milp,396.0,396.0,0.0,0
heldout_bfcl_b8_l26_s3,H33,port_tight,milp,511.5,511.5,0.0,0
heldout_bfcl_b16_l26_s3,H33,port_tight,milp,759.0,759.0,0.0,0
heldout_bfcl_b2_l26_s7,H33,port_tight,milp,198.0,198.0,0.0,0
heldout_bfcl_b4_l26_s7,H33,port_tight,milp,396.0,396.0,0.0,0
heldout_bfcl_b8_l26_s7,H33,port_tight,milp,561.0,561.0,0.0,0
heldout_bfcl_b16_l26_s7,H33,port_tight,milp,693.0,693.0,0.0,0
heldout_bfcl_b2_l26_s11,H33,port_tight,milp,165.0,165.0,0.0,0
heldout_bfcl_b4_l26_s11,H33,port_tight,milp,363.0,363.0,0.0,0
heldout_bfcl_b8_l26_s11,H33,port_tight,milp,544.5,544.5,0.0,0
heldout_bfcl_b16_l26_s11,H33,port_tight,milp,792.0,792.0,0.0,0
heldout_gpqa_b2_l2_s3,H33,port_tight,milp,214.5,214.5,0.0,0
heldout_gpqa_b4_l2_s3,H33,port_tight,milp,297.0,297.0,0.0,0
heldout_gpqa_b8_l2_s3,H33,port_tight,milp,379.5,379.5,0.0,0
heldout_gpqa_b16_l2_s3,H33,port_tight,milp,462.0,462.0,0.0,0
heldout_gpqa_b2_l2_s7,H33,port_tight,milp,231.0,231.0,0.0,0
heldout_gpqa_b4_l2_s7,H33,port_tight,milp,396.0,396.0,0.0,0
heldout_gpqa_b8_l2_s7,H33,port_tight,milp,561.0,561.0,0.0,0
heldout_gpqa_b16_l2_s7,H33,port_tight,milp,775.5,775.5,0.0,0
heldout_gpqa_b2_l2_s11,H33,port_tight,milp,181.5,181.5,0.0,0
heldout_gpqa_b4_l2_s11,H33,port_tight,milp,379.5,379.5,0.0,0
heldout_gpqa_b8_l2_s11,H33,port_tight,milp,627.0,627.0,0.0,0
heldout_gpqa_b16_l2_s11,H33,port_tight,milp,825.0,825.0,0.0,0
heldout_gpqa_b2_l13_s3,H33,port_tight,milp,214.5,214.5,0.0,0
heldout_gpqa_b4_l13_s3,H33,port_tight,milp,313.5,313.5,0.0,0
heldout_gpqa_b8_l13_s3,H33,port_tight,milp,462.0,462.0,0.0,0
heldout_gpqa_b16_l13_s3,H33,port_tight,milp,528.0,528.0,0.0,0
heldout_gpqa_b2_l13_s7,H33,port_tight,milp,214.5,214.5,0.0,0
heldout_gpqa_b4_l13_s7,H33,port_tight,milp,379.5,379.5,0.0,0
heldout_gpqa_b8_l13_s7,H33,port_tight,milp,577.5,577.5,0.0,0
heldout_gpqa_b16_l13_s7,H33,port_tight,milp,726.0,726.0,0.0,0
heldout_gpqa_b2_l13_s11,H33,port_tight,milp,148.5,148.5,0.0,0
heldout_gpqa_b4_l13_s11,H33,port_tight,milp,396.0,396.0,0.0,0
heldout_gpqa_b8_l13_s11,H33,port_tight,milp,495.0,495.0,0.0,0
heldout_gpqa_b16_l13_s11,H33,port_tight,milp,742.5,742.5,0.0,0
heldout_gpqa_b2_l26_s3,H33,port_tight,milp,231.0,231.0,0.0,0
heldout_gpqa_b4_l26_s3,H33,port_tight,milp,280.5,280.5,0.0,0
heldout_gpqa_b8_l26_s3,H33,port_tight,milp,412.5,412.5,0.0,0
heldout_gpqa_b16_l26_s3,H33,port_tight,milp,561.0,561.0,0.0,0
heldout_gpqa_b2_l26_s7,H33,port_tight,milp,231.0,231.0,0.0,0
heldout_gpqa_b4_l26_s7,H33,port_tight,milp,379.5,379.5,0.0,0
heldout_gpqa_b8_l26_s7,H33,port_tight,milp,561.0,561.0,0.0,0
heldout_gpqa_b16_l26_s7,H33,port_tight,milp,759.0,759.0,0.0,0
heldout_gpqa_b2_l26_s11,H33,port_tight,milp,214.5,214.5,0.0,0
heldout_gpqa_b4_l26_s11,H33,port_tight,milp,412.5,412.5,0.0,0
heldout_gpqa_b8_l26_s11,H33,port_tight,milp,561.0,561.0,0.0,0
heldout_gpqa_b16_l26_s11,H33,port_tight,milp,825.0,825.0,0.0,0
heldout_swe_b2_l2_s3,H33,port_tight,milp,214.5,214.5,0.0,0
heldout_swe_b4_l2_s3,H33,port_tight,milp,247.5,247.5,0.0,0
heldout_swe_b8_l2_s3,H33,port_tight,milp,280.5,280.5,0.0,0
heldout_swe_b16_l2_s3,H33,port_tight,milp,330.0,330.0,0.0,0
heldout_swe_b2_l2_s7,H33,port_tight,milp,214.5,214.5,0.0,0
heldout_swe_b4_l2_s7,H33,port_tight,milp,280.5,280.5,0.0,0
heldout_swe_b8_l2_s7,H33,port_tight,milp,297.0,297.0,0.0,0
heldout_swe_b16_l2_s7,H33,port_tight,milp,363.0,363.0,0.0,0
heldout_swe_b2_l2_s11,H33,port_tight,milp,214.5,214.5,0.0,0
heldout_swe_b4_l2_s11,H33,port_tight,milp,346.5,346.5,0.0,0
heldout_swe_b8_l2_s11,H33,port_tight,milp,313.5,313.5,0.0,0
heldout_swe_b16_l2_s11,H33,port_tight,milp,462.0,462.0,0.0,0
heldout_swe_b2_l13_s3,H33,port_tight,milp,231.0,231.0,0.0,0
heldout_swe_b4_l13_s3,H33,port_tight,milp,313.5,313.5,0.0,0
heldout_swe_b8_l13_s3,H33,port_tight,milp,330.0,330.0,0.0,0
heldout_swe_b16_l13_s3,H33,port_tight,milp,346.5,346.5,0.0,0
heldout_swe_b2_l13_s7,H33,port_tight,milp,231.0,231.0,0.0,0
heldout_swe_b4_l13_s7,H33,port_tight,milp,346.5,346.5,0.0,0
heldout_swe_b8_l13_s7,H33,port_tight,milp,346.5,346.5,0.0,0
heldout_swe_b16_l13_s7,H33,port_tight,milp,363.0,363.0,0.0,0
heldout_swe_b2_l13_s11,H33,port_tight,milp,198.0,198.0,0.0,0
heldout_swe_b4_l13_s11,H33,port_tight,milp,363.0,363.0,0.0,0
heldout_swe_b8_l13_s11,H33,port_tight,milp,313.5,313.5,0.0,0
heldout_swe_b16_l13_s11,H33,port_tight,milp,462.0,462.0,0.0,0
heldout_swe_b2_l26_s3,H33,port_tight,milp,198.0,198.0,0.0,0
heldout_swe_b4_l26_s3,H33,port_tight,milp,313.5,313.5,0.0,0
heldout_swe_b8_l26_s3,H33,port_tight,milp,379.5,379.5,0.0,0
heldout_swe_b16_l26_s3,H33,port_tight,milp,462.0,462.0,0.0,0
heldout_swe_b2_l26_s7,H33,port_tight,milp,231.0,231.0,0.0,0
heldout_swe_b4_l26_s7,H33,port_tight,milp,297.0,297.0,0.0,0
heldout_swe_b8_l26_s7,H33,port_tight,milp,363.0,363.0,0.0,0
heldout_swe_b16_l26_s7,H33,port_tight,milp,379.5,379.5,0.0,0
heldout_swe_b2_l26_s11,H33,port_tight,milp,231.0,231.0,0.0,0
heldout_swe_b4_l26_s11,H33,port_tight,milp,412.5,412.5,0.0,0
heldout_swe_b8_l26_s11,H33,port_tight,milp,313.5,313.5,0.0,0
heldout_swe_b16_l26_s11,H33,port_tight,milp,495.0,495.0,0.0,0
v3_captured_mixed_heldout_bfcl_t64_l2,H33,port_tight,milp,1072.5,1072.5,0.0,1
v3_captured_mixed_heldout_bfcl_t96_l2,H33,port_tight,milp,1122.0,1122.0,0.0,1
v3_captured_mixed_heldout_bfcl_t128_l2,H33,port_tight,milp,1188.0,1188.0,0.0,1
v3_captured_mixed_heldout_bfcl_t64_l13,H33,port_tight,milp,990.0,990.0,0.0,1
v3_captured_mixed_heldout_bfcl_t96_l13,H33,port_tight,milp,1105.5,1105.5,0.0,1
v3_captured_mixed_heldout_bfcl_t128_l13,H33,port_tight,milp,1171.5,1171.5,0.0,2
v3_captured_mixed_heldout_bfcl_t64_l26,H33,port_tight,milp,1056.0,1056.0,0.0,1
v3_captured_mixed_heldout_bfcl_t96_l26,H33,port_tight,milp,1138.5,1138.5,0.0,1
v3_captured_mixed_heldout_bfcl_t128_l26,H33,port_tight,milp,1188.0,1188.0,0.0,1
v3_captured_mixed_heldout_gpqa_t64_l2,H33,port_tight,milp,1105.5,1105.5,0.0,1
v3_captured_mixed_heldout_gpqa_t96_l2,H33,port_tight,milp,1155.0,1155.0,0.0,1
v3_captured_mixed_heldout_gpqa_t128_l2,H33,port_tight,milp,1188.0,1188.0,0.0,1
v3_captured_mixed_heldout_gpqa_t64_l13,H33,port_tight,milp,990.0,990.0,0.0,1
v3_captured_mixed_heldout_gpqa_t96_l13,H33,port_tight,milp,1072.5,1072.5,0.0,1
v3_captured_mixed_heldout_gpqa_t128_l13,H33,port_tight,milp,1122.0,1122.0,0.0,1
v3_captured_mixed_heldout_gpqa_t64_l26,H33,port_tight,milp,1105.5,1105.5,0.0,1
v3_captured_mixed_heldout_gpqa_t96_l26,H33,port_tight,milp,1155.0,1155.0,0.0,1
v3_captured_mixed_heldout_gpqa_t128_l26,H33,port_tight,milp,1188.0,1188.0,0.0,1
v3_captured_mixed_heldout_swe_t64_l2,H33,port_tight,milp,1089.0,1089.0,0.0,1
v3_captured_mixed_heldout_swe_t96_l2,H33,port_tight,milp,1138.5,1138.5,0.0,1
v3_captured_mixed_heldout_swe_t128_l2,H33,port_tight,milp,1188.0,1188.0,0.0,1
v3_captured_mixed_heldout_swe_t64_l13,H33,port_tight,milp,924.0,924.0,0.0,1
v3_captured_mixed_heldout_swe_t96_l13,H33,port_tight,milp,1056.0,1056.0,0.0,1
v3_captured_mixed_heldout_swe_t128_l13,H33,port_tight,milp,1155.0,1155.0,0.0,1
v3_captured_mixed_heldout_swe_t64_l26,H33,port_tight,milp,1039.5,1039.5,0.0,1
v3_captured_mixed_heldout_swe_t96_l26,H33,port_tight,milp,1089.0,1089.0,0.0,1
v3_captured_mixed_heldout_swe_t128_l26,H33,port_tight,milp,1188.0,1188.0,0.0,1
heldout_bfcl_b2_l2_s3,fixed_4+2,port_tight,eft_old,231.0,231.0,0.0,0
heldout_bfcl_b4_l2_s3,fixed_4+2,port_tight,eft_old,346.5,330.0,5.000000000000004,1
heldout_bfcl_b8_l2_s3,fixed_4+2,port_tight,eft_old,511.5,478.5,6.896551724137923,3
heldout_bfcl_b16_l2_s3,fixed_4+2,port_tight,eft_old,907.5,825.0,10.000000000000009,10
heldout_bfcl_b2_l2_s7,fixed_4+2,port_tight,eft_old,231.0,231.0,0.0,0
heldout_bfcl_b4_l2_s7,fixed_4+2,port_tight,eft_old,363.0,363.0,0.0,0
heldout_bfcl_b8_l2_s7,fixed_4+2,port_tight,eft_old,577.5,528.0,9.375,4
heldout_bfcl_b16_l2_s7,fixed_4+2,port_tight,eft_old,990.0,924.0,7.14285714285714,10
heldout_bfcl_b2_l2_s11,fixed_4+2,port_tight,eft_old,165.0,165.0,0.0,0
heldout_bfcl_b4_l2_s11,fixed_4+2,port_tight,eft_old,363.0,363.0,0.0,0
heldout_bfcl_b8_l2_s11,fixed_4+2,port_tight,eft_old,561.0,544.5,3.0303030303030276,2
heldout_bfcl_b16_l2_s11,fixed_4+2,port_tight,eft_old,1023.0,957.0,6.896551724137923,5
heldout_bfcl_b2_l13_s3,fixed_4+2,port_tight,eft_old,198.0,198.0,0.0,0
heldout_bfcl_b4_l13_s3,fixed_4+2,port_tight,eft_old,396.0,396.0,0.0,0
heldout_bfcl_b8_l13_s3,fixed_4+2,port_tight,eft_old,577.5,561.0,2.941176470588225,5
heldout_bfcl_b16_l13_s3,fixed_4+2,port_tight,eft_old,990.0,874.5,13.207547169811317,9
heldout_bfcl_b2_l13_s7,fixed_4+2,port_tight,eft_old,231.0,231.0,0.0,0
heldout_bfcl_b4_l13_s7,fixed_4+2,port_tight,eft_old,363.0,363.0,0.0,0
heldout_bfcl_b8_l13_s7,fixed_4+2,port_tight,eft_old,561.0,561.0,0.0,1
heldout_bfcl_b16_l13_s7,fixed_4+2,port_tight,eft_old,957.0,858.0,11.538461538461542,10
heldout_bfcl_b2_l13_s11,fixed_4+2,port_tight,eft_old,148.5,148.5,0.0,0
heldout_bfcl_b4_l13_s11,fixed_4+2,port_tight,eft_old,346.5,346.5,0.0,0
heldout_bfcl_b8_l13_s11,fixed_4+2,port_tight,eft_old,544.5,495.0,10.000000000000009,4
heldout_bfcl_b16_l13_s11,fixed_4+2,port_tight,eft_old,1023.0,940.5,8.771929824561408,9
heldout_bfcl_b2_l26_s3,fixed_4+2,port_tight,eft_old,214.5,214.5,0.0,0
heldout_bfcl_b4_l26_s3,fixed_4+2,port_tight,eft_old,396.0,396.0,0.0,0
heldout_bfcl_b8_l26_s3,fixed_4+2,port_tight,eft_old,561.0,544.5,3.0303030303030276,2
heldout_bfcl_b16_l26_s3,fixed_4+2,port_tight,eft_old,1023.0,940.5,8.771929824561408,8
heldout_bfcl_b2_l26_s7,fixed_4+2,port_tight,eft_old,198.0,198.0,0.0,0
heldout_bfcl_b4_l26_s7,fixed_4+2,port_tight,eft_old,396.0,396.0,0.0,0
heldout_bfcl_b8_l26_s7,fixed_4+2,port_tight,eft_old,627.0,594.0,5.555555555555558,3
heldout_bfcl_b16_l26_s7,fixed_4+2,port_tight,eft_old,957.0,841.5,13.725490196078427,9
heldout_bfcl_b2_l26_s11,fixed_4+2,port_tight,eft_old,165.0,165.0,0.0,0
heldout_bfcl_b4_l26_s11,fixed_4+2,port_tight,eft_old,363.0,363.0,0.0,0
heldout_bfcl_b8_l26_s11,fixed_4+2,port_tight,eft_old,594.0,594.0,0.0,2
heldout_bfcl_b16_l26_s11,fixed_4+2,port_tight,eft_old,1006.5,924.0,8.92857142857142,8
heldout_gpqa_b2_l2_s3,fixed_4+2,port_tight,eft_old,214.5,214.5,0.0,0
heldout_gpqa_b4_l2_s3,fixed_4+2,port_tight,eft_old,313.5,297.0,5.555555555555558,1
heldout_gpqa_b8_l2_s3,fixed_4+2,port_tight,eft_old,528.0,462.0,14.28571428571428,6
heldout_gpqa_b16_l2_s3,fixed_4+2,port_tight,eft_old,858.0,759.0,13.043478260869556,8
heldout_gpqa_b2_l2_s7,fixed_4+2,port_tight,eft_old,231.0,231.0,0.0,0
heldout_gpqa_b4_l2_s7,fixed_4+2,port_tight,eft_old,396.0,396.0,0.0,0
heldout_gpqa_b8_l2_s7,fixed_4+2,port_tight,eft_old,627.0,594.0,5.555555555555558,3
heldout_gpqa_b16_l2_s7,fixed_4+2,port_tight,eft_old,1072.5,973.5,10.169491525423723,9
heldout_gpqa_b2_l2_s11,fixed_4+2,port_tight,eft_old,181.5,181.5,0.0,0
heldout_gpqa_b4_l2_s11,fixed_4+2,port_tight,eft_old,379.5,379.5,0.0,0
heldout_gpqa_b8_l2_s11,fixed_4+2,port_tight,eft_old,693.0,660.0,5.000000000000004,3
heldout_gpqa_b16_l2_s11,fixed_4+2,port_tight,eft_old,1023.0,940.5,8.771929824561408,5
heldout_gpqa_b2_l13_s3,fixed_4+2,port_tight,eft_old,214.5,214.5,0.0,0
heldout_gpqa_b4_l13_s3,fixed_4+2,port_tight,eft_old,330.0,313.5,5.263157894736836,1
heldout_gpqa_b8_l13_s3,fixed_4+2,port_tight,eft_old,528.0,495.0,6.666666666666665,3
heldout_gpqa_b16_l13_s3,fixed_4+2,port_tight,eft_old,891.0,775.5,14.893617021276606,12
heldout_gpqa_b2_l13_s7,fixed_4+2,port_tight,eft_old,214.5,214.5,0.0,0
heldout_gpqa_b4_l13_s7,fixed_4+2,port_tight,eft_old,379.5,379.5,0.0,0
heldout_gpqa_b8_l13_s7,fixed_4+2,port_tight,eft_old,643.5,610.5,5.405405405405395,3
heldout_gpqa_b16_l13_s7,fixed_4+2,port_tight,eft_old,1006.5,924.0,8.92857142857142,10
heldout_gpqa_b2_l13_s11,fixed_4+2,port_tight,eft_old,148.5,148.5,0.0,0
heldout_gpqa_b4_l13_s11,fixed_4+2,port_tight,eft_old,396.0,396.0,0.0,0
heldout_gpqa_b8_l13_s11,fixed_4+2,port_tight,eft_old,577.5,544.5,6.060606060606055,4
heldout_gpqa_b16_l13_s11,fixed_4+2,port_tight,eft_old,973.5,924.0,5.35714285714286,8
heldout_gpqa_b2_l26_s3,fixed_4+2,port_tight,eft_old,231.0,231.0,0.0,0
heldout_gpqa_b4_l26_s3,fixed_4+2,port_tight,eft_old,297.0,280.5,5.882352941176472,1
heldout_gpqa_b8_l26_s3,fixed_4+2,port_tight,eft_old,528.0,478.5,10.344827586206895,5
heldout_gpqa_b16_l26_s3,fixed_4+2,port_tight,eft_old,957.0,825.0,15.999999999999993,10
heldout_gpqa_b2_l26_s7,fixed_4+2,port_tight,eft_old,231.0,231.0,0.0,0
heldout_gpqa_b4_l26_s7,fixed_4+2,port_tight,eft_old,379.5,379.5,0.0,0
heldout_gpqa_b8_l26_s7,fixed_4+2,port_tight,eft_old,610.5,594.0,2.777777777777768,2
heldout_gpqa_b16_l26_s7,fixed_4+2,port_tight,eft_old,1056.0,973.5,8.47457627118644,9
heldout_gpqa_b2_l26_s11,fixed_4+2,port_tight,eft_old,214.5,214.5,0.0,0
heldout_gpqa_b4_l26_s11,fixed_4+2,port_tight,eft_old,412.5,412.5,0.0,0
heldout_gpqa_b8_l26_s11,fixed_4+2,port_tight,eft_old,643.5,594.0,8.333333333333325,4
heldout_gpqa_b16_l26_s11,fixed_4+2,port_tight,eft_old,1023.0,973.5,5.084745762711873,6
heldout_swe_b2_l2_s3,fixed_4+2,port_tight,eft_old,214.5,214.5,0.0,0
heldout_swe_b4_l2_s3,fixed_4+2,port_tight,eft_old,280.5,247.5,13.33333333333333,2
heldout_swe_b8_l2_s3,fixed_4+2,port_tight,eft_old,412.5,396.0,4.166666666666674,5
heldout_swe_b16_l2_s3,fixed_4+2,port_tight,eft_old,792.0,742.5,6.666666666666665,10
heldout_swe_b2_l2_s7,fixed_4+2,port_tight,eft_old,214.5,214.5,0.0,0
heldout_swe_b4_l2_s7,fixed_4+2,port_tight,eft_old,297.0,280.5,5.882352941176472,1
heldout_swe_b8_l2_s7,fixed_4+2,port_tight,eft_old,412.5,363.0,13.636363636363647,4
heldout_swe_b16_l2_s7,fixed_4+2,port_tight,eft_old,808.5,759.0,6.521739130434789,11
heldout_swe_b2_l2_s11,fixed_4+2,port_tight,eft_old,214.5,214.5,0.0,0
heldout_swe_b4_l2_s11,fixed_4+2,port_tight,eft_old,363.0,346.5,4.761904761904767,1
heldout_swe_b8_l2_s11,fixed_4+2,port_tight,eft_old,412.5,396.0,4.166666666666674,5
heldout_swe_b16_l2_s11,fixed_4+2,port_tight,eft_old,858.0,775.5,10.63829787234043,8
heldout_swe_b2_l13_s3,fixed_4+2,port_tight,eft_old,231.0,231.0,0.0,0
heldout_swe_b4_l13_s3,fixed_4+2,port_tight,eft_old,313.5,313.5,0.0,0
heldout_swe_b8_l13_s3,fixed_4+2,port_tight,eft_old,445.5,379.5,17.391304347826097,6
heldout_swe_b16_l13_s3,fixed_4+2,port_tight,eft_old,742.5,726.0,2.2727272727272707,8
heldout_swe_b2_l13_s7,fixed_4+2,port_tight,eft_old,231.0,231.0,0.0,0
heldout_swe_b4_l13_s7,fixed_4+2,port_tight,eft_old,346.5,346.5,0.0,0
heldout_swe_b8_l13_s7,fixed_4+2,port_tight,eft_old,445.5,396.0,12.5,5
heldout_swe_b16_l13_s7,fixed_4+2,port_tight,eft_old,775.5,726.0,6.818181818181812,10
heldout_swe_b2_l13_s11,fixed_4+2,port_tight,eft_old,198.0,198.0,0.0,0
heldout_swe_b4_l13_s11,fixed_4+2,port_tight,eft_old,363.0,363.0,0.0,0
heldout_swe_b8_l13_s11,fixed_4+2,port_tight,eft_old,445.5,396.0,12.5,6
heldout_swe_b16_l13_s11,fixed_4+2,port_tight,eft_old,841.5,775.5,8.51063829787233,9
heldout_swe_b2_l26_s3,fixed_4+2,port_tight,eft_old,198.0,198.0,0.0,0
heldout_swe_b4_l26_s3,fixed_4+2,port_tight,eft_old,313.5,313.5,0.0,0
heldout_swe_b8_l26_s3,fixed_4+2,port_tight,eft_old,495.0,445.5,11.111111111111116,4
heldout_swe_b16_l26_s3,fixed_4+2,port_tight,eft_old,874.5,775.5,12.765957446808507,10
heldout_swe_b2_l26_s7,fixed_4+2,port_tight,eft_old,231.0,231.0,0.0,0
heldout_swe_b4_l26_s7,fixed_4+2,port_tight,eft_old,297.0,297.0,0.0,0
heldout_swe_b8_l26_s7,fixed_4+2,port_tight,eft_old,478.5,412.5,15.999999999999993,6
heldout_swe_b16_l26_s7,fixed_4+2,port_tight,eft_old,775.5,709.5,9.302325581395344,10
heldout_swe_b2_l26_s11,fixed_4+2,port_tight,eft_old,231.0,231.0,0.0,0
heldout_swe_b4_l26_s11,fixed_4+2,port_tight,eft_old,412.5,412.5,0.0,0
heldout_swe_b8_l26_s11,fixed_4+2,port_tight,eft_old,412.5,363.0,13.636363636363647,5
heldout_swe_b16_l26_s11,fixed_4+2,port_tight,eft_old,907.5,808.5,12.244897959183664,9
v3_captured_mixed_heldout_bfcl_t64_l2,fixed_4+2,port_tight,eft_old,2871.0,2805.0,2.35294117647058,36
v3_captured_mixed_heldout_bfcl_t96_l2,fixed_4+2,port_tight,eft_old,4141.5,4108.5,0.8032128514056325,42
v3_captured_mixed_heldout_bfcl_t128_l2,fixed_4+2,port_tight,eft_old,5329.5,5346.0,-0.30864197530864335,52
v3_captured_mixed_heldout_bfcl_t64_l13,fixed_4+2,port_tight,eft_old,2854.5,2821.5,1.1695906432748648,33
v3_captured_mixed_heldout_bfcl_t96_l13,fixed_4+2,port_tight,eft_old,4059.0,4042.5,0.40816326530612734,43
v3_captured_mixed_heldout_bfcl_t128_l13,fixed_4+2,port_tight,eft_old,5263.5,5379.0,-2.1472392638036797,50
v3_captured_mixed_heldout_bfcl_t64_l26,fixed_4+2,port_tight,eft_old,2953.5,2871.0,2.8735632183908066,44
v3_captured_mixed_heldout_bfcl_t96_l26,fixed_4+2,port_tight,eft_old,4207.5,4125.0,2.0000000000000018,51
v3_captured_mixed_heldout_bfcl_t128_l26,fixed_4+2,port_tight,eft_old,5379.0,5379.0,0.0,53
v3_captured_mixed_heldout_gpqa_t64_l2,fixed_4+2,port_tight,eft_old,2920.5,2838.0,2.9069767441860517,45
v3_captured_mixed_heldout_gpqa_t96_l2,fixed_4+2,port_tight,eft_old,4108.5,4108.5,0.0,57
v3_captured_mixed_heldout_gpqa_t128_l2,fixed_4+2,port_tight,eft_old,6402.0,5395.5,18.654434250764517,63
v3_captured_mixed_heldout_gpqa_t64_l13,fixed_4+2,port_tight,eft_old,2920.5,2805.0,4.117647058823537,43
v3_captured_mixed_heldout_gpqa_t96_l13,fixed_4+2,port_tight,eft_old,4917.0,4075.5,20.647773279352233,50
v3_captured_mixed_heldout_gpqa_t128_l13,fixed_4+2,port_tight,eft_old,6402.0,5346.0,19.753086419753085,52
v3_captured_mixed_heldout_gpqa_t64_l26,fixed_4+2,port_tight,eft_old,2904.0,2805.0,3.529411764705892,44
v3_captured_mixed_heldout_gpqa_t96_l26,fixed_4+2,port_tight,eft_old,4141.5,4141.5,0.0,56
v3_captured_mixed_heldout_gpqa_t128_l26,fixed_4+2,port_tight,eft_old,5329.5,5346.0,-0.30864197530864335,59
v3_captured_mixed_heldout_swe_t64_l2,fixed_4+2,port_tight,eft_old,3415.5,2805.0,21.76470588235293,40
v3_captured_mixed_heldout_swe_t96_l2,fixed_4+2,port_tight,eft_old,4026.0,4042.5,-0.40816326530612734,52
v3_captured_mixed_heldout_swe_t128_l2,fixed_4+2,port_tight,eft_old,5362.5,5395.5,-0.6116207951070374,60
v3_captured_mixed_heldout_swe_t64_l13,fixed_4+2,port_tight,eft_old,2937.0,2821.5,4.093567251461994,34
v3_captured_mixed_heldout_swe_t96_l13,fixed_4+2,port_tight,eft_old,4917.0,4059.0,21.138211382113823,37
v3_captured_mixed_heldout_swe_t128_l13,fixed_4+2,port_tight,eft_old,6484.5,5395.5,20.1834862385321,48
v3_captured_mixed_heldout_swe_t64_l26,fixed_4+2,port_tight,eft_old,2854.5,2755.5,3.592814371257491,41
v3_captured_mixed_heldout_swe_t96_l26,fixed_4+2,port_tight,eft_old,4108.5,4125.0,-0.40000000000000036,54
v3_captured_mixed_heldout_swe_t128_l26,fixed_4+2,port_tight,eft_old,5379.0,5412.0,-0.6097560975609762,57
heldout_bfcl_b2_l2_s3,fixed_4+2,port_tight,fixed,231.0,231.0,0.0,0
heldout_bfcl_b4_l2_s3,fixed_4+2,port_tight,fixed,330.0,330.0,0.0,0
heldout_bfcl_b8_l2_s3,fixed_4+2,port_tight,fixed,478.5,478.5,0.0,1
heldout_bfcl_b16_l2_s3,fixed_4+2,port_tight,fixed,841.5,825.0,2.0000000000000018,8
heldout_bfcl_b2_l2_s7,fixed_4+2,port_tight,fixed,231.0,231.0,0.0,0
heldout_bfcl_b4_l2_s7,fixed_4+2,port_tight,fixed,363.0,363.0,0.0,0
heldout_bfcl_b8_l2_s7,fixed_4+2,port_tight,fixed,544.5,528.0,3.125,2
heldout_bfcl_b16_l2_s7,fixed_4+2,port_tight,fixed,940.5,924.0,1.7857142857142794,7
heldout_bfcl_b2_l2_s11,fixed_4+2,port_tight,fixed,165.0,165.0,0.0,0
heldout_bfcl_b4_l2_s11,fixed_4+2,port_tight,fixed,363.0,363.0,0.0,0
heldout_bfcl_b8_l2_s11,fixed_4+2,port_tight,fixed,544.5,544.5,0.0,1
heldout_bfcl_b16_l2_s11,fixed_4+2,port_tight,fixed,973.5,957.0,1.724137931034475,3
heldout_bfcl_b2_l13_s3,fixed_4+2,port_tight,fixed,198.0,198.0,0.0,0
heldout_bfcl_b4_l13_s3,fixed_4+2,port_tight,fixed,396.0,396.0,0.0,0
heldout_bfcl_b8_l13_s3,fixed_4+2,port_tight,fixed,561.0,561.0,0.0,4
heldout_bfcl_b16_l13_s3,fixed_4+2,port_tight,fixed,891.0,874.5,1.8867924528301883,8
heldout_bfcl_b2_l13_s7,fixed_4+2,port_tight,fixed,231.0,231.0,0.0,0
heldout_bfcl_b4_l13_s7,fixed_4+2,port_tight,fixed,363.0,363.0,0.0,0
heldout_bfcl_b8_l13_s7,fixed_4+2,port_tight,fixed,561.0,561.0,0.0,1
heldout_bfcl_b16_l13_s7,fixed_4+2,port_tight,fixed,874.5,858.0,1.9230769230769162,8
heldout_bfcl_b2_l13_s11,fixed_4+2,port_tight,fixed,148.5,148.5,0.0,0
heldout_bfcl_b4_l13_s11,fixed_4+2,port_tight,fixed,346.5,346.5,0.0,0
heldout_bfcl_b8_l13_s11,fixed_4+2,port_tight,fixed,495.0,495.0,0.0,2
heldout_bfcl_b16_l13_s11,fixed_4+2,port_tight,fixed,957.0,940.5,1.7543859649122862,6
heldout_bfcl_b2_l26_s3,fixed_4+2,port_tight,fixed,214.5,214.5,0.0,0
heldout_bfcl_b4_l26_s3,fixed_4+2,port_tight,fixed,396.0,396.0,0.0,0
heldout_bfcl_b8_l26_s3,fixed_4+2,port_tight,fixed,544.5,544.5,0.0,1
heldout_bfcl_b16_l26_s3,fixed_4+2,port_tight,fixed,957.0,940.5,1.7543859649122862,6
heldout_bfcl_b2_l26_s7,fixed_4+2,port_tight,fixed,198.0,198.0,0.0,0
heldout_bfcl_b4_l26_s7,fixed_4+2,port_tight,fixed,396.0,396.0,0.0,0
heldout_bfcl_b8_l26_s7,fixed_4+2,port_tight,fixed,594.0,594.0,0.0,1
heldout_bfcl_b16_l26_s7,fixed_4+2,port_tight,fixed,874.5,841.5,3.9215686274509887,6
heldout_bfcl_b2_l26_s11,fixed_4+2,port_tight,fixed,165.0,165.0,0.0,0
heldout_bfcl_b4_l26_s11,fixed_4+2,port_tight,fixed,363.0,363.0,0.0,0
heldout_bfcl_b8_l26_s11,fixed_4+2,port_tight,fixed,594.0,594.0,0.0,2
heldout_bfcl_b16_l26_s11,fixed_4+2,port_tight,fixed,940.5,924.0,1.7857142857142794,4
heldout_gpqa_b2_l2_s3,fixed_4+2,port_tight,fixed,214.5,214.5,0.0,0
heldout_gpqa_b4_l2_s3,fixed_4+2,port_tight,fixed,297.0,297.0,0.0,0
heldout_gpqa_b8_l2_s3,fixed_4+2,port_tight,fixed,478.5,462.0,3.571428571428581,5
heldout_gpqa_b16_l2_s3,fixed_4+2,port_tight,fixed,759.0,759.0,0.0,8
heldout_gpqa_b2_l2_s7,fixed_4+2,port_tight,fixed,231.0,231.0,0.0,0
heldout_gpqa_b4_l2_s7,fixed_4+2,port_tight,fixed,396.0,396.0,0.0,0
heldout_gpqa_b8_l2_s7,fixed_4+2,port_tight,fixed,594.0,594.0,0.0,1
heldout_gpqa_b16_l2_s7,fixed_4+2,port_tight,fixed,990.0,973.5,1.6949152542372836,8
heldout_gpqa_b2_l2_s11,fixed_4+2,port_tight,fixed,181.5,181.5,0.0,0
heldout_gpqa_b4_l2_s11,fixed_4+2,port_tight,fixed,379.5,379.5,0.0,0
heldout_gpqa_b8_l2_s11,fixed_4+2,port_tight,fixed,660.0,660.0,0.0,1
heldout_gpqa_b16_l2_s11,fixed_4+2,port_tight,fixed,957.0,940.5,1.7543859649122862,3
heldout_gpqa_b2_l13_s3,fixed_4+2,port_tight,fixed,214.5,214.5,0.0,0
heldout_gpqa_b4_l13_s3,fixed_4+2,port_tight,fixed,313.5,313.5,0.0,0
heldout_gpqa_b8_l13_s3,fixed_4+2,port_tight,fixed,495.0,495.0,0.0,1
heldout_gpqa_b16_l13_s3,fixed_4+2,port_tight,fixed,775.5,775.5,0.0,9
heldout_gpqa_b2_l13_s7,fixed_4+2,port_tight,fixed,214.5,214.5,0.0,0
heldout_gpqa_b4_l13_s7,fixed_4+2,port_tight,fixed,379.5,379.5,0.0,0
heldout_gpqa_b8_l13_s7,fixed_4+2,port_tight,fixed,627.0,610.5,2.7027027027026973,2
heldout_gpqa_b16_l13_s7,fixed_4+2,port_tight,fixed,924.0,924.0,0.0,7
heldout_gpqa_b2_l13_s11,fixed_4+2,port_tight,fixed,148.5,148.5,0.0,0
heldout_gpqa_b4_l13_s11,fixed_4+2,port_tight,fixed,396.0,396.0,0.0,0
heldout_gpqa_b8_l13_s11,fixed_4+2,port_tight,fixed,544.5,544.5,0.0,2
heldout_gpqa_b16_l13_s11,fixed_4+2,port_tight,fixed,924.0,924.0,0.0,6
heldout_gpqa_b2_l26_s3,fixed_4+2,port_tight,fixed,231.0,231.0,0.0,0
heldout_gpqa_b4_l26_s3,fixed_4+2,port_tight,fixed,280.5,280.5,0.0,0
heldout_gpqa_b8_l26_s3,fixed_4+2,port_tight,fixed,478.5,478.5,0.0,3
heldout_gpqa_b16_l26_s3,fixed_4+2,port_tight,fixed,841.5,825.0,2.0000000000000018,9
heldout_gpqa_b2_l26_s7,fixed_4+2,port_tight,fixed,231.0,231.0,0.0,0
heldout_gpqa_b4_l26_s7,fixed_4+2,port_tight,fixed,379.5,379.5,0.0,0
heldout_gpqa_b8_l26_s7,fixed_4+2,port_tight,fixed,594.0,594.0,0.0,1
heldout_gpqa_b16_l26_s7,fixed_4+2,port_tight,fixed,990.0,973.5,1.6949152542372836,8
heldout_gpqa_b2_l26_s11,fixed_4+2,port_tight,fixed,214.5,214.5,0.0,0
heldout_gpqa_b4_l26_s11,fixed_4+2,port_tight,fixed,412.5,412.5,0.0,0
heldout_gpqa_b8_l26_s11,fixed_4+2,port_tight,fixed,594.0,594.0,0.0,1
heldout_gpqa_b16_l26_s11,fixed_4+2,port_tight,fixed,1006.5,973.5,3.3898305084745672,6
heldout_swe_b2_l2_s3,fixed_4+2,port_tight,fixed,214.5,214.5,0.0,0
heldout_swe_b4_l2_s3,fixed_4+2,port_tight,fixed,247.5,247.5,0.0,0
heldout_swe_b8_l2_s3,fixed_4+2,port_tight,fixed,363.0,396.0,-8.333333333333337,4
heldout_swe_b16_l2_s3,fixed_4+2,port_tight,fixed,709.5,742.5,-4.444444444444439,12
heldout_swe_b2_l2_s7,fixed_4+2,port_tight,fixed,214.5,214.5,0.0,0
heldout_swe_b4_l2_s7,fixed_4+2,port_tight,fixed,280.5,280.5,0.0,0
heldout_swe_b8_l2_s7,fixed_4+2,port_tight,fixed,363.0,363.0,0.0,3
heldout_swe_b16_l2_s7,fixed_4+2,port_tight,fixed,726.0,759.0,-4.347826086956519,11
heldout_swe_b2_l2_s11,fixed_4+2,port_tight,fixed,214.5,214.5,0.0,0
heldout_swe_b4_l2_s11,fixed_4+2,port_tight,fixed,346.5,346.5,0.0,0
heldout_swe_b8_l2_s11,fixed_4+2,port_tight,fixed,396.0,396.0,0.0,4
heldout_swe_b16_l2_s11,fixed_4+2,port_tight,fixed,759.0,775.5,-2.127659574468088,8
heldout_swe_b2_l13_s3,fixed_4+2,port_tight,fixed,231.0,231.0,0.0,0
heldout_swe_b4_l13_s3,fixed_4+2,port_tight,fixed,313.5,313.5,0.0,0
heldout_swe_b8_l13_s3,fixed_4+2,port_tight,fixed,379.5,379.5,0.0,2
heldout_swe_b16_l13_s3,fixed_4+2,port_tight,fixed,709.5,726.0,-2.2727272727272707,12
heldout_swe_b2_l13_s7,fixed_4+2,port_tight,fixed,231.0,231.0,0.0,0
heldout_swe_b4_l13_s7,fixed_4+2,port_tight,fixed,346.5,346.5,0.0,0
heldout_swe_b8_l13_s7,fixed_4+2,port_tight,fixed,412.5,396.0,4.166666666666674,3
heldout_swe_b16_l13_s7,fixed_4+2,port_tight,fixed,726.0,726.0,0.0,11
heldout_swe_b2_l13_s11,fixed_4+2,port_tight,fixed,198.0,198.0,0.0,0
heldout_swe_b4_l13_s11,fixed_4+2,port_tight,fixed,363.0,363.0,0.0,0
heldout_swe_b8_l13_s11,fixed_4+2,port_tight,fixed,396.0,396.0,0.0,4
heldout_swe_b16_l13_s11,fixed_4+2,port_tight,fixed,759.0,775.5,-2.127659574468088,8
heldout_swe_b2_l26_s3,fixed_4+2,port_tight,fixed,198.0,198.0,0.0,0
heldout_swe_b4_l26_s3,fixed_4+2,port_tight,fixed,313.5,313.5,0.0,0
heldout_swe_b8_l26_s3,fixed_4+2,port_tight,fixed,445.5,445.5,0.0,3
heldout_swe_b16_l26_s3,fixed_4+2,port_tight,fixed,792.0,775.5,2.127659574468077,9
heldout_swe_b2_l26_s7,fixed_4+2,port_tight,fixed,231.0,231.0,0.0,0
heldout_swe_b4_l26_s7,fixed_4+2,port_tight,fixed,297.0,297.0,0.0,0
heldout_swe_b8_l26_s7,fixed_4+2,port_tight,fixed,429.0,412.5,4.0000000000000036,3
heldout_swe_b16_l26_s7,fixed_4+2,port_tight,fixed,693.0,709.5,-2.3255813953488413,11
heldout_swe_b2_l26_s11,fixed_4+2,port_tight,fixed,231.0,231.0,0.0,0
heldout_swe_b4_l26_s11,fixed_4+2,port_tight,fixed,412.5,412.5,0.0,0
heldout_swe_b8_l26_s11,fixed_4+2,port_tight,fixed,379.5,363.0,4.545454545454541,3
heldout_swe_b16_l26_s11,fixed_4+2,port_tight,fixed,825.0,808.5,2.0408163265306145,9
v3_captured_mixed_heldout_bfcl_t64_l2,fixed_4+2,port_tight,fixed,2524.5,2805.0,-9.999999999999998,31
v3_captured_mixed_heldout_bfcl_t96_l2,fixed_4+2,port_tight,fixed,3613.5,4108.5,-12.048192771084343,41
v3_captured_mixed_heldout_bfcl_t128_l2,fixed_4+2,port_tight,fixed,4620.0,5346.0,-13.580246913580252,51
v3_captured_mixed_heldout_bfcl_t64_l13,fixed_4+2,port_tight,fixed,2574.0,2821.5,-8.771929824561408,29
v3_captured_mixed_heldout_bfcl_t96_l13,fixed_4+2,port_tight,fixed,3597.0,4042.5,-11.020408163265305,40
v3_captured_mixed_heldout_bfcl_t128_l13,fixed_4+2,port_tight,fixed,4669.5,5379.0,-13.190184049079756,47
v3_captured_mixed_heldout_bfcl_t64_l26,fixed_4+2,port_tight,fixed,2590.5,2871.0,-9.77011494252874,38
v3_captured_mixed_heldout_bfcl_t96_l26,fixed_4+2,port_tight,fixed,3630.0,4125.0,-12.0,45
v3_captured_mixed_heldout_bfcl_t128_l26,fixed_4+2,port_tight,fixed,4669.5,5379.0,-13.190184049079756,51
v3_captured_mixed_heldout_gpqa_t64_l2,fixed_4+2,port_tight,fixed,2541.0,2838.0,-10.465116279069765,43
v3_captured_mixed_heldout_gpqa_t96_l2,fixed_4+2,port_tight,fixed,3580.5,4108.5,-12.851405622489963,55
v3_captured_mixed_heldout_gpqa_t128_l2,fixed_4+2,port_tight,fixed,4636.5,5395.5,-14.067278287461772,61
v3_captured_mixed_heldout_gpqa_t64_l13,fixed_4+2,port_tight,fixed,2508.0,2805.0,-10.588235294117643,38
v3_captured_mixed_heldout_gpqa_t96_l13,fixed_4+2,port_tight,fixed,3580.5,4075.5,-12.145748987854255,50
v3_captured_mixed_heldout_gpqa_t128_l13,fixed_4+2,port_tight,fixed,4620.0,5346.0,-13.580246913580252,52
v3_captured_mixed_heldout_gpqa_t64_l26,fixed_4+2,port_tight,fixed,2524.5,2805.0,-9.999999999999998,39
v3_captured_mixed_heldout_gpqa_t96_l26,fixed_4+2,port_tight,fixed,3630.0,4141.5,-12.350597609561753,55
v3_captured_mixed_heldout_gpqa_t128_l26,fixed_4+2,port_tight,fixed,4603.5,5346.0,-13.888888888888884,57
v3_captured_mixed_heldout_swe_t64_l2,fixed_4+2,port_tight,fixed,2541.0,2805.0,-9.411764705882353,37
v3_captured_mixed_heldout_swe_t96_l2,fixed_4+2,port_tight,fixed,3531.0,4042.5,-12.653061224489793,49
v3_captured_mixed_heldout_swe_t128_l2,fixed_4+2,port_tight,fixed,4620.0,5395.5,-14.37308868501529,57
v3_captured_mixed_heldout_swe_t64_l13,fixed_4+2,port_tight,fixed,2541.0,2821.5,-9.941520467836263,30
v3_captured_mixed_heldout_swe_t96_l13,fixed_4+2,port_tight,fixed,3564.0,4059.0,-12.195121951219512,36
v3_captured_mixed_heldout_swe_t128_l13,fixed_4+2,port_tight,fixed,4702.5,5395.5,-12.844036697247708,47
v3_captured_mixed_heldout_swe_t64_l26,fixed_4+2,port_tight,fixed,2491.5,2755.5,-9.58083832335329,37
v3_captured_mixed_heldout_swe_t96_l26,fixed_4+2,port_tight,fixed,3597.0,4125.0,-12.8,54
v3_captured_mixed_heldout_swe_t128_l26,fixed_4+2,port_tight,fixed,4686.0,5412.0,-13.414634146341465,57
heldout_bfcl_b2_l2_s3,fixed_4+2,port_tight,milp,231.0,231.0,0.0,0
heldout_bfcl_b4_l2_s3,fixed_4+2,port_tight,milp,330.0,330.0,0.0,0
heldout_bfcl_b8_l2_s3,fixed_4+2,port_tight,milp,478.5,478.5,0.0,1
heldout_bfcl_b16_l2_s3,fixed_4+2,port_tight,milp,825.0,825.0,0.0,7
heldout_bfcl_b2_l2_s7,fixed_4+2,port_tight,milp,231.0,231.0,0.0,0
heldout_bfcl_b4_l2_s7,fixed_4+2,port_tight,milp,363.0,363.0,0.0,0
heldout_bfcl_b8_l2_s7,fixed_4+2,port_tight,milp,528.0,528.0,0.0,1
heldout_bfcl_b16_l2_s7,fixed_4+2,port_tight,milp,924.0,924.0,0.0,6
heldout_bfcl_b2_l2_s11,fixed_4+2,port_tight,milp,165.0,165.0,0.0,0
heldout_bfcl_b4_l2_s11,fixed_4+2,port_tight,milp,363.0,363.0,0.0,0
heldout_bfcl_b8_l2_s11,fixed_4+2,port_tight,milp,544.5,544.5,0.0,1
heldout_bfcl_b16_l2_s11,fixed_4+2,port_tight,milp,957.0,957.0,0.0,2
heldout_bfcl_b2_l13_s3,fixed_4+2,port_tight,milp,198.0,198.0,0.0,0
heldout_bfcl_b4_l13_s3,fixed_4+2,port_tight,milp,396.0,396.0,0.0,0
heldout_bfcl_b8_l13_s3,fixed_4+2,port_tight,milp,561.0,561.0,0.0,4
heldout_bfcl_b16_l13_s3,fixed_4+2,port_tight,milp,874.5,874.5,0.0,7
heldout_bfcl_b2_l13_s7,fixed_4+2,port_tight,milp,231.0,231.0,0.0,0
heldout_bfcl_b4_l13_s7,fixed_4+2,port_tight,milp,363.0,363.0,0.0,0
heldout_bfcl_b8_l13_s7,fixed_4+2,port_tight,milp,561.0,561.0,0.0,1
heldout_bfcl_b16_l13_s7,fixed_4+2,port_tight,milp,858.0,858.0,0.0,7
heldout_bfcl_b2_l13_s11,fixed_4+2,port_tight,milp,148.5,148.5,0.0,0
heldout_bfcl_b4_l13_s11,fixed_4+2,port_tight,milp,346.5,346.5,0.0,0
heldout_bfcl_b8_l13_s11,fixed_4+2,port_tight,milp,495.0,495.0,0.0,2
heldout_bfcl_b16_l13_s11,fixed_4+2,port_tight,milp,940.5,940.5,0.0,5
heldout_bfcl_b2_l26_s3,fixed_4+2,port_tight,milp,214.5,214.5,0.0,0
heldout_bfcl_b4_l26_s3,fixed_4+2,port_tight,milp,396.0,396.0,0.0,0
heldout_bfcl_b8_l26_s3,fixed_4+2,port_tight,milp,544.5,544.5,0.0,1
heldout_bfcl_b16_l26_s3,fixed_4+2,port_tight,milp,940.5,940.5,0.0,5
heldout_bfcl_b2_l26_s7,fixed_4+2,port_tight,milp,198.0,198.0,0.0,0
heldout_bfcl_b4_l26_s7,fixed_4+2,port_tight,milp,396.0,396.0,0.0,0
heldout_bfcl_b8_l26_s7,fixed_4+2,port_tight,milp,594.0,594.0,0.0,1
heldout_bfcl_b16_l26_s7,fixed_4+2,port_tight,milp,841.5,841.5,0.0,4
heldout_bfcl_b2_l26_s11,fixed_4+2,port_tight,milp,165.0,165.0,0.0,0
heldout_bfcl_b4_l26_s11,fixed_4+2,port_tight,milp,363.0,363.0,0.0,0
heldout_bfcl_b8_l26_s11,fixed_4+2,port_tight,milp,594.0,594.0,0.0,2
heldout_bfcl_b16_l26_s11,fixed_4+2,port_tight,milp,924.0,924.0,0.0,3
heldout_gpqa_b2_l2_s3,fixed_4+2,port_tight,milp,214.5,214.5,0.0,0
heldout_gpqa_b4_l2_s3,fixed_4+2,port_tight,milp,297.0,297.0,0.0,0
heldout_gpqa_b8_l2_s3,fixed_4+2,port_tight,milp,462.0,462.0,0.0,4
heldout_gpqa_b16_l2_s3,fixed_4+2,port_tight,milp,759.0,759.0,0.0,8
heldout_gpqa_b2_l2_s7,fixed_4+2,port_tight,milp,231.0,231.0,0.0,0
heldout_gpqa_b4_l2_s7,fixed_4+2,port_tight,milp,396.0,396.0,0.0,0
heldout_gpqa_b8_l2_s7,fixed_4+2,port_tight,milp,594.0,594.0,0.0,1
heldout_gpqa_b16_l2_s7,fixed_4+2,port_tight,milp,973.5,973.5,0.0,7
heldout_gpqa_b2_l2_s11,fixed_4+2,port_tight,milp,181.5,181.5,0.0,0
heldout_gpqa_b4_l2_s11,fixed_4+2,port_tight,milp,379.5,379.5,0.0,0
heldout_gpqa_b8_l2_s11,fixed_4+2,port_tight,milp,660.0,660.0,0.0,1
heldout_gpqa_b16_l2_s11,fixed_4+2,port_tight,milp,940.5,940.5,0.0,2
heldout_gpqa_b2_l13_s3,fixed_4+2,port_tight,milp,214.5,214.5,0.0,0
heldout_gpqa_b4_l13_s3,fixed_4+2,port_tight,milp,313.5,313.5,0.0,0
heldout_gpqa_b8_l13_s3,fixed_4+2,port_tight,milp,495.0,495.0,0.0,1
heldout_gpqa_b16_l13_s3,fixed_4+2,port_tight,milp,775.5,775.5,0.0,9
heldout_gpqa_b2_l13_s7,fixed_4+2,port_tight,milp,214.5,214.5,0.0,0
heldout_gpqa_b4_l13_s7,fixed_4+2,port_tight,milp,379.5,379.5,0.0,0
heldout_gpqa_b8_l13_s7,fixed_4+2,port_tight,milp,610.5,610.5,0.0,1
heldout_gpqa_b16_l13_s7,fixed_4+2,port_tight,milp,924.0,924.0,0.0,7
heldout_gpqa_b2_l13_s11,fixed_4+2,port_tight,milp,148.5,148.5,0.0,0
heldout_gpqa_b4_l13_s11,fixed_4+2,port_tight,milp,396.0,396.0,0.0,0
heldout_gpqa_b8_l13_s11,fixed_4+2,port_tight,milp,544.5,544.5,0.0,2
heldout_gpqa_b16_l13_s11,fixed_4+2,port_tight,milp,924.0,924.0,0.0,6
heldout_gpqa_b2_l26_s3,fixed_4+2,port_tight,milp,231.0,231.0,0.0,0
heldout_gpqa_b4_l26_s3,fixed_4+2,port_tight,milp,280.5,280.5,0.0,0
heldout_gpqa_b8_l26_s3,fixed_4+2,port_tight,milp,478.5,478.5,0.0,3
heldout_gpqa_b16_l26_s3,fixed_4+2,port_tight,milp,825.0,825.0,0.0,8
heldout_gpqa_b2_l26_s7,fixed_4+2,port_tight,milp,231.0,231.0,0.0,0
heldout_gpqa_b4_l26_s7,fixed_4+2,port_tight,milp,379.5,379.5,0.0,0
heldout_gpqa_b8_l26_s7,fixed_4+2,port_tight,milp,594.0,594.0,0.0,1
heldout_gpqa_b16_l26_s7,fixed_4+2,port_tight,milp,973.5,973.5,0.0,7
heldout_gpqa_b2_l26_s11,fixed_4+2,port_tight,milp,214.5,214.5,0.0,0
heldout_gpqa_b4_l26_s11,fixed_4+2,port_tight,milp,412.5,412.5,0.0,0
heldout_gpqa_b8_l26_s11,fixed_4+2,port_tight,milp,594.0,594.0,0.0,1
heldout_gpqa_b16_l26_s11,fixed_4+2,port_tight,milp,973.5,973.5,0.0,4
heldout_swe_b2_l2_s3,fixed_4+2,port_tight,milp,214.5,214.5,0.0,0
heldout_swe_b4_l2_s3,fixed_4+2,port_tight,milp,247.5,247.5,0.0,0
heldout_swe_b8_l2_s3,fixed_4+2,port_tight,milp,396.0,396.0,0.0,4
heldout_swe_b16_l2_s3,fixed_4+2,port_tight,milp,742.5,742.5,0.0,9
heldout_swe_b2_l2_s7,fixed_4+2,port_tight,milp,214.5,214.5,0.0,0
heldout_swe_b4_l2_s7,fixed_4+2,port_tight,milp,280.5,280.5,0.0,0
heldout_swe_b8_l2_s7,fixed_4+2,port_tight,milp,363.0,363.0,0.0,3
heldout_swe_b16_l2_s7,fixed_4+2,port_tight,milp,759.0,759.0,0.0,9
heldout_swe_b2_l2_s11,fixed_4+2,port_tight,milp,214.5,214.5,0.0,0
heldout_swe_b4_l2_s11,fixed_4+2,port_tight,milp,346.5,346.5,0.0,0
heldout_swe_b8_l2_s11,fixed_4+2,port_tight,milp,396.0,396.0,0.0,4
heldout_swe_b16_l2_s11,fixed_4+2,port_tight,milp,775.5,775.5,0.0,7
heldout_swe_b2_l13_s3,fixed_4+2,port_tight,milp,231.0,231.0,0.0,0
heldout_swe_b4_l13_s3,fixed_4+2,port_tight,milp,313.5,313.5,0.0,0
heldout_swe_b8_l13_s3,fixed_4+2,port_tight,milp,379.5,379.5,0.0,2
heldout_swe_b16_l13_s3,fixed_4+2,port_tight,milp,726.0,726.0,0.0,8
heldout_swe_b2_l13_s7,fixed_4+2,port_tight,milp,231.0,231.0,0.0,0
heldout_swe_b4_l13_s7,fixed_4+2,port_tight,milp,346.5,346.5,0.0,0
heldout_swe_b8_l13_s7,fixed_4+2,port_tight,milp,396.0,396.0,0.0,2
heldout_swe_b16_l13_s7,fixed_4+2,port_tight,milp,726.0,726.0,0.0,7
heldout_swe_b2_l13_s11,fixed_4+2,port_tight,milp,198.0,198.0,0.0,0
heldout_swe_b4_l13_s11,fixed_4+2,port_tight,milp,363.0,363.0,0.0,0
heldout_swe_b8_l13_s11,fixed_4+2,port_tight,milp,396.0,396.0,0.0,4
heldout_swe_b16_l13_s11,fixed_4+2,port_tight,milp,775.5,775.5,0.0,8
heldout_swe_b2_l26_s3,fixed_4+2,port_tight,milp,198.0,198.0,0.0,0
heldout_swe_b4_l26_s3,fixed_4+2,port_tight,milp,313.5,313.5,0.0,0
heldout_swe_b8_l26_s3,fixed_4+2,port_tight,milp,445.5,445.5,0.0,3
heldout_swe_b16_l26_s3,fixed_4+2,port_tight,milp,775.5,775.5,0.0,8
heldout_swe_b2_l26_s7,fixed_4+2,port_tight,milp,231.0,231.0,0.0,0
heldout_swe_b4_l26_s7,fixed_4+2,port_tight,milp,297.0,297.0,0.0,0
heldout_swe_b8_l26_s7,fixed_4+2,port_tight,milp,412.5,412.5,0.0,2
heldout_swe_b16_l26_s7,fixed_4+2,port_tight,milp,709.5,709.5,0.0,9
heldout_swe_b2_l26_s11,fixed_4+2,port_tight,milp,231.0,231.0,0.0,0
heldout_swe_b4_l26_s11,fixed_4+2,port_tight,milp,412.5,412.5,0.0,0
heldout_swe_b8_l26_s11,fixed_4+2,port_tight,milp,363.0,363.0,0.0,2
heldout_swe_b16_l26_s11,fixed_4+2,port_tight,milp,808.5,808.5,0.0,8
v3_captured_mixed_heldout_bfcl_t64_l2,fixed_4+2,port_tight,milp,2805.0,2805.0,0.0,31
v3_captured_mixed_heldout_bfcl_t96_l2,fixed_4+2,port_tight,milp,4108.5,4108.5,0.0,41
v3_captured_mixed_heldout_bfcl_t128_l2,fixed_4+2,port_tight,milp,5346.0,5346.0,0.0,51
v3_captured_mixed_heldout_bfcl_t64_l13,fixed_4+2,port_tight,milp,2821.5,2821.5,0.0,30
v3_captured_mixed_heldout_bfcl_t96_l13,fixed_4+2,port_tight,milp,4042.5,4042.5,0.0,40
v3_captured_mixed_heldout_bfcl_t128_l13,fixed_4+2,port_tight,milp,5379.0,5379.0,0.0,47
v3_captured_mixed_heldout_bfcl_t64_l26,fixed_4+2,port_tight,milp,2871.0,2871.0,0.0,39
v3_captured_mixed_heldout_bfcl_t96_l26,fixed_4+2,port_tight,milp,4125.0,4125.0,0.0,48
v3_captured_mixed_heldout_bfcl_t128_l26,fixed_4+2,port_tight,milp,5379.0,5379.0,0.0,51
v3_captured_mixed_heldout_gpqa_t64_l2,fixed_4+2,port_tight,milp,2838.0,2838.0,0.0,43
v3_captured_mixed_heldout_gpqa_t96_l2,fixed_4+2,port_tight,milp,4108.5,4108.5,0.0,55
v3_captured_mixed_heldout_gpqa_t128_l2,fixed_4+2,port_tight,milp,5395.5,5395.5,0.0,61
v3_captured_mixed_heldout_gpqa_t64_l13,fixed_4+2,port_tight,milp,2805.0,2805.0,0.0,38
v3_captured_mixed_heldout_gpqa_t96_l13,fixed_4+2,port_tight,milp,4075.5,4075.5,0.0,51
v3_captured_mixed_heldout_gpqa_t128_l13,fixed_4+2,port_tight,milp,5346.0,5346.0,0.0,52
v3_captured_mixed_heldout_gpqa_t64_l26,fixed_4+2,port_tight,milp,2805.0,2805.0,0.0,39
v3_captured_mixed_heldout_gpqa_t96_l26,fixed_4+2,port_tight,milp,4141.5,4141.5,0.0,55
v3_captured_mixed_heldout_gpqa_t128_l26,fixed_4+2,port_tight,milp,5346.0,5346.0,0.0,57
v3_captured_mixed_heldout_swe_t64_l2,fixed_4+2,port_tight,milp,2805.0,2805.0,0.0,37
v3_captured_mixed_heldout_swe_t96_l2,fixed_4+2,port_tight,milp,4042.5,4042.5,0.0,49
v3_captured_mixed_heldout_swe_t128_l2,fixed_4+2,port_tight,milp,5395.5,5395.5,0.0,57
v3_captured_mixed_heldout_swe_t64_l13,fixed_4+2,port_tight,milp,2821.5,2821.5,0.0,32
v3_captured_mixed_heldout_swe_t96_l13,fixed_4+2,port_tight,milp,4059.0,4059.0,0.0,36
v3_captured_mixed_heldout_swe_t128_l13,fixed_4+2,port_tight,milp,5395.5,5395.5,0.0,47
v3_captured_mixed_heldout_swe_t64_l26,fixed_4+2,port_tight,milp,2755.5,2755.5,0.0,37
v3_captured_mixed_heldout_swe_t96_l26,fixed_4+2,port_tight,milp,4125.0,4125.0,0.0,54
v3_captured_mixed_heldout_swe_t128_l26,fixed_4+2,port_tight,milp,5412.0,5412.0,0.0,57
