onchip_mode,selection_family,design_family,geometry,flows,design,objective,heldout_ratio_vs_frozen_single,selected_by_objective,batch_ratios,heldout_windows,development_near_best_tolerance,candidate_count,candidate_scope,posthoc_heldout_diagnostic
fixed_issue,single,single,2x48x128,WS,"{""acc_banks"":[12],""acc_bytes"":[98304],""cores"":[{""pk"":128,""pm"":2,""pn"":48}],""flows"":[""WS""],""label"":"""",""records"":8,""total_macs"":12288,""vector_lanes"":[64],""w_banks"":[64],""w_bytes"":[40960],""x_banks"":[24],""x_bytes"":[12288],""z_bytes"":[393216]}",geomean,1.0,True,"{""2"":1.0,""4"":1.0,""8"":1.0,""16"":1.0,""64"":1.0,""96"":1.0,""128"":1.0}",135,0.01,7,within1pct of best evaluated development witnesses; full proof open,True
fixed_issue,single,single,2x48x128,WS,"{""acc_banks"":[12],""acc_bytes"":[98304],""cores"":[{""pk"":128,""pm"":2,""pn"":48}],""flows"":[""WS""],""label"":"""",""records"":8,""total_macs"":12288,""vector_lanes"":[64],""w_banks"":[64],""w_bytes"":[40960],""x_banks"":[24],""x_bytes"":[12288],""z_bytes"":[393216]}",cvar10,1.0,True,"{""2"":1.0,""4"":1.0,""8"":1.0,""16"":1.0,""64"":1.0,""96"":1.0,""128"":1.0}",135,0.01,7,within1pct of best evaluated development witnesses; full proof open,True
fixed_issue,single,single,2x48x128,WS,"{""acc_banks"":[12],""acc_bytes"":[98304],""cores"":[{""pk"":128,""pm"":2,""pn"":48}],""flows"":[""WS""],""label"":"""",""records"":8,""total_macs"":12288,""vector_lanes"":[64],""w_banks"":[64],""w_bytes"":[40960],""x_banks"":[24],""x_bytes"":[12288],""z_bytes"":[393216]}",minimax,1.0,True,"{""2"":1.0,""4"":1.0,""8"":1.0,""16"":1.0,""64"":1.0,""96"":1.0,""128"":1.0}",135,0.01,7,within1pct of best evaluated development witnesses; full proof open,True
fixed_issue,single,single,3x32x128,WS,"{""acc_banks"":[12],""acc_bytes"":[98304],""cores"":[{""pk"":128,""pm"":3,""pn"":32}],""flows"":[""WS""],""label"":"""",""records"":8,""total_macs"":12288,""vector_lanes"":[64],""w_banks"":[64],""w_bytes"":[40960],""x_banks"":[24],""x_bytes"":[12288],""z_bytes"":[393216]}",geomean,1.0078955805435859,False,"{""2"":1.0,""4"":1.0,""8"":1.0128363090028796,""16"":1.0151055588084332,""64"":1.0176634058174667,""96"":1.01017891807005,""128"":1.0071154325312022}",135,0.01,7,within1pct of best evaluated development witnesses; full proof open,True
fixed_issue,single,single,3x32x128,WS,"{""acc_banks"":[12],""acc_bytes"":[98304],""cores"":[{""pk"":128,""pm"":3,""pn"":32}],""flows"":[""WS""],""label"":"""",""records"":8,""total_macs"":12288,""vector_lanes"":[64],""w_banks"":[64],""w_bytes"":[40960],""x_banks"":[24],""x_bytes"":[12288],""z_bytes"":[393216]}",cvar10,1.0284142896155464,False,"{""2"":1.0,""4"":1.0,""8"":1.0128363090028796,""16"":1.0151055588084332,""64"":1.0176634058174667,""96"":1.01017891807005,""128"":1.0071154325312022}",135,0.01,7,within1pct of best evaluated development witnesses; full proof open,True
fixed_issue,single,single,3x32x128,WS,"{""acc_banks"":[12],""acc_bytes"":[98304],""cores"":[{""pk"":128,""pm"":3,""pn"":32}],""flows"":[""WS""],""label"":"""",""records"":8,""total_macs"":12288,""vector_lanes"":[64],""w_banks"":[64],""w_bytes"":[40960],""x_banks"":[24],""x_bytes"":[12288],""z_bytes"":[393216]}",minimax,1.0176634058174667,False,"{""2"":1.0,""4"":1.0,""8"":1.0128363090028796,""16"":1.0151055588084332,""64"":1.0176634058174667,""96"":1.01017891807005,""128"":1.0071154325312022}",135,0.01,7,within1pct of best evaluated development witnesses; full proof open,True
fixed_issue,single,single,2x24x256,WS,"{""acc_banks"":[12],""acc_bytes"":[98304],""cores"":[{""pk"":256,""pm"":2,""pn"":24}],""flows"":[""WS""],""label"":"""",""records"":8,""total_macs"":12288,""vector_lanes"":[64],""w_banks"":[64],""w_bytes"":[40960],""x_banks"":[24],""x_bytes"":[12288],""z_bytes"":[393216]}",geomean,1.0030400787513596,False,"{""2"":1.0,""4"":1.0,""8"":1.0005757077232158,""16"":1.0033106610322862,""64"":1.009303379140861,""96"":1.0118455152613428,""128"":1.0129364871201925}",135,0.01,7,within1pct of best evaluated development witnesses; full proof open,True
fixed_issue,single,single,2x24x256,WS,"{""acc_banks"":[12],""acc_bytes"":[98304],""cores"":[{""pk"":256,""pm"":2,""pn"":24}],""flows"":[""WS""],""label"":"""",""records"":8,""total_macs"":12288,""vector_lanes"":[64],""w_banks"":[64],""w_bytes"":[40960],""x_banks"":[24],""x_bytes"":[12288],""z_bytes"":[393216]}",cvar10,1.0127353692609238,False,"{""2"":1.0,""4"":1.0,""8"":1.0005757077232158,""16"":1.0033106610322862,""64"":1.009303379140861,""96"":1.0118455152613428,""128"":1.0129364871201925}",135,0.01,7,within1pct of best evaluated development witnesses; full proof open,True
fixed_issue,single,single,2x24x256,WS,"{""acc_banks"":[12],""acc_bytes"":[98304],""cores"":[{""pk"":256,""pm"":2,""pn"":24}],""flows"":[""WS""],""label"":"""",""records"":8,""total_macs"":12288,""vector_lanes"":[64],""w_banks"":[64],""w_bytes"":[40960],""x_banks"":[24],""x_bytes"":[12288],""z_bytes"":[393216]}",minimax,1.0129364871201925,False,"{""2"":1.0,""4"":1.0,""8"":1.0005757077232158,""16"":1.0033106610322862,""64"":1.009303379140861,""96"":1.0118455152613428,""128"":1.0129364871201925}",135,0.01,7,within1pct of best evaluated development witnesses; full proof open,True
fixed_issue,single,single,3x128x32,WS,"{""acc_banks"":[12],""acc_bytes"":[98304],""cores"":[{""pk"":32,""pm"":3,""pn"":128}],""flows"":[""WS""],""label"":"""",""records"":8,""total_macs"":12288,""vector_lanes"":[64],""w_banks"":[64],""w_bytes"":[40960],""x_banks"":[24],""x_bytes"":[12288],""z_bytes"":[393216]}",geomean,1.0078955805435859,False,"{""2"":1.0,""4"":1.0,""8"":1.0128363090028796,""16"":1.0151055588084332,""64"":1.0176634058174667,""96"":1.01017891807005,""128"":1.0071154325312022}",135,0.01,7,within1pct of best evaluated development witnesses; full proof open,True
fixed_issue,single,single,3x128x32,WS,"{""acc_banks"":[12],""acc_bytes"":[98304],""cores"":[{""pk"":32,""pm"":3,""pn"":128}],""flows"":[""WS""],""label"":"""",""records"":8,""total_macs"":12288,""vector_lanes"":[64],""w_banks"":[64],""w_bytes"":[40960],""x_banks"":[24],""x_bytes"":[12288],""z_bytes"":[393216]}",cvar10,1.0284142896155464,False,"{""2"":1.0,""4"":1.0,""8"":1.0128363090028796,""16"":1.0151055588084332,""64"":1.0176634058174667,""96"":1.01017891807005,""128"":1.0071154325312022}",135,0.01,7,within1pct of best evaluated development witnesses; full proof open,True
fixed_issue,single,single,3x128x32,WS,"{""acc_banks"":[12],""acc_bytes"":[98304],""cores"":[{""pk"":32,""pm"":3,""pn"":128}],""flows"":[""WS""],""label"":"""",""records"":8,""total_macs"":12288,""vector_lanes"":[64],""w_banks"":[64],""w_bytes"":[40960],""x_banks"":[24],""x_bytes"":[12288],""z_bytes"":[393216]}",minimax,1.0176634058174667,False,"{""2"":1.0,""4"":1.0,""8"":1.0128363090028796,""16"":1.0151055588084332,""64"":1.0176634058174667,""96"":1.01017891807005,""128"":1.0071154325312022}",135,0.01,7,within1pct of best evaluated development witnesses; full proof open,True
fixed_issue,single,single,2x12x512,WS,"{""acc_banks"":[12],""acc_bytes"":[98304],""cores"":[{""pk"":512,""pm"":2,""pn"":12}],""flows"":[""WS""],""label"":"""",""records"":8,""total_macs"":12288,""vector_lanes"":[64],""w_banks"":[64],""w_bytes"":[40960],""x_banks"":[24],""x_bytes"":[12288],""z_bytes"":[393216]}",geomean,1.004918296071,False,"{""2"":1.0,""4"":1.0,""8"":1.002889102107996,""16"":1.0061186862824003,""64"":1.0133170306709234,""96"":1.0162491213422138,""128"":1.0174413712850328}",135,0.01,7,within1pct of best evaluated development witnesses; full proof open,True
fixed_issue,single,single,2x12x512,WS,"{""acc_banks"":[12],""acc_bytes"":[98304],""cores"":[{""pk"":512,""pm"":2,""pn"":12}],""flows"":[""WS""],""label"":"""",""records"":8,""total_macs"":12288,""vector_lanes"":[64],""w_banks"":[64],""w_bytes"":[40960],""x_banks"":[24],""x_bytes"":[12288],""z_bytes"":[393216]}",cvar10,1.0172245967929459,False,"{""2"":1.0,""4"":1.0,""8"":1.002889102107996,""16"":1.0061186862824003,""64"":1.0133170306709234,""96"":1.0162491213422138,""128"":1.0174413712850328}",135,0.01,7,within1pct of best evaluated development witnesses; full proof open,True
fixed_issue,single,single,2x12x512,WS,"{""acc_banks"":[12],""acc_bytes"":[98304],""cores"":[{""pk"":512,""pm"":2,""pn"":12}],""flows"":[""WS""],""label"":"""",""records"":8,""total_macs"":12288,""vector_lanes"":[64],""w_banks"":[64],""w_bytes"":[40960],""x_banks"":[24],""x_bytes"":[12288],""z_bytes"":[393216]}",minimax,1.0174413712850328,False,"{""2"":1.0,""4"":1.0,""8"":1.002889102107996,""16"":1.0061186862824003,""64"":1.0133170306709234,""96"":1.0162491213422138,""128"":1.0174413712850328}",135,0.01,7,within1pct of best evaluated development witnesses; full proof open,True
fixed_issue,single,single,2x96x64,WS,"{""acc_banks"":[12],""acc_bytes"":[98304],""cores"":[{""pk"":64,""pm"":2,""pn"":96}],""flows"":[""WS""],""label"":"""",""records"":8,""total_macs"":12288,""vector_lanes"":[64],""w_banks"":[64],""w_bytes"":[40960],""x_banks"":[24],""x_bytes"":[12288],""z_bytes"":[393216]}",geomean,1.0028157007635838,False,"{""2"":1.0,""4"":1.0,""8"":1.0019284879116932,""16"":1.0035822713562037,""64"":1.0072230292738822,""96"":1.0089268763977455,""128"":1.009630399531242}",135,0.01,7,within1pct of best evaluated development witnesses; full proof open,True
fixed_issue,single,single,2x96x64,WS,"{""acc_banks"":[12],""acc_bytes"":[98304],""cores"":[{""pk"":64,""pm"":2,""pn"":96}],""flows"":[""WS""],""label"":"""",""records"":8,""total_macs"":12288,""vector_lanes"":[64],""w_banks"":[64],""w_bytes"":[40960],""x_banks"":[24],""x_bytes"":[12288],""z_bytes"":[393216]}",cvar10,1.0094841159946808,False,"{""2"":1.0,""4"":1.0,""8"":1.0019284879116932,""16"":1.0035822713562037,""64"":1.0072230292738822,""96"":1.0089268763977455,""128"":1.009630399531242}",135,0.01,7,within1pct of best evaluated development witnesses; full proof open,True
fixed_issue,single,single,2x96x64,WS,"{""acc_banks"":[12],""acc_bytes"":[98304],""cores"":[{""pk"":64,""pm"":2,""pn"":96}],""flows"":[""WS""],""label"":"""",""records"":8,""total_macs"":12288,""vector_lanes"":[64],""w_banks"":[64],""w_bytes"":[40960],""x_banks"":[24],""x_bytes"":[12288],""z_bytes"":[393216]}",minimax,1.009630399531242,False,"{""2"":1.0,""4"":1.0,""8"":1.0019284879116932,""16"":1.0035822713562037,""64"":1.0072230292738822,""96"":1.0089268763977455,""128"":1.009630399531242}",135,0.01,7,within1pct of best evaluated development witnesses; full proof open,True
fixed_issue,single,single,3x64x64,WS,"{""acc_banks"":[12],""acc_bytes"":[98304],""cores"":[{""pk"":64,""pm"":3,""pn"":64}],""flows"":[""WS""],""label"":"""",""records"":8,""total_macs"":12288,""vector_lanes"":[64],""w_banks"":[64],""w_bytes"":[40960],""x_banks"":[24],""x_bytes"":[12288],""z_bytes"":[393216]}",geomean,1.0078955805435859,False,"{""2"":1.0,""4"":1.0,""8"":1.0128363090028796,""16"":1.0151055588084332,""64"":1.0176634058174667,""96"":1.01017891807005,""128"":1.0071154325312022}",135,0.01,7,within1pct of best evaluated development witnesses; full proof open,True
fixed_issue,single,single,3x64x64,WS,"{""acc_banks"":[12],""acc_bytes"":[98304],""cores"":[{""pk"":64,""pm"":3,""pn"":64}],""flows"":[""WS""],""label"":"""",""records"":8,""total_macs"":12288,""vector_lanes"":[64],""w_banks"":[64],""w_bytes"":[40960],""x_banks"":[24],""x_bytes"":[12288],""z_bytes"":[393216]}",cvar10,1.0284142896155464,False,"{""2"":1.0,""4"":1.0,""8"":1.0128363090028796,""16"":1.0151055588084332,""64"":1.0176634058174667,""96"":1.01017891807005,""128"":1.0071154325312022}",135,0.01,7,within1pct of best evaluated development witnesses; full proof open,True
fixed_issue,single,single,3x64x64,WS,"{""acc_banks"":[12],""acc_bytes"":[98304],""cores"":[{""pk"":64,""pm"":3,""pn"":64}],""flows"":[""WS""],""label"":"""",""records"":8,""total_macs"":12288,""vector_lanes"":[64],""w_banks"":[64],""w_bytes"":[40960],""x_banks"":[24],""x_bytes"":[12288],""z_bytes"":[393216]}",minimax,1.0176634058174667,False,"{""2"":1.0,""4"":1.0,""8"":1.0128363090028796,""16"":1.0151055588084332,""64"":1.0176634058174667,""96"":1.01017891807005,""128"":1.0071154325312022}",135,0.01,7,within1pct of best evaluated development witnesses; full proof open,True
fixed_issue,homogeneous,homogeneous,3x16x128+3x16x128,WS+IS,"{""acc_banks"":[6,6],""acc_bytes"":[49152,49152],""cores"":[{""pk"":128,""pm"":3,""pn"":16},{""pk"":128,""pm"":3,""pn"":16}],""flows"":[""WS"",""IS""],""label"":"""",""records"":8,""total_macs"":12288,""vector_lanes"":[32,32],""w_banks"":[32,32],""w_bytes"":[20480,20480],""x_banks"":[12,12],""x_bytes"":[6144,6144],""z_bytes"":[196608,196608]}",geomean,0.9941648525720557,False,"{""2"":0.999863195669074,""4"":0.9998582475871471,""8"":0.9858186580892108,""16"":0.9248071404778069,""64"":1.0343825025594082,""96"":1.0774079846549718,""128"":1.0855080553671466}",135,0.01,10,within1pct of best evaluated development witnesses; full proof open,True
fixed_issue,homogeneous,homogeneous,3x16x128+3x16x128,WS+IS,"{""acc_banks"":[6,6],""acc_bytes"":[49152,49152],""cores"":[{""pk"":128,""pm"":3,""pn"":16},{""pk"":128,""pm"":3,""pn"":16}],""flows"":[""WS"",""IS""],""label"":"""",""records"":8,""total_macs"":12288,""vector_lanes"":[32,32],""w_banks"":[32,32],""w_bytes"":[20480,20480],""x_banks"":[12,12],""x_bytes"":[6144,6144],""z_bytes"":[196608,196608]}",cvar10,1.1012154632778792,False,"{""2"":0.999863195669074,""4"":0.9998582475871471,""8"":0.9858186580892108,""16"":0.9248071404778069,""64"":1.0343825025594082,""96"":1.0774079846549718,""128"":1.0855080553671466}",135,0.01,10,within1pct of best evaluated development witnesses; full proof open,True
fixed_issue,homogeneous,homogeneous,3x16x128+3x16x128,WS+IS,"{""acc_banks"":[6,6],""acc_bytes"":[49152,49152],""cores"":[{""pk"":128,""pm"":3,""pn"":16},{""pk"":128,""pm"":3,""pn"":16}],""flows"":[""WS"",""IS""],""label"":"""",""records"":8,""total_macs"":12288,""vector_lanes"":[32,32],""w_banks"":[32,32],""w_bytes"":[20480,20480],""x_banks"":[12,12],""x_bytes"":[6144,6144],""z_bytes"":[196608,196608]}",minimax,1.0855080553671466,False,"{""2"":0.999863195669074,""4"":0.9998582475871471,""8"":0.9858186580892108,""16"":0.9248071404778069,""64"":1.0343825025594082,""96"":1.0774079846549718,""128"":1.0855080553671466}",135,0.01,10,within1pct of best evaluated development witnesses; full proof open,True
fixed_issue,homogeneous,homogeneous,3x16x128+3x16x128,WS+OS,"{""acc_banks"":[6,6],""acc_bytes"":[49152,49152],""cores"":[{""pk"":128,""pm"":3,""pn"":16},{""pk"":128,""pm"":3,""pn"":16}],""flows"":[""WS"",""OS""],""label"":"""",""records"":8,""total_macs"":12288,""vector_lanes"":[32,32],""w_banks"":[32,32],""w_bytes"":[20480,20480],""x_banks"":[12,12],""x_bytes"":[6144,6144],""z_bytes"":[196608,196608]}",geomean,0.9941947186605101,False,"{""2"":1.0000133847778843,""4"":0.9998582475871471,""8"":0.9858186580892108,""16"":0.9248071404778069,""64"":1.0343825025594082,""96"":1.0774079846549718,""128"":1.085508075843643}",135,0.01,10,within1pct of best evaluated development witnesses; full proof open,True
fixed_issue,homogeneous,homogeneous,3x16x128+3x16x128,WS+OS,"{""acc_banks"":[6,6],""acc_bytes"":[49152,49152],""cores"":[{""pk"":128,""pm"":3,""pn"":16},{""pk"":128,""pm"":3,""pn"":16}],""flows"":[""WS"",""OS""],""label"":"""",""records"":8,""total_macs"":12288,""vector_lanes"":[32,32],""w_banks"":[32,32],""w_bytes"":[20480,20480],""x_banks"":[12,12],""x_bytes"":[6144,6144],""z_bytes"":[196608,196608]}",cvar10,1.101215466250225,False,"{""2"":1.0000133847778843,""4"":0.9998582475871471,""8"":0.9858186580892108,""16"":0.9248071404778069,""64"":1.0343825025594082,""96"":1.0774079846549718,""128"":1.085508075843643}",135,0.01,10,within1pct of best evaluated development witnesses; full proof open,True
fixed_issue,homogeneous,homogeneous,3x16x128+3x16x128,WS+OS,"{""acc_banks"":[6,6],""acc_bytes"":[49152,49152],""cores"":[{""pk"":128,""pm"":3,""pn"":16},{""pk"":128,""pm"":3,""pn"":16}],""flows"":[""WS"",""OS""],""label"":"""",""records"":8,""total_macs"":12288,""vector_lanes"":[32,32],""w_banks"":[32,32],""w_bytes"":[20480,20480],""x_banks"":[12,12],""x_bytes"":[6144,6144],""z_bytes"":[196608,196608]}",minimax,1.085508075843643,False,"{""2"":1.0000133847778843,""4"":0.9998582475871471,""8"":0.9858186580892108,""16"":0.9248071404778069,""64"":1.0343825025594082,""96"":1.0774079846549718,""128"":1.085508075843643}",135,0.01,10,within1pct of best evaluated development witnesses; full proof open,True
fixed_issue,homogeneous,homogeneous,3x8x256+3x8x256,IS+WS,"{""acc_banks"":[6,6],""acc_bytes"":[49152,49152],""cores"":[{""pk"":256,""pm"":3,""pn"":8},{""pk"":256,""pm"":3,""pn"":8}],""flows"":[""IS"",""WS""],""label"":"""",""records"":8,""total_macs"":12288,""vector_lanes"":[32,32],""w_banks"":[32,32],""w_bytes"":[20480,20480],""x_banks"":[12,12],""x_bytes"":[6144,6144],""z_bytes"":[196608,196608]}",geomean,1.005942320296895,False,"{""2"":1.005713047097827,""4"":1.0146820464267456,""8"":1.00316172164779,""16"":0.936636181610664,""64"":1.0423250932064658,""96"":1.0866353999529095,""128"":1.0946400171766881}",135,0.01,10,within1pct of best evaluated development witnesses; full proof open,True
fixed_issue,homogeneous,homogeneous,3x8x256+3x8x256,IS+WS,"{""acc_banks"":[6,6],""acc_bytes"":[49152,49152],""cores"":[{""pk"":256,""pm"":3,""pn"":8},{""pk"":256,""pm"":3,""pn"":8}],""flows"":[""IS"",""WS""],""label"":"""",""records"":8,""total_macs"":12288,""vector_lanes"":[32,32],""w_banks"":[32,32],""w_bytes"":[20480,20480],""x_banks"":[12,12],""x_bytes"":[6144,6144],""z_bytes"":[196608,196608]}",cvar10,1.1085100806153134,False,"{""2"":1.005713047097827,""4"":1.0146820464267456,""8"":1.00316172164779,""16"":0.936636181610664,""64"":1.0423250932064658,""96"":1.0866353999529095,""128"":1.0946400171766881}",135,0.01,10,within1pct of best evaluated development witnesses; full proof open,True
fixed_issue,homogeneous,homogeneous,3x8x256+3x8x256,IS+WS,"{""acc_banks"":[6,6],""acc_bytes"":[49152,49152],""cores"":[{""pk"":256,""pm"":3,""pn"":8},{""pk"":256,""pm"":3,""pn"":8}],""flows"":[""IS"",""WS""],""label"":"""",""records"":8,""total_macs"":12288,""vector_lanes"":[32,32],""w_banks"":[32,32],""w_bytes"":[20480,20480],""x_banks"":[12,12],""x_bytes"":[6144,6144],""z_bytes"":[196608,196608]}",minimax,1.0946400171766881,False,"{""2"":1.005713047097827,""4"":1.0146820464267456,""8"":1.00316172164779,""16"":0.936636181610664,""64"":1.0423250932064658,""96"":1.0866353999529095,""128"":1.0946400171766881}",135,0.01,10,within1pct of best evaluated development witnesses; full proof open,True
fixed_issue,homogeneous,homogeneous,3x8x256+3x8x256,OS+WS,"{""acc_banks"":[6,6],""acc_bytes"":[49152,49152],""cores"":[{""pk"":256,""pm"":3,""pn"":8},{""pk"":256,""pm"":3,""pn"":8}],""flows"":[""OS"",""WS""],""label"":"""",""records"":8,""total_macs"":12288,""vector_lanes"":[32,32],""w_banks"":[32,32],""w_bytes"":[20480,20480],""x_banks"":[12,12],""x_bytes"":[6144,6144],""z_bytes"":[196608,196608]}",geomean,1.0059423168100579,False,"{""2"":1.005713047097827,""4"":1.0146820464267456,""8"":1.00316172164779,""16"":0.936636181610664,""64"":1.0423250932064658,""96"":1.0866353233569113,""128"":1.0946400374226595}",135,0.01,10,within1pct of best evaluated development witnesses; full proof open,True
fixed_issue,homogeneous,homogeneous,3x8x256+3x8x256,OS+WS,"{""acc_banks"":[6,6],""acc_bytes"":[49152,49152],""cores"":[{""pk"":256,""pm"":3,""pn"":8},{""pk"":256,""pm"":3,""pn"":8}],""flows"":[""OS"",""WS""],""label"":"""",""records"":8,""total_macs"":12288,""vector_lanes"":[32,32],""w_banks"":[32,32],""w_bytes"":[20480,20480],""x_banks"":[12,12],""x_bytes"":[6144,6144],""z_bytes"":[196608,196608]}",cvar10,1.1085100919172286,False,"{""2"":1.005713047097827,""4"":1.0146820464267456,""8"":1.00316172164779,""16"":0.936636181610664,""64"":1.0423250932064658,""96"":1.0866353233569113,""128"":1.0946400374226595}",135,0.01,10,within1pct of best evaluated development witnesses; full proof open,True
fixed_issue,homogeneous,homogeneous,3x8x256+3x8x256,OS+WS,"{""acc_banks"":[6,6],""acc_bytes"":[49152,49152],""cores"":[{""pk"":256,""pm"":3,""pn"":8},{""pk"":256,""pm"":3,""pn"":8}],""flows"":[""OS"",""WS""],""label"":"""",""records"":8,""total_macs"":12288,""vector_lanes"":[32,32],""w_banks"":[32,32],""w_bytes"":[20480,20480],""x_banks"":[12,12],""x_bytes"":[6144,6144],""z_bytes"":[196608,196608]}",minimax,1.0946400374226595,False,"{""2"":1.005713047097827,""4"":1.0146820464267456,""8"":1.00316172164779,""16"":0.936636181610664,""64"":1.0423250932064658,""96"":1.0866353233569113,""128"":1.0946400374226595}",135,0.01,10,within1pct of best evaluated development witnesses; full proof open,True
fixed_issue,homogeneous,homogeneous,3x8x256+3x8x256,WS+IS,"{""acc_banks"":[6,6],""acc_bytes"":[49152,49152],""cores"":[{""pk"":256,""pm"":3,""pn"":8},{""pk"":256,""pm"":3,""pn"":8}],""flows"":[""WS"",""IS""],""label"":"""",""records"":8,""total_macs"":12288,""vector_lanes"":[32,32],""w_banks"":[32,32],""w_bytes"":[20480,20480],""x_banks"":[12,12],""x_bytes"":[6144,6144],""z_bytes"":[196608,196608]}",geomean,0.9989661723659782,False,"{""2"":1.004468642474083,""4"":1.0052739891656073,""8"":0.988361833860208,""16"":0.927892467107699,""64"":1.0423250932064658,""96"":1.0866353729552558,""128"":1.094640131816835}",135,0.01,10,within1pct of best evaluated development witnesses; full proof open,True
fixed_issue,homogeneous,homogeneous,3x8x256+3x8x256,WS+IS,"{""acc_banks"":[6,6],""acc_bytes"":[49152,49152],""cores"":[{""pk"":256,""pm"":3,""pn"":8},{""pk"":256,""pm"":3,""pn"":8}],""flows"":[""WS"",""IS""],""label"":"""",""records"":8,""total_macs"":12288,""vector_lanes"":[32,32],""w_banks"":[32,32],""w_bytes"":[20480,20480],""x_banks"":[12,12],""x_bytes"":[6144,6144],""z_bytes"":[196608,196608]}",cvar10,1.1085355345664374,False,"{""2"":1.004468642474083,""4"":1.0052739891656073,""8"":0.988361833860208,""16"":0.927892467107699,""64"":1.0423250932064658,""96"":1.0866353729552558,""128"":1.094640131816835}",135,0.01,10,within1pct of best evaluated development witnesses; full proof open,True
fixed_issue,homogeneous,homogeneous,3x8x256+3x8x256,WS+IS,"{""acc_banks"":[6,6],""acc_bytes"":[49152,49152],""cores"":[{""pk"":256,""pm"":3,""pn"":8},{""pk"":256,""pm"":3,""pn"":8}],""flows"":[""WS"",""IS""],""label"":"""",""records"":8,""total_macs"":12288,""vector_lanes"":[32,32],""w_banks"":[32,32],""w_bytes"":[20480,20480],""x_banks"":[12,12],""x_bytes"":[6144,6144],""z_bytes"":[196608,196608]}",minimax,1.094640131816835,False,"{""2"":1.004468642474083,""4"":1.0052739891656073,""8"":0.988361833860208,""16"":0.927892467107699,""64"":1.0423250932064658,""96"":1.0866353729552558,""128"":1.094640131816835}",135,0.01,10,within1pct of best evaluated development witnesses; full proof open,True
fixed_issue,homogeneous,homogeneous,3x8x256+3x8x256,WS+OS,"{""acc_banks"":[6,6],""acc_bytes"":[49152,49152],""cores"":[{""pk"":256,""pm"":3,""pn"":8},{""pk"":256,""pm"":3,""pn"":8}],""flows"":[""WS"",""OS""],""label"":"""",""records"":8,""total_macs"":12288,""vector_lanes"":[32,32],""w_banks"":[32,32],""w_bytes"":[20480,20480],""x_banks"":[12,12],""x_bytes"":[6144,6144],""z_bytes"":[196608,196608]}",geomean,0.9992135649507353,False,"{""2"":1.005713047097827,""4"":1.0052739891656073,""8"":0.988361833860208,""16"":0.927892467107699,""64"":1.0423250932064658,""96"":1.0866353233569113,""128"":1.0946401422282763}",135,0.01,10,within1pct of best evaluated development witnesses; full proof open,True
fixed_issue,homogeneous,homogeneous,3x8x256+3x8x256,WS+OS,"{""acc_banks"":[6,6],""acc_bytes"":[49152,49152],""cores"":[{""pk"":256,""pm"":3,""pn"":8},{""pk"":256,""pm"":3,""pn"":8}],""flows"":[""WS"",""OS""],""label"":"""",""records"":8,""total_macs"":12288,""vector_lanes"":[32,32],""w_banks"":[32,32],""w_bytes"":[20480,20480],""x_banks"":[12,12],""x_bytes"":[6144,6144],""z_bytes"":[196608,196608]}",cvar10,1.108535534939761,False,"{""2"":1.005713047097827,""4"":1.0052739891656073,""8"":0.988361833860208,""16"":0.927892467107699,""64"":1.0423250932064658,""96"":1.0866353233569113,""128"":1.0946401422282763}",135,0.01,10,within1pct of best evaluated development witnesses; full proof open,True
fixed_issue,homogeneous,homogeneous,3x8x256+3x8x256,WS+OS,"{""acc_banks"":[6,6],""acc_bytes"":[49152,49152],""cores"":[{""pk"":256,""pm"":3,""pn"":8},{""pk"":256,""pm"":3,""pn"":8}],""flows"":[""WS"",""OS""],""label"":"""",""records"":8,""total_macs"":12288,""vector_lanes"":[32,32],""w_banks"":[32,32],""w_bytes"":[20480,20480],""x_banks"":[12,12],""x_bytes"":[6144,6144],""z_bytes"":[196608,196608]}",minimax,1.0946401422282763,False,"{""2"":1.005713047097827,""4"":1.0052739891656073,""8"":0.988361833860208,""16"":0.927892467107699,""64"":1.0423250932064658,""96"":1.0866353233569113,""128"":1.0946401422282763}",135,0.01,10,within1pct of best evaluated development witnesses; full proof open,True
fixed_issue,homogeneous,homogeneous,3x64x32+3x64x32,WS+IS,"{""acc_banks"":[6,6],""acc_bytes"":[49152,49152],""cores"":[{""pk"":32,""pm"":3,""pn"":64},{""pk"":32,""pm"":3,""pn"":64}],""flows"":[""WS"",""IS""],""label"":"""",""records"":8,""total_macs"":12288,""vector_lanes"":[32,32],""w_banks"":[32,32],""w_bytes"":[20480,20480],""x_banks"":[12,12],""x_bytes"":[6144,6144],""z_bytes"":[196608,196608]}",geomean,0.9941648522383696,True,"{""2"":0.999863195669074,""4"":0.9998582475871471,""8"":0.9858186580892108,""16"":0.9248071404778069,""64"":1.0343825025594082,""96"":1.0774080051053136,""128"":1.0855080292978838}",135,0.01,10,within1pct of best evaluated development witnesses; full proof open,True
fixed_issue,homogeneous,homogeneous,3x64x32+3x64x32,WS+IS,"{""acc_banks"":[6,6],""acc_bytes"":[49152,49152],""cores"":[{""pk"":32,""pm"":3,""pn"":64},{""pk"":32,""pm"":3,""pn"":64}],""flows"":[""WS"",""IS""],""label"":"""",""records"":8,""total_macs"":12288,""vector_lanes"":[32,32],""w_banks"":[32,32],""w_bytes"":[20480,20480],""x_banks"":[12,12],""x_bytes"":[6144,6144],""z_bytes"":[196608,196608]}",cvar10,1.101215455965728,True,"{""2"":0.999863195669074,""4"":0.9998582475871471,""8"":0.9858186580892108,""16"":0.9248071404778069,""64"":1.0343825025594082,""96"":1.0774080051053136,""128"":1.0855080292978838}",135,0.01,10,within1pct of best evaluated development witnesses; full proof open,True
fixed_issue,homogeneous,homogeneous,3x64x32+3x64x32,WS+IS,"{""acc_banks"":[6,6],""acc_bytes"":[49152,49152],""cores"":[{""pk"":32,""pm"":3,""pn"":64},{""pk"":32,""pm"":3,""pn"":64}],""flows"":[""WS"",""IS""],""label"":"""",""records"":8,""total_macs"":12288,""vector_lanes"":[32,32],""w_banks"":[32,32],""w_bytes"":[20480,20480],""x_banks"":[12,12],""x_bytes"":[6144,6144],""z_bytes"":[196608,196608]}",minimax,1.0855080292978838,True,"{""2"":0.999863195669074,""4"":0.9998582475871471,""8"":0.9858186580892108,""16"":0.9248071404778069,""64"":1.0343825025594082,""96"":1.0774080051053136,""128"":1.0855080292978838}",135,0.01,10,within1pct of best evaluated development witnesses; full proof open,True
fixed_issue,homogeneous,homogeneous,3x64x32+3x64x32,WS+OS,"{""acc_banks"":[6,6],""acc_bytes"":[49152,49152],""cores"":[{""pk"":32,""pm"":3,""pn"":64},{""pk"":32,""pm"":3,""pn"":64}],""flows"":[""WS"",""OS""],""label"":"""",""records"":8,""total_macs"":12288,""vector_lanes"":[32,32],""w_banks"":[32,32],""w_bytes"":[20480,20480],""x_banks"":[12,12],""x_bytes"":[6144,6144],""z_bytes"":[196608,196608]}",geomean,0.9941947186605101,False,"{""2"":1.0000133847778843,""4"":0.9998582475871471,""8"":0.9858186580892108,""16"":0.9248071404778069,""64"":1.0343825025594082,""96"":1.0774079846549718,""128"":1.085508075843643}",135,0.01,10,within1pct of best evaluated development witnesses; full proof open,True
fixed_issue,homogeneous,homogeneous,3x64x32+3x64x32,WS+OS,"{""acc_banks"":[6,6],""acc_bytes"":[49152,49152],""cores"":[{""pk"":32,""pm"":3,""pn"":64},{""pk"":32,""pm"":3,""pn"":64}],""flows"":[""WS"",""OS""],""label"":"""",""records"":8,""total_macs"":12288,""vector_lanes"":[32,32],""w_banks"":[32,32],""w_bytes"":[20480,20480],""x_banks"":[12,12],""x_bytes"":[6144,6144],""z_bytes"":[196608,196608]}",cvar10,1.101215466250225,False,"{""2"":1.0000133847778843,""4"":0.9998582475871471,""8"":0.9858186580892108,""16"":0.9248071404778069,""64"":1.0343825025594082,""96"":1.0774079846549718,""128"":1.085508075843643}",135,0.01,10,within1pct of best evaluated development witnesses; full proof open,True
fixed_issue,homogeneous,homogeneous,3x64x32+3x64x32,WS+OS,"{""acc_banks"":[6,6],""acc_bytes"":[49152,49152],""cores"":[{""pk"":32,""pm"":3,""pn"":64},{""pk"":32,""pm"":3,""pn"":64}],""flows"":[""WS"",""OS""],""label"":"""",""records"":8,""total_macs"":12288,""vector_lanes"":[32,32],""w_banks"":[32,32],""w_bytes"":[20480,20480],""x_banks"":[12,12],""x_bytes"":[6144,6144],""z_bytes"":[196608,196608]}",minimax,1.085508075843643,False,"{""2"":1.0000133847778843,""4"":0.9998582475871471,""8"":0.9858186580892108,""16"":0.9248071404778069,""64"":1.0343825025594082,""96"":1.0774079846549718,""128"":1.085508075843643}",135,0.01,10,within1pct of best evaluated development witnesses; full proof open,True
fixed_issue,homogeneous,homogeneous,3x32x64+3x32x64,WS+IS,"{""acc_banks"":[6,6],""acc_bytes"":[49152,49152],""cores"":[{""pk"":64,""pm"":3,""pn"":32},{""pk"":64,""pm"":3,""pn"":32}],""flows"":[""WS"",""IS""],""label"":"""",""records"":8,""total_macs"":12288,""vector_lanes"":[32,32],""w_banks"":[32,32],""w_bytes"":[20480,20480],""x_banks"":[12,12],""x_bytes"":[6144,6144],""z_bytes"":[196608,196608]}",geomean,0.9941648565315199,False,"{""2"":0.999863195669074,""4"":0.9998582475871471,""8"":0.9858186580892108,""16"":0.9248071404778069,""64"":1.0343825025594082,""96"":1.0774079846549718,""128"":1.0855081202160068}",135,0.01,10,within1pct of best evaluated development witnesses; full proof open,True
fixed_issue,homogeneous,homogeneous,3x32x64+3x32x64,WS+IS,"{""acc_banks"":[6,6],""acc_bytes"":[49152,49152],""cores"":[{""pk"":64,""pm"":3,""pn"":32},{""pk"":64,""pm"":3,""pn"":32}],""flows"":[""WS"",""IS""],""label"":"""",""records"":8,""total_macs"":12288,""vector_lanes"":[32,32],""w_banks"":[32,32],""w_bytes"":[20480,20480],""x_banks"":[12,12],""x_bytes"":[6144,6144],""z_bytes"":[196608,196608]}",cvar10,1.1012154632778792,False,"{""2"":0.999863195669074,""4"":0.9998582475871471,""8"":0.9858186580892108,""16"":0.9248071404778069,""64"":1.0343825025594082,""96"":1.0774079846549718,""128"":1.0855081202160068}",135,0.01,10,within1pct of best evaluated development witnesses; full proof open,True
fixed_issue,homogeneous,homogeneous,3x32x64+3x32x64,WS+IS,"{""acc_banks"":[6,6],""acc_bytes"":[49152,49152],""cores"":[{""pk"":64,""pm"":3,""pn"":32},{""pk"":64,""pm"":3,""pn"":32}],""flows"":[""WS"",""IS""],""label"":"""",""records"":8,""total_macs"":12288,""vector_lanes"":[32,32],""w_banks"":[32,32],""w_bytes"":[20480,20480],""x_banks"":[12,12],""x_bytes"":[6144,6144],""z_bytes"":[196608,196608]}",minimax,1.0855081202160068,False,"{""2"":0.999863195669074,""4"":0.9998582475871471,""8"":0.9858186580892108,""16"":0.9248071404778069,""64"":1.0343825025594082,""96"":1.0774079846549718,""128"":1.0855081202160068}",135,0.01,10,within1pct of best evaluated development witnesses; full proof open,True
fixed_issue,homogeneous,homogeneous,3x32x64+3x32x64,WS+OS,"{""acc_banks"":[6,6],""acc_bytes"":[49152,49152],""cores"":[{""pk"":64,""pm"":3,""pn"":32},{""pk"":64,""pm"":3,""pn"":32}],""flows"":[""WS"",""OS""],""label"":"""",""records"":8,""total_macs"":12288,""vector_lanes"":[32,32],""w_banks"":[32,32],""w_bytes"":[20480,20480],""x_banks"":[12,12],""x_bytes"":[6144,6144],""z_bytes"":[196608,196608]}",geomean,0.9941947186605101,False,"{""2"":1.0000133847778843,""4"":0.9998582475871471,""8"":0.9858186580892108,""16"":0.9248071404778069,""64"":1.0343825025594082,""96"":1.0774079846549718,""128"":1.085508075843643}",135,0.01,10,within1pct of best evaluated development witnesses; full proof open,True
fixed_issue,homogeneous,homogeneous,3x32x64+3x32x64,WS+OS,"{""acc_banks"":[6,6],""acc_bytes"":[49152,49152],""cores"":[{""pk"":64,""pm"":3,""pn"":32},{""pk"":64,""pm"":3,""pn"":32}],""flows"":[""WS"",""OS""],""label"":"""",""records"":8,""total_macs"":12288,""vector_lanes"":[32,32],""w_banks"":[32,32],""w_bytes"":[20480,20480],""x_banks"":[12,12],""x_bytes"":[6144,6144],""z_bytes"":[196608,196608]}",cvar10,1.101215466250225,False,"{""2"":1.0000133847778843,""4"":0.9998582475871471,""8"":0.9858186580892108,""16"":0.9248071404778069,""64"":1.0343825025594082,""96"":1.0774079846549718,""128"":1.085508075843643}",135,0.01,10,within1pct of best evaluated development witnesses; full proof open,True
fixed_issue,homogeneous,homogeneous,3x32x64+3x32x64,WS+OS,"{""acc_banks"":[6,6],""acc_bytes"":[49152,49152],""cores"":[{""pk"":64,""pm"":3,""pn"":32},{""pk"":64,""pm"":3,""pn"":32}],""flows"":[""WS"",""OS""],""label"":"""",""records"":8,""total_macs"":12288,""vector_lanes"":[32,32],""w_banks"":[32,32],""w_bytes"":[20480,20480],""x_banks"":[12,12],""x_bytes"":[6144,6144],""z_bytes"":[196608,196608]}",minimax,1.085508075843643,False,"{""2"":1.0000133847778843,""4"":0.9998582475871471,""8"":0.9858186580892108,""16"":0.9248071404778069,""64"":1.0343825025594082,""96"":1.0774079846549718,""128"":1.085508075843643}",135,0.01,10,within1pct of best evaluated development witnesses; full proof open,True
fixed_issue,heterogeneous,heterogeneous,4x16x128+2x16x128,WS+IS,"{""acc_banks"":[6,6],""acc_bytes"":[65536,32768],""cores"":[{""pk"":128,""pm"":4,""pn"":16},{""pk"":128,""pm"":2,""pn"":16}],""flows"":[""WS"",""IS""],""label"":"""",""records"":8,""total_macs"":12288,""vector_lanes"":[32,32],""w_banks"":[32,32],""w_bytes"":[20480,20480],""x_banks"":[12,12],""x_bytes"":[8192,4096],""z_bytes"":[262144,131072]}",geomean,0.9873469946172627,False,"{""2"":0.999863195669074,""4"":0.9998777566652476,""8"":0.9788926774267592,""16"":0.9181054869930801,""64"":1.017624464998998,""96"":1.0632688147629095,""128"":1.0526186373958362}",135,0.01,7,within1pct of best evaluated development witnesses; full proof open,True
fixed_issue,heterogeneous,heterogeneous,4x16x128+2x16x128,WS+IS,"{""acc_banks"":[6,6],""acc_bytes"":[65536,32768],""cores"":[{""pk"":128,""pm"":4,""pn"":16},{""pk"":128,""pm"":2,""pn"":16}],""flows"":[""WS"",""IS""],""label"":"""",""records"":8,""total_macs"":12288,""vector_lanes"":[32,32],""w_banks"":[32,32],""w_bytes"":[20480,20480],""x_banks"":[12,12],""x_bytes"":[8192,4096],""z_bytes"":[262144,131072]}",cvar10,1.0774456656647788,False,"{""2"":0.999863195669074,""4"":0.9998777566652476,""8"":0.9788926774267592,""16"":0.9181054869930801,""64"":1.017624464998998,""96"":1.0632688147629095,""128"":1.0526186373958362}",135,0.01,7,within1pct of best evaluated development witnesses; full proof open,True
fixed_issue,heterogeneous,heterogeneous,4x16x128+2x16x128,WS+IS,"{""acc_banks"":[6,6],""acc_bytes"":[65536,32768],""cores"":[{""pk"":128,""pm"":4,""pn"":16},{""pk"":128,""pm"":2,""pn"":16}],""flows"":[""WS"",""IS""],""label"":"""",""records"":8,""total_macs"":12288,""vector_lanes"":[32,32],""w_banks"":[32,32],""w_bytes"":[20480,20480],""x_banks"":[12,12],""x_bytes"":[8192,4096],""z_bytes"":[262144,131072]}",minimax,1.0632688147629095,False,"{""2"":0.999863195669074,""4"":0.9998777566652476,""8"":0.9788926774267592,""16"":0.9181054869930801,""64"":1.017624464998998,""96"":1.0632688147629095,""128"":1.0526186373958362}",135,0.01,7,within1pct of best evaluated development witnesses; full proof open,True
fixed_issue,heterogeneous,heterogeneous,4x16x128+2x16x128,WS+OS,"{""acc_banks"":[6,6],""acc_bytes"":[65536,32768],""cores"":[{""pk"":128,""pm"":4,""pn"":16},{""pk"":128,""pm"":2,""pn"":16}],""flows"":[""WS"",""OS""],""label"":"""",""records"":8,""total_macs"":12288,""vector_lanes"":[32,32],""w_banks"":[32,32],""w_bytes"":[20480,20480],""x_banks"":[12,12],""x_bytes"":[8192,4096],""z_bytes"":[262144,131072]}",geomean,0.987376654646133,False,"{""2"":1.0000133847778843,""4"":0.9998777566652476,""8"":0.9788926774267592,""16"":0.9181054869930801,""64"":1.017624464998998,""96"":1.0632688147629095,""128"":1.0526186373958362}",135,0.01,7,within1pct of best evaluated development witnesses; full proof open,True
fixed_issue,heterogeneous,heterogeneous,4x16x128+2x16x128,WS+OS,"{""acc_banks"":[6,6],""acc_bytes"":[65536,32768],""cores"":[{""pk"":128,""pm"":4,""pn"":16},{""pk"":128,""pm"":2,""pn"":16}],""flows"":[""WS"",""OS""],""label"":"""",""records"":8,""total_macs"":12288,""vector_lanes"":[32,32],""w_banks"":[32,32],""w_bytes"":[20480,20480],""x_banks"":[12,12],""x_bytes"":[8192,4096],""z_bytes"":[262144,131072]}",cvar10,1.0774456656647788,False,"{""2"":1.0000133847778843,""4"":0.9998777566652476,""8"":0.9788926774267592,""16"":0.9181054869930801,""64"":1.017624464998998,""96"":1.0632688147629095,""128"":1.0526186373958362}",135,0.01,7,within1pct of best evaluated development witnesses; full proof open,True
fixed_issue,heterogeneous,heterogeneous,4x16x128+2x16x128,WS+OS,"{""acc_banks"":[6,6],""acc_bytes"":[65536,32768],""cores"":[{""pk"":128,""pm"":4,""pn"":16},{""pk"":128,""pm"":2,""pn"":16}],""flows"":[""WS"",""OS""],""label"":"""",""records"":8,""total_macs"":12288,""vector_lanes"":[32,32],""w_banks"":[32,32],""w_bytes"":[20480,20480],""x_banks"":[12,12],""x_bytes"":[8192,4096],""z_bytes"":[262144,131072]}",minimax,1.0632688147629095,False,"{""2"":1.0000133847778843,""4"":0.9998777566652476,""8"":0.9788926774267592,""16"":0.9181054869930801,""64"":1.017624464998998,""96"":1.0632688147629095,""128"":1.0526186373958362}",135,0.01,7,within1pct of best evaluated development witnesses; full proof open,True
fixed_issue,heterogeneous,heterogeneous,5x8x256+1x8x256,WS+IS,"{""acc_banks"":[6,6],""acc_bytes"":[80896,17408],""cores"":[{""pk"":256,""pm"":5,""pn"":8},{""pk"":256,""pm"":1,""pn"":8}],""flows"":[""WS"",""IS""],""label"":"""",""records"":8,""total_macs"":12288,""vector_lanes"":[32,32],""w_banks"":[32,32],""w_bytes"":[20480,20480],""x_banks"":[12,12],""x_bytes"":[9216,3072],""z_bytes"":[326656,66560]}",geomean,0.9916281043114846,False,"{""2"":1.0033950628939643,""4"":1.0025450057743976,""8"":0.9787641403495689,""16"":0.9261442974728501,""64"":1.03755069925755,""96"":1.0516122799593337,""128"":1.0655400902787397}",135,0.01,7,within1pct of best evaluated development witnesses; full proof open,True
fixed_issue,heterogeneous,heterogeneous,5x8x256+1x8x256,WS+IS,"{""acc_banks"":[6,6],""acc_bytes"":[80896,17408],""cores"":[{""pk"":256,""pm"":5,""pn"":8},{""pk"":256,""pm"":1,""pn"":8}],""flows"":[""WS"",""IS""],""label"":"""",""records"":8,""total_macs"":12288,""vector_lanes"":[32,32],""w_banks"":[32,32],""w_bytes"":[20480,20480],""x_banks"":[12,12],""x_bytes"":[9216,3072],""z_bytes"":[326656,66560]}",cvar10,1.0859401637115071,False,"{""2"":1.0033950628939643,""4"":1.0025450057743976,""8"":0.9787641403495689,""16"":0.9261442974728501,""64"":1.03755069925755,""96"":1.0516122799593337,""128"":1.0655400902787397}",135,0.01,7,within1pct of best evaluated development witnesses; full proof open,True
fixed_issue,heterogeneous,heterogeneous,5x8x256+1x8x256,WS+IS,"{""acc_banks"":[6,6],""acc_bytes"":[80896,17408],""cores"":[{""pk"":256,""pm"":5,""pn"":8},{""pk"":256,""pm"":1,""pn"":8}],""flows"":[""WS"",""IS""],""label"":"""",""records"":8,""total_macs"":12288,""vector_lanes"":[32,32],""w_banks"":[32,32],""w_bytes"":[20480,20480],""x_banks"":[12,12],""x_bytes"":[9216,3072],""z_bytes"":[326656,66560]}",minimax,1.0655400902787397,False,"{""2"":1.0033950628939643,""4"":1.0025450057743976,""8"":0.9787641403495689,""16"":0.9261442974728501,""64"":1.03755069925755,""96"":1.0516122799593337,""128"":1.0655400902787397}",135,0.01,7,within1pct of best evaluated development witnesses; full proof open,True
fixed_issue,heterogeneous,heterogeneous,5x8x256+1x8x256,WS+OS,"{""acc_banks"":[6,6],""acc_bytes"":[80896,17408],""cores"":[{""pk"":256,""pm"":5,""pn"":8},{""pk"":256,""pm"":1,""pn"":8}],""flows"":[""WS"",""OS""],""label"":"""",""records"":8,""total_macs"":12288,""vector_lanes"":[32,32],""w_banks"":[32,32],""w_bytes"":[20480,20480],""x_banks"":[12,12],""x_bytes"":[9216,3072],""z_bytes"":[326656,66560]}",geomean,0.9916281043114846,False,"{""2"":1.0033950628939643,""4"":1.0025450057743976,""8"":0.9787641403495689,""16"":0.9261442974728501,""64"":1.03755069925755,""96"":1.0516122799593337,""128"":1.0655400902787397}",135,0.01,7,within1pct of best evaluated development witnesses; full proof open,True
fixed_issue,heterogeneous,heterogeneous,5x8x256+1x8x256,WS+OS,"{""acc_banks"":[6,6],""acc_bytes"":[80896,17408],""cores"":[{""pk"":256,""pm"":5,""pn"":8},{""pk"":256,""pm"":1,""pn"":8}],""flows"":[""WS"",""OS""],""label"":"""",""records"":8,""total_macs"":12288,""vector_lanes"":[32,32],""w_banks"":[32,32],""w_bytes"":[20480,20480],""x_banks"":[12,12],""x_bytes"":[9216,3072],""z_bytes"":[326656,66560]}",cvar10,1.0859401637115071,False,"{""2"":1.0033950628939643,""4"":1.0025450057743976,""8"":0.9787641403495689,""16"":0.9261442974728501,""64"":1.03755069925755,""96"":1.0516122799593337,""128"":1.0655400902787397}",135,0.01,7,within1pct of best evaluated development witnesses; full proof open,True
fixed_issue,heterogeneous,heterogeneous,5x8x256+1x8x256,WS+OS,"{""acc_banks"":[6,6],""acc_bytes"":[80896,17408],""cores"":[{""pk"":256,""pm"":5,""pn"":8},{""pk"":256,""pm"":1,""pn"":8}],""flows"":[""WS"",""OS""],""label"":"""",""records"":8,""total_macs"":12288,""vector_lanes"":[32,32],""w_banks"":[32,32],""w_bytes"":[20480,20480],""x_banks"":[12,12],""x_bytes"":[9216,3072],""z_bytes"":[326656,66560]}",minimax,1.0655400902787397,False,"{""2"":1.0033950628939643,""4"":1.0025450057743976,""8"":0.9787641403495689,""16"":0.9261442974728501,""64"":1.03755069925755,""96"":1.0516122799593337,""128"":1.0655400902787397}",135,0.01,7,within1pct of best evaluated development witnesses; full proof open,True
fixed_issue,heterogeneous,heterogeneous,4x16x128+2x16x128,WS+OS,"{""acc_banks"":[8,4],""acc_bytes"":[81920,16384],""cores"":[{""pk"":128,""pm"":4,""pn"":16},{""pk"":128,""pm"":2,""pn"":16}],""flows"":[""WS"",""OS""],""label"":"""",""records"":8,""total_macs"":12288,""vector_lanes"":[56,8],""w_banks"":[32,32],""w_bytes"":[16384,24576],""x_banks"":[20,4],""x_bytes"":[10240,2048],""z_bytes"":[360448,32768]}",geomean,0.9839046981993222,True,"{""2"":1.0000133847778843,""4"":0.9998777566652476,""8"":0.9788926774267592,""16"":0.9181054869930801,""64"":0.997222065165505,""96"":1.0370003557090106,""128"":1.0446807261338455}",135,0.01,7,within1pct of best evaluated development witnesses; full proof open,True
fixed_issue,heterogeneous,heterogeneous,4x16x128+2x16x128,WS+OS,"{""acc_banks"":[8,4],""acc_bytes"":[81920,16384],""cores"":[{""pk"":128,""pm"":4,""pn"":16},{""pk"":128,""pm"":2,""pn"":16}],""flows"":[""WS"",""OS""],""label"":"""",""records"":8,""total_macs"":12288,""vector_lanes"":[56,8],""w_banks"":[32,32],""w_bytes"":[16384,24576],""x_banks"":[20,4],""x_bytes"":[10240,2048],""z_bytes"":[360448,32768]}",cvar10,1.0616596367782891,True,"{""2"":1.0000133847778843,""4"":0.9998777566652476,""8"":0.9788926774267592,""16"":0.9181054869930801,""64"":0.997222065165505,""96"":1.0370003557090106,""128"":1.0446807261338455}",135,0.01,7,within1pct of best evaluated development witnesses; full proof open,True
fixed_issue,heterogeneous,heterogeneous,4x16x128+2x16x128,WS+OS,"{""acc_banks"":[8,4],""acc_bytes"":[81920,16384],""cores"":[{""pk"":128,""pm"":4,""pn"":16},{""pk"":128,""pm"":2,""pn"":16}],""flows"":[""WS"",""OS""],""label"":"""",""records"":8,""total_macs"":12288,""vector_lanes"":[56,8],""w_banks"":[32,32],""w_bytes"":[16384,24576],""x_banks"":[20,4],""x_bytes"":[10240,2048],""z_bytes"":[360448,32768]}",minimax,1.0446807261338455,True,"{""2"":1.0000133847778843,""4"":0.9998777566652476,""8"":0.9788926774267592,""16"":0.9181054869930801,""64"":0.997222065165505,""96"":1.0370003557090106,""128"":1.0446807261338455}",135,0.01,7,within1pct of best evaluated development witnesses; full proof open,True
fixed_issue,heterogeneous,heterogeneous,5x8x256+1x8x256,WS+IS,"{""acc_banks"":[8,4],""acc_bytes"":[81920,16384],""cores"":[{""pk"":256,""pm"":5,""pn"":8},{""pk"":256,""pm"":1,""pn"":8}],""flows"":[""WS"",""IS""],""label"":"""",""records"":8,""total_macs"":12288,""vector_lanes"":[56,8],""w_banks"":[32,32],""w_bytes"":[16384,24576],""x_banks"":[20,4],""x_bytes"":[10240,2048],""z_bytes"":[360448,32768]}",geomean,0.9896345043906968,False,"{""2"":1.0033967661823264,""4"":1.0025515087930505,""8"":0.9787804151019532,""16"":0.9264504506094638,""64"":1.0161515660330254,""96"":1.0516133069047966,""128"":1.0545017167339261}",135,0.01,7,within1pct of best evaluated development witnesses; full proof open,True
fixed_issue,heterogeneous,heterogeneous,5x8x256+1x8x256,WS+IS,"{""acc_banks"":[8,4],""acc_bytes"":[81920,16384],""cores"":[{""pk"":256,""pm"":5,""pn"":8},{""pk"":256,""pm"":1,""pn"":8}],""flows"":[""WS"",""IS""],""label"":"""",""records"":8,""total_macs"":12288,""vector_lanes"":[56,8],""w_banks"":[32,32],""w_bytes"":[16384,24576],""x_banks"":[20,4],""x_bytes"":[10240,2048],""z_bytes"":[360448,32768]}",cvar10,1.076813817389319,False,"{""2"":1.0033967661823264,""4"":1.0025515087930505,""8"":0.9787804151019532,""16"":0.9264504506094638,""64"":1.0161515660330254,""96"":1.0516133069047966,""128"":1.0545017167339261}",135,0.01,7,within1pct of best evaluated development witnesses; full proof open,True
fixed_issue,heterogeneous,heterogeneous,5x8x256+1x8x256,WS+IS,"{""acc_banks"":[8,4],""acc_bytes"":[81920,16384],""cores"":[{""pk"":256,""pm"":5,""pn"":8},{""pk"":256,""pm"":1,""pn"":8}],""flows"":[""WS"",""IS""],""label"":"""",""records"":8,""total_macs"":12288,""vector_lanes"":[56,8],""w_banks"":[32,32],""w_bytes"":[16384,24576],""x_banks"":[20,4],""x_bytes"":[10240,2048],""z_bytes"":[360448,32768]}",minimax,1.0545017167339261,False,"{""2"":1.0033967661823264,""4"":1.0025515087930505,""8"":0.9787804151019532,""16"":0.9264504506094638,""64"":1.0161515660330254,""96"":1.0516133069047966,""128"":1.0545017167339261}",135,0.01,7,within1pct of best evaluated development witnesses; full proof open,True
fixed_issue,heterogeneous,heterogeneous,5x8x256+1x8x256,WS+OS,"{""acc_banks"":[8,4],""acc_bytes"":[81920,16384],""cores"":[{""pk"":256,""pm"":5,""pn"":8},{""pk"":256,""pm"":1,""pn"":8}],""flows"":[""WS"",""OS""],""label"":"""",""records"":8,""total_macs"":12288,""vector_lanes"":[56,8],""w_banks"":[32,32],""w_bytes"":[16384,24576],""x_banks"":[20,4],""x_bytes"":[10240,2048],""z_bytes"":[360448,32768]}",geomean,0.9896345043906968,False,"{""2"":1.0033967661823264,""4"":1.0025515087930505,""8"":0.9787804151019532,""16"":0.9264504506094638,""64"":1.0161515660330254,""96"":1.0516133069047966,""128"":1.0545017167339261}",135,0.01,7,within1pct of best evaluated development witnesses; full proof open,True
fixed_issue,heterogeneous,heterogeneous,5x8x256+1x8x256,WS+OS,"{""acc_banks"":[8,4],""acc_bytes"":[81920,16384],""cores"":[{""pk"":256,""pm"":5,""pn"":8},{""pk"":256,""pm"":1,""pn"":8}],""flows"":[""WS"",""OS""],""label"":"""",""records"":8,""total_macs"":12288,""vector_lanes"":[56,8],""w_banks"":[32,32],""w_bytes"":[16384,24576],""x_banks"":[20,4],""x_bytes"":[10240,2048],""z_bytes"":[360448,32768]}",cvar10,1.076813817389319,False,"{""2"":1.0033967661823264,""4"":1.0025515087930505,""8"":0.9787804151019532,""16"":0.9264504506094638,""64"":1.0161515660330254,""96"":1.0516133069047966,""128"":1.0545017167339261}",135,0.01,7,within1pct of best evaluated development witnesses; full proof open,True
fixed_issue,heterogeneous,heterogeneous,5x8x256+1x8x256,WS+OS,"{""acc_banks"":[8,4],""acc_bytes"":[81920,16384],""cores"":[{""pk"":256,""pm"":5,""pn"":8},{""pk"":256,""pm"":1,""pn"":8}],""flows"":[""WS"",""OS""],""label"":"""",""records"":8,""total_macs"":12288,""vector_lanes"":[56,8],""w_banks"":[32,32],""w_bytes"":[16384,24576],""x_banks"":[20,4],""x_bytes"":[10240,2048],""z_bytes"":[360448,32768]}",minimax,1.0545017167339261,False,"{""2"":1.0033967661823264,""4"":1.0025515087930505,""8"":0.9787804151019532,""16"":0.9264504506094638,""64"":1.0161515660330254,""96"":1.0516133069047966,""128"":1.0545017167339261}",135,0.01,7,within1pct of best evaluated development witnesses; full proof open,True
fixed_issue,all,single,2x48x128,WS,"{""acc_banks"":[12],""acc_bytes"":[98304],""cores"":[{""pk"":128,""pm"":2,""pn"":48}],""flows"":[""WS""],""label"":"""",""records"":8,""total_macs"":12288,""vector_lanes"":[64],""w_banks"":[64],""w_bytes"":[40960],""x_banks"":[24],""x_bytes"":[12288],""z_bytes"":[393216]}",geomean,1.0,False,"{""2"":1.0,""4"":1.0,""8"":1.0,""16"":1.0,""64"":1.0,""96"":1.0,""128"":1.0}",135,0.01,24,within1pct of best evaluated development witnesses; full proof open,True
fixed_issue,all,single,2x48x128,WS,"{""acc_banks"":[12],""acc_bytes"":[98304],""cores"":[{""pk"":128,""pm"":2,""pn"":48}],""flows"":[""WS""],""label"":"""",""records"":8,""total_macs"":12288,""vector_lanes"":[64],""w_banks"":[64],""w_bytes"":[40960],""x_banks"":[24],""x_bytes"":[12288],""z_bytes"":[393216]}",cvar10,1.0,True,"{""2"":1.0,""4"":1.0,""8"":1.0,""16"":1.0,""64"":1.0,""96"":1.0,""128"":1.0}",135,0.01,24,within1pct of best evaluated development witnesses; full proof open,True
fixed_issue,all,single,2x48x128,WS,"{""acc_banks"":[12],""acc_bytes"":[98304],""cores"":[{""pk"":128,""pm"":2,""pn"":48}],""flows"":[""WS""],""label"":"""",""records"":8,""total_macs"":12288,""vector_lanes"":[64],""w_banks"":[64],""w_bytes"":[40960],""x_banks"":[24],""x_bytes"":[12288],""z_bytes"":[393216]}",minimax,1.0,True,"{""2"":1.0,""4"":1.0,""8"":1.0,""16"":1.0,""64"":1.0,""96"":1.0,""128"":1.0}",135,0.01,24,within1pct of best evaluated development witnesses; full proof open,True
fixed_issue,all,single,3x32x128,WS,"{""acc_banks"":[12],""acc_bytes"":[98304],""cores"":[{""pk"":128,""pm"":3,""pn"":32}],""flows"":[""WS""],""label"":"""",""records"":8,""total_macs"":12288,""vector_lanes"":[64],""w_banks"":[64],""w_bytes"":[40960],""x_banks"":[24],""x_bytes"":[12288],""z_bytes"":[393216]}",geomean,1.0078955805435859,False,"{""2"":1.0,""4"":1.0,""8"":1.0128363090028796,""16"":1.0151055588084332,""64"":1.0176634058174667,""96"":1.01017891807005,""128"":1.0071154325312022}",135,0.01,24,within1pct of best evaluated development witnesses; full proof open,True
fixed_issue,all,single,3x32x128,WS,"{""acc_banks"":[12],""acc_bytes"":[98304],""cores"":[{""pk"":128,""pm"":3,""pn"":32}],""flows"":[""WS""],""label"":"""",""records"":8,""total_macs"":12288,""vector_lanes"":[64],""w_banks"":[64],""w_bytes"":[40960],""x_banks"":[24],""x_bytes"":[12288],""z_bytes"":[393216]}",cvar10,1.0284142896155464,False,"{""2"":1.0,""4"":1.0,""8"":1.0128363090028796,""16"":1.0151055588084332,""64"":1.0176634058174667,""96"":1.01017891807005,""128"":1.0071154325312022}",135,0.01,24,within1pct of best evaluated development witnesses; full proof open,True
fixed_issue,all,single,3x32x128,WS,"{""acc_banks"":[12],""acc_bytes"":[98304],""cores"":[{""pk"":128,""pm"":3,""pn"":32}],""flows"":[""WS""],""label"":"""",""records"":8,""total_macs"":12288,""vector_lanes"":[64],""w_banks"":[64],""w_bytes"":[40960],""x_banks"":[24],""x_bytes"":[12288],""z_bytes"":[393216]}",minimax,1.0176634058174667,False,"{""2"":1.0,""4"":1.0,""8"":1.0128363090028796,""16"":1.0151055588084332,""64"":1.0176634058174667,""96"":1.01017891807005,""128"":1.0071154325312022}",135,0.01,24,within1pct of best evaluated development witnesses; full proof open,True
fixed_issue,all,single,2x24x256,WS,"{""acc_banks"":[12],""acc_bytes"":[98304],""cores"":[{""pk"":256,""pm"":2,""pn"":24}],""flows"":[""WS""],""label"":"""",""records"":8,""total_macs"":12288,""vector_lanes"":[64],""w_banks"":[64],""w_bytes"":[40960],""x_banks"":[24],""x_bytes"":[12288],""z_bytes"":[393216]}",geomean,1.0030400787513596,False,"{""2"":1.0,""4"":1.0,""8"":1.0005757077232158,""16"":1.0033106610322862,""64"":1.009303379140861,""96"":1.0118455152613428,""128"":1.0129364871201925}",135,0.01,24,within1pct of best evaluated development witnesses; full proof open,True
fixed_issue,all,single,2x24x256,WS,"{""acc_banks"":[12],""acc_bytes"":[98304],""cores"":[{""pk"":256,""pm"":2,""pn"":24}],""flows"":[""WS""],""label"":"""",""records"":8,""total_macs"":12288,""vector_lanes"":[64],""w_banks"":[64],""w_bytes"":[40960],""x_banks"":[24],""x_bytes"":[12288],""z_bytes"":[393216]}",cvar10,1.0127353692609238,False,"{""2"":1.0,""4"":1.0,""8"":1.0005757077232158,""16"":1.0033106610322862,""64"":1.009303379140861,""96"":1.0118455152613428,""128"":1.0129364871201925}",135,0.01,24,within1pct of best evaluated development witnesses; full proof open,True
fixed_issue,all,single,2x24x256,WS,"{""acc_banks"":[12],""acc_bytes"":[98304],""cores"":[{""pk"":256,""pm"":2,""pn"":24}],""flows"":[""WS""],""label"":"""",""records"":8,""total_macs"":12288,""vector_lanes"":[64],""w_banks"":[64],""w_bytes"":[40960],""x_banks"":[24],""x_bytes"":[12288],""z_bytes"":[393216]}",minimax,1.0129364871201925,False,"{""2"":1.0,""4"":1.0,""8"":1.0005757077232158,""16"":1.0033106610322862,""64"":1.009303379140861,""96"":1.0118455152613428,""128"":1.0129364871201925}",135,0.01,24,within1pct of best evaluated development witnesses; full proof open,True
fixed_issue,all,single,3x128x32,WS,"{""acc_banks"":[12],""acc_bytes"":[98304],""cores"":[{""pk"":32,""pm"":3,""pn"":128}],""flows"":[""WS""],""label"":"""",""records"":8,""total_macs"":12288,""vector_lanes"":[64],""w_banks"":[64],""w_bytes"":[40960],""x_banks"":[24],""x_bytes"":[12288],""z_bytes"":[393216]}",geomean,1.0078955805435859,False,"{""2"":1.0,""4"":1.0,""8"":1.0128363090028796,""16"":1.0151055588084332,""64"":1.0176634058174667,""96"":1.01017891807005,""128"":1.0071154325312022}",135,0.01,24,within1pct of best evaluated development witnesses; full proof open,True
fixed_issue,all,single,3x128x32,WS,"{""acc_banks"":[12],""acc_bytes"":[98304],""cores"":[{""pk"":32,""pm"":3,""pn"":128}],""flows"":[""WS""],""label"":"""",""records"":8,""total_macs"":12288,""vector_lanes"":[64],""w_banks"":[64],""w_bytes"":[40960],""x_banks"":[24],""x_bytes"":[12288],""z_bytes"":[393216]}",cvar10,1.0284142896155464,False,"{""2"":1.0,""4"":1.0,""8"":1.0128363090028796,""16"":1.0151055588084332,""64"":1.0176634058174667,""96"":1.01017891807005,""128"":1.0071154325312022}",135,0.01,24,within1pct of best evaluated development witnesses; full proof open,True
fixed_issue,all,single,3x128x32,WS,"{""acc_banks"":[12],""acc_bytes"":[98304],""cores"":[{""pk"":32,""pm"":3,""pn"":128}],""flows"":[""WS""],""label"":"""",""records"":8,""total_macs"":12288,""vector_lanes"":[64],""w_banks"":[64],""w_bytes"":[40960],""x_banks"":[24],""x_bytes"":[12288],""z_bytes"":[393216]}",minimax,1.0176634058174667,False,"{""2"":1.0,""4"":1.0,""8"":1.0128363090028796,""16"":1.0151055588084332,""64"":1.0176634058174667,""96"":1.01017891807005,""128"":1.0071154325312022}",135,0.01,24,within1pct of best evaluated development witnesses; full proof open,True
fixed_issue,all,single,2x12x512,WS,"{""acc_banks"":[12],""acc_bytes"":[98304],""cores"":[{""pk"":512,""pm"":2,""pn"":12}],""flows"":[""WS""],""label"":"""",""records"":8,""total_macs"":12288,""vector_lanes"":[64],""w_banks"":[64],""w_bytes"":[40960],""x_banks"":[24],""x_bytes"":[12288],""z_bytes"":[393216]}",geomean,1.004918296071,False,"{""2"":1.0,""4"":1.0,""8"":1.002889102107996,""16"":1.0061186862824003,""64"":1.0133170306709234,""96"":1.0162491213422138,""128"":1.0174413712850328}",135,0.01,24,within1pct of best evaluated development witnesses; full proof open,True
fixed_issue,all,single,2x12x512,WS,"{""acc_banks"":[12],""acc_bytes"":[98304],""cores"":[{""pk"":512,""pm"":2,""pn"":12}],""flows"":[""WS""],""label"":"""",""records"":8,""total_macs"":12288,""vector_lanes"":[64],""w_banks"":[64],""w_bytes"":[40960],""x_banks"":[24],""x_bytes"":[12288],""z_bytes"":[393216]}",cvar10,1.0172245967929459,False,"{""2"":1.0,""4"":1.0,""8"":1.002889102107996,""16"":1.0061186862824003,""64"":1.0133170306709234,""96"":1.0162491213422138,""128"":1.0174413712850328}",135,0.01,24,within1pct of best evaluated development witnesses; full proof open,True
fixed_issue,all,single,2x12x512,WS,"{""acc_banks"":[12],""acc_bytes"":[98304],""cores"":[{""pk"":512,""pm"":2,""pn"":12}],""flows"":[""WS""],""label"":"""",""records"":8,""total_macs"":12288,""vector_lanes"":[64],""w_banks"":[64],""w_bytes"":[40960],""x_banks"":[24],""x_bytes"":[12288],""z_bytes"":[393216]}",minimax,1.0174413712850328,False,"{""2"":1.0,""4"":1.0,""8"":1.002889102107996,""16"":1.0061186862824003,""64"":1.0133170306709234,""96"":1.0162491213422138,""128"":1.0174413712850328}",135,0.01,24,within1pct of best evaluated development witnesses; full proof open,True
fixed_issue,all,single,2x96x64,WS,"{""acc_banks"":[12],""acc_bytes"":[98304],""cores"":[{""pk"":64,""pm"":2,""pn"":96}],""flows"":[""WS""],""label"":"""",""records"":8,""total_macs"":12288,""vector_lanes"":[64],""w_banks"":[64],""w_bytes"":[40960],""x_banks"":[24],""x_bytes"":[12288],""z_bytes"":[393216]}",geomean,1.0028157007635838,False,"{""2"":1.0,""4"":1.0,""8"":1.0019284879116932,""16"":1.0035822713562037,""64"":1.0072230292738822,""96"":1.0089268763977455,""128"":1.009630399531242}",135,0.01,24,within1pct of best evaluated development witnesses; full proof open,True
fixed_issue,all,single,2x96x64,WS,"{""acc_banks"":[12],""acc_bytes"":[98304],""cores"":[{""pk"":64,""pm"":2,""pn"":96}],""flows"":[""WS""],""label"":"""",""records"":8,""total_macs"":12288,""vector_lanes"":[64],""w_banks"":[64],""w_bytes"":[40960],""x_banks"":[24],""x_bytes"":[12288],""z_bytes"":[393216]}",cvar10,1.0094841159946808,False,"{""2"":1.0,""4"":1.0,""8"":1.0019284879116932,""16"":1.0035822713562037,""64"":1.0072230292738822,""96"":1.0089268763977455,""128"":1.009630399531242}",135,0.01,24,within1pct of best evaluated development witnesses; full proof open,True
fixed_issue,all,single,2x96x64,WS,"{""acc_banks"":[12],""acc_bytes"":[98304],""cores"":[{""pk"":64,""pm"":2,""pn"":96}],""flows"":[""WS""],""label"":"""",""records"":8,""total_macs"":12288,""vector_lanes"":[64],""w_banks"":[64],""w_bytes"":[40960],""x_banks"":[24],""x_bytes"":[12288],""z_bytes"":[393216]}",minimax,1.009630399531242,False,"{""2"":1.0,""4"":1.0,""8"":1.0019284879116932,""16"":1.0035822713562037,""64"":1.0072230292738822,""96"":1.0089268763977455,""128"":1.009630399531242}",135,0.01,24,within1pct of best evaluated development witnesses; full proof open,True
fixed_issue,all,single,3x64x64,WS,"{""acc_banks"":[12],""acc_bytes"":[98304],""cores"":[{""pk"":64,""pm"":3,""pn"":64}],""flows"":[""WS""],""label"":"""",""records"":8,""total_macs"":12288,""vector_lanes"":[64],""w_banks"":[64],""w_bytes"":[40960],""x_banks"":[24],""x_bytes"":[12288],""z_bytes"":[393216]}",geomean,1.0078955805435859,False,"{""2"":1.0,""4"":1.0,""8"":1.0128363090028796,""16"":1.0151055588084332,""64"":1.0176634058174667,""96"":1.01017891807005,""128"":1.0071154325312022}",135,0.01,24,within1pct of best evaluated development witnesses; full proof open,True
fixed_issue,all,single,3x64x64,WS,"{""acc_banks"":[12],""acc_bytes"":[98304],""cores"":[{""pk"":64,""pm"":3,""pn"":64}],""flows"":[""WS""],""label"":"""",""records"":8,""total_macs"":12288,""vector_lanes"":[64],""w_banks"":[64],""w_bytes"":[40960],""x_banks"":[24],""x_bytes"":[12288],""z_bytes"":[393216]}",cvar10,1.0284142896155464,False,"{""2"":1.0,""4"":1.0,""8"":1.0128363090028796,""16"":1.0151055588084332,""64"":1.0176634058174667,""96"":1.01017891807005,""128"":1.0071154325312022}",135,0.01,24,within1pct of best evaluated development witnesses; full proof open,True
fixed_issue,all,single,3x64x64,WS,"{""acc_banks"":[12],""acc_bytes"":[98304],""cores"":[{""pk"":64,""pm"":3,""pn"":64}],""flows"":[""WS""],""label"":"""",""records"":8,""total_macs"":12288,""vector_lanes"":[64],""w_banks"":[64],""w_bytes"":[40960],""x_banks"":[24],""x_bytes"":[12288],""z_bytes"":[393216]}",minimax,1.0176634058174667,False,"{""2"":1.0,""4"":1.0,""8"":1.0128363090028796,""16"":1.0151055588084332,""64"":1.0176634058174667,""96"":1.01017891807005,""128"":1.0071154325312022}",135,0.01,24,within1pct of best evaluated development witnesses; full proof open,True
fixed_issue,all,homogeneous,3x16x128+3x16x128,WS+IS,"{""acc_banks"":[6,6],""acc_bytes"":[49152,49152],""cores"":[{""pk"":128,""pm"":3,""pn"":16},{""pk"":128,""pm"":3,""pn"":16}],""flows"":[""WS"",""IS""],""label"":"""",""records"":8,""total_macs"":12288,""vector_lanes"":[32,32],""w_banks"":[32,32],""w_bytes"":[20480,20480],""x_banks"":[12,12],""x_bytes"":[6144,6144],""z_bytes"":[196608,196608]}",geomean,0.9941648525720557,False,"{""2"":0.999863195669074,""4"":0.9998582475871471,""8"":0.9858186580892108,""16"":0.9248071404778069,""64"":1.0343825025594082,""96"":1.0774079846549718,""128"":1.0855080553671466}",135,0.01,24,within1pct of best evaluated development witnesses; full proof open,True
fixed_issue,all,homogeneous,3x16x128+3x16x128,WS+IS,"{""acc_banks"":[6,6],""acc_bytes"":[49152,49152],""cores"":[{""pk"":128,""pm"":3,""pn"":16},{""pk"":128,""pm"":3,""pn"":16}],""flows"":[""WS"",""IS""],""label"":"""",""records"":8,""total_macs"":12288,""vector_lanes"":[32,32],""w_banks"":[32,32],""w_bytes"":[20480,20480],""x_banks"":[12,12],""x_bytes"":[6144,6144],""z_bytes"":[196608,196608]}",cvar10,1.1012154632778792,False,"{""2"":0.999863195669074,""4"":0.9998582475871471,""8"":0.9858186580892108,""16"":0.9248071404778069,""64"":1.0343825025594082,""96"":1.0774079846549718,""128"":1.0855080553671466}",135,0.01,24,within1pct of best evaluated development witnesses; full proof open,True
fixed_issue,all,homogeneous,3x16x128+3x16x128,WS+IS,"{""acc_banks"":[6,6],""acc_bytes"":[49152,49152],""cores"":[{""pk"":128,""pm"":3,""pn"":16},{""pk"":128,""pm"":3,""pn"":16}],""flows"":[""WS"",""IS""],""label"":"""",""records"":8,""total_macs"":12288,""vector_lanes"":[32,32],""w_banks"":[32,32],""w_bytes"":[20480,20480],""x_banks"":[12,12],""x_bytes"":[6144,6144],""z_bytes"":[196608,196608]}",minimax,1.0855080553671466,False,"{""2"":0.999863195669074,""4"":0.9998582475871471,""8"":0.9858186580892108,""16"":0.9248071404778069,""64"":1.0343825025594082,""96"":1.0774079846549718,""128"":1.0855080553671466}",135,0.01,24,within1pct of best evaluated development witnesses; full proof open,True
fixed_issue,all,homogeneous,3x16x128+3x16x128,WS+OS,"{""acc_banks"":[6,6],""acc_bytes"":[49152,49152],""cores"":[{""pk"":128,""pm"":3,""pn"":16},{""pk"":128,""pm"":3,""pn"":16}],""flows"":[""WS"",""OS""],""label"":"""",""records"":8,""total_macs"":12288,""vector_lanes"":[32,32],""w_banks"":[32,32],""w_bytes"":[20480,20480],""x_banks"":[12,12],""x_bytes"":[6144,6144],""z_bytes"":[196608,196608]}",geomean,0.9941947186605101,False,"{""2"":1.0000133847778843,""4"":0.9998582475871471,""8"":0.9858186580892108,""16"":0.9248071404778069,""64"":1.0343825025594082,""96"":1.0774079846549718,""128"":1.085508075843643}",135,0.01,24,within1pct of best evaluated development witnesses; full proof open,True
fixed_issue,all,homogeneous,3x16x128+3x16x128,WS+OS,"{""acc_banks"":[6,6],""acc_bytes"":[49152,49152],""cores"":[{""pk"":128,""pm"":3,""pn"":16},{""pk"":128,""pm"":3,""pn"":16}],""flows"":[""WS"",""OS""],""label"":"""",""records"":8,""total_macs"":12288,""vector_lanes"":[32,32],""w_banks"":[32,32],""w_bytes"":[20480,20480],""x_banks"":[12,12],""x_bytes"":[6144,6144],""z_bytes"":[196608,196608]}",cvar10,1.101215466250225,False,"{""2"":1.0000133847778843,""4"":0.9998582475871471,""8"":0.9858186580892108,""16"":0.9248071404778069,""64"":1.0343825025594082,""96"":1.0774079846549718,""128"":1.085508075843643}",135,0.01,24,within1pct of best evaluated development witnesses; full proof open,True
fixed_issue,all,homogeneous,3x16x128+3x16x128,WS+OS,"{""acc_banks"":[6,6],""acc_bytes"":[49152,49152],""cores"":[{""pk"":128,""pm"":3,""pn"":16},{""pk"":128,""pm"":3,""pn"":16}],""flows"":[""WS"",""OS""],""label"":"""",""records"":8,""total_macs"":12288,""vector_lanes"":[32,32],""w_banks"":[32,32],""w_bytes"":[20480,20480],""x_banks"":[12,12],""x_bytes"":[6144,6144],""z_bytes"":[196608,196608]}",minimax,1.085508075843643,False,"{""2"":1.0000133847778843,""4"":0.9998582475871471,""8"":0.9858186580892108,""16"":0.9248071404778069,""64"":1.0343825025594082,""96"":1.0774079846549718,""128"":1.085508075843643}",135,0.01,24,within1pct of best evaluated development witnesses; full proof open,True
fixed_issue,all,homogeneous,3x8x256+3x8x256,IS+WS,"{""acc_banks"":[6,6],""acc_bytes"":[49152,49152],""cores"":[{""pk"":256,""pm"":3,""pn"":8},{""pk"":256,""pm"":3,""pn"":8}],""flows"":[""IS"",""WS""],""label"":"""",""records"":8,""total_macs"":12288,""vector_lanes"":[32,32],""w_banks"":[32,32],""w_bytes"":[20480,20480],""x_banks"":[12,12],""x_bytes"":[6144,6144],""z_bytes"":[196608,196608]}",geomean,1.005942320296895,False,"{""2"":1.005713047097827,""4"":1.0146820464267456,""8"":1.00316172164779,""16"":0.936636181610664,""64"":1.0423250932064658,""96"":1.0866353999529095,""128"":1.0946400171766881}",135,0.01,24,within1pct of best evaluated development witnesses; full proof open,True
fixed_issue,all,homogeneous,3x8x256+3x8x256,IS+WS,"{""acc_banks"":[6,6],""acc_bytes"":[49152,49152],""cores"":[{""pk"":256,""pm"":3,""pn"":8},{""pk"":256,""pm"":3,""pn"":8}],""flows"":[""IS"",""WS""],""label"":"""",""records"":8,""total_macs"":12288,""vector_lanes"":[32,32],""w_banks"":[32,32],""w_bytes"":[20480,20480],""x_banks"":[12,12],""x_bytes"":[6144,6144],""z_bytes"":[196608,196608]}",cvar10,1.1085100806153134,False,"{""2"":1.005713047097827,""4"":1.0146820464267456,""8"":1.00316172164779,""16"":0.936636181610664,""64"":1.0423250932064658,""96"":1.0866353999529095,""128"":1.0946400171766881}",135,0.01,24,within1pct of best evaluated development witnesses; full proof open,True
fixed_issue,all,homogeneous,3x8x256+3x8x256,IS+WS,"{""acc_banks"":[6,6],""acc_bytes"":[49152,49152],""cores"":[{""pk"":256,""pm"":3,""pn"":8},{""pk"":256,""pm"":3,""pn"":8}],""flows"":[""IS"",""WS""],""label"":"""",""records"":8,""total_macs"":12288,""vector_lanes"":[32,32],""w_banks"":[32,32],""w_bytes"":[20480,20480],""x_banks"":[12,12],""x_bytes"":[6144,6144],""z_bytes"":[196608,196608]}",minimax,1.0946400171766881,False,"{""2"":1.005713047097827,""4"":1.0146820464267456,""8"":1.00316172164779,""16"":0.936636181610664,""64"":1.0423250932064658,""96"":1.0866353999529095,""128"":1.0946400171766881}",135,0.01,24,within1pct of best evaluated development witnesses; full proof open,True
fixed_issue,all,homogeneous,3x8x256+3x8x256,OS+WS,"{""acc_banks"":[6,6],""acc_bytes"":[49152,49152],""cores"":[{""pk"":256,""pm"":3,""pn"":8},{""pk"":256,""pm"":3,""pn"":8}],""flows"":[""OS"",""WS""],""label"":"""",""records"":8,""total_macs"":12288,""vector_lanes"":[32,32],""w_banks"":[32,32],""w_bytes"":[20480,20480],""x_banks"":[12,12],""x_bytes"":[6144,6144],""z_bytes"":[196608,196608]}",geomean,1.0059423168100579,False,"{""2"":1.005713047097827,""4"":1.0146820464267456,""8"":1.00316172164779,""16"":0.936636181610664,""64"":1.0423250932064658,""96"":1.0866353233569113,""128"":1.0946400374226595}",135,0.01,24,within1pct of best evaluated development witnesses; full proof open,True
fixed_issue,all,homogeneous,3x8x256+3x8x256,OS+WS,"{""acc_banks"":[6,6],""acc_bytes"":[49152,49152],""cores"":[{""pk"":256,""pm"":3,""pn"":8},{""pk"":256,""pm"":3,""pn"":8}],""flows"":[""OS"",""WS""],""label"":"""",""records"":8,""total_macs"":12288,""vector_lanes"":[32,32],""w_banks"":[32,32],""w_bytes"":[20480,20480],""x_banks"":[12,12],""x_bytes"":[6144,6144],""z_bytes"":[196608,196608]}",cvar10,1.1085100919172286,False,"{""2"":1.005713047097827,""4"":1.0146820464267456,""8"":1.00316172164779,""16"":0.936636181610664,""64"":1.0423250932064658,""96"":1.0866353233569113,""128"":1.0946400374226595}",135,0.01,24,within1pct of best evaluated development witnesses; full proof open,True
fixed_issue,all,homogeneous,3x8x256+3x8x256,OS+WS,"{""acc_banks"":[6,6],""acc_bytes"":[49152,49152],""cores"":[{""pk"":256,""pm"":3,""pn"":8},{""pk"":256,""pm"":3,""pn"":8}],""flows"":[""OS"",""WS""],""label"":"""",""records"":8,""total_macs"":12288,""vector_lanes"":[32,32],""w_banks"":[32,32],""w_bytes"":[20480,20480],""x_banks"":[12,12],""x_bytes"":[6144,6144],""z_bytes"":[196608,196608]}",minimax,1.0946400374226595,False,"{""2"":1.005713047097827,""4"":1.0146820464267456,""8"":1.00316172164779,""16"":0.936636181610664,""64"":1.0423250932064658,""96"":1.0866353233569113,""128"":1.0946400374226595}",135,0.01,24,within1pct of best evaluated development witnesses; full proof open,True
fixed_issue,all,homogeneous,3x8x256+3x8x256,WS+IS,"{""acc_banks"":[6,6],""acc_bytes"":[49152,49152],""cores"":[{""pk"":256,""pm"":3,""pn"":8},{""pk"":256,""pm"":3,""pn"":8}],""flows"":[""WS"",""IS""],""label"":"""",""records"":8,""total_macs"":12288,""vector_lanes"":[32,32],""w_banks"":[32,32],""w_bytes"":[20480,20480],""x_banks"":[12,12],""x_bytes"":[6144,6144],""z_bytes"":[196608,196608]}",geomean,0.9989661723659782,False,"{""2"":1.004468642474083,""4"":1.0052739891656073,""8"":0.988361833860208,""16"":0.927892467107699,""64"":1.0423250932064658,""96"":1.0866353729552558,""128"":1.094640131816835}",135,0.01,24,within1pct of best evaluated development witnesses; full proof open,True
fixed_issue,all,homogeneous,3x8x256+3x8x256,WS+IS,"{""acc_banks"":[6,6],""acc_bytes"":[49152,49152],""cores"":[{""pk"":256,""pm"":3,""pn"":8},{""pk"":256,""pm"":3,""pn"":8}],""flows"":[""WS"",""IS""],""label"":"""",""records"":8,""total_macs"":12288,""vector_lanes"":[32,32],""w_banks"":[32,32],""w_bytes"":[20480,20480],""x_banks"":[12,12],""x_bytes"":[6144,6144],""z_bytes"":[196608,196608]}",cvar10,1.1085355345664374,False,"{""2"":1.004468642474083,""4"":1.0052739891656073,""8"":0.988361833860208,""16"":0.927892467107699,""64"":1.0423250932064658,""96"":1.0866353729552558,""128"":1.094640131816835}",135,0.01,24,within1pct of best evaluated development witnesses; full proof open,True
fixed_issue,all,homogeneous,3x8x256+3x8x256,WS+IS,"{""acc_banks"":[6,6],""acc_bytes"":[49152,49152],""cores"":[{""pk"":256,""pm"":3,""pn"":8},{""pk"":256,""pm"":3,""pn"":8}],""flows"":[""WS"",""IS""],""label"":"""",""records"":8,""total_macs"":12288,""vector_lanes"":[32,32],""w_banks"":[32,32],""w_bytes"":[20480,20480],""x_banks"":[12,12],""x_bytes"":[6144,6144],""z_bytes"":[196608,196608]}",minimax,1.094640131816835,False,"{""2"":1.004468642474083,""4"":1.0052739891656073,""8"":0.988361833860208,""16"":0.927892467107699,""64"":1.0423250932064658,""96"":1.0866353729552558,""128"":1.094640131816835}",135,0.01,24,within1pct of best evaluated development witnesses; full proof open,True
fixed_issue,all,homogeneous,3x8x256+3x8x256,WS+OS,"{""acc_banks"":[6,6],""acc_bytes"":[49152,49152],""cores"":[{""pk"":256,""pm"":3,""pn"":8},{""pk"":256,""pm"":3,""pn"":8}],""flows"":[""WS"",""OS""],""label"":"""",""records"":8,""total_macs"":12288,""vector_lanes"":[32,32],""w_banks"":[32,32],""w_bytes"":[20480,20480],""x_banks"":[12,12],""x_bytes"":[6144,6144],""z_bytes"":[196608,196608]}",geomean,0.9992135649507353,False,"{""2"":1.005713047097827,""4"":1.0052739891656073,""8"":0.988361833860208,""16"":0.927892467107699,""64"":1.0423250932064658,""96"":1.0866353233569113,""128"":1.0946401422282763}",135,0.01,24,within1pct of best evaluated development witnesses; full proof open,True
fixed_issue,all,homogeneous,3x8x256+3x8x256,WS+OS,"{""acc_banks"":[6,6],""acc_bytes"":[49152,49152],""cores"":[{""pk"":256,""pm"":3,""pn"":8},{""pk"":256,""pm"":3,""pn"":8}],""flows"":[""WS"",""OS""],""label"":"""",""records"":8,""total_macs"":12288,""vector_lanes"":[32,32],""w_banks"":[32,32],""w_bytes"":[20480,20480],""x_banks"":[12,12],""x_bytes"":[6144,6144],""z_bytes"":[196608,196608]}",cvar10,1.108535534939761,False,"{""2"":1.005713047097827,""4"":1.0052739891656073,""8"":0.988361833860208,""16"":0.927892467107699,""64"":1.0423250932064658,""96"":1.0866353233569113,""128"":1.0946401422282763}",135,0.01,24,within1pct of best evaluated development witnesses; full proof open,True
fixed_issue,all,homogeneous,3x8x256+3x8x256,WS+OS,"{""acc_banks"":[6,6],""acc_bytes"":[49152,49152],""cores"":[{""pk"":256,""pm"":3,""pn"":8},{""pk"":256,""pm"":3,""pn"":8}],""flows"":[""WS"",""OS""],""label"":"""",""records"":8,""total_macs"":12288,""vector_lanes"":[32,32],""w_banks"":[32,32],""w_bytes"":[20480,20480],""x_banks"":[12,12],""x_bytes"":[6144,6144],""z_bytes"":[196608,196608]}",minimax,1.0946401422282763,False,"{""2"":1.005713047097827,""4"":1.0052739891656073,""8"":0.988361833860208,""16"":0.927892467107699,""64"":1.0423250932064658,""96"":1.0866353233569113,""128"":1.0946401422282763}",135,0.01,24,within1pct of best evaluated development witnesses; full proof open,True
fixed_issue,all,homogeneous,3x64x32+3x64x32,WS+IS,"{""acc_banks"":[6,6],""acc_bytes"":[49152,49152],""cores"":[{""pk"":32,""pm"":3,""pn"":64},{""pk"":32,""pm"":3,""pn"":64}],""flows"":[""WS"",""IS""],""label"":"""",""records"":8,""total_macs"":12288,""vector_lanes"":[32,32],""w_banks"":[32,32],""w_bytes"":[20480,20480],""x_banks"":[12,12],""x_bytes"":[6144,6144],""z_bytes"":[196608,196608]}",geomean,0.9941648522383696,False,"{""2"":0.999863195669074,""4"":0.9998582475871471,""8"":0.9858186580892108,""16"":0.9248071404778069,""64"":1.0343825025594082,""96"":1.0774080051053136,""128"":1.0855080292978838}",135,0.01,24,within1pct of best evaluated development witnesses; full proof open,True
fixed_issue,all,homogeneous,3x64x32+3x64x32,WS+IS,"{""acc_banks"":[6,6],""acc_bytes"":[49152,49152],""cores"":[{""pk"":32,""pm"":3,""pn"":64},{""pk"":32,""pm"":3,""pn"":64}],""flows"":[""WS"",""IS""],""label"":"""",""records"":8,""total_macs"":12288,""vector_lanes"":[32,32],""w_banks"":[32,32],""w_bytes"":[20480,20480],""x_banks"":[12,12],""x_bytes"":[6144,6144],""z_bytes"":[196608,196608]}",cvar10,1.101215455965728,False,"{""2"":0.999863195669074,""4"":0.9998582475871471,""8"":0.9858186580892108,""16"":0.9248071404778069,""64"":1.0343825025594082,""96"":1.0774080051053136,""128"":1.0855080292978838}",135,0.01,24,within1pct of best evaluated development witnesses; full proof open,True
fixed_issue,all,homogeneous,3x64x32+3x64x32,WS+IS,"{""acc_banks"":[6,6],""acc_bytes"":[49152,49152],""cores"":[{""pk"":32,""pm"":3,""pn"":64},{""pk"":32,""pm"":3,""pn"":64}],""flows"":[""WS"",""IS""],""label"":"""",""records"":8,""total_macs"":12288,""vector_lanes"":[32,32],""w_banks"":[32,32],""w_bytes"":[20480,20480],""x_banks"":[12,12],""x_bytes"":[6144,6144],""z_bytes"":[196608,196608]}",minimax,1.0855080292978838,False,"{""2"":0.999863195669074,""4"":0.9998582475871471,""8"":0.9858186580892108,""16"":0.9248071404778069,""64"":1.0343825025594082,""96"":1.0774080051053136,""128"":1.0855080292978838}",135,0.01,24,within1pct of best evaluated development witnesses; full proof open,True
fixed_issue,all,homogeneous,3x64x32+3x64x32,WS+OS,"{""acc_banks"":[6,6],""acc_bytes"":[49152,49152],""cores"":[{""pk"":32,""pm"":3,""pn"":64},{""pk"":32,""pm"":3,""pn"":64}],""flows"":[""WS"",""OS""],""label"":"""",""records"":8,""total_macs"":12288,""vector_lanes"":[32,32],""w_banks"":[32,32],""w_bytes"":[20480,20480],""x_banks"":[12,12],""x_bytes"":[6144,6144],""z_bytes"":[196608,196608]}",geomean,0.9941947186605101,False,"{""2"":1.0000133847778843,""4"":0.9998582475871471,""8"":0.9858186580892108,""16"":0.9248071404778069,""64"":1.0343825025594082,""96"":1.0774079846549718,""128"":1.085508075843643}",135,0.01,24,within1pct of best evaluated development witnesses; full proof open,True
fixed_issue,all,homogeneous,3x64x32+3x64x32,WS+OS,"{""acc_banks"":[6,6],""acc_bytes"":[49152,49152],""cores"":[{""pk"":32,""pm"":3,""pn"":64},{""pk"":32,""pm"":3,""pn"":64}],""flows"":[""WS"",""OS""],""label"":"""",""records"":8,""total_macs"":12288,""vector_lanes"":[32,32],""w_banks"":[32,32],""w_bytes"":[20480,20480],""x_banks"":[12,12],""x_bytes"":[6144,6144],""z_bytes"":[196608,196608]}",cvar10,1.101215466250225,False,"{""2"":1.0000133847778843,""4"":0.9998582475871471,""8"":0.9858186580892108,""16"":0.9248071404778069,""64"":1.0343825025594082,""96"":1.0774079846549718,""128"":1.085508075843643}",135,0.01,24,within1pct of best evaluated development witnesses; full proof open,True
fixed_issue,all,homogeneous,3x64x32+3x64x32,WS+OS,"{""acc_banks"":[6,6],""acc_bytes"":[49152,49152],""cores"":[{""pk"":32,""pm"":3,""pn"":64},{""pk"":32,""pm"":3,""pn"":64}],""flows"":[""WS"",""OS""],""label"":"""",""records"":8,""total_macs"":12288,""vector_lanes"":[32,32],""w_banks"":[32,32],""w_bytes"":[20480,20480],""x_banks"":[12,12],""x_bytes"":[6144,6144],""z_bytes"":[196608,196608]}",minimax,1.085508075843643,False,"{""2"":1.0000133847778843,""4"":0.9998582475871471,""8"":0.9858186580892108,""16"":0.9248071404778069,""64"":1.0343825025594082,""96"":1.0774079846549718,""128"":1.085508075843643}",135,0.01,24,within1pct of best evaluated development witnesses; full proof open,True
fixed_issue,all,homogeneous,3x32x64+3x32x64,WS+IS,"{""acc_banks"":[6,6],""acc_bytes"":[49152,49152],""cores"":[{""pk"":64,""pm"":3,""pn"":32},{""pk"":64,""pm"":3,""pn"":32}],""flows"":[""WS"",""IS""],""label"":"""",""records"":8,""total_macs"":12288,""vector_lanes"":[32,32],""w_banks"":[32,32],""w_bytes"":[20480,20480],""x_banks"":[12,12],""x_bytes"":[6144,6144],""z_bytes"":[196608,196608]}",geomean,0.9941648565315199,False,"{""2"":0.999863195669074,""4"":0.9998582475871471,""8"":0.9858186580892108,""16"":0.9248071404778069,""64"":1.0343825025594082,""96"":1.0774079846549718,""128"":1.0855081202160068}",135,0.01,24,within1pct of best evaluated development witnesses; full proof open,True
fixed_issue,all,homogeneous,3x32x64+3x32x64,WS+IS,"{""acc_banks"":[6,6],""acc_bytes"":[49152,49152],""cores"":[{""pk"":64,""pm"":3,""pn"":32},{""pk"":64,""pm"":3,""pn"":32}],""flows"":[""WS"",""IS""],""label"":"""",""records"":8,""total_macs"":12288,""vector_lanes"":[32,32],""w_banks"":[32,32],""w_bytes"":[20480,20480],""x_banks"":[12,12],""x_bytes"":[6144,6144],""z_bytes"":[196608,196608]}",cvar10,1.1012154632778792,False,"{""2"":0.999863195669074,""4"":0.9998582475871471,""8"":0.9858186580892108,""16"":0.9248071404778069,""64"":1.0343825025594082,""96"":1.0774079846549718,""128"":1.0855081202160068}",135,0.01,24,within1pct of best evaluated development witnesses; full proof open,True
fixed_issue,all,homogeneous,3x32x64+3x32x64,WS+IS,"{""acc_banks"":[6,6],""acc_bytes"":[49152,49152],""cores"":[{""pk"":64,""pm"":3,""pn"":32},{""pk"":64,""pm"":3,""pn"":32}],""flows"":[""WS"",""IS""],""label"":"""",""records"":8,""total_macs"":12288,""vector_lanes"":[32,32],""w_banks"":[32,32],""w_bytes"":[20480,20480],""x_banks"":[12,12],""x_bytes"":[6144,6144],""z_bytes"":[196608,196608]}",minimax,1.0855081202160068,False,"{""2"":0.999863195669074,""4"":0.9998582475871471,""8"":0.9858186580892108,""16"":0.9248071404778069,""64"":1.0343825025594082,""96"":1.0774079846549718,""128"":1.0855081202160068}",135,0.01,24,within1pct of best evaluated development witnesses; full proof open,True
fixed_issue,all,homogeneous,3x32x64+3x32x64,WS+OS,"{""acc_banks"":[6,6],""acc_bytes"":[49152,49152],""cores"":[{""pk"":64,""pm"":3,""pn"":32},{""pk"":64,""pm"":3,""pn"":32}],""flows"":[""WS"",""OS""],""label"":"""",""records"":8,""total_macs"":12288,""vector_lanes"":[32,32],""w_banks"":[32,32],""w_bytes"":[20480,20480],""x_banks"":[12,12],""x_bytes"":[6144,6144],""z_bytes"":[196608,196608]}",geomean,0.9941947186605101,False,"{""2"":1.0000133847778843,""4"":0.9998582475871471,""8"":0.9858186580892108,""16"":0.9248071404778069,""64"":1.0343825025594082,""96"":1.0774079846549718,""128"":1.085508075843643}",135,0.01,24,within1pct of best evaluated development witnesses; full proof open,True
fixed_issue,all,homogeneous,3x32x64+3x32x64,WS+OS,"{""acc_banks"":[6,6],""acc_bytes"":[49152,49152],""cores"":[{""pk"":64,""pm"":3,""pn"":32},{""pk"":64,""pm"":3,""pn"":32}],""flows"":[""WS"",""OS""],""label"":"""",""records"":8,""total_macs"":12288,""vector_lanes"":[32,32],""w_banks"":[32,32],""w_bytes"":[20480,20480],""x_banks"":[12,12],""x_bytes"":[6144,6144],""z_bytes"":[196608,196608]}",cvar10,1.101215466250225,False,"{""2"":1.0000133847778843,""4"":0.9998582475871471,""8"":0.9858186580892108,""16"":0.9248071404778069,""64"":1.0343825025594082,""96"":1.0774079846549718,""128"":1.085508075843643}",135,0.01,24,within1pct of best evaluated development witnesses; full proof open,True
fixed_issue,all,homogeneous,3x32x64+3x32x64,WS+OS,"{""acc_banks"":[6,6],""acc_bytes"":[49152,49152],""cores"":[{""pk"":64,""pm"":3,""pn"":32},{""pk"":64,""pm"":3,""pn"":32}],""flows"":[""WS"",""OS""],""label"":"""",""records"":8,""total_macs"":12288,""vector_lanes"":[32,32],""w_banks"":[32,32],""w_bytes"":[20480,20480],""x_banks"":[12,12],""x_bytes"":[6144,6144],""z_bytes"":[196608,196608]}",minimax,1.085508075843643,False,"{""2"":1.0000133847778843,""4"":0.9998582475871471,""8"":0.9858186580892108,""16"":0.9248071404778069,""64"":1.0343825025594082,""96"":1.0774079846549718,""128"":1.085508075843643}",135,0.01,24,within1pct of best evaluated development witnesses; full proof open,True
fixed_issue,all,heterogeneous,4x16x128+2x16x128,WS+IS,"{""acc_banks"":[6,6],""acc_bytes"":[65536,32768],""cores"":[{""pk"":128,""pm"":4,""pn"":16},{""pk"":128,""pm"":2,""pn"":16}],""flows"":[""WS"",""IS""],""label"":"""",""records"":8,""total_macs"":12288,""vector_lanes"":[32,32],""w_banks"":[32,32],""w_bytes"":[20480,20480],""x_banks"":[12,12],""x_bytes"":[8192,4096],""z_bytes"":[262144,131072]}",geomean,0.9873469946172627,False,"{""2"":0.999863195669074,""4"":0.9998777566652476,""8"":0.9788926774267592,""16"":0.9181054869930801,""64"":1.017624464998998,""96"":1.0632688147629095,""128"":1.0526186373958362}",135,0.01,24,within1pct of best evaluated development witnesses; full proof open,True
fixed_issue,all,heterogeneous,4x16x128+2x16x128,WS+IS,"{""acc_banks"":[6,6],""acc_bytes"":[65536,32768],""cores"":[{""pk"":128,""pm"":4,""pn"":16},{""pk"":128,""pm"":2,""pn"":16}],""flows"":[""WS"",""IS""],""label"":"""",""records"":8,""total_macs"":12288,""vector_lanes"":[32,32],""w_banks"":[32,32],""w_bytes"":[20480,20480],""x_banks"":[12,12],""x_bytes"":[8192,4096],""z_bytes"":[262144,131072]}",cvar10,1.0774456656647788,False,"{""2"":0.999863195669074,""4"":0.9998777566652476,""8"":0.9788926774267592,""16"":0.9181054869930801,""64"":1.017624464998998,""96"":1.0632688147629095,""128"":1.0526186373958362}",135,0.01,24,within1pct of best evaluated development witnesses; full proof open,True
fixed_issue,all,heterogeneous,4x16x128+2x16x128,WS+IS,"{""acc_banks"":[6,6],""acc_bytes"":[65536,32768],""cores"":[{""pk"":128,""pm"":4,""pn"":16},{""pk"":128,""pm"":2,""pn"":16}],""flows"":[""WS"",""IS""],""label"":"""",""records"":8,""total_macs"":12288,""vector_lanes"":[32,32],""w_banks"":[32,32],""w_bytes"":[20480,20480],""x_banks"":[12,12],""x_bytes"":[8192,4096],""z_bytes"":[262144,131072]}",minimax,1.0632688147629095,False,"{""2"":0.999863195669074,""4"":0.9998777566652476,""8"":0.9788926774267592,""16"":0.9181054869930801,""64"":1.017624464998998,""96"":1.0632688147629095,""128"":1.0526186373958362}",135,0.01,24,within1pct of best evaluated development witnesses; full proof open,True
fixed_issue,all,heterogeneous,4x16x128+2x16x128,WS+OS,"{""acc_banks"":[6,6],""acc_bytes"":[65536,32768],""cores"":[{""pk"":128,""pm"":4,""pn"":16},{""pk"":128,""pm"":2,""pn"":16}],""flows"":[""WS"",""OS""],""label"":"""",""records"":8,""total_macs"":12288,""vector_lanes"":[32,32],""w_banks"":[32,32],""w_bytes"":[20480,20480],""x_banks"":[12,12],""x_bytes"":[8192,4096],""z_bytes"":[262144,131072]}",geomean,0.987376654646133,False,"{""2"":1.0000133847778843,""4"":0.9998777566652476,""8"":0.9788926774267592,""16"":0.9181054869930801,""64"":1.017624464998998,""96"":1.0632688147629095,""128"":1.0526186373958362}",135,0.01,24,within1pct of best evaluated development witnesses; full proof open,True
fixed_issue,all,heterogeneous,4x16x128+2x16x128,WS+OS,"{""acc_banks"":[6,6],""acc_bytes"":[65536,32768],""cores"":[{""pk"":128,""pm"":4,""pn"":16},{""pk"":128,""pm"":2,""pn"":16}],""flows"":[""WS"",""OS""],""label"":"""",""records"":8,""total_macs"":12288,""vector_lanes"":[32,32],""w_banks"":[32,32],""w_bytes"":[20480,20480],""x_banks"":[12,12],""x_bytes"":[8192,4096],""z_bytes"":[262144,131072]}",cvar10,1.0774456656647788,False,"{""2"":1.0000133847778843,""4"":0.9998777566652476,""8"":0.9788926774267592,""16"":0.9181054869930801,""64"":1.017624464998998,""96"":1.0632688147629095,""128"":1.0526186373958362}",135,0.01,24,within1pct of best evaluated development witnesses; full proof open,True
fixed_issue,all,heterogeneous,4x16x128+2x16x128,WS+OS,"{""acc_banks"":[6,6],""acc_bytes"":[65536,32768],""cores"":[{""pk"":128,""pm"":4,""pn"":16},{""pk"":128,""pm"":2,""pn"":16}],""flows"":[""WS"",""OS""],""label"":"""",""records"":8,""total_macs"":12288,""vector_lanes"":[32,32],""w_banks"":[32,32],""w_bytes"":[20480,20480],""x_banks"":[12,12],""x_bytes"":[8192,4096],""z_bytes"":[262144,131072]}",minimax,1.0632688147629095,False,"{""2"":1.0000133847778843,""4"":0.9998777566652476,""8"":0.9788926774267592,""16"":0.9181054869930801,""64"":1.017624464998998,""96"":1.0632688147629095,""128"":1.0526186373958362}",135,0.01,24,within1pct of best evaluated development witnesses; full proof open,True
fixed_issue,all,heterogeneous,5x8x256+1x8x256,WS+IS,"{""acc_banks"":[6,6],""acc_bytes"":[80896,17408],""cores"":[{""pk"":256,""pm"":5,""pn"":8},{""pk"":256,""pm"":1,""pn"":8}],""flows"":[""WS"",""IS""],""label"":"""",""records"":8,""total_macs"":12288,""vector_lanes"":[32,32],""w_banks"":[32,32],""w_bytes"":[20480,20480],""x_banks"":[12,12],""x_bytes"":[9216,3072],""z_bytes"":[326656,66560]}",geomean,0.9916281043114846,False,"{""2"":1.0033950628939643,""4"":1.0025450057743976,""8"":0.9787641403495689,""16"":0.9261442974728501,""64"":1.03755069925755,""96"":1.0516122799593337,""128"":1.0655400902787397}",135,0.01,24,within1pct of best evaluated development witnesses; full proof open,True
fixed_issue,all,heterogeneous,5x8x256+1x8x256,WS+IS,"{""acc_banks"":[6,6],""acc_bytes"":[80896,17408],""cores"":[{""pk"":256,""pm"":5,""pn"":8},{""pk"":256,""pm"":1,""pn"":8}],""flows"":[""WS"",""IS""],""label"":"""",""records"":8,""total_macs"":12288,""vector_lanes"":[32,32],""w_banks"":[32,32],""w_bytes"":[20480,20480],""x_banks"":[12,12],""x_bytes"":[9216,3072],""z_bytes"":[326656,66560]}",cvar10,1.0859401637115071,False,"{""2"":1.0033950628939643,""4"":1.0025450057743976,""8"":0.9787641403495689,""16"":0.9261442974728501,""64"":1.03755069925755,""96"":1.0516122799593337,""128"":1.0655400902787397}",135,0.01,24,within1pct of best evaluated development witnesses; full proof open,True
fixed_issue,all,heterogeneous,5x8x256+1x8x256,WS+IS,"{""acc_banks"":[6,6],""acc_bytes"":[80896,17408],""cores"":[{""pk"":256,""pm"":5,""pn"":8},{""pk"":256,""pm"":1,""pn"":8}],""flows"":[""WS"",""IS""],""label"":"""",""records"":8,""total_macs"":12288,""vector_lanes"":[32,32],""w_banks"":[32,32],""w_bytes"":[20480,20480],""x_banks"":[12,12],""x_bytes"":[9216,3072],""z_bytes"":[326656,66560]}",minimax,1.0655400902787397,False,"{""2"":1.0033950628939643,""4"":1.0025450057743976,""8"":0.9787641403495689,""16"":0.9261442974728501,""64"":1.03755069925755,""96"":1.0516122799593337,""128"":1.0655400902787397}",135,0.01,24,within1pct of best evaluated development witnesses; full proof open,True
fixed_issue,all,heterogeneous,5x8x256+1x8x256,WS+OS,"{""acc_banks"":[6,6],""acc_bytes"":[80896,17408],""cores"":[{""pk"":256,""pm"":5,""pn"":8},{""pk"":256,""pm"":1,""pn"":8}],""flows"":[""WS"",""OS""],""label"":"""",""records"":8,""total_macs"":12288,""vector_lanes"":[32,32],""w_banks"":[32,32],""w_bytes"":[20480,20480],""x_banks"":[12,12],""x_bytes"":[9216,3072],""z_bytes"":[326656,66560]}",geomean,0.9916281043114846,False,"{""2"":1.0033950628939643,""4"":1.0025450057743976,""8"":0.9787641403495689,""16"":0.9261442974728501,""64"":1.03755069925755,""96"":1.0516122799593337,""128"":1.0655400902787397}",135,0.01,24,within1pct of best evaluated development witnesses; full proof open,True
fixed_issue,all,heterogeneous,5x8x256+1x8x256,WS+OS,"{""acc_banks"":[6,6],""acc_bytes"":[80896,17408],""cores"":[{""pk"":256,""pm"":5,""pn"":8},{""pk"":256,""pm"":1,""pn"":8}],""flows"":[""WS"",""OS""],""label"":"""",""records"":8,""total_macs"":12288,""vector_lanes"":[32,32],""w_banks"":[32,32],""w_bytes"":[20480,20480],""x_banks"":[12,12],""x_bytes"":[9216,3072],""z_bytes"":[326656,66560]}",cvar10,1.0859401637115071,False,"{""2"":1.0033950628939643,""4"":1.0025450057743976,""8"":0.9787641403495689,""16"":0.9261442974728501,""64"":1.03755069925755,""96"":1.0516122799593337,""128"":1.0655400902787397}",135,0.01,24,within1pct of best evaluated development witnesses; full proof open,True
fixed_issue,all,heterogeneous,5x8x256+1x8x256,WS+OS,"{""acc_banks"":[6,6],""acc_bytes"":[80896,17408],""cores"":[{""pk"":256,""pm"":5,""pn"":8},{""pk"":256,""pm"":1,""pn"":8}],""flows"":[""WS"",""OS""],""label"":"""",""records"":8,""total_macs"":12288,""vector_lanes"":[32,32],""w_banks"":[32,32],""w_bytes"":[20480,20480],""x_banks"":[12,12],""x_bytes"":[9216,3072],""z_bytes"":[326656,66560]}",minimax,1.0655400902787397,False,"{""2"":1.0033950628939643,""4"":1.0025450057743976,""8"":0.9787641403495689,""16"":0.9261442974728501,""64"":1.03755069925755,""96"":1.0516122799593337,""128"":1.0655400902787397}",135,0.01,24,within1pct of best evaluated development witnesses; full proof open,True
fixed_issue,all,heterogeneous,4x16x128+2x16x128,WS+OS,"{""acc_banks"":[8,4],""acc_bytes"":[81920,16384],""cores"":[{""pk"":128,""pm"":4,""pn"":16},{""pk"":128,""pm"":2,""pn"":16}],""flows"":[""WS"",""OS""],""label"":"""",""records"":8,""total_macs"":12288,""vector_lanes"":[56,8],""w_banks"":[32,32],""w_bytes"":[16384,24576],""x_banks"":[20,4],""x_bytes"":[10240,2048],""z_bytes"":[360448,32768]}",geomean,0.9839046981993222,True,"{""2"":1.0000133847778843,""4"":0.9998777566652476,""8"":0.9788926774267592,""16"":0.9181054869930801,""64"":0.997222065165505,""96"":1.0370003557090106,""128"":1.0446807261338455}",135,0.01,24,within1pct of best evaluated development witnesses; full proof open,True
fixed_issue,all,heterogeneous,4x16x128+2x16x128,WS+OS,"{""acc_banks"":[8,4],""acc_bytes"":[81920,16384],""cores"":[{""pk"":128,""pm"":4,""pn"":16},{""pk"":128,""pm"":2,""pn"":16}],""flows"":[""WS"",""OS""],""label"":"""",""records"":8,""total_macs"":12288,""vector_lanes"":[56,8],""w_banks"":[32,32],""w_bytes"":[16384,24576],""x_banks"":[20,4],""x_bytes"":[10240,2048],""z_bytes"":[360448,32768]}",cvar10,1.0616596367782891,False,"{""2"":1.0000133847778843,""4"":0.9998777566652476,""8"":0.9788926774267592,""16"":0.9181054869930801,""64"":0.997222065165505,""96"":1.0370003557090106,""128"":1.0446807261338455}",135,0.01,24,within1pct of best evaluated development witnesses; full proof open,True
fixed_issue,all,heterogeneous,4x16x128+2x16x128,WS+OS,"{""acc_banks"":[8,4],""acc_bytes"":[81920,16384],""cores"":[{""pk"":128,""pm"":4,""pn"":16},{""pk"":128,""pm"":2,""pn"":16}],""flows"":[""WS"",""OS""],""label"":"""",""records"":8,""total_macs"":12288,""vector_lanes"":[56,8],""w_banks"":[32,32],""w_bytes"":[16384,24576],""x_banks"":[20,4],""x_bytes"":[10240,2048],""z_bytes"":[360448,32768]}",minimax,1.0446807261338455,False,"{""2"":1.0000133847778843,""4"":0.9998777566652476,""8"":0.9788926774267592,""16"":0.9181054869930801,""64"":0.997222065165505,""96"":1.0370003557090106,""128"":1.0446807261338455}",135,0.01,24,within1pct of best evaluated development witnesses; full proof open,True
fixed_issue,all,heterogeneous,5x8x256+1x8x256,WS+IS,"{""acc_banks"":[8,4],""acc_bytes"":[81920,16384],""cores"":[{""pk"":256,""pm"":5,""pn"":8},{""pk"":256,""pm"":1,""pn"":8}],""flows"":[""WS"",""IS""],""label"":"""",""records"":8,""total_macs"":12288,""vector_lanes"":[56,8],""w_banks"":[32,32],""w_bytes"":[16384,24576],""x_banks"":[20,4],""x_bytes"":[10240,2048],""z_bytes"":[360448,32768]}",geomean,0.9896345043906968,False,"{""2"":1.0033967661823264,""4"":1.0025515087930505,""8"":0.9787804151019532,""16"":0.9264504506094638,""64"":1.0161515660330254,""96"":1.0516133069047966,""128"":1.0545017167339261}",135,0.01,24,within1pct of best evaluated development witnesses; full proof open,True
fixed_issue,all,heterogeneous,5x8x256+1x8x256,WS+IS,"{""acc_banks"":[8,4],""acc_bytes"":[81920,16384],""cores"":[{""pk"":256,""pm"":5,""pn"":8},{""pk"":256,""pm"":1,""pn"":8}],""flows"":[""WS"",""IS""],""label"":"""",""records"":8,""total_macs"":12288,""vector_lanes"":[56,8],""w_banks"":[32,32],""w_bytes"":[16384,24576],""x_banks"":[20,4],""x_bytes"":[10240,2048],""z_bytes"":[360448,32768]}",cvar10,1.076813817389319,False,"{""2"":1.0033967661823264,""4"":1.0025515087930505,""8"":0.9787804151019532,""16"":0.9264504506094638,""64"":1.0161515660330254,""96"":1.0516133069047966,""128"":1.0545017167339261}",135,0.01,24,within1pct of best evaluated development witnesses; full proof open,True
fixed_issue,all,heterogeneous,5x8x256+1x8x256,WS+IS,"{""acc_banks"":[8,4],""acc_bytes"":[81920,16384],""cores"":[{""pk"":256,""pm"":5,""pn"":8},{""pk"":256,""pm"":1,""pn"":8}],""flows"":[""WS"",""IS""],""label"":"""",""records"":8,""total_macs"":12288,""vector_lanes"":[56,8],""w_banks"":[32,32],""w_bytes"":[16384,24576],""x_banks"":[20,4],""x_bytes"":[10240,2048],""z_bytes"":[360448,32768]}",minimax,1.0545017167339261,False,"{""2"":1.0033967661823264,""4"":1.0025515087930505,""8"":0.9787804151019532,""16"":0.9264504506094638,""64"":1.0161515660330254,""96"":1.0516133069047966,""128"":1.0545017167339261}",135,0.01,24,within1pct of best evaluated development witnesses; full proof open,True
fixed_issue,all,heterogeneous,5x8x256+1x8x256,WS+OS,"{""acc_banks"":[8,4],""acc_bytes"":[81920,16384],""cores"":[{""pk"":256,""pm"":5,""pn"":8},{""pk"":256,""pm"":1,""pn"":8}],""flows"":[""WS"",""OS""],""label"":"""",""records"":8,""total_macs"":12288,""vector_lanes"":[56,8],""w_banks"":[32,32],""w_bytes"":[16384,24576],""x_banks"":[20,4],""x_bytes"":[10240,2048],""z_bytes"":[360448,32768]}",geomean,0.9896345043906968,False,"{""2"":1.0033967661823264,""4"":1.0025515087930505,""8"":0.9787804151019532,""16"":0.9264504506094638,""64"":1.0161515660330254,""96"":1.0516133069047966,""128"":1.0545017167339261}",135,0.01,24,within1pct of best evaluated development witnesses; full proof open,True
fixed_issue,all,heterogeneous,5x8x256+1x8x256,WS+OS,"{""acc_banks"":[8,4],""acc_bytes"":[81920,16384],""cores"":[{""pk"":256,""pm"":5,""pn"":8},{""pk"":256,""pm"":1,""pn"":8}],""flows"":[""WS"",""OS""],""label"":"""",""records"":8,""total_macs"":12288,""vector_lanes"":[56,8],""w_banks"":[32,32],""w_bytes"":[16384,24576],""x_banks"":[20,4],""x_bytes"":[10240,2048],""z_bytes"":[360448,32768]}",cvar10,1.076813817389319,False,"{""2"":1.0033967661823264,""4"":1.0025515087930505,""8"":0.9787804151019532,""16"":0.9264504506094638,""64"":1.0161515660330254,""96"":1.0516133069047966,""128"":1.0545017167339261}",135,0.01,24,within1pct of best evaluated development witnesses; full proof open,True
fixed_issue,all,heterogeneous,5x8x256+1x8x256,WS+OS,"{""acc_banks"":[8,4],""acc_bytes"":[81920,16384],""cores"":[{""pk"":256,""pm"":5,""pn"":8},{""pk"":256,""pm"":1,""pn"":8}],""flows"":[""WS"",""OS""],""label"":"""",""records"":8,""total_macs"":12288,""vector_lanes"":[56,8],""w_banks"":[32,32],""w_bytes"":[16384,24576],""x_banks"":[20,4],""x_bytes"":[10240,2048],""z_bytes"":[360448,32768]}",minimax,1.0545017167339261,False,"{""2"":1.0033967661823264,""4"":1.0025515087930505,""8"":0.9787804151019532,""16"":0.9264504506094638,""64"":1.0161515660330254,""96"":1.0516133069047966,""128"":1.0545017167339261}",135,0.01,24,within1pct of best evaluated development witnesses; full proof open,True
pipelined,single,single,2x48x128,WS,"{""acc_banks"":[12],""acc_bytes"":[98304],""cores"":[{""pk"":128,""pm"":2,""pn"":48}],""flows"":[""WS""],""label"":"""",""records"":8,""total_macs"":12288,""vector_lanes"":[64],""w_banks"":[64],""w_bytes"":[40960],""x_banks"":[24],""x_bytes"":[12288],""z_bytes"":[393216]}",geomean,1.0000470518159934,False,"{""2"":1.0,""4"":1.0,""8"":1.0,""16"":1.0,""64"":0.998943937370175,""96"":1.0007863753955137,""128"":1.0009767916794219}",135,0.01,4,within1pct of best evaluated development witnesses; full proof open,True
pipelined,single,single,2x48x128,WS,"{""acc_banks"":[12],""acc_bytes"":[98304],""cores"":[{""pk"":128,""pm"":2,""pn"":48}],""flows"":[""WS""],""label"":"""",""records"":8,""total_macs"":12288,""vector_lanes"":[64],""w_banks"":[64],""w_bytes"":[40960],""x_banks"":[24],""x_bytes"":[12288],""z_bytes"":[393216]}",cvar10,1.0009326466777506,False,"{""2"":1.0,""4"":1.0,""8"":1.0,""16"":1.0,""64"":0.998943937370175,""96"":1.0007863753955137,""128"":1.0009767916794219}",135,0.01,4,within1pct of best evaluated development witnesses; full proof open,True
pipelined,single,single,2x48x128,WS,"{""acc_banks"":[12],""acc_bytes"":[98304],""cores"":[{""pk"":128,""pm"":2,""pn"":48}],""flows"":[""WS""],""label"":"""",""records"":8,""total_macs"":12288,""vector_lanes"":[64],""w_banks"":[64],""w_bytes"":[40960],""x_banks"":[24],""x_bytes"":[12288],""z_bytes"":[393216]}",minimax,1.0009767916794219,False,"{""2"":1.0,""4"":1.0,""8"":1.0,""16"":1.0,""64"":0.998943937370175,""96"":1.0007863753955137,""128"":1.0009767916794219}",135,0.01,4,within1pct of best evaluated development witnesses; full proof open,True
pipelined,single,single,3x32x128,WS,"{""acc_banks"":[12],""acc_bytes"":[98304],""cores"":[{""pk"":128,""pm"":3,""pn"":32}],""flows"":[""WS""],""label"":"""",""records"":8,""total_macs"":12288,""vector_lanes"":[64],""w_banks"":[64],""w_bytes"":[40960],""x_banks"":[24],""x_bytes"":[12288],""z_bytes"":[393216]}",geomean,1.0,True,"{""2"":1.0,""4"":1.0,""8"":1.0,""16"":1.0,""64"":1.0,""96"":1.0,""128"":1.0}",135,0.01,4,within1pct of best evaluated development witnesses; full proof open,True
pipelined,single,single,3x32x128,WS,"{""acc_banks"":[12],""acc_bytes"":[98304],""cores"":[{""pk"":128,""pm"":3,""pn"":32}],""flows"":[""WS""],""label"":"""",""records"":8,""total_macs"":12288,""vector_lanes"":[64],""w_banks"":[64],""w_bytes"":[40960],""x_banks"":[24],""x_bytes"":[12288],""z_bytes"":[393216]}",cvar10,1.0,True,"{""2"":1.0,""4"":1.0,""8"":1.0,""16"":1.0,""64"":1.0,""96"":1.0,""128"":1.0}",135,0.01,4,within1pct of best evaluated development witnesses; full proof open,True
pipelined,single,single,3x32x128,WS,"{""acc_banks"":[12],""acc_bytes"":[98304],""cores"":[{""pk"":128,""pm"":3,""pn"":32}],""flows"":[""WS""],""label"":"""",""records"":8,""total_macs"":12288,""vector_lanes"":[64],""w_banks"":[64],""w_bytes"":[40960],""x_banks"":[24],""x_bytes"":[12288],""z_bytes"":[393216]}",minimax,1.0,True,"{""2"":1.0,""4"":1.0,""8"":1.0,""16"":1.0,""64"":1.0,""96"":1.0,""128"":1.0}",135,0.01,4,within1pct of best evaluated development witnesses; full proof open,True
pipelined,single,single,4x24x128,WS,"{""acc_banks"":[12],""acc_bytes"":[98304],""cores"":[{""pk"":128,""pm"":4,""pn"":24}],""flows"":[""WS""],""label"":"""",""records"":8,""total_macs"":12288,""vector_lanes"":[64],""w_banks"":[64],""w_bytes"":[40960],""x_banks"":[24],""x_bytes"":[12288],""z_bytes"":[393216]}",geomean,1.0039633314376435,False,"{""2"":1.0,""4"":1.0,""8"":1.0,""16"":1.0,""64"":1.0127128999558583,""96"":1.0166354071416217,""128"":1.0306618287636717}",135,0.01,4,within1pct of best evaluated development witnesses; full proof open,True
pipelined,single,single,4x24x128,WS,"{""acc_banks"":[12],""acc_bytes"":[98304],""cores"":[{""pk"":128,""pm"":4,""pn"":24}],""flows"":[""WS""],""label"":"""",""records"":8,""total_macs"":12288,""vector_lanes"":[64],""w_banks"":[64],""w_bytes"":[40960],""x_banks"":[24],""x_bytes"":[12288],""z_bytes"":[393216]}",cvar10,1.026215531658163,False,"{""2"":1.0,""4"":1.0,""8"":1.0,""16"":1.0,""64"":1.0127128999558583,""96"":1.0166354071416217,""128"":1.0306618287636717}",135,0.01,4,within1pct of best evaluated development witnesses; full proof open,True
pipelined,single,single,4x24x128,WS,"{""acc_banks"":[12],""acc_bytes"":[98304],""cores"":[{""pk"":128,""pm"":4,""pn"":24}],""flows"":[""WS""],""label"":"""",""records"":8,""total_macs"":12288,""vector_lanes"":[64],""w_banks"":[64],""w_bytes"":[40960],""x_banks"":[24],""x_bytes"":[12288],""z_bytes"":[393216]}",minimax,1.0306618287636717,False,"{""2"":1.0,""4"":1.0,""8"":1.0,""16"":1.0,""64"":1.0127128999558583,""96"":1.0166354071416217,""128"":1.0306618287636717}",135,0.01,4,within1pct of best evaluated development witnesses; full proof open,True
pipelined,single,single,2x24x256,WS,"{""acc_banks"":[12],""acc_bytes"":[98304],""cores"":[{""pk"":256,""pm"":2,""pn"":24}],""flows"":[""WS""],""label"":"""",""records"":8,""total_macs"":12288,""vector_lanes"":[64],""w_banks"":[64],""w_bytes"":[40960],""x_banks"":[24],""x_bytes"":[12288],""z_bytes"":[393216]}",geomean,1.0038628810623906,False,"{""2"":1.0,""4"":1.0,""8"":1.0,""16"":1.0,""64"":1.0126782235228027,""96"":1.015924377738255,""128"":1.0298716127610008}",135,0.01,4,within1pct of best evaluated development witnesses; full proof open,True
pipelined,single,single,2x24x256,WS,"{""acc_banks"":[12],""acc_bytes"":[98304],""cores"":[{""pk"":256,""pm"":2,""pn"":24}],""flows"":[""WS""],""label"":"""",""records"":8,""total_macs"":12288,""vector_lanes"":[64],""w_banks"":[64],""w_bytes"":[40960],""x_banks"":[24],""x_bytes"":[12288],""z_bytes"":[393216]}",cvar10,1.0254920754722765,False,"{""2"":1.0,""4"":1.0,""8"":1.0,""16"":1.0,""64"":1.0126782235228027,""96"":1.015924377738255,""128"":1.0298716127610008}",135,0.01,4,within1pct of best evaluated development witnesses; full proof open,True
pipelined,single,single,2x24x256,WS,"{""acc_banks"":[12],""acc_bytes"":[98304],""cores"":[{""pk"":256,""pm"":2,""pn"":24}],""flows"":[""WS""],""label"":"""",""records"":8,""total_macs"":12288,""vector_lanes"":[64],""w_banks"":[64],""w_bytes"":[40960],""x_banks"":[24],""x_bytes"":[12288],""z_bytes"":[393216]}",minimax,1.0298716127610008,False,"{""2"":1.0,""4"":1.0,""8"":1.0,""16"":1.0,""64"":1.0126782235228027,""96"":1.015924377738255,""128"":1.0298716127610008}",135,0.01,4,within1pct of best evaluated development witnesses; full proof open,True
pipelined,homogeneous,homogeneous,2x24x128+2x24x128,IS+WS,"{""acc_banks"":[6,6],""acc_bytes"":[49152,49152],""cores"":[{""pk"":128,""pm"":2,""pn"":24},{""pk"":128,""pm"":2,""pn"":24}],""flows"":[""IS"",""WS""],""label"":"""",""records"":8,""total_macs"":12288,""vector_lanes"":[32,32],""w_banks"":[32,32],""w_bytes"":[20480,20480],""x_banks"":[12,12],""x_bytes"":[6144,6144],""z_bytes"":[196608,196608]}",geomean,1.012512765899252,True,"{""2"":1.0000833012102877,""4"":1.0000883269336207,""8"":1.0000896640962396,""16"":1.000089999863069,""64"":1.0202949770378085,""96"":1.0360647575246447,""128"":1.1387733398615345}",135,0.01,5,within1pct of best evaluated development witnesses; full proof open,True
pipelined,homogeneous,homogeneous,2x24x128+2x24x128,IS+WS,"{""acc_banks"":[6,6],""acc_bytes"":[49152,49152],""cores"":[{""pk"":128,""pm"":2,""pn"":24},{""pk"":128,""pm"":2,""pn"":24}],""flows"":[""IS"",""WS""],""label"":"""",""records"":8,""total_macs"":12288,""vector_lanes"":[32,32],""w_banks"":[32,32],""w_bytes"":[20480,20480],""x_banks"":[12,12],""x_bytes"":[6144,6144],""z_bytes"":[196608,196608]}",cvar10,1.1067087215781193,True,"{""2"":1.0000833012102877,""4"":1.0000883269336207,""8"":1.0000896640962396,""16"":1.000089999863069,""64"":1.0202949770378085,""96"":1.0360647575246447,""128"":1.1387733398615345}",135,0.01,5,within1pct of best evaluated development witnesses; full proof open,True
pipelined,homogeneous,homogeneous,2x24x128+2x24x128,IS+WS,"{""acc_banks"":[6,6],""acc_bytes"":[49152,49152],""cores"":[{""pk"":128,""pm"":2,""pn"":24},{""pk"":128,""pm"":2,""pn"":24}],""flows"":[""IS"",""WS""],""label"":"""",""records"":8,""total_macs"":12288,""vector_lanes"":[32,32],""w_banks"":[32,32],""w_bytes"":[20480,20480],""x_banks"":[12,12],""x_bytes"":[6144,6144],""z_bytes"":[196608,196608]}",minimax,1.1387733398615345,True,"{""2"":1.0000833012102877,""4"":1.0000883269336207,""8"":1.0000896640962396,""16"":1.000089999863069,""64"":1.0202949770378085,""96"":1.0360647575246447,""128"":1.1387733398615345}",135,0.01,5,within1pct of best evaluated development witnesses; full proof open,True
pipelined,homogeneous,homogeneous,2x24x128+2x24x128,OS+WS,"{""acc_banks"":[6,6],""acc_bytes"":[49152,49152],""cores"":[{""pk"":128,""pm"":2,""pn"":24},{""pk"":128,""pm"":2,""pn"":24}],""flows"":[""OS"",""WS""],""label"":"""",""records"":8,""total_macs"":12288,""vector_lanes"":[32,32],""w_banks"":[32,32],""w_bytes"":[20480,20480],""x_banks"":[12,12],""x_bytes"":[6144,6144],""z_bytes"":[196608,196608]}",geomean,1.012512765899252,False,"{""2"":1.0000833012102877,""4"":1.0000883269336207,""8"":1.0000896640962396,""16"":1.000089999863069,""64"":1.0202949770378085,""96"":1.0360647575246447,""128"":1.1387733398615345}",135,0.01,5,within1pct of best evaluated development witnesses; full proof open,True
pipelined,homogeneous,homogeneous,2x24x128+2x24x128,OS+WS,"{""acc_banks"":[6,6],""acc_bytes"":[49152,49152],""cores"":[{""pk"":128,""pm"":2,""pn"":24},{""pk"":128,""pm"":2,""pn"":24}],""flows"":[""OS"",""WS""],""label"":"""",""records"":8,""total_macs"":12288,""vector_lanes"":[32,32],""w_banks"":[32,32],""w_bytes"":[20480,20480],""x_banks"":[12,12],""x_bytes"":[6144,6144],""z_bytes"":[196608,196608]}",cvar10,1.1067087215781193,False,"{""2"":1.0000833012102877,""4"":1.0000883269336207,""8"":1.0000896640962396,""16"":1.000089999863069,""64"":1.0202949770378085,""96"":1.0360647575246447,""128"":1.1387733398615345}",135,0.01,5,within1pct of best evaluated development witnesses; full proof open,True
pipelined,homogeneous,homogeneous,2x24x128+2x24x128,OS+WS,"{""acc_banks"":[6,6],""acc_bytes"":[49152,49152],""cores"":[{""pk"":128,""pm"":2,""pn"":24},{""pk"":128,""pm"":2,""pn"":24}],""flows"":[""OS"",""WS""],""label"":"""",""records"":8,""total_macs"":12288,""vector_lanes"":[32,32],""w_banks"":[32,32],""w_bytes"":[20480,20480],""x_banks"":[12,12],""x_bytes"":[6144,6144],""z_bytes"":[196608,196608]}",minimax,1.1387733398615345,False,"{""2"":1.0000833012102877,""4"":1.0000883269336207,""8"":1.0000896640962396,""16"":1.000089999863069,""64"":1.0202949770378085,""96"":1.0360647575246447,""128"":1.1387733398615345}",135,0.01,5,within1pct of best evaluated development witnesses; full proof open,True
pipelined,homogeneous,homogeneous,16x12x32+16x12x32,OS+WS,"{""acc_banks"":[6,6],""acc_bytes"":[49152,49152],""cores"":[{""pk"":32,""pm"":16,""pn"":12},{""pk"":32,""pm"":16,""pn"":12}],""flows"":[""OS"",""WS""],""label"":"""",""records"":8,""total_macs"":12288,""vector_lanes"":[32,32],""w_banks"":[32,32],""w_bytes"":[20480,20480],""x_banks"":[12,12],""x_bytes"":[6144,6144],""z_bytes"":[196608,196608]}",geomean,1.0191930399243676,False,"{""2"":0.9996296271867604,""4"":0.999564083655134,""8"":0.9995570060630427,""16"":0.9995388924253092,""64"":1.02224433565271,""96"":1.0659959904042562,""128"":1.2267762891032872}",135,0.01,5,within1pct of best evaluated development witnesses; full proof open,True
pipelined,homogeneous,homogeneous,16x12x32+16x12x32,OS+WS,"{""acc_banks"":[6,6],""acc_bytes"":[49152,49152],""cores"":[{""pk"":32,""pm"":16,""pn"":12},{""pk"":32,""pm"":16,""pn"":12}],""flows"":[""OS"",""WS""],""label"":"""",""records"":8,""total_macs"":12288,""vector_lanes"":[32,32],""w_banks"":[32,32],""w_bytes"":[20480,20480],""x_banks"":[12,12],""x_bytes"":[6144,6144],""z_bytes"":[196608,196608]}",cvar10,1.1804166681649357,False,"{""2"":0.9996296271867604,""4"":0.999564083655134,""8"":0.9995570060630427,""16"":0.9995388924253092,""64"":1.02224433565271,""96"":1.0659959904042562,""128"":1.2267762891032872}",135,0.01,5,within1pct of best evaluated development witnesses; full proof open,True
pipelined,homogeneous,homogeneous,16x12x32+16x12x32,OS+WS,"{""acc_banks"":[6,6],""acc_bytes"":[49152,49152],""cores"":[{""pk"":32,""pm"":16,""pn"":12},{""pk"":32,""pm"":16,""pn"":12}],""flows"":[""OS"",""WS""],""label"":"""",""records"":8,""total_macs"":12288,""vector_lanes"":[32,32],""w_banks"":[32,32],""w_bytes"":[20480,20480],""x_banks"":[12,12],""x_bytes"":[6144,6144],""z_bytes"":[196608,196608]}",minimax,1.2267762891032872,False,"{""2"":0.9996296271867604,""4"":0.999564083655134,""8"":0.9995570060630427,""16"":0.9995388924253092,""64"":1.02224433565271,""96"":1.0659959904042562,""128"":1.2267762891032872}",135,0.01,5,within1pct of best evaluated development witnesses; full proof open,True
pipelined,homogeneous,homogeneous,16x12x32+16x12x32,WS+OS,"{""acc_banks"":[6,6],""acc_bytes"":[49152,49152],""cores"":[{""pk"":32,""pm"":16,""pn"":12},{""pk"":32,""pm"":16,""pn"":12}],""flows"":[""WS"",""OS""],""label"":"""",""records"":8,""total_macs"":12288,""vector_lanes"":[32,32],""w_banks"":[32,32],""w_bytes"":[20480,20480],""x_banks"":[12,12],""x_bytes"":[6144,6144],""z_bytes"":[196608,196608]}",geomean,1.019466861383111,False,"{""2"":1.0000133847778843,""4"":1.0000138609952562,""8"":1.0000139900074325,""16"":1.0000141227496724,""64"":1.0222443337899247,""96"":1.0659930976263798,""128"":1.2252239252896677}",135,0.01,5,within1pct of best evaluated development witnesses; full proof open,True
pipelined,homogeneous,homogeneous,16x12x32+16x12x32,WS+OS,"{""acc_banks"":[6,6],""acc_bytes"":[49152,49152],""cores"":[{""pk"":32,""pm"":16,""pn"":12},{""pk"":32,""pm"":16,""pn"":12}],""flows"":[""WS"",""OS""],""label"":"""",""records"":8,""total_macs"":12288,""vector_lanes"":[32,32],""w_banks"":[32,32],""w_bytes"":[20480,20480],""x_banks"":[12,12],""x_bytes"":[6144,6144],""z_bytes"":[196608,196608]}",cvar10,1.1793653195827147,False,"{""2"":1.0000133847778843,""4"":1.0000138609952562,""8"":1.0000139900074325,""16"":1.0000141227496724,""64"":1.0222443337899247,""96"":1.0659930976263798,""128"":1.2252239252896677}",135,0.01,5,within1pct of best evaluated development witnesses; full proof open,True
pipelined,homogeneous,homogeneous,16x12x32+16x12x32,WS+OS,"{""acc_banks"":[6,6],""acc_bytes"":[49152,49152],""cores"":[{""pk"":32,""pm"":16,""pn"":12},{""pk"":32,""pm"":16,""pn"":12}],""flows"":[""WS"",""OS""],""label"":"""",""records"":8,""total_macs"":12288,""vector_lanes"":[32,32],""w_banks"":[32,32],""w_bytes"":[20480,20480],""x_banks"":[12,12],""x_bytes"":[6144,6144],""z_bytes"":[196608,196608]}",minimax,1.2252239252896677,False,"{""2"":1.0000133847778843,""4"":1.0000138609952562,""8"":1.0000139900074325,""16"":1.0000141227496724,""64"":1.0222443337899247,""96"":1.0659930976263798,""128"":1.2252239252896677}",135,0.01,5,within1pct of best evaluated development witnesses; full proof open,True
pipelined,homogeneous,homogeneous,6x16x64+6x16x64,OS+WS,"{""acc_banks"":[6,6],""acc_bytes"":[49152,49152],""cores"":[{""pk"":64,""pm"":6,""pn"":16},{""pk"":64,""pm"":6,""pn"":16}],""flows"":[""OS"",""WS""],""label"":"""",""records"":8,""total_macs"":12288,""vector_lanes"":[32,32],""w_banks"":[32,32],""w_bytes"":[20480,20480],""x_banks"":[12,12],""x_bytes"":[6144,6144],""z_bytes"":[196608,196608]}",geomean,1.0254576756967337,False,"{""2"":1.0000133847778843,""4"":1.0000138609952562,""8"":1.000023465586112,""16"":1.0299320773175213,""64"":1.0198524036382435,""96"":1.0523011653252916,""128"":1.243360034961851}",135,0.01,5,within1pct of best evaluated development witnesses; full proof open,True
pipelined,homogeneous,homogeneous,6x16x64+6x16x64,OS+WS,"{""acc_banks"":[6,6],""acc_bytes"":[49152,49152],""cores"":[{""pk"":64,""pm"":6,""pn"":16},{""pk"":64,""pm"":6,""pn"":16}],""flows"":[""OS"",""WS""],""label"":"""",""records"":8,""total_macs"":12288,""vector_lanes"":[32,32],""w_banks"":[32,32],""w_bytes"":[20480,20480],""x_banks"":[12,12],""x_bytes"":[6144,6144],""z_bytes"":[196608,196608]}",cvar10,1.1853574449584134,False,"{""2"":1.0000133847778843,""4"":1.0000138609952562,""8"":1.000023465586112,""16"":1.0299320773175213,""64"":1.0198524036382435,""96"":1.0523011653252916,""128"":1.243360034961851}",135,0.01,5,within1pct of best evaluated development witnesses; full proof open,True
pipelined,homogeneous,homogeneous,6x16x64+6x16x64,OS+WS,"{""acc_banks"":[6,6],""acc_bytes"":[49152,49152],""cores"":[{""pk"":64,""pm"":6,""pn"":16},{""pk"":64,""pm"":6,""pn"":16}],""flows"":[""OS"",""WS""],""label"":"""",""records"":8,""total_macs"":12288,""vector_lanes"":[32,32],""w_banks"":[32,32],""w_bytes"":[20480,20480],""x_banks"":[12,12],""x_bytes"":[6144,6144],""z_bytes"":[196608,196608]}",minimax,1.243360034961851,False,"{""2"":1.0000133847778843,""4"":1.0000138609952562,""8"":1.000023465586112,""16"":1.0299320773175213,""64"":1.0198524036382435,""96"":1.0523011653252916,""128"":1.243360034961851}",135,0.01,5,within1pct of best evaluated development witnesses; full proof open,True
pipelined,heterogeneous,heterogeneous,1x32x128+2x32x128,IS+WS,"{""acc_banks"":[4,8],""acc_bytes"":[16384,81920],""cores"":[{""pk"":128,""pm"":1,""pn"":32},{""pk"":128,""pm"":2,""pn"":32}],""flows"":[""IS"",""WS""],""label"":"""",""records"":8,""total_macs"":12288,""vector_lanes"":[8,56],""w_banks"":[32,32],""w_bytes"":[24576,16384],""x_banks"":[4,20],""x_bytes"":[2048,10240],""z_bytes"":[32768,360448]}",geomean,1.0005350254637915,False,"{""2"":1.0003239994546171,""4"":1.0003447389142435,""8"":1.0003504467134827,""16"":1.0003518360567962,""64"":0.9928231931070327,""96"":0.9963981666207347,""128"":1.0148307984264242}",135,0.01,3,within1pct of best evaluated development witnesses; full proof open,True
pipelined,heterogeneous,heterogeneous,1x32x128+2x32x128,IS+WS,"{""acc_banks"":[4,8],""acc_bytes"":[16384,81920],""cores"":[{""pk"":128,""pm"":1,""pn"":32},{""pk"":128,""pm"":2,""pn"":32}],""flows"":[""IS"",""WS""],""label"":"""",""records"":8,""total_macs"":12288,""vector_lanes"":[8,56],""w_banks"":[32,32],""w_bytes"":[24576,16384],""x_banks"":[4,20],""x_bytes"":[2048,10240],""z_bytes"":[32768,360448]}",cvar10,1.0120743882493406,False,"{""2"":1.0003239994546171,""4"":1.0003447389142435,""8"":1.0003504467134827,""16"":1.0003518360567962,""64"":0.9928231931070327,""96"":0.9963981666207347,""128"":1.0148307984264242}",135,0.01,3,within1pct of best evaluated development witnesses; full proof open,True
pipelined,heterogeneous,heterogeneous,1x32x128+2x32x128,IS+WS,"{""acc_banks"":[4,8],""acc_bytes"":[16384,81920],""cores"":[{""pk"":128,""pm"":1,""pn"":32},{""pk"":128,""pm"":2,""pn"":32}],""flows"":[""IS"",""WS""],""label"":"""",""records"":8,""total_macs"":12288,""vector_lanes"":[8,56],""w_banks"":[32,32],""w_bytes"":[24576,16384],""x_banks"":[4,20],""x_bytes"":[2048,10240],""z_bytes"":[32768,360448]}",minimax,1.0148307984264242,False,"{""2"":1.0003239994546171,""4"":1.0003447389142435,""8"":1.0003504467134827,""16"":1.0003518360567962,""64"":0.9928231931070327,""96"":0.9963981666207347,""128"":1.0148307984264242}",135,0.01,3,within1pct of best evaluated development witnesses; full proof open,True
pipelined,heterogeneous,heterogeneous,1x32x128+2x32x128,OS+WS,"{""acc_banks"":[4,8],""acc_bytes"":[16384,81920],""cores"":[{""pk"":128,""pm"":1,""pn"":32},{""pk"":128,""pm"":2,""pn"":32}],""flows"":[""OS"",""WS""],""label"":"""",""records"":8,""total_macs"":12288,""vector_lanes"":[8,56],""w_banks"":[32,32],""w_bytes"":[24576,16384],""x_banks"":[4,20],""x_bytes"":[2048,10240],""z_bytes"":[32768,360448]}",geomean,1.0005350254637915,False,"{""2"":1.0003239994546171,""4"":1.0003447389142435,""8"":1.0003504467134827,""16"":1.0003518360567962,""64"":0.9928231931070327,""96"":0.9963981666207347,""128"":1.0148307984264242}",135,0.01,3,within1pct of best evaluated development witnesses; full proof open,True
pipelined,heterogeneous,heterogeneous,1x32x128+2x32x128,OS+WS,"{""acc_banks"":[4,8],""acc_bytes"":[16384,81920],""cores"":[{""pk"":128,""pm"":1,""pn"":32},{""pk"":128,""pm"":2,""pn"":32}],""flows"":[""OS"",""WS""],""label"":"""",""records"":8,""total_macs"":12288,""vector_lanes"":[8,56],""w_banks"":[32,32],""w_bytes"":[24576,16384],""x_banks"":[4,20],""x_bytes"":[2048,10240],""z_bytes"":[32768,360448]}",cvar10,1.0120743882493406,False,"{""2"":1.0003239994546171,""4"":1.0003447389142435,""8"":1.0003504467134827,""16"":1.0003518360567962,""64"":0.9928231931070327,""96"":0.9963981666207347,""128"":1.0148307984264242}",135,0.01,3,within1pct of best evaluated development witnesses; full proof open,True
pipelined,heterogeneous,heterogeneous,1x32x128+2x32x128,OS+WS,"{""acc_banks"":[4,8],""acc_bytes"":[16384,81920],""cores"":[{""pk"":128,""pm"":1,""pn"":32},{""pk"":128,""pm"":2,""pn"":32}],""flows"":[""OS"",""WS""],""label"":"""",""records"":8,""total_macs"":12288,""vector_lanes"":[8,56],""w_banks"":[32,32],""w_bytes"":[24576,16384],""x_banks"":[4,20],""x_bytes"":[2048,10240],""z_bytes"":[32768,360448]}",minimax,1.0148307984264242,False,"{""2"":1.0003239994546171,""4"":1.0003447389142435,""8"":1.0003504467134827,""16"":1.0003518360567962,""64"":0.9928231931070327,""96"":0.9963981666207347,""128"":1.0148307984264242}",135,0.01,3,within1pct of best evaluated development witnesses; full proof open,True
pipelined,heterogeneous,heterogeneous,1x32x128+2x32x128,WS+WS,"{""acc_banks"":[4,8],""acc_bytes"":[16384,81920],""cores"":[{""pk"":128,""pm"":1,""pn"":32},{""pk"":128,""pm"":2,""pn"":32}],""flows"":[""WS"",""WS""],""label"":"""",""records"":8,""total_macs"":12288,""vector_lanes"":[8,56],""w_banks"":[32,32],""w_bytes"":[24576,16384],""x_banks"":[4,20],""x_bytes"":[2048,10240],""z_bytes"":[32768,360448]}",geomean,0.9976625527387649,True,"{""2"":1.0003239994546171,""4"":1.0003447389142435,""8"":1.0003504467134827,""16"":1.0003518360567962,""64"":0.9905106195115492,""96"":0.9867672592893891,""128"":0.9837737441297408}",135,0.01,3,within1pct of best evaluated development witnesses; full proof open,True
pipelined,heterogeneous,heterogeneous,1x32x128+2x32x128,WS+WS,"{""acc_banks"":[4,8],""acc_bytes"":[16384,81920],""cores"":[{""pk"":128,""pm"":1,""pn"":32},{""pk"":128,""pm"":2,""pn"":32}],""flows"":[""WS"",""WS""],""label"":"""",""records"":8,""total_macs"":12288,""vector_lanes"":[8,56],""w_banks"":[32,32],""w_bytes"":[24576,16384],""x_banks"":[4,20],""x_bytes"":[2048,10240],""z_bytes"":[32768,360448]}",cvar10,1.0009360090141253,True,"{""2"":1.0003239994546171,""4"":1.0003447389142435,""8"":1.0003504467134827,""16"":1.0003518360567962,""64"":0.9905106195115492,""96"":0.9867672592893891,""128"":0.9837737441297408}",135,0.01,3,within1pct of best evaluated development witnesses; full proof open,True
pipelined,heterogeneous,heterogeneous,1x32x128+2x32x128,WS+WS,"{""acc_banks"":[4,8],""acc_bytes"":[16384,81920],""cores"":[{""pk"":128,""pm"":1,""pn"":32},{""pk"":128,""pm"":2,""pn"":32}],""flows"":[""WS"",""WS""],""label"":"""",""records"":8,""total_macs"":12288,""vector_lanes"":[8,56],""w_banks"":[32,32],""w_bytes"":[24576,16384],""x_banks"":[4,20],""x_bytes"":[2048,10240],""z_bytes"":[32768,360448]}",minimax,1.0003518360567962,True,"{""2"":1.0003239994546171,""4"":1.0003447389142435,""8"":1.0003504467134827,""16"":1.0003518360567962,""64"":0.9905106195115492,""96"":0.9867672592893891,""128"":0.9837737441297408}",135,0.01,3,within1pct of best evaluated development witnesses; full proof open,True
pipelined,all,single,2x48x128,WS,"{""acc_banks"":[12],""acc_bytes"":[98304],""cores"":[{""pk"":128,""pm"":2,""pn"":48}],""flows"":[""WS""],""label"":"""",""records"":8,""total_macs"":12288,""vector_lanes"":[64],""w_banks"":[64],""w_bytes"":[40960],""x_banks"":[24],""x_bytes"":[12288],""z_bytes"":[393216]}",geomean,1.0000470518159934,False,"{""2"":1.0,""4"":1.0,""8"":1.0,""16"":1.0,""64"":0.998943937370175,""96"":1.0007863753955137,""128"":1.0009767916794219}",135,0.01,12,within1pct of best evaluated development witnesses; full proof open,True
pipelined,all,single,2x48x128,WS,"{""acc_banks"":[12],""acc_bytes"":[98304],""cores"":[{""pk"":128,""pm"":2,""pn"":48}],""flows"":[""WS""],""label"":"""",""records"":8,""total_macs"":12288,""vector_lanes"":[64],""w_banks"":[64],""w_bytes"":[40960],""x_banks"":[24],""x_bytes"":[12288],""z_bytes"":[393216]}",cvar10,1.0009326466777506,False,"{""2"":1.0,""4"":1.0,""8"":1.0,""16"":1.0,""64"":0.998943937370175,""96"":1.0007863753955137,""128"":1.0009767916794219}",135,0.01,12,within1pct of best evaluated development witnesses; full proof open,True
pipelined,all,single,2x48x128,WS,"{""acc_banks"":[12],""acc_bytes"":[98304],""cores"":[{""pk"":128,""pm"":2,""pn"":48}],""flows"":[""WS""],""label"":"""",""records"":8,""total_macs"":12288,""vector_lanes"":[64],""w_banks"":[64],""w_bytes"":[40960],""x_banks"":[24],""x_bytes"":[12288],""z_bytes"":[393216]}",minimax,1.0009767916794219,False,"{""2"":1.0,""4"":1.0,""8"":1.0,""16"":1.0,""64"":0.998943937370175,""96"":1.0007863753955137,""128"":1.0009767916794219}",135,0.01,12,within1pct of best evaluated development witnesses; full proof open,True
pipelined,all,single,3x32x128,WS,"{""acc_banks"":[12],""acc_bytes"":[98304],""cores"":[{""pk"":128,""pm"":3,""pn"":32}],""flows"":[""WS""],""label"":"""",""records"":8,""total_macs"":12288,""vector_lanes"":[64],""w_banks"":[64],""w_bytes"":[40960],""x_banks"":[24],""x_bytes"":[12288],""z_bytes"":[393216]}",geomean,1.0,False,"{""2"":1.0,""4"":1.0,""8"":1.0,""16"":1.0,""64"":1.0,""96"":1.0,""128"":1.0}",135,0.01,12,within1pct of best evaluated development witnesses; full proof open,True
pipelined,all,single,3x32x128,WS,"{""acc_banks"":[12],""acc_bytes"":[98304],""cores"":[{""pk"":128,""pm"":3,""pn"":32}],""flows"":[""WS""],""label"":"""",""records"":8,""total_macs"":12288,""vector_lanes"":[64],""w_banks"":[64],""w_bytes"":[40960],""x_banks"":[24],""x_bytes"":[12288],""z_bytes"":[393216]}",cvar10,1.0,True,"{""2"":1.0,""4"":1.0,""8"":1.0,""16"":1.0,""64"":1.0,""96"":1.0,""128"":1.0}",135,0.01,12,within1pct of best evaluated development witnesses; full proof open,True
pipelined,all,single,3x32x128,WS,"{""acc_banks"":[12],""acc_bytes"":[98304],""cores"":[{""pk"":128,""pm"":3,""pn"":32}],""flows"":[""WS""],""label"":"""",""records"":8,""total_macs"":12288,""vector_lanes"":[64],""w_banks"":[64],""w_bytes"":[40960],""x_banks"":[24],""x_bytes"":[12288],""z_bytes"":[393216]}",minimax,1.0,True,"{""2"":1.0,""4"":1.0,""8"":1.0,""16"":1.0,""64"":1.0,""96"":1.0,""128"":1.0}",135,0.01,12,within1pct of best evaluated development witnesses; full proof open,True
pipelined,all,single,4x24x128,WS,"{""acc_banks"":[12],""acc_bytes"":[98304],""cores"":[{""pk"":128,""pm"":4,""pn"":24}],""flows"":[""WS""],""label"":"""",""records"":8,""total_macs"":12288,""vector_lanes"":[64],""w_banks"":[64],""w_bytes"":[40960],""x_banks"":[24],""x_bytes"":[12288],""z_bytes"":[393216]}",geomean,1.0039633314376435,False,"{""2"":1.0,""4"":1.0,""8"":1.0,""16"":1.0,""64"":1.0127128999558583,""96"":1.0166354071416217,""128"":1.0306618287636717}",135,0.01,12,within1pct of best evaluated development witnesses; full proof open,True
pipelined,all,single,4x24x128,WS,"{""acc_banks"":[12],""acc_bytes"":[98304],""cores"":[{""pk"":128,""pm"":4,""pn"":24}],""flows"":[""WS""],""label"":"""",""records"":8,""total_macs"":12288,""vector_lanes"":[64],""w_banks"":[64],""w_bytes"":[40960],""x_banks"":[24],""x_bytes"":[12288],""z_bytes"":[393216]}",cvar10,1.026215531658163,False,"{""2"":1.0,""4"":1.0,""8"":1.0,""16"":1.0,""64"":1.0127128999558583,""96"":1.0166354071416217,""128"":1.0306618287636717}",135,0.01,12,within1pct of best evaluated development witnesses; full proof open,True
pipelined,all,single,4x24x128,WS,"{""acc_banks"":[12],""acc_bytes"":[98304],""cores"":[{""pk"":128,""pm"":4,""pn"":24}],""flows"":[""WS""],""label"":"""",""records"":8,""total_macs"":12288,""vector_lanes"":[64],""w_banks"":[64],""w_bytes"":[40960],""x_banks"":[24],""x_bytes"":[12288],""z_bytes"":[393216]}",minimax,1.0306618287636717,False,"{""2"":1.0,""4"":1.0,""8"":1.0,""16"":1.0,""64"":1.0127128999558583,""96"":1.0166354071416217,""128"":1.0306618287636717}",135,0.01,12,within1pct of best evaluated development witnesses; full proof open,True
pipelined,all,single,2x24x256,WS,"{""acc_banks"":[12],""acc_bytes"":[98304],""cores"":[{""pk"":256,""pm"":2,""pn"":24}],""flows"":[""WS""],""label"":"""",""records"":8,""total_macs"":12288,""vector_lanes"":[64],""w_banks"":[64],""w_bytes"":[40960],""x_banks"":[24],""x_bytes"":[12288],""z_bytes"":[393216]}",geomean,1.0038628810623906,False,"{""2"":1.0,""4"":1.0,""8"":1.0,""16"":1.0,""64"":1.0126782235228027,""96"":1.015924377738255,""128"":1.0298716127610008}",135,0.01,12,within1pct of best evaluated development witnesses; full proof open,True
pipelined,all,single,2x24x256,WS,"{""acc_banks"":[12],""acc_bytes"":[98304],""cores"":[{""pk"":256,""pm"":2,""pn"":24}],""flows"":[""WS""],""label"":"""",""records"":8,""total_macs"":12288,""vector_lanes"":[64],""w_banks"":[64],""w_bytes"":[40960],""x_banks"":[24],""x_bytes"":[12288],""z_bytes"":[393216]}",cvar10,1.0254920754722765,False,"{""2"":1.0,""4"":1.0,""8"":1.0,""16"":1.0,""64"":1.0126782235228027,""96"":1.015924377738255,""128"":1.0298716127610008}",135,0.01,12,within1pct of best evaluated development witnesses; full proof open,True
pipelined,all,single,2x24x256,WS,"{""acc_banks"":[12],""acc_bytes"":[98304],""cores"":[{""pk"":256,""pm"":2,""pn"":24}],""flows"":[""WS""],""label"":"""",""records"":8,""total_macs"":12288,""vector_lanes"":[64],""w_banks"":[64],""w_bytes"":[40960],""x_banks"":[24],""x_bytes"":[12288],""z_bytes"":[393216]}",minimax,1.0298716127610008,False,"{""2"":1.0,""4"":1.0,""8"":1.0,""16"":1.0,""64"":1.0126782235228027,""96"":1.015924377738255,""128"":1.0298716127610008}",135,0.01,12,within1pct of best evaluated development witnesses; full proof open,True
pipelined,all,heterogeneous,1x32x128+2x32x128,IS+WS,"{""acc_banks"":[4,8],""acc_bytes"":[16384,81920],""cores"":[{""pk"":128,""pm"":1,""pn"":32},{""pk"":128,""pm"":2,""pn"":32}],""flows"":[""IS"",""WS""],""label"":"""",""records"":8,""total_macs"":12288,""vector_lanes"":[8,56],""w_banks"":[32,32],""w_bytes"":[24576,16384],""x_banks"":[4,20],""x_bytes"":[2048,10240],""z_bytes"":[32768,360448]}",geomean,1.0005350254637915,False,"{""2"":1.0003239994546171,""4"":1.0003447389142435,""8"":1.0003504467134827,""16"":1.0003518360567962,""64"":0.9928231931070327,""96"":0.9963981666207347,""128"":1.0148307984264242}",135,0.01,12,within1pct of best evaluated development witnesses; full proof open,True
pipelined,all,heterogeneous,1x32x128+2x32x128,IS+WS,"{""acc_banks"":[4,8],""acc_bytes"":[16384,81920],""cores"":[{""pk"":128,""pm"":1,""pn"":32},{""pk"":128,""pm"":2,""pn"":32}],""flows"":[""IS"",""WS""],""label"":"""",""records"":8,""total_macs"":12288,""vector_lanes"":[8,56],""w_banks"":[32,32],""w_bytes"":[24576,16384],""x_banks"":[4,20],""x_bytes"":[2048,10240],""z_bytes"":[32768,360448]}",cvar10,1.0120743882493406,False,"{""2"":1.0003239994546171,""4"":1.0003447389142435,""8"":1.0003504467134827,""16"":1.0003518360567962,""64"":0.9928231931070327,""96"":0.9963981666207347,""128"":1.0148307984264242}",135,0.01,12,within1pct of best evaluated development witnesses; full proof open,True
pipelined,all,heterogeneous,1x32x128+2x32x128,IS+WS,"{""acc_banks"":[4,8],""acc_bytes"":[16384,81920],""cores"":[{""pk"":128,""pm"":1,""pn"":32},{""pk"":128,""pm"":2,""pn"":32}],""flows"":[""IS"",""WS""],""label"":"""",""records"":8,""total_macs"":12288,""vector_lanes"":[8,56],""w_banks"":[32,32],""w_bytes"":[24576,16384],""x_banks"":[4,20],""x_bytes"":[2048,10240],""z_bytes"":[32768,360448]}",minimax,1.0148307984264242,False,"{""2"":1.0003239994546171,""4"":1.0003447389142435,""8"":1.0003504467134827,""16"":1.0003518360567962,""64"":0.9928231931070327,""96"":0.9963981666207347,""128"":1.0148307984264242}",135,0.01,12,within1pct of best evaluated development witnesses; full proof open,True
pipelined,all,heterogeneous,1x32x128+2x32x128,OS+WS,"{""acc_banks"":[4,8],""acc_bytes"":[16384,81920],""cores"":[{""pk"":128,""pm"":1,""pn"":32},{""pk"":128,""pm"":2,""pn"":32}],""flows"":[""OS"",""WS""],""label"":"""",""records"":8,""total_macs"":12288,""vector_lanes"":[8,56],""w_banks"":[32,32],""w_bytes"":[24576,16384],""x_banks"":[4,20],""x_bytes"":[2048,10240],""z_bytes"":[32768,360448]}",geomean,1.0005350254637915,False,"{""2"":1.0003239994546171,""4"":1.0003447389142435,""8"":1.0003504467134827,""16"":1.0003518360567962,""64"":0.9928231931070327,""96"":0.9963981666207347,""128"":1.0148307984264242}",135,0.01,12,within1pct of best evaluated development witnesses; full proof open,True
pipelined,all,heterogeneous,1x32x128+2x32x128,OS+WS,"{""acc_banks"":[4,8],""acc_bytes"":[16384,81920],""cores"":[{""pk"":128,""pm"":1,""pn"":32},{""pk"":128,""pm"":2,""pn"":32}],""flows"":[""OS"",""WS""],""label"":"""",""records"":8,""total_macs"":12288,""vector_lanes"":[8,56],""w_banks"":[32,32],""w_bytes"":[24576,16384],""x_banks"":[4,20],""x_bytes"":[2048,10240],""z_bytes"":[32768,360448]}",cvar10,1.0120743882493406,False,"{""2"":1.0003239994546171,""4"":1.0003447389142435,""8"":1.0003504467134827,""16"":1.0003518360567962,""64"":0.9928231931070327,""96"":0.9963981666207347,""128"":1.0148307984264242}",135,0.01,12,within1pct of best evaluated development witnesses; full proof open,True
pipelined,all,heterogeneous,1x32x128+2x32x128,OS+WS,"{""acc_banks"":[4,8],""acc_bytes"":[16384,81920],""cores"":[{""pk"":128,""pm"":1,""pn"":32},{""pk"":128,""pm"":2,""pn"":32}],""flows"":[""OS"",""WS""],""label"":"""",""records"":8,""total_macs"":12288,""vector_lanes"":[8,56],""w_banks"":[32,32],""w_bytes"":[24576,16384],""x_banks"":[4,20],""x_bytes"":[2048,10240],""z_bytes"":[32768,360448]}",minimax,1.0148307984264242,False,"{""2"":1.0003239994546171,""4"":1.0003447389142435,""8"":1.0003504467134827,""16"":1.0003518360567962,""64"":0.9928231931070327,""96"":0.9963981666207347,""128"":1.0148307984264242}",135,0.01,12,within1pct of best evaluated development witnesses; full proof open,True
pipelined,all,heterogeneous,1x32x128+2x32x128,WS+WS,"{""acc_banks"":[4,8],""acc_bytes"":[16384,81920],""cores"":[{""pk"":128,""pm"":1,""pn"":32},{""pk"":128,""pm"":2,""pn"":32}],""flows"":[""WS"",""WS""],""label"":"""",""records"":8,""total_macs"":12288,""vector_lanes"":[8,56],""w_banks"":[32,32],""w_bytes"":[24576,16384],""x_banks"":[4,20],""x_bytes"":[2048,10240],""z_bytes"":[32768,360448]}",geomean,0.9976625527387649,True,"{""2"":1.0003239994546171,""4"":1.0003447389142435,""8"":1.0003504467134827,""16"":1.0003518360567962,""64"":0.9905106195115492,""96"":0.9867672592893891,""128"":0.9837737441297408}",135,0.01,12,within1pct of best evaluated development witnesses; full proof open,True
pipelined,all,heterogeneous,1x32x128+2x32x128,WS+WS,"{""acc_banks"":[4,8],""acc_bytes"":[16384,81920],""cores"":[{""pk"":128,""pm"":1,""pn"":32},{""pk"":128,""pm"":2,""pn"":32}],""flows"":[""WS"",""WS""],""label"":"""",""records"":8,""total_macs"":12288,""vector_lanes"":[8,56],""w_banks"":[32,32],""w_bytes"":[24576,16384],""x_banks"":[4,20],""x_bytes"":[2048,10240],""z_bytes"":[32768,360448]}",cvar10,1.0009360090141253,False,"{""2"":1.0003239994546171,""4"":1.0003447389142435,""8"":1.0003504467134827,""16"":1.0003518360567962,""64"":0.9905106195115492,""96"":0.9867672592893891,""128"":0.9837737441297408}",135,0.01,12,within1pct of best evaluated development witnesses; full proof open,True
pipelined,all,heterogeneous,1x32x128+2x32x128,WS+WS,"{""acc_banks"":[4,8],""acc_bytes"":[16384,81920],""cores"":[{""pk"":128,""pm"":1,""pn"":32},{""pk"":128,""pm"":2,""pn"":32}],""flows"":[""WS"",""WS""],""label"":"""",""records"":8,""total_macs"":12288,""vector_lanes"":[8,56],""w_banks"":[32,32],""w_bytes"":[24576,16384],""x_banks"":[4,20],""x_bytes"":[2048,10240],""z_bytes"":[32768,360448]}",minimax,1.0003518360567962,False,"{""2"":1.0003239994546171,""4"":1.0003447389142435,""8"":1.0003504467134827,""16"":1.0003518360567962,""64"":0.9905106195115492,""96"":0.9867672592893891,""128"":0.9837737441297408}",135,0.01,12,within1pct of best evaluated development witnesses; full proof open,True
pipelined,all,homogeneous,2x24x128+2x24x128,IS+WS,"{""acc_banks"":[6,6],""acc_bytes"":[49152,49152],""cores"":[{""pk"":128,""pm"":2,""pn"":24},{""pk"":128,""pm"":2,""pn"":24}],""flows"":[""IS"",""WS""],""label"":"""",""records"":8,""total_macs"":12288,""vector_lanes"":[32,32],""w_banks"":[32,32],""w_bytes"":[20480,20480],""x_banks"":[12,12],""x_bytes"":[6144,6144],""z_bytes"":[196608,196608]}",geomean,1.012512765899252,False,"{""2"":1.0000833012102877,""4"":1.0000883269336207,""8"":1.0000896640962396,""16"":1.000089999863069,""64"":1.0202949770378085,""96"":1.0360647575246447,""128"":1.1387733398615345}",135,0.01,12,within1pct of best evaluated development witnesses; full proof open,True
pipelined,all,homogeneous,2x24x128+2x24x128,IS+WS,"{""acc_banks"":[6,6],""acc_bytes"":[49152,49152],""cores"":[{""pk"":128,""pm"":2,""pn"":24},{""pk"":128,""pm"":2,""pn"":24}],""flows"":[""IS"",""WS""],""label"":"""",""records"":8,""total_macs"":12288,""vector_lanes"":[32,32],""w_banks"":[32,32],""w_bytes"":[20480,20480],""x_banks"":[12,12],""x_bytes"":[6144,6144],""z_bytes"":[196608,196608]}",cvar10,1.1067087215781193,False,"{""2"":1.0000833012102877,""4"":1.0000883269336207,""8"":1.0000896640962396,""16"":1.000089999863069,""64"":1.0202949770378085,""96"":1.0360647575246447,""128"":1.1387733398615345}",135,0.01,12,within1pct of best evaluated development witnesses; full proof open,True
pipelined,all,homogeneous,2x24x128+2x24x128,IS+WS,"{""acc_banks"":[6,6],""acc_bytes"":[49152,49152],""cores"":[{""pk"":128,""pm"":2,""pn"":24},{""pk"":128,""pm"":2,""pn"":24}],""flows"":[""IS"",""WS""],""label"":"""",""records"":8,""total_macs"":12288,""vector_lanes"":[32,32],""w_banks"":[32,32],""w_bytes"":[20480,20480],""x_banks"":[12,12],""x_bytes"":[6144,6144],""z_bytes"":[196608,196608]}",minimax,1.1387733398615345,False,"{""2"":1.0000833012102877,""4"":1.0000883269336207,""8"":1.0000896640962396,""16"":1.000089999863069,""64"":1.0202949770378085,""96"":1.0360647575246447,""128"":1.1387733398615345}",135,0.01,12,within1pct of best evaluated development witnesses; full proof open,True
pipelined,all,homogeneous,2x24x128+2x24x128,OS+WS,"{""acc_banks"":[6,6],""acc_bytes"":[49152,49152],""cores"":[{""pk"":128,""pm"":2,""pn"":24},{""pk"":128,""pm"":2,""pn"":24}],""flows"":[""OS"",""WS""],""label"":"""",""records"":8,""total_macs"":12288,""vector_lanes"":[32,32],""w_banks"":[32,32],""w_bytes"":[20480,20480],""x_banks"":[12,12],""x_bytes"":[6144,6144],""z_bytes"":[196608,196608]}",geomean,1.012512765899252,False,"{""2"":1.0000833012102877,""4"":1.0000883269336207,""8"":1.0000896640962396,""16"":1.000089999863069,""64"":1.0202949770378085,""96"":1.0360647575246447,""128"":1.1387733398615345}",135,0.01,12,within1pct of best evaluated development witnesses; full proof open,True
pipelined,all,homogeneous,2x24x128+2x24x128,OS+WS,"{""acc_banks"":[6,6],""acc_bytes"":[49152,49152],""cores"":[{""pk"":128,""pm"":2,""pn"":24},{""pk"":128,""pm"":2,""pn"":24}],""flows"":[""OS"",""WS""],""label"":"""",""records"":8,""total_macs"":12288,""vector_lanes"":[32,32],""w_banks"":[32,32],""w_bytes"":[20480,20480],""x_banks"":[12,12],""x_bytes"":[6144,6144],""z_bytes"":[196608,196608]}",cvar10,1.1067087215781193,False,"{""2"":1.0000833012102877,""4"":1.0000883269336207,""8"":1.0000896640962396,""16"":1.000089999863069,""64"":1.0202949770378085,""96"":1.0360647575246447,""128"":1.1387733398615345}",135,0.01,12,within1pct of best evaluated development witnesses; full proof open,True
pipelined,all,homogeneous,2x24x128+2x24x128,OS+WS,"{""acc_banks"":[6,6],""acc_bytes"":[49152,49152],""cores"":[{""pk"":128,""pm"":2,""pn"":24},{""pk"":128,""pm"":2,""pn"":24}],""flows"":[""OS"",""WS""],""label"":"""",""records"":8,""total_macs"":12288,""vector_lanes"":[32,32],""w_banks"":[32,32],""w_bytes"":[20480,20480],""x_banks"":[12,12],""x_bytes"":[6144,6144],""z_bytes"":[196608,196608]}",minimax,1.1387733398615345,False,"{""2"":1.0000833012102877,""4"":1.0000883269336207,""8"":1.0000896640962396,""16"":1.000089999863069,""64"":1.0202949770378085,""96"":1.0360647575246447,""128"":1.1387733398615345}",135,0.01,12,within1pct of best evaluated development witnesses; full proof open,True
pipelined,all,homogeneous,16x12x32+16x12x32,OS+WS,"{""acc_banks"":[6,6],""acc_bytes"":[49152,49152],""cores"":[{""pk"":32,""pm"":16,""pn"":12},{""pk"":32,""pm"":16,""pn"":12}],""flows"":[""OS"",""WS""],""label"":"""",""records"":8,""total_macs"":12288,""vector_lanes"":[32,32],""w_banks"":[32,32],""w_bytes"":[20480,20480],""x_banks"":[12,12],""x_bytes"":[6144,6144],""z_bytes"":[196608,196608]}",geomean,1.0191930399243676,False,"{""2"":0.9996296271867604,""4"":0.999564083655134,""8"":0.9995570060630427,""16"":0.9995388924253092,""64"":1.02224433565271,""96"":1.0659959904042562,""128"":1.2267762891032872}",135,0.01,12,within1pct of best evaluated development witnesses; full proof open,True
pipelined,all,homogeneous,16x12x32+16x12x32,OS+WS,"{""acc_banks"":[6,6],""acc_bytes"":[49152,49152],""cores"":[{""pk"":32,""pm"":16,""pn"":12},{""pk"":32,""pm"":16,""pn"":12}],""flows"":[""OS"",""WS""],""label"":"""",""records"":8,""total_macs"":12288,""vector_lanes"":[32,32],""w_banks"":[32,32],""w_bytes"":[20480,20480],""x_banks"":[12,12],""x_bytes"":[6144,6144],""z_bytes"":[196608,196608]}",cvar10,1.1804166681649357,False,"{""2"":0.9996296271867604,""4"":0.999564083655134,""8"":0.9995570060630427,""16"":0.9995388924253092,""64"":1.02224433565271,""96"":1.0659959904042562,""128"":1.2267762891032872}",135,0.01,12,within1pct of best evaluated development witnesses; full proof open,True
pipelined,all,homogeneous,16x12x32+16x12x32,OS+WS,"{""acc_banks"":[6,6],""acc_bytes"":[49152,49152],""cores"":[{""pk"":32,""pm"":16,""pn"":12},{""pk"":32,""pm"":16,""pn"":12}],""flows"":[""OS"",""WS""],""label"":"""",""records"":8,""total_macs"":12288,""vector_lanes"":[32,32],""w_banks"":[32,32],""w_bytes"":[20480,20480],""x_banks"":[12,12],""x_bytes"":[6144,6144],""z_bytes"":[196608,196608]}",minimax,1.2267762891032872,False,"{""2"":0.9996296271867604,""4"":0.999564083655134,""8"":0.9995570060630427,""16"":0.9995388924253092,""64"":1.02224433565271,""96"":1.0659959904042562,""128"":1.2267762891032872}",135,0.01,12,within1pct of best evaluated development witnesses; full proof open,True
pipelined,all,homogeneous,16x12x32+16x12x32,WS+OS,"{""acc_banks"":[6,6],""acc_bytes"":[49152,49152],""cores"":[{""pk"":32,""pm"":16,""pn"":12},{""pk"":32,""pm"":16,""pn"":12}],""flows"":[""WS"",""OS""],""label"":"""",""records"":8,""total_macs"":12288,""vector_lanes"":[32,32],""w_banks"":[32,32],""w_bytes"":[20480,20480],""x_banks"":[12,12],""x_bytes"":[6144,6144],""z_bytes"":[196608,196608]}",geomean,1.019466861383111,False,"{""2"":1.0000133847778843,""4"":1.0000138609952562,""8"":1.0000139900074325,""16"":1.0000141227496724,""64"":1.0222443337899247,""96"":1.0659930976263798,""128"":1.2252239252896677}",135,0.01,12,within1pct of best evaluated development witnesses; full proof open,True
pipelined,all,homogeneous,16x12x32+16x12x32,WS+OS,"{""acc_banks"":[6,6],""acc_bytes"":[49152,49152],""cores"":[{""pk"":32,""pm"":16,""pn"":12},{""pk"":32,""pm"":16,""pn"":12}],""flows"":[""WS"",""OS""],""label"":"""",""records"":8,""total_macs"":12288,""vector_lanes"":[32,32],""w_banks"":[32,32],""w_bytes"":[20480,20480],""x_banks"":[12,12],""x_bytes"":[6144,6144],""z_bytes"":[196608,196608]}",cvar10,1.1793653195827147,False,"{""2"":1.0000133847778843,""4"":1.0000138609952562,""8"":1.0000139900074325,""16"":1.0000141227496724,""64"":1.0222443337899247,""96"":1.0659930976263798,""128"":1.2252239252896677}",135,0.01,12,within1pct of best evaluated development witnesses; full proof open,True
pipelined,all,homogeneous,16x12x32+16x12x32,WS+OS,"{""acc_banks"":[6,6],""acc_bytes"":[49152,49152],""cores"":[{""pk"":32,""pm"":16,""pn"":12},{""pk"":32,""pm"":16,""pn"":12}],""flows"":[""WS"",""OS""],""label"":"""",""records"":8,""total_macs"":12288,""vector_lanes"":[32,32],""w_banks"":[32,32],""w_bytes"":[20480,20480],""x_banks"":[12,12],""x_bytes"":[6144,6144],""z_bytes"":[196608,196608]}",minimax,1.2252239252896677,False,"{""2"":1.0000133847778843,""4"":1.0000138609952562,""8"":1.0000139900074325,""16"":1.0000141227496724,""64"":1.0222443337899247,""96"":1.0659930976263798,""128"":1.2252239252896677}",135,0.01,12,within1pct of best evaluated development witnesses; full proof open,True
pipelined,all,homogeneous,6x16x64+6x16x64,OS+WS,"{""acc_banks"":[6,6],""acc_bytes"":[49152,49152],""cores"":[{""pk"":64,""pm"":6,""pn"":16},{""pk"":64,""pm"":6,""pn"":16}],""flows"":[""OS"",""WS""],""label"":"""",""records"":8,""total_macs"":12288,""vector_lanes"":[32,32],""w_banks"":[32,32],""w_bytes"":[20480,20480],""x_banks"":[12,12],""x_bytes"":[6144,6144],""z_bytes"":[196608,196608]}",geomean,1.0254576756967337,False,"{""2"":1.0000133847778843,""4"":1.0000138609952562,""8"":1.000023465586112,""16"":1.0299320773175213,""64"":1.0198524036382435,""96"":1.0523011653252916,""128"":1.243360034961851}",135,0.01,12,within1pct of best evaluated development witnesses; full proof open,True
pipelined,all,homogeneous,6x16x64+6x16x64,OS+WS,"{""acc_banks"":[6,6],""acc_bytes"":[49152,49152],""cores"":[{""pk"":64,""pm"":6,""pn"":16},{""pk"":64,""pm"":6,""pn"":16}],""flows"":[""OS"",""WS""],""label"":"""",""records"":8,""total_macs"":12288,""vector_lanes"":[32,32],""w_banks"":[32,32],""w_bytes"":[20480,20480],""x_banks"":[12,12],""x_bytes"":[6144,6144],""z_bytes"":[196608,196608]}",cvar10,1.1853574449584134,False,"{""2"":1.0000133847778843,""4"":1.0000138609952562,""8"":1.000023465586112,""16"":1.0299320773175213,""64"":1.0198524036382435,""96"":1.0523011653252916,""128"":1.243360034961851}",135,0.01,12,within1pct of best evaluated development witnesses; full proof open,True
pipelined,all,homogeneous,6x16x64+6x16x64,OS+WS,"{""acc_banks"":[6,6],""acc_bytes"":[49152,49152],""cores"":[{""pk"":64,""pm"":6,""pn"":16},{""pk"":64,""pm"":6,""pn"":16}],""flows"":[""OS"",""WS""],""label"":"""",""records"":8,""total_macs"":12288,""vector_lanes"":[32,32],""w_banks"":[32,32],""w_bytes"":[20480,20480],""x_banks"":[12,12],""x_bytes"":[6144,6144],""z_bytes"":[196608,196608]}",minimax,1.243360034961851,False,"{""2"":1.0000133847778843,""4"":1.0000138609952562,""8"":1.000023465586112,""16"":1.0299320773175213,""64"":1.0198524036382435,""96"":1.0523011653252916,""128"":1.243360034961851}",135,0.01,12,within1pct of best evaluated development witnesses; full proof open,True
port_tight,single,single,3x32x128,WS,"{""acc_banks"":[12],""acc_bytes"":[98304],""cores"":[{""pk"":128,""pm"":3,""pn"":32}],""flows"":[""WS""],""label"":"""",""records"":8,""total_macs"":12288,""vector_lanes"":[64],""w_banks"":[64],""w_bytes"":[40960],""x_banks"":[24],""x_bytes"":[12288],""z_bytes"":[393216]}",geomean,1.0,True,"{""2"":1.0,""4"":1.0,""8"":1.0,""16"":1.0,""64"":1.0,""96"":1.0,""128"":1.0}",135,0.01,9,within1pct of best evaluated development witnesses; full proof open,True
port_tight,single,single,3x32x128,WS,"{""acc_banks"":[12],""acc_bytes"":[98304],""cores"":[{""pk"":128,""pm"":3,""pn"":32}],""flows"":[""WS""],""label"":"""",""records"":8,""total_macs"":12288,""vector_lanes"":[64],""w_banks"":[64],""w_bytes"":[40960],""x_banks"":[24],""x_bytes"":[12288],""z_bytes"":[393216]}",cvar10,1.0,True,"{""2"":1.0,""4"":1.0,""8"":1.0,""16"":1.0,""64"":1.0,""96"":1.0,""128"":1.0}",135,0.01,9,within1pct of best evaluated development witnesses; full proof open,True
port_tight,single,single,3x32x128,WS,"{""acc_banks"":[12],""acc_bytes"":[98304],""cores"":[{""pk"":128,""pm"":3,""pn"":32}],""flows"":[""WS""],""label"":"""",""records"":8,""total_macs"":12288,""vector_lanes"":[64],""w_banks"":[64],""w_bytes"":[40960],""x_banks"":[24],""x_bytes"":[12288],""z_bytes"":[393216]}",minimax,1.0,True,"{""2"":1.0,""4"":1.0,""8"":1.0,""16"":1.0,""64"":1.0,""96"":1.0,""128"":1.0}",135,0.01,9,within1pct of best evaluated development witnesses; full proof open,True
port_tight,single,single,4x24x128,WS,"{""acc_banks"":[12],""acc_bytes"":[98304],""cores"":[{""pk"":128,""pm"":4,""pn"":24}],""flows"":[""WS""],""label"":"""",""records"":8,""total_macs"":12288,""vector_lanes"":[64],""w_banks"":[64],""w_bytes"":[40960],""x_banks"":[24],""x_bytes"":[12288],""z_bytes"":[393216]}",geomean,1.0042753865372078,False,"{""2"":1.004271378678149,""4"":1.0042748946957898,""8"":1.0042758727355288,""16"":1.004277083168013,""64"":1.0042781673806294,""96"":1.0042774841990332,""128"":1.0042774586831988}",135,0.01,9,within1pct of best evaluated development witnesses; full proof open,True
port_tight,single,single,4x24x128,WS,"{""acc_banks"":[12],""acc_bytes"":[98304],""cores"":[{""pk"":128,""pm"":4,""pn"":24}],""flows"":[""WS""],""label"":"""",""records"":8,""total_macs"":12288,""vector_lanes"":[64],""w_banks"":[64],""w_bytes"":[40960],""x_banks"":[24],""x_bytes"":[12288],""z_bytes"":[393216]}",cvar10,1.0042781861117842,False,"{""2"":1.004271378678149,""4"":1.0042748946957898,""8"":1.0042758727355288,""16"":1.004277083168013,""64"":1.0042781673806294,""96"":1.0042774841990332,""128"":1.0042774586831988}",135,0.01,9,within1pct of best evaluated development witnesses; full proof open,True
port_tight,single,single,4x24x128,WS,"{""acc_banks"":[12],""acc_bytes"":[98304],""cores"":[{""pk"":128,""pm"":4,""pn"":24}],""flows"":[""WS""],""label"":"""",""records"":8,""total_macs"":12288,""vector_lanes"":[64],""w_banks"":[64],""w_bytes"":[40960],""x_banks"":[24],""x_bytes"":[12288],""z_bytes"":[393216]}",minimax,1.0042781673806294,False,"{""2"":1.004271378678149,""4"":1.0042748946957898,""8"":1.0042758727355288,""16"":1.004277083168013,""64"":1.0042781673806294,""96"":1.0042774841990332,""128"":1.0042774586831988}",135,0.01,9,within1pct of best evaluated development witnesses; full proof open,True
port_tight,single,single,6x16x128,WS,"{""acc_banks"":[12],""acc_bytes"":[98304],""cores"":[{""pk"":128,""pm"":6,""pn"":16}],""flows"":[""WS""],""label"":"""",""records"":8,""total_macs"":12288,""vector_lanes"":[64],""w_banks"":[64],""w_bytes"":[40960],""x_banks"":[24],""x_bytes"":[12288],""z_bytes"":[393216]}",geomean,1.0001629543536663,False,"{""2"":1.0000222715393325,""4"":1.0000292060388392,""8"":1.0000313281700834,""16"":1.000034028717509,""64"":1.0000369961633326,""96"":1.00101338627858,""128"":1.0010442942735625}",135,0.01,9,within1pct of best evaluated development witnesses; full proof open,True
port_tight,single,single,6x16x128,WS,"{""acc_banks"":[12],""acc_bytes"":[98304],""cores"":[{""pk"":128,""pm"":6,""pn"":16}],""flows"":[""WS""],""label"":"""",""records"":8,""total_macs"":12288,""vector_lanes"":[64],""w_banks"":[64],""w_bytes"":[40960],""x_banks"":[24],""x_bytes"":[12288],""z_bytes"":[393216]}",cvar10,1.0010434570171163,False,"{""2"":1.0000222715393325,""4"":1.0000292060388392,""8"":1.0000313281700834,""16"":1.000034028717509,""64"":1.0000369961633326,""96"":1.00101338627858,""128"":1.0010442942735625}",135,0.01,9,within1pct of best evaluated development witnesses; full proof open,True
port_tight,single,single,6x16x128,WS,"{""acc_banks"":[12],""acc_bytes"":[98304],""cores"":[{""pk"":128,""pm"":6,""pn"":16}],""flows"":[""WS""],""label"":"""",""records"":8,""total_macs"":12288,""vector_lanes"":[64],""w_banks"":[64],""w_bytes"":[40960],""x_banks"":[24],""x_bytes"":[12288],""z_bytes"":[393216]}",minimax,1.0010442942735625,False,"{""2"":1.0000222715393325,""4"":1.0000292060388392,""8"":1.0000313281700834,""16"":1.000034028717509,""64"":1.0000369961633326,""96"":1.00101338627858,""128"":1.0010442942735625}",135,0.01,9,within1pct of best evaluated development witnesses; full proof open,True
port_tight,single,single,8x12x128,WS,"{""acc_banks"":[12],""acc_bytes"":[98304],""cores"":[{""pk"":128,""pm"":8,""pn"":12}],""flows"":[""WS""],""label"":"""",""records"":8,""total_macs"":12288,""vector_lanes"":[64],""w_banks"":[64],""w_bytes"":[40960],""x_banks"":[24],""x_bytes"":[12288],""z_bytes"":[393216]}",geomean,1.0053272156489592,False,"{""2"":1.0026812269055776,""4"":1.0028138926152195,""8"":1.0028502644685573,""16"":1.0028884012753032,""64"":1.011140536181762,""96"":1.0144995062462066,""128"":1.0207807020655526}",135,0.01,9,within1pct of best evaluated development witnesses; full proof open,True
port_tight,single,single,8x12x128,WS,"{""acc_banks"":[12],""acc_bytes"":[98304],""cores"":[{""pk"":128,""pm"":8,""pn"":12}],""flows"":[""WS""],""label"":"""",""records"":8,""total_macs"":12288,""vector_lanes"":[64],""w_banks"":[64],""w_bytes"":[40960],""x_banks"":[24],""x_bytes"":[12288],""z_bytes"":[393216]}",cvar10,1.0186670616463152,False,"{""2"":1.0026812269055776,""4"":1.0028138926152195,""8"":1.0028502644685573,""16"":1.0028884012753032,""64"":1.011140536181762,""96"":1.0144995062462066,""128"":1.0207807020655526}",135,0.01,9,within1pct of best evaluated development witnesses; full proof open,True
port_tight,single,single,8x12x128,WS,"{""acc_banks"":[12],""acc_bytes"":[98304],""cores"":[{""pk"":128,""pm"":8,""pn"":12}],""flows"":[""WS""],""label"":"""",""records"":8,""total_macs"":12288,""vector_lanes"":[64],""w_banks"":[64],""w_bytes"":[40960],""x_banks"":[24],""x_bytes"":[12288],""z_bytes"":[393216]}",minimax,1.0207807020655526,False,"{""2"":1.0026812269055776,""4"":1.0028138926152195,""8"":1.0028502644685573,""16"":1.0028884012753032,""64"":1.011140536181762,""96"":1.0144995062462066,""128"":1.0207807020655526}",135,0.01,9,within1pct of best evaluated development witnesses; full proof open,True
port_tight,single,single,12x16x64,WS,"{""acc_banks"":[12],""acc_bytes"":[98304],""cores"":[{""pk"":64,""pm"":12,""pn"":16}],""flows"":[""WS""],""label"":"""",""records"":8,""total_macs"":12288,""vector_lanes"":[64],""w_banks"":[64],""w_bytes"":[40960],""x_banks"":[24],""x_bytes"":[12288],""z_bytes"":[393216]}",geomean,1.0004203382801984,False,"{""2"":1.0000334073058539,""4"":1.0000438125005988,""8"":1.0000470580651477,""16"":1.0000512113281612,""64"":1.001961928625975,""96"":1.0018754233704064,""128"":1.001945510188188}",135,0.01,9,within1pct of best evaluated development witnesses; full proof open,True
port_tight,single,single,12x16x64,WS,"{""acc_banks"":[12],""acc_bytes"":[98304],""cores"":[{""pk"":64,""pm"":12,""pn"":16}],""flows"":[""WS""],""label"":"""",""records"":8,""total_macs"":12288,""vector_lanes"":[64],""w_banks"":[64],""w_bytes"":[40960],""x_banks"":[24],""x_bytes"":[12288],""z_bytes"":[393216]}",cvar10,1.002025923331988,False,"{""2"":1.0000334073058539,""4"":1.0000438125005988,""8"":1.0000470580651477,""16"":1.0000512113281612,""64"":1.001961928625975,""96"":1.0018754233704064,""128"":1.001945510188188}",135,0.01,9,within1pct of best evaluated development witnesses; full proof open,True
port_tight,single,single,12x16x64,WS,"{""acc_banks"":[12],""acc_bytes"":[98304],""cores"":[{""pk"":64,""pm"":12,""pn"":16}],""flows"":[""WS""],""label"":"""",""records"":8,""total_macs"":12288,""vector_lanes"":[64],""w_banks"":[64],""w_bytes"":[40960],""x_banks"":[24],""x_bytes"":[12288],""z_bytes"":[393216]}",minimax,1.001961928625975,False,"{""2"":1.0000334073058539,""4"":1.0000438125005988,""8"":1.0000470580651477,""16"":1.0000512113281612,""64"":1.001961928625975,""96"":1.0018754233704064,""128"":1.001945510188188}",135,0.01,9,within1pct of best evaluated development witnesses; full proof open,True
port_tight,single,single,16x12x64,WS,"{""acc_banks"":[12],""acc_bytes"":[98304],""cores"":[{""pk"":64,""pm"":16,""pn"":12}],""flows"":[""WS""],""label"":"""",""records"":8,""total_macs"":12288,""vector_lanes"":[64],""w_banks"":[64],""w_bytes"":[40960],""x_banks"":[24],""x_bytes"":[12288],""z_bytes"":[393216]}",geomean,1.00567488788196,False,"{""2"":1.002689591368435,""4"":1.0028248579393135,""8"":1.002862070770162,""16"":1.0029012952841554,""64"":1.011154994360117,""96"":1.0170310891458376,""128"":1.0233852161238421}",135,0.01,9,within1pct of best evaluated development witnesses; full proof open,True
port_tight,single,single,16x12x64,WS,"{""acc_banks"":[12],""acc_bytes"":[98304],""cores"":[{""pk"":64,""pm"":16,""pn"":12}],""flows"":[""WS""],""label"":"""",""records"":8,""total_macs"":12288,""vector_lanes"":[64],""w_banks"":[64],""w_bytes"":[40960],""x_banks"":[24],""x_bytes"":[12288],""z_bytes"":[393216]}",cvar10,1.0213046305804325,False,"{""2"":1.002689591368435,""4"":1.0028248579393135,""8"":1.002862070770162,""16"":1.0029012952841554,""64"":1.011154994360117,""96"":1.0170310891458376,""128"":1.0233852161238421}",135,0.01,9,within1pct of best evaluated development witnesses; full proof open,True
port_tight,single,single,16x12x64,WS,"{""acc_banks"":[12],""acc_bytes"":[98304],""cores"":[{""pk"":64,""pm"":16,""pn"":12}],""flows"":[""WS""],""label"":"""",""records"":8,""total_macs"":12288,""vector_lanes"":[64],""w_banks"":[64],""w_bytes"":[40960],""x_banks"":[24],""x_bytes"":[12288],""z_bytes"":[393216]}",minimax,1.0233852161238421,False,"{""2"":1.002689591368435,""4"":1.0028248579393135,""8"":1.002862070770162,""16"":1.0029012952841554,""64"":1.011154994360117,""96"":1.0170310891458376,""128"":1.0233852161238421}",135,0.01,9,within1pct of best evaluated development witnesses; full proof open,True
port_tight,single,single,3x64x64,WS,"{""acc_banks"":[12],""acc_bytes"":[98304],""cores"":[{""pk"":64,""pm"":3,""pn"":64}],""flows"":[""WS""],""label"":"""",""records"":8,""total_macs"":12288,""vector_lanes"":[64],""w_banks"":[64],""w_bytes"":[40960],""x_banks"":[24],""x_bytes"":[12288],""z_bytes"":[393216]}",geomean,1.0000687417543983,False,"{""2"":1.0,""4"":1.0,""8"":1.0,""16"":1.0,""64"":1.0,""96"":1.0005011000343853,""128"":1.000530256887697}",135,0.01,9,within1pct of best evaluated development witnesses; full proof open,True
port_tight,single,single,3x64x64,WS,"{""acc_banks"":[12],""acc_bytes"":[98304],""cores"":[{""pk"":64,""pm"":3,""pn"":64}],""flows"":[""WS""],""label"":"""",""records"":8,""total_macs"":12288,""vector_lanes"":[64],""w_banks"":[64],""w_bytes"":[40960],""x_banks"":[24],""x_bytes"":[12288],""z_bytes"":[393216]}",cvar10,1.0005251395077217,False,"{""2"":1.0,""4"":1.0,""8"":1.0,""16"":1.0,""64"":1.0,""96"":1.0005011000343853,""128"":1.000530256887697}",135,0.01,9,within1pct of best evaluated development witnesses; full proof open,True
port_tight,single,single,3x64x64,WS,"{""acc_banks"":[12],""acc_bytes"":[98304],""cores"":[{""pk"":64,""pm"":3,""pn"":64}],""flows"":[""WS""],""label"":"""",""records"":8,""total_macs"":12288,""vector_lanes"":[64],""w_banks"":[64],""w_bytes"":[40960],""x_banks"":[24],""x_bytes"":[12288],""z_bytes"":[393216]}",minimax,1.000530256887697,False,"{""2"":1.0,""4"":1.0,""8"":1.0,""16"":1.0,""64"":1.0,""96"":1.0005011000343853,""128"":1.000530256887697}",135,0.01,9,within1pct of best evaluated development witnesses; full proof open,True
port_tight,single,single,6x32x64,WS,"{""acc_banks"":[12],""acc_bytes"":[98304],""cores"":[{""pk"":64,""pm"":6,""pn"":32}],""flows"":[""WS""],""label"":"""",""records"":8,""total_macs"":12288,""vector_lanes"":[64],""w_banks"":[64],""w_bytes"":[40960],""x_banks"":[24],""x_bytes"":[12288],""z_bytes"":[393216]}",geomean,1.0002778994816306,False,"{""2"":1.0000222715393325,""4"":1.0000292060388392,""8"":1.0000313281700834,""16"":1.000034028717509,""64"":1.0000369961633326,""96"":1.0018570579629082,""128"":1.0019269378777529}",135,0.01,9,within1pct of best evaluated development witnesses; full proof open,True
port_tight,single,single,6x32x64,WS,"{""acc_banks"":[12],""acc_bytes"":[98304],""cores"":[{""pk"":64,""pm"":6,""pn"":32}],""flows"":[""WS""],""label"":"""",""records"":8,""total_macs"":12288,""vector_lanes"":[64],""w_banks"":[64],""w_bytes"":[40960],""x_banks"":[24],""x_bytes"":[12288],""z_bytes"":[393216]}",cvar10,1.0019211180376697,False,"{""2"":1.0000222715393325,""4"":1.0000292060388392,""8"":1.0000313281700834,""16"":1.000034028717509,""64"":1.0000369961633326,""96"":1.0018570579629082,""128"":1.0019269378777529}",135,0.01,9,within1pct of best evaluated development witnesses; full proof open,True
port_tight,single,single,6x32x64,WS,"{""acc_banks"":[12],""acc_bytes"":[98304],""cores"":[{""pk"":64,""pm"":6,""pn"":32}],""flows"":[""WS""],""label"":"""",""records"":8,""total_macs"":12288,""vector_lanes"":[64],""w_banks"":[64],""w_bytes"":[40960],""x_banks"":[24],""x_bytes"":[12288],""z_bytes"":[393216]}",minimax,1.0019269378777529,False,"{""2"":1.0000222715393325,""4"":1.0000292060388392,""8"":1.0000313281700834,""16"":1.000034028717509,""64"":1.0000369961633326,""96"":1.0018570579629082,""128"":1.0019269378777529}",135,0.01,9,within1pct of best evaluated development witnesses; full proof open,True
port_tight,single,single,8x24x64,WS,"{""acc_banks"":[12],""acc_bytes"":[98304],""cores"":[{""pk"":64,""pm"":8,""pn"":24}],""flows"":[""WS""],""label"":"""",""records"":8,""total_macs"":12288,""vector_lanes"":[64],""w_banks"":[64],""w_bytes"":[40960],""x_banks"":[24],""x_bytes"":[12288],""z_bytes"":[393216]}",geomean,1.0045556614929585,False,"{""2"":1.0042881829861532,""4"":1.004296887529115,""8"":1.0042995381788038,""16"":1.0043029132078078,""64"":1.0043064892370142,""96"":1.0061985772485156,""128"":1.0062705253910678}",135,0.01,9,within1pct of best evaluated development witnesses; full proof open,True
port_tight,single,single,8x24x64,WS,"{""acc_banks"":[12],""acc_bytes"":[98304],""cores"":[{""pk"":64,""pm"":8,""pn"":24}],""flows"":[""WS""],""label"":"""",""records"":8,""total_macs"":12288,""vector_lanes"":[64],""w_banks"":[64],""w_bytes"":[40960],""x_banks"":[24],""x_bytes"":[12288],""z_bytes"":[393216]}",cvar10,1.0062647561324376,False,"{""2"":1.0042881829861532,""4"":1.004296887529115,""8"":1.0042995381788038,""16"":1.0043029132078078,""64"":1.0043064892370142,""96"":1.0061985772485156,""128"":1.0062705253910678}",135,0.01,9,within1pct of best evaluated development witnesses; full proof open,True
port_tight,single,single,8x24x64,WS,"{""acc_banks"":[12],""acc_bytes"":[98304],""cores"":[{""pk"":64,""pm"":8,""pn"":24}],""flows"":[""WS""],""label"":"""",""records"":8,""total_macs"":12288,""vector_lanes"":[64],""w_banks"":[64],""w_bytes"":[40960],""x_banks"":[24],""x_bytes"":[12288],""z_bytes"":[393216]}",minimax,1.0062705253910678,False,"{""2"":1.0042881829861532,""4"":1.004296887529115,""8"":1.0042995381788038,""16"":1.0043029132078078,""64"":1.0043064892370142,""96"":1.0061985772485156,""128"":1.0062705253910678}",135,0.01,9,within1pct of best evaluated development witnesses; full proof open,True
port_tight,homogeneous,homogeneous,2x24x128+2x24x128,WS+WS,"{""acc_banks"":[6,6],""acc_bytes"":[49152,49152],""cores"":[{""pk"":128,""pm"":2,""pn"":24},{""pk"":128,""pm"":2,""pn"":24}],""flows"":[""WS"",""WS""],""label"":"""",""records"":8,""total_macs"":12288,""vector_lanes"":[32,32],""w_banks"":[32,32],""w_bytes"":[20480,20480],""x_banks"":[12,12],""x_bytes"":[6144,6144],""z_bytes"":[196608,196608]}",geomean,1.0311423034042921,False,"{""2"":1.037860293440061,""4"":1.0297396234134173,""8"":1.0271363154217237,""16"":1.0114544914406098,""64"":1.0441770493891618,""96"":1.0416410838350239,""128"":1.0640561944446203}",135,0.01,14,within1pct of best evaluated development witnesses; full proof open,True
port_tight,homogeneous,homogeneous,2x24x128+2x24x128,WS+WS,"{""acc_banks"":[6,6],""acc_bytes"":[49152,49152],""cores"":[{""pk"":128,""pm"":2,""pn"":24},{""pk"":128,""pm"":2,""pn"":24}],""flows"":[""WS"",""WS""],""label"":"""",""records"":8,""total_macs"":12288,""vector_lanes"":[32,32],""w_banks"":[32,32],""w_bytes"":[20480,20480],""x_banks"":[12,12],""x_bytes"":[6144,6144],""z_bytes"":[196608,196608]}",cvar10,1.084384812046294,False,"{""2"":1.037860293440061,""4"":1.0297396234134173,""8"":1.0271363154217237,""16"":1.0114544914406098,""64"":1.0441770493891618,""96"":1.0416410838350239,""128"":1.0640561944446203}",135,0.01,14,within1pct of best evaluated development witnesses; full proof open,True
port_tight,homogeneous,homogeneous,2x24x128+2x24x128,WS+WS,"{""acc_banks"":[6,6],""acc_bytes"":[49152,49152],""cores"":[{""pk"":128,""pm"":2,""pn"":24},{""pk"":128,""pm"":2,""pn"":24}],""flows"":[""WS"",""WS""],""label"":"""",""records"":8,""total_macs"":12288,""vector_lanes"":[32,32],""w_banks"":[32,32],""w_bytes"":[20480,20480],""x_banks"":[12,12],""x_bytes"":[6144,6144],""z_bytes"":[196608,196608]}",minimax,1.0640561944446203,False,"{""2"":1.037860293440061,""4"":1.0297396234134173,""8"":1.0271363154217237,""16"":1.0114544914406098,""64"":1.0441770493891618,""96"":1.0416410838350239,""128"":1.0640561944446203}",135,0.01,14,within1pct of best evaluated development witnesses; full proof open,True
port_tight,homogeneous,homogeneous,3x16x128+3x16x128,WS+WS,"{""acc_banks"":[6,6],""acc_bytes"":[49152,49152],""cores"":[{""pk"":128,""pm"":3,""pn"":16},{""pk"":128,""pm"":3,""pn"":16}],""flows"":[""WS"",""WS""],""label"":"""",""records"":8,""total_macs"":12288,""vector_lanes"":[32,32],""w_banks"":[32,32],""w_bytes"":[20480,20480],""x_banks"":[12,12],""x_bytes"":[6144,6144],""z_bytes"":[196608,196608]}",geomean,1.0267762074364994,True,"{""2"":1.033460717195893,""4"":1.0253763550944472,""8"":1.022785007594321,""16"":1.0071705986164645,""64"":1.0397559596576995,""96"":1.0372307831332608,""128"":1.0595858251019064}",135,0.01,14,within1pct of best evaluated development witnesses; full proof open,True
port_tight,homogeneous,homogeneous,3x16x128+3x16x128,WS+WS,"{""acc_banks"":[6,6],""acc_bytes"":[49152,49152],""cores"":[{""pk"":128,""pm"":3,""pn"":16},{""pk"":128,""pm"":3,""pn"":16}],""flows"":[""WS"",""WS""],""label"":"""",""records"":8,""total_macs"":12288,""vector_lanes"":[32,32],""w_banks"":[32,32],""w_bytes"":[20480,20480],""x_banks"":[12,12],""x_bytes"":[6144,6144],""z_bytes"":[196608,196608]}",cvar10,1.0798098492147,True,"{""2"":1.033460717195893,""4"":1.0253763550944472,""8"":1.022785007594321,""16"":1.0071705986164645,""64"":1.0397559596576995,""96"":1.0372307831332608,""128"":1.0595858251019064}",135,0.01,14,within1pct of best evaluated development witnesses; full proof open,True
port_tight,homogeneous,homogeneous,3x16x128+3x16x128,WS+WS,"{""acc_banks"":[6,6],""acc_bytes"":[49152,49152],""cores"":[{""pk"":128,""pm"":3,""pn"":16},{""pk"":128,""pm"":3,""pn"":16}],""flows"":[""WS"",""WS""],""label"":"""",""records"":8,""total_macs"":12288,""vector_lanes"":[32,32],""w_banks"":[32,32],""w_bytes"":[20480,20480],""x_banks"":[12,12],""x_bytes"":[6144,6144],""z_bytes"":[196608,196608]}",minimax,1.0595858251019064,True,"{""2"":1.033460717195893,""4"":1.0253763550944472,""8"":1.022785007594321,""16"":1.0071705986164645,""64"":1.0397559596576995,""96"":1.0372307831332608,""128"":1.0595858251019064}",135,0.01,14,within1pct of best evaluated development witnesses; full proof open,True
port_tight,homogeneous,homogeneous,4x12x128+4x12x128,WS+WS,"{""acc_banks"":[6,6],""acc_bytes"":[49152,49152],""cores"":[{""pk"":128,""pm"":4,""pn"":12},{""pk"":128,""pm"":4,""pn"":12}],""flows"":[""WS"",""WS""],""label"":"""",""records"":8,""total_macs"":12288,""vector_lanes"":[32,32],""w_banks"":[32,32],""w_bytes"":[20480,20480],""x_banks"":[12,12],""x_bytes"":[6144,6144],""z_bytes"":[196608,196608]}",geomean,1.0297470668286175,False,"{""2"":1.0362725207689811,""4"":1.0282226027595311,""8"":1.0256430235310878,""16"":1.010100035772052,""64"":1.0427311250839058,""96"":1.0401505916534834,""128"":1.0639584309220058}",135,0.01,14,within1pct of best evaluated development witnesses; full proof open,True
port_tight,homogeneous,homogeneous,4x12x128+4x12x128,WS+WS,"{""acc_banks"":[6,6],""acc_bytes"":[49152,49152],""cores"":[{""pk"":128,""pm"":4,""pn"":12},{""pk"":128,""pm"":4,""pn"":12}],""flows"":[""WS"",""WS""],""label"":"""",""records"":8,""total_macs"":12288,""vector_lanes"":[32,32],""w_banks"":[32,32],""w_bytes"":[20480,20480],""x_banks"":[12,12],""x_bytes"":[6144,6144],""z_bytes"":[196608,196608]}",cvar10,1.083265761094227,False,"{""2"":1.0362725207689811,""4"":1.0282226027595311,""8"":1.0256430235310878,""16"":1.010100035772052,""64"":1.0427311250839058,""96"":1.0401505916534834,""128"":1.0639584309220058}",135,0.01,14,within1pct of best evaluated development witnesses; full proof open,True
port_tight,homogeneous,homogeneous,4x12x128+4x12x128,WS+WS,"{""acc_banks"":[6,6],""acc_bytes"":[49152,49152],""cores"":[{""pk"":128,""pm"":4,""pn"":12},{""pk"":128,""pm"":4,""pn"":12}],""flows"":[""WS"",""WS""],""label"":"""",""records"":8,""total_macs"":12288,""vector_lanes"":[32,32],""w_banks"":[32,32],""w_bytes"":[20480,20480],""x_banks"":[12,12],""x_bytes"":[6144,6144],""z_bytes"":[196608,196608]}",minimax,1.0639584309220058,False,"{""2"":1.0362725207689811,""4"":1.0282226027595311,""8"":1.0256430235310878,""16"":1.010100035772052,""64"":1.0427311250839058,""96"":1.0401505916534834,""128"":1.0639584309220058}",135,0.01,14,within1pct of best evaluated development witnesses; full proof open,True
port_tight,homogeneous,homogeneous,6x8x128+6x8x128,WS+WS,"{""acc_banks"":[6,6],""acc_bytes"":[49152,49152],""cores"":[{""pk"":128,""pm"":6,""pn"":8},{""pk"":128,""pm"":6,""pn"":8}],""flows"":[""WS"",""WS""],""label"":"""",""records"":8,""total_macs"":12288,""vector_lanes"":[32,32],""w_banks"":[32,32],""w_bytes"":[20480,20480],""x_banks"":[12,12],""x_bytes"":[6144,6144],""z_bytes"":[196608,196608]}",geomean,1.0284124537849815,False,"{""2"":1.0334643661689675,""4"":1.0253818469960216,""8"":1.022791370513502,""16"":1.0071777744832797,""64"":1.0415221568309256,""96"":1.0428997967362093,""128"":1.0773972221853676}",135,0.01,14,within1pct of best evaluated development witnesses; full proof open,True
port_tight,homogeneous,homogeneous,6x8x128+6x8x128,WS+WS,"{""acc_banks"":[6,6],""acc_bytes"":[49152,49152],""cores"":[{""pk"":128,""pm"":6,""pn"":8},{""pk"":128,""pm"":6,""pn"":8}],""flows"":[""WS"",""WS""],""label"":"""",""records"":8,""total_macs"":12288,""vector_lanes"":[32,32],""w_banks"":[32,32],""w_bytes"":[20480,20480],""x_banks"":[12,12],""x_bytes"":[6144,6144],""z_bytes"":[196608,196608]}",cvar10,1.0879784068070824,False,"{""2"":1.0334643661689675,""4"":1.0253818469960216,""8"":1.022791370513502,""16"":1.0071777744832797,""64"":1.0415221568309256,""96"":1.0428997967362093,""128"":1.0773972221853676}",135,0.01,14,within1pct of best evaluated development witnesses; full proof open,True
port_tight,homogeneous,homogeneous,6x8x128+6x8x128,WS+WS,"{""acc_banks"":[6,6],""acc_bytes"":[49152,49152],""cores"":[{""pk"":128,""pm"":6,""pn"":8},{""pk"":128,""pm"":6,""pn"":8}],""flows"":[""WS"",""WS""],""label"":"""",""records"":8,""total_macs"":12288,""vector_lanes"":[32,32],""w_banks"":[32,32],""w_bytes"":[20480,20480],""x_banks"":[12,12],""x_bytes"":[6144,6144],""z_bytes"":[196608,196608]}",minimax,1.0773972221853676,False,"{""2"":1.0334643661689675,""4"":1.0253818469960216,""8"":1.022791370513502,""16"":1.0071777744832797,""64"":1.0415221568309256,""96"":1.0428997967362093,""128"":1.0773972221853676}",135,0.01,14,within1pct of best evaluated development witnesses; full proof open,True
port_tight,homogeneous,homogeneous,12x16x32+12x16x32,WS+WS,"{""acc_banks"":[6,6],""acc_bytes"":[49152,49152],""cores"":[{""pk"":32,""pm"":12,""pn"":16},{""pk"":32,""pm"":12,""pn"":16}],""flows"":[""WS"",""WS""],""label"":"""",""records"":8,""total_macs"":12288,""vector_lanes"":[32,32],""w_banks"":[32,32],""w_bytes"":[20480,20480],""x_banks"":[12,12],""x_bytes"":[6144,6144],""z_bytes"":[196608,196608]}",geomean,1.0302046814971695,False,"{""2"":1.033466190655048,""4"":1.0253845929466088,""8"":1.0227945519726789,""16"":1.0071813624162989,""64"":1.0470667325363938,""96"":1.0507828705532918,""128"":1.0917620576603875}",135,0.01,14,within1pct of best evaluated development witnesses; full proof open,True
port_tight,homogeneous,homogeneous,12x16x32+12x16x32,WS+WS,"{""acc_banks"":[6,6],""acc_bytes"":[49152,49152],""cores"":[{""pk"":32,""pm"":12,""pn"":16},{""pk"":32,""pm"":12,""pn"":16}],""flows"":[""WS"",""WS""],""label"":"""",""records"":8,""total_macs"":12288,""vector_lanes"":[32,32],""w_banks"":[32,32],""w_bytes"":[20480,20480],""x_banks"":[12,12],""x_bytes"":[6144,6144],""z_bytes"":[196608,196608]}",cvar10,1.093991800365692,False,"{""2"":1.033466190655048,""4"":1.0253845929466088,""8"":1.0227945519726789,""16"":1.0071813624162989,""64"":1.0470667325363938,""96"":1.0507828705532918,""128"":1.0917620576603875}",135,0.01,14,within1pct of best evaluated development witnesses; full proof open,True
port_tight,homogeneous,homogeneous,12x16x32+12x16x32,WS+WS,"{""acc_banks"":[6,6],""acc_bytes"":[49152,49152],""cores"":[{""pk"":32,""pm"":12,""pn"":16},{""pk"":32,""pm"":12,""pn"":16}],""flows"":[""WS"",""WS""],""label"":"""",""records"":8,""total_macs"":12288,""vector_lanes"":[32,32],""w_banks"":[32,32],""w_bytes"":[20480,20480],""x_banks"":[12,12],""x_bytes"":[6144,6144],""z_bytes"":[196608,196608]}",minimax,1.0917620576603875,False,"{""2"":1.033466190655048,""4"":1.0253845929466088,""8"":1.0227945519726789,""16"":1.0071813624162989,""64"":1.0470667325363938,""96"":1.0507828705532918,""128"":1.0917620576603875}",135,0.01,14,within1pct of best evaluated development witnesses; full proof open,True
port_tight,homogeneous,homogeneous,3x64x32+3x64x32,WS+WS,"{""acc_banks"":[6,6],""acc_bytes"":[49152,49152],""cores"":[{""pk"":32,""pm"":3,""pn"":64},{""pk"":32,""pm"":3,""pn"":64}],""flows"":[""WS"",""WS""],""label"":"""",""records"":8,""total_macs"":12288,""vector_lanes"":[32,32],""w_banks"":[32,32],""w_bytes"":[20480,20480],""x_banks"":[12,12],""x_bytes"":[6144,6144],""z_bytes"":[196608,196608]}",geomean,1.0289423664038282,False,"{""2"":1.033460717195893,""4"":1.0253763550944472,""8"":1.022785007594321,""16"":1.0071705986164645,""64"":1.0434675712248718,""96"":1.0461188269977928,""128"":1.0804676660082955}",135,0.01,14,within1pct of best evaluated development witnesses; full proof open,True
port_tight,homogeneous,homogeneous,3x64x32+3x64x32,WS+WS,"{""acc_banks"":[6,6],""acc_bytes"":[49152,49152],""cores"":[{""pk"":32,""pm"":3,""pn"":64},{""pk"":32,""pm"":3,""pn"":64}],""flows"":[""WS"",""WS""],""label"":"""",""records"":8,""total_macs"":12288,""vector_lanes"":[32,32],""w_banks"":[32,32],""w_bytes"":[20480,20480],""x_banks"":[12,12],""x_bytes"":[6144,6144],""z_bytes"":[196608,196608]}",cvar10,1.087929651336614,False,"{""2"":1.033460717195893,""4"":1.0253763550944472,""8"":1.022785007594321,""16"":1.0071705986164645,""64"":1.0434675712248718,""96"":1.0461188269977928,""128"":1.0804676660082955}",135,0.01,14,within1pct of best evaluated development witnesses; full proof open,True
port_tight,homogeneous,homogeneous,3x64x32+3x64x32,WS+WS,"{""acc_banks"":[6,6],""acc_bytes"":[49152,49152],""cores"":[{""pk"":32,""pm"":3,""pn"":64},{""pk"":32,""pm"":3,""pn"":64}],""flows"":[""WS"",""WS""],""label"":"""",""records"":8,""total_macs"":12288,""vector_lanes"":[32,32],""w_banks"":[32,32],""w_bytes"":[20480,20480],""x_banks"":[12,12],""x_bytes"":[6144,6144],""z_bytes"":[196608,196608]}",minimax,1.0804676660082955,False,"{""2"":1.033460717195893,""4"":1.0253763550944472,""8"":1.022785007594321,""16"":1.0071705986164645,""64"":1.0434675712248718,""96"":1.0461188269977928,""128"":1.0804676660082955}",135,0.01,14,within1pct of best evaluated development witnesses; full proof open,True
port_tight,homogeneous,homogeneous,6x32x32+6x32x32,WS+WS,"{""acc_banks"":[6,6],""acc_bytes"":[49152,49152],""cores"":[{""pk"":32,""pm"":6,""pn"":32},{""pk"":32,""pm"":6,""pn"":32}],""flows"":[""WS"",""WS""],""label"":"""",""records"":8,""total_macs"":12288,""vector_lanes"":[32,32],""w_banks"":[32,32],""w_bytes"":[20480,20480],""x_banks"":[12,12],""x_bytes"":[6144,6144],""z_bytes"":[196608,196608]}",geomean,1.0291947025854817,False,"{""2"":1.0334643661689675,""4"":1.0253818469960216,""8"":1.022791370513502,""16"":1.0071777744832797,""64"":1.0434751713011108,""96"":1.0470464730505675,""128"":1.0834081401524158}",135,0.01,14,within1pct of best evaluated development witnesses; full proof open,True
port_tight,homogeneous,homogeneous,6x32x32+6x32x32,WS+WS,"{""acc_banks"":[6,6],""acc_bytes"":[49152,49152],""cores"":[{""pk"":32,""pm"":6,""pn"":32},{""pk"":32,""pm"":6,""pn"":32}],""flows"":[""WS"",""WS""],""label"":"""",""records"":8,""total_macs"":12288,""vector_lanes"":[32,32],""w_banks"":[32,32],""w_bytes"":[20480,20480],""x_banks"":[12,12],""x_bytes"":[6144,6144],""z_bytes"":[196608,196608]}",cvar10,1.0896923050960658,False,"{""2"":1.0334643661689675,""4"":1.0253818469960216,""8"":1.022791370513502,""16"":1.0071777744832797,""64"":1.0434751713011108,""96"":1.0470464730505675,""128"":1.0834081401524158}",135,0.01,14,within1pct of best evaluated development witnesses; full proof open,True
port_tight,homogeneous,homogeneous,6x32x32+6x32x32,WS+WS,"{""acc_banks"":[6,6],""acc_bytes"":[49152,49152],""cores"":[{""pk"":32,""pm"":6,""pn"":32},{""pk"":32,""pm"":6,""pn"":32}],""flows"":[""WS"",""WS""],""label"":"""",""records"":8,""total_macs"":12288,""vector_lanes"":[32,32],""w_banks"":[32,32],""w_bytes"":[20480,20480],""x_banks"":[12,12],""x_bytes"":[6144,6144],""z_bytes"":[196608,196608]}",minimax,1.0834081401524158,False,"{""2"":1.0334643661689675,""4"":1.0253818469960216,""8"":1.022791370513502,""16"":1.0071777744832797,""64"":1.0434751713011108,""96"":1.0470464730505675,""128"":1.0834081401524158}",135,0.01,14,within1pct of best evaluated development witnesses; full proof open,True
port_tight,homogeneous,homogeneous,12x8x64+12x8x64,WS+IS,"{""acc_banks"":[6,6],""acc_bytes"":[49152,49152],""cores"":[{""pk"":64,""pm"":12,""pn"":8},{""pk"":64,""pm"":12,""pn"":8}],""flows"":[""WS"",""IS""],""label"":"""",""records"":8,""total_macs"":12288,""vector_lanes"":[32,32],""w_banks"":[32,32],""w_bytes"":[20480,20480],""x_banks"":[12,12],""x_bytes"":[6144,6144],""z_bytes"":[196608,196608]}",geomean,1.029294596688574,False,"{""2"":1.0334662932670073,""4"":1.0253848815700366,""8"":1.022795133067088,""16"":1.00718374472089,""64"":1.0415920811591437,""96"":1.0422540276063952,""128"":1.0918987810313612}",135,0.01,14,within1pct of best evaluated development witnesses; full proof open,True
port_tight,homogeneous,homogeneous,12x8x64+12x8x64,WS+IS,"{""acc_banks"":[6,6],""acc_bytes"":[49152,49152],""cores"":[{""pk"":64,""pm"":12,""pn"":8},{""pk"":64,""pm"":12,""pn"":8}],""flows"":[""WS"",""IS""],""label"":"""",""records"":8,""total_macs"":12288,""vector_lanes"":[32,32],""w_banks"":[32,32],""w_bytes"":[20480,20480],""x_banks"":[12,12],""x_bytes"":[6144,6144],""z_bytes"":[196608,196608]}",cvar10,1.0944996304568542,False,"{""2"":1.0334662932670073,""4"":1.0253848815700366,""8"":1.022795133067088,""16"":1.00718374472089,""64"":1.0415920811591437,""96"":1.0422540276063952,""128"":1.0918987810313612}",135,0.01,14,within1pct of best evaluated development witnesses; full proof open,True
port_tight,homogeneous,homogeneous,12x8x64+12x8x64,WS+IS,"{""acc_banks"":[6,6],""acc_bytes"":[49152,49152],""cores"":[{""pk"":64,""pm"":12,""pn"":8},{""pk"":64,""pm"":12,""pn"":8}],""flows"":[""WS"",""IS""],""label"":"""",""records"":8,""total_macs"":12288,""vector_lanes"":[32,32],""w_banks"":[32,32],""w_bytes"":[20480,20480],""x_banks"":[12,12],""x_bytes"":[6144,6144],""z_bytes"":[196608,196608]}",minimax,1.0918987810313612,False,"{""2"":1.0334662932670073,""4"":1.0253848815700366,""8"":1.022795133067088,""16"":1.00718374472089,""64"":1.0415920811591437,""96"":1.0422540276063952,""128"":1.0918987810313612}",135,0.01,14,within1pct of best evaluated development witnesses; full proof open,True
port_tight,homogeneous,homogeneous,12x8x64+12x8x64,WS+OS,"{""acc_banks"":[6,6],""acc_bytes"":[49152,49152],""cores"":[{""pk"":64,""pm"":12,""pn"":8},{""pk"":64,""pm"":12,""pn"":8}],""flows"":[""WS"",""OS""],""label"":"""",""records"":8,""total_macs"":12288,""vector_lanes"":[32,32],""w_banks"":[32,32],""w_bytes"":[20480,20480],""x_banks"":[12,12],""x_bytes"":[6144,6144],""z_bytes"":[196608,196608]}",geomean,1.0292941933975925,False,"{""2"":1.033466190655048,""4"":1.0253845929466088,""8"":1.0227945519726789,""16"":1.0071830351527198,""64"":1.0415919405647451,""96"":1.0422532126053696,""128"":1.0918987810313607}",135,0.01,14,within1pct of best evaluated development witnesses; full proof open,True
port_tight,homogeneous,homogeneous,12x8x64+12x8x64,WS+OS,"{""acc_banks"":[6,6],""acc_bytes"":[49152,49152],""cores"":[{""pk"":64,""pm"":12,""pn"":8},{""pk"":64,""pm"":12,""pn"":8}],""flows"":[""WS"",""OS""],""label"":"""",""records"":8,""total_macs"":12288,""vector_lanes"":[32,32],""w_banks"":[32,32],""w_bytes"":[20480,20480],""x_banks"":[12,12],""x_bytes"":[6144,6144],""z_bytes"":[196608,196608]}",cvar10,1.0944994997704731,False,"{""2"":1.033466190655048,""4"":1.0253845929466088,""8"":1.0227945519726789,""16"":1.0071830351527198,""64"":1.0415919405647451,""96"":1.0422532126053696,""128"":1.0918987810313607}",135,0.01,14,within1pct of best evaluated development witnesses; full proof open,True
port_tight,homogeneous,homogeneous,12x8x64+12x8x64,WS+OS,"{""acc_banks"":[6,6],""acc_bytes"":[49152,49152],""cores"":[{""pk"":64,""pm"":12,""pn"":8},{""pk"":64,""pm"":12,""pn"":8}],""flows"":[""WS"",""OS""],""label"":"""",""records"":8,""total_macs"":12288,""vector_lanes"":[32,32],""w_banks"":[32,32],""w_bytes"":[20480,20480],""x_banks"":[12,12],""x_bytes"":[6144,6144],""z_bytes"":[196608,196608]}",minimax,1.0918987810313607,False,"{""2"":1.033466190655048,""4"":1.0253845929466088,""8"":1.0227945519726789,""16"":1.0071830351527198,""64"":1.0415919405647451,""96"":1.0422532126053696,""128"":1.0918987810313607}",135,0.01,14,within1pct of best evaluated development witnesses; full proof open,True
port_tight,homogeneous,homogeneous,12x8x64+12x8x64,WS+WS,"{""acc_banks"":[6,6],""acc_bytes"":[49152,49152],""cores"":[{""pk"":64,""pm"":12,""pn"":8},{""pk"":64,""pm"":12,""pn"":8}],""flows"":[""WS"",""WS""],""label"":"""",""records"":8,""total_macs"":12288,""vector_lanes"":[32,32],""w_banks"":[32,32],""w_bytes"":[20480,20480],""x_banks"":[12,12],""x_bytes"":[6144,6144],""z_bytes"":[196608,196608]}",geomean,1.0285814334309555,False,"{""2"":1.033466190655048,""4"":1.0253845929466088,""8"":1.0227945519726789,""16"":1.0071813624162989,""64"":1.0415261603675403,""96"":1.0432123443256098,""128"":1.079691960994408}",135,0.01,14,within1pct of best evaluated development witnesses; full proof open,True
port_tight,homogeneous,homogeneous,12x8x64+12x8x64,WS+WS,"{""acc_banks"":[6,6],""acc_bytes"":[49152,49152],""cores"":[{""pk"":64,""pm"":12,""pn"":8},{""pk"":64,""pm"":12,""pn"":8}],""flows"":[""WS"",""WS""],""label"":"""",""records"":8,""total_macs"":12288,""vector_lanes"":[32,32],""w_banks"":[32,32],""w_bytes"":[20480,20480],""x_banks"":[12,12],""x_bytes"":[6144,6144],""z_bytes"":[196608,196608]}",cvar10,1.0893559340796313,False,"{""2"":1.033466190655048,""4"":1.0253845929466088,""8"":1.0227945519726789,""16"":1.0071813624162989,""64"":1.0415261603675403,""96"":1.0432123443256098,""128"":1.079691960994408}",135,0.01,14,within1pct of best evaluated development witnesses; full proof open,True
port_tight,homogeneous,homogeneous,12x8x64+12x8x64,WS+WS,"{""acc_banks"":[6,6],""acc_bytes"":[49152,49152],""cores"":[{""pk"":64,""pm"":12,""pn"":8},{""pk"":64,""pm"":12,""pn"":8}],""flows"":[""WS"",""WS""],""label"":"""",""records"":8,""total_macs"":12288,""vector_lanes"":[32,32],""w_banks"":[32,32],""w_bytes"":[20480,20480],""x_banks"":[12,12],""x_bytes"":[6144,6144],""z_bytes"":[196608,196608]}",minimax,1.079691960994408,False,"{""2"":1.033466190655048,""4"":1.0253845929466088,""8"":1.0227945519726789,""16"":1.0071813624162989,""64"":1.0415261603675403,""96"":1.0432123443256098,""128"":1.079691960994408}",135,0.01,14,within1pct of best evaluated development witnesses; full proof open,True
port_tight,homogeneous,homogeneous,3x32x64+3x32x64,WS+WS,"{""acc_banks"":[6,6],""acc_bytes"":[49152,49152],""cores"":[{""pk"":64,""pm"":3,""pn"":32},{""pk"":64,""pm"":3,""pn"":32}],""flows"":[""WS"",""WS""],""label"":"""",""records"":8,""total_macs"":12288,""vector_lanes"":[32,32],""w_banks"":[32,32],""w_bytes"":[20480,20480],""x_banks"":[12,12],""x_bytes"":[6144,6144],""z_bytes"":[196608,196608]}",geomean,1.0267792397748363,False,"{""2"":1.033460717195893,""4"":1.0253763550944472,""8"":1.022785007594321,""16"":1.0071705986164645,""64"":1.0397559596576995,""96"":1.0372307831332608,""128"":1.059632764577885}",135,0.01,14,within1pct of best evaluated development witnesses; full proof open,True
port_tight,homogeneous,homogeneous,3x32x64+3x32x64,WS+WS,"{""acc_banks"":[6,6],""acc_bytes"":[49152,49152],""cores"":[{""pk"":64,""pm"":3,""pn"":32},{""pk"":64,""pm"":3,""pn"":32}],""flows"":[""WS"",""WS""],""label"":"""",""records"":8,""total_macs"":12288,""vector_lanes"":[32,32],""w_banks"":[32,32],""w_bytes"":[20480,20480],""x_banks"":[12,12],""x_bytes"":[6144,6144],""z_bytes"":[196608,196608]}",cvar10,1.0798400655494294,False,"{""2"":1.033460717195893,""4"":1.0253763550944472,""8"":1.022785007594321,""16"":1.0071705986164645,""64"":1.0397559596576995,""96"":1.0372307831332608,""128"":1.059632764577885}",135,0.01,14,within1pct of best evaluated development witnesses; full proof open,True
port_tight,homogeneous,homogeneous,3x32x64+3x32x64,WS+WS,"{""acc_banks"":[6,6],""acc_bytes"":[49152,49152],""cores"":[{""pk"":64,""pm"":3,""pn"":32},{""pk"":64,""pm"":3,""pn"":32}],""flows"":[""WS"",""WS""],""label"":"""",""records"":8,""total_macs"":12288,""vector_lanes"":[32,32],""w_banks"":[32,32],""w_bytes"":[20480,20480],""x_banks"":[12,12],""x_bytes"":[6144,6144],""z_bytes"":[196608,196608]}",minimax,1.059632764577885,False,"{""2"":1.033460717195893,""4"":1.0253763550944472,""8"":1.022785007594321,""16"":1.0071705986164645,""64"":1.0397559596576995,""96"":1.0372307831332608,""128"":1.059632764577885}",135,0.01,14,within1pct of best evaluated development witnesses; full proof open,True
port_tight,homogeneous,homogeneous,4x24x64+4x24x64,WS+WS,"{""acc_banks"":[6,6],""acc_bytes"":[49152,49152],""cores"":[{""pk"":64,""pm"":4,""pn"":24},{""pk"":64,""pm"":4,""pn"":24}],""flows"":[""WS"",""WS""],""label"":"""",""records"":8,""total_macs"":12288,""vector_lanes"":[32,32],""w_banks"":[32,32],""w_bytes"":[20480,20480],""x_banks"":[12,12],""x_bytes"":[6144,6144],""z_bytes"":[196608,196608]}",geomean,1.0311668630412456,False,"{""2"":1.037865813573584,""4"":1.0297479152194526,""8"":1.0271459114945043,""16"":1.0114653010555479,""64"":1.0441899741863119,""96"":1.0416537715725915,""128"":1.0643036202032872}",135,0.01,14,within1pct of best evaluated development witnesses; full proof open,True
port_tight,homogeneous,homogeneous,4x24x64+4x24x64,WS+WS,"{""acc_banks"":[6,6],""acc_bytes"":[49152,49152],""cores"":[{""pk"":64,""pm"":4,""pn"":24},{""pk"":64,""pm"":4,""pn"":24}],""flows"":[""WS"",""WS""],""label"":"""",""records"":8,""total_macs"":12288,""vector_lanes"":[32,32],""w_banks"":[32,32],""w_bytes"":[20480,20480],""x_banks"":[12,12],""x_bytes"":[6144,6144],""z_bytes"":[196608,196608]}",cvar10,1.0845408046610072,False,"{""2"":1.037865813573584,""4"":1.0297479152194526,""8"":1.0271459114945043,""16"":1.0114653010555479,""64"":1.0441899741863119,""96"":1.0416537715725915,""128"":1.0643036202032872}",135,0.01,14,within1pct of best evaluated development witnesses; full proof open,True
port_tight,homogeneous,homogeneous,4x24x64+4x24x64,WS+WS,"{""acc_banks"":[6,6],""acc_bytes"":[49152,49152],""cores"":[{""pk"":64,""pm"":4,""pn"":24},{""pk"":64,""pm"":4,""pn"":24}],""flows"":[""WS"",""WS""],""label"":"""",""records"":8,""total_macs"":12288,""vector_lanes"":[32,32],""w_banks"":[32,32],""w_bytes"":[20480,20480],""x_banks"":[12,12],""x_bytes"":[6144,6144],""z_bytes"":[196608,196608]}",minimax,1.0643036202032872,False,"{""2"":1.037865813573584,""4"":1.0297479152194526,""8"":1.0271459114945043,""16"":1.0114653010555479,""64"":1.0441899741863119,""96"":1.0416537715725915,""128"":1.0643036202032872}",135,0.01,14,within1pct of best evaluated development witnesses; full proof open,True
port_tight,homogeneous,homogeneous,6x16x64+6x16x64,WS+WS,"{""acc_banks"":[6,6],""acc_bytes"":[49152,49152],""cores"":[{""pk"":64,""pm"":6,""pn"":16},{""pk"":64,""pm"":6,""pn"":16}],""flows"":[""WS"",""WS""],""label"":"""",""records"":8,""total_macs"":12288,""vector_lanes"":[32,32],""w_banks"":[32,32],""w_bytes"":[20480,20480],""x_banks"":[12,12],""x_bytes"":[6144,6144],""z_bytes"":[196608,196608]}",geomean,1.0267948772314097,False,"{""2"":1.0334643661689675,""4"":1.0253818469960216,""8"":1.022791370513502,""16"":1.0071777744832797,""64"":1.0397645552405828,""96"":1.0372392220948874,""128"":1.0597867844344875}",135,0.01,14,within1pct of best evaluated development witnesses; full proof open,True
port_tight,homogeneous,homogeneous,6x16x64+6x16x64,WS+WS,"{""acc_banks"":[6,6],""acc_bytes"":[49152,49152],""cores"":[{""pk"":64,""pm"":6,""pn"":16},{""pk"":64,""pm"":6,""pn"":16}],""flows"":[""WS"",""WS""],""label"":"""",""records"":8,""total_macs"":12288,""vector_lanes"":[32,32],""w_banks"":[32,32],""w_bytes"":[20480,20480],""x_banks"":[12,12],""x_bytes"":[6144,6144],""z_bytes"":[196608,196608]}",cvar10,1.0799370347201231,False,"{""2"":1.0334643661689675,""4"":1.0253818469960216,""8"":1.022791370513502,""16"":1.0071777744832797,""64"":1.0397645552405828,""96"":1.0372392220948874,""128"":1.0597867844344875}",135,0.01,14,within1pct of best evaluated development witnesses; full proof open,True
port_tight,homogeneous,homogeneous,6x16x64+6x16x64,WS+WS,"{""acc_banks"":[6,6],""acc_bytes"":[49152,49152],""cores"":[{""pk"":64,""pm"":6,""pn"":16},{""pk"":64,""pm"":6,""pn"":16}],""flows"":[""WS"",""WS""],""label"":"""",""records"":8,""total_macs"":12288,""vector_lanes"":[32,32],""w_banks"":[32,32],""w_bytes"":[20480,20480],""x_banks"":[12,12],""x_bytes"":[6144,6144],""z_bytes"":[196608,196608]}",minimax,1.0597867844344875,False,"{""2"":1.0334643661689675,""4"":1.0253818469960216,""8"":1.022791370513502,""16"":1.0071777744832797,""64"":1.0397645552405828,""96"":1.0372392220948874,""128"":1.0597867844344875}",135,0.01,14,within1pct of best evaluated development witnesses; full proof open,True
port_tight,homogeneous,homogeneous,8x12x64+8x12x64,WS+WS,"{""acc_banks"":[6,6],""acc_bytes"":[49152,49152],""cores"":[{""pk"":64,""pm"":8,""pn"":12},{""pk"":64,""pm"":8,""pn"":12}],""flows"":[""WS"",""WS""],""label"":"""",""records"":8,""total_macs"":12288,""vector_lanes"":[32,32],""w_banks"":[32,32],""w_bytes"":[20480,20480],""x_banks"":[12,12],""x_bytes"":[6144,6144],""z_bytes"":[196608,196608]}",geomean,1.029757420164436,False,"{""2"":1.036275263158842,""4"":1.0282267284014721,""8"":1.0256478021474835,""16"":1.0101054234285631,""64"":1.0427375757162536,""96"":1.0401569244747495,""128"":1.0640526840707683}",135,0.01,14,within1pct of best evaluated development witnesses; full proof open,True
port_tight,homogeneous,homogeneous,8x12x64+8x12x64,WS+WS,"{""acc_banks"":[6,6],""acc_bytes"":[49152,49152],""cores"":[{""pk"":64,""pm"":8,""pn"":12},{""pk"":64,""pm"":8,""pn"":12}],""flows"":[""WS"",""WS""],""label"":"""",""records"":8,""total_macs"":12288,""vector_lanes"":[32,32],""w_banks"":[32,32],""w_bytes"":[20480,20480],""x_banks"":[12,12],""x_bytes"":[6144,6144],""z_bytes"":[196608,196608]}",cvar10,1.0832686270403509,False,"{""2"":1.036275263158842,""4"":1.0282267284014721,""8"":1.0256478021474835,""16"":1.0101054234285631,""64"":1.0427375757162536,""96"":1.0401569244747495,""128"":1.0640526840707683}",135,0.01,14,within1pct of best evaluated development witnesses; full proof open,True
port_tight,homogeneous,homogeneous,8x12x64+8x12x64,WS+WS,"{""acc_banks"":[6,6],""acc_bytes"":[49152,49152],""cores"":[{""pk"":64,""pm"":8,""pn"":12},{""pk"":64,""pm"":8,""pn"":12}],""flows"":[""WS"",""WS""],""label"":"""",""records"":8,""total_macs"":12288,""vector_lanes"":[32,32],""w_banks"":[32,32],""w_bytes"":[20480,20480],""x_banks"":[12,12],""x_bytes"":[6144,6144],""z_bytes"":[196608,196608]}",minimax,1.0640526840707683,False,"{""2"":1.036275263158842,""4"":1.0282267284014721,""8"":1.0256478021474835,""16"":1.0101054234285631,""64"":1.0427375757162536,""96"":1.0401569244747495,""128"":1.0640526840707683}",135,0.01,14,within1pct of best evaluated development witnesses; full proof open,True
port_tight,heterogeneous,heterogeneous,1x2x64+5x19x128,IS+WS,"{""acc_banks"":[1,11],""acc_bytes"":[2048,96256],""cores"":[{""pk"":64,""pm"":1,""pn"":2},{""pk"":128,""pm"":5,""pn"":19}],""flows"":[""IS"",""WS""],""label"":"""",""records"":8,""total_macs"":12288,""vector_lanes"":[2,62],""w_banks"":[2,62],""w_bytes"":[1024,39936],""x_banks"":[1,23],""x_bytes"":[1024,11264],""z_bytes"":[5120,388096]}",geomean,1.0280355578996185,False,"{""2"":1.0377606447538181,""4"":1.0379694125775483,""8"":1.028490367751965,""16"":1.0227917055414437,""64"":1.0150820476613243,""96"":1.0128868886858557,""128"":1.012167558531817}",135,0.01,7,within1pct of best evaluated development witnesses; full proof open,True
port_tight,heterogeneous,heterogeneous,1x2x64+5x19x128,IS+WS,"{""acc_banks"":[1,11],""acc_bytes"":[2048,96256],""cores"":[{""pk"":64,""pm"":1,""pn"":2},{""pk"":128,""pm"":5,""pn"":19}],""flows"":[""IS"",""WS""],""label"":"""",""records"":8,""total_macs"":12288,""vector_lanes"":[2,62],""w_banks"":[2,62],""w_bytes"":[1024,39936],""x_banks"":[1,23],""x_bytes"":[1024,11264],""z_bytes"":[5120,388096]}",cvar10,1.0380479841542545,True,"{""2"":1.0377606447538181,""4"":1.0379694125775483,""8"":1.028490367751965,""16"":1.0227917055414437,""64"":1.0150820476613243,""96"":1.0128868886858557,""128"":1.012167558531817}",135,0.01,7,within1pct of best evaluated development witnesses; full proof open,True
port_tight,heterogeneous,heterogeneous,1x2x64+5x19x128,IS+WS,"{""acc_banks"":[1,11],""acc_bytes"":[2048,96256],""cores"":[{""pk"":64,""pm"":1,""pn"":2},{""pk"":128,""pm"":5,""pn"":19}],""flows"":[""IS"",""WS""],""label"":"""",""records"":8,""total_macs"":12288,""vector_lanes"":[2,62],""w_banks"":[2,62],""w_bytes"":[1024,39936],""x_banks"":[1,23],""x_bytes"":[1024,11264],""z_bytes"":[5120,388096]}",minimax,1.0379694125775483,False,"{""2"":1.0377606447538181,""4"":1.0379694125775483,""8"":1.028490367751965,""16"":1.0227917055414437,""64"":1.0150820476613243,""96"":1.0128868886858557,""128"":1.012167558531817}",135,0.01,7,within1pct of best evaluated development witnesses; full proof open,True
port_tight,heterogeneous,heterogeneous,1x2x64+5x19x128,OS+WS,"{""acc_banks"":[1,11],""acc_bytes"":[2048,96256],""cores"":[{""pk"":64,""pm"":1,""pn"":2},{""pk"":128,""pm"":5,""pn"":19}],""flows"":[""OS"",""WS""],""label"":"""",""records"":8,""total_macs"":12288,""vector_lanes"":[2,62],""w_banks"":[2,62],""w_bytes"":[1024,39936],""x_banks"":[1,23],""x_bytes"":[1024,11264],""z_bytes"":[5120,388096]}",geomean,1.0280355578996183,False,"{""2"":1.0377606447538181,""4"":1.0379694125775483,""8"":1.028490367751965,""16"":1.0227917055414433,""64"":1.0150820476613238,""96"":1.0128868886858555,""128"":1.012167558531817}",135,0.01,7,within1pct of best evaluated development witnesses; full proof open,True
port_tight,heterogeneous,heterogeneous,1x2x64+5x19x128,OS+WS,"{""acc_banks"":[1,11],""acc_bytes"":[2048,96256],""cores"":[{""pk"":64,""pm"":1,""pn"":2},{""pk"":128,""pm"":5,""pn"":19}],""flows"":[""OS"",""WS""],""label"":"""",""records"":8,""total_macs"":12288,""vector_lanes"":[2,62],""w_banks"":[2,62],""w_bytes"":[1024,39936],""x_banks"":[1,23],""x_bytes"":[1024,11264],""z_bytes"":[5120,388096]}",cvar10,1.0380479841542545,False,"{""2"":1.0377606447538181,""4"":1.0379694125775483,""8"":1.028490367751965,""16"":1.0227917055414433,""64"":1.0150820476613238,""96"":1.0128868886858555,""128"":1.012167558531817}",135,0.01,7,within1pct of best evaluated development witnesses; full proof open,True
port_tight,heterogeneous,heterogeneous,1x2x64+5x19x128,OS+WS,"{""acc_banks"":[1,11],""acc_bytes"":[2048,96256],""cores"":[{""pk"":64,""pm"":1,""pn"":2},{""pk"":128,""pm"":5,""pn"":19}],""flows"":[""OS"",""WS""],""label"":"""",""records"":8,""total_macs"":12288,""vector_lanes"":[2,62],""w_banks"":[2,62],""w_bytes"":[1024,39936],""x_banks"":[1,23],""x_bytes"":[1024,11264],""z_bytes"":[5120,388096]}",minimax,1.0379694125775483,False,"{""2"":1.0377606447538181,""4"":1.0379694125775483,""8"":1.028490367751965,""16"":1.0227917055414433,""64"":1.0150820476613238,""96"":1.0128868886858555,""128"":1.012167558531817}",135,0.01,7,within1pct of best evaluated development witnesses; full proof open,True
port_tight,heterogeneous,heterogeneous,1x2x64+5x19x128,WS+WS,"{""acc_banks"":[1,11],""acc_bytes"":[2048,96256],""cores"":[{""pk"":64,""pm"":1,""pn"":2},{""pk"":128,""pm"":5,""pn"":19}],""flows"":[""WS"",""WS""],""label"":"""",""records"":8,""total_macs"":12288,""vector_lanes"":[2,62],""w_banks"":[2,62],""w_bytes"":[1024,39936],""x_banks"":[1,23],""x_bytes"":[1024,11264],""z_bytes"":[5120,388096]}",geomean,1.0280355578996183,False,"{""2"":1.0377606447538181,""4"":1.0379694125775483,""8"":1.028490367751965,""16"":1.0227917055414433,""64"":1.0150820476613238,""96"":1.0128868886858555,""128"":1.012167558531817}",135,0.01,7,within1pct of best evaluated development witnesses; full proof open,True
port_tight,heterogeneous,heterogeneous,1x2x64+5x19x128,WS+WS,"{""acc_banks"":[1,11],""acc_bytes"":[2048,96256],""cores"":[{""pk"":64,""pm"":1,""pn"":2},{""pk"":128,""pm"":5,""pn"":19}],""flows"":[""WS"",""WS""],""label"":"""",""records"":8,""total_macs"":12288,""vector_lanes"":[2,62],""w_banks"":[2,62],""w_bytes"":[1024,39936],""x_banks"":[1,23],""x_bytes"":[1024,11264],""z_bytes"":[5120,388096]}",cvar10,1.0380479841542545,False,"{""2"":1.0377606447538181,""4"":1.0379694125775483,""8"":1.028490367751965,""16"":1.0227917055414433,""64"":1.0150820476613238,""96"":1.0128868886858555,""128"":1.012167558531817}",135,0.01,7,within1pct of best evaluated development witnesses; full proof open,True
port_tight,heterogeneous,heterogeneous,1x2x64+5x19x128,WS+WS,"{""acc_banks"":[1,11],""acc_bytes"":[2048,96256],""cores"":[{""pk"":64,""pm"":1,""pn"":2},{""pk"":128,""pm"":5,""pn"":19}],""flows"":[""WS"",""WS""],""label"":"""",""records"":8,""total_macs"":12288,""vector_lanes"":[2,62],""w_banks"":[2,62],""w_bytes"":[1024,39936],""x_banks"":[1,23],""x_bytes"":[1024,11264],""z_bytes"":[5120,388096]}",minimax,1.0379694125775483,False,"{""2"":1.0377606447538181,""4"":1.0379694125775483,""8"":1.028490367751965,""16"":1.0227917055414433,""64"":1.0150820476613238,""96"":1.0128868886858555,""128"":1.012167558531817}",135,0.01,7,within1pct of best evaluated development witnesses; full proof open,True
port_tight,heterogeneous,heterogeneous,1x32x128+2x32x128,WS+WS,"{""acc_banks"":[4,8],""acc_bytes"":[16384,81920],""cores"":[{""pk"":128,""pm"":1,""pn"":32},{""pk"":128,""pm"":2,""pn"":32}],""flows"":[""WS"",""WS""],""label"":"""",""records"":8,""total_macs"":12288,""vector_lanes"":[8,56],""w_banks"":[32,32],""w_bytes"":[24576,16384],""x_banks"":[4,20],""x_bytes"":[2048,10240],""z_bytes"":[32768,360448]}",geomean,1.0201278387140502,True,"{""2"":1.0334534192460894,""4"":1.0253653712896942,""8"":1.0227722817526317,""16"":1.007156253716699,""64"":1.0068968564754384,""96"":1.0066833570380276,""128"":1.0228337465436523}",135,0.01,7,within1pct of best evaluated development witnesses; full proof open,True
port_tight,heterogeneous,heterogeneous,1x32x128+2x32x128,WS+WS,"{""acc_banks"":[4,8],""acc_bytes"":[16384,81920],""cores"":[{""pk"":128,""pm"":1,""pn"":32},{""pk"":128,""pm"":2,""pn"":32}],""flows"":[""WS"",""WS""],""label"":"""",""records"":8,""total_macs"":12288,""vector_lanes"":[8,56],""w_banks"":[32,32],""w_bytes"":[24576,16384],""x_banks"":[4,20],""x_bytes"":[2048,10240],""z_bytes"":[32768,360448]}",cvar10,1.0796532900951095,False,"{""2"":1.0334534192460894,""4"":1.0253653712896942,""8"":1.0227722817526317,""16"":1.007156253716699,""64"":1.0068968564754384,""96"":1.0066833570380276,""128"":1.0228337465436523}",135,0.01,7,within1pct of best evaluated development witnesses; full proof open,True
port_tight,heterogeneous,heterogeneous,1x32x128+2x32x128,WS+WS,"{""acc_banks"":[4,8],""acc_bytes"":[16384,81920],""cores"":[{""pk"":128,""pm"":1,""pn"":32},{""pk"":128,""pm"":2,""pn"":32}],""flows"":[""WS"",""WS""],""label"":"""",""records"":8,""total_macs"":12288,""vector_lanes"":[8,56],""w_banks"":[32,32],""w_bytes"":[24576,16384],""x_banks"":[4,20],""x_bytes"":[2048,10240],""z_bytes"":[32768,360448]}",minimax,1.0334534192460894,True,"{""2"":1.0334534192460894,""4"":1.0253653712896942,""8"":1.0227722817526317,""16"":1.007156253716699,""64"":1.0068968564754384,""96"":1.0066833570380276,""128"":1.0228337465436523}",135,0.01,7,within1pct of best evaluated development witnesses; full proof open,True
port_tight,heterogeneous,heterogeneous,1x32x128+2x32x128,WS+WS,"{""acc_banks"":[4,8],""acc_bytes"":[32768,65536],""cores"":[{""pk"":128,""pm"":1,""pn"":32},{""pk"":128,""pm"":2,""pn"":32}],""flows"":[""WS"",""WS""],""label"":"""",""records"":8,""total_macs"":12288,""vector_lanes"":[22,42],""w_banks"":[22,42],""w_bytes"":[14336,26624],""x_banks"":[8,16],""x_bytes"":[4096,8192],""z_bytes"":[131072,262144]}",geomean,1.0286454325825678,False,"{""2"":1.0411372018453287,""4"":1.0249513188900872,""8"":1.0219126334746569,""16"":1.0178034528754691,""64"":1.0416728003246876,""96"":1.0370347817018635,""128"":1.0341754147972229}",135,0.01,7,within1pct of best evaluated development witnesses; full proof open,True
port_tight,heterogeneous,heterogeneous,1x32x128+2x32x128,WS+WS,"{""acc_banks"":[4,8],""acc_bytes"":[32768,65536],""cores"":[{""pk"":128,""pm"":1,""pn"":32},{""pk"":128,""pm"":2,""pn"":32}],""flows"":[""WS"",""WS""],""label"":"""",""records"":8,""total_macs"":12288,""vector_lanes"":[22,42],""w_banks"":[22,42],""w_bytes"":[14336,26624],""x_banks"":[8,16],""x_bytes"":[4096,8192],""z_bytes"":[131072,262144]}",cvar10,1.0557858537909284,False,"{""2"":1.0411372018453287,""4"":1.0249513188900872,""8"":1.0219126334746569,""16"":1.0178034528754691,""64"":1.0416728003246876,""96"":1.0370347817018635,""128"":1.0341754147972229}",135,0.01,7,within1pct of best evaluated development witnesses; full proof open,True
port_tight,heterogeneous,heterogeneous,1x32x128+2x32x128,WS+WS,"{""acc_banks"":[4,8],""acc_bytes"":[32768,65536],""cores"":[{""pk"":128,""pm"":1,""pn"":32},{""pk"":128,""pm"":2,""pn"":32}],""flows"":[""WS"",""WS""],""label"":"""",""records"":8,""total_macs"":12288,""vector_lanes"":[22,42],""w_banks"":[22,42],""w_bytes"":[14336,26624],""x_banks"":[8,16],""x_bytes"":[4096,8192],""z_bytes"":[131072,262144]}",minimax,1.0416728003246876,False,"{""2"":1.0411372018453287,""4"":1.0249513188900872,""8"":1.0219126334746569,""16"":1.0178034528754691,""64"":1.0416728003246876,""96"":1.0370347817018635,""128"":1.0341754147972229}",135,0.01,7,within1pct of best evaluated development witnesses; full proof open,True
port_tight,heterogeneous,heterogeneous,4x16x128+2x16x128,WS+WS,"{""acc_banks"":[8,4],""acc_bytes"":[65536,32768],""cores"":[{""pk"":128,""pm"":4,""pn"":16},{""pk"":128,""pm"":2,""pn"":16}],""flows"":[""WS"",""WS""],""label"":"""",""records"":8,""total_macs"":12288,""vector_lanes"":[42,22],""w_banks"":[42,22],""w_bytes"":[26624,14336],""x_banks"":[16,8],""x_bytes"":[8192,4096],""z_bytes"":[262144,131072]}",geomean,1.0286495716230601,False,"{""2"":1.0411249444436128,""4"":1.0249556910769089,""8"":1.0219117850607493,""16"":1.0178086109309474,""64"":1.0416885430801703,""96"":1.0370356738026654,""128"":1.0342314613058647}",135,0.01,7,within1pct of best evaluated development witnesses; full proof open,True
port_tight,heterogeneous,heterogeneous,4x16x128+2x16x128,WS+WS,"{""acc_banks"":[8,4],""acc_bytes"":[65536,32768],""cores"":[{""pk"":128,""pm"":4,""pn"":16},{""pk"":128,""pm"":2,""pn"":16}],""flows"":[""WS"",""WS""],""label"":"""",""records"":8,""total_macs"":12288,""vector_lanes"":[42,22],""w_banks"":[42,22],""w_bytes"":[26624,14336],""x_banks"":[16,8],""x_bytes"":[8192,4096],""z_bytes"":[262144,131072]}",cvar10,1.0557981794564113,False,"{""2"":1.0411249444436128,""4"":1.0249556910769089,""8"":1.0219117850607493,""16"":1.0178086109309474,""64"":1.0416885430801703,""96"":1.0370356738026654,""128"":1.0342314613058647}",135,0.01,7,within1pct of best evaluated development witnesses; full proof open,True
port_tight,heterogeneous,heterogeneous,4x16x128+2x16x128,WS+WS,"{""acc_banks"":[8,4],""acc_bytes"":[65536,32768],""cores"":[{""pk"":128,""pm"":4,""pn"":16},{""pk"":128,""pm"":2,""pn"":16}],""flows"":[""WS"",""WS""],""label"":"""",""records"":8,""total_macs"":12288,""vector_lanes"":[42,22],""w_banks"":[42,22],""w_bytes"":[26624,14336],""x_banks"":[16,8],""x_bytes"":[8192,4096],""z_bytes"":[262144,131072]}",minimax,1.0416885430801703,False,"{""2"":1.0411249444436128,""4"":1.0249556910769089,""8"":1.0219117850607493,""16"":1.0178086109309474,""64"":1.0416885430801703,""96"":1.0370356738026654,""128"":1.0342314613058647}",135,0.01,7,within1pct of best evaluated development witnesses; full proof open,True
port_tight,heterogeneous,heterogeneous,4x16x128+2x16x128,WS+WS,"{""acc_banks"":[8,4],""acc_bytes"":[81920,16384],""cores"":[{""pk"":128,""pm"":4,""pn"":16},{""pk"":128,""pm"":2,""pn"":16}],""flows"":[""WS"",""WS""],""label"":"""",""records"":8,""total_macs"":12288,""vector_lanes"":[56,8],""w_banks"":[32,32],""w_bytes"":[16384,24576],""x_banks"":[20,4],""x_bytes"":[10240,2048],""z_bytes"":[360448,32768]}",geomean,1.0201417760239364,False,"{""2"":1.033460717195893,""4"":1.0253763550944472,""8"":1.0227894668915276,""16"":1.0071720767945243,""64"":1.0069141935306043,""96"":1.0067014804012235,""128"":1.0228530296907359}",135,0.01,7,within1pct of best evaluated development witnesses; full proof open,True
port_tight,heterogeneous,heterogeneous,4x16x128+2x16x128,WS+WS,"{""acc_banks"":[8,4],""acc_bytes"":[81920,16384],""cores"":[{""pk"":128,""pm"":4,""pn"":16},{""pk"":128,""pm"":2,""pn"":16}],""flows"":[""WS"",""WS""],""label"":"""",""records"":8,""total_macs"":12288,""vector_lanes"":[56,8],""w_banks"":[32,32],""w_bytes"":[16384,24576],""x_banks"":[20,4],""x_bytes"":[10240,2048],""z_bytes"":[360448,32768]}",cvar10,1.0796609401497483,False,"{""2"":1.033460717195893,""4"":1.0253763550944472,""8"":1.0227894668915276,""16"":1.0071720767945243,""64"":1.0069141935306043,""96"":1.0067014804012235,""128"":1.0228530296907359}",135,0.01,7,within1pct of best evaluated development witnesses; full proof open,True
port_tight,heterogeneous,heterogeneous,4x16x128+2x16x128,WS+WS,"{""acc_banks"":[8,4],""acc_bytes"":[81920,16384],""cores"":[{""pk"":128,""pm"":4,""pn"":16},{""pk"":128,""pm"":2,""pn"":16}],""flows"":[""WS"",""WS""],""label"":"""",""records"":8,""total_macs"":12288,""vector_lanes"":[56,8],""w_banks"":[32,32],""w_bytes"":[16384,24576],""x_banks"":[20,4],""x_bytes"":[10240,2048],""z_bytes"":[360448,32768]}",minimax,1.033460717195893,False,"{""2"":1.033460717195893,""4"":1.0253763550944472,""8"":1.0227894668915276,""16"":1.0071720767945243,""64"":1.0069141935306043,""96"":1.0067014804012235,""128"":1.0228530296907359}",135,0.01,7,within1pct of best evaluated development witnesses; full proof open,True
port_tight,all,heterogeneous,1x2x64+5x19x128,IS+WS,"{""acc_banks"":[1,11],""acc_bytes"":[2048,96256],""cores"":[{""pk"":64,""pm"":1,""pn"":2},{""pk"":128,""pm"":5,""pn"":19}],""flows"":[""IS"",""WS""],""label"":"""",""records"":8,""total_macs"":12288,""vector_lanes"":[2,62],""w_banks"":[2,62],""w_bytes"":[1024,39936],""x_banks"":[1,23],""x_bytes"":[1024,11264],""z_bytes"":[5120,388096]}",geomean,1.0280355578996185,False,"{""2"":1.0377606447538181,""4"":1.0379694125775483,""8"":1.028490367751965,""16"":1.0227917055414437,""64"":1.0150820476613243,""96"":1.0128868886858557,""128"":1.012167558531817}",135,0.01,30,within1pct of best evaluated development witnesses; full proof open,True
port_tight,all,heterogeneous,1x2x64+5x19x128,IS+WS,"{""acc_banks"":[1,11],""acc_bytes"":[2048,96256],""cores"":[{""pk"":64,""pm"":1,""pn"":2},{""pk"":128,""pm"":5,""pn"":19}],""flows"":[""IS"",""WS""],""label"":"""",""records"":8,""total_macs"":12288,""vector_lanes"":[2,62],""w_banks"":[2,62],""w_bytes"":[1024,39936],""x_banks"":[1,23],""x_bytes"":[1024,11264],""z_bytes"":[5120,388096]}",cvar10,1.0380479841542545,False,"{""2"":1.0377606447538181,""4"":1.0379694125775483,""8"":1.028490367751965,""16"":1.0227917055414437,""64"":1.0150820476613243,""96"":1.0128868886858557,""128"":1.012167558531817}",135,0.01,30,within1pct of best evaluated development witnesses; full proof open,True
port_tight,all,heterogeneous,1x2x64+5x19x128,IS+WS,"{""acc_banks"":[1,11],""acc_bytes"":[2048,96256],""cores"":[{""pk"":64,""pm"":1,""pn"":2},{""pk"":128,""pm"":5,""pn"":19}],""flows"":[""IS"",""WS""],""label"":"""",""records"":8,""total_macs"":12288,""vector_lanes"":[2,62],""w_banks"":[2,62],""w_bytes"":[1024,39936],""x_banks"":[1,23],""x_bytes"":[1024,11264],""z_bytes"":[5120,388096]}",minimax,1.0379694125775483,False,"{""2"":1.0377606447538181,""4"":1.0379694125775483,""8"":1.028490367751965,""16"":1.0227917055414437,""64"":1.0150820476613243,""96"":1.0128868886858557,""128"":1.012167558531817}",135,0.01,30,within1pct of best evaluated development witnesses; full proof open,True
port_tight,all,heterogeneous,1x2x64+5x19x128,OS+WS,"{""acc_banks"":[1,11],""acc_bytes"":[2048,96256],""cores"":[{""pk"":64,""pm"":1,""pn"":2},{""pk"":128,""pm"":5,""pn"":19}],""flows"":[""OS"",""WS""],""label"":"""",""records"":8,""total_macs"":12288,""vector_lanes"":[2,62],""w_banks"":[2,62],""w_bytes"":[1024,39936],""x_banks"":[1,23],""x_bytes"":[1024,11264],""z_bytes"":[5120,388096]}",geomean,1.0280355578996183,False,"{""2"":1.0377606447538181,""4"":1.0379694125775483,""8"":1.028490367751965,""16"":1.0227917055414433,""64"":1.0150820476613238,""96"":1.0128868886858555,""128"":1.012167558531817}",135,0.01,30,within1pct of best evaluated development witnesses; full proof open,True
port_tight,all,heterogeneous,1x2x64+5x19x128,OS+WS,"{""acc_banks"":[1,11],""acc_bytes"":[2048,96256],""cores"":[{""pk"":64,""pm"":1,""pn"":2},{""pk"":128,""pm"":5,""pn"":19}],""flows"":[""OS"",""WS""],""label"":"""",""records"":8,""total_macs"":12288,""vector_lanes"":[2,62],""w_banks"":[2,62],""w_bytes"":[1024,39936],""x_banks"":[1,23],""x_bytes"":[1024,11264],""z_bytes"":[5120,388096]}",cvar10,1.0380479841542545,False,"{""2"":1.0377606447538181,""4"":1.0379694125775483,""8"":1.028490367751965,""16"":1.0227917055414433,""64"":1.0150820476613238,""96"":1.0128868886858555,""128"":1.012167558531817}",135,0.01,30,within1pct of best evaluated development witnesses; full proof open,True
port_tight,all,heterogeneous,1x2x64+5x19x128,OS+WS,"{""acc_banks"":[1,11],""acc_bytes"":[2048,96256],""cores"":[{""pk"":64,""pm"":1,""pn"":2},{""pk"":128,""pm"":5,""pn"":19}],""flows"":[""OS"",""WS""],""label"":"""",""records"":8,""total_macs"":12288,""vector_lanes"":[2,62],""w_banks"":[2,62],""w_bytes"":[1024,39936],""x_banks"":[1,23],""x_bytes"":[1024,11264],""z_bytes"":[5120,388096]}",minimax,1.0379694125775483,False,"{""2"":1.0377606447538181,""4"":1.0379694125775483,""8"":1.028490367751965,""16"":1.0227917055414433,""64"":1.0150820476613238,""96"":1.0128868886858555,""128"":1.012167558531817}",135,0.01,30,within1pct of best evaluated development witnesses; full proof open,True
port_tight,all,heterogeneous,1x2x64+5x19x128,WS+WS,"{""acc_banks"":[1,11],""acc_bytes"":[2048,96256],""cores"":[{""pk"":64,""pm"":1,""pn"":2},{""pk"":128,""pm"":5,""pn"":19}],""flows"":[""WS"",""WS""],""label"":"""",""records"":8,""total_macs"":12288,""vector_lanes"":[2,62],""w_banks"":[2,62],""w_bytes"":[1024,39936],""x_banks"":[1,23],""x_bytes"":[1024,11264],""z_bytes"":[5120,388096]}",geomean,1.0280355578996183,False,"{""2"":1.0377606447538181,""4"":1.0379694125775483,""8"":1.028490367751965,""16"":1.0227917055414433,""64"":1.0150820476613238,""96"":1.0128868886858555,""128"":1.012167558531817}",135,0.01,30,within1pct of best evaluated development witnesses; full proof open,True
port_tight,all,heterogeneous,1x2x64+5x19x128,WS+WS,"{""acc_banks"":[1,11],""acc_bytes"":[2048,96256],""cores"":[{""pk"":64,""pm"":1,""pn"":2},{""pk"":128,""pm"":5,""pn"":19}],""flows"":[""WS"",""WS""],""label"":"""",""records"":8,""total_macs"":12288,""vector_lanes"":[2,62],""w_banks"":[2,62],""w_bytes"":[1024,39936],""x_banks"":[1,23],""x_bytes"":[1024,11264],""z_bytes"":[5120,388096]}",cvar10,1.0380479841542545,False,"{""2"":1.0377606447538181,""4"":1.0379694125775483,""8"":1.028490367751965,""16"":1.0227917055414433,""64"":1.0150820476613238,""96"":1.0128868886858555,""128"":1.012167558531817}",135,0.01,30,within1pct of best evaluated development witnesses; full proof open,True
port_tight,all,heterogeneous,1x2x64+5x19x128,WS+WS,"{""acc_banks"":[1,11],""acc_bytes"":[2048,96256],""cores"":[{""pk"":64,""pm"":1,""pn"":2},{""pk"":128,""pm"":5,""pn"":19}],""flows"":[""WS"",""WS""],""label"":"""",""records"":8,""total_macs"":12288,""vector_lanes"":[2,62],""w_banks"":[2,62],""w_bytes"":[1024,39936],""x_banks"":[1,23],""x_bytes"":[1024,11264],""z_bytes"":[5120,388096]}",minimax,1.0379694125775483,False,"{""2"":1.0377606447538181,""4"":1.0379694125775483,""8"":1.028490367751965,""16"":1.0227917055414433,""64"":1.0150820476613238,""96"":1.0128868886858555,""128"":1.012167558531817}",135,0.01,30,within1pct of best evaluated development witnesses; full proof open,True
port_tight,all,single,3x32x128,WS,"{""acc_banks"":[12],""acc_bytes"":[98304],""cores"":[{""pk"":128,""pm"":3,""pn"":32}],""flows"":[""WS""],""label"":"""",""records"":8,""total_macs"":12288,""vector_lanes"":[64],""w_banks"":[64],""w_bytes"":[40960],""x_banks"":[24],""x_bytes"":[12288],""z_bytes"":[393216]}",geomean,1.0,True,"{""2"":1.0,""4"":1.0,""8"":1.0,""16"":1.0,""64"":1.0,""96"":1.0,""128"":1.0}",135,0.01,30,within1pct of best evaluated development witnesses; full proof open,True
port_tight,all,single,3x32x128,WS,"{""acc_banks"":[12],""acc_bytes"":[98304],""cores"":[{""pk"":128,""pm"":3,""pn"":32}],""flows"":[""WS""],""label"":"""",""records"":8,""total_macs"":12288,""vector_lanes"":[64],""w_banks"":[64],""w_bytes"":[40960],""x_banks"":[24],""x_bytes"":[12288],""z_bytes"":[393216]}",cvar10,1.0,True,"{""2"":1.0,""4"":1.0,""8"":1.0,""16"":1.0,""64"":1.0,""96"":1.0,""128"":1.0}",135,0.01,30,within1pct of best evaluated development witnesses; full proof open,True
port_tight,all,single,3x32x128,WS,"{""acc_banks"":[12],""acc_bytes"":[98304],""cores"":[{""pk"":128,""pm"":3,""pn"":32}],""flows"":[""WS""],""label"":"""",""records"":8,""total_macs"":12288,""vector_lanes"":[64],""w_banks"":[64],""w_bytes"":[40960],""x_banks"":[24],""x_bytes"":[12288],""z_bytes"":[393216]}",minimax,1.0,True,"{""2"":1.0,""4"":1.0,""8"":1.0,""16"":1.0,""64"":1.0,""96"":1.0,""128"":1.0}",135,0.01,30,within1pct of best evaluated development witnesses; full proof open,True
port_tight,all,single,4x24x128,WS,"{""acc_banks"":[12],""acc_bytes"":[98304],""cores"":[{""pk"":128,""pm"":4,""pn"":24}],""flows"":[""WS""],""label"":"""",""records"":8,""total_macs"":12288,""vector_lanes"":[64],""w_banks"":[64],""w_bytes"":[40960],""x_banks"":[24],""x_bytes"":[12288],""z_bytes"":[393216]}",geomean,1.0042753865372078,False,"{""2"":1.004271378678149,""4"":1.0042748946957898,""8"":1.0042758727355288,""16"":1.004277083168013,""64"":1.0042781673806294,""96"":1.0042774841990332,""128"":1.0042774586831988}",135,0.01,30,within1pct of best evaluated development witnesses; full proof open,True
port_tight,all,single,4x24x128,WS,"{""acc_banks"":[12],""acc_bytes"":[98304],""cores"":[{""pk"":128,""pm"":4,""pn"":24}],""flows"":[""WS""],""label"":"""",""records"":8,""total_macs"":12288,""vector_lanes"":[64],""w_banks"":[64],""w_bytes"":[40960],""x_banks"":[24],""x_bytes"":[12288],""z_bytes"":[393216]}",cvar10,1.0042781861117842,False,"{""2"":1.004271378678149,""4"":1.0042748946957898,""8"":1.0042758727355288,""16"":1.004277083168013,""64"":1.0042781673806294,""96"":1.0042774841990332,""128"":1.0042774586831988}",135,0.01,30,within1pct of best evaluated development witnesses; full proof open,True
port_tight,all,single,4x24x128,WS,"{""acc_banks"":[12],""acc_bytes"":[98304],""cores"":[{""pk"":128,""pm"":4,""pn"":24}],""flows"":[""WS""],""label"":"""",""records"":8,""total_macs"":12288,""vector_lanes"":[64],""w_banks"":[64],""w_bytes"":[40960],""x_banks"":[24],""x_bytes"":[12288],""z_bytes"":[393216]}",minimax,1.0042781673806294,False,"{""2"":1.004271378678149,""4"":1.0042748946957898,""8"":1.0042758727355288,""16"":1.004277083168013,""64"":1.0042781673806294,""96"":1.0042774841990332,""128"":1.0042774586831988}",135,0.01,30,within1pct of best evaluated development witnesses; full proof open,True
port_tight,all,single,6x16x128,WS,"{""acc_banks"":[12],""acc_bytes"":[98304],""cores"":[{""pk"":128,""pm"":6,""pn"":16}],""flows"":[""WS""],""label"":"""",""records"":8,""total_macs"":12288,""vector_lanes"":[64],""w_banks"":[64],""w_bytes"":[40960],""x_banks"":[24],""x_bytes"":[12288],""z_bytes"":[393216]}",geomean,1.0001629543536663,False,"{""2"":1.0000222715393325,""4"":1.0000292060388392,""8"":1.0000313281700834,""16"":1.000034028717509,""64"":1.0000369961633326,""96"":1.00101338627858,""128"":1.0010442942735625}",135,0.01,30,within1pct of best evaluated development witnesses; full proof open,True
port_tight,all,single,6x16x128,WS,"{""acc_banks"":[12],""acc_bytes"":[98304],""cores"":[{""pk"":128,""pm"":6,""pn"":16}],""flows"":[""WS""],""label"":"""",""records"":8,""total_macs"":12288,""vector_lanes"":[64],""w_banks"":[64],""w_bytes"":[40960],""x_banks"":[24],""x_bytes"":[12288],""z_bytes"":[393216]}",cvar10,1.0010434570171163,False,"{""2"":1.0000222715393325,""4"":1.0000292060388392,""8"":1.0000313281700834,""16"":1.000034028717509,""64"":1.0000369961633326,""96"":1.00101338627858,""128"":1.0010442942735625}",135,0.01,30,within1pct of best evaluated development witnesses; full proof open,True
port_tight,all,single,6x16x128,WS,"{""acc_banks"":[12],""acc_bytes"":[98304],""cores"":[{""pk"":128,""pm"":6,""pn"":16}],""flows"":[""WS""],""label"":"""",""records"":8,""total_macs"":12288,""vector_lanes"":[64],""w_banks"":[64],""w_bytes"":[40960],""x_banks"":[24],""x_bytes"":[12288],""z_bytes"":[393216]}",minimax,1.0010442942735625,False,"{""2"":1.0000222715393325,""4"":1.0000292060388392,""8"":1.0000313281700834,""16"":1.000034028717509,""64"":1.0000369961633326,""96"":1.00101338627858,""128"":1.0010442942735625}",135,0.01,30,within1pct of best evaluated development witnesses; full proof open,True
port_tight,all,single,8x12x128,WS,"{""acc_banks"":[12],""acc_bytes"":[98304],""cores"":[{""pk"":128,""pm"":8,""pn"":12}],""flows"":[""WS""],""label"":"""",""records"":8,""total_macs"":12288,""vector_lanes"":[64],""w_banks"":[64],""w_bytes"":[40960],""x_banks"":[24],""x_bytes"":[12288],""z_bytes"":[393216]}",geomean,1.0053272156489592,False,"{""2"":1.0026812269055776,""4"":1.0028138926152195,""8"":1.0028502644685573,""16"":1.0028884012753032,""64"":1.011140536181762,""96"":1.0144995062462066,""128"":1.0207807020655526}",135,0.01,30,within1pct of best evaluated development witnesses; full proof open,True
port_tight,all,single,8x12x128,WS,"{""acc_banks"":[12],""acc_bytes"":[98304],""cores"":[{""pk"":128,""pm"":8,""pn"":12}],""flows"":[""WS""],""label"":"""",""records"":8,""total_macs"":12288,""vector_lanes"":[64],""w_banks"":[64],""w_bytes"":[40960],""x_banks"":[24],""x_bytes"":[12288],""z_bytes"":[393216]}",cvar10,1.0186670616463152,False,"{""2"":1.0026812269055776,""4"":1.0028138926152195,""8"":1.0028502644685573,""16"":1.0028884012753032,""64"":1.011140536181762,""96"":1.0144995062462066,""128"":1.0207807020655526}",135,0.01,30,within1pct of best evaluated development witnesses; full proof open,True
port_tight,all,single,8x12x128,WS,"{""acc_banks"":[12],""acc_bytes"":[98304],""cores"":[{""pk"":128,""pm"":8,""pn"":12}],""flows"":[""WS""],""label"":"""",""records"":8,""total_macs"":12288,""vector_lanes"":[64],""w_banks"":[64],""w_bytes"":[40960],""x_banks"":[24],""x_bytes"":[12288],""z_bytes"":[393216]}",minimax,1.0207807020655526,False,"{""2"":1.0026812269055776,""4"":1.0028138926152195,""8"":1.0028502644685573,""16"":1.0028884012753032,""64"":1.011140536181762,""96"":1.0144995062462066,""128"":1.0207807020655526}",135,0.01,30,within1pct of best evaluated development witnesses; full proof open,True
port_tight,all,single,12x16x64,WS,"{""acc_banks"":[12],""acc_bytes"":[98304],""cores"":[{""pk"":64,""pm"":12,""pn"":16}],""flows"":[""WS""],""label"":"""",""records"":8,""total_macs"":12288,""vector_lanes"":[64],""w_banks"":[64],""w_bytes"":[40960],""x_banks"":[24],""x_bytes"":[12288],""z_bytes"":[393216]}",geomean,1.0004203382801984,False,"{""2"":1.0000334073058539,""4"":1.0000438125005988,""8"":1.0000470580651477,""16"":1.0000512113281612,""64"":1.001961928625975,""96"":1.0018754233704064,""128"":1.001945510188188}",135,0.01,30,within1pct of best evaluated development witnesses; full proof open,True
port_tight,all,single,12x16x64,WS,"{""acc_banks"":[12],""acc_bytes"":[98304],""cores"":[{""pk"":64,""pm"":12,""pn"":16}],""flows"":[""WS""],""label"":"""",""records"":8,""total_macs"":12288,""vector_lanes"":[64],""w_banks"":[64],""w_bytes"":[40960],""x_banks"":[24],""x_bytes"":[12288],""z_bytes"":[393216]}",cvar10,1.002025923331988,False,"{""2"":1.0000334073058539,""4"":1.0000438125005988,""8"":1.0000470580651477,""16"":1.0000512113281612,""64"":1.001961928625975,""96"":1.0018754233704064,""128"":1.001945510188188}",135,0.01,30,within1pct of best evaluated development witnesses; full proof open,True
port_tight,all,single,12x16x64,WS,"{""acc_banks"":[12],""acc_bytes"":[98304],""cores"":[{""pk"":64,""pm"":12,""pn"":16}],""flows"":[""WS""],""label"":"""",""records"":8,""total_macs"":12288,""vector_lanes"":[64],""w_banks"":[64],""w_bytes"":[40960],""x_banks"":[24],""x_bytes"":[12288],""z_bytes"":[393216]}",minimax,1.001961928625975,False,"{""2"":1.0000334073058539,""4"":1.0000438125005988,""8"":1.0000470580651477,""16"":1.0000512113281612,""64"":1.001961928625975,""96"":1.0018754233704064,""128"":1.001945510188188}",135,0.01,30,within1pct of best evaluated development witnesses; full proof open,True
port_tight,all,single,16x12x64,WS,"{""acc_banks"":[12],""acc_bytes"":[98304],""cores"":[{""pk"":64,""pm"":16,""pn"":12}],""flows"":[""WS""],""label"":"""",""records"":8,""total_macs"":12288,""vector_lanes"":[64],""w_banks"":[64],""w_bytes"":[40960],""x_banks"":[24],""x_bytes"":[12288],""z_bytes"":[393216]}",geomean,1.00567488788196,False,"{""2"":1.002689591368435,""4"":1.0028248579393135,""8"":1.002862070770162,""16"":1.0029012952841554,""64"":1.011154994360117,""96"":1.0170310891458376,""128"":1.0233852161238421}",135,0.01,30,within1pct of best evaluated development witnesses; full proof open,True
port_tight,all,single,16x12x64,WS,"{""acc_banks"":[12],""acc_bytes"":[98304],""cores"":[{""pk"":64,""pm"":16,""pn"":12}],""flows"":[""WS""],""label"":"""",""records"":8,""total_macs"":12288,""vector_lanes"":[64],""w_banks"":[64],""w_bytes"":[40960],""x_banks"":[24],""x_bytes"":[12288],""z_bytes"":[393216]}",cvar10,1.0213046305804325,False,"{""2"":1.002689591368435,""4"":1.0028248579393135,""8"":1.002862070770162,""16"":1.0029012952841554,""64"":1.011154994360117,""96"":1.0170310891458376,""128"":1.0233852161238421}",135,0.01,30,within1pct of best evaluated development witnesses; full proof open,True
port_tight,all,single,16x12x64,WS,"{""acc_banks"":[12],""acc_bytes"":[98304],""cores"":[{""pk"":64,""pm"":16,""pn"":12}],""flows"":[""WS""],""label"":"""",""records"":8,""total_macs"":12288,""vector_lanes"":[64],""w_banks"":[64],""w_bytes"":[40960],""x_banks"":[24],""x_bytes"":[12288],""z_bytes"":[393216]}",minimax,1.0233852161238421,False,"{""2"":1.002689591368435,""4"":1.0028248579393135,""8"":1.002862070770162,""16"":1.0029012952841554,""64"":1.011154994360117,""96"":1.0170310891458376,""128"":1.0233852161238421}",135,0.01,30,within1pct of best evaluated development witnesses; full proof open,True
port_tight,all,single,3x64x64,WS,"{""acc_banks"":[12],""acc_bytes"":[98304],""cores"":[{""pk"":64,""pm"":3,""pn"":64}],""flows"":[""WS""],""label"":"""",""records"":8,""total_macs"":12288,""vector_lanes"":[64],""w_banks"":[64],""w_bytes"":[40960],""x_banks"":[24],""x_bytes"":[12288],""z_bytes"":[393216]}",geomean,1.0000687417543983,False,"{""2"":1.0,""4"":1.0,""8"":1.0,""16"":1.0,""64"":1.0,""96"":1.0005011000343853,""128"":1.000530256887697}",135,0.01,30,within1pct of best evaluated development witnesses; full proof open,True
port_tight,all,single,3x64x64,WS,"{""acc_banks"":[12],""acc_bytes"":[98304],""cores"":[{""pk"":64,""pm"":3,""pn"":64}],""flows"":[""WS""],""label"":"""",""records"":8,""total_macs"":12288,""vector_lanes"":[64],""w_banks"":[64],""w_bytes"":[40960],""x_banks"":[24],""x_bytes"":[12288],""z_bytes"":[393216]}",cvar10,1.0005251395077217,False,"{""2"":1.0,""4"":1.0,""8"":1.0,""16"":1.0,""64"":1.0,""96"":1.0005011000343853,""128"":1.000530256887697}",135,0.01,30,within1pct of best evaluated development witnesses; full proof open,True
port_tight,all,single,3x64x64,WS,"{""acc_banks"":[12],""acc_bytes"":[98304],""cores"":[{""pk"":64,""pm"":3,""pn"":64}],""flows"":[""WS""],""label"":"""",""records"":8,""total_macs"":12288,""vector_lanes"":[64],""w_banks"":[64],""w_bytes"":[40960],""x_banks"":[24],""x_bytes"":[12288],""z_bytes"":[393216]}",minimax,1.000530256887697,False,"{""2"":1.0,""4"":1.0,""8"":1.0,""16"":1.0,""64"":1.0,""96"":1.0005011000343853,""128"":1.000530256887697}",135,0.01,30,within1pct of best evaluated development witnesses; full proof open,True
port_tight,all,single,6x32x64,WS,"{""acc_banks"":[12],""acc_bytes"":[98304],""cores"":[{""pk"":64,""pm"":6,""pn"":32}],""flows"":[""WS""],""label"":"""",""records"":8,""total_macs"":12288,""vector_lanes"":[64],""w_banks"":[64],""w_bytes"":[40960],""x_banks"":[24],""x_bytes"":[12288],""z_bytes"":[393216]}",geomean,1.0002778994816306,False,"{""2"":1.0000222715393325,""4"":1.0000292060388392,""8"":1.0000313281700834,""16"":1.000034028717509,""64"":1.0000369961633326,""96"":1.0018570579629082,""128"":1.0019269378777529}",135,0.01,30,within1pct of best evaluated development witnesses; full proof open,True
port_tight,all,single,6x32x64,WS,"{""acc_banks"":[12],""acc_bytes"":[98304],""cores"":[{""pk"":64,""pm"":6,""pn"":32}],""flows"":[""WS""],""label"":"""",""records"":8,""total_macs"":12288,""vector_lanes"":[64],""w_banks"":[64],""w_bytes"":[40960],""x_banks"":[24],""x_bytes"":[12288],""z_bytes"":[393216]}",cvar10,1.0019211180376697,False,"{""2"":1.0000222715393325,""4"":1.0000292060388392,""8"":1.0000313281700834,""16"":1.000034028717509,""64"":1.0000369961633326,""96"":1.0018570579629082,""128"":1.0019269378777529}",135,0.01,30,within1pct of best evaluated development witnesses; full proof open,True
port_tight,all,single,6x32x64,WS,"{""acc_banks"":[12],""acc_bytes"":[98304],""cores"":[{""pk"":64,""pm"":6,""pn"":32}],""flows"":[""WS""],""label"":"""",""records"":8,""total_macs"":12288,""vector_lanes"":[64],""w_banks"":[64],""w_bytes"":[40960],""x_banks"":[24],""x_bytes"":[12288],""z_bytes"":[393216]}",minimax,1.0019269378777529,False,"{""2"":1.0000222715393325,""4"":1.0000292060388392,""8"":1.0000313281700834,""16"":1.000034028717509,""64"":1.0000369961633326,""96"":1.0018570579629082,""128"":1.0019269378777529}",135,0.01,30,within1pct of best evaluated development witnesses; full proof open,True
port_tight,all,single,8x24x64,WS,"{""acc_banks"":[12],""acc_bytes"":[98304],""cores"":[{""pk"":64,""pm"":8,""pn"":24}],""flows"":[""WS""],""label"":"""",""records"":8,""total_macs"":12288,""vector_lanes"":[64],""w_banks"":[64],""w_bytes"":[40960],""x_banks"":[24],""x_bytes"":[12288],""z_bytes"":[393216]}",geomean,1.0045556614929585,False,"{""2"":1.0042881829861532,""4"":1.004296887529115,""8"":1.0042995381788038,""16"":1.0043029132078078,""64"":1.0043064892370142,""96"":1.0061985772485156,""128"":1.0062705253910678}",135,0.01,30,within1pct of best evaluated development witnesses; full proof open,True
port_tight,all,single,8x24x64,WS,"{""acc_banks"":[12],""acc_bytes"":[98304],""cores"":[{""pk"":64,""pm"":8,""pn"":24}],""flows"":[""WS""],""label"":"""",""records"":8,""total_macs"":12288,""vector_lanes"":[64],""w_banks"":[64],""w_bytes"":[40960],""x_banks"":[24],""x_bytes"":[12288],""z_bytes"":[393216]}",cvar10,1.0062647561324376,False,"{""2"":1.0042881829861532,""4"":1.004296887529115,""8"":1.0042995381788038,""16"":1.0043029132078078,""64"":1.0043064892370142,""96"":1.0061985772485156,""128"":1.0062705253910678}",135,0.01,30,within1pct of best evaluated development witnesses; full proof open,True
port_tight,all,single,8x24x64,WS,"{""acc_banks"":[12],""acc_bytes"":[98304],""cores"":[{""pk"":64,""pm"":8,""pn"":24}],""flows"":[""WS""],""label"":"""",""records"":8,""total_macs"":12288,""vector_lanes"":[64],""w_banks"":[64],""w_bytes"":[40960],""x_banks"":[24],""x_bytes"":[12288],""z_bytes"":[393216]}",minimax,1.0062705253910678,False,"{""2"":1.0042881829861532,""4"":1.004296887529115,""8"":1.0042995381788038,""16"":1.0043029132078078,""64"":1.0043064892370142,""96"":1.0061985772485156,""128"":1.0062705253910678}",135,0.01,30,within1pct of best evaluated development witnesses; full proof open,True
port_tight,all,heterogeneous,1x32x128+2x32x128,WS+WS,"{""acc_banks"":[4,8],""acc_bytes"":[16384,81920],""cores"":[{""pk"":128,""pm"":1,""pn"":32},{""pk"":128,""pm"":2,""pn"":32}],""flows"":[""WS"",""WS""],""label"":"""",""records"":8,""total_macs"":12288,""vector_lanes"":[8,56],""w_banks"":[32,32],""w_bytes"":[24576,16384],""x_banks"":[4,20],""x_bytes"":[2048,10240],""z_bytes"":[32768,360448]}",geomean,1.0201278387140502,False,"{""2"":1.0334534192460894,""4"":1.0253653712896942,""8"":1.0227722817526317,""16"":1.007156253716699,""64"":1.0068968564754384,""96"":1.0066833570380276,""128"":1.0228337465436523}",135,0.01,30,within1pct of best evaluated development witnesses; full proof open,True
port_tight,all,heterogeneous,1x32x128+2x32x128,WS+WS,"{""acc_banks"":[4,8],""acc_bytes"":[16384,81920],""cores"":[{""pk"":128,""pm"":1,""pn"":32},{""pk"":128,""pm"":2,""pn"":32}],""flows"":[""WS"",""WS""],""label"":"""",""records"":8,""total_macs"":12288,""vector_lanes"":[8,56],""w_banks"":[32,32],""w_bytes"":[24576,16384],""x_banks"":[4,20],""x_bytes"":[2048,10240],""z_bytes"":[32768,360448]}",cvar10,1.0796532900951095,False,"{""2"":1.0334534192460894,""4"":1.0253653712896942,""8"":1.0227722817526317,""16"":1.007156253716699,""64"":1.0068968564754384,""96"":1.0066833570380276,""128"":1.0228337465436523}",135,0.01,30,within1pct of best evaluated development witnesses; full proof open,True
port_tight,all,heterogeneous,1x32x128+2x32x128,WS+WS,"{""acc_banks"":[4,8],""acc_bytes"":[16384,81920],""cores"":[{""pk"":128,""pm"":1,""pn"":32},{""pk"":128,""pm"":2,""pn"":32}],""flows"":[""WS"",""WS""],""label"":"""",""records"":8,""total_macs"":12288,""vector_lanes"":[8,56],""w_banks"":[32,32],""w_bytes"":[24576,16384],""x_banks"":[4,20],""x_bytes"":[2048,10240],""z_bytes"":[32768,360448]}",minimax,1.0334534192460894,False,"{""2"":1.0334534192460894,""4"":1.0253653712896942,""8"":1.0227722817526317,""16"":1.007156253716699,""64"":1.0068968564754384,""96"":1.0066833570380276,""128"":1.0228337465436523}",135,0.01,30,within1pct of best evaluated development witnesses; full proof open,True
port_tight,all,heterogeneous,1x32x128+2x32x128,WS+WS,"{""acc_banks"":[4,8],""acc_bytes"":[32768,65536],""cores"":[{""pk"":128,""pm"":1,""pn"":32},{""pk"":128,""pm"":2,""pn"":32}],""flows"":[""WS"",""WS""],""label"":"""",""records"":8,""total_macs"":12288,""vector_lanes"":[22,42],""w_banks"":[22,42],""w_bytes"":[14336,26624],""x_banks"":[8,16],""x_bytes"":[4096,8192],""z_bytes"":[131072,262144]}",geomean,1.0286454325825678,False,"{""2"":1.0411372018453287,""4"":1.0249513188900872,""8"":1.0219126334746569,""16"":1.0178034528754691,""64"":1.0416728003246876,""96"":1.0370347817018635,""128"":1.0341754147972229}",135,0.01,30,within1pct of best evaluated development witnesses; full proof open,True
port_tight,all,heterogeneous,1x32x128+2x32x128,WS+WS,"{""acc_banks"":[4,8],""acc_bytes"":[32768,65536],""cores"":[{""pk"":128,""pm"":1,""pn"":32},{""pk"":128,""pm"":2,""pn"":32}],""flows"":[""WS"",""WS""],""label"":"""",""records"":8,""total_macs"":12288,""vector_lanes"":[22,42],""w_banks"":[22,42],""w_bytes"":[14336,26624],""x_banks"":[8,16],""x_bytes"":[4096,8192],""z_bytes"":[131072,262144]}",cvar10,1.0557858537909284,False,"{""2"":1.0411372018453287,""4"":1.0249513188900872,""8"":1.0219126334746569,""16"":1.0178034528754691,""64"":1.0416728003246876,""96"":1.0370347817018635,""128"":1.0341754147972229}",135,0.01,30,within1pct of best evaluated development witnesses; full proof open,True
port_tight,all,heterogeneous,1x32x128+2x32x128,WS+WS,"{""acc_banks"":[4,8],""acc_bytes"":[32768,65536],""cores"":[{""pk"":128,""pm"":1,""pn"":32},{""pk"":128,""pm"":2,""pn"":32}],""flows"":[""WS"",""WS""],""label"":"""",""records"":8,""total_macs"":12288,""vector_lanes"":[22,42],""w_banks"":[22,42],""w_bytes"":[14336,26624],""x_banks"":[8,16],""x_bytes"":[4096,8192],""z_bytes"":[131072,262144]}",minimax,1.0416728003246876,False,"{""2"":1.0411372018453287,""4"":1.0249513188900872,""8"":1.0219126334746569,""16"":1.0178034528754691,""64"":1.0416728003246876,""96"":1.0370347817018635,""128"":1.0341754147972229}",135,0.01,30,within1pct of best evaluated development witnesses; full proof open,True
port_tight,all,homogeneous,2x24x128+2x24x128,WS+WS,"{""acc_banks"":[6,6],""acc_bytes"":[49152,49152],""cores"":[{""pk"":128,""pm"":2,""pn"":24},{""pk"":128,""pm"":2,""pn"":24}],""flows"":[""WS"",""WS""],""label"":"""",""records"":8,""total_macs"":12288,""vector_lanes"":[32,32],""w_banks"":[32,32],""w_bytes"":[20480,20480],""x_banks"":[12,12],""x_bytes"":[6144,6144],""z_bytes"":[196608,196608]}",geomean,1.0311423034042921,False,"{""2"":1.037860293440061,""4"":1.0297396234134173,""8"":1.0271363154217237,""16"":1.0114544914406098,""64"":1.0441770493891618,""96"":1.0416410838350239,""128"":1.0640561944446203}",135,0.01,30,within1pct of best evaluated development witnesses; full proof open,True
port_tight,all,homogeneous,2x24x128+2x24x128,WS+WS,"{""acc_banks"":[6,6],""acc_bytes"":[49152,49152],""cores"":[{""pk"":128,""pm"":2,""pn"":24},{""pk"":128,""pm"":2,""pn"":24}],""flows"":[""WS"",""WS""],""label"":"""",""records"":8,""total_macs"":12288,""vector_lanes"":[32,32],""w_banks"":[32,32],""w_bytes"":[20480,20480],""x_banks"":[12,12],""x_bytes"":[6144,6144],""z_bytes"":[196608,196608]}",cvar10,1.084384812046294,False,"{""2"":1.037860293440061,""4"":1.0297396234134173,""8"":1.0271363154217237,""16"":1.0114544914406098,""64"":1.0441770493891618,""96"":1.0416410838350239,""128"":1.0640561944446203}",135,0.01,30,within1pct of best evaluated development witnesses; full proof open,True
port_tight,all,homogeneous,2x24x128+2x24x128,WS+WS,"{""acc_banks"":[6,6],""acc_bytes"":[49152,49152],""cores"":[{""pk"":128,""pm"":2,""pn"":24},{""pk"":128,""pm"":2,""pn"":24}],""flows"":[""WS"",""WS""],""label"":"""",""records"":8,""total_macs"":12288,""vector_lanes"":[32,32],""w_banks"":[32,32],""w_bytes"":[20480,20480],""x_banks"":[12,12],""x_bytes"":[6144,6144],""z_bytes"":[196608,196608]}",minimax,1.0640561944446203,False,"{""2"":1.037860293440061,""4"":1.0297396234134173,""8"":1.0271363154217237,""16"":1.0114544914406098,""64"":1.0441770493891618,""96"":1.0416410838350239,""128"":1.0640561944446203}",135,0.01,30,within1pct of best evaluated development witnesses; full proof open,True
port_tight,all,homogeneous,3x16x128+3x16x128,WS+WS,"{""acc_banks"":[6,6],""acc_bytes"":[49152,49152],""cores"":[{""pk"":128,""pm"":3,""pn"":16},{""pk"":128,""pm"":3,""pn"":16}],""flows"":[""WS"",""WS""],""label"":"""",""records"":8,""total_macs"":12288,""vector_lanes"":[32,32],""w_banks"":[32,32],""w_bytes"":[20480,20480],""x_banks"":[12,12],""x_bytes"":[6144,6144],""z_bytes"":[196608,196608]}",geomean,1.0267762074364994,False,"{""2"":1.033460717195893,""4"":1.0253763550944472,""8"":1.022785007594321,""16"":1.0071705986164645,""64"":1.0397559596576995,""96"":1.0372307831332608,""128"":1.0595858251019064}",135,0.01,30,within1pct of best evaluated development witnesses; full proof open,True
port_tight,all,homogeneous,3x16x128+3x16x128,WS+WS,"{""acc_banks"":[6,6],""acc_bytes"":[49152,49152],""cores"":[{""pk"":128,""pm"":3,""pn"":16},{""pk"":128,""pm"":3,""pn"":16}],""flows"":[""WS"",""WS""],""label"":"""",""records"":8,""total_macs"":12288,""vector_lanes"":[32,32],""w_banks"":[32,32],""w_bytes"":[20480,20480],""x_banks"":[12,12],""x_bytes"":[6144,6144],""z_bytes"":[196608,196608]}",cvar10,1.0798098492147,False,"{""2"":1.033460717195893,""4"":1.0253763550944472,""8"":1.022785007594321,""16"":1.0071705986164645,""64"":1.0397559596576995,""96"":1.0372307831332608,""128"":1.0595858251019064}",135,0.01,30,within1pct of best evaluated development witnesses; full proof open,True
port_tight,all,homogeneous,3x16x128+3x16x128,WS+WS,"{""acc_banks"":[6,6],""acc_bytes"":[49152,49152],""cores"":[{""pk"":128,""pm"":3,""pn"":16},{""pk"":128,""pm"":3,""pn"":16}],""flows"":[""WS"",""WS""],""label"":"""",""records"":8,""total_macs"":12288,""vector_lanes"":[32,32],""w_banks"":[32,32],""w_bytes"":[20480,20480],""x_banks"":[12,12],""x_bytes"":[6144,6144],""z_bytes"":[196608,196608]}",minimax,1.0595858251019064,False,"{""2"":1.033460717195893,""4"":1.0253763550944472,""8"":1.022785007594321,""16"":1.0071705986164645,""64"":1.0397559596576995,""96"":1.0372307831332608,""128"":1.0595858251019064}",135,0.01,30,within1pct of best evaluated development witnesses; full proof open,True
port_tight,all,homogeneous,4x12x128+4x12x128,WS+WS,"{""acc_banks"":[6,6],""acc_bytes"":[49152,49152],""cores"":[{""pk"":128,""pm"":4,""pn"":12},{""pk"":128,""pm"":4,""pn"":12}],""flows"":[""WS"",""WS""],""label"":"""",""records"":8,""total_macs"":12288,""vector_lanes"":[32,32],""w_banks"":[32,32],""w_bytes"":[20480,20480],""x_banks"":[12,12],""x_bytes"":[6144,6144],""z_bytes"":[196608,196608]}",geomean,1.0297470668286175,False,"{""2"":1.0362725207689811,""4"":1.0282226027595311,""8"":1.0256430235310878,""16"":1.010100035772052,""64"":1.0427311250839058,""96"":1.0401505916534834,""128"":1.0639584309220058}",135,0.01,30,within1pct of best evaluated development witnesses; full proof open,True
port_tight,all,homogeneous,4x12x128+4x12x128,WS+WS,"{""acc_banks"":[6,6],""acc_bytes"":[49152,49152],""cores"":[{""pk"":128,""pm"":4,""pn"":12},{""pk"":128,""pm"":4,""pn"":12}],""flows"":[""WS"",""WS""],""label"":"""",""records"":8,""total_macs"":12288,""vector_lanes"":[32,32],""w_banks"":[32,32],""w_bytes"":[20480,20480],""x_banks"":[12,12],""x_bytes"":[6144,6144],""z_bytes"":[196608,196608]}",cvar10,1.083265761094227,False,"{""2"":1.0362725207689811,""4"":1.0282226027595311,""8"":1.0256430235310878,""16"":1.010100035772052,""64"":1.0427311250839058,""96"":1.0401505916534834,""128"":1.0639584309220058}",135,0.01,30,within1pct of best evaluated development witnesses; full proof open,True
port_tight,all,homogeneous,4x12x128+4x12x128,WS+WS,"{""acc_banks"":[6,6],""acc_bytes"":[49152,49152],""cores"":[{""pk"":128,""pm"":4,""pn"":12},{""pk"":128,""pm"":4,""pn"":12}],""flows"":[""WS"",""WS""],""label"":"""",""records"":8,""total_macs"":12288,""vector_lanes"":[32,32],""w_banks"":[32,32],""w_bytes"":[20480,20480],""x_banks"":[12,12],""x_bytes"":[6144,6144],""z_bytes"":[196608,196608]}",minimax,1.0639584309220058,False,"{""2"":1.0362725207689811,""4"":1.0282226027595311,""8"":1.0256430235310878,""16"":1.010100035772052,""64"":1.0427311250839058,""96"":1.0401505916534834,""128"":1.0639584309220058}",135,0.01,30,within1pct of best evaluated development witnesses; full proof open,True
port_tight,all,homogeneous,6x8x128+6x8x128,WS+WS,"{""acc_banks"":[6,6],""acc_bytes"":[49152,49152],""cores"":[{""pk"":128,""pm"":6,""pn"":8},{""pk"":128,""pm"":6,""pn"":8}],""flows"":[""WS"",""WS""],""label"":"""",""records"":8,""total_macs"":12288,""vector_lanes"":[32,32],""w_banks"":[32,32],""w_bytes"":[20480,20480],""x_banks"":[12,12],""x_bytes"":[6144,6144],""z_bytes"":[196608,196608]}",geomean,1.0284124537849815,False,"{""2"":1.0334643661689675,""4"":1.0253818469960216,""8"":1.022791370513502,""16"":1.0071777744832797,""64"":1.0415221568309256,""96"":1.0428997967362093,""128"":1.0773972221853676}",135,0.01,30,within1pct of best evaluated development witnesses; full proof open,True
port_tight,all,homogeneous,6x8x128+6x8x128,WS+WS,"{""acc_banks"":[6,6],""acc_bytes"":[49152,49152],""cores"":[{""pk"":128,""pm"":6,""pn"":8},{""pk"":128,""pm"":6,""pn"":8}],""flows"":[""WS"",""WS""],""label"":"""",""records"":8,""total_macs"":12288,""vector_lanes"":[32,32],""w_banks"":[32,32],""w_bytes"":[20480,20480],""x_banks"":[12,12],""x_bytes"":[6144,6144],""z_bytes"":[196608,196608]}",cvar10,1.0879784068070824,False,"{""2"":1.0334643661689675,""4"":1.0253818469960216,""8"":1.022791370513502,""16"":1.0071777744832797,""64"":1.0415221568309256,""96"":1.0428997967362093,""128"":1.0773972221853676}",135,0.01,30,within1pct of best evaluated development witnesses; full proof open,True
port_tight,all,homogeneous,6x8x128+6x8x128,WS+WS,"{""acc_banks"":[6,6],""acc_bytes"":[49152,49152],""cores"":[{""pk"":128,""pm"":6,""pn"":8},{""pk"":128,""pm"":6,""pn"":8}],""flows"":[""WS"",""WS""],""label"":"""",""records"":8,""total_macs"":12288,""vector_lanes"":[32,32],""w_banks"":[32,32],""w_bytes"":[20480,20480],""x_banks"":[12,12],""x_bytes"":[6144,6144],""z_bytes"":[196608,196608]}",minimax,1.0773972221853676,False,"{""2"":1.0334643661689675,""4"":1.0253818469960216,""8"":1.022791370513502,""16"":1.0071777744832797,""64"":1.0415221568309256,""96"":1.0428997967362093,""128"":1.0773972221853676}",135,0.01,30,within1pct of best evaluated development witnesses; full proof open,True
port_tight,all,homogeneous,12x16x32+12x16x32,WS+WS,"{""acc_banks"":[6,6],""acc_bytes"":[49152,49152],""cores"":[{""pk"":32,""pm"":12,""pn"":16},{""pk"":32,""pm"":12,""pn"":16}],""flows"":[""WS"",""WS""],""label"":"""",""records"":8,""total_macs"":12288,""vector_lanes"":[32,32],""w_banks"":[32,32],""w_bytes"":[20480,20480],""x_banks"":[12,12],""x_bytes"":[6144,6144],""z_bytes"":[196608,196608]}",geomean,1.0302046814971695,False,"{""2"":1.033466190655048,""4"":1.0253845929466088,""8"":1.0227945519726789,""16"":1.0071813624162989,""64"":1.0470667325363938,""96"":1.0507828705532918,""128"":1.0917620576603875}",135,0.01,30,within1pct of best evaluated development witnesses; full proof open,True
port_tight,all,homogeneous,12x16x32+12x16x32,WS+WS,"{""acc_banks"":[6,6],""acc_bytes"":[49152,49152],""cores"":[{""pk"":32,""pm"":12,""pn"":16},{""pk"":32,""pm"":12,""pn"":16}],""flows"":[""WS"",""WS""],""label"":"""",""records"":8,""total_macs"":12288,""vector_lanes"":[32,32],""w_banks"":[32,32],""w_bytes"":[20480,20480],""x_banks"":[12,12],""x_bytes"":[6144,6144],""z_bytes"":[196608,196608]}",cvar10,1.093991800365692,False,"{""2"":1.033466190655048,""4"":1.0253845929466088,""8"":1.0227945519726789,""16"":1.0071813624162989,""64"":1.0470667325363938,""96"":1.0507828705532918,""128"":1.0917620576603875}",135,0.01,30,within1pct of best evaluated development witnesses; full proof open,True
port_tight,all,homogeneous,12x16x32+12x16x32,WS+WS,"{""acc_banks"":[6,6],""acc_bytes"":[49152,49152],""cores"":[{""pk"":32,""pm"":12,""pn"":16},{""pk"":32,""pm"":12,""pn"":16}],""flows"":[""WS"",""WS""],""label"":"""",""records"":8,""total_macs"":12288,""vector_lanes"":[32,32],""w_banks"":[32,32],""w_bytes"":[20480,20480],""x_banks"":[12,12],""x_bytes"":[6144,6144],""z_bytes"":[196608,196608]}",minimax,1.0917620576603875,False,"{""2"":1.033466190655048,""4"":1.0253845929466088,""8"":1.0227945519726789,""16"":1.0071813624162989,""64"":1.0470667325363938,""96"":1.0507828705532918,""128"":1.0917620576603875}",135,0.01,30,within1pct of best evaluated development witnesses; full proof open,True
port_tight,all,homogeneous,3x64x32+3x64x32,WS+WS,"{""acc_banks"":[6,6],""acc_bytes"":[49152,49152],""cores"":[{""pk"":32,""pm"":3,""pn"":64},{""pk"":32,""pm"":3,""pn"":64}],""flows"":[""WS"",""WS""],""label"":"""",""records"":8,""total_macs"":12288,""vector_lanes"":[32,32],""w_banks"":[32,32],""w_bytes"":[20480,20480],""x_banks"":[12,12],""x_bytes"":[6144,6144],""z_bytes"":[196608,196608]}",geomean,1.0289423664038282,False,"{""2"":1.033460717195893,""4"":1.0253763550944472,""8"":1.022785007594321,""16"":1.0071705986164645,""64"":1.0434675712248718,""96"":1.0461188269977928,""128"":1.0804676660082955}",135,0.01,30,within1pct of best evaluated development witnesses; full proof open,True
port_tight,all,homogeneous,3x64x32+3x64x32,WS+WS,"{""acc_banks"":[6,6],""acc_bytes"":[49152,49152],""cores"":[{""pk"":32,""pm"":3,""pn"":64},{""pk"":32,""pm"":3,""pn"":64}],""flows"":[""WS"",""WS""],""label"":"""",""records"":8,""total_macs"":12288,""vector_lanes"":[32,32],""w_banks"":[32,32],""w_bytes"":[20480,20480],""x_banks"":[12,12],""x_bytes"":[6144,6144],""z_bytes"":[196608,196608]}",cvar10,1.087929651336614,False,"{""2"":1.033460717195893,""4"":1.0253763550944472,""8"":1.022785007594321,""16"":1.0071705986164645,""64"":1.0434675712248718,""96"":1.0461188269977928,""128"":1.0804676660082955}",135,0.01,30,within1pct of best evaluated development witnesses; full proof open,True
port_tight,all,homogeneous,3x64x32+3x64x32,WS+WS,"{""acc_banks"":[6,6],""acc_bytes"":[49152,49152],""cores"":[{""pk"":32,""pm"":3,""pn"":64},{""pk"":32,""pm"":3,""pn"":64}],""flows"":[""WS"",""WS""],""label"":"""",""records"":8,""total_macs"":12288,""vector_lanes"":[32,32],""w_banks"":[32,32],""w_bytes"":[20480,20480],""x_banks"":[12,12],""x_bytes"":[6144,6144],""z_bytes"":[196608,196608]}",minimax,1.0804676660082955,False,"{""2"":1.033460717195893,""4"":1.0253763550944472,""8"":1.022785007594321,""16"":1.0071705986164645,""64"":1.0434675712248718,""96"":1.0461188269977928,""128"":1.0804676660082955}",135,0.01,30,within1pct of best evaluated development witnesses; full proof open,True
port_tight,all,homogeneous,6x32x32+6x32x32,WS+WS,"{""acc_banks"":[6,6],""acc_bytes"":[49152,49152],""cores"":[{""pk"":32,""pm"":6,""pn"":32},{""pk"":32,""pm"":6,""pn"":32}],""flows"":[""WS"",""WS""],""label"":"""",""records"":8,""total_macs"":12288,""vector_lanes"":[32,32],""w_banks"":[32,32],""w_bytes"":[20480,20480],""x_banks"":[12,12],""x_bytes"":[6144,6144],""z_bytes"":[196608,196608]}",geomean,1.0291947025854817,False,"{""2"":1.0334643661689675,""4"":1.0253818469960216,""8"":1.022791370513502,""16"":1.0071777744832797,""64"":1.0434751713011108,""96"":1.0470464730505675,""128"":1.0834081401524158}",135,0.01,30,within1pct of best evaluated development witnesses; full proof open,True
port_tight,all,homogeneous,6x32x32+6x32x32,WS+WS,"{""acc_banks"":[6,6],""acc_bytes"":[49152,49152],""cores"":[{""pk"":32,""pm"":6,""pn"":32},{""pk"":32,""pm"":6,""pn"":32}],""flows"":[""WS"",""WS""],""label"":"""",""records"":8,""total_macs"":12288,""vector_lanes"":[32,32],""w_banks"":[32,32],""w_bytes"":[20480,20480],""x_banks"":[12,12],""x_bytes"":[6144,6144],""z_bytes"":[196608,196608]}",cvar10,1.0896923050960658,False,"{""2"":1.0334643661689675,""4"":1.0253818469960216,""8"":1.022791370513502,""16"":1.0071777744832797,""64"":1.0434751713011108,""96"":1.0470464730505675,""128"":1.0834081401524158}",135,0.01,30,within1pct of best evaluated development witnesses; full proof open,True
port_tight,all,homogeneous,6x32x32+6x32x32,WS+WS,"{""acc_banks"":[6,6],""acc_bytes"":[49152,49152],""cores"":[{""pk"":32,""pm"":6,""pn"":32},{""pk"":32,""pm"":6,""pn"":32}],""flows"":[""WS"",""WS""],""label"":"""",""records"":8,""total_macs"":12288,""vector_lanes"":[32,32],""w_banks"":[32,32],""w_bytes"":[20480,20480],""x_banks"":[12,12],""x_bytes"":[6144,6144],""z_bytes"":[196608,196608]}",minimax,1.0834081401524158,False,"{""2"":1.0334643661689675,""4"":1.0253818469960216,""8"":1.022791370513502,""16"":1.0071777744832797,""64"":1.0434751713011108,""96"":1.0470464730505675,""128"":1.0834081401524158}",135,0.01,30,within1pct of best evaluated development witnesses; full proof open,True
port_tight,all,homogeneous,12x8x64+12x8x64,WS+IS,"{""acc_banks"":[6,6],""acc_bytes"":[49152,49152],""cores"":[{""pk"":64,""pm"":12,""pn"":8},{""pk"":64,""pm"":12,""pn"":8}],""flows"":[""WS"",""IS""],""label"":"""",""records"":8,""total_macs"":12288,""vector_lanes"":[32,32],""w_banks"":[32,32],""w_bytes"":[20480,20480],""x_banks"":[12,12],""x_bytes"":[6144,6144],""z_bytes"":[196608,196608]}",geomean,1.029294596688574,False,"{""2"":1.0334662932670073,""4"":1.0253848815700366,""8"":1.022795133067088,""16"":1.00718374472089,""64"":1.0415920811591437,""96"":1.0422540276063952,""128"":1.0918987810313612}",135,0.01,30,within1pct of best evaluated development witnesses; full proof open,True
port_tight,all,homogeneous,12x8x64+12x8x64,WS+IS,"{""acc_banks"":[6,6],""acc_bytes"":[49152,49152],""cores"":[{""pk"":64,""pm"":12,""pn"":8},{""pk"":64,""pm"":12,""pn"":8}],""flows"":[""WS"",""IS""],""label"":"""",""records"":8,""total_macs"":12288,""vector_lanes"":[32,32],""w_banks"":[32,32],""w_bytes"":[20480,20480],""x_banks"":[12,12],""x_bytes"":[6144,6144],""z_bytes"":[196608,196608]}",cvar10,1.0944996304568542,False,"{""2"":1.0334662932670073,""4"":1.0253848815700366,""8"":1.022795133067088,""16"":1.00718374472089,""64"":1.0415920811591437,""96"":1.0422540276063952,""128"":1.0918987810313612}",135,0.01,30,within1pct of best evaluated development witnesses; full proof open,True
port_tight,all,homogeneous,12x8x64+12x8x64,WS+IS,"{""acc_banks"":[6,6],""acc_bytes"":[49152,49152],""cores"":[{""pk"":64,""pm"":12,""pn"":8},{""pk"":64,""pm"":12,""pn"":8}],""flows"":[""WS"",""IS""],""label"":"""",""records"":8,""total_macs"":12288,""vector_lanes"":[32,32],""w_banks"":[32,32],""w_bytes"":[20480,20480],""x_banks"":[12,12],""x_bytes"":[6144,6144],""z_bytes"":[196608,196608]}",minimax,1.0918987810313612,False,"{""2"":1.0334662932670073,""4"":1.0253848815700366,""8"":1.022795133067088,""16"":1.00718374472089,""64"":1.0415920811591437,""96"":1.0422540276063952,""128"":1.0918987810313612}",135,0.01,30,within1pct of best evaluated development witnesses; full proof open,True
port_tight,all,homogeneous,12x8x64+12x8x64,WS+OS,"{""acc_banks"":[6,6],""acc_bytes"":[49152,49152],""cores"":[{""pk"":64,""pm"":12,""pn"":8},{""pk"":64,""pm"":12,""pn"":8}],""flows"":[""WS"",""OS""],""label"":"""",""records"":8,""total_macs"":12288,""vector_lanes"":[32,32],""w_banks"":[32,32],""w_bytes"":[20480,20480],""x_banks"":[12,12],""x_bytes"":[6144,6144],""z_bytes"":[196608,196608]}",geomean,1.0292941933975925,False,"{""2"":1.033466190655048,""4"":1.0253845929466088,""8"":1.0227945519726789,""16"":1.0071830351527198,""64"":1.0415919405647451,""96"":1.0422532126053696,""128"":1.0918987810313607}",135,0.01,30,within1pct of best evaluated development witnesses; full proof open,True
port_tight,all,homogeneous,12x8x64+12x8x64,WS+OS,"{""acc_banks"":[6,6],""acc_bytes"":[49152,49152],""cores"":[{""pk"":64,""pm"":12,""pn"":8},{""pk"":64,""pm"":12,""pn"":8}],""flows"":[""WS"",""OS""],""label"":"""",""records"":8,""total_macs"":12288,""vector_lanes"":[32,32],""w_banks"":[32,32],""w_bytes"":[20480,20480],""x_banks"":[12,12],""x_bytes"":[6144,6144],""z_bytes"":[196608,196608]}",cvar10,1.0944994997704731,False,"{""2"":1.033466190655048,""4"":1.0253845929466088,""8"":1.0227945519726789,""16"":1.0071830351527198,""64"":1.0415919405647451,""96"":1.0422532126053696,""128"":1.0918987810313607}",135,0.01,30,within1pct of best evaluated development witnesses; full proof open,True
port_tight,all,homogeneous,12x8x64+12x8x64,WS+OS,"{""acc_banks"":[6,6],""acc_bytes"":[49152,49152],""cores"":[{""pk"":64,""pm"":12,""pn"":8},{""pk"":64,""pm"":12,""pn"":8}],""flows"":[""WS"",""OS""],""label"":"""",""records"":8,""total_macs"":12288,""vector_lanes"":[32,32],""w_banks"":[32,32],""w_bytes"":[20480,20480],""x_banks"":[12,12],""x_bytes"":[6144,6144],""z_bytes"":[196608,196608]}",minimax,1.0918987810313607,False,"{""2"":1.033466190655048,""4"":1.0253845929466088,""8"":1.0227945519726789,""16"":1.0071830351527198,""64"":1.0415919405647451,""96"":1.0422532126053696,""128"":1.0918987810313607}",135,0.01,30,within1pct of best evaluated development witnesses; full proof open,True
port_tight,all,homogeneous,12x8x64+12x8x64,WS+WS,"{""acc_banks"":[6,6],""acc_bytes"":[49152,49152],""cores"":[{""pk"":64,""pm"":12,""pn"":8},{""pk"":64,""pm"":12,""pn"":8}],""flows"":[""WS"",""WS""],""label"":"""",""records"":8,""total_macs"":12288,""vector_lanes"":[32,32],""w_banks"":[32,32],""w_bytes"":[20480,20480],""x_banks"":[12,12],""x_bytes"":[6144,6144],""z_bytes"":[196608,196608]}",geomean,1.0285814334309555,False,"{""2"":1.033466190655048,""4"":1.0253845929466088,""8"":1.0227945519726789,""16"":1.0071813624162989,""64"":1.0415261603675403,""96"":1.0432123443256098,""128"":1.079691960994408}",135,0.01,30,within1pct of best evaluated development witnesses; full proof open,True
port_tight,all,homogeneous,12x8x64+12x8x64,WS+WS,"{""acc_banks"":[6,6],""acc_bytes"":[49152,49152],""cores"":[{""pk"":64,""pm"":12,""pn"":8},{""pk"":64,""pm"":12,""pn"":8}],""flows"":[""WS"",""WS""],""label"":"""",""records"":8,""total_macs"":12288,""vector_lanes"":[32,32],""w_banks"":[32,32],""w_bytes"":[20480,20480],""x_banks"":[12,12],""x_bytes"":[6144,6144],""z_bytes"":[196608,196608]}",cvar10,1.0893559340796313,False,"{""2"":1.033466190655048,""4"":1.0253845929466088,""8"":1.0227945519726789,""16"":1.0071813624162989,""64"":1.0415261603675403,""96"":1.0432123443256098,""128"":1.079691960994408}",135,0.01,30,within1pct of best evaluated development witnesses; full proof open,True
port_tight,all,homogeneous,12x8x64+12x8x64,WS+WS,"{""acc_banks"":[6,6],""acc_bytes"":[49152,49152],""cores"":[{""pk"":64,""pm"":12,""pn"":8},{""pk"":64,""pm"":12,""pn"":8}],""flows"":[""WS"",""WS""],""label"":"""",""records"":8,""total_macs"":12288,""vector_lanes"":[32,32],""w_banks"":[32,32],""w_bytes"":[20480,20480],""x_banks"":[12,12],""x_bytes"":[6144,6144],""z_bytes"":[196608,196608]}",minimax,1.079691960994408,False,"{""2"":1.033466190655048,""4"":1.0253845929466088,""8"":1.0227945519726789,""16"":1.0071813624162989,""64"":1.0415261603675403,""96"":1.0432123443256098,""128"":1.079691960994408}",135,0.01,30,within1pct of best evaluated development witnesses; full proof open,True
port_tight,all,homogeneous,3x32x64+3x32x64,WS+WS,"{""acc_banks"":[6,6],""acc_bytes"":[49152,49152],""cores"":[{""pk"":64,""pm"":3,""pn"":32},{""pk"":64,""pm"":3,""pn"":32}],""flows"":[""WS"",""WS""],""label"":"""",""records"":8,""total_macs"":12288,""vector_lanes"":[32,32],""w_banks"":[32,32],""w_bytes"":[20480,20480],""x_banks"":[12,12],""x_bytes"":[6144,6144],""z_bytes"":[196608,196608]}",geomean,1.0267792397748363,False,"{""2"":1.033460717195893,""4"":1.0253763550944472,""8"":1.022785007594321,""16"":1.0071705986164645,""64"":1.0397559596576995,""96"":1.0372307831332608,""128"":1.059632764577885}",135,0.01,30,within1pct of best evaluated development witnesses; full proof open,True
port_tight,all,homogeneous,3x32x64+3x32x64,WS+WS,"{""acc_banks"":[6,6],""acc_bytes"":[49152,49152],""cores"":[{""pk"":64,""pm"":3,""pn"":32},{""pk"":64,""pm"":3,""pn"":32}],""flows"":[""WS"",""WS""],""label"":"""",""records"":8,""total_macs"":12288,""vector_lanes"":[32,32],""w_banks"":[32,32],""w_bytes"":[20480,20480],""x_banks"":[12,12],""x_bytes"":[6144,6144],""z_bytes"":[196608,196608]}",cvar10,1.0798400655494294,False,"{""2"":1.033460717195893,""4"":1.0253763550944472,""8"":1.022785007594321,""16"":1.0071705986164645,""64"":1.0397559596576995,""96"":1.0372307831332608,""128"":1.059632764577885}",135,0.01,30,within1pct of best evaluated development witnesses; full proof open,True
port_tight,all,homogeneous,3x32x64+3x32x64,WS+WS,"{""acc_banks"":[6,6],""acc_bytes"":[49152,49152],""cores"":[{""pk"":64,""pm"":3,""pn"":32},{""pk"":64,""pm"":3,""pn"":32}],""flows"":[""WS"",""WS""],""label"":"""",""records"":8,""total_macs"":12288,""vector_lanes"":[32,32],""w_banks"":[32,32],""w_bytes"":[20480,20480],""x_banks"":[12,12],""x_bytes"":[6144,6144],""z_bytes"":[196608,196608]}",minimax,1.059632764577885,False,"{""2"":1.033460717195893,""4"":1.0253763550944472,""8"":1.022785007594321,""16"":1.0071705986164645,""64"":1.0397559596576995,""96"":1.0372307831332608,""128"":1.059632764577885}",135,0.01,30,within1pct of best evaluated development witnesses; full proof open,True
port_tight,all,homogeneous,4x24x64+4x24x64,WS+WS,"{""acc_banks"":[6,6],""acc_bytes"":[49152,49152],""cores"":[{""pk"":64,""pm"":4,""pn"":24},{""pk"":64,""pm"":4,""pn"":24}],""flows"":[""WS"",""WS""],""label"":"""",""records"":8,""total_macs"":12288,""vector_lanes"":[32,32],""w_banks"":[32,32],""w_bytes"":[20480,20480],""x_banks"":[12,12],""x_bytes"":[6144,6144],""z_bytes"":[196608,196608]}",geomean,1.0311668630412456,False,"{""2"":1.037865813573584,""4"":1.0297479152194526,""8"":1.0271459114945043,""16"":1.0114653010555479,""64"":1.0441899741863119,""96"":1.0416537715725915,""128"":1.0643036202032872}",135,0.01,30,within1pct of best evaluated development witnesses; full proof open,True
port_tight,all,homogeneous,4x24x64+4x24x64,WS+WS,"{""acc_banks"":[6,6],""acc_bytes"":[49152,49152],""cores"":[{""pk"":64,""pm"":4,""pn"":24},{""pk"":64,""pm"":4,""pn"":24}],""flows"":[""WS"",""WS""],""label"":"""",""records"":8,""total_macs"":12288,""vector_lanes"":[32,32],""w_banks"":[32,32],""w_bytes"":[20480,20480],""x_banks"":[12,12],""x_bytes"":[6144,6144],""z_bytes"":[196608,196608]}",cvar10,1.0845408046610072,False,"{""2"":1.037865813573584,""4"":1.0297479152194526,""8"":1.0271459114945043,""16"":1.0114653010555479,""64"":1.0441899741863119,""96"":1.0416537715725915,""128"":1.0643036202032872}",135,0.01,30,within1pct of best evaluated development witnesses; full proof open,True
port_tight,all,homogeneous,4x24x64+4x24x64,WS+WS,"{""acc_banks"":[6,6],""acc_bytes"":[49152,49152],""cores"":[{""pk"":64,""pm"":4,""pn"":24},{""pk"":64,""pm"":4,""pn"":24}],""flows"":[""WS"",""WS""],""label"":"""",""records"":8,""total_macs"":12288,""vector_lanes"":[32,32],""w_banks"":[32,32],""w_bytes"":[20480,20480],""x_banks"":[12,12],""x_bytes"":[6144,6144],""z_bytes"":[196608,196608]}",minimax,1.0643036202032872,False,"{""2"":1.037865813573584,""4"":1.0297479152194526,""8"":1.0271459114945043,""16"":1.0114653010555479,""64"":1.0441899741863119,""96"":1.0416537715725915,""128"":1.0643036202032872}",135,0.01,30,within1pct of best evaluated development witnesses; full proof open,True
port_tight,all,homogeneous,6x16x64+6x16x64,WS+WS,"{""acc_banks"":[6,6],""acc_bytes"":[49152,49152],""cores"":[{""pk"":64,""pm"":6,""pn"":16},{""pk"":64,""pm"":6,""pn"":16}],""flows"":[""WS"",""WS""],""label"":"""",""records"":8,""total_macs"":12288,""vector_lanes"":[32,32],""w_banks"":[32,32],""w_bytes"":[20480,20480],""x_banks"":[12,12],""x_bytes"":[6144,6144],""z_bytes"":[196608,196608]}",geomean,1.0267948772314097,False,"{""2"":1.0334643661689675,""4"":1.0253818469960216,""8"":1.022791370513502,""16"":1.0071777744832797,""64"":1.0397645552405828,""96"":1.0372392220948874,""128"":1.0597867844344875}",135,0.01,30,within1pct of best evaluated development witnesses; full proof open,True
port_tight,all,homogeneous,6x16x64+6x16x64,WS+WS,"{""acc_banks"":[6,6],""acc_bytes"":[49152,49152],""cores"":[{""pk"":64,""pm"":6,""pn"":16},{""pk"":64,""pm"":6,""pn"":16}],""flows"":[""WS"",""WS""],""label"":"""",""records"":8,""total_macs"":12288,""vector_lanes"":[32,32],""w_banks"":[32,32],""w_bytes"":[20480,20480],""x_banks"":[12,12],""x_bytes"":[6144,6144],""z_bytes"":[196608,196608]}",cvar10,1.0799370347201231,False,"{""2"":1.0334643661689675,""4"":1.0253818469960216,""8"":1.022791370513502,""16"":1.0071777744832797,""64"":1.0397645552405828,""96"":1.0372392220948874,""128"":1.0597867844344875}",135,0.01,30,within1pct of best evaluated development witnesses; full proof open,True
port_tight,all,homogeneous,6x16x64+6x16x64,WS+WS,"{""acc_banks"":[6,6],""acc_bytes"":[49152,49152],""cores"":[{""pk"":64,""pm"":6,""pn"":16},{""pk"":64,""pm"":6,""pn"":16}],""flows"":[""WS"",""WS""],""label"":"""",""records"":8,""total_macs"":12288,""vector_lanes"":[32,32],""w_banks"":[32,32],""w_bytes"":[20480,20480],""x_banks"":[12,12],""x_bytes"":[6144,6144],""z_bytes"":[196608,196608]}",minimax,1.0597867844344875,False,"{""2"":1.0334643661689675,""4"":1.0253818469960216,""8"":1.022791370513502,""16"":1.0071777744832797,""64"":1.0397645552405828,""96"":1.0372392220948874,""128"":1.0597867844344875}",135,0.01,30,within1pct of best evaluated development witnesses; full proof open,True
port_tight,all,homogeneous,8x12x64+8x12x64,WS+WS,"{""acc_banks"":[6,6],""acc_bytes"":[49152,49152],""cores"":[{""pk"":64,""pm"":8,""pn"":12},{""pk"":64,""pm"":8,""pn"":12}],""flows"":[""WS"",""WS""],""label"":"""",""records"":8,""total_macs"":12288,""vector_lanes"":[32,32],""w_banks"":[32,32],""w_bytes"":[20480,20480],""x_banks"":[12,12],""x_bytes"":[6144,6144],""z_bytes"":[196608,196608]}",geomean,1.029757420164436,False,"{""2"":1.036275263158842,""4"":1.0282267284014721,""8"":1.0256478021474835,""16"":1.0101054234285631,""64"":1.0427375757162536,""96"":1.0401569244747495,""128"":1.0640526840707683}",135,0.01,30,within1pct of best evaluated development witnesses; full proof open,True
port_tight,all,homogeneous,8x12x64+8x12x64,WS+WS,"{""acc_banks"":[6,6],""acc_bytes"":[49152,49152],""cores"":[{""pk"":64,""pm"":8,""pn"":12},{""pk"":64,""pm"":8,""pn"":12}],""flows"":[""WS"",""WS""],""label"":"""",""records"":8,""total_macs"":12288,""vector_lanes"":[32,32],""w_banks"":[32,32],""w_bytes"":[20480,20480],""x_banks"":[12,12],""x_bytes"":[6144,6144],""z_bytes"":[196608,196608]}",cvar10,1.0832686270403509,False,"{""2"":1.036275263158842,""4"":1.0282267284014721,""8"":1.0256478021474835,""16"":1.0101054234285631,""64"":1.0427375757162536,""96"":1.0401569244747495,""128"":1.0640526840707683}",135,0.01,30,within1pct of best evaluated development witnesses; full proof open,True
port_tight,all,homogeneous,8x12x64+8x12x64,WS+WS,"{""acc_banks"":[6,6],""acc_bytes"":[49152,49152],""cores"":[{""pk"":64,""pm"":8,""pn"":12},{""pk"":64,""pm"":8,""pn"":12}],""flows"":[""WS"",""WS""],""label"":"""",""records"":8,""total_macs"":12288,""vector_lanes"":[32,32],""w_banks"":[32,32],""w_bytes"":[20480,20480],""x_banks"":[12,12],""x_bytes"":[6144,6144],""z_bytes"":[196608,196608]}",minimax,1.0640526840707683,False,"{""2"":1.036275263158842,""4"":1.0282267284014721,""8"":1.0256478021474835,""16"":1.0101054234285631,""64"":1.0427375757162536,""96"":1.0401569244747495,""128"":1.0640526840707683}",135,0.01,30,within1pct of best evaluated development witnesses; full proof open,True
port_tight,all,heterogeneous,4x16x128+2x16x128,WS+WS,"{""acc_banks"":[8,4],""acc_bytes"":[65536,32768],""cores"":[{""pk"":128,""pm"":4,""pn"":16},{""pk"":128,""pm"":2,""pn"":16}],""flows"":[""WS"",""WS""],""label"":"""",""records"":8,""total_macs"":12288,""vector_lanes"":[42,22],""w_banks"":[42,22],""w_bytes"":[26624,14336],""x_banks"":[16,8],""x_bytes"":[8192,4096],""z_bytes"":[262144,131072]}",geomean,1.0286495716230601,False,"{""2"":1.0411249444436128,""4"":1.0249556910769089,""8"":1.0219117850607493,""16"":1.0178086109309474,""64"":1.0416885430801703,""96"":1.0370356738026654,""128"":1.0342314613058647}",135,0.01,30,within1pct of best evaluated development witnesses; full proof open,True
port_tight,all,heterogeneous,4x16x128+2x16x128,WS+WS,"{""acc_banks"":[8,4],""acc_bytes"":[65536,32768],""cores"":[{""pk"":128,""pm"":4,""pn"":16},{""pk"":128,""pm"":2,""pn"":16}],""flows"":[""WS"",""WS""],""label"":"""",""records"":8,""total_macs"":12288,""vector_lanes"":[42,22],""w_banks"":[42,22],""w_bytes"":[26624,14336],""x_banks"":[16,8],""x_bytes"":[8192,4096],""z_bytes"":[262144,131072]}",cvar10,1.0557981794564113,False,"{""2"":1.0411249444436128,""4"":1.0249556910769089,""8"":1.0219117850607493,""16"":1.0178086109309474,""64"":1.0416885430801703,""96"":1.0370356738026654,""128"":1.0342314613058647}",135,0.01,30,within1pct of best evaluated development witnesses; full proof open,True
port_tight,all,heterogeneous,4x16x128+2x16x128,WS+WS,"{""acc_banks"":[8,4],""acc_bytes"":[65536,32768],""cores"":[{""pk"":128,""pm"":4,""pn"":16},{""pk"":128,""pm"":2,""pn"":16}],""flows"":[""WS"",""WS""],""label"":"""",""records"":8,""total_macs"":12288,""vector_lanes"":[42,22],""w_banks"":[42,22],""w_bytes"":[26624,14336],""x_banks"":[16,8],""x_bytes"":[8192,4096],""z_bytes"":[262144,131072]}",minimax,1.0416885430801703,False,"{""2"":1.0411249444436128,""4"":1.0249556910769089,""8"":1.0219117850607493,""16"":1.0178086109309474,""64"":1.0416885430801703,""96"":1.0370356738026654,""128"":1.0342314613058647}",135,0.01,30,within1pct of best evaluated development witnesses; full proof open,True
port_tight,all,heterogeneous,4x16x128+2x16x128,WS+WS,"{""acc_banks"":[8,4],""acc_bytes"":[81920,16384],""cores"":[{""pk"":128,""pm"":4,""pn"":16},{""pk"":128,""pm"":2,""pn"":16}],""flows"":[""WS"",""WS""],""label"":"""",""records"":8,""total_macs"":12288,""vector_lanes"":[56,8],""w_banks"":[32,32],""w_bytes"":[16384,24576],""x_banks"":[20,4],""x_bytes"":[10240,2048],""z_bytes"":[360448,32768]}",geomean,1.0201417760239364,False,"{""2"":1.033460717195893,""4"":1.0253763550944472,""8"":1.0227894668915276,""16"":1.0071720767945243,""64"":1.0069141935306043,""96"":1.0067014804012235,""128"":1.0228530296907359}",135,0.01,30,within1pct of best evaluated development witnesses; full proof open,True
port_tight,all,heterogeneous,4x16x128+2x16x128,WS+WS,"{""acc_banks"":[8,4],""acc_bytes"":[81920,16384],""cores"":[{""pk"":128,""pm"":4,""pn"":16},{""pk"":128,""pm"":2,""pn"":16}],""flows"":[""WS"",""WS""],""label"":"""",""records"":8,""total_macs"":12288,""vector_lanes"":[56,8],""w_banks"":[32,32],""w_bytes"":[16384,24576],""x_banks"":[20,4],""x_bytes"":[10240,2048],""z_bytes"":[360448,32768]}",cvar10,1.0796609401497483,False,"{""2"":1.033460717195893,""4"":1.0253763550944472,""8"":1.0227894668915276,""16"":1.0071720767945243,""64"":1.0069141935306043,""96"":1.0067014804012235,""128"":1.0228530296907359}",135,0.01,30,within1pct of best evaluated development witnesses; full proof open,True
port_tight,all,heterogeneous,4x16x128+2x16x128,WS+WS,"{""acc_banks"":[8,4],""acc_bytes"":[81920,16384],""cores"":[{""pk"":128,""pm"":4,""pn"":16},{""pk"":128,""pm"":2,""pn"":16}],""flows"":[""WS"",""WS""],""label"":"""",""records"":8,""total_macs"":12288,""vector_lanes"":[56,8],""w_banks"":[32,32],""w_bytes"":[16384,24576],""x_banks"":[20,4],""x_bytes"":[10240,2048],""z_bytes"":[360448,32768]}",minimax,1.033460717195893,False,"{""2"":1.033460717195893,""4"":1.0253763550944472,""8"":1.0227894668915276,""16"":1.0071720767945243,""64"":1.0069141935306043,""96"":1.0067014804012235,""128"":1.0228530296907359}",135,0.01,30,within1pct of best evaluated development witnesses; full proof open,True
