window_id,batch,design,geometry,onchip_mode,latency_ms,hbm_floor_unique,hbm_floor_actual,mac_floor,port_floor,task_floor,bound,binding_term,headroom_pct
heldout_bfcl_b2_l2_s3,2,B0,6x4x512,pipelined,1.9232933333333333,1.92192,1.92192,0.011264,0.975232,0.27456,1.92192,hbm_floor_unique,0.07145632145630909
heldout_bfcl_b4_l2_s3,4,B0,6x4x512,pipelined,2.7476506666666665,2.7456,2.7456,0.022528,1.400816,0.27456,2.7456,hbm_floor_unique,0.07468919968920407
heldout_bfcl_b8_l2_s3,8,B0,6x4x512,pipelined,3.984265333333333,3.70656,3.98112,0.045056,2.0430186666666668,0.54912,3.98112,hbm_floor_actual,0.07900624279932877
heldout_bfcl_b16_l2_s3,16,B0,6x4x512,pipelined,6.319198666666666,4.94208,6.31488,0.090112,3.284558,0.82368,6.31488,hbm_floor_actual,0.06838873686698665
heldout_bfcl_b2_l2_s7,2,B0,6x4x512,pipelined,1.9232933333333333,1.92192,1.92192,0.011264,0.975232,0.27456,1.92192,hbm_floor_unique,0.07145632145630909
heldout_bfcl_b4_l2_s7,4,B0,6x4x512,pipelined,3.0224626666666663,3.02016,3.02016,0.022528,1.54008,0.27456,3.02016,hbm_floor_unique,0.07624320124319794
heldout_bfcl_b8_l2_s7,8,B0,6x4x512,pipelined,4.3963573333333335,4.1184,4.39296,0.045056,2.25008,0.54912,4.39296,hbm_floor_actual,0.07733585858584746
heldout_bfcl_b16_l2_s7,16,B0,6x4x512,pipelined,7.006706666666666,6.1776,7.00128,0.090112,3.617974,0.82368,7.00128,hbm_floor_actual,0.07750963633315067
heldout_bfcl_b2_l2_s11,2,B0,6x4x512,pipelined,1.3739333333333332,1.3728,1.3728,0.011264,0.696704,0.27456,1.3728,hbm_floor_unique,0.08255633255631611
heldout_bfcl_b4_l2_s11,4,B0,6x4x512,pipelined,3.0224626666666663,3.02016,3.02016,0.022528,1.54008,0.27456,3.02016,hbm_floor_unique,0.07624320124319794
heldout_bfcl_b8_l2_s11,8,B0,6x4x512,pipelined,4.533629333333333,4.25568,4.53024,0.045056,2.3215466666666664,0.54912,4.53024,hbm_floor_actual,0.07481575663392803
heldout_bfcl_b16_l2_s11,16,B0,6x4x512,pipelined,7.556562666666666,7.00128,7.5504,0.090112,3.8762406666666664,0.82368,7.5504,hbm_floor_actual,0.08162039980221802
heldout_bfcl_b2_l13_s3,2,B0,6x4x512,pipelined,1.6486133333333333,1.64736,1.64736,0.011264,0.835968,0.27456,1.64736,hbm_floor_unique,0.07608132608132312
heldout_bfcl_b4_l13_s3,4,B0,6x4x512,pipelined,3.2972066666666664,3.29472,3.29472,0.022528,1.679344,0.27456,3.29472,hbm_floor_unique,0.07547429422429808
heldout_bfcl_b8_l13_s3,8,B0,6x4x512,pipelined,4.258865333333333,3.98112,4.25568,0.045056,2.1896746666666664,0.54912,4.25568,hbm_floor_actual,0.07484898613929758
heldout_bfcl_b16_l13_s3,16,B0,6x4x512,pipelined,6.456866666666666,5.4912,6.45216,0.090112,3.348666,0.82368,6.45216,hbm_floor_actual,0.07294714741521435
heldout_bfcl_b2_l13_s7,2,B0,6x4x512,pipelined,1.9232933333333333,1.92192,1.92192,0.011264,0.975232,0.27456,1.92192,hbm_floor_unique,0.07145632145630909
heldout_bfcl_b4_l13_s7,4,B0,6x4x512,pipelined,3.0225266666666664,3.02016,3.02016,0.022528,1.54008,0.27456,3.02016,hbm_floor_unique,0.07836229427138353
heldout_bfcl_b8_l13_s7,8,B0,6x4x512,pipelined,4.670973333333333,4.39296,4.66752,0.045056,2.389344,0.54912,4.66752,hbm_floor_actual,0.07398647104528422
heldout_bfcl_b16_l13_s7,16,B0,6x4x512,pipelined,6.456946666666666,5.4912,6.45216,0.090112,3.345904,0.82368,6.45216,hbm_floor_actual,0.07418704227213357
heldout_bfcl_b2_l13_s11,2,B0,6x4x512,pipelined,1.2365253333333333,1.23552,1.23552,0.011264,0.627072,0.27456,1.23552,hbm_floor_unique,0.08136924803590073
heldout_bfcl_b4_l13_s11,4,B0,6x4x512,pipelined,2.8851866666666663,2.88288,2.88288,0.022528,1.470448,0.27456,2.88288,hbm_floor_unique,0.08001258001257838
heldout_bfcl_b8_l13_s11,8,B0,6x4x512,pipelined,3.984257333333333,3.70656,3.98112,0.045056,2.046708,0.54912,3.98112,hbm_floor_actual,0.07880529432253702
heldout_bfcl_b16_l13_s11,16,B0,6x4x512,pipelined,7.144050666666666,6.45216,7.13856,0.090112,3.6830026666666664,0.82368,7.13856,hbm_floor_actual,0.0769156057617515
heldout_bfcl_b2_l26_s3,2,B0,6x4x512,pipelined,1.7859533333333333,1.78464,1.78464,0.011264,0.9056,0.27456,1.78464,hbm_floor_unique,0.07359093897554292
heldout_bfcl_b4_l26_s3,4,B0,6x4x512,pipelined,3.2971386666666667,3.29472,3.29472,0.022528,1.679344,0.27456,3.29472,hbm_floor_unique,0.07341038591037741
heldout_bfcl_b8_l26_s3,8,B0,6x4x512,pipelined,4.533829333333333,4.25568,4.53024,0.045056,2.3178773333333336,0.54912,4.53024,hbm_floor_actual,0.07923053377598688
heldout_bfcl_b16_l26_s3,16,B0,6x4x512,pipelined,7.418546666666666,6.31488,7.41312,0.090112,3.8232073333333334,0.82368,7.41312,hbm_floor_actual,0.07320354542574847
heldout_bfcl_b2_l26_s7,2,B0,6x4x512,pipelined,1.6486133333333333,1.64736,1.64736,0.011264,0.835968,0.27456,1.64736,hbm_floor_unique,0.07608132608132312
heldout_bfcl_b4_l26_s7,4,B0,6x4x512,pipelined,3.2971426666666663,3.29472,3.29472,0.022528,1.679344,0.27456,3.29472,hbm_floor_unique,0.07353179228177797
heldout_bfcl_b8_l26_s7,8,B0,6x4x512,pipelined,4.945785333333333,4.66752,4.94208,0.045056,2.5267733333333333,0.54912,4.94208,hbm_floor_actual,0.07497517914183405
heldout_bfcl_b16_l26_s7,16,B0,6x4x512,pipelined,6.3201426666666665,5.76576,6.31488,0.090112,3.2596866666666666,0.82368,6.31488,hbm_floor_actual,0.08333755616363181
heldout_bfcl_b2_l26_s11,2,B0,6x4x512,pipelined,1.3739333333333332,1.3728,1.3728,0.011264,0.696704,0.27456,1.3728,hbm_floor_unique,0.08255633255631611
heldout_bfcl_b4_l26_s11,4,B0,6x4x512,pipelined,3.0224626666666663,3.02016,3.02016,0.022528,1.54008,0.27456,3.02016,hbm_floor_unique,0.07624320124319794
heldout_bfcl_b8_l26_s11,8,B0,6x4x512,pipelined,4.808373333333333,4.53024,4.8048,0.045056,2.4626653333333337,0.54912,4.8048,hbm_floor_actual,0.07437007437007814
heldout_bfcl_b16_l26_s11,16,B0,6x4x512,pipelined,7.144470666666666,6.58944,7.13856,0.090112,3.6682786666666667,0.82368,7.13856,hbm_floor_actual,0.08279914529913945
heldout_gpqa_b2_l2_s3,2,B0,6x4x512,pipelined,1.7859533333333333,1.78464,1.78464,0.011264,0.9056,0.27456,1.78464,hbm_floor_unique,0.07359093897554292
heldout_gpqa_b4_l2_s3,4,B0,6x4x512,pipelined,2.4730266666666667,2.47104,2.47104,0.022528,1.261552,0.27456,2.47104,hbm_floor_unique,0.08039799706465178
heldout_gpqa_b8_l2_s3,8,B0,6x4x512,pipelined,3.571825333333333,3.15744,3.56928,0.045056,1.8479393333333332,0.54912,3.56928,hbm_floor_actual,0.07131223477376825
heldout_gpqa_b16_l2_s3,16,B0,6x4x512,pipelined,5.357458666666666,3.84384,5.35392,0.090112,2.8091093333333337,0.82368,5.35392,hbm_floor_actual,0.06609487378717027
heldout_gpqa_b2_l2_s7,2,B0,6x4x512,pipelined,1.9232933333333333,1.92192,1.92192,0.011264,0.975232,0.27456,1.92192,hbm_floor_unique,0.07145632145630909
heldout_gpqa_b4_l2_s7,4,B0,6x4x512,pipelined,3.2971426666666663,3.29472,3.29472,0.022528,1.679344,0.27456,3.29472,hbm_floor_unique,0.07353179228177797
heldout_gpqa_b8_l2_s7,8,B0,6x4x512,pipelined,4.945865333333333,4.66752,4.94208,0.045056,2.523104,0.54912,4.94208,hbm_floor_actual,0.0765939307605823
heldout_gpqa_b16_l2_s7,16,B0,6x4x512,pipelined,7.144114666666666,6.45216,7.13856,0.090112,3.68395,0.82368,7.13856,hbm_floor_actual,0.0778121451198377
heldout_gpqa_b2_l2_s11,2,B0,6x4x512,pipelined,1.5112733333333332,1.51008,1.51008,0.011264,0.766336,0.27456,1.51008,hbm_floor_unique,0.07902451084269568
heldout_gpqa_b4_l2_s11,4,B0,6x4x512,pipelined,3.1598026666666663,3.15744,3.15744,0.022528,1.609712,0.27456,3.15744,hbm_floor_unique,0.07482855308942327
heldout_gpqa_b8_l2_s11,8,B0,6x4x512,pipelined,5.495293333333333,5.21664,5.4912,0.045056,2.801632,0.54912,5.4912,hbm_floor_actual,0.07454351204350118
heldout_gpqa_b16_l2_s11,16,B0,6x4x512,pipelined,7.556510666666666,6.864,7.5504,0.090112,3.872578,0.82368,7.5504,hbm_floor_actual,0.08093169456804272
heldout_gpqa_b2_l13_s3,2,B0,6x4x512,pipelined,1.7859493333333332,1.78464,1.78464,0.011264,0.9056,0.27456,1.78464,hbm_floor_unique,0.07336680413603247
heldout_gpqa_b4_l13_s3,4,B0,6x4x512,pipelined,2.6102986666666665,2.60832,2.60832,0.022528,1.3330186666666668,0.27456,2.60832,hbm_floor_unique,0.07585981270190612
heldout_gpqa_b8_l13_s3,8,B0,6x4x512,pipelined,4.121673333333333,3.84384,4.1184,0.045056,2.110816,0.54912,4.1184,hbm_floor_actual,0.07948070448069444
heldout_gpqa_b16_l13_s3,16,B0,6x4x512,pipelined,5.495202666666666,4.39296,5.4912,0.090112,2.8704553333333336,0.82368,5.4912,hbm_floor_actual,0.07289238539236464
heldout_gpqa_b2_l13_s7,2,B0,6x4x512,pipelined,1.7859533333333333,1.78464,1.78464,0.011264,0.9056,0.27456,1.78464,hbm_floor_unique,0.07359093897554292
heldout_gpqa_b4_l13_s7,4,B0,6x4x512,pipelined,3.1598026666666663,3.15744,3.15744,0.022528,1.609712,0.27456,3.15744,hbm_floor_unique,0.07482855308942327
heldout_gpqa_b8_l13_s7,8,B0,6x4x512,pipelined,5.083201333333333,4.8048,5.07936,0.045056,2.592736,0.54912,5.07936,hbm_floor_actual,0.07562632562632121
heldout_gpqa_b16_l13_s7,16,B0,6x4x512,pipelined,6.869158666666666,6.04032,6.864,0.090112,3.5502033333333336,0.82368,6.864,hbm_floor_actual,0.07515540015539113
heldout_gpqa_b2_l13_s11,2,B0,6x4x512,pipelined,1.2365893333333333,1.23552,1.23552,0.011264,0.627072,0.27456,1.23552,hbm_floor_unique,0.08654925321591733
heldout_gpqa_b4_l13_s11,4,B0,6x4x512,pipelined,3.2971426666666663,3.29472,3.29472,0.022528,1.679344,0.27456,3.29472,hbm_floor_unique,0.07353179228177797
heldout_gpqa_b8_l13_s11,8,B0,6x4x512,pipelined,4.396285333333333,4.1184,4.39296,0.045056,2.251014,0.54912,4.39296,hbm_floor_actual,0.07569687257187319
heldout_gpqa_b16_l13_s11,16,B0,6x4x512,pipelined,6.732094666666666,6.1776,6.72672,0.090112,3.4731993333333335,0.82368,6.72672,hbm_floor_actual,0.07990025847168791
heldout_gpqa_b2_l26_s3,2,B0,6x4x512,pipelined,1.9232933333333333,1.92192,1.92192,0.011264,0.975232,0.27456,1.92192,hbm_floor_unique,0.07145632145630909
heldout_gpqa_b4_l26_s3,4,B0,6x4x512,pipelined,2.3355586666666666,2.33376,2.33376,0.022528,1.19192,0.27456,2.33376,hbm_floor_unique,0.07707162118926192
heldout_gpqa_b8_l26_s3,8,B0,6x4x512,pipelined,3.709433333333333,3.432,3.70656,0.045056,1.9092986666666667,0.54912,3.70656,hbm_floor_actual,0.07752021640909934
heldout_gpqa_b16_l26_s3,16,B0,6x4x512,pipelined,5.907082666666666,4.66752,5.90304,0.090112,3.0839546666666666,0.82368,5.90304,hbm_floor_actual,0.06848448708913768
heldout_gpqa_b2_l26_s7,2,B0,6x4x512,pipelined,1.9232933333333333,1.92192,1.92192,0.011264,0.975232,0.27456,1.92192,hbm_floor_unique,0.07145632145630909
heldout_gpqa_b4_l26_s7,4,B0,6x4x512,pipelined,3.1598026666666663,3.15744,3.15744,0.022528,1.609712,0.27456,3.15744,hbm_floor_unique,0.07482855308942327
heldout_gpqa_b8_l26_s7,8,B0,6x4x512,pipelined,4.945925333333333,4.66752,4.94208,0.045056,2.523104,0.54912,4.94208,hbm_floor_actual,0.07780799447465458
heldout_gpqa_b16_l26_s7,16,B0,6x4x512,pipelined,7.280978666666666,6.31488,7.27584,0.090112,3.7655306666666664,0.82368,7.27584,hbm_floor_actual,0.07062643855095807
heldout_gpqa_b2_l26_s11,2,B0,6x4x512,pipelined,1.7859533333333333,1.78464,1.78464,0.011264,0.9056,0.27456,1.78464,hbm_floor_unique,0.07359093897554292
heldout_gpqa_b4_l26_s11,4,B0,6x4x512,pipelined,3.4344786666666667,3.432,3.432,0.022528,1.748976,0.27456,3.432,hbm_floor_unique,0.07222222222220687
heldout_gpqa_b8_l26_s11,8,B0,6x4x512,pipelined,4.945861333333333,4.66752,4.94208,0.045056,2.523104,0.54912,4.94208,hbm_floor_actual,0.07651299317965599
heldout_gpqa_b16_l26_s11,16,B0,6x4x512,pipelined,7.419350666666666,6.864,7.41312,0.090112,3.8103113333333334,0.82368,7.41312,hbm_floor_actual,0.08404918127140615
heldout_swe_b2_l2_s3,2,B0,6x4x512,pipelined,1.7859533333333333,1.78464,1.78464,0.011264,0.9056,0.27456,1.78464,hbm_floor_unique,0.07359093897554292
heldout_swe_b4_l2_s3,4,B0,6x4x512,pipelined,2.0608666666666666,2.0592,2.0592,0.022528,1.0544906666666667,0.27456,2.0592,hbm_floor_unique,0.08093758093756787
heldout_swe_b8_l2_s3,8,B0,6x4x512,pipelined,2.610421333333333,2.33376,2.60832,0.045056,1.3623433333333332,0.54912,2.60832,hbm_floor_actual,0.0805627121416519
heldout_swe_b16_l2_s3,16,B0,6x4x512,pipelined,4.121098666666667,2.7456,4.1184,0.090112,2.18978,0.82368,4.1184,hbm_floor_actual,0.06552706552707122
heldout_swe_b2_l2_s7,2,B0,6x4x512,pipelined,1.7859533333333333,1.78464,1.78464,0.011264,0.9056,0.27456,1.78464,hbm_floor_unique,0.07359093897554292
heldout_swe_b4_l2_s7,4,B0,6x4x512,pipelined,2.3356866666666667,2.33376,2.33376,0.022528,1.1937546666666667,0.27456,2.33376,hbm_floor_unique,0.08255633255631611
heldout_swe_b8_l2_s7,8,B0,6x4x512,pipelined,2.885185333333333,2.47104,2.88288,0.045056,1.4960766666666667,0.54912,2.88288,hbm_floor_actual,0.07996632996631892
heldout_swe_b16_l2_s7,16,B0,6x4x512,pipelined,4.3958466666666665,3.02016,4.39296,0.090112,2.3262886666666667,0.82368,4.39296,hbm_floor_actual,0.0657111985236769
heldout_swe_b2_l2_s11,2,B0,6x4x512,pipelined,1.7859533333333333,1.78464,1.78464,0.011264,0.9056,0.27456,1.78464,hbm_floor_unique,0.07359093897554292
heldout_swe_b4_l2_s11,4,B0,6x4x512,pipelined,2.8851186666666666,2.88288,2.88288,0.022528,1.470448,0.27456,2.88288,hbm_floor_unique,0.0776538276538119
heldout_swe_b8_l2_s11,8,B0,6x4x512,pipelined,3.022529333333333,2.60832,3.02016,0.045056,1.5694113333333333,0.54912,3.02016,hbm_floor_actual,0.07845058981421626
heldout_swe_b16_l2_s11,16,B0,6x4x512,pipelined,5.082902666666666,3.84384,5.07936,0.090112,2.6661426666666665,0.82368,5.07936,hbm_floor_actual,0.06974631974629997
heldout_swe_b2_l13_s3,2,B0,6x4x512,pipelined,1.9232933333333333,1.92192,1.92192,0.011264,0.975232,0.27456,1.92192,hbm_floor_unique,0.07145632145630909
heldout_swe_b4_l13_s3,4,B0,6x4x512,pipelined,2.6103066666666663,2.60832,2.60832,0.022528,1.331184,0.27456,2.60832,hbm_floor_unique,0.07616652353494846
heldout_swe_b8_l13_s3,8,B0,6x4x512,pipelined,3.022661333333333,2.7456,3.02016,0.045056,1.559264,0.54912,3.02016,hbm_floor_actual,0.08282121918483654
heldout_swe_b16_l13_s3,16,B0,6x4x512,pipelined,4.258654666666666,2.88288,4.25568,0.090112,2.2520333333333333,0.82368,4.25568,hbm_floor_actual,0.06989873925355994
heldout_swe_b2_l13_s7,2,B0,6x4x512,pipelined,1.9232933333333333,1.92192,1.92192,0.011264,0.975232,0.27456,1.92192,hbm_floor_unique,0.07145632145630909
heldout_swe_b4_l13_s7,4,B0,6x4x512,pipelined,2.8850586666666667,2.88288,2.88288,0.022528,1.470448,0.27456,2.88288,hbm_floor_unique,0.07557257557258001
heldout_swe_b8_l13_s7,8,B0,6x4x512,pipelined,3.297221333333333,2.88288,3.29472,0.045056,1.6994686666666667,0.54912,3.29472,hbm_floor_actual,0.0759194509194483
heldout_swe_b16_l13_s7,16,B0,6x4x512,pipelined,4.395998666666666,3.02016,4.39296,0.090112,2.3207446666666667,0.82368,4.39296,hbm_floor_actual,0.06917128010877072
heldout_swe_b2_l13_s11,2,B0,6x4x512,pipelined,1.6486133333333333,1.64736,1.64736,0.011264,0.835968,0.27456,1.64736,hbm_floor_unique,0.07608132608132312
heldout_swe_b4_l13_s11,4,B0,6x4x512,pipelined,3.0225266666666664,3.02016,3.02016,0.022528,1.54008,0.27456,3.02016,hbm_floor_unique,0.07836229427138353
heldout_swe_b8_l13_s11,8,B0,6x4x512,pipelined,3.022389333333333,2.60832,3.02016,0.045056,1.5703386666666668,0.54912,3.02016,hbm_floor_actual,0.07381507381505337
heldout_swe_b16_l13_s11,16,B0,6x4x512,pipelined,5.082962666666666,3.84384,5.07936,0.090112,2.6680106666666665,0.82368,5.07936,hbm_floor_actual,0.07092757092754809
heldout_swe_b2_l26_s3,2,B0,6x4x512,pipelined,1.6486133333333333,1.64736,1.64736,0.011264,0.835968,0.27456,1.64736,hbm_floor_unique,0.07608132608132312
heldout_swe_b4_l26_s3,4,B0,6x4x512,pipelined,2.6103786666666666,2.60832,2.60832,0.022528,1.331184,0.27456,2.60832,hbm_floor_unique,0.07892692103217414
heldout_swe_b8_l26_s3,8,B0,6x4x512,pipelined,3.709173333333333,3.15744,3.70656,0.045056,1.916644,0.54912,3.70656,hbm_floor_actual,0.07050562606116806
heldout_swe_b16_l26_s3,16,B0,6x4x512,pipelined,5.220250666666666,3.84384,5.21664,0.090112,2.7321186666666666,0.82368,5.21664,hbm_floor_actual,0.06921441131966244
heldout_swe_b2_l26_s7,2,B0,6x4x512,pipelined,1.9232933333333333,1.92192,1.92192,0.011264,0.975232,0.27456,1.92192,hbm_floor_unique,0.07145632145630909
heldout_swe_b4_l26_s7,4,B0,6x4x512,pipelined,2.4729666666666663,2.47104,2.47104,0.022528,1.261552,0.27456,2.47104,hbm_floor_unique,0.07796986963652941
heldout_swe_b8_l26_s7,8,B0,6x4x512,pipelined,3.297413333333333,3.02016,3.29472,0.045056,1.699462,0.54912,3.29472,hbm_floor_actual,0.08174695674694199
heldout_swe_b16_l26_s7,16,B0,6x4x512,pipelined,4.533410666666666,3.15744,4.53024,0.090112,2.391284,0.82368,4.53024,hbm_floor_actual,0.0699889336252868
heldout_swe_b2_l26_s11,2,B0,6x4x512,pipelined,1.9232933333333333,1.92192,1.92192,0.011264,0.975232,0.27456,1.92192,hbm_floor_unique,0.07145632145630909
heldout_swe_b4_l26_s11,4,B0,6x4x512,pipelined,3.4345466666666664,3.432,3.432,0.022528,1.748976,0.27456,3.432,hbm_floor_unique,0.07420357420357959
heldout_swe_b8_l26_s11,8,B0,6x4x512,pipelined,2.885325333333333,2.60832,2.88288,0.045056,1.49607,0.54912,2.88288,hbm_floor_actual,0.08482258482256366
heldout_swe_b16_l26_s11,16,B0,6x4x512,pipelined,5.494794666666666,4.1184,5.4912,0.090112,2.8769066666666667,0.82368,5.4912,hbm_floor_actual,0.06546231546229464
v3_captured_mixed_heldout_bfcl_t64_l2,64,B0,6x4x512,pipelined,15.796510666666666,8.64864,15.7872,0.360448,8.428446,3.02016,15.7872,hbm_floor_actual,0.05897604810647383
v3_captured_mixed_heldout_bfcl_t96_l2,96,B0,6x4x512,pipelined,21.289172,8.78592,21.2784,0.540672,11.474335333333334,4.66752,21.2784,hbm_floor_actual,0.05062410707572518
v3_captured_mixed_heldout_bfcl_t128_l2,128,B0,6x4x512,pipelined,27.605317333333332,9.06048,27.59328,0.720896,14.937089333333335,6.04032,27.59328,hbm_floor_actual,0.04362414810175075
v3_captured_mixed_heldout_bfcl_t64_l13,64,B0,6x4x512,pipelined,15.658546666666666,7.96224,15.64992,0.360448,8.377240666666667,3.02016,15.64992,hbm_floor_actual,0.05512275249117682
v3_captured_mixed_heldout_bfcl_t96_l13,96,B0,6x4x512,pipelined,21.70068,8.64864,21.69024,0.540672,11.687848,4.66752,21.69024,hbm_floor_actual,0.04813224749933287
v3_captured_mixed_heldout_bfcl_t128_l13,128,B0,6x4x512,pipelined,27.330641333333332,8.78592,27.31872,0.720896,14.794129333333334,6.04032,27.31872,hbm_floor_actual,0.0436379644922269
v3_captured_mixed_heldout_bfcl_t64_l26,64,B0,6x4x512,pipelined,15.521654666666667,8.51136,15.51264,0.360448,8.310377333333333,3.02016,15.51264,hbm_floor_actual,0.05811175058962892
v3_captured_mixed_heldout_bfcl_t96_l26,96,B0,6x4x512,pipelined,21.700924,8.9232,21.69024,0.540672,11.693372,4.66752,21.69024,hbm_floor_actual,0.04925717742172431
v3_captured_mixed_heldout_bfcl_t128_l26,128,B0,6x4x512,pipelined,27.193545333333333,9.06048,27.18144,0.720896,14.729114,6.04032,27.18144,hbm_floor_actual,0.044535290747416134
v3_captured_mixed_heldout_gpqa_t64_l2,64,B0,6x4x512,pipelined,15.659062666666665,8.9232,15.64992,0.360448,8.380916666666668,3.02016,15.64992,hbm_floor_actual,0.058419893946215495
v3_captured_mixed_heldout_gpqa_t96_l2,96,B0,6x4x512,pipelined,21.151784,9.06048,21.14112,0.540672,11.429568,4.66752,21.14112,hbm_floor_actual,0.050441982260163165
v3_captured_mixed_heldout_gpqa_t128_l2,128,B0,6x4x512,pipelined,27.742441333333332,9.06048,27.73056,0.720896,15.025154666666666,6.04032,27.73056,hbm_floor_actual,0.04284563071690339
v3_captured_mixed_heldout_gpqa_t64_l13,64,B0,6x4x512,pipelined,14.834794666666665,7.96224,14.82624,0.360448,7.968655333333333,3.02016,14.82624,hbm_floor_actual,0.05769950214393749
v3_captured_mixed_heldout_gpqa_t96_l13,96,B0,6x4x512,pipelined,21.42582,8.37408,21.41568,0.540672,11.571627333333334,4.66752,21.41568,hbm_floor_actual,0.047348484848486194
v3_captured_mixed_heldout_gpqa_t128_l13,128,B0,6x4x512,pipelined,27.19307333333333,8.51136,27.18144,0.720896,14.741102666666666,6.04032,27.18144,hbm_floor_actual,0.04279881173820943
v3_captured_mixed_heldout_gpqa_t64_l26,64,B0,6x4x512,pipelined,15.659326666666667,8.9232,15.64992,0.360448,8.377227333333334,3.02016,15.64992,hbm_floor_actual,0.060106803527859576
v3_captured_mixed_heldout_gpqa_t96_l26,96,B0,6x4x512,pipelined,21.838112,9.06048,21.82752,0.540672,11.781424,4.66752,21.82752,hbm_floor_actual,0.04852589758250758
v3_captured_mixed_heldout_gpqa_t128_l26,128,B0,6x4x512,pipelined,27.05617733333333,9.06048,27.04416,0.720896,14.671457333333334,6.04032,27.04416,hbm_floor_actual,0.044435964486710944
v3_captured_mixed_heldout_swe_t64_l2,64,B0,6x4x512,pipelined,15.659190666666666,8.78592,15.64992,0.360448,8.373571333333333,3.02016,15.64992,hbm_floor_actual,0.05923778950094327
v3_captured_mixed_heldout_swe_t96_l2,96,B0,6x4x512,pipelined,21.700984,8.9232,21.69024,0.540672,11.697048,4.66752,21.69024,hbm_floor_actual,0.04953379953380743
v3_captured_mixed_heldout_swe_t128_l2,128,B0,6x4x512,pipelined,28.017145333333332,9.06048,28.00512,0.720896,15.155192,6.04032,28.00512,hbm_floor_actual,0.04293976720446402
v3_captured_mixed_heldout_swe_t64_l13,64,B0,6x4x512,pipelined,14.971754666666666,7.41312,14.96352,0.360448,8.032783333333333,3.02016,14.96352,hbm_floor_actual,0.05503161466464679
v3_captured_mixed_heldout_swe_t96_l13,96,B0,6x4x512,pipelined,21.837895999999994,8.2368,21.82752,0.540672,11.756539333333334,4.66752,21.82752,hbm_floor_actual,0.047536321121199876
v3_captured_mixed_heldout_swe_t128_l13,128,B0,6x4x512,pipelined,27.87981333333333,8.78592,27.86784,0.720896,15.07636,6.04032,27.86784,hbm_floor_actual,0.042964698137115676
v3_captured_mixed_heldout_swe_t64_l26,64,B0,6x4x512,pipelined,15.658810666666666,8.37408,15.64992,0.360448,8.380916666666668,3.02016,15.64992,hbm_floor_actual,0.0568096620728209
v3_captured_mixed_heldout_swe_t96_l26,96,B0,6x4x512,pipelined,22.112348,8.51136,22.10208,0.540672,11.924364,4.66752,22.10208,hbm_floor_actual,0.04645716602238448
v3_captured_mixed_heldout_swe_t128_l26,128,B0,6x4x512,pipelined,27.330665333333332,9.06048,27.31872,0.720896,14.814410666666666,6.04032,27.31872,hbm_floor_actual,0.04372581633886874
heldout_bfcl_b2_l2_s3,2,B1,3x32x128,pipelined,1.9232893333333332,1.92192,1.92192,0.011264,0.709632,0.27456,1.92192,hbm_floor_unique,0.071248196248197
heldout_bfcl_b4_l2_s3,4,B1,3x32x128,pipelined,2.7476346666666664,2.7456,2.7456,0.022528,1.01376,0.27456,2.7456,hbm_floor_unique,0.07410644910643693
heldout_bfcl_b8_l2_s3,8,B1,3x32x128,pipelined,3.709477333333333,3.70656,3.70656,0.045056,1.368576,0.27456,3.70656,hbm_floor_unique,0.07870730092951472
heldout_bfcl_b16_l2_s3,16,B1,3x32x128,pipelined,4.946234666666666,4.94208,4.94208,0.090112,1.824768,0.27456,4.94208,hbm_floor_unique,0.08406716740048115
heldout_bfcl_b2_l2_s7,2,B1,3x32x128,pipelined,1.9232893333333332,1.92192,1.92192,0.011264,0.709632,0.27456,1.92192,hbm_floor_unique,0.071248196248197
heldout_bfcl_b4_l2_s7,4,B1,3x32x128,pipelined,3.0223826666666667,3.02016,3.02016,0.022528,1.115136,0.27456,3.02016,hbm_floor_unique,0.07359433495797152
heldout_bfcl_b8_l2_s7,8,B1,3x32x128,pipelined,4.121573333333333,4.1184,4.1184,0.045056,1.52064,0.27456,4.1184,hbm_floor_unique,0.07705257705257207
heldout_bfcl_b16_l2_s7,16,B1,3x32x128,pipelined,6.182654666666666,6.1776,6.1776,0.090112,2.28096,0.27456,6.1776,hbm_floor_unique,0.08182249848915912
heldout_bfcl_b2_l2_s11,2,B1,3x32x128,pipelined,1.3737853333333332,1.3728,1.3728,0.011264,0.50688,0.27456,1.3728,hbm_floor_unique,0.07177544677543501
heldout_bfcl_b4_l2_s11,4,B1,3x32x128,pipelined,3.0223826666666667,3.02016,3.02016,0.022528,1.115136,0.27456,3.02016,hbm_floor_unique,0.07359433495797152
heldout_bfcl_b8_l2_s11,8,B1,3x32x128,pipelined,4.258973333333333,4.25568,4.25568,0.045056,1.571328,0.27456,4.25568,hbm_floor_unique,0.07738677093516166
heldout_bfcl_b16_l2_s11,16,B1,3x32x128,pipelined,7.006926666666666,7.00128,7.00128,0.090112,2.585088,0.27456,7.00128,hbm_floor_unique,0.08065191888719792
heldout_bfcl_b2_l13_s3,2,B1,3x32x128,pipelined,1.6485373333333333,1.64736,1.64736,0.011264,0.608256,0.27456,1.64736,hbm_floor_unique,0.07146788396787951
heldout_bfcl_b4_l13_s3,4,B1,3x32x128,pipelined,3.2971346666666665,3.29472,3.29472,0.022528,1.216512,0.27456,3.29472,hbm_floor_unique,0.07328897953897684
heldout_bfcl_b8_l13_s3,8,B1,3x32x128,pipelined,3.984161333333333,3.98112,3.98112,0.045056,1.469952,0.27456,3.98112,hbm_floor_unique,0.07639391260079176
heldout_bfcl_b16_l13_s3,16,B1,3x32x128,pipelined,5.495674666666666,5.4912,5.4912,0.090112,2.02752,0.27456,5.4912,hbm_floor_unique,0.08148795648794671
heldout_bfcl_b2_l13_s7,2,B1,3x32x128,pipelined,1.9232893333333332,1.92192,1.92192,0.011264,0.709632,0.27456,1.92192,hbm_floor_unique,0.071248196248197
heldout_bfcl_b4_l13_s7,4,B1,3x32x128,pipelined,3.0223826666666667,3.02016,3.02016,0.022528,1.115136,0.27456,3.02016,hbm_floor_unique,0.07359433495797152
heldout_bfcl_b8_l13_s7,8,B1,3x32x128,pipelined,4.396389333333333,4.39296,4.39296,0.045056,1.622016,0.27456,4.39296,hbm_floor_unique,0.07806429681429528
heldout_bfcl_b16_l13_s7,16,B1,3x32x128,pipelined,5.495670666666666,5.4912,5.4912,0.090112,2.02752,0.27456,5.4912,hbm_floor_unique,0.08141511266510637
heldout_bfcl_b2_l13_s11,2,B1,3x32x128,pipelined,1.2363773333333332,1.23552,1.23552,0.011264,0.456192,0.27456,1.23552,hbm_floor_unique,0.06939048605714149
heldout_bfcl_b4_l13_s11,4,B1,3x32x128,pipelined,2.8849746666666665,2.88288,2.88288,0.022528,1.064448,0.27456,2.88288,hbm_floor_unique,0.07265882265881096
heldout_bfcl_b8_l13_s11,8,B1,3x32x128,pipelined,3.709473333333333,3.70656,3.70656,0.045056,1.368576,0.27456,3.70656,hbm_floor_unique,0.0785993841549315
heldout_bfcl_b16_l13_s11,16,B1,3x32x128,pipelined,6.457346666666666,6.45216,6.45216,0.090112,2.382336,0.27456,6.45216,hbm_floor_unique,0.08038651655672968
heldout_bfcl_b2_l26_s3,2,B1,3x32x128,pipelined,1.7858813333333332,1.78464,1.78464,0.011264,0.658944,0.27456,1.78464,hbm_floor_unique,0.06955651186419942
heldout_bfcl_b4_l26_s3,4,B1,3x32x128,pipelined,3.2971346666666665,3.29472,3.29472,0.022528,1.216512,0.27456,3.29472,hbm_floor_unique,0.07328897953897684
heldout_bfcl_b8_l26_s3,8,B1,3x32x128,pipelined,4.2590493333333335,4.25568,4.25568,0.045056,1.571328,0.27456,4.25568,hbm_floor_unique,0.07917261949519361
heldout_bfcl_b16_l26_s3,16,B1,3x32x128,pipelined,6.320006666666666,6.31488,6.31488,0.090112,2.331648,0.27456,6.31488,hbm_floor_unique,0.08118391270564018
heldout_bfcl_b2_l26_s7,2,B1,3x32x128,pipelined,1.6485373333333333,1.64736,1.64736,0.011264,0.608256,0.27456,1.64736,hbm_floor_unique,0.07146788396787951
heldout_bfcl_b4_l26_s7,4,B1,3x32x128,pipelined,3.2971346666666665,3.29472,3.29472,0.022528,1.216512,0.27456,3.29472,hbm_floor_unique,0.07328897953897684
heldout_bfcl_b8_l26_s7,8,B1,3x32x128,pipelined,4.671141333333333,4.66752,4.66752,0.045056,1.723392,0.27456,4.66752,hbm_floor_unique,0.07758581287993227
heldout_bfcl_b16_l26_s7,16,B1,3x32x128,pipelined,5.770574666666666,5.76576,5.76576,0.090112,2.128896,0.27456,5.76576,hbm_floor_unique,0.08350445850444643
heldout_bfcl_b2_l26_s11,2,B1,3x32x128,pipelined,1.3737853333333332,1.3728,1.3728,0.011264,0.50688,0.27456,1.3728,hbm_floor_unique,0.07177544677543501
heldout_bfcl_b4_l26_s11,4,B1,3x32x128,pipelined,3.0223826666666667,3.02016,3.02016,0.022528,1.115136,0.27456,3.02016,hbm_floor_unique,0.07359433495797152
heldout_bfcl_b8_l26_s11,8,B1,3x32x128,pipelined,4.533661333333333,4.53024,4.53024,0.045056,1.672704,0.27456,4.53024,hbm_floor_unique,0.07552212097665656
heldout_bfcl_b16_l26_s11,16,B1,3x32x128,pipelined,6.594838666666666,6.58944,6.58944,0.090112,2.433024,0.27456,6.58944,hbm_floor_unique,0.08192906630406505
heldout_gpqa_b2_l2_s3,2,B1,3x32x128,pipelined,1.7858813333333332,1.78464,1.78464,0.011264,0.658944,0.27456,1.78464,hbm_floor_unique,0.06955651186419942
heldout_gpqa_b4_l2_s3,4,B1,3x32x128,pipelined,2.4729546666666664,2.47104,2.47104,0.022528,0.912384,0.27456,2.47104,hbm_floor_unique,0.07748424415090494
heldout_gpqa_b8_l2_s3,8,B1,3x32x128,pipelined,3.159901333333333,3.15744,3.15744,0.045056,1.165824,0.27456,3.15744,hbm_floor_unique,0.07795344751866384
heldout_gpqa_b16_l2_s3,16,B1,3x32x128,pipelined,3.8471546666666665,3.84384,3.84384,0.090112,1.419264,0.27456,3.84384,hbm_floor_unique,0.08623321123319982
heldout_gpqa_b2_l2_s7,2,B1,3x32x128,pipelined,1.9232893333333332,1.92192,1.92192,0.011264,0.709632,0.27456,1.92192,hbm_floor_unique,0.071248196248197
heldout_gpqa_b4_l2_s7,4,B1,3x32x128,pipelined,3.2971346666666665,3.29472,3.29472,0.022528,1.216512,0.27456,3.29472,hbm_floor_unique,0.07328897953897684
heldout_gpqa_b8_l2_s7,8,B1,3x32x128,pipelined,4.671145333333333,4.66752,4.66752,0.045056,1.723392,0.27456,4.66752,hbm_floor_unique,0.07767151149502549
heldout_gpqa_b16_l2_s7,16,B1,3x32x128,pipelined,6.457354666666666,6.45216,6.45216,0.090112,2.382336,0.27456,6.45216,hbm_floor_unique,0.08051050604240828
heldout_gpqa_b2_l2_s11,2,B1,3x32x128,pipelined,1.5111293333333333,1.51008,1.51008,0.011264,0.557568,0.27456,1.51008,hbm_floor_unique,0.06948859221584947
heldout_gpqa_b4_l2_s11,4,B1,3x32x128,pipelined,3.1597266666666664,3.15744,3.15744,0.022528,1.165824,0.27456,3.15744,hbm_floor_unique,0.07242153981283916
heldout_gpqa_b8_l2_s11,8,B1,3x32x128,pipelined,5.220641333333333,5.21664,5.21664,0.045056,1.926144,0.27456,5.21664,hbm_floor_unique,0.07670326749273926
heldout_gpqa_b16_l2_s11,16,B1,3x32x128,pipelined,6.869590666666666,6.864,6.864,0.090112,2.5344,0.27456,6.864,hbm_floor_unique,0.08144910644909409
heldout_gpqa_b2_l13_s3,2,B1,3x32x128,pipelined,1.7858813333333332,1.78464,1.78464,0.011264,0.658944,0.27456,1.78464,hbm_floor_unique,0.06955651186419942
heldout_gpqa_b4_l13_s3,4,B1,3x32x128,pipelined,2.6102906666666663,2.60832,2.60832,0.022528,0.963072,0.27456,2.60832,hbm_floor_unique,0.07555310186888597
heldout_gpqa_b8_l13_s3,8,B1,3x32x128,pipelined,3.846885333333333,3.84384,3.84384,0.045056,1.419264,0.27456,3.84384,hbm_floor_unique,0.07922632922632289
heldout_gpqa_b16_l13_s3,16,B1,3x32x128,pipelined,4.396798666666666,4.39296,4.39296,0.090112,1.622016,0.27456,4.39296,hbm_floor_unique,0.08738223581972182
heldout_gpqa_b2_l13_s7,2,B1,3x32x128,pipelined,1.7858813333333332,1.78464,1.78464,0.011264,0.658944,0.27456,1.78464,hbm_floor_unique,0.06955651186419942
heldout_gpqa_b4_l13_s7,4,B1,3x32x128,pipelined,3.1597266666666664,3.15744,3.15744,0.022528,1.165824,0.27456,3.15744,hbm_floor_unique,0.07242153981283916
heldout_gpqa_b8_l13_s7,8,B1,3x32x128,pipelined,4.808489333333333,4.8048,4.8048,0.045056,1.77408,0.27456,4.8048,hbm_floor_unique,0.07678432678432934
heldout_gpqa_b16_l13_s7,16,B1,3x32x128,pipelined,6.045250666666666,6.04032,6.04032,0.090112,2.230272,0.27456,6.04032,hbm_floor_unique,0.08162922935648353
heldout_gpqa_b2_l13_s11,2,B1,3x32x128,pipelined,1.2363773333333332,1.23552,1.23552,0.011264,0.456192,0.27456,1.23552,hbm_floor_unique,0.06939048605714149
heldout_gpqa_b4_l13_s11,4,B1,3x32x128,pipelined,3.2971346666666665,3.29472,3.29472,0.022528,1.216512,0.27456,3.29472,hbm_floor_unique,0.07328897953897684
heldout_gpqa_b8_l13_s11,8,B1,3x32x128,pipelined,4.121573333333333,4.1184,4.1184,0.045056,1.52064,0.27456,4.1184,hbm_floor_unique,0.07705257705257207
heldout_gpqa_b16_l13_s11,16,B1,3x32x128,pipelined,6.182598666666666,6.1776,6.1776,0.090112,2.28096,0.27456,6.1776,hbm_floor_unique,0.08091599758266455
heldout_gpqa_b2_l26_s3,2,B1,3x32x128,pipelined,1.9232893333333332,1.92192,1.92192,0.011264,0.709632,0.27456,1.92192,hbm_floor_unique,0.071248196248197
heldout_gpqa_b4_l26_s3,4,B1,3x32x128,pipelined,2.3355466666666667,2.33376,2.33376,0.022528,0.861696,0.27456,2.33376,hbm_floor_unique,0.07655742949859157
heldout_gpqa_b8_l26_s3,8,B1,3x32x128,pipelined,3.434793333333333,3.432,3.432,0.045056,1.2672,0.27456,3.432,hbm_floor_unique,0.08139083139082626
heldout_gpqa_b16_l26_s3,16,B1,3x32x128,pipelined,4.671414666666666,4.66752,4.66752,0.090112,1.723392,0.27456,4.66752,hbm_floor_unique,0.08344188491244964
heldout_gpqa_b2_l26_s7,2,B1,3x32x128,pipelined,1.9232893333333332,1.92192,1.92192,0.011264,0.709632,0.27456,1.92192,hbm_floor_unique,0.071248196248197
heldout_gpqa_b4_l26_s7,4,B1,3x32x128,pipelined,3.1597266666666664,3.15744,3.15744,0.022528,1.165824,0.27456,3.15744,hbm_floor_unique,0.07242153981283916
heldout_gpqa_b8_l26_s7,8,B1,3x32x128,pipelined,4.671209333333333,4.66752,4.66752,0.045056,1.723392,0.27456,4.66752,hbm_floor_unique,0.0790426893368057
heldout_gpqa_b16_l26_s7,16,B1,3x32x128,pipelined,6.3199266666666665,6.31488,6.31488,0.090112,2.331648,0.27456,6.31488,hbm_floor_unique,0.07991706361270001
heldout_gpqa_b2_l26_s11,2,B1,3x32x128,pipelined,1.7858813333333332,1.78464,1.78464,0.011264,0.658944,0.27456,1.78464,hbm_floor_unique,0.06955651186419942
heldout_gpqa_b4_l26_s11,4,B1,3x32x128,pipelined,3.4344786666666667,3.432,3.432,0.022528,1.2672,0.27456,3.432,hbm_floor_unique,0.07222222222220687
heldout_gpqa_b8_l26_s11,8,B1,3x32x128,pipelined,4.671213333333333,4.66752,4.66752,0.045056,1.723392,0.27456,4.66752,hbm_floor_unique,0.07912838795192112
heldout_gpqa_b16_l26_s11,16,B1,3x32x128,pipelined,6.869442666666666,6.864,6.864,0.090112,2.5344,0.27456,6.864,hbm_floor_unique,0.07929292929291787
heldout_swe_b2_l2_s3,2,B1,3x32x128,pipelined,1.7858813333333332,1.78464,1.78464,0.011264,0.658944,0.27456,1.78464,hbm_floor_unique,0.06955651186419942
heldout_swe_b4_l2_s3,4,B1,3x32x128,pipelined,2.0607906666666667,2.0592,2.0592,0.022528,0.76032,0.27456,2.0592,hbm_floor_unique,0.07724682724681298
heldout_swe_b8_l2_s3,8,B1,3x32x128,pipelined,2.335717333333333,2.33376,2.33376,0.045056,0.861696,0.27456,2.33376,hbm_floor_unique,0.08387037798800456
heldout_swe_b16_l2_s3,16,B1,3x32x128,pipelined,2.7482266666666666,2.7456,2.7456,0.090112,1.01376,0.27456,2.7456,hbm_floor_unique,0.09566822066822134
heldout_swe_b2_l2_s7,2,B1,3x32x128,pipelined,1.7858813333333332,1.78464,1.78464,0.011264,0.658944,0.27456,1.78464,hbm_floor_unique,0.06955651186419942
heldout_swe_b4_l2_s7,4,B1,3x32x128,pipelined,2.3354746666666664,2.33376,2.33376,0.022528,0.861696,0.27456,2.33376,hbm_floor_unique,0.07347227935463607
heldout_swe_b8_l2_s7,8,B1,3x32x128,pipelined,2.473129333333333,2.47104,2.47104,0.045056,0.912384,0.27456,2.47104,hbm_floor_unique,0.08455279288610562
heldout_swe_b16_l2_s7,16,B1,3x32x128,pipelined,3.0230426666666665,3.02016,3.02016,0.090112,1.115136,0.27456,3.02016,hbm_floor_unique,0.09544748181111729
heldout_swe_b2_l2_s11,2,B1,3x32x128,pipelined,1.7858813333333332,1.78464,1.78464,0.011264,0.658944,0.27456,1.78464,hbm_floor_unique,0.06955651186419942
heldout_swe_b4_l2_s11,4,B1,3x32x128,pipelined,2.8849786666666666,2.88288,2.88288,0.022528,1.064448,0.27456,2.88288,hbm_floor_unique,0.07279757279756716
heldout_swe_b8_l2_s11,8,B1,3x32x128,pipelined,2.6103973333333332,2.60832,2.60832,0.045056,0.963072,0.27456,2.60832,hbm_floor_unique,0.07964257964256927
heldout_swe_b16_l2_s11,16,B1,3x32x128,pipelined,3.8472306666666665,3.84384,3.84384,0.090112,1.419264,0.27456,3.84384,hbm_floor_unique,0.08821040071038677
heldout_swe_b2_l13_s3,2,B1,3x32x128,pipelined,1.9232893333333332,1.92192,1.92192,0.011264,0.709632,0.27456,1.92192,hbm_floor_unique,0.071248196248197
heldout_swe_b4_l13_s3,4,B1,3x32x128,pipelined,2.6102946666666664,2.60832,2.60832,0.022528,0.963072,0.27456,2.60832,hbm_floor_unique,0.07570645728540715
heldout_swe_b8_l13_s3,8,B1,3x32x128,pipelined,2.747953333333333,2.7456,2.7456,0.045056,1.01376,0.27456,2.7456,hbm_floor_unique,0.0857128982128863
heldout_swe_b16_l13_s3,16,B1,3x32x128,pipelined,2.8857026666666665,2.88288,2.88288,0.090112,1.064448,0.27456,2.88288,hbm_floor_unique,0.09791134791135025
heldout_swe_b2_l13_s7,2,B1,3x32x128,pipelined,1.9232893333333332,1.92192,1.92192,0.011264,0.709632,0.27456,1.92192,hbm_floor_unique,0.071248196248197
heldout_swe_b4_l13_s7,4,B1,3x32x128,pipelined,2.8849746666666665,2.88288,2.88288,0.022528,1.064448,0.27456,2.88288,hbm_floor_unique,0.07265882265881096
heldout_swe_b8_l13_s7,8,B1,3x32x128,pipelined,2.885297333333333,2.88288,2.88288,0.045056,1.064448,0.27456,2.88288,hbm_floor_unique,0.08385133385131471
heldout_swe_b16_l13_s7,16,B1,3x32x128,pipelined,3.0229146666666664,3.02016,3.02016,0.090112,1.115136,0.27456,3.02016,hbm_floor_unique,0.09120929575474612
heldout_swe_b2_l13_s11,2,B1,3x32x128,pipelined,1.6485373333333333,1.64736,1.64736,0.011264,0.608256,0.27456,1.64736,hbm_floor_unique,0.07146788396787951
heldout_swe_b4_l13_s11,4,B1,3x32x128,pipelined,3.0223826666666667,3.02016,3.02016,0.022528,1.115136,0.27456,3.02016,hbm_floor_unique,0.07359433495797152
heldout_swe_b8_l13_s11,8,B1,3x32x128,pipelined,2.610461333333333,2.60832,2.60832,0.045056,0.963072,0.27456,2.60832,hbm_floor_unique,0.0820962663067748
heldout_swe_b16_l13_s11,16,B1,3x32x128,pipelined,3.8472306666666665,3.84384,3.84384,0.090112,1.419264,0.27456,3.84384,hbm_floor_unique,0.08821040071038677
heldout_swe_b2_l26_s3,2,B1,3x32x128,pipelined,1.6485373333333333,1.64736,1.64736,0.011264,0.608256,0.27456,1.64736,hbm_floor_unique,0.07146788396787951
heldout_swe_b4_l26_s3,4,B1,3x32x128,pipelined,2.6102226666666666,2.60832,2.60832,0.022528,0.963072,0.27456,2.60832,hbm_floor_unique,0.07294605978815927
heldout_swe_b8_l26_s3,8,B1,3x32x128,pipelined,3.159897333333333,3.15744,3.15744,0.045056,1.165824,0.27456,3.15744,hbm_floor_unique,0.0778267626093676
heldout_swe_b16_l26_s3,16,B1,3x32x128,pipelined,3.8472386666666667,3.84384,3.84384,0.090112,1.419264,0.27456,3.84384,hbm_floor_unique,0.08841852591852106
heldout_swe_b2_l26_s7,2,B1,3x32x128,pipelined,1.9232893333333332,1.92192,1.92192,0.011264,0.709632,0.27456,1.92192,hbm_floor_unique,0.071248196248197
heldout_swe_b4_l26_s7,4,B1,3x32x128,pipelined,2.4728786666666664,2.47104,2.47104,0.022528,0.912384,0.27456,2.47104,hbm_floor_unique,0.07440861607528326
heldout_swe_b8_l26_s7,8,B1,3x32x128,pipelined,3.022637333333333,3.02016,3.02016,0.045056,1.115136,0.27456,3.02016,hbm_floor_unique,0.08202655929927527
heldout_swe_b16_l26_s7,16,B1,3x32x128,pipelined,3.1603146666666664,3.15744,3.15744,0.090112,1.165824,0.27456,3.15744,hbm_floor_unique,0.09104422147900859
heldout_swe_b2_l26_s11,2,B1,3x32x128,pipelined,1.9232893333333332,1.92192,1.92192,0.011264,0.709632,0.27456,1.92192,hbm_floor_unique,0.071248196248197
heldout_swe_b4_l26_s11,4,B1,3x32x128,pipelined,3.4344786666666667,3.432,3.432,0.022528,1.2672,0.27456,3.432,hbm_floor_unique,0.07222222222220687
heldout_swe_b8_l26_s11,8,B1,3x32x128,pipelined,2.610393333333333,2.60832,2.60832,0.045056,0.963072,0.27456,2.60832,hbm_floor_unique,0.0794892242260481
heldout_swe_b16_l26_s11,16,B1,3x32x128,pipelined,4.121918666666667,4.1184,4.1184,0.090112,1.52064,0.27456,4.1184,hbm_floor_unique,0.08543771043769688
v3_captured_mixed_heldout_bfcl_t64_l2,64,B1,3x32x128,pipelined,8.759917,8.64864,8.64864,0.360448,3.193344,0.3768533333333333,8.64864,hbm_floor_unique,1.2866415991416025
v3_captured_mixed_heldout_bfcl_t96_l2,96,B1,3x32x128,pipelined,9.191893,8.78592,9.06048,0.540672,3.345408,0.54912,9.06048,hbm_floor_actual,1.4503977714205085
v3_captured_mixed_heldout_bfcl_t128_l2,128,B1,3x32x128,pipelined,9.536172999999998,9.06048,9.33504,0.720896,3.446784,0.7372906666666666,9.33504,hbm_floor_actual,2.154602444124487
v3_captured_mixed_heldout_bfcl_t64_l13,64,B1,3x32x128,pipelined,8.072852,7.96224,7.96224,0.360448,2.939904,0.3768533333333333,7.96224,hbm_floor_unique,1.3892070573105153
v3_captured_mixed_heldout_bfcl_t96_l13,96,B1,3x32x128,pipelined,9.07362440177881,8.64864,8.9232,0.540672,3.29472,0.54912,8.9232,hbm_floor_actual,1.6857674576251869
v3_captured_mixed_heldout_bfcl_t128_l13,128,B1,3x32x128,pipelined,9.325074882641083,8.78592,9.06048,0.720896,3.345408,0.7372906666666666,9.06048,hbm_floor_actual,2.9203185994680414
v3_captured_mixed_heldout_bfcl_t64_l26,64,B1,3x32x128,pipelined,8.622424,8.51136,8.51136,0.360448,3.142656,0.3768533333333333,8.51136,hbm_floor_unique,1.304891345213921
v3_captured_mixed_heldout_bfcl_t96_l26,96,B1,3x32x128,pipelined,9.329292,8.9232,9.19776,0.540672,3.396096,0.54912,9.19776,hbm_floor_actual,1.4300438367602641
v3_captured_mixed_heldout_bfcl_t128_l26,128,B1,3x32x128,pipelined,9.542492662303664,9.06048,9.33504,0.720896,3.446784,0.7372906666666666,9.33504,hbm_floor_actual,2.222300732548166
v3_captured_mixed_heldout_gpqa_t64_l2,64,B1,3x32x128,pipelined,9.034525,8.9232,8.9232,0.360448,3.29472,0.3768533333333333,8.9232,hbm_floor_unique,1.2475905504751639
v3_captured_mixed_heldout_gpqa_t96_l2,96,B1,3x32x128,pipelined,9.466565,9.06048,9.33504,0.540672,3.446784,0.54912,9.33504,hbm_floor_actual,1.408938794049086
v3_captured_mixed_heldout_gpqa_t128_l2,128,B1,3x32x128,pipelined,9.536160999999998,9.06048,9.33504,0.720896,3.446784,0.7372906666666666,9.33504,hbm_floor_actual,2.154473896201825
v3_captured_mixed_heldout_gpqa_t64_l13,64,B1,3x32x128,pipelined,8.07292,7.96224,7.96224,0.360448,2.939904,0.3768533333333333,7.96224,hbm_floor_unique,1.3900610883369469
v3_captured_mixed_heldout_gpqa_t96_l13,96,B1,3x32x128,pipelined,8.779716,8.37408,8.64864,0.540672,3.193344,0.54912,8.64864,hbm_floor_actual,1.5155677655677602
v3_captured_mixed_heldout_gpqa_t128_l13,128,B1,3x32x128,pipelined,8.986587999999998,8.51136,8.78592,0.720896,3.244032,0.7372906666666666,8.78592,hbm_floor_actual,2.2839725378787756
v3_captured_mixed_heldout_gpqa_t64_l26,64,B1,3x32x128,pipelined,9.034517,8.9232,8.9232,0.360448,3.29472,0.3768533333333333,8.9232,hbm_floor_unique,1.2475008965393553
v3_captured_mixed_heldout_gpqa_t96_l26,96,B1,3x32x128,pipelined,9.466557,9.06048,9.33504,0.540672,3.446784,0.54912,9.33504,hbm_floor_actual,1.4088530954339706
v3_captured_mixed_heldout_gpqa_t128_l26,128,B1,3x32x128,pipelined,9.536159999999999,9.06048,9.33504,0.720896,3.446784,0.7372906666666666,9.33504,hbm_floor_actual,2.154463183874933
v3_captured_mixed_heldout_swe_t64_l2,64,B1,3x32x128,pipelined,8.897321,8.78592,8.78592,0.360448,3.244032,0.3768533333333333,8.78592,hbm_floor_unique,1.2679491732226156
v3_captured_mixed_heldout_swe_t96_l2,96,B1,3x32x128,pipelined,9.329232999999999,8.9232,9.19776,0.540672,3.396096,0.54912,9.19776,hbm_floor_actual,1.429402376230704
v3_captured_mixed_heldout_swe_t128_l2,128,B1,3x32x128,pipelined,9.536167999999998,9.06048,9.33504,0.720896,3.446784,0.7372906666666666,9.33504,hbm_floor_actual,2.1545488824900483
v3_captured_mixed_heldout_swe_t64_l13,64,B1,3x32x128,pipelined,7.523488999999999,7.41312,7.41312,0.360448,2.737152,0.3768533333333333,7.41312,hbm_floor_unique,1.4888333117499597
v3_captured_mixed_heldout_swe_t96_l13,96,B1,3x32x128,pipelined,8.64263564206128,8.2368,8.51136,0.540672,3.142656,0.54912,8.51136,hbm_floor_actual,1.542358002261457
v3_captured_mixed_heldout_swe_t128_l13,128,B1,3x32x128,pipelined,9.271791456426415,8.78592,9.06048,0.720896,3.345408,0.7372906666666666,9.06048,hbm_floor_actual,2.332232469211526
v3_captured_mixed_heldout_swe_t64_l26,64,B1,3x32x128,pipelined,8.484944,8.37408,8.37408,0.360448,3.091968,0.3768533333333333,8.37408,hbm_floor_unique,1.3238946845504307
v3_captured_mixed_heldout_swe_t96_l26,96,B1,3x32x128,pipelined,8.916988,8.51136,8.78592,0.540672,3.244032,0.54912,8.78592,hbm_floor_actual,1.4917959644522139
v3_captured_mixed_heldout_swe_t128_l26,128,B1,3x32x128,pipelined,9.536087999999998,9.06048,9.33504,0.720896,3.446784,0.7372906666666666,9.33504,hbm_floor_actual,2.1536918963389384
heldout_bfcl_b2_l2_s3,2,B2,2x24x128+2x24x128,pipelined,1.9224013128579167,1.92192,1.92192,0.011264,0.712656,0.27456,1.92192,hbm_floor_unique,0.025043334681829066
heldout_bfcl_b4_l2_s3,4,B2,2x24x128+2x24x128,pipelined,2.883736871549485,2.7456,2.88288,0.022528,1.01808,0.27456,2.88288,hbm_floor_actual,0.029722761595518676
heldout_bfcl_b8_l2_s3,8,B2,2x24x128+2x24x128,pipelined,4.3936850408986174,3.70656,4.39296,0.045056,1.374408,0.27456,4.39296,hbm_floor_actual,0.01650460961668543
heldout_bfcl_b16_l2_s3,16,B2,2x24x128+2x24x128,pipelined,6.3160918187952495,4.94208,6.31488,0.090112,1.832544,0.27456,6.31488,hbm_floor_actual,0.019189894269566743
heldout_bfcl_b2_l2_s7,2,B2,2x24x128+2x24x128,pipelined,1.9224013128579167,1.92192,1.92192,0.011264,0.712656,0.27456,1.92192,hbm_floor_unique,0.025043334681829066
heldout_bfcl_b4_l2_s7,4,B2,2x24x128+2x24x128,pipelined,3.020975194877475,3.02016,3.02016,0.022528,1.119888,0.27456,3.02016,hbm_floor_unique,0.026991777835450037
heldout_bfcl_b8_l2_s7,8,B2,2x24x128+2x24x128,pipelined,4.668575836436144,4.1184,4.66752,0.045056,1.52712,0.27456,4.66752,hbm_floor_actual,0.022620930090155866
heldout_bfcl_b16_l2_s7,16,B2,2x24x128+2x24x128,pipelined,7.826502505876397,6.1776,7.82496,0.090112,2.29068,0.27456,7.82496,hbm_floor_actual,0.019712635929103328
heldout_bfcl_b2_l2_s11,2,B2,2x24x128+2x24x128,pipelined,1.3731570622366345,1.3728,1.3728,0.011264,0.50904,0.27456,1.3728,hbm_floor_unique,0.026009778309621367
heldout_bfcl_b4_l2_s11,4,B2,2x24x128+2x24x128,pipelined,3.020975194877475,3.02016,3.02016,0.022528,1.119888,0.27456,3.02016,hbm_floor_unique,0.026991777835450037
heldout_bfcl_b8_l2_s11,8,B2,2x24x128+2x24x128,pipelined,4.668539910258996,4.25568,4.66752,0.045056,1.578024,0.27456,4.66752,hbm_floor_actual,0.021851224183211393
heldout_bfcl_b16_l2_s11,16,B2,2x24x128+2x24x128,pipelined,7.689492326487826,7.00128,7.68768,0.090112,2.596104,0.27456,7.68768,hbm_floor_actual,0.02357442671683252
heldout_bfcl_b2_l13_s3,2,B2,2x24x128+2x24x128,pipelined,1.6477791855634774,1.64736,1.64736,0.011264,0.610848,0.27456,1.64736,hbm_floor_unique,0.02544589910387085
heldout_bfcl_b4_l13_s3,4,B2,2x24x128+2x24x128,pipelined,3.2955973418844287,3.29472,3.29472,0.022528,1.221696,0.27456,3.29472,hbm_floor_unique,0.026628723667831977
heldout_bfcl_b8_l13_s3,8,B2,2x24x128+2x24x128,pipelined,4.990169439617805,3.98112,4.94208,0.045056,1.476216,0.27456,4.94208,hbm_floor_actual,0.9730607278272574
heldout_bfcl_b16_l13_s3,16,B2,2x24x128+2x24x128,pipelined,6.865354881190644,5.4912,6.864,0.090112,2.03616,0.27456,6.864,hbm_floor_actual,0.01973894508513485
heldout_bfcl_b2_l13_s7,2,B2,2x24x128+2x24x128,pipelined,1.9224013128579167,1.92192,1.92192,0.011264,0.712656,0.27456,1.92192,hbm_floor_unique,0.025043334681829066
heldout_bfcl_b4_l13_s7,4,B2,2x24x128+2x24x128,pipelined,3.020975194877475,3.02016,3.02016,0.022528,1.119888,0.27456,3.02016,hbm_floor_unique,0.026991777835450037
heldout_bfcl_b8_l13_s7,8,B2,2x24x128+2x24x128,pipelined,4.668648269616334,4.39296,4.66752,0.045056,1.628928,0.27456,4.66752,hbm_floor_actual,0.024172785897724758
heldout_bfcl_b16_l13_s7,16,B2,2x24x128+2x24x128,pipelined,6.728134165760286,5.4912,6.72672,0.090112,2.03616,0.27456,6.72672,hbm_floor_actual,0.021023110227358366
heldout_bfcl_b2_l13_s11,2,B2,2x24x128+2x24x128,pipelined,1.2358796775380887,1.23552,1.23552,0.011264,0.458136,0.27456,1.23552,hbm_floor_unique,0.02911142985049242
heldout_bfcl_b4_l13_s11,4,B2,2x24x128+2x24x128,pipelined,2.883697777178709,2.88288,2.88288,0.022528,1.068984,0.27456,2.88288,hbm_floor_unique,0.028366674253144097
heldout_bfcl_b8_l13_s11,8,B2,2x24x128+2x24x128,pipelined,4.39386545455813,3.70656,4.39296,0.045056,1.374408,0.27456,4.39296,hbm_floor_actual,0.02061149107046578
heldout_bfcl_b16_l13_s11,16,B2,2x24x128+2x24x128,pipelined,7.689325270137778,6.45216,7.68768,0.090112,2.392488,0.27456,7.68768,hbm_floor_actual,0.02140138686546056
heldout_bfcl_b2_l26_s3,2,B2,2x24x128+2x24x128,pipelined,1.7851239171127036,1.78464,1.78464,0.011264,0.661752,0.27456,1.78464,hbm_floor_unique,0.027115671099142702
heldout_bfcl_b4_l26_s3,4,B2,2x24x128+2x24x128,pipelined,3.2955973418844287,3.29472,3.29472,0.022528,1.221696,0.27456,3.29472,hbm_floor_unique,0.026628723667831977
heldout_bfcl_b8_l26_s3,8,B2,2x24x128+2x24x128,pipelined,4.531382327921672,4.25568,4.53024,0.045056,1.578024,0.27456,4.53024,hbm_floor_actual,0.02521561598660682
heldout_bfcl_b16_l26_s3,16,B2,2x24x128+2x24x128,pipelined,7.826664009333089,6.31488,7.82496,0.090112,2.341584,0.27456,7.82496,hbm_floor_actual,0.021776588418198628
heldout_bfcl_b2_l26_s7,2,B2,2x24x128+2x24x128,pipelined,1.6477791855634774,1.64736,1.64736,0.011264,0.610848,0.27456,1.64736,hbm_floor_unique,0.02544589910387085
heldout_bfcl_b4_l26_s7,4,B2,2x24x128+2x24x128,pipelined,3.2955973418844287,3.29472,3.29472,0.022528,1.221696,0.27456,3.29472,hbm_floor_unique,0.026628723667831977
heldout_bfcl_b8_l26_s7,8,B2,2x24x128+2x24x128,pipelined,5.35492322316845,4.66752,5.35392,0.045056,1.730736,0.27456,5.35392,hbm_floor_actual,0.018738105321891574
heldout_bfcl_b16_l26_s7,16,B2,2x24x128+2x24x128,pipelined,6.865541889531357,5.76576,6.864,0.090112,2.137968,0.27456,6.864,hbm_floor_actual,0.022463425573393536
heldout_bfcl_b2_l26_s11,2,B2,2x24x128+2x24x128,pipelined,1.3731570622366345,1.3728,1.3728,0.011264,0.50904,0.27456,1.3728,hbm_floor_unique,0.026009778309621367
heldout_bfcl_b4_l26_s11,4,B2,2x24x128+2x24x128,pipelined,3.020975194877475,3.02016,3.02016,0.022528,1.119888,0.27456,3.02016,hbm_floor_unique,0.026991777835450037
heldout_bfcl_b8_l26_s11,8,B2,2x24x128+2x24x128,pipelined,4.668763165345295,4.53024,4.66752,0.045056,1.679832,0.27456,4.66752,hbm_floor_actual,0.02663438711125732
heldout_bfcl_b16_l26_s11,16,B2,2x24x128+2x24x128,pipelined,7.689388115949751,6.58944,7.68768,0.090112,2.443392,0.27456,7.68768,hbm_floor_actual,0.02221887422149127
heldout_gpqa_b2_l2_s3,2,B2,2x24x128+2x24x128,pipelined,1.7851239171127036,1.78464,1.78464,0.011264,0.661752,0.27456,1.78464,hbm_floor_unique,0.027115671099142702
heldout_gpqa_b4_l2_s3,4,B2,2x24x128+2x24x128,pipelined,2.7461328160001397,2.47104,2.7456,0.022528,0.916272,0.27456,2.7456,hbm_floor_actual,0.01940617716127413
heldout_gpqa_b8_l2_s3,8,B2,2x24x128+2x24x128,pipelined,3.844687768627352,3.15744,3.84384,0.045056,1.170792,0.27456,3.84384,hbm_floor_actual,0.022055252751207455
heldout_gpqa_b16_l2_s3,16,B2,2x24x128+2x24x128,pipelined,4.805990881559669,3.84384,4.8048,0.090112,1.425312,0.27456,4.8048,hbm_floor_actual,0.02478524724585096
heldout_gpqa_b2_l2_s7,2,B2,2x24x128+2x24x128,pipelined,1.9224013128579167,1.92192,1.92192,0.011264,0.712656,0.27456,1.92192,hbm_floor_unique,0.025043334681829066
heldout_gpqa_b4_l2_s7,4,B2,2x24x128+2x24x128,pipelined,3.2955973418844287,3.29472,3.29472,0.022528,1.221696,0.27456,3.29472,hbm_floor_unique,0.026628723667831977
heldout_gpqa_b8_l2_s7,8,B2,2x24x128+2x24x128,pipelined,4.943272593427577,4.66752,4.94208,0.045056,1.730736,0.27456,4.94208,hbm_floor_actual,0.02413140676753578
heldout_gpqa_b16_l2_s7,16,B2,2x24x128+2x24x128,pipelined,7.963804374404329,6.45216,7.96224,0.090112,2.392488,0.27456,7.96224,hbm_floor_actual,0.019647415856960393
heldout_gpqa_b2_l2_s11,2,B2,2x24x128+2x24x128,pipelined,1.5105017953357531,1.51008,1.51008,0.011264,0.559944,0.27456,1.51008,hbm_floor_unique,0.027931986103602036
heldout_gpqa_b4_l2_s11,4,B2,2x24x128+2x24x128,pipelined,3.158319918726252,3.15744,3.15744,0.022528,1.170792,0.27456,3.15744,hbm_floor_unique,0.027868106005235482
heldout_gpqa_b8_l2_s11,8,B2,2x24x128+2x24x128,pipelined,5.4925242010618645,5.21664,5.4912,0.045056,1.934352,0.27456,5.4912,hbm_floor_actual,0.024114966890009804
heldout_gpqa_b16_l2_s11,16,B2,2x24x128+2x24x128,pipelined,8.238482555417638,6.864,8.2368,0.090112,2.5452,0.27456,8.2368,hbm_floor_actual,0.020427294794567175
heldout_gpqa_b2_l13_s3,2,B2,2x24x128+2x24x128,pipelined,1.7851239171127036,1.78464,1.78464,0.011264,0.661752,0.27456,1.78464,hbm_floor_unique,0.027115671099142702
heldout_gpqa_b4_l13_s3,4,B2,2x24x128+2x24x128,pipelined,2.746244027444898,2.60832,2.7456,0.022528,0.967176,0.27456,2.7456,hbm_floor_actual,0.023456710551350568
heldout_gpqa_b8_l13_s3,8,B2,2x24x128+2x24x128,pipelined,4.1194141617512345,3.84384,4.1184,0.045056,1.425312,0.27456,4.1184,hbm_floor_actual,0.024625139647316274
heldout_gpqa_b16_l13_s3,16,B2,2x24x128+2x24x128,pipelined,5.9041976734636,4.39296,5.90304,0.090112,1.628928,0.27456,5.90304,hbm_floor_actual,0.019611479231040896
heldout_gpqa_b2_l13_s7,2,B2,2x24x128+2x24x128,pipelined,1.7851239171127036,1.78464,1.78464,0.011264,0.661752,0.27456,1.78464,hbm_floor_unique,0.027115671099142702
heldout_gpqa_b4_l13_s7,4,B2,2x24x128+2x24x128,pipelined,3.158319918726252,3.15744,3.15744,0.022528,1.170792,0.27456,3.15744,hbm_floor_unique,0.027868106005235482
heldout_gpqa_b8_l13_s7,8,B2,2x24x128+2x24x128,pipelined,5.355177905133362,4.8048,5.35392,0.045056,1.78164,0.27456,5.35392,hbm_floor_actual,0.02349503043306278
heldout_gpqa_b16_l13_s7,16,B2,2x24x128+2x24x128,pipelined,7.414690170783137,6.04032,7.41312,0.090112,2.239776,0.27456,7.41312,hbm_floor_actual,0.02118097080765491
heldout_gpqa_b2_l13_s11,2,B2,2x24x128+2x24x128,pipelined,1.2358796775380887,1.23552,1.23552,0.011264,0.458136,0.27456,1.23552,hbm_floor_unique,0.02911142985049242
heldout_gpqa_b4_l13_s11,4,B2,2x24x128+2x24x128,pipelined,3.2955973418844287,3.29472,3.29472,0.022528,1.221696,0.27456,3.29472,hbm_floor_unique,0.026628723667831977
heldout_gpqa_b8_l13_s11,8,B2,2x24x128+2x24x128,pipelined,4.531320630706587,4.1184,4.53024,0.045056,1.52712,0.27456,4.53024,hbm_floor_actual,0.023853718712207872
heldout_gpqa_b16_l13_s11,16,B2,2x24x128+2x24x128,pipelined,7.003076667207962,6.1776,7.00128,0.090112,2.29068,0.27456,7.00128,hbm_floor_actual,0.025661981922753263
heldout_gpqa_b2_l26_s3,2,B2,2x24x128+2x24x128,pipelined,1.9224013128579167,1.92192,1.92192,0.011264,0.712656,0.27456,1.92192,hbm_floor_unique,0.025043334681829066
heldout_gpqa_b4_l26_s3,4,B2,2x24x128+2x24x128,pipelined,2.609007438785875,2.33376,2.60832,0.022528,0.865368,0.27456,2.60832,hbm_floor_actual,0.02635561533381736
heldout_gpqa_b8_l26_s3,8,B2,2x24x128+2x24x128,pipelined,3.8447381385821147,3.432,3.84384,0.045056,1.2726,0.27456,3.84384,hbm_floor_actual,0.023365659915985937
heldout_gpqa_b16_l26_s3,16,B2,2x24x128+2x24x128,pipelined,6.590625779829906,4.66752,6.58944,0.090112,1.730736,0.27456,6.58944,hbm_floor_actual,0.017995153304450895
heldout_gpqa_b2_l26_s7,2,B2,2x24x128+2x24x128,pipelined,1.9224013128579167,1.92192,1.92192,0.011264,0.712656,0.27456,1.92192,hbm_floor_unique,0.025043334681829066
heldout_gpqa_b4_l26_s7,4,B2,2x24x128+2x24x128,pipelined,3.158319918726252,3.15744,3.15744,0.022528,1.170792,0.27456,3.15744,hbm_floor_unique,0.027868106005235482
heldout_gpqa_b8_l26_s7,8,B2,2x24x128+2x24x128,pipelined,5.217678070107329,4.66752,5.21664,0.045056,1.730736,0.27456,5.21664,hbm_floor_actual,0.01989920920992816
heldout_gpqa_b16_l26_s7,16,B2,2x24x128+2x24x128,pipelined,7.963604363280319,6.31488,7.96224,0.090112,2.341584,0.27456,7.96224,hbm_floor_actual,0.017135420187264216
heldout_gpqa_b2_l26_s11,2,B2,2x24x128+2x24x128,pipelined,1.7851239171127036,1.78464,1.78464,0.011264,0.661752,0.27456,1.78464,hbm_floor_unique,0.027115671099142702
heldout_gpqa_b4_l26_s11,4,B2,2x24x128+2x24x128,pipelined,3.43294206420287,3.432,3.432,0.022528,1.2726,0.27456,3.432,hbm_floor_unique,0.02744942316053045
heldout_gpqa_b8_l26_s11,8,B2,2x24x128+2x24x128,pipelined,5.080426236405165,4.66752,5.07936,0.045056,1.730736,0.27456,5.07936,hbm_floor_actual,0.020991550218241173
heldout_gpqa_b16_l26_s11,16,B2,2x24x128+2x24x128,pipelined,7.415091338355883,6.864,7.41312,0.090112,2.5452,0.27456,7.41312,hbm_floor_actual,0.026592559622429235
heldout_swe_b2_l2_s3,2,B2,2x24x128+2x24x128,pipelined,1.7851239171127036,1.78464,1.78464,0.011264,0.661752,0.27456,1.78464,hbm_floor_unique,0.027115671099142702
heldout_swe_b4_l2_s3,4,B2,2x24x128+2x24x128,pipelined,2.471391892227781,2.0592,2.47104,0.022528,0.76356,0.27456,2.47104,hbm_floor_actual,0.014240652833663603
heldout_swe_b8_l2_s3,8,B2,2x24x128+2x24x128,pipelined,3.1580879204675836,2.33376,3.15744,0.045056,0.865368,0.27456,3.15744,hbm_floor_actual,0.020520436416315846
heldout_swe_b16_l2_s3,16,B2,2x24x128+2x24x128,pipelined,4.668387069504663,2.7456,4.66752,0.090112,1.01808,0.27456,4.66752,hbm_floor_actual,0.018576663938518756
heldout_swe_b2_l2_s7,2,B2,2x24x128+2x24x128,pipelined,1.7851239171127036,1.78464,1.78464,0.011264,0.661752,0.27456,1.78464,hbm_floor_unique,0.027115671099142702
heldout_swe_b4_l2_s7,4,B2,2x24x128+2x24x128,pipelined,2.6090059725998156,2.33376,2.60832,0.022528,0.865368,0.27456,2.60832,hbm_floor_actual,0.026299403440366298
heldout_swe_b8_l2_s7,8,B2,2x24x128+2x24x128,pipelined,3.1581953930709328,2.47104,3.15744,0.045056,0.916272,0.27456,3.15744,hbm_floor_actual,0.023924225668037202
heldout_swe_b16_l2_s7,16,B2,2x24x128+2x24x128,pipelined,4.668522439058522,3.02016,4.66752,0.090112,1.119888,0.27456,4.66752,hbm_floor_actual,0.02147690976199712
heldout_swe_b2_l2_s11,2,B2,2x24x128+2x24x128,pipelined,1.7851239171127036,1.78464,1.78464,0.011264,0.661752,0.27456,1.78464,hbm_floor_unique,0.027115671099142702
heldout_swe_b4_l2_s11,4,B2,2x24x128+2x24x128,pipelined,2.883697777178709,2.88288,2.88288,0.022528,1.068984,0.27456,2.88288,hbm_floor_unique,0.028366674253144097
heldout_swe_b8_l2_s11,8,B2,2x24x128+2x24x128,pipelined,3.0209786638180773,2.60832,3.02016,0.045056,0.967176,0.27456,3.02016,hbm_floor_actual,0.02710663733302976
heldout_swe_b16_l2_s11,16,B2,2x24x128+2x24x128,pipelined,6.041314730937335,3.84384,6.04032,0.090112,1.425312,0.27456,6.04032,hbm_floor_actual,0.016468182767392925
heldout_swe_b2_l13_s3,2,B2,2x24x128+2x24x128,pipelined,1.9224013128579167,1.92192,1.92192,0.011264,0.712656,0.27456,1.92192,hbm_floor_unique,0.025043334681829066
heldout_swe_b4_l13_s3,4,B2,2x24x128+2x24x128,pipelined,2.746243292628167,2.60832,2.7456,0.022528,0.967176,0.27456,2.7456,hbm_floor_actual,0.023429947121456074
heldout_swe_b8_l13_s3,8,B2,2x24x128+2x24x128,pipelined,3.4327677643777688,2.7456,3.432,0.045056,1.01808,0.27456,3.432,hbm_floor_actual,0.02237075692799184
heldout_swe_b16_l13_s3,16,B2,2x24x128+2x24x128,pipelined,4.393874798318224,2.88288,4.39296,0.090112,1.068984,0.27456,4.39296,hbm_floor_actual,0.020824189572032914
heldout_swe_b2_l13_s7,2,B2,2x24x128+2x24x128,pipelined,1.9224013128579167,1.92192,1.92192,0.011264,0.712656,0.27456,1.92192,hbm_floor_unique,0.025043334681829066
heldout_swe_b4_l13_s7,4,B2,2x24x128+2x24x128,pipelined,2.883697777178709,2.88288,2.88288,0.022528,1.068984,0.27456,2.88288,hbm_floor_unique,0.028366674253144097
heldout_swe_b8_l13_s7,8,B2,2x24x128+2x24x128,pipelined,3.8445053685942954,2.88288,3.84384,0.045056,1.068984,0.27456,3.84384,hbm_floor_actual,0.017309997145953382
heldout_swe_b16_l13_s7,16,B2,2x24x128+2x24x128,pipelined,5.354900084877152,3.02016,5.35392,0.090112,1.119888,0.27456,5.35392,hbm_floor_actual,0.018305930554651795
heldout_swe_b2_l13_s11,2,B2,2x24x128+2x24x128,pipelined,1.6477791855634774,1.64736,1.64736,0.011264,0.610848,0.27456,1.64736,hbm_floor_unique,0.02544589910387085
heldout_swe_b4_l13_s11,4,B2,2x24x128+2x24x128,pipelined,3.020975194877475,3.02016,3.02016,0.022528,1.119888,0.27456,3.02016,hbm_floor_unique,0.026991777835450037
heldout_swe_b8_l13_s11,8,B2,2x24x128+2x24x128,pipelined,3.295463978465428,2.60832,3.29472,0.045056,0.967176,0.27456,3.29472,hbm_floor_actual,0.02258093147302631
heldout_swe_b16_l13_s11,16,B2,2x24x128+2x24x128,pipelined,5.62950920115622,3.84384,5.62848,0.090112,1.425312,0.27456,5.62848,hbm_floor_actual,0.01828559675471908
heldout_swe_b2_l26_s3,2,B2,2x24x128+2x24x128,pipelined,1.6477791855634774,1.64736,1.64736,0.011264,0.610848,0.27456,1.64736,hbm_floor_unique,0.02544589910387085
heldout_swe_b4_l26_s3,4,B2,2x24x128+2x24x128,pipelined,2.609075639568565,2.60832,2.60832,0.022528,0.967176,0.27456,2.60832,hbm_floor_unique,0.028970355192803332
heldout_swe_b8_l26_s3,8,B2,2x24x128+2x24x128,pipelined,4.119059466610062,3.15744,4.1184,0.045056,1.170792,0.27456,4.1184,hbm_floor_actual,0.016012689638245092
heldout_swe_b16_l26_s3,16,B2,2x24x128+2x24x128,pipelined,5.813987104372988,3.84384,5.76576,0.090112,1.425312,0.27456,5.76576,hbm_floor_actual,0.8364396779086736
heldout_swe_b2_l26_s7,2,B2,2x24x128+2x24x128,pipelined,1.9224013128579167,1.92192,1.92192,0.011264,0.712656,0.27456,1.92192,hbm_floor_unique,0.025043334681829066
heldout_swe_b4_l26_s7,4,B2,2x24x128+2x24x128,pipelined,2.609013754242548,2.47104,2.60832,0.022528,0.916272,0.27456,2.60832,hbm_floor_actual,0.02659774270594717
heldout_swe_b8_l26_s7,8,B2,2x24x128+2x24x128,pipelined,3.5701003734714427,3.02016,3.56928,0.045056,1.119888,0.27456,3.56928,hbm_floor_actual,0.022984284545968237
heldout_swe_b16_l26_s7,16,B2,2x24x128+2x24x128,pipelined,4.394114133358099,3.15744,4.39296,0.090112,1.170792,0.27456,4.39296,hbm_floor_actual,0.026272339336097517
heldout_swe_b2_l26_s11,2,B2,2x24x128+2x24x128,pipelined,1.9224013128579167,1.92192,1.92192,0.011264,0.712656,0.27456,1.92192,hbm_floor_unique,0.025043334681829066
heldout_swe_b4_l26_s11,4,B2,2x24x128+2x24x128,pipelined,3.43294206420287,3.432,3.432,0.022528,1.2726,0.27456,3.432,hbm_floor_unique,0.02744942316053045
heldout_swe_b8_l26_s11,8,B2,2x24x128+2x24x128,pipelined,3.1582095429423998,2.60832,3.15744,0.045056,0.967176,0.27456,3.15744,hbm_floor_actual,0.02437236946386534
heldout_swe_b16_l26_s11,16,B2,2x24x128+2x24x128,pipelined,5.355167414210191,4.1184,5.35392,0.090112,1.52712,0.27456,5.35392,hbm_floor_actual,0.023299081984617942
v3_captured_mixed_heldout_bfcl_t64_l2,64,B2,2x24x128+2x24x128,pipelined,22.61176024466476,8.64864,22.51392,0.360448,3.30876,0.969216,22.51392,hbm_floor_actual,0.4345766737412271
v3_captured_mixed_heldout_bfcl_t96_l2,96,B2,2x24x128+2x24x128,pipelined,27.46106422721445,8.78592,27.456,0.540672,3.461472,1.453824,27.456,hbm_floor_actual,0.018444883502510834
v3_captured_mixed_heldout_bfcl_t128_l2,128,B2,2x24x128+2x24x128,pipelined,16.754427959493476,9.06048,16.74816,0.720896,3.665088,1.938432,16.74816,hbm_floor_actual,0.037424764830729096
v3_captured_mixed_heldout_bfcl_t64_l13,64,B2,2x24x128+2x24x128,pipelined,13.457124361975913,7.96224,13.45344,0.360448,3.05424,0.969216,13.45344,hbm_floor_actual,0.027386021537334493
v3_captured_mixed_heldout_bfcl_t96_l13,96,B2,2x24x128+2x24x128,pipelined,15.10552943674572,8.64864,15.1008,0.540672,3.410568,1.453824,15.1008,hbm_floor_actual,0.031319113859673564
v3_captured_mixed_heldout_bfcl_t128_l13,128,B2,2x24x128+2x24x128,pipelined,16.426271784300457,8.78592,16.19904,0.720896,3.56328,1.938432,16.19904,hbm_floor_actual,1.4027484610227292
v3_captured_mixed_heldout_bfcl_t64_l26,64,B2,2x24x128+2x24x128,pipelined,14.829667755450341,8.51136,14.82624,0.360448,3.257856,0.969216,14.82624,hbm_floor_actual,0.023119519516345832
v3_captured_mixed_heldout_bfcl_t96_l26,96,B2,2x24x128+2x24x128,pipelined,17.302144548598545,8.9232,17.29728,0.540672,3.512376,1.453824,17.29728,hbm_floor_actual,0.02812319970852961
v3_captured_mixed_heldout_bfcl_t128_l26,128,B2,2x24x128+2x24x128,pipelined,16.96921560397718,9.06048,16.4736,0.720896,3.665088,1.938432,16.4736,hbm_floor_actual,3.0085446045623465
v3_captured_mixed_heldout_gpqa_t64_l2,64,B2,2x24x128+2x24x128,pipelined,14.280530339902773,8.9232,14.27712,0.360448,3.410568,0.969216,14.27712,hbm_floor_actual,0.023886749587975764
v3_captured_mixed_heldout_gpqa_t96_l2,96,B2,2x24x128+2x24x128,pipelined,27.37092639998029,9.06048,27.31872,0.540672,3.56328,1.453824,27.31872,hbm_floor_actual,0.1911011935416207
v3_captured_mixed_heldout_gpqa_t128_l2,128,B2,2x24x128+2x24x128,pipelined,16.531124927041592,9.06048,15.92448,0.720896,3.665088,1.938432,15.92448,hbm_floor_actual,3.8095116891828873
v3_captured_mixed_heldout_gpqa_t64_l13,64,B2,2x24x128+2x24x128,pipelined,20.321041441038275,7.96224,20.31744,0.360448,3.05424,0.969216,20.31744,hbm_floor_actual,0.01772586033612633
v3_captured_mixed_heldout_gpqa_t96_l13,96,B2,2x24x128+2x24x128,pipelined,15.255496719026475,8.37408,15.1008,0.540672,3.30876,1.453824,15.1008,hbm_floor_actual,1.024427308662279
v3_captured_mixed_heldout_gpqa_t128_l13,128,B2,2x24x128+2x24x128,pipelined,32.22430614037659,8.51136,32.12352,0.720896,3.461472,1.938432,32.12352,hbm_floor_actual,0.3137456305429609
v3_captured_mixed_heldout_gpqa_t64_l26,64,B2,2x24x128+2x24x128,pipelined,14.006159109739437,8.9232,14.00256,0.360448,3.410568,0.969216,14.00256,hbm_floor_actual,0.025703226691664582
v3_captured_mixed_heldout_gpqa_t96_l26,96,B2,2x24x128+2x24x128,pipelined,15.929620863968863,9.06048,15.92448,0.540672,3.56328,1.453824,15.92448,hbm_floor_actual,0.03228277450102457
v3_captured_mixed_heldout_gpqa_t128_l26,128,B2,2x24x128+2x24x128,pipelined,16.85698709401346,9.06048,16.61088,0.720896,3.665088,1.938432,16.61088,hbm_floor_actual,1.4816017815640015
v3_captured_mixed_heldout_swe_t64_l2,64,B2,2x24x128+2x24x128,pipelined,13.636923722266891,8.78592,13.45344,0.360448,3.359664,0.969216,13.45344,hbm_floor_actual,1.3638424244423186
v3_captured_mixed_heldout_swe_t96_l2,96,B2,2x24x128+2x24x128,pipelined,15.517374246389316,8.9232,15.51264,0.540672,3.512376,1.453824,15.51264,hbm_floor_actual,0.030518637635612578
v3_captured_mixed_heldout_swe_t128_l2,128,B2,2x24x128+2x24x128,pipelined,16.822810597444963,9.06048,16.33632,0.720896,3.665088,1.938432,16.33632,hbm_floor_actual,2.9779693189467604
v3_captured_mixed_heldout_swe_t64_l13,64,B2,2x24x128+2x24x128,pipelined,12.036783078650918,7.41312,11.94336,0.360448,2.850624,0.969216,11.94336,hbm_floor_actual,0.7822177230772498
v3_captured_mixed_heldout_swe_t96_l13,96,B2,2x24x128+2x24x128,pipelined,14.694553663670488,8.2368,14.68896,0.540672,3.257856,1.453824,14.68896,hbm_floor_actual,0.038080733220646756
v3_captured_mixed_heldout_swe_t128_l13,128,B2,2x24x128+2x24x128,pipelined,33.550139242207,8.78592,33.22176,0.720896,3.56328,1.938432,33.22176,hbm_floor_actual,0.9884462539221373
v3_captured_mixed_heldout_swe_t64_l26,64,B2,2x24x128+2x24x128,pipelined,13.087886837275288,8.37408,12.90432,0.360448,3.206952,0.969216,12.90432,hbm_floor_actual,1.4225223589874547
v3_captured_mixed_heldout_swe_t96_l26,96,B2,2x24x128+2x24x128,pipelined,27.190544494459274,8.51136,27.04416,0.540672,3.359664,1.453824,27.04416,hbm_floor_actual,0.5412795015976579
v3_captured_mixed_heldout_swe_t128_l26,128,B2,2x24x128+2x24x128,pipelined,17.30349340893227,9.06048,17.29728,0.720896,3.665088,1.938432,17.29728,hbm_floor_actual,0.035921306310982004
heldout_bfcl_b2_l2_s3,2,fixed_3+3,3x4x512+3x4x512,pipelined,1.9220753333333334,1.92192,1.92192,0.011264,0.723968,0.27456,1.92192,hbm_floor_unique,0.00808219558219303
heldout_bfcl_b4_l2_s3,4,fixed_3+3,3x4x512+3x4x512,pipelined,3.0204006666666663,2.7456,3.02016,0.022528,1.137664,0.54912,3.02016,hbm_floor_actual,0.007968672741398564
heldout_bfcl_b8_l2_s3,8,fixed_3+3,3x4x512+3x4x512,pipelined,4.805303833333333,3.70656,4.8048,0.045056,1.80992,0.82368,4.8048,hbm_floor_actual,0.01048604173603529
heldout_bfcl_b16_l2_s3,16,fixed_3+3,3x4x512+3x4x512,pipelined,8.374899666666668,4.94208,8.37408,0.090112,3.154432,1.64736,8.37408,hbm_floor_actual,0.009788139911104388
heldout_bfcl_b2_l2_s7,2,fixed_3+3,3x4x512+3x4x512,pipelined,1.9220753333333334,1.92192,1.92192,0.011264,0.723968,0.27456,1.92192,hbm_floor_unique,0.00808219558219303
heldout_bfcl_b4_l2_s7,4,fixed_3+3,3x4x512+3x4x512,pipelined,3.2949606666666664,3.02016,3.29472,0.022528,1.241088,0.54912,3.29472,hbm_floor_actual,0.00730461667961535
heldout_bfcl_b8_l2_s7,8,fixed_3+3,3x4x512+3x4x512,pipelined,5.079835333333333,4.1184,5.07936,0.045056,1.913344,0.82368,5.07936,hbm_floor_actual,0.009358134358117276
heldout_bfcl_b16_l2_s7,16,fixed_3+3,3x4x512+3x4x512,pipelined,9.061305666666666,6.1776,9.06048,0.090112,3.412992,1.64736,9.06048,hbm_floor_actual,0.009112835817370879
heldout_bfcl_b2_l2_s11,2,fixed_3+3,3x4x512+3x4x512,pipelined,1.3729553333333333,1.3728,1.3728,0.011264,0.51712,0.27456,1.3728,hbm_floor_unique,0.011315073815065801
heldout_bfcl_b4_l2_s11,4,fixed_3+3,3x4x512+3x4x512,pipelined,3.2949606666666664,3.02016,3.29472,0.022528,1.241088,0.54912,3.29472,hbm_floor_actual,0.00730461667961535
heldout_bfcl_b8_l2_s11,8,fixed_3+3,3x4x512+3x4x512,pipelined,5.354395333333333,4.25568,5.35392,0.045056,2.016768,0.82368,5.35392,hbm_floor_actual,0.008878230032061118
heldout_bfcl_b16_l2_s11,16,fixed_3+3,3x4x512+3x4x512,pipelined,9.198576666666666,7.00128,9.19776,0.090112,3.464704,1.64736,9.19776,hbm_floor_actual,0.008878973431203363
heldout_bfcl_b2_l13_s3,2,fixed_3+3,3x4x512+3x4x512,pipelined,1.6475153333333332,1.64736,1.64736,0.011264,0.620544,0.27456,1.64736,hbm_floor_unique,0.0094292281792141
heldout_bfcl_b4_l13_s3,4,fixed_3+3,3x4x512+3x4x512,pipelined,3.5695206666666666,3.29472,3.56928,0.022528,1.344512,0.54912,3.56928,hbm_floor_actual,0.006742723088870584
heldout_bfcl_b8_l13_s3,8,fixed_3+3,3x4x512+3x4x512,pipelined,4.942491333333333,3.98112,4.94208,0.045056,1.861632,0.82368,4.94208,hbm_floor_actual,0.008323081239747232
heldout_bfcl_b16_l13_s3,16,fixed_3+3,3x4x512+3x4x512,pipelined,8.512112666666663,5.4912,8.51136,0.090112,3.206144,1.64736,8.51136,hbm_floor_actual,0.00884308343982454
heldout_bfcl_b2_l13_s7,2,fixed_3+3,3x4x512+3x4x512,pipelined,1.9220753333333334,1.92192,1.92192,0.011264,0.723968,0.27456,1.92192,hbm_floor_unique,0.00808219558219303
heldout_bfcl_b4_l13_s7,4,fixed_3+3,3x4x512+3x4x512,pipelined,3.2949606666666664,3.02016,3.29472,0.022528,1.241088,0.54912,3.29472,hbm_floor_actual,0.00730461667961535
heldout_bfcl_b8_l13_s7,8,fixed_3+3,3x4x512+3x4x512,pipelined,5.354395333333331,4.39296,5.35392,0.045056,2.016768,0.82368,5.35392,hbm_floor_actual,0.008878230032038914
heldout_bfcl_b16_l13_s7,16,fixed_3+3,3x4x512+3x4x512,pipelined,8.375132166666667,5.4912,8.37408,0.090112,3.154432,1.64736,8.37408,hbm_floor_actual,0.012564564306360992
heldout_bfcl_b2_l13_s11,2,fixed_3+3,3x4x512+3x4x512,pipelined,1.2357393333333333,1.23552,1.23552,0.011264,0.465408,0.27456,1.23552,hbm_floor_unique,0.017752309418961332
heldout_bfcl_b4_l13_s11,4,fixed_3+3,3x4x512+3x4x512,pipelined,3.1577446666666664,2.88288,3.15744,0.022528,1.189376,0.54912,3.15744,hbm_floor_actual,0.009649167257852476
heldout_bfcl_b8_l13_s11,8,fixed_3+3,3x4x512+3x4x512,pipelined,4.805275333333333,3.70656,4.8048,0.045056,1.80992,0.82368,4.8048,hbm_floor_actual,0.009892884892881426
heldout_bfcl_b16_l13_s11,16,fixed_3+3,3x4x512+3x4x512,pipelined,9.061232666666665,6.45216,9.06048,0.090112,3.412992,1.64736,9.06048,hbm_floor_actual,0.008307138988961071
heldout_bfcl_b2_l26_s3,2,fixed_3+3,3x4x512+3x4x512,pipelined,1.7848593333333334,1.78464,1.78464,0.011264,0.672256,0.27456,1.78464,hbm_floor_unique,0.01229006036698177
heldout_bfcl_b4_l26_s3,4,fixed_3+3,3x4x512+3x4x512,pipelined,3.5695206666666666,3.29472,3.56928,0.022528,1.344512,0.54912,3.56928,hbm_floor_actual,0.006742723088870584
heldout_bfcl_b8_l26_s3,8,fixed_3+3,3x4x512+3x4x512,pipelined,5.079835333333333,4.25568,5.07936,0.045056,1.913344,0.82368,5.07936,hbm_floor_actual,0.009358134358117276
heldout_bfcl_b16_l26_s3,16,fixed_3+3,3x4x512+3x4x512,pipelined,9.061232666666665,6.31488,9.06048,0.090112,3.412992,1.64736,9.06048,hbm_floor_actual,0.008307138988961071
heldout_bfcl_b2_l26_s7,2,fixed_3+3,3x4x512+3x4x512,pipelined,1.6475153333333332,1.64736,1.64736,0.011264,0.620544,0.27456,1.64736,hbm_floor_unique,0.0094292281792141
heldout_bfcl_b4_l26_s7,4,fixed_3+3,3x4x512+3x4x512,pipelined,3.5695206666666666,3.29472,3.56928,0.022528,1.344512,0.54912,3.56928,hbm_floor_actual,0.006742723088870584
heldout_bfcl_b8_l26_s7,8,fixed_3+3,3x4x512+3x4x512,pipelined,5.491611333333333,4.66752,5.4912,0.045056,2.06848,0.82368,5.4912,hbm_floor_actual,0.007490773115770288
heldout_bfcl_b16_l26_s7,16,fixed_3+3,3x4x512+3x4x512,pipelined,8.100336666666665,5.76576,8.09952,0.090112,3.051008,1.64736,8.09952,hbm_floor_actual,0.010082902032038099
heldout_bfcl_b2_l26_s11,2,fixed_3+3,3x4x512+3x4x512,pipelined,1.3729553333333333,1.3728,1.3728,0.011264,0.51712,0.27456,1.3728,hbm_floor_unique,0.011315073815065801
heldout_bfcl_b4_l26_s11,4,fixed_3+3,3x4x512+3x4x512,pipelined,3.2949606666666664,3.02016,3.29472,0.022528,1.241088,0.54912,3.29472,hbm_floor_actual,0.00730461667961535
heldout_bfcl_b8_l26_s11,8,fixed_3+3,3x4x512+3x4x512,pipelined,5.49161133333333,4.53024,5.4912,0.045056,2.06848,0.82368,5.4912,hbm_floor_actual,0.007490773115703675
heldout_bfcl_b16_l26_s11,16,fixed_3+3,3x4x512+3x4x512,pipelined,8.649456666666666,6.58944,8.64864,0.090112,3.257856,1.64736,8.64864,hbm_floor_actual,0.009442717776053655
heldout_gpqa_b2_l2_s3,2,fixed_3+3,3x4x512+3x4x512,pipelined,1.7848593333333334,1.78464,1.78464,0.011264,0.672256,0.27456,1.78464,hbm_floor_unique,0.01229006036698177
heldout_gpqa_b4_l2_s3,4,fixed_3+3,3x4x512+3x4x512,pipelined,2.7458406666666666,2.47104,2.7456,0.022528,1.03424,0.54912,2.7456,hbm_floor_actual,0.008765540015542861
heldout_gpqa_b8_l2_s3,8,fixed_3+3,3x4x512+3x4x512,pipelined,4.667933333333333,3.15744,4.66752,0.045056,1.758208,0.82368,4.66752,hbm_floor_actual,0.008855523561401846
heldout_gpqa_b16_l2_s3,16,fixed_3+3,3x4x512+3x4x512,pipelined,7.6884326666666665,3.84384,7.68768,0.090112,2.895872,1.64736,7.68768,hbm_floor_actual,0.009790556665545402
heldout_gpqa_b2_l2_s7,2,fixed_3+3,3x4x512+3x4x512,pipelined,1.9220753333333334,1.92192,1.92192,0.011264,0.723968,0.27456,1.92192,hbm_floor_unique,0.00808219558219303
heldout_gpqa_b4_l2_s7,4,fixed_3+3,3x4x512+3x4x512,pipelined,3.5695206666666666,3.29472,3.56928,0.022528,1.344512,0.54912,3.56928,hbm_floor_actual,0.006742723088870584
heldout_gpqa_b8_l2_s7,8,fixed_3+3,3x4x512+3x4x512,pipelined,5.217051333333332,4.66752,5.21664,0.045056,1.965056,0.82368,5.21664,hbm_floor_actual,0.007885024332376922
heldout_gpqa_b16_l2_s7,16,fixed_3+3,3x4x512+3x4x512,pipelined,8.786672666666666,6.45216,8.78592,0.090112,3.309568,1.64736,8.78592,hbm_floor_actual,0.008566737082360554
heldout_gpqa_b2_l2_s11,2,fixed_3+3,3x4x512+3x4x512,pipelined,1.5102993333333332,1.51008,1.51008,0.011264,0.568832,0.27456,1.51008,hbm_floor_unique,0.014524616797340073
heldout_gpqa_b4_l2_s11,4,fixed_3+3,3x4x512+3x4x512,pipelined,3.4323046666666666,3.15744,3.432,0.022528,1.2928,0.54912,3.432,hbm_floor_actual,0.008877233877235824
heldout_gpqa_b8_l2_s11,8,fixed_3+3,3x4x512+3x4x512,pipelined,5.766171333333333,5.21664,5.76576,0.045056,2.171904,0.82368,5.76576,hbm_floor_actual,0.007134069634062712
heldout_gpqa_b16_l2_s11,16,fixed_3+3,3x4x512+3x4x512,pipelined,8.786672666666666,6.864,8.78592,0.090112,3.309568,1.64736,8.78592,hbm_floor_actual,0.008566737082360554
heldout_gpqa_b2_l13_s3,2,fixed_3+3,3x4x512+3x4x512,pipelined,1.7848593333333334,1.78464,1.78464,0.011264,0.672256,0.27456,1.78464,hbm_floor_unique,0.01229006036698177
heldout_gpqa_b4_l13_s3,4,fixed_3+3,3x4x512+3x4x512,pipelined,3.0204646666666664,2.60832,3.02016,0.022528,1.137664,0.54912,3.02016,hbm_floor_actual,0.010087765769584145
heldout_gpqa_b8_l13_s3,8,fixed_3+3,3x4x512+3x4x512,pipelined,4.805275333333333,3.84384,4.8048,0.045056,1.80992,0.82368,4.8048,hbm_floor_actual,0.009892884892881426
heldout_gpqa_b16_l13_s3,16,fixed_3+3,3x4x512+3x4x512,pipelined,7.6884966666666665,4.39296,7.68768,0.090112,2.895872,1.64736,7.68768,hbm_floor_actual,0.010623057498060362
heldout_gpqa_b2_l13_s7,2,fixed_3+3,3x4x512+3x4x512,pipelined,1.7848593333333334,1.78464,1.78464,0.011264,0.672256,0.27456,1.78464,hbm_floor_unique,0.01229006036698177
heldout_gpqa_b4_l13_s7,4,fixed_3+3,3x4x512+3x4x512,pipelined,3.4323046666666666,3.15744,3.432,0.022528,1.2928,0.54912,3.432,hbm_floor_actual,0.008877233877235824
heldout_gpqa_b8_l13_s7,8,fixed_3+3,3x4x512+3x4x512,pipelined,5.354395333333333,4.8048,5.35392,0.045056,2.016768,0.82368,5.35392,hbm_floor_actual,0.008878230032061118
heldout_gpqa_b16_l13_s7,16,fixed_3+3,3x4x512+3x4x512,pipelined,8.649456666666666,6.04032,8.64864,0.090112,3.257856,1.64736,8.64864,hbm_floor_actual,0.009442717776053655
heldout_gpqa_b2_l13_s11,2,fixed_3+3,3x4x512+3x4x512,pipelined,1.2357393333333333,1.23552,1.23552,0.011264,0.465408,0.27456,1.23552,hbm_floor_unique,0.017752309418961332
heldout_gpqa_b4_l13_s11,4,fixed_3+3,3x4x512+3x4x512,pipelined,3.5695206666666666,3.29472,3.56928,0.022528,1.344512,0.54912,3.56928,hbm_floor_actual,0.006742723088870584
heldout_gpqa_b8_l13_s11,8,fixed_3+3,3x4x512+3x4x512,pipelined,4.942491333333333,4.1184,4.94208,0.045056,1.861632,0.82368,4.94208,hbm_floor_actual,0.008323081239747232
heldout_gpqa_b16_l13_s11,16,fixed_3+3,3x4x512+3x4x512,pipelined,8.512112666666669,6.1776,8.51136,0.090112,3.206144,1.64736,8.51136,hbm_floor_actual,0.008843083439868948
heldout_gpqa_b2_l26_s3,2,fixed_3+3,3x4x512+3x4x512,pipelined,1.9220753333333334,1.92192,1.92192,0.011264,0.723968,0.27456,1.92192,hbm_floor_unique,0.00808219558219303
heldout_gpqa_b4_l26_s3,4,fixed_3+3,3x4x512+3x4x512,pipelined,2.6086246666666666,2.33376,2.60832,0.022528,0.982528,0.54912,2.60832,hbm_floor_actual,0.011680570891092756
heldout_gpqa_b8_l26_s3,8,fixed_3+3,3x4x512+3x4x512,pipelined,4.393435333333332,3.432,4.39296,0.045056,1.654784,0.82368,4.39296,hbm_floor_actual,0.010820342851558529
heldout_gpqa_b16_l26_s3,16,fixed_3+3,3x4x512+3x4x512,pipelined,8.100272666666665,4.66752,8.09952,0.090112,3.051008,1.64736,8.09952,hbm_floor_actual,0.009292731750343286
heldout_gpqa_b2_l26_s7,2,fixed_3+3,3x4x512+3x4x512,pipelined,1.9220753333333334,1.92192,1.92192,0.011264,0.723968,0.27456,1.92192,hbm_floor_unique,0.00808219558219303
heldout_gpqa_b4_l26_s7,4,fixed_3+3,3x4x512+3x4x512,pipelined,3.4323046666666666,3.15744,3.432,0.022528,1.2928,0.54912,3.432,hbm_floor_actual,0.008877233877235824
heldout_gpqa_b8_l26_s7,8,fixed_3+3,3x4x512+3x4x512,pipelined,5.217051333333331,4.66752,5.21664,0.045056,1.965056,0.82368,5.21664,hbm_floor_actual,0.007885024332354718
heldout_gpqa_b16_l26_s7,16,fixed_3+3,3x4x512+3x4x512,pipelined,9.335856666666668,6.31488,9.33504,0.090112,3.516416,1.64736,9.33504,hbm_floor_actual,0.008748400292524217
heldout_gpqa_b2_l26_s11,2,fixed_3+3,3x4x512+3x4x512,pipelined,1.7848593333333334,1.78464,1.78464,0.011264,0.672256,0.27456,1.78464,hbm_floor_unique,0.01229006036698177
heldout_gpqa_b4_l26_s11,4,fixed_3+3,3x4x512+3x4x512,pipelined,3.7068646666666667,3.432,3.70656,0.022528,1.396224,0.54912,3.70656,hbm_floor_actual,0.008219660997443867
heldout_gpqa_b8_l26_s11,8,fixed_3+3,3x4x512+3x4x512,pipelined,5.217051333333333,4.66752,5.21664,0.045056,1.965056,0.82368,5.21664,hbm_floor_actual,0.007885024332376922
heldout_gpqa_b16_l26_s11,16,fixed_3+3,3x4x512+3x4x512,pipelined,8.924016666666667,6.864,8.9232,0.090112,3.36128,1.64736,8.9232,hbm_floor_actual,0.00915217261370227
heldout_swe_b2_l2_s3,2,fixed_3+3,3x4x512+3x4x512,pipelined,1.7848593333333334,1.78464,1.78464,0.011264,0.672256,0.27456,1.78464,hbm_floor_unique,0.01229006036698177
heldout_swe_b4_l2_s3,4,fixed_3+3,3x4x512+3x4x512,pipelined,2.4714086666666666,2.0592,2.47104,0.022528,0.930816,0.54912,2.47104,hbm_floor_actual,0.014919494086162999
heldout_swe_b8_l2_s3,8,fixed_3+3,3x4x512+3x4x512,pipelined,3.981595333333333,2.33376,3.98112,0.045056,1.499648,0.82368,3.98112,hbm_floor_actual,0.011939688663820114
heldout_swe_b16_l2_s3,16,fixed_3+3,3x4x512+3x4x512,pipelined,6.864816666666666,2.7456,6.864,0.090112,2.5856,1.64736,6.864,hbm_floor_actual,0.01189782439781073
heldout_swe_b2_l2_s7,2,fixed_3+3,3x4x512+3x4x512,pipelined,1.7848593333333334,1.78464,1.78464,0.011264,0.672256,0.27456,1.78464,hbm_floor_unique,0.01229006036698177
heldout_swe_b4_l2_s7,4,fixed_3+3,3x4x512+3x4x512,pipelined,2.7458691666666644,2.33376,2.7456,0.022528,1.03424,0.54912,2.7456,hbm_floor_actual,0.009803564490984407
heldout_swe_b8_l2_s7,8,fixed_3+3,3x4x512+3x4x512,pipelined,4.118811333333333,2.47104,4.1184,0.045056,1.55136,0.82368,4.1184,hbm_floor_actual,0.00998769748770112
heldout_swe_b16_l2_s7,16,fixed_3+3,3x4x512+3x4x512,pipelined,6.590320666666668,3.02016,6.58944,0.090112,2.482176,1.64736,6.58944,hbm_floor_actual,0.013364818052341576
heldout_swe_b2_l2_s11,2,fixed_3+3,3x4x512+3x4x512,pipelined,1.7848593333333334,1.78464,1.78464,0.011264,0.672256,0.27456,1.78464,hbm_floor_unique,0.01229006036698177
heldout_swe_b4_l2_s11,4,fixed_3+3,3x4x512+3x4x512,pipelined,3.1577446666666664,2.88288,3.15744,0.022528,1.189376,0.54912,3.15744,hbm_floor_actual,0.009649167257852476
heldout_swe_b8_l2_s11,8,fixed_3+3,3x4x512+3x4x512,pipelined,4.118875333333333,2.60832,4.1184,0.045056,1.55136,0.82368,4.1184,hbm_floor_actual,0.011541699041694997
heldout_swe_b16_l2_s11,16,fixed_3+3,3x4x512+3x4x512,pipelined,7.413936666666666,3.84384,7.41312,0.090112,2.792448,1.64736,7.41312,hbm_floor_actual,0.011016504072047795
heldout_swe_b2_l13_s3,2,fixed_3+3,3x4x512+3x4x512,pipelined,1.9220753333333334,1.92192,1.92192,0.011264,0.723968,0.27456,1.92192,hbm_floor_unique,0.00808219558219303
heldout_swe_b4_l13_s3,4,fixed_3+3,3x4x512+3x4x512,pipelined,2.8831846666666667,2.60832,2.88288,0.022528,1.085952,0.54912,2.88288,hbm_floor_actual,0.010568135568123083
heldout_swe_b8_l13_s3,8,fixed_3+3,3x4x512+3x4x512,pipelined,4.118811333333333,2.7456,4.1184,0.045056,1.55136,0.82368,4.1184,hbm_floor_actual,0.009987697487678915
heldout_swe_b16_l13_s3,16,fixed_3+3,3x4x512+3x4x512,pipelined,6.727536666666667,2.88288,6.72672,0.090112,2.533888,1.64736,6.72672,hbm_floor_actual,0.01214063714063407
heldout_swe_b2_l13_s7,2,fixed_3+3,3x4x512+3x4x512,pipelined,1.9220753333333334,1.92192,1.92192,0.011264,0.723968,0.27456,1.92192,hbm_floor_unique,0.00808219558219303
heldout_swe_b4_l13_s7,4,fixed_3+3,3x4x512+3x4x512,pipelined,3.1577446666666664,2.88288,3.15744,0.022528,1.189376,0.54912,3.15744,hbm_floor_actual,0.009649167257852476
heldout_swe_b8_l13_s7,8,fixed_3+3,3x4x512+3x4x512,pipelined,4.1188113333333325,2.88288,4.1184,0.045056,1.55136,0.82368,4.1184,hbm_floor_actual,0.009987697487678915
heldout_swe_b16_l13_s7,16,fixed_3+3,3x4x512+3x4x512,pipelined,6.727536666666666,3.02016,6.72672,0.090112,2.533888,1.64736,6.72672,hbm_floor_actual,0.01214063714063407
heldout_swe_b2_l13_s11,2,fixed_3+3,3x4x512+3x4x512,pipelined,1.6475153333333332,1.64736,1.64736,0.011264,0.620544,0.27456,1.64736,hbm_floor_unique,0.0094292281792141
heldout_swe_b4_l13_s11,4,fixed_3+3,3x4x512+3x4x512,pipelined,3.2949606666666664,3.02016,3.29472,0.022528,1.241088,0.54912,3.29472,hbm_floor_actual,0.00730461667961535
heldout_swe_b8_l13_s11,8,fixed_3+3,3x4x512+3x4x512,pipelined,3.981595333333333,2.60832,3.98112,0.045056,1.499648,0.82368,3.98112,hbm_floor_actual,0.011939688663820114
heldout_swe_b16_l13_s11,16,fixed_3+3,3x4x512+3x4x512,pipelined,7.551216666666667,3.84384,7.5504,0.090112,2.84416,1.64736,7.5504,hbm_floor_actual,0.010816203998031959
heldout_swe_b2_l26_s3,2,fixed_3+3,3x4x512+3x4x512,pipelined,1.6475153333333332,1.64736,1.64736,0.011264,0.620544,0.27456,1.64736,hbm_floor_unique,0.0094292281792141
heldout_swe_b4_l26_s3,4,fixed_3+3,3x4x512+3x4x512,pipelined,2.8831846666666667,2.60832,2.88288,0.022528,1.085952,0.54912,2.88288,hbm_floor_actual,0.010568135568123083
heldout_swe_b8_l26_s3,8,fixed_3+3,3x4x512+3x4x512,pipelined,4.805275333333333,3.15744,4.8048,0.045056,1.80992,0.82368,4.8048,hbm_floor_actual,0.009892884892881426
heldout_swe_b16_l26_s3,16,fixed_3+3,3x4x512+3x4x512,pipelined,7.139312666666667,3.84384,7.13856,0.090112,2.689024,1.64736,7.13856,hbm_floor_actual,0.010543676409069391
heldout_swe_b2_l26_s7,2,fixed_3+3,3x4x512+3x4x512,pipelined,1.9220753333333334,1.92192,1.92192,0.011264,0.723968,0.27456,1.92192,hbm_floor_unique,0.00808219558219303
heldout_swe_b4_l26_s7,4,fixed_3+3,3x4x512+3x4x512,pipelined,2.7458406666666666,2.47104,2.7456,0.022528,1.03424,0.54912,2.7456,hbm_floor_actual,0.008765540015542861
heldout_swe_b8_l26_s7,8,fixed_3+3,3x4x512+3x4x512,pipelined,4.256467333333332,3.02016,4.25568,0.045056,1.603072,0.82368,4.25568,hbm_floor_actual,0.018500764468476483
heldout_swe_b16_l26_s7,16,fixed_3+3,3x4x512+3x4x512,pipelined,7.139312666666666,3.15744,7.13856,0.090112,2.689024,1.64736,7.13856,hbm_floor_actual,0.010543676409047187
heldout_swe_b2_l26_s11,2,fixed_3+3,3x4x512+3x4x512,pipelined,1.9220753333333334,1.92192,1.92192,0.011264,0.723968,0.27456,1.92192,hbm_floor_unique,0.00808219558219303
heldout_swe_b4_l26_s11,4,fixed_3+3,3x4x512+3x4x512,pipelined,3.7068646666666667,3.432,3.70656,0.022528,1.396224,0.54912,3.70656,hbm_floor_actual,0.008219660997443867
heldout_swe_b8_l26_s11,8,fixed_3+3,3x4x512+3x4x512,pipelined,4.2561808333333335,2.60832,4.25568,0.045056,1.603072,0.82368,4.25568,hbm_floor_actual,0.011768585357319061
heldout_swe_b16_l26_s11,16,fixed_3+3,3x4x512+3x4x512,pipelined,7.688432666666667,4.1184,7.68768,0.090112,2.895872,1.64736,7.68768,hbm_floor_actual,0.009790556665567607
v3_captured_mixed_heldout_bfcl_t64_l2,64,fixed_3+3,3x4x512+3x4x512,pipelined,26.635343166666665,8.64864,26.63232,0.360448,10.032128,6.04032,26.63232,hbm_floor_actual,0.011351495726485972
v3_captured_mixed_heldout_bfcl_t96_l2,96,fixed_3+3,3x4x512+3x4x512,pipelined,38.305606,8.78592,38.30112,0.540672,14.427648,9.33504,38.30112,hbm_floor_actual,0.011712451228573784
v3_captured_mixed_heldout_bfcl_t128_l2,128,fixed_3+3,3x4x512+3x4x512,pipelined,50.93685933333334,9.06048,50.93088,0.720896,19.185152,12.3552,50.93088,hbm_floor_actual,0.011740094287260305
v3_captured_mixed_heldout_bfcl_t64_l13,64,fixed_3+3,3x4x512+3x4x512,pipelined,26.498032666666667,7.96224,26.49504,0.360448,9.980416,6.04032,26.49504,hbm_floor_actual,0.011295195880700604
v3_captured_mixed_heldout_bfcl_t96_l13,96,fixed_3+3,3x4x512+3x4x512,pipelined,38.44292575,8.64864,38.4384,0.540672,14.47936,9.33504,38.4384,hbm_floor_actual,0.01177403325840487
v3_captured_mixed_heldout_bfcl_t128_l13,128,fixed_3+3,3x4x512+3x4x512,pipelined,50.52501933333333,8.78592,50.51904,0.720896,19.030016,12.3552,50.51904,hbm_floor_actual,0.011835801577664284
v3_captured_mixed_heldout_bfcl_t64_l26,64,fixed_3+3,3x4x512+3x4x512,pipelined,26.360829916666667,8.51136,26.35776,0.360448,9.928704,6.04032,26.35776,hbm_floor_actual,0.011647107594381367
v3_captured_mixed_heldout_bfcl_t96_l26,96,fixed_3+3,3x4x512+3x4x512,pipelined,38.442886,8.9232,38.4384,0.540672,14.47936,9.33504,38.4384,hbm_floor_actual,0.011670621045611895
v3_captured_mixed_heldout_bfcl_t128_l26,128,fixed_3+3,3x4x512+3x4x512,pipelined,50.66229933333333,9.06048,50.65632,0.720896,19.081728,12.3552,50.65632,hbm_floor_actual,0.011803726234616008
v3_captured_mixed_heldout_gpqa_t64_l2,64,fixed_3+3,3x4x512+3x4x512,pipelined,26.498032666666663,8.9232,26.49504,0.360448,9.980416,6.04032,26.49504,hbm_floor_actual,0.0112951958806784
v3_captured_mixed_heldout_gpqa_t96_l2,96,fixed_3+3,3x4x512+3x4x512,pipelined,38.8547545,9.06048,38.85024,0.540672,14.634496,9.33504,38.85024,hbm_floor_actual,0.011620262834921569
v3_captured_mixed_heldout_gpqa_t128_l2,128,fixed_3+3,3x4x512+3x4x512,pipelined,50.52501933333333,9.06048,50.51904,0.720896,19.030016,12.3552,50.51904,hbm_floor_actual,0.011835801577664284
v3_captured_mixed_heldout_gpqa_t64_l13,64,fixed_3+3,3x4x512+3x4x512,pipelined,26.223472666666662,7.96224,26.22048,0.360448,9.876992,6.04032,26.22048,hbm_floor_actual,0.011413470183097019
v3_captured_mixed_heldout_gpqa_t96_l13,96,fixed_3+3,3x4x512+3x4x512,pipelined,38.71762999999999,8.37408,38.71296,0.540672,14.582784,9.33504,38.71296,hbm_floor_actual,0.012063143712071067
v3_captured_mixed_heldout_gpqa_t128_l13,128,fixed_3+3,3x4x512+3x4x512,pipelined,49.83861933333333,8.51136,49.83264,0.720896,18.771456,12.3552,49.83264,hbm_floor_actual,0.011998829147574774
v3_captured_mixed_heldout_gpqa_t64_l26,64,fixed_3+3,3x4x512+3x4x512,pipelined,26.635349166666668,8.9232,26.63232,0.360448,10.032128,6.04032,26.63232,hbm_floor_actual,0.011374024743870947
v3_captured_mixed_heldout_gpqa_t96_l26,96,fixed_3+3,3x4x512+3x4x512,pipelined,38.8548915,9.06048,38.85024,0.540672,14.634496,9.33504,38.85024,hbm_floor_actual,0.011972899009116134
v3_captured_mixed_heldout_gpqa_t128_l26,128,fixed_3+3,3x4x512+3x4x512,pipelined,49.97589933333333,9.06048,49.96992,0.720896,18.823168,12.3552,49.96992,hbm_floor_actual,0.011965865331231562
v3_captured_mixed_heldout_swe_t64_l2,64,fixed_3+3,3x4x512+3x4x512,pipelined,26.635312666666668,8.78592,26.63232,0.360448,10.032128,6.04032,26.63232,hbm_floor_actual,0.011236973221517843
v3_captured_mixed_heldout_swe_t96_l2,96,fixed_3+3,3x4x512+3x4x512,pipelined,38.580229499999994,8.9232,38.57568,0.540672,14.531072,9.33504,38.57568,hbm_floor_actual,0.011793700072160185
v3_captured_mixed_heldout_swe_t128_l2,128,fixed_3+3,3x4x512+3x4x512,pipelined,50.79957933333333,9.06048,50.7936,0.720896,19.13344,12.3552,50.7936,hbm_floor_actual,0.011771824271811226
v3_captured_mixed_heldout_swe_t64_l13,64,fixed_3+3,3x4x512+3x4x512,pipelined,26.08631666666667,7.41312,26.0832,0.360448,9.82528,6.04032,26.0832,hbm_floor_actual,0.011948942869999257
v3_captured_mixed_heldout_swe_t96_l13,96,fixed_3+3,3x4x512+3x4x512,pipelined,38.580166,8.2368,38.57568,0.540672,14.531072,9.33504,38.57568,hbm_floor_actual,0.011629088586384562
v3_captured_mixed_heldout_swe_t128_l13,128,fixed_3+3,3x4x512+3x4x512,pipelined,50.79963933333334,8.78592,50.7936,0.720896,19.13344,12.3552,50.7936,hbm_floor_actual,0.011889949389964904
v3_captured_mixed_heldout_swe_t64_l26,64,fixed_3+3,3x4x512+3x4x512,pipelined,27.04715266666667,8.37408,27.04416,0.360448,10.187264,6.04032,27.04416,hbm_floor_actual,0.01106585180190578
v3_captured_mixed_heldout_swe_t96_l26,96,fixed_3+3,3x4x512+3x4x512,pipelined,39.266576,8.51136,39.26208,0.540672,14.789632,9.33504,39.26208,hbm_floor_actual,0.011451252710004134
v3_captured_mixed_heldout_swe_t128_l26,128,fixed_3+3,3x4x512+3x4x512,pipelined,50.25045933333333,9.06048,50.24448,0.720896,18.926592,12.3552,50.24448,hbm_floor_actual,0.011900478088988642
heldout_bfcl_b2_l2_s3,2,fixed_4+2,4x4x512+2x4x512,pipelined,1.9221898927738927,1.92192,1.92192,0.011264,0.723968,0.27456,1.92192,hbm_floor_unique,0.014042872434472109
heldout_bfcl_b4_l2_s3,4,fixed_4+2,4x4x512+2x4x512,pipelined,2.8832883384863432,2.7456,2.88288,0.022528,1.03424,0.27456,2.88288,hbm_floor_actual,0.014164255409276905
heldout_bfcl_b8_l2_s3,8,fixed_4+2,4x4x512+2x4x512,pipelined,4.530945640789271,3.70656,4.53024,0.045056,1.499648,0.54912,4.53024,hbm_floor_actual,0.015576234134861977
heldout_bfcl_b16_l2_s3,16,fixed_4+2,4x4x512+2x4x512,pipelined,7.688777802109896,4.94208,7.68768,0.090112,2.5856,1.09824,7.68768,hbm_floor_actual,0.014280018287649021
heldout_bfcl_b2_l2_s7,2,fixed_4+2,4x4x512+2x4x512,pipelined,1.9221898927738927,1.92192,1.92192,0.011264,0.723968,0.27456,1.92192,hbm_floor_unique,0.014042872434472109
heldout_bfcl_b4_l2_s7,4,fixed_4+2,4x4x512+2x4x512,pipelined,3.0229363852725766,3.02016,3.02016,0.022528,1.137664,0.27456,3.02016,hbm_floor_unique,0.09192841679170893
heldout_bfcl_b8_l2_s7,8,fixed_4+2,4x4x512+2x4x512,pipelined,4.950748622811389,4.1184,4.94208,0.045056,1.654784,0.54912,4.94208,hbm_floor_actual,0.17540434010354655
heldout_bfcl_b16_l2_s7,16,fixed_4+2,4x4x512+2x4x512,pipelined,8.787140418869734,6.1776,8.78592,0.090112,2.895872,1.09824,8.78592,hbm_floor_actual,0.01389062124095286
heldout_bfcl_b2_l2_s11,2,fixed_4+2,4x4x512+2x4x512,pipelined,1.3754377717579243,1.3728,1.3728,0.011264,0.51712,0.27456,1.3728,hbm_floor_unique,0.1921453786366767
heldout_bfcl_b4_l2_s11,4,fixed_4+2,4x4x512+2x4x512,pipelined,3.0229363852725766,3.02016,3.02016,0.022528,1.137664,0.27456,3.02016,hbm_floor_unique,0.09192841679170893
heldout_bfcl_b8_l2_s11,8,fixed_4+2,4x4x512+2x4x512,pipelined,4.950702968930811,4.25568,4.94208,0.045056,1.706496,0.54912,4.94208,hbm_floor_actual,0.17448056143993806
heldout_bfcl_b16_l2_s11,16,fixed_4+2,4x4x512+2x4x512,pipelined,8.78708931197476,7.00128,8.78592,0.090112,2.999296,1.09824,8.78592,hbm_floor_actual,0.013308930365396598
heldout_bfcl_b2_l13_s3,2,fixed_4+2,4x4x512+2x4x512,pipelined,1.6487824126776105,1.64736,1.64736,0.011264,0.620544,0.27456,1.64736,hbm_floor_unique,0.08634498091555365
heldout_bfcl_b4_l13_s3,4,fixed_4+2,4x4x512+2x4x512,pipelined,3.2951638355054027,3.29472,3.29472,0.022528,1.241088,0.27456,3.29472,hbm_floor_unique,0.013471114553054164
heldout_bfcl_b8_l13_s3,8,fixed_4+2,4x4x512+2x4x512,pipelined,5.177075914692364,3.98112,5.07936,0.045056,1.758208,0.54912,5.07936,hbm_floor_actual,1.923783994289896
heldout_bfcl_b16_l13_s3,16,fixed_4+2,4x4x512+2x4x512,pipelined,8.535767088162926,5.4912,8.51136,0.090112,2.740736,1.09824,8.51136,hbm_floor_actual,0.2867589687538086
heldout_bfcl_b2_l13_s7,2,fixed_4+2,4x4x512+2x4x512,pipelined,1.9221898927738927,1.92192,1.92192,0.011264,0.723968,0.27456,1.92192,hbm_floor_unique,0.014042872434472109
heldout_bfcl_b4_l13_s7,4,fixed_4+2,4x4x512+2x4x512,pipelined,3.024085546747465,3.02016,3.02016,0.022528,1.137664,0.27456,3.02016,hbm_floor_unique,0.12997810538069032
heldout_bfcl_b8_l13_s7,8,fixed_4+2,4x4x512+2x4x512,pipelined,4.949417720168553,4.39296,4.94208,0.045056,1.758208,0.54912,4.94208,hbm_floor_actual,0.14847433000988453
heldout_bfcl_b16_l13_s7,16,fixed_4+2,4x4x512+2x4x512,pipelined,8.100842926339022,5.4912,8.09952,0.090112,2.689024,1.09824,8.09952,hbm_floor_actual,0.016333391843237344
heldout_bfcl_b2_l13_s11,2,fixed_4+2,4x4x512+2x4x512,pipelined,1.2357977410437664,1.23552,1.23552,0.011264,0.465408,0.27456,1.23552,hbm_floor_unique,0.02247968820954238
heldout_bfcl_b4_l13_s11,4,fixed_4+2,4x4x512+2x4x512,pipelined,2.88329621797829,2.88288,2.88288,0.022528,1.085952,0.27456,2.88288,hbm_floor_unique,0.014437575559522742
heldout_bfcl_b8_l13_s11,8,fixed_4+2,4x4x512+2x4x512,pipelined,4.530883383515055,3.70656,4.53024,0.045056,1.55136,0.54912,4.53024,hbm_floor_actual,0.014201974179162136
heldout_bfcl_b16_l13_s11,16,fixed_4+2,4x4x512+2x4x512,pipelined,8.930745931387412,6.45216,8.9232,0.090112,2.947584,1.09824,8.9232,hbm_floor_actual,0.08456530602711787
heldout_bfcl_b2_l26_s3,2,fixed_4+2,4x4x512+2x4x512,pipelined,1.7848980372023808,1.78464,1.78464,0.011264,0.672256,0.27456,1.78464,hbm_floor_unique,0.014458781736426118
heldout_bfcl_b4_l26_s3,4,fixed_4+2,4x4x512+2x4x512,pipelined,3.2951728850921795,3.29472,3.29472,0.022528,1.241088,0.27456,3.29472,hbm_floor_unique,0.01374578392638881
heldout_bfcl_b8_l26_s3,8,fixed_4+2,4x4x512+2x4x512,pipelined,5.08007072798144,4.25568,5.07936,0.045056,1.706496,0.54912,5.07936,hbm_floor_actual,0.013992471127077799
heldout_bfcl_b16_l26_s3,16,fixed_4+2,4x4x512+2x4x512,pipelined,9.061675215192592,6.31488,9.06048,0.090112,2.947584,1.09824,9.06048,hbm_floor_actual,0.013191521780209214
heldout_bfcl_b2_l26_s7,2,fixed_4+2,4x4x512+2x4x512,pipelined,1.648755232236839,1.64736,1.64736,0.011264,0.620544,0.27456,1.64736,hbm_floor_unique,0.08469504157191388
heldout_bfcl_b4_l26_s7,4,fixed_4+2,4x4x512+2x4x512,pipelined,3.297524458487241,3.29472,3.29472,0.022528,1.241088,0.27456,3.29472,hbm_floor_unique,0.0851197821739369
heldout_bfcl_b8_l26_s7,8,fixed_4+2,4x4x512+2x4x512,pipelined,5.629230751624446,4.66752,5.62848,0.045056,1.861632,0.54912,5.62848,hbm_floor_actual,0.013338443495336527
heldout_bfcl_b16_l26_s7,16,fixed_4+2,4x4x512+2x4x512,pipelined,8.014469088839173,5.76576,7.96224,0.090112,2.637312,1.09824,7.96224,hbm_floor_actual,0.65595974046464
heldout_bfcl_b2_l26_s11,2,fixed_4+2,4x4x512+2x4x512,pipelined,1.3765235388380876,1.3728,1.3728,0.011264,0.51712,0.27456,1.3728,hbm_floor_unique,0.27123680347374
heldout_bfcl_b4_l26_s11,4,fixed_4+2,4x4x512+2x4x512,pipelined,3.022968090506737,3.02016,3.02016,0.022528,1.137664,0.27456,3.02016,hbm_floor_unique,0.09297820336460205
heldout_bfcl_b8_l26_s11,8,fixed_4+2,4x4x512+2x4x512,pipelined,5.079935755153008,4.53024,5.07936,0.045056,1.861632,0.54912,5.07936,hbm_floor_actual,0.011335190910055637
heldout_bfcl_b16_l26_s11,16,fixed_4+2,4x4x512+2x4x512,pipelined,8.65514832540632,6.58944,8.64864,0.090112,2.895872,1.09824,8.64864,hbm_floor_actual,0.07525258776315269
heldout_gpqa_b2_l2_s3,2,fixed_4+2,4x4x512+2x4x512,pipelined,1.7848980372023808,1.78464,1.78464,0.011264,0.672256,0.27456,1.78464,hbm_floor_unique,0.014458781736426118
heldout_gpqa_b4_l2_s3,4,fixed_4+2,4x4x512+2x4x512,pipelined,2.751822480517454,2.47104,2.7456,0.022528,0.930816,0.27456,2.7456,hbm_floor_actual,0.22663463423127084
heldout_gpqa_b8_l2_s3,8,fixed_4+2,4x4x512+2x4x512,pipelined,4.5309237974251255,3.15744,4.53024,0.045056,1.447936,0.54912,4.53024,hbm_floor_actual,0.015094066211185364
heldout_gpqa_b16_l2_s3,16,fixed_4+2,4x4x512+2x4x512,pipelined,8.055507914875783,3.84384,7.82496,0.090112,2.378752,1.09824,7.82496,hbm_floor_actual,2.9463142926709374
heldout_gpqa_b2_l2_s7,2,fixed_4+2,4x4x512+2x4x512,pipelined,1.9221898927738927,1.92192,1.92192,0.011264,0.723968,0.27456,1.92192,hbm_floor_unique,0.014042872434472109
heldout_gpqa_b4_l2_s7,4,fixed_4+2,4x4x512+2x4x512,pipelined,3.295163835505403,3.29472,3.29472,0.022528,1.241088,0.27456,3.29472,hbm_floor_unique,0.013471114553076369
heldout_gpqa_b8_l2_s7,8,fixed_4+2,4x4x512+2x4x512,pipelined,5.354645616593894,4.66752,5.35392,0.045056,1.861632,0.54912,5.35392,hbm_floor_actual,0.013552996568755304
heldout_gpqa_b16_l2_s7,16,fixed_4+2,4x4x512+2x4x512,pipelined,8.822215965954337,6.45216,8.78592,0.090112,3.051008,1.09824,8.78592,hbm_floor_actual,0.4131151428004909
heldout_gpqa_b2_l2_s11,2,fixed_4+2,4x4x512+2x4x512,pipelined,1.5103612179782906,1.51008,1.51008,0.011264,0.568832,0.27456,1.51008,hbm_floor_unique,0.01862272053736458
heldout_gpqa_b4_l2_s11,4,fixed_4+2,4x4x512+2x4x512,pipelined,3.1577971506558122,3.15744,3.15744,0.022528,1.189376,0.27456,3.15744,hbm_floor_unique,0.011311399608926465
heldout_gpqa_b8_l2_s11,8,fixed_4+2,4x4x512+2x4x512,pipelined,5.773291995326726,5.21664,5.76576,0.045056,2.06848,0.54912,5.76576,hbm_floor_actual,0.13063317458108514
heldout_gpqa_b16_l2_s11,16,fixed_4+2,4x4x512+2x4x512,pipelined,8.539116136796912,6.864,8.51136,0.090112,2.947584,1.09824,8.51136,hbm_floor_actual,0.32610695349406527
heldout_gpqa_b2_l13_s3,2,fixed_4+2,4x4x512+2x4x512,pipelined,1.784889726934524,1.78464,1.78464,0.011264,0.672256,0.27456,1.78464,hbm_floor_unique,0.013993126598310646
heldout_gpqa_b4_l13_s3,4,fixed_4+2,4x4x512+2x4x512,pipelined,2.7483275419374693,2.60832,2.7456,0.022528,0.982528,0.27456,2.7456,hbm_floor_actual,0.09934229084607171
heldout_gpqa_b8_l13_s3,8,fixed_4+2,4x4x512+2x4x512,pipelined,4.400917518241863,3.84384,4.39296,0.045056,1.55136,0.54912,4.39296,hbm_floor_actual,0.18114251533962733
heldout_gpqa_b16_l13_s3,16,fixed_4+2,4x4x512+2x4x512,pipelined,7.58241286633323,4.39296,7.5504,0.090112,2.430464,1.09824,7.5504,hbm_floor_actual,0.4239890116183087
heldout_gpqa_b2_l13_s7,2,fixed_4+2,4x4x512+2x4x512,pipelined,1.784889726934524,1.78464,1.78464,0.011264,0.672256,0.27456,1.78464,hbm_floor_unique,0.013993126598310646
heldout_gpqa_b4_l13_s7,4,fixed_4+2,4x4x512+2x4x512,pipelined,3.1578330442570026,3.15744,3.15744,0.022528,1.189376,0.27456,3.15744,hbm_floor_unique,0.012448194011671632
heldout_gpqa_b8_l13_s7,8,fixed_4+2,4x4x512+2x4x512,pipelined,5.354554424795868,4.8048,5.35392,0.045056,1.913344,0.54912,5.35392,hbm_floor_actual,0.011849724984092092
heldout_gpqa_b16_l13_s7,16,fixed_4+2,4x4x512+2x4x512,pipelined,8.528799952064428,6.04032,8.51136,0.090112,2.895872,1.09824,8.51136,hbm_floor_actual,0.20490206106225095
heldout_gpqa_b2_l13_s11,2,fixed_4+2,4x4x512+2x4x512,pipelined,1.273997285117837,1.23552,1.23552,0.011264,0.465408,0.27456,1.23552,hbm_floor_unique,3.1142583784832922
heldout_gpqa_b4_l13_s11,4,fixed_4+2,4x4x512+2x4x512,pipelined,3.296344146996322,3.29472,3.29472,0.022528,1.241088,0.27456,3.29472,hbm_floor_unique,0.04929544836349553
heldout_gpqa_b8_l13_s11,8,fixed_4+2,4x4x512+2x4x512,pipelined,4.953253826585859,4.1184,4.94208,0.045056,1.706496,0.54912,4.94208,hbm_floor_actual,0.2260956234188649
heldout_gpqa_b16_l13_s11,16,fixed_4+2,4x4x512+2x4x512,pipelined,8.656254812783686,6.1776,8.64864,0.090112,2.895872,1.09824,8.64864,hbm_floor_actual,0.08804636085772977
heldout_gpqa_b2_l26_s3,2,fixed_4+2,4x4x512+2x4x512,pipelined,1.9221898927738927,1.92192,1.92192,0.011264,0.723968,0.27456,1.92192,hbm_floor_unique,0.014042872434472109
heldout_gpqa_b4_l26_s3,4,fixed_4+2,4x4x512+2x4x512,pipelined,2.608767160686624,2.33376,2.60832,0.022528,0.879104,0.27456,2.60832,hbm_floor_actual,0.017143628336402372
heldout_gpqa_b8_l26_s3,8,fixed_4+2,4x4x512+2x4x512,pipelined,4.393702304479748,3.432,4.39296,0.045056,1.499648,0.54912,4.39296,hbm_floor_actual,0.016897592505915604
heldout_gpqa_b16_l26_s3,16,fixed_4+2,4x4x512+2x4x512,pipelined,7.8258981376485455,4.66752,7.82496,0.090112,2.5856,1.09824,7.82496,hbm_floor_actual,0.011989040819959662
heldout_gpqa_b2_l26_s7,2,fixed_4+2,4x4x512+2x4x512,pipelined,1.9221898927738927,1.92192,1.92192,0.011264,0.723968,0.27456,1.92192,hbm_floor_unique,0.014042872434472109
heldout_gpqa_b4_l26_s7,4,fixed_4+2,4x4x512+2x4x512,pipelined,3.157833044257003,3.15744,3.15744,0.022528,1.189376,0.27456,3.15744,hbm_floor_unique,0.012448194011693836
heldout_gpqa_b8_l26_s7,8,fixed_4+2,4x4x512+2x4x512,pipelined,5.492019870342104,4.66752,5.4912,0.045056,1.861632,0.54912,5.4912,hbm_floor_actual,0.014930622488784628
heldout_gpqa_b16_l26_s7,16,fixed_4+2,4x4x512+2x4x512,pipelined,9.061570147201024,6.31488,9.06048,0.090112,3.051008,1.09824,9.06048,hbm_floor_actual,0.01203189236138602
heldout_gpqa_b2_l26_s11,2,fixed_4+2,4x4x512+2x4x512,pipelined,1.7849182570546216,1.78464,1.78464,0.011264,0.672256,0.27456,1.78464,hbm_floor_unique,0.015591775070689096
heldout_gpqa_b4_l26_s11,4,fixed_4+2,4x4x512+2x4x512,pipelined,3.432353249999999,3.432,3.432,0.022528,1.2928,0.27456,3.432,hbm_floor_unique,0.010292832167801969
heldout_gpqa_b8_l26_s11,8,fixed_4+2,4x4x512+2x4x512,pipelined,5.354558807787047,4.66752,5.35392,0.045056,1.861632,0.54912,5.35392,hbm_floor_actual,0.011931590069469422
heldout_gpqa_b16_l26_s11,16,fixed_4+2,4x4x512+2x4x512,pipelined,8.656986304173007,6.864,8.64864,0.090112,3.051008,1.09824,8.64864,hbm_floor_actual,0.09650423850462442
heldout_swe_b2_l2_s3,2,fixed_4+2,4x4x512+2x4x512,pipelined,1.7848980372023808,1.78464,1.78464,0.011264,0.672256,0.27456,1.78464,hbm_floor_unique,0.014458781736426118
heldout_swe_b4_l2_s3,4,fixed_4+2,4x4x512+2x4x512,pipelined,2.4772603736240164,2.0592,2.47104,0.022528,0.77568,0.27456,2.47104,hbm_floor_actual,0.25173099682791467
heldout_swe_b8_l2_s3,8,fixed_4+2,4x4x512+2x4x512,pipelined,3.579080523612624,2.33376,3.56928,0.045056,1.137664,0.54912,3.56928,hbm_floor_actual,0.27457984839025507
heldout_swe_b16_l2_s3,16,fixed_4+2,4x4x512+2x4x512,pipelined,6.9504345674657815,2.7456,6.864,0.090112,2.06848,1.09824,6.864,hbm_floor_actual,1.2592448640119658
heldout_swe_b2_l2_s7,2,fixed_4+2,4x4x512+2x4x512,pipelined,1.7848897339891452,1.78464,1.78464,0.011264,0.672256,0.27456,1.78464,hbm_floor_unique,0.013993521894906102
heldout_swe_b4_l2_s7,4,fixed_4+2,4x4x512+2x4x512,pipelined,2.6087707853007682,2.33376,2.60832,0.022528,0.879104,0.27456,2.60832,hbm_floor_actual,0.01728259188935599
heldout_swe_b8_l2_s7,8,fixed_4+2,4x4x512+2x4x512,pipelined,3.8578886142324205,2.47104,3.84384,0.045056,1.085952,0.54912,3.84384,hbm_floor_actual,0.3654838451241593
heldout_swe_b16_l2_s7,16,fixed_4+2,4x4x512+2x4x512,pipelined,7.282068833566242,3.02016,7.27584,0.090112,2.171904,1.09824,7.27584,hbm_floor_actual,0.08560982053262833
heldout_swe_b2_l2_s11,2,fixed_4+2,4x4x512+2x4x512,pipelined,1.7848980372023808,1.78464,1.78464,0.011264,0.672256,0.27456,1.78464,hbm_floor_unique,0.014458781736426118
heldout_swe_b4_l2_s11,4,fixed_4+2,4x4x512+2x4x512,pipelined,2.8832410372023802,2.88288,2.88288,0.022528,1.085952,0.27456,2.88288,hbm_floor_unique,0.012523490481042288
heldout_swe_b8_l2_s11,8,fixed_4+2,4x4x512+2x4x512,pipelined,3.707192937829487,2.60832,3.70656,0.045056,1.241088,0.54912,3.70656,hbm_floor_actual,0.017076152267514466
heldout_swe_b16_l2_s11,16,fixed_4+2,4x4x512+2x4x512,pipelined,7.555499299044672,3.84384,7.5504,0.090112,2.32704,1.09824,7.5504,hbm_floor_actual,0.0675368065886861
heldout_swe_b2_l13_s3,2,fixed_4+2,4x4x512+2x4x512,pipelined,1.9221898927738927,1.92192,1.92192,0.011264,0.723968,0.27456,1.92192,hbm_floor_unique,0.014042872434472109
heldout_swe_b4_l13_s3,4,fixed_4+2,4x4x512+2x4x512,pipelined,2.750616268119137,2.60832,2.7456,0.022528,0.982528,0.27456,2.7456,hbm_floor_actual,0.18270207310377984
heldout_swe_b8_l13_s3,8,fixed_4+2,4x4x512+2x4x512,pipelined,3.856000489012109,2.7456,3.84384,0.045056,1.137664,0.54912,3.84384,hbm_floor_actual,0.31636303831867885
heldout_swe_b16_l13_s3,16,fixed_4+2,4x4x512+2x4x512,pipelined,6.976703067085771,2.88288,6.864,0.090112,2.016768,1.09824,6.864,hbm_floor_actual,1.6419444505502812
heldout_swe_b2_l13_s7,2,fixed_4+2,4x4x512+2x4x512,pipelined,1.9221898927738927,1.92192,1.92192,0.011264,0.723968,0.27456,1.92192,hbm_floor_unique,0.014042872434472109
heldout_swe_b4_l13_s7,4,fixed_4+2,4x4x512+2x4x512,pipelined,2.8832769449128146,2.88288,2.88288,0.022528,1.085952,0.27456,2.88288,hbm_floor_unique,0.01376904043228766
heldout_swe_b8_l13_s7,8,fixed_4+2,4x4x512+2x4x512,pipelined,3.8536892950845956,2.88288,3.84384,0.045056,1.241088,0.54912,3.84384,hbm_floor_actual,0.2562358236710027
heldout_swe_b16_l13_s7,16,fixed_4+2,4x4x512+2x4x512,pipelined,6.940607192059496,3.02016,6.864,0.090112,2.06848,1.09824,6.864,hbm_floor_actual,1.1160721453889355
heldout_swe_b2_l13_s11,2,fixed_4+2,4x4x512+2x4x512,pipelined,1.6487824126776107,1.64736,1.64736,0.011264,0.620544,0.27456,1.64736,hbm_floor_unique,0.08634498091557585
heldout_swe_b4_l13_s11,4,fixed_4+2,4x4x512+2x4x512,pipelined,3.0217605985750464,3.02016,3.02016,0.022528,1.137664,0.27456,3.02016,hbm_floor_unique,0.052997145020339254
heldout_swe_b8_l13_s11,8,fixed_4+2,4x4x512+2x4x512,pipelined,3.857259248094014,2.60832,3.84384,0.045056,1.241088,0.54912,3.84384,hbm_floor_actual,0.34911047530632455
heldout_swe_b16_l13_s11,16,fixed_4+2,4x4x512+2x4x512,pipelined,7.551532523776701,3.84384,7.5504,0.090112,2.378752,1.09824,7.5504,hbm_floor_actual,0.014999520246616882
heldout_swe_b2_l26_s3,2,fixed_4+2,4x4x512+2x4x512,pipelined,1.648813836284307,1.64736,1.64736,0.011264,0.620544,0.27456,1.64736,hbm_floor_unique,0.08825249394832646
heldout_swe_b4_l26_s3,4,fixed_4+2,4x4x512+2x4x512,pipelined,2.6087493686341023,2.60832,2.60832,0.022528,0.982528,0.27456,2.60832,hbm_floor_unique,0.016461501430131698
heldout_swe_b8_l26_s3,8,fixed_4+2,4x4x512+2x4x512,pipelined,4.256301399525909,3.15744,4.25568,0.045056,1.396224,0.54912,4.25568,hbm_floor_actual,0.014601650638890185
heldout_swe_b16_l26_s3,16,fixed_4+2,4x4x512+2x4x512,pipelined,7.281013328781432,3.84384,7.27584,0.090112,2.378752,1.09824,7.27584,hbm_floor_actual,0.07110283872973078
heldout_swe_b2_l26_s7,2,fixed_4+2,4x4x512+2x4x512,pipelined,1.9221898927738927,1.92192,1.92192,0.011264,0.723968,0.27456,1.92192,hbm_floor_unique,0.014042872434472109
heldout_swe_b4_l26_s7,4,fixed_4+2,4x4x512+2x4x512,pipelined,2.6261668157711533,2.47104,2.60832,0.022528,0.930816,0.27456,2.60832,hbm_floor_actual,0.6842264665053888
heldout_swe_b8_l26_s7,8,fixed_4+2,4x4x512+2x4x512,pipelined,4.119018615077877,3.02016,4.1184,0.045056,1.2928,0.54912,4.1184,hbm_floor_actual,0.015020762380468788
heldout_swe_b16_l26_s7,16,fixed_4+2,4x4x512+2x4x512,pipelined,7.090872176246701,3.15744,7.00128,0.090112,2.016768,1.09824,7.00128,hbm_floor_actual,1.2796542381778853
heldout_swe_b2_l26_s11,2,fixed_4+2,4x4x512+2x4x512,pipelined,1.9221898927738927,1.92192,1.92192,0.011264,0.723968,0.27456,1.92192,hbm_floor_unique,0.014042872434472109
heldout_swe_b4_l26_s11,4,fixed_4+2,4x4x512+2x4x512,pipelined,3.4323808403879545,3.432,3.432,0.022528,1.2928,0.27456,3.432,hbm_floor_unique,0.011096747900762871
heldout_swe_b8_l26_s11,8,fixed_4+2,4x4x512+2x4x512,pipelined,3.707216004463186,2.60832,3.70656,0.045056,1.137664,0.54912,3.70656,hbm_floor_actual,0.01769847144483805
heldout_swe_b16_l26_s11,16,fixed_4+2,4x4x512+2x4x512,pipelined,8.26107755916759,4.1184,8.2368,0.090112,2.533888,1.09824,8.2368,hbm_floor_actual,0.2947450365140769
v3_captured_mixed_heldout_bfcl_t64_l2,64,fixed_4+2,4x4x512+2x4x512,pipelined,25.126080922017202,8.64864,25.12224,0.360448,7.911936,4.66752,25.12224,hbm_floor_actual,0.01528893131026443
v3_captured_mixed_heldout_bfcl_t96_l2,96,fixed_4+2,4x4x512+2x4x512,pipelined,36.247305054190726,8.78592,36.24192,0.540672,11.324928,6.864,36.24192,hbm_floor_actual,0.014858633843695124
v3_captured_mixed_heldout_bfcl_t128_l2,128,fixed_4+2,4x4x512+2x4x512,pipelined,47.093648301144356,9.06048,47.08704,0.720896,14.47936,9.06048,47.08704,hbm_floor_actual,0.014034225010428614
v3_captured_mixed_heldout_bfcl_t64_l13,64,fixed_4+2,4x4x512+2x4x512,pipelined,31.689144999712262,7.96224,30.06432,0.360448,8.067072,4.66752,30.06432,hbm_floor_actual,5.404496092751354
v3_captured_mixed_heldout_bfcl_t96_l13,96,fixed_4+2,4x4x512+2x4x512,pipelined,36.52163879744267,8.64864,36.51648,0.540672,11.273216,6.864,36.51648,hbm_floor_actual,0.014127313045153578
v3_captured_mixed_heldout_bfcl_t128_l13,128,fixed_4+2,4x4x512+2x4x512,pipelined,58.16183778689812,8.78592,56.42208,0.720896,14.634496,9.06048,56.42208,hbm_floor_actual,3.0834697815077305
v3_captured_mixed_heldout_bfcl_t64_l26,64,fixed_4+2,4x4x512+2x4x512,pipelined,25.81234237458961,8.51136,25.80864,0.360448,8.118784,4.66752,25.80864,hbm_floor_actual,0.014345485037603467
v3_captured_mixed_heldout_bfcl_t96_l26,96,fixed_4+2,4x4x512+2x4x512,pipelined,37.07086875229811,8.9232,37.0656,0.540672,11.37664,6.864,37.0656,hbm_floor_actual,0.014214668852274848
v3_captured_mixed_heldout_bfcl_t128_l26,128,fixed_4+2,4x4x512+2x4x512,pipelined,47.78016983934007,9.06048,47.77344,0.720896,14.634496,9.06048,47.77344,hbm_floor_actual,0.01408698921423479
v3_captured_mixed_heldout_gpqa_t64_l2,64,fixed_4+2,4x4x512+2x4x512,pipelined,30.635171224529152,8.9232,29.78976,0.360448,7.963648,4.66752,29.78976,hbm_floor_actual,2.837925597685742
v3_captured_mixed_heldout_gpqa_t96_l2,96,fixed_4+2,4x4x512+2x4x512,pipelined,36.38436895331163,9.06048,36.3792,0.540672,11.221504,6.864,36.3792,hbm_floor_actual,0.01420854035170116
v3_captured_mixed_heldout_gpqa_t128_l2,128,fixed_4+2,4x4x512+2x4x512,pipelined,58.35398852550111,9.06048,56.55936,0.720896,14.531072,9.06048,56.55936,hbm_floor_actual,3.1730000578173323
v3_captured_mixed_heldout_gpqa_t64_l13,64,fixed_4+2,4x4x512+2x4x512,pipelined,30.104406866292777,7.96224,29.24064,0.360448,7.860224,4.66752,29.24064,hbm_floor_actual,2.9539943937368696
v3_captured_mixed_heldout_gpqa_t96_l13,96,fixed_4+2,4x4x512+2x4x512,pipelined,44.09115312173349,8.37408,42.83136,0.540672,11.221504,6.864,42.83136,hbm_floor_actual,2.941286762160944
v3_captured_mixed_heldout_gpqa_t128_l13,128,fixed_4+2,4x4x512+2x4x512,pipelined,57.59060820591267,8.51136,55.87296,0.720896,14.47936,9.06048,55.87296,hbm_floor_actual,3.0742029881944077
v3_captured_mixed_heldout_gpqa_t64_l26,64,fixed_4+2,4x4x512+2x4x512,pipelined,30.507402953656356,8.9232,29.65248,0.360448,7.911936,4.66752,29.65248,hbm_floor_actual,2.883141489873209
v3_captured_mixed_heldout_gpqa_t96_l26,96,fixed_4+2,4x4x512+2x4x512,pipelined,36.65893567159303,9.06048,36.65376,0.540672,11.37664,6.864,36.65376,hbm_floor_actual,0.014120438375275768
v3_captured_mixed_heldout_gpqa_t128_l26,128,fixed_4+2,4x4x512+2x4x512,pipelined,47.09376396027536,9.06048,47.08704,0.720896,14.427648,9.06048,47.08704,hbm_floor_actual,0.014279853385046337
v3_captured_mixed_heldout_swe_t64_l2,64,fixed_4+2,4x4x512+2x4x512,pipelined,30.65352780487897,8.78592,29.78976,0.360448,7.963648,4.66752,29.78976,hbm_floor_actual,2.899546034875633
v3_captured_mixed_heldout_swe_t96_l2,96,fixed_4+2,4x4x512+2x4x512,pipelined,35.83520011078005,8.9232,35.83008,0.540672,11.066368,6.864,35.83008,hbm_floor_actual,0.014289978643788892
v3_captured_mixed_heldout_swe_t128_l2,128,fixed_4+2,4x4x512+2x4x512,pipelined,47.0936436110659,9.06048,47.08704,0.720896,14.47936,9.06048,47.08704,hbm_floor_actual,0.014024264566003808
v3_captured_mixed_heldout_swe_t64_l13,64,fixed_4+2,4x4x512+2x4x512,pipelined,25.12584110794125,7.41312,25.12224,0.360448,7.963648,4.66752,25.12224,hbm_floor_actual,0.014334342563593339
v3_captured_mixed_heldout_swe_t96_l13,96,fixed_4+2,4x4x512+2x4x512,pipelined,35.560710282129286,8.2368,35.55552,0.540672,11.169792,6.864,35.55552,hbm_floor_actual,0.014597683086314817
v3_captured_mixed_heldout_swe_t128_l13,128,fixed_4+2,4x4x512+2x4x512,pipelined,58.62036351459657,8.78592,56.69664,0.720896,14.73792,9.06048,56.69664,hbm_floor_actual,3.393011498735321
v3_captured_mixed_heldout_swe_t64_l26,64,fixed_4+2,4x4x512+2x4x512,pipelined,24.988758339108895,8.37408,24.98496,0.360448,7.808512,4.66752,24.98496,hbm_floor_actual,0.015202502260946993
v3_captured_mixed_heldout_swe_t96_l26,96,fixed_4+2,4x4x512+2x4x512,pipelined,36.24715478695943,8.51136,36.24192,0.540672,11.273216,6.864,36.24192,hbm_floor_actual,0.014444011132486168
v3_captured_mixed_heldout_swe_t128_l26,128,fixed_4+2,4x4x512+2x4x512,pipelined,47.64282346841979,9.06048,47.63616,0.720896,14.686208,9.06048,47.63616,hbm_floor_actual,0.013988256861563464
heldout_bfcl_b2_l2_s3,2,previous_asym,1x2x64+5x19x128,pipelined,3.244385333333334,1.92192,1.92192,0.011264,0.709916,0.27456,1.92192,hbm_floor_unique,68.80959318459321
heldout_bfcl_b4_l2_s3,4,previous_asym,1x2x64+5x19x128,pipelined,4.866610666666668,2.7456,3.02016,0.022528,1.015514,0.27456,3.02016,hbm_floor_actual,61.13751147842061
heldout_bfcl_b8_l2_s3,8,previous_asym,1x2x64+5x19x128,pipelined,6.488929333333336,3.70656,3.98112,0.045056,1.372388,0.27456,3.98112,hbm_floor_actual,62.99255820807552
heldout_bfcl_b16_l2_s3,16,previous_asym,1x2x64+5x19x128,pipelined,6.489274666666668,4.94208,5.07936,0.090112,1.830344,0.27456,5.07936,hbm_floor_actual,27.757722757722792
heldout_bfcl_b2_l2_s7,2,previous_asym,1x2x64+5x19x128,pipelined,3.244385333333334,1.92192,1.92192,0.011264,0.709916,0.27456,1.92192,hbm_floor_unique,68.80959318459321
heldout_bfcl_b4_l2_s7,4,previous_asym,1x2x64+5x19x128,pipelined,3.244470666666668,3.02016,3.02016,0.022528,1.116596,0.27456,3.02016,hbm_floor_unique,7.427112029384797
heldout_bfcl_b8_l2_s7,8,previous_asym,1x2x64+5x19x128,pipelined,6.488925333333336,4.1184,4.53024,0.045056,1.524158,0.27456,4.53024,hbm_floor_actual,43.2357961903417
heldout_bfcl_b16_l2_s7,16,previous_asym,1x2x64+5x19x128,pipelined,6.592901901041664,6.1776,6.58944,0.090112,2.287712,0.27456,6.58944,hbm_floor_actual,0.052537105454542044
heldout_bfcl_b2_l2_s11,2,previous_asym,1x2x64+5x19x128,pipelined,1.6222373333333342,1.3728,1.3728,0.011264,0.50834,0.27456,1.3728,hbm_floor_unique,18.16996891996898
heldout_bfcl_b4_l2_s11,4,previous_asym,1x2x64+5x19x128,pipelined,3.244470666666668,3.02016,3.02016,0.022528,1.116596,0.27456,3.02016,hbm_floor_unique,7.427112029384797
heldout_bfcl_b8_l2_s11,8,previous_asym,1x2x64+5x19x128,pipelined,4.866789333333336,4.25568,4.25568,0.045056,1.574552,0.27456,4.25568,hbm_floor_unique,14.359851617916197
heldout_bfcl_b16_l2_s11,16,previous_asym,1x2x64+5x19x128,pipelined,11.355706666666665,7.00128,7.5504,0.090112,2.593016,0.27456,7.5504,hbm_floor_actual,50.39874267146991
heldout_bfcl_b2_l13_s3,2,previous_asym,1x2x64+5x19x128,pipelined,1.6481614114583336,1.64736,1.64736,0.011264,0.609128,0.27456,1.64736,hbm_floor_unique,0.048648228579883934
heldout_bfcl_b4_l13_s3,4,previous_asym,1x2x64+5x19x128,pipelined,3.2961943333333346,3.29472,3.29472,0.022528,1.217384,0.27456,3.29472,hbm_floor_unique,0.04474836506089819
heldout_bfcl_b8_l13_s3,8,previous_asym,1x2x64+5x19x128,pipelined,6.488929333333336,3.98112,4.25568,0.045056,1.472882,0.27456,4.25568,hbm_floor_actual,52.47690929142548
heldout_bfcl_b16_l13_s3,16,previous_asym,1x2x64+5x19x128,pipelined,6.489270666666667,5.4912,5.76576,0.090112,2.033684,0.27456,5.76576,hbm_floor_actual,12.548400673400684
heldout_bfcl_b2_l13_s7,2,previous_asym,1x2x64+5x19x128,pipelined,3.244385333333334,1.92192,1.92192,0.011264,0.709916,0.27456,1.92192,hbm_floor_unique,68.80959318459321
heldout_bfcl_b4_l13_s7,4,previous_asym,1x2x64+5x19x128,pipelined,3.244470666666668,3.02016,3.02016,0.022528,1.116596,0.27456,3.02016,hbm_floor_unique,7.427112029384797
heldout_bfcl_b8_l13_s7,8,previous_asym,1x2x64+5x19x128,pipelined,4.866785333333336,4.39296,4.53024,0.045056,1.624946,0.27456,4.53024,hbm_floor_actual,7.4288632243178165
heldout_bfcl_b16_l13_s7,16,previous_asym,1x2x64+5x19x128,pipelined,8.111422666666668,5.4912,5.62848,0.090112,2.03486,0.27456,5.62848,hbm_floor_actual,44.113911156594085
heldout_bfcl_b2_l13_s11,2,previous_asym,1x2x64+5x19x128,pipelined,3.244381333333334,1.23552,1.3728,0.011264,0.457946,0.27456,1.3728,hbm_floor_actual,136.33313908313914
heldout_bfcl_b4_l13_s11,4,previous_asym,1x2x64+5x19x128,pipelined,4.866614666666668,2.88288,3.02016,0.022528,1.066202,0.27456,3.02016,hbm_floor_actual,61.13764392173486
heldout_bfcl_b8_l13_s11,8,previous_asym,1x2x64+5x19x128,pipelined,6.488929333333336,3.70656,3.98112,0.045056,1.372094,0.27456,3.98112,hbm_floor_actual,62.99255820807552
heldout_bfcl_b16_l13_s11,16,previous_asym,1x2x64+5x19x128,pipelined,8.111414666666665,6.45216,6.864,0.090112,2.389088,0.27456,6.864,hbm_floor_actual,18.17329059829058
heldout_bfcl_b2_l26_s3,2,previous_asym,1x2x64+5x19x128,pipelined,3.244385333333334,1.78464,1.78464,0.011264,0.659522,0.27456,1.78464,hbm_floor_unique,81.794946506485
heldout_bfcl_b4_l26_s3,4,previous_asym,1x2x64+5x19x128,pipelined,3.2961943333333346,3.29472,3.29472,0.022528,1.217384,0.27456,3.29472,hbm_floor_unique,0.04474836506089819
heldout_bfcl_b8_l26_s3,8,previous_asym,1x2x64+5x19x128,pipelined,4.866789333333337,4.25568,4.25568,0.045056,1.574846,0.27456,4.25568,hbm_floor_unique,14.35985161791622
heldout_bfcl_b16_l26_s3,16,previous_asym,1x2x64+5x19x128,pipelined,6.59277741145833,6.31488,6.58944,0.090112,2.338106,0.27456,6.58944,hbm_floor_actual,0.05064787688073835
heldout_bfcl_b2_l26_s7,2,previous_asym,1x2x64+5x19x128,pipelined,3.244381333333334,1.64736,1.78464,0.011264,0.609128,0.27456,1.78464,hbm_floor_actual,81.79472237164549
heldout_bfcl_b4_l26_s7,4,previous_asym,1x2x64+5x19x128,pipelined,3.2961943333333346,3.29472,3.29472,0.022528,1.217384,0.27456,3.29472,hbm_floor_unique,0.04474836506089819
heldout_bfcl_b8_l26_s7,8,previous_asym,1x2x64+5x19x128,pipelined,4.866789333333335,4.66752,4.66752,0.045056,1.726322,0.27456,4.66752,hbm_floor_unique,4.269276475158867
heldout_bfcl_b16_l26_s7,16,previous_asym,1x2x64+5x19x128,pipelined,9.733558666666665,5.76576,6.31488,0.090112,2.137412,0.27456,6.31488,hbm_floor_actual,54.13687459883112
heldout_bfcl_b2_l26_s11,2,previous_asym,1x2x64+5x19x128,pipelined,3.244381333333334,1.3728,1.51008,0.011264,0.50834,0.27456,1.51008,hbm_floor_actual,114.84830825739922
heldout_bfcl_b4_l26_s11,4,previous_asym,1x2x64+5x19x128,pipelined,3.244470666666668,3.02016,3.02016,0.022528,1.116596,0.27456,3.02016,hbm_floor_unique,7.427112029384797
heldout_bfcl_b8_l26_s11,8,previous_asym,1x2x64+5x19x128,pipelined,6.488929333333335,4.53024,4.8048,0.045056,1.67534,0.27456,4.8048,hbm_floor_actual,35.05097680097684
heldout_bfcl_b16_l26_s11,16,previous_asym,1x2x64+5x19x128,pipelined,9.733562666666664,6.58944,7.00128,0.090112,2.44154,0.27456,7.00128,hbm_floor_actual,39.0254734372381
heldout_gpqa_b2_l2_s3,2,previous_asym,1x2x64+5x19x128,pipelined,3.244385333333334,1.78464,1.78464,0.011264,0.659522,0.27456,1.78464,hbm_floor_unique,81.794946506485
heldout_gpqa_b4_l2_s3,4,previous_asym,1x2x64+5x19x128,pipelined,6.488758666666668,2.47104,2.7456,0.022528,0.914138,0.27456,2.7456,hbm_floor_actual,136.33299339549345
heldout_gpqa_b8_l2_s3,8,previous_asym,1x2x64+5x19x128,pipelined,6.488925333333335,3.15744,3.56928,0.045056,1.168754,0.27456,3.56928,hbm_floor_actual,81.79927978004906
heldout_gpqa_b16_l2_s3,16,previous_asym,1x2x64+5x19x128,pipelined,4.86712666666667,3.84384,3.98112,0.090112,1.424546,0.27456,3.98112,hbm_floor_actual,22.25521126383203
heldout_gpqa_b2_l2_s7,2,previous_asym,1x2x64+5x19x128,pipelined,3.244385333333334,1.92192,1.92192,0.011264,0.709916,0.27456,1.92192,hbm_floor_unique,68.80959318459321
heldout_gpqa_b4_l2_s7,4,previous_asym,1x2x64+5x19x128,pipelined,4.866614666666668,3.29472,3.432,0.022528,1.217384,0.27456,3.432,hbm_floor_actual,41.801126651126694
heldout_gpqa_b8_l2_s7,8,previous_asym,1x2x64+5x19x128,pipelined,8.111077333333334,4.66752,4.94208,0.045056,1.727204,0.27456,4.94208,hbm_floor_actual,64.12274453941124
heldout_gpqa_b16_l2_s7,16,previous_asym,1x2x64+5x19x128,pipelined,8.111410666666664,6.45216,7.00128,0.090112,2.389382,0.27456,7.00128,hbm_floor_actual,15.85611012081596
heldout_gpqa_b2_l2_s11,2,previous_asym,1x2x64+5x19x128,pipelined,3.244381333333334,1.51008,1.64736,0.011264,0.558734,0.27456,1.64736,hbm_floor_actual,96.9442825692826
heldout_gpqa_b4_l2_s11,4,previous_asym,1x2x64+5x19x128,pipelined,3.2961943333333346,3.15744,3.29472,0.022528,1.16699,0.27456,3.29472,hbm_floor_actual,0.04474836506089819
heldout_gpqa_b8_l2_s11,8,previous_asym,1x2x64+5x19x128,pipelined,8.111081333333335,5.21664,5.35392,0.045056,1.929368,0.27456,5.35392,hbm_floor_actual,51.49799274799278
heldout_gpqa_b16_l2_s11,16,previous_asym,1x2x64+5x19x128,pipelined,9.733562666666664,6.864,7.27584,0.090112,2.54321,0.27456,7.27584,hbm_floor_actual,33.77922915658762
heldout_gpqa_b2_l13_s3,2,previous_asym,1x2x64+5x19x128,pipelined,4.866529333333334,1.78464,1.92192,0.011264,0.659522,0.27456,1.92192,hbm_floor_actual,153.2118575868576
heldout_gpqa_b4_l13_s3,4,previous_asym,1x2x64+5x19x128,pipelined,3.2444706666666674,2.60832,2.60832,0.022528,0.964532,0.27456,2.60832,hbm_floor_unique,24.389287612971856
heldout_gpqa_b8_l13_s3,8,previous_asym,1x2x64+5x19x128,pipelined,8.111077333333336,3.84384,4.1184,0.045056,1.42337,0.27456,4.1184,hbm_floor_actual,96.94729344729352
heldout_gpqa_b16_l13_s3,16,previous_asym,1x2x64+5x19x128,pipelined,4.86712666666667,4.39296,4.53024,0.090112,1.628474,0.27456,4.53024,hbm_floor_actual,7.436397777306936
heldout_gpqa_b2_l13_s7,2,previous_asym,1x2x64+5x19x128,pipelined,3.244385333333334,1.78464,1.78464,0.011264,0.659522,0.27456,1.78464,hbm_floor_unique,81.794946506485
heldout_gpqa_b4_l13_s7,4,previous_asym,1x2x64+5x19x128,pipelined,3.244470666666668,3.15744,3.15744,0.022528,1.16699,0.27456,3.15744,hbm_floor_unique,2.7563680281071923
heldout_gpqa_b8_l13_s7,8,previous_asym,1x2x64+5x19x128,pipelined,8.111073333333335,4.8048,5.21664,0.045056,1.777598,0.27456,5.21664,hbm_floor_actual,55.484628675418165
heldout_gpqa_b16_l13_s7,16,previous_asym,1x2x64+5x19x128,pipelined,6.489270666666665,6.04032,6.31488,0.090112,2.23673,0.27456,6.31488,hbm_floor_actual,2.761583223539721
heldout_gpqa_b2_l13_s11,2,previous_asym,1x2x64+5x19x128,pipelined,3.244381333333334,1.23552,1.3728,0.011264,0.457946,0.27456,1.3728,hbm_floor_actual,136.33313908313914
heldout_gpqa_b4_l13_s11,4,previous_asym,1x2x64+5x19x128,pipelined,3.2961943333333346,3.29472,3.29472,0.022528,1.217384,0.27456,3.29472,hbm_floor_unique,0.04474836506089819
heldout_gpqa_b8_l13_s11,8,previous_asym,1x2x64+5x19x128,pipelined,6.488933333333335,4.1184,4.25568,0.045056,1.524158,0.27456,4.25568,hbm_floor_actual,52.47700328345495
heldout_gpqa_b16_l13_s11,16,previous_asym,1x2x64+5x19x128,pipelined,6.489270666666666,6.1776,6.45216,0.090112,2.288888,0.27456,6.45216,hbm_floor_actual,0.575166559209106
heldout_gpqa_b2_l26_s3,2,previous_asym,1x2x64+5x19x128,pipelined,3.244385333333334,1.92192,1.92192,0.011264,0.709916,0.27456,1.92192,hbm_floor_unique,68.80959318459321
heldout_gpqa_b4_l26_s3,4,previous_asym,1x2x64+5x19x128,pipelined,4.866610666666668,2.33376,2.60832,0.022528,0.863744,0.27456,2.60832,hbm_floor_actual,86.58027644869755
heldout_gpqa_b8_l26_s3,8,previous_asym,1x2x64+5x19x128,pipelined,6.488929333333335,3.432,3.70656,0.045056,1.270718,0.27456,3.70656,hbm_floor_actual,75.0660810383033
heldout_gpqa_b16_l26_s3,16,previous_asym,1x2x64+5x19x128,pipelined,4.944772994791667,4.66752,4.94208,0.090112,1.727792,0.27456,4.94208,hbm_floor_actual,0.054491120978750196
heldout_gpqa_b2_l26_s7,2,previous_asym,1x2x64+5x19x128,pipelined,3.244385333333334,1.92192,1.92192,0.011264,0.709916,0.27456,1.92192,hbm_floor_unique,68.80959318459321
heldout_gpqa_b4_l26_s7,4,previous_asym,1x2x64+5x19x128,pipelined,3.244470666666668,3.15744,3.15744,0.022528,1.16699,0.27456,3.15744,hbm_floor_unique,2.7563680281071923
heldout_gpqa_b8_l26_s7,8,previous_asym,1x2x64+5x19x128,pipelined,4.866785333333335,4.66752,4.8048,0.045056,1.727204,0.27456,4.8048,hbm_floor_actual,1.2900710400710613
heldout_gpqa_b16_l26_s7,16,previous_asym,1x2x64+5x19x128,pipelined,12.977846666666666,6.31488,7.13856,0.090112,2.336636,0.27456,7.13856,hbm_floor_actual,81.79922374633912
heldout_gpqa_b2_l26_s11,2,previous_asym,1x2x64+5x19x128,pipelined,3.244385333333334,1.78464,1.78464,0.011264,0.659522,0.27456,1.78464,hbm_floor_unique,81.794946506485
heldout_gpqa_b4_l26_s11,4,previous_asym,1x2x64+5x19x128,pipelined,6.488762666666668,3.432,3.56928,0.022528,1.267778,0.27456,3.56928,hbm_floor_actual,81.79472237164549
heldout_gpqa_b8_l26_s11,8,previous_asym,1x2x64+5x19x128,pipelined,8.111073333333335,4.66752,5.07936,0.045056,1.72691,0.27456,5.07936,hbm_floor_actual,59.68691593691597
heldout_gpqa_b16_l26_s11,16,previous_asym,1x2x64+5x19x128,pipelined,8.111410666666664,6.864,7.41312,0.090112,2.543504,0.27456,7.41312,hbm_floor_actual,9.419659558548421
heldout_swe_b2_l2_s3,2,previous_asym,1x2x64+5x19x128,pipelined,3.244385333333334,1.78464,1.78464,0.011264,0.659522,0.27456,1.78464,hbm_floor_unique,81.794946506485
heldout_swe_b4_l2_s3,4,previous_asym,1x2x64+5x19x128,pipelined,8.110902666666668,2.0592,2.47104,0.022528,0.762368,0.27456,2.47104,hbm_floor_actual,228.23842053008724
heldout_swe_b8_l2_s3,8,previous_asym,1x2x64+5x19x128,pipelined,8.111069333333335,2.33376,2.88288,0.045056,0.865214,0.27456,2.88288,hbm_floor_actual,181.3529988529989
heldout_swe_b16_l2_s3,16,previous_asym,1x2x64+5x19x128,pipelined,16.22213066666667,2.7456,3.98112,0.090112,1.018454,0.27456,3.98112,hbm_floor_actual,307.4765560110388
heldout_swe_b2_l2_s7,2,previous_asym,1x2x64+5x19x128,pipelined,3.244381333333334,1.78464,1.92192,0.011264,0.659522,0.27456,1.92192,hbm_floor_actual,68.8093850593851
heldout_swe_b4_l2_s7,4,previous_asym,1x2x64+5x19x128,pipelined,6.488754666666668,2.33376,2.7456,0.022528,0.863744,0.27456,2.7456,hbm_floor_actual,136.33284770784778
heldout_swe_b8_l2_s7,8,previous_asym,1x2x64+5x19x128,pipelined,11.355357333333334,2.47104,3.29472,0.045056,0.915902,0.27456,3.29472,hbm_floor_actual,244.65318246568248
heldout_swe_b16_l2_s7,16,previous_asym,1x2x64+5x19x128,pipelined,19.46641866666667,3.02016,4.53024,0.090112,1.11983,0.27456,4.53024,hbm_floor_actual,329.6995008358645
heldout_swe_b2_l2_s11,2,previous_asym,1x2x64+5x19x128,pipelined,3.244385333333334,1.78464,1.78464,0.011264,0.659522,0.27456,1.78464,hbm_floor_unique,81.794946506485
heldout_swe_b4_l2_s11,4,previous_asym,1x2x64+5x19x128,pipelined,4.866614666666668,2.88288,3.02016,0.022528,1.065908,0.27456,3.02016,hbm_floor_actual,61.13764392173486
heldout_swe_b8_l2_s11,8,previous_asym,1x2x64+5x19x128,pipelined,3.2446373333333347,2.60832,2.7456,0.045056,0.967178,0.27456,2.7456,hbm_floor_actual,18.17589355089362
heldout_swe_b16_l2_s11,16,previous_asym,1x2x64+5x19x128,pipelined,16.22213466666667,3.84384,4.94208,0.090112,1.424252,0.27456,4.94208,hbm_floor_actual,228.24508439091775
heldout_swe_b2_l13_s3,2,previous_asym,1x2x64+5x19x128,pipelined,3.244385333333334,1.92192,1.92192,0.011264,0.709916,0.27456,1.92192,hbm_floor_unique,68.80959318459321
heldout_swe_b4_l13_s3,4,previous_asym,1x2x64+5x19x128,pipelined,3.2444706666666674,2.60832,2.60832,0.022528,0.964826,0.27456,2.60832,hbm_floor_unique,24.389287612971856
heldout_swe_b8_l13_s3,8,previous_asym,1x2x64+5x19x128,pipelined,4.866781333333334,2.7456,3.02016,0.045056,1.017572,0.27456,3.02016,hbm_floor_actual,61.14316239316242
heldout_swe_b16_l13_s3,16,previous_asym,1x2x64+5x19x128,pipelined,3.244978666666668,2.88288,3.02016,0.090112,1.070318,0.27456,3.02016,hbm_floor_actual,7.44393233029601
heldout_swe_b2_l13_s7,2,previous_asym,1x2x64+5x19x128,pipelined,3.244385333333334,1.92192,1.92192,0.011264,0.709916,0.27456,1.92192,hbm_floor_unique,68.80959318459321
heldout_swe_b4_l13_s7,4,previous_asym,1x2x64+5x19x128,pipelined,3.244466666666668,2.88288,3.02016,0.022528,1.066202,0.27456,3.02016,hbm_floor_actual,7.426979586070548
heldout_swe_b8_l13_s7,8,previous_asym,1x2x64+5x19x128,pipelined,4.866781333333334,2.88288,3.15744,0.045056,1.06826,0.27456,3.15744,hbm_floor_actual,54.13693794128578
heldout_swe_b16_l13_s7,16,previous_asym,1x2x64+5x19x128,pipelined,14.599986666666668,3.02016,4.1184,0.090112,1.120712,0.27456,4.1184,hbm_floor_actual,254.5062807562808
heldout_swe_b2_l13_s11,2,previous_asym,1x2x64+5x19x128,pipelined,1.6481614114583336,1.64736,1.64736,0.011264,0.609128,0.27456,1.64736,hbm_floor_unique,0.048648228579883934
heldout_swe_b4_l13_s11,4,previous_asym,1x2x64+5x19x128,pipelined,3.244470666666668,3.02016,3.02016,0.022528,1.116596,0.27456,3.02016,hbm_floor_unique,7.427112029384797
heldout_swe_b8_l13_s11,8,previous_asym,1x2x64+5x19x128,pipelined,3.244637333333334,2.60832,2.7456,0.045056,0.96659,0.27456,2.7456,hbm_floor_actual,18.175893550893573
heldout_swe_b16_l13_s11,16,previous_asym,1x2x64+5x19x128,pipelined,4.867130666666669,3.84384,3.84384,0.090112,1.424252,0.27456,3.84384,hbm_floor_unique,26.62157287157292
heldout_swe_b2_l26_s3,2,previous_asym,1x2x64+5x19x128,pipelined,1.6481614114583336,1.64736,1.64736,0.011264,0.609128,0.27456,1.64736,hbm_floor_unique,0.048648228579883934
heldout_swe_b4_l26_s3,4,previous_asym,1x2x64+5x19x128,pipelined,3.2444706666666674,2.60832,2.60832,0.022528,0.965414,0.27456,2.60832,hbm_floor_unique,24.389287612971856
heldout_swe_b8_l26_s3,8,previous_asym,1x2x64+5x19x128,pipelined,3.296613979166668,3.15744,3.29472,0.045056,1.168754,0.27456,3.29472,hbm_floor_actual,0.05748528453610735
heldout_swe_b16_l26_s3,16,previous_asym,1x2x64+5x19x128,pipelined,6.489270666666669,3.84384,4.1184,0.090112,1.42484,0.27456,4.1184,hbm_floor_actual,57.56776094276099
heldout_swe_b2_l26_s7,2,previous_asym,1x2x64+5x19x128,pipelined,3.244385333333334,1.92192,1.92192,0.011264,0.709916,0.27456,1.92192,hbm_floor_unique,68.80959318459321
heldout_swe_b4_l26_s7,4,previous_asym,1x2x64+5x19x128,pipelined,4.866614666666668,2.47104,2.60832,0.022528,0.914726,0.27456,2.60832,hbm_floor_actual,86.58042980411406
heldout_swe_b8_l26_s7,8,previous_asym,1x2x64+5x19x128,pipelined,4.866781333333335,3.02016,3.29472,0.045056,1.118948,0.27456,3.29472,hbm_floor_actual,47.71456552706557
heldout_swe_b16_l26_s7,16,previous_asym,1x2x64+5x19x128,pipelined,12.977842666666668,3.15744,4.1184,0.090112,1.171988,0.27456,4.1184,hbm_floor_actual,215.11855736855742
heldout_swe_b2_l26_s11,2,previous_asym,1x2x64+5x19x128,pipelined,3.244385333333334,1.92192,1.92192,0.011264,0.709916,0.27456,1.92192,hbm_floor_unique,68.80959318459321
heldout_swe_b4_l26_s11,4,previous_asym,1x2x64+5x19x128,pipelined,4.8666186666666675,3.432,3.432,0.022528,1.267778,0.27456,3.432,hbm_floor_unique,41.80124320124323
heldout_swe_b8_l26_s11,8,previous_asym,1x2x64+5x19x128,pipelined,6.488925333333334,2.60832,3.02016,0.045056,0.967472,0.27456,3.02016,hbm_floor_actual,114.8536942855125
heldout_swe_b16_l26_s11,16,previous_asym,1x2x64+5x19x128,pipelined,16.22213466666667,4.1184,5.21664,0.090112,1.52504,0.27456,5.21664,hbm_floor_actual,210.96902731771158
v3_captured_mixed_heldout_bfcl_t64_l2,64,previous_asym,1x2x64+5x19x128,pipelined,9.735604666666665,8.64864,9.33504,0.360448,3.21068,0.6420758260869566,9.33504,hbm_floor_actual,4.290979649435522
v3_captured_mixed_heldout_bfcl_t96_l2,96,previous_asym,1x2x64+5x19x128,pipelined,12.981258,8.78592,10.02144,0.540672,3.9299726666666666,0.9755380869565218,10.02144,hbm_floor_actual,29.534857266021653
v3_captured_mixed_heldout_bfcl_t128_l2,128,previous_asym,1x2x64+5x19x128,pipelined,37.314787333333335,9.06048,12.21792,0.720896,5.161270666666667,1.2841516521739131,12.21792,hbm_floor_actual,205.4103098836245
v3_captured_mixed_heldout_bfcl_t64_l13,64,previous_asym,1x2x64+5x19x128,pipelined,9.735604666666665,7.96224,8.64864,0.360448,2.953418,0.6420758260869566,8.64864,hbm_floor_actual,12.568041526374852
v3_captured_mixed_heldout_bfcl_t96_l13,96,previous_asym,1x2x64+5x19x128,pipelined,10.165102539226424,8.64864,9.6096,0.540672,3.964968,0.9755380869565218,9.6096,hbm_floor_actual,5.780704079529064
v3_captured_mixed_heldout_bfcl_t128_l13,128,previous_asym,1x2x64+5x19x128,pipelined,11.36047933333334,8.78592,9.88416,0.720896,5.138265333333333,1.2841516521739131,9.88416,hbm_floor_actual,14.936214441422834
v3_captured_mixed_heldout_bfcl_t64_l26,64,previous_asym,1x2x64+5x19x128,pipelined,16.224184666666662,8.51136,9.6096,0.360448,3.15911,0.6420758260869566,9.6096,hbm_floor_actual,68.8330905205905
v3_captured_mixed_heldout_bfcl_t96_l26,96,previous_asym,1x2x64+5x19x128,pipelined,11.359117999999997,8.9232,9.88416,0.540672,3.955292,0.9755380869565218,9.88416,hbm_floor_actual,14.922441563066524
v3_captured_mixed_heldout_bfcl_t128_l26,128,previous_asym,1x2x64+5x19x128,pipelined,10.923056313158407,9.06048,10.02144,0.720896,5.178028666666667,1.2841516521739131,10.02144,hbm_floor_actual,8.996873834083786
v3_captured_mixed_heldout_gpqa_t64_l2,64,previous_asym,1x2x64+5x19x128,pipelined,12.979896666666667,8.9232,9.74688,0.360448,3.312644,0.6420758260869566,9.74688,hbm_floor_actual,33.16975962222442
v3_captured_mixed_heldout_gpqa_t96_l2,96,previous_asym,1x2x64+5x19x128,pipelined,21.091982,9.06048,10.84512,0.540672,3.9733893333333334,0.9755380869565218,10.84512,hbm_floor_actual,94.48362028267093
v3_captured_mixed_heldout_gpqa_t128_l2,128,previous_asym,1x2x64+5x19x128,pipelined,34.07049933333334,9.06048,11.94336,0.720896,5.225498666666667,1.2841516521739131,11.94336,hbm_floor_actual,185.2672893836687
v3_captured_mixed_heldout_gpqa_t64_l13,64,previous_asym,1x2x64+5x19x128,pipelined,14.60203666666666,7.96224,9.06048,0.360448,2.955476,0.6420758260869566,9.06048,hbm_floor_actual,61.161844258435096
v3_captured_mixed_heldout_gpqa_t96_l13,96,previous_asym,1x2x64+5x19x128,pipelined,17.847689999999997,8.37408,10.02144,0.540672,3.9963846666666667,0.9755380869565218,10.02144,hbm_floor_actual,78.09506418239292
v3_captured_mixed_heldout_gpqa_t128_l13,128,previous_asym,1x2x64+5x19x128,pipelined,29.204063333333337,8.51136,11.11968,0.720896,5.242366666666667,1.2841516521739131,11.11968,hbm_floor_actual,162.63402663865628
v3_captured_mixed_heldout_gpqa_t64_l26,64,previous_asym,1x2x64+5x19x128,pipelined,12.979896666666667,8.9232,9.74688,0.360448,3.312056,0.6420758260869566,9.74688,hbm_floor_actual,33.16975962222442
v3_captured_mixed_heldout_gpqa_t96_l26,96,previous_asym,1x2x64+5x19x128,pipelined,24.33627,9.06048,11.11968,0.540672,3.9701306666666665,0.9755380869565218,11.11968,hbm_floor_actual,118.857646982647
v3_captured_mixed_heldout_gpqa_t128_l26,128,previous_asym,1x2x64+5x19x128,pipelined,12.982623333333336,9.06048,10.296,0.720896,5.178593333333333,1.2841516521739131,10.296,hbm_floor_actual,26.093855218855232
v3_captured_mixed_heldout_swe_t64_l2,64,previous_asym,1x2x64+5x19x128,pipelined,9.79752193229843,8.78592,9.47232,0.360448,3.260192,0.6420758260869566,9.47232,hbm_floor_actual,3.433181441277622
v3_captured_mixed_heldout_swe_t96_l2,96,previous_asym,1x2x64+5x19x128,pipelined,10.28250863887686,8.9232,9.88416,0.540672,3.9592053333333337,0.9755380869565218,9.88416,hbm_floor_actual,4.030171900058899
v3_captured_mixed_heldout_swe_t128_l2,128,previous_asym,1x2x64+5x19x128,pipelined,11.360479333333334,9.06048,10.15872,0.720896,5.156322666666667,1.2841516521739131,10.15872,hbm_floor_actual,11.829830267330266
v3_captured_mixed_heldout_swe_t64_l13,64,previous_asym,1x2x64+5x19x128,pipelined,21.090616666666666,7.41312,8.9232,0.360448,2.750372,0.6420758260869566,8.9232,hbm_floor_actual,136.3570990974837
v3_captured_mixed_heldout_swe_t96_l13,96,previous_asym,1x2x64+5x19x128,pipelined,17.847694,8.2368,9.74688,0.540672,3.919582,0.9755380869565218,9.74688,hbm_floor_actual,83.1118675925014
v3_captured_mixed_heldout_swe_t128_l13,128,previous_asym,1x2x64+5x19x128,pipelined,10.787587663068408,8.78592,9.74688,0.720896,5.162085333333333,1.2841516521739131,9.74688,hbm_floor_actual,10.677341498699144
v3_captured_mixed_heldout_swe_t64_l26,64,previous_asym,1x2x64+5x19x128,pipelined,12.979892666666666,8.37408,9.33504,0.360448,3.108422,0.6420758260869566,9.33504,hbm_floor_actual,39.044853226838505
v3_captured_mixed_heldout_swe_t96_l26,96,previous_asym,1x2x64+5x19x128,pipelined,16.225545999999998,8.51136,10.02144,0.540672,3.885556,0.9755380869565218,10.02144,hbm_floor_actual,61.90832854360249
v3_captured_mixed_heldout_swe_t128_l26,128,previous_asym,1x2x64+5x19x128,pipelined,17.84905533333334,9.06048,10.70784,0.720896,5.236744,1.2841516521739131,10.70784,hbm_floor_actual,66.69146469627245
heldout_bfcl_b2_l2_s3,2,B0,6x4x512,port_tight,5.503417236538949,1.92192,1.92192,0.011264,5.502156800000001,0.7860224,5.502156800000001,port_floor,0.022908044695291174
heldout_bfcl_b4_l2_s3,4,B0,6x4x512,port_tight,7.862218793197282,2.7456,2.7456,0.022528,7.860224,0.7860224,7.860224,port_floor,0.02537832506148696
heldout_bfcl_b8_l2_s3,8,B0,6x4x512,port_tight,11.400421847619048,3.70656,3.98112,0.045056,11.397324800000002,1.5720448,11.397324800000002,port_floor,0.027173461083163097
heldout_bfcl_b16_l2_s3,16,B0,6x4x512,port_tight,18.08270976252673,4.94208,6.31488,0.090112,18.0785152,2.3580672000000003,18.0785152,port_floor,0.02320191940723415
heldout_bfcl_b2_l2_s7,2,B0,6x4x512,port_tight,5.503417236538949,1.92192,1.92192,0.011264,5.502156800000001,0.7860224,5.502156800000001,port_floor,0.022908044695291174
heldout_bfcl_b4_l2_s7,4,B0,6x4x512,port_tight,8.648437033955299,3.02016,3.02016,0.022528,8.6462464,0.7860224,8.6462464,port_floor,0.02533624250284916
heldout_bfcl_b8_l2_s7,8,B0,6x4x512,port_tight,12.579668129251704,4.1184,4.39296,0.045056,12.5763584,1.5720448,12.5763584,port_floor,0.026317071654879953
heldout_bfcl_b16_l2_s7,16,B0,6x4x512,port_tight,20.04881460534721,6.1776,7.00128,0.090112,20.0435712,2.3580672000000003,20.0435712,port_floor,0.026160035529065873
heldout_bfcl_b2_l2_s11,2,B0,6x4x512,port_tight,3.931233261904763,1.3728,1.3728,0.011264,3.930112,0.7860224,3.930112,port_floor,0.028530024201933735
heldout_bfcl_b4_l2_s11,4,B0,6x4x512,port_tight,8.648412027015143,3.02016,3.02016,0.022528,8.6462464,0.7860224,8.6462464,port_floor,0.025047019422697048
heldout_bfcl_b8_l2_s11,8,B0,6x4x512,port_tight,12.972646900621967,4.25568,4.53024,0.045056,12.969369600000002,1.5720448,12.969369600000002,port_floor,0.025269544496331342
heldout_bfcl_b16_l2_s11,16,B0,6x4x512,port_tight,21.62166691972788,7.00128,7.5504,0.090112,21.615616,2.3580672000000003,21.615616,port_floor,0.02799327915465888
heldout_bfcl_b2_l13_s3,2,B0,6x4x512,port_tight,4.717343931292517,1.64736,1.64736,0.011264,4.7161344000000005,0.7860224,4.7161344000000005,port_floor,0.025646667162759762
heldout_bfcl_b4_l13_s3,4,B0,6x4x512,port_tight,9.434537032341376,3.29472,3.29472,0.022528,9.432268800000001,0.7860224,9.432268800000001,port_floor,0.02404757953224923
heldout_bfcl_b8_l13_s3,8,B0,6x4x512,port_tight,12.18637135082467,3.98112,4.25568,0.045056,12.183347200000002,1.5720448,12.183347200000002,port_floor,0.0248220031410451
heldout_bfcl_b16_l13_s3,16,B0,6x4x512,port_tight,18.47608153595946,5.4912,6.45216,0.090112,18.471526400000002,2.3580672000000003,18.471526400000002,port_floor,0.024660311556368164
heldout_bfcl_b2_l13_s7,2,B0,6x4x512,port_tight,5.503417236538949,1.92192,1.92192,0.011264,5.502156800000001,0.7860224,5.502156800000001,port_floor,0.022908044695291174
heldout_bfcl_b4_l13_s7,4,B0,6x4x512,port_tight,8.648426362953622,3.02016,3.02016,0.022528,8.6462464,0.7860224,8.6462464,port_floor,0.025212824765463715
heldout_bfcl_b8_l13_s7,8,B0,6x4x512,port_tight,13.365729688377067,4.39296,4.66752,0.045056,13.3623808,1.5720448,13.3623808,port_floor,0.025062063618674912
heldout_bfcl_b16_l13_s7,16,B0,6x4x512,port_tight,18.476233050340134,5.4912,6.45216,0.090112,18.471526400000002,2.3580672000000003,18.471526400000002,port_floor,0.025480570680569414
heldout_bfcl_b2_l13_s11,2,B0,6x4x512,port_tight,3.5381061333333337,1.23552,1.23552,0.011264,3.5371008,0.7860224,3.5371008,port_floor,0.0284225242699776
heldout_bfcl_b4_l13_s11,4,B0,6x4x512,port_tight,8.255429833955299,2.88288,2.88288,0.022528,8.2532352,0.7860224,8.2532352,port_floor,0.0265911960839027
heldout_bfcl_b8_l13_s11,8,B0,6x4x512,port_tight,11.400382117006805,3.70656,3.98112,0.045056,11.397324800000002,1.5720448,11.397324800000002,port_floor,0.026824865136809706
heldout_bfcl_b16_l13_s11,16,B0,6x4x512,port_tight,20.441909464530884,6.45216,7.13856,0.090112,20.436582400000002,2.3580672000000003,20.436582400000002,port_floor,0.026066317873585376
heldout_bfcl_b2_l26_s3,2,B0,6x4x512,port_tight,5.11039070266278,1.78464,1.78464,0.011264,5.109145600000001,0.7860224,5.109145600000001,port_floor,0.024370075943402902
heldout_bfcl_b4_l26_s3,4,B0,6x4x512,port_tight,9.434416937114127,3.29472,3.29472,0.022528,9.432268800000001,0.7860224,9.432268800000001,port_floor,0.022774341568032597
heldout_bfcl_b8_l26_s3,8,B0,6x4x512,port_tight,12.972839598639453,4.25568,4.53024,0.045056,12.969369600000002,1.5720448,12.969369600000002,port_floor,0.026755337741724006
heldout_bfcl_b16_l26_s3,16,B0,6x4x512,port_tight,21.22788040136054,6.31488,7.41312,0.090112,21.2226048,2.3580672000000003,21.2226048,port_floor,0.02485840645036763
heldout_bfcl_b2_l26_s7,2,B0,6x4x512,port_tight,4.717331574091351,1.64736,1.64736,0.011264,4.7161344000000005,0.7860224,4.7161344000000005,port_floor,0.025384647463622123
heldout_bfcl_b4_l26_s7,4,B0,6x4x512,port_tight,9.434515108647796,3.29472,3.29472,0.022528,9.432268800000001,0.7860224,9.432268800000001,port_floor,0.023815146656924746
heldout_bfcl_b8_l26_s7,8,B0,6x4x512,port_tight,14.151932573996392,4.66752,4.94208,0.045056,14.1484032,1.5720448,14.1484032,port_floor,0.024945387451147383
heldout_bfcl_b16_l26_s7,16,B0,6x4x512,port_tight,18.083721993197273,5.76576,6.31488,0.090112,18.0785152,2.3580672000000003,18.0785152,port_floor,0.02880100019095888
heldout_bfcl_b2_l26_s11,2,B0,6x4x512,port_tight,3.9312332619047625,1.3728,1.3728,0.011264,3.930112,0.7860224,3.930112,port_floor,0.02853002420191153
heldout_bfcl_b4_l26_s11,4,B0,6x4x512,port_tight,8.648437033955297,3.02016,3.02016,0.022528,8.6462464,0.7860224,8.6462464,port_floor,0.025336242502826956
heldout_bfcl_b8_l26_s11,8,B0,6x4x512,port_tight,13.75877690388589,4.53024,4.8048,0.045056,13.755392,1.5720448,13.755392,port_floor,0.02460783295663571
heldout_bfcl_b16_l26_s11,16,B0,6x4x512,port_tight,20.44240546258503,6.58944,7.13856,0.090112,20.436582400000002,2.3580672000000003,20.436582400000002,port_floor,0.02849332863514853
heldout_gpqa_b2_l2_s3,2,B0,6x4x512,port_tight,5.11039070266278,1.78464,1.78464,0.011264,5.109145600000001,0.7860224,5.109145600000001,port_floor,0.024370075943402902
heldout_gpqa_b4_l2_s3,4,B0,6x4x512,port_tight,7.076107964567543,2.47104,2.47104,0.022528,7.0742016,0.7860224,7.0742016,port_floor,0.026948123270087443
heldout_gpqa_b8_l2_s3,8,B0,6x4x512,port_tight,10.22074864347911,3.15744,3.56928,0.045056,10.218291200000001,1.5720448,10.218291200000001,port_floor,0.024049456323083085
heldout_gpqa_b16_l2_s3,16,B0,6x4x512,port_tight,15.330863433955304,3.84384,5.35392,0.090112,15.327436800000001,2.3580672000000003,15.327436800000001,port_floor,0.02235620997832477
heldout_gpqa_b2_l2_s7,2,B0,6x4x512,port_tight,5.503417236538949,1.92192,1.92192,0.011264,5.502156800000001,0.7860224,5.502156800000001,port_floor,0.022908044695291174
heldout_gpqa_b4_l2_s7,4,B0,6x4x512,port_tight,9.434510339201731,3.29472,3.29472,0.022528,9.432268800000001,0.7860224,9.432268800000001,port_floor,0.023764581451812816
heldout_gpqa_b8_l2_s7,8,B0,6x4x512,port_tight,14.152096445578234,4.66752,4.94208,0.045056,14.1484032,1.5720448,14.1484032,port_floor,0.026103621207473893
heldout_gpqa_b16_l2_s7,16,B0,6x4x512,port_tight,20.441981517687065,6.45216,7.13856,0.090112,20.436582400000002,2.3580672000000003,20.436582400000002,port_floor,0.026418887372581246
heldout_gpqa_b2_l2_s11,2,B0,6x4x512,port_tight,4.324292390476192,1.51008,1.51008,0.011264,4.3231232,0.7860224,4.3231232,port_floor,0.027045041792739255
heldout_gpqa_b4_l2_s11,4,B0,6x4x512,port_tight,9.0414512106303,3.15744,3.15744,0.022528,9.0392576,0.7860224,9.0392576,port_floor,0.024267597267058072
heldout_gpqa_b8_l2_s11,8,B0,6x4x512,port_tight,15.72434842021242,5.21664,5.4912,0.045056,15.720448,1.5720448,15.720448,port_floor,0.02481112632679583
heldout_gpqa_b16_l2_s11,16,B0,6x4x512,port_tight,21.6216663095238,6.864,7.5504,0.090112,21.615616,2.3580672000000003,21.615616,port_floor,0.027990456176674172
heldout_gpqa_b2_l13_s3,2,B0,6x4x512,port_tight,5.110342036538949,1.78464,1.78464,0.011264,5.109145600000001,0.7860224,5.109145600000001,port_floor,0.023417546349602247
heldout_gpqa_b4_l13_s3,4,B0,6x4x512,port_tight,7.469076150245177,2.60832,2.60832,0.022528,7.4672128,0.7860224,7.4672128,port_floor,0.024953758451551344
heldout_gpqa_b8_l13_s3,8,B0,6x4x512,port_tight,11.793541388435374,3.84384,4.1184,0.045056,11.790336,1.5720448,11.790336,port_floor,0.027186574117754603
heldout_gpqa_b16_l13_s3,16,B0,6x4x512,port_tight,15.724363062585038,4.39296,5.4912,0.090112,15.720448,2.3580672000000003,15.720448,port_floor,0.02490426853634098
heldout_gpqa_b2_l13_s7,2,B0,6x4x512,port_tight,5.110375347524087,1.78464,1.78464,0.011264,5.109145600000001,0.7860224,5.109145600000001,port_floor,0.02406953374134435
heldout_gpqa_b4_l13_s7,4,B0,6x4x512,port_tight,9.041433562953621,3.15744,3.15744,0.022528,9.0392576,0.7860224,9.0392576,port_floor,0.024072363571336908
heldout_gpqa_b8_l13_s7,8,B0,6x4x512,port_tight,14.54511197000972,4.8048,5.07936,0.045056,14.5414144,1.5720448,14.5414144,port_floor,0.02542785665828884
heldout_gpqa_b16_l13_s7,16,B0,6x4x512,port_tight,19.655543172730813,6.04032,6.864,0.090112,19.65056,2.3580672000000003,19.65056,port_floor,0.025358934965780122
heldout_gpqa_b2_l13_s11,2,B0,6x4x512,port_tight,3.5381580619047623,1.23552,1.23552,0.011264,3.5371008,0.7860224,3.5371008,port_floor,0.0298906354255557
heldout_gpqa_b4_l13_s11,4,B0,6x4x512,port_tight,9.434473054944997,3.29472,3.29472,0.022528,9.432268800000001,0.7860224,9.432268800000001,port_floor,0.023369297374076226
heldout_gpqa_b8_l13_s11,8,B0,6x4x512,port_tight,12.579556345483272,4.1184,4.39296,0.045056,12.5763584,1.5720448,12.5763584,port_floor,0.025428231142599067
heldout_gpqa_b16_l13_s11,16,B0,6x4x512,port_tight,19.262838966666664,6.1776,6.72672,0.090112,19.257548800000002,2.3580672000000003,19.257548800000002,port_floor,0.027470612805435835
heldout_gpqa_b2_l26_s3,2,B0,6x4x512,port_tight,5.503417236538949,1.92192,1.92192,0.011264,5.502156800000001,0.7860224,5.502156800000001,port_floor,0.022908044695291174
heldout_gpqa_b4_l26_s3,4,B0,6x4x512,port_tight,6.682964923809526,2.33376,2.33376,0.022528,6.6811904,0.7860224,6.6811904,port_floor,0.02655999460103864
heldout_gpqa_b8_l26_s3,8,B0,6x4x512,port_tight,10.614088129251703,3.432,3.70656,0.045056,10.6113024,1.5720448,10.6113024,port_floor,0.026252472568333296
heldout_gpqa_b16_l26_s3,16,B0,6x4x512,port_tight,16.90333135354576,4.66752,5.90304,0.090112,16.8994816,2.3580672000000003,16.8994816,port_floor,0.022780305555403224
heldout_gpqa_b2_l26_s7,2,B0,6x4x512,port_tight,5.503417236538949,1.92192,1.92192,0.011264,5.502156800000001,0.7860224,5.502156800000001,port_floor,0.022908044695291174
heldout_gpqa_b4_l26_s7,4,B0,6x4x512,port_tight,9.041488574771625,3.15744,3.15744,0.022528,9.0392576,0.7860224,9.0392576,port_floor,0.02468095136072268
heldout_gpqa_b8_l26_s7,8,B0,6x4x512,port_tight,14.152097002626126,4.66752,4.94208,0.045056,14.1484032,1.5720448,14.1484032,port_floor,0.026107558385990437
heldout_gpqa_b16_l26_s7,16,B0,6x4x512,port_tight,20.83451774013604,6.31488,7.27584,0.090112,20.829593600000003,2.3580672000000003,20.829593600000003,port_floor,0.02364011622404405
heldout_gpqa_b2_l26_s11,2,B0,6x4x512,port_tight,5.110375347524087,1.78464,1.78464,0.011264,5.109145600000001,0.7860224,5.109145600000001,port_floor,0.02406953374134435
heldout_gpqa_b4_l26_s11,4,B0,6x4x512,port_tight,9.82745583380507,3.432,3.432,0.022528,9.82528,0.7860224,9.82528,port_floor,0.022145260034012182
heldout_gpqa_b8_l26_s11,8,B0,6x4x512,port_tight,14.152035422253237,4.66752,4.94208,0.045056,14.1484032,1.5720448,14.1484032,port_floor,0.025672312287761123
heldout_gpqa_b16_l26_s11,16,B0,6x4x512,port_tight,21.228704060544207,6.864,7.41312,0.090112,21.2226048,2.3580672000000003,21.2226048,port_floor,0.028739453058124198
heldout_swe_b2_l2_s3,2,B0,6x4x512,port_tight,5.11039070266278,1.78464,1.78464,0.011264,5.109145600000001,0.7860224,5.109145600000001,port_floor,0.024370075943402902
heldout_swe_b4_l2_s3,4,B0,6x4x512,port_tight,5.896790864625853,2.0592,2.0592,0.022528,5.895168,0.7860224,5.895168,port_floor,0.027528725658920727
heldout_swe_b8_l2_s3,8,B0,6x4x512,port_tight,7.469277919047621,2.33376,2.60832,0.045056,7.4672128,1.5720448,7.4672128,port_floor,0.02765582156196711
heldout_swe_b16_l2_s3,16,B0,6x4x512,port_tight,11.792978793197278,2.7456,4.1184,0.090112,11.790336,2.3580672000000003,11.790336,port_floor,0.02241490995062989
heldout_swe_b2_l2_s7,2,B0,6x4x512,port_tight,5.110375347524087,1.78464,1.78464,0.011264,5.109145600000001,0.7860224,5.109145600000001,port_floor,0.02406953374134435
heldout_swe_b4_l2_s7,4,B0,6x4x512,port_tight,6.683068780952382,2.33376,2.33376,0.022528,6.6811904,0.7860224,6.6811904,port_floor,0.028114465236339647
heldout_swe_b8_l2_s7,8,B0,6x4x512,port_tight,8.255516390476194,2.47104,2.88288,0.045056,8.2532352,1.5720448,8.2532352,port_floor,0.02763995476819936
heldout_swe_b16_l2_s7,16,B0,6x4x512,port_tight,12.579129750245176,3.02016,4.39296,0.090112,12.5763584,2.3580672000000003,12.5763584,port_floor,0.022036190103924547
heldout_swe_b2_l2_s11,2,B0,6x4x512,port_tight,5.11039070266278,1.78464,1.78464,0.011264,5.109145600000001,0.7860224,5.109145600000001,port_floor,0.024370075943402902
heldout_swe_b4_l2_s11,4,B0,6x4x512,port_tight,8.255361833955298,2.88288,2.88288,0.022528,8.2532352,0.7860224,8.2532352,port_floor,0.02576727675589474
heldout_swe_b8_l2_s11,8,B0,6x4x512,port_tight,8.648591590476194,2.60832,3.02016,0.045056,8.6462464,1.5720448,8.6462464,port_floor,0.027123798787354048
heldout_swe_b16_l2_s11,16,B0,6x4x512,port_tight,14.544877050340135,3.84384,5.07936,0.090112,14.5414144,2.3580672000000003,14.5414144,port_floor,0.023812335202655355
heldout_swe_b2_l13_s3,2,B0,6x4x512,port_tight,5.503417236538949,1.92192,1.92192,0.011264,5.502156800000001,0.7860224,5.502156800000001,port_floor,0.022908044695291174
heldout_swe_b4_l13_s3,4,B0,6x4x512,port_tight,7.469151180952384,2.60832,2.60832,0.022528,7.4672128,0.7860224,7.4672128,port_floor,0.025958560500427552
heldout_swe_b8_l13_s3,8,B0,6x4x512,port_tight,8.648723590476195,2.7456,3.02016,0.045056,8.6462464,1.5720448,8.6462464,port_floor,0.028650472836333485
heldout_swe_b16_l13_s3,16,B0,6x4x512,port_tight,12.186297723809524,2.88288,4.25568,0.090112,12.183347200000002,2.3580672000000003,12.183347200000002,port_floor,0.024217678123150677
heldout_swe_b2_l13_s7,2,B0,6x4x512,port_tight,5.503417236538949,1.92192,1.92192,0.011264,5.502156800000001,0.7860224,5.502156800000001,port_floor,0.022908044695291174
heldout_swe_b4_l13_s7,4,B0,6x4x512,port_tight,8.255338334013608,2.88288,2.88288,0.022528,8.2532352,0.7860224,8.2532352,port_floor,0.025482540635790585
heldout_swe_b8_l13_s7,8,B0,6x4x512,port_tight,9.434758061904764,2.88288,3.29472,0.045056,9.432268800000001,1.5720448,9.432268800000001,port_floor,0.026390913549478867
heldout_swe_b16_l13_s7,16,B0,6x4x512,port_tight,12.579372923809526,3.02016,4.39296,0.090112,12.5763584,2.3580672000000003,12.5763584,port_floor,0.023969767031495337
heldout_swe_b2_l13_s11,2,B0,6x4x512,port_tight,4.717343931292517,1.64736,1.64736,0.011264,4.7161344000000005,0.7860224,4.7161344000000005,port_floor,0.025646667162759762
heldout_swe_b4_l13_s11,4,B0,6x4x512,port_tight,8.648481374771626,3.02016,3.02016,0.022528,8.6462464,0.7860224,8.6462464,port_floor,0.02584907563616401
heldout_swe_b8_l13_s11,8,B0,6x4x512,port_tight,8.648431931292519,2.60832,3.02016,0.045056,8.6462464,1.5720448,8.6462464,port_floor,0.025277226572195666
heldout_swe_b16_l13_s11,16,B0,6x4x512,port_tight,14.544897731972785,3.84384,5.07936,0.090112,14.5414144,2.3580672000000003,14.5414144,port_floor,0.0239545609317382
heldout_swe_b2_l26_s3,2,B0,6x4x512,port_tight,4.717343931292518,1.64736,1.64736,0.011264,4.7161344000000005,0.7860224,4.7161344000000005,port_floor,0.025646667162781966
heldout_swe_b4_l26_s3,4,B0,6x4x512,port_tight,7.469235252380955,2.60832,2.60832,0.022528,7.4672128,0.7860224,7.4672128,port_floor,0.027084434783408717
heldout_swe_b8_l26_s3,8,B0,6x4x512,port_tight,10.61383543123421,3.15744,3.70656,0.045056,10.6113024,1.5720448,10.6113024,port_floor,0.023871068213154878
heldout_swe_b16_l26_s3,16,B0,6x4x512,port_tight,14.937948662585036,3.84384,5.21664,0.090112,14.9344256,2.3580672000000003,14.9344256,port_floor,0.023590211497892533
heldout_swe_b2_l26_s7,2,B0,6x4x512,port_tight,5.503417236538949,1.92192,1.92192,0.011264,5.502156800000001,0.7860224,5.502156800000001,port_floor,0.022908044695291174
heldout_swe_b4_l26_s7,4,B0,6x4x512,port_tight,7.076084464625852,2.47104,2.47104,0.022528,7.0742016,0.7860224,7.0742016,port_floor,0.02661593112998073
heldout_swe_b8_l26_s7,8,B0,6x4x512,port_tight,9.434925919047622,3.02016,3.29472,0.045056,9.432268800000001,1.5720448,9.432268800000001,port_floor,0.028170518715731063
heldout_swe_b16_l26_s7,16,B0,6x4x512,port_tight,12.972516123809523,3.15744,4.53024,0.090112,12.969369600000002,2.3580672000000003,12.969369600000002,port_floor,0.024261193154084815
heldout_swe_b2_l26_s11,2,B0,6x4x512,port_tight,5.503417236538949,1.92192,1.92192,0.011264,5.502156800000001,0.7860224,5.502156800000001,port_floor,0.022908044695291174
heldout_swe_b4_l26_s11,4,B0,6x4x512,port_tight,9.82756416713159,3.432,3.432,0.022528,9.82528,0.7860224,9.82528,port_floor,0.02324785788894168
heldout_swe_b8_l26_s11,8,B0,6x4x512,port_tight,8.255680533333337,2.60832,2.88288,0.045056,8.2532352,1.5720448,8.2532352,port_floor,0.029628785246993417
heldout_swe_b16_l26_s11,16,B0,6x4x512,port_tight,15.723910795143144,4.1184,5.4912,0.090112,15.720448,2.3580672000000003,15.720448,port_floor,0.02202733117493416
v3_captured_mixed_heldout_bfcl_t64_l2,64,B0,6x4x512,port_tight,45.20544265228598,8.64864,15.7872,0.360448,45.196288,8.6462464,45.196288,port_floor,0.020255318945605616
v3_captured_mixed_heldout_bfcl_t96_l2,96,B0,6x4x512,port_tight,60.927229546843805,8.78592,21.2784,0.540672,60.916736,13.3623808,60.916736,port_floor,0.017226049084118067
v3_captured_mixed_heldout_bfcl_t128_l2,128,B0,6x4x512,port_tight,79.00683720405794,9.06048,27.59328,0.720896,78.9952512,17.2924928,78.9952512,port_floor,0.014666709557786817
v3_captured_mixed_heldout_bfcl_t64_l13,64,B0,6x4x512,port_tight,44.81163025144663,7.96224,15.64992,0.360448,44.803276800000006,8.6462464,44.803276800000006,port_floor,0.018644733250017254
v3_captured_mixed_heldout_bfcl_t96_l13,96,B0,6x4x512,port_tight,62.105911149348174,8.64864,21.69024,0.540672,62.095769600000004,13.3623808,62.095769600000004,port_floor,0.016332109922312377
v3_captured_mixed_heldout_bfcl_t128_l13,128,B0,6x4x512,port_tight,78.2207953963504,8.78592,27.31872,0.720896,78.20922879999999,17.2924928,78.20922879999999,port_floor,0.01478929856217892
v3_captured_mixed_heldout_bfcl_t64_l26,64,B0,6x4x512,port_tight,44.41900004200192,8.51136,15.51264,0.360448,44.4102656,8.6462464,44.4102656,port_floor,0.019667619375640655
v3_captured_mixed_heldout_bfcl_t96_l26,96,B0,6x4x512,port_tight,62.10605013284668,8.9232,21.69024,0.540672,62.095769600000004,13.3623808,62.095769600000004,port_floor,0.016555931125261658
v3_captured_mixed_heldout_bfcl_t128_l26,128,B0,6x4x512,port_tight,77.82784012286241,9.06048,27.18144,0.720896,77.81621760000002,17.2924928,77.81621760000002,port_floor,0.014935861984644028
v3_captured_mixed_heldout_gpqa_t64_l2,64,B0,6x4x512,port_tight,44.81215860864779,8.9232,15.64992,0.360448,44.803276800000006,8.6462464,44.803276800000006,port_floor,0.01982401574651682
v3_captured_mixed_heldout_gpqa_t96_l2,96,B0,6x4x512,port_tight,60.533861564587085,9.06048,21.14112,0.540672,60.523724800000004,13.3623808,60.523724800000004,port_floor,0.016748414973766224
v3_captured_mixed_heldout_gpqa_t128_l2,128,B0,6x4x512,port_tight,79.39943350196535,9.06048,27.73056,0.720896,79.3882624,17.2924928,79.3882624,port_floor,0.014071478109767277
v3_captured_mixed_heldout_gpqa_t64_l13,64,B0,6x4x512,port_tight,42.45344819876909,7.96224,14.82624,0.360448,42.4452096,8.6462464,42.4452096,port_floor,0.019409961328320513
v3_captured_mixed_heldout_gpqa_t96_l13,96,B0,6x4x512,port_tight,61.31927058510314,8.37408,21.41568,0.540672,61.309747200000004,13.3623808,61.309747200000004,port_floor,0.015533231725894936
v3_captured_mixed_heldout_gpqa_t128_l13,128,B0,6x4x512,port_tight,77.82722662980584,8.51136,27.18144,0.720896,77.81621760000002,17.2924928,77.81621760000002,port_floor,0.014147474839254492
v3_captured_mixed_heldout_gpqa_t64_l26,64,B0,6x4x512,port_tight,44.81240829722059,8.9232,15.64992,0.360448,44.803276800000006,8.6462464,44.803276800000006,port_floor,0.02038131554831235
v3_captured_mixed_heldout_gpqa_t96_l26,96,B0,6x4x512,port_tight,62.498757260001106,9.06048,21.82752,0.540672,62.48878080000001,13.3623808,62.48878080000001,port_floor,0.015965201870460355
v3_captured_mixed_heldout_gpqa_t128_l26,128,B0,6x4x512,port_tight,77.43452293487329,9.06048,27.04416,0.720896,77.42320640000001,17.2924928,77.42320640000001,port_floor,0.014616463718652994
v3_captured_mixed_heldout_swe_t64_l2,64,B0,6x4x512,port_tight,44.81225245840842,8.78592,15.64992,0.360448,44.803276800000006,8.6462464,44.803276800000006,port_floor,0.020033486498061137
v3_captured_mixed_heldout_swe_t96_l2,96,B0,6x4x512,port_tight,62.10610270377508,8.9232,21.69024,0.540672,62.095769600000004,13.3623808,62.095769600000004,port_floor,0.01664059217179048
v3_captured_mixed_heldout_swe_t128_l2,128,B0,6x4x512,port_tight,80.18574832802233,9.06048,28.00512,0.720896,80.1742848,17.2924928,80.1742848,port_floor,0.014298260409728591
v3_captured_mixed_heldout_swe_t64_l13,64,B0,6x4x512,port_tight,42.846129791679694,7.41312,14.96352,0.360448,42.8382208,8.6462464,42.8382208,port_floor,0.018462465368518366
v3_captured_mixed_heldout_swe_t96_l13,96,B0,6x4x512,port_tight,62.498798906396075,8.2368,21.82752,0.540672,62.48878080000001,13.3623808,62.48878080000001,port_floor,0.016031848065867216
v3_captured_mixed_heldout_swe_t128_l13,128,B0,6x4x512,port_tight,79.79274951111832,8.78592,27.86784,0.720896,79.7812736,17.2924928,79.7812736,port_floor,0.014384216496532432
v3_captured_mixed_heldout_swe_t64_l26,64,B0,6x4x512,port_tight,44.811893965674,8.37408,15.64992,0.360448,44.803276800000006,8.6462464,44.803276800000006,port_floor,0.019233338026736213
v3_captured_mixed_heldout_swe_t96_l26,96,B0,6x4x512,port_tight,63.284438843851376,8.51136,22.10208,0.540672,63.2748032,13.3623808,63.2748032,port_floor,0.015228247839682574
v3_captured_mixed_heldout_swe_t128_l26,128,B0,6x4x512,port_tight,78.2204731389015,9.06048,27.31872,0.720896,78.20922879999999,17.2924928,78.20922879999999,port_floor,0.014377253265407397
heldout_bfcl_b2_l2_s3,2,B1,3x32x128,port_tight,5.394301120438958,1.92192,1.92192,0.011264,5.3932032,0.7704576000000001,5.3932032,port_floor,0.020357483266297827
heldout_bfcl_b4_l2_s3,4,B1,3x32x128,port_tight,7.706215594269161,2.7456,2.7456,0.022528,7.704576,0.7704576000000001,7.704576,port_floor,0.02128078520038379
heldout_bfcl_b8_l2_s3,8,B1,3x32x128,port_tight,10.40372151769547,3.70656,3.70656,0.045056,10.401177600000002,0.7704576000000001,10.401177600000002,port_floor,0.024457977676184406
heldout_bfcl_b16_l2_s3,16,B1,3x32x128,port_tight,13.871810211522634,4.94208,4.94208,0.090112,13.8682368,0.7704576000000001,13.8682368,port_floor,0.02576687703106373
heldout_bfcl_b2_l2_s7,2,B1,3x32x128,port_tight,5.394301120438958,1.92192,1.92192,0.011264,5.3932032,0.7704576000000001,5.3932032,port_floor,0.020357483266297827
heldout_bfcl_b4_l2_s7,4,B1,3x32x128,port_tight,8.476734012267777,3.02016,3.02016,0.022528,8.4750336,0.7704576000000001,8.4750336,port_floor,0.020063782021773058
heldout_bfcl_b8_l2_s7,8,B1,3x32x128,port_tight,11.559577260935827,4.1184,4.1184,0.045056,11.556864,0.7704576000000001,11.556864,port_floor,0.023477484340261867
heldout_bfcl_b16_l2_s7,16,B1,3x32x128,port_tight,17.33953960813901,6.1776,6.1776,0.090112,17.335296,0.7704576000000001,17.335296,port_floor,0.024479582806136158
heldout_bfcl_b2_l2_s11,2,B1,3x32x128,port_tight,3.853117654320989,1.3728,1.3728,0.011264,3.852288,0.7704576000000001,3.852288,port_floor,0.02153666395112719
heldout_bfcl_b4_l2_s11,4,B1,3x32x128,port_tight,8.476734012267777,3.02016,3.02016,0.022528,8.4750336,0.7704576000000001,8.4750336,port_floor,0.020063782021773058
heldout_bfcl_b8_l2_s11,8,B1,3x32x128,port_tight,11.944715632393432,4.25568,4.25568,0.045056,11.942092800000001,0.7704576000000001,11.942092800000001,port_floor,0.02196292088294527
heldout_bfcl_b16_l2_s11,16,B1,3x32x128,port_tight,19.651662672885248,7.00128,7.00128,0.090112,19.6466688,0.7704576000000001,19.6466688,port_floor,0.025418420476674974
heldout_bfcl_b2_l13_s3,2,B1,3x32x128,port_tight,4.62371081399177,1.64736,1.64736,0.011264,4.622745600000001,0.7704576000000001,4.622745600000001,port_floor,0.020879669254769695
heldout_bfcl_b4_l13_s3,4,B1,3x32x128,port_tight,9.247319612267773,3.29472,3.29472,0.022528,9.245491200000002,0.7704576000000001,9.245491200000002,port_floor,0.019776258807890912
heldout_bfcl_b8_l13_s3,8,B1,3x32x128,port_tight,11.174228369181522,3.98112,3.98112,0.045056,11.1716352,0.7704576000000001,11.1716352,port_floor,0.023212082520562838
heldout_bfcl_b16_l13_s3,16,B1,3x32x128,port_tight,15.412877319006245,5.4912,5.4912,0.090112,15.409152,0.7704576000000001,15.409152,port_floor,0.02417601569668637
heldout_bfcl_b2_l13_s7,2,B1,3x32x128,port_tight,5.394301120438958,1.92192,1.92192,0.011264,5.3932032,0.7704576000000001,5.3932032,port_floor,0.020357483266297827
heldout_bfcl_b4_l13_s7,4,B1,3x32x128,port_tight,8.476734012267777,3.02016,3.02016,0.022528,8.4750336,0.7704576000000001,8.4750336,port_floor,0.020063782021773058
heldout_bfcl_b8_l13_s7,8,B1,3x32x128,port_tight,12.330260446364882,4.39296,4.39296,0.045056,12.327321600000001,0.7704576000000001,12.327321600000001,port_floor,0.02384010460860786
heldout_bfcl_b16_l13_s7,16,B1,3x32x128,port_tight,15.412807332706738,5.4912,5.4912,0.090112,15.409152,0.7704576000000001,15.409152,port_floor,0.02372182912295795
heldout_bfcl_b2_l13_s11,2,B1,3x32x128,port_tight,3.4678130148148165,1.23552,1.23552,0.011264,3.4670592,0.7704576000000001,3.4670592,port_floor,0.02174219623409801
heldout_bfcl_b4_l13_s11,4,B1,3x32x128,port_tight,8.09144108506833,2.88288,2.88288,0.022528,8.089804800000001,0.7704576000000001,8.089804800000001,port_floor,0.020226508658538478
heldout_bfcl_b8_l13_s11,8,B1,3x32x128,port_tight,10.403658224142657,3.70656,3.70656,0.045056,10.401177600000002,0.7704576000000001,10.401177600000002,port_floor,0.023849454725732855
heldout_bfcl_b16_l13_s11,16,B1,3x32x128,port_tight,18.11017935420415,6.45216,6.45216,0.090112,18.1057536,0.7704576000000001,18.1057536,port_floor,0.02444391049343242
heldout_bfcl_b2_l26_s3,2,B1,3x32x128,port_tight,5.00900361399177,1.78464,1.78464,0.011264,5.0079744,0.7704576000000001,5.0079744,port_floor,0.020551502654830855
heldout_bfcl_b4_l26_s3,4,B1,3x32x128,port_tight,9.247319612267773,3.29472,3.29472,0.022528,9.245491200000002,0.7704576000000001,9.245491200000002,port_floor,0.019776258807890912
heldout_bfcl_b8_l26_s3,8,B1,3x32x128,port_tight,11.944968228440787,4.25568,4.25568,0.045056,11.942092800000001,0.7704576000000001,11.942092800000001,port_floor,0.024078094928103866
heldout_bfcl_b16_l26_s3,16,B1,3x32x128,port_tight,17.72506967654322,6.31488,6.31488,0.090112,17.7205248,0.7704576000000001,17.7205248,port_floor,0.025647527906280665
heldout_bfcl_b2_l26_s7,2,B1,3x32x128,port_tight,4.62371081399177,1.64736,1.64736,0.011264,4.622745600000001,0.7704576000000001,4.622745600000001,port_floor,0.020879669254769695
heldout_bfcl_b4_l26_s7,4,B1,3x32x128,port_tight,9.247319612267773,3.29472,3.29472,0.022528,9.245491200000002,0.7704576000000001,9.245491200000002,port_floor,0.019776258807890912
heldout_bfcl_b8_l26_s7,8,B1,3x32x128,port_tight,13.10085110946502,4.66752,4.66752,0.045056,13.097779200000002,0.7704576000000001,13.097779200000002,port_floor,0.02345366659577408
heldout_bfcl_b16_l26_s7,16,B1,3x32x128,port_tight,16.183870305380278,5.76576,5.76576,0.090112,16.179609600000003,0.7704576000000001,16.179609600000003,port_floor,0.02633379596672647
heldout_bfcl_b2_l26_s11,2,B1,3x32x128,port_tight,3.853117654320989,1.3728,1.3728,0.011264,3.852288,0.7704576000000001,3.852288,port_floor,0.02153666395112719
heldout_bfcl_b4_l26_s11,4,B1,3x32x128,port_tight,8.476734012267777,3.02016,3.02016,0.022528,8.4750336,0.7704576000000001,8.4750336,port_floor,0.020063782021773058
heldout_bfcl_b8_l26_s11,8,B1,3x32x128,port_tight,12.715301232393431,4.53024,4.53024,0.045056,12.7125504,0.7704576000000001,12.7125504,port_floor,0.021638713766125584
heldout_bfcl_b16_l26_s11,16,B1,3x32x128,port_tight,18.495831196982184,6.58944,6.58944,0.090112,18.490982400000004,0.7704576000000001,18.490982400000004,port_floor,0.026222495253569456
heldout_gpqa_b2_l2_s3,2,B1,3x32x128,port_tight,5.00900361399177,1.78464,1.78464,0.011264,5.0079744,0.7704576000000001,5.0079744,port_floor,0.020551502654830855
heldout_gpqa_b4_l2_s3,4,B1,3x32x128,port_tight,6.935850103703701,2.47104,2.47104,0.022528,6.9341184,0.7704576000000001,6.9341184,port_floor,0.024973667938810173
heldout_gpqa_b8_l2_s3,8,B1,3x32x128,port_tight,8.8623333469593,3.15744,3.15744,0.045056,8.8602624,0.7704576000000001,8.8602624,port_floor,0.02337342694613831
heldout_gpqa_b16_l2_s3,16,B1,3x32x128,port_tight,10.789178240877913,3.84384,3.84384,0.090112,10.7864064,0.7704576000000001,10.7864064,port_floor,0.025697537948432547
heldout_gpqa_b2_l2_s7,2,B1,3x32x128,port_tight,5.394301120438958,1.92192,1.92192,0.011264,5.3932032,0.7704576000000001,5.3932032,port_floor,0.020357483266297827
heldout_gpqa_b4_l2_s7,4,B1,3x32x128,port_tight,9.247319612267773,3.29472,3.29472,0.022528,9.245491200000002,0.7704576000000001,9.245491200000002,port_floor,0.019776258807890912
heldout_gpqa_b8_l2_s7,8,B1,3x32x128,port_tight,13.100962372839504,4.66752,4.66752,0.045056,13.097779200000002,0.7704576000000001,13.097779200000002,port_floor,0.024303149342319585
heldout_gpqa_b16_l2_s7,16,B1,3x32x128,port_tight,18.11041596213993,6.45216,6.45216,0.090112,18.1057536,0.7704576000000001,18.1057536,port_floor,0.02575072125097222
heldout_gpqa_b2_l2_s11,2,B1,3x32x128,port_tight,4.238410454320989,1.51008,1.51008,0.011264,4.2375168,0.7704576000000001,4.2375168,port_floor,0.021089103906057893
heldout_gpqa_b4_l2_s11,4,B1,3x32x128,port_tight,8.862026812267775,3.15744,3.15744,0.022528,8.8602624,0.7704576000000001,8.8602624,port_floor,0.019913769910173684
heldout_gpqa_b8_l2_s11,8,B1,3x32x128,port_tight,14.641884182638151,5.21664,5.21664,0.045056,14.6386944,0.7704576000000001,14.6386944,port_floor,0.021790076020389293
heldout_gpqa_b16_l2_s11,16,B1,3x32x128,port_tight,19.26651280658438,6.864,6.864,0.090112,19.26144,0.7704576000000001,19.26144,port_floor,0.02633659053725701
heldout_gpqa_b2_l13_s3,2,B1,3x32x128,port_tight,5.00900361399177,1.78464,1.78464,0.011264,5.0079744,0.7704576000000001,5.0079744,port_floor,0.020551502654830855
heldout_gpqa_b4_l13_s3,4,B1,3x32x128,port_tight,7.320963591403748,2.60832,2.60832,0.022528,7.3193472,0.7704576000000001,7.3193472,port_floor,0.022083819220219958
heldout_gpqa_b8_l13_s3,8,B1,3x32x128,port_tight,10.789018013625968,3.84384,3.84384,0.045056,10.7864064,0.7704576000000001,10.7864064,port_floor,0.024212082589136763
heldout_gpqa_b16_l13_s3,16,B1,3x32x128,port_tight,12.330711686419754,4.39296,4.39296,0.090112,12.327321600000001,0.7704576000000001,12.327321600000001,port_floor,0.027500592016282965
heldout_gpqa_b2_l13_s7,2,B1,3x32x128,port_tight,5.00900361399177,1.78464,1.78464,0.011264,5.0079744,0.7704576000000001,5.0079744,port_floor,0.020551502654830855
heldout_gpqa_b4_l13_s7,4,B1,3x32x128,port_tight,8.862026812267775,3.15744,3.15744,0.022528,8.8602624,0.7704576000000001,8.8602624,port_floor,0.019913769910173684
heldout_gpqa_b8_l13_s7,8,B1,3x32x128,port_tight,13.486151267946955,4.8048,4.8048,0.045056,13.483008,0.7704576000000001,13.483008,port_floor,0.02331280932974522
heldout_gpqa_b16_l13_s7,16,B1,3x32x128,port_tight,16.954338504526753,6.04032,6.04032,0.090112,16.9500672,0.7704576000000001,16.9500672,port_floor,0.025199336830672436
heldout_gpqa_b2_l13_s11,2,B1,3x32x128,port_tight,3.4678130148148165,1.23552,1.23552,0.011264,3.4670592,0.7704576000000001,3.4670592,port_floor,0.02174219623409801
heldout_gpqa_b4_l13_s11,4,B1,3x32x128,port_tight,9.247319612267773,3.29472,3.29472,0.022528,9.245491200000002,0.7704576000000001,9.245491200000002,port_floor,0.019776258807890912
heldout_gpqa_b8_l13_s11,8,B1,3x32x128,port_tight,11.559577260935832,4.1184,4.1184,0.045056,11.556864,0.7704576000000001,11.556864,port_floor,0.02347748434032848
heldout_gpqa_b16_l13_s11,16,B1,3x32x128,port_tight,17.33964280414571,6.1776,6.1776,0.090112,17.335296,0.7704576000000001,17.335296,port_floor,0.025074876977648763
heldout_gpqa_b2_l26_s3,2,B1,3x32x128,port_tight,5.394301120438958,1.92192,1.92192,0.011264,5.3932032,0.7704576000000001,5.3932032,port_floor,0.020357483266297827
heldout_gpqa_b4_l26_s3,4,B1,3x32x128,port_tight,6.550514970370369,2.33376,2.33376,0.022528,6.548889600000001,0.7704576000000001,6.548889600000001,port_floor,0.02481902230218047
heldout_gpqa_b8_l26_s3,8,B1,3x32x128,port_tight,9.633200102880656,3.432,3.432,0.045056,9.63072,0.7704576000000001,9.63072,port_floor,0.025751998611256433
heldout_gpqa_b16_l26_s3,16,B1,3x32x128,port_tight,13.101007381374785,4.66752,4.66752,0.090112,13.097779200000002,0.7704576000000001,13.097779200000002,port_floor,0.024646784202819738
heldout_gpqa_b2_l26_s7,2,B1,3x32x128,port_tight,5.394301120438958,1.92192,1.92192,0.011264,5.3932032,0.7704576000000001,5.3932032,port_floor,0.020357483266297827
heldout_gpqa_b4_l26_s7,4,B1,3x32x128,port_tight,8.862026812267775,3.15744,3.15744,0.022528,8.8602624,0.7704576000000001,8.8602624,port_floor,0.019913769910173684
heldout_gpqa_b8_l26_s7,8,B1,3x32x128,port_tight,13.100979562139917,4.66752,4.66752,0.045056,13.097779200000002,0.7704576000000001,13.097779200000002,port_floor,0.02443438762440575
heldout_gpqa_b16_l26_s7,16,B1,3x32x128,port_tight,17.7245217993734,6.31488,6.31488,0.090112,17.7205248,0.7704576000000001,17.7205248,port_floor,0.022555761855302947
heldout_gpqa_b2_l26_s11,2,B1,3x32x128,port_tight,5.00900361399177,1.78464,1.78464,0.011264,5.0079744,0.7704576000000001,5.0079744,port_floor,0.020551502654830855
heldout_gpqa_b4_l26_s11,4,B1,3x32x128,port_tight,9.632612412267774,3.432,3.432,0.022528,9.63072,0.7704576000000001,9.63072,port_floor,0.019649748593808525
heldout_gpqa_b8_l26_s11,8,B1,3x32x128,port_tight,13.100965996982168,4.66752,4.66752,0.045056,13.097779200000002,0.7704576000000001,13.097779200000002,port_floor,0.02433081924428926
heldout_gpqa_b16_l26_s11,16,B1,3x32x128,port_tight,19.26606932952295,6.864,6.864,0.090112,19.26144,0.7704576000000001,19.26144,port_floor,0.024034181883325623
heldout_swe_b2_l2_s3,2,B1,3x32x128,port_tight,5.00900361399177,1.78464,1.78464,0.011264,5.0079744,0.7704576000000001,5.0079744,port_floor,0.020551502654830855
heldout_swe_b4_l2_s3,4,B1,3x32x128,port_tight,5.7798613703703685,2.0592,2.0592,0.022528,5.778432,0.7704576000000001,5.778432,port_floor,0.024736301653605075
heldout_swe_b8_l2_s3,8,B1,3x32x128,port_tight,6.550685637037035,2.33376,2.33376,0.045056,6.548889600000001,0.7704576000000001,6.548889600000001,port_floor,0.027425062059904803
heldout_swe_b16_l2_s3,16,B1,3x32x128,port_tight,7.707055814814813,2.7456,2.7456,0.090112,7.704576,0.7704576000000001,7.704576,port_floor,0.03218625937122521
heldout_swe_b2_l2_s7,2,B1,3x32x128,port_tight,5.00900361399177,1.78464,1.78464,0.011264,5.0079744,0.7704576000000001,5.0079744,port_floor,0.020551502654830855
heldout_swe_b4_l2_s7,4,B1,3x32x128,port_tight,6.550390809876539,2.33376,2.33376,0.022528,6.548889600000001,0.7704576000000001,6.548889600000001,port_floor,0.022923120837758937
heldout_swe_b8_l2_s7,8,B1,3x32x128,port_tight,6.936084955555551,2.47104,2.47104,0.045056,6.9341184,0.7704576000000001,6.9341184,port_floor,0.02836057076198717
heldout_swe_b16_l2_s7,16,B1,3x32x128,port_tight,8.4776570691358,3.02016,3.02016,0.090112,8.4750336,0.7704576000000001,8.4750336,port_floor,0.03095526530774162
heldout_swe_b2_l2_s11,2,B1,3x32x128,port_tight,5.00900361399177,1.78464,1.78464,0.011264,5.0079744,0.7704576000000001,5.0079744,port_floor,0.020551502654830855
heldout_swe_b4_l2_s11,4,B1,3x32x128,port_tight,8.091574275994509,2.88288,2.88288,0.022528,8.089804800000001,0.7704576000000001,8.089804800000001,port_floor,0.021872913355180934
heldout_swe_b8_l2_s11,8,B1,3x32x128,port_tight,7.3211314537722885,2.60832,2.60832,0.045056,7.3193472,0.7704576000000001,7.3193472,port_floor,0.024377225502969502
heldout_swe_b16_l2_s11,16,B1,3x32x128,port_tight,10.789434350617281,3.84384,3.84384,0.090112,10.7864064,0.7704576000000001,10.7864064,port_floor,0.028071912970761836
heldout_swe_b2_l13_s3,2,B1,3x32x128,port_tight,5.394301120438958,1.92192,1.92192,0.011264,5.3932032,0.7704576000000001,5.3932032,port_floor,0.020357483266297827
heldout_swe_b4_l13_s3,4,B1,3x32x128,port_tight,7.321086743209873,2.60832,2.60832,0.022528,7.3193472,0.7704576000000001,7.3193472,port_floor,0.023766370993749675
heldout_swe_b8_l13_s3,8,B1,3x32x128,port_tight,7.706792111111108,2.7456,2.7456,0.045056,7.704576,0.7704576000000001,7.704576,port_floor,0.028763570001877348
heldout_swe_b16_l13_s3,16,B1,3x32x128,port_tight,8.0924445037037,2.88288,2.88288,0.090112,8.089804800000001,0.7704576000000001,8.089804800000001,port_floor,0.032630004913092314
heldout_swe_b2_l13_s7,2,B1,3x32x128,port_tight,5.394301120438958,1.92192,1.92192,0.011264,5.3932032,0.7704576000000001,5.3932032,port_floor,0.020357483266297827
heldout_swe_b4_l13_s7,4,B1,3x32x128,port_tight,8.09144108506833,2.88288,2.88288,0.022528,8.089804800000001,0.7704576000000001,8.089804800000001,port_floor,0.020226508658538478
heldout_swe_b8_l13_s7,8,B1,3x32x128,port_tight,8.092084911111106,2.88288,2.88288,0.045056,8.089804800000001,0.7704576000000001,8.089804800000001,port_floor,0.02818499540442332
heldout_swe_b16_l13_s7,16,B1,3x32x128,port_tight,8.477651044444439,3.02016,3.02016,0.090112,8.4750336,0.7704576000000001,8.4750336,port_floor,0.03088417778591701
heldout_swe_b2_l13_s11,2,B1,3x32x128,port_tight,4.62371081399177,1.64736,1.64736,0.011264,4.622745600000001,0.7704576000000001,4.622745600000001,port_floor,0.020879669254769695
heldout_swe_b4_l13_s11,4,B1,3x32x128,port_tight,8.476734012267777,3.02016,3.02016,0.022528,8.4750336,0.7704576000000001,8.4750336,port_floor,0.020063782021773058
heldout_swe_b8_l13_s11,8,B1,3x32x128,port_tight,7.321093460935832,2.60832,2.60832,0.045056,7.3193472,0.7704576000000001,7.3193472,port_floor,0.023858151391320526
heldout_swe_b16_l13_s11,16,B1,3x32x128,port_tight,10.789410098216733,3.84384,3.84384,0.090112,10.7864064,0.7704576000000001,10.7864064,port_floor,0.027847070704956067
heldout_swe_b2_l26_s3,2,B1,3x32x128,port_tight,4.62371081399177,1.64736,1.64736,0.011264,4.622745600000001,0.7704576000000001,4.622745600000001,port_floor,0.020879669254769695
heldout_swe_b4_l26_s3,4,B1,3x32x128,port_tight,7.320854794269165,2.60832,2.60832,0.022528,7.3193472,0.7704576000000001,7.3193472,port_floor,0.020597387006926482
heldout_swe_b8_l26_s3,8,B1,3x32x128,port_tight,8.862197478934442,3.15744,3.15744,0.045056,8.8602624,0.7704576000000001,8.8602624,port_floor,0.021839973209392127
heldout_swe_b16_l26_s3,16,B1,3x32x128,port_tight,10.789513502880652,3.84384,3.84384,0.090112,10.7864064,0.7704576000000001,10.7864064,port_floor,0.028805727926695113
heldout_swe_b2_l26_s7,2,B1,3x32x128,port_tight,5.394301120438958,1.92192,1.92192,0.011264,5.3932032,0.7704576000000001,5.3932032,port_floor,0.020357483266297827
heldout_swe_b4_l26_s7,4,B1,3x32x128,port_tight,6.9355619942691655,2.47104,2.47104,0.022528,6.9341184,0.7704576000000001,6.9341184,port_floor,0.020818713870895955
heldout_swe_b8_l26_s7,8,B1,3x32x128,port_tight,8.477311920987653,3.02016,3.02016,0.045056,8.4750336,0.7704576000000001,8.4750336,port_floor,0.02688273693278731
heldout_swe_b16_l26_s7,16,B1,3x32x128,port_tight,8.862845502880655,3.15744,3.15744,0.090112,8.8602624,0.7704576000000001,8.8602624,port_floor,0.02915379662633555
heldout_swe_b2_l26_s11,2,B1,3x32x128,port_tight,5.394301120438958,1.92192,1.92192,0.011264,5.3932032,0.7704576000000001,5.3932032,port_floor,0.020357483266297827
heldout_swe_b4_l26_s11,4,B1,3x32x128,port_tight,9.632612412267774,3.432,3.432,0.022528,9.63072,0.7704576000000001,9.63072,port_floor,0.019649748593808525
heldout_swe_b8_l26_s11,8,B1,3x32x128,port_tight,7.321025460935832,2.60832,2.60832,0.045056,7.3193472,0.7704576000000001,7.3193472,port_floor,0.022929106790181564
heldout_swe_b16_l26_s11,16,B1,3x32x128,port_tight,11.560044024691358,4.1184,4.1184,0.090112,11.556864,0.7704576000000001,11.556864,port_floor,0.027516328749377372
v3_captured_mixed_heldout_bfcl_t64_l2,64,B1,3x32x128,port_tight,24.27745098136465,8.64864,8.64864,0.360448,24.269414400000002,0.7704576000000001,24.269414400000002,port_floor,0.03311403082164599
v3_captured_mixed_heldout_bfcl_t96_l2,96,B1,3x32x128,port_tight,25.434452785215704,8.78592,9.06048,0.540672,25.4251008,1.5409152000000002,25.4251008,port_floor,0.03678249022205371
v3_captured_mixed_heldout_bfcl_t128_l2,128,B1,3x32x128,port_tight,26.20622214744707,9.06048,9.33504,0.720896,26.195558400000003,1.5409152000000002,26.195558400000003,port_floor,0.04070822726598422
v3_captured_mixed_heldout_bfcl_t64_l13,64,B1,3x32x128,port_tight,22.350415761513325,7.96224,7.96224,0.360448,22.3432704,0.7704576000000001,22.3432704,port_floor,0.03197992677617112
v3_captured_mixed_heldout_bfcl_t96_l13,96,B1,3x32x128,port_tight,25.04884028058056,8.64864,8.9232,0.540672,25.039872,1.5409152000000002,25.039872,port_floor,0.035816000100008516
v3_captured_mixed_heldout_bfcl_t128_l13,128,B1,3x32x128,port_tight,25.435522639997313,8.78592,9.06048,0.720896,25.4251008,1.5409152000000002,25.4251008,port_floor,0.040990358619574785
v3_captured_mixed_heldout_bfcl_t64_l26,64,B1,3x32x128,port_tight,23.8917503999289,8.51136,8.51136,0.360448,23.884185600000002,0.7704576000000001,23.884185600000002,port_floor,0.03167284016121208
v3_captured_mixed_heldout_bfcl_t96_l26,96,B1,3x32x128,port_tight,25.819516432020876,8.9232,9.19776,0.540672,25.810329600000003,1.5409152000000002,25.810329600000003,port_floor,0.03559362535561217
v3_captured_mixed_heldout_bfcl_t128_l26,128,B1,3x32x128,port_tight,26.20600402700472,9.06048,9.33504,0.720896,26.195558400000003,1.5409152000000002,26.195558400000003,port_floor,0.039875565335223406
v3_captured_mixed_heldout_gpqa_t64_l2,64,B1,3x32x128,port_tight,25.04772139626415,8.9232,8.9232,0.360448,25.039872,0.7704576000000001,25.039872,port_floor,0.031347589413188715
v3_captured_mixed_heldout_gpqa_t96_l2,96,B1,3x32x128,port_tight,26.204528507741042,9.06048,9.33504,0.540672,26.195558400000003,1.5409152000000002,26.195558400000003,port_floor,0.034242857525956794
v3_captured_mixed_heldout_gpqa_t128_l2,128,B1,3x32x128,port_tight,26.205859684441748,9.06048,9.33504,0.720896,26.195558400000003,1.5409152000000002,26.195558400000003,port_floor,0.03932454610986458
v3_captured_mixed_heldout_gpqa_t64_l13,64,B1,3x32x128,port_tight,22.350564651773965,7.96224,7.96224,0.360448,22.3432704,0.7704576000000001,22.3432704,port_floor,0.03264630308534855
v3_captured_mixed_heldout_gpqa_t96_l13,96,B1,3x32x128,port_tight,24.278085394191294,8.37408,8.64864,0.540672,24.269414400000002,1.5409152000000002,24.269414400000002,port_floor,0.035728073402929716
v3_captured_mixed_heldout_gpqa_t128_l13,128,B1,3x32x128,port_tight,24.66450720653697,8.51136,8.78592,0.720896,24.654643200000002,1.5409152000000002,24.654643200000002,port_floor,0.040008717453132725
v3_captured_mixed_heldout_gpqa_t64_l26,64,B1,3x32x128,port_tight,25.04746964134874,8.9232,8.9232,0.360448,25.039872,0.7704576000000001,25.039872,port_floor,0.030342173269670702
v3_captured_mixed_heldout_gpqa_t96_l26,96,B1,3x32x128,port_tight,26.204313891202247,9.06048,9.33504,0.540672,26.195558400000003,1.5409152000000002,26.195558400000003,port_floor,0.0334235715404585
v3_captured_mixed_heldout_gpqa_t128_l26,128,B1,3x32x128,port_tight,26.205859684441762,9.06048,9.33504,0.720896,26.195558400000003,1.5409152000000002,26.195558400000003,port_floor,0.03932454610993119
v3_captured_mixed_heldout_swe_t64_l2,64,B1,3x32x128,port_tight,24.662629791966026,8.78592,8.78592,0.360448,24.654643200000002,0.7704576000000001,24.654643200000002,port_floor,0.0323938655337086
v3_captured_mixed_heldout_swe_t96_l2,96,B1,3x32x128,port_tight,25.819594628180013,8.9232,9.19776,0.540672,25.810329600000003,1.5409152000000002,25.810329600000003,port_floor,0.03589658994518352
v3_captured_mixed_heldout_swe_t128_l2,128,B1,3x32x128,port_tight,26.20612861275553,9.06048,9.33504,0.720896,26.195558400000003,1.5409152000000002,26.195558400000003,port_floor,0.04035116409477624
v3_captured_mixed_heldout_swe_t64_l13,64,B1,3x32x128,port_tight,20.809420641074375,7.41312,7.41312,0.360448,20.802355200000004,0.7704576000000001,20.802355200000004,port_floor,0.033964620863558004
v3_captured_mixed_heldout_swe_t96_l13,96,B1,3x32x128,port_tight,23.89303956682418,8.2368,8.51136,0.540672,23.884185600000002,1.5409152000000002,23.884185600000002,port_floor,0.037070415430773274
v3_captured_mixed_heldout_swe_t128_l13,128,B1,3x32x128,port_tight,25.435425534627193,8.78592,9.06048,0.720896,25.4251008,1.5409152000000002,25.4251008,port_floor,0.04060843144106929
v3_captured_mixed_heldout_swe_t64_l26,64,B1,3x32x128,port_tight,23.506077291202246,8.37408,8.37408,0.360448,23.498956800000002,0.7704576000000001,23.498956800000002,port_floor,0.03030130768293393
v3_captured_mixed_heldout_swe_t96_l26,96,B1,3x32x128,port_tight,24.66314269120224,8.51136,8.78592,0.540672,24.654643200000002,1.5409152000000002,24.654643200000002,port_floor,0.034474200795719945
v3_captured_mixed_heldout_swe_t128_l26,128,B1,3x32x128,port_tight,26.205493478934475,9.06048,9.33504,0.720896,26.195558400000003,1.5409152000000002,26.195558400000003,port_floor,0.03792657817316414
heldout_bfcl_b2_l2_s3,2,B2,3x16x128+3x16x128,port_tight,5.393950774074074,1.92192,1.92192,0.011264,5.3932032,1.5409152000000002,5.3932032,port_floor,0.013861411230986498
heldout_bfcl_b4_l2_s3,4,B2,3x16x128+3x16x128,port_tight,7.705726888888888,2.7456,2.7456,0.022528,7.704576,1.5409152000000002,7.704576,port_floor,0.014937731666075926
heldout_bfcl_b8_l2_s3,8,B2,3x16x128+3x16x128,port_tight,10.7880664,3.70656,3.70656,0.045056,10.401177600000002,1.5409152000000002,10.401177600000002,port_floor,3.719663435032583
heldout_bfcl_b16_l2_s3,16,B2,3x16x128+3x16x128,port_tight,13.870600855555558,4.94208,4.94208,0.090112,13.8682368,1.5409152000000002,13.8682368,port_floor,0.017046547370447307
heldout_bfcl_b2_l2_s7,2,B2,3x16x128+3x16x128,port_tight,5.393950774074074,1.92192,1.92192,0.011264,5.3932032,1.5409152000000002,5.3932032,port_floor,0.013861411230986498
heldout_bfcl_b4_l2_s7,4,B2,3x16x128+3x16x128,port_tight,8.476292599999995,3.02016,3.02016,0.022528,8.4750336,1.5409152000000002,8.4750336,port_floor,0.01485539833134819
heldout_bfcl_b8_l2_s7,8,B2,3x16x128+3x16x128,port_tight,11.558716777777782,4.1184,4.1184,0.045056,11.556864,1.5409152000000002,11.556864,port_floor,0.016031838548768995
heldout_bfcl_b16_l2_s7,16,B2,3x16x128+3x16x128,port_tight,17.723322225925926,6.1776,6.1776,0.090112,17.335296,1.5409152000000002,17.335296,port_floor,2.23835939072472
heldout_bfcl_b2_l2_s11,2,B2,3x16x128+3x16x128,port_tight,3.8529565000000017,1.3728,1.3728,0.011264,3.852288,1.5409152000000002,3.852288,port_floor,0.017353323531410503
heldout_bfcl_b4_l2_s11,4,B2,3x16x128+3x16x128,port_tight,8.476285377777776,3.02016,3.02016,0.022528,8.4750336,1.5409152000000002,8.4750336,port_floor,0.014770180707901481
heldout_bfcl_b8_l2_s11,8,B2,3x16x128+3x16x128,port_tight,12.329136285185177,4.25568,4.25568,0.045056,11.942092800000001,1.5409152000000002,11.942092800000001,port_floor,3.241002156549788
heldout_bfcl_b16_l2_s11,16,B2,3x16x128+3x16x128,port_tight,20.034921118518525,7.00128,7.00128,0.090112,19.6466688,1.5409152000000002,19.6466688,port_floor,1.9761737853417838
heldout_bfcl_b2_l13_s3,2,B2,3x16x128+3x16x128,port_tight,4.623410099999998,1.64736,1.64736,0.011264,4.622745600000001,1.5409152000000002,4.622745600000001,port_floor,0.014374574278930297
heldout_bfcl_b4_l13_s3,4,B2,3x16x128+3x16x128,port_tight,9.246750027160495,3.29472,3.29472,0.022528,9.245491200000002,1.5409152000000002,9.245491200000002,port_floor,0.013615579024017777
heldout_bfcl_b8_l13_s3,8,B2,3x16x128+3x16x128,port_tight,11.558512777777775,3.98112,3.98112,0.045056,11.1716352,1.5409152000000002,11.1716352,port_floor,3.4630344694550397
heldout_bfcl_b16_l13_s3,16,B2,3x16x128+3x16x128,port_tight,15.411870111111114,5.4912,5.4912,0.090112,15.409152,1.5409152000000002,15.409152,port_floor,0.017639589194229366
heldout_bfcl_b2_l13_s7,2,B2,3x16x128+3x16x128,port_tight,5.393950774074074,1.92192,1.92192,0.011264,5.3932032,1.5409152000000002,5.3932032,port_floor,0.013861411230986498
heldout_bfcl_b4_l13_s7,4,B2,3x16x128+3x16x128,port_tight,8.476258507407405,3.02016,3.02016,0.022528,8.4750336,1.5409152000000002,8.4750336,port_floor,0.014453127447255909
heldout_bfcl_b8_l13_s7,8,B2,3x16x128+3x16x128,port_tight,12.329110629035204,4.39296,4.39296,0.045056,12.327321600000001,1.5409152000000002,12.327321600000001,port_floor,0.014512714872338961
heldout_bfcl_b16_l13_s7,16,B2,3x16x128+3x16x128,port_tight,15.411926074074074,5.4912,5.4912,0.090112,15.409152,1.5409152000000002,15.409152,port_floor,0.01800276922490074
heldout_bfcl_b2_l13_s11,2,B2,3x16x128+3x16x128,port_tight,3.852752500000001,1.23552,1.23552,0.011264,3.4670592,1.5409152000000002,3.4670592,port_floor,11.124508632561003
heldout_bfcl_b4_l13_s11,4,B2,3x16x128+3x16x128,port_tight,8.476202544444442,2.88288,2.88288,0.022528,8.089804800000001,1.5409152000000002,8.089804800000001,port_floor,4.776354362029123
heldout_bfcl_b8_l13_s11,8,B2,3x16x128+3x16x128,port_tight,10.788119955555551,3.70656,3.70656,0.045056,10.401177600000002,1.5409152000000002,10.401177600000002,port_floor,3.7201783339950723
heldout_bfcl_b16_l13_s11,16,B2,3x16x128+3x16x128,port_tight,18.493885529629623,6.45216,6.45216,0.090112,18.1057536,1.5409152000000002,18.1057536,port_floor,2.143693867730634
heldout_bfcl_b2_l26_s3,2,B2,3x16x128+3x16x128,port_tight,5.393863699999998,1.78464,1.78464,0.011264,5.0079744,1.5409152000000002,5.0079744,port_floor,7.705496657490851
heldout_bfcl_b4_l26_s3,4,B2,3x16x128+3x16x128,port_tight,9.246717806995886,3.29472,3.29472,0.022528,9.245491200000002,1.5409152000000002,9.245491200000002,port_floor,0.013267083050005901
heldout_bfcl_b8_l26_s3,8,B2,3x16x128+3x16x128,port_tight,12.329075507407406,4.25568,4.25568,0.045056,11.942092800000001,1.5409152000000002,11.942092800000001,port_floor,3.240493219139995
heldout_bfcl_b16_l26_s3,16,B2,3x16x128+3x16x128,port_tight,17.723398022222227,6.31488,6.31488,0.090112,17.7205248,1.5409152000000002,17.7205248,port_floor,0.016214092159549942
heldout_bfcl_b2_l26_s7,2,B2,3x16x128+3x16x128,port_tight,4.623456044444445,1.64736,1.64736,0.011264,4.622745600000001,1.5409152000000002,4.622745600000001,port_floor,0.015368452126018894
heldout_bfcl_b4_l26_s7,4,B2,3x16x128+3x16x128,port_tight,9.246845311111107,3.29472,3.29472,0.022528,9.245491200000002,1.5409152000000002,9.245491200000002,port_floor,0.01464617814039837
heldout_bfcl_b8_l26_s7,8,B2,3x16x128+3x16x128,port_tight,13.099699014814803,4.66752,4.66752,0.045056,13.097779200000002,1.5409152000000002,13.097779200000002,port_floor,0.014657559770148154
heldout_bfcl_b16_l26_s7,16,B2,3x16x128+3x16x128,port_tight,16.182527711111106,5.76576,5.76576,0.090112,16.179609600000003,1.5409152000000002,16.179609600000003,port_floor,0.01803573252536772
heldout_bfcl_b2_l26_s11,2,B2,3x16x128+3x16x128,port_tight,3.8529713333333335,1.3728,1.3728,0.011264,3.852288,1.5409152000000002,3.852288,port_floor,0.01773837608542994
heldout_bfcl_b4_l26_s11,4,B2,3x16x128+3x16x128,port_tight,8.476228599999999,3.02016,3.02016,0.022528,8.4750336,1.5409152000000002,8.4750336,port_floor,0.014100239083414401
heldout_bfcl_b8_l26_s11,8,B2,3x16x128+3x16x128,port_tight,13.09971786049383,4.53024,4.53024,0.045056,12.7125504,1.5409152000000002,12.7125504,port_floor,3.045553003226087
heldout_bfcl_b16_l26_s11,16,B2,3x16x128+3x16x128,port_tight,18.494020727160482,6.58944,6.58944,0.090112,18.490982400000004,1.5409152000000002,18.490982400000004,port_floor,0.016431399342420328
heldout_gpqa_b2_l2_s3,2,B2,3x16x128+3x16x128,port_tight,5.393863699999998,1.78464,1.78464,0.011264,5.0079744,1.5409152000000002,5.0079744,port_floor,7.705496657490851
heldout_gpqa_b4_l2_s3,4,B2,3x16x128+3x16x128,port_tight,6.935159344444445,2.47104,2.47104,0.022528,6.9341184,1.5409152000000002,6.9341184,port_floor,0.015011921983409948
heldout_gpqa_b8_l2_s3,8,B2,3x16x128+3x16x128,port_tight,9.246820473662552,3.15744,3.15744,0.045056,8.8602624,1.5409152000000002,8.8602624,port_floor,4.362828731376522
heldout_gpqa_b16_l2_s3,16,B2,3x16x128+3x16x128,port_tight,10.78847573333333,3.84384,3.84384,0.090112,10.7864064,1.5409152000000002,10.7864064,port_floor,0.01918464089514238
heldout_gpqa_b2_l2_s7,2,B2,3x16x128+3x16x128,port_tight,5.393950774074074,1.92192,1.92192,0.011264,5.3932032,1.5409152000000002,5.3932032,port_floor,0.013861411230986498
heldout_gpqa_b4_l2_s7,4,B2,3x16x128+3x16x128,port_tight,9.246724144444446,3.29472,3.29472,0.022528,9.245491200000002,1.5409152000000002,9.245491200000002,port_floor,0.013335629419519712
heldout_gpqa_b8_l2_s7,8,B2,3x16x128+3x16x128,port_tight,13.099850033333327,4.66752,4.66752,0.045056,13.097779200000002,1.5409152000000002,13.097779200000002,port_floor,0.01581056835442407
heldout_gpqa_b16_l2_s7,16,B2,3x16x128+3x16x128,port_tight,18.493904788888884,6.45216,6.45216,0.090112,18.1057536,1.5409152000000002,18.1057536,port_floor,2.143800238664917
heldout_gpqa_b2_l2_s11,2,B2,3x16x128+3x16x128,port_tight,4.623478100000001,1.51008,1.51008,0.011264,4.2375168,1.5409152000000002,4.2375168,port_floor,9.108195158069954
heldout_gpqa_b4_l2_s11,4,B2,3x16x128+3x16x128,port_tight,9.246697274074078,3.15744,3.15744,0.022528,8.8602624,1.5409152000000002,8.8602624,port_floor,4.361438258014538
heldout_gpqa_b8_l2_s11,8,B2,3x16x128+3x16x128,port_tight,14.640822251851851,5.21664,5.21664,0.045056,14.6386944,1.5409152000000002,14.6386944,port_floor,0.014535803492488064
heldout_gpqa_b16_l2_s11,16,B2,3x16x128+3x16x128,port_tight,19.2647425,6.864,6.864,0.090112,19.26144,1.5409152000000002,19.26144,port_floor,0.01714565473818208
heldout_gpqa_b2_l13_s3,2,B2,3x16x128+3x16x128,port_tight,5.393841644444445,1.78464,1.78464,0.011264,5.0079744,1.5409152000000002,5.0079744,port_floor,7.705056248778819
heldout_gpqa_b4_l13_s3,4,B2,3x16x128+3x16x128,port_tight,7.705612944444442,2.60832,2.60832,0.022528,7.3193472,1.5409152000000002,7.3193472,port_floor,5.277325065880767
heldout_gpqa_b8_l13_s3,8,B2,3x16x128+3x16x128,port_tight,10.78814201111111,3.84384,3.84384,0.045056,10.7864064,1.5409152000000002,10.7864064,port_floor,0.016090726111617215
heldout_gpqa_b16_l13_s3,16,B2,3x16x128+3x16x128,port_tight,12.32970367407407,4.39296,4.39296,0.090112,12.327321600000001,1.5409152000000002,12.327321600000001,port_floor,0.019323533135273685
heldout_gpqa_b2_l13_s7,2,B2,3x16x128+3x16x128,port_tight,5.393841644444445,1.78464,1.78464,0.011264,5.0079744,1.5409152000000002,5.0079744,port_floor,7.705056248778819
heldout_gpqa_b4_l13_s7,4,B2,3x16x128+3x16x128,port_tight,9.246697274074075,3.15744,3.15744,0.022528,8.8602624,1.5409152000000002,8.8602624,port_floor,4.361438258014494
heldout_gpqa_b8_l13_s7,8,B2,3x16x128+3x16x128,port_tight,13.870186707407402,4.8048,4.8048,0.045056,13.483008,1.5409152000000002,13.483008,port_floor,2.8716048185049026
heldout_gpqa_b16_l13_s7,16,B2,3x16x128+3x16x128,port_tight,16.95285804773663,6.04032,6.04032,0.090112,16.9500672,1.5409152000000002,16.9500672,port_floor,0.0164651131095761
heldout_gpqa_b2_l13_s11,2,B2,3x16x128+3x16x128,port_tight,3.852820500000001,1.23552,1.23552,0.011264,3.4670592,1.5409152000000002,3.4670592,port_floor,11.126469948941198
heldout_gpqa_b4_l13_s11,4,B2,3x16x128+3x16x128,port_tight,9.246750027160491,3.29472,3.29472,0.022528,9.245491200000002,1.5409152000000002,9.245491200000002,port_floor,0.013615579023973368
heldout_gpqa_b8_l13_s11,8,B2,3x16x128+3x16x128,port_tight,11.558694722222217,4.1184,4.1184,0.045056,11.556864,1.5409152000000002,11.556864,port_floor,0.015840994773475003
heldout_gpqa_b16_l13_s11,16,B2,3x16x128+3x16x128,port_tight,17.7234850962963,6.1776,6.1776,0.090112,17.335296,1.5409152000000002,17.335296,port_floor,2.2392989210931136
heldout_gpqa_b2_l26_s3,2,B2,3x16x128+3x16x128,port_tight,5.393950774074074,1.92192,1.92192,0.011264,5.3932032,1.5409152000000002,5.3932032,port_floor,0.013861411230986498
heldout_gpqa_b4_l26_s3,4,B2,3x16x128+3x16x128,port_tight,6.935181399999999,2.33376,2.33376,0.022528,6.548889600000001,1.5409152000000002,6.548889600000001,port_floor,5.898584700526932
heldout_gpqa_b8_l26_s3,8,B2,3x16x128+3x16x128,port_tight,10.01748441111111,3.432,3.432,0.045056,9.63072,1.5409152000000002,9.63072,port_floor,4.015944925313053
heldout_gpqa_b16_l26_s3,16,B2,3x16x128+3x16x128,port_tight,13.100093514814809,4.66752,4.66752,0.090112,13.097779200000002,1.5409152000000002,13.097779200000002,port_floor,0.017669520759722168
heldout_gpqa_b2_l26_s7,2,B2,3x16x128+3x16x128,port_tight,5.393950774074074,1.92192,1.92192,0.011264,5.3932032,1.5409152000000002,5.3932032,port_floor,0.013861411230986498
heldout_gpqa_b4_l26_s7,4,B2,3x16x128+3x16x128,port_tight,9.24677731111111,3.15744,3.15744,0.022528,8.8602624,1.5409152000000002,8.8602624,port_floor,4.362341583823848
heldout_gpqa_b8_l26_s7,8,B2,3x16x128+3x16x128,port_tight,13.099779051851858,4.66752,4.66752,0.045056,13.097779200000002,1.5409152000000002,13.097779200000002,port_floor,0.01526863311192006
heldout_gpqa_b16_l26_s7,16,B2,3x16x128+3x16x128,port_tight,17.723409071604934,6.31488,6.31488,0.090112,17.7205248,1.5409152000000002,17.7205248,port_floor,0.01627644574573317
heldout_gpqa_b2_l26_s11,2,B2,3x16x128+3x16x128,port_tight,5.393841644444447,1.78464,1.78464,0.011264,5.0079744,1.5409152000000002,5.0079744,port_floor,7.705056248778885
heldout_gpqa_b4_l26_s11,4,B2,3x16x128+3x16x128,port_tight,10.017171406995885,3.432,3.432,0.022528,9.63072,1.5409152000000002,9.63072,port_floor,4.012694865969357
heldout_gpqa_b8_l26_s11,8,B2,3x16x128+3x16x128,port_tight,13.099700473662548,4.66752,4.66752,0.045056,13.097779200000002,1.5409152000000002,13.097779200000002,port_floor,0.014668697900677152
heldout_gpqa_b16_l26_s11,16,B2,3x16x128+3x16x128,port_tight,19.26468933333334,6.864,6.864,0.090112,19.26144,1.5409152000000002,19.26144,port_floor,0.01686962830058647
heldout_swe_b2_l2_s3,2,B2,3x16x128+3x16x128,port_tight,5.393863699999999,1.78464,1.78464,0.011264,5.0079744,1.5409152000000002,5.0079744,port_floor,7.705496657490873
heldout_swe_b4_l2_s3,4,B2,3x16x128+3x16x128,port_tight,6.164523800000001,2.0592,2.0592,0.022528,5.778432,1.5409152000000002,5.778432,port_floor,6.681601514043978
heldout_swe_b8_l2_s3,8,B2,3x16x128+3x16x128,port_tight,6.935181974074075,2.33376,2.33376,0.045056,6.548889600000001,1.5409152000000002,6.548889600000001,port_floor,5.8985934665027
heldout_swe_b16_l2_s3,16,B2,3x16x128+3x16x128,port_tight,7.706150827160493,2.7456,2.7456,0.090112,7.704576,1.5409152000000002,7.704576,port_floor,0.020440153494405422
heldout_swe_b2_l2_s7,2,B2,3x16x128+3x16x128,port_tight,5.393841644444446,1.78464,1.78464,0.011264,5.0079744,1.5409152000000002,5.0079744,port_floor,7.705056248778863
heldout_swe_b4_l2_s7,4,B2,3x16x128+3x16x128,port_tight,6.935106177777778,2.33376,2.33376,0.022528,6.548889600000001,1.5409152000000002,6.548889600000001,port_floor,5.897436074930584
heldout_swe_b8_l2_s7,8,B2,3x16x128+3x16x128,port_tight,6.935287893827162,2.47104,2.47104,0.045056,6.9341184,1.5409152000000002,6.9341184,port_floor,0.016865789703879308
heldout_swe_b16_l2_s7,16,B2,3x16x128+3x16x128,port_tight,8.476708206995884,3.02016,3.02016,0.090112,8.4750336,1.5409152000000002,8.4750336,port_floor,0.01975929624495887
heldout_swe_b2_l2_s11,2,B2,3x16x128+3x16x128,port_tight,5.393863699999998,1.78464,1.78464,0.011264,5.0079744,1.5409152000000002,5.0079744,port_floor,7.705496657490851
heldout_swe_b4_l2_s11,4,B2,3x16x128+3x16x128,port_tight,8.47613454444444,2.88288,2.88288,0.022528,8.089804800000001,1.5409152000000002,8.089804800000001,port_floor,4.77551379786616
heldout_swe_b8_l2_s11,8,B2,3x16x128+3x16x128,port_tight,7.705956499999999,2.60832,2.60832,0.045056,7.3193472,1.5409152000000002,7.3193472,port_floor,5.2820188663819545
heldout_swe_b16_l2_s11,16,B2,3x16x128+3x16x128,port_tight,10.788394173662553,3.84384,3.84384,0.090112,10.7864064,1.5409152000000002,10.7864064,port_floor,0.0184285070378154
heldout_swe_b2_l13_s3,2,B2,3x16x128+3x16x128,port_tight,5.393950774074074,1.92192,1.92192,0.011264,5.3932032,1.5409152000000002,5.3932032,port_floor,0.013861411230986498
heldout_swe_b4_l13_s3,4,B2,3x16x128+3x16x128,port_tight,7.705748944444446,2.60832,2.60832,0.022528,7.3193472,1.5409152000000002,7.3193472,port_floor,5.279183155083089
heldout_swe_b8_l13_s3,8,B2,3x16x128+3x16x128,port_tight,7.705809493827164,2.7456,2.7456,0.045056,7.704576,1.5409152000000002,7.704576,port_floor,0.016009885906309584
heldout_swe_b16_l13_s3,16,B2,3x16x128+3x16x128,port_tight,8.476687674074077,2.88288,2.88288,0.090112,8.089804800000001,1.5409152000000002,8.089804800000001,port_floor,4.7823511646915895
heldout_swe_b2_l13_s7,2,B2,3x16x128+3x16x128,port_tight,5.393950774074074,1.92192,1.92192,0.011264,5.3932032,1.5409152000000002,5.3932032,port_floor,0.013861411230986498
heldout_swe_b4_l13_s7,4,B2,3x16x128+3x16x128,port_tight,8.476224599999998,2.88288,2.88288,0.022528,8.089804800000001,1.5409152000000002,8.089804800000001,port_floor,4.776626995993727
heldout_swe_b8_l13_s7,8,B2,3x16x128+3x16x128,port_tight,8.47626309382716,2.88288,2.88288,0.045056,8.089804800000001,1.5409152000000002,8.089804800000001,port_floor,4.7771028273408955
heldout_swe_b16_l13_s7,16,B2,3x16x128+3x16x128,port_tight,8.476755674074068,3.02016,3.02016,0.090112,8.4750336,1.5409152000000002,8.4750336,port_floor,0.020319377542876715
heldout_swe_b2_l13_s11,2,B2,3x16x128+3x16x128,port_tight,4.623410099999999,1.64736,1.64736,0.011264,4.622745600000001,1.5409152000000002,4.622745600000001,port_floor,0.014374574278952501
heldout_swe_b4_l13_s11,4,B2,3x16x128+3x16x128,port_tight,8.476270544444443,3.02016,3.02016,0.022528,8.4750336,1.5409152000000002,8.4750336,port_floor,0.014595156819718902
heldout_swe_b8_l13_s11,8,B2,3x16x128+3x16x128,port_tight,7.705798444444445,2.60832,2.60832,0.045056,7.3193472,1.5409152000000002,7.3193472,port_floor,5.279859444903012
heldout_swe_b16_l13_s11,16,B2,3x16x128+3x16x128,port_tight,10.788456474074069,3.84384,3.84384,0.090112,10.7864064,1.5409152000000002,10.7864064,port_floor,0.019006089684037164
heldout_swe_b2_l26_s3,2,B2,3x16x128+3x16x128,port_tight,4.6234632666666675,1.64736,1.64736,0.011264,4.622745600000001,1.5409152000000002,4.622745600000001,port_floor,0.015524684435730407
heldout_swe_b4_l26_s3,4,B2,3x16x128+3x16x128,port_tight,7.705702999999999,2.60832,2.60832,0.022528,7.3193472,1.5409152000000002,7.3193472,port_floor,5.278555442758592
heldout_swe_b8_l26_s3,8,B2,3x16x128+3x16x128,port_tight,9.246852693827167,3.15744,3.15744,0.045056,8.8602624,1.5409152000000002,8.8602624,port_floor,4.363192379349479
heldout_swe_b16_l26_s3,16,B2,3x16x128+3x16x128,port_tight,10.788426393827159,3.84384,3.84384,0.090112,10.7864064,1.5409152000000002,10.7864064,port_floor,0.018727217872660518
heldout_swe_b2_l26_s7,2,B2,3x16x128+3x16x128,port_tight,5.393950774074074,1.92192,1.92192,0.011264,5.3932032,1.5409152000000002,5.3932032,port_floor,0.013861411230986498
heldout_swe_b4_l26_s7,4,B2,3x16x128+3x16x128,port_tight,6.935264233333332,2.47104,2.47104,0.022528,6.9341184,1.5409152000000002,6.9341184,port_floor,0.016524571217768624
heldout_swe_b8_l26_s7,8,B2,3x16x128+3x16x128,port_tight,8.476429174074074,3.02016,3.02016,0.045056,8.4750336,1.5409152000000002,8.4750336,port_floor,0.016466885441901447
heldout_swe_b16_l26_s7,16,B2,3x16x128+3x16x128,port_tight,9.247357311111111,3.15744,3.15744,0.090112,8.8602624,1.5409152000000002,8.8602624,port_floor,4.368887665348509
heldout_swe_b2_l26_s11,2,B2,3x16x128+3x16x128,port_tight,5.393950774074074,1.92192,1.92192,0.011264,5.3932032,1.5409152000000002,5.3932032,port_floor,0.013861411230986498
heldout_swe_b4_l26_s11,4,B2,3x16x128+3x16x128,port_tight,10.017171406995887,3.432,3.432,0.022528,9.63072,1.5409152000000002,9.63072,port_floor,4.0126948659693795
heldout_swe_b8_l26_s11,8,B2,3x16x128+3x16x128,port_tight,7.7058056666666666,2.60832,2.60832,0.045056,7.3193472,1.5409152000000002,7.3193472,port_floor,5.279958117940731
heldout_swe_b16_l26_s11,16,B2,3x16x128+3x16x128,port_tight,11.558925938271601,4.1184,4.1184,0.090112,11.556864,1.5409152000000002,11.556864,port_floor,0.01784167635441314
v3_captured_mixed_heldout_bfcl_t64_l2,64,B2,3x16x128+3x16x128,port_tight,26.20134205843625,8.64864,8.9232,0.360448,25.039872,3.0818304000000003,25.039872,port_floor,4.638482410917466
v3_captured_mixed_heldout_bfcl_t96_l2,96,B2,3x16x128+3x16x128,port_tight,28.514137604130493,8.78592,9.33504,0.540672,26.195558400000003,4.622745600000001,26.195558400000003,port_floor,8.851039434725273
v3_captured_mixed_heldout_bfcl_t128_l2,128,B2,3x16x128+3x16x128,port_tight,30.82698607309657,9.06048,9.88416,0.720896,27.7364736,6.163660800000001,27.7364736,port_floor,11.142413118791605
v3_captured_mixed_heldout_bfcl_t64_l13,64,B2,3x16x128+3x16x128,port_tight,24.660020836361326,7.96224,8.2368,0.360448,23.113728,3.0818304000000003,23.113728,port_floor,6.689932651112485
v3_captured_mixed_heldout_bfcl_t96_l13,96,B2,3x16x128+3x16x128,port_tight,27.743765563801254,8.64864,9.19776,0.540672,25.810329600000003,4.622745600000001,25.810329600000003,port_floor,7.490938681392323
v3_captured_mixed_heldout_bfcl_t128_l13,128,B2,3x16x128+3x16x128,port_tight,30.056441124737116,8.78592,9.6096,0.720896,26.966016,6.163660800000001,26.966016,port_floor,11.460443859178593
v3_captured_mixed_heldout_bfcl_t64_l26,64,B2,3x16x128+3x16x128,port_tight,26.201240104542013,8.51136,8.78592,0.360448,24.654643200000002,3.0818304000000003,24.654643200000002,port_floor,6.27304517042051
v3_captured_mixed_heldout_bfcl_t96_l26,96,B2,3x16x128+3x16x128,port_tight,28.51419470823048,8.9232,9.47232,0.540672,26.580787200000003,4.622745600000001,26.580787200000003,port_floor,7.273702970807716
v3_captured_mixed_heldout_bfcl_t128_l26,128,B2,3x16x128+3x16x128,port_tight,30.826992242360866,9.06048,9.88416,0.720896,27.7364736,6.163660800000001,27.7364736,port_floor,11.142435361216464
v3_captured_mixed_heldout_gpqa_t64_l2,64,B2,3x16x128+3x16x128,port_tight,26.971767753645274,8.9232,9.19776,0.360448,25.810329600000003,3.0818304000000003,25.810329600000003,port_floor,4.499896636908018
v3_captured_mixed_heldout_gpqa_t96_l2,96,B2,3x16x128+3x16x128,port_tight,29.284495701041468,9.06048,9.6096,0.540672,26.966016,4.622745600000001,26.966016,port_floor,8.597783599332832
v3_captured_mixed_heldout_gpqa_t128_l2,128,B2,3x16x128+3x16x128,port_tight,30.826904234374798,9.06048,9.88416,0.720896,27.7364736,6.163660800000001,27.7364736,port_floor,11.142118060656415
v3_captured_mixed_heldout_gpqa_t64_l13,64,B2,3x16x128+3x16x128,port_tight,24.6600057263115,7.96224,8.2368,0.360448,23.113728,3.0818304000000003,23.113728,port_floor,6.68986727849139
v3_captured_mixed_heldout_gpqa_t96_l13,96,B2,3x16x128+3x16x128,port_tight,26.973052967306813,8.37408,8.9232,0.540672,25.039872,4.622745600000001,25.039872,port_floor,7.720410740545369
v3_captured_mixed_heldout_gpqa_t128_l13,128,B2,3x16x128+3x16x128,port_tight,29.28598710064013,8.51136,9.33504,0.720896,26.195558400000003,6.163660800000001,26.195558400000003,port_floor,11.7975293881887
v3_captured_mixed_heldout_gpqa_t64_l26,64,B2,3x16x128+3x16x128,port_tight,26.971781689529056,8.9232,9.19776,0.360448,25.810329600000003,3.0818304000000003,25.810329600000003,port_floor,4.499950630343963
v3_captured_mixed_heldout_gpqa_t96_l26,96,B2,3x16x128+3x16x128,port_tight,29.28449170104149,9.06048,9.6096,0.540672,26.966016,4.622745600000001,26.966016,port_floor,8.597768765847679
v3_captured_mixed_heldout_gpqa_t128_l26,128,B2,3x16x128+3x16x128,port_tight,30.826900234374815,9.06048,9.88416,0.720896,27.7364736,6.163660800000001,27.7364736,port_floor,11.142103639212486
v3_captured_mixed_heldout_swe_t64_l2,64,B2,3x16x128+3x16x128,port_tight,26.97167965594115,8.78592,9.06048,0.360448,25.4251008,3.0818304000000003,25.4251008,port_floor,6.082881905196413
v3_captured_mixed_heldout_swe_t96_l2,96,B2,3x16x128+3x16x128,port_tight,28.514135947142236,8.9232,9.47232,0.540672,26.580787200000003,4.622745600000001,26.580787200000003,port_floor,7.273481904788115
v3_captured_mixed_heldout_swe_t128_l2,128,B2,3x16x128+3x16x128,port_tight,30.826900234374822,9.06048,9.88416,0.720896,27.7364736,6.163660800000001,27.7364736,port_floor,11.142103639212507
v3_captured_mixed_heldout_swe_t64_l13,64,B2,3x16x128+3x16x128,port_tight,23.11889916568912,7.41312,7.68768,0.360448,21.5728128,3.0818304000000003,21.5728128,port_floor,7.166827895939076
v3_captured_mixed_heldout_swe_t96_l13,96,B2,3x16x128+3x16x128,port_tight,26.973032741579036,8.2368,8.78592,0.540672,24.654643200000002,4.622745600000001,24.654643200000002,port_floor,9.403460122185159
v3_captured_mixed_heldout_swe_t128_l13,128,B2,3x16x128+3x16x128,port_tight,30.05648734346692,8.78592,9.6096,0.720896,26.966016,6.163660800000001,26.966016,port_floor,11.460615255390039
v3_captured_mixed_heldout_swe_t64_l26,64,B2,3x16x128+3x16x128,port_tight,25.430776606812984,8.37408,8.64864,0.360448,24.269414400000002,3.0818304000000003,24.269414400000002,port_floor,4.785291427604377
v3_captured_mixed_heldout_swe_t96_l26,96,B2,3x16x128+3x16x128,port_tight,27.74341695156222,8.51136,9.06048,0.540672,25.4251008,4.622745600000001,25.4251008,port_floor,9.118218133326806
v3_captured_mixed_heldout_swe_t128_l26,128,B2,3x16x128+3x16x128,port_tight,30.826988242360883,9.06048,9.88416,0.720896,27.7364736,6.163660800000001,27.7364736,port_floor,11.142420939772535
heldout_bfcl_b2_l2_s3,2,fixed_3+3,3x4x512+3x4x512,port_tight,5.503172133333334,1.92192,1.92192,0.011264,5.502156800000001,1.5720448,5.502156800000001,port_floor,0.018453369655579976
heldout_bfcl_b4_l2_s3,4,fixed_3+3,3x4x512+3x4x512,port_tight,8.64780706666667,2.7456,3.02016,0.022528,8.6462464,3.1440896,8.6462464,port_floor,0.01805022196301742
heldout_bfcl_b8_l2_s3,8,fixed_3+3,3x4x512+3x4x512,port_tight,14.150294390476198,3.70656,4.8048,0.045056,13.755392,4.7161344000000005,13.755392,port_floor,2.8708915781985533
heldout_bfcl_b16_l2_s3,16,fixed_3+3,3x4x512+3x4x512,port_tight,24.36938692380952,4.94208,8.37408,0.090112,23.973683200000004,9.432268800000001,23.973683200000004,port_floor,1.6505754268477002
heldout_bfcl_b2_l2_s7,2,fixed_3+3,3x4x512+3x4x512,port_tight,5.503172133333334,1.92192,1.92192,0.011264,5.502156800000001,1.5720448,5.502156800000001,port_floor,0.018453369655579976
heldout_bfcl_b4_l2_s7,4,fixed_3+3,3x4x512+3x4x512,port_tight,9.434029466666672,3.02016,3.29472,0.022528,9.432268800000001,3.1440896,9.432268800000001,port_floor,0.018666417423052195
heldout_bfcl_b8_l2_s7,8,fixed_3+3,3x4x512+3x4x512,port_tight,14.936348933333335,4.1184,5.07936,0.045056,14.5414144,4.7161344000000005,14.5414144,port_floor,2.715929293187158
heldout_bfcl_b16_l2_s7,16,fixed_3+3,3x4x512+3x4x512,port_tight,25.9424317952381,6.1776,9.06048,0.090112,25.938739200000004,9.432268800000001,25.938739200000004,port_floor,0.014235831624764828
heldout_bfcl_b2_l2_s11,2,fixed_3+3,3x4x512+3x4x512,port_tight,3.9308633333333334,1.3728,1.3728,0.011264,3.930112,1.5720448,3.930112,port_floor,0.01911735170228024
heldout_bfcl_b4_l2_s11,4,fixed_3+3,3x4x512+3x4x512,port_tight,9.434029466666672,3.02016,3.29472,0.022528,9.432268800000001,3.1440896,9.432268800000001,port_floor,0.018666417423052195
heldout_bfcl_b8_l2_s11,8,fixed_3+3,3x4x512+3x4x512,port_tight,15.722287261904764,4.25568,5.35392,0.045056,15.327436800000001,4.7161344000000005,15.327436800000001,port_floor,2.5761023650396897
heldout_bfcl_b16_l2_s11,16,fixed_3+3,3x4x512+3x4x512,port_tight,26.72764612380952,7.00128,9.19776,0.090112,26.3317504,9.432268800000001,26.3317504,port_floor,1.5034918598101132
heldout_bfcl_b2_l13_s3,2,fixed_3+3,3x4x512+3x4x512,port_tight,4.717017733333333,1.64736,1.64736,0.011264,4.7161344000000005,1.5720448,4.7161344000000005,port_floor,0.018730028841695834
heldout_bfcl_b4_l13_s3,4,fixed_3+3,3x4x512+3x4x512,port_tight,10.220183866666673,3.29472,3.56928,0.022528,10.218291200000001,3.1440896,10.218291200000001,port_floor,0.018522340278104288
heldout_bfcl_b8_l13_s3,8,fixed_3+3,3x4x512+3x4x512,port_tight,14.150842461904766,3.98112,4.94208,0.045056,14.1484032,4.7161344000000005,14.1484032,port_floor,0.017240545595731405
heldout_bfcl_b16_l13_s3,16,fixed_3+3,3x4x512+3x4x512,port_tight,25.155505466666646,5.4912,8.51136,0.090112,24.366694400000004,9.432268800000001,24.366694400000004,port_floor,3.2372510350301864
heldout_bfcl_b2_l13_s7,2,fixed_3+3,3x4x512+3x4x512,port_tight,5.503172133333334,1.92192,1.92192,0.011264,5.502156800000001,1.5720448,5.502156800000001,port_floor,0.018453369655579976
heldout_bfcl_b4_l13_s7,4,fixed_3+3,3x4x512+3x4x512,port_tight,9.434029466666672,3.02016,3.29472,0.022528,9.432268800000001,3.1440896,9.432268800000001,port_floor,0.018666417423052195
heldout_bfcl_b8_l13_s7,8,fixed_3+3,3x4x512+3x4x512,port_tight,15.722303333333342,4.39296,5.35392,0.045056,15.327436800000001,4.7161344000000005,15.327436800000001,port_floor,2.576207219026605
heldout_bfcl_b16_l13_s7,16,fixed_3+3,3x4x512+3x4x512,port_tight,24.369662995238095,5.4912,8.37408,0.090112,23.973683200000004,9.432268800000001,23.973683200000004,port_floor,1.6517269871910711
heldout_bfcl_b2_l13_s11,2,fixed_3+3,3x4x512+3x4x512,port_tight,3.9306593333333333,1.23552,1.23552,0.011264,3.5371008,1.5720448,3.5371008,port_floor,11.126585177706371
heldout_bfcl_b4_l13_s11,4,fixed_3+3,3x4x512+3x4x512,port_tight,9.433561466666673,2.88288,3.15744,0.022528,9.0392576,3.1440896,9.0392576,port_floor,4.362126671405764
heldout_bfcl_b8_l13_s11,8,fixed_3+3,3x4x512+3x4x512,port_tight,14.150046461904768,3.70656,4.8048,0.045056,13.755392,4.7161344000000005,13.755392,port_floor,2.8690891681223407
heldout_bfcl_b16_l13_s11,16,fixed_3+3,3x4x512+3x4x512,port_tight,25.942695795238084,6.45216,9.06048,0.090112,25.938739200000004,9.432268800000001,25.938739200000004,port_floor,0.015253614324017839
heldout_bfcl_b2_l26_s3,2,fixed_3+3,3x4x512+3x4x512,port_tight,5.502968133333334,1.78464,1.78464,0.011264,5.109145600000001,1.5720448,5.109145600000001,port_floor,7.708187712116343
heldout_bfcl_b4_l26_s3,4,fixed_3+3,3x4x512+3x4x512,port_tight,10.220183866666673,3.29472,3.56928,0.022528,10.218291200000001,3.1440896,10.218291200000001,port_floor,0.018522340278104288
heldout_bfcl_b8_l26_s3,8,fixed_3+3,3x4x512+3x4x512,port_tight,14.936480933333337,4.25568,5.07936,0.045056,14.5414144,4.7161344000000005,14.5414144,port_floor,2.716837045324394
heldout_bfcl_b16_l26_s3,16,fixed_3+3,3x4x512+3x4x512,port_tight,25.94263179523807,6.31488,9.06048,0.090112,25.938739200000004,9.432268800000001,25.938739200000004,port_floor,0.01500687912412424
heldout_bfcl_b2_l26_s7,2,fixed_3+3,3x4x512+3x4x512,port_tight,4.717017733333333,1.64736,1.64736,0.011264,4.7161344000000005,1.5720448,4.7161344000000005,port_floor,0.018730028841695834
heldout_bfcl_b4_l26_s7,4,fixed_3+3,3x4x512+3x4x512,port_tight,10.220183866666673,3.29472,3.56928,0.022528,10.218291200000001,3.1440896,10.218291200000001,port_floor,0.018522340278104288
heldout_bfcl_b8_l26_s7,8,fixed_3+3,3x4x512+3x4x512,port_tight,15.723003190476195,4.66752,5.4912,0.045056,15.720448,4.7161344000000005,15.720448,port_floor,0.016253929125920052
heldout_bfcl_b16_l26_s7,16,fixed_3+3,3x4x512+3x4x512,port_tight,23.583376595238096,5.76576,8.09952,0.090112,23.1876608,9.432268800000001,23.1876608,port_floor,1.706579195940705
heldout_bfcl_b2_l26_s11,2,fixed_3+3,3x4x512+3x4x512,port_tight,3.9308633333333334,1.3728,1.3728,0.011264,3.930112,1.5720448,3.930112,port_floor,0.01911735170228024
heldout_bfcl_b4_l26_s11,4,fixed_3+3,3x4x512+3x4x512,port_tight,9.434029466666672,3.02016,3.29472,0.022528,9.432268800000001,3.1440896,9.432268800000001,port_floor,0.018666417423052195
heldout_bfcl_b8_l26_s11,8,fixed_3+3,3x4x512+3x4x512,port_tight,15.723035333333337,4.53024,5.4912,0.045056,15.720448,4.7161344000000005,15.720448,port_floor,0.016458394400320486
heldout_bfcl_b16_l26_s11,16,fixed_3+3,3x4x512+3x4x512,port_tight,25.155553395238094,6.58944,8.64864,0.090112,24.7597056,9.432268800000001,24.7597056,port_floor,1.598758085548857
heldout_gpqa_b2_l2_s3,2,fixed_3+3,3x4x512+3x4x512,port_tight,5.502968133333334,1.78464,1.78464,0.011264,5.109145600000001,1.5720448,5.109145600000001,port_floor,7.708187712116343
heldout_gpqa_b4_l2_s3,4,fixed_3+3,3x4x512+3x4x512,port_tight,7.86158466666667,2.47104,2.7456,0.022528,7.860224,3.1440896,7.860224,port_floor,0.01731078741100678
heldout_gpqa_b8_l2_s3,8,fixed_3+3,3x4x512+3x4x512,port_tight,13.364040133333337,3.15744,4.66752,0.045056,13.3623808,4.7161344000000005,13.3623808,port_floor,0.012417946757925513
heldout_gpqa_b16_l2_s3,16,fixed_3+3,3x4x512+3x4x512,port_tight,22.011283866666666,3.84384,7.68768,0.090112,22.008627200000003,9.432268800000001,22.008627200000003,port_floor,0.012071023978554862
heldout_gpqa_b2_l2_s7,2,fixed_3+3,3x4x512+3x4x512,port_tight,5.503172133333334,1.92192,1.92192,0.011264,5.502156800000001,1.5720448,5.502156800000001,port_floor,0.018453369655579976
heldout_gpqa_b4_l2_s7,4,fixed_3+3,3x4x512+3x4x512,port_tight,10.220183866666673,3.29472,3.56928,0.022528,10.218291200000001,3.1440896,10.218291200000001,port_floor,0.018522340278104288
heldout_gpqa_b8_l2_s7,8,fixed_3+3,3x4x512+3x4x512,port_tight,14.93714493333334,4.66752,5.21664,0.045056,14.9344256,4.7161344000000005,14.9344256,port_floor,0.018208489607651757
heldout_gpqa_b16_l2_s7,16,fixed_3+3,3x4x512+3x4x512,port_tight,25.156745395238094,6.45216,8.78592,0.090112,25.1527168,9.432268800000001,25.1527168,port_floor,0.016016541155883246
heldout_gpqa_b2_l2_s11,2,fixed_3+3,3x4x512+3x4x512,port_tight,4.716813733333334,1.51008,1.51008,0.011264,4.3231232,1.5720448,4.3231232,port_floor,9.106623038948625
heldout_gpqa_b4_l2_s11,4,fixed_3+3,3x4x512+3x4x512,port_tight,10.219715866666673,3.15744,3.432,0.022528,9.82528,3.1440896,9.82528,port_floor,4.014500010856414
heldout_gpqa_b8_l2_s11,8,fixed_3+3,3x4x512+3x4x512,port_tight,16.509521733333337,5.21664,5.76576,0.045056,16.5064704,4.7161344000000005,16.5064704,port_floor,0.01848568021749486
heldout_gpqa_b16_l2_s11,16,fixed_3+3,3x4x512+3x4x512,port_tight,25.157153466666653,6.864,8.78592,0.090112,25.1527168,9.432268800000001,25.1527168,port_floor,0.017638916312434638
heldout_gpqa_b2_l13_s3,2,fixed_3+3,3x4x512+3x4x512,port_tight,5.502968133333334,1.78464,1.78464,0.011264,5.109145600000001,1.5720448,5.109145600000001,port_floor,7.708187712116343
heldout_gpqa_b4_l13_s3,4,fixed_3+3,3x4x512+3x4x512,port_tight,9.433429466666672,2.60832,3.02016,0.022528,8.6462464,3.1440896,8.6462464,port_floor,9.10433302787521
heldout_gpqa_b8_l13_s3,8,fixed_3+3,3x4x512+3x4x512,port_tight,14.150858533333336,3.84384,4.8048,0.045056,13.755392,4.7161344000000005,13.755392,port_floor,2.8749928270552783
heldout_gpqa_b16_l13_s3,16,fixed_3+3,3x4x512+3x4x512,port_tight,22.796694195238103,4.39296,7.68768,0.090112,22.008627200000003,9.432268800000001,22.008627200000003,port_floor,3.580718543127026
heldout_gpqa_b2_l13_s7,2,fixed_3+3,3x4x512+3x4x512,port_tight,5.502968133333334,1.78464,1.78464,0.011264,5.109145600000001,1.5720448,5.109145600000001,port_floor,7.708187712116343
heldout_gpqa_b4_l13_s7,4,fixed_3+3,3x4x512+3x4x512,port_tight,10.219715866666673,3.15744,3.432,0.022528,9.82528,3.1440896,9.82528,port_floor,4.014500010856414
heldout_gpqa_b8_l13_s7,8,fixed_3+3,3x4x512+3x4x512,port_tight,15.722567333333345,4.8048,5.35392,0.045056,15.327436800000001,4.7161344000000005,15.327436800000001,port_floor,2.5779296205177937
heldout_gpqa_b16_l13_s7,16,fixed_3+3,3x4x512+3x4x512,port_tight,25.155273323809517,6.04032,8.64864,0.090112,24.7597056,9.432268800000001,24.7597056,port_floor,1.5976269273957566
heldout_gpqa_b2_l13_s11,2,fixed_3+3,3x4x512+3x4x512,port_tight,3.9306593333333333,1.23552,1.23552,0.011264,3.5371008,1.5720448,3.5371008,port_floor,11.126585177706371
heldout_gpqa_b4_l13_s11,4,fixed_3+3,3x4x512+3x4x512,port_tight,10.220183866666673,3.29472,3.56928,0.022528,10.218291200000001,3.1440896,10.218291200000001,port_floor,0.018522340278104288
heldout_gpqa_b8_l13_s11,8,fixed_3+3,3x4x512+3x4x512,port_tight,14.150726533333334,4.1184,4.94208,0.045056,14.1484032,4.7161344000000005,14.1484032,port_floor,0.016421169940450397
heldout_gpqa_b16_l13_s11,16,fixed_3+3,3x4x512+3x4x512,port_tight,24.370671066666663,6.1776,8.51136,0.090112,24.366694400000004,9.432268800000001,24.366694400000004,port_floor,0.01632009086411923
heldout_gpqa_b2_l26_s3,2,fixed_3+3,3x4x512+3x4x512,port_tight,5.503172133333334,1.92192,1.92192,0.011264,5.502156800000001,1.5720448,5.502156800000001,port_floor,0.018453369655579976
heldout_gpqa_b4_l26_s3,4,fixed_3+3,3x4x512+3x4x512,port_tight,7.86118466666667,2.33376,2.60832,0.022528,7.4672128,3.1440896,7.4672128,port_floor,5.276023025173049
heldout_gpqa_b8_l26_s3,8,fixed_3+3,3x4x512+3x4x512,port_tight,13.363824061904761,3.432,4.39296,0.045056,12.5763584,4.7161344000000005,12.5763584,port_floor,6.261475992166066
heldout_gpqa_b16_l26_s3,16,fixed_3+3,3x4x512+3x4x512,port_tight,23.582588595238082,4.66752,8.09952,0.090112,23.1876608,9.432268800000001,23.1876608,port_floor,1.7031808367581558
heldout_gpqa_b2_l26_s7,2,fixed_3+3,3x4x512+3x4x512,port_tight,5.503172133333334,1.92192,1.92192,0.011264,5.502156800000001,1.5720448,5.502156800000001,port_floor,0.018453369655579976
heldout_gpqa_b4_l26_s7,4,fixed_3+3,3x4x512+3x4x512,port_tight,10.219715866666673,3.15744,3.432,0.022528,9.82528,3.1440896,9.82528,port_floor,4.014500010856414
heldout_gpqa_b8_l26_s7,8,fixed_3+3,3x4x512+3x4x512,port_tight,14.93714493333334,4.66752,5.21664,0.045056,14.9344256,4.7161344000000005,14.9344256,port_floor,0.018208489607651757
heldout_gpqa_b16_l26_s7,16,fixed_3+3,3x4x512+3x4x512,port_tight,27.513768666666664,6.31488,9.33504,0.090112,26.7247616,9.432268800000001,26.7247616,port_floor,2.9523446400609332
heldout_gpqa_b2_l26_s11,2,fixed_3+3,3x4x512+3x4x512,port_tight,5.502968133333334,1.78464,1.78464,0.011264,5.109145600000001,1.5720448,5.109145600000001,port_floor,7.708187712116343
heldout_gpqa_b4_l26_s11,4,fixed_3+3,3x4x512+3x4x512,port_tight,11.005870266666673,3.432,3.70656,0.022528,10.6113024,3.1440896,10.6113024,port_floor,3.7183735963143727
heldout_gpqa_b8_l26_s11,8,fixed_3+3,3x4x512+3x4x512,port_tight,14.937076933333342,4.66752,5.21664,0.045056,14.9344256,4.7161344000000005,14.9344256,port_floor,0.01775316576850816
heldout_gpqa_b16_l26_s11,16,fixed_3+3,3x4x512+3x4x512,port_tight,25.941923866666635,6.864,8.9232,0.090112,25.545728,9.432268800000001,25.545728,port_floor,1.5509280716784923
heldout_swe_b2_l2_s3,2,fixed_3+3,3x4x512+3x4x512,port_tight,5.502968133333334,1.78464,1.78464,0.011264,5.109145600000001,1.5720448,5.109145600000001,port_floor,7.708187712116343
heldout_swe_b4_l2_s3,4,fixed_3+3,3x4x512+3x4x512,port_tight,7.075498266666669,2.0592,2.47104,0.022528,7.0742016,3.1440896,7.0742016,port_floor,0.018329512501713552
heldout_swe_b8_l2_s3,8,fixed_3+3,3x4x512+3x4x512,port_tight,11.791567190476192,2.33376,3.98112,0.045056,11.397324800000002,4.7161344000000005,11.397324800000002,port_floor,3.459078313502051
heldout_swe_b16_l2_s3,16,fixed_3+3,3x4x512+3x4x512,port_tight,20.438166995238095,2.7456,6.864,0.090112,19.65056,9.432268800000001,19.65056,port_floor,4.008063868093803
heldout_swe_b2_l2_s7,2,fixed_3+3,3x4x512+3x4x512,port_tight,5.502968133333334,1.78464,1.78464,0.011264,5.109145600000001,1.5720448,5.109145600000001,port_floor,7.708187712116343
heldout_swe_b4_l2_s7,4,fixed_3+3,3x4x512+3x4x512,port_tight,7.8614526666666675,2.33376,2.7456,0.022528,7.860224,3.1440896,7.860224,port_floor,0.015631445957109413
heldout_swe_b8_l2_s7,8,fixed_3+3,3x4x512+3x4x512,port_tight,11.791675531292519,2.47104,4.1184,0.045056,11.790336,4.7161344000000005,11.790336,port_floor,0.011361264789377934
heldout_swe_b16_l2_s7,16,fixed_3+3,3x4x512+3x4x512,port_tight,18.866414464625848,3.02016,6.58944,0.090112,18.864537600000002,9.432268800000001,18.864537600000002,port_floor,0.009949168464351565
heldout_swe_b2_l2_s11,2,fixed_3+3,3x4x512+3x4x512,port_tight,5.502968133333334,1.78464,1.78464,0.011264,5.109145600000001,1.5720448,5.109145600000001,port_floor,7.708187712116343
heldout_swe_b4_l2_s11,4,fixed_3+3,3x4x512+3x4x512,port_tight,9.433545395238097,2.88288,3.15744,0.022528,9.0392576,3.1440896,9.0392576,port_floor,4.361948875514932
heldout_swe_b8_l2_s11,8,fixed_3+3,3x4x512+3x4x512,port_tight,11.792063333333337,2.60832,4.1184,0.045056,11.790336,4.7161344000000005,11.790336,port_floor,0.014650416521932996
heldout_swe_b16_l2_s11,16,fixed_3+3,3x4x512+3x4x512,port_tight,22.0112637952381,3.84384,7.41312,0.090112,21.2226048,9.432268800000001,21.2226048,port_floor,3.7161272269372825
heldout_swe_b2_l13_s3,2,fixed_3+3,3x4x512+3x4x512,port_tight,5.503172133333334,1.92192,1.92192,0.011264,5.502156800000001,1.5720448,5.502156800000001,port_floor,0.018453369655579976
heldout_swe_b4_l13_s3,4,fixed_3+3,3x4x512+3x4x512,port_tight,8.64740706666667,2.60832,2.88288,0.022528,8.2532352,3.1440896,8.2532352,port_floor,4.775967933964487
heldout_swe_b8_l13_s3,8,fixed_3+3,3x4x512+3x4x512,port_tight,12.57764600272109,2.7456,4.1184,0.045056,11.790336,4.7161344000000005,11.790336,port_floor,6.677587498109383
heldout_swe_b16_l13_s3,16,fixed_3+3,3x4x512+3x4x512,port_tight,20.437982907424686,2.88288,6.72672,0.090112,19.257548800000002,9.432268800000001,19.257548800000002,port_floor,6.129721490954676
heldout_swe_b2_l13_s7,2,fixed_3+3,3x4x512+3x4x512,port_tight,5.503172133333334,1.92192,1.92192,0.011264,5.502156800000001,1.5720448,5.502156800000001,port_floor,0.018453369655579976
heldout_swe_b4_l13_s7,4,fixed_3+3,3x4x512+3x4x512,port_tight,9.433561466666673,2.88288,3.15744,0.022528,9.0392576,3.1440896,9.0392576,port_floor,4.362126671405764
heldout_swe_b8_l13_s7,8,fixed_3+3,3x4x512+3x4x512,port_tight,11.791795333333338,2.88288,4.1184,0.045056,11.790336,4.7161344000000005,11.790336,port_floor,0.012377368493465823
heldout_swe_b16_l13_s7,16,fixed_3+3,3x4x512+3x4x512,port_tight,19.652028507424685,3.02016,6.72672,0.090112,19.257548800000002,9.432268800000001,19.257548800000002,port_floor,2.0484419461769043
heldout_swe_b2_l13_s11,2,fixed_3+3,3x4x512+3x4x512,port_tight,4.717017733333333,1.64736,1.64736,0.011264,4.7161344000000005,1.5720448,4.7161344000000005,port_floor,0.018730028841695834
heldout_swe_b4_l13_s11,4,fixed_3+3,3x4x512+3x4x512,port_tight,9.434029466666672,3.02016,3.29472,0.022528,9.432268800000001,3.1440896,9.432268800000001,port_floor,0.018666417423052195
heldout_swe_b8_l13_s11,8,fixed_3+3,3x4x512+3x4x512,port_tight,11.79166333333334,2.60832,3.98112,0.045056,11.397324800000002,4.7161344000000005,11.397324800000002,port_floor,3.4599218698526446
heldout_swe_b16_l13_s11,16,fixed_3+3,3x4x512+3x4x512,port_tight,22.010240064625854,3.84384,7.5504,0.090112,21.615616,9.432268800000001,21.615616,port_floor,1.8256433896024715
heldout_swe_b2_l26_s3,2,fixed_3+3,3x4x512+3x4x512,port_tight,4.717017733333333,1.64736,1.64736,0.011264,4.7161344000000005,1.5720448,4.7161344000000005,port_floor,0.018730028841695834
heldout_swe_b4_l26_s3,4,fixed_3+3,3x4x512+3x4x512,port_tight,8.647407066666672,2.60832,2.88288,0.022528,8.2532352,3.1440896,8.2532352,port_floor,4.775967933964509
heldout_swe_b8_l26_s3,8,fixed_3+3,3x4x512+3x4x512,port_tight,14.149914461904766,3.15744,4.8048,0.045056,13.755392,4.7161344000000005,13.755392,port_floor,2.8681295444344057
heldout_swe_b16_l26_s3,16,fixed_3+3,3x4x512+3x4x512,port_tight,20.43938326462584,3.84384,7.13856,0.090112,20.436582400000002,9.432268800000001,20.436582400000002,port_floor,0.013705151727516629
heldout_swe_b2_l26_s7,2,fixed_3+3,3x4x512+3x4x512,port_tight,5.503172133333334,1.92192,1.92192,0.011264,5.502156800000001,1.5720448,5.502156800000001,port_floor,0.018453369655579976
heldout_swe_b4_l26_s7,4,fixed_3+3,3x4x512+3x4x512,port_tight,7.86172066666667,2.47104,2.7456,0.022528,7.860224,3.1440896,7.860224,port_floor,0.019041017999876786
heldout_swe_b8_l26_s7,8,fixed_3+3,3x4x512+3x4x512,port_tight,12.577961931292519,3.02016,4.25568,0.045056,12.183347200000002,4.7161344000000005,12.183347200000002,port_floor,3.23896811618829
heldout_swe_b16_l26_s7,16,fixed_3+3,3x4x512+3x4x512,port_tight,20.43867876456755,3.15744,7.13856,0.090112,20.436582400000002,9.432268800000001,20.436582400000002,port_floor,0.010257901866927988
heldout_swe_b2_l26_s11,2,fixed_3+3,3x4x512+3x4x512,port_tight,5.503172133333334,1.92192,1.92192,0.011264,5.502156800000001,1.5720448,5.502156800000001,port_floor,0.018453369655579976
heldout_swe_b4_l26_s11,4,fixed_3+3,3x4x512+3x4x512,port_tight,11.005870266666673,3.432,3.70656,0.022528,10.6113024,3.1440896,10.6113024,port_floor,3.7183735963143727
heldout_swe_b8_l26_s11,8,fixed_3+3,3x4x512+3x4x512,port_tight,12.577869661904765,2.60832,4.25568,0.045056,12.183347200000002,4.7161344000000005,12.183347200000002,port_floor,3.238210775974304
heldout_swe_b16_l26_s11,16,fixed_3+3,3x4x512+3x4x512,port_tight,22.011599795238098,4.1184,7.68768,0.090112,22.008627200000003,9.432268800000001,22.008627200000003,port_floor,0.01350650002420739
v3_captured_mixed_heldout_bfcl_t64_l2,64,fixed_3+3,3x4x512+3x4x512,port_tight,92.75661122482106,8.64864,26.63232,0.360448,76.2441728,34.5849856,76.2441728,port_floor,21.657312052077327
v3_captured_mixed_heldout_bfcl_t96_l2,96,fixed_3+3,3x4x512+3x4x512,port_tight,135.2032423516928,8.78592,38.30112,0.540672,109.65012480000001,53.4495232,109.65012480000001,port_floor,23.304230248986247
v3_captured_mixed_heldout_bfcl_t128_l2,128,fixed_3+3,3x4x512+3x4x512,port_tight,180.00803049402882,9.06048,50.93088,0.720896,145.8071552,70.742016,145.8071552,port_floor,23.456239336894203
v3_captured_mixed_heldout_bfcl_t64_l13,64,fixed_3+3,3x4x512+3x4x512,port_tight,92.75650026011017,7.96224,26.49504,0.360448,75.85116160000001,34.5849856,75.85116160000001,port_floor,22.287514526488362
v3_captured_mixed_heldout_bfcl_t96_l13,96,fixed_3+3,3x4x512+3x4x512,port_tight,136.77505482973618,8.64864,38.4384,0.540672,110.043136,53.4495232,110.043136,port_floor,24.29221830767907
v3_captured_mixed_heldout_bfcl_t128_l13,128,fixed_3+3,3x4x512+3x4x512,port_tight,179.2219860850262,8.78592,50.51904,0.720896,144.6281216,70.742016,144.6281216,port_floor,23.919182592098466
v3_captured_mixed_heldout_bfcl_t64_l26,64,fixed_3+3,3x4x512+3x4x512,port_tight,91.18444993920174,8.51136,26.35776,0.360448,75.45815040000001,34.5849856,75.45815040000001,port_floor,20.84108801479678
v3_captured_mixed_heldout_bfcl_t96_l26,96,fixed_3+3,3x4x512+3x4x512,port_tight,135.98900193425982,8.9232,38.4384,0.540672,110.043136,53.4495232,110.043136,port_floor,23.5779048811003
v3_captured_mixed_heldout_bfcl_t128_l26,128,fixed_3+3,3x4x512+3x4x512,port_tight,180.00785286492044,9.06048,50.65632,0.720896,145.0211328,70.742016,145.0211328,port_floor,24.12525636051328
v3_captured_mixed_heldout_gpqa_t64_l2,64,fixed_3+3,3x4x512+3x4x512,port_tight,92.75668606297226,8.9232,26.49504,0.360448,75.85116160000001,34.5849856,75.85116160000001,port_floor,22.28775948366262
v3_captured_mixed_heldout_gpqa_t96_l2,96,fixed_3+3,3x4x512+3x4x512,port_tight,136.7749835803226,9.06048,38.85024,0.540672,111.22216960000002,53.4495232,111.22216960000002,port_floor,22.974568894152036
v3_captured_mixed_heldout_gpqa_t128_l2,128,fixed_3+3,3x4x512+3x4x512,port_tight,178.43598715857897,9.06048,50.51904,0.720896,144.6281216,70.742016,144.6281216,port_floor,23.37572056151145
v3_captured_mixed_heldout_gpqa_t64_l13,64,fixed_3+3,3x4x512+3x4x512,port_tight,90.39798097229682,7.96224,26.22048,0.360448,75.0651392,34.5849856,75.0651392,port_floor,20.426048543578545
v3_captured_mixed_heldout_gpqa_t96_l13,96,fixed_3+3,3x4x512+3x4x512,port_tight,134.4168881916619,8.37408,38.71296,0.540672,110.82915840000001,53.4495232,110.82915840000001,port_floor,21.282963916887333
v3_captured_mixed_heldout_gpqa_t128_l13,128,fixed_3+3,3x4x512+3x4x512,port_tight,174.50536998882248,8.51136,49.83264,0.720896,142.66306559999998,70.742016,142.66306559999998,port_floor,22.319935615362585
v3_captured_mixed_heldout_gpqa_t64_l26,64,fixed_3+3,3x4x512+3x4x512,port_tight,92.75674760328475,8.9232,26.63232,0.360448,76.2441728,34.5849856,76.2441728,port_floor,21.6574909227486
v3_captured_mixed_heldout_gpqa_t96_l26,96,fixed_3+3,3x4x512+3x4x512,port_tight,137.56133736303204,9.06048,38.85024,0.540672,111.22216960000002,53.4495232,111.22216960000002,port_floor,23.681580621703713
v3_captured_mixed_heldout_gpqa_t128_l26,128,fixed_3+3,3x4x512+3x4x512,port_tight,178.4357697559975,9.06048,49.96992,0.720896,143.0560768,70.742016,143.0560768,port_floor,24.731345740356204
v3_captured_mixed_heldout_swe_t64_l2,64,fixed_3+3,3x4x512+3x4x512,port_tight,92.75662031957461,8.78592,26.63232,0.360448,76.2441728,34.5849856,76.2441728,port_floor,21.65732398053457
v3_captured_mixed_heldout_swe_t96_l2,96,fixed_3+3,3x4x512+3x4x512,port_tight,135.20313704483252,8.9232,38.57568,0.540672,110.43614720000001,53.4495232,110.43614720000001,port_floor,22.426524713850693
v3_captured_mixed_heldout_swe_t128_l2,128,fixed_3+3,3x4x512+3x4x512,port_tight,179.22185701280316,9.06048,50.7936,0.720896,145.414144,70.742016,145.414144,port_floor,23.249260410873895
v3_captured_mixed_heldout_swe_t64_l13,64,fixed_3+3,3x4x512+3x4x512,port_tight,91.18349436783147,7.41312,26.0832,0.360448,74.672128,34.5849856,74.672128,port_floor,22.111819778099083
v3_captured_mixed_heldout_swe_t96_l13,96,fixed_3+3,3x4x512+3x4x512,port_tight,135.98850884198117,8.2368,38.57568,0.540672,110.43614720000001,53.4495232,110.43614720000001,port_floor,23.137679364805997
v3_captured_mixed_heldout_swe_t128_l13,128,fixed_3+3,3x4x512+3x4x512,port_tight,179.2218193434424,8.78592,50.7936,0.720896,145.414144,70.742016,145.414144,port_floor,23.249234505993034
v3_captured_mixed_heldout_swe_t64_l26,64,fixed_3+3,3x4x512+3x4x512,port_tight,93.54211940371167,8.37408,27.04416,0.360448,77.42320640000001,34.5849856,77.42320640000001,port_floor,20.819226887136068
v3_captured_mixed_heldout_swe_t96_l26,96,fixed_3+3,3x4x512+3x4x512,port_tight,137.56100376985265,8.51136,39.26208,0.540672,112.4012032,53.4495232,112.4012032,port_floor,22.383924596505246
v3_captured_mixed_heldout_swe_t128_l26,128,fixed_3+3,3x4x512+3x4x512,port_tight,178.4360014909411,9.06048,50.24448,0.720896,143.8420992,70.742016,143.8420992,port_floor,24.04991479082994
heldout_bfcl_b2_l2_s3,2,fixed_4+2,4x4x512+2x4x512,port_tight,5.71727787878788,1.92192,1.92192,0.011264,5.502156800000001,1.197748419047619,5.502156800000001,port_floor,3.9097591473198134
heldout_bfcl_b4_l2_s3,4,fixed_4+2,4x4x512+2x4x512,port_tight,8.385603942762181,2.7456,2.88288,0.022528,7.860224,1.197748419047619,7.860224,port_floor,6.684032703930343
heldout_bfcl_b8_l2_s3,8,fixed_4+2,4x4x512+2x4x512,port_tight,12.577689733333335,3.70656,4.25568,0.045056,11.397324800000002,2.395496838095238,11.397324800000002,port_floor,10.356508689945665
heldout_bfcl_b16_l2_s3,16,fixed_4+2,4x4x512+2x4x512,port_tight,21.72481373735313,4.94208,7.5504,0.090112,19.65056,4.790993676190476,19.65056,port_floor,10.555697839415924
heldout_bfcl_b2_l2_s7,2,fixed_4+2,4x4x512+2x4x512,port_tight,5.71727787878788,1.92192,1.92192,0.011264,5.502156800000001,1.197748419047619,5.502156800000001,port_floor,3.9097591473198134
heldout_bfcl_b4_l2_s7,4,fixed_4+2,4x4x512+2x4x512,port_tight,9.147539139393944,3.02016,3.02016,0.022528,8.6462464,1.197748419047619,8.6462464,port_floor,5.7978076983087545
heldout_bfcl_b8_l2_s7,8,fixed_4+2,4x4x512+2x4x512,port_tight,13.77636654829932,4.1184,4.8048,0.045056,12.5763584,2.395496838095238,12.5763584,port_floor,9.541777596759005
heldout_bfcl_b16_l2_s7,16,fixed_4+2,4x4x512+2x4x512,port_tight,24.01196442696352,6.1776,8.2368,0.090112,22.008627200000003,4.790993676190476,22.008627200000003,port_floor,9.102508796929953
heldout_bfcl_b2_l2_s11,2,fixed_4+2,4x4x512+2x4x512,port_tight,4.5737725696969695,1.3728,1.3728,0.011264,3.930112,1.197748419047619,3.930112,port_floor,16.377664801842016
heldout_bfcl_b4_l2_s11,4,fixed_4+2,4x4x512+2x4x512,port_tight,9.147607139393944,3.02016,3.02016,0.022528,8.6462464,1.197748419047619,8.6462464,port_floor,5.798594166758231
heldout_bfcl_b8_l2_s11,8,fixed_4+2,4x4x512+2x4x512,port_tight,13.72132704242424,4.25568,4.66752,0.045056,12.969369600000002,2.395496838095238,12.969369600000002,port_floor,5.797949057016916
heldout_bfcl_b16_l2_s11,16,fixed_4+2,4x4x512+2x4x512,port_tight,24.55774654386869,7.00128,8.51136,0.090112,22.794649600000003,4.790993676190476,22.794649600000003,port_floor,7.734696408181185
heldout_bfcl_b2_l13_s3,2,fixed_4+2,4x4x512+2x4x512,port_tight,4.791761278911564,1.64736,1.64736,0.011264,4.7161344000000005,1.197748419047619,4.7161344000000005,port_floor,1.6035776866656803
heldout_bfcl_b4_l13_s3,4,fixed_4+2,4x4x512+2x4x512,port_tight,9.583461386763148,3.29472,3.29472,0.022528,9.432268800000001,1.197748419047619,9.432268800000001,port_floor,1.6029291570141435
heldout_bfcl_b8_l13_s3,8,fixed_4+2,4x4x512+2x4x512,port_tight,13.776094191098162,3.98112,4.8048,0.045056,13.3623808,2.395496838095238,13.3623808,port_floor,3.09610538189542
heldout_bfcl_b16_l13_s3,16,fixed_4+2,4x4x512+2x4x512,port_tight,24.011132086147178,5.4912,8.2368,0.090112,20.829593600000003,4.790993676190476,20.829593600000003,port_floor,15.274126549195731
heldout_bfcl_b2_l13_s7,2,fixed_4+2,4x4x512+2x4x512,port_tight,5.71727787878788,1.92192,1.92192,0.011264,5.502156800000001,1.197748419047619,5.502156800000001,port_floor,3.9097591473198134
heldout_bfcl_b4_l13_s7,4,fixed_4+2,4x4x512+2x4x512,port_tight,9.14759106796537,3.02016,3.02016,0.022528,8.6462464,1.197748419047619,8.6462464,port_floor,5.79840828923599
heldout_bfcl_b8_l13_s7,8,fixed_4+2,4x4x512+2x4x512,port_tight,13.721527042424247,4.39296,4.66752,0.045056,13.3623808,2.395496838095238,13.3623808,port_floor,2.687741412250766
heldout_bfcl_b16_l13_s7,16,fixed_4+2,4x4x512+2x4x512,port_tight,22.8679991178726,5.4912,7.96224,0.090112,20.436582400000002,4.790993676190476,20.436582400000002,port_floor,11.897374376415293
heldout_bfcl_b2_l13_s11,2,fixed_4+2,4x4x512+2x4x512,port_tight,3.59392459047619,1.23552,1.23552,0.011264,3.5371008,1.197748419047619,3.5371008,port_floor,1.6065075237943427
heldout_bfcl_b4_l13_s11,4,fixed_4+2,4x4x512+2x4x512,port_tight,8.385663797959186,2.88288,2.88288,0.022528,8.2532352,1.197748419047619,8.2532352,port_floor,1.604565903552424
heldout_bfcl_b8_l13_s11,8,fixed_4+2,4x4x512+2x4x512,port_tight,14.86435228008658,3.70656,4.53024,0.045056,11.790336,2.395496838095238,11.790336,port_floor,26.072338227566895
heldout_bfcl_b16_l13_s11,16,fixed_4+2,4x4x512+2x4x512,port_tight,24.557344686179203,6.45216,8.51136,0.090112,22.401638400000003,4.790993676190476,22.401638400000003,port_floor,9.622984924974066
heldout_bfcl_b2_l26_s3,2,fixed_4+2,4x4x512+2x4x512,port_tight,5.71727787878788,1.78464,1.78464,0.011264,5.109145600000001,1.197748419047619,5.109145600000001,port_floor,11.902817543267496
heldout_bfcl_b4_l26_s3,4,fixed_4+2,4x4x512+2x4x512,port_tight,9.583496626776867,3.29472,3.29472,0.022528,9.432268800000001,1.197748419047619,9.432268800000001,port_floor,1.6033027682254453
heldout_bfcl_b8_l26_s3,8,fixed_4+2,4x4x512+2x4x512,port_tight,13.72132704242424,4.25568,4.66752,0.045056,12.969369600000002,2.395496838095238,12.969369600000002,port_floor,5.797949057016916
heldout_bfcl_b16_l26_s3,16,fixed_4+2,4x4x512+2x4x512,port_tight,24.557463043926937,6.31488,8.51136,0.090112,22.401638400000003,4.790993676190476,22.401638400000003,port_floor,9.623513269131845
heldout_bfcl_b2_l26_s7,2,fixed_4+2,4x4x512+2x4x512,port_tight,4.791829278911566,1.64736,1.64736,0.011264,4.7161344000000005,1.197748419047619,4.7161344000000005,port_floor,1.6050195454897276
heldout_bfcl_b4_l26_s7,4,fixed_4+2,4x4x512+2x4x512,port_tight,9.58356371694849,3.29472,3.29472,0.022528,9.432268800000001,1.197748419047619,9.432268800000001,port_floor,1.6040140517251888
heldout_bfcl_b8_l26_s7,8,fixed_4+2,4x4x512+2x4x512,port_tight,14.97420732838151,4.66752,5.21664,0.045056,14.1484032,2.395496838095238,14.1484032,port_floor,5.836730242332289
heldout_bfcl_b16_l26_s7,16,fixed_4+2,4x4x512+2x4x512,port_tight,22.867822617814298,5.76576,7.96224,0.090112,20.0435712,4.790993676190476,20.0435712,port_floor,14.090559958767734
heldout_bfcl_b2_l26_s11,2,fixed_4+2,4x4x512+2x4x512,port_tight,4.573704569696971,1.3728,1.3728,0.011264,3.930112,1.197748419047619,3.930112,port_floor,16.375934571253193
heldout_bfcl_b4_l26_s11,4,fixed_4+2,4x4x512+2x4x512,port_tight,9.147675139393945,3.02016,3.02016,0.022528,8.6462464,1.197748419047619,8.6462464,port_floor,5.799380635207707
heldout_bfcl_b8_l26_s11,8,fixed_4+2,4x4x512+2x4x512,port_tight,14.864964351515155,4.53024,4.94208,0.045056,14.1484032,2.395496838095238,14.1484032,port_floor,5.064607937630394
heldout_bfcl_b16_l26_s11,16,fixed_4+2,4x4x512+2x4x512,port_tight,24.011800284106368,6.58944,8.37408,0.090112,22.008627200000003,4.790993676190476,22.008627200000003,port_floor,9.101762985500361
heldout_gpqa_b2_l2_s3,2,fixed_4+2,4x4x512+2x4x512,port_tight,5.71727787878788,1.78464,1.78464,0.011264,5.109145600000001,1.197748419047619,5.109145600000001,port_floor,11.902817543267496
heldout_gpqa_b4_l2_s3,4,fixed_4+2,4x4x512+2x4x512,port_tight,8.00402175887446,2.47104,2.60832,0.022528,7.0742016,1.197748419047619,7.0742016,port_floor,13.143817655330302
heldout_gpqa_b8_l2_s3,8,fixed_4+2,4x4x512+2x4x512,port_tight,12.578218541496597,3.15744,4.39296,0.045056,11.004313600000001,2.395496838095238,11.004313600000001,port_floor,14.30261803422792
heldout_gpqa_b16_l2_s3,16,fixed_4+2,4x4x512+2x4x512,port_tight,21.724277539393935,3.84384,7.13856,0.090112,18.0785152,4.790993676190476,18.0785152,port_floor,20.166270841722312
heldout_gpqa_b2_l2_s7,2,fixed_4+2,4x4x512+2x4x512,port_tight,5.71727787878788,1.92192,1.92192,0.011264,5.502156800000001,1.197748419047619,5.502156800000001,port_floor,3.9097591473198134
heldout_gpqa_b4_l2_s7,4,fixed_4+2,4x4x512+2x4x512,port_tight,9.583524702626127,3.29472,3.29472,0.022528,9.432268800000001,1.197748419047619,9.432268800000001,port_floor,1.6036004256592573
heldout_gpqa_b8_l2_s7,8,fixed_4+2,4x4x512+2x4x512,port_tight,14.974402626530608,4.66752,5.21664,0.045056,14.1484032,2.395496838095238,14.1484032,port_floor,5.8381105970361835
heldout_gpqa_b16_l2_s7,16,fixed_4+2,4x4x512+2x4x512,port_tight,26.29809497371676,6.45216,8.9232,0.090112,23.1876608,4.790993676190476,23.1876608,port_floor,13.414178344875394
heldout_gpqa_b2_l2_s11,2,fixed_4+2,4x4x512+2x4x512,port_tight,4.57377256969697,1.51008,1.51008,0.011264,4.3231232,1.197748419047619,4.3231232,port_floor,5.797877092583659
heldout_gpqa_b4_l2_s11,4,fixed_4+2,4x4x512+2x4x512,port_tight,9.147607139393942,3.15744,3.15744,0.022528,9.0392576,1.197748419047619,9.0392576,port_floor,1.1986552899426517
heldout_gpqa_b8_l2_s11,8,fixed_4+2,4x4x512+2x4x512,port_tight,17.1514228982684,5.21664,5.76576,0.045056,15.720448,2.395496838095238,15.720448,port_floor,9.102634341390292
heldout_gpqa_b16_l2_s11,16,fixed_4+2,4x4x512+2x4x512,port_tight,24.557859655007082,6.864,8.51136,0.090112,22.401638400000003,4.790993676190476,22.401638400000003,port_floor,9.625283724814881
heldout_gpqa_b2_l13_s3,2,fixed_4+2,4x4x512+2x4x512,port_tight,5.717277878787881,1.78464,1.78464,0.011264,5.109145600000001,1.197748419047619,5.109145600000001,port_floor,11.902817543267519
heldout_gpqa_b4_l13_s3,4,fixed_4+2,4x4x512+2x4x512,port_tight,8.004105830303034,2.60832,2.7456,0.022528,7.4672128,1.197748419047619,7.4672128,port_floor,7.190005758280149
heldout_gpqa_b8_l13_s3,8,fixed_4+2,4x4x512+2x4x512,port_tight,12.578486076095519,3.84384,4.39296,0.045056,11.790336,2.395496838095238,11.790336,port_floor,6.6847125993315215
heldout_gpqa_b16_l13_s3,16,fixed_4+2,4x4x512+2x4x512,port_tight,21.724349737353123,4.39296,7.41312,0.090112,18.471526400000002,4.790993676190476,18.471526400000002,port_floor,17.60993253569516
heldout_gpqa_b2_l13_s7,2,fixed_4+2,4x4x512+2x4x512,port_tight,5.717277878787881,1.78464,1.78464,0.011264,5.109145600000001,1.197748419047619,5.109145600000001,port_floor,11.902817543267519
heldout_gpqa_b4_l13_s7,4,fixed_4+2,4x4x512+2x4x512,port_tight,9.14759106796537,3.15744,3.15744,0.022528,9.0392576,1.197748419047619,9.0392576,port_floor,1.1984774940518417
heldout_gpqa_b8_l13_s7,8,fixed_4+2,4x4x512+2x4x512,port_tight,16.00800166060606,4.8048,5.35392,0.045056,14.5414144,2.395496838095238,14.5414144,port_floor,10.08558878980892
heldout_gpqa_b16_l13_s7,16,fixed_4+2,4x4x512+2x4x512,port_tight,24.01176842696352,6.04032,8.37408,0.090112,22.008627200000003,4.790993676190476,22.008627200000003,port_floor,9.101618237068031
heldout_gpqa_b2_l13_s11,2,fixed_4+2,4x4x512+2x4x512,port_tight,3.5939245904761905,1.23552,1.23552,0.011264,3.5371008,1.197748419047619,3.5371008,port_floor,1.606507523794365
heldout_gpqa_b4_l13_s11,4,fixed_4+2,4x4x512+2x4x512,port_tight,9.583461386763146,3.29472,3.29472,0.022528,9.432268800000001,1.197748419047619,9.432268800000001,port_floor,1.6029291570141213
heldout_gpqa_b8_l13_s11,8,fixed_4+2,4x4x512+2x4x512,port_tight,13.72131097099568,4.1184,4.66752,0.045056,12.969369600000002,2.395496838095238,12.969369600000002,port_floor,5.797825138668866
heldout_gpqa_b16_l13_s11,16,fixed_4+2,4x4x512+2x4x512,port_tight,23.35949514620021,6.1776,8.09952,0.090112,22.008627200000003,4.790993676190476,22.008627200000003,port_floor,6.137901896035602
heldout_gpqa_b2_l26_s3,2,fixed_4+2,4x4x512+2x4x512,port_tight,5.71727787878788,1.92192,1.92192,0.011264,5.502156800000001,1.197748419047619,5.502156800000001,port_floor,3.9097591473198134
heldout_gpqa_b4_l26_s3,4,fixed_4+2,4x4x512+2x4x512,port_tight,7.187695719727894,2.33376,2.47104,0.022528,6.6811904,1.197748419047619,6.6811904,port_floor,7.581063993145509
heldout_gpqa_b8_l26_s3,8,fixed_4+2,4x4x512+2x4x512,port_tight,13.720863042424249,3.432,4.39296,0.045056,11.397324800000002,2.395496838095238,11.397324800000002,port_floor,20.386698485808253
heldout_gpqa_b16_l26_s3,16,fixed_4+2,4x4x512+2x4x512,port_tight,22.86757868924288,4.66752,7.96224,0.090112,19.65056,4.790993676190476,19.65056,port_floor,16.371129826543786
heldout_gpqa_b2_l26_s7,2,fixed_4+2,4x4x512+2x4x512,port_tight,5.71727787878788,1.92192,1.92192,0.011264,5.502156800000001,1.197748419047619,5.502156800000001,port_floor,3.9097591473198134
heldout_gpqa_b4_l26_s7,4,fixed_4+2,4x4x512+2x4x512,port_tight,9.14760713939394,3.15744,3.15744,0.022528,9.0392576,1.197748419047619,9.0392576,port_floor,1.1986552899426295
heldout_gpqa_b8_l26_s7,8,fixed_4+2,4x4x512+2x4x512,port_tight,14.864764351515149,4.66752,5.07936,0.045056,14.1484032,2.395496838095238,14.1484032,port_floor,5.0631943505479615
heldout_gpqa_b16_l26_s7,16,fixed_4+2,4x4x512+2x4x512,port_tight,25.156178345729472,6.31488,8.78592,0.090112,23.1876608,4.790993676190476,23.1876608,port_floor,8.48950466676428
heldout_gpqa_b2_l26_s11,2,fixed_4+2,4x4x512+2x4x512,port_tight,5.717209878787882,1.78464,1.78464,0.011264,5.109145600000001,1.197748419047619,5.109145600000001,port_floor,11.901486596660726
heldout_gpqa_b4_l26_s11,4,fixed_4+2,4x4x512+2x4x512,port_tight,10.29111244848485,3.432,3.432,0.022528,9.82528,1.197748419047619,9.82528,port_floor,4.741162068509497
heldout_gpqa_b8_l26_s11,8,fixed_4+2,4x4x512+2x4x512,port_tight,16.007853589177486,4.66752,5.35392,0.045056,14.1484032,2.395496838095238,14.1484032,port_floor,13.142475252454533
heldout_gpqa_b16_l26_s11,16,fixed_4+2,4x4x512+2x4x512,port_tight,24.55783585102042,6.864,8.51136,0.090112,23.1876608,4.790993676190476,23.1876608,port_floor,5.909069754118623
heldout_swe_b2_l2_s3,2,fixed_4+2,4x4x512+2x4x512,port_tight,5.717277878787881,1.78464,1.78464,0.011264,5.109145600000001,1.197748419047619,5.109145600000001,port_floor,11.902817543267519
heldout_swe_b4_l2_s3,4,fixed_4+2,4x4x512+2x4x512,port_tight,8.00390583030303,2.0592,2.33376,0.022528,5.895168,1.197748419047619,5.895168,port_floor,35.77061468482374
heldout_swe_b8_l2_s3,8,fixed_4+2,4x4x512+2x4x512,port_tight,10.290539043722944,2.33376,3.432,0.045056,8.6462464,2.395496838095238,8.6462464,port_floor,19.0174159705065
heldout_swe_b16_l2_s3,16,fixed_4+2,4x4x512+2x4x512,port_tight,18.294017540692646,2.7456,6.31488,0.090112,15.720448,4.790993676190476,15.720448,port_floor,16.370840962628087
heldout_swe_b2_l2_s7,2,fixed_4+2,4x4x512+2x4x512,port_tight,5.717209878787882,1.78464,1.78464,0.011264,5.109145600000001,1.197748419047619,5.109145600000001,port_floor,11.901486596660726
heldout_swe_b4_l2_s7,4,fixed_4+2,4x4x512+2x4x512,port_tight,7.187759109523814,2.33376,2.47104,0.022528,6.6811904,1.197748419047619,6.6811904,port_floor,7.582012773110214
heldout_swe_b8_l2_s7,8,fixed_4+2,4x4x512+2x4x512,port_tight,10.290539043722948,2.47104,3.432,0.045056,8.2532352,2.395496838095238,8.2532352,port_floor,24.684911969102096
heldout_swe_b16_l2_s7,16,fixed_4+2,4x4x512+2x4x512,port_tight,20.58095615887446,3.02016,6.72672,0.090112,16.5064704,4.790993676190476,16.5064704,port_floor,24.684173297729718
heldout_swe_b2_l2_s11,2,fixed_4+2,4x4x512+2x4x512,port_tight,5.71727787878788,1.78464,1.78464,0.011264,5.109145600000001,1.197748419047619,5.109145600000001,port_floor,11.902817543267496
heldout_swe_b4_l2_s11,4,fixed_4+2,4x4x512+2x4x512,port_tight,9.147459067965373,2.88288,3.02016,0.022528,8.2532352,1.197748419047619,8.2532352,port_floor,10.834828358767389
heldout_swe_b8_l2_s11,8,fixed_4+2,4x4x512+2x4x512,port_tight,10.29087911515152,2.60832,3.432,0.045056,9.432268800000001,2.395496838095238,9.432268800000001,port_floor,9.102903377303239
heldout_swe_b16_l2_s11,16,fixed_4+2,4x4x512+2x4x512,port_tight,20.580824158874456,3.84384,7.13856,0.090112,17.685504,4.790993676190476,17.685504,port_floor,16.37114870390155
heldout_swe_b2_l13_s3,2,fixed_4+2,4x4x512+2x4x512,port_tight,5.71727787878788,1.92192,1.92192,0.011264,5.502156800000001,1.197748419047619,5.502156800000001,port_floor,3.9097591473198134
heldout_swe_b4_l13_s3,4,fixed_4+2,4x4x512+2x4x512,port_tight,8.00416983030303,2.60832,2.60832,0.022528,7.4672128,1.197748419047619,7.4672128,port_floor,7.1908628384479645
heldout_swe_b8_l13_s3,8,fixed_4+2,4x4x512+2x4x512,port_tight,11.433884693630182,2.7456,3.70656,0.045056,8.6462464,2.395496838095238,8.6462464,port_floor,32.24102303665764
heldout_swe_b16_l13_s3,16,fixed_4+2,4x4x512+2x4x512,port_tight,19.437363190599882,2.88288,6.1776,0.090112,15.327436800000001,4.790993676190476,15.327436800000001,port_floor,26.814179332319156
heldout_swe_b2_l13_s7,2,fixed_4+2,4x4x512+2x4x512,port_tight,5.71727787878788,1.92192,1.92192,0.011264,5.502156800000001,1.197748419047619,5.502156800000001,port_floor,3.9097591473198134
heldout_swe_b4_l13_s7,4,fixed_4+2,4x4x512+2x4x512,port_tight,8.385671385714287,2.88288,2.88288,0.022528,8.2532352,1.197748419047619,8.2532352,port_floor,1.6046578402889589
heldout_swe_b8_l13_s7,8,fixed_4+2,4x4x512+2x4x512,port_tight,11.434104352813854,2.88288,3.70656,0.045056,9.432268800000001,2.395496838095238,9.432268800000001,port_floor,21.2232665889871
heldout_swe_b16_l13_s7,16,fixed_4+2,4x4x512+2x4x512,port_tight,19.437427190599887,3.02016,6.45216,0.090112,15.720448,4.790993676190476,15.720448,port_floor,23.644231962090956
heldout_swe_b2_l13_s11,2,fixed_4+2,4x4x512+2x4x512,port_tight,4.791784938095238,1.64736,1.64736,0.011264,4.7161344000000005,1.197748419047619,4.7161344000000005,port_floor,1.60407935141198
heldout_swe_b4_l13_s11,4,fixed_4+2,4x4x512+2x4x512,port_tight,9.14753913939394,3.02016,3.02016,0.022528,8.6462464,1.197748419047619,8.6462464,port_floor,5.79780769830871
heldout_swe_b8_l13_s11,8,fixed_4+2,4x4x512+2x4x512,port_tight,11.433972352813852,2.60832,3.70656,0.045056,9.432268800000001,2.395496838095238,9.432268800000001,port_floor,21.221867137775497
heldout_swe_b16_l13_s11,16,fixed_4+2,4x4x512+2x4x512,port_tight,20.581128499690774,3.84384,7.00128,0.090112,18.0785152,4.790993676190476,18.0785152,port_floor,13.843024562607752
heldout_swe_b2_l26_s3,2,fixed_4+2,4x4x512+2x4x512,port_tight,4.791852938095239,1.64736,1.64736,0.011264,4.7161344000000005,1.197748419047619,4.7161344000000005,port_floor,1.6055212102360494
heldout_swe_b4_l26_s3,4,fixed_4+2,4x4x512+2x4x512,port_tight,8.00410183030303,2.60832,2.60832,0.022528,7.4672128,1.197748419047619,7.4672128,port_floor,7.189952190769633
heldout_swe_b8_l26_s3,8,fixed_4+2,4x4x512+2x4x512,port_tight,11.979228131538772,3.15744,4.1184,0.045056,10.6113024,2.395496838095238,10.6113024,port_floor,12.891214291836327
heldout_swe_b16_l26_s3,16,fixed_4+2,4x4x512+2x4x512,port_tight,20.963238683578506,3.84384,7.27584,0.090112,18.0785152,4.790993676190476,18.0785152,port_floor,15.956639423455021
heldout_swe_b2_l26_s7,2,fixed_4+2,4x4x512+2x4x512,port_tight,5.71727787878788,1.92192,1.92192,0.011264,5.502156800000001,1.197748419047619,5.502156800000001,port_floor,3.9097591473198134
heldout_swe_b4_l26_s7,4,fixed_4+2,4x4x512+2x4x512,port_tight,7.187719378911566,2.47104,2.47104,0.022528,7.0742016,1.197748419047619,7.0742016,port_floor,1.6046726589127092
heldout_swe_b8_l26_s7,8,fixed_4+2,4x4x512+2x4x512,port_tight,11.434040352813854,3.02016,3.98112,0.045056,9.82528,2.395496838095238,9.82528,port_floor,16.373684544500055
heldout_swe_b16_l26_s7,16,fixed_4+2,4x4x512+2x4x512,port_tight,19.43736319059988,3.15744,6.45216,0.090112,15.327436800000001,4.790993676190476,15.327436800000001,port_floor,26.81417933231913
heldout_swe_b2_l26_s11,2,fixed_4+2,4x4x512+2x4x512,port_tight,5.71727787878788,1.92192,1.92192,0.011264,5.502156800000001,1.197748419047619,5.502156800000001,port_floor,3.9097591473198134
heldout_swe_b4_l26_s11,4,fixed_4+2,4x4x512+2x4x512,port_tight,10.29111244848485,3.432,3.432,0.022528,9.82528,1.197748419047619,9.82528,port_floor,4.741162068509497
heldout_swe_b8_l26_s11,8,fixed_4+2,4x4x512+2x4x512,port_tight,10.290643384539273,2.60832,3.432,0.045056,8.6462464,2.395496838095238,8.6462464,port_floor,19.01862274638937
heldout_swe_b16_l26_s11,16,fixed_4+2,4x4x512+2x4x512,port_tight,21.724457467965376,4.1184,7.5504,0.090112,19.257548800000002,4.790993676190476,19.257548800000002,port_floor,12.810086546245048
v3_captured_mixed_heldout_bfcl_t64_l2,64,fixed_4+2,4x4x512+2x4x512,port_tight,74.86650201164251,8.64864,23.88672,0.360448,60.1307136,20.361723123809522,60.1307136,port_floor,24.50625899713672
v3_captured_mixed_heldout_bfcl_t96_l2,96,fixed_4+2,4x4x512+2x4x512,port_tight,107.20731260099491,8.78592,34.45728,0.540672,86.06945280000001,29.94371047619048,86.06945280000001,port_floor,24.55907306639098
v3_captured_mixed_heldout_bfcl_t128_l2,128,fixed_4+2,4x4x512+2x4x512,port_tight,137.75105262937808,9.06048,44.34144,0.720896,110.043136,39.52569782857143,110.043136,port_floor,25.179141231833025
v3_captured_mixed_heldout_bfcl_t64_l13,64,fixed_4+2,4x4x512+2x4x512,port_tight,74.86559493974026,7.96224,23.88672,0.360448,61.309747200000004,20.361723123809522,61.309747200000004,port_floor,22.110428372048887
v3_captured_mixed_heldout_bfcl_t96_l13,96,fixed_4+2,4x4x512+2x4x512,port_tight,106.00864735539427,8.64864,33.77088,0.540672,85.6764416,29.94371047619048,85.6764416,port_floor,23.731384468929974
v3_captured_mixed_heldout_bfcl_t128_l13,128,fixed_4+2,4x4x512+2x4x512,port_tight,138.94796289667434,8.78592,43.79232,0.720896,111.22216960000002,39.52569782857143,111.22216960000002,port_floor,24.928297475573014
v3_captured_mixed_heldout_bfcl_t64_l26,64,fixed_4+2,4x4x512+2x4x512,port_tight,75.4647727007366,8.51136,24.57312,0.360448,61.70275840000001,20.361723123809522,61.70275840000001,port_floor,22.303726215158303
v3_captured_mixed_heldout_bfcl_t96_l26,96,fixed_4+2,4x4x512+2x4x512,port_tight,104.81109189204825,8.9232,35.0064,0.540672,86.462464,29.94371047619048,86.462464,port_floor,21.221495482766084
v3_captured_mixed_heldout_bfcl_t128_l26,128,fixed_4+2,4x4x512+2x4x512,port_tight,138.3501920375167,9.06048,44.75328,0.720896,111.22216960000002,39.52569782857143,111.22216960000002,port_floor,24.39084090436292
v3_captured_mixed_heldout_gpqa_t64_l2,64,fixed_4+2,4x4x512+2x4x512,port_tight,74.86656048870148,8.9232,24.29856,0.360448,60.523724800000004,20.361723123809522,60.523724800000004,port_floor,23.69787341426395
v3_captured_mixed_heldout_gpqa_t96_l2,96,fixed_4+2,4x4x512+2x4x512,port_tight,105.41041626397174,9.06048,34.18272,0.540672,85.2834304,29.94371047619048,85.2834304,port_floor,23.600112905368942
v3_captured_mixed_heldout_gpqa_t128_l2,128,fixed_4+2,4x4x512+2x4x512,port_tight,251.53464070104883,9.06048,53.26464,0.720896,110.43614720000001,39.52569782857143,110.43614720000001,port_floor,127.76477365288672
v3_captured_mixed_heldout_gpqa_t64_l13,64,fixed_4+2,4x4x512+2x4x512,port_tight,73.06920865198519,7.96224,24.29856,0.360448,59.7377024,20.361723123809522,59.7377024,port_floor,22.316737531547904
v3_captured_mixed_heldout_gpqa_t96_l13,96,fixed_4+2,4x4x512+2x4x512,port_tight,190.9376437213874,8.37408,40.90944,0.540672,85.2834304,29.94371047619048,85.2834304,port_floor,123.8859797569627
v3_captured_mixed_heldout_gpqa_t128_l13,128,fixed_4+2,4x4x512+2x4x512,port_tight,252.6777852501534,8.51136,53.26464,0.720896,110.043136,39.52569782857143,110.043136,port_floor,129.61703422388234
v3_captured_mixed_heldout_gpqa_t64_l26,64,fixed_4+2,4x4x512+2x4x512,port_tight,74.26769616172267,8.9232,24.16128,0.360448,60.1307136,20.361723123809522,60.1307136,port_floor,23.510418745009986
v3_captured_mixed_heldout_gpqa_t96_l26,96,fixed_4+2,4x4x512+2x4x512,port_tight,108.40499103376318,9.06048,34.45728,0.540672,86.462464,29.94371047619048,86.462464,port_floor,25.37809590270661
v3_captured_mixed_heldout_gpqa_t128_l26,128,fixed_4+2,4x4x512+2x4x512,port_tight,137.75095748172063,9.06048,44.34144,0.720896,109.65012480000001,39.52569782857143,109.65012480000001,port_floor,25.62772521506571
v3_captured_mixed_heldout_swe_t64_l2,64,fixed_4+2,4x4x512+2x4x512,port_tight,130.341130013176,8.78592,28.41696,0.360448,60.523724800000004,20.361723123809522,60.523724800000004,port_floor,115.35543366487585
v3_captured_mixed_heldout_swe_t96_l2,96,fixed_4+2,4x4x512+2x4x512,port_tight,106.00913019345971,8.9232,33.49632,0.540672,84.10439680000002,29.94371047619048,84.10439680000002,port_floor,26.044694720953853
v3_captured_mixed_heldout_swe_t128_l2,128,fixed_4+2,4x4x512+2x4x512,port_tight,137.7506430109049,9.06048,44.616,0.720896,110.043136,39.52569782857143,110.043136,port_floor,25.178768997372902
v3_captured_mixed_heldout_swe_t64_l13,64,fixed_4+2,4x4x512+2x4x512,port_tight,71.87103356761567,7.41312,24.43584,0.360448,60.523724800000004,20.361723123809522,60.523724800000004,port_floor,18.748530109659846
v3_captured_mixed_heldout_swe_t96_l13,96,fixed_4+2,4x4x512+2x4x512,port_tight,192.08081776803076,8.2368,40.90944,0.540672,84.8904192,29.94371047619048,84.8904192,port_floor,126.26913564355533
v3_captured_mixed_heldout_swe_t128_l13,128,fixed_4+2,4x4x512+2x4x512,port_tight,253.82110972084465,8.78592,53.95104,0.720896,112.008192,39.52569782857143,112.008192,port_floor,126.6094159620438
v3_captured_mixed_heldout_swe_t64_l26,64,fixed_4+2,4x4x512+2x4x512,port_tight,74.86637808740227,8.37408,23.74944,0.360448,59.3446912,20.361723123809522,59.3446912,port_floor,26.155139699172047
v3_captured_mixed_heldout_swe_t96_l26,96,fixed_4+2,4x4x512+2x4x512,port_tight,107.80572174030142,8.51136,34.18272,0.540672,85.6764416,29.94371047619048,85.6764416,port_floor,25.8288973340151
v3_captured_mixed_heldout_swe_t128_l26,128,fixed_4+2,4x4x512+2x4x512,port_tight,140.74559644037922,9.06048,44.75328,0.720896,111.61518080000002,39.52569782857143,111.61518080000002,port_floor,26.098972766596273
heldout_bfcl_b2_l2_s3,2,previous_asym,1x2x64+5x19x128,port_tight,12.327542933333332,1.92192,1.92192,0.011264,5.3953616,0.7975390967741935,5.3953616,port_floor,128.4840914709652
heldout_bfcl_b4_l2_s3,4,previous_asym,1x2x64+5x19x128,port_tight,36.98252746666667,2.7456,3.02016,0.022528,7.7179064,0.7975390967741935,7.7179064,port_floor,379.1782324111455
heldout_bfcl_b8_l2_s3,8,previous_asym,1x2x64+5x19x128,port_tight,12.32779893333333,3.70656,3.70656,0.045056,10.430148800000001,0.7975390967741935,10.430148800000001,port_floor,18.193893200577627
heldout_bfcl_b16_l2_s3,16,previous_asym,1x2x64+5x19x128,port_tight,24.655593866666663,4.94208,4.94208,0.090112,13.9106144,0.7975390967741935,13.9106144,port_floor,77.24302577653697
heldout_bfcl_b2_l2_s7,2,previous_asym,1x2x64+5x19x128,port_tight,12.327542933333332,1.92192,1.92192,0.011264,5.3953616,0.7975390967741935,5.3953616,port_floor,128.4840914709652
heldout_bfcl_b4_l2_s7,4,previous_asym,1x2x64+5x19x128,port_tight,12.327628266666663,3.02016,3.02016,0.022528,8.4861296,0.7975390967741935,8.4861296,port_floor,45.26797076804794
heldout_bfcl_b8_l2_s7,8,previous_asym,1x2x64+5x19x128,port_tight,49.31014773333334,4.1184,4.53024,0.045056,11.583600800000001,0.7975390967741935,11.583600800000001,port_floor,325.6892876810234
heldout_bfcl_b16_l2_s7,16,previous_asym,1x2x64+5x19x128,port_tight,49.31048906666667,6.1776,6.58944,0.090112,17.3866112,0.7975390967741935,17.3866112,port_floor,183.61184649178023
heldout_bfcl_b2_l2_s11,2,previous_asym,1x2x64+5x19x128,port_tight,12.327542933333334,1.3728,1.3728,0.011264,3.863384,0.7975390967741935,3.863384,port_floor,219.0866590878187
heldout_bfcl_b4_l2_s11,4,previous_asym,1x2x64+5x19x128,port_tight,12.327628266666663,3.02016,3.02016,0.022528,8.4861296,0.7975390967741935,8.4861296,port_floor,45.26797076804794
heldout_bfcl_b8_l2_s11,8,previous_asym,1x2x64+5x19x128,port_tight,12.327798933333334,4.25568,4.25568,0.045056,11.9665952,0.7975390967741935,11.9665952,port_floor,3.018433625408612
heldout_bfcl_b16_l2_s11,16,previous_asym,1x2x64+5x19x128,port_tight,24.655589866666677,7.00128,7.13856,0.090112,19.7069216,0.7975390967741935,19.7069216,port_floor,25.111320616745523
heldout_bfcl_b2_l13_s3,2,previous_asym,1x2x64+5x19x128,port_tight,12.327542933333332,1.64736,1.64736,0.011264,4.6293728,0.7975390967741935,4.6293728,port_floor,166.28969983435624
heldout_bfcl_b4_l13_s3,4,previous_asym,1x2x64+5x19x128,port_tight,12.327628266666665,3.29472,3.29472,0.022528,9.2521184,0.7975390967741935,9.2521184,port_floor,33.241142554624716
heldout_bfcl_b8_l13_s3,8,previous_asym,1x2x64+5x19x128,port_tight,12.327798933333332,3.98112,3.98112,0.045056,11.193903200000001,0.7975390967741935,11.193903200000001,port_floor,10.12958315856556
heldout_bfcl_b16_l13_s3,16,previous_asym,1x2x64+5x19x128,port_tight,24.65558986666667,5.4912,5.62848,0.090112,15.4559984,0.7975390967741935,15.4559984,port_floor,59.52117248321318
heldout_bfcl_b2_l13_s7,2,previous_asym,1x2x64+5x19x128,port_tight,12.327542933333332,1.92192,1.92192,0.011264,5.3953616,0.7975390967741935,5.3953616,port_floor,128.4840914709652
heldout_bfcl_b4_l13_s7,4,previous_asym,1x2x64+5x19x128,port_tight,12.327628266666663,3.02016,3.02016,0.022528,8.4861296,0.7975390967741935,8.4861296,port_floor,45.26797076804794
heldout_bfcl_b8_l13_s7,8,previous_asym,1x2x64+5x19x128,port_tight,24.655248533333328,4.39296,4.53024,0.045056,12.349589600000002,0.7975390967741935,12.349589600000002,port_floor,99.64427427882563
heldout_bfcl_b16_l13_s7,16,previous_asym,1x2x64+5x19x128,port_tight,86.29284186666669,5.4912,6.1776,0.090112,15.464936,0.7975390967741935,15.464936,port_floor,457.9902940863557
heldout_bfcl_b2_l13_s11,2,previous_asym,1x2x64+5x19x128,port_tight,24.654992533333335,1.23552,1.3728,0.011264,3.4803896,0.7975390967741935,3.4803896,port_floor,608.397488986099
heldout_bfcl_b4_l13_s11,4,previous_asym,1x2x64+5x19x128,port_tight,12.327628266666665,2.88288,2.88288,0.022528,8.1031352,0.7975390967741935,8.1031352,port_floor,52.13405629300944
heldout_bfcl_b8_l13_s11,8,previous_asym,1x2x64+5x19x128,port_tight,12.327798933333332,3.70656,3.70656,0.045056,10.4279144,0.7975390967741935,10.4279144,port_floor,18.219218728275433
heldout_bfcl_b16_l13_s11,16,previous_asym,1x2x64+5x19x128,port_tight,49.31048906666667,6.45216,6.864,0.090112,18.1570688,0.7975390967741935,18.1570688,port_floor,171.57736532158023
heldout_bfcl_b2_l26_s3,2,previous_asym,1x2x64+5x19x128,port_tight,12.327542933333332,1.78464,1.78464,0.011264,5.0123672,0.7975390967741935,5.0123672,port_floor,145.9425345639747
heldout_bfcl_b4_l26_s3,4,previous_asym,1x2x64+5x19x128,port_tight,12.327628266666665,3.29472,3.29472,0.022528,9.2521184,0.7975390967741935,9.2521184,port_floor,33.241142554624716
heldout_bfcl_b8_l26_s3,8,previous_asym,1x2x64+5x19x128,port_tight,12.327798933333334,4.25568,4.25568,0.045056,11.968829600000001,0.7975390967741935,11.968829600000001,port_floor,2.9992016373374675
heldout_bfcl_b16_l26_s3,16,previous_asym,1x2x64+5x19x128,port_tight,36.98303946666667,6.31488,6.58944,0.090112,17.769605600000002,0.7975390967741935,17.769605600000002,port_floor,108.12526906430983
heldout_bfcl_b2_l26_s7,2,previous_asym,1x2x64+5x19x128,port_tight,24.65499253333333,1.64736,1.78464,0.011264,4.6293728,0.7975390967741935,4.6293728,port_floor,432.57738355686826
heldout_bfcl_b4_l26_s7,4,previous_asym,1x2x64+5x19x128,port_tight,12.327628266666665,3.29472,3.29472,0.022528,9.2521184,0.7975390967741935,9.2521184,port_floor,33.241142554624716
heldout_bfcl_b8_l26_s7,8,previous_asym,1x2x64+5x19x128,port_tight,24.655252533333332,4.66752,4.66752,0.045056,13.120047200000002,0.7975390967741935,13.120047200000002,port_floor,87.92045605852188
heldout_bfcl_b16_l26_s7,16,previous_asym,1x2x64+5x19x128,port_tight,36.98303946666667,5.76576,6.04032,0.090112,16.2443312,0.7975390967741935,16.2443312,port_floor,127.66735676176478
heldout_bfcl_b2_l26_s11,2,previous_asym,1x2x64+5x19x128,port_tight,24.654992533333335,1.3728,1.51008,0.011264,3.863384,0.7975390967741935,3.863384,port_floor,538.1709023315657
heldout_bfcl_b4_l26_s11,4,previous_asym,1x2x64+5x19x128,port_tight,12.327628266666663,3.02016,3.02016,0.022528,8.4861296,0.7975390967741935,8.4861296,port_floor,45.26797076804794
heldout_bfcl_b8_l26_s11,8,previous_asym,1x2x64+5x19x128,port_tight,24.655252533333336,4.53024,4.53024,0.045056,12.732584,0.7975390967741935,12.732584,port_floor,93.63903299859113
heldout_bfcl_b16_l26_s11,16,previous_asym,1x2x64+5x19x128,port_tight,36.98303946666667,6.58944,6.864,0.090112,18.555704,0.7975390967741935,18.555704,port_floor,99.3081990673416
heldout_gpqa_b2_l2_s3,2,previous_asym,1x2x64+5x19x128,port_tight,12.327542933333332,1.78464,1.78464,0.011264,5.0123672,0.7975390967741935,5.0123672,port_floor,145.9425345639747
heldout_gpqa_b4_l2_s3,4,previous_asym,1x2x64+5x19x128,port_tight,12.327628266666665,2.47104,2.47104,0.022528,6.947448800000001,0.7975390967741935,6.947448800000001,port_floor,77.44108120187461
heldout_gpqa_b8_l2_s3,8,previous_asym,1x2x64+5x19x128,port_tight,49.31014773333334,3.15744,3.56928,0.045056,8.8825304,0.7975390967741935,8.8825304,port_floor,455.1362676263211
heldout_gpqa_b16_l2_s3,16,previous_asym,1x2x64+5x19x128,port_tight,12.328140266666663,3.84384,3.84384,0.090112,10.826549600000002,0.7975390967741935,10.826549600000002,port_floor,13.869521889657822
heldout_gpqa_b2_l2_s7,2,previous_asym,1x2x64+5x19x128,port_tight,12.327542933333332,1.92192,1.92192,0.011264,5.3953616,0.7975390967741935,5.3953616,port_floor,128.4840914709652
heldout_gpqa_b4_l2_s7,4,previous_asym,1x2x64+5x19x128,port_tight,12.327628266666665,3.29472,3.29472,0.022528,9.2521184,0.7975390967741935,9.2521184,port_floor,33.241142554624716
heldout_gpqa_b8_l2_s7,8,previous_asym,1x2x64+5x19x128,port_tight,24.655252533333332,4.66752,4.66752,0.045056,13.1267504,0.7975390967741935,13.1267504,port_floor,87.82449412105322
heldout_gpqa_b16_l2_s7,16,previous_asym,1x2x64+5x19x128,port_tight,61.63793866666667,6.45216,7.00128,0.090112,18.1593032,0.7975390967741935,18.1593032,port_floor,239.42898572598685
heldout_gpqa_b2_l2_s11,2,previous_asym,1x2x64+5x19x128,port_tight,24.654992533333335,1.51008,1.64736,0.011264,4.2463784,0.7975390967741935,4.2463784,port_floor,480.6122349655258
heldout_gpqa_b4_l2_s11,4,previous_asym,1x2x64+5x19x128,port_tight,24.655077866666662,3.15744,3.29472,0.022528,8.869124,0.7975390967741935,8.869124,port_floor,177.9877456518441
heldout_gpqa_b8_l2_s11,8,previous_asym,1x2x64+5x19x128,port_tight,49.310151733333335,5.21664,5.4912,0.045056,14.663196800000001,0.7975390967741935,14.663196800000001,port_floor,236.28513894960022
heldout_gpqa_b16_l2_s11,16,previous_asym,1x2x64+5x19x128,port_tight,36.98303946666666,6.864,7.13856,0.090112,19.328396,0.7975390967741935,19.328396,port_floor,91.34044783988627
heldout_gpqa_b2_l13_s3,2,previous_asym,1x2x64+5x19x128,port_tight,12.327542933333332,1.78464,1.78464,0.011264,5.0123672,0.7975390967741935,5.0123672,port_floor,145.9425345639747
heldout_gpqa_b4_l13_s3,4,previous_asym,1x2x64+5x19x128,port_tight,12.327628266666665,2.60832,2.60832,0.022528,7.3304432,0.7975390967741935,7.3304432,port_floor,68.1702992619418
heldout_gpqa_b8_l13_s3,8,previous_asym,1x2x64+5x19x128,port_tight,12.32779893333333,3.84384,3.84384,0.045056,10.817612,0.7975390967741935,10.817612,port_floor,13.96044647685024
heldout_gpqa_b16_l13_s3,16,previous_asym,1x2x64+5x19x128,port_tight,24.655589866666666,4.39296,4.53024,0.090112,12.3764024,0.7975390967741935,12.3764024,port_floor,99.21451379656713
heldout_gpqa_b2_l13_s7,2,previous_asym,1x2x64+5x19x128,port_tight,12.327542933333332,1.78464,1.78464,0.011264,5.0123672,0.7975390967741935,5.0123672,port_floor,145.9425345639747
heldout_gpqa_b4_l13_s7,4,previous_asym,1x2x64+5x19x128,port_tight,12.327628266666665,3.15744,3.15744,0.022528,8.869124,0.7975390967741935,8.869124,port_floor,38.994880065569774
heldout_gpqa_b8_l13_s7,8,previous_asym,1x2x64+5x19x128,port_tight,36.98269813333333,4.8048,5.07936,0.045056,13.5097448,0.7975390967741935,13.5097448,port_floor,173.74831042947113
heldout_gpqa_b16_l13_s7,16,previous_asym,1x2x64+5x19x128,port_tight,24.655593866666667,6.04032,6.04032,0.090112,16.999148,0.7975390967741935,16.999148,port_floor,45.04017417029764
heldout_gpqa_b2_l13_s11,2,previous_asym,1x2x64+5x19x128,port_tight,24.654992533333335,1.23552,1.3728,0.011264,3.4803896,0.7975390967741935,3.4803896,port_floor,608.397488986099
heldout_gpqa_b4_l13_s11,4,previous_asym,1x2x64+5x19x128,port_tight,12.327628266666665,3.29472,3.29472,0.022528,9.2521184,0.7975390967741935,9.2521184,port_floor,33.241142554624716
heldout_gpqa_b8_l13_s11,8,previous_asym,1x2x64+5x19x128,port_tight,12.327798933333332,4.1184,4.1184,0.045056,11.583600800000001,0.7975390967741935,11.583600800000001,port_floor,6.4245837385325855
heldout_gpqa_b16_l13_s11,16,previous_asym,1x2x64+5x19x128,port_tight,24.655589866666656,6.1776,6.31488,0.090112,17.3955488,0.7975390967741935,17.3955488,port_floor,41.73505044386214
heldout_gpqa_b2_l26_s3,2,previous_asym,1x2x64+5x19x128,port_tight,12.327542933333332,1.92192,1.92192,0.011264,5.3953616,0.7975390967741935,5.3953616,port_floor,128.4840914709652
heldout_gpqa_b4_l26_s3,4,previous_asym,1x2x64+5x19x128,port_tight,36.98252746666667,2.33376,2.60832,0.022528,6.564454400000001,0.7975390967741935,6.564454400000001,port_floor,463.37549494847076
heldout_gpqa_b8_l26_s3,8,previous_asym,1x2x64+5x19x128,port_tight,12.32779893333333,3.432,3.432,0.045056,9.6574568,0.7975390967741935,9.6574568,port_floor,27.650572905833016
heldout_gpqa_b16_l26_s3,16,previous_asym,1x2x64+5x19x128,port_tight,36.98303946666667,4.66752,4.94208,0.090112,13.1312192,0.7975390967741935,13.1312192,port_floor,181.64208443543964
heldout_gpqa_b2_l26_s7,2,previous_asym,1x2x64+5x19x128,port_tight,12.327542933333332,1.92192,1.92192,0.011264,5.3953616,0.7975390967741935,5.3953616,port_floor,128.4840914709652
heldout_gpqa_b4_l26_s7,4,previous_asym,1x2x64+5x19x128,port_tight,12.327628266666665,3.15744,3.15744,0.022528,8.869124,0.7975390967741935,8.869124,port_floor,38.994880065569774
heldout_gpqa_b8_l26_s7,8,previous_asym,1x2x64+5x19x128,port_tight,24.655252533333332,4.66752,4.66752,0.045056,13.1267504,0.7975390967741935,13.1267504,port_floor,87.82449412105322
heldout_gpqa_b16_l26_s7,16,previous_asym,1x2x64+5x19x128,port_tight,24.655593866666667,6.31488,6.31488,0.090112,17.7584336,0.7975390967741935,17.7584336,port_floor,38.83878737292834
heldout_gpqa_b2_l26_s11,2,previous_asym,1x2x64+5x19x128,port_tight,12.327542933333332,1.78464,1.78464,0.011264,5.0123672,0.7975390967741935,5.0123672,port_floor,145.9425345639747
heldout_gpqa_b4_l26_s11,4,previous_asym,1x2x64+5x19x128,port_tight,12.327628266666665,3.432,3.432,0.022528,9.6351128,0.7975390967741935,9.6351128,port_floor,27.944825582806487
heldout_gpqa_b8_l26_s11,8,previous_asym,1x2x64+5x19x128,port_tight,24.655248533333328,4.66752,4.8048,0.045056,13.124516,0.7975390967741935,13.124516,port_floor,87.8564400647866
heldout_gpqa_b16_l26_s11,16,previous_asym,1x2x64+5x19x128,port_tight,61.63793866666667,6.864,7.41312,0.090112,19.330630400000004,0.7975390967741935,19.330630400000004,port_floor,218.86150317511976
heldout_swe_b2_l2_s3,2,previous_asym,1x2x64+5x19x128,port_tight,12.327542933333332,1.78464,1.78464,0.011264,5.0123672,0.7975390967741935,5.0123672,port_floor,145.9425345639747
heldout_swe_b4_l2_s3,4,previous_asym,1x2x64+5x19x128,port_tight,12.327628266666666,2.0592,2.0592,0.022528,5.7939968,0.7975390967741935,5.7939968,port_floor,112.76553460759011
heldout_swe_b8_l2_s3,8,previous_asym,1x2x64+5x19x128,port_tight,61.63759733333334,2.33376,2.88288,0.045056,6.5756264,0.7975390967741935,6.5756264,port_floor,837.3646491432867
heldout_swe_b16_l2_s3,16,previous_asym,1x2x64+5x19x128,port_tight,123.27518666666671,2.7456,3.98112,0.090112,7.740250400000001,0.7975390967741935,7.740250400000001,port_floor,1492.6511455839557
heldout_swe_b2_l2_s7,2,previous_asym,1x2x64+5x19x128,port_tight,24.654992533333328,1.78464,1.92192,0.011264,5.0123672,0.7975390967741935,5.0123672,port_floor,391.88320706697874
heldout_swe_b4_l2_s7,4,previous_asym,1x2x64+5x19x128,port_tight,49.30997706666667,2.33376,2.7456,0.022528,6.564454400000001,0.7975390967741935,6.564454400000001,port_floor,651.1664193549226
heldout_swe_b8_l2_s7,8,previous_asym,1x2x64+5x19x128,port_tight,86.29249653333335,2.47104,3.29472,0.045056,6.9608552,0.7975390967741935,6.9608552,port_floor,1139.682396113244
heldout_swe_b16_l2_s7,16,previous_asym,1x2x64+5x19x128,port_tight,147.9300858666667,3.02016,4.53024,0.090112,8.510708,0.7975390967741935,8.510708,port_floor,1638.164273367935
heldout_swe_b2_l2_s11,2,previous_asym,1x2x64+5x19x128,port_tight,12.327542933333332,1.78464,1.78464,0.011264,5.0123672,0.7975390967741935,5.0123672,port_floor,145.9425345639747
heldout_swe_b4_l2_s11,4,previous_asym,1x2x64+5x19x128,port_tight,12.327628266666665,2.88288,2.88288,0.022528,8.100900800000002,0.7975390967741935,8.100900800000002,port_floor,52.17601808760159
heldout_swe_b8_l2_s11,8,previous_asym,1x2x64+5x19x128,port_tight,24.655248533333328,2.60832,2.7456,0.045056,7.350552800000001,0.7975390967741935,7.350552800000001,port_floor,235.42033101691788
heldout_swe_b16_l2_s11,16,previous_asym,1x2x64+5x19x128,port_tight,12.328140266666667,3.84384,3.84384,0.090112,10.824315200000001,0.7975390967741935,10.824315200000001,port_floor,13.893027308246397
heldout_swe_b2_l13_s3,2,previous_asym,1x2x64+5x19x128,port_tight,12.327542933333332,1.92192,1.92192,0.011264,5.3953616,0.7975390967741935,5.3953616,port_floor,128.4840914709652
heldout_swe_b4_l13_s3,4,previous_asym,1x2x64+5x19x128,port_tight,12.327628266666665,2.60832,2.60832,0.022528,7.3326776,0.7975390967741935,7.3326776,port_floor,68.11905471838367
heldout_swe_b8_l13_s3,8,previous_asym,1x2x64+5x19x128,port_tight,36.98269813333333,2.7456,3.02016,0.045056,7.7335472,0.7975390967741935,7.7335472,port_floor,378.21131981108664
heldout_swe_b16_l13_s3,16,previous_asym,1x2x64+5x19x128,port_tight,24.655589866666663,2.88288,3.02016,0.090112,8.1344168,0.7975390967741935,8.1344168,port_floor,203.10212118300433
heldout_swe_b2_l13_s7,2,previous_asym,1x2x64+5x19x128,port_tight,12.327542933333332,1.92192,1.92192,0.011264,5.3953616,0.7975390967741935,5.3953616,port_floor,128.4840914709652
heldout_swe_b4_l13_s7,4,previous_asym,1x2x64+5x19x128,port_tight,24.655077866666662,2.88288,3.02016,0.022528,8.1031352,0.7975390967741935,8.1031352,port_floor,204.2659076781375
heldout_swe_b8_l13_s7,8,previous_asym,1x2x64+5x19x128,port_tight,36.98269813333333,2.88288,3.15744,0.045056,8.118776,0.7975390967741935,8.118776,port_floor,355.52061213825004
heldout_swe_b16_l13_s7,16,previous_asym,1x2x64+5x19x128,port_tight,110.9477370666667,3.02016,4.1184,0.090112,8.517411200000002,0.7975390967741935,8.517411200000002,port_floor,1202.599281183779
heldout_swe_b2_l13_s11,2,previous_asym,1x2x64+5x19x128,port_tight,12.327542933333332,1.64736,1.64736,0.011264,4.6293728,0.7975390967741935,4.6293728,port_floor,166.28969983435624
heldout_swe_b4_l13_s11,4,previous_asym,1x2x64+5x19x128,port_tight,12.327628266666663,3.02016,3.02016,0.022528,8.4861296,0.7975390967741935,8.4861296,port_floor,45.26797076804794
heldout_swe_b8_l13_s11,8,previous_asym,1x2x64+5x19x128,port_tight,24.655248533333328,2.60832,2.7456,0.045056,7.346084,0.7975390967741935,7.346084,port_floor,235.6243752907444
heldout_swe_b16_l13_s11,16,previous_asym,1x2x64+5x19x128,port_tight,12.328140266666663,3.84384,3.84384,0.090112,10.824315200000001,0.7975390967741935,10.824315200000001,port_floor,13.893027308246374
heldout_swe_b2_l26_s3,2,previous_asym,1x2x64+5x19x128,port_tight,12.327542933333332,1.64736,1.64736,0.011264,4.6293728,0.7975390967741935,4.6293728,port_floor,166.28969983435624
heldout_swe_b4_l26_s3,4,previous_asym,1x2x64+5x19x128,port_tight,12.327628266666665,2.60832,2.60832,0.022528,7.3371464,0.7975390967741935,7.3371464,port_floor,68.01665926506064
heldout_swe_b8_l26_s3,8,previous_asym,1x2x64+5x19x128,port_tight,24.655248533333335,3.15744,3.29472,0.045056,8.8825304,0.7975390967741935,8.8825304,port_floor,177.57010021979025
heldout_swe_b16_l26_s3,16,previous_asym,1x2x64+5x19x128,port_tight,12.328140266666663,3.84384,3.84384,0.090112,10.828784,0.7975390967741935,10.828784,port_floor,13.846026171236424
heldout_swe_b2_l26_s7,2,previous_asym,1x2x64+5x19x128,port_tight,12.327542933333332,1.92192,1.92192,0.011264,5.3953616,0.7975390967741935,5.3953616,port_floor,128.4840914709652
heldout_swe_b4_l26_s7,4,previous_asym,1x2x64+5x19x128,port_tight,12.327628266666665,2.47104,2.47104,0.022528,6.951917600000001,0.7975390967741935,6.951917600000001,port_floor,77.32701933444469
heldout_swe_b8_l26_s7,8,previous_asym,1x2x64+5x19x128,port_tight,36.98269813333333,3.02016,3.29472,0.045056,8.5040048,0.7975390967741935,8.5040048,port_floor,334.8856686126674
heldout_swe_b16_l26_s7,16,previous_asym,1x2x64+5x19x128,port_tight,98.6202874666667,3.15744,4.1184,0.090112,8.907108800000001,0.7975390967741935,8.907108800000001,port_floor,1007.2087439491779
heldout_swe_b2_l26_s11,2,previous_asym,1x2x64+5x19x128,port_tight,12.327542933333332,1.92192,1.92192,0.011264,5.3953616,0.7975390967741935,5.3953616,port_floor,128.4840914709652
heldout_swe_b4_l26_s11,4,previous_asym,1x2x64+5x19x128,port_tight,12.327628266666665,3.432,3.432,0.022528,9.6351128,0.7975390967741935,9.6351128,port_floor,27.944825582806487
heldout_swe_b8_l26_s11,8,previous_asym,1x2x64+5x19x128,port_tight,49.31014773333334,2.60832,3.02016,0.045056,7.3527872,0.7975390967741935,7.3527872,port_floor,570.6320527450234
heldout_swe_b16_l26_s11,16,previous_asym,1x2x64+5x19x128,port_tight,12.328140266666663,4.1184,4.1184,0.090112,11.590304,0.7975390967741935,11.590304,port_floor,6.365978551267193
v3_captured_mixed_heldout_bfcl_t64_l2,64,previous_asym,1x2x64+5x19x128,port_tight,73.96743826666669,8.64864,9.33504,0.360448,24.401168,0.7975390967741935,24.401168,port_floor,203.13072827770662
v3_captured_mixed_heldout_bfcl_t96_l2,96,previous_asym,1x2x64+5x19x128,port_tight,98.62370280000005,8.78592,10.02144,0.540672,25.563481600000003,1.595078193548387,25.563481600000003,port_floor,285.79918159504547
v3_captured_mixed_heldout_bfcl_t128_l2,128,previous_asym,1x2x64+5x19x128,port_tight,110.95252173333338,9.06048,10.296,0.720896,26.336173600000002,1.595078193548387,26.336173600000002,port_floor,321.2932501832133
v3_captured_mixed_heldout_bfcl_t64_l13,64,previous_asym,1x2x64+5x19x128,port_tight,73.96743826666668,7.96224,8.64864,0.360448,22.4459768,0.7975390967741935,22.4459768,port_floor,229.53539480922336
v3_captured_mixed_heldout_bfcl_t96_l13,96,previous_asym,1x2x64+5x19x128,port_tight,73.9688036,8.64864,9.6096,0.540672,25.169315200000003,1.595078193548387,25.169315200000003,port_floor,193.88484753053586
v3_captured_mixed_heldout_bfcl_t128_l13,128,previous_asym,1x2x64+5x19x128,port_tight,86.29761853333338,8.78592,9.88416,0.720896,25.563481600000003,1.595078193548387,25.563481600000003,port_floor,237.58163259472985
v3_captured_mixed_heldout_bfcl_t64_l26,64,previous_asym,1x2x64+5x19x128,port_tight,49.31253906666669,8.51136,8.9232,0.360448,24.009236,0.7975390967741935,24.009236,port_floor,105.38987190873831
v3_captured_mixed_heldout_bfcl_t96_l26,96,previous_asym,1x2x64+5x19x128,port_tight,49.3139044,8.9232,9.6096,0.540672,25.9442416,1.595078193548387,25.9442416,port_floor,90.07649234965494
v3_captured_mixed_heldout_bfcl_t128_l26,128,previous_asym,1x2x64+5x19x128,port_tight,73.97016893333335,9.06048,10.02144,0.720896,26.338408,1.595078193548387,26.338408,port_floor,180.8452543271915
v3_captured_mixed_heldout_gpqa_t64_l2,64,previous_asym,1x2x64+5x19x128,port_tight,25.60359963441961,8.9232,9.06048,0.360448,25.176094400000004,0.7975390967741935,25.176094400000004,port_floor,1.6980601821210417
v3_captured_mixed_heldout_gpqa_t96_l2,96,previous_asym,1x2x64+5x19x128,port_tight,36.986454800000004,9.06048,9.6096,0.540672,26.340642400000004,1.595078193548387,26.340642400000004,port_floor,40.41591787450105
v3_captured_mixed_heldout_gpqa_t128_l2,128,previous_asym,1x2x64+5x19x128,port_tight,49.31526973333334,9.06048,9.74688,0.720896,26.3428768,1.595078193548387,26.3428768,port_floor,87.2053310947927
v3_captured_mixed_heldout_gpqa_t64_l13,64,previous_asym,1x2x64+5x19x128,port_tight,110.94978706666672,7.96224,9.06048,0.360448,22.4616176,0.7975390967741935,22.4616176,port_floor,393.9527911234083
v3_captured_mixed_heldout_gpqa_t96_l13,96,previous_asym,1x2x64+5x19x128,port_tight,135.60605160000006,8.37408,10.02144,0.540672,24.396623200000004,1.595078193548387,24.396623200000004,port_floor,455.8394310897913
v3_captured_mixed_heldout_gpqa_t128_l13,128,previous_asym,1x2x64+5x19x128,port_tight,221.89956413333334,8.51136,11.11968,0.720896,24.786320800000002,1.595078193548387,24.786320800000002,port_floor,795.2501096222935
v3_captured_mixed_heldout_gpqa_t64_l26,64,previous_asym,1x2x64+5x19x128,port_tight,49.31253906666667,8.9232,9.33504,0.360448,25.171625600000002,0.7975390967741935,25.171625600000002,port_floor,95.90526194171053
v3_captured_mixed_heldout_gpqa_t96_l26,96,previous_asym,1x2x64+5x19x128,port_tight,61.64135400000001,9.06048,9.88416,0.540672,26.336173600000002,1.595078193548387,26.336173600000002,port_floor,134.05584629044216
v3_captured_mixed_heldout_gpqa_t128_l26,128,previous_asym,1x2x64+5x19x128,port_tight,98.62506813333337,9.06048,10.296,0.720896,26.338408,1.595078193548387,26.338408,port_floor,274.45341469891946
v3_captured_mixed_heldout_swe_t64_l2,64,previous_asym,1x2x64+5x19x128,port_tight,73.96743826666669,8.78592,9.47232,0.360448,24.777459200000003,0.7975390967741935,24.777459200000003,port_floor,198.52713173539072
v3_captured_mixed_heldout_swe_t96_l2,96,previous_asym,1x2x64+5x19x128,port_tight,73.96880360000002,8.9232,9.88416,0.540672,25.950944800000002,1.595078193548387,25.950944800000002,port_floor,185.03318152794193
v3_captured_mixed_heldout_swe_t128_l2,128,previous_asym,1x2x64+5x19x128,port_tight,86.29761853333338,9.06048,10.15872,0.720896,26.3428768,1.595078193548387,26.3428768,port_floor,227.59375214985394
v3_captured_mixed_heldout_swe_t64_l13,64,previous_asym,1x2x64+5x19x128,port_tight,24.657639866666663,7.41312,7.5504,0.360448,20.902827200000004,0.7975390967741935,20.902827200000004,port_floor,17.96318091682192
v3_captured_mixed_heldout_swe_t96_l13,96,previous_asym,1x2x64+5x19x128,port_tight,49.31390440000002,8.2368,8.9232,0.540672,24.004691200000003,1.595078193548387,24.004691200000003,port_floor,105.43444608027292
v3_captured_mixed_heldout_swe_t128_l13,128,previous_asym,1x2x64+5x19x128,port_tight,73.97016893333335,8.78592,9.74688,0.720896,25.556778400000002,1.595078193548387,25.556778400000002,port_floor,189.43463755718656
v3_captured_mixed_heldout_swe_t64_l26,64,previous_asym,1x2x64+5x19x128,port_tight,98.62233746666669,8.37408,9.33504,0.360448,23.6240072,0.7975390967741935,23.6240072,port_floor,317.4665907935665
v3_captured_mixed_heldout_swe_t96_l26,96,previous_asym,1x2x64+5x19x128,port_tight,123.27860200000006,8.51136,10.02144,0.540672,24.7907896,1.595078193548387,24.7907896,port_floor,397.27581891945886
v3_captured_mixed_heldout_swe_t128_l26,128,previous_asym,1x2x64+5x19x128,port_tight,135.60741693333335,9.06048,10.70784,0.720896,26.333939200000003,1.595078193548387,26.333939200000003,port_floor,414.9530265997324
heldout_bfcl_b2_l2_s3,2,B0,6x4x512,fixed_issue,1.936361722342557,1.92192,1.92192,0.011264,0.975232,0.27456,1.92192,hbm_floor_unique,0.7514216170577903
heldout_bfcl_b4_l2_s3,4,B0,6x4x512,fixed_issue,2.7663296264884942,2.7456,2.7456,0.022528,1.400816,0.27456,2.7456,hbm_floor_unique,0.7550126197732432
heldout_bfcl_b8_l2_s3,8,B0,6x4x512,fixed_issue,4.011354504729174,3.70656,3.98112,0.045056,2.0430186666666668,0.54912,3.98112,hbm_floor_actual,0.7594472090560966
heldout_bfcl_b16_l2_s3,16,B0,6x4x512,fixed_issue,6.362164338043576,4.94208,6.31488,0.090112,3.284558,0.82368,6.31488,hbm_floor_actual,0.7487765095073318
heldout_bfcl_b2_l2_s7,2,B0,6x4x512,fixed_issue,1.936361722342557,1.92192,1.92192,0.011264,0.975232,0.27456,1.92192,hbm_floor_unique,0.7514216170577903
heldout_bfcl_b4_l2_s7,4,B0,6x4x512,fixed_issue,3.0430066149292894,3.02016,3.02016,0.022528,1.54008,0.27456,3.02016,hbm_floor_unique,0.7564703502228154
heldout_bfcl_b8_l2_s7,8,B0,6x4x512,fixed_issue,4.4262458286195345,4.1184,4.39296,0.045056,2.25008,0.54912,4.39296,hbm_floor_actual,0.7577084384909893
heldout_bfcl_b16_l2_s7,16,B0,6x4x512,fixed_issue,7.054339212502173,6.1776,7.00128,0.090112,3.617974,0.82368,7.00128,hbm_floor_actual,0.7578501717139252
heldout_bfcl_b2_l2_s11,2,B0,6x4x512,fixed_issue,1.383275382264254,1.3728,1.3728,0.011264,0.696704,0.27456,1.3728,hbm_floor_unique,0.7630668898786608
heldout_bfcl_b4_l2_s11,4,B0,6x4x512,fixed_issue,3.043002954389743,3.02016,3.02016,0.022528,1.54008,0.27456,3.02016,hbm_floor_unique,0.7563491467254435
heldout_bfcl_b8_l2_s11,8,B0,6x4x512,fixed_issue,4.564449105422962,4.25568,4.53024,0.045056,2.3215466666666664,0.54912,4.53024,hbm_floor_actual,0.7551278833563213
heldout_bfcl_b16_l2_s11,16,B0,6x4x512,fixed_issue,7.607937835486865,7.00128,7.5504,0.090112,3.8762406666666664,0.82368,7.5504,hbm_floor_actual,0.7620501627313203
heldout_bfcl_b2_l13_s3,2,B0,6x4x512,fixed_issue,1.659820956510972,1.64736,1.64736,0.011264,0.835968,0.27456,1.64736,hbm_floor_unique,0.7564197571248599
heldout_bfcl_b4_l13_s3,4,B0,6x4x512,fixed_issue,3.3196059529502007,3.29472,3.29472,0.022528,1.679344,0.27456,3.29472,hbm_floor_unique,0.7553283116683795
heldout_bfcl_b8_l13_s3,8,B0,6x4x512,fixed_issue,4.2878120317932185,3.98112,4.25568,0.045056,2.1896746666666664,0.54912,4.25568,hbm_floor_actual,0.7550387198571817
heldout_bfcl_b16_l13_s3,16,B0,6x4x512,fixed_issue,6.500762925968725,5.4912,6.45216,0.090112,3.348666,0.82368,6.45216,hbm_floor_actual,0.7532814742462035
heldout_bfcl_b2_l13_s7,2,B0,6x4x512,fixed_issue,1.936361722342557,1.92192,1.92192,0.011264,0.975232,0.27456,1.92192,hbm_floor_unique,0.7514216170577903
heldout_bfcl_b4_l13_s7,4,B0,6x4x512,fixed_issue,3.0430603787034807,3.02016,3.02016,0.022528,1.54008,0.27456,3.02016,hbm_floor_unique,0.7582505133330919
heldout_bfcl_b8_l13_s7,8,B0,6x4x512,fixed_issue,4.7027274926691325,4.39296,4.66752,0.045056,2.389344,0.54912,4.66752,hbm_floor_actual,0.754308340813381
heldout_bfcl_b16_l13_s7,16,B0,6x4x512,fixed_issue,6.500849197869529,5.4912,6.45216,0.090112,3.345904,0.82368,6.45216,hbm_floor_actual,0.7546185753225076
heldout_bfcl_b2_l13_s11,2,B0,6x4x512,fixed_issue,1.2449336326206137,1.23552,1.23552,0.011264,0.627072,0.27456,1.23552,hbm_floor_unique,0.7619166521475762
heldout_bfcl_b4_l13_s11,4,B0,6x4x512,fixed_issue,2.9047974768596614,2.88288,2.88288,0.022528,1.470448,0.27456,2.88288,hbm_floor_unique,0.7602632388327368
heldout_bfcl_b8_l13_s11,8,B0,6x4x512,fixed_issue,4.01134457968861,3.70656,3.98112,0.045056,2.046708,0.54912,3.98112,hbm_floor_actual,0.7591979063331644
heldout_bfcl_b16_l13_s11,16,B0,6x4x512,fixed_issue,7.192616974899643,6.45216,7.13856,0.090112,3.6830026666666664,0.82368,7.13856,hbm_floor_actual,0.7572532121274289
heldout_bfcl_b2_l26_s3,2,B0,6x4x512,fixed_issue,1.7980928326502275,1.78464,1.78464,0.011264,0.9056,0.27456,1.78464,hbm_floor_unique,0.7538121217852023
heldout_bfcl_b4_l26_s3,4,B0,6x4x512,fixed_issue,3.319524081404672,3.29472,3.29472,0.022528,1.679344,0.27456,3.29472,hbm_floor_unique,0.7528433798523748
heldout_bfcl_b8_l26_s3,8,B0,6x4x512,fixed_issue,4.564650992717678,4.25568,4.53024,0.045056,2.3178773333333336,0.54912,4.53024,hbm_floor_actual,0.7595843204262431
heldout_bfcl_b16_l26_s3,16,B0,6x4x512,fixed_issue,7.4689842615301885,6.31488,7.41312,0.090112,3.8232073333333334,0.82368,7.41312,hbm_floor_actual,0.753586364852965
heldout_bfcl_b2_l26_s7,2,B0,6x4x512,fixed_issue,1.6598197586153913,1.64736,1.64736,0.011264,0.835968,0.27456,1.64736,hbm_floor_unique,0.7563470410469675
heldout_bfcl_b4_l26_s7,4,B0,6x4x512,fixed_issue,3.319547979581057,3.29472,3.29472,0.022528,1.679344,0.27456,3.29472,hbm_floor_unique,0.7535687275719072
heldout_bfcl_b8_l26_s7,8,B0,6x4x512,fixed_issue,4.97940259407564,4.66752,4.94208,0.045056,2.5267733333333333,0.54912,4.94208,hbm_floor_actual,0.755200119699384
heldout_bfcl_b16_l26_s7,16,B0,6x4x512,fixed_issue,6.363114062405159,5.76576,6.31488,0.090112,3.2596866666666666,0.82368,6.31488,hbm_floor_actual,0.7638159775824604
heldout_bfcl_b2_l26_s11,2,B0,6x4x512,fixed_issue,1.383275382264254,1.3728,1.3728,0.011264,0.696704,0.27456,1.3728,hbm_floor_unique,0.7630668898786608
heldout_bfcl_b4_l26_s11,4,B0,6x4x512,fixed_issue,3.0430066274279035,3.02016,3.02016,0.022528,1.54008,0.27456,3.02016,hbm_floor_unique,0.7564707640622892
heldout_bfcl_b8_l26_s11,8,B0,6x4x512,fixed_issue,4.841054369549846,4.53024,4.8048,0.045056,2.4626653333333337,0.54912,4.8048,hbm_floor_actual,0.7545448208009731
heldout_bfcl_b16_l26_s11,16,B0,6x4x512,fixed_issue,7.193045210883785,6.58944,7.13856,0.090112,3.6682786666666667,0.82368,7.13856,hbm_floor_actual,0.7632521248513102
heldout_gpqa_b2_l2_s3,2,B0,6x4x512,fixed_issue,1.7980928326502275,1.78464,1.78464,0.011264,0.9056,0.27456,1.78464,hbm_floor_unique,0.7538121217852023
heldout_gpqa_b4_l2_s3,4,B0,6x4x512,fixed_issue,2.489836865270842,2.47104,2.47104,0.022528,1.261552,0.27456,2.47104,hbm_floor_unique,0.7606864021157733
heldout_gpqa_b8_l2_s3,8,B0,6x4x512,fixed_issue,3.5961075314366715,3.15744,3.56928,0.045056,1.8479393333333332,0.54912,3.56928,hbm_floor_actual,0.7516230566576798
heldout_gpqa_b16_l2_s3,16,B0,6x4x512,fixed_issue,5.3938867257905825,3.84384,5.35392,0.090112,2.8091093333333337,0.82368,5.35392,hbm_floor_actual,0.74649463926586
heldout_gpqa_b2_l2_s7,2,B0,6x4x512,fixed_issue,1.936361722342557,1.92192,1.92192,0.011264,0.975232,0.27456,1.92192,hbm_floor_unique,0.7514216170577903
heldout_gpqa_b4_l2_s7,4,B0,6x4x512,fixed_issue,3.3195473307408796,3.29472,3.29472,0.022528,1.679344,0.27456,3.29472,hbm_floor_unique,0.7535490342390094
heldout_gpqa_b8_l2_s7,8,B0,6x4x512,fixed_issue,4.9794901797034195,4.66752,4.94208,0.045056,2.523104,0.54912,4.94208,hbm_floor_actual,0.7569723619087254
heldout_gpqa_b16_l2_s7,16,B0,6x4x512,fixed_issue,7.192683448255501,6.45216,7.13856,0.090112,3.68395,0.82368,7.13856,hbm_floor_actual,0.7581843993116344
heldout_gpqa_b2_l2_s11,2,B0,6x4x512,fixed_issue,1.521548481551535,1.51008,1.51008,0.011264,0.766336,0.27456,1.51008,hbm_floor_unique,0.7594618531160613
heldout_gpqa_b4_l2_s11,4,B0,6x4x512,fixed_issue,3.181274242691244,3.15744,3.15744,0.022528,1.609712,0.27456,3.15744,hbm_floor_unique,0.7548597183554939
heldout_gpqa_b8_l2_s11,8,B0,6x4x512,fixed_issue,5.5326451313557365,5.21664,5.4912,0.045056,2.801632,0.54912,5.4912,hbm_floor_actual,0.7547554515540567
heldout_gpqa_b16_l2_s11,16,B0,6x4x512,fixed_issue,7.607889698582251,6.864,7.5504,0.090112,3.872578,0.82368,7.5504,hbm_floor_actual,0.7614126216127781
heldout_gpqa_b2_l13_s3,2,B0,6x4x512,fixed_issue,1.798083910180309,1.78464,1.78464,0.011264,0.9056,0.27456,1.78464,hbm_floor_unique,0.7533121626943862
heldout_gpqa_b4_l13_s3,4,B0,6x4x512,fixed_issue,2.6280388916215425,2.60832,2.60832,0.022528,1.3330186666666668,0.27456,2.60832,hbm_floor_unique,0.7559997094506388
heldout_gpqa_b8_l13_s3,8,B0,6x4x512,fixed_issue,4.149695604016454,3.84384,4.1184,0.045056,2.110816,0.54912,4.1184,hbm_floor_actual,0.759897144921684
heldout_gpqa_b16_l13_s3,16,B0,6x4x512,fixed_issue,5.532566400735212,4.39296,5.4912,0.090112,2.8704553333333336,0.82368,5.4912,hbm_floor_actual,0.7533216917106067
heldout_gpqa_b2_l13_s7,2,B0,6x4x512,fixed_issue,1.7980910343978502,1.78464,1.78464,0.011264,0.9056,0.27456,1.78464,hbm_floor_unique,0.7537113590332156
heldout_gpqa_b4_l13_s7,4,B0,6x4x512,fixed_issue,3.181269491005021,3.15744,3.15744,0.022528,1.609712,0.27456,3.15744,hbm_floor_unique,0.7547092266209754
heldout_gpqa_b8_l13_s7,8,B0,6x4x512,fixed_issue,5.117756079005506,4.8048,5.07936,0.045056,2.592736,0.54912,5.07936,hbm_floor_actual,0.7559235613444626
heldout_gpqa_b16_l13_s7,16,B0,6x4x512,fixed_issue,6.915856761481643,6.04032,6.864,0.090112,3.5502033333333336,0.82368,6.864,hbm_floor_actual,0.7554889493246231
heldout_gpqa_b2_l13_s11,2,B0,6x4x512,fixed_issue,1.2449976326206138,1.23552,1.23552,0.011264,0.627072,0.27456,1.23552,hbm_floor_unique,0.7670966573275928
heldout_gpqa_b4_l13_s11,4,B0,6x4x512,fixed_issue,3.319538557874171,3.29472,3.29472,0.022528,1.679344,0.27456,3.29472,hbm_floor_unique,0.7532827637605433
heldout_gpqa_b8_l13_s11,8,B0,6x4x512,fixed_issue,4.426169481759291,4.1184,4.39296,0.045056,2.251014,0.54912,4.39296,hbm_floor_actual,0.7559705018778118
heldout_gpqa_b16_l13_s11,16,B0,6x4x512,fixed_issue,6.777865360527428,6.1776,6.72672,0.090112,3.4731993333333335,0.82368,6.72672,hbm_floor_actual,0.760331343172127
heldout_gpqa_b2_l26_s3,2,B0,6x4x512,fixed_issue,1.936361722342557,1.92192,1.92192,0.011264,0.975232,0.27456,1.92192,hbm_floor_unique,0.7514216170577903
heldout_gpqa_b4_l26_s3,4,B0,6x4x512,fixed_issue,2.351437639487946,2.33376,2.33376,0.022528,1.19192,0.27456,2.33376,hbm_floor_unique,0.7574746112687603
heldout_gpqa_b8_l26_s3,8,B0,6x4x512,fixed_issue,3.7346511681145986,3.432,3.70656,0.045056,1.9092986666666667,0.54912,3.70656,hbm_floor_actual,0.7578770643021704
heldout_gpqa_b16_l26_s3,16,B0,6x4x512,fixed_issue,5.947238902622753,4.66752,5.90304,0.090112,3.0839546666666666,0.82368,5.90304,hbm_floor_actual,0.7487481471030621
heldout_gpqa_b2_l26_s7,2,B0,6x4x512,fixed_issue,1.936361722342557,1.92192,1.92192,0.011264,0.975232,0.27456,1.92192,hbm_floor_unique,0.7514216170577903
heldout_gpqa_b4_l26_s7,4,B0,6x4x512,fixed_issue,3.181279102642557,3.15744,3.15744,0.022528,1.609712,0.27456,3.15744,hbm_floor_unique,0.7550136389783191
heldout_gpqa_b8_l26_s7,8,B0,6x4x512,fixed_issue,4.979545768292741,4.66752,4.94208,0.045056,2.523104,0.54912,4.94208,hbm_floor_actual,0.758097163395588
heldout_gpqa_b16_l26_s7,16,B0,6x4x512,fixed_issue,7.330475474313635,6.31488,7.27584,0.090112,3.7655306666666664,0.82368,7.27584,hbm_floor_actual,0.7509163796020069
heldout_gpqa_b2_l26_s11,2,B0,6x4x512,fixed_issue,1.798090983882643,1.78464,1.78464,0.011264,0.9056,0.27456,1.78464,hbm_floor_unique,0.7537085284787359
heldout_gpqa_b4_l26_s11,4,B0,6x4x512,fixed_issue,3.457791481274224,3.432,3.432,0.022528,1.748976,0.27456,3.432,hbm_floor_unique,0.7515000371277392
heldout_gpqa_b8_l26_s11,8,B0,6x4x512,fixed_issue,4.979480031793221,4.66752,4.94208,0.045056,2.523104,0.54912,4.94208,hbm_floor_actual,0.7567670250829828
heldout_gpqa_b16_l26_s11,16,B0,6x4x512,fixed_issue,7.469792098857483,6.864,7.41312,0.090112,3.8103113333333334,0.82368,7.41312,hbm_floor_actual,0.7644837646966884
heldout_swe_b2_l2_s3,2,B0,6x4x512,fixed_issue,1.798092857902672,1.78464,1.78464,0.011264,0.9056,0.27456,1.78464,hbm_floor_unique,0.7538135367733734
heldout_swe_b4_l2_s3,4,B0,6x4x512,fixed_issue,2.074876839487946,2.0592,2.0592,0.022528,1.0544906666666667,0.27456,2.0592,hbm_floor_unique,0.7613072789406594
heldout_swe_b8_l2_s3,8,B0,6x4x512,fixed_issue,2.628169743496714,2.33376,2.60832,0.045056,1.3623433333333332,0.54912,2.60832,hbm_floor_actual,0.7610164204052472
heldout_swe_b16_l2_s3,16,B0,6x4x512,fixed_issue,4.149122901433125,2.7456,4.1184,0.090112,2.18978,0.82368,4.1184,hbm_floor_actual,0.7459911964142751
heldout_swe_b2_l2_s7,2,B0,6x4x512,fixed_issue,1.7980910343978502,1.78464,1.78464,0.011264,0.9056,0.27456,1.78464,hbm_floor_unique,0.7537113590332156
heldout_swe_b4_l2_s7,4,B0,6x4x512,fixed_issue,2.35156561345943,2.33376,2.33376,0.022528,1.1937546666666667,0.27456,2.33376,hbm_floor_unique,0.762958207331943
heldout_swe_b8_l2_s7,8,B0,6x4x512,fixed_issue,2.9048038442094324,2.47104,2.88288,0.045056,1.4960766666666667,0.54912,2.88288,hbm_floor_actual,0.7604841064988044
heldout_swe_b16_l2_s7,16,B0,6x4x512,fixed_issue,4.4257340916215435,3.02016,4.39296,0.090112,2.3262886666666667,0.82368,4.39296,hbm_floor_actual,0.746059413733402
heldout_swe_b2_l2_s11,2,B0,6x4x512,fixed_issue,1.7980928326502275,1.78464,1.78464,0.011264,0.9056,0.27456,1.78464,hbm_floor_unique,0.7538121217852023
heldout_swe_b4_l2_s11,4,B0,6x4x512,fixed_issue,2.90472885227139,2.88288,2.88288,0.022528,1.470448,0.27456,2.88288,hbm_floor_unique,0.7578828210466515
heldout_swe_b8_l2_s11,8,B0,6x4x512,fixed_issue,3.0430815808388143,2.60832,3.02016,0.045056,1.5694113333333333,0.54912,3.02016,hbm_floor_actual,0.7589525336013425
heldout_swe_b16_l2_s11,16,B0,6x4x512,fixed_issue,5.117464475679844,3.84384,5.07936,0.090112,2.6661426666666665,0.82368,5.07936,hbm_floor_actual,0.7501826151295354
heldout_swe_b2_l13_s3,2,B0,6x4x512,fixed_issue,1.936361722342557,1.92192,1.92192,0.011264,0.975232,0.27456,1.92192,hbm_floor_unique,0.7514216170577903
heldout_swe_b4_l13_s3,4,B0,6x4x512,fixed_issue,2.628052501433125,2.60832,2.60832,0.022528,1.331184,0.27456,2.60832,hbm_floor_unique,0.7565214940316034
heldout_swe_b8_l13_s3,8,B0,6x4x512,fixed_issue,3.0432135938530727,2.7456,3.02016,0.045056,1.559264,0.54912,3.02016,hbm_floor_actual,0.7633235938848459
heldout_swe_b16_l13_s3,16,B0,6x4x512,fixed_issue,4.2876165271864055,2.88288,4.25568,0.090112,2.2520333333333333,0.82368,4.25568,hbm_floor_actual,0.7504447511656354
heldout_swe_b2_l13_s7,2,B0,6x4x512,fixed_issue,1.936361722342557,1.92192,1.92192,0.011264,0.975232,0.27456,1.92192,hbm_floor_unique,0.7514216170577903
heldout_swe_b4_l13_s7,4,B0,6x4x512,fixed_issue,2.904670751804292,2.88288,2.88288,0.022528,1.470448,0.27456,2.88288,hbm_floor_unique,0.7558674590788517
heldout_swe_b8_l13_s7,8,B0,6x4x512,fixed_issue,3.3196417434967143,2.88288,3.29472,0.045056,1.6994686666666667,0.54912,3.29472,hbm_floor_actual,0.7564146117641002
heldout_swe_b16_l13_s7,16,B0,6x4x512,fixed_issue,4.425894263815788,3.02016,4.39296,0.090112,2.3207446666666667,0.82368,4.39296,hbm_floor_actual,0.7497055246528106
heldout_swe_b2_l13_s11,2,B0,6x4x512,fixed_issue,1.6598209565109725,1.64736,1.64736,0.011264,0.835968,0.27456,1.64736,hbm_floor_unique,0.7564197571248821
heldout_swe_b4_l13_s11,4,B0,6x4x512,fixed_issue,3.043069951819099,3.02016,3.02016,0.022528,1.54008,0.27456,3.02016,hbm_floor_unique,0.758567487123174
heldout_swe_b8_l13_s11,8,B0,6x4x512,fixed_issue,3.0429390184561513,2.60832,3.02016,0.045056,1.5703386666666668,0.54912,3.02016,hbm_floor_actual,0.7542321749891112
heldout_swe_b16_l13_s11,16,B0,6x4x512,fixed_issue,5.117522563393111,3.84384,5.07936,0.090112,2.6680106666666665,0.82368,5.07936,hbm_floor_actual,0.7513262181281011
heldout_swe_b2_l26_s3,2,B0,6x4x512,fixed_issue,1.6598209822790608,1.64736,1.64736,0.011264,0.835968,0.27456,1.64736,hbm_floor_unique,0.7564213213299364
heldout_swe_b4_l26_s3,4,B0,6x4x512,fixed_issue,2.628125789131586,2.60832,2.60832,0.022528,1.331184,0.27456,2.60832,hbm_floor_unique,0.7593312604122993
heldout_swe_b8_l26_s3,8,B0,6x4x512,fixed_issue,3.7343911938826886,3.15744,3.70656,0.045056,1.916644,0.54912,3.70656,hbm_floor_actual,0.7508631691565348
heldout_swe_b16_l26_s3,16,B0,6x4x512,fixed_issue,5.255746862665585,3.84384,5.21664,0.090112,2.7321186666666666,0.82368,5.21664,hbm_floor_actual,0.7496561515762057
heldout_swe_b2_l26_s7,2,B0,6x4x512,fixed_issue,1.936361722342557,1.92192,1.92192,0.011264,0.975232,0.27456,1.92192,hbm_floor_unique,0.7514216170577903
heldout_swe_b4_l26_s7,4,B0,6x4x512,fixed_issue,2.4897787645433156,2.47104,2.47104,0.022528,1.261552,0.27456,2.47104,hbm_floor_unique,0.75833513594743
heldout_swe_b8_l26_s7,8,B0,6x4x512,fixed_issue,3.3198330931403546,3.02016,3.29472,0.045056,1.699462,0.54912,3.29472,hbm_floor_actual,0.7622223782401738
heldout_swe_b16_l26_s7,16,B0,6x4x512,fixed_issue,4.564240663815789,3.15744,4.53024,0.090112,2.391284,0.82368,4.53024,hbm_floor_actual,0.7505267671423344
heldout_swe_b2_l26_s11,2,B0,6x4x512,fixed_issue,1.936361722342557,1.92192,1.92192,0.011264,0.975232,0.27456,1.92192,hbm_floor_unique,0.7514216170577903
heldout_swe_b4_l26_s11,4,B0,6x4x512,fixed_issue,3.457873699564586,3.432,3.432,0.022528,1.748976,0.27456,3.432,hbm_floor_unique,0.7538956749588044
heldout_swe_b8_l26_s11,8,B0,6x4x512,fixed_issue,2.9049451319078936,2.60832,2.88288,0.045056,1.49607,0.54912,2.88288,hbm_floor_actual,0.765385028440102
heldout_swe_b16_l26_s11,16,B0,6x4x512,fixed_issue,5.5321533519824335,4.1184,5.4912,0.090112,2.8769066666666667,0.82368,5.4912,hbm_floor_actual,0.7457996791672805
v3_captured_mixed_heldout_bfcl_t64_l2,64,B0,6x4x512,fixed_issue,15.903941611235588,8.64864,15.7872,0.360448,8.428446,3.02016,15.7872,hbm_floor_actual,0.7394700215084926
v3_captured_mixed_heldout_bfcl_t96_l2,96,B0,6x4x512,fixed_issue,21.43396995644778,8.78592,21.2784,0.540672,11.474335333333334,4.66752,21.2784,hbm_floor_actual,0.7311167966002063
v3_captured_mixed_heldout_bfcl_t128_l2,128,B0,6x4x512,fixed_issue,27.793078434718236,9.06048,27.59328,0.720896,14.937089333333335,6.04032,27.59328,hbm_floor_actual,0.7240836708004128
v3_captured_mixed_heldout_bfcl_t64_l13,64,B0,6x4x512,fixed_issue,15.765034324389765,7.96224,15.64992,0.360448,8.377240666666667,3.02016,15.64992,hbm_floor_actual,0.7355585484767113
v3_captured_mixed_heldout_bfcl_t96_l13,96,B0,6x4x512,fixed_issue,21.84827271821393,8.64864,21.69024,0.540672,11.687848,4.66752,21.69024,hbm_floor_actual,0.7285890714622267
v3_captured_mixed_heldout_bfcl_t128_l13,128,B0,6x4x512,fixed_issue,27.51654466783219,8.78592,27.31872,0.720896,14.794129333333334,6.04032,27.31872,hbm_floor_actual,0.7241359325480312
v3_captured_mixed_heldout_bfcl_t64_l26,64,B0,6x4x512,fixed_issue,15.627207798622551,8.51136,15.51264,0.360448,8.310377333333333,3.02016,15.51264,hbm_floor_actual,0.7385448165015962
v3_captured_mixed_heldout_bfcl_t96_l26,96,B0,6x4x512,fixed_issue,21.84850924416384,8.9232,21.69024,0.540672,11.693372,4.66752,21.69024,hbm_floor_actual,0.7296795432592873
v3_captured_mixed_heldout_bfcl_t128_l26,128,B0,6x4x512,fixed_issue,27.378487338864236,9.06048,27.18144,0.720896,14.729114,6.04032,27.18144,hbm_floor_actual,0.7249334062663149
v3_captured_mixed_heldout_gpqa_t64_l2,64,B0,6x4x512,fixed_issue,15.76554774899284,8.9232,15.64992,0.360448,8.380916666666668,3.02016,15.64992,hbm_floor_actual,0.7388392336372451
v3_captured_mixed_heldout_gpqa_t96_l2,96,B0,6x4x512,fixed_issue,21.295619199360818,9.06048,21.14112,0.540672,11.429568,4.66752,21.14112,hbm_floor_actual,0.7307995005033652
v3_captured_mixed_heldout_gpqa_t128_l2,128,B0,6x4x512,fixed_issue,27.931089593885353,9.06048,27.73056,0.720896,15.025154666666666,6.04032,27.73056,hbm_floor_actual,0.7231357530657734
v3_captured_mixed_heldout_gpqa_t64_l13,64,B0,6x4x512,fixed_issue,14.935670426601138,7.96224,14.82624,0.360448,7.968655333333333,3.02016,14.82624,hbm_floor_actual,0.738086167505303
v3_captured_mixed_heldout_gpqa_t96_l13,96,B0,6x4x512,fixed_issue,21.57150309834408,8.37408,21.41568,0.540672,11.571627333333334,4.66752,21.41568,hbm_floor_actual,0.7276121904328026
v3_captured_mixed_heldout_gpqa_t128_l13,128,B0,6x4x512,fixed_issue,27.378004934392692,8.51136,27.18144,0.720896,14.741102666666666,6.04032,27.18144,hbm_floor_actual,0.7231586494044873
v3_captured_mixed_heldout_gpqa_t64_l26,64,B0,6x4x512,fixed_issue,15.7658153837643,8.9232,15.64992,0.360448,8.377227333333334,3.02016,15.64992,hbm_floor_actual,0.7405493687143494
v3_captured_mixed_heldout_gpqa_t96_l26,96,B0,6x4x512,fixed_issue,21.986584880287445,9.06048,21.82752,0.540672,11.781424,4.66752,21.82752,hbm_floor_actual,0.7287354692033121
v3_captured_mixed_heldout_gpqa_t128_l26,128,B0,6x4x512,fixed_issue,27.24013710246134,9.06048,27.04416,0.720896,14.671457333333334,6.04032,27.04416,hbm_floor_actual,0.724655905235494
v3_captured_mixed_heldout_swe_t64_l2,64,B0,6x4x512,fixed_issue,15.76567748346053,8.78592,15.64992,0.360448,8.373571333333333,3.02016,15.64992,hbm_floor_actual,0.7396682121092679
v3_captured_mixed_heldout_swe_t96_l2,96,B0,6x4x512,fixed_issue,21.848573747012296,8.9232,21.69024,0.540672,11.697048,4.66752,21.69024,hbm_floor_actual,0.7299769251621679
v3_captured_mixed_heldout_swe_t128_l2,128,B0,6x4x512,fixed_issue,28.207690103816567,9.06048,28.00512,0.720896,15.155192,6.04032,28.00512,hbm_floor_actual,0.7233323899935806
v3_captured_mixed_heldout_swe_t64_l13,64,B0,6x4x512,fixed_issue,15.073561583261965,7.41312,14.96352,0.360448,8.032783333333333,3.02016,14.96352,hbm_floor_actual,0.7353990455585713
v3_captured_mixed_heldout_swe_t96_l13,96,B0,6x4x512,fixed_issue,21.986421321242943,8.2368,21.82752,0.540672,11.756539333333334,4.66752,21.82752,hbm_floor_actual,0.7279861442937241
v3_captured_mixed_heldout_swe_t128_l13,128,B0,6x4x512,fixed_issue,28.069434541736193,8.78592,27.86784,0.720896,15.07636,6.04032,27.86784,hbm_floor_actual,0.7233949302715814
v3_captured_mixed_heldout_swe_t64_l26,64,B0,6x4x512,fixed_issue,15.765296538656433,8.37408,15.64992,0.360448,8.380916666666668,3.02016,15.64992,hbm_floor_actual,0.7372340475633843
v3_captured_mixed_heldout_swe_t96_l26,96,B0,6x4x512,fixed_issue,22.26270229588786,8.51136,22.10208,0.540672,11.924364,4.66752,22.10208,hbm_floor_actual,0.7267293208958581
v3_captured_mixed_heldout_swe_t128_l26,128,B0,6x4x512,fixed_issue,27.516522092227756,9.06048,27.31872,0.720896,14.814410666666666,6.04032,27.31872,hbm_floor_actual,0.7240532946922729
heldout_bfcl_b2_l2_s3,2,B1,2x48x128,fixed_issue,1.9232893333333332,1.92192,1.92192,0.011264,0.717264,0.27456,1.92192,hbm_floor_unique,0.071248196248197
heldout_bfcl_b4_l2_s3,4,B1,2x48x128,fixed_issue,2.7476346666666664,2.7456,2.7456,0.022528,1.024992,0.27456,2.7456,hbm_floor_unique,0.07410644910643693
heldout_bfcl_b8_l2_s3,8,B1,2x48x128,fixed_issue,3.779471944471644,3.70656,3.70656,0.045056,1.384008,0.3446144,3.70656,hbm_floor_unique,1.9671054689966994
heldout_bfcl_b16_l2_s3,16,B1,2x48x128,fixed_issue,5.6698213203233,4.94208,4.94208,0.090112,1.8456,0.6892288,4.94208,hbm_floor_unique,14.725405503822287
heldout_bfcl_b2_l2_s7,2,B1,2x48x128,fixed_issue,1.9232893333333332,1.92192,1.92192,0.011264,0.717264,0.27456,1.92192,hbm_floor_unique,0.071248196248197
heldout_bfcl_b4_l2_s7,4,B1,2x48x128,fixed_issue,3.0223826666666667,3.02016,3.02016,0.022528,1.127568,0.27456,3.02016,hbm_floor_unique,0.07359433495797152
heldout_bfcl_b8_l2_s7,8,B1,2x48x128,fixed_issue,4.191587874092208,4.1184,4.1184,0.045056,1.537872,0.3446144,4.1184,hbm_floor_unique,1.7770948448962542
heldout_bfcl_b16_l2_s7,16,B1,2x48x128,fixed_issue,6.670809070950632,6.1776,6.1776,0.090112,2.307192,0.6892288,6.1776,hbm_floor_unique,7.98382981984318
heldout_bfcl_b2_l2_s11,2,B1,2x48x128,fixed_issue,1.3737853333333332,1.3728,1.3728,0.011264,0.512112,0.27456,1.3728,hbm_floor_unique,0.07177544677543501
heldout_bfcl_b4_l2_s11,4,B1,2x48x128,fixed_issue,3.0223826666666667,3.02016,3.02016,0.022528,1.127568,0.27456,3.02016,hbm_floor_unique,0.07359433495797152
heldout_bfcl_b8_l2_s11,8,B1,2x48x128,fixed_issue,4.328908155609955,4.25568,4.25568,0.045056,1.58916,0.3446144,4.25568,hbm_floor_unique,1.7207157401391893
heldout_bfcl_b16_l2_s11,16,B1,2x48x128,fixed_issue,7.421265255528357,7.00128,7.00128,0.090112,2.61492,0.6892288,7.00128,hbm_floor_unique,5.998692460926525
heldout_bfcl_b2_l13_s3,2,B1,2x48x128,fixed_issue,1.6485373333333333,1.64736,1.64736,0.011264,0.614688,0.27456,1.64736,hbm_floor_unique,0.07146788396787951
heldout_bfcl_b4_l13_s3,4,B1,2x48x128,fixed_issue,3.2971346666666665,3.29472,3.29472,0.022528,1.230144,0.27456,3.29472,hbm_floor_unique,0.07328897953897684
heldout_bfcl_b8_l13_s3,8,B1,2x48x128,fixed_issue,4.054155944471645,3.98112,3.98112,0.045056,1.486584,0.3446144,3.98112,hbm_floor_unique,1.8345577242495636
heldout_bfcl_b16_l13_s3,16,B1,2x48x128,fixed_issue,6.064677527881476,5.4912,5.4912,0.090112,2.050752,0.6892288,5.4912,hbm_floor_unique,10.44357386147794
heldout_bfcl_b2_l13_s7,2,B1,2x48x128,fixed_issue,1.9232893333333332,1.92192,1.92192,0.011264,0.717264,0.27456,1.92192,hbm_floor_unique,0.071248196248197
heldout_bfcl_b4_l13_s7,4,B1,2x48x128,fixed_issue,3.0223826666666667,3.02016,3.02016,0.022528,1.127568,0.27456,3.02016,hbm_floor_unique,0.07359433495797152
heldout_bfcl_b8_l13_s7,8,B1,2x48x128,fixed_issue,4.466383944471644,4.39296,4.39296,0.045056,1.640448,0.3446144,4.39296,hbm_floor_unique,1.6714002511209802
heldout_bfcl_b16_l13_s7,16,B1,2x48x128,fixed_issue,6.020752760816233,5.4912,5.4912,0.090112,2.050752,0.6892288,5.4912,hbm_floor_unique,9.643661873838738
heldout_bfcl_b2_l13_s11,2,B1,2x48x128,fixed_issue,1.2363773333333332,1.23552,1.23552,0.011264,0.460824,0.27456,1.23552,hbm_floor_unique,0.06939048605714149
heldout_bfcl_b4_l13_s11,4,B1,2x48x128,fixed_issue,2.8849746666666665,2.88288,2.88288,0.022528,1.07628,0.27456,2.88288,hbm_floor_unique,0.07265882265881096
heldout_bfcl_b8_l13_s11,8,B1,2x48x128,fixed_issue,3.779448014851081,3.70656,3.70656,0.045056,1.384008,0.3446144,3.70656,hbm_floor_unique,1.9664598671296663
heldout_bfcl_b16_l13_s11,16,B1,2x48x128,fixed_issue,6.908673063484293,6.45216,6.45216,0.090112,2.409768,0.6892288,6.45216,hbm_floor_unique,7.075352494115039
heldout_bfcl_b2_l26_s3,2,B1,2x48x128,fixed_issue,1.7858813333333332,1.78464,1.78464,0.011264,0.665976,0.27456,1.78464,hbm_floor_unique,0.06955651186419942
heldout_bfcl_b4_l26_s3,4,B1,2x48x128,fixed_issue,3.2971346666666665,3.29472,3.29472,0.022528,1.230144,0.27456,3.29472,hbm_floor_unique,0.07328897953897684
heldout_bfcl_b8_l26_s3,8,B1,2x48x128,fixed_issue,4.329043944471644,4.25568,4.25568,0.045056,1.58916,0.3446144,4.25568,hbm_floor_unique,1.7239065078117788
heldout_bfcl_b16_l26_s3,16,B1,2x48x128,fixed_issue,6.925995507609138,6.31488,6.31488,0.090112,2.35848,0.6892288,6.31488,hbm_floor_unique,9.677389081172372
heldout_bfcl_b2_l26_s7,2,B1,2x48x128,fixed_issue,1.6485373333333333,1.64736,1.64736,0.011264,0.614688,0.27456,1.64736,hbm_floor_unique,0.07146788396787951
heldout_bfcl_b4_l26_s7,4,B1,2x48x128,fixed_issue,3.2971346666666665,3.29472,3.29472,0.022528,1.230144,0.27456,3.29472,hbm_floor_unique,0.07328897953897684
heldout_bfcl_b8_l26_s7,8,B1,2x48x128,fixed_issue,4.741076155609955,4.66752,4.66752,0.045056,1.743024,0.3446144,4.66752,hbm_floor_unique,1.575915167154185
heldout_bfcl_b16_l26_s7,16,B1,2x48x128,fixed_issue,6.185184751856385,5.76576,5.76576,0.090112,2.153328,0.6892288,5.76576,hbm_floor_unique,7.274405314414478
heldout_bfcl_b2_l26_s11,2,B1,2x48x128,fixed_issue,1.3737853333333332,1.3728,1.3728,0.011264,0.512112,0.27456,1.3728,hbm_floor_unique,0.07177544677543501
heldout_bfcl_b4_l26_s11,4,B1,2x48x128,fixed_issue,3.0223826666666667,3.02016,3.02016,0.022528,1.127568,0.27456,3.02016,hbm_floor_unique,0.07359433495797152
heldout_bfcl_b8_l26_s11,8,B1,2x48x128,fixed_issue,4.603596155609955,4.53024,4.53024,0.045056,1.691736,0.3446144,4.53024,hbm_floor_unique,1.6192553950774125
heldout_bfcl_b16_l26_s11,16,B1,2x48x128,fixed_issue,7.009448751856385,6.58944,6.58944,0.090112,2.461056,0.6892288,6.58944,hbm_floor_unique,6.373967315225348
heldout_gpqa_b2_l2_s3,2,B1,2x48x128,fixed_issue,1.7858813333333332,1.78464,1.78464,0.011264,0.665976,0.27456,1.78464,hbm_floor_unique,0.06955651186419942
heldout_gpqa_b4_l2_s3,4,B1,2x48x128,fixed_issue,2.4729546666666664,2.47104,2.47104,0.022528,0.922416,0.27456,2.47104,hbm_floor_unique,0.07748424415090494
heldout_gpqa_b8_l2_s3,8,B1,2x48x128,fixed_issue,3.266789025989392,3.15744,3.15744,0.045056,1.178856,0.3446144,3.15744,hbm_floor_unique,3.463217859702561
heldout_gpqa_b16_l2_s3,16,B1,2x48x128,fixed_issue,4.788584411144626,3.84384,3.84384,0.090112,1.435296,0.6892288,3.84384,hbm_floor_unique,24.57814089932533
heldout_gpqa_b2_l2_s7,2,B1,2x48x128,fixed_issue,1.9232893333333332,1.92192,1.92192,0.011264,0.717264,0.27456,1.92192,hbm_floor_unique,0.071248196248197
heldout_gpqa_b4_l2_s7,4,B1,2x48x128,fixed_issue,3.2971346666666665,3.29472,3.29472,0.022528,1.230144,0.27456,3.29472,hbm_floor_unique,0.07328897953897684
heldout_gpqa_b8_l2_s7,8,B1,2x48x128,fixed_issue,4.741159874092207,4.66752,4.66752,0.045056,1.743024,0.3446144,4.66752,hbm_floor_unique,1.5777088066512235
heldout_gpqa_b16_l2_s7,16,B1,2x48x128,fixed_issue,6.908861419053446,6.45216,6.45216,0.090112,2.409768,0.6892288,6.45216,hbm_floor_unique,7.078271757883359
heldout_gpqa_b2_l2_s11,2,B1,2x48x128,fixed_issue,1.5111293333333333,1.51008,1.51008,0.011264,0.5634,0.27456,1.51008,hbm_floor_unique,0.06948859221584947
heldout_gpqa_b4_l2_s11,4,B1,2x48x128,fixed_issue,3.1597266666666664,3.15744,3.15744,0.022528,1.178856,0.27456,3.15744,hbm_floor_unique,0.07242153981283916
heldout_gpqa_b8_l2_s11,8,B1,2x48x128,fixed_issue,5.290436648266014,5.21664,5.21664,0.045056,1.948176,0.3446144,5.21664,hbm_floor_unique,1.4146394665150996
heldout_gpqa_b16_l2_s11,16,B1,2x48x128,fixed_issue,7.321093833374133,6.864,6.864,0.090112,2.563632,0.6892288,6.864,hbm_floor_unique,6.659292444261844
heldout_gpqa_b2_l13_s3,2,B1,2x48x128,fixed_issue,1.7858813333333332,1.78464,1.78464,0.011264,0.665976,0.27456,1.78464,hbm_floor_unique,0.06955651186419942
heldout_gpqa_b4_l13_s3,4,B1,2x48x128,fixed_issue,2.6102906666666663,2.60832,2.60832,0.022528,0.973704,0.27456,2.60832,hbm_floor_unique,0.07555310186888597
heldout_gpqa_b8_l13_s3,8,B1,2x48x128,fixed_issue,3.916780296368829,3.84384,3.84384,0.045056,1.435296,0.3446144,3.84384,hbm_floor_unique,1.8975892953096096
heldout_gpqa_b16_l13_s3,16,B1,2x48x128,fixed_issue,5.046151311783064,4.39296,4.39296,0.090112,1.640448,0.6892288,4.39296,hbm_floor_unique,14.869047562078052
heldout_gpqa_b2_l13_s7,2,B1,2x48x128,fixed_issue,1.7858813333333332,1.78464,1.78464,0.011264,0.665976,0.27456,1.78464,hbm_floor_unique,0.06955651186419942
heldout_gpqa_b4_l13_s7,4,B1,2x48x128,fixed_issue,3.1597266666666664,3.15744,3.15744,0.022528,1.178856,0.27456,3.15744,hbm_floor_unique,0.07242153981283916
heldout_gpqa_b8_l13_s7,8,B1,2x48x128,fixed_issue,4.878523803712769,4.8048,4.8048,0.045056,1.794312,0.3446144,4.8048,hbm_floor_unique,1.5343781991501881
heldout_gpqa_b16_l13_s7,16,B1,2x48x128,fixed_issue,6.5336017306813545,6.04032,6.04032,0.090112,2.255904,0.6892288,6.04032,hbm_floor_unique,8.16648340951065
heldout_gpqa_b2_l13_s11,2,B1,2x48x128,fixed_issue,1.2363773333333332,1.23552,1.23552,0.011264,0.460824,0.27456,1.23552,hbm_floor_unique,0.06939048605714149
heldout_gpqa_b4_l13_s11,4,B1,2x48x128,fixed_issue,3.2971346666666665,3.29472,3.29472,0.022528,1.230144,0.27456,3.29472,hbm_floor_unique,0.07328897953897684
heldout_gpqa_b8_l13_s11,8,B1,2x48x128,fixed_issue,4.191448366748266,4.1184,4.1184,0.045056,1.537872,0.3446144,4.1184,hbm_floor_unique,1.7737074288137533
heldout_gpqa_b16_l13_s11,16,B1,2x48x128,fixed_issue,6.597131181476948,6.1776,6.1776,0.090112,2.307192,0.6892288,6.1776,hbm_floor_unique,6.791167791325892
heldout_gpqa_b2_l26_s3,2,B1,2x48x128,fixed_issue,1.9232893333333332,1.92192,1.92192,0.011264,0.717264,0.27456,1.92192,hbm_floor_unique,0.071248196248197
heldout_gpqa_b4_l26_s3,4,B1,2x48x128,fixed_issue,2.3355466666666667,2.33376,2.33376,0.022528,0.871128,0.27456,2.33376,hbm_floor_unique,0.07655742949859157
heldout_gpqa_b8_l26_s3,8,B1,2x48x128,fixed_issue,3.504728155609955,3.432,3.432,0.045056,1.281432,0.3446144,3.432,hbm_floor_unique,2.1191187532038303
heldout_gpqa_b16_l26_s3,16,B1,2x48x128,fixed_issue,5.488590140853061,4.66752,4.66752,0.090112,1.743024,0.6892288,4.66752,hbm_floor_unique,17.591143494897963
heldout_gpqa_b2_l26_s7,2,B1,2x48x128,fixed_issue,1.9232893333333332,1.92192,1.92192,0.011264,0.717264,0.27456,1.92192,hbm_floor_unique,0.071248196248197
heldout_gpqa_b4_l26_s7,4,B1,2x48x128,fixed_issue,3.1597266666666664,3.15744,3.15744,0.022528,1.178856,0.27456,3.15744,hbm_floor_unique,0.07242153981283916
heldout_gpqa_b8_l26_s7,8,B1,2x48x128,fixed_issue,4.741144155609955,4.66752,4.66752,0.045056,1.743024,0.3446144,4.66752,hbm_floor_unique,1.5773720436110583
heldout_gpqa_b16_l26_s7,16,B1,2x48x128,fixed_issue,6.888845103613812,6.31488,6.31488,0.090112,2.35848,0.6892288,6.31488,hbm_floor_unique,9.08908963612629
heldout_gpqa_b2_l26_s11,2,B1,2x48x128,fixed_issue,1.7858813333333332,1.78464,1.78464,0.011264,0.665976,0.27456,1.78464,hbm_floor_unique,0.06955651186419942
heldout_gpqa_b4_l26_s11,4,B1,2x48x128,fixed_issue,3.4344786666666667,3.432,3.432,0.022528,1.281432,0.27456,3.432,hbm_floor_unique,0.07222222222220687
heldout_gpqa_b8_l26_s11,8,B1,2x48x128,fixed_issue,4.741227874092207,4.66752,4.66752,0.045056,1.743024,0.3446144,4.66752,hbm_floor_unique,1.579165683108097
heldout_gpqa_b16_l26_s11,16,B1,2x48x128,fixed_issue,7.284013966666665,6.864,6.864,0.090112,2.563632,0.6892288,6.864,hbm_floor_unique,6.1190845959595785
heldout_swe_b2_l2_s3,2,B1,2x48x128,fixed_issue,1.7858813333333332,1.78464,1.78464,0.011264,0.665976,0.27456,1.78464,hbm_floor_unique,0.06955651186419942
heldout_swe_b4_l2_s3,4,B1,2x48x128,fixed_issue,2.0607906666666667,2.0592,2.0592,0.022528,0.768552,0.27456,2.0592,hbm_floor_unique,0.07724682724681298
heldout_swe_b8_l2_s3,8,B1,2x48x128,fixed_issue,2.405692014851081,2.33376,2.33376,0.045056,0.871128,0.3446144,2.33376,hbm_floor_unique,3.082237027418455
heldout_swe_b16_l2_s3,16,B1,2x48x128,fixed_issue,3.6896063716601484,2.7456,2.7456,0.090112,1.024992,0.6892288,2.7456,hbm_floor_unique,34.38251645032591
heldout_swe_b2_l2_s7,2,B1,2x48x128,fixed_issue,1.7858813333333332,1.78464,1.78464,0.011264,0.665976,0.27456,1.78464,hbm_floor_unique,0.06955651186419942
heldout_swe_b4_l2_s7,4,B1,2x48x128,fixed_issue,2.3354746666666664,2.33376,2.33376,0.022528,0.871128,0.27456,2.33376,hbm_floor_unique,0.07347227935463607
heldout_swe_b8_l2_s7,8,B1,2x48x128,fixed_issue,2.5801131988903685,2.47104,2.47104,0.045056,0.922416,0.3446144,2.47104,hbm_floor_unique,4.41406043165502
heldout_swe_b16_l2_s7,16,B1,2x48x128,fixed_issue,3.964413925290275,3.02016,3.02016,0.090112,1.127568,0.6892288,3.02016,hbm_floor_unique,31.265029842467772
heldout_swe_b2_l2_s11,2,B1,2x48x128,fixed_issue,1.7858813333333332,1.78464,1.78464,0.011264,0.665976,0.27456,1.78464,hbm_floor_unique,0.06955651186419942
heldout_swe_b4_l2_s11,4,B1,2x48x128,fixed_issue,2.8849786666666666,2.88288,2.88288,0.022528,1.07628,0.27456,2.88288,hbm_floor_unique,0.07279757279756716
heldout_swe_b8_l2_s11,8,B1,2x48x128,fixed_issue,2.717283326478988,2.60832,2.60832,0.045056,0.973704,0.3446144,2.60832,hbm_floor_unique,4.17752907921527
heldout_swe_b16_l2_s11,16,B1,2x48x128,fixed_issue,4.707849703395083,3.84384,3.84384,0.090112,1.435296,0.6892288,3.84384,hbm_floor_unique,22.477774917662607
heldout_swe_b2_l13_s3,2,B1,2x48x128,fixed_issue,1.9232893333333332,1.92192,1.92192,0.011264,0.717264,0.27456,1.92192,hbm_floor_unique,0.071248196248197
heldout_swe_b4_l13_s3,4,B1,2x48x128,fixed_issue,2.6102946666666664,2.60832,2.60832,0.022528,0.973704,0.27456,2.60832,hbm_floor_unique,0.07570645728540715
heldout_swe_b8_l13_s3,8,B1,2x48x128,fixed_issue,2.8179878037127697,2.7456,2.7456,0.045056,1.024992,0.3446144,2.7456,hbm_floor_unique,2.636502174853206
heldout_swe_b16_l13_s3,16,B1,2x48x128,fixed_issue,3.7398569669420647,2.88288,2.88288,0.090112,1.07628,0.6892288,2.88288,hbm_floor_unique,29.726418267221156
heldout_swe_b2_l13_s7,2,B1,2x48x128,fixed_issue,1.9232893333333332,1.92192,1.92192,0.011264,0.717264,0.27456,1.92192,hbm_floor_unique,0.071248196248197
heldout_swe_b4_l13_s7,4,B1,2x48x128,fixed_issue,2.8849746666666665,2.88288,2.88288,0.022528,1.07628,0.27456,2.88288,hbm_floor_unique,0.07265882265881096
heldout_swe_b8_l13_s7,8,B1,2x48x128,fixed_issue,2.992267256099551,2.88288,2.88288,0.045056,1.07628,0.3446144,2.88288,hbm_floor_unique,3.794374240327425
heldout_swe_b16_l13_s7,16,B1,2x48x128,fixed_issue,3.9641912741493366,3.02016,3.02016,0.090112,1.127568,0.6892288,3.02016,hbm_floor_unique,31.25765767871027
heldout_swe_b2_l13_s11,2,B1,2x48x128,fixed_issue,1.6485373333333333,1.64736,1.64736,0.011264,0.614688,0.27456,1.64736,hbm_floor_unique,0.07146788396787951
heldout_swe_b4_l13_s11,4,B1,2x48x128,fixed_issue,3.0223826666666667,3.02016,3.02016,0.022528,1.127568,0.27456,3.02016,hbm_floor_unique,0.07359433495797152
heldout_swe_b8_l13_s11,8,B1,2x48x128,fixed_issue,2.717421475989392,2.60832,2.60832,0.045056,0.973704,0.3446144,2.60832,hbm_floor_unique,4.182825573142557
heldout_swe_b16_l13_s11,16,B1,2x48x128,fixed_issue,4.751473398194975,3.84384,3.84384,0.090112,1.435296,0.6892288,3.84384,hbm_floor_unique,23.612673737589862
heldout_swe_b2_l26_s3,2,B1,2x48x128,fixed_issue,1.6485373333333333,1.64736,1.64736,0.011264,0.614688,0.27456,1.64736,hbm_floor_unique,0.07146788396787951
heldout_swe_b4_l26_s3,4,B1,2x48x128,fixed_issue,2.6102226666666666,2.60832,2.60832,0.022528,0.973704,0.27456,2.60832,hbm_floor_unique,0.07294605978815927
heldout_swe_b8_l26_s3,8,B1,2x48x128,fixed_issue,3.3039415813831883,3.15744,3.15744,0.045056,1.178856,0.3446144,3.15744,hbm_floor_unique,4.639884887224732
heldout_swe_b16_l26_s3,16,B1,2x48x128,fixed_issue,4.788477897745817,3.84384,3.84384,0.090112,1.435296,0.6892288,3.84384,hbm_floor_unique,24.5753698839134
heldout_swe_b2_l26_s7,2,B1,2x48x128,fixed_issue,1.9232893333333332,1.92192,1.92192,0.011264,0.717264,0.27456,1.92192,hbm_floor_unique,0.071248196248197
heldout_swe_b4_l26_s7,4,B1,2x48x128,fixed_issue,2.4728786666666664,2.47104,2.47104,0.022528,0.922416,0.27456,2.47104,hbm_floor_unique,0.07440861607528326
heldout_swe_b8_l26_s7,8,B1,2x48x128,fixed_issue,3.09267180371277,3.02016,3.02016,0.045056,1.127568,0.3446144,3.02016,hbm_floor_unique,2.40092590169958
heldout_swe_b16_l26_s7,16,B1,2x48x128,fixed_issue,3.927482838193612,3.15744,3.15744,0.090112,1.178856,0.6892288,3.15744,hbm_floor_unique,24.388201777186968
heldout_swe_b2_l26_s11,2,B1,2x48x128,fixed_issue,1.9232893333333332,1.92192,1.92192,0.011264,0.717264,0.27456,1.92192,hbm_floor_unique,0.071248196248197
heldout_swe_b4_l26_s11,4,B1,2x48x128,fixed_issue,3.4344786666666667,3.432,3.432,0.022528,1.281432,0.27456,3.432,hbm_floor_unique,0.07222222222220687
heldout_swe_b8_l26_s11,8,B1,2x48x128,fixed_issue,2.680268366748266,2.60832,2.60832,0.045056,0.973704,0.3446144,2.60832,hbm_floor_unique,2.7584179375331974
heldout_swe_b16_l26_s11,16,B1,2x48x128,fixed_issue,5.106851079568777,4.1184,4.1184,0.090112,1.537872,0.6892288,4.1184,hbm_floor_unique,24.000851776631137
v3_captured_mixed_heldout_bfcl_t64_l2,64,B1,2x48x128,fixed_issue,13.957218585112715,8.64864,8.64864,0.360448,3.230376,2.7569152,8.64864,hbm_floor_unique,61.38050127086705
v3_captured_mixed_heldout_bfcl_t96_l2,96,B1,2x48x128,fixed_issue,19.0364224901335,8.78592,9.06048,0.540672,3.383472,4.221526399999999,9.06048,hbm_floor_actual,110.10390718961358
v3_captured_mixed_heldout_bfcl_t128_l2,128,B1,2x48x128,fixed_issue,24.016957801961663,9.06048,9.33504,0.720896,3.486048,5.599984,9.33504,hbm_floor_actual,157.27750284906827
v3_captured_mixed_heldout_bfcl_t64_l13,64,B1,2x48x128,fixed_issue,13.993432083095573,7.96224,7.96224,0.360448,2.973936,2.7569152,7.96224,hbm_floor_unique,75.74742890311737
v3_captured_mixed_heldout_bfcl_t96_l13,96,B1,2x48x128,fixed_issue,19.129865168230697,8.64864,8.9232,0.540672,3.332184,4.221526399999999,8.9232,hbm_floor_actual,114.38346297550987
v3_captured_mixed_heldout_bfcl_t128_l13,128,B1,2x48x128,fixed_issue,24.11673700250703,8.78592,9.06048,0.720896,3.383472,5.599984,9.06048,hbm_floor_actual,166.1750481487408
v3_captured_mixed_heldout_bfcl_t64_l26,64,B1,2x48x128,fixed_issue,13.669442206313704,8.51136,8.51136,0.360448,3.179088,2.7569152,8.51136,hbm_floor_unique,60.60232684686939
v3_captured_mixed_heldout_bfcl_t96_l26,96,B1,2x48x128,fixed_issue,19.03457312811988,8.9232,9.19776,0.540672,3.43476,4.221526399999999,9.19776,hbm_floor_actual,106.94792132127695
v3_captured_mixed_heldout_bfcl_t128_l26,128,B1,2x48x128,fixed_issue,24.047116470806,9.06048,9.33504,0.720896,3.486048,5.599984,9.33504,hbm_floor_actual,157.60057236825978
v3_captured_mixed_heldout_gpqa_t64_l2,64,B1,2x48x128,fixed_issue,13.28452784306346,8.9232,8.9232,0.360448,3.332952,2.7569152,8.9232,hbm_floor_unique,48.876275809837935
v3_captured_mixed_heldout_gpqa_t96_l2,96,B1,2x48x128,fixed_issue,18.036923962371855,9.06048,9.33504,0.540672,3.486048,4.221526399999999,9.33504,hbm_floor_actual,93.21742555331156
v3_captured_mixed_heldout_gpqa_t128_l2,128,B1,2x48x128,fixed_issue,23.383041700818563,9.06048,9.33504,0.720896,3.486048,5.599984,9.33504,hbm_floor_actual,150.48678635355137
v3_captured_mixed_heldout_gpqa_t64_l13,64,B1,2x48x128,fixed_issue,13.076485839164237,7.96224,7.96224,0.360448,2.973936,2.7569152,7.96224,hbm_floor_unique,64.2312444634203
v3_captured_mixed_heldout_gpqa_t96_l13,96,B1,2x48x128,fixed_issue,18.291135110181166,8.37408,8.64864,0.540672,3.229608,4.221526399999999,8.64864,hbm_floor_actual,111.49146120293096
v3_captured_mixed_heldout_gpqa_t128_l13,128,B1,2x48x128,fixed_issue,23.732944536304522,8.51136,8.78592,0.720896,3.280896,5.599984,8.78592,hbm_floor_actual,170.12475115075625
v3_captured_mixed_heldout_gpqa_t64_l26,64,B1,2x48x128,fixed_issue,13.582875226572414,8.9232,8.9232,0.360448,3.332952,2.7569152,8.9232,hbm_floor_unique,52.21977795602937
v3_captured_mixed_heldout_gpqa_t96_l26,96,B1,2x48x128,fixed_issue,18.29209982118874,9.06048,9.33504,0.540672,3.486048,4.221526399999999,9.33504,hbm_floor_actual,95.95095276708767
v3_captured_mixed_heldout_gpqa_t128_l26,128,B1,2x48x128,fixed_issue,23.465862941284243,9.06048,9.33504,0.720896,3.486048,5.599984,9.33504,hbm_floor_actual,151.37399455475546
v3_captured_mixed_heldout_swe_t64_l2,64,B1,2x48x128,fixed_issue,13.826672178137045,8.78592,8.78592,0.360448,3.281664,2.7569152,8.78592,hbm_floor_unique,57.3730716662233
v3_captured_mixed_heldout_swe_t96_l2,96,B1,2x48x128,fixed_issue,18.411564783996926,8.9232,9.19776,0.540672,3.43476,4.221526399999999,9.19776,hbm_floor_actual,100.17444229896108
v3_captured_mixed_heldout_swe_t128_l2,128,B1,2x48x128,fixed_issue,23.50269843614889,9.06048,9.33504,0.720896,3.486048,5.599984,9.33504,hbm_floor_actual,151.76858841685618
v3_captured_mixed_heldout_swe_t64_l13,64,B1,2x48x128,fixed_issue,13.574934569934053,7.41312,7.41312,0.360448,2.768784,2.7569152,7.41312,hbm_floor_unique,83.12039424606716
v3_captured_mixed_heldout_swe_t96_l13,96,B1,2x48x128,fixed_issue,19.010113545950546,8.2368,8.51136,0.540672,3.17832,4.221526399999999,8.51136,hbm_floor_actual,123.34989409389978
v3_captured_mixed_heldout_swe_t128_l13,128,B1,2x48x128,fixed_issue,24.358794407037024,8.78592,9.06048,0.720896,3.383472,5.599984,9.06048,hbm_floor_actual,168.84662189019815
v3_captured_mixed_heldout_swe_t64_l26,64,B1,2x48x128,fixed_issue,13.394921813839398,8.37408,8.37408,0.360448,3.1278,2.7569152,8.37408,hbm_floor_unique,59.956936330192676
v3_captured_mixed_heldout_swe_t96_l26,96,B1,2x48x128,fixed_issue,17.930083292477892,8.51136,8.78592,0.540672,3.280896,4.221526399999999,8.78592,hbm_floor_actual,104.07747045816365
v3_captured_mixed_heldout_swe_t128_l26,128,B1,2x48x128,fixed_issue,23.82069545717796,9.06048,9.33504,0.720896,3.486048,5.599984,9.33504,hbm_floor_actual,155.17507645578337
heldout_bfcl_b2_l2_s3,2,B2,3x64x32+3x64x32,fixed_issue,1.9222178333333333,1.92192,1.92192,0.011264,0.709632,0.27456,1.92192,hbm_floor_unique,0.015496656121660735
heldout_bfcl_b4_l2_s3,4,B2,3x64x32+3x64x32,fixed_issue,2.7462065811403504,2.7456,2.7456,0.022528,1.01376,0.5136383999999999,2.7456,hbm_floor_unique,0.02209284456404781
heldout_bfcl_b8_l2_s3,8,B2,3x64x32+3x64x32,fixed_issue,4.2562402938596495,3.70656,4.25568,0.045056,1.368576,0.7704576,4.25568,hbm_floor_actual,0.013165789242841619
heldout_bfcl_b16_l2_s3,16,B2,3x64x32+3x64x32,fixed_issue,6.31610492966258,4.94208,6.31488,0.090112,2.0653813333333333,1.5409152,6.31488,hbm_floor_actual,0.0193975128993662
heldout_bfcl_b2_l2_s7,2,B2,3x64x32+3x64x32,fixed_issue,1.9222178333333333,1.92192,1.92192,0.011264,0.709632,0.27456,1.92192,hbm_floor_unique,0.015496656121660735
heldout_bfcl_b4_l2_s7,4,B2,3x64x32+3x64x32,fixed_issue,3.020804640350877,3.02016,3.02016,0.022528,1.115136,0.5136383999999999,3.02016,hbm_floor_unique,0.021344576144199934
heldout_bfcl_b8_l2_s7,8,B2,3x64x32+3x64x32,fixed_issue,4.393550095481959,4.1184,4.39296,0.045056,1.52064,0.7704576,4.39296,hbm_floor_actual,0.01343275335896621
heldout_bfcl_b16_l2_s7,16,B2,3x64x32+3x64x32,fixed_issue,6.865341514005182,6.1776,6.864,0.090112,2.28096,1.5409152,6.864,hbm_floor_actual,0.01954420170720006
heldout_bfcl_b2_l2_s11,2,B2,3x64x32+3x64x32,fixed_issue,1.3730408333333333,1.3728,1.3728,0.011264,0.50688,0.27456,1.3728,hbm_floor_unique,0.01754322066822578
heldout_bfcl_b4_l2_s11,4,B2,3x64x32+3x64x32,fixed_issue,3.020804640350877,3.02016,3.02016,0.022528,1.115136,0.5136383999999999,3.02016,hbm_floor_unique,0.021344576144199934
heldout_bfcl_b8_l2_s11,8,B2,3x64x32+3x64x32,fixed_issue,4.530901090086722,4.25568,4.53024,0.045056,1.571328,0.7704576,4.53024,hbm_floor_actual,0.014592827018478083
heldout_bfcl_b16_l2_s11,16,B2,3x64x32+3x64x32,fixed_issue,7.41442032912181,7.00128,7.41312,0.090112,2.585088,1.5409152,7.41312,hbm_floor_actual,0.01754091559031945
heldout_bfcl_b2_l13_s3,2,B2,3x64x32+3x64x32,fixed_issue,1.6476293333333332,1.64736,1.64736,0.011264,0.608256,0.27456,1.64736,hbm_floor_unique,0.016349391349379516
heldout_bfcl_b4_l13_s3,4,B2,3x64x32+3x64x32,fixed_issue,3.295402699561403,3.29472,3.29472,0.022528,1.216512,0.5136383999999999,3.29472,hbm_floor_unique,0.02072101912766744
heldout_bfcl_b8_l13_s3,8,B2,3x64x32+3x64x32,fixed_issue,4.1190610900867215,3.98112,4.1184,0.045056,1.469952,0.7704576,4.1184,hbm_floor_actual,0.016052109720332552
heldout_bfcl_b16_l13_s3,16,B2,3x64x32+3x64x32,fixed_issue,6.727873939107357,5.4912,6.72672,0.090112,2.0988693333333335,1.5409152,6.72672,hbm_floor_actual,0.01715455834874202
heldout_bfcl_b2_l13_s7,2,B2,3x64x32+3x64x32,fixed_issue,1.9222178333333333,1.92192,1.92192,0.011264,0.709632,0.27456,1.92192,hbm_floor_unique,0.015496656121660735
heldout_bfcl_b4_l13_s7,4,B2,3x64x32+3x64x32,fixed_issue,3.020804640350877,3.02016,3.02016,0.022528,1.115136,0.5136383999999999,3.02016,hbm_floor_unique,0.021344576144199934
heldout_bfcl_b8_l13_s7,8,B2,3x64x32+3x64x32,fixed_issue,4.393650891709031,4.39296,4.39296,0.045056,1.622016,0.7704576,4.39296,hbm_floor_unique,0.015727247892804996
heldout_bfcl_b16_l13_s7,16,B2,3x64x32+3x64x32,fixed_issue,6.727821334517045,5.4912,6.72672,0.090112,2.0653813333333333,1.5409152,6.72672,hbm_floor_actual,0.016372533969666314
heldout_bfcl_b2_l13_s11,2,B2,3x64x32+3x64x32,fixed_issue,1.2357963333333333,1.23552,1.23552,0.011264,0.456192,0.27456,1.23552,hbm_floor_unique,0.022365751532404943
heldout_bfcl_b4_l13_s11,4,B2,3x64x32+3x64x32,fixed_issue,2.8835505811403506,2.88288,2.88288,0.022528,1.064448,0.5136383999999999,2.88288,hbm_floor_unique,0.02326080656671614
heldout_bfcl_b8_l13_s11,8,B2,3x64x32+3x64x32,fixed_issue,3.981781090086722,3.70656,3.98112,0.045056,1.368576,0.7704576,3.98112,hbm_floor_actual,0.016605630745170075
heldout_bfcl_b16_l13_s11,16,B2,3x64x32+3x64x32,fixed_issue,7.277023732630581,6.45216,7.27584,0.090112,2.382336,1.5409152,7.27584,hbm_floor_actual,0.016269360384235654
heldout_bfcl_b2_l26_s3,2,B2,3x64x32+3x64x32,fixed_issue,1.7849733333333333,1.78464,1.78464,0.011264,0.658944,0.27456,1.78464,hbm_floor_unique,0.018677903293284892
heldout_bfcl_b4_l26_s3,4,B2,3x64x32+3x64x32,fixed_issue,3.295402699561403,3.29472,3.29472,0.022528,1.216512,0.5136383999999999,3.29472,hbm_floor_unique,0.02072101912766744
heldout_bfcl_b8_l26_s3,8,B2,3x64x32+3x64x32,fixed_issue,4.3935614868421045,4.25568,4.39296,0.045056,1.571328,0.7704576,4.39296,hbm_floor_actual,0.013692062802861393
heldout_bfcl_b16_l26_s3,16,B2,3x64x32+3x64x32,fixed_issue,7.002702623317883,6.31488,7.00128,0.090112,2.331648,1.5409152,7.00128,hbm_floor_actual,0.020319474694385775
heldout_bfcl_b2_l26_s7,2,B2,3x64x32+3x64x32,fixed_issue,1.6476293333333332,1.64736,1.64736,0.011264,0.608256,0.27456,1.64736,hbm_floor_unique,0.016349391349379516
heldout_bfcl_b4_l26_s7,4,B2,3x64x32+3x64x32,fixed_issue,3.295402699561403,3.29472,3.29472,0.022528,1.216512,0.5136383999999999,3.29472,hbm_floor_unique,0.02072101912766744
heldout_bfcl_b8_l26_s7,8,B2,3x64x32+3x64x32,fixed_issue,4.942681486842105,4.66752,4.94208,0.045056,1.723392,0.7704576,4.94208,hbm_floor_actual,0.012170722491444685
heldout_bfcl_b16_l26_s7,16,B2,3x64x32+3x64x32,fixed_issue,6.453343732630582,5.76576,6.45216,0.090112,2.128896,1.5409152,6.45216,hbm_floor_actual,0.018346300007787697
heldout_bfcl_b2_l26_s11,2,B2,3x64x32+3x64x32,fixed_issue,1.3730408333333333,1.3728,1.3728,0.011264,0.50688,0.27456,1.3728,hbm_floor_unique,0.01754322066822578
heldout_bfcl_b4_l26_s11,4,B2,3x64x32+3x64x32,fixed_issue,3.020804640350877,3.02016,3.02016,0.022528,1.115136,0.5136383999999999,3.02016,hbm_floor_unique,0.021344576144199934
heldout_bfcl_b8_l26_s11,8,B2,3x64x32+3x64x32,fixed_issue,4.805431288464413,4.53024,4.8048,0.045056,1.672704,0.7704576,4.8048,hbm_floor_actual,0.013138704304305193
heldout_bfcl_b16_l26_s11,16,B2,3x64x32+3x64x32,fixed_issue,6.728015932366428,6.58944,6.72672,0.090112,2.433024,1.5409152,6.72672,hbm_floor_actual,0.01926544239134742
heldout_gpqa_b2_l2_s3,2,B2,3x64x32+3x64x32,fixed_issue,1.7849733333333333,1.78464,1.78464,0.011264,0.658944,0.27456,1.78464,hbm_floor_unique,0.018677903293284892
heldout_gpqa_b4_l2_s3,4,B2,3x64x32+3x64x32,fixed_issue,2.471608521929824,2.47104,2.47104,0.022528,0.912384,0.5136383999999999,2.47104,hbm_floor_unique,0.023007394854968055
heldout_gpqa_b8_l2_s3,8,B2,3x64x32+3x64x32,fixed_issue,3.8444300954819575,3.15744,3.84384,0.045056,1.165824,0.7704576,3.84384,hbm_floor_actual,0.015351718124523295
heldout_gpqa_b16_l2_s3,16,B2,3x64x32+3x64x32,fixed_issue,5.492336839918509,3.84384,5.4912,0.090112,1.8979413333333333,1.5409152,5.4912,hbm_floor_actual,0.020702941406414155
heldout_gpqa_b2_l2_s7,2,B2,3x64x32+3x64x32,fixed_issue,1.9222178333333333,1.92192,1.92192,0.011264,0.709632,0.27456,1.92192,hbm_floor_unique,0.015496656121660735
heldout_gpqa_b4_l2_s7,4,B2,3x64x32+3x64x32,fixed_issue,3.295402699561403,3.29472,3.29472,0.022528,1.216512,0.5136383999999999,3.29472,hbm_floor_unique,0.02072101912766744
heldout_gpqa_b8_l2_s7,8,B2,3x64x32+3x64x32,fixed_issue,4.6681214868421055,4.66752,4.66752,0.045056,1.723392,0.7704576,4.66752,hbm_floor_unique,0.012886647343890445
heldout_gpqa_b16_l2_s7,16,B2,3x64x32+3x64x32,fixed_issue,7.002561926958732,6.45216,7.00128,0.090112,2.382336,1.5409152,7.00128,hbm_floor_actual,0.018309894172663377
heldout_gpqa_b2_l2_s11,2,B2,3x64x32+3x64x32,fixed_issue,1.5103848333333332,1.51008,1.51008,0.011264,0.557568,0.27456,1.51008,hbm_floor_unique,0.02018656848201683
heldout_gpqa_b4_l2_s11,4,B2,3x64x32+3x64x32,fixed_issue,3.158148640350877,3.15744,3.15744,0.022528,1.165824,0.5136383999999999,3.15744,hbm_floor_unique,0.022443509643155224
heldout_gpqa_b8_l2_s11,8,B2,3x64x32+3x64x32,fixed_issue,5.217241486842105,5.21664,5.21664,0.045056,1.926144,0.7704576,5.21664,hbm_floor_unique,0.011530158149786196
heldout_gpqa_b16_l2_s11,16,B2,3x64x32+3x64x32,fixed_issue,7.2770991239907294,6.864,7.27584,0.090112,2.5344,1.5409152,7.27584,hbm_floor_actual,0.017305548097934498
heldout_gpqa_b2_l13_s3,2,B2,3x64x32+3x64x32,fixed_issue,1.7849733333333333,1.78464,1.78464,0.011264,0.658944,0.27456,1.78464,hbm_floor_unique,0.018677903293284892
heldout_gpqa_b4_l13_s3,4,B2,3x64x32+3x64x32,fixed_issue,2.7462325219298243,2.60832,2.7456,0.022528,0.963072,0.5136383999999999,2.7456,hbm_floor_actual,0.02303765770048649
heldout_gpqa_b8_l13_s3,8,B2,3x64x32+3x64x32,fixed_issue,4.119031288464414,3.84384,4.1184,0.045056,1.419264,0.7704576,4.1184,hbm_floor_actual,0.015328488355037528
heldout_gpqa_b16_l13_s3,16,B2,3x64x32+3x64x32,fixed_issue,5.767019132089812,4.39296,5.76576,0.090112,1.8979413333333333,1.5409152,5.76576,hbm_floor_actual,0.021838094020765197
heldout_gpqa_b2_l13_s7,2,B2,3x64x32+3x64x32,fixed_issue,1.7849733333333333,1.78464,1.78464,0.011264,0.658944,0.27456,1.78464,hbm_floor_unique,0.018677903293284892
heldout_gpqa_b4_l13_s7,4,B2,3x64x32+3x64x32,fixed_issue,3.158148640350877,3.15744,3.15744,0.022528,1.165824,0.5136383999999999,3.15744,hbm_floor_unique,0.022443509643155224
heldout_gpqa_b8_l13_s7,8,B2,3x64x32+3x64x32,fixed_issue,4.805401486842106,4.8048,4.8048,0.045056,1.77408,0.7704576,4.8048,hbm_floor_unique,0.012518457419785634
heldout_gpqa_b16_l13_s7,16,B2,3x64x32+3x64x32,fixed_issue,6.4536549229216496,6.04032,6.45216,0.090112,2.230272,1.5409152,6.45216,hbm_floor_actual,0.02316934052548625
heldout_gpqa_b2_l13_s11,2,B2,3x64x32+3x64x32,fixed_issue,1.2357963333333333,1.23552,1.23552,0.011264,0.456192,0.27456,1.23552,hbm_floor_unique,0.022365751532404943
heldout_gpqa_b4_l13_s11,4,B2,3x64x32+3x64x32,fixed_issue,3.295402699561403,3.29472,3.29472,0.022528,1.216512,0.5136383999999999,3.29472,hbm_floor_unique,0.02072101912766744
heldout_gpqa_b8_l13_s11,8,B2,3x64x32+3x64x32,fixed_issue,4.393561486842105,4.1184,4.39296,0.045056,1.52064,0.7704576,4.39296,hbm_floor_actual,0.013692062802883598
heldout_gpqa_b16_l13_s11,16,B2,3x64x32+3x64x32,fixed_issue,6.590822727235347,6.1776,6.58944,0.090112,2.28096,1.5409152,6.58944,hbm_floor_actual,0.02098398703602733
heldout_gpqa_b2_l26_s3,2,B2,3x64x32+3x64x32,fixed_issue,1.9222178333333333,1.92192,1.92192,0.011264,0.709632,0.27456,1.92192,hbm_floor_unique,0.015496656121660735
heldout_gpqa_b4_l26_s3,4,B2,3x64x32+3x64x32,fixed_issue,2.334354462719298,2.33376,2.33376,0.022528,0.861696,0.5136383999999999,2.33376,hbm_floor_unique,0.02547231588929666
heldout_gpqa_b8_l26_s3,8,B2,3x64x32+3x64x32,fixed_issue,3.5058667312473597,3.432,3.432,0.045056,1.2672,0.7704576,3.432,hbm_floor_unique,2.1522940340139796
heldout_gpqa_b16_l26_s3,16,B2,3x64x32+3x64x32,fixed_issue,5.6298272279081925,4.66752,5.62848,0.090112,1.9984053333333331,1.5409152,5.62848,hbm_floor_actual,0.023935910018191286
heldout_gpqa_b2_l26_s7,2,B2,3x64x32+3x64x32,fixed_issue,1.9222178333333333,1.92192,1.92192,0.011264,0.709632,0.27456,1.92192,hbm_floor_unique,0.015496656121660735
heldout_gpqa_b4_l26_s7,4,B2,3x64x32+3x64x32,fixed_issue,3.158148640350877,3.15744,3.15744,0.022528,1.165824,0.5136383999999999,3.15744,hbm_floor_unique,0.022443509643155224
heldout_gpqa_b8_l26_s7,8,B2,3x64x32+3x64x32,fixed_issue,4.6681214868421055,4.66752,4.66752,0.045056,1.723392,0.7704576,4.66752,hbm_floor_unique,0.012886647343890445
heldout_gpqa_b16_l26_s7,16,B2,3x64x32+3x64x32,fixed_issue,7.688897926958734,6.31488,7.68768,0.090112,2.331648,1.5409152,7.68768,hbm_floor_actual,0.01584258136047012
heldout_gpqa_b2_l26_s11,2,B2,3x64x32+3x64x32,fixed_issue,1.7849733333333333,1.78464,1.78464,0.011264,0.658944,0.27456,1.78464,hbm_floor_unique,0.018677903293284892
heldout_gpqa_b4_l26_s11,4,B2,3x64x32+3x64x32,fixed_issue,3.4327466995614033,3.432,3.432,0.022528,1.2672,0.5136383999999999,3.432,hbm_floor_unique,0.021756980227372047
heldout_gpqa_b8_l26_s11,8,B2,3x64x32+3x64x32,fixed_issue,4.6681214868421055,4.66752,4.66752,0.045056,1.723392,0.7704576,4.66752,hbm_floor_unique,0.012886647343890445
heldout_gpqa_b16_l26_s11,16,B2,3x64x32+3x64x32,fixed_issue,7.414285334517046,6.864,7.41312,0.090112,2.5344,1.5409152,7.41312,hbm_floor_actual,0.015719892798782276
heldout_swe_b2_l2_s3,2,B2,3x64x32+3x64x32,fixed_issue,1.7849733333333333,1.78464,1.78464,0.011264,0.658944,0.27456,1.78464,hbm_floor_unique,0.018677903293284892
heldout_swe_b4_l2_s3,4,B2,3x64x32+3x64x32,fixed_issue,2.196934344298245,2.0592,2.19648,0.022528,0.76032,0.5136383999999999,2.19648,hbm_floor_actual,0.020685109732188067
heldout_swe_b8_l2_s3,8,B2,3x64x32+3x64x32,fixed_issue,2.9568775555830134,2.33376,2.88288,0.045056,0.9824586666666666,0.7704576,2.88288,hbm_floor_actual,2.5667927760785414
heldout_swe_b16_l2_s3,16,B2,3x64x32+3x64x32,fixed_issue,4.394051225883422,2.7456,4.39296,0.090112,1.6970133333333333,1.5409152,4.39296,hbm_floor_actual,0.024840332792064324
heldout_swe_b2_l2_s7,2,B2,3x64x32+3x64x32,fixed_issue,1.7849733333333333,1.78464,1.78464,0.011264,0.658944,0.27456,1.78464,hbm_floor_unique,0.018677903293284892
heldout_swe_b4_l2_s7,4,B2,3x64x32+3x64x32,fixed_issue,2.471785385070406,2.33376,2.47104,0.022528,0.861696,0.5136383999999999,2.47104,hbm_floor_actual,0.030164832232815186
heldout_swe_b8_l2_s7,8,B2,3x64x32+3x64x32,fixed_issue,3.1580484692982456,2.47104,3.15744,0.045056,1.0159466666666666,0.7704576,3.15744,hbm_floor_actual,0.019270969464035836
heldout_swe_b16_l2_s7,16,B2,3x64x32+3x64x32,fixed_issue,4.394008733976275,3.02016,4.39296,0.090112,1.6300373333333333,1.5409152,4.39296,hbm_floor_actual,0.023873059993140266
heldout_swe_b2_l2_s11,2,B2,3x64x32+3x64x32,fixed_issue,1.7849733333333333,1.78464,1.78464,0.011264,0.658944,0.27456,1.78464,hbm_floor_unique,0.018677903293284892
heldout_swe_b4_l2_s11,4,B2,3x64x32+3x64x32,fixed_issue,2.8835505811403506,2.88288,2.88288,0.022528,1.064448,0.5136383999999999,2.88288,hbm_floor_unique,0.02326080656671614
heldout_swe_b8_l2_s11,8,B2,3x64x32+3x64x32,fixed_issue,2.883582291168261,2.60832,2.88288,0.045056,1.0159466666666666,0.7704576,2.88288,hbm_floor_actual,0.0243607492598219
heldout_swe_b16_l2_s11,16,B2,3x64x32+3x64x32,fixed_issue,4.584628060755581,3.84384,4.53024,0.090112,1.8309653333333333,1.5409152,4.53024,hbm_floor_actual,1.200555837120798
heldout_swe_b2_l13_s3,2,B2,3x64x32+3x64x32,fixed_issue,1.9222178333333333,1.92192,1.92192,0.011264,0.709632,0.27456,1.92192,hbm_floor_unique,0.015496656121660735
heldout_swe_b4_l13_s3,4,B2,3x64x32+3x64x32,fixed_issue,2.608952521929824,2.60832,2.60832,0.022528,0.963072,0.5136383999999999,2.60832,hbm_floor_unique,0.024250166000494566
heldout_swe_b8_l13_s3,8,B2,3x64x32+3x64x32,fixed_issue,3.2953398971042667,2.7456,3.29472,0.045056,1.0159466666666666,0.7704576,3.29472,hbm_floor_actual,0.018814864518579277
heldout_swe_b16_l13_s3,16,B2,3x64x32+3x64x32,fixed_issue,4.509117836458333,2.88288,4.39296,0.090112,1.6635253333333333,1.5409152,4.39296,hbm_floor_actual,2.644181519028921
heldout_swe_b2_l13_s7,2,B2,3x64x32+3x64x32,fixed_issue,1.9222178333333333,1.92192,1.92192,0.011264,0.709632,0.27456,1.92192,hbm_floor_unique,0.015496656121660735
heldout_swe_b4_l13_s7,4,B2,3x64x32+3x64x32,fixed_issue,2.8835505811403506,2.88288,2.88288,0.022528,1.064448,0.5136383999999999,2.88288,hbm_floor_unique,0.02326080656671614
heldout_swe_b8_l13_s7,8,B2,3x64x32+3x64x32,fixed_issue,3.432624293859649,2.88288,3.432,0.045056,1.064448,0.7704576,3.432,hbm_floor_actual,0.01819038052590649
heldout_swe_b16_l13_s7,16,B2,3x64x32+3x64x32,fixed_issue,4.531254535598586,3.02016,4.53024,0.090112,1.6635253333333333,1.5409152,4.53024,hbm_floor_actual,0.022394742852149818
heldout_swe_b2_l13_s11,2,B2,3x64x32+3x64x32,fixed_issue,1.6476293333333332,1.64736,1.64736,0.011264,0.608256,0.27456,1.64736,hbm_floor_unique,0.016349391349379516
heldout_swe_b4_l13_s11,4,B2,3x64x32+3x64x32,fixed_issue,3.020804640350877,3.02016,3.02016,0.022528,1.115136,0.5136383999999999,3.02016,hbm_floor_unique,0.021344576144199934
heldout_swe_b8_l13_s11,8,B2,3x64x32+3x64x32,fixed_issue,3.158059897104266,2.60832,3.15744,0.045056,0.9824586666666666,0.7704576,3.15744,hbm_floor_actual,0.019632902106336836
heldout_swe_b16_l13_s11,16,B2,3x64x32+3x64x32,fixed_issue,5.629493240723434,3.84384,5.62848,0.090112,1.8644533333333333,1.5409152,5.62848,hbm_floor_actual,0.01800203116000265
heldout_swe_b2_l26_s3,2,B2,3x64x32+3x64x32,fixed_issue,1.6476293333333332,1.64736,1.64736,0.011264,0.608256,0.27456,1.64736,hbm_floor_unique,0.016349391349379516
heldout_swe_b4_l26_s3,4,B2,3x64x32+3x64x32,fixed_issue,2.608952521929824,2.60832,2.60832,0.022528,0.963072,0.5136383999999999,2.60832,hbm_floor_unique,0.024250166000494566
heldout_swe_b8_l26_s3,8,B2,3x64x32+3x64x32,fixed_issue,3.844471296563497,3.15744,3.84384,0.045056,1.1833866666666668,0.7704576,3.84384,hbm_floor_actual,0.01642359108331437
heldout_swe_b16_l26_s3,16,B2,3x64x32+3x64x32,fixed_issue,5.080619132089813,3.84384,5.07936,0.090112,1.7639893333333332,1.5409152,5.07936,hbm_floor_actual,0.024789187807394697
heldout_swe_b2_l26_s7,2,B2,3x64x32+3x64x32,fixed_issue,1.9222178333333333,1.92192,1.92192,0.011264,0.709632,0.27456,1.92192,hbm_floor_unique,0.015496656121660735
heldout_swe_b4_l26_s7,4,B2,3x64x32+3x64x32,fixed_issue,2.471608521929824,2.47104,2.47104,0.022528,0.912384,0.5136383999999999,2.47104,hbm_floor_unique,0.023007394854968055
heldout_swe_b8_l26_s7,8,B2,3x64x32+3x64x32,fixed_issue,3.295381077938098,3.02016,3.29472,0.045056,1.115136,0.7704576,3.29472,hbm_floor_actual,0.020064768420313683
heldout_swe_b16_l26_s7,16,B2,3x64x32+3x64x32,fixed_issue,4.668696725877194,3.15744,4.66752,0.090112,1.7639893333333332,1.5409152,4.66752,hbm_floor_actual,0.02521094451002348
heldout_swe_b2_l26_s11,2,B2,3x64x32+3x64x32,fixed_issue,1.9222178333333333,1.92192,1.92192,0.011264,0.709632,0.27456,1.92192,hbm_floor_unique,0.015496656121660735
heldout_swe_b4_l26_s11,4,B2,3x64x32+3x64x32,fixed_issue,3.4327466995614033,3.432,3.432,0.022528,1.2672,0.5136383999999999,3.432,hbm_floor_unique,0.021756980227372047
heldout_swe_b8_l26_s11,8,B2,3x64x32+3x64x32,fixed_issue,3.1580598849556414,2.60832,3.15744,0.045056,1.0494346666666667,0.7704576,3.15744,hbm_floor_actual,0.019632517344470024
heldout_swe_b16_l26_s11,16,B2,3x64x32+3x64x32,fixed_issue,5.492412225204346,4.1184,5.4912,0.090112,1.8979413333333333,1.5409152,5.4912,hbm_floor_actual,0.022075779508035076
v3_captured_mixed_heldout_bfcl_t64_l2,64,B2,3x64x32+3x64x32,fixed_issue,21.076335923468115,8.64864,21.07248,0.360448,6.5868693333333335,5.6500224,21.07248,hbm_floor_actual,0.01829838475639889
v3_captured_mixed_heldout_bfcl_t96_l2,96,B2,3x64x32+3x64x32,fixed_issue,25.98670747530973,8.78592,18.94464,0.540672,9.478576,8.7318528,18.94464,hbm_floor_actual,37.171819972877444
v3_captured_mixed_heldout_bfcl_t128_l2,128,B2,3x64x32+3x64x32,fixed_issue,36.93551829560806,9.06048,36.92832,0.720896,12.604570666666666,11.556863999999997,36.92832,hbm_floor_actual,0.019492615987037887
v3_captured_mixed_heldout_bfcl_t64_l13,64,B2,3x64x32+3x64x32,fixed_issue,20.390213876125564,7.96224,20.38608,0.360448,6.553381333333333,5.6500224,20.38608,hbm_floor_actual,0.020277935363566257
v3_captured_mixed_heldout_bfcl_t96_l13,96,B2,3x64x32+3x64x32,fixed_issue,28.388564488635232,8.64864,28.38264,0.540672,9.512064,8.7318528,28.38264,hbm_floor_actual,0.020873634852969225
v3_captured_mixed_heldout_bfcl_t128_l13,128,B2,3x64x32+3x64x32,fixed_issue,36.79816898648605,8.78592,36.79104,0.720896,12.504106666666667,11.556863999999997,36.79104,hbm_floor_actual,0.019376963755424192
v3_captured_mixed_heldout_bfcl_t64_l26,64,B2,3x64x32+3x64x32,fixed_issue,20.115538305937076,8.51136,20.11152,0.360448,6.519893333333333,5.6500224,20.11152,hbm_floor_actual,0.019980120533280576
v3_captured_mixed_heldout_bfcl_t96_l26,96,B2,3x64x32+3x64x32,fixed_issue,25.29588656625624,8.9232,18.5328,0.540672,9.512064,8.7318528,18.5328,hbm_floor_actual,36.492524422948726
v3_captured_mixed_heldout_bfcl_t128_l26,128,B2,3x64x32+3x64x32,fixed_issue,32.12519168015356,9.06048,22.6512,0.720896,12.537594666666665,11.556863999999997,22.6512,hbm_floor_actual,41.825561913512566
v3_captured_mixed_heldout_gpqa_t64_l2,64,B2,3x64x32+3x64x32,fixed_issue,18.630621992814138,8.9232,13.728,0.360448,6.553381333333333,5.6500224,13.728,hbm_floor_actual,35.71257279147828
v3_captured_mixed_heldout_gpqa_t96_l2,96,B2,3x64x32+3x64x32,fixed_issue,25.371573399017656,9.06048,18.25824,0.540672,9.612528,8.7318528,18.25824,hbm_floor_actual,38.9595787930143
v3_captured_mixed_heldout_gpqa_t128_l2,128,B2,3x64x32+3x64x32,fixed_issue,32.03716960296598,9.06048,22.6512,0.720896,12.504106666666667,11.556863999999997,22.6512,hbm_floor_actual,41.4369640591491
v3_captured_mixed_heldout_gpqa_t64_l13,64,B2,3x64x32+3x64x32,fixed_issue,17.642394281686368,7.96224,13.45344,0.360448,6.486405333333333,5.6500224,13.45344,hbm_floor_actual,31.13667791796275
v3_captured_mixed_heldout_gpqa_t96_l13,96,B2,3x64x32+3x64x32,fixed_issue,28.38812023026939,8.37408,28.38264,0.540672,9.57904,8.7318528,28.38264,hbm_floor_actual,0.01930838804773405
v3_captured_mixed_heldout_gpqa_t128_l13,128,B2,3x64x32+3x64x32,fixed_issue,35.42538675648016,8.51136,35.41824,0.720896,12.336666666666666,11.556863999999997,35.41824,hbm_floor_actual,0.02017818073443145
v3_captured_mixed_heldout_gpqa_t64_l26,64,B2,3x64x32+3x64x32,fixed_issue,19.325760366602626,8.9232,14.4144,0.360448,6.5868693333333335,5.6500224,14.4144,hbm_floor_actual,34.07259661590234
v3_captured_mixed_heldout_gpqa_t96_l26,96,B2,3x64x32+3x64x32,fixed_issue,25.739329511587655,9.06048,18.12096,0.540672,9.612528,8.7318528,18.12096,hbm_floor_actual,42.04175447430851
v3_captured_mixed_heldout_gpqa_t128_l26,128,B2,3x64x32+3x64x32,fixed_issue,36.24920834265099,9.06048,36.24192,0.720896,12.370154666666666,11.556863999999997,36.24192,hbm_floor_actual,0.020110255336880378
v3_captured_mixed_heldout_swe_t64_l2,64,B2,3x64x32+3x64x32,fixed_issue,18.61221614389658,8.78592,14.13984,0.360448,6.5868693333333335,5.6500224,14.13984,hbm_floor_actual,31.62960927348952
v3_captured_mixed_heldout_swe_t96_l2,96,B2,3x64x32+3x64x32,fixed_issue,28.525614711106005,8.9232,28.51992,0.540672,9.545552,8.7318528,28.51992,hbm_floor_actual,0.01996748625523459
v3_captured_mixed_heldout_swe_t128_l2,128,B2,3x64x32+3x64x32,fixed_issue,32.05459075398326,9.06048,22.37664,0.720896,12.571082666666666,11.556863999999997,22.37664,hbm_floor_actual,43.25024111744775
v3_captured_mixed_heldout_swe_t64_l13,64,B2,3x64x32+3x64x32,fixed_issue,19.978209988686203,7.41312,19.97424,0.360448,6.452917333333333,5.6500224,19.97424,hbm_floor_actual,0.019875543130565276
v3_captured_mixed_heldout_swe_t96_l13,96,B2,3x64x32+3x64x32,fixed_issue,28.66285192453522,8.2368,28.6572,0.540672,9.545552,8.7318528,28.6572,hbm_floor_actual,0.019722528841703557
v3_captured_mixed_heldout_swe_t128_l13,128,B2,3x64x32+3x64x32,fixed_issue,37.347169657328685,8.78592,37.34016,0.720896,12.571082666666666,11.556863999999997,37.34016,hbm_floor_actual,0.018772435170832935
v3_captured_mixed_heldout_swe_t64_l26,64,B2,3x64x32+3x64x32,fixed_issue,20.664652705263684,8.37408,20.66064,0.360448,6.687333333333333,5.6500224,20.66064,hbm_floor_actual,0.019421979491851538
v3_captured_mixed_heldout_swe_t96_l26,96,B2,3x64x32+3x64x32,fixed_issue,28.66276971533548,8.51136,28.6572,0.540672,9.712992,8.7318528,28.6572,hbm_floor_actual,0.019435657829358632
v3_captured_mixed_heldout_swe_t128_l26,128,B2,3x64x32+3x64x32,fixed_issue,32.38257812580549,9.06048,22.10208,0.720896,12.437130666666667,11.556863999999997,22.10208,hbm_floor_actual,46.51371330574086
heldout_bfcl_b2_l2_s3,2,fixed_3+3,3x4x512+3x4x512,fixed_issue,1.9220932439921476,1.92192,1.92192,0.011264,0.723968,0.27456,1.92192,hbm_floor_unique,0.009014110480554116
heldout_bfcl_b4_l2_s3,4,fixed_3+3,3x4x512+3x4x512,fixed_issue,3.0204297896006613,2.7456,3.02016,0.022528,1.137664,0.54912,3.02016,hbm_floor_actual,0.008932957216223336
heldout_bfcl_b8_l2_s3,8,fixed_3+3,3x4x512+3x4x512,fixed_issue,4.806260164560971,3.70656,4.8048,0.045056,1.80992,0.82368,4.8048,hbm_floor_actual,0.030389705314903814
heldout_bfcl_b16_l2_s3,16,fixed_3+3,3x4x512+3x4x512,fixed_issue,8.375864503344298,4.94208,8.37408,0.090112,3.154432,1.64736,8.37408,hbm_floor_actual,0.021309843520711524
heldout_bfcl_b2_l2_s7,2,fixed_3+3,3x4x512+3x4x512,fixed_issue,1.9220932439921476,1.92192,1.92192,0.011264,0.723968,0.27456,1.92192,hbm_floor_unique,0.009014110480554116
heldout_bfcl_b4_l2_s7,4,fixed_3+3,3x4x512+3x4x512,fixed_issue,3.2949944848503243,3.02016,3.29472,0.022528,1.241088,0.54912,3.29472,hbm_floor_actual,0.008331052420973428
heldout_bfcl_b8_l2_s7,8,fixed_3+3,3x4x512+3x4x512,fixed_issue,5.080798629166666,4.1184,5.07936,0.045056,1.913344,0.82368,5.07936,hbm_floor_actual,0.02832304004178887
heldout_bfcl_b16_l2_s7,16,fixed_3+3,3x4x512+3x4x512,fixed_issue,9.061346106233083,6.1776,9.06048,0.090112,3.412992,1.64736,9.06048,hbm_floor_actual,0.009559165001005177
heldout_bfcl_b2_l2_s11,2,fixed_3+3,3x4x512+3x4x512,fixed_issue,1.372967957828487,1.3728,1.3728,0.011264,0.51712,0.27456,1.3728,hbm_floor_unique,0.01223469030353641
heldout_bfcl_b4_l2_s11,4,fixed_3+3,3x4x512+3x4x512,fixed_issue,3.2949944848503243,3.02016,3.29472,0.022528,1.241088,0.54912,3.29472,hbm_floor_actual,0.008331052420973428
heldout_bfcl_b8_l2_s11,8,fixed_3+3,3x4x512+3x4x512,fixed_issue,5.355358709210527,4.25568,5.35392,0.045056,2.016768,0.82368,5.35392,hbm_floor_actual,0.026872071501360395
heldout_bfcl_b16_l2_s11,16,fixed_3+3,3x4x512+3x4x512,fixed_issue,9.199561094078945,7.00128,9.19776,0.090112,3.464704,1.64736,9.19776,hbm_floor_actual,0.01958187731518901
heldout_bfcl_b2_l13_s3,2,fixed_3+3,3x4x512+3x4x512,fixed_issue,1.6475306009103174,1.64736,1.64736,0.011264,0.620544,0.27456,1.64736,hbm_floor_unique,0.010356018740131923
heldout_bfcl_b4_l13_s3,4,fixed_3+3,3x4x512+3x4x512,fixed_issue,3.5695571279321547,3.29472,3.56928,0.022528,1.344512,0.54912,3.56928,hbm_floor_actual,0.007764253074982186
heldout_bfcl_b8_l13_s3,8,fixed_3+3,3x4x512+3x4x512,fixed_issue,4.942535077448165,3.98112,4.94208,0.045056,1.861632,0.82368,4.94208,hbm_floor_actual,0.00920821694843088
heldout_bfcl_b16_l13_s3,16,fixed_3+3,3x4x512+3x4x512,fixed_issue,8.514086208991225,5.4912,8.51136,0.090112,3.206144,1.64736,8.51136,hbm_floor_actual,0.032030239482594425
heldout_bfcl_b2_l13_s7,2,fixed_3+3,3x4x512+3x4x512,fixed_issue,1.9220932439921476,1.92192,1.92192,0.011264,0.723968,0.27456,1.92192,hbm_floor_unique,0.009014110480554116
heldout_bfcl_b4_l13_s7,4,fixed_3+3,3x4x512+3x4x512,fixed_issue,3.2949944848503243,3.02016,3.29472,0.022528,1.241088,0.54912,3.29472,hbm_floor_actual,0.008331052420973428
heldout_bfcl_b8_l13_s7,8,fixed_3+3,3x4x512+3x4x512,fixed_issue,5.355355907675437,4.39296,5.35392,0.045056,2.016768,0.82368,5.35392,hbm_floor_actual,0.026819744699912995
heldout_bfcl_b16_l13_s7,16,fixed_3+3,3x4x512+3x4x512,fixed_issue,8.376093401601329,5.4912,8.37408,0.090112,3.154432,1.64736,8.37408,hbm_floor_actual,0.024043257305028654
heldout_bfcl_b2_l13_s11,2,fixed_3+3,3x4x512+3x4x512,fixed_issue,1.236680296929824,1.23552,1.23552,0.011264,0.465408,0.27456,1.23552,hbm_floor_unique,0.0939116266692741
heldout_bfcl_b4_l13_s11,4,fixed_3+3,3x4x512+3x4x512,fixed_issue,3.1587014789473673,2.88288,3.15744,0.022528,1.189376,0.54912,3.15744,hbm_floor_actual,0.03995258650575373
heldout_bfcl_b8_l13_s11,8,fixed_3+3,3x4x512+3x4x512,fixed_issue,4.807169107017543,3.70656,4.8048,0.045056,1.80992,0.82368,4.8048,hbm_floor_actual,0.049307089109706936
heldout_bfcl_b16_l13_s11,16,fixed_3+3,3x4x512+3x4x512,fixed_issue,9.061289264235675,6.45216,9.06048,0.090112,3.412992,1.64736,9.06048,hbm_floor_actual,0.008931803123846116
heldout_bfcl_b2_l26_s3,2,fixed_3+3,3x4x512+3x4x512,fixed_issue,1.785805579824561,1.78464,1.78464,0.011264,0.672256,0.27456,1.78464,hbm_floor_unique,0.06531176173125708
heldout_bfcl_b4_l26_s3,4,fixed_3+3,3x4x512+3x4x512,fixed_issue,3.5695571279321547,3.29472,3.56928,0.022528,1.344512,0.54912,3.56928,hbm_floor_actual,0.007764253074982186
heldout_bfcl_b8_l26_s3,8,fixed_3+3,3x4x512+3x4x512,fixed_issue,5.080798629166666,4.25568,5.07936,0.045056,1.913344,0.82368,5.07936,hbm_floor_actual,0.02832304004178887
heldout_bfcl_b16_l26_s3,16,fixed_3+3,3x4x512+3x4x512,fixed_issue,9.061301503759047,6.31488,9.06048,0.090112,3.412992,1.64736,9.06048,hbm_floor_actual,0.009066890043873954
heldout_bfcl_b2_l26_s7,2,fixed_3+3,3x4x512+3x4x512,fixed_issue,1.6475306009103174,1.64736,1.64736,0.011264,0.620544,0.27456,1.64736,hbm_floor_unique,0.010356018740131923
heldout_bfcl_b4_l26_s7,4,fixed_3+3,3x4x512+3x4x512,fixed_issue,3.5695571279321547,3.29472,3.56928,0.022528,1.344512,0.54912,3.56928,hbm_floor_actual,0.007764253074982186
heldout_bfcl_b8_l26_s7,8,fixed_3+3,3x4x512+3x4x512,fixed_issue,5.491658977498465,4.66752,5.4912,0.045056,2.06848,0.82368,5.4912,hbm_floor_actual,0.008358418896881048
heldout_bfcl_b16_l26_s7,16,fixed_3+3,3x4x512+3x4x512,fixed_issue,8.101303804605264,5.76576,8.09952,0.090112,3.051008,1.64736,8.09952,hbm_floor_actual,0.022023584178598732
heldout_bfcl_b2_l26_s11,2,fixed_3+3,3x4x512+3x4x512,fixed_issue,1.372967957828487,1.3728,1.3728,0.011264,0.51712,0.27456,1.3728,hbm_floor_unique,0.01223469030353641
heldout_bfcl_b4_l26_s11,4,fixed_3+3,3x4x512+3x4x512,fixed_issue,3.2949944848503243,3.02016,3.29472,0.022528,1.241088,0.54912,3.29472,hbm_floor_actual,0.008331052420973428
heldout_bfcl_b8_l26_s11,8,fixed_3+3,3x4x512+3x4x512,fixed_issue,5.491657132034106,4.53024,5.4912,0.045056,2.06848,0.82368,5.4912,hbm_floor_actual,0.008324811227167217
heldout_bfcl_b16_l26_s11,16,fixed_3+3,3x4x512+3x4x512,fixed_issue,8.650453843666423,6.58944,8.64864,0.090112,3.257856,1.64736,8.64864,hbm_floor_actual,0.020972588365597566
heldout_gpqa_b2_l2_s3,2,fixed_3+3,3x4x512+3x4x512,fixed_issue,1.785805579824561,1.78464,1.78464,0.011264,0.672256,0.27456,1.78464,hbm_floor_unique,0.06531176173125708
heldout_gpqa_b4_l2_s3,4,fixed_3+3,3x4x512+3x4x512,fixed_issue,2.7458657579873633,2.47104,2.7456,0.022528,1.03424,0.54912,2.7456,hbm_floor_actual,0.009679413875418597
heldout_gpqa_b8_l2_s3,8,fixed_3+3,3x4x512+3x4x512,fixed_issue,4.667952428192859,3.15744,4.66752,0.045056,1.758208,0.82368,4.66752,hbm_floor_actual,0.009264624315674652
heldout_gpqa_b16_l2_s3,16,fixed_3+3,3x4x512+3x4x512,fixed_issue,7.688471132812536,3.84384,7.68768,0.090112,2.895872,1.64736,7.68768,hbm_floor_actual,0.010290917578981151
heldout_gpqa_b2_l2_s7,2,fixed_3+3,3x4x512+3x4x512,fixed_issue,1.9220932439921476,1.92192,1.92192,0.011264,0.723968,0.27456,1.92192,hbm_floor_unique,0.009014110480554116
heldout_gpqa_b4_l2_s7,4,fixed_3+3,3x4x512+3x4x512,fixed_issue,3.5695571279321547,3.29472,3.56928,0.022528,1.344512,0.54912,3.56928,hbm_floor_actual,0.007764253074982186
heldout_gpqa_b8_l2_s7,8,fixed_3+3,3x4x512+3x4x512,fixed_issue,5.217103620445344,4.66752,5.21664,0.045056,1.965056,0.82368,5.21664,hbm_floor_actual,0.008887338312479898
heldout_gpqa_b16_l2_s7,16,fixed_3+3,3x4x512+3x4x512,fixed_issue,8.7867481580346,6.45216,8.78592,0.090112,3.309568,1.64736,8.78592,hbm_floor_actual,0.009425968306109311
heldout_gpqa_b2_l2_s11,2,fixed_3+3,3x4x512+3x4x512,fixed_issue,1.5112429383771924,1.51008,1.51008,0.011264,0.568832,0.27456,1.51008,hbm_floor_unique,0.07701170647862465
heldout_gpqa_b4_l2_s11,4,fixed_3+3,3x4x512+3x4x512,fixed_issue,3.4332641203947354,3.15744,3.432,0.022528,1.2928,0.54912,3.432,hbm_floor_actual,0.036833344834952264
heldout_gpqa_b8_l2_s11,8,fixed_3+3,3x4x512+3x4x512,fixed_issue,5.766230295140473,5.21664,5.76576,0.045056,2.171904,0.82368,5.76576,hbm_floor_actual,0.008156689499272396
heldout_gpqa_b16_l2_s11,16,fixed_3+3,3x4x512+3x4x512,fixed_issue,8.786734573326585,6.864,8.78592,0.090112,3.309568,1.64736,8.78592,hbm_floor_actual,0.009271349233608284
heldout_gpqa_b2_l13_s3,2,fixed_3+3,3x4x512+3x4x512,fixed_issue,1.785805579824561,1.78464,1.78464,0.011264,0.672256,0.27456,1.78464,hbm_floor_unique,0.06531176173125708
heldout_gpqa_b4_l13_s3,4,fixed_3+3,3x4x512+3x4x512,fixed_issue,3.0223532375,2.60832,3.02016,0.022528,1.137664,0.54912,3.02016,hbm_floor_actual,0.07261991086564556
heldout_gpqa_b8_l13_s3,8,fixed_3+3,3x4x512+3x4x512,fixed_issue,4.807171828508772,3.84384,4.8048,0.045056,1.80992,0.82368,4.8048,hbm_floor_actual,0.04936373020254514
heldout_gpqa_b16_l13_s3,16,fixed_3+3,3x4x512+3x4x512,fixed_issue,7.690398364692983,4.39296,7.68768,0.090112,2.895872,1.64736,7.68768,hbm_floor_actual,0.03536001359296659
heldout_gpqa_b2_l13_s7,2,fixed_3+3,3x4x512+3x4x512,fixed_issue,1.785805579824561,1.78464,1.78464,0.011264,0.672256,0.27456,1.78464,hbm_floor_unique,0.06531176173125708
heldout_gpqa_b4_l13_s7,4,fixed_3+3,3x4x512+3x4x512,fixed_issue,3.4332641203947354,3.15744,3.432,0.022528,1.2928,0.54912,3.432,hbm_floor_actual,0.036833344834952264
heldout_gpqa_b8_l13_s7,8,fixed_3+3,3x4x512+3x4x512,fixed_issue,5.355367914254386,4.8048,5.35392,0.045056,2.016768,0.82368,5.35392,hbm_floor_actual,0.027044002420395508
heldout_gpqa_b16_l13_s7,16,fixed_3+3,3x4x512+3x4x512,fixed_issue,8.650432038644338,6.04032,8.64864,0.090112,3.257856,1.64736,8.64864,hbm_floor_actual,0.020720467545620735
heldout_gpqa_b2_l13_s11,2,fixed_3+3,3x4x512+3x4x512,fixed_issue,1.236680296929824,1.23552,1.23552,0.011264,0.465408,0.27456,1.23552,hbm_floor_unique,0.0939116266692741
heldout_gpqa_b4_l13_s11,4,fixed_3+3,3x4x512+3x4x512,fixed_issue,3.5695571279321547,3.29472,3.56928,0.022528,1.344512,0.54912,3.56928,hbm_floor_actual,0.007764253074982186
heldout_gpqa_b8_l13_s11,8,fixed_3+3,3x4x512+3x4x512,fixed_issue,4.942531129931297,4.1184,4.94208,0.045056,1.861632,0.82368,4.94208,hbm_floor_actual,0.009128341331909873
heldout_gpqa_b16_l13_s11,16,fixed_3+3,3x4x512+3x4x512,fixed_issue,8.512172780165013,6.1776,8.51136,0.090112,3.206144,1.64736,8.51136,hbm_floor_actual,0.009549357153404436
heldout_gpqa_b2_l26_s3,2,fixed_3+3,3x4x512+3x4x512,fixed_issue,1.9220932439921476,1.92192,1.92192,0.011264,0.723968,0.27456,1.92192,hbm_floor_unique,0.009014110480554116
heldout_gpqa_b4_l26_s3,4,fixed_3+3,3x4x512+3x4x512,fixed_issue,2.6095748353070176,2.33376,2.60832,0.022528,0.982528,0.54912,2.60832,hbm_floor_actual,0.04810894779081476
heldout_gpqa_b8_l26_s3,8,fixed_3+3,3x4x512+3x4x512,fixed_issue,4.39532774627193,3.432,4.39296,0.045056,1.654784,0.82368,4.39296,hbm_floor_actual,0.053898653116113415
heldout_gpqa_b16_l26_s3,16,fixed_3+3,3x4x512+3x4x512,fixed_issue,8.103100688323517,4.66752,8.09952,0.090112,3.051008,1.64736,8.09952,hbm_floor_actual,0.044208648457155775
heldout_gpqa_b2_l26_s7,2,fixed_3+3,3x4x512+3x4x512,fixed_issue,1.9220932439921476,1.92192,1.92192,0.011264,0.723968,0.27456,1.92192,hbm_floor_unique,0.009014110480554116
heldout_gpqa_b4_l26_s7,4,fixed_3+3,3x4x512+3x4x512,fixed_issue,3.4332641203947354,3.15744,3.432,0.022528,1.2928,0.54912,3.432,hbm_floor_actual,0.036833344834952264
heldout_gpqa_b8_l26_s7,8,fixed_3+3,3x4x512+3x4x512,fixed_issue,5.217103620445346,4.66752,5.21664,0.045056,1.965056,0.82368,5.21664,hbm_floor_actual,0.008887338312502102
heldout_gpqa_b16_l26_s7,16,fixed_3+3,3x4x512+3x4x512,fixed_issue,9.337767569736846,6.31488,9.33504,0.090112,3.516416,1.64736,9.33504,hbm_floor_actual,0.02921861863307562
heldout_gpqa_b2_l26_s11,2,fixed_3+3,3x4x512+3x4x512,fixed_issue,1.785805579824561,1.78464,1.78464,0.011264,0.672256,0.27456,1.78464,hbm_floor_unique,0.06531176173125708
heldout_gpqa_b4_l26_s11,4,fixed_3+3,3x4x512+3x4x512,fixed_issue,3.707826761842105,3.432,3.70656,0.022528,1.396224,0.54912,3.70656,hbm_floor_actual,0.034176213041337
heldout_gpqa_b8_l26_s11,8,fixed_3+3,3x4x512+3x4x512,fixed_issue,5.21709613666912,4.66752,5.21664,0.045056,1.965056,0.82368,5.21664,hbm_floor_actual,0.008743878609984712
heldout_gpqa_b16_l26_s11,16,fixed_3+3,3x4x512+3x4x512,fixed_issue,8.925003735526314,6.864,8.9232,0.090112,3.36128,1.64736,8.9232,hbm_floor_actual,0.020213998636298136
heldout_swe_b2_l2_s3,2,fixed_3+3,3x4x512+3x4x512,fixed_issue,1.785805579824561,1.78464,1.78464,0.011264,0.672256,0.27456,1.78464,hbm_floor_unique,0.06531176173125708
heldout_swe_b4_l2_s3,4,fixed_3+3,3x4x512+3x4x512,fixed_issue,2.4713052193761493,2.0592,2.47104,0.022528,0.930816,0.54912,2.47104,hbm_floor_actual,0.010733107361637906
heldout_swe_b8_l2_s3,8,fixed_3+3,3x4x512+3x4x512,fixed_issue,3.9834692561403506,2.33376,3.98112,0.045056,1.499648,0.82368,3.98112,hbm_floor_actual,0.05900993038017166
heldout_swe_b16_l2_s3,16,fixed_3+3,3x4x512+3x4x512,fixed_issue,6.86669843377193,2.7456,6.864,0.090112,2.5856,1.64736,6.864,hbm_floor_actual,0.03931284632765486
heldout_swe_b2_l2_s7,2,fixed_3+3,3x4x512+3x4x512,fixed_issue,1.785805579824561,1.78464,1.78464,0.011264,0.672256,0.27456,1.78464,hbm_floor_unique,0.06531176173125708
heldout_swe_b4_l2_s7,4,fixed_3+3,3x4x512+3x4x512,fixed_issue,2.745890340299426,2.33376,2.7456,0.022528,1.03424,0.54912,2.7456,hbm_floor_actual,0.010574748667901979
heldout_swe_b8_l2_s7,8,fixed_3+3,3x4x512+3x4x512,fixed_issue,4.118823701329898,2.47104,4.1184,0.045056,1.55136,0.82368,4.1184,hbm_floor_actual,0.0102880082045953
heldout_swe_b16_l2_s7,16,fixed_3+3,3x4x512+3x4x512,fixed_issue,6.590213749301313,3.02016,6.58944,0.090112,2.482176,1.64736,6.58944,hbm_floor_actual,0.011742261881320104
heldout_swe_b2_l2_s11,2,fixed_3+3,3x4x512+3x4x512,fixed_issue,1.785805579824561,1.78464,1.78464,0.011264,0.672256,0.27456,1.78464,hbm_floor_unique,0.06531176173125708
heldout_swe_b4_l2_s11,4,fixed_3+3,3x4x512+3x4x512,fixed_issue,3.1587014789473673,2.88288,3.15744,0.022528,1.189376,0.54912,3.15744,hbm_floor_actual,0.03995258650575373
heldout_swe_b8_l2_s11,8,fixed_3+3,3x4x512+3x4x512,fixed_issue,4.120755899780701,2.60832,4.1184,0.045056,1.55136,0.82368,4.1184,hbm_floor_actual,0.057204248754372244
heldout_swe_b16_l2_s11,16,fixed_3+3,3x4x512+3x4x512,fixed_issue,7.416758116666666,3.84384,7.41312,0.090112,2.792448,1.64736,7.41312,hbm_floor_actual,0.04907672702811894
heldout_swe_b2_l13_s3,2,fixed_3+3,3x4x512+3x4x512,fixed_issue,1.9220932439921476,1.92192,1.92192,0.011264,0.723968,0.27456,1.92192,hbm_floor_unique,0.009014110480554116
heldout_swe_b4_l13_s3,4,fixed_3+3,3x4x512+3x4x512,fixed_issue,2.8841374767543857,2.60832,2.88288,0.022528,1.085952,0.54912,2.88288,hbm_floor_actual,0.04361876853651303
heldout_swe_b8_l13_s3,8,fixed_3+3,3x4x512+3x4x512,fixed_issue,4.120755819736842,2.7456,4.1184,0.045056,1.55136,0.82368,4.1184,hbm_floor_actual,0.057202305187487035
heldout_swe_b16_l13_s3,16,fixed_3+3,3x4x512+3x4x512,fixed_issue,6.730351392982457,2.88288,6.72672,0.090112,2.533888,1.64736,6.72672,hbm_floor_actual,0.05398460144701023
heldout_swe_b2_l13_s7,2,fixed_3+3,3x4x512+3x4x512,fixed_issue,1.9220932439921476,1.92192,1.92192,0.011264,0.723968,0.27456,1.92192,hbm_floor_unique,0.009014110480554116
heldout_swe_b4_l13_s7,4,fixed_3+3,3x4x512+3x4x512,fixed_issue,3.1587014789473673,2.88288,3.15744,0.022528,1.189376,0.54912,3.15744,hbm_floor_actual,0.03995258650575373
heldout_swe_b8_l13_s7,8,fixed_3+3,3x4x512+3x4x512,fixed_issue,4.118825619516624,2.88288,4.1184,0.045056,1.55136,0.82368,4.1184,hbm_floor_actual,0.010334584222593257
heldout_swe_b16_l13_s7,16,fixed_3+3,3x4x512+3x4x512,fixed_issue,6.728484033771929,3.02016,6.72672,0.090112,2.533888,1.64736,6.72672,hbm_floor_actual,0.0262242782801847
heldout_swe_b2_l13_s11,2,fixed_3+3,3x4x512+3x4x512,fixed_issue,1.6475306009103174,1.64736,1.64736,0.011264,0.620544,0.27456,1.64736,hbm_floor_unique,0.010356018740131923
heldout_swe_b4_l13_s11,4,fixed_3+3,3x4x512+3x4x512,fixed_issue,3.2949944848503243,3.02016,3.29472,0.022528,1.241088,0.54912,3.29472,hbm_floor_actual,0.008331052420973428
heldout_swe_b8_l13_s11,8,fixed_3+3,3x4x512+3x4x512,fixed_issue,3.9825458827302627,2.60832,3.98112,0.045056,1.499648,0.82368,3.98112,hbm_floor_actual,0.03581612034460058
heldout_swe_b16_l13_s11,16,fixed_3+3,3x4x512+3x4x512,fixed_issue,7.55310507741228,3.84384,7.5504,0.090112,2.84416,1.64736,7.5504,hbm_floor_actual,0.03582694178161372
heldout_swe_b2_l26_s3,2,fixed_3+3,3x4x512+3x4x512,fixed_issue,1.6475306009103174,1.64736,1.64736,0.011264,0.620544,0.27456,1.64736,hbm_floor_unique,0.010356018740131923
heldout_swe_b4_l26_s3,4,fixed_3+3,3x4x512+3x4x512,fixed_issue,2.884138837499999,2.60832,2.88288,0.022528,1.085952,0.54912,2.88288,hbm_floor_actual,0.043665969447204134
heldout_swe_b8_l26_s3,8,fixed_3+3,3x4x512+3x4x512,fixed_issue,4.806229504166668,3.15744,4.8048,0.045056,1.80992,0.82368,4.8048,hbm_floor_actual,0.02975158522033894
heldout_swe_b16_l26_s3,16,fixed_3+3,3x4x512+3x4x512,fixed_issue,7.139347677380688,3.84384,7.13856,0.090112,2.689024,1.64736,7.13856,hbm_floor_actual,0.011034121457109691
heldout_swe_b2_l26_s7,2,fixed_3+3,3x4x512+3x4x512,fixed_issue,1.9220932439921476,1.92192,1.92192,0.011264,0.723968,0.27456,1.92192,hbm_floor_unique,0.009014110480554116
heldout_swe_b4_l26_s7,4,fixed_3+3,3x4x512+3x4x512,fixed_issue,2.745869198686664,2.47104,2.7456,0.022528,1.03424,0.54912,2.7456,hbm_floor_actual,0.009804730720563981
heldout_swe_b8_l26_s7,8,fixed_3+3,3x4x512+3x4x512,fixed_issue,4.258041182675439,3.02016,4.25568,0.045056,1.603072,0.82368,4.25568,hbm_floor_actual,0.05548308790697121
heldout_swe_b16_l26_s7,16,fixed_3+3,3x4x512+3x4x512,fixed_issue,7.139337017688013,3.15744,7.13856,0.090112,2.689024,1.64736,7.13856,hbm_floor_actual,0.010884795925414359
heldout_swe_b2_l26_s11,2,fixed_3+3,3x4x512+3x4x512,fixed_issue,1.9220932439921476,1.92192,1.92192,0.011264,0.723968,0.27456,1.92192,hbm_floor_unique,0.009014110480554116
heldout_swe_b4_l26_s11,4,fixed_3+3,3x4x512+3x4x512,fixed_issue,3.707826761842105,3.432,3.70656,0.022528,1.396224,0.54912,3.70656,hbm_floor_actual,0.034176213041337
heldout_swe_b8_l26_s11,8,fixed_3+3,3x4x512+3x4x512,fixed_issue,4.257109509114833,2.60832,4.25568,0.045056,1.603072,0.82368,4.25568,hbm_floor_actual,0.033590615714351735
heldout_swe_b16_l26_s11,16,fixed_3+3,3x4x512+3x4x512,fixed_issue,7.690387718859648,4.1184,7.68768,0.090112,2.895872,1.64736,7.68768,hbm_floor_actual,0.035221534450546876
v3_captured_mixed_heldout_bfcl_t64_l2,64,fixed_3+3,3x4x512+3x4x512,fixed_issue,26.67655913524764,8.64864,26.63232,0.360448,10.032128,6.04032,26.63232,hbm_floor_actual,0.1661107077702617
v3_captured_mixed_heldout_bfcl_t96_l2,96,fixed_3+3,3x4x512+3x4x512,fixed_issue,38.377582445693776,8.78592,38.30112,0.540672,14.427648,9.33504,38.30112,hbm_floor_actual,0.19963501248470017
v3_captured_mixed_heldout_bfcl_t128_l2,128,fixed_3+3,3x4x512+3x4x512,fixed_issue,51.0293980401006,9.06048,50.93088,0.720896,19.185152,12.3552,50.93088,hbm_floor_actual,0.19343478867948072
v3_captured_mixed_heldout_bfcl_t64_l13,64,fixed_3+3,3x4x512+3x4x512,fixed_issue,26.53916819868421,7.96224,26.49504,0.360448,9.980416,6.04032,26.49504,hbm_floor_actual,0.16655267810203878
v3_captured_mixed_heldout_bfcl_t96_l13,96,fixed_3+3,3x4x512+3x4x512,fixed_issue,38.50644906588778,8.64864,38.4384,0.540672,14.47936,9.33504,38.4384,hbm_floor_actual,0.1770340750077537
v3_captured_mixed_heldout_bfcl_t128_l13,128,fixed_3+3,3x4x512+3x4x512,fixed_issue,50.60914102741229,8.78592,50.51904,0.720896,19.030016,12.3552,50.51904,hbm_floor_actual,0.17835063257791717
v3_captured_mixed_heldout_bfcl_t64_l26,64,fixed_3+3,3x4x512+3x4x512,fixed_issue,26.40195566445896,8.51136,26.35776,0.360448,9.928704,6.04032,26.35776,hbm_floor_actual,0.16767610168300084
v3_captured_mixed_heldout_bfcl_t96_l26,96,fixed_3+3,3x4x512+3x4x512,fixed_issue,38.50645761776316,8.9232,38.4384,0.540672,14.47936,9.33504,38.4384,hbm_floor_actual,0.17705632326829868
v3_captured_mixed_heldout_bfcl_t128_l26,128,fixed_3+3,3x4x512+3x4x512,fixed_issue,50.74641966666666,9.06048,50.65632,0.720896,19.081728,12.3552,50.65632,hbm_floor_actual,0.17786461129956077
v3_captured_mixed_heldout_gpqa_t64_l2,64,fixed_3+3,3x4x512+3x4x512,fixed_issue,26.539174602192983,8.9232,26.49504,0.360448,9.980416,6.04032,26.49504,hbm_floor_actual,0.1665768468097628
v3_captured_mixed_heldout_gpqa_t96_l2,96,fixed_3+3,3x4x512+3x4x512,fixed_issue,38.918325227275204,9.06048,38.85024,0.540672,14.634496,9.33504,38.85024,hbm_floor_actual,0.17525046762956187
v3_captured_mixed_heldout_gpqa_t128_l2,128,fixed_3+3,3x4x512+3x4x512,fixed_issue,50.60914615021931,9.06048,50.51904,0.720896,19.030016,12.3552,50.51904,hbm_floor_actual,0.1783607729270109
v3_captured_mixed_heldout_gpqa_t64_l13,64,fixed_3+3,3x4x512+3x4x512,fixed_issue,26.264612088494285,7.96224,26.22048,0.360448,9.876992,6.04032,26.22048,hbm_floor_actual,0.16831152020972961
v3_captured_mixed_heldout_gpqa_t96_l13,96,fixed_3+3,3x4x512+3x4x512,fixed_issue,38.78119280973508,8.37408,38.71296,0.540672,14.582784,9.33504,38.71296,hbm_floor_actual,0.17625314554887694
v3_captured_mixed_heldout_gpqa_t128_l13,128,fixed_3+3,3x4x512+3x4x512,fixed_issue,49.9227476155257,8.51136,49.83264,0.720896,18.771456,12.3552,49.83264,hbm_floor_actual,0.18082047333976004
v3_captured_mixed_heldout_gpqa_t64_l26,64,fixed_3+3,3x4x512+3x4x512,fixed_issue,26.67649210081035,8.9232,26.63232,0.360448,10.032128,6.04032,26.63232,hbm_floor_actual,0.16585900443653045
v3_captured_mixed_heldout_gpqa_t96_l26,96,fixed_3+3,3x4x512+3x4x512,fixed_issue,38.91836319086716,9.06048,38.85024,0.540672,14.634496,9.33504,38.85024,hbm_floor_actual,0.17534818540931862
v3_captured_mixed_heldout_gpqa_t128_l26,128,fixed_3+3,3x4x512+3x4x512,fixed_issue,50.060052679411655,9.06048,49.96992,0.720896,18.823168,12.3552,49.96992,hbm_floor_actual,0.18037387174456576
v3_captured_mixed_heldout_swe_t64_l2,64,fixed_3+3,3x4x512+3x4x512,fixed_issue,26.676539523323992,8.78592,26.63232,0.360448,10.032128,6.04032,26.63232,hbm_floor_actual,0.16603706820881303
v3_captured_mixed_heldout_swe_t96_l2,96,fixed_3+3,3x4x512+3x4x512,fixed_issue,38.643752834924086,8.9232,38.57568,0.540672,14.531072,9.33504,38.57568,hbm_floor_actual,0.17646567714189043
v3_captured_mixed_heldout_swe_t128_l2,128,fixed_3+3,3x4x512+3x4x512,fixed_issue,50.88370222807018,9.06048,50.7936,0.720896,19.13344,12.3552,50.7936,hbm_floor_actual,0.17738893890208995
v3_captured_mixed_heldout_swe_t64_l13,64,fixed_3+3,3x4x512+3x4x512,fixed_issue,26.127453639473686,7.41312,26.0832,0.360448,9.82528,6.04032,26.0832,hbm_floor_actual,0.1696633828429217
v3_captured_mixed_heldout_swe_t96_l13,96,fixed_3+3,3x4x512+3x4x512,fixed_issue,38.64373497631579,8.2368,38.57568,0.540672,14.531072,9.33504,38.57568,hbm_floor_actual,0.17641938214902897
v3_captured_mixed_heldout_swe_t128_l13,128,fixed_3+3,3x4x512+3x4x512,fixed_issue,50.889383295243206,8.78592,50.7936,0.720896,19.13344,12.3552,50.7936,hbm_floor_actual,0.18857355108361507
v3_captured_mixed_heldout_swe_t64_l26,64,fixed_3+3,3x4x512+3x4x512,fixed_issue,27.08830656723728,8.37408,27.04416,0.360448,10.187264,6.04032,27.04416,hbm_floor_actual,0.16323881842617016
v3_captured_mixed_heldout_swe_t96_l26,96,fixed_3+3,3x4x512+3x4x512,fixed_issue,39.33013914679706,8.51136,39.26208,0.540672,14.789632,9.33504,39.26208,hbm_floor_actual,0.17334574937715175
v3_captured_mixed_heldout_swe_t128_l26,128,fixed_3+3,3x4x512+3x4x512,fixed_issue,50.33458582514377,9.06048,50.24448,0.720896,18.926592,12.3552,50.24448,hbm_floor_actual,0.17933477497182881
heldout_bfcl_b2_l2_s3,2,fixed_4+2,4x4x512+2x4x512,fixed_issue,1.9221965071547271,1.92192,1.92192,0.011264,0.723968,0.27456,1.92192,hbm_floor_unique,0.014387027281426157
heldout_bfcl_b4_l2_s3,4,fixed_4+2,4x4x512+2x4x512,fixed_issue,2.884233144188097,2.7456,2.88288,0.022528,1.03424,0.27456,2.88288,hbm_floor_actual,0.04693723596185251
heldout_bfcl_b8_l2_s3,8,fixed_4+2,4x4x512+2x4x512,fixed_issue,4.531886444298045,3.70656,4.53024,0.045056,1.499648,0.54912,4.53024,hbm_floor_actual,0.03634342326332973
heldout_bfcl_b16_l2_s3,16,fixed_4+2,4x4x512+2x4x512,fixed_issue,7.689792007108559,4.94208,7.68768,0.090112,2.5856,1.09824,7.68768,hbm_floor_actual,0.027472619939428178
heldout_bfcl_b2_l2_s7,2,fixed_4+2,4x4x512+2x4x512,fixed_issue,1.9221965071547271,1.92192,1.92192,0.011264,0.723968,0.27456,1.92192,hbm_floor_unique,0.014387027281426157
heldout_bfcl_b4_l2_s7,4,fixed_4+2,4x4x512+2x4x512,fixed_issue,3.0240668574660305,3.02016,3.02016,0.022528,1.137664,0.27456,3.02016,hbm_floor_unique,0.12935928778707861
heldout_bfcl_b8_l2_s7,8,fixed_4+2,4x4x512+2x4x512,fixed_issue,4.950753439996399,4.1184,4.94208,0.045056,1.654784,0.54912,4.94208,hbm_floor_actual,0.1755018129289576
heldout_bfcl_b16_l2_s7,16,fixed_4+2,4x4x512+2x4x512,fixed_issue,8.78809298882588,6.1776,8.78592,0.090112,2.895872,1.09824,8.78592,hbm_floor_actual,0.02473262704281165
heldout_bfcl_b2_l2_s11,2,fixed_4+2,4x4x512+2x4x512,fixed_issue,1.3754421813451474,1.3728,1.3728,0.011264,0.51712,0.27456,1.3728,hbm_floor_unique,0.19246658982716713
heldout_bfcl_b4_l2_s11,4,fixed_4+2,4x4x512+2x4x512,fixed_issue,3.02406685746603,3.02016,3.02016,0.022528,1.137664,0.27456,3.02016,hbm_floor_unique,0.12935928778707861
heldout_bfcl_b8_l2_s11,8,fixed_4+2,4x4x512+2x4x512,fixed_issue,4.950710156665513,4.25568,4.94208,0.045056,1.706496,0.54912,4.94208,hbm_floor_actual,0.1746260009047429
heldout_bfcl_b16_l2_s11,16,fixed_4+2,4x4x512+2x4x512,fixed_issue,8.78804196197476,7.00128,8.78592,0.090112,2.999296,1.09824,8.78592,hbm_floor_actual,0.02415184721415997
heldout_bfcl_b2_l13_s3,2,fixed_4+2,4x4x512+2x4x512,fixed_issue,1.6487879246616395,1.64736,1.64736,0.011264,0.620544,0.27456,1.64736,hbm_floor_unique,0.08667957590564601
heldout_bfcl_b4_l13_s3,4,fixed_4+2,4x4x512+2x4x512,fixed_issue,3.296326833702359,3.29472,3.29472,0.022528,1.241088,0.27456,3.29472,hbm_floor_unique,0.04876996231422126
heldout_bfcl_b8_l13_s3,8,fixed_4+2,4x4x512+2x4x512,fixed_issue,5.177075914692363,3.98112,5.07936,0.045056,1.758208,0.54912,5.07936,hbm_floor_actual,1.923783994289896
heldout_bfcl_b16_l13_s3,16,fixed_4+2,4x4x512+2x4x512,fixed_issue,8.535772737946555,5.4912,8.51136,0.090112,2.740736,1.09824,8.51136,hbm_floor_actual,0.2868253480825089
heldout_bfcl_b2_l13_s7,2,fixed_4+2,4x4x512+2x4x512,fixed_issue,1.9221965071547271,1.92192,1.92192,0.011264,0.723968,0.27456,1.92192,hbm_floor_unique,0.014387027281426157
heldout_bfcl_b4_l13_s7,4,fixed_4+2,4x4x512+2x4x512,fixed_issue,3.0240985546633925,3.02016,3.02016,0.022528,1.137664,0.27456,3.02016,hbm_floor_unique,0.13040880825494483
heldout_bfcl_b8_l13_s7,8,fixed_4+2,4x4x512+2x4x512,fixed_issue,4.949423649011639,4.39296,4.94208,0.045056,1.758208,0.54912,4.94208,hbm_floor_actual,0.1485942965641751
heldout_bfcl_b16_l13_s7,16,fixed_4+2,4x4x512+2x4x512,fixed_issue,8.103655331382884,5.4912,8.09952,0.090112,2.689024,1.09824,8.09952,hbm_floor_actual,0.05105649943308865
heldout_bfcl_b2_l13_s11,2,fixed_4+2,4x4x512+2x4x512,fixed_issue,1.23673598314903,1.23552,1.23552,0.011264,0.465408,0.27456,1.23552,hbm_floor_unique,0.09841873454334849
heldout_bfcl_b4_l13_s11,4,fixed_4+2,4x4x512+2x4x512,fixed_issue,2.8842421442940793,2.88288,2.88288,0.022528,1.085952,0.27456,2.88288,hbm_floor_unique,0.04724942745031324
heldout_bfcl_b8_l13_s11,8,fixed_4+2,4x4x512+2x4x512,fixed_issue,4.532733459830843,3.70656,4.53024,0.045056,1.55136,0.54912,4.53024,hbm_floor_actual,0.055040347329127215
heldout_bfcl_b16_l13_s11,16,fixed_4+2,4x4x512+2x4x512,fixed_issue,8.930757789073583,6.45216,8.9232,0.090112,2.947584,1.09824,8.9232,hbm_floor_actual,0.084698192056476
heldout_bfcl_b2_l26_s3,2,fixed_4+2,4x4x512+2x4x512,fixed_issue,1.7858388407111527,1.78464,1.78464,0.011264,0.672256,0.27456,1.78464,hbm_floor_unique,0.06717549260089051
heldout_bfcl_b4_l26_s3,4,fixed_4+2,4x4x512+2x4x512,fixed_issue,3.2951869954049138,3.29472,3.29472,0.022528,1.241088,0.27456,3.29472,hbm_floor_unique,0.014174054393500946
heldout_bfcl_b8_l26_s3,8,fixed_4+2,4x4x512+2x4x512,fixed_issue,5.081015453639335,4.25568,5.07936,0.045056,1.706496,0.54912,5.07936,hbm_floor_actual,0.032591776116186466
heldout_bfcl_b16_l26_s3,16,fixed_4+2,4x4x512+2x4x512,fixed_issue,9.062622662341713,6.31488,9.06048,0.090112,2.947584,1.09824,9.06048,hbm_floor_actual,0.02364844182332071
heldout_bfcl_b2_l26_s7,2,fixed_4+2,4x4x512+2x4x512,fixed_issue,1.648760744220868,1.64736,1.64736,0.011264,0.620544,0.27456,1.64736,hbm_floor_unique,0.08502963656200624
heldout_bfcl_b4_l26_s7,4,fixed_4+2,4x4x512+2x4x512,fixed_issue,3.2975385687999745,3.29472,3.29472,0.022528,1.241088,0.27456,3.29472,hbm_floor_unique,0.08554805264102683
heldout_bfcl_b8_l26_s7,8,fixed_4+2,4x4x512+2x4x512,fixed_issue,5.630193389602203,4.66752,5.62848,0.045056,1.861632,0.54912,5.62848,hbm_floor_actual,0.030441426498861723
heldout_bfcl_b16_l26_s7,16,fixed_4+2,4x4x512+2x4x512,fixed_issue,8.014469088839173,5.76576,7.96224,0.090112,2.637312,1.09824,7.96224,hbm_floor_actual,0.6559597404646622
heldout_bfcl_b2_l26_s11,2,fixed_4+2,4x4x512+2x4x512,fixed_issue,1.3765279484253103,1.3728,1.3728,0.011264,0.51712,0.27456,1.3728,hbm_floor_unique,0.27155801466423046
heldout_bfcl_b4_l26_s11,4,fixed_4+2,4x4x512+2x4x512,fixed_issue,3.022981098422664,3.02016,3.02016,0.022528,1.137664,0.27456,3.02016,hbm_floor_unique,0.09340890623885656
heldout_bfcl_b8_l26_s11,8,fixed_4+2,4x4x512+2x4x512,fixed_issue,5.080888165021431,4.53024,5.07936,0.045056,1.861632,0.54912,5.07936,hbm_floor_actual,0.030085778945188046
heldout_bfcl_b16_l26_s11,16,fixed_4+2,4x4x512+2x4x512,fixed_issue,8.655158591476575,6.58944,8.64864,0.090112,2.895872,1.09824,8.64864,hbm_floor_actual,0.07537128931918158
heldout_gpqa_b2_l2_s3,2,fixed_4+2,4x4x512+2x4x512,fixed_issue,1.7858388407111527,1.78464,1.78464,0.011264,0.672256,0.27456,1.78464,hbm_floor_unique,0.06717549260089051
heldout_gpqa_b4_l2_s3,4,fixed_4+2,4x4x512+2x4x512,fixed_issue,2.7518299764493537,2.47104,2.7456,0.022528,0.930816,0.27456,2.7456,hbm_floor_actual,0.22690765039894423
heldout_gpqa_b8_l2_s3,8,fixed_4+2,4x4x512+2x4x512,fixed_issue,4.531862119574249,3.15744,4.53024,0.045056,1.447936,0.54912,4.53024,hbm_floor_actual,0.035806482090317004
heldout_gpqa_b16_l2_s3,16,fixed_4+2,4x4x512+2x4x512,fixed_issue,8.055507914875783,3.84384,7.82496,0.090112,2.378752,1.09824,7.82496,hbm_floor_actual,2.9463142926709374
heldout_gpqa_b2_l2_s7,2,fixed_4+2,4x4x512+2x4x512,fixed_issue,1.9221965071547271,1.92192,1.92192,0.011264,0.723968,0.27456,1.92192,hbm_floor_unique,0.014387027281426157
heldout_gpqa_b4_l2_s7,4,fixed_4+2,4x4x512+2x4x512,fixed_issue,3.2951779458181365,3.29472,3.29472,0.022528,1.241088,0.27456,3.29472,hbm_floor_unique,0.0138993850201663
heldout_gpqa_b8_l2_s7,8,fixed_4+2,4x4x512+2x4x512,fixed_issue,5.355567130903105,4.66752,5.35392,0.045056,1.861632,0.54912,5.35392,hbm_floor_actual,0.030764951719586264
heldout_gpqa_b16_l2_s7,16,fixed_4+2,4x4x512+2x4x512,fixed_issue,8.82221596595434,6.45216,8.78592,0.090112,3.051008,1.09824,8.78592,hbm_floor_actual,0.4131151428005353
heldout_gpqa_b2_l2_s11,2,fixed_4+2,4x4x512+2x4x512,fixed_issue,1.5113007407853079,1.51008,1.51008,0.011264,0.568832,0.27456,1.51008,hbm_floor_unique,0.08083947773018796
heldout_gpqa_b4_l2_s11,4,fixed_4+2,4x4x512+2x4x512,fixed_issue,3.1587443576733554,3.15744,3.15744,0.022528,1.189376,0.27456,3.15744,hbm_floor_unique,0.041310608383859915
heldout_gpqa_b8_l2_s11,8,fixed_4+2,4x4x512+2x4x512,fixed_issue,5.773277193002736,5.21664,5.76576,0.045056,2.06848,0.54912,5.76576,hbm_floor_actual,0.1303764465176549
heldout_gpqa_b16_l2_s11,16,fixed_4+2,4x4x512+2x4x512,fixed_issue,8.539116136796913,6.864,8.51136,0.090112,2.947584,1.09824,8.51136,hbm_floor_actual,0.32610695349408747
heldout_gpqa_b2_l13_s3,2,fixed_4+2,4x4x512+2x4x512,fixed_issue,1.7858305304432955,1.78464,1.78464,0.011264,0.672256,0.27456,1.78464,hbm_floor_unique,0.06670983746277503
heldout_gpqa_b4_l13_s3,4,fixed_4+2,4x4x512+2x4x512,fixed_issue,2.7483372426629797,2.60832,2.7456,0.022528,0.982528,0.27456,2.7456,hbm_floor_actual,0.0996956098113344
heldout_gpqa_b8_l13_s3,8,fixed_4+2,4x4x512+2x4x512,fixed_issue,4.400929448399462,3.84384,4.39296,0.045056,1.55136,0.54912,4.39296,hbm_floor_actual,0.18141408980418827
heldout_gpqa_b16_l13_s3,16,fixed_4+2,4x4x512+2x4x512,fixed_issue,7.5824237605824,4.39296,7.5504,0.090112,2.430464,1.09824,7.5504,hbm_floor_actual,0.42413329866497484
heldout_gpqa_b2_l13_s7,2,fixed_4+2,4x4x512+2x4x512,fixed_issue,1.7858305304432955,1.78464,1.78464,0.011264,0.672256,0.27456,1.78464,hbm_floor_unique,0.06670983746277503
heldout_gpqa_b4_l13_s7,4,fixed_4+2,4x4x512+2x4x512,fixed_issue,3.1587802512745458,3.15744,3.15744,0.022528,1.189376,0.27456,3.15744,hbm_floor_unique,0.04244740278660508
heldout_gpqa_b8_l13_s7,8,fixed_4+2,4x4x512+2x4x512,fixed_issue,5.355504273260781,4.8048,5.35392,0.045056,1.913344,0.54912,5.35392,hbm_floor_actual,0.029590902755005644
heldout_gpqa_b16_l13_s7,16,fixed_4+2,4x4x512+2x4x512,fixed_issue,8.375216287550458,6.04032,8.37408,0.090112,2.895872,1.09824,8.37408,hbm_floor_actual,0.013569103118893366
heldout_gpqa_b2_l13_s11,2,fixed_4+2,4x4x512+2x4x512,fixed_issue,1.2739972851178367,1.23552,1.23552,0.011264,0.465408,0.27456,1.23552,hbm_floor_unique,3.1142583784832922
heldout_gpqa_b4_l13_s11,4,fixed_4+2,4x4x512+2x4x512,fixed_issue,3.2963582573090555,3.29472,3.29472,0.022528,1.241088,0.27456,3.29472,hbm_floor_unique,0.04972371883058546
heldout_gpqa_b8_l13_s11,8,fixed_4+2,4x4x512+2x4x512,fixed_issue,4.953264919453717,4.1184,4.94208,0.045056,1.706496,0.54912,4.94208,hbm_floor_actual,0.22632008089138456
heldout_gpqa_b16_l13_s11,16,fixed_4+2,4x4x512+2x4x512,fixed_issue,8.65626597455134,6.1776,8.64864,0.090112,2.895872,1.09824,8.64864,hbm_floor_actual,0.0881754189252959
heldout_gpqa_b2_l26_s3,2,fixed_4+2,4x4x512+2x4x512,fixed_issue,1.9221965071547271,1.92192,1.92192,0.011264,0.723968,0.27456,1.92192,hbm_floor_unique,0.014387027281426157
heldout_gpqa_b4_l26_s3,4,fixed_4+2,4x4x512+2x4x512,fixed_issue,2.6097081242831144,2.33376,2.60832,0.022528,0.879104,0.27456,2.60832,hbm_floor_actual,0.05321909440232364
heldout_gpqa_b8_l26_s3,8,fixed_4+2,4x4x512+2x4x512,fixed_issue,4.395540948936182,3.432,4.39296,0.045056,1.499648,0.54912,4.39296,hbm_floor_actual,0.05875193346132068
heldout_gpqa_b16_l26_s3,16,fixed_4+2,4x4x512+2x4x512,fixed_issue,7.8259804780334115,4.66752,7.82496,0.090112,2.5856,1.09824,7.82496,hbm_floor_actual,0.013041319488049652
heldout_gpqa_b2_l26_s7,2,fixed_4+2,4x4x512+2x4x512,fixed_issue,1.9221965071547271,1.92192,1.92192,0.011264,0.723968,0.27456,1.92192,hbm_floor_unique,0.014387027281426157
heldout_gpqa_b4_l26_s7,4,fixed_4+2,4x4x512+2x4x512,fixed_issue,3.1587802512745466,3.15744,3.15744,0.022528,1.189376,0.27456,3.15744,hbm_floor_unique,0.04244740278664949
heldout_gpqa_b8_l26_s7,8,fixed_4+2,4x4x512+2x4x512,fixed_issue,5.493900276701755,4.66752,5.4912,0.045056,1.861632,0.54912,5.4912,hbm_floor_actual,0.04917461942297585
heldout_gpqa_b16_l26_s7,16,fixed_4+2,4x4x512+2x4x512,fixed_issue,9.062521596543133,6.31488,9.06048,0.090112,3.051008,1.09824,9.06048,hbm_floor_actual,0.022532984379775023
heldout_gpqa_b2_l26_s11,2,fixed_4+2,4x4x512+2x4x512,fixed_issue,1.7858590605633935,1.78464,1.78464,0.011264,0.672256,0.27456,1.78464,hbm_floor_unique,0.06830848593517569
heldout_gpqa_b4_l26_s11,4,fixed_4+2,4x4x512+2x4x512,fixed_issue,3.433301737719298,3.432,3.432,0.022528,1.2928,0.27456,3.432,hbm_floor_unique,0.03792942072546879
heldout_gpqa_b8_l26_s11,8,fixed_4+2,4x4x512+2x4x512,fixed_issue,5.355497049892308,4.66752,5.35392,0.045056,1.861632,0.54912,5.35392,hbm_floor_actual,0.029455985377224714
heldout_gpqa_b16_l26_s11,16,fixed_4+2,4x4x512+2x4x512,fixed_issue,8.656997050201097,6.864,8.64864,0.090112,3.051008,1.09824,8.64864,hbm_floor_actual,0.0966284895786762
heldout_swe_b2_l2_s3,2,fixed_4+2,4x4x512+2x4x512,fixed_issue,1.7858388407111525,1.78464,1.78464,0.011264,0.672256,0.27456,1.78464,hbm_floor_unique,0.06717549260089051
heldout_swe_b4_l2_s3,4,fixed_4+2,4x4x512+2x4x512,fixed_issue,2.4772645623654985,2.0592,2.47104,0.022528,0.77568,0.27456,2.47104,hbm_floor_actual,0.25190051012926595
heldout_swe_b8_l2_s3,8,fixed_4+2,4x4x512+2x4x512,fixed_issue,3.5790834980421824,2.33376,3.56928,0.045056,1.137664,0.54912,3.56928,hbm_floor_actual,0.2746631825517376
heldout_swe_b16_l2_s3,16,fixed_4+2,4x4x512+2x4x512,fixed_issue,6.9504345674657815,2.7456,6.864,0.090112,2.06848,1.09824,6.864,hbm_floor_actual,1.2592448640119658
heldout_swe_b2_l2_s7,2,fixed_4+2,4x4x512+2x4x512,fixed_issue,1.7858305374979169,1.78464,1.78464,0.011264,0.672256,0.27456,1.78464,hbm_floor_unique,0.06671023275937049
heldout_swe_b4_l2_s7,4,fixed_4+2,4x4x512+2x4x512,fixed_issue,2.6097117488972605,2.33376,2.60832,0.022528,0.879104,0.27456,2.60832,hbm_floor_actual,0.05335805795532167
heldout_swe_b8_l2_s7,8,fixed_4+2,4x4x512+2x4x512,fixed_issue,3.8578923195048738,2.47104,3.84384,0.045056,1.085952,0.54912,3.84384,hbm_floor_actual,0.36558024019921476
heldout_swe_b16_l2_s7,16,fixed_4+2,4x4x512+2x4x512,fixed_issue,7.282074392402505,3.02016,7.27584,0.090112,2.171904,1.09824,7.27584,hbm_floor_actual,0.08568622183149355
heldout_swe_b2_l2_s11,2,fixed_4+2,4x4x512+2x4x512,fixed_issue,1.7858388407111527,1.78464,1.78464,0.011264,0.672256,0.27456,1.78464,hbm_floor_unique,0.06717549260089051
heldout_swe_b4_l2_s11,4,fixed_4+2,4x4x512+2x4x512,fixed_issue,2.884178660304934,2.88288,2.88288,0.022528,1.085952,0.27456,2.88288,hbm_floor_unique,0.04504732437473624
heldout_swe_b8_l2_s11,8,fixed_4+2,4x4x512+2x4x512,fixed_issue,3.7081350220400133,2.60832,3.70656,0.045056,1.241088,0.54912,3.70656,hbm_floor_actual,0.04249282461401549
heldout_swe_b16_l2_s11,16,fixed_4+2,4x4x512+2x4x512,fixed_issue,7.555507015822311,3.84384,7.5504,0.090112,2.32704,1.09824,7.5504,hbm_floor_actual,0.06763901014927853
heldout_swe_b2_l13_s3,2,fixed_4+2,4x4x512+2x4x512,fixed_issue,1.9221965071547271,1.92192,1.92192,0.011264,0.723968,0.27456,1.92192,hbm_floor_unique,0.014387027281426157
heldout_swe_b4_l13_s3,4,fixed_4+2,4x4x512+2x4x512,fixed_issue,2.750688816058041,2.60832,2.7456,0.022528,0.982528,0.27456,2.7456,hbm_floor_actual,0.18534440770836547
heldout_swe_b8_l13_s3,8,fixed_4+2,4x4x512+2x4x512,fixed_issue,3.8560060009961385,2.7456,3.84384,0.045056,1.137664,0.54912,3.84384,hbm_floor_actual,0.3165064361716041
heldout_swe_b16_l13_s3,16,fixed_4+2,4x4x512+2x4x512,fixed_issue,6.976703067085772,2.88288,6.864,0.090112,2.016768,1.09824,6.864,hbm_floor_actual,1.6419444505502812
heldout_swe_b2_l13_s7,2,fixed_4+2,4x4x512+2x4x512,fixed_issue,1.9221965071547271,1.92192,1.92192,0.011264,0.723968,0.27456,1.92192,hbm_floor_unique,0.014387027281426157
heldout_swe_b4_l13_s7,4,fixed_4+2,4x4x512+2x4x512,fixed_issue,2.8842228712286038,2.88288,2.88288,0.022528,1.085952,0.27456,2.88288,hbm_floor_unique,0.04658089232307816
heldout_swe_b8_l13_s7,8,fixed_4+2,4x4x512+2x4x512,fixed_issue,3.8536948070686243,2.88288,3.84384,0.045056,1.241088,0.54912,3.84384,hbm_floor_actual,0.2563792215239058
heldout_swe_b16_l13_s7,16,fixed_4+2,4x4x512+2x4x512,fixed_issue,6.940607192059495,3.02016,6.864,0.090112,2.06848,1.09824,6.864,hbm_floor_actual,1.1160721453889133
heldout_swe_b2_l13_s11,2,fixed_4+2,4x4x512+2x4x512,fixed_issue,1.648787924661639,1.64736,1.64736,0.011264,0.620544,0.27456,1.64736,hbm_floor_unique,0.08667957590564601
heldout_swe_b4_l13_s11,4,fixed_4+2,4x4x512+2x4x512,fixed_issue,3.022922494375196,3.02016,3.02016,0.022528,1.137664,0.27456,3.02016,hbm_floor_unique,0.09146847766992039
heldout_swe_b8_l13_s11,8,fixed_4+2,4x4x512+2x4x512,fixed_issue,3.857262057860638,2.60832,3.84384,0.045056,1.241088,0.54912,3.84384,hbm_floor_actual,0.349183573214229
heldout_swe_b16_l13_s11,16,fixed_4+2,4x4x512+2x4x512,fixed_issue,7.554165760294794,3.84384,7.5504,0.090112,2.378752,1.09824,7.5504,hbm_floor_actual,0.04987497741566482
heldout_swe_b2_l26_s3,2,fixed_4+2,4x4x512+2x4x512,fixed_issue,1.6488193482683355,1.64736,1.64736,0.011264,0.620544,0.27456,1.64736,hbm_floor_unique,0.08858708893839662
heldout_swe_b4_l26_s3,4,fixed_4+2,4x4x512+2x4x512,fixed_issue,2.609729893740085,2.60832,2.60832,0.022528,0.982528,0.27456,2.60832,hbm_floor_unique,0.054053710437562685
heldout_swe_b8_l26_s3,8,fixed_4+2,4x4x512+2x4x512,fixed_issue,4.257238360929418,3.15744,4.25568,0.045056,1.396224,0.54912,4.25568,hbm_floor_actual,0.03661837660300371
heldout_swe_b16_l26_s3,16,fixed_4+2,4x4x512+2x4x512,fixed_issue,7.281021114458872,3.84384,7.27584,0.090112,2.378752,1.09824,7.27584,hbm_floor_actual,0.07120984599540137
heldout_swe_b2_l26_s7,2,fixed_4+2,4x4x512+2x4x512,fixed_issue,1.9221965071547271,1.92192,1.92192,0.011264,0.723968,0.27456,1.92192,hbm_floor_unique,0.014387027281426157
heldout_swe_b4_l26_s7,4,fixed_4+2,4x4x512+2x4x512,fixed_issue,2.626754353049706,2.47104,2.60832,0.022528,0.930816,0.27456,2.60832,hbm_floor_actual,0.7067519725227678
heldout_swe_b8_l26_s7,8,fixed_4+2,4x4x512+2x4x512,fixed_issue,4.120892537884894,3.02016,4.1184,0.045056,1.2928,0.54912,4.1184,hbm_floor_actual,0.06052199603958641
heldout_swe_b16_l26_s7,16,fixed_4+2,4x4x512+2x4x512,fixed_issue,7.090872176246701,3.15744,7.00128,0.090112,2.016768,1.09824,7.00128,hbm_floor_actual,1.2796542381778853
heldout_swe_b2_l26_s11,2,fixed_4+2,4x4x512+2x4x512,fixed_issue,1.9221965071547271,1.92192,1.92192,0.011264,0.723968,0.27456,1.92192,hbm_floor_unique,0.014387027281426157
heldout_swe_b4_l26_s11,4,fixed_4+2,4x4x512+2x4x512,fixed_issue,3.433329328107252,3.432,3.432,0.022528,1.2928,0.27456,3.432,hbm_floor_unique,0.038733336458407486
heldout_swe_b8_l26_s11,8,fixed_4+2,4x4x512+2x4x512,fixed_issue,3.7081555272702036,2.60832,3.70656,0.045056,1.137664,0.54912,3.70656,hbm_floor_actual,0.04304603919007555
heldout_swe_b16_l26_s11,16,fixed_4+2,4x4x512+2x4x512,fixed_issue,8.261083562121216,4.1184,8.2368,0.090112,2.533888,1.09824,8.2368,hbm_floor_actual,0.2948179161958109
v3_captured_mixed_heldout_bfcl_t64_l2,64,fixed_4+2,4x4x512+2x4x512,fixed_issue,25.157863431639075,8.64864,25.12224,0.360448,7.911936,4.66752,25.12224,hbm_floor_actual,0.14180037942108648
v3_captured_mixed_heldout_bfcl_t96_l2,96,fixed_4+2,4x4x512+2x4x512,fixed_issue,36.29403658050651,8.78592,36.24192,0.540672,11.324928,6.864,36.24192,hbm_floor_actual,0.14380193021370502
v3_captured_mixed_heldout_bfcl_t128_l2,128,fixed_4+2,4x4x512+2x4x512,fixed_issue,47.155323823951385,9.06048,47.08704,0.720896,14.47936,9.06048,47.08704,hbm_floor_actual,0.1450161741986422
v3_captured_mixed_heldout_bfcl_t64_l13,64,fixed_4+2,4x4x512+2x4x512,fixed_issue,31.68914499971227,7.96224,30.06432,0.360448,8.067072,4.66752,30.06432,hbm_floor_actual,5.404496092751376
v3_captured_mixed_heldout_bfcl_t96_l13,96,fixed_4+2,4x4x512+2x4x512,fixed_issue,36.5683664816532,8.64864,36.51648,0.540672,11.273216,6.864,36.51648,hbm_floor_actual,0.14209058938101649
v3_captured_mixed_heldout_bfcl_t128_l13,128,fixed_4+2,4x4x512+2x4x512,fixed_issue,58.1618520160401,8.78592,56.42208,0.720896,14.634496,9.06048,56.42208,hbm_floor_actual,3.0834950006098705
v3_captured_mixed_heldout_bfcl_t64_l26,64,fixed_4+2,4x4x512+2x4x512,fixed_issue,25.844122380291356,8.51136,25.80864,0.360448,8.118784,4.66752,25.80864,hbm_floor_actual,0.1374825651074829
v3_captured_mixed_heldout_bfcl_t96_l26,96,fixed_4+2,4x4x512+2x4x512,fixed_issue,37.117599238043724,8.9232,37.0656,0.540672,11.37664,6.864,37.0656,hbm_floor_actual,0.14028975126187948
v3_captured_mixed_heldout_bfcl_t128_l26,128,fixed_4+2,4x4x512+2x4x512,fixed_issue,47.84185161994244,9.06048,47.77344,0.720896,14.634496,9.06048,47.77344,hbm_floor_actual,0.14320011274557842
v3_captured_mixed_heldout_gpqa_t64_l2,64,fixed_4+2,4x4x512+2x4x512,fixed_issue,30.63517547164658,8.9232,29.78976,0.360448,7.963648,4.66752,29.78976,hbm_floor_actual,2.8379398546567014
v3_captured_mixed_heldout_gpqa_t96_l2,96,fixed_4+2,4x4x512+2x4x512,fixed_issue,36.43110047962741,9.06048,36.3792,0.540672,11.221504,6.864,36.3792,hbm_floor_actual,0.1426652582448451
v3_captured_mixed_heldout_gpqa_t128_l2,128,fixed_4+2,4x4x512+2x4x512,fixed_issue,58.35398852550109,9.06048,56.55936,0.720896,14.531072,9.06048,56.55936,hbm_floor_actual,3.173000057817288
v3_captured_mixed_heldout_gpqa_t64_l13,64,fixed_4+2,4x4x512+2x4x512,fixed_issue,30.104417686369498,7.96224,29.24064,0.360448,7.860224,4.66752,29.24064,hbm_floor_actual,2.9540313972932886
v3_captured_mixed_heldout_gpqa_t96_l13,96,fixed_4+2,4x4x512+2x4x512,fixed_issue,44.091162463463725,8.37408,42.83136,0.540672,11.221504,6.864,42.83136,hbm_floor_actual,2.9413085726526678
v3_captured_mixed_heldout_gpqa_t128_l13,128,fixed_4+2,4x4x512+2x4x512,fixed_issue,57.59061457276967,8.51136,55.87296,0.720896,14.47936,9.06048,55.87296,hbm_floor_actual,3.0742143834328273
v3_captured_mixed_heldout_gpqa_t64_l26,64,fixed_4+2,4x4x512+2x4x512,fixed_issue,30.50741362551285,8.9232,29.65248,0.360448,7.911936,4.66752,29.65248,hbm_floor_actual,2.8831774796335807
v3_captured_mixed_heldout_gpqa_t96_l26,96,fixed_4+2,4x4x512+2x4x512,fixed_issue,36.70566719790881,9.06048,36.65376,0.540672,11.37664,6.864,36.65376,hbm_floor_actual,0.14161493366249278
v3_captured_mixed_heldout_gpqa_t128_l26,128,fixed_4+2,4x4x512+2x4x512,fixed_issue,47.15544076378414,9.06048,47.08704,0.720896,14.427648,9.06048,47.08704,hbm_floor_actual,0.1452645224336413
v3_captured_mixed_heldout_swe_t64_l2,64,fixed_4+2,4x4x512+2x4x512,fixed_issue,30.653538476735456,8.78592,29.78976,0.360448,7.963648,4.66752,29.78976,hbm_floor_actual,2.899581858784539
v3_captured_mixed_heldout_swe_t96_l2,96,fixed_4+2,4x4x512+2x4x512,fixed_issue,35.881932917797585,8.9232,35.83008,0.540672,11.066368,6.864,35.83008,hbm_floor_actual,0.14471895624454945
v3_captured_mixed_heldout_swe_t128_l2,128,fixed_4+2,4x4x512+2x4x512,fixed_issue,47.15532169527644,9.06048,47.08704,0.720896,14.47936,9.06048,47.08704,hbm_floor_actual,0.14501165347500233
v3_captured_mixed_heldout_swe_t64_l13,64,fixed_4+2,4x4x512+2x4x512,fixed_issue,25.15761727153774,7.41312,25.12224,0.360448,7.963648,4.66752,25.12224,hbm_floor_actual,0.1408205300870602
v3_captured_mixed_heldout_swe_t96_l13,96,fixed_4+2,4x4x512+2x4x512,fixed_issue,35.607441888488935,8.2368,35.55552,0.540672,11.169792,6.864,35.55552,hbm_floor_actual,0.14603045740557707
v3_captured_mixed_heldout_swe_t128_l13,128,fixed_4+2,4x4x512+2x4x512,fixed_issue,58.620363514596576,8.78592,56.69664,0.720896,14.73792,9.06048,56.69664,hbm_floor_actual,3.393011498735321
v3_captured_mixed_heldout_swe_t64_l26,64,fixed_4+2,4x4x512+2x4x512,fixed_issue,25.020540826170297,8.37408,24.98496,0.360448,7.808512,4.66752,24.98496,hbm_floor_actual,0.14240897792230367
v3_captured_mixed_heldout_swe_t96_l26,96,fixed_4+2,4x4x512+2x4x512,fixed_issue,36.293877392397,8.51136,36.24192,0.540672,11.273216,6.864,36.24192,hbm_floor_actual,0.14336269269674684
v3_captured_mixed_heldout_swe_t128_l26,128,fixed_4+2,4x4x512+2x4x512,fixed_issue,47.70450275745273,9.06048,47.63616,0.720896,14.686208,9.06048,47.63616,hbm_floor_actual,0.14346823390618546
heldout_bfcl_b2_l2_s3,2,previous_asym,1x2x64+5x19x128,fixed_issue,2.054774933333333,1.92192,1.92192,0.011264,0.709916,0.27456,1.92192,hbm_floor_unique,6.912615162615143
heldout_bfcl_b4_l2_s3,4,previous_asym,1x2x64+5x19x128,fixed_issue,6.164223466666668,2.7456,3.02016,0.022528,1.015514,0.27456,3.02016,hbm_floor_actual,104.10254644345555
heldout_bfcl_b8_l2_s3,8,previous_asym,1x2x64+5x19x128,fixed_issue,10.273761333333333,3.70656,4.1184,0.045056,1.372388,0.43435519999999994,4.1184,hbm_floor_actual,149.46001683501683
heldout_bfcl_b16_l2_s3,16,previous_asym,1x2x64+5x19x128,fixed_issue,10.274102666666675,4.94208,5.35392,0.090112,1.830344,0.8687103999999999,5.35392,hbm_floor_actual,91.89869603331158
heldout_bfcl_b2_l2_s7,2,previous_asym,1x2x64+5x19x128,fixed_issue,2.054774933333333,1.92192,1.92192,0.011264,0.709916,0.27456,1.92192,hbm_floor_unique,6.912615162615143
heldout_bfcl_b4_l2_s7,4,previous_asym,1x2x64+5x19x128,fixed_issue,4.109545866666667,3.02016,3.02016,0.022528,1.116596,0.27456,3.02016,hbm_floor_unique,36.07046867274142
heldout_bfcl_b8_l2_s7,8,previous_asym,1x2x64+5x19x128,fixed_issue,8.219075733333334,4.1184,4.53024,0.045056,1.524158,0.43435519999999994,4.53024,hbm_floor_actual,81.42693838148382
heldout_bfcl_b16_l2_s7,16,previous_asym,1x2x64+5x19x128,fixed_issue,8.219417066666686,6.1776,6.58944,0.090112,2.287712,0.8687103999999999,6.58944,hbm_floor_actual,24.736200142450436
heldout_bfcl_b2_l2_s11,2,previous_asym,1x2x64+5x19x128,fixed_issue,2.0547749333333334,1.3728,1.3728,0.011264,0.50834,0.27456,1.3728,hbm_floor_unique,49.67766122766124
heldout_bfcl_b4_l2_s11,4,previous_asym,1x2x64+5x19x128,fixed_issue,4.109545866666667,3.02016,3.02016,0.022528,1.116596,0.27456,3.02016,hbm_floor_unique,36.07046867274142
heldout_bfcl_b8_l2_s11,8,previous_asym,1x2x64+5x19x128,fixed_issue,6.164398133333336,4.25568,4.39296,0.045056,1.574552,0.43435519999999994,4.39296,hbm_floor_actual,40.324476738539296
heldout_bfcl_b16_l2_s11,16,previous_asym,1x2x64+5x19x128,fixed_issue,10.274102666666689,7.00128,7.41312,0.090112,2.593016,0.8687103999999999,7.41312,hbm_floor_actual,38.59350269072521
heldout_bfcl_b2_l13_s3,2,previous_asym,1x2x64+5x19x128,fixed_issue,2.0547749333333334,1.64736,1.64736,0.011264,0.609128,0.27456,1.64736,hbm_floor_unique,24.731384356384357
heldout_bfcl_b4_l13_s3,4,previous_asym,1x2x64+5x19x128,fixed_issue,4.109545866666667,3.29472,3.29472,0.022528,1.217384,0.27456,3.29472,hbm_floor_unique,24.731262950012955
heldout_bfcl_b8_l13_s3,8,previous_asym,1x2x64+5x19x128,fixed_issue,4.180204280344728,3.98112,3.98112,0.045056,1.472882,0.43435519999999994,3.98112,hbm_floor_unique,5.000710361524585
heldout_bfcl_b16_l13_s3,16,previous_asym,1x2x64+5x19x128,fixed_issue,8.219425066666679,5.4912,5.62848,0.090112,2.033684,0.8687103999999999,5.62848,hbm_floor_actual,46.03276669130349
heldout_bfcl_b2_l13_s7,2,previous_asym,1x2x64+5x19x128,fixed_issue,2.054774933333333,1.92192,1.92192,0.011264,0.709916,0.27456,1.92192,hbm_floor_unique,6.912615162615143
heldout_bfcl_b4_l13_s7,4,previous_asym,1x2x64+5x19x128,fixed_issue,4.109545866666667,3.02016,3.02016,0.022528,1.116596,0.27456,3.02016,hbm_floor_unique,36.07046867274142
heldout_bfcl_b8_l13_s7,8,previous_asym,1x2x64+5x19x128,fixed_issue,6.164398133333337,4.39296,4.53024,0.045056,1.624946,0.43435519999999994,4.53024,hbm_floor_actual,36.072219867674484
heldout_bfcl_b16_l13_s7,16,previous_asym,1x2x64+5x19x128,fixed_issue,10.274110666666678,5.4912,5.62848,0.090112,2.03486,0.8687103999999999,5.62848,hbm_floor_actual,82.53792616597512
heldout_bfcl_b2_l13_s11,2,previous_asym,1x2x64+5x19x128,fixed_issue,4.109456533333334,1.23552,1.3728,0.011264,0.457946,0.27456,1.3728,hbm_floor_actual,199.34852369852373
heldout_bfcl_b4_l13_s11,4,previous_asym,1x2x64+5x19x128,fixed_issue,6.164227466666667,2.88288,3.02016,0.022528,1.066202,0.27456,3.02016,hbm_floor_actual,104.10267888676982
heldout_bfcl_b8_l13_s11,8,previous_asym,1x2x64+5x19x128,fixed_issue,6.164398133333334,3.70656,3.84384,0.045056,1.372094,0.43435519999999994,3.84384,hbm_floor_actual,60.37083055833057
heldout_bfcl_b16_l13_s11,16,previous_asym,1x2x64+5x19x128,fixed_issue,8.219417066666686,6.45216,6.864,0.090112,2.389088,0.8687103999999999,6.864,hbm_floor_actual,19.746752136752434
heldout_bfcl_b2_l26_s3,2,previous_asym,1x2x64+5x19x128,fixed_issue,2.0547749333333334,1.78464,1.78464,0.011264,0.659522,0.27456,1.78464,hbm_floor_unique,15.136662482816332
heldout_bfcl_b4_l26_s3,4,previous_asym,1x2x64+5x19x128,fixed_issue,4.109545866666667,3.29472,3.29472,0.022528,1.217384,0.27456,3.29472,hbm_floor_unique,24.731262950012955
heldout_bfcl_b8_l26_s3,8,previous_asym,1x2x64+5x19x128,fixed_issue,6.164398133333336,4.25568,4.39296,0.045056,1.574846,0.43435519999999994,4.39296,hbm_floor_actual,40.324476738539296
heldout_bfcl_b16_l26_s3,16,previous_asym,1x2x64+5x19x128,fixed_issue,8.219421066666685,6.31488,6.58944,0.090112,2.338106,0.8687103999999999,6.58944,hbm_floor_actual,24.73626084563614
heldout_bfcl_b2_l26_s7,2,previous_asym,1x2x64+5x19x128,fixed_issue,4.109456533333333,1.64736,1.78464,0.011264,0.609128,0.27456,1.78464,hbm_floor_actual,130.26809515271052
heldout_bfcl_b4_l26_s7,4,previous_asym,1x2x64+5x19x128,fixed_issue,4.109545866666667,3.29472,3.29472,0.022528,1.217384,0.27456,3.29472,hbm_floor_unique,24.731262950012955
heldout_bfcl_b8_l26_s7,8,previous_asym,1x2x64+5x19x128,fixed_issue,6.164398133333339,4.66752,4.8048,0.045056,1.726322,0.43435519999999994,4.8048,hbm_floor_actual,28.296664446664565
heldout_bfcl_b16_l26_s7,16,previous_asym,1x2x64+5x19x128,fixed_issue,8.219421066666682,5.76576,6.04032,0.090112,2.137412,0.8687103999999999,6.04032,hbm_floor_actual,36.07592092251208
heldout_bfcl_b2_l26_s11,2,previous_asym,1x2x64+5x19x128,fixed_issue,4.109456533333334,1.3728,1.51008,0.011264,0.50834,0.27456,1.51008,hbm_floor_actual,172.13502154411248
heldout_bfcl_b4_l26_s11,4,previous_asym,1x2x64+5x19x128,fixed_issue,6.164227466666667,3.02016,3.15744,0.022528,1.116596,0.27456,3.15744,hbm_floor_actual,95.22864936995374
heldout_bfcl_b8_l26_s11,8,previous_asym,1x2x64+5x19x128,fixed_issue,14.383124533333335,4.53024,5.21664,0.045056,1.67534,0.43435519999999994,5.21664,hbm_floor_actual,175.71625669651988
heldout_bfcl_b16_l26_s11,16,previous_asym,1x2x64+5x19x128,fixed_issue,12.328784266666688,6.58944,7.13856,0.090112,2.44154,0.8687103999999999,7.13856,hbm_floor_actual,72.70688019245742
heldout_gpqa_b2_l2_s3,2,previous_asym,1x2x64+5x19x128,fixed_issue,2.0547749333333334,1.78464,1.78464,0.011264,0.659522,0.27456,1.78464,hbm_floor_unique,15.136662482816332
heldout_gpqa_b4_l2_s3,4,previous_asym,1x2x64+5x19x128,fixed_issue,4.109545866666667,2.47104,2.47104,0.022528,0.914138,0.27456,2.47104,hbm_floor_unique,66.30835060001728
heldout_gpqa_b8_l2_s3,8,previous_asym,1x2x64+5x19x128,fixed_issue,8.219075733333334,3.15744,3.56928,0.045056,1.168754,0.43435519999999994,3.56928,hbm_floor_actual,130.2726525611141
heldout_gpqa_b16_l2_s3,16,previous_asym,1x2x64+5x19x128,fixed_issue,6.164739466666674,3.84384,3.98112,0.090112,1.424546,0.8687103999999999,3.98112,hbm_floor_actual,54.84937572006557
heldout_gpqa_b2_l2_s7,2,previous_asym,1x2x64+5x19x128,fixed_issue,2.054774933333333,1.92192,1.92192,0.011264,0.709916,0.27456,1.92192,hbm_floor_unique,6.912615162615143
heldout_gpqa_b4_l2_s7,4,previous_asym,1x2x64+5x19x128,fixed_issue,4.109545866666667,3.29472,3.29472,0.022528,1.217384,0.27456,3.29472,hbm_floor_unique,24.731262950012955
heldout_gpqa_b8_l2_s7,8,previous_asym,1x2x64+5x19x128,fixed_issue,6.164402133333337,4.66752,4.66752,0.045056,1.727204,0.43435519999999994,4.66752,hbm_floor_unique,32.070181452534484
heldout_gpqa_b16_l2_s7,16,previous_asym,1x2x64+5x19x128,fixed_issue,10.274098666666687,6.45216,7.00128,0.090112,2.389382,0.8687103999999999,7.00128,hbm_floor_actual,46.74600454012248
heldout_gpqa_b2_l2_s11,2,previous_asym,1x2x64+5x19x128,fixed_issue,4.109456533333334,1.51008,1.64736,0.011264,0.558734,0.27456,1.64736,hbm_floor_actual,149.45710308210312
heldout_gpqa_b4_l2_s11,4,previous_asym,1x2x64+5x19x128,fixed_issue,4.109541866666667,3.15744,3.29472,0.022528,1.16699,0.27456,3.29472,hbm_floor_actual,24.731141543641577
heldout_gpqa_b8_l2_s11,8,previous_asym,1x2x64+5x19x128,fixed_issue,6.1644021333333425,5.21664,5.21664,0.045056,1.929368,0.43435519999999994,5.21664,hbm_floor_unique,18.16805708910989
heldout_gpqa_b16_l2_s11,16,previous_asym,1x2x64+5x19x128,fixed_issue,8.219421066666689,6.864,7.13856,0.090112,2.54321,0.8687103999999999,7.13856,hbm_floor_actual,15.141163857510321
heldout_gpqa_b2_l13_s3,2,previous_asym,1x2x64+5x19x128,fixed_issue,2.0547749333333334,1.78464,1.78464,0.011264,0.659522,0.27456,1.78464,hbm_floor_unique,15.136662482816332
heldout_gpqa_b4_l13_s3,4,previous_asym,1x2x64+5x19x128,fixed_issue,4.109545866666667,2.60832,2.60832,0.022528,0.964532,0.27456,2.60832,hbm_floor_unique,57.555279515805836
heldout_gpqa_b8_l13_s3,8,previous_asym,1x2x64+5x19x128,fixed_issue,8.219079733333333,3.84384,4.1184,0.045056,1.42337,0.43435519999999994,4.1184,hbm_floor_actual,99.56972934472934
heldout_gpqa_b16_l13_s3,16,previous_asym,1x2x64+5x19x128,fixed_issue,6.164739466666672,4.39296,4.53024,0.090112,1.628474,0.8687103999999999,4.53024,hbm_floor_actual,36.07975442066365
heldout_gpqa_b2_l13_s7,2,previous_asym,1x2x64+5x19x128,fixed_issue,2.0547749333333334,1.78464,1.78464,0.011264,0.659522,0.27456,1.78464,hbm_floor_unique,15.136662482816332
heldout_gpqa_b4_l13_s7,4,previous_asym,1x2x64+5x19x128,fixed_issue,6.164227466666667,3.15744,3.29472,0.022528,1.16699,0.27456,3.29472,hbm_floor_actual,87.09412231287234
heldout_gpqa_b8_l13_s7,8,previous_asym,1x2x64+5x19x128,fixed_issue,6.164394133333341,4.8048,5.07936,0.045056,1.777598,0.43435519999999994,5.07936,hbm_floor_actual,21.36163086163101
heldout_gpqa_b16_l13_s7,16,previous_asym,1x2x64+5x19x128,fixed_issue,8.21942106666668,6.04032,6.31488,0.090112,2.23673,0.8687103999999999,6.31488,hbm_floor_actual,30.15957653457675
heldout_gpqa_b2_l13_s11,2,previous_asym,1x2x64+5x19x128,fixed_issue,4.109456533333334,1.23552,1.3728,0.011264,0.457946,0.27456,1.3728,hbm_floor_actual,199.34852369852373
heldout_gpqa_b4_l13_s11,4,previous_asym,1x2x64+5x19x128,fixed_issue,4.109545866666667,3.29472,3.29472,0.022528,1.217384,0.27456,3.29472,hbm_floor_unique,24.731262950012955
heldout_gpqa_b8_l13_s11,8,previous_asym,1x2x64+5x19x128,fixed_issue,6.164398133333335,4.1184,4.25568,0.045056,1.524158,0.43435519999999994,4.25568,hbm_floor_actual,44.85107276236311
heldout_gpqa_b16_l13_s11,16,previous_asym,1x2x64+5x19x128,fixed_issue,8.219425066666682,6.1776,6.31488,0.090112,2.288888,0.8687103999999999,6.31488,hbm_floor_actual,30.15963987703143
heldout_gpqa_b2_l26_s3,2,previous_asym,1x2x64+5x19x128,fixed_issue,2.054774933333333,1.92192,1.92192,0.011264,0.709916,0.27456,1.92192,hbm_floor_unique,6.912615162615143
heldout_gpqa_b4_l26_s3,4,previous_asym,1x2x64+5x19x128,fixed_issue,6.164223466666666,2.33376,2.60832,0.022528,0.863744,0.27456,2.60832,hbm_floor_actual,136.32926430294847
heldout_gpqa_b8_l26_s3,8,previous_asym,1x2x64+5x19x128,fixed_issue,6.164398133333334,3.432,3.56928,0.045056,1.270718,0.43435519999999994,3.56928,hbm_floor_actual,72.70704829358677
heldout_gpqa_b16_l26_s3,16,previous_asym,1x2x64+5x19x128,fixed_issue,6.164735466666678,4.66752,4.94208,0.090112,1.727792,0.8687103999999999,4.94208,hbm_floor_actual,24.739693948027508
heldout_gpqa_b2_l26_s7,2,previous_asym,1x2x64+5x19x128,fixed_issue,2.054774933333333,1.92192,1.92192,0.011264,0.709916,0.27456,1.92192,hbm_floor_unique,6.912615162615143
heldout_gpqa_b4_l26_s7,4,previous_asym,1x2x64+5x19x128,fixed_issue,6.164227466666667,3.15744,3.29472,0.022528,1.16699,0.27456,3.29472,hbm_floor_actual,87.09412231287234
heldout_gpqa_b8_l26_s7,8,previous_asym,1x2x64+5x19x128,fixed_issue,6.164398133333339,4.66752,4.8048,0.045056,1.727204,0.43435519999999994,4.8048,hbm_floor_actual,28.296664446664565
heldout_gpqa_b16_l26_s7,16,previous_asym,1x2x64+5x19x128,fixed_issue,8.219429066666684,6.31488,6.31488,0.090112,2.336636,0.8687103999999999,6.31488,hbm_floor_unique,30.15970321948611
heldout_gpqa_b2_l26_s11,2,previous_asym,1x2x64+5x19x128,fixed_issue,2.0547749333333334,1.78464,1.78464,0.011264,0.659522,0.27456,1.78464,hbm_floor_unique,15.136662482816332
heldout_gpqa_b4_l26_s11,4,previous_asym,1x2x64+5x19x128,fixed_issue,4.109545866666668,3.432,3.432,0.022528,1.267778,0.27456,3.432,hbm_floor_unique,19.74201243201246
heldout_gpqa_b8_l26_s11,8,previous_asym,1x2x64+5x19x128,fixed_issue,8.21907973333334,4.66752,4.94208,0.045056,1.72691,0.43435519999999994,4.94208,hbm_floor_actual,66.30810778727457
heldout_gpqa_b16_l26_s11,16,previous_asym,1x2x64+5x19x128,fixed_issue,10.274098666666687,6.864,7.41312,0.090112,2.543504,0.8687103999999999,7.41312,hbm_floor_actual,38.5934487323379
heldout_swe_b2_l2_s3,2,previous_asym,1x2x64+5x19x128,fixed_issue,2.0547749333333334,1.78464,1.78464,0.011264,0.659522,0.27456,1.78464,hbm_floor_unique,15.136662482816332
heldout_swe_b4_l2_s3,4,previous_asym,1x2x64+5x19x128,fixed_issue,2.0602785309758764,2.0592,2.0592,0.022528,0.762368,0.27456,2.0592,hbm_floor_unique,0.052376212892224494
heldout_swe_b8_l2_s3,8,previous_asym,1x2x64+5x19x128,fixed_issue,10.27375733333333,2.33376,2.88288,0.045056,0.865214,0.43435519999999994,2.88288,hbm_floor_actual,256.37131387131376
heldout_swe_b16_l2_s3,16,previous_asym,1x2x64+5x19x128,fixed_issue,20.54750666666666,2.7456,3.98112,0.090112,1.018454,0.8687103999999999,3.98112,hbm_floor_actual,416.12377086515
heldout_swe_b2_l2_s7,2,previous_asym,1x2x64+5x19x128,fixed_issue,4.109456533333333,1.78464,1.92192,0.011264,0.659522,0.27456,1.92192,hbm_floor_actual,113.82037407037404
heldout_swe_b4_l2_s7,4,previous_asym,1x2x64+5x19x128,fixed_issue,8.218905066666666,2.33376,2.7456,0.022528,0.863744,0.27456,2.7456,hbm_floor_actual,199.34823232323228
heldout_swe_b8_l2_s7,8,previous_asym,1x2x64+5x19x128,fixed_issue,14.383120533333331,2.47104,3.29472,0.045056,0.915902,0.43435519999999994,3.29472,hbm_floor_actual,336.5506183631183
heldout_swe_b16_l2_s7,16,previous_asym,1x2x64+5x19x128,fixed_issue,24.656869866666657,3.02016,4.53024,0.090112,1.11983,0.8687103999999999,4.53024,hbm_floor_actual,444.27292740929084
heldout_swe_b2_l2_s11,2,previous_asym,1x2x64+5x19x128,fixed_issue,2.0547749333333334,1.78464,1.78464,0.011264,0.659522,0.27456,1.78464,hbm_floor_unique,15.136662482816332
heldout_swe_b4_l2_s11,4,previous_asym,1x2x64+5x19x128,fixed_issue,4.109545866666667,2.88288,2.88288,0.022528,1.065908,0.27456,2.88288,hbm_floor_unique,42.550014800014814
heldout_swe_b8_l2_s11,8,previous_asym,1x2x64+5x19x128,fixed_issue,4.109712533333334,2.60832,2.7456,0.045056,0.967178,0.43435519999999994,2.7456,hbm_floor_actual,49.68358585858588
heldout_swe_b16_l2_s11,16,previous_asym,1x2x64+5x19x128,fixed_issue,6.16474346666667,3.84384,3.84384,0.090112,1.424252,0.8687103999999999,3.84384,hbm_floor_unique,60.37981462981472
heldout_swe_b2_l13_s3,2,previous_asym,1x2x64+5x19x128,fixed_issue,2.054774933333333,1.92192,1.92192,0.011264,0.709916,0.27456,1.92192,hbm_floor_unique,6.912615162615143
heldout_swe_b4_l13_s3,4,previous_asym,1x2x64+5x19x128,fixed_issue,6.164227466666666,2.60832,2.7456,0.022528,0.964826,0.27456,2.7456,hbm_floor_actual,124.51294677544675
heldout_swe_b8_l13_s3,8,previous_asym,1x2x64+5x19x128,fixed_issue,6.164394133333333,2.7456,3.02016,0.045056,1.017572,0.43435519999999994,3.02016,hbm_floor_actual,104.10819735819739
heldout_swe_b16_l13_s3,16,previous_asym,1x2x64+5x19x128,fixed_issue,4.110053866666668,2.88288,3.02016,0.090112,1.070318,0.8687103999999999,3.02016,hbm_floor_actual,36.087288973652655
heldout_swe_b2_l13_s7,2,previous_asym,1x2x64+5x19x128,fixed_issue,2.054774933333333,1.92192,1.92192,0.011264,0.709916,0.27456,1.92192,hbm_floor_unique,6.912615162615143
heldout_swe_b4_l13_s7,4,previous_asym,1x2x64+5x19x128,fixed_issue,4.109541866666667,2.88288,3.02016,0.022528,1.066202,0.27456,3.02016,hbm_floor_actual,36.07033622942715
heldout_swe_b8_l13_s7,8,previous_asym,1x2x64+5x19x128,fixed_issue,6.164394133333333,2.88288,3.15744,0.045056,1.06826,0.43435519999999994,3.15744,hbm_floor_actual,95.23392790784098
heldout_swe_b16_l13_s7,16,previous_asym,1x2x64+5x19x128,fixed_issue,18.49282506666666,3.02016,4.1184,0.090112,1.120712,0.8687103999999999,4.1184,hbm_floor_actual,349.0293576793576
heldout_swe_b2_l13_s11,2,previous_asym,1x2x64+5x19x128,fixed_issue,2.0547749333333334,1.64736,1.64736,0.011264,0.609128,0.27456,1.64736,hbm_floor_unique,24.731384356384357
heldout_swe_b4_l13_s11,4,previous_asym,1x2x64+5x19x128,fixed_issue,4.109545866666667,3.02016,3.02016,0.022528,1.116596,0.27456,3.02016,hbm_floor_unique,36.07046867274142
heldout_swe_b8_l13_s11,8,previous_asym,1x2x64+5x19x128,fixed_issue,4.109712533333334,2.60832,2.7456,0.045056,0.96659,0.43435519999999994,2.7456,hbm_floor_actual,49.68358585858588
heldout_swe_b16_l13_s11,16,previous_asym,1x2x64+5x19x128,fixed_issue,22.602192266666666,3.84384,5.07936,0.090112,1.424252,0.8687103999999999,5.07936,hbm_floor_actual,344.9811052311052
heldout_swe_b2_l26_s3,2,previous_asym,1x2x64+5x19x128,fixed_issue,2.0547749333333334,1.64736,1.64736,0.011264,0.609128,0.27456,1.64736,hbm_floor_unique,24.731384356384357
heldout_swe_b4_l26_s3,4,previous_asym,1x2x64+5x19x128,fixed_issue,4.109545866666667,2.60832,2.60832,0.022528,0.965414,0.27456,2.60832,hbm_floor_unique,57.555279515805836
heldout_swe_b8_l26_s3,8,previous_asym,1x2x64+5x19x128,fixed_issue,4.109712533333334,3.15744,3.29472,0.045056,1.168754,0.43435519999999994,3.29472,hbm_floor_actual,24.73632154882157
heldout_swe_b16_l26_s3,16,previous_asym,1x2x64+5x19x128,fixed_issue,8.219421066666671,3.84384,4.1184,0.090112,1.42484,0.8687103999999999,4.1184,hbm_floor_actual,99.57801735301746
heldout_swe_b2_l26_s7,2,previous_asym,1x2x64+5x19x128,fixed_issue,2.054774933333333,1.92192,1.92192,0.011264,0.709916,0.27456,1.92192,hbm_floor_unique,6.912615162615143
heldout_swe_b4_l26_s7,4,previous_asym,1x2x64+5x19x128,fixed_issue,4.109545866666667,2.47104,2.47104,0.022528,0.914726,0.27456,2.47104,hbm_floor_unique,66.30835060001728
heldout_swe_b8_l26_s7,8,previous_asym,1x2x64+5x19x128,fixed_issue,6.164394133333333,3.02016,3.29472,0.045056,1.118948,0.43435519999999994,3.29472,hbm_floor_actual,87.09918091168092
heldout_swe_b16_l26_s7,16,previous_asym,1x2x64+5x19x128,fixed_issue,16.438143466666666,3.15744,4.1184,0.090112,1.171988,0.8687103999999999,4.1184,hbm_floor_actual,299.13907018907014
heldout_swe_b2_l26_s11,2,previous_asym,1x2x64+5x19x128,fixed_issue,2.054774933333333,1.92192,1.92192,0.011264,0.709916,0.27456,1.92192,hbm_floor_unique,6.912615162615143
heldout_swe_b4_l26_s11,4,previous_asym,1x2x64+5x19x128,fixed_issue,4.109545866666668,3.432,3.432,0.022528,1.267778,0.27456,3.432,hbm_floor_unique,19.74201243201246
heldout_swe_b8_l26_s11,8,previous_asym,1x2x64+5x19x128,fixed_issue,8.219075733333334,2.60832,3.02016,0.045056,0.967472,0.43435519999999994,3.02016,hbm_floor_actual,172.14040757222574
heldout_swe_b16_l26_s11,16,previous_asym,1x2x64+5x19x128,fixed_issue,6.164743466666672,4.1184,4.1184,0.090112,1.52504,0.8687103999999999,4.1184,hbm_floor_unique,49.68782698782712
v3_captured_mixed_heldout_bfcl_t64_l2,64,previous_asym,1x2x64+5x19x128,fixed_issue,22.60424226666668,8.64864,9.88416,0.360448,3.21068,2.8233088,9.88416,hbm_floor_actual,128.6915859988778
v3_captured_mixed_heldout_bfcl_t96_l2,96,previous_asym,1x2x64+5x19x128,fixed_issue,20.579939310526278,8.78592,10.02144,0.540672,3.9299726666666666,4.343552,10.02144,hbm_floor_actual,105.35910318802766
v3_captured_mixed_heldout_bfcl_t128_l2,128,previous_asym,1x2x64+5x19x128,fixed_issue,25.39804674401709,9.06048,10.70784,0.720896,5.161270666666667,5.6466176,10.70784,hbm_floor_actual,137.19113046157852
v3_captured_mixed_heldout_bfcl_t64_l13,64,previous_asym,1x2x64+5x19x128,fixed_issue,14.955786132559714,7.96224,8.64864,0.360448,2.953418,2.8233088,8.64864,hbm_floor_actual,72.92645008417178
v3_captured_mixed_heldout_bfcl_t96_l13,96,previous_asym,1x2x64+5x19x128,fixed_issue,20.64609042251731,8.64864,9.74688,0.540672,3.964968,4.343552,9.74688,hbm_floor_actual,111.8225567824505
v3_captured_mixed_heldout_bfcl_t128_l13,128,previous_asym,1x2x64+5x19x128,fixed_issue,32.88038093333334,8.78592,10.9824,0.720896,5.138265333333333,5.6466176,10.9824,hbm_floor_actual,199.39158046814302
v3_captured_mixed_heldout_bfcl_t64_l26,64,previous_asym,1x2x64+5x19x128,fixed_issue,14.66204670810288,8.51136,9.06048,0.360448,3.15911,2.8233088,9.06048,hbm_floor_actual,61.82417165650031
v3_captured_mixed_heldout_bfcl_t96_l26,96,previous_asym,1x2x64+5x19x128,fixed_issue,20.27573980334641,8.9232,9.88416,0.540672,3.955292,4.343552,9.88416,hbm_floor_actual,105.13366642533519
v3_captured_mixed_heldout_bfcl_t128_l26,128,previous_asym,1x2x64+5x19x128,fixed_issue,34.935062533333344,9.06048,11.39424,0.720896,5.178028666666667,5.6466176,11.39424,hbm_floor_actual,206.60283207421776
v3_captured_mixed_heldout_gpqa_t64_l2,64,previous_asym,1x2x64+5x19x128,fixed_issue,14.908549327284197,8.9232,9.47232,0.360448,3.312644,2.8233088,9.47232,hbm_floor_actual,57.39068493551947
v3_captured_mixed_heldout_gpqa_t96_l2,96,previous_asym,1x2x64+5x19x128,fixed_issue,20.55092600000001,9.06048,10.43328,0.540672,3.9733893333333334,4.343552,10.43328,hbm_floor_actual,96.97473852901494
v3_captured_mixed_heldout_gpqa_t128_l2,128,previous_asym,1x2x64+5x19x128,fixed_issue,25.18800915651699,9.06048,10.70784,0.720896,5.225498666666667,5.6466176,10.70784,hbm_floor_actual,135.22959958793734
v3_captured_mixed_heldout_gpqa_t64_l13,64,previous_asym,1x2x64+5x19x128,fixed_issue,18.494875066666687,7.96224,9.06048,0.360448,2.955476,2.8233088,9.06048,hbm_floor_actual,104.12687922347033
v3_captured_mixed_heldout_gpqa_t96_l13,96,previous_asym,1x2x64+5x19x128,fixed_issue,22.605603600000002,8.37408,10.02144,0.540672,3.9963846666666667,4.343552,10.02144,hbm_floor_actual,125.57240875562795
v3_captured_mixed_heldout_gpqa_t128_l13,128,previous_asym,1x2x64+5x19x128,fixed_issue,36.989740133333335,8.51136,11.11968,0.720896,5.242366666666667,5.6466176,11.11968,hbm_floor_actual,232.65112065575028
v3_captured_mixed_heldout_gpqa_t64_l26,64,previous_asym,1x2x64+5x19x128,fixed_issue,20.549560666666682,8.9232,10.02144,0.360448,3.312056,2.8233088,10.02144,hbm_floor_actual,105.05596667411754
v3_captured_mixed_heldout_gpqa_t96_l26,96,previous_asym,1x2x64+5x19x128,fixed_issue,26.714970800000003,9.06048,10.84512,0.540672,3.9701306666666665,4.343552,10.84512,hbm_floor_actual,146.33172154849373
v3_captured_mixed_heldout_gpqa_t128_l26,128,previous_asym,1x2x64+5x19x128,fixed_issue,65.75528653333335,9.06048,13.45344,0.720896,5.178593333333333,5.6466176,13.45344,hbm_floor_actual,388.7618819672393
v3_captured_mixed_heldout_swe_t64_l2,64,previous_asym,1x2x64+5x19x128,fixed_issue,15.39251597431758,8.78592,9.47232,0.360448,3.260192,2.8233088,9.47232,hbm_floor_actual,62.49995750056565
v3_captured_mixed_heldout_swe_t96_l2,96,previous_asym,1x2x64+5x19x128,fixed_issue,30.824334000000004,8.9232,10.9824,0.540672,3.9592053333333337,4.343552,10.9824,hbm_floor_actual,180.67029064685318
v3_captured_mixed_heldout_swe_t128_l2,128,previous_asym,1x2x64+5x19x128,fixed_issue,30.825699333333333,9.06048,11.11968,0.720896,5.156322666666667,5.6466176,11.11968,hbm_floor_actual,177.21750386102238
v3_captured_mixed_heldout_swe_t64_l13,64,previous_asym,1x2x64+5x19x128,fixed_issue,16.440197466666685,7.41312,8.2368,0.360448,2.750372,2.8233088,8.2368,hbm_floor_actual,99.59447196322218
v3_captured_mixed_heldout_swe_t96_l13,96,previous_asym,1x2x64+5x19x128,fixed_issue,20.55092600000003,8.2368,9.6096,0.540672,3.919582,4.343552,9.6096,hbm_floor_actual,113.85828754578786
v3_captured_mixed_heldout_swe_t128_l13,128,previous_asym,1x2x64+5x19x128,fixed_issue,49.31783373333335,8.78592,12.08064,0.720896,5.162085333333333,5.6466176,12.08064,hbm_floor_actual,308.23858449000505
v3_captured_mixed_heldout_swe_t64_l26,64,previous_asym,1x2x64+5x19x128,fixed_issue,16.440193466666692,8.37408,9.33504,0.360448,3.108422,2.8233088,9.33504,hbm_floor_actual,76.1127265300062
v3_captured_mixed_heldout_swe_t96_l26,96,previous_asym,1x2x64+5x19x128,fixed_issue,20.55092200000001,8.51136,10.02144,0.540672,3.885556,4.343552,10.02144,hbm_floor_actual,105.06955088290715
v3_captured_mixed_heldout_swe_t128_l26,128,previous_asym,1x2x64+5x19x128,fixed_issue,25.67237980494766,9.06048,10.70784,0.720896,5.236744,5.6466176,10.70784,hbm_floor_actual,139.75311365268493
