benchmark,sample_id,batch,prompt_length,generated_tokens,layer_index,prefill_calls,decode_calls,token_count,top_k,expert_counts_128,shared_expert_token_count
bfcl_v3,bfcl_v3:multi_turn_base_0,1,6646,128,1,1,127,6773,6,"[389, 534, 229, 395, 544, 119, 126, 595, 206, 147, 136, 380, 435, 498, 276, 657, 267, 55, 614, 817, 159, 154, 344, 120, 272, 377, 174, 170, 132, 699, 274, 98, 447, 134, 51, 315, 402, 509, 339, 245, 274, 382, 150, 789, 803, 49, 420, 74, 71, 179, 372, 24, 177, 455, 242, 387, 533, 472, 544, 449, 60, 340, 200, 137, 347, 157, 52, 433, 338, 213, 113, 196, 226, 431, 221, 802, 90, 319, 511, 150, 125, 228, 132, 647, 186, 243, 285, 677, 772, 179, 537, 380, 254, 446, 425, 170, 518, 497, 235, 145, 210, 145, 564, 151, 428, 184, 129, 563, 597, 191, 65, 122, 873, 394, 138, 305, 59, 164, 371, 362, 542, 448, 227, 778, 54, 81, 52, 344]",6773
bfcl_v3,bfcl_v3:multi_turn_base_0,1,6646,128,3,1,127,6773,6,"[157, 623, 501, 195, 375, 246, 138, 263, 456, 275, 496, 298, 417, 506, 382, 182, 334, 450, 414, 115, 551, 179, 361, 422, 75, 416, 119, 202, 94, 56, 226, 38, 415, 644, 82, 424, 189, 347, 46, 217, 674, 61, 424, 577, 59, 169, 631, 1042, 96, 258, 488, 177, 131, 543, 164, 458, 72, 32, 236, 250, 139, 56, 459, 677, 980, 440, 404, 60, 266, 57, 328, 45, 127, 396, 317, 564, 160, 931, 35, 269, 116, 349, 346, 38, 105, 366, 449, 160, 50, 122, 348, 447, 642, 346, 70, 305, 271, 86, 128, 169, 564, 459, 406, 270, 460, 680, 535, 297, 236, 245, 438, 932, 167, 63, 81, 377, 157, 195, 428, 172, 75, 142, 561, 198, 782, 258, 1104, 265]",6773
bfcl_v3,bfcl_v3:multi_turn_base_0,1,6646,128,6,1,127,6773,6,"[525, 123, 97, 509, 575, 138, 324, 171, 709, 179, 173, 170, 677, 172, 145, 811, 469, 30, 161, 101, 140, 638, 217, 370, 266, 54, 364, 998, 488, 217, 254, 746, 84, 166, 150, 540, 201, 78, 258, 866, 204, 658, 74, 178, 219, 142, 535, 153, 19, 277, 238, 295, 86, 226, 197, 338, 328, 310, 148, 265, 213, 462, 220, 27, 301, 1360, 202, 285, 526, 652, 419, 339, 76, 327, 243, 485, 137, 254, 200, 230, 550, 124, 749, 347, 368, 272, 387, 94, 507, 70, 57, 133, 1175, 142, 123, 533, 229, 356, 137, 209, 229, 861, 318, 762, 118, 38, 135, 189, 386, 149, 163, 70, 236, 181, 276, 113, 290, 219, 194, 107, 363, 274, 798, 837, 335, 897, 236, 100]",6773
bfcl_v3,bfcl_v3:multi_turn_base_0,1,6646,128,8,1,127,6773,6,"[227, 332, 103, 461, 94, 112, 351, 190, 462, 253, 503, 1274, 159, 52, 765, 827, 651, 334, 348, 223, 229, 341, 331, 65, 158, 71, 54, 35, 381, 404, 316, 57, 55, 365, 385, 165, 503, 94, 624, 149, 145, 162, 210, 225, 234, 184, 434, 117, 162, 31, 220, 880, 47, 396, 695, 484, 189, 492, 477, 621, 3, 45, 226, 394, 47, 522, 285, 216, 222, 19, 163, 1104, 259, 186, 59, 68, 543, 464, 245, 115, 339, 356, 497, 445, 265, 132, 94, 17, 806, 418, 852, 44, 529, 292, 1425, 360, 125, 273, 259, 335, 669, 62, 156, 29, 1090, 125, 113, 133, 394, 179, 209, 133, 290, 73, 115, 178, 1019, 277, 125, 106, 4, 130, 875, 596, 520, 459, 361, 262]",6773
bfcl_v3,bfcl_v3:multi_turn_base_0,1,6646,128,10,1,127,6773,6,"[716, 526, 298, 36, 253, 52, 379, 114, 982, 2, 146, 215, 553, 91, 749, 493, 1086, 129, 603, 247, 190, 765, 1091, 78, 86, 240, 51, 235, 83, 97, 110, 587, 83, 46, 154, 29, 129, 63, 131, 54, 250, 157, 184, 137, 369, 466, 227, 119, 15, 994, 340, 110, 346, 96, 478, 424, 658, 492, 21, 283, 183, 221, 534, 170, 210, 69, 233, 409, 514, 46, 334, 661, 900, 25, 41, 422, 155, 647, 571, 550, 279, 147, 180, 166, 79, 159, 304, 5, 181, 217, 153, 293, 286, 279, 1240, 237, 12, 19, 349, 127, 1467, 407, 244, 183, 386, 262, 239, 43, 2136, 81, 407, 292, 47, 153, 257, 334, 49, 477, 278, 275, 345, 62, 114, 24, 18, 309, 1336, 668]",6773
bfcl_v3,bfcl_v3:multi_turn_base_0,1,6646,128,13,1,127,6773,6,"[508, 26, 182, 80, 57, 93, 283, 86, 515, 143, 155, 154, 1237, 164, 334, 868, 414, 198, 378, 177, 67, 17, 1127, 265, 109, 534, 636, 1481, 106, 91, 269, 86, 412, 30, 1236, 33, 565, 73, 206, 158, 413, 1005, 153, 4, 416, 400, 1038, 475, 616, 230, 145, 515, 1057, 168, 427, 44, 111, 363, 409, 295, 308, 183, 162, 118, 602, 97, 371, 120, 14, 9, 702, 258, 262, 388, 1404, 23, 713, 342, 42, 633, 291, 120, 508, 17, 364, 462, 30, 143, 180, 207, 257, 1079, 196, 244, 106, 27, 212, 289, 195, 205, 42, 271, 607, 15, 323, 86, 369, 375, 371, 156, 269, 9, 58, 67, 102, 141, 504, 449, 79, 743, 531, 19, 80, 98, 745, 111, 116, 182]",6773
bfcl_v3,bfcl_v3:multi_turn_base_0,1,6646,128,15,1,127,6773,6,"[360, 714, 73, 190, 74, 802, 74, 1004, 399, 833, 119, 362, 74, 361, 43, 1047, 318, 75, 603, 94, 44, 777, 793, 341, 165, 218, 369, 78, 528, 115, 184, 54, 286, 1357, 334, 268, 307, 1086, 48, 238, 65, 894, 333, 90, 100, 1336, 58, 57, 230, 455, 210, 58, 62, 389, 856, 314, 101, 245, 700, 116, 618, 26, 26, 908, 139, 63, 375, 66, 262, 55, 49, 124, 137, 345, 405, 208, 87, 175, 607, 110, 408, 176, 632, 956, 122, 400, 156, 15, 109, 238, 752, 383, 97, 104, 335, 570, 52, 178, 140, 205, 929, 100, 477, 78, 361, 186, 31, 121, 201, 140, 16, 210, 135, 16, 51, 101, 548, 399, 835, 156, 808, 23, 468, 227, 136, 162, 234, 798]",6773
bfcl_v3,bfcl_v3:multi_turn_base_0,1,6646,128,17,1,127,6773,6,"[142, 243, 254, 245, 1204, 754, 172, 92, 435, 146, 380, 221, 255, 1104, 59, 383, 320, 330, 452, 127, 1959, 102, 431, 197, 56, 459, 116, 936, 466, 121, 487, 13, 1004, 427, 86, 167, 210, 1344, 16, 216, 909, 322, 134, 270, 163, 45, 100, 80, 256, 435, 317, 410, 344, 466, 335, 212, 143, 995, 28, 190, 158, 90, 81, 487, 117, 661, 207, 29, 1031, 70, 135, 25, 393, 372, 43, 140, 394, 714, 342, 12, 668, 475, 399, 397, 34, 480, 416, 316, 151, 258, 500, 912, 252, 130, 186, 157, 512, 23, 250, 97, 163, 475, 165, 348, 238, 617, 27, 109, 294, 136, 337, 446, 45, 194, 49, 363, 119, 83, 537, 285, 38, 232, 22, 190, 254, 257, 96, 120]",6773
bfcl_v3,bfcl_v3:multi_turn_base_0,1,6646,128,20,1,127,6773,6,"[670, 303, 24, 270, 294, 1579, 2572, 136, 148, 278, 51, 8, 981, 199, 59, 38, 2206, 4, 329, 11, 61, 150, 7, 7, 377, 303, 158, 10, 664, 292, 64, 199, 572, 200, 25, 96, 5, 379, 8, 68, 775, 30, 464, 233, 502, 505, 19, 97, 386, 136, 36, 914, 119, 174, 198, 49, 851, 467, 359, 46, 58, 260, 550, 209, 389, 82, 36, 32, 511, 125, 772, 597, 136, 59, 309, 371, 213, 108, 282, 298, 108, 24, 111, 703, 194, 24, 20, 43, 1914, 56, 255, 217, 160, 28, 291, 295, 295, 162, 38, 346, 11, 77, 201, 91, 366, 84, 438, 465, 255, 90, 14, 689, 307, 922, 1309, 363, 64, 227, 363, 144, 111, 964, 1124, 200, 249, 599, 25, 40]",6773
bfcl_v3,bfcl_v3:multi_turn_base_0,1,6646,128,22,1,127,6773,6,"[163, 106, 141, 164, 157, 106, 321, 787, 866, 43, 251, 792, 375, 133, 79, 146, 166, 162, 1460, 59, 71, 62, 320, 236, 827, 370, 670, 247, 429, 116, 121, 24, 134, 387, 109, 84, 235, 697, 311, 700, 703, 1031, 232, 146, 221, 380, 95, 289, 28, 278, 416, 314, 1012, 55, 507, 51, 240, 106, 387, 72, 23, 325, 124, 167, 73, 222, 423, 1075, 238, 148, 185, 1431, 494, 723, 135, 216, 210, 97, 1364, 488, 126, 284, 96, 611, 185, 257, 332, 144, 67, 26, 87, 193, 99, 347, 7, 427, 376, 356, 121, 221, 1989, 22, 212, 108, 126, 386, 289, 299, 91, 78, 645, 102, 159, 469, 75, 309, 11, 472, 397, 45, 5, 442, 513, 278, 134, 758, 334, 177]",6773
bfcl_v3,bfcl_v3:multi_turn_base_0,1,6646,128,24,1,127,6773,6,"[165, 168, 188, 562, 296, 2, 28, 46, 678, 68, 79, 153, 355, 121, 35, 77, 6, 150, 25, 862, 746, 19, 24, 181, 18, 384, 166, 51, 804, 18, 328, 322, 235, 282, 292, 3, 60, 343, 8, 1894, 164, 58, 176, 568, 29, 1278, 80, 101, 412, 266, 75, 157, 213, 154, 2668, 1, 189, 44, 737, 671, 44, 714, 153, 215, 1474, 43, 1375, 54, 72, 91, 382, 79, 393, 115, 39, 637, 14, 177, 719, 105, 35, 196, 398, 1172, 466, 334, 653, 297, 36, 20, 437, 770, 241, 391, 269, 254, 42, 252, 27, 210, 217, 381, 88, 297, 409, 118, 2146, 158, 32, 385, 275, 13, 181, 141, 450, 205, 188, 59, 107, 158, 431, 371, 56, 1308, 59, 29, 425, 273]",6773
bfcl_v3,bfcl_v3:multi_turn_base_0,1,6646,128,27,1,127,6773,6,"[246, 294, 283, 49, 425, 122, 241, 109, 59, 324, 424, 88, 507, 90, 211, 250, 33, 130, 230, 109, 31, 141, 430, 275, 424, 235, 183, 628, 366, 69, 388, 179, 563, 277, 439, 4, 653, 1204, 307, 16, 1276, 287, 121, 213, 509, 270, 849, 730, 24, 174, 452, 206, 539, 250, 173, 66, 16, 468, 498, 38, 19, 183, 572, 25, 459, 212, 111, 165, 172, 10, 304, 619, 261, 358, 36, 27, 959, 3, 33, 90, 721, 34, 23, 908, 1023, 32, 8, 143, 60, 438, 754, 292, 301, 233, 798, 610, 764, 1393, 25, 235, 80, 536, 163, 1038, 317, 276, 824, 31, 231, 341, 618, 65, 70, 690, 58, 168, 258, 247, 297, 914, 169, 471, 84, 273, 66, 65, 426, 254]",6773
bfcl_v3,bfcl_v3:multi_turn_base_0,1,6646,128,29,1,127,6773,6,"[247, 647, 17, 69, 597, 248, 168, 211, 19, 104, 508, 151, 659, 170, 451, 488, 115, 88, 298, 40, 156, 182, 498, 417, 170, 337, 389, 67, 1435, 245, 328, 12, 136, 1, 652, 241, 185, 286, 163, 267, 289, 44, 100, 80, 762, 236, 234, 34, 483, 216, 383, 222, 1343, 353, 98, 342, 307, 122, 718, 777, 50, 189, 551, 216, 156, 225, 178, 84, 352, 117, 71, 174, 174, 215, 166, 199, 556, 135, 1, 277, 139, 603, 414, 31, 139, 286, 584, 735, 68, 917, 592, 558, 792, 1138, 24, 552, 340, 162, 168, 361, 61, 1107, 266, 229, 253, 665, 257, 313, 358, 230, 184, 825, 71, 25, 3, 222, 6, 871, 250, 495, 547, 192, 225, 25, 435, 352, 297, 580]",6773
bfcl_v3,bfcl_v3:multi_turn_base_0,1,6646,128,31,1,127,6773,6,"[200, 1362, 77, 270, 160, 947, 217, 596, 36, 247, 94, 188, 98, 173, 1432, 1629, 622, 112, 664, 410, 22, 104, 167, 50, 1, 17, 30, 103, 626, 789, 255, 204, 617, 17, 85, 490, 68, 852, 543, 360, 1329, 76, 355, 34, 322, 100, 233, 53, 532, 265, 324, 765, 143, 11, 19, 538, 218, 91, 14, 114, 897, 93, 33, 231, 522, 337, 592, 686, 132, 207, 203, 289, 60, 93, 314, 75, 394, 163, 430, 760, 495, 116, 283, 70, 197, 144, 45, 529, 317, 114, 212, 167, 201, 60, 43, 865, 464, 136, 169, 84, 340, 239, 316, 319, 625, 82, 189, 165, 286, 64, 141, 479, 219, 758, 119, 827, 42, 123, 20, 460, 174, 101, 634, 693, 28, 362, 147, 994]",6773
bfcl_v3,bfcl_v3:multi_turn_base_0,1,6646,128,34,1,127,6773,6,"[641, 215, 258, 4, 571, 72, 514, 474, 103, 469, 336, 494, 516, 907, 254, 209, 308, 163, 5, 2, 425, 231, 1228, 661, 151, 247, 5, 33, 426, 1163, 86, 475, 354, 132, 844, 353, 365, 978, 2455, 981, 55, 4, 649, 162, 712, 316, 62, 334, 321, 591, 223, 586, 109, 617, 15, 7, 817, 615, 39, 136, 146, 408, 765, 297, 187, 471, 81, 225, 477, 18, 430, 181, 462, 207, 27, 263, 163, 40, 63, 247, 76, 238, 301, 67, 207, 19, 128, 111, 143, 64, 485, 190, 114, 275, 53, 652, 480, 1025, 275, 369, 132, 197, 94, 297, 146, 11, 33, 530, 334, 190, 407, 166, 701, 228, 424, 97, 210, 118, 1, 16, 96, 245, 108, 168, 392, 20, 174, 195]",6773
bfcl_v3,bfcl_v3:multi_turn_base_0,1,6646,128,36,1,127,6773,6,"[208, 229, 19, 328, 43, 321, 170, 432, 980, 106, 20, 91, 78, 1545, 940, 15, 147, 368, 308, 215, 138, 1447, 38, 374, 109, 218, 41, 472, 416, 1671, 446, 440, 579, 530, 412, 137, 459, 88, 320, 254, 614, 9, 371, 66, 94, 814, 476, 177, 428, 168, 162, 147, 572, 593, 263, 473, 363, 393, 121, 104, 431, 514, 442, 303, 175, 51, 228, 45, 590, 163, 35, 30, 30, 73, 515, 302, 448, 199, 574, 199, 63, 198, 201, 388, 187, 273, 14, 398, 508, 427, 20, 127, 444, 257, 40, 280, 156, 15, 96, 213, 412, 282, 188, 430, 156, 277, 179, 227, 438, 1006, 245, 679, 449, 54, 87, 468, 492, 79, 190, 284, 331, 168, 723, 445, 544, 123, 357, 113]",6773
bfcl_v3,bfcl_v3:multi_turn_base_0,1,6646,128,38,1,127,6773,6,"[315, 84, 159, 12, 641, 827, 1296, 183, 1049, 412, 74, 74, 58, 79, 584, 249, 430, 150, 80, 147, 295, 211, 278, 395, 194, 335, 792, 910, 112, 658, 567, 104, 141, 1, 122, 262, 37, 140, 16, 903, 93, 290, 327, 92, 525, 546, 590, 43, 49, 293, 135, 670, 312, 438, 126, 435, 274, 121, 237, 7, 456, 64, 70, 195, 59, 399, 154, 239, 148, 625, 299, 210, 155, 380, 188, 192, 372, 261, 100, 83, 47, 598, 81, 29, 32, 176, 560, 153, 399, 129, 323, 55, 403, 321, 172, 315, 182, 224, 177, 119, 585, 278, 660, 55, 162, 136, 18, 277, 508, 504, 311, 283, 244, 1314, 469, 290, 51, 359, 105, 179, 980, 104, 162, 805, 52, 1756, 345, 1523]",6773
bfcl_v3,bfcl_v3:multi_turn_base_0,1,6646,128,40,1,127,6773,6,"[67, 700, 135, 362, 227, 88, 17, 116, 70, 212, 164, 78, 301, 30, 386, 274, 385, 174, 96, 94, 56, 61, 81, 123, 1763, 169, 112, 187, 8, 263, 1461, 120, 147, 217, 300, 140, 230, 368, 50, 62, 82, 183, 436, 51, 77, 462, 184, 469, 348, 368, 429, 203, 624, 267, 339, 514, 1125, 273, 369, 271, 88, 91, 137, 363, 24, 968, 410, 202, 374, 1579, 682, 390, 71, 180, 488, 561, 620, 77, 433, 367, 347, 614, 255, 176, 241, 243, 328, 24, 133, 49, 84, 707, 597, 290, 300, 225, 472, 392, 215, 360, 242, 362, 103, 488, 264, 546, 65, 394, 300, 18, 885, 405, 83, 303, 109, 332, 1317, 133, 940, 594, 381, 318, 49, 390, 127, 28, 77, 260]",6773
bfcl_v3,bfcl_v3:multi_turn_base_0,1,6646,128,43,1,127,6773,6,"[39, 521, 127, 1161, 234, 721, 106, 78, 219, 156, 204, 439, 581, 114, 181, 208, 228, 191, 28, 567, 82, 859, 344, 856, 297, 518, 400, 41, 939, 297, 44, 67, 508, 437, 189, 52, 851, 542, 270, 468, 239, 359, 25, 336, 144, 292, 772, 127, 279, 237, 100, 364, 201, 91, 500, 363, 255, 218, 224, 185, 114, 498, 190, 135, 457, 288, 179, 463, 240, 309, 138, 607, 80, 85, 413, 403, 364, 199, 205, 138, 213, 203, 532, 49, 171, 2618, 685, 186, 143, 535, 131, 550, 183, 109, 292, 363, 631, 61, 141, 70, 20, 233, 434, 55, 175, 141, 136, 98, 238, 896, 9, 47, 86, 10, 38, 273, 1009, 491, 293, 24, 76, 92, 715, 340, 196, 995, 415, 257]",6773
bfcl_v3,bfcl_v3:multi_turn_base_0,1,6646,128,45,1,127,6773,6,"[157, 66, 231, 643, 34, 257, 1249, 159, 125, 477, 56, 304, 201, 31, 149, 470, 32, 461, 74, 162, 919, 446, 77, 466, 320, 148, 224, 154, 1216, 31, 124, 530, 243, 216, 349, 66, 67, 210, 187, 1441, 336, 1416, 69, 38, 223, 348, 366, 35, 175, 955, 1154, 681, 159, 317, 287, 207, 32, 23, 242, 513, 501, 12, 228, 394, 162, 23, 249, 248, 316, 125, 196, 522, 1, 206, 37, 416, 500, 1588, 291, 7, 354, 45, 142, 371, 168, 562, 364, 850, 783, 823, 109, 157, 229, 558, 138, 193, 9, 135, 109, 325, 121, 261, 57, 42, 657, 301, 186, 175, 57, 790, 189, 241, 134, 66, 343, 381, 189, 162, 220, 333, 77, 97, 112, 11, 1385, 523, 136, 598]",6773
bfcl_v3,bfcl_v3:multi_turn_base_0,1,6646,128,47,1,127,6773,6,"[555, 191, 387, 422, 518, 79, 61, 524, 147, 362, 188, 116, 74, 29, 560, 286, 223, 228, 408, 639, 175, 271, 275, 108, 144, 165, 231, 220, 46, 79, 305, 138, 202, 150, 35, 289, 108, 365, 371, 564, 100, 628, 109, 379, 321, 179, 202, 237, 619, 314, 73, 688, 135, 45, 248, 301, 138, 666, 71, 24, 214, 56, 334, 255, 117, 159, 136, 238, 472, 1316, 70, 405, 222, 96, 65, 1487, 505, 289, 72, 467, 450, 288, 247, 386, 45, 51, 324, 16, 24, 779, 73, 46, 437, 622, 1635, 358, 304, 213, 7, 19, 433, 340, 367, 1697, 296, 316, 70, 325, 160, 1136, 422, 561, 97, 291, 389, 583, 1098, 54, 284, 70, 1015, 100, 237, 267, 256, 80, 147, 533]",6773
bfcl_v3,bfcl_v3:multi_turn_base_0,1,6646,128,49,1,127,6773,6,"[73, 312, 122, 758, 340, 607, 894, 350, 44, 5, 158, 1038, 97, 562, 879, 253, 43, 172, 33, 689, 225, 441, 245, 46, 76, 350, 808, 139, 35, 683, 243, 252, 319, 162, 692, 455, 156, 59, 75, 68, 178, 275, 237, 133, 356, 372, 66, 182, 234, 55, 105, 199, 424, 379, 50, 107, 214, 447, 94, 66, 24, 57, 108, 325, 332, 409, 669, 159, 204, 143, 226, 418, 536, 145, 865, 186, 277, 412, 467, 200, 30, 714, 85, 265, 514, 76, 225, 112, 363, 539, 169, 73, 76, 757, 1421, 431, 829, 344, 225, 503, 145, 99, 299, 211, 110, 146, 237, 73, 745, 238, 123, 138, 259, 645, 244, 274, 748, 512, 314, 628, 163, 221, 449, 1267, 628, 101, 284, 293]",6773
bfcl_v3,bfcl_v3:multi_turn_base_0,1,6646,128,51,1,127,6773,6,"[115, 619, 29, 288, 91, 404, 178, 100, 44, 10, 22, 514, 149, 177, 104, 133, 348, 113, 336, 132, 449, 836, 278, 126, 249, 100, 318, 19, 153, 582, 841, 496, 151, 456, 98, 713, 653, 130, 211, 39, 14, 215, 182, 200, 298, 341, 573, 383, 831, 90, 207, 203, 314, 119, 33, 331, 883, 137, 420, 678, 661, 378, 354, 296, 572, 360, 446, 84, 220, 126, 84, 735, 480, 403, 659, 1521, 301, 240, 346, 254, 380, 425, 310, 217, 211, 171, 435, 134, 62, 14, 111, 188, 601, 134, 522, 225, 112, 648, 119, 121, 104, 131, 644, 1611, 171, 1402, 252, 35, 170, 343, 45, 756, 171, 400, 565, 650, 288, 180, 208, 261, 295, 325, 119, 111, 48, 116, 316, 5]",6773
bfcl_v3,bfcl_v3:multi_turn_base_1,1,3798,128,1,1,127,3925,6,"[320, 250, 161, 131, 223, 45, 111, 237, 132, 76, 113, 250, 192, 285, 158, 321, 130, 50, 317, 490, 100, 111, 112, 87, 212, 222, 114, 105, 72, 395, 159, 74, 219, 58, 35, 208, 263, 276, 177, 111, 170, 194, 80, 476, 394, 64, 234, 50, 67, 92, 215, 9, 110, 240, 103, 346, 326, 270, 330, 298, 31, 208, 98, 107, 190, 78, 42, 254, 195, 133, 54, 135, 144, 266, 132, 547, 53, 186, 320, 78, 75, 132, 90, 382, 130, 144, 238, 279, 355, 110, 259, 226, 182, 256, 201, 63, 349, 438, 131, 79, 116, 63, 299, 59, 223, 65, 69, 323, 332, 139, 47, 76, 529, 212, 79, 206, 51, 99, 236, 275, 334, 293, 125, 520, 52, 13, 38, 137]",3925
bfcl_v3,bfcl_v3:multi_turn_base_1,1,3798,128,3,1,127,3925,6,"[118, 273, 279, 80, 275, 160, 85, 174, 205, 140, 326, 168, 264, 325, 222, 99, 188, 327, 246, 69, 364, 113, 190, 228, 71, 239, 64, 160, 38, 40, 129, 31, 215, 363, 51, 188, 67, 170, 35, 97, 290, 41, 227, 248, 55, 106, 392, 568, 49, 147, 300, 111, 103, 304, 75, 234, 56, 28, 132, 166, 70, 7, 274, 398, 501, 300, 156, 58, 200, 38, 260, 42, 80, 179, 178, 392, 116, 496, 30, 108, 90, 176, 204, 22, 24, 290, 275, 96, 28, 55, 254, 218, 346, 242, 59, 241, 135, 33, 80, 92, 376, 267, 169, 154, 219, 382, 323, 168, 186, 145, 217, 557, 148, 59, 50, 215, 96, 117, 271, 117, 57, 60, 252, 176, 345, 129, 806, 138]",3925
bfcl_v3,bfcl_v3:multi_turn_base_1,1,3798,128,6,1,127,3925,6,"[280, 70, 69, 228, 322, 86, 7, 111, 436, 72, 104, 51, 349, 121, 82, 423, 301, 28, 125, 53, 107, 296, 134, 210, 186, 30, 186, 563, 210, 154, 111, 558, 51, 135, 80, 574, 98, 47, 146, 487, 137, 334, 34, 109, 94, 68, 193, 82, 12, 180, 110, 181, 46, 152, 157, 205, 208, 187, 121, 146, 145, 277, 132, 47, 184, 757, 109, 131, 246, 338, 256, 155, 49, 236, 107, 413, 72, 168, 127, 139, 311, 107, 325, 198, 224, 135, 224, 75, 280, 21, 51, 98, 691, 128, 43, 287, 48, 195, 113, 101, 175, 433, 203, 406, 49, 40, 90, 130, 255, 111, 108, 38, 114, 84, 210, 92, 193, 144, 99, 106, 235, 161, 387, 571, 205, 489, 162, 80]",3925
bfcl_v3,bfcl_v3:multi_turn_base_1,1,3798,128,8,1,127,3925,6,"[132, 171, 87, 150, 21, 56, 272, 146, 576, 155, 477, 681, 131, 34, 356, 462, 377, 248, 220, 120, 83, 234, 222, 50, 128, 28, 31, 30, 98, 157, 177, 50, 30, 133, 167, 49, 256, 46, 397, 78, 113, 55, 93, 181, 141, 106, 245, 80, 97, 17, 119, 379, 9, 265, 431, 245, 109, 285, 233, 338, 2, 12, 65, 225, 54, 266, 136, 47, 166, 18, 95, 725, 163, 162, 52, 33, 358, 281, 140, 58, 187, 172, 252, 427, 150, 76, 26, 20, 569, 194, 550, 23, 265, 124, 1125, 173, 64, 85, 126, 208, 374, 44, 72, 23, 523, 78, 50, 75, 402, 84, 104, 86, 214, 51, 50, 106, 656, 122, 81, 73, 1, 72, 494, 263, 155, 237, 216, 113]",3925
bfcl_v3,bfcl_v3:multi_turn_base_1,1,3798,128,10,1,127,3925,6,"[248, 380, 236, 34, 163, 28, 156, 133, 305, 3, 88, 135, 339, 61, 50, 169, 417, 63, 418, 140, 113, 301, 115, 43, 29, 111, 42, 103, 70, 34, 65, 434, 51, 16, 86, 20, 87, 54, 78, 46, 159, 110, 122, 82, 197, 257, 185, 62, 18, 533, 186, 86, 207, 12, 337, 274, 150, 225, 16, 136, 124, 91, 199, 66, 132, 54, 112, 156, 450, 44, 181, 511, 352, 23, 20, 184, 85, 306, 415, 262, 217, 118, 105, 107, 40, 64, 169, 3, 118, 141, 131, 175, 285, 102, 850, 148, 8, 22, 235, 169, 833, 178, 142, 130, 187, 173, 78, 25, 1741, 34, 318, 214, 51, 107, 160, 264, 108, 404, 218, 206, 183, 70, 47, 34, 1, 127, 1346, 379]",3925
bfcl_v3,bfcl_v3:multi_turn_base_1,1,3798,128,13,1,127,3925,6,"[257, 9, 168, 56, 35, 35, 187, 72, 340, 59, 83, 67, 980, 97, 138, 643, 260, 74, 487, 178, 7, 4, 855, 158, 61, 293, 290, 49, 51, 39, 140, 67, 113, 7, 762, 12, 247, 52, 132, 145, 140, 386, 133, 7, 326, 155, 709, 263, 613, 102, 101, 393, 161, 128, 204, 62, 15, 96, 222, 189, 231, 147, 166, 87, 389, 86, 179, 89, 4, 3, 587, 168, 198, 201, 753, 10, 351, 185, 19, 310, 173, 50, 276, 20, 252, 223, 5, 75, 31, 75, 161, 932, 88, 232, 47, 17, 95, 161, 86, 94, 50, 123, 295, 16, 294, 48, 227, 177, 104, 118, 82, 8, 24, 33, 13, 56, 441, 262, 44, 374, 363, 6, 67, 28, 712, 75, 56, 84]",3925
bfcl_v3,bfcl_v3:multi_turn_base_1,1,3798,128,15,1,127,3925,6,"[158, 932, 13, 89, 16, 827, 48, 538, 253, 505, 39, 234, 46, 110, 26, 436, 188, 35, 439, 39, 37, 498, 238, 214, 111, 199, 376, 63, 291, 83, 74, 83, 213, 736, 216, 21, 142, 611, 45, 38, 74, 527, 184, 20, 123, 639, 47, 54, 144, 216, 120, 29, 74, 144, 328, 233, 78, 114, 454, 39, 499, 9, 21, 699, 68, 54, 206, 59, 141, 40, 30, 48, 34, 258, 240, 264, 49, 89, 390, 31, 288, 89, 315, 435, 101, 155, 159, 1, 42, 129, 434, 308, 65, 56, 152, 360, 17, 141, 83, 154, 77, 49, 369, 67, 190, 123, 29, 51, 99, 85, 6, 128, 69, 6, 32, 39, 508, 104, 26, 120, 422, 20, 209, 111, 114, 92, 107, 684]",3925
bfcl_v3,bfcl_v3:multi_turn_base_1,1,3798,128,17,1,127,3925,6,"[85, 165, 115, 135, 564, 376, 98, 53, 272, 85, 149, 165, 157, 626, 40, 286, 196, 139, 292, 129, 1114, 25, 217, 184, 41, 121, 15, 459, 329, 68, 260, 28, 792, 207, 48, 128, 144, 504, 11, 145, 481, 220, 55, 107, 91, 27, 56, 79, 183, 219, 113, 259, 168, 187, 154, 107, 101, 509, 12, 119, 153, 75, 41, 368, 82, 606, 194, 15, 650, 40, 7, 31, 183, 248, 18, 50, 249, 396, 216, 10, 370, 163, 271, 186, 7, 287, 212, 225, 85, 183, 195, 491, 242, 104, 154, 90, 294, 7, 167, 73, 143, 215, 138, 194, 104, 317, 13, 62, 177, 97, 174, 395, 28, 149, 41, 214, 134, 31, 301, 214, 11, 96, 23, 142, 140, 217, 48, 80]",3925
bfcl_v3,bfcl_v3:multi_turn_base_1,1,3798,128,20,1,127,3925,6,"[428, 203, 7, 177, 274, 899, 1114, 127, 76, 118, 84, 0, 545, 63, 48, 51, 1221, 8, 170, 12, 31, 25, 10, 10, 141, 165, 93, 5, 253, 175, 34, 93, 354, 120, 14, 77, 7, 294, 10, 30, 248, 20, 242, 133, 247, 439, 22, 62, 250, 57, 23, 816, 75, 154, 157, 33, 744, 394, 291, 20, 19, 184, 358, 67, 172, 45, 17, 5, 149, 47, 468, 298, 64, 34, 151, 203, 205, 89, 151, 257, 79, 13, 132, 186, 84, 70, 31, 36, 1090, 37, 151, 119, 28, 19, 189, 244, 169, 80, 20, 204, 5, 53, 160, 38, 153, 62, 235, 199, 249, 49, 5, 485, 217, 457, 1221, 192, 43, 153, 171, 100, 39, 230, 586, 97, 110, 242, 16, 26]",3925
bfcl_v3,bfcl_v3:multi_turn_base_1,1,3798,128,22,1,127,3925,6,"[85, 70, 121, 123, 119, 93, 203, 470, 458, 21, 142, 482, 72, 92, 29, 89, 175, 92, 823, 27, 57, 61, 210, 190, 399, 203, 381, 151, 191, 90, 78, 28, 70, 244, 77, 64, 138, 332, 184, 402, 468, 629, 181, 109, 165, 206, 49, 164, 22, 182, 235, 183, 606, 38, 188, 42, 127, 78, 219, 45, 23, 130, 71, 144, 49, 113, 203, 584, 149, 96, 87, 766, 256, 415, 73, 70, 161, 40, 905, 406, 88, 183, 52, 425, 129, 137, 106, 120, 37, 17, 56, 121, 67, 174, 6, 233, 164, 250, 74, 162, 1123, 13, 155, 78, 19, 188, 135, 150, 55, 58, 398, 59, 101, 214, 26, 174, 3, 262, 152, 27, 5, 264, 337, 129, 110, 434, 152, 115]",3925
bfcl_v3,bfcl_v3:multi_turn_base_1,1,3798,128,24,1,127,3925,6,"[105, 67, 121, 354, 155, 6, 33, 20, 385, 41, 43, 124, 208, 80, 18, 35, 6, 102, 19, 574, 707, 13, 18, 95, 10, 196, 119, 68, 543, 20, 175, 226, 139, 168, 164, 1, 38, 185, 6, 839, 49, 51, 108, 431, 28, 728, 54, 72, 198, 215, 49, 81, 59, 91, 1987, 1, 98, 36, 350, 247, 39, 434, 65, 121, 626, 20, 584, 28, 66, 37, 224, 45, 237, 79, 53, 327, 5, 58, 411, 49, 28, 131, 264, 630, 338, 189, 334, 176, 60, 10, 201, 351, 166, 370, 172, 207, 19, 152, 18, 108, 90, 172, 15, 212, 242, 54, 1248, 83, 24, 97, 141, 7, 128, 77, 275, 140, 118, 34, 69, 60, 389, 235, 35, 615, 48, 23, 168, 160]",3925
bfcl_v3,bfcl_v3:multi_turn_base_1,1,3798,128,27,1,127,3925,6,"[144, 295, 107, 13, 192, 65, 124, 39, 65, 201, 227, 21, 327, 67, 117, 54, 23, 143, 127, 54, 24, 91, 365, 179, 186, 122, 221, 335, 169, 55, 214, 113, 436, 158, 144, 4, 277, 624, 173, 6, 637, 147, 74, 142, 308, 191, 314, 463, 13, 71, 302, 140, 309, 162, 140, 36, 12, 255, 288, 30, 5, 108, 343, 10, 267, 140, 61, 154, 98, 6, 125, 299, 149, 204, 43, 23, 473, 3, 30, 25, 377, 25, 12, 527, 470, 23, 9, 62, 61, 178, 441, 141, 119, 106, 374, 300, 538, 1269, 29, 78, 100, 292, 111, 563, 184, 124, 529, 15, 169, 134, 298, 28, 37, 430, 30, 96, 263, 152, 153, 481, 115, 491, 28, 146, 60, 51, 229, 201]",3925
bfcl_v3,bfcl_v3:multi_turn_base_1,1,3798,128,29,1,127,3925,6,"[189, 349, 12, 36, 311, 153, 73, 152, 13, 86, 281, 56, 321, 106, 305, 178, 63, 80, 185, 21, 133, 100, 349, 224, 74, 186, 227, 37, 1014, 165, 187, 11, 102, 0, 397, 118, 134, 126, 73, 161, 179, 14, 57, 50, 751, 130, 154, 18, 282, 127, 267, 126, 1083, 202, 66, 160, 225, 87, 490, 321, 31, 70, 51, 117, 61, 87, 136, 49, 176, 63, 43, 78, 140, 174, 86, 109, 280, 86, 0, 53, 80, 418, 229, 16, 67, 154, 305, 382, 34, 529, 334, 359, 258, 539, 14, 357, 213, 128, 67, 197, 46, 668, 121, 138, 167, 366, 131, 168, 187, 76, 78, 578, 34, 10, 1, 134, 5, 504, 159, 211, 339, 111, 170, 33, 217, 209, 166, 376]",3925
bfcl_v3,bfcl_v3:multi_turn_base_1,1,3798,128,31,1,127,3925,6,"[91, 1345, 52, 124, 96, 663, 146, 217, 29, 140, 63, 148, 73, 140, 766, 1144, 365, 73, 389, 242, 13, 63, 127, 51, 0, 16, 18, 98, 335, 375, 114, 122, 296, 15, 65, 214, 45, 386, 332, 180, 670, 39, 297, 44, 163, 65, 184, 27, 350, 157, 108, 226, 63, 9, 13, 330, 75, 55, 8, 80, 509, 26, 22, 254, 41, 299, 418, 397, 127, 87, 151, 139, 54, 64, 138, 28, 239, 87, 261, 441, 250, 74, 133, 68, 134, 88, 33, 313, 221, 59, 111, 96, 96, 30, 24, 447, 282, 71, 92, 48, 208, 106, 184, 151, 374, 49, 88, 93, 192, 16, 85, 260, 135, 372, 58, 403, 36, 75, 20, 285, 94, 88, 290, 501, 19, 187, 69, 526]",3925
bfcl_v3,bfcl_v3:multi_turn_base_1,1,3798,128,34,1,127,3925,6,"[260, 168, 133, 1, 466, 41, 285, 420, 28, 249, 198, 219, 228, 452, 156, 120, 141, 104, 7, 1, 154, 108, 812, 509, 103, 203, 15, 21, 221, 652, 50, 267, 187, 59, 329, 201, 147, 643, 1666, 267, 42, 4, 410, 125, 530, 127, 28, 327, 236, 290, 147, 341, 46, 347, 8, 5, 427, 348, 16, 49, 90, 283, 423, 165, 141, 188, 45, 146, 273, 15, 227, 117, 243, 151, 12, 216, 115, 8, 65, 142, 53, 181, 171, 56, 83, 10, 60, 48, 75, 35, 338, 64, 66, 158, 18, 341, 270, 494, 143, 317, 53, 133, 78, 150, 26, 6, 36, 368, 217, 114, 208, 72, 415, 157, 295, 64, 116, 92, 0, 11, 85, 128, 40, 102, 209, 8, 103, 74]",3925
bfcl_v3,bfcl_v3:multi_turn_base_1,1,3798,128,36,1,127,3925,6,"[150, 125, 31, 260, 33, 178, 126, 256, 241, 54, 14, 35, 53, 1737, 779, 13, 117, 180, 230, 114, 75, 785, 19, 190, 47, 146, 25, 317, 287, 769, 232, 237, 249, 168, 193, 84, 179, 62, 141, 150, 405, 15, 220, 96, 78, 352, 37, 160, 193, 165, 91, 112, 309, 292, 192, 358, 192, 212, 94, 50, 183, 285, 353, 173, 105, 23, 123, 34, 316, 88, 34, 13, 33, 22, 257, 222, 221, 146, 378, 65, 27, 114, 144, 207, 85, 160, 4, 139, 241, 276, 10, 55, 225, 198, 29, 199, 101, 10, 88, 140, 300, 132, 62, 185, 90, 162, 114, 122, 284, 448, 126, 476, 313, 38, 34, 361, 230, 47, 113, 152, 178, 93, 363, 215, 258, 103, 252, 69]",3925
bfcl_v3,bfcl_v3:multi_turn_base_1,1,3798,128,38,1,127,3925,6,"[150, 44, 99, 12, 390, 560, 635, 107, 1173, 288, 11, 38, 27, 39, 249, 234, 190, 105, 33, 79, 179, 118, 227, 127, 120, 168, 380, 465, 76, 315, 369, 71, 85, 1, 57, 191, 25, 63, 39, 423, 38, 150, 224, 98, 358, 326, 326, 20, 38, 245, 72, 349, 250, 246, 99, 280, 143, 82, 148, 6, 272, 36, 34, 94, 21, 205, 56, 247, 72, 309, 181, 151, 117, 159, 148, 124, 389, 179, 71, 68, 39, 378, 76, 21, 17, 155, 367, 53, 282, 79, 213, 32, 187, 318, 129, 242, 100, 131, 106, 55, 335, 237, 366, 35, 77, 80, 9, 223, 284, 336, 271, 162, 209, 611, 133, 213, 23, 150, 68, 63, 399, 76, 133, 432, 82, 74, 349, 747]",3925
bfcl_v3,bfcl_v3:multi_turn_base_1,1,3798,128,40,1,127,3925,6,"[81, 727, 73, 227, 155, 40, 13, 31, 40, 154, 72, 66, 262, 9, 160, 217, 242, 123, 80, 73, 59, 55, 51, 52, 141, 68, 89, 82, 10, 154, 897, 54, 36, 150, 145, 73, 103, 239, 35, 38, 79, 117, 410, 28, 69, 399, 82, 266, 185, 230, 234, 111, 338, 227, 260, 283, 861, 169, 242, 101, 58, 37, 83, 190, 11, 344, 168, 141, 186, 849, 419, 214, 32, 153, 199, 491, 181, 19, 285, 261, 272, 436, 167, 67, 50, 148, 173, 24, 67, 38, 39, 450, 278, 206, 239, 134, 392, 254, 112, 135, 113, 187, 101, 268, 58, 227, 44, 157, 137, 26, 592, 201, 57, 175, 62, 233, 916, 84, 423, 247, 290, 316, 50, 203, 73, 6, 43, 192]",3925
bfcl_v3,bfcl_v3:multi_turn_base_1,1,3798,128,43,1,127,3925,6,"[24, 252, 93, 523, 184, 384, 63, 45, 138, 83, 97, 226, 375, 49, 123, 80, 161, 83, 29, 371, 89, 413, 111, 648, 302, 399, 202, 10, 600, 211, 21, 34, 151, 198, 136, 28, 504, 301, 281, 235, 118, 173, 17, 264, 82, 218, 621, 71, 244, 132, 91, 302, 124, 85, 290, 273, 213, 111, 186, 132, 86, 237, 120, 97, 152, 173, 58, 301, 161, 128, 62, 332, 43, 114, 179, 246, 227, 92, 152, 69, 166, 150, 272, 49, 65, 1244, 316, 99, 81, 300, 50, 232, 99, 66, 178, 194, 269, 25, 62, 35, 12, 200, 351, 49, 170, 62, 116, 48, 184, 479, 8, 26, 63, 28, 26, 87, 786, 346, 179, 19, 86, 50, 92, 83, 244, 309, 308, 154]",3925
bfcl_v3,bfcl_v3:multi_turn_base_1,1,3798,128,45,1,127,3925,6,"[55, 37, 159, 358, 31, 161, 238, 42, 69, 303, 56, 231, 99, 4, 81, 209, 27, 165, 46, 102, 484, 225, 84, 326, 175, 94, 106, 76, 564, 14, 62, 260, 114, 149, 214, 27, 47, 16, 93, 792, 108, 823, 33, 12, 103, 198, 234, 31, 81, 582, 844, 416, 119, 189, 192, 66, 20, 10, 157, 294, 235, 14, 207, 207, 97, 13, 103, 139, 200, 70, 123, 280, 8, 93, 20, 280, 316, 1653, 248, 2, 168, 41, 73, 253, 111, 283, 222, 379, 639, 444, 84, 82, 104, 184, 77, 114, 4, 34, 53, 25, 74, 71, 51, 22, 342, 210, 99, 120, 4, 517, 122, 82, 76, 30, 218, 154, 155, 95, 87, 286, 31, 40, 46, 15, 1194, 425, 35, 360]",3925
bfcl_v3,bfcl_v3:multi_turn_base_1,1,3798,128,47,1,127,3925,6,"[371, 155, 364, 230, 312, 34, 34, 369, 111, 210, 114, 81, 30, 28, 375, 216, 121, 150, 227, 427, 102, 196, 182, 94, 91, 57, 131, 123, 54, 61, 211, 40, 127, 91, 25, 136, 83, 178, 219, 244, 57, 245, 40, 186, 108, 116, 56, 167, 310, 163, 38, 424, 31, 33, 116, 235, 101, 374, 45, 28, 150, 27, 193, 107, 46, 122, 80, 141, 217, 186, 65, 209, 188, 51, 47, 652, 396, 222, 60, 376, 223, 155, 105, 191, 19, 19, 246, 4, 11, 465, 76, 22, 259, 489, 929, 197, 191, 104, 2, 31, 228, 181, 258, 857, 106, 169, 51, 228, 112, 593, 248, 274, 108, 213, 282, 285, 771, 54, 204, 43, 669, 88, 153, 179, 152, 73, 65, 356]",3925
bfcl_v3,bfcl_v3:multi_turn_base_1,1,3798,128,49,1,127,3925,6,"[62, 75, 50, 356, 134, 160, 563, 268, 25, 10, 71, 572, 65, 441, 485, 148, 45, 94, 35, 427, 145, 207, 149, 30, 14, 169, 443, 62, 26, 588, 155, 126, 230, 109, 400, 218, 94, 46, 44, 51, 52, 111, 154, 86, 220, 247, 45, 123, 176, 30, 103, 86, 179, 239, 41, 68, 132, 199, 66, 41, 14, 46, 35, 155, 232, 213, 434, 88, 158, 113, 93, 173, 258, 123, 489, 144, 46, 297, 334, 94, 21, 319, 52, 194, 359, 77, 210, 72, 142, 427, 92, 11, 64, 342, 763, 212, 387, 133, 180, 268, 54, 81, 147, 156, 37, 60, 274, 47, 411, 171, 124, 79, 133, 241, 138, 170, 306, 404, 180, 258, 124, 125, 515, 987, 327, 34, 136, 177]",3925
bfcl_v3,bfcl_v3:multi_turn_base_1,1,3798,128,51,1,127,3925,6,"[38, 364, 23, 229, 75, 295, 91, 69, 29, 12, 9, 240, 93, 150, 58, 107, 234, 84, 153, 52, 485, 489, 193, 76, 160, 84, 220, 19, 83, 277, 395, 335, 79, 256, 84, 422, 395, 67, 120, 24, 15, 144, 99, 178, 225, 297, 354, 244, 558, 45, 127, 143, 142, 48, 25, 160, 518, 59, 202, 308, 317, 200, 205, 224, 393, 188, 292, 54, 152, 97, 52, 423, 300, 196, 306, 910, 170, 92, 246, 204, 231, 184, 152, 100, 154, 141, 254, 84, 42, 8, 63, 111, 250, 95, 301, 32, 66, 341, 53, 90, 75, 75, 421, 755, 73, 743, 155, 15, 65, 183, 22, 431, 120, 198, 241, 283, 165, 85, 174, 138, 166, 199, 55, 91, 18, 112, 160, 0]",3925
bfcl_v3,bfcl_v3:multi_turn_base_2,1,5597,128,1,1,127,5724,6,"[409, 436, 218, 252, 406, 72, 146, 403, 175, 112, 132, 346, 325, 415, 216, 511, 211, 59, 475, 728, 138, 136, 239, 114, 260, 339, 106, 140, 84, 560, 216, 94, 349, 99, 38, 310, 366, 433, 277, 194, 219, 314, 118, 687, 624, 65, 351, 64, 90, 152, 317, 17, 149, 453, 190, 367, 433, 401, 479, 370, 62, 299, 159, 130, 273, 113, 74, 360, 279, 191, 118, 174, 208, 367, 174, 724, 156, 282, 451, 121, 112, 217, 122, 539, 176, 240, 281, 527, 575, 155, 420, 328, 237, 391, 337, 119, 466, 534, 188, 99, 160, 86, 442, 93, 339, 111, 84, 508, 477, 168, 55, 93, 789, 311, 112, 279, 66, 142, 309, 392, 468, 358, 202, 684, 61, 87, 51, 240]",5724
bfcl_v3,bfcl_v3:multi_turn_base_2,1,5597,128,3,1,127,5724,6,"[178, 442, 375, 192, 438, 220, 89, 218, 290, 219, 449, 246, 377, 437, 349, 166, 280, 452, 349, 103, 494, 132, 290, 390, 73, 365, 158, 202, 74, 45, 215, 25, 309, 501, 64, 340, 155, 260, 26, 178, 535, 53, 375, 422, 69, 138, 566, 813, 65, 171, 433, 144, 127, 458, 123, 318, 65, 31, 212, 322, 110, 33, 417, 564, 792, 404, 260, 58, 241, 62, 264, 23, 145, 331, 256, 535, 147, 782, 32, 205, 123, 292, 297, 45, 44, 350, 407, 162, 46, 87, 320, 337, 489, 339, 85, 308, 195, 72, 105, 119, 505, 389, 213, 243, 356, 585, 477, 263, 239, 207, 290, 808, 159, 62, 80, 297, 172, 181, 377, 139, 75, 112, 471, 182, 580, 176, 1026, 192]",5724
bfcl_v3,bfcl_v3:multi_turn_base_2,1,5597,128,6,1,127,5724,6,"[432, 127, 89, 377, 479, 117, 280, 175, 637, 115, 156, 102, 514, 153, 129, 655, 480, 37, 150, 98, 124, 493, 193, 325, 239, 64, 282, 832, 410, 194, 255, 607, 76, 153, 102, 661, 130, 55, 190, 733, 210, 481, 68, 136, 135, 126, 336, 146, 41, 267, 196, 242, 69, 212, 172, 334, 264, 248, 142, 187, 232, 413, 207, 13, 279, 1201, 185, 216, 387, 561, 438, 265, 69, 270, 130, 442, 107, 244, 275, 159, 442, 116, 626, 296, 295, 235, 290, 88, 410, 62, 58, 105, 1007, 128, 76, 440, 74, 314, 134, 196, 190, 745, 264, 577, 71, 34, 162, 170, 338, 147, 160, 71, 202, 105, 253, 87, 217, 189, 143, 112, 337, 234, 561, 791, 256, 701, 227, 83]",5724
bfcl_v3,bfcl_v3:multi_turn_base_2,1,5597,128,8,1,127,5724,6,"[205, 256, 131, 204, 26, 138, 402, 168, 519, 203, 441, 930, 185, 63, 554, 696, 505, 454, 251, 188, 147, 339, 324, 63, 139, 65, 54, 40, 317, 307, 249, 33, 53, 445, 673, 98, 401, 80, 528, 125, 119, 115, 172, 245, 212, 182, 432, 75, 144, 18, 139, 599, 53, 324, 609, 414, 146, 429, 339, 486, 3, 37, 171, 329, 50, 392, 309, 372, 208, 14, 127, 610, 240, 161, 59, 66, 444, 431, 205, 98, 268, 193, 398, 479, 209, 138, 50, 46, 547, 372, 830, 32, 423, 190, 1248, 278, 71, 124, 159, 344, 573, 27, 175, 20, 858, 82, 96, 137, 391, 241, 175, 97, 275, 68, 146, 176, 937, 223, 144, 101, 6, 126, 619, 457, 289, 391, 288, 250]",5724
bfcl_v3,bfcl_v3:multi_turn_base_2,1,5597,128,10,1,127,5724,6,"[480, 364, 320, 43, 214, 96, 321, 110, 1100, 2, 173, 129, 475, 106, 297, 168, 653, 142, 563, 215, 155, 486, 395, 102, 89, 143, 28, 144, 131, 75, 70, 733, 95, 21, 177, 23, 98, 57, 87, 62, 230, 143, 193, 97, 342, 392, 241, 76, 17, 783, 161, 144, 348, 47, 445, 304, 273, 353, 31, 278, 129, 374, 432, 113, 169, 132, 181, 191, 574, 38, 273, 713, 428, 32, 101, 337, 113, 546, 595, 456, 220, 154, 145, 168, 101, 84, 231, 5, 203, 217, 371, 316, 268, 164, 1031, 178, 9, 16, 275, 270, 1140, 444, 198, 181, 125, 238, 88, 42, 1657, 280, 362, 305, 120, 128, 219, 295, 65, 678, 209, 234, 544, 84, 140, 38, 0, 197, 1378, 562]",5724
bfcl_v3,bfcl_v3:multi_turn_base_2,1,5597,128,13,1,127,5724,6,"[412, 30, 185, 106, 39, 23, 265, 78, 355, 121, 126, 139, 1340, 167, 232, 736, 389, 155, 497, 207, 8, 5, 959, 270, 80, 566, 491, 66, 80, 43, 260, 79, 313, 12, 967, 29, 393, 65, 195, 153, 469, 630, 160, 6, 444, 299, 780, 380, 964, 160, 147, 497, 989, 160, 391, 47, 86, 170, 392, 244, 304, 224, 153, 173, 518, 105, 271, 119, 4, 13, 993, 267, 246, 297, 997, 26, 568, 241, 25, 503, 361, 99, 386, 32, 337, 325, 14, 114, 47, 248, 237, 931, 180, 228, 98, 38, 135, 222, 117, 162, 50, 167, 417, 18, 285, 80, 280, 322, 298, 243, 401, 9, 58, 64, 79, 122, 512, 397, 93, 612, 363, 75, 87, 60, 589, 68, 73, 113]",5724
bfcl_v3,bfcl_v3:multi_turn_base_2,1,5597,128,15,1,127,5724,6,"[339, 709, 48, 99, 76, 772, 68, 794, 298, 781, 95, 304, 78, 253, 49, 766, 266, 35, 641, 42, 30, 637, 224, 294, 136, 243, 449, 83, 449, 132, 110, 40, 245, 1222, 422, 346, 288, 776, 41, 93, 73, 831, 263, 89, 480, 1365, 66, 47, 203, 369, 188, 40, 61, 369, 597, 293, 94, 205, 697, 83, 638, 35, 20, 944, 144, 67, 312, 58, 220, 38, 52, 104, 125, 250, 398, 215, 92, 96, 557, 40, 349, 92, 497, 758, 122, 206, 227, 24, 138, 206, 680, 296, 102, 83, 149, 642, 34, 192, 118, 187, 117, 87, 471, 97, 314, 120, 38, 132, 158, 134, 10, 133, 81, 31, 35, 84, 519, 184, 319, 209, 625, 16, 333, 227, 145, 120, 166, 746]",5724
bfcl_v3,bfcl_v3:multi_turn_base_2,1,5597,128,17,1,127,5724,6,"[133, 270, 380, 142, 949, 589, 137, 74, 345, 118, 321, 187, 218, 955, 63, 344, 298, 229, 415, 139, 1622, 45, 383, 190, 53, 325, 52, 792, 496, 116, 340, 17, 956, 212, 86, 188, 185, 1060, 13, 208, 772, 230, 99, 228, 123, 63, 58, 79, 214, 292, 251, 286, 194, 279, 253, 179, 140, 703, 25, 195, 198, 74, 50, 511, 122, 494, 195, 19, 838, 75, 69, 22, 338, 261, 49, 118, 314, 582, 253, 73, 626, 420, 341, 277, 15, 369, 344, 285, 142, 281, 398, 724, 219, 134, 160, 108, 459, 11, 241, 113, 144, 379, 145, 314, 270, 482, 15, 79, 288, 150, 277, 372, 57, 208, 33, 316, 105, 62, 437, 368, 7, 164, 20, 168, 253, 419, 81, 101]",5724
bfcl_v3,bfcl_v3:multi_turn_base_2,1,5597,128,20,1,127,5724,6,"[551, 360, 14, 238, 295, 1363, 2384, 74, 122, 243, 61, 2, 746, 143, 55, 28, 1668, 9, 259, 18, 65, 103, 6, 7, 330, 260, 83, 7, 510, 266, 65, 199, 497, 203, 24, 119, 4, 348, 10, 35, 523, 18, 401, 224, 475, 476, 21, 77, 368, 131, 27, 844, 86, 143, 172, 151, 688, 542, 294, 23, 52, 246, 479, 199, 281, 46, 33, 36, 382, 84, 671, 485, 61, 53, 181, 302, 235, 113, 380, 325, 87, 16, 96, 326, 128, 34, 14, 32, 1642, 36, 216, 204, 106, 30, 273, 233, 209, 194, 45, 345, 18, 58, 198, 50, 225, 85, 278, 356, 238, 75, 15, 622, 312, 784, 1264, 297, 56, 197, 242, 131, 76, 610, 921, 145, 194, 470, 25, 34]",5724
bfcl_v3,bfcl_v3:multi_turn_base_2,1,5597,128,22,1,127,5724,6,"[101, 65, 155, 159, 146, 105, 293, 625, 747, 28, 188, 670, 157, 124, 45, 161, 140, 155, 1120, 38, 96, 69, 267, 254, 638, 320, 599, 235, 315, 128, 99, 27, 106, 351, 103, 65, 211, 538, 275, 600, 584, 935, 234, 143, 210, 327, 39, 251, 32, 214, 366, 248, 752, 44, 344, 74, 181, 108, 310, 63, 23, 226, 67, 144, 70, 240, 386, 870, 250, 132, 129, 1303, 438, 625, 116, 181, 224, 112, 1215, 509, 103, 263, 74, 569, 176, 164, 281, 150, 64, 28, 67, 192, 117, 286, 10, 369, 293, 341, 103, 225, 1584, 19, 174, 86, 112, 336, 258, 211, 89, 68, 524, 97, 116, 371, 64, 219, 7, 356, 276, 48, 6, 397, 388, 231, 118, 640, 262, 175]",5724
bfcl_v3,bfcl_v3:multi_turn_base_2,1,5597,128,24,1,127,5724,6,"[136, 117, 87, 584, 332, 1, 32, 35, 503, 58, 74, 212, 342, 113, 18, 97, 17, 106, 23, 750, 634, 27, 15, 175, 25, 320, 148, 117, 822, 34, 389, 298, 184, 233, 273, 1, 44, 245, 7, 1524, 102, 82, 129, 475, 17, 1027, 71, 84, 297, 169, 67, 135, 188, 113, 2533, 0, 162, 40, 494, 411, 54, 624, 152, 188, 1102, 18, 1108, 60, 61, 48, 376, 107, 304, 111, 39, 535, 3, 130, 627, 67, 30, 222, 380, 947, 418, 273, 537, 242, 35, 9, 315, 377, 237, 347, 198, 263, 24, 211, 33, 208, 175, 285, 21, 253, 438, 73, 1849, 129, 23, 271, 204, 4, 153, 116, 410, 177, 122, 129, 105, 66, 359, 330, 52, 1226, 54, 21, 277, 254]",5724
bfcl_v3,bfcl_v3:multi_turn_base_2,1,5597,128,27,1,127,5724,6,"[188, 274, 186, 39, 275, 91, 211, 91, 70, 289, 373, 62, 393, 87, 163, 93, 36, 212, 152, 86, 43, 124, 420, 249, 388, 200, 126, 522, 290, 39, 325, 140, 534, 264, 351, 4, 467, 1069, 265, 6, 935, 258, 131, 243, 427, 211, 636, 749, 20, 114, 385, 150, 427, 228, 178, 50, 23, 309, 493, 25, 8, 120, 472, 24, 396, 207, 84, 139, 168, 8, 146, 547, 235, 379, 35, 30, 706, 2, 26, 72, 552, 35, 29, 799, 748, 36, 4, 136, 79, 319, 707, 281, 223, 237, 549, 378, 657, 1264, 17, 131, 54, 372, 155, 830, 257, 228, 765, 78, 203, 247, 607, 60, 74, 754, 49, 189, 302, 213, 229, 829, 157, 516, 102, 211, 72, 50, 333, 234]",5724
bfcl_v3,bfcl_v3:multi_turn_base_2,1,5597,128,29,1,127,5724,6,"[230, 457, 23, 45, 534, 227, 159, 224, 12, 119, 365, 106, 550, 159, 422, 387, 112, 73, 257, 32, 136, 161, 448, 324, 115, 303, 314, 64, 1260, 224, 275, 13, 127, 1, 621, 165, 180, 259, 113, 235, 198, 34, 75, 78, 620, 176, 209, 30, 416, 183, 347, 176, 1357, 280, 106, 190, 320, 97, 639, 583, 33, 123, 659, 145, 123, 194, 154, 78, 276, 119, 67, 134, 152, 208, 111, 170, 485, 121, 9, 145, 112, 464, 398, 28, 76, 229, 482, 600, 57, 769, 498, 541, 499, 919, 21, 448, 314, 151, 137, 290, 54, 937, 170, 217, 248, 582, 209, 216, 312, 146, 122, 608, 67, 19, 3, 208, 9, 825, 205, 394, 504, 192, 199, 29, 342, 328, 220, 495]",5724
bfcl_v3,bfcl_v3:multi_turn_base_2,1,5597,128,31,1,127,5724,6,"[115, 1285, 54, 215, 111, 785, 196, 318, 30, 241, 75, 182, 93, 241, 1220, 1329, 510, 136, 500, 376, 32, 100, 159, 47, 0, 14, 27, 88, 505, 656, 147, 141, 486, 17, 91, 333, 63, 683, 485, 265, 1069, 71, 322, 27, 276, 89, 222, 51, 449, 227, 233, 425, 142, 16, 27, 541, 136, 71, 15, 89, 761, 52, 74, 234, 65, 924, 504, 586, 158, 183, 205, 232, 67, 114, 314, 49, 371, 119, 376, 608, 445, 94, 256, 83, 182, 124, 42, 460, 282, 88, 140, 103, 175, 74, 27, 702, 420, 132, 193, 82, 254, 189, 252, 247, 515, 53, 111, 104, 242, 27, 146, 424, 211, 719, 98, 650, 59, 93, 18, 417, 124, 92, 419, 628, 26, 343, 114, 820]",5724
bfcl_v3,bfcl_v3:multi_turn_base_2,1,5597,128,34,1,127,5724,6,"[404, 231, 275, 3, 472, 83, 438, 453, 68, 381, 281, 513, 331, 702, 239, 194, 236, 152, 8, 3, 376, 160, 762, 662, 134, 269, 10, 26, 401, 688, 839, 342, 316, 109, 563, 332, 260, 853, 2250, 687, 46, 3, 629, 135, 608, 170, 42, 309, 243, 469, 179, 506, 69, 574, 7, 7, 540, 549, 23, 61, 110, 396, 604, 255, 166, 307, 80, 245, 358, 17, 365, 193, 363, 220, 27, 210, 127, 17, 64, 219, 69, 210, 275, 73, 199, 21, 94, 98, 125, 63, 453, 142, 99, 221, 28, 507, 311, 786, 256, 327, 121, 157, 80, 283, 86, 19, 38, 560, 282, 140, 319, 146, 587, 170, 429, 52, 179, 169, 0, 8, 98, 170, 97, 144, 327, 6, 125, 177]",5724
bfcl_v3,bfcl_v3:multi_turn_base_2,1,5597,128,36,1,127,5724,6,"[184, 159, 23, 318, 33, 303, 139, 382, 385, 89, 10, 74, 81, 1554, 930, 20, 130, 278, 293, 159, 137, 1158, 46, 310, 83, 224, 44, 466, 356, 1291, 382, 347, 450, 354, 366, 121, 306, 95, 231, 245, 539, 8, 340, 264, 89, 721, 62, 192, 367, 190, 231, 95, 436, 396, 231, 429, 320, 426, 133, 75, 385, 430, 458, 186, 121, 46, 198, 46, 489, 125, 42, 22, 29, 45, 381, 285, 339, 210, 447, 157, 53, 142, 166, 298, 147, 244, 7, 278, 289, 431, 29, 120, 409, 241, 35, 234, 111, 23, 247, 141, 387, 189, 468, 284, 140, 202, 154, 172, 352, 744, 200, 568, 433, 43, 40, 510, 468, 58, 207, 184, 333, 111, 608, 305, 374, 160, 367, 97]",5724
bfcl_v3,bfcl_v3:multi_turn_base_2,1,5597,128,38,1,127,5724,6,"[183, 86, 88, 17, 583, 771, 911, 176, 971, 380, 19, 62, 91, 59, 332, 202, 352, 156, 68, 118, 336, 174, 294, 482, 168, 281, 684, 511, 173, 579, 317, 123, 110, 1, 101, 252, 20, 93, 149, 831, 83, 263, 353, 124, 559, 474, 520, 48, 40, 346, 93, 569, 288, 369, 100, 413, 237, 124, 199, 3, 308, 49, 73, 132, 66, 461, 166, 250, 134, 421, 276, 222, 149, 168, 188, 216, 509, 166, 86, 119, 57, 535, 112, 55, 38, 197, 477, 115, 404, 108, 280, 38, 352, 284, 162, 331, 151, 214, 143, 106, 493, 381, 550, 65, 157, 106, 2, 249, 407, 450, 453, 283, 252, 1042, 196, 332, 57, 327, 91, 135, 668, 104, 166, 757, 96, 80, 397, 1221]",5724
bfcl_v3,bfcl_v3:multi_turn_base_2,1,5597,128,40,1,127,5724,6,"[79, 713, 94, 295, 275, 56, 14, 31, 51, 192, 153, 84, 265, 69, 295, 252, 348, 607, 104, 131, 51, 74, 64, 93, 215, 102, 130, 154, 13, 294, 1342, 119, 62, 181, 294, 112, 192, 313, 36, 49, 81, 209, 1184, 20, 74, 529, 98, 370, 272, 268, 331, 122, 538, 329, 352, 518, 982, 248, 252, 150, 54, 99, 124, 297, 20, 536, 286, 208, 258, 1249, 585, 356, 26, 155, 409, 561, 294, 44, 414, 322, 260, 588, 285, 245, 138, 154, 229, 19, 69, 38, 39, 605, 366, 283, 244, 212, 412, 383, 170, 244, 157, 275, 71, 351, 152, 403, 75, 279, 264, 21, 750, 293, 79, 257, 54, 441, 1434, 113, 753, 322, 436, 320, 63, 312, 149, 12, 89, 214]",5724
bfcl_v3,bfcl_v3:multi_turn_base_2,1,5597,128,43,1,127,5724,6,"[42, 438, 109, 924, 225, 616, 84, 83, 195, 135, 209, 389, 515, 64, 141, 138, 203, 134, 23, 503, 95, 639, 150, 944, 305, 540, 222, 14, 959, 276, 69, 51, 181, 350, 219, 164, 624, 479, 330, 385, 202, 292, 15, 306, 117, 226, 681, 106, 228, 199, 93, 381, 218, 84, 427, 359, 274, 192, 243, 156, 96, 415, 126, 101, 241, 247, 114, 323, 216, 213, 94, 657, 75, 92, 289, 386, 381, 135, 193, 119, 267, 233, 470, 64, 114, 2089, 556, 187, 119, 416, 81, 378, 118, 118, 250, 244, 407, 40, 98, 38, 47, 189, 468, 57, 164, 177, 160, 78, 217, 753, 28, 130, 82, 9, 37, 220, 782, 382, 268, 27, 66, 131, 306, 110, 210, 333, 925, 223]",5724
bfcl_v3,bfcl_v3:multi_turn_base_2,1,5597,128,45,1,127,5724,6,"[110, 47, 212, 569, 78, 253, 410, 87, 181, 351, 37, 286, 146, 10, 146, 324, 44, 298, 62, 118, 671, 378, 66, 558, 258, 142, 145, 130, 944, 25, 103, 470, 189, 276, 277, 39, 56, 60, 135, 1206, 217, 1199, 190, 43, 164, 283, 341, 38, 156, 675, 888, 519, 145, 305, 286, 179, 45, 27, 208, 462, 381, 9, 289, 327, 209, 27, 178, 147, 260, 100, 127, 423, 24, 255, 41, 414, 508, 1578, 405, 3, 188, 43, 107, 289, 212, 462, 396, 669, 828, 685, 203, 123, 232, 313, 129, 173, 9, 59, 88, 122, 128, 102, 97, 34, 543, 277, 168, 149, 7, 648, 198, 150, 100, 53, 313, 313, 194, 134, 167, 381, 62, 206, 122, 19, 1453, 454, 78, 492]",5724
bfcl_v3,bfcl_v3:multi_turn_base_2,1,5597,128,47,1,127,5724,6,"[553, 184, 381, 354, 446, 72, 68, 520, 144, 321, 141, 96, 55, 27, 506, 334, 205, 216, 277, 572, 136, 262, 261, 112, 135, 107, 206, 253, 87, 101, 214, 72, 172, 122, 50, 244, 114, 254, 439, 461, 81, 498, 52, 222, 181, 155, 112, 241, 508, 259, 71, 503, 50, 38, 194, 339, 147, 499, 59, 26, 194, 45, 277, 148, 57, 145, 137, 211, 385, 474, 125, 320, 238, 67, 57, 1017, 466, 214, 87, 452, 322, 257, 174, 298, 29, 119, 305, 12, 25, 665, 76, 47, 329, 712, 1411, 325, 345, 144, 4, 25, 330, 276, 326, 1398, 175, 270, 56, 283, 128, 981, 340, 452, 117, 304, 388, 529, 947, 60, 320, 61, 875, 104, 200, 301, 213, 73, 137, 451]",5724
bfcl_v3,bfcl_v3:multi_turn_base_2,1,5597,128,49,1,127,5724,6,"[64, 177, 77, 548, 294, 345, 843, 351, 25, 13, 94, 929, 97, 516, 640, 286, 59, 160, 28, 523, 233, 256, 195, 253, 8, 351, 667, 123, 40, 639, 219, 197, 290, 161, 621, 397, 176, 65, 55, 40, 90, 228, 204, 128, 318, 291, 43, 159, 245, 39, 83, 147, 306, 346, 48, 93, 201, 342, 84, 61, 21, 49, 72, 248, 287, 372, 660, 148, 227, 141, 183, 285, 441, 133, 618, 170, 108, 389, 479, 137, 36, 451, 73, 264, 519, 58, 247, 126, 268, 607, 155, 5, 77, 619, 1150, 491, 587, 222, 215, 423, 80, 155, 186, 175, 84, 120, 283, 63, 655, 207, 131, 144, 223, 471, 212, 261, 492, 436, 220, 412, 161, 269, 552, 1027, 474, 87, 202, 290]",5724
bfcl_v3,bfcl_v3:multi_turn_base_2,1,5597,128,51,1,127,5724,6,"[62, 545, 41, 260, 89, 281, 120, 83, 37, 11, 31, 441, 140, 168, 91, 135, 316, 110, 308, 86, 446, 721, 245, 103, 204, 108, 284, 26, 106, 412, 594, 467, 176, 403, 95, 627, 566, 128, 170, 41, 16, 201, 100, 254, 307, 372, 511, 332, 702, 76, 237, 167, 212, 57, 38, 222, 716, 90, 355, 393, 421, 301, 312, 289, 585, 405, 427, 107, 210, 151, 57, 649, 391, 367, 540, 1349, 280, 162, 305, 216, 296, 324, 250, 177, 228, 190, 329, 104, 59, 9, 83, 150, 459, 126, 451, 54, 109, 516, 113, 108, 76, 110, 635, 1221, 124, 1152, 231, 83, 170, 290, 42, 650, 163, 337, 396, 490, 246, 87, 203, 221, 242, 307, 94, 98, 45, 91, 245, 1]",5724
bfcl_v3,bfcl_v3:multi_turn_base_3,1,3804,128,1,1,127,3931,6,"[312, 246, 174, 136, 225, 44, 107, 236, 127, 77, 113, 249, 194, 288, 156, 319, 132, 45, 321, 496, 105, 109, 115, 87, 203, 217, 114, 111, 68, 405, 161, 73, 225, 58, 34, 214, 262, 276, 177, 107, 176, 197, 80, 476, 388, 58, 237, 49, 64, 93, 213, 7, 109, 244, 106, 357, 329, 269, 330, 290, 22, 201, 104, 105, 184, 81, 43, 265, 196, 140, 55, 142, 144, 267, 132, 556, 59, 186, 305, 77, 74, 130, 86, 391, 119, 144, 241, 276, 370, 103, 257, 237, 183, 256, 197, 62, 344, 441, 134, 78, 115, 69, 300, 66, 218, 61, 70, 318, 328, 137, 47, 74, 531, 216, 86, 203, 50, 102, 232, 270, 332, 290, 125, 526, 50, 15, 37, 141]",3931
bfcl_v3,bfcl_v3:multi_turn_base_3,1,3804,128,3,1,127,3931,6,"[114, 276, 293, 88, 284, 160, 76, 177, 210, 142, 328, 159, 270, 323, 224, 99, 186, 315, 244, 69, 361, 111, 189, 228, 59, 242, 65, 158, 38, 42, 137, 28, 222, 363, 47, 192, 60, 168, 26, 102, 291, 41, 227, 249, 54, 113, 391, 568, 46, 147, 306, 106, 106, 310, 70, 225, 55, 30, 132, 162, 69, 9, 268, 404, 497, 301, 157, 62, 208, 40, 267, 24, 80, 168, 179, 390, 118, 500, 27, 100, 89, 181, 200, 21, 25, 301, 272, 99, 31, 55, 254, 220, 357, 234, 56, 234, 137, 34, 86, 96, 365, 263, 171, 154, 226, 388, 313, 171, 190, 142, 220, 564, 140, 60, 50, 218, 94, 120, 277, 110, 56, 61, 259, 169, 354, 130, 828, 139]",3931
bfcl_v3,bfcl_v3:multi_turn_base_3,1,3804,128,6,1,127,3931,6,"[274, 70, 69, 240, 321, 77, 6, 114, 440, 57, 98, 55, 351, 123, 85, 429, 313, 30, 128, 40, 103, 292, 133, 207, 181, 31, 180, 573, 215, 156, 116, 571, 49, 136, 82, 559, 97, 42, 158, 486, 133, 330, 34, 108, 100, 69, 198, 85, 14, 175, 111, 180, 46, 143, 164, 206, 215, 193, 122, 137, 143, 274, 135, 47, 180, 756, 108, 127, 234, 348, 267, 159, 46, 235, 114, 411, 65, 174, 137, 155, 300, 97, 322, 193, 231, 136, 232, 79, 281, 24, 50, 93, 694, 135, 42, 286, 35, 196, 111, 97, 172, 439, 216, 412, 52, 29, 92, 124, 241, 118, 113, 39, 114, 92, 210, 82, 189, 151, 91, 109, 226, 159, 386, 583, 209, 488, 169, 82]",3931
bfcl_v3,bfcl_v3:multi_turn_base_3,1,3804,128,8,1,127,3931,6,"[136, 163, 83, 145, 18, 55, 281, 145, 560, 154, 469, 708, 127, 43, 352, 455, 375, 242, 229, 118, 78, 231, 216, 54, 132, 31, 34, 31, 102, 181, 170, 35, 34, 142, 174, 57, 295, 46, 387, 92, 106, 58, 90, 183, 126, 108, 239, 79, 98, 16, 117, 379, 13, 271, 438, 251, 106, 250, 228, 348, 2, 14, 66, 225, 55, 254, 140, 52, 155, 10, 114, 736, 163, 178, 52, 38, 350, 284, 142, 57, 189, 166, 253, 428, 153, 85, 20, 17, 521, 202, 572, 13, 295, 129, 1150, 168, 57, 83, 121, 210, 362, 47, 83, 24, 506, 74, 43, 82, 387, 93, 97, 65, 202, 53, 46, 118, 670, 118, 77, 70, 3, 62, 532, 270, 160, 212, 212, 115]",3931
bfcl_v3,bfcl_v3:multi_turn_base_3,1,3804,128,10,1,127,3931,6,"[290, 379, 237, 43, 146, 25, 154, 135, 312, 2, 95, 145, 394, 63, 55, 165, 390, 67, 416, 141, 96, 312, 118, 49, 21, 110, 82, 103, 68, 31, 61, 454, 48, 19, 93, 23, 81, 52, 82, 46, 164, 118, 125, 83, 179, 252, 186, 60, 18, 530, 180, 79, 188, 17, 337, 258, 155, 226, 15, 135, 116, 77, 198, 94, 120, 48, 120, 140, 461, 39, 190, 492, 323, 22, 23, 186, 79, 314, 419, 263, 220, 120, 97, 88, 41, 66, 180, 6, 136, 125, 125, 172, 287, 112, 836, 139, 11, 26, 220, 152, 829, 184, 145, 108, 185, 182, 88, 16, 1760, 29, 328, 223, 54, 113, 162, 266, 104, 394, 213, 214, 188, 66, 50, 25, 0, 131, 1360, 378]",3931
bfcl_v3,bfcl_v3:multi_turn_base_3,1,3804,128,13,1,127,3931,6,"[259, 8, 182, 57, 36, 26, 164, 61, 317, 59, 87, 78, 958, 94, 146, 654, 264, 81, 468, 155, 15, 4, 850, 161, 59, 288, 286, 43, 52, 55, 142, 68, 120, 6, 745, 16, 262, 51, 122, 147, 130, 378, 137, 9, 336, 155, 718, 281, 572, 93, 98, 362, 152, 115, 208, 80, 9, 99, 224, 204, 241, 152, 179, 90, 382, 82, 174, 101, 2, 4, 586, 173, 196, 211, 768, 11, 343, 186, 15, 324, 177, 53, 267, 18, 267, 225, 6, 72, 41, 71, 179, 984, 98, 220, 56, 17, 98, 146, 84, 95, 56, 130, 313, 18, 271, 58, 210, 180, 112, 86, 76, 8, 26, 35, 16, 66, 449, 275, 46, 364, 356, 7, 69, 24, 733, 73, 46, 83]",3931
bfcl_v3,bfcl_v3:multi_turn_base_3,1,3804,128,15,1,127,3931,6,"[162, 936, 13, 94, 18, 798, 49, 560, 240, 507, 42, 212, 52, 116, 33, 448, 213, 42, 475, 48, 27, 500, 224, 202, 104, 197, 356, 67, 296, 87, 73, 73, 217, 758, 215, 24, 179, 622, 51, 24, 75, 532, 180, 15, 111, 650, 41, 46, 135, 225, 122, 32, 77, 152, 331, 248, 75, 118, 434, 52, 494, 15, 14, 662, 74, 53, 213, 54, 153, 37, 29, 47, 34, 269, 226, 260, 48, 109, 410, 24, 299, 89, 307, 443, 101, 185, 159, 0, 36, 137, 428, 298, 62, 54, 152, 358, 24, 134, 76, 150, 83, 35, 354, 73, 190, 120, 36, 53, 96, 85, 5, 129, 70, 4, 30, 40, 497, 78, 1, 114, 418, 19, 241, 98, 113, 92, 104, 686]",3931
bfcl_v3,bfcl_v3:multi_turn_base_3,1,3804,128,17,1,127,3931,6,"[85, 166, 103, 132, 597, 367, 99, 52, 287, 77, 143, 166, 151, 655, 64, 291, 191, 146, 293, 128, 1134, 25, 210, 179, 55, 122, 16, 440, 347, 62, 274, 20, 787, 212, 51, 136, 157, 517, 11, 148, 473, 200, 56, 106, 99, 33, 67, 70, 191, 198, 127, 231, 169, 196, 159, 106, 91, 534, 11, 121, 127, 63, 38, 364, 71, 612, 175, 16, 660, 42, 11, 22, 177, 254, 31, 40, 253, 408, 222, 11, 356, 155, 279, 172, 7, 279, 211, 224, 87, 208, 191, 522, 235, 101, 147, 95, 296, 5, 165, 74, 154, 219, 124, 200, 81, 320, 11, 53, 165, 92, 171, 381, 24, 138, 27, 215, 139, 24, 315, 212, 9, 100, 18, 151, 155, 216, 55, 77]",3931
bfcl_v3,bfcl_v3:multi_turn_base_3,1,3804,128,20,1,127,3931,6,"[431, 204, 7, 176, 283, 927, 1102, 125, 80, 128, 91, 0, 559, 64, 60, 27, 1188, 9, 175, 17, 23, 24, 7, 6, 149, 166, 91, 8, 286, 163, 40, 93, 362, 124, 18, 82, 13, 294, 9, 28, 239, 23, 269, 134, 256, 432, 29, 53, 246, 70, 28, 820, 70, 148, 146, 46, 758, 376, 272, 19, 23, 177, 359, 78, 177, 37, 17, 5, 177, 48, 467, 291, 63, 26, 141, 211, 191, 86, 139, 266, 73, 5, 123, 182, 82, 57, 24, 30, 1115, 37, 153, 112, 34, 23, 177, 211, 172, 70, 20, 197, 7, 53, 148, 25, 161, 63, 207, 210, 263, 43, 11, 503, 231, 500, 1192, 198, 41, 158, 176, 96, 22, 230, 580, 102, 105, 255, 20, 37]",3931
bfcl_v3,bfcl_v3:multi_turn_base_3,1,3804,128,22,1,127,3931,6,"[94, 65, 103, 115, 119, 82, 222, 509, 460, 25, 147, 479, 59, 99, 16, 95, 190, 93, 769, 32, 55, 41, 222, 185, 396, 203, 405, 162, 191, 87, 82, 23, 77, 233, 90, 65, 133, 345, 182, 411, 465, 619, 184, 112, 174, 203, 43, 167, 16, 183, 225, 190, 605, 33, 194, 43, 128, 78, 233, 31, 23, 131, 76, 124, 49, 103, 205, 584, 149, 95, 94, 788, 259, 419, 78, 57, 155, 46, 858, 426, 86, 168, 52, 431, 126, 135, 120, 126, 43, 16, 57, 122, 65, 188, 9, 225, 156, 245, 86, 156, 1125, 16, 146, 80, 25, 192, 135, 146, 55, 33, 362, 60, 101, 228, 25, 177, 2, 272, 152, 23, 3, 278, 351, 139, 106, 477, 142, 117]",3931
bfcl_v3,bfcl_v3:multi_turn_base_3,1,3804,128,24,1,127,3931,6,"[100, 65, 131, 332, 150, 5, 32, 20, 405, 38, 41, 121, 184, 89, 16, 40, 23, 88, 22, 602, 723, 9, 16, 99, 18, 190, 137, 70, 532, 31, 176, 212, 140, 169, 166, 0, 33, 193, 6, 859, 47, 58, 122, 390, 25, 736, 69, 66, 172, 177, 53, 77, 46, 85, 1952, 1, 106, 30, 354, 234, 37, 414, 60, 125, 652, 19, 682, 36, 47, 44, 227, 47, 231, 85, 20, 333, 3, 57, 437, 42, 26, 128, 269, 634, 326, 183, 348, 133, 46, 19, 193, 356, 163, 311, 176, 216, 23, 156, 20, 105, 98, 179, 13, 213, 227, 56, 1307, 83, 26, 109, 126, 4, 119, 82, 282, 141, 134, 36, 75, 52, 386, 237, 30, 634, 53, 21, 167, 184]",3931
bfcl_v3,bfcl_v3:multi_turn_base_3,1,3804,128,27,1,127,3931,6,"[140, 289, 110, 19, 202, 74, 119, 40, 65, 201, 227, 15, 338, 69, 109, 43, 23, 134, 125, 57, 25, 89, 365, 164, 188, 119, 202, 337, 150, 49, 218, 103, 411, 163, 173, 1, 257, 632, 160, 5, 619, 151, 77, 139, 308, 162, 331, 438, 25, 71, 307, 128, 319, 157, 147, 33, 11, 250, 290, 26, 4, 126, 348, 14, 291, 147, 71, 152, 105, 4, 116, 334, 141, 194, 48, 23, 485, 8, 26, 36, 381, 20, 14, 534, 468, 30, 2, 54, 66, 163, 433, 141, 104, 114, 366, 301, 539, 1243, 11, 86, 74, 319, 114, 602, 185, 132, 530, 18, 159, 134, 289, 36, 41, 441, 31, 86, 272, 128, 148, 502, 126, 555, 47, 147, 57, 47, 231, 193]",3931
bfcl_v3,bfcl_v3:multi_turn_base_3,1,3804,128,29,1,127,3931,6,"[181, 352, 12, 39, 313, 152, 74, 133, 14, 94, 283, 52, 333, 103, 300, 186, 73, 89, 202, 31, 121, 96, 329, 228, 71, 194, 242, 40, 1017, 157, 173, 13, 99, 0, 410, 119, 138, 133, 89, 165, 167, 13, 63, 53, 724, 135, 150, 18, 288, 130, 250, 125, 1072, 196, 59, 174, 210, 81, 474, 338, 30, 75, 15, 117, 69, 97, 124, 58, 189, 66, 44, 75, 126, 167, 61, 123, 282, 86, 0, 68, 87, 427, 222, 21, 63, 156, 307, 383, 36, 524, 337, 355, 270, 559, 14, 365, 205, 127, 71, 214, 36, 661, 126, 145, 163, 364, 136, 178, 200, 72, 87, 592, 31, 9, 1, 136, 7, 494, 158, 204, 363, 115, 167, 28, 220, 206, 162, 340]",3931
bfcl_v3,bfcl_v3:multi_turn_base_3,1,3804,128,31,1,127,3931,6,"[93, 1343, 52, 122, 94, 669, 138, 205, 22, 157, 58, 144, 83, 136, 777, 1170, 354, 81, 404, 233, 16, 56, 129, 57, 0, 16, 19, 83, 334, 391, 97, 112, 284, 13, 73, 206, 46, 376, 350, 157, 660, 32, 292, 16, 159, 60, 172, 27, 349, 144, 129, 225, 65, 15, 21, 318, 68, 51, 10, 77, 498, 42, 27, 247, 72, 309, 414, 413, 142, 89, 153, 147, 52, 64, 153, 25, 232, 79, 262, 462, 246, 65, 130, 68, 138, 94, 37, 323, 231, 56, 105, 91, 94, 37, 17, 462, 273, 88, 85, 42, 209, 115, 193, 155, 376, 52, 95, 83, 180, 17, 85, 258, 133, 372, 66, 387, 37, 76, 19, 294, 93, 91, 294, 495, 16, 208, 64, 519]",3931
bfcl_v3,bfcl_v3:multi_turn_base_3,1,3804,128,34,1,127,3931,6,"[280, 183, 148, 7, 472, 49, 299, 429, 30, 247, 194, 224, 232, 450, 149, 118, 142, 95, 5, 1, 154, 109, 832, 552, 94, 197, 9, 25, 211, 617, 48, 248, 193, 72, 330, 211, 153, 626, 1704, 273, 48, 3, 407, 123, 514, 114, 26, 304, 230, 276, 114, 341, 57, 349, 6, 5, 430, 375, 15, 42, 61, 278, 417, 170, 147, 191, 51, 152, 276, 8, 229, 117, 223, 157, 17, 195, 114, 8, 76, 124, 63, 182, 147, 54, 97, 10, 60, 55, 69, 51, 351, 64, 70, 166, 25, 352, 318, 489, 160, 303, 50, 116, 79, 157, 36, 4, 31, 358, 217, 109, 199, 57, 426, 164, 265, 52, 121, 103, 0, 5, 88, 135, 54, 102, 198, 8, 92, 72]",3931
bfcl_v3,bfcl_v3:multi_turn_base_3,1,3804,128,36,1,127,3931,6,"[156, 114, 30, 244, 30, 176, 112, 245, 235, 74, 13, 36, 53, 1770, 731, 13, 110, 180, 236, 116, 72, 786, 21, 201, 37, 156, 32, 320, 317, 782, 236, 257, 269, 190, 199, 90, 170, 66, 144, 148, 399, 15, 221, 85, 75, 365, 33, 153, 186, 168, 89, 102, 304, 300, 183, 365, 193, 219, 100, 51, 201, 268, 330, 172, 112, 22, 115, 39, 315, 113, 27, 10, 44, 38, 257, 202, 215, 153, 373, 65, 27, 115, 153, 195, 94, 154, 1, 134, 269, 276, 17, 45, 233, 206, 24, 196, 96, 10, 98, 167, 288, 123, 66, 175, 149, 147, 119, 111, 289, 451, 124, 458, 303, 27, 33, 376, 231, 39, 119, 142, 182, 84, 347, 212, 263, 81, 239, 54]",3931
bfcl_v3,bfcl_v3:multi_turn_base_3,1,3804,128,38,1,127,3931,6,"[157, 43, 92, 16, 388, 570, 628, 114, 1135, 295, 11, 39, 29, 46, 245, 226, 181, 94, 39, 80, 187, 126, 206, 141, 109, 160, 387, 473, 72, 308, 360, 79, 92, 1, 58, 196, 26, 65, 49, 432, 42, 157, 235, 107, 343, 318, 333, 16, 40, 236, 73, 361, 233, 232, 97, 276, 140, 84, 161, 4, 282, 37, 40, 96, 22, 214, 65, 252, 70, 292, 183, 142, 124, 123, 135, 125, 395, 164, 71, 77, 50, 398, 59, 18, 19, 151, 372, 50, 287, 81, 203, 28, 199, 271, 121, 237, 101, 124, 108, 56, 345, 233, 377, 37, 83, 77, 3, 220, 295, 341, 289, 181, 197, 614, 132, 199, 45, 148, 68, 85, 413, 78, 136, 439, 74, 77, 348, 767]",3931
bfcl_v3,bfcl_v3:multi_turn_base_3,1,3804,128,40,1,127,3931,6,"[78, 743, 77, 236, 179, 37, 16, 40, 37, 150, 75, 60, 294, 10, 175, 202, 250, 127, 78, 56, 53, 48, 44, 57, 143, 70, 88, 75, 9, 139, 874, 60, 16, 155, 145, 81, 111, 225, 36, 38, 64, 115, 389, 38, 70, 405, 90, 273, 181, 226, 221, 95, 321, 247, 236, 307, 860, 152, 234, 92, 48, 34, 86, 219, 17, 345, 186, 146, 214, 886, 445, 195, 25, 152, 212, 494, 169, 15, 291, 282, 281, 420, 162, 60, 74, 146, 155, 18, 79, 28, 42, 460, 266, 219, 219, 149, 406, 263, 107, 130, 118, 183, 86, 277, 48, 214, 52, 164, 145, 22, 590, 243, 48, 184, 61, 198, 888, 82, 411, 280, 278, 265, 48, 227, 69, 9, 57, 191]",3931
bfcl_v3,bfcl_v3:multi_turn_base_3,1,3804,128,43,1,127,3931,6,"[31, 241, 95, 569, 179, 386, 58, 48, 146, 83, 93, 212, 381, 55, 132, 71, 162, 75, 29, 391, 46, 420, 81, 681, 303, 425, 202, 17, 598, 207, 30, 28, 129, 209, 140, 27, 495, 295, 277, 220, 108, 174, 13, 256, 79, 233, 628, 71, 239, 125, 69, 322, 134, 84, 296, 271, 217, 121, 183, 136, 90, 229, 134, 98, 161, 170, 76, 311, 157, 128, 62, 316, 51, 114, 190, 248, 235, 102, 155, 82, 181, 160, 254, 39, 89, 1272, 334, 105, 81, 295, 53, 225, 110, 63, 184, 195, 277, 37, 68, 45, 26, 202, 380, 58, 167, 63, 124, 59, 172, 485, 7, 26, 61, 1, 23, 85, 781, 329, 180, 22, 76, 52, 8, 89, 222, 246, 279, 161]",3931
bfcl_v3,bfcl_v3:multi_turn_base_3,1,3804,128,45,1,127,3931,6,"[56, 38, 149, 354, 29, 157, 227, 42, 68, 309, 26, 220, 104, 3, 94, 221, 17, 177, 51, 104, 507, 260, 92, 343, 193, 107, 105, 80, 566, 13, 68, 262, 108, 141, 214, 22, 44, 48, 84, 798, 106, 804, 40, 27, 93, 188, 230, 32, 77, 577, 856, 408, 106, 190, 203, 65, 16, 9, 150, 295, 240, 8, 189, 217, 88, 22, 114, 145, 210, 65, 136, 296, 9, 82, 24, 296, 338, 1649, 231, 3, 167, 34, 68, 277, 108, 303, 224, 370, 643, 444, 84, 54, 101, 168, 68, 111, 3, 36, 58, 32, 73, 74, 42, 25, 335, 223, 96, 117, 7, 525, 131, 65, 71, 31, 214, 157, 144, 115, 85, 265, 31, 37, 63, 8, 1144, 432, 34, 354]",3931
bfcl_v3,bfcl_v3:multi_turn_base_3,1,3804,128,47,1,127,3931,6,"[367, 143, 371, 225, 312, 34, 43, 365, 88, 223, 126, 79, 33, 25, 379, 249, 105, 143, 238, 473, 91, 183, 178, 90, 90, 56, 143, 108, 51, 61, 214, 45, 107, 87, 29, 132, 81, 176, 237, 250, 51, 271, 44, 198, 112, 122, 81, 189, 310, 162, 45, 433, 34, 38, 119, 241, 104, 377, 35, 27, 148, 34, 193, 104, 42, 127, 87, 144, 213, 171, 64, 216, 192, 48, 40, 669, 397, 243, 70, 368, 233, 147, 108, 177, 25, 26, 235, 7, 15, 490, 75, 23, 256, 521, 927, 178, 182, 99, 6, 21, 221, 177, 248, 882, 112, 158, 41, 220, 106, 561, 238, 279, 94, 223, 272, 284, 744, 47, 217, 53, 629, 84, 140, 195, 134, 65, 66, 352]",3931
bfcl_v3,bfcl_v3:multi_turn_base_3,1,3804,128,49,1,127,3931,6,"[52, 84, 43, 359, 137, 159, 584, 275, 20, 7, 80, 564, 67, 422, 495, 140, 38, 101, 27, 388, 148, 195, 152, 42, 12, 185, 425, 52, 30, 615, 144, 134, 224, 118, 401, 243, 89, 47, 49, 46, 45, 127, 151, 79, 225, 256, 34, 115, 169, 27, 93, 88, 176, 256, 38, 56, 142, 196, 61, 39, 18, 34, 32, 164, 214, 215, 446, 88, 155, 109, 98, 175, 258, 116, 524, 139, 48, 310, 316, 89, 17, 334, 56, 201, 367, 92, 187, 85, 135, 414, 94, 6, 51, 338, 775, 233, 395, 158, 190, 254, 49, 80, 151, 165, 35, 60, 277, 62, 401, 180, 133, 77, 115, 245, 141, 176, 320, 416, 181, 287, 124, 129, 446, 974, 328, 28, 143, 167]",3931
bfcl_v3,bfcl_v3:multi_turn_base_3,1,3804,128,51,1,127,3931,6,"[28, 352, 27, 237, 79, 300, 90, 69, 24, 10, 16, 250, 87, 137, 60, 101, 249, 86, 156, 49, 468, 490, 199, 79, 169, 88, 225, 22, 86, 273, 391, 329, 87, 249, 82, 412, 390, 55, 127, 23, 11, 156, 103, 161, 217, 292, 375, 252, 552, 52, 109, 148, 169, 42, 29, 150, 522, 57, 200, 307, 343, 198, 199, 215, 385, 179, 300, 66, 149, 99, 50, 427, 294, 198, 307, 879, 168, 89, 254, 198, 256, 189, 164, 102, 141, 139, 266, 78, 33, 4, 60, 96, 274, 95, 318, 41, 76, 340, 56, 90, 71, 62, 453, 744, 74, 746, 151, 12, 74, 189, 20, 441, 127, 190, 240, 283, 166, 70, 166, 133, 169, 208, 57, 70, 27, 107, 162, 4]",3931
bfcl_v3,bfcl_v3:multi_turn_base_4,1,6644,128,1,1,127,6771,6,"[387, 531, 228, 395, 547, 118, 120, 598, 206, 151, 138, 390, 437, 505, 283, 659, 267, 55, 617, 818, 155, 150, 339, 109, 269, 375, 172, 162, 129, 695, 273, 97, 452, 137, 49, 316, 403, 510, 335, 250, 279, 389, 149, 791, 800, 56, 421, 76, 79, 180, 374, 26, 180, 449, 250, 383, 528, 459, 544, 438, 59, 331, 202, 133, 350, 154, 57, 429, 340, 217, 108, 204, 221, 433, 219, 808, 88, 319, 513, 153, 122, 228, 131, 645, 189, 241, 295, 670, 772, 182, 532, 374, 251, 440, 426, 168, 516, 504, 233, 147, 210, 147, 561, 153, 421, 184, 129, 560, 601, 189, 70, 129, 868, 386, 142, 306, 62, 166, 370, 358, 538, 449, 221, 781, 57, 80, 58, 348]",6771
bfcl_v3,bfcl_v3:multi_turn_base_4,1,6644,128,3,1,127,6771,6,"[154, 631, 513, 198, 372, 248, 129, 267, 442, 274, 502, 308, 424, 502, 380, 183, 329, 458, 420, 118, 548, 184, 355, 424, 82, 420, 120, 198, 91, 57, 230, 33, 406, 653, 82, 426, 189, 344, 45, 215, 675, 58, 423, 564, 61, 168, 629, 1032, 97, 256, 482, 170, 132, 545, 165, 463, 75, 33, 233, 253, 140, 55, 462, 677, 971, 449, 417, 63, 268, 56, 326, 39, 131, 393, 322, 551, 164, 930, 35, 270, 116, 326, 354, 38, 106, 366, 449, 161, 53, 119, 347, 448, 645, 344, 67, 309, 274, 85, 126, 167, 563, 466, 403, 276, 462, 689, 540, 301, 246, 238, 437, 933, 167, 62, 77, 383, 154, 189, 420, 160, 75, 148, 573, 187, 782, 250, 1090, 268]",6771
bfcl_v3,bfcl_v3:multi_turn_base_4,1,6644,128,6,1,127,6771,6,"[529, 128, 94, 499, 564, 137, 324, 169, 707, 184, 169, 171, 683, 175, 150, 806, 471, 28, 157, 105, 136, 640, 222, 376, 261, 58, 360, 999, 490, 223, 248, 734, 83, 164, 139, 557, 208, 72, 262, 864, 203, 663, 76, 179, 227, 146, 541, 152, 12, 280, 237, 297, 85, 223, 202, 334, 321, 320, 146, 267, 211, 465, 209, 25, 292, 1357, 204, 284, 518, 668, 416, 350, 74, 333, 241, 479, 148, 248, 198, 240, 540, 131, 753, 353, 372, 276, 386, 95, 511, 69, 52, 130, 1166, 147, 122, 536, 230, 360, 142, 205, 234, 867, 317, 763, 122, 34, 123, 196, 385, 142, 159, 71, 222, 173, 283, 110, 287, 206, 190, 107, 372, 276, 786, 841, 333, 890, 240, 104]",6771
bfcl_v3,bfcl_v3:multi_turn_base_4,1,6644,128,8,1,127,6771,6,"[219, 352, 105, 473, 101, 127, 333, 189, 495, 265, 477, 1277, 157, 56, 766, 814, 637, 338, 349, 218, 252, 331, 317, 71, 168, 64, 62, 31, 377, 408, 298, 52, 54, 389, 364, 153, 490, 94, 629, 155, 136, 163, 195, 232, 236, 173, 452, 113, 154, 31, 214, 883, 44, 395, 702, 486, 185, 498, 487, 616, 2, 49, 227, 396, 44, 538, 277, 224, 235, 17, 168, 1098, 257, 207, 64, 61, 532, 477, 260, 114, 351, 355, 518, 430, 277, 129, 114, 14, 786, 419, 860, 43, 525, 271, 1391, 326, 123, 269, 265, 334, 658, 55, 154, 29, 1078, 124, 120, 122, 440, 182, 209, 118, 283, 72, 124, 170, 1004, 269, 130, 103, 4, 136, 856, 600, 518, 463, 378, 278]",6771
bfcl_v3,bfcl_v3:multi_turn_base_4,1,6644,128,10,1,127,6771,6,"[729, 541, 286, 32, 248, 46, 397, 109, 1005, 0, 134, 201, 564, 104, 812, 506, 1073, 142, 625, 255, 195, 770, 1109, 73, 99, 261, 61, 225, 85, 110, 109, 587, 88, 33, 149, 35, 131, 63, 149, 55, 258, 162, 181, 135, 363, 469, 204, 120, 20, 997, 336, 114, 333, 89, 454, 412, 614, 492, 21, 304, 177, 210, 534, 170, 196, 78, 219, 401, 517, 50, 337, 679, 949, 22, 45, 412, 155, 640, 565, 545, 289, 151, 179, 144, 87, 155, 292, 5, 194, 213, 162, 297, 290, 276, 1237, 224, 15, 18, 336, 112, 1414, 380, 224, 178, 397, 268, 237, 45, 2151, 87, 412, 293, 55, 156, 263, 325, 53, 487, 279, 268, 342, 64, 104, 21, 20, 305, 1292, 655]",6771
bfcl_v3,bfcl_v3:multi_turn_base_4,1,6644,128,13,1,127,6771,6,"[493, 25, 187, 72, 54, 94, 285, 79, 549, 147, 157, 155, 1208, 170, 335, 870, 431, 197, 361, 173, 61, 17, 1163, 269, 100, 522, 632, 1501, 99, 92, 270, 80, 417, 36, 1191, 38, 571, 63, 185, 148, 372, 1014, 151, 8, 440, 411, 1045, 501, 593, 230, 160, 480, 1082, 180, 438, 51, 105, 353, 412, 295, 314, 181, 165, 123, 590, 111, 367, 113, 9, 4, 718, 267, 258, 389, 1432, 19, 729, 343, 44, 655, 298, 109, 488, 15, 376, 458, 27, 148, 180, 207, 254, 1039, 202, 268, 94, 30, 208, 276, 188, 198, 42, 268, 597, 16, 343, 88, 369, 367, 348, 183, 262, 7, 66, 63, 109, 155, 505, 440, 86, 732, 519, 10, 78, 101, 751, 106, 128, 175]",6771
bfcl_v3,bfcl_v3:multi_turn_base_4,1,6644,128,15,1,127,6771,6,"[357, 729, 67, 178, 80, 733, 71, 1003, 391, 831, 118, 369, 79, 358, 51, 1033, 331, 77, 644, 101, 52, 742, 811, 341, 158, 227, 366, 87, 527, 113, 183, 51, 292, 1307, 326, 274, 286, 1113, 46, 251, 61, 881, 322, 80, 98, 1350, 57, 61, 230, 464, 215, 54, 67, 380, 865, 311, 103, 244, 734, 115, 628, 26, 24, 893, 140, 70, 372, 72, 265, 69, 47, 123, 138, 359, 422, 204, 91, 186, 605, 110, 399, 182, 614, 963, 126, 410, 159, 12, 102, 248, 737, 328, 90, 93, 355, 556, 56, 183, 137, 182, 934, 89, 473, 81, 360, 194, 39, 120, 204, 152, 11, 207, 136, 20, 60, 108, 496, 410, 845, 171, 822, 29, 446, 231, 153, 165, 220, 828]",6771
bfcl_v3,bfcl_v3:multi_turn_base_4,1,6644,128,17,1,127,6771,6,"[139, 254, 241, 247, 1242, 743, 185, 88, 429, 139, 380, 205, 256, 1114, 62, 405, 328, 328, 453, 125, 2040, 96, 438, 200, 61, 445, 98, 938, 445, 115, 494, 14, 1028, 454, 108, 164, 219, 1310, 15, 220, 922, 299, 132, 258, 183, 48, 102, 86, 239, 444, 314, 423, 342, 464, 328, 208, 167, 1012, 25, 185, 155, 100, 76, 488, 111, 670, 208, 27, 996, 69, 139, 27, 409, 373, 49, 138, 375, 711, 324, 19, 662, 469, 405, 386, 40, 485, 426, 307, 150, 264, 463, 937, 240, 128, 167, 132, 506, 22, 253, 99, 164, 471, 158, 365, 232, 613, 19, 83, 290, 174, 346, 444, 45, 194, 44, 362, 123, 78, 547, 247, 32, 238, 17, 184, 246, 236, 101, 122]",6771
bfcl_v3,bfcl_v3:multi_turn_base_4,1,6644,128,20,1,127,6771,6,"[681, 271, 23, 247, 305, 1571, 2553, 126, 146, 288, 51, 7, 960, 206, 72, 28, 2185, 4, 325, 17, 61, 148, 6, 8, 376, 297, 160, 11, 699, 283, 69, 189, 614, 192, 20, 99, 12, 357, 8, 65, 770, 28, 454, 217, 485, 527, 23, 97, 398, 126, 40, 865, 120, 179, 201, 46, 868, 461, 350, 51, 44, 257, 558, 212, 361, 80, 42, 37, 538, 139, 806, 605, 143, 47, 301, 383, 189, 112, 263, 318, 105, 23, 101, 694, 195, 22, 21, 48, 1926, 56, 256, 209, 158, 27, 285, 304, 299, 128, 38, 353, 16, 85, 184, 100, 387, 89, 467, 478, 266, 86, 15, 667, 333, 989, 1309, 365, 62, 213, 336, 143, 107, 991, 1130, 185, 231, 597, 27, 39]",6771
bfcl_v3,bfcl_v3:multi_turn_base_4,1,6644,128,22,1,127,6771,6,"[175, 102, 153, 150, 155, 110, 311, 788, 906, 43, 256, 799, 369, 121, 83, 144, 166, 152, 1483, 55, 81, 62, 320, 255, 824, 359, 680, 254, 427, 113, 111, 23, 130, 388, 121, 84, 234, 710, 322, 711, 682, 1027, 228, 127, 221, 388, 79, 287, 19, 277, 419, 315, 990, 68, 502, 57, 259, 102, 368, 68, 29, 306, 130, 153, 78, 228, 429, 1072, 247, 165, 187, 1432, 490, 724, 126, 219, 198, 94, 1271, 508, 140, 279, 98, 639, 181, 251, 330, 143, 72, 23, 79, 187, 116, 340, 7, 420, 353, 347, 133, 220, 2002, 20, 179, 110, 125, 378, 314, 292, 91, 81, 646, 109, 165, 485, 64, 300, 9, 468, 400, 52, 5, 471, 513, 279, 140, 755, 326, 190]",6771
bfcl_v3,bfcl_v3:multi_turn_base_4,1,6644,128,24,1,127,6771,6,"[163, 168, 189, 558, 311, 4, 30, 39, 710, 65, 81, 159, 366, 123, 37, 84, 7, 133, 37, 862, 779, 18, 20, 185, 18, 381, 180, 47, 794, 17, 353, 306, 239, 274, 293, 3, 56, 346, 12, 1863, 157, 51, 164, 534, 22, 1263, 105, 94, 385, 242, 88, 167, 219, 170, 2661, 2, 201, 40, 722, 652, 48, 709, 138, 221, 1517, 53, 1415, 46, 63, 97, 376, 78, 396, 107, 23, 612, 17, 168, 716, 110, 41, 206, 420, 1152, 450, 338, 631, 293, 35, 27, 458, 794, 225, 420, 246, 262, 40, 258, 24, 185, 199, 372, 90, 328, 397, 106, 2156, 165, 30, 378, 267, 12, 187, 175, 454, 211, 194, 39, 101, 165, 416, 372, 60, 1348, 47, 25, 410, 258]",6771
bfcl_v3,bfcl_v3:multi_turn_base_4,1,6644,128,27,1,127,6771,6,"[246, 308, 279, 47, 414, 112, 254, 121, 69, 337, 442, 87, 503, 85, 196, 264, 32, 141, 242, 108, 36, 151, 445, 270, 401, 223, 197, 620, 374, 70, 404, 170, 552, 284, 464, 6, 641, 1215, 302, 13, 1278, 281, 130, 219, 495, 269, 854, 717, 20, 170, 444, 190, 510, 244, 167, 67, 12, 456, 490, 36, 14, 198, 588, 32, 444, 202, 122, 152, 160, 12, 294, 613, 257, 352, 36, 27, 954, 4, 36, 76, 746, 39, 18, 909, 1020, 34, 7, 123, 57, 451, 719, 300, 296, 229, 825, 598, 814, 1371, 20, 216, 76, 552, 157, 1004, 302, 251, 829, 37, 239, 341, 607, 66, 82, 657, 57, 181, 265, 267, 293, 941, 156, 546, 116, 253, 70, 63, 422, 257]",6771
bfcl_v3,bfcl_v3:multi_turn_base_4,1,6644,128,29,1,127,6771,6,"[264, 626, 13, 64, 601, 242, 168, 204, 18, 101, 510, 137, 638, 162, 437, 514, 127, 92, 279, 41, 155, 190, 498, 431, 169, 335, 380, 62, 1445, 233, 320, 12, 128, 1, 643, 240, 180, 280, 170, 274, 308, 44, 93, 77, 764, 241, 241, 42, 483, 212, 383, 223, 1360, 372, 98, 325, 326, 105, 734, 758, 49, 175, 523, 204, 169, 204, 184, 87, 341, 121, 79, 172, 180, 220, 171, 194, 565, 132, 4, 277, 126, 619, 416, 38, 135, 299, 565, 750, 62, 918, 606, 560, 800, 1138, 24, 567, 337, 159, 148, 367, 50, 1079, 269, 232, 262, 684, 272, 308, 358, 244, 166, 824, 63, 22, 4, 217, 10, 919, 243, 504, 548, 180, 237, 18, 439, 364, 282, 570]",6771
bfcl_v3,bfcl_v3:multi_turn_base_4,1,6644,128,31,1,127,6771,6,"[188, 1312, 81, 281, 147, 920, 219, 604, 34, 288, 94, 193, 75, 183, 1432, 1623, 612, 119, 691, 402, 22, 119, 161, 51, 1, 18, 16, 110, 608, 793, 259, 198, 632, 19, 94, 460, 77, 792, 523, 371, 1363, 78, 356, 37, 317, 94, 233, 60, 522, 272, 334, 771, 154, 12, 23, 549, 205, 82, 16, 100, 876, 92, 49, 223, 513, 333, 579, 659, 142, 212, 213, 269, 61, 95, 344, 81, 400, 161, 446, 790, 507, 112, 268, 75, 187, 160, 42, 516, 319, 118, 206, 172, 209, 77, 42, 882, 440, 141, 184, 86, 334, 240, 328, 307, 594, 78, 180, 167, 299, 61, 157, 472, 211, 777, 127, 798, 51, 145, 32, 469, 167, 97, 663, 688, 33, 341, 146, 983]",6771
bfcl_v3,bfcl_v3:multi_turn_base_4,1,6644,128,34,1,127,6771,6,"[635, 203, 259, 2, 579, 64, 496, 446, 97, 444, 331, 477, 502, 899, 250, 197, 299, 132, 13, 2, 433, 244, 1260, 641, 153, 247, 8, 30, 409, 1164, 81, 484, 338, 121, 850, 391, 350, 992, 2454, 990, 57, 5, 656, 155, 676, 311, 64, 310, 306, 588, 250, 612, 118, 643, 15, 16, 821, 601, 45, 142, 133, 404, 790, 324, 173, 452, 87, 237, 471, 15, 422, 176, 488, 211, 29, 289, 177, 41, 52, 244, 75, 231, 295, 58, 228, 24, 139, 102, 148, 64, 508, 201, 114, 294, 57, 639, 479, 1007, 266, 367, 134, 186, 95, 294, 146, 16, 38, 578, 333, 180, 400, 172, 713, 218, 404, 93, 211, 110, 1, 17, 108, 241, 111, 170, 417, 20, 166, 185]",6771
bfcl_v3,bfcl_v3:multi_turn_base_4,1,6644,128,36,1,127,6771,6,"[195, 237, 19, 355, 43, 297, 161, 402, 935, 112, 20, 81, 81, 1505, 989, 20, 147, 367, 297, 212, 136, 1432, 33, 378, 105, 241, 48, 473, 402, 1663, 447, 425, 592, 516, 399, 144, 479, 91, 346, 253, 639, 8, 387, 69, 97, 788, 476, 199, 418, 158, 165, 158, 579, 608, 270, 462, 361, 404, 113, 100, 422, 512, 455, 317, 158, 36, 218, 36, 600, 151, 34, 32, 30, 76, 516, 310, 426, 197, 590, 208, 68, 193, 197, 387, 185, 274, 10, 414, 501, 429, 14, 117, 452, 254, 41, 251, 144, 17, 97, 250, 414, 260, 198, 431, 179, 282, 185, 218, 450, 1015, 238, 672, 455, 51, 100, 481, 490, 86, 192, 286, 325, 177, 717, 438, 523, 128, 345, 134]",6771
bfcl_v3,bfcl_v3:multi_turn_base_4,1,6644,128,38,1,127,6771,6,"[299, 72, 138, 16, 644, 840, 1293, 183, 1006, 419, 61, 78, 68, 70, 580, 251, 430, 141, 85, 148, 303, 235, 278, 410, 187, 363, 771, 916, 92, 642, 603, 110, 157, 0, 107, 268, 53, 134, 30, 898, 98, 311, 312, 99, 560, 550, 584, 43, 46, 291, 117, 679, 330, 450, 129, 478, 281, 105, 242, 6, 446, 54, 69, 197, 60, 417, 143, 258, 150, 624, 289, 219, 147, 388, 190, 196, 368, 251, 100, 97, 60, 599, 91, 30, 43, 180, 551, 148, 402, 130, 334, 59, 405, 255, 182, 321, 182, 217, 177, 125, 572, 271, 646, 69, 167, 131, 19, 300, 490, 502, 295, 259, 238, 1348, 463, 307, 61, 364, 100, 178, 921, 100, 165, 805, 64, 1708, 301, 1538]",6771
bfcl_v3,bfcl_v3:multi_turn_base_4,1,6644,128,40,1,127,6771,6,"[69, 742, 138, 337, 236, 78, 11, 127, 70, 228, 180, 74, 292, 31, 388, 285, 391, 166, 103, 100, 63, 60, 77, 123, 1739, 169, 113, 177, 6, 279, 1483, 139, 149, 198, 304, 140, 221, 381, 50, 65, 87, 187, 420, 58, 77, 450, 182, 471, 349, 364, 415, 183, 668, 304, 303, 510, 1167, 229, 384, 283, 87, 94, 130, 367, 30, 945, 416, 201, 358, 1590, 654, 400, 74, 174, 485, 586, 640, 68, 431, 364, 339, 618, 249, 191, 237, 229, 326, 20, 130, 52, 84, 706, 607, 303, 289, 199, 470, 383, 203, 343, 247, 344, 107, 491, 296, 536, 74, 422, 292, 26, 932, 376, 82, 309, 104, 327, 1288, 146, 941, 587, 365, 287, 54, 357, 127, 28, 66, 270]",6771
bfcl_v3,bfcl_v3:multi_turn_base_4,1,6644,128,43,1,127,6771,6,"[38, 529, 122, 1151, 213, 710, 103, 75, 224, 155, 213, 446, 604, 118, 180, 187, 226, 199, 39, 527, 66, 860, 353, 861, 317, 537, 405, 39, 919, 299, 40, 62, 521, 436, 184, 57, 848, 555, 258, 457, 224, 348, 25, 337, 141, 294, 744, 115, 269, 251, 94, 366, 208, 103, 496, 349, 268, 217, 219, 186, 125, 491, 181, 134, 460, 292, 185, 457, 240, 284, 150, 598, 95, 106, 436, 385, 375, 192, 213, 159, 212, 226, 549, 49, 170, 2659, 673, 167, 143, 527, 132, 551, 162, 105, 297, 364, 651, 65, 147, 59, 17, 246, 453, 56, 163, 135, 136, 105, 234, 893, 12, 31, 94, 10, 39, 293, 1008, 467, 289, 16, 91, 97, 723, 314, 194, 985, 415, 257]",6771
bfcl_v3,bfcl_v3:multi_turn_base_4,1,6644,128,45,1,127,6771,6,"[154, 73, 239, 637, 36, 245, 1243, 146, 145, 469, 49, 314, 181, 25, 139, 460, 31, 480, 67, 164, 956, 448, 82, 456, 288, 152, 221, 150, 1189, 31, 120, 517, 226, 220, 311, 72, 68, 182, 204, 1431, 322, 1433, 66, 30, 238, 331, 377, 36, 168, 965, 1165, 707, 186, 315, 306, 197, 42, 20, 243, 512, 496, 12, 212, 378, 157, 31, 237, 232, 320, 129, 208, 496, 4, 211, 34, 425, 490, 1562, 293, 6, 347, 47, 138, 361, 178, 558, 350, 867, 793, 823, 106, 142, 228, 562, 143, 193, 9, 137, 108, 317, 125, 262, 57, 38, 658, 317, 208, 179, 61, 806, 192, 254, 132, 73, 357, 391, 201, 159, 214, 340, 77, 101, 127, 11, 1400, 549, 138, 579]",6771
bfcl_v3,bfcl_v3:multi_turn_base_4,1,6644,128,47,1,127,6771,6,"[569, 192, 406, 449, 513, 81, 59, 521, 129, 360, 184, 114, 73, 30, 568, 247, 210, 224, 430, 632, 165, 262, 257, 103, 146, 168, 251, 219, 38, 90, 322, 140, 192, 152, 40, 295, 108, 365, 372, 550, 98, 612, 131, 361, 332, 202, 201, 237, 614, 313, 59, 665, 130, 32, 233, 307, 119, 655, 63, 35, 218, 62, 309, 254, 126, 136, 136, 247, 461, 1322, 54, 397, 242, 98, 69, 1508, 503, 295, 69, 486, 439, 288, 242, 366, 41, 53, 324, 19, 21, 824, 70, 43, 422, 647, 1633, 363, 296, 197, 3, 20, 437, 329, 372, 1735, 299, 341, 67, 338, 160, 1121, 417, 557, 109, 284, 387, 576, 1117, 54, 270, 78, 1030, 101, 206, 266, 259, 95, 143, 550]",6771
bfcl_v3,bfcl_v3:multi_turn_base_4,1,6644,128,49,1,127,6771,6,"[58, 312, 124, 742, 336, 622, 908, 317, 47, 5, 160, 1034, 99, 551, 835, 257, 44, 174, 32, 662, 225, 438, 254, 44, 69, 336, 805, 135, 40, 710, 254, 252, 313, 168, 689, 434, 152, 58, 71, 70, 180, 261, 231, 135, 371, 377, 69, 192, 247, 59, 93, 192, 391, 392, 47, 103, 205, 437, 102, 58, 19, 56, 127, 314, 345, 416, 668, 149, 195, 142, 227, 433, 536, 124, 851, 192, 291, 452, 458, 215, 35, 711, 87, 272, 501, 86, 229, 99, 316, 506, 183, 74, 65, 767, 1525, 428, 819, 349, 229, 499, 156, 109, 278, 223, 126, 142, 251, 83, 743, 234, 128, 149, 258, 618, 247, 284, 733, 522, 281, 664, 170, 213, 465, 1276, 623, 98, 273, 311]",6771
bfcl_v3,bfcl_v3:multi_turn_base_4,1,6644,128,51,1,127,6771,6,"[100, 620, 29, 299, 92, 380, 186, 102, 46, 9, 26, 517, 153, 168, 100, 129, 375, 111, 327, 134, 458, 810, 298, 119, 260, 101, 308, 19, 157, 588, 874, 485, 152, 420, 105, 702, 639, 136, 199, 48, 11, 212, 176, 211, 303, 345, 588, 385, 815, 91, 189, 193, 305, 126, 36, 368, 887, 123, 424, 641, 656, 368, 365, 330, 593, 366, 447, 72, 216, 123, 90, 746, 494, 397, 663, 1503, 301, 229, 338, 254, 336, 431, 300, 214, 208, 180, 447, 118, 61, 12, 117, 200, 604, 137, 512, 212, 125, 673, 118, 123, 110, 125, 662, 1599, 167, 1404, 264, 16, 172, 346, 45, 758, 174, 392, 580, 646, 283, 207, 221, 243, 289, 340, 122, 111, 44, 104, 310, 3]",6771
bfcl_v3,bfcl_v3:multi_turn_base_5,1,6653,128,1,1,127,6780,6,"[397, 532, 225, 395, 539, 118, 129, 597, 212, 151, 135, 380, 445, 499, 272, 669, 269, 57, 617, 821, 164, 149, 339, 110, 273, 376, 184, 159, 132, 699, 273, 95, 454, 133, 48, 319, 402, 506, 337, 254, 277, 386, 151, 789, 791, 50, 431, 81, 74, 180, 371, 25, 180, 455, 246, 375, 528, 469, 542, 437, 62, 337, 202, 134, 347, 156, 57, 432, 343, 215, 113, 204, 227, 437, 222, 794, 90, 322, 508, 156, 120, 225, 131, 642, 186, 243, 299, 677, 781, 181, 540, 372, 258, 441, 417, 170, 516, 499, 232, 144, 211, 140, 570, 156, 425, 186, 134, 556, 595, 186, 69, 123, 872, 393, 140, 312, 67, 164, 371, 356, 542, 446, 220, 776, 54, 85, 52, 344]",6780
bfcl_v3,bfcl_v3:multi_turn_base_5,1,6653,128,3,1,127,6780,6,"[160, 622, 510, 197, 386, 240, 146, 257, 449, 276, 505, 303, 419, 497, 384, 189, 334, 446, 413, 116, 550, 178, 364, 429, 71, 423, 124, 200, 95, 61, 230, 37, 429, 660, 82, 422, 186, 344, 46, 213, 670, 60, 427, 570, 56, 170, 630, 1037, 100, 256, 481, 172, 132, 537, 168, 466, 73, 32, 234, 254, 143, 55, 455, 678, 976, 452, 415, 59, 271, 54, 343, 47, 127, 387, 327, 556, 164, 926, 37, 272, 114, 331, 347, 39, 104, 365, 452, 157, 52, 125, 347, 433, 641, 346, 71, 309, 269, 88, 126, 170, 561, 464, 407, 269, 459, 690, 534, 296, 240, 255, 438, 924, 172, 59, 82, 378, 154, 189, 418, 163, 70, 146, 568, 192, 775, 248, 1115, 266]",6780
bfcl_v3,bfcl_v3:multi_turn_base_5,1,6653,128,6,1,127,6780,6,"[531, 127, 99, 495, 559, 143, 322, 171, 704, 187, 171, 179, 675, 175, 152, 807, 475, 27, 163, 100, 133, 637, 223, 365, 265, 58, 359, 1002, 489, 218, 250, 739, 79, 165, 143, 588, 202, 79, 257, 862, 204, 666, 78, 178, 218, 141, 534, 151, 13, 282, 243, 296, 87, 219, 195, 337, 321, 320, 139, 271, 216, 462, 215, 27, 307, 1365, 204, 284, 522, 650, 411, 344, 80, 329, 248, 483, 150, 252, 200, 238, 559, 127, 755, 346, 367, 274, 391, 95, 502, 70, 56, 133, 1170, 143, 122, 539, 225, 356, 145, 220, 225, 872, 328, 777, 116, 37, 128, 192, 379, 142, 163, 69, 227, 184, 283, 110, 293, 209, 191, 107, 375, 278, 775, 818, 329, 888, 231, 104]",6780
bfcl_v3,bfcl_v3:multi_turn_base_5,1,6653,128,8,1,127,6780,6,"[221, 351, 99, 461, 97, 121, 354, 185, 474, 258, 480, 1272, 161, 56, 771, 811, 692, 338, 347, 229, 241, 332, 328, 62, 157, 66, 60, 30, 363, 422, 313, 55, 49, 372, 397, 160, 499, 101, 628, 163, 132, 161, 215, 230, 239, 175, 442, 112, 162, 34, 225, 877, 45, 391, 700, 476, 186, 483, 504, 617, 2, 43, 230, 402, 48, 529, 299, 217, 222, 15, 156, 1082, 256, 196, 56, 73, 541, 466, 254, 108, 346, 351, 509, 441, 263, 140, 106, 17, 808, 410, 854, 39, 526, 285, 1431, 350, 128, 269, 261, 319, 665, 57, 153, 28, 1113, 130, 125, 124, 398, 178, 214, 116, 295, 76, 110, 181, 988, 262, 131, 106, 5, 130, 859, 615, 507, 450, 367, 267]",6780
bfcl_v3,bfcl_v3:multi_turn_base_5,1,6653,128,10,1,127,6780,6,"[693, 538, 292, 37, 259, 34, 384, 108, 978, 0, 142, 197, 582, 105, 792, 490, 1072, 139, 607, 261, 196, 769, 1153, 75, 92, 235, 52, 225, 82, 114, 106, 613, 97, 42, 156, 34, 129, 60, 140, 56, 251, 165, 183, 126, 346, 466, 202, 125, 17, 963, 339, 114, 322, 104, 468, 432, 616, 491, 21, 303, 184, 213, 534, 149, 203, 84, 211, 409, 527, 42, 332, 632, 949, 24, 46, 420, 167, 651, 549, 534, 274, 138, 175, 162, 87, 147, 307, 5, 191, 210, 148, 296, 296, 262, 1251, 242, 14, 19, 342, 119, 1435, 400, 250, 192, 395, 271, 246, 44, 2177, 84, 404, 300, 45, 156, 250, 342, 42, 480, 293, 259, 365, 71, 107, 22, 17, 313, 1327, 658]",6780
bfcl_v3,bfcl_v3:multi_turn_base_5,1,6653,128,13,1,127,6780,6,"[510, 28, 195, 94, 55, 91, 272, 70, 533, 141, 163, 157, 1216, 171, 338, 873, 420, 186, 369, 184, 71, 18, 1128, 268, 97, 523, 624, 1488, 104, 90, 270, 82, 426, 36, 1215, 37, 595, 83, 195, 162, 402, 1042, 162, 6, 421, 394, 1027, 483, 599, 242, 144, 499, 1078, 161, 407, 52, 103, 345, 425, 302, 321, 171, 165, 118, 593, 108, 385, 115, 13, 6, 687, 263, 248, 389, 1468, 22, 710, 343, 45, 650, 285, 117, 496, 16, 340, 466, 30, 148, 176, 212, 250, 1085, 207, 246, 100, 25, 225, 274, 188, 202, 45, 273, 620, 15, 322, 92, 375, 352, 359, 168, 279, 8, 60, 65, 110, 148, 498, 447, 66, 733, 523, 14, 79, 106, 728, 107, 130, 178]",6780
bfcl_v3,bfcl_v3:multi_turn_base_5,1,6653,128,15,1,127,6780,6,"[361, 676, 69, 190, 72, 785, 68, 1036, 398, 829, 113, 362, 75, 348, 52, 1054, 324, 72, 637, 90, 34, 767, 802, 349, 166, 220, 383, 76, 522, 108, 187, 57, 293, 1337, 326, 262, 316, 1111, 62, 239, 63, 917, 323, 85, 112, 1378, 53, 57, 233, 454, 214, 55, 62, 364, 854, 298, 94, 232, 758, 117, 612, 30, 19, 913, 137, 70, 374, 67, 271, 65, 50, 125, 126, 348, 430, 229, 83, 165, 574, 118, 401, 157, 604, 952, 120, 403, 175, 12, 126, 239, 745, 369, 102, 106, 339, 584, 45, 189, 132, 188, 945, 92, 472, 76, 379, 180, 38, 126, 199, 132, 15, 196, 140, 15, 55, 106, 535, 398, 853, 169, 810, 18, 460, 245, 144, 162, 207, 768]",6780
bfcl_v3,bfcl_v3:multi_turn_base_5,1,6653,128,17,1,127,6780,6,"[136, 258, 257, 250, 1206, 756, 189, 91, 433, 144, 391, 217, 243, 1094, 62, 392, 323, 326, 462, 124, 1984, 93, 448, 197, 52, 459, 134, 927, 453, 127, 470, 12, 1041, 461, 88, 161, 215, 1339, 15, 211, 911, 316, 138, 272, 190, 39, 89, 83, 249, 425, 306, 436, 339, 448, 347, 225, 141, 1001, 25, 185, 149, 98, 81, 470, 122, 684, 201, 29, 1015, 75, 147, 27, 400, 395, 55, 132, 377, 719, 332, 19, 682, 478, 405, 374, 27, 483, 417, 298, 151, 245, 484, 928, 227, 130, 160, 160, 502, 30, 240, 109, 156, 472, 170, 374, 233, 612, 31, 108, 292, 149, 338, 444, 47, 217, 45, 361, 123, 69, 540, 256, 32, 258, 29, 174, 241, 237, 95, 114]",6780
bfcl_v3,bfcl_v3:multi_turn_base_5,1,6653,128,20,1,127,6780,6,"[710, 290, 28, 260, 300, 1570, 2586, 148, 151, 299, 55, 8, 984, 206, 73, 32, 2243, 4, 317, 10, 56, 150, 4, 6, 375, 285, 160, 9, 675, 280, 66, 181, 599, 198, 22, 95, 7, 368, 10, 59, 756, 30, 469, 237, 480, 523, 24, 91, 389, 146, 43, 911, 119, 176, 208, 51, 872, 462, 362, 43, 49, 264, 540, 224, 378, 90, 30, 37, 531, 127, 782, 603, 139, 53, 307, 390, 217, 119, 275, 308, 98, 25, 98, 688, 197, 24, 20, 43, 1913, 63, 247, 226, 165, 24, 273, 287, 286, 170, 41, 341, 12, 76, 178, 91, 347, 88, 428, 471, 243, 80, 15, 685, 309, 946, 1305, 371, 61, 221, 350, 137, 114, 956, 1120, 202, 235, 610, 27, 39]",6780
bfcl_v3,bfcl_v3:multi_turn_base_5,1,6653,128,22,1,127,6780,6,"[167, 106, 147, 164, 155, 106, 311, 771, 886, 39, 247, 787, 370, 128, 86, 139, 176, 161, 1453, 46, 73, 65, 322, 241, 814, 355, 681, 262, 434, 112, 125, 24, 133, 383, 119, 84, 251, 732, 317, 677, 724, 1027, 223, 129, 227, 384, 91, 293, 22, 264, 430, 308, 1003, 67, 507, 60, 268, 106, 390, 70, 26, 285, 123, 148, 75, 216, 417, 1092, 249, 144, 190, 1397, 508, 721, 119, 225, 206, 99, 1326, 472, 130, 287, 96, 609, 185, 264, 332, 164, 83, 28, 80, 186, 106, 353, 10, 424, 373, 346, 142, 218, 1992, 21, 216, 120, 130, 397, 307, 279, 96, 68, 670, 103, 164, 476, 66, 301, 8, 492, 381, 45, 6, 448, 517, 292, 136, 737, 329, 187]",6780
bfcl_v3,bfcl_v3:multi_turn_base_5,1,6653,128,24,1,127,6780,6,"[169, 175, 175, 558, 287, 5, 31, 42, 704, 70, 88, 153, 347, 118, 44, 73, 14, 141, 38, 821, 726, 17, 17, 184, 18, 389, 170, 57, 781, 16, 337, 337, 231, 262, 299, 1, 62, 361, 10, 1936, 160, 53, 177, 584, 31, 1285, 79, 92, 404, 287, 74, 163, 220, 165, 2676, 3, 205, 50, 745, 650, 44, 704, 139, 217, 1463, 52, 1392, 54, 64, 79, 378, 87, 402, 108, 49, 635, 13, 180, 704, 107, 37, 188, 418, 1160, 459, 334, 610, 290, 41, 26, 458, 786, 226, 423, 251, 252, 36, 246, 30, 209, 205, 403, 94, 328, 405, 132, 2123, 149, 33, 376, 285, 12, 195, 162, 453, 197, 187, 55, 115, 150, 373, 382, 62, 1315, 56, 30, 411, 274]",6780
bfcl_v3,bfcl_v3:multi_turn_base_5,1,6653,128,27,1,127,6780,6,"[247, 312, 285, 58, 419, 118, 241, 111, 65, 356, 447, 89, 498, 91, 206, 242, 32, 144, 233, 107, 33, 145, 456, 278, 428, 232, 184, 632, 372, 67, 407, 170, 558, 272, 435, 4, 627, 1229, 302, 20, 1264, 280, 117, 206, 491, 281, 870, 716, 38, 170, 438, 191, 529, 251, 177, 63, 13, 473, 514, 32, 14, 192, 567, 29, 429, 204, 113, 163, 155, 17, 299, 613, 267, 382, 36, 25, 969, 8, 31, 85, 715, 33, 16, 910, 1003, 32, 4, 130, 56, 440, 723, 304, 288, 223, 809, 591, 802, 1379, 37, 234, 72, 529, 160, 1020, 304, 254, 822, 35, 248, 349, 663, 71, 79, 679, 61, 176, 254, 267, 286, 930, 156, 499, 90, 257, 70, 71, 431, 254]",6780
bfcl_v3,bfcl_v3:multi_turn_base_5,1,6653,128,29,1,127,6780,6,"[265, 648, 20, 64, 610, 254, 163, 211, 19, 117, 515, 145, 650, 189, 425, 491, 107, 81, 289, 51, 154, 193, 489, 425, 176, 338, 392, 70, 1436, 233, 338, 5, 130, 2, 661, 230, 193, 285, 166, 259, 309, 42, 98, 69, 777, 258, 219, 39, 505, 206, 384, 224, 1388, 362, 98, 319, 329, 117, 723, 784, 46, 171, 547, 222, 135, 205, 181, 94, 355, 124, 80, 170, 188, 205, 166, 189, 549, 136, 2, 269, 132, 580, 406, 35, 126, 285, 586, 738, 61, 922, 612, 580, 807, 1112, 27, 558, 348, 161, 153, 377, 61, 1074, 263, 239, 253, 673, 276, 329, 353, 240, 181, 808, 64, 20, 4, 234, 5, 856, 234, 496, 551, 176, 241, 20, 440, 361, 279, 570]",6780
bfcl_v3,bfcl_v3:multi_turn_base_5,1,6653,128,31,1,127,6780,6,"[196, 1331, 75, 272, 167, 909, 216, 600, 31, 288, 91, 200, 82, 163, 1434, 1559, 608, 115, 675, 402, 27, 123, 160, 50, 2, 19, 20, 118, 613, 790, 259, 210, 629, 16, 92, 478, 71, 845, 527, 372, 1346, 84, 364, 32, 323, 100, 231, 57, 519, 276, 332, 776, 150, 10, 28, 555, 205, 90, 22, 104, 891, 90, 37, 254, 520, 356, 557, 668, 139, 203, 205, 285, 68, 91, 314, 83, 388, 172, 432, 794, 488, 108, 302, 79, 178, 145, 46, 530, 324, 116, 217, 188, 210, 76, 39, 882, 438, 134, 186, 83, 338, 244, 316, 319, 601, 92, 179, 178, 283, 65, 150, 481, 224, 759, 130, 796, 46, 143, 20, 473, 155, 93, 655, 684, 29, 345, 149, 978]",6780
bfcl_v3,bfcl_v3:multi_turn_base_5,1,6653,128,34,1,127,6780,6,"[602, 224, 260, 4, 568, 77, 488, 477, 102, 450, 331, 487, 475, 915, 253, 219, 318, 151, 13, 1, 411, 279, 1263, 672, 157, 250, 5, 30, 405, 1151, 90, 470, 359, 137, 844, 363, 356, 968, 2466, 998, 44, 4, 654, 162, 691, 319, 64, 314, 314, 586, 232, 630, 109, 639, 16, 8, 802, 633, 38, 146, 143, 405, 768, 311, 182, 442, 85, 241, 468, 20, 425, 188, 483, 199, 29, 307, 168, 40, 56, 252, 73, 233, 298, 61, 216, 27, 130, 104, 149, 50, 501, 219, 118, 282, 52, 642, 469, 992, 295, 380, 122, 201, 92, 288, 141, 11, 37, 545, 337, 188, 414, 158, 717, 210, 415, 84, 215, 124, 1, 17, 94, 243, 101, 163, 387, 19, 155, 204]",6780
bfcl_v3,bfcl_v3:multi_turn_base_5,1,6653,128,36,1,127,6780,6,"[195, 230, 17, 341, 39, 304, 159, 413, 955, 103, 18, 81, 75, 1539, 980, 27, 147, 356, 292, 219, 127, 1468, 43, 371, 104, 233, 43, 496, 408, 1688, 438, 448, 597, 499, 400, 144, 475, 88, 328, 258, 628, 17, 385, 64, 89, 780, 503, 178, 409, 149, 148, 176, 547, 608, 271, 460, 377, 396, 117, 99, 453, 515, 457, 320, 157, 46, 204, 45, 614, 175, 36, 24, 31, 62, 522, 301, 447, 197, 571, 193, 66, 209, 203, 386, 182, 268, 8, 398, 507, 412, 28, 131, 453, 259, 32, 272, 148, 13, 102, 218, 409, 273, 196, 398, 174, 304, 175, 208, 454, 1038, 228, 673, 467, 50, 98, 476, 505, 82, 180, 278, 334, 154, 710, 436, 547, 130, 366, 125]",6780
bfcl_v3,bfcl_v3:multi_turn_base_5,1,6653,128,38,1,127,6780,6,"[289, 77, 166, 21, 637, 850, 1312, 182, 957, 429, 68, 85, 68, 78, 601, 268, 412, 146, 69, 154, 298, 227, 276, 380, 183, 344, 785, 895, 116, 629, 595, 105, 141, 0, 127, 271, 21, 146, 24, 906, 97, 305, 327, 83, 526, 524, 593, 50, 48, 310, 128, 681, 322, 440, 127, 451, 297, 122, 238, 9, 454, 63, 75, 203, 66, 412, 141, 250, 150, 632, 310, 212, 153, 360, 193, 196, 399, 255, 105, 78, 40, 608, 100, 32, 37, 167, 553, 157, 415, 121, 339, 56, 395, 335, 166, 317, 179, 228, 161, 128, 573, 286, 640, 50, 146, 127, 20, 281, 484, 522, 289, 274, 259, 1319, 456, 323, 61, 368, 101, 189, 932, 106, 173, 837, 56, 1734, 322, 1495]",6780
bfcl_v3,bfcl_v3:multi_turn_base_5,1,6653,128,40,1,127,6780,6,"[75, 704, 155, 366, 231, 84, 21, 111, 76, 220, 162, 75, 307, 33, 362, 284, 366, 163, 92, 82, 59, 43, 76, 118, 1770, 156, 100, 178, 10, 266, 1491, 123, 145, 213, 298, 128, 238, 351, 55, 59, 81, 192, 439, 45, 78, 463, 182, 488, 351, 374, 432, 176, 654, 293, 328, 511, 1152, 254, 366, 267, 75, 92, 141, 354, 31, 983, 427, 197, 361, 1610, 661, 418, 81, 178, 478, 555, 633, 79, 430, 380, 332, 601, 249, 171, 223, 241, 325, 20, 129, 52, 79, 731, 594, 309, 318, 213, 453, 408, 210, 335, 239, 363, 107, 478, 271, 525, 73, 388, 303, 19, 922, 418, 92, 301, 106, 335, 1311, 136, 961, 575, 380, 308, 56, 385, 123, 36, 74, 266]",6780
bfcl_v3,bfcl_v3:multi_turn_base_5,1,6653,128,43,1,127,6780,6,"[42, 530, 122, 1117, 219, 712, 113, 80, 216, 137, 220, 452, 582, 117, 177, 195, 232, 195, 31, 548, 84, 828, 365, 882, 316, 487, 417, 40, 945, 303, 43, 67, 556, 447, 194, 48, 849, 563, 278, 455, 242, 369, 19, 356, 142, 289, 735, 112, 290, 253, 90, 389, 214, 92, 485, 351, 241, 216, 226, 176, 114, 471, 169, 143, 432, 288, 176, 448, 238, 299, 152, 604, 88, 102, 427, 392, 359, 188, 217, 148, 219, 217, 554, 57, 187, 2617, 676, 188, 140, 525, 143, 553, 186, 98, 296, 348, 667, 55, 132, 73, 19, 235, 411, 57, 170, 136, 145, 96, 241, 897, 13, 55, 90, 14, 40, 304, 1055, 492, 304, 24, 68, 103, 718, 301, 203, 965, 414, 233]",6780
bfcl_v3,bfcl_v3:multi_turn_base_5,1,6653,128,45,1,127,6780,6,"[175, 73, 220, 635, 39, 260, 1242, 159, 120, 458, 58, 313, 192, 30, 122, 466, 28, 457, 66, 152, 952, 455, 75, 457, 308, 151, 224, 143, 1216, 27, 125, 524, 254, 241, 359, 68, 69, 196, 165, 1443, 323, 1421, 61, 38, 225, 337, 373, 39, 178, 945, 1146, 680, 196, 311, 276, 195, 39, 20, 241, 520, 518, 14, 221, 386, 163, 23, 232, 258, 305, 127, 187, 487, 5, 190, 30, 422, 505, 1589, 303, 4, 358, 50, 148, 389, 188, 579, 359, 858, 782, 822, 116, 146, 207, 545, 138, 182, 9, 128, 121, 328, 117, 281, 50, 36, 635, 316, 199, 175, 60, 805, 184, 239, 149, 77, 333, 394, 198, 167, 218, 343, 82, 102, 120, 9, 1420, 532, 138, 598]",6780
bfcl_v3,bfcl_v3:multi_turn_base_5,1,6653,128,47,1,127,6780,6,"[560, 197, 392, 445, 532, 67, 48, 530, 146, 364, 192, 114, 72, 31, 559, 284, 223, 232, 399, 614, 181, 278, 250, 101, 141, 161, 235, 236, 48, 90, 298, 134, 184, 167, 31, 298, 110, 358, 379, 552, 109, 612, 112, 388, 320, 217, 201, 237, 612, 300, 64, 700, 139, 49, 241, 315, 123, 621, 60, 30, 214, 50, 321, 264, 115, 173, 149, 243, 474, 1295, 46, 438, 235, 102, 70, 1500, 490, 302, 80, 478, 436, 283, 243, 381, 37, 53, 333, 21, 19, 780, 72, 41, 423, 620, 1637, 356, 326, 199, 4, 19, 429, 340, 356, 1728, 311, 331, 68, 339, 160, 1135, 440, 531, 108, 282, 388, 564, 1072, 57, 285, 75, 1024, 100, 229, 271, 259, 82, 156, 555]",6780
bfcl_v3,bfcl_v3:multi_turn_base_5,1,6653,128,49,1,127,6780,6,"[65, 313, 107, 718, 337, 606, 941, 342, 47, 5, 169, 1066, 98, 598, 888, 262, 40, 172, 21, 674, 239, 427, 228, 38, 70, 354, 811, 146, 33, 714, 251, 242, 320, 175, 685, 471, 147, 59, 74, 69, 156, 278, 240, 134, 356, 365, 80, 176, 239, 57, 105, 190, 416, 387, 48, 113, 230, 411, 105, 68, 22, 53, 100, 318, 336, 414, 662, 155, 198, 147, 255, 415, 542, 130, 868, 178, 296, 438, 432, 220, 31, 694, 96, 253, 508, 96, 230, 106, 342, 509, 174, 75, 71, 747, 1523, 459, 832, 329, 224, 516, 150, 99, 275, 214, 110, 143, 240, 89, 752, 223, 113, 130, 245, 645, 251, 286, 723, 491, 314, 631, 172, 215, 424, 1308, 615, 92, 260, 300]",6780
bfcl_v3,bfcl_v3:multi_turn_base_5,1,6653,128,51,1,127,6780,6,"[105, 625, 33, 287, 90, 396, 183, 104, 40, 8, 23, 492, 147, 172, 89, 138, 368, 111, 317, 142, 444, 845, 268, 117, 236, 104, 316, 18, 148, 574, 827, 481, 155, 439, 97, 727, 651, 132, 212, 52, 15, 218, 178, 195, 297, 351, 574, 374, 830, 98, 234, 212, 295, 121, 32, 342, 872, 124, 418, 636, 642, 368, 359, 316, 604, 386, 460, 72, 226, 131, 88, 744, 489, 392, 662, 1505, 303, 227, 357, 252, 360, 426, 302, 224, 219, 176, 444, 133, 65, 14, 116, 185, 606, 131, 511, 227, 109, 662, 125, 127, 115, 132, 657, 1651, 170, 1393, 260, 24, 177, 339, 48, 760, 166, 389, 591, 651, 287, 173, 214, 272, 290, 349, 129, 93, 32, 110, 330, 4]",6780
bfcl_v3,bfcl_v3:multi_turn_base_6,1,3811,111,1,1,110,3921,6,"[311, 251, 164, 140, 228, 48, 114, 238, 129, 76, 114, 245, 207, 295, 155, 326, 137, 38, 315, 488, 95, 112, 114, 94, 206, 222, 110, 110, 66, 402, 157, 78, 210, 57, 40, 210, 256, 276, 179, 105, 173, 193, 76, 483, 400, 63, 237, 47, 67, 91, 212, 6, 107, 242, 107, 344, 326, 269, 327, 291, 33, 200, 98, 110, 189, 76, 43, 256, 193, 133, 55, 131, 145, 272, 136, 553, 54, 188, 315, 78, 71, 136, 91, 378, 130, 146, 237, 286, 351, 104, 252, 220, 174, 266, 198, 62, 352, 432, 133, 81, 120, 73, 301, 56, 222, 63, 73, 315, 329, 135, 53, 73, 538, 217, 79, 207, 49, 104, 228, 260, 335, 281, 122, 520, 48, 13, 38, 137]",3921
bfcl_v3,bfcl_v3:multi_turn_base_6,1,3811,111,3,1,110,3921,6,"[113, 275, 279, 79, 274, 154, 92, 185, 224, 140, 322, 160, 266, 332, 225, 102, 190, 316, 244, 69, 355, 111, 186, 227, 51, 238, 66, 160, 41, 37, 131, 28, 222, 362, 46, 188, 69, 169, 28, 95, 292, 41, 223, 257, 47, 123, 394, 572, 50, 165, 303, 98, 104, 308, 70, 228, 59, 33, 140, 165, 73, 8, 275, 396, 496, 289, 160, 58, 202, 42, 231, 35, 82, 176, 192, 391, 116, 490, 25, 109, 83, 186, 201, 30, 26, 298, 275, 108, 26, 58, 251, 211, 349, 235, 55, 231, 135, 47, 86, 89, 371, 275, 175, 157, 217, 383, 308, 171, 184, 141, 220, 560, 146, 57, 58, 216, 98, 111, 284, 103, 55, 59, 249, 167, 355, 122, 801, 134]",3921
bfcl_v3,bfcl_v3:multi_turn_base_6,1,3811,111,6,1,110,3921,6,"[278, 68, 69, 237, 327, 75, 16, 113, 439, 56, 105, 60, 352, 129, 82, 427, 297, 35, 124, 45, 107, 295, 130, 212, 178, 30, 186, 569, 208, 174, 113, 548, 51, 127, 76, 561, 86, 60, 145, 499, 141, 332, 38, 106, 90, 71, 205, 86, 11, 176, 116, 179, 46, 140, 155, 205, 210, 169, 123, 131, 141, 270, 140, 45, 176, 761, 118, 125, 236, 338, 252, 164, 54, 233, 121, 394, 66, 179, 140, 133, 300, 115, 327, 198, 223, 127, 222, 77, 282, 27, 41, 90, 689, 127, 41, 297, 39, 199, 109, 120, 161, 440, 213, 409, 50, 32, 95, 124, 234, 112, 107, 40, 124, 90, 208, 88, 181, 144, 93, 105, 227, 169, 387, 580, 214, 496, 167, 81]",3921
bfcl_v3,bfcl_v3:multi_turn_base_6,1,3811,111,8,1,110,3921,6,"[146, 157, 87, 141, 23, 74, 280, 143, 523, 151, 468, 673, 134, 27, 359, 454, 378, 244, 217, 127, 80, 239, 220, 44, 126, 31, 36, 32, 112, 173, 173, 27, 27, 144, 223, 73, 282, 52, 395, 86, 109, 55, 102, 181, 133, 106, 228, 81, 101, 17, 125, 358, 10, 264, 425, 249, 103, 234, 228, 333, 0, 11, 73, 234, 50, 247, 147, 56, 166, 12, 107, 709, 162, 155, 55, 34, 349, 278, 135, 57, 188, 165, 259, 451, 145, 84, 31, 23, 521, 197, 556, 14, 283, 143, 1127, 184, 50, 85, 122, 225, 368, 41, 68, 21, 524, 65, 50, 76, 398, 94, 104, 69, 225, 52, 44, 113, 659, 115, 80, 69, 2, 55, 511, 281, 165, 232, 214, 118]",3921
bfcl_v3,bfcl_v3:multi_turn_base_6,1,3811,111,10,1,110,3921,6,"[291, 387, 239, 40, 150, 23, 145, 134, 313, 2, 94, 138, 313, 57, 43, 151, 424, 59, 417, 145, 101, 331, 120, 45, 32, 114, 45, 122, 71, 31, 58, 444, 58, 24, 93, 15, 72, 48, 73, 49, 174, 116, 125, 91, 204, 257, 194, 53, 17, 533, 159, 68, 198, 11, 378, 261, 183, 224, 22, 124, 125, 76, 203, 56, 113, 53, 109, 141, 461, 37, 186, 485, 345, 17, 23, 189, 75, 318, 412, 262, 226, 115, 101, 90, 43, 64, 177, 3, 128, 117, 135, 184, 276, 115, 847, 142, 10, 25, 211, 170, 820, 199, 130, 117, 152, 183, 95, 18, 1717, 41, 325, 219, 64, 115, 158, 279, 106, 399, 220, 187, 186, 59, 74, 27, 0, 133, 1339, 396]",3921
bfcl_v3,bfcl_v3:multi_turn_base_6,1,3811,111,13,1,110,3921,6,"[254, 9, 179, 53, 39, 21, 169, 60, 294, 59, 85, 77, 969, 100, 137, 676, 274, 74, 446, 155, 14, 3, 853, 175, 57, 290, 291, 48, 44, 39, 140, 61, 119, 5, 761, 8, 256, 66, 123, 134, 130, 385, 133, 17, 325, 162, 745, 260, 589, 113, 109, 368, 183, 114, 218, 70, 17, 104, 220, 193, 251, 176, 163, 84, 378, 72, 178, 87, 0, 4, 591, 166, 175, 205, 781, 8, 337, 187, 24, 326, 192, 43, 271, 14, 263, 223, 5, 74, 32, 80, 176, 911, 97, 207, 52, 15, 97, 153, 82, 100, 52, 118, 289, 18, 307, 67, 217, 192, 107, 115, 88, 10, 24, 26, 15, 70, 450, 286, 52, 364, 347, 8, 67, 19, 646, 75, 58, 87]",3921
bfcl_v3,bfcl_v3:multi_turn_base_6,1,3811,111,15,1,110,3921,6,"[163, 901, 14, 88, 17, 811, 43, 533, 233, 511, 45, 229, 52, 111, 31, 452, 201, 40, 512, 37, 22, 490, 208, 196, 113, 197, 398, 59, 315, 97, 88, 79, 207, 776, 223, 35, 151, 594, 54, 26, 75, 530, 205, 25, 132, 644, 45, 38, 147, 216, 131, 31, 78, 143, 287, 226, 80, 118, 460, 66, 505, 10, 18, 667, 70, 46, 220, 59, 154, 41, 31, 44, 27, 268, 212, 259, 49, 85, 398, 24, 301, 81, 319, 453, 97, 154, 152, 0, 39, 147, 407, 283, 70, 51, 142, 350, 20, 145, 80, 157, 82, 49, 373, 69, 191, 118, 31, 51, 96, 84, 7, 117, 62, 2, 32, 40, 537, 82, 5, 103, 419, 27, 185, 111, 108, 91, 121, 669]",3921
bfcl_v3,bfcl_v3:multi_turn_base_6,1,3811,111,17,1,110,3921,6,"[82, 167, 113, 134, 544, 369, 92, 58, 265, 77, 148, 154, 153, 646, 39, 276, 185, 155, 302, 136, 1089, 27, 226, 165, 40, 121, 10, 458, 368, 72, 275, 22, 808, 206, 53, 129, 144, 509, 9, 151, 465, 201, 50, 113, 98, 44, 57, 66, 198, 211, 119, 233, 161, 189, 156, 104, 103, 506, 12, 131, 111, 67, 46, 398, 78, 575, 180, 15, 672, 48, 16, 19, 189, 267, 35, 42, 255, 403, 204, 16, 364, 165, 271, 177, 9, 270, 211, 264, 87, 192, 180, 534, 222, 109, 146, 87, 307, 5, 167, 74, 136, 219, 142, 204, 82, 320, 10, 58, 166, 88, 181, 372, 31, 134, 30, 202, 131, 21, 297, 230, 11, 112, 14, 149, 158, 210, 59, 88]",3921
bfcl_v3,bfcl_v3:multi_turn_base_6,1,3811,111,20,1,110,3921,6,"[429, 212, 6, 171, 278, 927, 1121, 118, 82, 126, 83, 2, 533, 81, 46, 21, 1231, 13, 200, 15, 25, 28, 10, 7, 145, 161, 91, 9, 279, 164, 24, 87, 384, 129, 17, 78, 6, 299, 11, 30, 243, 15, 243, 138, 263, 384, 21, 68, 243, 58, 20, 815, 74, 151, 162, 44, 765, 393, 273, 16, 22, 172, 371, 67, 176, 36, 19, 8, 153, 52, 470, 287, 60, 31, 145, 208, 200, 81, 123, 258, 67, 8, 119, 213, 74, 56, 21, 35, 1118, 43, 147, 127, 35, 22, 189, 195, 162, 91, 17, 200, 15, 45, 146, 30, 149, 71, 207, 210, 235, 64, 5, 492, 209, 470, 1178, 200, 47, 170, 164, 106, 33, 220, 597, 100, 108, 269, 13, 27]",3921
bfcl_v3,bfcl_v3:multi_turn_base_6,1,3811,111,22,1,110,3921,6,"[97, 58, 119, 112, 124, 97, 214, 447, 450, 21, 142, 499, 63, 100, 14, 106, 183, 99, 788, 27, 67, 34, 220, 188, 406, 203, 402, 150, 198, 100, 80, 20, 76, 225, 103, 61, 132, 334, 189, 412, 466, 635, 176, 118, 170, 207, 47, 159, 19, 188, 244, 175, 597, 37, 199, 41, 118, 75, 183, 26, 24, 133, 67, 121, 49, 105, 201, 584, 153, 94, 94, 790, 258, 422, 73, 62, 163, 46, 939, 397, 88, 169, 44, 436, 127, 133, 131, 111, 39, 23, 53, 114, 68, 179, 5, 218, 168, 244, 79, 160, 1132, 15, 141, 77, 17, 180, 138, 146, 56, 39, 382, 59, 100, 200, 34, 170, 5, 285, 162, 31, 7, 258, 339, 133, 103, 457, 144, 112]",3921
bfcl_v3,bfcl_v3:multi_turn_base_6,1,3811,111,24,1,110,3921,6,"[95, 63, 108, 344, 155, 4, 33, 28, 395, 46, 45, 140, 187, 70, 23, 40, 1, 71, 18, 570, 683, 11, 12, 82, 17, 187, 144, 71, 559, 23, 188, 212, 134, 170, 179, 0, 31, 182, 5, 856, 39, 57, 112, 416, 30, 730, 48, 64, 180, 185, 53, 76, 59, 96, 1983, 1, 114, 23, 344, 248, 29, 433, 71, 121, 626, 24, 608, 32, 42, 54, 248, 48, 223, 77, 21, 331, 3, 58, 473, 36, 22, 124, 278, 650, 341, 181, 366, 149, 51, 13, 216, 340, 171, 316, 160, 220, 25, 162, 22, 113, 98, 165, 11, 217, 251, 67, 1275, 80, 32, 90, 123, 3, 116, 90, 276, 140, 126, 36, 64, 67, 374, 236, 39, 622, 52, 24, 164, 170]",3921
bfcl_v3,bfcl_v3:multi_turn_base_6,1,3811,111,27,1,110,3921,6,"[133, 283, 119, 25, 194, 68, 125, 28, 63, 207, 229, 25, 331, 73, 110, 42, 70, 151, 129, 66, 23, 100, 352, 174, 189, 129, 209, 347, 165, 57, 209, 109, 411, 188, 172, 0, 255, 623, 171, 5, 614, 150, 78, 143, 314, 146, 341, 479, 16, 66, 300, 138, 306, 155, 127, 38, 16, 256, 274, 21, 4, 97, 329, 10, 293, 128, 61, 138, 113, 4, 120, 323, 158, 197, 36, 21, 493, 8, 33, 27, 363, 22, 11, 537, 480, 39, 0, 47, 63, 175, 439, 136, 104, 108, 358, 292, 538, 1199, 16, 83, 62, 279, 123, 533, 184, 134, 547, 26, 173, 142, 281, 44, 42, 432, 33, 90, 261, 132, 164, 484, 125, 514, 60, 155, 83, 46, 238, 199]",3921
bfcl_v3,bfcl_v3:multi_turn_base_6,1,3811,111,29,1,110,3921,6,"[191, 342, 22, 33, 316, 159, 92, 133, 12, 91, 279, 58, 337, 103, 306, 203, 67, 72, 151, 31, 115, 95, 334, 235, 78, 195, 221, 38, 978, 153, 177, 15, 106, 0, 408, 124, 135, 132, 69, 182, 153, 13, 59, 44, 689, 124, 143, 33, 284, 125, 262, 122, 1038, 199, 56, 148, 219, 82, 466, 331, 39, 66, 21, 124, 72, 94, 142, 66, 167, 66, 46, 75, 123, 173, 61, 115, 287, 88, 0, 62, 85, 419, 208, 18, 69, 153, 307, 379, 27, 525, 354, 349, 263, 562, 17, 362, 210, 124, 82, 211, 39, 673, 129, 142, 173, 364, 136, 168, 199, 97, 87, 578, 31, 14, 1, 142, 6, 520, 181, 212, 375, 115, 156, 44, 207, 237, 163, 348]",3921
bfcl_v3,bfcl_v3:multi_turn_base_6,1,3811,111,31,1,110,3921,6,"[99, 1314, 53, 120, 92, 664, 138, 192, 14, 162, 59, 140, 87, 137, 767, 1094, 371, 94, 396, 245, 51, 67, 126, 54, 1, 15, 16, 83, 339, 402, 106, 116, 309, 13, 60, 206, 45, 392, 333, 171, 644, 32, 298, 16, 158, 60, 179, 25, 347, 145, 111, 222, 62, 4, 17, 342, 77, 42, 9, 75, 516, 28, 8, 248, 44, 324, 410, 396, 116, 97, 148, 147, 55, 56, 133, 30, 234, 80, 268, 442, 250, 80, 154, 81, 153, 93, 35, 322, 218, 55, 106, 95, 93, 35, 25, 464, 281, 90, 89, 48, 212, 114, 189, 153, 380, 47, 76, 90, 194, 15, 91, 248, 137, 386, 66, 395, 31, 74, 14, 299, 90, 96, 291, 494, 25, 197, 64, 503]",3921
bfcl_v3,bfcl_v3:multi_turn_base_6,1,3811,111,34,1,110,3921,6,"[286, 150, 155, 2, 457, 38, 317, 422, 38, 239, 201, 225, 232, 446, 160, 130, 141, 114, 7, 1, 177, 118, 760, 539, 92, 200, 8, 27, 216, 655, 52, 247, 196, 64, 335, 208, 153, 622, 1687, 304, 37, 4, 404, 127, 527, 116, 28, 305, 219, 295, 104, 358, 50, 350, 4, 6, 426, 368, 17, 46, 66, 277, 428, 152, 139, 197, 54, 156, 254, 17, 238, 118, 235, 157, 14, 198, 114, 8, 69, 139, 70, 186, 145, 66, 76, 11, 59, 40, 77, 49, 364, 72, 67, 167, 20, 350, 285, 476, 145, 324, 35, 120, 70, 158, 31, 5, 25, 371, 215, 94, 198, 72, 420, 164, 272, 53, 113, 95, 0, 4, 69, 124, 45, 104, 206, 7, 91, 74]",3921
bfcl_v3,bfcl_v3:multi_turn_base_6,1,3811,111,36,1,110,3921,6,"[155, 126, 19, 292, 28, 143, 110, 244, 224, 55, 12, 35, 60, 1688, 760, 15, 99, 184, 243, 118, 75, 790, 21, 205, 45, 145, 32, 321, 293, 803, 225, 243, 249, 171, 196, 104, 175, 61, 148, 144, 414, 18, 221, 77, 69, 363, 20, 158, 194, 164, 93, 116, 306, 289, 180, 357, 196, 239, 105, 48, 216, 279, 338, 175, 108, 25, 113, 35, 329, 89, 12, 6, 35, 27, 253, 219, 227, 138, 359, 71, 30, 108, 146, 206, 90, 167, 4, 124, 248, 268, 10, 49, 205, 202, 17, 218, 104, 11, 83, 122, 294, 126, 80, 172, 89, 162, 105, 118, 288, 468, 124, 473, 312, 36, 7, 411, 231, 46, 111, 159, 188, 155, 389, 200, 238, 89, 239, 67]",3921
bfcl_v3,bfcl_v3:multi_turn_base_6,1,3811,111,38,1,110,3921,6,"[164, 35, 99, 11, 386, 542, 651, 124, 1097, 280, 9, 38, 30, 53, 250, 221, 191, 93, 22, 67, 218, 114, 197, 146, 121, 173, 391, 461, 77, 323, 353, 71, 93, 1, 68, 184, 26, 64, 26, 453, 36, 150, 223, 109, 338, 336, 330, 14, 36, 249, 73, 361, 238, 236, 94, 286, 147, 90, 142, 11, 300, 37, 37, 105, 20, 207, 53, 226, 72, 285, 200, 153, 106, 117, 153, 129, 389, 180, 65, 69, 47, 424, 46, 20, 31, 157, 366, 48, 307, 77, 204, 25, 190, 273, 146, 213, 114, 129, 102, 68, 349, 234, 363, 23, 76, 77, 3, 216, 290, 338, 269, 157, 208, 693, 146, 222, 23, 154, 67, 65, 395, 75, 120, 448, 70, 55, 307, 771]",3921
bfcl_v3,bfcl_v3:multi_turn_base_6,1,3811,111,40,1,110,3921,6,"[84, 725, 81, 245, 154, 35, 8, 31, 43, 152, 76, 64, 267, 7, 169, 214, 254, 122, 86, 48, 51, 51, 48, 55, 143, 72, 82, 88, 2, 136, 903, 62, 7, 155, 119, 76, 115, 268, 33, 33, 64, 127, 430, 25, 72, 402, 76, 285, 190, 234, 233, 99, 317, 235, 262, 275, 831, 138, 248, 93, 47, 37, 91, 202, 16, 355, 168, 146, 203, 890, 445, 212, 27, 144, 197, 489, 161, 15, 306, 270, 263, 442, 170, 61, 69, 135, 155, 24, 74, 34, 32, 432, 279, 201, 212, 135, 405, 268, 93, 145, 117, 185, 76, 267, 52, 223, 85, 154, 150, 21, 608, 195, 44, 180, 61, 218, 862, 83, 421, 265, 296, 286, 48, 227, 97, 7, 43, 205]",3921
bfcl_v3,bfcl_v3:multi_turn_base_6,1,3811,111,43,1,110,3921,6,"[29, 228, 97, 523, 199, 390, 69, 51, 136, 74, 123, 225, 376, 51, 116, 73, 164, 93, 24, 400, 47, 418, 94, 662, 296, 394, 214, 11, 605, 212, 30, 34, 128, 212, 122, 37, 525, 292, 267, 233, 102, 192, 19, 285, 77, 234, 630, 78, 246, 120, 70, 287, 122, 78, 293, 273, 229, 118, 180, 123, 88, 228, 120, 91, 162, 177, 72, 281, 154, 144, 62, 332, 41, 122, 183, 250, 220, 105, 140, 92, 179, 184, 266, 41, 86, 1284, 328, 99, 79, 291, 49, 234, 107, 76, 172, 189, 299, 26, 58, 30, 15, 210, 354, 38, 183, 91, 115, 52, 179, 482, 4, 23, 61, 7, 25, 84, 756, 327, 174, 32, 76, 50, 14, 85, 232, 240, 274, 172]",3921
bfcl_v3,bfcl_v3:multi_turn_base_6,1,3811,111,45,1,110,3921,6,"[64, 41, 149, 346, 30, 157, 218, 35, 81, 298, 21, 218, 97, 3, 90, 206, 21, 162, 45, 100, 510, 271, 80, 340, 188, 108, 98, 70, 554, 10, 62, 280, 118, 160, 208, 37, 77, 18, 82, 783, 108, 815, 41, 28, 104, 188, 223, 34, 86, 563, 882, 407, 116, 197, 206, 73, 14, 11, 155, 326, 256, 8, 209, 209, 97, 18, 117, 139, 202, 66, 121, 284, 4, 71, 24, 275, 321, 1616, 239, 3, 169, 37, 67, 255, 98, 309, 216, 371, 646, 458, 90, 67, 101, 185, 65, 124, 2, 36, 51, 31, 73, 69, 52, 39, 337, 214, 85, 126, 5, 527, 139, 68, 67, 26, 223, 155, 128, 95, 94, 272, 35, 36, 45, 7, 1156, 391, 41, 351]",3921
bfcl_v3,bfcl_v3:multi_turn_base_6,1,3811,111,47,1,110,3921,6,"[368, 134, 380, 223, 314, 32, 32, 394, 93, 211, 130, 76, 35, 25, 364, 228, 119, 143, 211, 468, 100, 205, 196, 77, 98, 62, 133, 107, 59, 59, 218, 44, 119, 98, 28, 135, 82, 194, 244, 239, 61, 256, 45, 178, 122, 123, 74, 180, 314, 162, 36, 450, 35, 36, 117, 230, 87, 380, 37, 22, 146, 29, 189, 107, 42, 107, 96, 148, 236, 182, 61, 193, 173, 55, 51, 665, 396, 210, 61, 344, 233, 140, 109, 187, 15, 29, 245, 9, 17, 471, 77, 20, 274, 508, 945, 198, 179, 109, 4, 29, 223, 197, 235, 873, 119, 156, 39, 212, 108, 601, 240, 273, 99, 220, 254, 283, 712, 51, 205, 43, 645, 74, 135, 184, 155, 59, 69, 351]",3921
bfcl_v3,bfcl_v3:multi_turn_base_6,1,3811,111,49,1,110,3921,6,"[60, 77, 45, 356, 155, 155, 572, 285, 18, 16, 69, 558, 70, 423, 501, 146, 58, 97, 25, 452, 147, 217, 157, 33, 12, 190, 423, 69, 29, 598, 111, 131, 210, 123, 394, 251, 99, 36, 44, 45, 59, 119, 165, 69, 211, 250, 36, 133, 168, 30, 96, 83, 188, 257, 41, 58, 149, 206, 68, 41, 15, 47, 25, 156, 211, 219, 423, 82, 152, 106, 102, 173, 275, 116, 490, 152, 51, 260, 307, 99, 24, 316, 62, 203, 371, 42, 194, 75, 125, 480, 90, 5, 50, 329, 784, 210, 384, 128, 195, 276, 59, 79, 136, 158, 42, 69, 289, 53, 406, 173, 121, 85, 132, 237, 128, 170, 292, 418, 192, 289, 122, 125, 447, 967, 320, 27, 126, 176]",3921
bfcl_v3,bfcl_v3:multi_turn_base_6,1,3811,111,51,1,110,3921,6,"[36, 362, 34, 218, 72, 279, 93, 68, 23, 12, 18, 244, 87, 133, 57, 94, 233, 75, 144, 44, 450, 488, 201, 76, 171, 87, 213, 23, 87, 273, 372, 332, 71, 254, 78, 436, 384, 78, 134, 26, 9, 156, 107, 169, 207, 300, 344, 248, 543, 52, 110, 153, 137, 48, 30, 165, 535, 58, 204, 295, 336, 198, 207, 235, 369, 193, 307, 59, 150, 93, 49, 430, 272, 210, 311, 893, 163, 96, 254, 194, 217, 186, 164, 104, 148, 152, 264, 99, 34, 5, 59, 96, 283, 90, 301, 40, 63, 349, 56, 80, 95, 78, 474, 770, 77, 743, 157, 22, 74, 193, 29, 412, 119, 201, 232, 284, 159, 76, 162, 133, 158, 201, 60, 55, 27, 113, 180, 3]",3921
bfcl_v3,bfcl_v3:multi_turn_base_7,1,6664,128,1,1,127,6791,6,"[388, 532, 224, 398, 539, 115, 127, 597, 210, 152, 139, 384, 445, 506, 281, 661, 267, 55, 617, 819, 153, 157, 342, 108, 270, 376, 177, 155, 132, 694, 278, 102, 454, 135, 51, 316, 405, 511, 341, 251, 276, 384, 153, 789, 800, 57, 428, 78, 72, 180, 371, 24, 183, 446, 242, 376, 530, 468, 549, 443, 67, 335, 207, 132, 348, 157, 56, 428, 338, 208, 110, 198, 232, 440, 214, 791, 92, 319, 511, 150, 126, 225, 132, 643, 190, 241, 294, 673, 777, 179, 540, 375, 256, 450, 422, 171, 520, 495, 232, 148, 211, 144, 571, 154, 433, 187, 139, 574, 603, 193, 66, 123, 873, 386, 138, 306, 61, 181, 373, 355, 536, 451, 221, 785, 61, 83, 54, 349]",6791
bfcl_v3,bfcl_v3:multi_turn_base_7,1,6664,128,3,1,127,6791,6,"[162, 628, 504, 199, 372, 243, 139, 250, 447, 281, 500, 303, 406, 495, 387, 184, 333, 451, 413, 114, 542, 179, 359, 421, 74, 422, 121, 194, 94, 57, 226, 37, 419, 654, 83, 420, 184, 350, 45, 221, 670, 66, 426, 570, 58, 170, 627, 1038, 97, 266, 473, 174, 147, 544, 162, 452, 74, 32, 234, 255, 140, 59, 473, 676, 974, 442, 420, 62, 271, 59, 341, 48, 131, 384, 326, 551, 166, 928, 34, 271, 121, 337, 358, 42, 104, 361, 452, 177, 53, 118, 343, 440, 645, 341, 75, 314, 266, 84, 125, 180, 573, 465, 410, 275, 469, 685, 541, 298, 240, 253, 433, 936, 173, 73, 83, 380, 164, 191, 430, 162, 76, 143, 572, 193, 775, 247, 1097, 269]",6791
bfcl_v3,bfcl_v3:multi_turn_base_7,1,6664,128,6,1,127,6791,6,"[527, 124, 104, 507, 566, 129, 321, 171, 707, 188, 176, 165, 674, 178, 151, 810, 475, 32, 161, 104, 134, 642, 222, 363, 269, 61, 364, 1006, 489, 225, 254, 741, 83, 160, 152, 542, 207, 91, 263, 873, 206, 682, 77, 176, 225, 149, 540, 151, 14, 272, 237, 294, 91, 219, 204, 331, 319, 316, 146, 265, 213, 457, 208, 26, 294, 1359, 208, 288, 511, 647, 404, 339, 81, 329, 247, 481, 144, 263, 210, 231, 553, 134, 748, 341, 368, 279, 388, 103, 503, 70, 54, 130, 1174, 142, 130, 540, 224, 359, 144, 212, 227, 867, 325, 769, 122, 42, 136, 191, 393, 148, 162, 74, 224, 167, 280, 117, 299, 221, 195, 109, 367, 276, 782, 817, 329, 905, 240, 101]",6791
bfcl_v3,bfcl_v3:multi_turn_base_7,1,6664,128,8,1,127,6791,6,"[228, 342, 110, 467, 76, 118, 345, 193, 476, 268, 491, 1271, 155, 49, 768, 832, 653, 333, 341, 228, 251, 362, 320, 71, 161, 66, 57, 33, 369, 424, 311, 48, 57, 389, 365, 155, 502, 100, 630, 155, 138, 159, 214, 219, 239, 173, 440, 112, 178, 34, 215, 882, 43, 404, 698, 484, 185, 518, 514, 604, 1, 45, 227, 395, 54, 514, 286, 227, 221, 19, 150, 1123, 256, 197, 63, 67, 551, 481, 238, 112, 343, 348, 511, 437, 261, 144, 108, 10, 806, 411, 845, 42, 533, 275, 1415, 338, 127, 266, 260, 314, 658, 60, 155, 30, 1101, 134, 116, 122, 422, 177, 217, 111, 296, 72, 119, 173, 1019, 265, 128, 107, 2, 133, 881, 596, 520, 455, 359, 274]",6791
bfcl_v3,bfcl_v3:multi_turn_base_7,1,6664,128,10,1,127,6791,6,"[692, 538, 307, 31, 271, 54, 368, 114, 971, 1, 146, 216, 577, 93, 765, 498, 1067, 147, 615, 258, 196, 767, 1101, 66, 92, 255, 45, 234, 91, 93, 121, 607, 91, 36, 153, 39, 136, 71, 137, 61, 258, 164, 176, 128, 366, 449, 205, 128, 19, 998, 346, 113, 332, 93, 471, 422, 648, 486, 23, 298, 194, 214, 523, 186, 205, 68, 225, 401, 547, 43, 350, 683, 962, 21, 44, 418, 158, 634, 551, 524, 282, 151, 176, 147, 89, 141, 299, 5, 188, 221, 144, 298, 285, 283, 1248, 238, 15, 16, 329, 133, 1418, 403, 241, 182, 393, 261, 237, 56, 2095, 90, 429, 290, 45, 166, 243, 343, 43, 470, 313, 273, 364, 63, 114, 23, 18, 297, 1332, 661]",6791
bfcl_v3,bfcl_v3:multi_turn_base_7,1,6664,128,13,1,127,6791,6,"[505, 27, 182, 78, 56, 88, 276, 80, 519, 148, 158, 156, 1212, 168, 318, 867, 431, 183, 403, 189, 73, 20, 1150, 268, 94, 506, 627, 1487, 102, 85, 254, 76, 416, 31, 1276, 32, 589, 102, 187, 149, 390, 1018, 156, 10, 447, 418, 1071, 485, 623, 222, 136, 503, 1079, 164, 445, 46, 108, 369, 428, 293, 318, 179, 175, 113, 585, 110, 372, 121, 13, 4, 694, 258, 257, 393, 1440, 25, 719, 346, 46, 637, 299, 115, 500, 16, 360, 455, 33, 149, 193, 198, 238, 1019, 198, 250, 94, 27, 226, 265, 199, 201, 40, 278, 594, 14, 341, 92, 380, 374, 361, 192, 255, 7, 57, 65, 108, 134, 510, 478, 80, 731, 526, 14, 77, 100, 714, 112, 126, 167]",6791
bfcl_v3,bfcl_v3:multi_turn_base_7,1,6664,128,15,1,127,6791,6,"[352, 684, 75, 199, 72, 802, 63, 1001, 389, 820, 129, 384, 75, 353, 50, 1040, 315, 78, 636, 103, 38, 766, 790, 366, 152, 228, 414, 83, 529, 116, 180, 54, 277, 1388, 328, 262, 313, 1066, 51, 234, 65, 867, 318, 86, 94, 1377, 50, 65, 220, 451, 218, 56, 61, 358, 857, 314, 97, 226, 707, 122, 626, 21, 22, 938, 134, 85, 374, 74, 275, 66, 49, 123, 140, 352, 421, 224, 79, 167, 601, 110, 395, 176, 606, 952, 126, 400, 163, 14, 122, 241, 753, 339, 103, 104, 326, 575, 45, 182, 129, 201, 953, 88, 461, 87, 362, 177, 36, 114, 199, 148, 12, 200, 137, 18, 59, 95, 523, 412, 857, 177, 812, 23, 483, 230, 145, 170, 235, 836]",6791
bfcl_v3,bfcl_v3:multi_turn_base_7,1,6664,128,17,1,127,6791,6,"[153, 243, 259, 245, 1205, 752, 173, 85, 442, 147, 377, 228, 261, 1104, 53, 390, 344, 297, 469, 124, 1981, 106, 445, 197, 62, 449, 113, 940, 470, 130, 524, 29, 1053, 450, 83, 158, 223, 1341, 13, 221, 905, 298, 141, 255, 172, 53, 91, 77, 227, 435, 317, 425, 340, 459, 337, 223, 155, 1002, 24, 198, 166, 93, 79, 474, 104, 649, 211, 26, 988, 63, 138, 30, 397, 380, 56, 126, 376, 701, 326, 18, 690, 469, 420, 355, 28, 474, 433, 326, 158, 250, 482, 890, 254, 132, 175, 137, 517, 19, 253, 95, 186, 477, 166, 370, 270, 603, 23, 107, 293, 139, 370, 458, 49, 225, 42, 359, 109, 66, 538, 259, 35, 251, 20, 183, 254, 254, 92, 117]",6791
bfcl_v3,bfcl_v3:multi_turn_base_7,1,6664,128,20,1,127,6791,6,"[685, 270, 20, 250, 321, 1556, 2600, 128, 154, 284, 65, 6, 975, 189, 73, 35, 2202, 5, 315, 29, 56, 145, 6, 4, 378, 291, 159, 8, 684, 280, 62, 190, 604, 203, 20, 96, 10, 365, 8, 58, 764, 31, 462, 235, 494, 518, 22, 90, 384, 153, 36, 867, 121, 205, 214, 50, 876, 485, 394, 49, 58, 280, 552, 198, 376, 84, 29, 33, 553, 128, 788, 594, 142, 60, 300, 396, 215, 103, 267, 323, 101, 32, 101, 703, 209, 30, 20, 47, 1900, 65, 248, 216, 162, 27, 282, 299, 302, 154, 41, 351, 15, 78, 196, 89, 361, 81, 443, 455, 259, 91, 12, 700, 314, 930, 1277, 373, 63, 247, 349, 144, 100, 969, 1123, 186, 241, 578, 26, 38]",6791
bfcl_v3,bfcl_v3:multi_turn_base_7,1,6664,128,22,1,127,6791,6,"[163, 103, 156, 172, 166, 104, 303, 785, 870, 42, 263, 832, 388, 128, 85, 139, 163, 162, 1463, 49, 73, 61, 319, 238, 840, 375, 694, 244, 426, 120, 117, 25, 136, 376, 122, 81, 237, 707, 310, 698, 724, 1028, 226, 159, 217, 388, 89, 277, 26, 271, 431, 312, 991, 59, 517, 54, 259, 128, 398, 70, 24, 285, 124, 151, 84, 218, 411, 1081, 232, 149, 189, 1420, 494, 729, 116, 194, 205, 101, 1360, 480, 131, 279, 93, 613, 180, 269, 311, 148, 73, 22, 71, 184, 107, 338, 9, 429, 389, 358, 134, 225, 1993, 19, 206, 113, 129, 388, 314, 288, 92, 62, 652, 101, 163, 482, 70, 303, 9, 476, 389, 53, 10, 461, 531, 288, 141, 736, 320, 188]",6791
bfcl_v3,bfcl_v3:multi_turn_base_7,1,6664,128,24,1,127,6791,6,"[166, 182, 200, 565, 300, 7, 30, 30, 684, 70, 84, 164, 361, 118, 30, 85, 14, 149, 28, 844, 738, 21, 24, 185, 22, 396, 165, 54, 811, 48, 347, 299, 242, 269, 309, 3, 50, 348, 9, 1894, 148, 56, 152, 532, 23, 1261, 81, 105, 391, 279, 91, 169, 212, 149, 2712, 1, 193, 44, 728, 651, 48, 724, 145, 220, 1466, 44, 1375, 48, 93, 91, 383, 87, 399, 104, 35, 649, 8, 174, 719, 106, 34, 200, 416, 1167, 479, 363, 624, 308, 35, 27, 439, 812, 221, 408, 245, 243, 32, 259, 25, 204, 210, 368, 95, 297, 410, 115, 2127, 151, 40, 388, 299, 10, 191, 157, 466, 193, 181, 52, 125, 144, 380, 367, 61, 1368, 55, 24, 426, 264]",6791
bfcl_v3,bfcl_v3:multi_turn_base_7,1,6664,128,27,1,127,6791,6,"[250, 288, 281, 53, 414, 107, 252, 105, 73, 327, 442, 95, 482, 81, 181, 261, 36, 145, 214, 108, 34, 158, 449, 261, 400, 239, 181, 623, 376, 72, 405, 180, 564, 308, 442, 6, 636, 1199, 314, 20, 1252, 272, 125, 217, 505, 262, 855, 718, 31, 168, 445, 205, 548, 259, 159, 62, 12, 457, 507, 33, 17, 205, 587, 27, 452, 186, 115, 149, 167, 7, 294, 637, 261, 367, 39, 18, 987, 2, 43, 64, 729, 35, 20, 915, 1022, 31, 3, 145, 64, 428, 741, 294, 315, 232, 838, 605, 774, 1376, 19, 233, 89, 558, 165, 1051, 303, 257, 818, 37, 242, 348, 647, 69, 70, 671, 53, 173, 257, 252, 288, 943, 156, 515, 93, 275, 68, 57, 423, 271]",6791
bfcl_v3,bfcl_v3:multi_turn_base_7,1,6664,128,29,1,127,6791,6,"[262, 661, 13, 58, 620, 238, 154, 216, 24, 108, 508, 137, 644, 168, 446, 504, 115, 85, 302, 35, 152, 181, 506, 415, 174, 324, 406, 66, 1414, 248, 337, 8, 149, 2, 661, 232, 192, 272, 163, 263, 299, 42, 91, 77, 769, 240, 221, 42, 484, 213, 384, 235, 1375, 354, 102, 309, 337, 107, 732, 767, 47, 173, 536, 207, 152, 212, 186, 96, 356, 125, 80, 172, 185, 233, 171, 197, 561, 136, 3, 265, 136, 634, 432, 31, 139, 295, 588, 742, 64, 942, 601, 555, 794, 1129, 24, 550, 344, 159, 160, 375, 64, 1099, 266, 221, 246, 673, 264, 309, 357, 228, 168, 796, 75, 23, 2, 223, 8, 898, 238, 489, 541, 179, 225, 25, 437, 371, 300, 591]",6791
bfcl_v3,bfcl_v3:multi_turn_base_7,1,6664,128,31,1,127,6791,6,"[198, 1322, 105, 279, 165, 904, 217, 604, 27, 277, 88, 195, 82, 165, 1436, 1653, 610, 121, 677, 409, 20, 103, 161, 58, 1, 12, 20, 130, 631, 784, 270, 208, 608, 21, 90, 469, 80, 856, 524, 377, 1346, 78, 345, 27, 315, 99, 244, 59, 526, 271, 344, 772, 146, 13, 25, 572, 211, 91, 13, 114, 895, 94, 43, 246, 509, 371, 562, 661, 129, 211, 206, 276, 67, 101, 309, 79, 400, 172, 457, 784, 469, 116, 291, 71, 186, 147, 43, 509, 315, 125, 217, 168, 204, 76, 46, 864, 440, 139, 153, 87, 342, 241, 334, 307, 622, 86, 188, 184, 307, 63, 147, 479, 219, 770, 124, 792, 51, 121, 18, 465, 165, 87, 639, 691, 37, 334, 134, 993]",6791
bfcl_v3,bfcl_v3:multi_turn_base_7,1,6664,128,34,1,127,6791,6,"[624, 227, 253, 1, 592, 74, 501, 453, 93, 458, 339, 499, 514, 906, 257, 200, 309, 143, 10, 0, 432, 260, 1222, 701, 159, 252, 7, 27, 418, 1171, 71, 480, 343, 136, 845, 362, 391, 953, 2459, 1003, 48, 4, 664, 161, 663, 307, 67, 317, 311, 600, 223, 615, 116, 622, 7, 9, 806, 618, 41, 139, 157, 409, 785, 316, 198, 440, 90, 234, 501, 17, 441, 185, 498, 200, 30, 270, 168, 35, 58, 254, 76, 223, 302, 65, 232, 28, 135, 107, 139, 58, 495, 204, 124, 281, 57, 625, 453, 1017, 284, 373, 126, 189, 87, 293, 150, 13, 36, 554, 332, 196, 418, 178, 698, 206, 405, 84, 204, 128, 1, 14, 86, 229, 114, 171, 403, 17, 174, 193]",6791
bfcl_v3,bfcl_v3:multi_turn_base_7,1,6664,128,36,1,127,6791,6,"[194, 228, 23, 351, 47, 317, 188, 410, 981, 92, 20, 89, 75, 1525, 984, 21, 148, 365, 304, 214, 142, 1394, 47, 378, 105, 230, 43, 466, 403, 1666, 451, 418, 612, 519, 391, 151, 474, 90, 315, 241, 645, 12, 397, 59, 102, 779, 485, 186, 432, 153, 156, 161, 606, 601, 265, 463, 358, 410, 115, 107, 414, 513, 457, 308, 154, 51, 214, 47, 588, 177, 27, 18, 35, 68, 532, 303, 446, 187, 555, 216, 53, 186, 198, 391, 194, 274, 11, 398, 497, 399, 17, 128, 444, 253, 33, 271, 152, 14, 98, 210, 408, 270, 195, 419, 152, 292, 178, 233, 453, 1012, 240, 705, 471, 55, 98, 519, 505, 97, 181, 264, 334, 175, 698, 438, 558, 145, 384, 132]",6791
bfcl_v3,bfcl_v3:multi_turn_base_7,1,6664,128,38,1,127,6791,6,"[291, 75, 158, 23, 653, 839, 1291, 176, 994, 423, 63, 89, 71, 77, 590, 255, 416, 148, 69, 152, 292, 222, 283, 394, 183, 360, 836, 904, 102, 653, 569, 79, 136, 2, 125, 285, 28, 140, 16, 913, 100, 287, 323, 94, 533, 542, 589, 49, 50, 306, 132, 683, 317, 439, 120, 439, 296, 122, 251, 6, 436, 68, 77, 204, 63, 391, 149, 247, 151, 601, 294, 214, 194, 413, 191, 189, 423, 261, 106, 93, 45, 605, 88, 28, 37, 175, 531, 169, 395, 128, 345, 60, 414, 268, 194, 312, 187, 224, 169, 125, 551, 283, 659, 57, 150, 126, 25, 282, 493, 516, 296, 278, 242, 1319, 467, 310, 50, 379, 108, 172, 965, 100, 166, 795, 70, 1736, 317, 1517]",6791
bfcl_v3,bfcl_v3:multi_turn_base_7,1,6664,128,40,1,127,6791,6,"[73, 696, 136, 330, 247, 80, 17, 121, 67, 213, 167, 79, 312, 32, 376, 281, 402, 170, 94, 97, 59, 46, 71, 112, 1779, 171, 104, 189, 13, 264, 1484, 132, 142, 208, 304, 139, 239, 388, 49, 55, 85, 171, 431, 39, 75, 481, 184, 469, 357, 373, 439, 181, 648, 279, 347, 520, 1150, 248, 375, 282, 74, 92, 141, 360, 31, 934, 417, 193, 356, 1610, 646, 409, 79, 192, 492, 564, 639, 73, 412, 366, 351, 622, 253, 199, 239, 231, 338, 21, 134, 47, 90, 723, 582, 307, 305, 201, 472, 407, 211, 367, 261, 354, 129, 462, 270, 529, 66, 400, 294, 28, 960, 402, 86, 302, 106, 333, 1291, 149, 923, 558, 370, 309, 55, 355, 123, 29, 68, 282]",6791
bfcl_v3,bfcl_v3:multi_turn_base_7,1,6664,128,43,1,127,6791,6,"[45, 528, 101, 1138, 198, 730, 109, 88, 206, 145, 215, 466, 577, 113, 205, 208, 241, 185, 27, 572, 65, 844, 365, 890, 309, 477, 404, 34, 923, 296, 32, 64, 523, 437, 186, 57, 834, 557, 275, 445, 256, 366, 24, 355, 141, 311, 744, 117, 304, 237, 105, 405, 192, 94, 496, 350, 255, 215, 228, 176, 99, 483, 162, 133, 428, 267, 181, 464, 235, 298, 158, 624, 89, 101, 425, 399, 387, 197, 194, 148, 214, 186, 557, 53, 165, 2644, 676, 173, 139, 520, 126, 568, 173, 110, 289, 354, 659, 59, 144, 57, 28, 241, 437, 53, 150, 128, 152, 102, 238, 887, 9, 45, 87, 12, 46, 309, 1022, 468, 290, 29, 82, 89, 760, 319, 205, 1065, 416, 254]",6791
bfcl_v3,bfcl_v3:multi_turn_base_7,1,6664,128,45,1,127,6791,6,"[163, 63, 228, 654, 36, 263, 1259, 158, 121, 455, 39, 298, 194, 32, 144, 472, 30, 465, 68, 163, 924, 432, 77, 452, 294, 147, 230, 157, 1205, 25, 126, 530, 245, 249, 335, 65, 77, 198, 186, 1429, 347, 1458, 62, 34, 238, 322, 371, 44, 164, 954, 1170, 706, 172, 293, 303, 207, 32, 21, 237, 518, 495, 11, 206, 390, 173, 22, 229, 247, 323, 131, 191, 499, 2, 196, 28, 419, 497, 1571, 303, 9, 336, 55, 133, 369, 174, 558, 371, 856, 776, 812, 132, 149, 217, 543, 139, 202, 11, 131, 106, 340, 127, 271, 60, 33, 651, 315, 203, 174, 61, 780, 185, 252, 154, 69, 346, 386, 195, 180, 223, 355, 77, 107, 123, 10, 1465, 551, 134, 566]",6791
bfcl_v3,bfcl_v3:multi_turn_base_7,1,6664,128,47,1,127,6791,6,"[562, 183, 381, 424, 524, 84, 50, 528, 145, 353, 178, 126, 73, 31, 568, 249, 222, 235, 436, 625, 162, 268, 268, 105, 138, 159, 243, 234, 56, 85, 330, 146, 193, 173, 33, 287, 109, 381, 372, 554, 92, 617, 116, 355, 311, 187, 191, 239, 621, 314, 61, 682, 129, 43, 238, 310, 128, 676, 70, 32, 210, 65, 326, 258, 113, 133, 145, 237, 472, 1347, 52, 414, 232, 97, 66, 1504, 488, 305, 70, 473, 440, 280, 246, 354, 46, 46, 326, 21, 23, 804, 75, 44, 410, 643, 1636, 355, 298, 196, 11, 21, 438, 342, 386, 1755, 316, 336, 63, 333, 155, 1136, 456, 511, 113, 285, 374, 576, 1095, 56, 272, 82, 1052, 102, 226, 288, 248, 81, 149, 553]",6791
bfcl_v3,bfcl_v3:multi_turn_base_7,1,6664,128,49,1,127,6791,6,"[68, 293, 132, 764, 339, 596, 904, 343, 58, 2, 150, 1040, 120, 571, 905, 262, 50, 179, 31, 681, 244, 448, 240, 41, 69, 336, 813, 139, 36, 699, 222, 254, 342, 174, 690, 449, 153, 78, 78, 75, 176, 272, 244, 150, 365, 367, 63, 184, 232, 61, 100, 184, 405, 379, 49, 96, 219, 414, 96, 56, 22, 54, 112, 309, 336, 405, 665, 162, 203, 142, 221, 431, 546, 153, 852, 183, 294, 428, 481, 201, 30, 658, 90, 253, 476, 86, 251, 118, 325, 502, 178, 79, 83, 753, 1530, 427, 842, 353, 239, 514, 153, 110, 306, 216, 102, 144, 245, 73, 738, 222, 129, 131, 233, 642, 242, 276, 770, 521, 301, 618, 218, 200, 423, 1253, 631, 85, 279, 318]",6791
bfcl_v3,bfcl_v3:multi_turn_base_7,1,6664,128,51,1,127,6791,6,"[95, 619, 39, 306, 91, 362, 180, 97, 41, 9, 31, 511, 145, 184, 120, 144, 346, 122, 350, 141, 437, 828, 290, 129, 242, 103, 337, 19, 145, 561, 838, 495, 151, 440, 99, 711, 640, 139, 200, 39, 9, 218, 178, 210, 316, 337, 595, 370, 845, 105, 206, 210, 290, 123, 32, 353, 893, 118, 421, 667, 644, 369, 345, 322, 569, 362, 448, 70, 215, 127, 88, 744, 482, 401, 652, 1556, 319, 223, 350, 266, 355, 416, 319, 222, 213, 192, 446, 108, 62, 16, 113, 197, 603, 134, 543, 218, 119, 674, 124, 124, 102, 121, 638, 1620, 176, 1402, 252, 36, 171, 349, 43, 761, 171, 393, 591, 637, 286, 181, 230, 243, 285, 322, 120, 116, 46, 103, 322, 7]",6791
bfcl_v3,bfcl_v3:multi_turn_base_8,1,6679,128,1,1,127,6806,6,"[390, 531, 226, 405, 546, 117, 123, 596, 209, 155, 141, 377, 442, 504, 276, 662, 269, 57, 622, 820, 153, 156, 344, 116, 266, 375, 179, 162, 129, 702, 282, 95, 450, 133, 57, 322, 405, 519, 334, 250, 275, 380, 155, 792, 799, 56, 422, 73, 81, 179, 381, 24, 180, 456, 246, 375, 537, 461, 544, 438, 69, 338, 203, 138, 349, 163, 56, 442, 343, 214, 119, 203, 234, 436, 216, 796, 90, 328, 513, 154, 125, 227, 136, 649, 189, 243, 288, 670, 765, 178, 539, 382, 257, 441, 421, 173, 519, 501, 228, 148, 210, 153, 570, 155, 422, 183, 134, 562, 601, 188, 66, 125, 866, 394, 145, 313, 61, 170, 375, 367, 540, 445, 223, 781, 56, 90, 60, 347]",6806
bfcl_v3,bfcl_v3:multi_turn_base_8,1,6679,128,3,1,127,6806,6,"[157, 625, 504, 196, 382, 242, 144, 253, 456, 276, 505, 303, 412, 503, 383, 182, 334, 469, 422, 117, 543, 181, 358, 434, 77, 429, 126, 207, 99, 58, 236, 37, 416, 650, 83, 427, 186, 349, 52, 222, 675, 59, 438, 577, 57, 171, 630, 1041, 98, 259, 467, 177, 132, 544, 162, 456, 79, 38, 248, 253, 145, 60, 466, 675, 980, 454, 425, 68, 267, 54, 331, 42, 130, 395, 322, 546, 169, 935, 35, 276, 118, 350, 348, 40, 100, 375, 448, 161, 50, 119, 353, 439, 648, 348, 69, 324, 257, 96, 127, 171, 558, 464, 410, 277, 462, 683, 527, 298, 241, 250, 442, 930, 167, 69, 78, 387, 159, 200, 417, 155, 73, 143, 577, 188, 781, 243, 1083, 262]",6806
bfcl_v3,bfcl_v3:multi_turn_base_8,1,6679,128,6,1,127,6806,6,"[528, 129, 108, 509, 558, 133, 320, 168, 705, 187, 167, 179, 694, 181, 152, 817, 475, 28, 162, 105, 134, 640, 223, 374, 267, 55, 371, 1013, 491, 220, 256, 750, 86, 167, 141, 513, 210, 84, 262, 867, 210, 676, 74, 174, 230, 155, 543, 153, 15, 272, 234, 292, 89, 224, 204, 342, 318, 320, 160, 268, 212, 464, 186, 24, 299, 1359, 201, 285, 526, 655, 410, 339, 80, 318, 246, 483, 141, 263, 210, 243, 550, 130, 749, 361, 372, 274, 383, 99, 503, 72, 65, 139, 1180, 141, 128, 529, 240, 355, 142, 215, 235, 866, 332, 772, 120, 37, 136, 192, 382, 145, 166, 70, 231, 166, 293, 114, 304, 207, 186, 107, 374, 279, 780, 824, 331, 890, 237, 107]",6806
bfcl_v3,bfcl_v3:multi_turn_base_8,1,6679,128,8,1,127,6806,6,"[221, 355, 100, 471, 97, 121, 366, 186, 445, 258, 452, 1297, 157, 49, 760, 820, 653, 333, 360, 229, 246, 324, 335, 60, 178, 72, 58, 31, 381, 407, 307, 52, 56, 403, 373, 168, 487, 100, 628, 188, 130, 163, 201, 221, 238, 183, 448, 114, 165, 41, 207, 893, 45, 387, 711, 490, 193, 478, 474, 608, 5, 38, 230, 399, 47, 530, 285, 228, 218, 18, 165, 1154, 258, 201, 65, 69, 543, 504, 246, 109, 349, 369, 511, 419, 265, 141, 113, 16, 784, 414, 847, 40, 554, 283, 1345, 346, 118, 276, 246, 320, 655, 59, 160, 41, 1187, 147, 113, 118, 409, 177, 205, 112, 290, 68, 118, 191, 1019, 280, 132, 105, 6, 125, 865, 594, 517, 458, 362, 281]",6806
bfcl_v3,bfcl_v3:multi_turn_base_8,1,6679,128,10,1,127,6806,6,"[716, 532, 294, 44, 273, 37, 370, 124, 991, 2, 144, 208, 609, 103, 767, 494, 1138, 135, 611, 250, 205, 774, 1117, 73, 82, 246, 49, 227, 86, 94, 119, 571, 95, 45, 146, 51, 131, 68, 127, 65, 271, 162, 187, 134, 348, 473, 232, 121, 19, 1005, 370, 127, 339, 90, 433, 420, 657, 499, 24, 314, 201, 214, 528, 189, 189, 89, 211, 419, 529, 43, 352, 662, 939, 19, 37, 412, 152, 636, 541, 535, 282, 146, 180, 154, 82, 145, 295, 5, 198, 220, 146, 298, 290, 295, 1282, 234, 13, 23, 333, 131, 1451, 383, 239, 189, 372, 263, 241, 50, 2161, 85, 409, 284, 39, 180, 249, 333, 51, 479, 262, 248, 348, 58, 106, 22, 14, 311, 1255, 667]",6806
bfcl_v3,bfcl_v3:multi_turn_base_8,1,6679,128,13,1,127,6806,6,"[510, 29, 178, 85, 63, 90, 276, 72, 548, 144, 159, 161, 1197, 162, 347, 865, 418, 184, 361, 172, 77, 19, 1130, 256, 95, 513, 635, 1475, 102, 82, 275, 88, 423, 40, 1224, 35, 598, 76, 210, 147, 384, 1058, 149, 15, 436, 415, 1061, 476, 663, 221, 140, 473, 1098, 162, 438, 47, 111, 352, 434, 302, 308, 209, 169, 122, 595, 119, 372, 115, 10, 4, 723, 246, 252, 385, 1443, 19, 715, 338, 39, 617, 302, 122, 499, 19, 380, 462, 47, 158, 185, 228, 268, 992, 210, 245, 93, 27, 213, 274, 181, 203, 41, 292, 610, 18, 337, 95, 384, 381, 354, 167, 272, 9, 65, 62, 105, 150, 493, 457, 85, 729, 555, 12, 81, 101, 705, 111, 120, 181]",6806
bfcl_v3,bfcl_v3:multi_turn_base_8,1,6679,128,15,1,127,6806,6,"[366, 703, 65, 191, 74, 747, 67, 1015, 399, 826, 125, 360, 83, 365, 45, 1036, 301, 72, 645, 112, 35, 756, 784, 415, 140, 232, 382, 81, 537, 114, 179, 67, 283, 1320, 333, 279, 316, 1092, 54, 251, 62, 898, 343, 94, 111, 1378, 54, 55, 230, 442, 224, 52, 61, 376, 870, 330, 104, 237, 703, 129, 617, 25, 20, 920, 139, 69, 373, 72, 276, 76, 53, 128, 131, 380, 415, 202, 88, 176, 611, 112, 404, 169, 608, 984, 127, 411, 168, 11, 108, 237, 738, 309, 111, 89, 348, 593, 48, 175, 132, 207, 935, 97, 486, 79, 358, 180, 35, 125, 199, 134, 18, 192, 153, 16, 57, 110, 511, 393, 852, 173, 857, 25, 427, 220, 143, 171, 222, 808]",6806
bfcl_v3,bfcl_v3:multi_turn_base_8,1,6679,128,17,1,127,6806,6,"[145, 250, 265, 247, 1158, 746, 196, 99, 423, 134, 382, 214, 249, 1117, 55, 389, 333, 326, 469, 140, 1970, 103, 443, 210, 56, 458, 98, 923, 482, 152, 491, 14, 1047, 469, 83, 159, 234, 1359, 15, 225, 916, 301, 137, 248, 167, 47, 95, 67, 239, 447, 319, 441, 367, 440, 336, 221, 152, 1020, 28, 200, 147, 95, 82, 493, 100, 619, 209, 25, 998, 77, 166, 28, 383, 393, 49, 126, 364, 701, 341, 25, 679, 484, 406, 362, 34, 506, 436, 302, 149, 287, 490, 922, 240, 135, 176, 132, 499, 23, 249, 102, 188, 480, 155, 385, 241, 602, 12, 94, 289, 149, 358, 464, 42, 193, 45, 360, 146, 77, 516, 254, 36, 260, 18, 175, 262, 270, 100, 115]",6806
bfcl_v3,bfcl_v3:multi_turn_base_8,1,6679,128,20,1,127,6806,6,"[668, 281, 28, 267, 297, 1575, 2610, 122, 158, 299, 57, 8, 984, 211, 71, 22, 2183, 3, 320, 6, 52, 161, 5, 7, 394, 293, 163, 12, 714, 288, 67, 182, 600, 208, 23, 98, 7, 360, 10, 60, 730, 26, 473, 242, 509, 558, 21, 91, 395, 139, 42, 873, 122, 173, 196, 48, 878, 500, 360, 50, 54, 275, 539, 213, 362, 85, 28, 33, 570, 126, 792, 592, 136, 60, 314, 381, 192, 106, 286, 345, 99, 28, 101, 711, 195, 40, 16, 49, 1890, 66, 252, 225, 163, 28, 276, 297, 301, 128, 39, 341, 13, 79, 180, 83, 334, 89, 466, 470, 263, 88, 20, 691, 311, 1009, 1258, 373, 58, 238, 340, 138, 113, 991, 1105, 183, 238, 597, 29, 45]",6806
bfcl_v3,bfcl_v3:multi_turn_base_8,1,6679,128,22,1,127,6806,6,"[164, 105, 149, 175, 159, 113, 302, 815, 891, 40, 258, 761, 383, 120, 82, 134, 164, 168, 1503, 52, 87, 61, 339, 246, 829, 368, 703, 247, 442, 124, 123, 20, 147, 383, 137, 78, 240, 711, 315, 683, 697, 1007, 249, 139, 206, 399, 87, 271, 28, 280, 430, 311, 1026, 63, 492, 65, 261, 120, 368, 70, 22, 295, 132, 159, 81, 223, 425, 1101, 243, 159, 195, 1428, 509, 736, 125, 212, 216, 102, 1267, 481, 137, 275, 89, 604, 183, 280, 322, 140, 77, 29, 81, 184, 106, 338, 9, 435, 374, 356, 123, 221, 2013, 21, 163, 109, 148, 403, 311, 284, 92, 81, 661, 114, 166, 471, 58, 302, 10, 448, 405, 52, 3, 470, 497, 288, 131, 750, 330, 191]",6806
bfcl_v3,bfcl_v3:multi_turn_base_8,1,6679,128,24,1,127,6806,6,"[174, 174, 183, 562, 331, 7, 33, 36, 691, 75, 90, 154, 349, 135, 36, 85, 7, 126, 36, 830, 754, 19, 19, 187, 17, 396, 175, 56, 772, 40, 343, 322, 232, 276, 288, 3, 54, 360, 9, 1890, 168, 60, 159, 562, 24, 1252, 74, 102, 399, 257, 69, 158, 216, 166, 2710, 0, 185, 47, 730, 658, 39, 707, 144, 214, 1496, 50, 1432, 46, 73, 106, 376, 81, 385, 93, 27, 622, 18, 165, 721, 108, 36, 206, 417, 1152, 482, 325, 627, 315, 36, 33, 454, 785, 233, 417, 238, 251, 45, 250, 39, 205, 217, 399, 97, 306, 413, 115, 2161, 159, 32, 389, 270, 14, 188, 172, 456, 196, 208, 42, 114, 165, 367, 359, 57, 1378, 53, 27, 420, 291]",6806
bfcl_v3,bfcl_v3:multi_turn_base_8,1,6679,128,27,1,127,6806,6,"[259, 300, 288, 52, 405, 109, 242, 107, 62, 334, 428, 91, 508, 86, 197, 267, 55, 148, 229, 106, 37, 160, 457, 266, 432, 243, 179, 622, 381, 83, 410, 188, 563, 286, 462, 10, 653, 1222, 316, 12, 1255, 288, 116, 224, 503, 280, 859, 746, 26, 153, 466, 200, 547, 263, 168, 61, 13, 448, 494, 43, 15, 191, 572, 23, 477, 209, 115, 143, 169, 10, 301, 643, 272, 363, 39, 26, 974, 6, 41, 89, 731, 38, 10, 905, 1028, 42, 4, 117, 79, 437, 701, 299, 286, 235, 820, 607, 774, 1334, 20, 224, 87, 567, 162, 994, 303, 266, 824, 38, 228, 360, 643, 61, 62, 650, 67, 168, 291, 257, 290, 912, 170, 506, 103, 255, 76, 58, 405, 256]",6806
bfcl_v3,bfcl_v3:multi_turn_base_8,1,6679,128,29,1,127,6806,6,"[250, 631, 14, 68, 607, 260, 170, 211, 16, 101, 523, 142, 633, 177, 437, 488, 120, 87, 271, 48, 157, 176, 508, 412, 177, 330, 416, 66, 1430, 245, 323, 20, 136, 0, 672, 238, 187, 280, 180, 265, 294, 39, 101, 66, 772, 233, 239, 37, 492, 222, 381, 231, 1416, 348, 93, 305, 335, 106, 723, 769, 43, 189, 545, 210, 172, 227, 193, 91, 357, 130, 71, 170, 169, 222, 177, 203, 567, 135, 3, 277, 116, 600, 422, 34, 146, 291, 576, 744, 57, 920, 610, 566, 785, 1135, 25, 557, 328, 166, 163, 372, 49, 1068, 281, 240, 259, 685, 261, 308, 371, 242, 171, 815, 73, 21, 4, 231, 12, 881, 243, 490, 564, 191, 230, 37, 429, 368, 291, 583]",6806
bfcl_v3,bfcl_v3:multi_turn_base_8,1,6679,128,31,1,127,6806,6,"[191, 1309, 85, 264, 151, 936, 216, 603, 36, 269, 104, 180, 99, 171, 1415, 1611, 604, 123, 692, 401, 24, 118, 164, 45, 0, 14, 20, 118, 635, 791, 289, 206, 610, 18, 87, 487, 69, 860, 525, 355, 1367, 85, 349, 33, 320, 91, 238, 53, 516, 271, 333, 778, 150, 17, 22, 543, 213, 80, 16, 115, 881, 105, 24, 223, 493, 363, 584, 654, 129, 221, 203, 302, 68, 92, 339, 72, 403, 170, 459, 806, 469, 108, 279, 79, 178, 154, 42, 541, 321, 116, 211, 166, 208, 77, 46, 881, 438, 136, 190, 75, 327, 243, 334, 322, 609, 84, 195, 171, 303, 58, 164, 494, 223, 770, 136, 785, 56, 138, 34, 468, 169, 100, 666, 687, 29, 348, 141, 991]",6806
bfcl_v3,bfcl_v3:multi_turn_base_8,1,6679,128,34,1,127,6806,6,"[623, 179, 253, 3, 630, 78, 508, 464, 96, 441, 341, 494, 500, 900, 264, 211, 317, 126, 4, 1, 411, 265, 1327, 664, 162, 250, 7, 32, 423, 1134, 85, 478, 342, 132, 842, 387, 360, 982, 2483, 1019, 45, 5, 662, 163, 674, 316, 59, 279, 328, 581, 202, 611, 110, 616, 8, 9, 819, 628, 54, 138, 143, 417, 774, 310, 179, 448, 94, 231, 474, 16, 443, 181, 491, 201, 28, 300, 166, 44, 53, 245, 78, 235, 297, 74, 210, 25, 133, 108, 141, 68, 511, 204, 124, 284, 61, 635, 487, 1016, 280, 374, 146, 187, 95, 283, 138, 13, 35, 535, 333, 193, 399, 167, 708, 234, 406, 90, 209, 134, 0, 16, 98, 222, 113, 173, 408, 20, 168, 205]",6806
bfcl_v3,bfcl_v3:multi_turn_base_8,1,6679,128,36,1,127,6806,6,"[200, 228, 18, 356, 41, 309, 154, 420, 974, 127, 17, 88, 85, 1506, 954, 19, 159, 334, 299, 217, 135, 1437, 44, 388, 106, 251, 48, 479, 420, 1673, 445, 456, 599, 530, 404, 142, 474, 93, 313, 257, 637, 7, 375, 66, 97, 834, 508, 195, 429, 171, 149, 159, 597, 604, 270, 459, 344, 396, 124, 101, 414, 504, 457, 305, 156, 43, 209, 44, 626, 188, 48, 27, 29, 61, 549, 318, 438, 205, 581, 185, 61, 208, 200, 383, 193, 288, 6, 428, 496, 419, 18, 124, 428, 259, 29, 264, 153, 16, 106, 203, 417, 259, 177, 426, 191, 270, 190, 222, 448, 1016, 253, 678, 464, 52, 116, 463, 472, 83, 190, 269, 336, 172, 684, 441, 567, 130, 343, 117]",6806
bfcl_v3,bfcl_v3:multi_turn_base_8,1,6679,128,38,1,127,6806,6,"[294, 75, 157, 12, 652, 839, 1291, 195, 1017, 412, 68, 72, 67, 68, 570, 250, 422, 135, 74, 142, 301, 227, 278, 418, 176, 341, 784, 934, 99, 649, 595, 104, 148, 5, 121, 268, 25, 140, 22, 926, 91, 286, 318, 108, 552, 540, 597, 47, 67, 305, 125, 686, 328, 438, 128, 437, 297, 123, 237, 5, 449, 76, 82, 203, 63, 382, 124, 247, 150, 615, 286, 228, 169, 393, 202, 196, 393, 245, 100, 86, 48, 574, 94, 37, 44, 177, 544, 156, 406, 150, 338, 57, 399, 241, 172, 330, 181, 243, 175, 116, 569, 282, 653, 64, 152, 130, 18, 271, 522, 538, 314, 268, 241, 1350, 478, 310, 57, 374, 102, 186, 972, 101, 170, 826, 73, 1740, 291, 1525]",6806
bfcl_v3,bfcl_v3:multi_turn_base_8,1,6679,128,40,1,127,6806,6,"[71, 750, 129, 353, 255, 90, 31, 130, 77, 222, 175, 70, 306, 33, 389, 282, 374, 176, 100, 95, 63, 53, 80, 117, 1744, 162, 127, 185, 6, 248, 1478, 129, 148, 206, 272, 143, 222, 365, 63, 70, 89, 201, 447, 45, 79, 437, 178, 453, 345, 383, 437, 204, 653, 286, 323, 524, 1169, 259, 364, 259, 89, 90, 143, 367, 36, 1013, 399, 194, 359, 1627, 665, 414, 84, 198, 472, 588, 586, 63, 427, 364, 334, 627, 264, 177, 235, 232, 329, 20, 139, 58, 92, 709, 586, 339, 317, 225, 436, 403, 217, 338, 244, 359, 143, 471, 286, 513, 72, 404, 282, 29, 927, 379, 76, 293, 119, 322, 1222, 135, 959, 583, 364, 285, 55, 414, 136, 33, 76, 276]",6806
bfcl_v3,bfcl_v3:multi_turn_base_8,1,6679,128,43,1,127,6806,6,"[39, 513, 111, 1179, 209, 718, 113, 90, 218, 161, 206, 448, 583, 112, 174, 202, 233, 191, 32, 551, 79, 866, 342, 824, 308, 516, 388, 35, 924, 300, 39, 80, 525, 467, 200, 64, 833, 568, 264, 457, 252, 362, 20, 397, 134, 326, 732, 120, 284, 256, 113, 392, 189, 101, 503, 349, 256, 205, 226, 199, 114, 491, 173, 130, 441, 298, 192, 428, 234, 318, 158, 593, 87, 92, 421, 382, 360, 198, 217, 153, 222, 199, 540, 51, 195, 2660, 661, 166, 151, 523, 136, 575, 172, 110, 293, 347, 683, 60, 141, 60, 24, 246, 462, 75, 163, 153, 133, 104, 234, 894, 11, 46, 83, 12, 40, 288, 998, 469, 300, 34, 105, 95, 709, 356, 202, 942, 415, 240]",6806
bfcl_v3,bfcl_v3:multi_turn_base_8,1,6679,128,45,1,127,6806,6,"[170, 75, 228, 645, 36, 257, 1256, 147, 155, 444, 46, 292, 185, 34, 121, 470, 36, 456, 75, 150, 930, 455, 65, 450, 281, 146, 232, 167, 1211, 29, 137, 504, 242, 238, 304, 56, 76, 204, 181, 1433, 335, 1428, 70, 29, 230, 364, 364, 38, 165, 964, 1183, 709, 174, 328, 305, 228, 29, 25, 237, 522, 481, 11, 232, 402, 182, 31, 242, 237, 322, 127, 200, 518, 6, 201, 35, 450, 482, 1524, 299, 7, 349, 61, 141, 440, 173, 560, 357, 878, 764, 814, 118, 137, 234, 517, 140, 200, 8, 126, 115, 326, 127, 295, 55, 42, 655, 308, 207, 173, 64, 803, 197, 238, 152, 75, 346, 376, 203, 168, 221, 350, 77, 93, 126, 12, 1396, 542, 144, 598]",6806
bfcl_v3,bfcl_v3:multi_turn_base_8,1,6679,128,47,1,127,6806,6,"[572, 202, 401, 410, 521, 91, 60, 534, 137, 367, 190, 118, 72, 31, 571, 274, 229, 224, 402, 623, 168, 258, 278, 101, 127, 167, 237, 223, 47, 82, 338, 136, 197, 165, 32, 320, 99, 371, 362, 547, 97, 626, 130, 396, 317, 189, 208, 227, 606, 307, 77, 703, 131, 35, 238, 320, 131, 638, 72, 32, 209, 56, 336, 263, 117, 154, 135, 242, 474, 1339, 56, 384, 245, 91, 69, 1499, 498, 303, 77, 497, 440, 284, 250, 361, 43, 44, 339, 23, 21, 805, 70, 41, 422, 645, 1640, 350, 310, 183, 8, 26, 434, 342, 371, 1738, 296, 319, 74, 317, 155, 1124, 440, 552, 115, 288, 372, 561, 1119, 48, 290, 79, 1046, 108, 232, 254, 253, 91, 153, 552]",6806
bfcl_v3,bfcl_v3:multi_turn_base_8,1,6679,128,49,1,127,6806,6,"[69, 302, 121, 771, 349, 586, 916, 321, 46, 7, 155, 1062, 112, 569, 851, 249, 47, 186, 28, 687, 233, 419, 261, 51, 76, 331, 826, 124, 44, 721, 259, 252, 312, 179, 701, 446, 143, 66, 85, 71, 169, 259, 242, 139, 343, 383, 73, 195, 243, 49, 97, 197, 406, 382, 46, 101, 195, 425, 112, 64, 23, 54, 112, 327, 349, 403, 662, 165, 207, 150, 258, 439, 554, 121, 893, 196, 291, 423, 454, 211, 38, 686, 96, 252, 505, 76, 244, 119, 323, 512, 196, 72, 84, 775, 1498, 453, 803, 354, 217, 502, 153, 122, 301, 225, 113, 143, 251, 95, 733, 222, 136, 140, 259, 616, 250, 280, 754, 494, 286, 644, 175, 218, 393, 1266, 633, 93, 282, 308]",6806
bfcl_v3,bfcl_v3:multi_turn_base_8,1,6679,128,51,1,127,6806,6,"[98, 628, 33, 300, 98, 390, 177, 106, 43, 10, 33, 497, 147, 149, 121, 130, 374, 122, 334, 139, 406, 831, 286, 125, 246, 101, 316, 18, 160, 585, 875, 500, 156, 425, 105, 693, 652, 137, 208, 44, 15, 236, 191, 207, 307, 345, 600, 393, 825, 87, 233, 211, 295, 131, 34, 345, 887, 117, 419, 636, 680, 380, 335, 318, 573, 379, 460, 75, 221, 134, 99, 732, 481, 411, 653, 1517, 316, 241, 354, 258, 320, 431, 305, 208, 208, 181, 436, 125, 64, 16, 117, 198, 620, 137, 529, 218, 127, 667, 118, 127, 109, 125, 660, 1602, 174, 1382, 254, 20, 171, 352, 47, 752, 181, 396, 588, 641, 296, 188, 224, 263, 280, 334, 123, 105, 44, 112, 323, 9]",6806
bfcl_v3,bfcl_v3:multi_turn_base_9,1,3790,128,1,1,127,3917,6,"[314, 253, 168, 131, 227, 43, 115, 234, 126, 77, 115, 246, 192, 284, 161, 323, 131, 46, 318, 492, 101, 109, 113, 99, 205, 222, 115, 112, 69, 402, 157, 79, 208, 57, 32, 210, 255, 276, 180, 105, 174, 196, 77, 479, 391, 61, 239, 46, 73, 92, 219, 7, 108, 237, 111, 344, 325, 269, 326, 293, 24, 204, 97, 107, 187, 75, 49, 256, 201, 133, 59, 139, 143, 268, 129, 546, 54, 182, 308, 83, 69, 139, 87, 387, 127, 146, 236, 272, 355, 111, 252, 229, 173, 258, 197, 64, 346, 431, 136, 81, 112, 73, 302, 57, 224, 69, 72, 320, 325, 132, 47, 79, 534, 214, 80, 203, 52, 97, 226, 259, 338, 288, 129, 528, 53, 13, 34, 133]",3917
bfcl_v3,bfcl_v3:multi_turn_base_9,1,3790,128,3,1,127,3917,6,"[106, 277, 280, 82, 283, 159, 82, 184, 222, 137, 330, 158, 269, 336, 229, 102, 188, 317, 241, 69, 359, 112, 183, 231, 70, 237, 65, 169, 41, 40, 130, 29, 218, 369, 44, 187, 68, 166, 27, 97, 300, 41, 228, 245, 59, 114, 391, 578, 47, 147, 299, 101, 103, 307, 71, 236, 54, 28, 130, 165, 71, 11, 272, 402, 505, 295, 157, 57, 201, 44, 234, 35, 81, 195, 189, 390, 112, 487, 30, 102, 83, 193, 200, 21, 25, 289, 276, 97, 24, 49, 253, 214, 343, 241, 55, 225, 137, 38, 82, 90, 369, 266, 163, 158, 217, 385, 307, 167, 187, 139, 213, 560, 143, 55, 58, 215, 103, 120, 270, 113, 53, 61, 253, 177, 340, 125, 807, 136]",3917
bfcl_v3,bfcl_v3:multi_turn_base_9,1,3790,128,6,1,127,3917,6,"[277, 73, 71, 242, 321, 76, 6, 111, 439, 64, 101, 72, 326, 122, 81, 421, 301, 31, 125, 53, 105, 295, 137, 216, 180, 28, 184, 564, 211, 154, 111, 557, 50, 133, 85, 559, 102, 41, 150, 501, 133, 329, 37, 110, 96, 69, 193, 84, 16, 183, 111, 182, 41, 149, 155, 204, 207, 175, 118, 149, 147, 276, 134, 46, 186, 758, 114, 137, 235, 346, 255, 156, 50, 231, 119, 388, 69, 175, 140, 140, 307, 105, 336, 192, 223, 129, 222, 74, 284, 23, 44, 94, 681, 126, 40, 291, 46, 196, 108, 106, 160, 433, 213, 409, 52, 32, 98, 125, 239, 120, 107, 43, 116, 86, 204, 80, 187, 147, 84, 104, 237, 169, 382, 578, 205, 491, 169, 86]",3917
bfcl_v3,bfcl_v3:multi_turn_base_9,1,3790,128,8,1,127,3917,6,"[139, 159, 87, 148, 15, 61, 266, 138, 562, 150, 466, 673, 124, 31, 356, 447, 358, 236, 218, 124, 87, 253, 223, 44, 135, 27, 31, 29, 113, 162, 157, 37, 26, 144, 197, 64, 291, 52, 409, 75, 112, 56, 102, 191, 141, 117, 234, 75, 94, 16, 120, 363, 14, 266, 432, 252, 110, 255, 243, 340, 2, 16, 63, 217, 51, 253, 143, 57, 171, 13, 92, 697, 169, 159, 52, 36, 348, 284, 143, 59, 186, 156, 240, 434, 154, 79, 20, 22, 527, 206, 549, 16, 276, 126, 1138, 178, 46, 81, 129, 205, 358, 45, 69, 25, 541, 63, 52, 81, 405, 92, 99, 90, 215, 59, 48, 115, 667, 125, 77, 73, 2, 66, 495, 271, 160, 221, 208, 140]",3917
bfcl_v3,bfcl_v3:multi_turn_base_9,1,3790,128,10,1,127,3917,6,"[269, 385, 231, 39, 150, 20, 150, 131, 338, 2, 130, 147, 340, 62, 38, 161, 433, 62, 420, 162, 134, 304, 113, 47, 27, 102, 45, 107, 71, 31, 67, 427, 50, 21, 95, 16, 75, 59, 80, 47, 164, 119, 131, 74, 197, 252, 177, 61, 13, 544, 162, 74, 191, 13, 353, 271, 162, 232, 18, 140, 123, 86, 208, 65, 119, 59, 120, 126, 447, 38, 181, 486, 316, 20, 24, 186, 80, 322, 416, 272, 220, 114, 105, 93, 43, 64, 171, 3, 127, 131, 119, 181, 281, 107, 842, 141, 9, 23, 219, 165, 831, 205, 124, 114, 160, 172, 80, 23, 1721, 28, 323, 206, 61, 113, 151, 253, 107, 403, 225, 180, 172, 72, 54, 40, 0, 131, 1374, 391]",3917
bfcl_v3,bfcl_v3:multi_turn_base_9,1,3790,128,13,1,127,3917,6,"[258, 12, 176, 64, 39, 27, 170, 64, 324, 57, 86, 75, 973, 95, 138, 677, 247, 71, 485, 166, 12, 3, 854, 154, 65, 283, 287, 49, 51, 35, 155, 60, 117, 5, 785, 8, 270, 50, 118, 138, 139, 367, 124, 4, 339, 147, 724, 273, 609, 104, 109, 367, 217, 110, 214, 66, 16, 100, 223, 197, 236, 147, 182, 86, 385, 78, 182, 94, 0, 4, 599, 178, 169, 203, 754, 13, 337, 182, 22, 307, 172, 47, 259, 16, 252, 219, 4, 73, 34, 70, 178, 940, 95, 204, 44, 17, 93, 164, 86, 91, 58, 122, 284, 22, 297, 55, 205, 175, 113, 102, 76, 7, 27, 31, 15, 66, 462, 270, 46, 371, 363, 7, 67, 25, 652, 78, 51, 87]",3917
bfcl_v3,bfcl_v3:multi_turn_base_9,1,3790,128,15,1,127,3917,6,"[161, 898, 9, 89, 16, 817, 44, 539, 248, 506, 37, 235, 59, 117, 29, 453, 211, 46, 472, 42, 21, 475, 219, 205, 106, 195, 405, 67, 299, 82, 78, 79, 204, 754, 228, 25, 168, 591, 40, 28, 74, 547, 178, 18, 122, 644, 74, 34, 148, 220, 120, 27, 73, 185, 312, 241, 81, 112, 438, 55, 498, 10, 22, 644, 65, 53, 213, 58, 149, 43, 27, 41, 29, 254, 222, 248, 46, 85, 387, 25, 299, 83, 323, 436, 88, 153, 153, 0, 47, 142, 417, 331, 66, 56, 133, 369, 20, 144, 82, 162, 85, 47, 373, 67, 203, 124, 33, 51, 95, 99, 9, 115, 71, 4, 22, 37, 495, 94, 14, 111, 415, 19, 200, 110, 110, 102, 116, 658]",3917
bfcl_v3,bfcl_v3:multi_turn_base_9,1,3790,128,17,1,127,3917,6,"[83, 173, 111, 132, 545, 364, 99, 63, 280, 100, 146, 162, 155, 639, 42, 273, 185, 138, 283, 135, 1086, 23, 214, 167, 43, 128, 35, 469, 346, 63, 264, 17, 820, 209, 56, 122, 130, 537, 12, 164, 480, 187, 52, 111, 80, 35, 59, 54, 184, 224, 118, 238, 161, 181, 160, 105, 91, 484, 9, 129, 151, 80, 57, 388, 75, 592, 183, 14, 642, 42, 22, 25, 199, 273, 32, 43, 244, 389, 210, 13, 365, 163, 266, 171, 6, 261, 212, 237, 94, 200, 183, 499, 238, 104, 142, 99, 302, 10, 167, 76, 139, 218, 138, 217, 84, 317, 14, 58, 176, 89, 195, 365, 23, 137, 38, 204, 136, 23, 284, 211, 11, 106, 30, 148, 151, 220, 62, 84]",3917
bfcl_v3,bfcl_v3:multi_turn_base_9,1,3790,128,20,1,127,3917,6,"[418, 203, 9, 172, 273, 910, 1098, 114, 78, 116, 94, 0, 558, 88, 48, 44, 1236, 7, 177, 9, 28, 27, 10, 9, 141, 177, 92, 6, 259, 174, 25, 93, 360, 126, 15, 82, 7, 290, 10, 29, 264, 18, 255, 136, 261, 390, 24, 64, 243, 71, 19, 823, 72, 145, 155, 39, 746, 417, 280, 14, 17, 168, 352, 71, 175, 33, 21, 7, 155, 54, 476, 279, 53, 30, 165, 199, 196, 79, 151, 254, 80, 6, 115, 189, 75, 67, 32, 31, 1073, 38, 148, 126, 31, 23, 187, 236, 166, 93, 16, 214, 7, 52, 148, 41, 160, 62, 211, 202, 264, 57, 9, 494, 213, 470, 1176, 194, 42, 158, 172, 102, 28, 230, 583, 89, 104, 258, 16, 31]",3917
bfcl_v3,bfcl_v3:multi_turn_base_9,1,3790,128,22,1,127,3917,6,"[96, 72, 133, 97, 121, 93, 208, 447, 447, 20, 143, 506, 63, 101, 17, 86, 176, 91, 834, 29, 65, 48, 213, 176, 399, 195, 387, 155, 194, 88, 76, 26, 73, 234, 91, 59, 131, 345, 185, 393, 454, 629, 192, 117, 165, 213, 46, 168, 24, 175, 238, 178, 588, 32, 180, 44, 112, 81, 213, 25, 21, 128, 74, 136, 43, 122, 208, 574, 149, 106, 87, 783, 263, 413, 77, 61, 157, 58, 919, 396, 84, 175, 55, 435, 129, 133, 130, 114, 37, 19, 57, 122, 67, 190, 10, 224, 167, 236, 71, 161, 1119, 16, 145, 82, 26, 175, 135, 147, 58, 46, 360, 64, 101, 221, 30, 163, 17, 269, 170, 33, 3, 266, 342, 132, 108, 427, 152, 117]",3917
bfcl_v3,bfcl_v3:multi_turn_base_9,1,3790,128,24,1,127,3917,6,"[113, 68, 127, 332, 179, 5, 31, 25, 383, 37, 40, 131, 206, 76, 24, 36, 9, 89, 12, 568, 678, 8, 16, 87, 11, 208, 134, 60, 538, 24, 181, 201, 145, 166, 164, 0, 34, 201, 10, 838, 40, 54, 112, 409, 33, 731, 49, 69, 181, 179, 51, 76, 65, 84, 1921, 0, 112, 29, 366, 238, 37, 435, 70, 127, 606, 21, 595, 33, 64, 44, 221, 53, 225, 73, 71, 342, 2, 60, 424, 45, 24, 133, 269, 643, 346, 193, 334, 141, 53, 11, 228, 349, 161, 331, 172, 214, 23, 157, 58, 106, 96, 174, 12, 224, 247, 59, 1279, 83, 30, 96, 140, 12, 125, 66, 270, 140, 123, 30, 74, 51, 368, 240, 36, 645, 47, 21, 163, 163]",3917
bfcl_v3,bfcl_v3:multi_turn_base_9,1,3790,128,27,1,127,3917,6,"[135, 272, 117, 15, 182, 64, 124, 30, 66, 214, 233, 10, 329, 67, 95, 42, 23, 151, 135, 64, 22, 86, 357, 171, 186, 130, 199, 345, 164, 47, 215, 107, 439, 171, 157, 2, 264, 622, 170, 7, 625, 143, 76, 157, 309, 160, 320, 476, 26, 69, 325, 138, 300, 152, 130, 41, 11, 242, 287, 35, 5, 99, 341, 11, 282, 135, 59, 151, 101, 5, 120, 324, 133, 195, 46, 24, 465, 5, 31, 34, 374, 28, 16, 529, 477, 28, 7, 51, 62, 172, 456, 155, 121, 113, 368, 298, 524, 1257, 11, 86, 80, 324, 123, 551, 186, 125, 538, 16, 161, 156, 273, 32, 44, 419, 34, 92, 265, 145, 152, 491, 113, 478, 40, 152, 59, 56, 246, 201]",3917
bfcl_v3,bfcl_v3:multi_turn_base_9,1,3790,128,29,1,127,3917,6,"[179, 338, 14, 36, 311, 164, 86, 158, 12, 85, 271, 66, 327, 103, 303, 182, 73, 78, 167, 28, 120, 88, 328, 215, 86, 191, 227, 42, 961, 163, 185, 10, 99, 0, 411, 124, 133, 138, 79, 161, 181, 16, 59, 43, 707, 132, 143, 21, 287, 124, 258, 119, 1054, 198, 49, 175, 212, 89, 481, 342, 27, 80, 25, 122, 72, 83, 123, 57, 177, 63, 48, 79, 140, 168, 68, 117, 280, 90, 0, 66, 70, 438, 234, 21, 69, 153, 324, 363, 31, 524, 348, 369, 255, 543, 16, 357, 201, 118, 65, 206, 34, 677, 127, 152, 160, 365, 132, 166, 187, 124, 93, 575, 40, 6, 1, 141, 2, 509, 166, 201, 363, 113, 151, 45, 214, 222, 149, 365]",3917
bfcl_v3,bfcl_v3:multi_turn_base_9,1,3790,128,31,1,127,3917,6,"[80, 1330, 49, 121, 93, 643, 143, 187, 24, 142, 66, 143, 79, 139, 758, 1138, 368, 88, 372, 240, 18, 72, 117, 53, 0, 16, 18, 82, 341, 400, 99, 115, 296, 12, 65, 212, 55, 386, 338, 171, 660, 37, 276, 27, 167, 74, 171, 24, 347, 137, 125, 229, 57, 1, 19, 301, 89, 42, 8, 74, 502, 30, 41, 242, 54, 327, 419, 400, 129, 96, 154, 137, 51, 54, 140, 32, 235, 73, 263, 468, 255, 67, 136, 73, 128, 111, 36, 341, 218, 53, 110, 106, 87, 34, 24, 483, 301, 80, 86, 53, 208, 112, 197, 157, 365, 48, 76, 90, 180, 22, 92, 247, 131, 384, 68, 398, 33, 77, 12, 293, 89, 90, 297, 497, 22, 192, 71, 491]",3917
bfcl_v3,bfcl_v3:multi_turn_base_9,1,3790,128,34,1,127,3917,6,"[278, 170, 135, 0, 458, 40, 307, 415, 38, 257, 203, 219, 228, 452, 154, 130, 140, 112, 22, 1, 162, 127, 767, 481, 91, 192, 7, 20, 215, 654, 47, 233, 211, 67, 321, 208, 152, 640, 1684, 271, 39, 2, 406, 125, 533, 119, 29, 316, 235, 278, 104, 368, 42, 353, 6, 4, 417, 361, 13, 44, 75, 276, 439, 152, 144, 201, 46, 173, 253, 11, 220, 115, 222, 168, 12, 203, 98, 10, 73, 124, 54, 160, 154, 53, 99, 12, 64, 55, 68, 35, 338, 70, 66, 166, 21, 369, 308, 483, 171, 308, 57, 129, 82, 149, 37, 4, 31, 365, 213, 97, 191, 85, 434, 153, 275, 59, 118, 85, 0, 19, 88, 132, 43, 98, 205, 7, 104, 70]",3917
bfcl_v3,bfcl_v3:multi_turn_base_9,1,3790,128,36,1,127,3917,6,"[151, 114, 31, 275, 24, 142, 108, 249, 237, 61, 12, 34, 57, 1719, 810, 14, 117, 177, 225, 122, 67, 781, 19, 188, 42, 146, 28, 328, 296, 777, 231, 241, 260, 190, 193, 74, 168, 62, 134, 145, 408, 21, 222, 79, 71, 355, 19, 158, 196, 199, 85, 83, 300, 298, 187, 363, 204, 226, 98, 49, 189, 304, 343, 173, 107, 27, 107, 37, 310, 92, 39, 21, 39, 32, 260, 212, 220, 153, 371, 63, 27, 122, 157, 197, 87, 160, 4, 120, 238, 272, 16, 56, 222, 198, 32, 200, 102, 11, 88, 116, 284, 133, 74, 176, 95, 160, 113, 118, 286, 460, 130, 476, 311, 29, 6, 398, 235, 41, 108, 155, 190, 88, 382, 202, 268, 82, 250, 58]",3917
bfcl_v3,bfcl_v3:multi_turn_base_9,1,3790,128,38,1,127,3917,6,"[151, 49, 98, 11, 392, 537, 652, 117, 1105, 315, 10, 42, 32, 50, 259, 222, 183, 94, 30, 94, 185, 110, 208, 145, 116, 167, 386, 459, 73, 313, 351, 65, 92, 2, 59, 190, 18, 58, 41, 420, 36, 146, 229, 110, 317, 326, 324, 17, 43, 263, 74, 357, 235, 249, 94, 280, 151, 83, 141, 5, 291, 40, 36, 99, 27, 215, 70, 238, 62, 307, 194, 155, 112, 129, 175, 134, 390, 164, 66, 64, 45, 386, 69, 24, 20, 144, 361, 46, 298, 78, 200, 30, 198, 283, 132, 214, 107, 132, 110, 63, 352, 214, 369, 32, 70, 88, 3, 213, 276, 326, 306, 177, 204, 673, 129, 206, 30, 164, 68, 69, 389, 74, 133, 440, 57, 57, 346, 748]",3917
bfcl_v3,bfcl_v3:multi_turn_base_9,1,3790,128,40,1,127,3917,6,"[87, 691, 80, 244, 176, 47, 12, 29, 42, 141, 83, 61, 286, 8, 177, 220, 237, 115, 101, 71, 51, 53, 46, 56, 131, 65, 86, 84, 2, 136, 897, 63, 7, 163, 134, 70, 107, 238, 34, 41, 54, 116, 424, 29, 73, 411, 86, 276, 189, 224, 239, 92, 305, 242, 262, 270, 837, 145, 246, 109, 60, 39, 92, 207, 12, 346, 177, 175, 209, 874, 430, 225, 27, 151, 218, 494, 177, 21, 297, 260, 288, 422, 161, 58, 57, 150, 159, 17, 78, 37, 31, 456, 261, 186, 210, 122, 412, 242, 124, 153, 96, 168, 90, 266, 63, 230, 48, 148, 150, 25, 576, 204, 52, 174, 76, 223, 910, 69, 418, 253, 270, 291, 48, 212, 82, 13, 43, 188]",3917
bfcl_v3,bfcl_v3:multi_turn_base_9,1,3790,128,43,1,127,3917,6,"[27, 234, 105, 540, 188, 388, 64, 58, 148, 70, 114, 212, 366, 61, 125, 87, 158, 85, 26, 395, 43, 414, 95, 638, 306, 405, 215, 9, 627, 199, 35, 33, 129, 209, 141, 30, 498, 290, 269, 236, 107, 171, 13, 273, 80, 223, 632, 74, 220, 135, 65, 265, 127, 78, 278, 263, 220, 133, 183, 133, 87, 226, 128, 93, 168, 181, 74, 306, 155, 149, 65, 337, 45, 113, 200, 247, 224, 103, 147, 88, 188, 155, 249, 35, 70, 1231, 322, 100, 89, 295, 66, 239, 109, 57, 179, 195, 279, 30, 58, 31, 18, 208, 371, 50, 155, 67, 115, 62, 187, 466, 8, 29, 82, 10, 19, 88, 782, 339, 181, 23, 56, 54, 9, 86, 233, 287, 298, 161]",3917
bfcl_v3,bfcl_v3:multi_turn_base_9,1,3790,128,45,1,127,3917,6,"[51, 43, 159, 366, 35, 153, 233, 39, 68, 314, 28, 231, 107, 2, 81, 220, 36, 170, 46, 107, 495, 246, 84, 333, 183, 102, 100, 85, 552, 13, 67, 272, 119, 159, 213, 27, 38, 17, 83, 787, 110, 809, 52, 21, 103, 183, 218, 25, 73, 553, 851, 402, 112, 196, 203, 64, 18, 10, 156, 316, 241, 4, 204, 217, 83, 13, 110, 145, 209, 65, 137, 273, 7, 88, 21, 280, 331, 1621, 249, 6, 165, 40, 83, 243, 107, 294, 213, 373, 625, 441, 98, 79, 110, 175, 76, 123, 4, 34, 47, 31, 75, 70, 53, 23, 337, 215, 81, 115, 4, 523, 137, 85, 67, 33, 218, 143, 143, 106, 90, 279, 30, 41, 50, 10, 1155, 425, 33, 357]",3917
bfcl_v3,bfcl_v3:multi_turn_base_9,1,3790,128,47,1,127,3917,6,"[377, 139, 391, 219, 313, 36, 35, 364, 102, 211, 121, 73, 30, 26, 380, 216, 120, 146, 240, 467, 114, 199, 179, 117, 89, 59, 140, 113, 48, 63, 210, 45, 129, 85, 27, 143, 80, 183, 228, 249, 52, 264, 40, 164, 119, 125, 66, 180, 306, 155, 37, 432, 39, 29, 115, 231, 111, 365, 37, 33, 144, 46, 195, 111, 46, 112, 87, 145, 224, 170, 60, 236, 186, 46, 45, 673, 403, 205, 65, 373, 217, 141, 100, 183, 14, 44, 244, 5, 15, 446, 75, 21, 261, 512, 928, 202, 178, 106, 5, 27, 218, 192, 227, 868, 112, 162, 34, 214, 98, 570, 250, 270, 93, 225, 249, 299, 715, 49, 208, 48, 633, 93, 144, 189, 135, 64, 77, 364]",3917
bfcl_v3,bfcl_v3:multi_turn_base_9,1,3790,128,49,1,127,3917,6,"[60, 81, 46, 358, 146, 171, 576, 312, 17, 8, 72, 569, 60, 456, 472, 144, 40, 102, 33, 414, 140, 216, 155, 31, 17, 179, 406, 58, 24, 602, 153, 123, 204, 122, 397, 230, 82, 54, 44, 47, 49, 112, 159, 82, 214, 260, 37, 116, 168, 25, 114, 103, 178, 254, 36, 52, 149, 204, 66, 34, 14, 39, 32, 153, 220, 221, 422, 81, 151, 112, 101, 188, 265, 122, 500, 156, 49, 265, 305, 86, 29, 294, 60, 195, 361, 72, 202, 73, 135, 474, 95, 4, 54, 342, 760, 193, 364, 124, 194, 267, 63, 83, 142, 159, 46, 68, 277, 56, 412, 175, 119, 86, 136, 244, 150, 171, 305, 408, 185, 291, 126, 160, 420, 984, 315, 21, 141, 152]",3917
bfcl_v3,bfcl_v3:multi_turn_base_9,1,3790,128,51,1,127,3917,6,"[24, 370, 30, 223, 85, 294, 90, 78, 21, 10, 13, 248, 92, 132, 58, 97, 245, 78, 138, 51, 457, 492, 189, 91, 172, 83, 209, 22, 84, 275, 386, 327, 101, 246, 93, 421, 381, 71, 119, 22, 9, 148, 103, 182, 229, 288, 350, 243, 549, 55, 126, 149, 149, 44, 30, 165, 507, 59, 201, 296, 331, 200, 215, 202, 375, 197, 287, 73, 146, 103, 69, 429, 295, 210, 310, 894, 170, 86, 243, 201, 234, 176, 159, 100, 144, 135, 256, 90, 38, 4, 70, 93, 277, 89, 291, 32, 81, 360, 54, 91, 80, 60, 456, 746, 72, 739, 156, 14, 72, 187, 21, 434, 120, 189, 249, 279, 166, 67, 162, 142, 155, 192, 64, 75, 22, 101, 168, 4]",3917
bfcl_v3,bfcl_v3:multi_turn_base_10,1,3786,128,1,1,127,3913,6,"[312, 246, 168, 132, 227, 48, 108, 236, 127, 77, 115, 253, 195, 287, 156, 319, 130, 39, 319, 486, 98, 108, 119, 90, 208, 221, 117, 111, 69, 400, 157, 81, 207, 56, 36, 206, 255, 287, 175, 105, 174, 194, 77, 477, 395, 55, 234, 49, 69, 94, 212, 7, 110, 241, 101, 348, 326, 266, 331, 290, 27, 206, 95, 110, 186, 76, 43, 258, 194, 130, 63, 135, 141, 267, 132, 563, 54, 185, 313, 78, 71, 135, 88, 385, 122, 150, 237, 280, 368, 106, 248, 222, 174, 254, 202, 65, 346, 451, 132, 79, 108, 74, 300, 54, 218, 68, 77, 318, 329, 132, 47, 73, 532, 211, 83, 203, 48, 101, 233, 262, 335, 287, 124, 512, 51, 16, 39, 136]",3913
bfcl_v3,bfcl_v3:multi_turn_base_10,1,3786,128,3,1,127,3913,6,"[114, 281, 286, 87, 297, 161, 77, 180, 207, 138, 324, 156, 266, 319, 231, 105, 188, 319, 241, 72, 364, 114, 184, 228, 67, 236, 64, 161, 45, 37, 131, 29, 218, 360, 46, 188, 66, 171, 27, 98, 291, 44, 227, 245, 51, 109, 392, 564, 51, 148, 308, 106, 101, 307, 69, 223, 57, 29, 135, 159, 71, 7, 278, 403, 506, 300, 160, 57, 207, 46, 243, 27, 82, 168, 182, 394, 112, 486, 27, 98, 85, 186, 202, 21, 28, 292, 273, 110, 23, 52, 252, 225, 349, 234, 52, 223, 133, 35, 81, 90, 367, 267, 169, 169, 217, 378, 316, 172, 181, 139, 209, 565, 141, 60, 50, 216, 93, 111, 275, 104, 54, 65, 257, 174, 345, 127, 823, 135]",3913
bfcl_v3,bfcl_v3:multi_turn_base_10,1,3786,128,6,1,127,3913,6,"[278, 79, 67, 238, 323, 72, 7, 110, 440, 62, 95, 51, 333, 126, 82, 414, 312, 28, 130, 46, 107, 290, 132, 211, 181, 31, 185, 568, 211, 156, 111, 566, 48, 136, 84, 568, 96, 55, 146, 486, 135, 330, 35, 111, 91, 71, 200, 84, 11, 186, 117, 181, 40, 141, 163, 204, 208, 171, 126, 140, 151, 279, 143, 49, 176, 756, 109, 126, 237, 344, 257, 154, 50, 232, 114, 400, 66, 184, 139, 133, 301, 99, 325, 198, 227, 131, 221, 77, 286, 23, 40, 95, 683, 129, 40, 301, 40, 196, 109, 98, 165, 436, 220, 400, 47, 29, 88, 126, 249, 113, 107, 42, 126, 85, 205, 84, 182, 152, 89, 104, 226, 160, 385, 592, 206, 486, 169, 81]",3913
bfcl_v3,bfcl_v3:multi_turn_base_10,1,3786,128,8,1,127,3913,6,"[140, 155, 82, 159, 21, 52, 279, 141, 555, 141, 509, 679, 131, 31, 349, 440, 361, 239, 217, 125, 80, 245, 215, 51, 125, 30, 37, 26, 105, 157, 162, 32, 28, 124, 185, 47, 271, 47, 392, 77, 116, 56, 97, 174, 133, 109, 237, 68, 101, 16, 119, 368, 17, 264, 440, 252, 110, 270, 253, 332, 1, 13, 66, 223, 55, 252, 139, 50, 178, 10, 94, 723, 169, 166, 56, 34, 347, 272, 142, 58, 182, 170, 261, 423, 153, 79, 27, 16, 532, 199, 577, 24, 258, 134, 1154, 177, 53, 83, 145, 206, 352, 48, 82, 19, 516, 68, 49, 84, 421, 86, 102, 87, 212, 52, 41, 116, 670, 122, 75, 69, 1, 61, 513, 263, 152, 218, 208, 116]",3913
bfcl_v3,bfcl_v3:multi_turn_base_10,1,3786,128,10,1,127,3913,6,"[272, 386, 229, 37, 168, 49, 150, 141, 325, 2, 93, 140, 332, 63, 46, 163, 412, 60, 421, 144, 100, 307, 120, 57, 28, 116, 56, 106, 75, 34, 64, 421, 46, 18, 85, 27, 75, 51, 79, 48, 168, 118, 130, 82, 198, 260, 177, 62, 20, 527, 170, 75, 192, 15, 373, 261, 153, 232, 14, 133, 116, 83, 200, 58, 128, 57, 111, 134, 459, 39, 183, 466, 354, 22, 24, 185, 80, 319, 417, 263, 222, 138, 100, 85, 42, 55, 178, 3, 123, 123, 128, 172, 275, 106, 831, 155, 10, 20, 208, 162, 820, 179, 142, 111, 148, 180, 84, 23, 1677, 33, 315, 226, 65, 101, 167, 256, 106, 384, 273, 201, 194, 69, 57, 34, 2, 130, 1384, 377]",3913
bfcl_v3,bfcl_v3:multi_turn_base_10,1,3786,128,13,1,127,3913,6,"[268, 9, 180, 68, 37, 25, 177, 70, 315, 60, 86, 78, 1012, 94, 156, 645, 259, 70, 471, 174, 12, 3, 861, 163, 68, 286, 292, 39, 54, 43, 144, 63, 128, 4, 786, 10, 253, 61, 119, 146, 131, 360, 132, 5, 357, 153, 697, 277, 582, 96, 94, 401, 147, 120, 201, 66, 22, 99, 224, 190, 235, 156, 175, 90, 401, 73, 174, 97, 7, 3, 579, 162, 176, 210, 785, 8, 341, 180, 20, 306, 176, 54, 268, 19, 250, 226, 5, 69, 28, 68, 166, 915, 91, 218, 58, 15, 92, 159, 82, 89, 66, 118, 296, 17, 291, 55, 215, 174, 108, 97, 82, 9, 24, 26, 14, 67, 445, 277, 43, 360, 354, 6, 71, 30, 637, 78, 58, 91]",3913
bfcl_v3,bfcl_v3:multi_turn_base_10,1,3786,128,15,1,127,3913,6,"[169, 898, 15, 90, 16, 832, 52, 536, 251, 514, 46, 232, 50, 117, 30, 471, 197, 32, 461, 49, 26, 453, 217, 207, 117, 200, 375, 70, 293, 90, 80, 88, 205, 754, 219, 31, 144, 617, 37, 23, 84, 516, 178, 20, 113, 657, 39, 43, 142, 222, 125, 30, 76, 152, 281, 234, 84, 116, 427, 45, 509, 9, 24, 657, 69, 52, 216, 53, 158, 40, 30, 49, 33, 270, 222, 266, 36, 79, 407, 22, 272, 85, 308, 440, 85, 153, 174, 0, 47, 137, 413, 330, 66, 48, 139, 386, 23, 152, 74, 160, 83, 48, 355, 82, 194, 117, 33, 60, 98, 107, 7, 137, 61, 6, 39, 45, 519, 85, 1, 110, 427, 14, 199, 107, 122, 86, 113, 642]",3913
bfcl_v3,bfcl_v3:multi_turn_base_10,1,3786,128,17,1,127,3913,6,"[89, 179, 109, 136, 595, 379, 94, 51, 271, 98, 145, 161, 153, 625, 37, 292, 188, 146, 285, 128, 1131, 26, 224, 161, 42, 131, 17, 464, 337, 72, 258, 19, 766, 202, 70, 129, 136, 510, 12, 150, 480, 210, 50, 104, 105, 25, 52, 71, 202, 224, 120, 238, 164, 199, 153, 103, 96, 490, 10, 121, 160, 68, 46, 365, 70, 588, 174, 15, 638, 43, 7, 23, 195, 261, 32, 37, 246, 393, 216, 8, 369, 160, 280, 181, 9, 280, 213, 249, 93, 185, 186, 499, 240, 107, 156, 99, 292, 2, 166, 76, 139, 212, 133, 193, 92, 315, 12, 57, 173, 86, 181, 370, 26, 127, 31, 208, 132, 27, 303, 222, 10, 103, 17, 149, 145, 236, 47, 70]",3913
bfcl_v3,bfcl_v3:multi_turn_base_10,1,3786,128,20,1,127,3913,6,"[407, 196, 4, 165, 293, 904, 1108, 130, 74, 120, 101, 0, 542, 73, 46, 48, 1215, 7, 179, 18, 26, 31, 10, 6, 138, 168, 98, 6, 281, 162, 27, 97, 379, 119, 19, 83, 9, 289, 12, 26, 242, 16, 259, 141, 250, 397, 26, 55, 243, 56, 21, 797, 77, 139, 157, 43, 738, 377, 275, 16, 21, 179, 337, 74, 182, 44, 13, 7, 147, 53, 473, 283, 54, 35, 132, 203, 198, 80, 132, 273, 74, 10, 123, 181, 74, 68, 27, 36, 1110, 34, 152, 127, 25, 23, 196, 218, 160, 96, 17, 207, 8, 45, 162, 31, 150, 67, 214, 207, 259, 54, 5, 499, 242, 507, 1188, 191, 45, 155, 163, 97, 27, 229, 586, 91, 109, 274, 22, 32]",3913
bfcl_v3,bfcl_v3:multi_turn_base_10,1,3786,128,22,1,127,3913,6,"[91, 59, 112, 101, 121, 94, 200, 470, 445, 24, 147, 512, 70, 104, 22, 85, 173, 94, 778, 29, 59, 43, 215, 185, 394, 198, 405, 159, 191, 92, 73, 23, 85, 245, 86, 64, 130, 323, 179, 414, 460, 633, 187, 121, 169, 207, 39, 164, 26, 174, 235, 181, 589, 35, 182, 44, 125, 85, 212, 36, 27, 135, 73, 136, 47, 117, 198, 591, 155, 91, 92, 779, 268, 403, 75, 64, 141, 50, 938, 406, 78, 189, 46, 415, 129, 138, 121, 123, 36, 16, 56, 117, 59, 181, 5, 215, 166, 251, 74, 169, 1122, 13, 158, 81, 27, 180, 141, 150, 57, 47, 367, 61, 101, 202, 28, 165, 3, 265, 156, 27, 4, 264, 357, 136, 110, 435, 145, 108]",3913
bfcl_v3,bfcl_v3:multi_turn_base_10,1,3786,128,24,1,127,3913,6,"[96, 62, 121, 319, 181, 5, 34, 27, 403, 39, 37, 139, 197, 78, 17, 38, 4, 67, 16, 581, 682, 14, 23, 82, 20, 198, 135, 71, 557, 12, 196, 210, 142, 168, 176, 1, 37, 201, 7, 861, 38, 57, 124, 403, 26, 749, 74, 83, 176, 174, 58, 79, 58, 93, 1974, 3, 109, 29, 343, 244, 33, 445, 62, 123, 631, 21, 578, 29, 69, 33, 242, 46, 234, 74, 51, 324, 3, 55, 442, 38, 27, 112, 250, 651, 336, 181, 339, 130, 57, 10, 195, 343, 173, 320, 174, 199, 23, 179, 14, 115, 95, 177, 11, 221, 236, 56, 1281, 87, 22, 92, 139, 3, 122, 66, 277, 136, 125, 38, 71, 50, 383, 230, 38, 617, 47, 22, 160, 167]",3913
bfcl_v3,bfcl_v3:multi_turn_base_10,1,3786,128,27,1,127,3913,6,"[139, 285, 108, 15, 193, 75, 123, 40, 75, 200, 235, 19, 338, 71, 101, 38, 27, 138, 125, 63, 25, 97, 352, 171, 176, 122, 193, 350, 152, 54, 218, 108, 441, 164, 153, 2, 254, 634, 163, 5, 648, 147, 77, 135, 309, 151, 329, 451, 37, 75, 308, 138, 318, 158, 121, 35, 11, 242, 300, 37, 5, 104, 345, 11, 282, 132, 59, 148, 115, 7, 126, 327, 145, 193, 44, 28, 483, 10, 25, 30, 373, 25, 10, 525, 466, 27, 9, 64, 57, 164, 436, 152, 101, 107, 362, 301, 538, 1256, 26, 76, 62, 297, 119, 557, 181, 127, 528, 13, 158, 138, 303, 27, 39, 453, 22, 93, 262, 140, 152, 497, 116, 508, 29, 156, 66, 50, 231, 191]",3913
bfcl_v3,bfcl_v3:multi_turn_base_10,1,3786,128,29,1,127,3913,6,"[180, 337, 20, 35, 317, 150, 82, 130, 18, 88, 280, 51, 334, 99, 309, 200, 70, 75, 186, 36, 104, 105, 336, 227, 75, 194, 234, 42, 1016, 155, 190, 12, 104, 0, 400, 119, 145, 127, 75, 168, 161, 10, 51, 53, 701, 128, 137, 18, 281, 130, 272, 122, 1090, 184, 61, 177, 220, 88, 475, 329, 42, 78, 28, 115, 65, 83, 130, 48, 172, 65, 40, 65, 128, 178, 72, 126, 281, 85, 0, 66, 84, 406, 231, 21, 67, 153, 313, 371, 27, 516, 346, 359, 272, 545, 12, 354, 217, 124, 70, 208, 40, 677, 122, 148, 162, 357, 134, 160, 192, 73, 99, 568, 32, 12, 1, 140, 9, 523, 163, 209, 349, 100, 163, 37, 207, 204, 163, 358]",3913
bfcl_v3,bfcl_v3:multi_turn_base_10,1,3786,128,31,1,127,3913,6,"[94, 1334, 50, 124, 93, 634, 144, 187, 25, 133, 68, 148, 85, 134, 759, 1143, 357, 89, 411, 244, 10, 59, 124, 61, 0, 14, 21, 88, 330, 398, 111, 113, 304, 12, 65, 211, 47, 394, 334, 172, 634, 40, 292, 29, 169, 69, 180, 27, 343, 147, 106, 229, 63, 4, 20, 337, 67, 54, 6, 75, 500, 32, 22, 261, 41, 291, 419, 384, 127, 89, 152, 145, 50, 61, 137, 29, 228, 93, 268, 463, 242, 69, 141, 73, 129, 87, 33, 308, 201, 59, 105, 86, 90, 34, 22, 463, 289, 90, 124, 48, 210, 117, 185, 154, 375, 41, 76, 91, 180, 14, 90, 251, 130, 374, 65, 406, 35, 72, 30, 301, 96, 93, 282, 501, 20, 207, 64, 518]",3913
bfcl_v3,bfcl_v3:multi_turn_base_10,1,3786,128,34,1,127,3913,6,"[271, 178, 150, 0, 441, 46, 290, 412, 30, 258, 198, 227, 230, 449, 156, 125, 140, 93, 19, 1, 152, 118, 755, 536, 84, 191, 5, 22, 209, 627, 44, 240, 197, 62, 330, 207, 154, 620, 1681, 273, 39, 2, 398, 135, 532, 111, 26, 335, 228, 284, 137, 341, 39, 365, 14, 2, 412, 370, 20, 46, 63, 299, 434, 156, 147, 191, 47, 155, 268, 10, 213, 113, 233, 153, 14, 215, 120, 8, 61, 138, 60, 166, 147, 48, 98, 8, 74, 55, 73, 41, 338, 72, 67, 170, 20, 352, 281, 496, 157, 313, 65, 131, 68, 148, 32, 5, 24, 361, 218, 121, 190, 71, 431, 147, 265, 61, 124, 84, 0, 13, 99, 133, 56, 105, 219, 6, 102, 68]",3913
bfcl_v3,bfcl_v3:multi_turn_base_10,1,3786,128,36,1,127,3913,6,"[146, 124, 24, 259, 28, 149, 119, 244, 233, 55, 13, 28, 54, 1739, 739, 10, 101, 168, 247, 115, 69, 785, 18, 191, 42, 141, 29, 308, 293, 769, 256, 250, 279, 184, 189, 85, 174, 70, 135, 146, 408, 16, 218, 77, 73, 365, 20, 166, 191, 167, 88, 99, 304, 293, 185, 370, 192, 231, 102, 55, 220, 292, 346, 171, 117, 27, 115, 34, 331, 102, 31, 23, 39, 26, 261, 205, 225, 144, 375, 65, 25, 118, 176, 198, 91, 153, 3, 123, 246, 282, 13, 53, 230, 200, 33, 197, 108, 10, 83, 125, 306, 126, 61, 174, 90, 169, 112, 102, 280, 435, 121, 460, 312, 32, 22, 396, 227, 43, 105, 141, 190, 73, 369, 214, 258, 90, 259, 67]",3913
bfcl_v3,bfcl_v3:multi_turn_base_10,1,3786,128,38,1,127,3913,6,"[158, 41, 83, 10, 397, 554, 664, 110, 1129, 308, 10, 40, 31, 49, 233, 219, 183, 96, 38, 89, 188, 117, 215, 142, 116, 162, 409, 457, 80, 317, 361, 70, 92, 1, 61, 199, 35, 59, 33, 448, 39, 143, 234, 99, 355, 326, 323, 20, 36, 240, 69, 346, 241, 251, 98, 280, 141, 84, 144, 4, 284, 26, 33, 95, 26, 213, 46, 244, 63, 282, 183, 155, 107, 124, 145, 129, 398, 165, 76, 72, 57, 402, 64, 19, 16, 140, 376, 63, 295, 71, 198, 30, 189, 272, 133, 214, 120, 136, 108, 71, 351, 229, 360, 32, 83, 81, 2, 211, 264, 323, 288, 172, 210, 643, 149, 215, 22, 154, 68, 61, 402, 76, 132, 440, 59, 56, 340, 738]",3913
bfcl_v3,bfcl_v3:multi_turn_base_10,1,3786,128,40,1,127,3913,6,"[81, 713, 81, 257, 168, 33, 14, 34, 41, 160, 78, 59, 268, 10, 164, 204, 244, 117, 83, 72, 43, 49, 55, 60, 126, 63, 93, 85, 6, 141, 885, 54, 8, 164, 132, 81, 104, 237, 31, 35, 66, 118, 394, 23, 75, 425, 88, 272, 190, 218, 229, 100, 308, 236, 264, 273, 832, 139, 242, 107, 58, 36, 90, 200, 16, 348, 172, 158, 211, 854, 439, 196, 25, 153, 193, 486, 198, 22, 302, 278, 273, 431, 159, 75, 75, 157, 158, 18, 80, 32, 38, 465, 285, 194, 208, 141, 371, 267, 104, 127, 113, 184, 85, 264, 71, 210, 41, 152, 138, 23, 607, 209, 44, 183, 65, 208, 901, 77, 416, 249, 301, 300, 59, 225, 83, 6, 44, 195]",3913
bfcl_v3,bfcl_v3:multi_turn_base_10,1,3786,128,43,1,127,3913,6,"[20, 242, 101, 571, 179, 381, 59, 53, 151, 80, 100, 232, 369, 43, 132, 75, 163, 80, 28, 395, 40, 447, 98, 659, 299, 414, 193, 14, 616, 201, 24, 28, 126, 198, 124, 32, 509, 285, 277, 223, 116, 168, 18, 286, 77, 237, 637, 67, 228, 144, 85, 299, 131, 87, 282, 267, 209, 130, 181, 121, 84, 246, 115, 95, 145, 167, 68, 286, 159, 158, 66, 342, 42, 97, 197, 237, 223, 108, 132, 83, 171, 164, 261, 44, 88, 1226, 325, 108, 83, 289, 61, 232, 103, 72, 180, 176, 280, 28, 56, 56, 17, 203, 360, 34, 172, 63, 113, 56, 180, 462, 6, 28, 62, 3, 20, 92, 778, 335, 180, 22, 87, 41, 19, 82, 218, 321, 293, 147]",3913
bfcl_v3,bfcl_v3:multi_turn_base_10,1,3786,128,45,1,127,3913,6,"[48, 40, 160, 373, 29, 159, 216, 36, 94, 327, 29, 229, 108, 2, 87, 210, 17, 139, 46, 98, 475, 232, 72, 347, 187, 91, 105, 81, 555, 8, 71, 272, 101, 159, 212, 31, 39, 14, 91, 791, 110, 813, 44, 18, 93, 188, 215, 34, 63, 574, 867, 409, 105, 191, 209, 66, 15, 10, 158, 305, 252, 12, 197, 220, 86, 16, 113, 145, 200, 68, 118, 280, 3, 91, 22, 266, 331, 1665, 236, 3, 175, 37, 75, 251, 102, 299, 231, 366, 617, 449, 92, 70, 118, 172, 65, 123, 4, 44, 58, 27, 71, 77, 44, 25, 319, 220, 98, 127, 5, 511, 129, 75, 70, 34, 215, 163, 142, 103, 88, 289, 30, 40, 53, 8, 1150, 425, 31, 369]",3913
bfcl_v3,bfcl_v3:multi_turn_base_10,1,3786,128,47,1,127,3913,6,"[351, 139, 388, 221, 315, 40, 32, 369, 89, 231, 128, 87, 28, 38, 364, 236, 114, 152, 209, 423, 122, 195, 190, 93, 96, 59, 140, 122, 53, 64, 216, 50, 117, 89, 37, 134, 86, 186, 240, 238, 53, 269, 47, 182, 108, 119, 64, 190, 309, 157, 48, 420, 40, 31, 111, 237, 99, 364, 40, 34, 148, 32, 193, 108, 37, 112, 91, 145, 235, 174, 86, 225, 193, 44, 37, 626, 368, 219, 57, 354, 219, 140, 104, 185, 21, 18, 234, 10, 12, 449, 74, 24, 251, 493, 919, 194, 198, 119, 4, 28, 240, 185, 284, 877, 116, 161, 43, 236, 95, 573, 254, 276, 101, 204, 262, 270, 733, 45, 198, 48, 630, 80, 159, 203, 142, 60, 74, 346]",3913
bfcl_v3,bfcl_v3:multi_turn_base_10,1,3786,128,49,1,127,3913,6,"[62, 82, 41, 367, 157, 139, 576, 279, 22, 6, 73, 539, 69, 421, 488, 147, 41, 94, 31, 408, 152, 196, 164, 45, 11, 203, 417, 52, 27, 620, 170, 128, 219, 114, 386, 236, 92, 52, 46, 50, 58, 124, 138, 76, 209, 269, 42, 132, 170, 31, 114, 88, 171, 281, 40, 59, 141, 216, 63, 33, 16, 37, 22, 156, 212, 224, 416, 87, 167, 112, 98, 186, 269, 98, 499, 135, 48, 278, 304, 98, 20, 326, 51, 189, 356, 52, 191, 65, 127, 419, 94, 8, 61, 318, 790, 212, 400, 144, 178, 264, 56, 97, 148, 171, 38, 61, 287, 42, 398, 167, 120, 82, 150, 249, 146, 164, 288, 407, 156, 261, 120, 130, 473, 1001, 335, 33, 135, 159]",3913
bfcl_v3,bfcl_v3:multi_turn_base_10,1,3786,128,51,1,127,3913,6,"[27, 350, 28, 231, 73, 279, 88, 70, 39, 12, 12, 254, 88, 165, 60, 100, 261, 82, 136, 54, 515, 481, 188, 74, 162, 91, 215, 19, 70, 292, 367, 324, 88, 238, 79, 425, 365, 65, 124, 27, 11, 145, 104, 169, 215, 284, 344, 251, 553, 54, 112, 146, 148, 44, 28, 151, 514, 64, 202, 294, 308, 200, 190, 201, 378, 223, 295, 66, 156, 90, 54, 425, 299, 215, 310, 894, 166, 84, 242, 202, 249, 177, 156, 93, 153, 129, 257, 82, 40, 5, 59, 93, 261, 94, 320, 34, 66, 348, 55, 82, 79, 69, 458, 768, 74, 744, 163, 21, 80, 187, 18, 421, 125, 198, 239, 281, 157, 70, 170, 124, 171, 208, 56, 81, 26, 115, 168, 5]",3913
bfcl_v3,bfcl_v3:multi_turn_base_11,1,6643,128,1,1,127,6770,6,"[391, 530, 228, 395, 541, 126, 124, 592, 206, 153, 136, 380, 435, 503, 276, 662, 266, 53, 622, 816, 156, 148, 337, 109, 267, 377, 172, 153, 128, 697, 274, 96, 454, 137, 48, 319, 401, 511, 336, 246, 279, 382, 153, 790, 799, 51, 426, 76, 75, 186, 372, 25, 176, 459, 244, 380, 535, 461, 547, 437, 60, 333, 200, 134, 347, 159, 50, 432, 338, 210, 112, 210, 226, 432, 208, 803, 92, 318, 521, 152, 121, 231, 130, 654, 186, 237, 293, 669, 769, 182, 534, 376, 252, 441, 416, 170, 515, 514, 233, 144, 213, 149, 563, 152, 426, 185, 131, 571, 602, 186, 66, 128, 869, 382, 140, 304, 61, 161, 370, 358, 540, 451, 220, 788, 59, 81, 56, 350]",6770
bfcl_v3,bfcl_v3:multi_turn_base_11,1,6643,128,3,1,127,6770,6,"[151, 632, 511, 202, 373, 244, 128, 261, 443, 277, 505, 305, 418, 501, 380, 180, 329, 462, 416, 114, 543, 178, 361, 425, 73, 423, 120, 201, 92, 61, 229, 33, 413, 644, 85, 421, 182, 346, 42, 221, 673, 59, 425, 566, 63, 168, 622, 1039, 98, 262, 475, 174, 134, 539, 166, 462, 73, 34, 241, 255, 139, 56, 460, 674, 984, 448, 420, 71, 264, 54, 333, 38, 129, 387, 322, 544, 165, 932, 32, 272, 118, 332, 344, 39, 110, 368, 450, 158, 50, 118, 348, 443, 651, 338, 73, 322, 267, 84, 130, 168, 575, 469, 402, 273, 460, 682, 543, 297, 239, 248, 435, 934, 171, 59, 77, 386, 154, 193, 423, 155, 72, 144, 566, 187, 783, 247, 1093, 265]",6770
bfcl_v3,bfcl_v3:multi_turn_base_11,1,6643,128,6,1,127,6770,6,"[533, 122, 95, 503, 564, 135, 324, 173, 708, 180, 177, 165, 682, 175, 154, 808, 484, 28, 158, 100, 128, 649, 221, 377, 263, 59, 369, 998, 490, 214, 256, 746, 78, 160, 140, 549, 210, 68, 260, 858, 203, 670, 75, 177, 221, 141, 538, 150, 12, 277, 240, 290, 88, 219, 199, 331, 320, 322, 145, 263, 212, 459, 198, 26, 289, 1360, 199, 281, 517, 652, 408, 337, 77, 336, 236, 489, 141, 258, 198, 245, 552, 126, 759, 354, 373, 277, 392, 89, 508, 67, 56, 125, 1158, 139, 121, 538, 227, 367, 143, 217, 226, 877, 315, 767, 116, 38, 134, 202, 383, 145, 163, 72, 224, 167, 283, 111, 295, 206, 189, 106, 378, 285, 788, 840, 331, 894, 237, 100]",6770
bfcl_v3,bfcl_v3:multi_turn_base_11,1,6643,128,8,1,127,6770,6,"[225, 346, 105, 458, 90, 117, 358, 188, 472, 264, 497, 1276, 160, 54, 757, 814, 642, 329, 342, 225, 241, 318, 323, 67, 156, 60, 61, 26, 376, 407, 319, 50, 51, 396, 369, 151, 498, 100, 622, 155, 127, 160, 205, 227, 233, 173, 452, 117, 161, 35, 210, 890, 46, 394, 691, 487, 189, 496, 509, 617, 2, 37, 230, 394, 48, 537, 287, 235, 225, 20, 148, 1136, 259, 201, 58, 64, 544, 470, 239, 110, 346, 357, 522, 458, 268, 148, 93, 14, 775, 421, 862, 39, 542, 283, 1366, 342, 126, 266, 251, 318, 655, 53, 157, 29, 1097, 131, 110, 120, 413, 184, 204, 114, 291, 77, 125, 177, 1012, 276, 120, 107, 4, 124, 878, 599, 521, 462, 372, 283]",6770
bfcl_v3,bfcl_v3:multi_turn_base_11,1,6643,128,10,1,127,6770,6,"[698, 503, 296, 40, 258, 41, 399, 109, 966, 1, 148, 208, 554, 109, 793, 491, 1091, 130, 618, 242, 202, 775, 1112, 77, 84, 237, 53, 223, 83, 96, 105, 596, 91, 36, 145, 38, 133, 74, 118, 54, 262, 157, 182, 125, 362, 468, 192, 129, 19, 1018, 358, 111, 314, 102, 459, 424, 566, 502, 21, 289, 183, 212, 539, 171, 196, 72, 218, 403, 530, 49, 348, 700, 941, 23, 43, 418, 157, 659, 582, 532, 292, 147, 188, 158, 92, 161, 294, 5, 194, 222, 143, 283, 296, 282, 1240, 225, 15, 18, 323, 109, 1446, 411, 240, 196, 388, 260, 257, 48, 2168, 82, 423, 302, 38, 154, 238, 326, 43, 514, 275, 248, 338, 56, 96, 19, 23, 316, 1330, 635]",6770
bfcl_v3,bfcl_v3:multi_turn_base_11,1,6643,128,13,1,127,6770,6,"[502, 27, 184, 77, 52, 89, 266, 82, 520, 142, 152, 158, 1181, 165, 342, 889, 417, 185, 349, 184, 72, 17, 1170, 264, 102, 507, 640, 1491, 105, 84, 270, 87, 430, 33, 1231, 40, 596, 79, 193, 154, 403, 1018, 158, 9, 449, 404, 1032, 487, 594, 226, 140, 492, 1047, 161, 437, 54, 109, 354, 423, 289, 313, 190, 171, 130, 578, 110, 377, 124, 13, 11, 692, 268, 255, 404, 1447, 24, 715, 343, 50, 643, 295, 117, 509, 16, 360, 461, 29, 149, 174, 202, 257, 1020, 212, 255, 91, 29, 215, 268, 194, 199, 49, 275, 603, 13, 341, 92, 361, 360, 361, 167, 267, 6, 58, 60, 110, 140, 516, 437, 76, 731, 513, 13, 87, 104, 750, 105, 127, 174]",6770
bfcl_v3,bfcl_v3:multi_turn_base_11,1,6643,128,15,1,127,6770,6,"[363, 727, 69, 187, 72, 749, 61, 978, 384, 832, 117, 366, 78, 347, 52, 1057, 315, 78, 648, 99, 41, 775, 782, 358, 154, 217, 347, 92, 516, 116, 183, 51, 289, 1315, 330, 274, 324, 1090, 48, 234, 69, 924, 332, 82, 106, 1381, 51, 60, 242, 449, 218, 57, 64, 377, 817, 319, 95, 234, 732, 119, 609, 28, 16, 907, 140, 74, 379, 75, 269, 64, 48, 119, 133, 353, 391, 215, 86, 177, 611, 111, 399, 183, 603, 972, 125, 404, 164, 11, 105, 237, 753, 329, 104, 95, 342, 592, 58, 182, 133, 198, 956, 93, 480, 89, 360, 181, 39, 118, 191, 162, 13, 191, 129, 17, 52, 93, 492, 409, 838, 168, 826, 23, 471, 228, 148, 166, 226, 824]",6770
bfcl_v3,bfcl_v3:multi_turn_base_11,1,6643,128,17,1,127,6770,6,"[138, 261, 248, 242, 1238, 743, 175, 90, 419, 140, 357, 215, 251, 1135, 55, 407, 326, 313, 456, 128, 1984, 101, 441, 205, 52, 445, 99, 923, 450, 113, 499, 19, 1032, 455, 102, 164, 216, 1358, 14, 236, 909, 293, 132, 263, 218, 54, 93, 82, 242, 452, 306, 431, 348, 464, 342, 214, 164, 996, 26, 180, 144, 93, 80, 464, 119, 662, 211, 27, 978, 65, 149, 29, 380, 380, 46, 127, 369, 720, 326, 19, 672, 469, 401, 392, 32, 485, 434, 304, 153, 254, 494, 913, 259, 131, 171, 140, 513, 23, 245, 100, 163, 480, 158, 362, 237, 601, 10, 84, 293, 154, 355, 432, 40, 201, 51, 356, 123, 72, 541, 259, 38, 258, 20, 179, 251, 252, 94, 129]",6770
bfcl_v3,bfcl_v3:multi_turn_base_11,1,6643,128,20,1,127,6770,6,"[677, 274, 18, 245, 289, 1563, 2561, 144, 154, 277, 57, 9, 991, 207, 58, 22, 2182, 5, 319, 18, 53, 153, 5, 5, 373, 284, 173, 10, 700, 292, 73, 196, 580, 196, 23, 93, 12, 371, 7, 67, 755, 35, 444, 230, 488, 536, 23, 91, 394, 138, 37, 898, 129, 173, 197, 46, 875, 467, 345, 44, 49, 277, 545, 203, 384, 87, 30, 30, 525, 133, 805, 605, 132, 52, 304, 384, 193, 111, 277, 292, 95, 26, 95, 686, 205, 32, 18, 45, 1922, 72, 254, 217, 170, 26, 281, 276, 292, 127, 39, 388, 12, 85, 186, 91, 370, 83, 429, 472, 253, 92, 14, 672, 341, 974, 1290, 369, 63, 239, 348, 144, 110, 989, 1114, 190, 247, 606, 27, 45]",6770
bfcl_v3,bfcl_v3:multi_turn_base_11,1,6643,128,22,1,127,6770,6,"[163, 100, 154, 154, 160, 100, 313, 805, 872, 43, 264, 774, 372, 121, 79, 136, 157, 157, 1487, 52, 82, 62, 328, 246, 825, 367, 700, 249, 430, 119, 113, 21, 133, 379, 116, 90, 244, 727, 313, 695, 694, 1036, 220, 134, 217, 390, 81, 277, 23, 279, 429, 316, 996, 57, 499, 54, 273, 106, 365, 74, 23, 312, 124, 154, 75, 208, 430, 1078, 244, 161, 193, 1432, 501, 727, 122, 224, 213, 99, 1269, 487, 135, 286, 92, 603, 178, 272, 329, 168, 74, 19, 83, 184, 108, 350, 7, 421, 378, 350, 129, 219, 2010, 22, 171, 115, 135, 390, 307, 286, 89, 81, 640, 106, 168, 460, 56, 297, 13, 469, 402, 42, 4, 469, 517, 276, 138, 758, 325, 191]",6770
bfcl_v3,bfcl_v3:multi_turn_base_11,1,6643,128,24,1,127,6770,6,"[165, 173, 173, 547, 325, 2, 28, 28, 714, 65, 78, 163, 351, 132, 36, 82, 20, 140, 30, 830, 770, 18, 21, 173, 19, 397, 170, 51, 786, 11, 323, 322, 236, 267, 283, 1, 58, 355, 9, 1920, 146, 52, 152, 546, 21, 1306, 105, 107, 395, 263, 79, 168, 222, 157, 2668, 1, 179, 54, 729, 673, 61, 716, 152, 224, 1515, 44, 1423, 46, 59, 88, 365, 91, 377, 106, 26, 619, 10, 173, 717, 107, 42, 208, 412, 1152, 477, 345, 616, 285, 26, 26, 437, 819, 229, 446, 235, 250, 39, 251, 29, 191, 211, 365, 96, 318, 402, 119, 2156, 145, 31, 384, 284, 8, 182, 171, 458, 204, 182, 41, 117, 162, 411, 366, 60, 1260, 57, 26, 407, 268]",6770
bfcl_v3,bfcl_v3:multi_turn_base_11,1,6643,128,27,1,127,6770,6,"[247, 302, 261, 50, 398, 116, 237, 113, 69, 348, 442, 86, 500, 80, 205, 264, 32, 131, 239, 112, 32, 157, 450, 270, 419, 223, 188, 625, 366, 70, 400, 179, 556, 274, 414, 5, 643, 1196, 301, 16, 1243, 286, 109, 203, 504, 261, 857, 704, 30, 185, 448, 199, 534, 254, 171, 71, 14, 463, 517, 30, 14, 201, 587, 28, 474, 203, 111, 152, 172, 10, 289, 633, 269, 371, 36, 27, 948, 6, 35, 86, 754, 30, 22, 918, 996, 36, 1, 138, 58, 427, 706, 299, 310, 230, 852, 605, 785, 1356, 19, 227, 80, 535, 159, 1043, 300, 256, 830, 49, 231, 343, 630, 75, 60, 666, 54, 168, 252, 276, 277, 950, 164, 531, 98, 248, 72, 62, 423, 268]",6770
bfcl_v3,bfcl_v3:multi_turn_base_11,1,6643,128,29,1,127,6770,6,"[267, 643, 16, 61, 590, 244, 161, 202, 16, 114, 501, 147, 650, 166, 435, 485, 124, 90, 310, 35, 152, 182, 496, 409, 166, 326, 402, 62, 1440, 239, 329, 14, 139, 1, 652, 232, 194, 272, 172, 271, 299, 50, 94, 88, 735, 243, 238, 39, 485, 211, 386, 220, 1390, 368, 89, 322, 321, 103, 710, 756, 42, 178, 541, 214, 152, 214, 174, 85, 343, 120, 72, 174, 172, 217, 166, 193, 569, 142, 6, 285, 140, 597, 408, 35, 141, 296, 560, 746, 60, 923, 615, 584, 826, 1135, 27, 563, 342, 160, 161, 369, 54, 1069, 264, 225, 241, 672, 269, 313, 360, 237, 185, 785, 68, 22, 5, 229, 7, 883, 245, 521, 560, 181, 221, 19, 445, 341, 318, 580]",6770
bfcl_v3,bfcl_v3:multi_turn_base_11,1,6643,128,31,1,127,6770,6,"[196, 1299, 80, 273, 176, 946, 220, 585, 22, 262, 98, 182, 73, 179, 1435, 1640, 626, 131, 698, 397, 18, 117, 166, 45, 0, 15, 18, 105, 641, 796, 266, 199, 607, 17, 91, 454, 81, 842, 528, 375, 1351, 81, 358, 29, 321, 89, 216, 57, 519, 271, 323, 777, 147, 8, 20, 533, 220, 89, 15, 109, 884, 105, 42, 234, 490, 344, 576, 641, 143, 206, 202, 276, 61, 92, 350, 88, 403, 163, 447, 779, 494, 115, 262, 78, 178, 142, 43, 546, 316, 116, 214, 162, 213, 68, 42, 861, 427, 135, 162, 89, 335, 243, 340, 316, 609, 78, 198, 168, 287, 61, 151, 504, 216, 759, 134, 798, 52, 138, 28, 467, 175, 103, 668, 683, 31, 331, 155, 971]",6770
bfcl_v3,bfcl_v3:multi_turn_base_11,1,6643,128,34,1,127,6770,6,"[614, 217, 237, 1, 577, 80, 485, 461, 92, 447, 342, 490, 525, 918, 253, 208, 302, 135, 7, 1, 386, 234, 1252, 680, 143, 255, 6, 31, 419, 1163, 90, 481, 348, 130, 853, 351, 331, 1005, 2448, 1015, 53, 3, 639, 167, 670, 316, 58, 313, 316, 588, 211, 615, 100, 636, 18, 12, 829, 594, 46, 138, 141, 412, 796, 309, 190, 446, 86, 225, 499, 18, 413, 180, 476, 202, 31, 306, 178, 42, 55, 240, 82, 234, 296, 66, 232, 21, 136, 104, 157, 55, 502, 196, 109, 284, 57, 648, 488, 995, 263, 377, 131, 190, 87, 301, 136, 11, 40, 569, 337, 206, 396, 176, 716, 211, 405, 90, 206, 122, 1, 15, 89, 225, 118, 170, 410, 17, 161, 202]",6770
bfcl_v3,bfcl_v3:multi_turn_base_11,1,6643,128,36,1,127,6770,6,"[203, 222, 16, 353, 45, 291, 162, 414, 1004, 107, 20, 79, 89, 1518, 974, 19, 148, 366, 301, 222, 124, 1399, 35, 379, 95, 225, 44, 466, 407, 1676, 453, 441, 578, 515, 390, 144, 470, 91, 346, 258, 632, 9, 390, 63, 87, 798, 491, 183, 427, 153, 155, 157, 565, 599, 268, 466, 374, 406, 122, 96, 445, 503, 472, 289, 159, 40, 209, 40, 599, 181, 33, 22, 34, 62, 526, 301, 436, 196, 564, 198, 61, 202, 195, 386, 187, 272, 9, 399, 524, 421, 18, 128, 441, 259, 42, 258, 149, 18, 97, 224, 397, 266, 179, 427, 172, 289, 182, 219, 452, 1020, 251, 679, 467, 49, 117, 485, 473, 87, 186, 278, 328, 158, 716, 434, 550, 129, 385, 116]",6770
bfcl_v3,bfcl_v3:multi_turn_base_11,1,6643,128,38,1,127,6770,6,"[298, 73, 159, 13, 647, 848, 1270, 180, 1024, 407, 69, 76, 59, 61, 598, 250, 427, 137, 76, 147, 311, 230, 279, 415, 191, 352, 783, 893, 88, 658, 568, 91, 154, 1, 117, 265, 33, 138, 28, 906, 96, 314, 319, 87, 526, 546, 589, 49, 52, 301, 124, 688, 339, 458, 126, 464, 302, 114, 254, 5, 432, 65, 69, 211, 55, 409, 136, 247, 145, 627, 273, 220, 146, 389, 173, 196, 382, 265, 96, 87, 48, 595, 85, 25, 39, 188, 561, 136, 432, 123, 319, 54, 407, 270, 179, 323, 178, 241, 161, 104, 566, 277, 634, 63, 145, 133, 25, 290, 521, 525, 294, 245, 251, 1317, 450, 303, 52, 378, 107, 183, 933, 106, 170, 811, 72, 1765, 301, 1539]",6770
bfcl_v3,bfcl_v3:multi_turn_base_11,1,6643,128,40,1,127,6770,6,"[68, 722, 150, 320, 261, 82, 16, 113, 71, 229, 161, 78, 292, 29, 390, 266, 382, 176, 92, 88, 71, 42, 83, 132, 1800, 169, 105, 182, 7, 248, 1466, 129, 153, 204, 307, 146, 220, 339, 46, 59, 86, 212, 414, 39, 76, 483, 184, 472, 372, 374, 441, 212, 640, 293, 317, 488, 1184, 229, 359, 284, 68, 84, 142, 387, 35, 988, 408, 189, 367, 1607, 639, 393, 72, 177, 489, 549, 633, 75, 435, 368, 353, 627, 262, 183, 223, 226, 331, 20, 134, 51, 86, 734, 585, 287, 309, 208, 464, 383, 212, 356, 252, 367, 117, 465, 298, 517, 60, 375, 279, 21, 910, 422, 84, 308, 111, 327, 1279, 123, 916, 590, 379, 290, 53, 379, 126, 34, 72, 274]",6770
bfcl_v3,bfcl_v3:multi_turn_base_11,1,6643,128,43,1,127,6770,6,"[40, 502, 106, 1138, 213, 725, 107, 77, 236, 146, 221, 476, 597, 113, 176, 184, 236, 196, 38, 551, 67, 849, 334, 857, 313, 522, 396, 40, 962, 295, 35, 61, 517, 436, 189, 61, 860, 564, 297, 444, 233, 353, 20, 365, 138, 312, 731, 120, 263, 242, 90, 364, 191, 92, 481, 340, 246, 219, 211, 178, 114, 483, 196, 134, 437, 263, 194, 456, 244, 292, 149, 565, 80, 98, 436, 393, 373, 189, 204, 151, 233, 226, 555, 45, 189, 2649, 677, 173, 142, 520, 129, 539, 182, 100, 283, 333, 646, 72, 138, 58, 13, 247, 452, 62, 160, 140, 145, 97, 241, 902, 8, 42, 81, 10, 38, 308, 1032, 488, 287, 18, 104, 93, 739, 313, 209, 1015, 439, 231]",6770
bfcl_v3,bfcl_v3:multi_turn_base_11,1,6643,128,45,1,127,6770,6,"[167, 67, 219, 647, 44, 251, 1261, 146, 141, 464, 49, 306, 187, 29, 136, 488, 28, 448, 72, 152, 960, 449, 84, 449, 289, 137, 224, 148, 1208, 28, 130, 513, 248, 225, 325, 54, 75, 210, 181, 1447, 310, 1411, 60, 34, 227, 348, 380, 43, 170, 962, 1126, 702, 167, 306, 292, 199, 30, 18, 236, 502, 503, 12, 199, 394, 166, 26, 245, 250, 341, 130, 188, 496, 2, 201, 33, 403, 512, 1574, 304, 6, 348, 48, 138, 381, 163, 575, 362, 854, 766, 802, 111, 156, 227, 542, 141, 182, 10, 131, 109, 317, 125, 252, 50, 40, 650, 309, 213, 181, 67, 806, 197, 237, 138, 76, 343, 399, 194, 172, 221, 346, 82, 98, 131, 13, 1428, 557, 144, 594]",6770
bfcl_v3,bfcl_v3:multi_turn_base_11,1,6643,128,47,1,127,6770,6,"[566, 189, 396, 392, 521, 79, 49, 534, 134, 374, 187, 115, 75, 29, 584, 265, 216, 227, 408, 612, 174, 261, 270, 95, 140, 166, 232, 216, 44, 102, 321, 132, 198, 163, 35, 295, 101, 376, 373, 534, 97, 621, 109, 380, 305, 216, 193, 250, 593, 298, 64, 678, 134, 33, 233, 311, 134, 630, 62, 24, 216, 60, 314, 267, 116, 146, 124, 235, 456, 1369, 58, 409, 236, 86, 70, 1493, 507, 308, 76, 496, 444, 293, 245, 363, 40, 52, 327, 19, 20, 794, 64, 37, 441, 661, 1636, 359, 315, 192, 4, 20, 456, 340, 376, 1740, 304, 326, 65, 346, 161, 1127, 447, 539, 100, 291, 398, 580, 1092, 51, 273, 77, 1033, 95, 210, 281, 252, 86, 150, 511]",6770
bfcl_v3,bfcl_v3:multi_turn_base_11,1,6643,128,49,1,127,6770,6,"[65, 301, 125, 806, 323, 560, 957, 318, 45, 3, 150, 1053, 107, 560, 874, 271, 41, 168, 26, 686, 235, 421, 238, 56, 66, 340, 817, 140, 37, 720, 246, 245, 316, 154, 682, 450, 151, 65, 76, 67, 184, 269, 250, 119, 348, 382, 65, 190, 238, 59, 95, 217, 428, 395, 45, 99, 198, 417, 96, 58, 23, 55, 118, 331, 334, 410, 660, 148, 212, 143, 223, 455, 541, 120, 859, 194, 285, 419, 458, 197, 35, 698, 89, 263, 468, 91, 231, 108, 336, 497, 174, 77, 68, 740, 1510, 455, 850, 323, 242, 513, 145, 104, 286, 216, 117, 146, 251, 71, 737, 230, 122, 137, 259, 637, 239, 279, 742, 524, 270, 638, 175, 188, 447, 1283, 635, 90, 275, 311]",6770
bfcl_v3,bfcl_v3:multi_turn_base_11,1,6643,128,51,1,127,6770,6,"[104, 633, 27, 301, 87, 375, 186, 102, 50, 8, 25, 494, 150, 161, 94, 138, 361, 122, 347, 130, 467, 823, 292, 115, 257, 100, 317, 19, 136, 575, 827, 507, 154, 426, 95, 703, 649, 130, 205, 37, 9, 210, 178, 194, 294, 330, 593, 371, 839, 90, 209, 197, 297, 124, 33, 358, 884, 129, 417, 650, 644, 362, 347, 303, 596, 350, 442, 70, 216, 124, 88, 747, 483, 386, 667, 1518, 303, 235, 337, 263, 362, 420, 310, 235, 221, 178, 440, 117, 64, 17, 114, 197, 594, 138, 520, 228, 130, 675, 135, 119, 108, 118, 684, 1624, 171, 1406, 257, 19, 182, 343, 50, 789, 171, 393, 582, 649, 290, 182, 212, 256, 273, 323, 117, 104, 47, 119, 317, 4]",6770
bfcl_v3,bfcl_v3:multi_turn_base_12,1,3798,128,1,1,127,3925,6,"[313, 243, 172, 138, 226, 52, 115, 235, 130, 80, 113, 248, 194, 290, 152, 322, 133, 45, 317, 494, 101, 107, 113, 94, 204, 217, 115, 113, 70, 408, 161, 75, 206, 57, 33, 207, 254, 279, 183, 110, 178, 196, 76, 477, 399, 58, 238, 46, 69, 92, 209, 7, 113, 245, 112, 349, 326, 277, 330, 290, 23, 197, 94, 108, 185, 79, 43, 259, 195, 135, 54, 139, 148, 270, 133, 547, 58, 184, 306, 77, 71, 129, 88, 390, 118, 148, 234, 273, 364, 103, 258, 228, 183, 260, 196, 68, 349, 439, 132, 81, 117, 73, 301, 58, 220, 61, 72, 323, 325, 134, 53, 78, 529, 221, 84, 208, 53, 100, 233, 262, 331, 281, 125, 520, 50, 13, 36, 137]",3925
bfcl_v3,bfcl_v3:multi_turn_base_12,1,3798,128,3,1,127,3925,6,"[108, 285, 278, 93, 279, 156, 79, 188, 211, 142, 327, 157, 269, 332, 220, 99, 188, 317, 243, 77, 358, 112, 188, 232, 59, 239, 66, 164, 40, 37, 133, 29, 228, 376, 46, 188, 62, 166, 27, 95, 293, 41, 222, 246, 54, 109, 393, 579, 49, 149, 300, 104, 107, 310, 77, 233, 59, 29, 131, 161, 69, 11, 276, 402, 498, 289, 165, 60, 200, 42, 251, 29, 81, 170, 189, 397, 114, 487, 26, 101, 83, 190, 205, 24, 25, 294, 276, 110, 29, 52, 256, 216, 354, 239, 56, 226, 145, 36, 85, 95, 372, 266, 165, 156, 212, 382, 310, 171, 185, 154, 215, 563, 140, 55, 53, 219, 96, 118, 263, 111, 53, 59, 257, 171, 353, 125, 802, 132]",3925
bfcl_v3,bfcl_v3:multi_turn_base_12,1,3798,128,6,1,127,3925,6,"[277, 70, 69, 239, 322, 73, 10, 114, 437, 60, 105, 55, 342, 126, 87, 414, 301, 28, 125, 40, 112, 291, 140, 218, 178, 34, 182, 567, 211, 147, 112, 582, 48, 141, 78, 604, 92, 50, 157, 487, 136, 330, 37, 107, 92, 71, 186, 81, 13, 173, 117, 182, 44, 143, 152, 207, 217, 172, 124, 146, 145, 279, 146, 45, 182, 759, 109, 126, 237, 341, 250, 168, 51, 222, 119, 412, 62, 171, 131, 147, 307, 97, 327, 195, 224, 126, 223, 83, 288, 24, 46, 97, 679, 128, 40, 304, 45, 198, 110, 102, 154, 441, 211, 397, 52, 28, 103, 132, 232, 111, 108, 47, 113, 102, 208, 80, 183, 150, 88, 105, 237, 169, 377, 577, 211, 484, 168, 82]",3925
bfcl_v3,bfcl_v3:multi_turn_base_12,1,3798,128,8,1,127,3925,6,"[148, 152, 92, 154, 18, 54, 287, 151, 537, 137, 484, 690, 135, 34, 347, 441, 378, 244, 214, 125, 71, 239, 217, 48, 136, 28, 35, 30, 101, 178, 183, 45, 27, 134, 187, 50, 275, 49, 408, 79, 115, 54, 93, 179, 139, 104, 235, 83, 103, 18, 119, 359, 11, 277, 422, 250, 108, 257, 234, 326, 2, 12, 70, 220, 50, 271, 145, 51, 157, 12, 106, 707, 159, 162, 61, 29, 355, 275, 143, 54, 187, 174, 250, 429, 149, 81, 24, 16, 565, 198, 553, 17, 280, 139, 1165, 183, 53, 82, 126, 215, 371, 44, 73, 21, 510, 58, 53, 80, 403, 95, 100, 78, 207, 55, 45, 116, 666, 119, 82, 76, 2, 61, 492, 261, 171, 233, 204, 119]",3925
bfcl_v3,bfcl_v3:multi_turn_base_12,1,3798,128,10,1,127,3925,6,"[274, 407, 238, 46, 152, 28, 156, 137, 279, 3, 88, 134, 364, 56, 33, 161, 441, 53, 433, 146, 101, 305, 117, 46, 22, 123, 46, 122, 70, 28, 76, 446, 43, 20, 96, 18, 81, 47, 73, 43, 170, 104, 130, 79, 186, 253, 165, 61, 23, 536, 165, 69, 189, 13, 360, 261, 196, 237, 24, 127, 125, 85, 204, 64, 121, 55, 106, 154, 444, 36, 181, 487, 345, 20, 25, 189, 84, 319, 415, 264, 224, 120, 102, 85, 38, 68, 180, 3, 133, 151, 129, 179, 283, 109, 836, 136, 8, 28, 219, 167, 807, 187, 125, 102, 154, 176, 93, 27, 1728, 34, 316, 220, 52, 110, 163, 264, 98, 395, 235, 212, 203, 60, 43, 25, 2, 126, 1386, 386]",3925
bfcl_v3,bfcl_v3:multi_turn_base_12,1,3798,128,13,1,127,3925,6,"[255, 9, 173, 61, 34, 27, 179, 57, 338, 59, 91, 73, 1040, 92, 137, 639, 254, 85, 426, 172, 12, 5, 905, 171, 67, 278, 299, 44, 40, 47, 155, 60, 118, 3, 750, 11, 258, 62, 133, 142, 137, 386, 124, 6, 356, 152, 709, 292, 587, 101, 94, 362, 145, 110, 197, 69, 16, 98, 226, 192, 239, 160, 159, 84, 399, 76, 181, 100, 4, 5, 580, 160, 196, 206, 757, 12, 335, 191, 19, 326, 171, 55, 261, 21, 272, 228, 7, 74, 29, 77, 168, 930, 101, 212, 49, 14, 89, 148, 74, 92, 60, 126, 295, 17, 310, 54, 212, 186, 104, 119, 82, 9, 31, 29, 15, 55, 458, 281, 50, 372, 337, 5, 64, 27, 661, 75, 47, 88]",3925
bfcl_v3,bfcl_v3:multi_turn_base_12,1,3798,128,15,1,127,3925,6,"[157, 897, 13, 88, 13, 814, 49, 543, 247, 527, 40, 228, 58, 112, 29, 450, 211, 42, 491, 46, 47, 492, 223, 207, 108, 194, 362, 64, 292, 92, 79, 81, 217, 767, 233, 29, 165, 594, 40, 23, 77, 530, 182, 19, 129, 655, 44, 32, 154, 222, 117, 23, 79, 146, 290, 239, 84, 122, 486, 72, 497, 8, 21, 653, 66, 53, 225, 63, 145, 41, 31, 48, 31, 254, 235, 253, 46, 90, 372, 29, 294, 78, 311, 457, 94, 165, 178, 0, 38, 126, 420, 307, 67, 51, 145, 370, 24, 137, 75, 157, 86, 50, 376, 61, 194, 117, 35, 50, 89, 101, 8, 133, 58, 5, 26, 38, 544, 85, 1, 106, 420, 17, 185, 96, 111, 92, 98, 647]",3925
bfcl_v3,bfcl_v3:multi_turn_base_12,1,3798,128,17,1,127,3925,6,"[95, 170, 115, 128, 593, 359, 102, 44, 276, 74, 137, 162, 150, 642, 40, 272, 186, 150, 286, 133, 1123, 27, 221, 175, 39, 127, 14, 452, 337, 74, 267, 11, 812, 205, 43, 133, 140, 486, 14, 161, 476, 196, 44, 106, 101, 27, 55, 57, 205, 223, 121, 254, 157, 187, 164, 115, 90, 497, 13, 126, 129, 74, 47, 365, 72, 591, 187, 15, 638, 50, 12, 20, 201, 248, 22, 42, 250, 424, 205, 10, 364, 160, 288, 186, 10, 275, 215, 250, 88, 200, 179, 510, 233, 97, 156, 98, 299, 7, 173, 90, 145, 209, 142, 201, 101, 327, 47, 68, 164, 84, 177, 376, 23, 134, 29, 201, 137, 20, 304, 212, 12, 102, 13, 144, 154, 222, 57, 76]",3925
bfcl_v3,bfcl_v3:multi_turn_base_12,1,3798,128,20,1,127,3925,6,"[436, 201, 6, 168, 273, 905, 1126, 126, 85, 125, 92, 0, 536, 78, 56, 30, 1224, 6, 184, 6, 36, 24, 12, 6, 134, 166, 91, 4, 287, 173, 33, 101, 369, 129, 19, 77, 5, 303, 7, 33, 244, 21, 243, 139, 254, 433, 23, 68, 240, 59, 22, 817, 72, 136, 153, 33, 717, 377, 263, 17, 19, 177, 355, 75, 170, 38, 17, 8, 146, 52, 470, 277, 68, 36, 145, 215, 213, 84, 139, 266, 79, 10, 126, 198, 67, 56, 26, 35, 1116, 43, 152, 125, 36, 30, 177, 218, 161, 83, 26, 198, 6, 52, 156, 29, 156, 65, 221, 206, 251, 60, 9, 483, 222, 465, 1210, 200, 50, 158, 163, 95, 42, 224, 586, 95, 100, 262, 17, 32]",3925
bfcl_v3,bfcl_v3:multi_turn_base_12,1,3798,128,22,1,127,3925,6,"[104, 58, 118, 105, 114, 94, 211, 448, 461, 23, 152, 483, 67, 91, 19, 79, 176, 101, 771, 29, 57, 48, 229, 181, 392, 192, 385, 163, 187, 85, 86, 25, 87, 218, 87, 61, 143, 343, 182, 406, 458, 614, 182, 108, 175, 203, 48, 161, 20, 181, 237, 182, 604, 34, 196, 44, 120, 78, 188, 34, 28, 129, 75, 132, 44, 118, 200, 592, 139, 101, 89, 767, 262, 424, 71, 63, 159, 50, 979, 416, 101, 172, 57, 432, 131, 148, 120, 120, 41, 18, 59, 120, 59, 183, 9, 218, 183, 251, 81, 152, 1138, 12, 149, 78, 19, 186, 136, 139, 53, 42, 382, 61, 101, 204, 34, 163, 5, 285, 163, 37, 5, 262, 338, 132, 110, 445, 136, 114]",3925
bfcl_v3,bfcl_v3:multi_turn_base_12,1,3798,128,24,1,127,3925,6,"[90, 76, 128, 330, 149, 12, 34, 41, 393, 41, 45, 134, 197, 83, 24, 32, 9, 63, 19, 589, 696, 9, 22, 91, 15, 192, 118, 62, 538, 14, 182, 206, 136, 177, 160, 0, 34, 176, 6, 845, 45, 52, 119, 419, 33, 721, 52, 71, 193, 182, 58, 76, 55, 105, 1956, 4, 108, 38, 358, 244, 32, 447, 66, 117, 605, 19, 659, 35, 43, 43, 234, 50, 249, 64, 34, 320, 3, 58, 435, 38, 28, 121, 258, 644, 323, 176, 354, 135, 66, 24, 203, 339, 164, 313, 173, 252, 22, 164, 22, 127, 99, 155, 14, 218, 232, 56, 1269, 86, 28, 104, 134, 7, 117, 68, 274, 141, 150, 35, 63, 57, 418, 230, 39, 617, 54, 24, 172, 173]",3925
bfcl_v3,bfcl_v3:multi_turn_base_12,1,3798,128,27,1,127,3925,6,"[131, 296, 105, 17, 201, 76, 124, 35, 74, 201, 218, 15, 326, 74, 111, 40, 34, 136, 133, 62, 24, 88, 380, 162, 189, 119, 195, 348, 152, 59, 218, 95, 414, 166, 174, 2, 245, 646, 172, 6, 604, 153, 80, 132, 332, 167, 332, 502, 25, 62, 299, 136, 293, 153, 132, 35, 10, 257, 279, 33, 6, 99, 336, 10, 274, 136, 66, 145, 92, 5, 122, 316, 148, 206, 42, 25, 465, 23, 36, 33, 381, 25, 11, 529, 474, 37, 9, 60, 74, 173, 416, 140, 104, 100, 363, 299, 559, 1230, 49, 88, 100, 318, 119, 540, 186, 139, 520, 20, 171, 136, 296, 42, 39, 427, 34, 91, 275, 125, 159, 492, 128, 503, 35, 150, 60, 47, 227, 186]",3925
bfcl_v3,bfcl_v3:multi_turn_base_12,1,3798,128,29,1,127,3925,6,"[189, 332, 17, 41, 329, 170, 93, 144, 11, 80, 282, 59, 351, 86, 301, 170, 64, 83, 160, 48, 113, 102, 330, 221, 79, 198, 219, 43, 1019, 162, 184, 19, 98, 0, 381, 117, 130, 135, 82, 169, 165, 14, 65, 62, 707, 133, 143, 26, 285, 126, 238, 127, 1059, 191, 60, 163, 213, 94, 470, 344, 38, 83, 15, 121, 67, 91, 131, 50, 168, 67, 40, 80, 131, 175, 73, 126, 277, 87, 0, 58, 95, 408, 227, 13, 67, 165, 308, 371, 29, 530, 342, 342, 248, 554, 13, 351, 206, 129, 73, 211, 51, 670, 124, 158, 177, 364, 132, 175, 198, 82, 88, 584, 34, 11, 1, 143, 10, 520, 167, 203, 362, 114, 160, 29, 212, 215, 169, 341]",3925
bfcl_v3,bfcl_v3:multi_turn_base_12,1,3798,128,31,1,127,3925,6,"[99, 1299, 55, 127, 98, 629, 137, 177, 27, 143, 71, 146, 79, 145, 755, 1134, 362, 84, 379, 242, 12, 65, 124, 57, 0, 14, 20, 83, 334, 393, 112, 113, 295, 15, 69, 210, 52, 386, 344, 165, 657, 36, 341, 28, 170, 58, 174, 27, 347, 161, 116, 217, 68, 8, 16, 326, 71, 41, 31, 80, 502, 44, 13, 250, 53, 299, 410, 390, 116, 92, 152, 141, 55, 67, 148, 38, 235, 87, 255, 439, 241, 68, 137, 84, 132, 81, 39, 302, 201, 50, 115, 102, 98, 35, 21, 464, 283, 92, 116, 49, 218, 124, 200, 155, 363, 46, 72, 96, 186, 18, 89, 252, 134, 372, 62, 397, 33, 88, 33, 285, 90, 93, 302, 511, 20, 206, 72, 513]",3925
bfcl_v3,bfcl_v3:multi_turn_base_12,1,3798,128,34,1,127,3925,6,"[280, 142, 162, 1, 434, 41, 293, 413, 34, 248, 196, 218, 223, 438, 156, 131, 141, 110, 16, 1, 152, 124, 784, 501, 90, 198, 7, 23, 211, 664, 38, 229, 194, 69, 337, 204, 166, 630, 1687, 297, 43, 2, 399, 125, 553, 119, 29, 313, 221, 283, 97, 346, 51, 360, 13, 20, 412, 365, 14, 45, 74, 267, 427, 156, 137, 198, 47, 136, 271, 5, 231, 114, 237, 156, 15, 211, 114, 8, 72, 132, 61, 160, 160, 62, 86, 8, 61, 49, 82, 55, 362, 66, 65, 169, 23, 358, 292, 483, 148, 316, 41, 131, 74, 142, 38, 4, 26, 358, 222, 103, 202, 64, 435, 169, 296, 68, 120, 87, 0, 10, 109, 141, 48, 108, 216, 7, 94, 70]",3925
bfcl_v3,bfcl_v3:multi_turn_base_12,1,3798,128,36,1,127,3925,6,"[153, 133, 26, 258, 29, 152, 119, 243, 231, 72, 11, 34, 52, 1754, 721, 13, 109, 172, 230, 112, 60, 787, 21, 201, 48, 148, 31, 303, 294, 794, 230, 243, 269, 171, 186, 85, 172, 69, 140, 151, 411, 12, 219, 91, 74, 352, 17, 172, 196, 180, 98, 91, 321, 299, 180, 356, 214, 246, 104, 51, 216, 307, 336, 171, 107, 24, 108, 38, 323, 106, 27, 17, 42, 29, 270, 202, 217, 147, 362, 75, 27, 105, 143, 200, 94, 154, 7, 126, 274, 287, 13, 51, 218, 195, 33, 191, 97, 10, 95, 131, 286, 128, 63, 177, 138, 162, 122, 111, 279, 451, 126, 466, 305, 31, 7, 393, 229, 35, 115, 160, 195, 88, 366, 211, 252, 79, 230, 59]",3925
bfcl_v3,bfcl_v3:multi_turn_base_12,1,3798,128,38,1,127,3925,6,"[140, 41, 81, 10, 387, 536, 646, 117, 1154, 318, 8, 44, 28, 46, 249, 220, 181, 92, 36, 84, 186, 114, 232, 166, 119, 171, 387, 460, 87, 306, 357, 78, 86, 2, 71, 189, 44, 63, 35, 427, 33, 164, 228, 103, 343, 313, 325, 25, 42, 248, 70, 348, 225, 232, 98, 261, 162, 84, 144, 5, 289, 36, 32, 105, 19, 227, 39, 235, 61, 292, 196, 150, 115, 135, 158, 119, 392, 189, 66, 79, 58, 386, 69, 17, 17, 147, 356, 39, 326, 70, 208, 25, 193, 293, 125, 236, 110, 138, 108, 49, 355, 225, 363, 31, 70, 81, 5, 215, 272, 337, 291, 170, 196, 622, 134, 223, 29, 138, 71, 62, 409, 79, 129, 459, 78, 55, 328, 768]",3925
bfcl_v3,bfcl_v3:multi_turn_base_12,1,3798,128,40,1,127,3925,6,"[68, 721, 90, 269, 166, 33, 19, 45, 40, 139, 71, 67, 277, 8, 168, 220, 250, 122, 92, 63, 56, 73, 53, 61, 145, 69, 100, 88, 3, 133, 899, 55, 5, 159, 135, 84, 109, 241, 41, 32, 64, 121, 396, 30, 70, 405, 85, 272, 181, 216, 214, 103, 330, 219, 276, 261, 850, 143, 238, 103, 68, 37, 92, 208, 15, 339, 178, 147, 217, 869, 437, 191, 27, 142, 202, 481, 174, 13, 307, 268, 266, 424, 152, 55, 62, 137, 171, 18, 79, 35, 34, 438, 276, 233, 193, 135, 410, 255, 103, 136, 121, 189, 88, 257, 70, 217, 50, 167, 150, 40, 605, 204, 43, 181, 62, 213, 887, 75, 426, 254, 290, 315, 40, 212, 73, 6, 54, 191]",3925
bfcl_v3,bfcl_v3:multi_turn_base_12,1,3798,128,43,1,127,3925,6,"[21, 218, 122, 519, 175, 368, 58, 56, 144, 87, 97, 229, 389, 47, 128, 90, 172, 76, 35, 390, 45, 423, 95, 684, 297, 407, 201, 13, 618, 208, 25, 42, 125, 210, 132, 32, 510, 295, 271, 242, 116, 177, 25, 275, 80, 216, 631, 73, 254, 142, 67, 296, 133, 86, 296, 273, 214, 114, 181, 123, 107, 214, 132, 100, 143, 148, 67, 285, 152, 137, 65, 325, 48, 125, 209, 246, 235, 102, 147, 77, 161, 143, 251, 44, 95, 1282, 329, 97, 78, 299, 65, 233, 115, 65, 192, 188, 274, 31, 62, 40, 12, 199, 389, 33, 161, 57, 124, 56, 185, 474, 7, 21, 61, 3, 21, 91, 780, 334, 171, 24, 80, 54, 9, 106, 219, 291, 246, 166]",3925
bfcl_v3,bfcl_v3:multi_turn_base_12,1,3798,128,45,1,127,3925,6,"[58, 37, 144, 358, 28, 156, 215, 36, 93, 309, 36, 232, 107, 2, 81, 218, 16, 183, 46, 105, 510, 253, 71, 336, 186, 95, 108, 86, 548, 10, 65, 269, 116, 145, 197, 23, 45, 15, 93, 785, 100, 803, 46, 32, 105, 195, 229, 39, 78, 568, 842, 401, 121, 200, 188, 62, 17, 11, 149, 319, 251, 9, 199, 203, 86, 16, 115, 148, 234, 77, 139, 292, 11, 105, 25, 277, 326, 1653, 248, 3, 173, 36, 75, 264, 137, 290, 207, 369, 629, 450, 88, 71, 121, 195, 74, 119, 6, 38, 60, 27, 75, 80, 47, 24, 313, 210, 93, 123, 8, 513, 137, 73, 75, 30, 228, 164, 166, 93, 89, 282, 29, 43, 48, 6, 1076, 370, 33, 355]",3925
bfcl_v3,bfcl_v3:multi_turn_base_12,1,3798,128,47,1,127,3925,6,"[371, 139, 383, 232, 311, 47, 30, 356, 103, 215, 127, 78, 29, 28, 361, 226, 113, 143, 215, 480, 115, 200, 183, 94, 91, 55, 133, 133, 51, 59, 232, 45, 114, 90, 21, 133, 84, 174, 223, 264, 55, 248, 52, 193, 107, 134, 65, 174, 318, 156, 45, 415, 35, 36, 111, 236, 113, 365, 43, 31, 147, 31, 195, 111, 45, 117, 79, 145, 227, 153, 71, 212, 201, 54, 39, 636, 386, 209, 56, 372, 221, 142, 110, 181, 38, 36, 228, 7, 18, 468, 80, 45, 250, 498, 927, 193, 187, 110, 3, 22, 216, 181, 238, 856, 118, 170, 40, 221, 108, 577, 243, 273, 100, 224, 290, 297, 718, 45, 225, 48, 641, 88, 143, 196, 141, 55, 79, 356]",3925
bfcl_v3,bfcl_v3:multi_turn_base_12,1,3798,128,49,1,127,3925,6,"[62, 78, 51, 387, 152, 152, 588, 305, 18, 4, 82, 546, 64, 430, 484, 142, 45, 105, 30, 426, 151, 192, 148, 36, 16, 181, 401, 60, 23, 592, 167, 122, 214, 116, 405, 235, 95, 42, 44, 47, 56, 140, 150, 83, 210, 255, 53, 118, 176, 34, 90, 86, 179, 263, 36, 52, 129, 213, 71, 36, 13, 49, 29, 156, 212, 216, 421, 90, 161, 114, 102, 161, 260, 114, 502, 126, 52, 297, 314, 93, 23, 322, 57, 194, 347, 57, 186, 77, 124, 463, 102, 4, 60, 321, 780, 207, 396, 126, 172, 272, 60, 78, 144, 165, 44, 66, 293, 56, 421, 167, 116, 82, 130, 240, 148, 173, 306, 387, 198, 286, 114, 161, 437, 952, 337, 64, 126, 159]",3925
bfcl_v3,bfcl_v3:multi_turn_base_12,1,3798,128,51,1,127,3925,6,"[31, 357, 27, 232, 78, 279, 88, 66, 27, 11, 18, 258, 95, 135, 48, 107, 258, 84, 133, 50, 492, 480, 202, 76, 165, 80, 211, 19, 86, 275, 386, 324, 89, 247, 80, 422, 373, 71, 113, 22, 23, 149, 98, 178, 215, 277, 339, 261, 555, 51, 117, 141, 152, 44, 31, 160, 522, 54, 203, 301, 315, 205, 211, 218, 390, 208, 302, 57, 147, 93, 49, 429, 304, 210, 307, 902, 174, 75, 248, 200, 218, 194, 159, 106, 146, 142, 263, 94, 34, 6, 61, 98, 267, 91, 300, 44, 60, 356, 58, 90, 85, 61, 457, 758, 78, 743, 154, 23, 80, 193, 18, 426, 127, 198, 237, 285, 161, 67, 163, 132, 167, 197, 58, 71, 26, 111, 170, 7]",3925
bfcl_v3,bfcl_v3:multi_turn_base_13,1,6662,128,1,1,127,6789,6,"[395, 536, 230, 394, 540, 120, 127, 592, 212, 157, 132, 379, 438, 504, 275, 662, 266, 54, 619, 827, 153, 151, 341, 109, 274, 375, 179, 159, 132, 700, 278, 98, 456, 134, 51, 322, 405, 509, 339, 251, 283, 381, 151, 790, 798, 51, 424, 76, 72, 182, 373, 24, 181, 451, 251, 383, 527, 460, 548, 436, 68, 330, 205, 131, 346, 158, 54, 429, 348, 209, 113, 205, 227, 435, 216, 800, 88, 325, 520, 157, 125, 226, 133, 641, 187, 246, 294, 668, 772, 183, 539, 370, 266, 440, 418, 170, 517, 495, 226, 147, 210, 137, 564, 157, 429, 184, 132, 563, 601, 189, 70, 120, 875, 389, 140, 309, 63, 174, 387, 360, 534, 452, 229, 783, 55, 82, 56, 346]",6789
bfcl_v3,bfcl_v3:multi_turn_base_13,1,6662,128,3,1,127,6789,6,"[149, 631, 507, 195, 376, 242, 136, 258, 453, 273, 511, 308, 420, 508, 385, 184, 336, 454, 419, 115, 552, 178, 364, 430, 81, 420, 120, 196, 95, 57, 225, 37, 408, 656, 84, 423, 186, 345, 44, 216, 673, 61, 429, 569, 56, 170, 624, 1032, 100, 258, 481, 174, 132, 545, 165, 461, 80, 32, 233, 252, 146, 55, 464, 675, 979, 446, 415, 59, 273, 56, 340, 40, 126, 402, 324, 546, 165, 935, 36, 271, 116, 321, 350, 38, 101, 363, 442, 157, 49, 120, 344, 443, 651, 341, 72, 325, 274, 86, 127, 169, 570, 462, 414, 275, 457, 685, 535, 302, 242, 252, 437, 942, 174, 66, 80, 381, 154, 192, 417, 169, 75, 143, 572, 188, 788, 247, 1104, 265]",6789
bfcl_v3,bfcl_v3:multi_turn_base_13,1,6662,128,6,1,127,6789,6,"[533, 127, 97, 516, 559, 133, 320, 176, 705, 189, 173, 171, 673, 176, 150, 801, 477, 34, 179, 102, 132, 640, 236, 365, 259, 61, 361, 1000, 488, 215, 257, 727, 86, 162, 135, 523, 205, 73, 266, 871, 203, 668, 76, 176, 226, 143, 540, 155, 11, 269, 238, 300, 91, 219, 201, 334, 321, 322, 148, 273, 211, 463, 212, 30, 301, 1350, 217, 289, 518, 656, 410, 343, 81, 324, 238, 484, 151, 264, 193, 240, 549, 130, 748, 360, 368, 282, 403, 99, 509, 71, 57, 139, 1175, 140, 118, 528, 235, 370, 146, 213, 237, 869, 315, 763, 120, 40, 135, 195, 391, 141, 163, 69, 223, 168, 278, 109, 294, 213, 190, 107, 375, 286, 784, 835, 322, 891, 238, 101]",6789
bfcl_v3,bfcl_v3:multi_turn_base_13,1,6662,128,8,1,127,6789,6,"[219, 351, 111, 464, 84, 112, 356, 190, 460, 264, 481, 1281, 166, 54, 767, 819, 646, 338, 339, 230, 244, 342, 326, 61, 189, 61, 59, 31, 372, 412, 334, 49, 51, 381, 364, 156, 488, 93, 624, 160, 133, 160, 205, 221, 239, 186, 443, 119, 164, 35, 212, 870, 43, 405, 699, 494, 194, 501, 466, 612, 3, 35, 232, 394, 50, 516, 291, 216, 231, 20, 162, 1184, 254, 198, 66, 78, 541, 499, 251, 114, 346, 356, 519, 430, 267, 161, 106, 15, 752, 406, 854, 39, 536, 276, 1398, 354, 127, 269, 254, 316, 655, 51, 155, 27, 1107, 129, 105, 127, 407, 176, 207, 118, 286, 73, 119, 184, 1035, 276, 131, 103, 2, 120, 871, 593, 537, 448, 369, 277]",6789
bfcl_v3,bfcl_v3:multi_turn_base_13,1,6662,128,10,1,127,6789,6,"[698, 521, 314, 40, 252, 42, 376, 112, 1008, 1, 133, 202, 581, 108, 760, 490, 1094, 148, 615, 249, 195, 769, 1095, 75, 96, 253, 44, 225, 101, 100, 111, 578, 84, 41, 145, 35, 146, 69, 135, 55, 269, 156, 187, 144, 354, 459, 230, 115, 22, 989, 332, 110, 327, 86, 446, 418, 627, 487, 21, 306, 190, 211, 545, 170, 192, 73, 218, 425, 520, 41, 358, 705, 932, 20, 43, 419, 152, 647, 575, 519, 274, 173, 186, 148, 86, 173, 297, 4, 189, 220, 148, 301, 278, 302, 1247, 214, 13, 20, 333, 130, 1449, 416, 239, 186, 370, 267, 233, 44, 2174, 93, 426, 289, 46, 160, 237, 327, 34, 500, 288, 265, 382, 67, 107, 23, 17, 304, 1269, 650]",6789
bfcl_v3,bfcl_v3:multi_turn_base_13,1,6662,128,13,1,127,6789,6,"[499, 29, 249, 68, 51, 90, 281, 72, 530, 140, 163, 166, 1199, 175, 321, 864, 416, 180, 361, 175, 73, 19, 1176, 268, 104, 514, 648, 1496, 90, 91, 267, 73, 404, 28, 1215, 37, 613, 85, 200, 153, 394, 1018, 154, 7, 451, 393, 1069, 484, 646, 236, 145, 474, 1057, 167, 442, 46, 106, 343, 429, 304, 308, 197, 183, 122, 590, 107, 372, 120, 10, 5, 707, 255, 252, 402, 1428, 21, 715, 344, 44, 623, 296, 111, 509, 18, 363, 468, 33, 147, 180, 208, 246, 1026, 201, 231, 85, 30, 223, 282, 180, 194, 46, 285, 596, 12, 345, 103, 380, 346, 355, 191, 268, 8, 57, 69, 103, 146, 504, 450, 87, 731, 539, 11, 79, 100, 727, 111, 118, 183]",6789
bfcl_v3,bfcl_v3:multi_turn_base_13,1,6662,128,15,1,127,6789,6,"[341, 723, 74, 189, 73, 751, 65, 1007, 391, 839, 122, 374, 79, 346, 57, 1056, 331, 76, 628, 92, 51, 778, 812, 342, 155, 232, 392, 82, 530, 108, 174, 57, 290, 1333, 319, 267, 319, 1058, 45, 245, 62, 897, 318, 90, 105, 1355, 57, 68, 232, 447, 208, 54, 66, 359, 866, 318, 100, 241, 719, 113, 618, 20, 24, 918, 144, 75, 388, 77, 270, 60, 55, 120, 129, 361, 411, 203, 93, 176, 590, 103, 401, 163, 599, 951, 132, 396, 167, 14, 115, 248, 770, 331, 109, 106, 327, 595, 47, 191, 141, 195, 946, 88, 459, 90, 350, 185, 36, 124, 197, 140, 13, 199, 137, 17, 53, 106, 523, 399, 844, 166, 838, 24, 477, 226, 146, 170, 233, 837]",6789
bfcl_v3,bfcl_v3:multi_turn_base_13,1,6662,128,17,1,127,6789,6,"[141, 247, 242, 249, 1223, 749, 188, 100, 433, 147, 398, 216, 250, 1100, 63, 405, 336, 315, 470, 124, 1982, 86, 427, 199, 59, 439, 105, 949, 450, 123, 480, 20, 1025, 447, 94, 163, 232, 1303, 19, 228, 924, 301, 135, 261, 180, 46, 94, 91, 236, 434, 307, 430, 339, 449, 331, 205, 158, 1028, 25, 193, 152, 100, 82, 483, 111, 662, 212, 23, 978, 67, 141, 27, 384, 427, 57, 136, 375, 718, 334, 14, 680, 468, 401, 377, 29, 476, 434, 307, 149, 253, 490, 927, 254, 132, 171, 139, 518, 21, 253, 102, 173, 490, 160, 359, 228, 622, 16, 83, 284, 188, 360, 466, 40, 208, 44, 362, 131, 65, 523, 251, 35, 233, 25, 173, 259, 261, 110, 128]",6789
bfcl_v3,bfcl_v3:multi_turn_base_13,1,6662,128,20,1,127,6789,6,"[690, 283, 24, 257, 308, 1572, 2590, 139, 148, 292, 50, 10, 986, 215, 71, 33, 2208, 4, 313, 19, 59, 146, 5, 8, 374, 294, 160, 10, 682, 297, 59, 188, 565, 209, 25, 98, 6, 391, 10, 64, 733, 32, 466, 233, 497, 508, 19, 88, 397, 145, 41, 900, 120, 177, 215, 42, 883, 482, 358, 48, 54, 272, 556, 207, 375, 96, 37, 35, 516, 130, 775, 582, 145, 61, 309, 396, 208, 110, 280, 320, 94, 27, 96, 682, 189, 37, 20, 43, 1889, 65, 256, 214, 161, 24, 289, 291, 288, 145, 36, 344, 15, 77, 220, 94, 356, 80, 436, 473, 261, 81, 13, 676, 310, 964, 1277, 372, 65, 238, 350, 145, 115, 990, 1137, 182, 246, 589, 29, 43]",6789
bfcl_v3,bfcl_v3:multi_turn_base_13,1,6662,128,22,1,127,6789,6,"[164, 101, 169, 173, 152, 103, 301, 785, 857, 45, 260, 815, 381, 123, 80, 148, 194, 157, 1527, 52, 80, 62, 315, 255, 819, 360, 688, 253, 435, 128, 113, 27, 131, 384, 106, 87, 241, 710, 313, 699, 711, 1025, 220, 138, 227, 391, 87, 285, 24, 283, 415, 312, 1015, 70, 517, 47, 282, 118, 380, 71, 36, 300, 121, 150, 78, 216, 427, 1069, 245, 152, 192, 1389, 492, 728, 128, 219, 201, 94, 1303, 460, 130, 277, 95, 606, 183, 264, 317, 160, 76, 24, 85, 201, 117, 330, 8, 427, 361, 346, 132, 224, 1980, 19, 177, 103, 143, 378, 307, 299, 96, 78, 655, 114, 150, 490, 65, 300, 10, 484, 399, 48, 4, 456, 529, 300, 140, 731, 324, 181]",6789
bfcl_v3,bfcl_v3:multi_turn_base_13,1,6662,128,24,1,127,6789,6,"[170, 170, 169, 553, 299, 3, 34, 38, 689, 62, 94, 147, 352, 145, 35, 90, 29, 132, 46, 826, 747, 15, 21, 191, 20, 385, 175, 51, 810, 42, 319, 342, 242, 278, 292, 1, 51, 346, 7, 1900, 143, 60, 174, 589, 24, 1282, 83, 104, 411, 265, 78, 167, 207, 170, 2749, 2, 193, 44, 717, 642, 46, 715, 146, 211, 1484, 44, 1404, 47, 70, 97, 383, 85, 384, 94, 31, 638, 19, 162, 702, 110, 35, 208, 401, 1157, 478, 331, 618, 306, 37, 34, 443, 810, 224, 426, 239, 240, 46, 245, 28, 188, 208, 380, 104, 321, 405, 130, 2121, 171, 31, 401, 282, 12, 198, 160, 456, 198, 194, 36, 103, 172, 376, 349, 51, 1345, 61, 30, 410, 241]",6789
bfcl_v3,bfcl_v3:multi_turn_base_13,1,6662,128,27,1,127,6789,6,"[242, 307, 277, 50, 396, 104, 244, 117, 93, 326, 438, 86, 540, 82, 199, 241, 27, 167, 229, 108, 34, 155, 451, 264, 421, 235, 189, 612, 392, 75, 408, 174, 556, 292, 427, 3, 643, 1207, 308, 15, 1248, 270, 122, 230, 491, 264, 850, 720, 27, 157, 461, 195, 529, 261, 172, 67, 16, 461, 500, 37, 17, 200, 590, 28, 453, 211, 118, 153, 175, 14, 308, 614, 264, 386, 36, 23, 970, 3, 45, 81, 731, 32, 17, 922, 1033, 32, 4, 136, 61, 454, 724, 298, 309, 235, 850, 591, 798, 1371, 34, 217, 79, 544, 155, 1036, 298, 248, 818, 37, 241, 346, 623, 68, 67, 644, 59, 171, 268, 258, 291, 922, 153, 489, 93, 259, 70, 64, 415, 268]",6789
bfcl_v3,bfcl_v3:multi_turn_base_13,1,6662,128,29,1,127,6789,6,"[256, 638, 16, 64, 618, 251, 166, 222, 17, 94, 515, 133, 640, 168, 445, 508, 119, 89, 268, 32, 143, 214, 489, 406, 174, 330, 391, 61, 1430, 254, 321, 11, 133, 1, 663, 237, 181, 267, 174, 266, 322, 45, 103, 71, 766, 243, 231, 34, 483, 208, 373, 226, 1417, 344, 99, 330, 332, 115, 728, 775, 50, 179, 557, 199, 159, 215, 184, 103, 341, 128, 77, 175, 182, 226, 167, 175, 564, 135, 1, 262, 132, 637, 412, 35, 130, 296, 567, 753, 61, 922, 597, 561, 798, 1125, 22, 561, 332, 167, 161, 375, 51, 1063, 269, 233, 266, 678, 275, 328, 339, 247, 181, 819, 63, 22, 4, 222, 15, 880, 239, 505, 546, 186, 236, 28, 433, 360, 291, 582]",6789
bfcl_v3,bfcl_v3:multi_turn_base_13,1,6662,128,31,1,127,6789,6,"[191, 1334, 85, 281, 153, 949, 216, 591, 32, 278, 95, 190, 78, 216, 1435, 1640, 618, 120, 670, 398, 26, 110, 169, 50, 3, 18, 15, 115, 635, 775, 269, 200, 624, 17, 89, 489, 73, 837, 529, 373, 1371, 87, 362, 30, 321, 100, 241, 56, 534, 272, 344, 787, 151, 11, 31, 545, 209, 88, 14, 108, 884, 88, 44, 220, 498, 338, 565, 658, 140, 205, 207, 277, 63, 81, 338, 70, 399, 155, 434, 776, 471, 110, 283, 86, 185, 137, 44, 546, 298, 126, 211, 174, 201, 70, 43, 884, 441, 123, 174, 83, 327, 238, 325, 305, 615, 83, 193, 178, 302, 66, 137, 505, 219, 754, 128, 806, 49, 129, 21, 460, 172, 100, 651, 701, 29, 335, 144, 984]",6789
bfcl_v3,bfcl_v3:multi_turn_base_13,1,6662,128,34,1,127,6789,6,"[620, 210, 250, 2, 595, 70, 503, 472, 100, 443, 337, 479, 505, 923, 260, 217, 292, 150, 11, 1, 418, 247, 1289, 667, 157, 249, 3, 30, 406, 1172, 74, 494, 322, 124, 830, 378, 386, 973, 2458, 987, 57, 4, 655, 163, 677, 299, 65, 311, 314, 584, 236, 620, 118, 619, 12, 13, 815, 624, 40, 129, 138, 410, 784, 311, 180, 468, 88, 230, 490, 17, 439, 191, 494, 206, 34, 303, 157, 39, 58, 253, 76, 226, 300, 70, 237, 21, 125, 100, 153, 57, 505, 210, 112, 288, 54, 647, 479, 985, 287, 368, 119, 187, 90, 289, 147, 14, 38, 550, 328, 204, 398, 160, 719, 242, 404, 82, 216, 112, 1, 15, 94, 228, 105, 167, 394, 21, 167, 194]",6789
bfcl_v3,bfcl_v3:multi_turn_base_13,1,6662,128,36,1,127,6789,6,"[218, 235, 21, 359, 38, 310, 161, 414, 948, 109, 14, 82, 78, 1528, 994, 19, 137, 366, 287, 221, 132, 1429, 37, 374, 101, 227, 41, 479, 425, 1663, 448, 428, 578, 531, 403, 154, 458, 99, 339, 248, 639, 6, 394, 56, 85, 776, 507, 181, 423, 183, 147, 168, 585, 603, 270, 453, 375, 394, 124, 104, 425, 500, 442, 293, 154, 37, 212, 49, 608, 177, 31, 23, 31, 69, 516, 293, 441, 209, 562, 198, 63, 200, 205, 385, 179, 269, 7, 399, 501, 397, 12, 128, 454, 257, 36, 269, 143, 17, 113, 216, 419, 282, 202, 411, 166, 290, 183, 228, 437, 1020, 255, 669, 454, 63, 110, 487, 490, 81, 186, 288, 331, 174, 743, 428, 567, 132, 369, 143]",6789
bfcl_v3,bfcl_v3:multi_turn_base_13,1,6662,128,38,1,127,6789,6,"[296, 72, 160, 20, 649, 819, 1262, 202, 1018, 404, 67, 70, 57, 74, 591, 251, 434, 140, 71, 150, 315, 226, 283, 393, 177, 342, 790, 897, 111, 643, 596, 100, 145, 1, 121, 267, 31, 140, 16, 922, 96, 300, 321, 99, 535, 528, 578, 51, 53, 309, 132, 656, 322, 448, 118, 450, 278, 117, 253, 8, 453, 68, 64, 197, 57, 401, 146, 252, 147, 623, 271, 212, 154, 392, 188, 195, 385, 265, 104, 101, 52, 596, 83, 29, 40, 174, 540, 174, 406, 126, 350, 61, 396, 274, 174, 324, 195, 222, 173, 127, 585, 286, 645, 57, 147, 134, 26, 281, 497, 528, 313, 255, 251, 1328, 487, 292, 72, 392, 111, 178, 959, 102, 162, 840, 75, 1740, 304, 1521]",6789
bfcl_v3,bfcl_v3:multi_turn_base_13,1,6662,128,40,1,127,6789,6,"[72, 737, 135, 372, 248, 80, 14, 126, 70, 218, 168, 79, 339, 28, 376, 297, 381, 171, 112, 84, 74, 51, 75, 128, 1768, 163, 116, 185, 12, 274, 1463, 123, 152, 222, 285, 133, 224, 364, 51, 58, 76, 191, 410, 48, 74, 440, 185, 469, 343, 371, 446, 191, 639, 298, 330, 522, 1153, 251, 376, 272, 78, 96, 142, 365, 27, 938, 412, 193, 356, 1556, 661, 421, 72, 179, 486, 561, 614, 72, 442, 350, 337, 622, 250, 175, 234, 236, 339, 18, 131, 58, 85, 713, 558, 315, 325, 221, 458, 397, 212, 359, 251, 358, 129, 468, 275, 552, 70, 395, 300, 27, 973, 400, 81, 306, 115, 325, 1276, 125, 918, 581, 365, 310, 58, 393, 124, 28, 79, 275]",6789
bfcl_v3,bfcl_v3:multi_turn_base_13,1,6662,128,43,1,127,6789,6,"[55, 544, 104, 1145, 200, 717, 113, 77, 221, 162, 208, 472, 596, 124, 190, 222, 232, 190, 28, 573, 82, 851, 357, 848, 308, 529, 405, 37, 928, 306, 28, 59, 535, 427, 187, 60, 846, 550, 284, 473, 236, 362, 17, 344, 143, 289, 728, 107, 279, 233, 99, 423, 205, 103, 483, 368, 259, 207, 229, 187, 118, 523, 175, 137, 434, 291, 199, 463, 237, 282, 155, 569, 80, 96, 425, 400, 371, 199, 204, 151, 230, 190, 544, 46, 176, 2593, 673, 164, 131, 522, 141, 563, 190, 100, 289, 345, 670, 49, 136, 54, 20, 244, 448, 52, 163, 132, 140, 102, 246, 889, 13, 37, 82, 13, 41, 304, 1035, 495, 293, 17, 91, 93, 707, 312, 215, 1012, 413, 236]",6789
bfcl_v3,bfcl_v3:multi_turn_base_13,1,6662,128,45,1,127,6789,6,"[161, 70, 226, 646, 43, 257, 1285, 153, 121, 479, 48, 299, 188, 28, 130, 461, 34, 453, 72, 166, 935, 433, 77, 477, 304, 154, 218, 152, 1211, 31, 142, 550, 236, 242, 335, 60, 69, 186, 191, 1431, 338, 1415, 68, 35, 221, 362, 356, 42, 178, 945, 1179, 698, 185, 306, 301, 206, 34, 25, 246, 508, 489, 14, 208, 394, 164, 22, 231, 237, 333, 129, 209, 499, 3, 193, 28, 421, 495, 1562, 292, 6, 353, 58, 141, 366, 164, 540, 361, 835, 752, 815, 103, 162, 225, 531, 151, 215, 8, 129, 109, 332, 129, 276, 71, 38, 640, 300, 181, 162, 66, 802, 211, 250, 136, 76, 340, 390, 194, 190, 220, 344, 75, 107, 124, 14, 1428, 555, 158, 576]",6789
bfcl_v3,bfcl_v3:multi_turn_base_13,1,6662,128,47,1,127,6789,6,"[562, 191, 426, 445, 518, 81, 55, 525, 138, 377, 182, 116, 74, 27, 566, 268, 219, 226, 407, 613, 176, 257, 265, 102, 145, 159, 236, 221, 44, 87, 318, 140, 215, 161, 37, 301, 100, 355, 370, 553, 105, 613, 129, 384, 317, 211, 204, 242, 618, 301, 67, 695, 139, 41, 247, 302, 137, 672, 63, 34, 210, 55, 334, 254, 103, 143, 140, 238, 456, 1329, 58, 420, 231, 98, 67, 1492, 498, 312, 74, 488, 449, 285, 240, 370, 39, 57, 331, 27, 23, 772, 67, 43, 430, 648, 1626, 360, 304, 186, 4, 24, 438, 335, 363, 1721, 319, 329, 60, 323, 152, 1101, 435, 543, 108, 294, 397, 558, 1104, 59, 282, 68, 1041, 103, 224, 287, 254, 81, 147, 544]",6789
bfcl_v3,bfcl_v3:multi_turn_base_13,1,6662,128,49,1,127,6789,6,"[68, 311, 123, 768, 342, 603, 915, 354, 47, 6, 154, 1035, 95, 595, 862, 280, 40, 177, 24, 655, 246, 418, 228, 43, 68, 335, 833, 146, 38, 701, 240, 250, 327, 171, 673, 453, 147, 62, 76, 65, 168, 279, 267, 129, 372, 376, 74, 185, 241, 58, 110, 192, 415, 381, 46, 90, 219, 428, 104, 61, 20, 53, 103, 341, 341, 396, 635, 160, 201, 150, 233, 441, 533, 151, 891, 185, 296, 447, 502, 209, 29, 729, 102, 277, 500, 81, 245, 105, 322, 547, 169, 71, 63, 743, 1436, 407, 829, 336, 246, 502, 147, 104, 297, 214, 113, 143, 236, 71, 739, 221, 120, 155, 260, 643, 241, 279, 755, 516, 299, 596, 171, 213, 424, 1278, 632, 97, 266, 308]",6789
bfcl_v3,bfcl_v3:multi_turn_base_13,1,6662,128,51,1,127,6789,6,"[121, 618, 36, 307, 94, 381, 177, 111, 40, 10, 23, 508, 143, 157, 106, 119, 347, 116, 340, 133, 437, 827, 279, 137, 238, 106, 323, 18, 143, 569, 879, 501, 163, 431, 99, 707, 658, 141, 216, 37, 13, 221, 184, 215, 299, 348, 575, 379, 837, 86, 215, 199, 295, 129, 29, 359, 886, 124, 404, 646, 670, 376, 340, 324, 603, 354, 436, 70, 225, 128, 94, 736, 484, 410, 654, 1513, 307, 241, 329, 268, 345, 428, 305, 232, 210, 180, 444, 123, 58, 15, 123, 200, 607, 137, 522, 218, 127, 662, 119, 121, 107, 120, 679, 1591, 174, 1403, 251, 20, 167, 352, 46, 765, 179, 392, 579, 652, 287, 187, 210, 247, 289, 338, 125, 103, 41, 127, 321, 5]",6789
bfcl_v3,bfcl_v3:multi_turn_base_14,1,5400,128,1,1,127,5527,6,"[384, 429, 225, 252, 392, 86, 120, 411, 173, 97, 143, 324, 312, 376, 216, 515, 195, 62, 455, 678, 135, 130, 222, 95, 250, 330, 133, 149, 85, 564, 220, 93, 341, 88, 35, 293, 402, 480, 267, 173, 212, 298, 117, 680, 622, 61, 314, 60, 73, 141, 283, 17, 161, 400, 158, 387, 436, 383, 457, 376, 34, 278, 162, 137, 252, 101, 66, 359, 263, 194, 106, 176, 184, 355, 183, 685, 82, 263, 417, 115, 104, 190, 102, 543, 168, 201, 273, 484, 521, 152, 393, 319, 226, 360, 324, 109, 429, 580, 187, 98, 162, 85, 464, 77, 321, 89, 88, 469, 512, 169, 60, 93, 757, 291, 142, 312, 71, 142, 314, 360, 460, 368, 190, 678, 58, 25, 44, 220]",5527
bfcl_v3,bfcl_v3:multi_turn_base_14,1,5400,128,3,1,127,5527,6,"[160, 413, 369, 173, 343, 214, 90, 200, 329, 219, 414, 252, 366, 445, 367, 169, 236, 406, 327, 88, 458, 154, 242, 347, 62, 353, 145, 201, 91, 51, 207, 34, 291, 521, 51, 321, 135, 276, 40, 180, 492, 43, 348, 397, 56, 137, 540, 801, 79, 174, 378, 124, 134, 428, 151, 371, 58, 39, 231, 207, 111, 13, 361, 544, 747, 394, 293, 74, 249, 50, 281, 31, 113, 281, 212, 552, 136, 709, 40, 200, 111, 296, 284, 36, 38, 331, 429, 143, 38, 117, 309, 335, 495, 315, 82, 287, 185, 62, 119, 130, 496, 415, 228, 271, 360, 525, 511, 224, 240, 197, 320, 799, 176, 64, 73, 307, 147, 151, 370, 133, 88, 100, 414, 196, 531, 192, 984, 189]",5527
bfcl_v3,bfcl_v3:multi_turn_base_14,1,5400,128,6,1,127,5527,6,"[404, 103, 90, 376, 477, 112, 219, 175, 612, 106, 162, 103, 494, 157, 139, 627, 393, 31, 149, 95, 120, 505, 154, 317, 223, 54, 338, 810, 364, 176, 169, 689, 71, 170, 97, 613, 173, 79, 169, 711, 176, 478, 48, 141, 157, 101, 339, 121, 26, 239, 148, 213, 60, 193, 181, 273, 288, 260, 141, 175, 204, 363, 202, 35, 236, 1172, 164, 215, 393, 533, 414, 213, 61, 275, 165, 464, 98, 221, 201, 191, 409, 123, 522, 311, 299, 223, 307, 114, 413, 40, 57, 129, 975, 128, 95, 393, 126, 304, 131, 153, 200, 701, 253, 587, 71, 34, 111, 171, 322, 144, 136, 70, 212, 135, 226, 85, 261, 178, 149, 107, 312, 233, 545, 745, 228, 778, 221, 91]",5527
bfcl_v3,bfcl_v3:multi_turn_base_14,1,5400,128,8,1,127,5527,6,"[203, 241, 96, 236, 68, 132, 331, 155, 446, 192, 437, 828, 125, 48, 534, 695, 456, 344, 257, 183, 132, 300, 262, 49, 157, 36, 60, 36, 277, 335, 351, 48, 57, 279, 734, 94, 366, 125, 469, 121, 94, 89, 145, 234, 210, 158, 348, 79, 130, 11, 123, 687, 36, 329, 540, 393, 135, 448, 327, 441, 4, 46, 125, 292, 44, 399, 287, 267, 344, 17, 166, 674, 232, 195, 66, 50, 483, 405, 267, 85, 255, 203, 396, 456, 193, 100, 53, 42, 604, 331, 771, 22, 331, 199, 1285, 252, 68, 149, 160, 290, 548, 24, 137, 18, 947, 89, 91, 180, 480, 205, 141, 107, 258, 70, 79, 150, 846, 275, 116, 95, 3, 98, 599, 403, 363, 381, 302, 297]",5527
bfcl_v3,bfcl_v3:multi_turn_base_14,1,5400,128,10,1,127,5527,6,"[494, 414, 255, 51, 219, 36, 285, 105, 1295, 4, 131, 157, 570, 88, 331, 290, 522, 101, 479, 170, 172, 492, 541, 66, 69, 167, 24, 155, 71, 63, 95, 421, 90, 25, 138, 21, 86, 71, 138, 60, 232, 105, 166, 148, 267, 370, 148, 102, 21, 820, 197, 90, 270, 39, 460, 381, 309, 341, 23, 246, 138, 197, 373, 134, 149, 120, 251, 267, 548, 33, 285, 633, 583, 58, 49, 345, 129, 543, 567, 380, 280, 149, 123, 140, 90, 86, 228, 2, 199, 226, 134, 591, 290, 145, 925, 173, 10, 18, 257, 189, 1202, 264, 191, 170, 131, 235, 88, 50, 1800, 73, 367, 270, 106, 131, 211, 315, 54, 571, 239, 243, 566, 57, 83, 26, 10, 180, 1275, 520]",5527
bfcl_v3,bfcl_v3:multi_turn_base_14,1,5400,128,13,1,127,5527,6,"[375, 24, 193, 78, 34, 43, 239, 68, 325, 92, 140, 147, 1169, 137, 214, 670, 356, 178, 297, 172, 16, 13, 984, 268, 94, 541, 492, 429, 100, 38, 260, 71, 253, 6, 991, 14, 355, 72, 187, 140, 370, 649, 169, 10, 485, 288, 1154, 411, 820, 185, 125, 500, 1052, 175, 273, 35, 104, 120, 331, 256, 262, 135, 170, 103, 504, 84, 246, 86, 4, 4, 758, 255, 222, 324, 1008, 7, 540, 251, 34, 461, 266, 134, 398, 22, 326, 343, 9, 137, 89, 104, 261, 997, 171, 190, 94, 32, 155, 206, 129, 136, 36, 200, 440, 23, 290, 104, 288, 344, 231, 195, 254, 6, 71, 47, 80, 95, 431, 294, 67, 601, 363, 16, 87, 139, 635, 105, 97, 179]",5527
bfcl_v3,bfcl_v3:multi_turn_base_14,1,5400,128,15,1,127,5527,6,"[265, 725, 31, 94, 35, 767, 61, 767, 260, 711, 76, 331, 69, 250, 44, 787, 236, 33, 570, 40, 48, 556, 304, 305, 133, 202, 441, 82, 431, 120, 154, 56, 240, 1118, 322, 278, 298, 804, 43, 110, 106, 874, 285, 57, 101, 1154, 51, 48, 171, 365, 197, 47, 67, 321, 708, 289, 87, 194, 694, 96, 534, 24, 22, 880, 99, 52, 338, 59, 183, 55, 37, 94, 140, 258, 398, 191, 73, 123, 680, 25, 363, 177, 442, 680, 139, 246, 176, 5, 85, 233, 708, 293, 74, 94, 187, 547, 52, 178, 124, 191, 100, 68, 479, 77, 270, 125, 51, 105, 142, 149, 13, 143, 84, 24, 36, 98, 488, 491, 449, 167, 623, 24, 257, 229, 140, 110, 153, 699]",5527
bfcl_v3,bfcl_v3:multi_turn_base_14,1,5400,128,17,1,127,5527,6,"[124, 233, 256, 169, 1049, 538, 145, 82, 372, 117, 324, 184, 234, 962, 55, 329, 278, 193, 472, 119, 1620, 27, 343, 189, 32, 342, 73, 672, 468, 87, 356, 15, 951, 282, 68, 166, 201, 934, 12, 159, 765, 261, 76, 228, 146, 58, 110, 85, 224, 267, 276, 338, 255, 288, 224, 156, 131, 740, 17, 207, 175, 89, 67, 530, 82, 531, 222, 12, 843, 66, 39, 21, 270, 281, 33, 81, 299, 568, 272, 62, 565, 377, 316, 268, 12, 365, 350, 288, 118, 283, 344, 715, 211, 125, 178, 107, 410, 5, 199, 120, 131, 295, 155, 286, 225, 511, 30, 78, 255, 138, 281, 378, 39, 169, 42, 231, 146, 51, 388, 252, 15, 176, 30, 163, 247, 268, 78, 121]",5527
bfcl_v3,bfcl_v3:multi_turn_base_14,1,5400,128,20,1,127,5527,6,"[488, 276, 9, 199, 335, 1248, 2073, 86, 119, 208, 66, 1, 716, 160, 53, 25, 1868, 6, 325, 8, 43, 84, 12, 17, 235, 287, 141, 5, 471, 242, 34, 184, 522, 176, 23, 94, 9, 366, 10, 47, 482, 16, 396, 190, 459, 497, 20, 78, 336, 108, 31, 823, 100, 152, 186, 55, 705, 623, 272, 37, 35, 259, 454, 153, 314, 45, 25, 25, 414, 77, 720, 519, 117, 64, 205, 306, 228, 102, 246, 288, 96, 10, 100, 338, 150, 27, 35, 42, 1657, 32, 205, 231, 51, 34, 275, 224, 240, 148, 37, 331, 17, 73, 199, 46, 240, 72, 285, 338, 229, 77, 17, 537, 297, 728, 1192, 292, 62, 172, 229, 128, 46, 470, 894, 146, 188, 443, 18, 31]",5527
bfcl_v3,bfcl_v3:multi_turn_base_14,1,5400,128,22,1,127,5527,6,"[114, 68, 96, 150, 132, 88, 273, 754, 680, 55, 163, 623, 235, 105, 34, 128, 171, 148, 1080, 38, 79, 54, 278, 241, 600, 296, 541, 203, 333, 118, 102, 22, 115, 297, 136, 67, 199, 509, 254, 650, 579, 844, 269, 129, 205, 329, 72, 239, 21, 226, 367, 262, 831, 50, 331, 72, 185, 116, 261, 53, 24, 228, 80, 135, 70, 215, 356, 909, 220, 129, 108, 1192, 379, 575, 106, 93, 209, 106, 1182, 434, 139, 246, 85, 549, 157, 171, 279, 159, 67, 17, 66, 185, 120, 260, 20, 359, 275, 310, 117, 218, 1530, 12, 169, 72, 68, 288, 279, 253, 87, 64, 531, 89, 138, 388, 52, 237, 8, 377, 283, 54, 5, 338, 393, 216, 126, 533, 189, 164]",5527
bfcl_v3,bfcl_v3:multi_turn_base_14,1,5400,128,24,1,127,5527,6,"[139, 113, 107, 433, 221, 3, 29, 33, 479, 54, 51, 194, 306, 114, 24, 83, 16, 123, 29, 749, 695, 15, 22, 129, 19, 295, 150, 52, 813, 15, 336, 216, 182, 214, 235, 1, 44, 252, 7, 1621, 95, 69, 151, 489, 20, 1056, 64, 93, 275, 177, 78, 126, 156, 124, 2539, 0, 163, 32, 580, 530, 38, 614, 141, 173, 1120, 26, 1057, 33, 58, 51, 340, 94, 289, 85, 33, 370, 8, 104, 579, 103, 34, 167, 304, 879, 335, 273, 488, 295, 37, 16, 316, 516, 207, 427, 185, 228, 29, 232, 26, 169, 156, 267, 17, 258, 371, 97, 1756, 122, 31, 190, 303, 11, 145, 115, 401, 174, 121, 67, 98, 50, 453, 287, 61, 1099, 45, 14, 256, 288]",5527
bfcl_v3,bfcl_v3:multi_turn_base_14,1,5400,128,27,1,127,5527,6,"[173, 265, 238, 40, 293, 100, 190, 84, 74, 231, 336, 43, 475, 83, 158, 94, 40, 130, 211, 98, 34, 157, 413, 245, 316, 170, 208, 519, 293, 35, 343, 134, 517, 225, 374, 4, 418, 969, 253, 3, 970, 252, 104, 225, 414, 238, 598, 727, 25, 105, 409, 178, 430, 199, 144, 50, 16, 348, 465, 21, 6, 166, 457, 23, 338, 192, 80, 140, 161, 7, 186, 536, 192, 341, 44, 26, 782, 16, 27, 71, 547, 26, 9, 671, 736, 33, 1, 129, 74, 299, 677, 232, 235, 194, 569, 388, 658, 1314, 39, 142, 103, 367, 176, 619, 253, 212, 733, 20, 209, 257, 473, 72, 72, 619, 47, 115, 270, 159, 243, 772, 150, 480, 118, 240, 76, 52, 362, 225]",5527
bfcl_v3,bfcl_v3:multi_turn_base_14,1,5400,128,29,1,127,5527,6,"[222, 498, 17, 40, 488, 220, 118, 175, 19, 94, 373, 121, 459, 150, 415, 318, 116, 92, 190, 54, 146, 141, 448, 331, 132, 306, 353, 49, 1251, 205, 269, 17, 107, 4, 526, 164, 173, 235, 118, 215, 223, 25, 79, 76, 693, 170, 193, 42, 373, 204, 309, 186, 1347, 258, 104, 227, 271, 107, 661, 584, 39, 91, 548, 167, 96, 186, 152, 83, 245, 92, 89, 103, 163, 181, 86, 157, 414, 120, 5, 176, 97, 417, 356, 23, 86, 225, 450, 530, 51, 777, 497, 521, 470, 867, 20, 434, 304, 147, 127, 282, 48, 927, 178, 218, 238, 544, 181, 295, 298, 155, 124, 683, 50, 18, 2, 190, 8, 737, 206, 399, 431, 166, 218, 27, 335, 309, 280, 522]",5527
bfcl_v3,bfcl_v3:multi_turn_base_14,1,5400,128,31,1,127,5527,6,"[162, 1252, 63, 197, 87, 766, 188, 368, 27, 231, 78, 185, 73, 132, 1107, 1423, 520, 83, 561, 344, 34, 74, 155, 51, 2, 12, 26, 78, 519, 567, 168, 168, 537, 15, 90, 334, 55, 593, 460, 289, 1151, 57, 313, 26, 258, 77, 194, 35, 413, 234, 204, 444, 124, 18, 27, 524, 191, 76, 12, 115, 729, 76, 44, 253, 93, 484, 504, 530, 137, 139, 188, 212, 61, 96, 246, 43, 352, 132, 398, 563, 384, 116, 221, 78, 162, 107, 43, 486, 274, 85, 162, 123, 160, 70, 38, 692, 423, 171, 188, 87, 277, 177, 251, 255, 510, 52, 132, 107, 260, 40, 151, 369, 194, 672, 85, 601, 42, 86, 34, 414, 114, 99, 505, 605, 33, 292, 102, 786]",5527
bfcl_v3,bfcl_v3:multi_turn_base_14,1,5400,128,34,1,127,5527,6,"[362, 171, 220, 1, 484, 94, 424, 416, 119, 332, 266, 401, 331, 738, 217, 168, 256, 132, 6, 1, 231, 161, 972, 709, 154, 262, 6, 27, 365, 873, 167, 336, 317, 119, 547, 283, 310, 865, 2097, 812, 55, 3, 604, 147, 614, 162, 60, 283, 274, 442, 121, 515, 121, 554, 10, 7, 599, 539, 28, 63, 132, 360, 659, 218, 180, 306, 63, 191, 370, 31, 352, 158, 296, 189, 20, 308, 137, 23, 52, 191, 84, 221, 244, 58, 139, 20, 125, 121, 100, 67, 453, 123, 93, 199, 36, 510, 311, 812, 227, 327, 127, 174, 89, 288, 96, 14, 36, 418, 253, 118, 271, 133, 582, 203, 450, 70, 166, 106, 0, 9, 111, 192, 86, 144, 288, 12, 117, 150]",5527
bfcl_v3,bfcl_v3:multi_turn_base_14,1,5400,128,36,1,127,5527,6,"[150, 176, 18, 329, 42, 234, 165, 357, 524, 96, 16, 57, 91, 1570, 899, 29, 126, 302, 294, 164, 103, 1153, 32, 300, 75, 242, 43, 435, 389, 1302, 369, 372, 454, 326, 313, 111, 256, 89, 234, 215, 532, 10, 290, 97, 49, 718, 56, 181, 291, 166, 200, 97, 463, 433, 225, 394, 344, 310, 123, 71, 295, 373, 422, 199, 134, 36, 259, 38, 449, 140, 38, 21, 26, 57, 385, 285, 302, 168, 465, 186, 34, 152, 185, 289, 161, 246, 7, 260, 362, 341, 19, 106, 345, 235, 37, 238, 108, 17, 115, 270, 398, 207, 344, 286, 172, 254, 162, 182, 346, 779, 188, 563, 409, 49, 41, 399, 436, 56, 158, 284, 260, 117, 488, 314, 412, 125, 302, 124]",5527
bfcl_v3,bfcl_v3:multi_turn_base_14,1,5400,128,38,1,127,5527,6,"[230, 88, 126, 12, 525, 765, 862, 192, 978, 411, 25, 74, 77, 74, 397, 245, 297, 148, 45, 94, 265, 170, 437, 287, 178, 228, 627, 515, 80, 518, 458, 102, 125, 1, 87, 257, 46, 69, 53, 789, 73, 303, 353, 125, 471, 474, 518, 41, 53, 260, 114, 589, 271, 336, 139, 381, 241, 114, 205, 3, 327, 68, 56, 178, 64, 342, 89, 250, 137, 411, 234, 218, 195, 165, 170, 213, 413, 158, 80, 97, 158, 523, 89, 30, 29, 185, 476, 120, 379, 150, 297, 41, 287, 299, 158, 354, 185, 208, 158, 181, 414, 282, 529, 51, 133, 144, 3, 220, 389, 556, 362, 218, 215, 892, 229, 309, 41, 430, 84, 136, 638, 87, 145, 596, 69, 294, 341, 1162]",5527
bfcl_v3,bfcl_v3:multi_turn_base_14,1,5400,128,40,1,127,5527,6,"[37, 703, 104, 314, 192, 58, 18, 68, 46, 194, 120, 68, 304, 28, 277, 268, 284, 138, 95, 80, 62, 61, 65, 83, 282, 106, 154, 340, 4, 278, 1288, 96, 63, 193, 211, 121, 206, 350, 44, 53, 78, 183, 411, 32, 79, 480, 117, 361, 298, 280, 317, 130, 512, 284, 482, 440, 1038, 302, 279, 159, 59, 67, 132, 303, 94, 553, 302, 180, 281, 1435, 610, 294, 68, 167, 357, 542, 321, 49, 370, 403, 299, 530, 248, 182, 124, 177, 256, 22, 113, 37, 50, 553, 423, 281, 232, 187, 487, 342, 153, 257, 180, 272, 88, 358, 164, 429, 70, 233, 207, 40, 753, 303, 64, 258, 74, 319, 1397, 105, 703, 413, 303, 316, 65, 344, 106, 12, 91, 237]",5527
bfcl_v3,bfcl_v3:multi_turn_base_14,1,5400,128,43,1,127,5527,6,"[46, 421, 123, 866, 202, 565, 76, 90, 171, 88, 148, 347, 554, 73, 163, 95, 200, 173, 42, 556, 286, 663, 98, 744, 347, 451, 325, 22, 793, 342, 59, 64, 319, 312, 174, 55, 688, 419, 437, 348, 166, 333, 19, 310, 126, 250, 618, 108, 259, 219, 119, 391, 160, 82, 406, 312, 254, 191, 216, 157, 100, 452, 144, 94, 219, 253, 72, 426, 208, 216, 104, 561, 76, 86, 339, 302, 332, 169, 211, 103, 223, 153, 402, 44, 137, 2118, 526, 129, 113, 417, 68, 315, 129, 90, 233, 242, 416, 55, 74, 40, 13, 226, 393, 50, 145, 120, 125, 70, 213, 686, 15, 42, 88, 2, 35, 187, 799, 412, 228, 25, 74, 92, 389, 124, 165, 646, 495, 271]",5527
bfcl_v3,bfcl_v3:multi_turn_base_14,1,5400,128,45,1,127,5527,6,"[88, 51, 197, 425, 30, 247, 405, 104, 313, 369, 33, 264, 149, 29, 114, 333, 28, 292, 69, 134, 670, 363, 70, 438, 273, 153, 126, 156, 885, 14, 130, 372, 227, 212, 318, 38, 68, 55, 160, 1099, 227, 1256, 74, 37, 192, 301, 296, 35, 116, 685, 953, 601, 128, 292, 270, 188, 29, 22, 207, 438, 417, 11, 205, 304, 140, 22, 200, 180, 279, 102, 164, 410, 6, 188, 36, 362, 476, 1538, 264, 1, 253, 47, 102, 334, 242, 363, 315, 621, 790, 663, 135, 117, 158, 293, 107, 162, 4, 80, 109, 106, 78, 115, 49, 35, 518, 259, 257, 150, 5, 698, 156, 137, 88, 82, 312, 315, 194, 132, 152, 363, 56, 220, 110, 15, 1431, 452, 115, 514]",5527
bfcl_v3,bfcl_v3:multi_turn_base_14,1,5400,128,47,1,127,5527,6,"[490, 164, 456, 310, 449, 56, 62, 467, 121, 289, 156, 79, 50, 32, 539, 454, 206, 217, 309, 669, 124, 279, 212, 102, 130, 96, 208, 222, 66, 69, 243, 53, 172, 137, 42, 314, 102, 250, 324, 441, 64, 374, 69, 252, 210, 125, 137, 225, 519, 214, 61, 511, 56, 57, 186, 308, 140, 533, 48, 25, 194, 34, 277, 174, 78, 110, 119, 171, 312, 715, 78, 264, 245, 62, 44, 990, 483, 267, 93, 399, 313, 214, 183, 305, 48, 109, 314, 11, 20, 643, 71, 55, 347, 658, 1386, 274, 266, 148, 4, 28, 281, 288, 301, 1331, 150, 264, 54, 246, 126, 849, 342, 438, 105, 296, 368, 468, 891, 49, 272, 52, 874, 103, 185, 253, 188, 62, 138, 407]",5527
bfcl_v3,bfcl_v3:multi_turn_base_14,1,5400,128,49,1,127,5527,6,"[67, 173, 104, 509, 252, 375, 731, 337, 33, 6, 119, 838, 95, 597, 585, 219, 48, 151, 25, 534, 187, 315, 216, 50, 15, 279, 696, 79, 68, 618, 240, 195, 272, 152, 647, 373, 91, 74, 59, 22, 81, 209, 204, 108, 315, 287, 84, 165, 232, 43, 93, 175, 264, 311, 46, 92, 172, 358, 96, 60, 21, 50, 54, 220, 326, 360, 570, 89, 207, 149, 145, 258, 441, 171, 690, 176, 152, 446, 527, 165, 35, 503, 80, 196, 444, 67, 226, 105, 256, 469, 142, 123, 82, 565, 1186, 319, 613, 255, 188, 418, 84, 165, 203, 181, 49, 112, 281, 65, 585, 254, 154, 123, 202, 554, 207, 258, 448, 460, 236, 405, 172, 183, 491, 1036, 444, 55, 212, 213]",5527
bfcl_v3,bfcl_v3:multi_turn_base_14,1,5400,128,51,1,127,5527,6,"[47, 510, 41, 267, 88, 293, 129, 77, 59, 20, 35, 341, 135, 243, 87, 109, 317, 99, 247, 88, 432, 675, 243, 114, 234, 119, 271, 17, 130, 400, 695, 471, 112, 396, 97, 604, 593, 120, 147, 44, 18, 176, 113, 213, 271, 384, 500, 295, 709, 59, 209, 173, 273, 50, 30, 222, 674, 103, 336, 385, 508, 299, 317, 291, 559, 282, 377, 78, 198, 125, 60, 632, 402, 291, 505, 1250, 257, 163, 320, 212, 257, 316, 262, 142, 201, 151, 326, 69, 53, 13, 106, 182, 486, 112, 408, 122, 99, 504, 84, 109, 107, 82, 631, 1186, 111, 1164, 225, 52, 142, 281, 19, 504, 158, 315, 406, 476, 232, 92, 176, 216, 218, 292, 71, 153, 24, 98, 261, 3]",5527
bfcl_v3,bfcl_v3:multi_turn_base_15,1,6535,128,1,1,127,6662,6,"[474, 445, 236, 204, 439, 84, 133, 493, 164, 140, 186, 404, 370, 513, 268, 558, 221, 52, 584, 1015, 160, 199, 217, 116, 287, 432, 140, 140, 131, 702, 273, 117, 357, 144, 123, 392, 431, 528, 298, 214, 227, 388, 123, 960, 776, 100, 324, 84, 123, 163, 382, 40, 200, 386, 167, 395, 593, 499, 572, 422, 57, 332, 190, 162, 417, 95, 65, 397, 304, 240, 143, 195, 197, 400, 220, 931, 97, 369, 453, 90, 131, 301, 154, 602, 188, 249, 341, 577, 506, 230, 473, 376, 243, 510, 316, 151, 562, 485, 208, 118, 227, 136, 470, 103, 387, 197, 133, 516, 632, 173, 61, 127, 1027, 440, 121, 357, 49, 167, 367, 434, 663, 488, 214, 688, 84, 56, 55, 217]",6662
bfcl_v3,bfcl_v3:multi_turn_base_15,1,6535,128,3,1,127,6662,6,"[157, 465, 411, 158, 427, 235, 151, 252, 379, 288, 519, 252, 540, 533, 383, 162, 317, 494, 433, 149, 573, 160, 291, 465, 62, 470, 74, 200, 49, 78, 241, 65, 265, 608, 75, 367, 200, 249, 64, 270, 621, 61, 464, 475, 72, 164, 728, 1122, 59, 178, 453, 191, 155, 623, 170, 319, 69, 49, 204, 247, 142, 12, 466, 777, 1037, 515, 369, 70, 301, 44, 382, 92, 156, 339, 311, 596, 139, 905, 91, 277, 96, 368, 374, 40, 28, 355, 466, 131, 53, 62, 414, 368, 622, 368, 64, 321, 268, 87, 155, 125, 662, 404, 344, 242, 506, 662, 505, 300, 289, 254, 309, 1034, 183, 79, 89, 469, 195, 166, 356, 128, 60, 227, 440, 207, 619, 212, 1099, 191]",6662
bfcl_v3,bfcl_v3:multi_turn_base_15,1,6535,128,6,1,127,6662,6,"[550, 164, 88, 360, 620, 110, 10, 178, 825, 93, 194, 178, 569, 215, 139, 719, 491, 46, 293, 95, 153, 607, 174, 379, 255, 72, 317, 1072, 434, 200, 257, 844, 63, 173, 120, 593, 176, 63, 188, 947, 276, 609, 64, 190, 154, 132, 340, 241, 11, 259, 251, 243, 60, 217, 223, 350, 360, 278, 159, 167, 215, 490, 201, 72, 280, 1453, 219, 258, 513, 708, 555, 223, 90, 377, 186, 513, 105, 295, 279, 231, 535, 119, 674, 381, 341, 252, 363, 97, 546, 66, 71, 148, 1099, 170, 80, 429, 58, 377, 157, 169, 230, 854, 386, 691, 178, 77, 113, 193, 391, 174, 154, 50, 261, 119, 272, 91, 298, 330, 121, 169, 402, 295, 719, 854, 300, 871, 276, 100]",6662
bfcl_v3,bfcl_v3:multi_turn_base_15,1,6535,128,8,1,127,6662,6,"[244, 224, 130, 268, 26, 157, 423, 209, 538, 291, 740, 1425, 233, 99, 563, 506, 427, 390, 468, 198, 158, 384, 547, 537, 182, 84, 90, 45, 376, 435, 253, 42, 69, 308, 310, 83, 526, 99, 694, 145, 155, 94, 172, 290, 225, 204, 459, 121, 197, 33, 232, 686, 28, 380, 663, 542, 225, 252, 366, 640, 81, 29, 142, 341, 68, 527, 405, 165, 221, 10, 118, 803, 318, 330, 112, 115, 629, 353, 268, 213, 313, 233, 500, 624, 262, 154, 102, 65, 666, 410, 927, 18, 490, 295, 1227, 336, 126, 174, 151, 354, 687, 39, 121, 93, 795, 71, 245, 89, 406, 127, 202, 84, 349, 116, 221, 195, 1166, 303, 108, 167, 55, 97, 695, 483, 423, 289, 578, 203]",6662
bfcl_v3,bfcl_v3:multi_turn_base_15,1,6535,128,10,1,127,6662,6,"[391, 611, 323, 56, 223, 46, 222, 144, 342, 6, 143, 182, 432, 247, 107, 457, 543, 179, 877, 220, 217, 363, 399, 84, 39, 469, 53, 262, 92, 36, 78, 649, 92, 229, 248, 30, 443, 63, 89, 71, 290, 273, 718, 112, 297, 480, 732, 79, 30, 1003, 177, 156, 363, 65, 425, 1249, 186, 374, 35, 441, 187, 349, 487, 68, 252, 166, 462, 162, 624, 69, 315, 490, 415, 41, 30, 388, 499, 581, 581, 530, 546, 253, 156, 150, 67, 214, 320, 6, 278, 143, 219, 301, 305, 309, 1436, 268, 24, 27, 347, 237, 1360, 230, 321, 188, 193, 305, 147, 41, 1821, 45, 537, 268, 65, 162, 268, 313, 155, 621, 325, 207, 241, 123, 86, 37, 0, 286, 1439, 644]",6662
bfcl_v3,bfcl_v3:multi_turn_base_15,1,6535,128,13,1,127,6662,6,"[538, 16, 220, 80, 660, 25, 239, 87, 331, 127, 149, 88, 1007, 110, 223, 1329, 482, 124, 491, 225, 30, 31, 1047, 173, 103, 572, 562, 62, 185, 39, 280, 83, 289, 293, 1534, 21, 399, 79, 184, 151, 270, 748, 140, 23, 408, 269, 1319, 444, 898, 179, 271, 554, 191, 170, 305, 144, 13, 227, 556, 372, 422, 171, 711, 436, 621, 86, 317, 263, 4, 3, 681, 269, 257, 424, 1195, 20, 731, 333, 527, 726, 285, 62, 503, 15, 288, 387, 15, 101, 143, 82, 269, 1046, 170, 269, 107, 15, 194, 237, 232, 169, 90, 223, 574, 50, 349, 171, 365, 460, 119, 117, 166, 9, 49, 84, 26, 187, 1020, 463, 65, 683, 364, 10, 99, 22, 799, 90, 79, 284]",6662
bfcl_v3,bfcl_v3:multi_turn_base_15,1,6535,128,15,1,127,6662,6,"[398, 917, 35, 116, 55, 855, 82, 1109, 292, 1029, 81, 404, 118, 343, 45, 953, 238, 217, 999, 74, 33, 1003, 252, 436, 169, 278, 536, 128, 600, 115, 140, 134, 292, 1611, 282, 42, 175, 978, 89, 55, 144, 835, 338, 193, 231, 1006, 55, 46, 328, 462, 329, 184, 91, 254, 305, 334, 150, 241, 701, 72, 820, 27, 18, 915, 135, 81, 403, 94, 691, 427, 88, 89, 78, 290, 363, 396, 117, 188, 967, 119, 496, 106, 480, 729, 227, 223, 219, 39, 81, 228, 728, 294, 70, 94, 239, 521, 32, 437, 188, 299, 120, 154, 408, 149, 310, 168, 35, 68, 195, 80, 13, 209, 134, 13, 40, 126, 648, 153, 1, 229, 556, 29, 336, 206, 172, 117, 283, 977]",6662
bfcl_v3,bfcl_v3:multi_turn_base_15,1,6535,128,17,1,127,6662,6,"[135, 255, 132, 206, 1403, 698, 109, 112, 412, 147, 250, 207, 240, 1342, 37, 409, 353, 303, 440, 167, 1603, 43, 448, 196, 59, 235, 48, 839, 434, 151, 718, 27, 1154, 243, 76, 144, 149, 1200, 12, 237, 847, 264, 104, 196, 144, 55, 90, 150, 345, 459, 248, 319, 258, 432, 217, 185, 151, 816, 35, 179, 227, 70, 62, 489, 255, 739, 245, 14, 928, 73, 17, 49, 222, 372, 35, 127, 405, 713, 410, 11, 663, 321, 384, 418, 10, 407, 400, 278, 178, 591, 651, 851, 236, 147, 223, 89, 560, 5, 276, 74, 220, 376, 173, 611, 116, 516, 13, 64, 288, 136, 423, 523, 37, 217, 29, 398, 359, 71, 558, 335, 11, 273, 19, 298, 319, 305, 93, 99]",6662
bfcl_v3,bfcl_v3:multi_turn_base_15,1,6535,128,20,1,127,6662,6,"[686, 204, 18, 225, 858, 1781, 1783, 137, 343, 169, 87, 0, 905, 209, 66, 37, 2879, 12, 231, 16, 33, 40, 13, 11, 359, 281, 183, 69, 486, 324, 51, 326, 553, 416, 78, 100, 7, 692, 13, 44, 258, 31, 573, 235, 428, 406, 29, 172, 408, 140, 46, 825, 117, 217, 216, 87, 1526, 549, 309, 100, 60, 354, 578, 97, 269, 90, 17, 24, 234, 109, 934, 567, 101, 34, 189, 401, 229, 103, 188, 414, 93, 18, 252, 373, 199, 144, 34, 51, 1867, 78, 239, 191, 140, 24, 262, 240, 273, 102, 30, 231, 19, 45, 248, 53, 318, 101, 324, 332, 341, 147, 18, 680, 346, 716, 1393, 341, 73, 237, 264, 143, 118, 419, 1021, 238, 285, 413, 17, 92]",6662
bfcl_v3,bfcl_v3:multi_turn_base_15,1,6535,128,22,1,127,6662,6,"[139, 86, 148, 160, 152, 143, 343, 778, 941, 49, 186, 819, 328, 123, 50, 118, 310, 139, 1035, 64, 122, 50, 300, 215, 789, 558, 669, 251, 369, 123, 91, 29, 138, 397, 128, 68, 250, 637, 271, 723, 715, 1085, 293, 176, 304, 349, 181, 342, 24, 337, 456, 321, 890, 53, 372, 74, 270, 147, 279, 53, 28, 255, 94, 161, 50, 367, 468, 936, 278, 164, 189, 1382, 497, 712, 121, 162, 225, 114, 932, 495, 133, 316, 78, 718, 155, 179, 216, 181, 68, 27, 92, 190, 61, 264, 6, 403, 235, 394, 110, 262, 2068, 54, 134, 165, 25, 376, 252, 207, 113, 96, 609, 93, 192, 345, 99, 275, 7, 592, 293, 52, 11, 721, 518, 333, 157, 1028, 214, 215]",6662
bfcl_v3,bfcl_v3:multi_turn_base_15,1,6535,128,24,1,127,6662,6,"[165, 124, 139, 428, 362, 4, 39, 23, 851, 47, 61, 164, 332, 126, 24, 70, 3, 131, 23, 898, 934, 17, 39, 207, 21, 328, 201, 69, 625, 27, 341, 470, 205, 302, 277, 16, 151, 320, 13, 1691, 308, 99, 191, 450, 29, 1388, 98, 140, 363, 240, 140, 146, 163, 114, 2975, 11, 265, 65, 658, 840, 38, 565, 113, 223, 966, 44, 680, 49, 58, 50, 356, 69, 738, 94, 41, 401, 14, 114, 774, 491, 87, 219, 459, 1336, 503, 336, 612, 176, 69, 10, 413, 655, 262, 538, 256, 233, 98, 300, 18, 163, 217, 344, 25, 367, 433, 94, 1936, 176, 46, 222, 134, 10, 136, 141, 477, 215, 173, 43, 146, 80, 378, 517, 56, 994, 56, 89, 353, 542]",6662
bfcl_v3,bfcl_v3:multi_turn_base_15,1,6535,128,27,1,127,6662,6,"[247, 429, 586, 48, 341, 111, 180, 131, 219, 387, 481, 51, 533, 125, 322, 50, 60, 169, 190, 104, 78, 122, 647, 270, 423, 195, 239, 672, 295, 233, 386, 184, 550, 259, 286, 195, 412, 1169, 271, 5, 907, 276, 136, 262, 510, 161, 697, 528, 27, 134, 483, 300, 486, 266, 225, 60, 16, 636, 534, 35, 7, 240, 603, 10, 595, 232, 189, 159, 225, 9, 246, 513, 299, 615, 49, 28, 731, 10, 38, 70, 630, 42, 14, 711, 608, 38, 4, 212, 101, 227, 785, 280, 203, 205, 943, 431, 956, 1301, 19, 119, 62, 366, 159, 673, 328, 237, 867, 86, 309, 237, 681, 94, 125, 533, 41, 224, 304, 177, 266, 939, 162, 671, 124, 283, 74, 59, 388, 472]",6662
bfcl_v3,bfcl_v3:multi_turn_base_15,1,6535,128,29,1,127,6662,6,"[255, 616, 26, 84, 560, 270, 102, 210, 67, 149, 522, 95, 594, 175, 446, 554, 137, 128, 213, 41, 153, 159, 432, 376, 173, 327, 363, 72, 1238, 324, 285, 14, 166, 0, 700, 194, 153, 181, 108, 326, 229, 35, 77, 79, 780, 801, 322, 50, 457, 218, 338, 186, 1587, 273, 133, 336, 385, 114, 831, 604, 35, 91, 50, 215, 127, 193, 204, 104, 302, 111, 102, 134, 188, 195, 88, 164, 671, 140, 13, 86, 274, 820, 541, 93, 100, 240, 518, 650, 65, 927, 554, 626, 501, 1013, 18, 497, 333, 156, 242, 269, 42, 1191, 245, 198, 315, 617, 220, 399, 334, 189, 179, 660, 113, 11, 4, 256, 9, 1055, 218, 437, 574, 158, 243, 116, 383, 337, 265, 731]",6662
bfcl_v3,bfcl_v3:multi_turn_base_15,1,6535,128,31,1,127,6662,6,"[147, 1334, 75, 264, 181, 1313, 221, 297, 23, 362, 88, 215, 889, 403, 1320, 1189, 652, 91, 751, 423, 25, 104, 167, 386, 0, 14, 30, 143, 590, 643, 172, 151, 602, 21, 90, 332, 72, 666, 605, 286, 905, 67, 393, 26, 310, 118, 231, 32, 477, 238, 449, 499, 117, 79, 27, 526, 115, 70, 13, 129, 823, 51, 35, 312, 69, 556, 575, 576, 204, 149, 207, 223, 51, 92, 297, 299, 439, 447, 363, 819, 403, 89, 168, 74, 244, 91, 35, 608, 325, 111, 183, 139, 212, 59, 52, 785, 432, 113, 174, 96, 559, 210, 250, 269, 613, 53, 130, 127, 336, 267, 111, 368, 202, 660, 109, 897, 64, 122, 24, 506, 104, 128, 552, 653, 29, 398, 133, 960]",6662
bfcl_v3,bfcl_v3:multi_turn_base_15,1,6535,128,34,1,127,6662,6,"[506, 240, 227, 10, 470, 56, 452, 562, 74, 418, 407, 576, 446, 925, 249, 245, 351, 156, 10, 6, 398, 142, 979, 834, 141, 282, 14, 25, 512, 875, 59, 395, 381, 296, 686, 592, 241, 831, 2711, 382, 45, 6, 746, 198, 602, 129, 98, 290, 368, 612, 231, 573, 64, 719, 6, 16, 750, 589, 48, 108, 99, 490, 717, 303, 215, 320, 257, 264, 495, 20, 354, 223, 562, 347, 16, 199, 200, 25, 91, 138, 70, 250, 255, 83, 198, 58, 134, 117, 232, 67, 574, 153, 112, 252, 34, 597, 422, 1112, 520, 385, 121, 225, 286, 346, 37, 5, 47, 551, 345, 179, 373, 142, 695, 263, 273, 88, 271, 130, 2, 14, 117, 220, 80, 215, 322, 47, 105, 153]",6662
bfcl_v3,bfcl_v3:multi_turn_base_15,1,6535,128,36,1,127,6662,6,"[184, 214, 56, 370, 62, 232, 189, 434, 234, 92, 16, 94, 85, 1774, 906, 27, 171, 264, 360, 195, 135, 1252, 31, 348, 68, 353, 30, 446, 437, 1154, 372, 439, 521, 443, 376, 338, 277, 87, 257, 231, 711, 45, 270, 114, 87, 975, 42, 176, 364, 167, 107, 223, 469, 570, 309, 417, 338, 295, 126, 80, 660, 615, 529, 303, 141, 33, 148, 56, 526, 224, 34, 21, 53, 63, 540, 284, 371, 177, 522, 194, 52, 299, 266, 363, 223, 326, 7, 326, 538, 492, 18, 127, 584, 315, 34, 254, 151, 14, 121, 152, 472, 331, 170, 258, 234, 518, 166, 241, 579, 672, 688, 682, 493, 71, 47, 659, 485, 125, 254, 442, 330, 120, 721, 378, 577, 148, 425, 91]",6662
bfcl_v3,bfcl_v3:multi_turn_base_15,1,6535,128,38,1,127,6662,6,"[249, 44, 162, 16, 632, 887, 1005, 150, 1159, 314, 17, 171, 26, 108, 820, 302, 423, 178, 30, 134, 313, 218, 210, 325, 158, 321, 721, 593, 147, 591, 630, 201, 134, 3, 154, 229, 51, 119, 57, 1010, 63, 240, 353, 103, 667, 647, 545, 23, 35, 315, 166, 810, 345, 425, 355, 560, 389, 112, 236, 7, 397, 58, 119, 183, 58, 455, 110, 385, 193, 598, 307, 235, 172, 198, 197, 164, 555, 223, 88, 154, 54, 688, 107, 32, 31, 238, 673, 158, 426, 108, 302, 52, 453, 310, 171, 420, 217, 221, 181, 207, 594, 373, 496, 32, 117, 121, 13, 268, 557, 591, 483, 291, 288, 1135, 357, 311, 117, 257, 97, 134, 914, 179, 167, 893, 75, 96, 386, 1324]",6662
bfcl_v3,bfcl_v3:multi_turn_base_15,1,6535,128,40,1,127,6662,6,"[77, 729, 162, 406, 228, 66, 18, 52, 91, 277, 281, 86, 332, 16, 413, 222, 395, 174, 179, 135, 80, 81, 97, 98, 147, 123, 117, 209, 10, 243, 1347, 182, 22, 189, 573, 147, 271, 308, 45, 72, 76, 209, 504, 56, 392, 486, 215, 384, 235, 302, 342, 276, 726, 684, 327, 621, 911, 309, 678, 128, 46, 77, 119, 584, 23, 785, 375, 204, 613, 1393, 647, 441, 35, 245, 271, 678, 367, 17, 939, 384, 517, 626, 282, 86, 135, 202, 207, 23, 75, 55, 65, 599, 758, 306, 269, 248, 617, 482, 184, 312, 252, 284, 88, 475, 121, 350, 68, 216, 434, 27, 1001, 474, 143, 236, 108, 426, 873, 154, 783, 521, 392, 297, 103, 755, 143, 16, 73, 307]",6662
bfcl_v3,bfcl_v3:multi_turn_base_15,1,6535,128,43,1,127,6662,6,"[64, 550, 117, 1130, 240, 653, 92, 102, 236, 150, 226, 617, 699, 70, 122, 202, 242, 131, 36, 669, 35, 797, 123, 690, 309, 629, 294, 104, 952, 275, 42, 44, 227, 431, 181, 69, 859, 477, 328, 600, 183, 356, 36, 517, 180, 264, 1610, 93, 284, 244, 108, 366, 201, 160, 513, 390, 424, 234, 274, 164, 115, 557, 233, 178, 287, 261, 106, 465, 246, 221, 92, 569, 104, 185, 328, 531, 354, 218, 231, 111, 403, 260, 634, 84, 206, 1818, 587, 155, 136, 468, 78, 698, 197, 138, 331, 244, 613, 42, 100, 55, 55, 360, 454, 51, 202, 94, 145, 56, 290, 913, 14, 37, 104, 22, 78, 236, 1320, 448, 266, 28, 104, 263, 24, 111, 291, 262, 433, 257]",6662
bfcl_v3,bfcl_v3:multi_turn_base_15,1,6535,128,45,1,127,6662,6,"[99, 68, 224, 498, 34, 221, 357, 58, 120, 515, 37, 375, 184, 11, 103, 393, 43, 317, 97, 222, 752, 550, 257, 550, 339, 154, 179, 211, 1398, 31, 127, 554, 145, 229, 420, 46, 72, 32, 158, 1328, 191, 1629, 54, 19, 132, 278, 614, 56, 117, 791, 1191, 584, 185, 300, 383, 100, 26, 24, 234, 477, 528, 19, 245, 403, 154, 14, 417, 253, 481, 69, 138, 599, 17, 247, 230, 454, 584, 1675, 320, 4, 305, 47, 177, 289, 152, 727, 320, 837, 957, 948, 146, 217, 270, 487, 172, 321, 11, 44, 86, 65, 115, 149, 150, 30, 661, 315, 113, 198, 13, 662, 262, 178, 100, 35, 311, 270, 228, 179, 131, 380, 71, 50, 76, 14, 1644, 547, 123, 645]",6662
bfcl_v3,bfcl_v3:multi_turn_base_15,1,6535,128,47,1,127,6662,6,"[730, 227, 623, 379, 591, 61, 39, 653, 170, 328, 175, 128, 88, 34, 562, 293, 193, 223, 266, 720, 167, 274, 332, 93, 124, 93, 187, 174, 63, 125, 317, 70, 175, 161, 31, 318, 115, 417, 392, 398, 93, 767, 61, 260, 214, 173, 148, 209, 568, 272, 49, 749, 74, 42, 235, 294, 123, 816, 77, 55, 233, 49, 338, 154, 63, 121, 120, 323, 432, 266, 120, 453, 258, 67, 59, 995, 622, 417, 105, 636, 428, 229, 199, 395, 42, 24, 365, 34, 22, 1285, 85, 32, 522, 804, 1916, 428, 557, 227, 5, 26, 564, 285, 265, 1707, 173, 249, 46, 368, 155, 1049, 553, 395, 117, 318, 370, 556, 766, 60, 311, 64, 846, 107, 179, 307, 267, 74, 162, 415]",6662
bfcl_v3,bfcl_v3:multi_turn_base_15,1,6535,128,49,1,127,6662,6,"[99, 243, 82, 685, 232, 228, 956, 424, 80, 16, 80, 954, 95, 711, 824, 245, 46, 114, 26, 892, 229, 1318, 208, 108, 34, 256, 488, 128, 41, 719, 178, 230, 300, 168, 535, 449, 153, 62, 61, 50, 122, 125, 353, 111, 378, 359, 76, 259, 235, 50, 139, 250, 268, 337, 63, 91, 284, 370, 78, 47, 25, 51, 58, 334, 275, 368, 759, 131, 210, 170, 202, 510, 424, 215, 771, 224, 311, 685, 1356, 156, 26, 598, 72, 265, 480, 80, 256, 97, 190, 525, 204, 5, 67, 696, 1269, 283, 623, 297, 225, 384, 72, 121, 285, 220, 60, 128, 321, 104, 721, 209, 163, 283, 303, 443, 216, 271, 738, 669, 221, 389, 216, 248, 455, 1406, 569, 82, 247, 193]",6662
bfcl_v3,bfcl_v3:multi_turn_base_15,1,6535,128,51,1,127,6662,6,"[212, 713, 45, 408, 93, 380, 133, 69, 30, 14, 32, 574, 122, 148, 157, 117, 332, 110, 186, 111, 488, 905, 287, 136, 256, 136, 381, 22, 137, 557, 675, 620, 124, 346, 102, 719, 575, 113, 192, 48, 13, 178, 170, 205, 329, 461, 638, 365, 972, 87, 217, 198, 277, 70, 41, 482, 1029, 101, 360, 482, 715, 310, 349, 321, 606, 252, 443, 80, 218, 147, 101, 834, 461, 388, 558, 1720, 278, 175, 503, 242, 401, 349, 274, 156, 216, 218, 372, 106, 58, 9, 82, 111, 450, 130, 447, 46, 132, 688, 119, 102, 136, 150, 706, 1540, 102, 1414, 219, 34, 118, 317, 30, 610, 170, 299, 448, 469, 269, 571, 250, 230, 246, 311, 87, 173, 55, 101, 266, 4]",6662
gpqa_diamond,gpqa_diamond:rec06pnAkLOr2t2mp,1,139,128,1,1,127,266,6,"[22, 3, 7, 27, 8, 20, 11, 19, 13, 6, 11, 10, 30, 8, 10, 23, 7, 9, 7, 8, 12, 21, 15, 9, 16, 24, 10, 6, 12, 11, 13, 21, 5, 10, 14, 11, 5, 21, 7, 12, 22, 24, 19, 4, 22, 12, 15, 8, 9, 4, 9, 20, 2, 17, 10, 12, 18, 6, 4, 28, 16, 14, 12, 0, 21, 5, 7, 14, 27, 17, 10, 16, 9, 15, 10, 5, 11, 26, 14, 21, 17, 8, 7, 17, 7, 16, 12, 1, 0, 5, 19, 5, 17, 10, 6, 8, 11, 15, 7, 7, 4, 8, 14, 17, 12, 9, 12, 29, 14, 3, 12, 10, 16, 13, 6, 17, 10, 9, 16, 8, 27, 18, 9, 16, 14, 13, 4, 12]",266
gpqa_diamond,gpqa_diamond:rec06pnAkLOr2t2mp,1,139,128,3,1,127,266,6,"[33, 11, 12, 11, 11, 12, 7, 31, 8, 10, 13, 15, 22, 8, 6, 6, 4, 57, 16, 4, 16, 0, 11, 6, 12, 4, 2, 16, 30, 10, 8, 7, 3, 22, 8, 1, 4, 12, 12, 4, 9, 1, 16, 9, 9, 11, 15, 9, 15, 11, 4, 28, 6, 50, 5, 20, 0, 4, 27, 14, 9, 4, 26, 3, 30, 19, 1, 1, 11, 17, 9, 9, 11, 16, 25, 21, 17, 25, 13, 7, 6, 10, 9, 0, 11, 45, 9, 2, 5, 5, 9, 3, 8, 9, 8, 29, 2, 16, 10, 3, 16, 18, 1, 5, 12, 8, 22, 11, 13, 10, 37, 25, 14, 4, 19, 17, 12, 17, 10, 11, 7, 2, 26, 2, 11, 3, 15, 27]",266
gpqa_diamond,gpqa_diamond:rec06pnAkLOr2t2mp,1,139,128,6,1,127,266,6,"[7, 10, 7, 26, 8, 1, 1, 9, 9, 11, 8, 4, 20, 12, 12, 16, 77, 0, 17, 5, 21, 25, 9, 35, 4, 5, 7, 12, 5, 13, 82, 17, 2, 13, 19, 2, 7, 31, 15, 8, 9, 7, 34, 5, 18, 5, 14, 6, 1, 14, 3, 6, 1, 13, 11, 3, 13, 10, 11, 10, 10, 74, 2, 7, 8, 5, 6, 6, 6, 3, 6, 13, 2, 6, 6, 11, 23, 3, 37, 16, 17, 38, 9, 2, 4, 9, 13, 4, 1, 8, 4, 9, 26, 2, 12, 1, 10, 11, 15, 10, 14, 6, 14, 20, 28, 12, 46, 6, 17, 21, 35, 3, 2, 0, 0, 9, 2, 11, 12, 16, 9, 13, 15, 0, 19, 14, 5, 6]",266
gpqa_diamond,gpqa_diamond:rec06pnAkLOr2t2mp,1,139,128,8,1,127,266,6,"[8, 7, 16, 2, 10, 12, 6, 0, 0, 9, 37, 21, 21, 81, 8, 2, 2, 3, 10, 9, 8, 7, 1, 9, 6, 1, 10, 171, 8, 8, 2, 4, 2, 1, 0, 6, 9, 4, 3, 6, 13, 8, 10, 8, 24, 28, 8, 4, 14, 0, 14, 3, 4, 9, 5, 0, 2, 0, 2, 9, 6, 1, 0, 10, 4, 7, 69, 2, 2, 0, 2, 0, 9, 0, 28, 13, 10, 35, 0, 2, 12, 0, 6, 0, 5, 0, 0, 3, 0, 21, 17, 0, 23, 1, 5, 21, 7, 12, 8, 10, 2, 4, 0, 20, 15, 3, 3, 14, 93, 11, 5, 14, 6, 4, 26, 13, 2, 215, 32, 5, 7, 15, 2, 19, 3, 16, 0, 1]",266
gpqa_diamond,gpqa_diamond:rec06pnAkLOr2t2mp,1,139,128,10,1,127,266,6,"[16, 2, 8, 9, 12, 0, 7, 0, 0, 12, 16, 4, 1, 19, 2, 12, 5, 2, 5, 2, 0, 11, 9, 197, 1, 6, 3, 8, 1, 0, 12, 1, 14, 0, 4, 31, 18, 13, 19, 10, 12, 42, 0, 0, 16, 10, 0, 34, 130, 1, 29, 53, 7, 1, 2, 4, 17, 4, 26, 7, 2, 0, 13, 3, 35, 2, 0, 0, 2, 19, 42, 4, 4, 126, 1, 3, 1, 4, 7, 21, 10, 32, 5, 0, 2, 7, 10, 0, 13, 7, 0, 28, 6, 2, 4, 4, 1, 44, 27, 30, 4, 2, 2, 6, 0, 8, 0, 0, 0, 19, 4, 6, 10, 1, 8, 1, 1, 0, 57, 0, 4, 0, 0, 10, 3, 12, 2, 28]",266
gpqa_diamond,gpqa_diamond:rec06pnAkLOr2t2mp,1,139,128,13,1,127,266,6,"[19, 14, 1, 22, 10, 1, 16, 10, 181, 0, 2, 9, 0, 14, 4, 1, 2, 36, 0, 46, 3, 0, 3, 0, 12, 23, 8, 0, 10, 7, 8, 3, 3, 0, 60, 1, 11, 26, 32, 10, 3, 8, 7, 1, 7, 17, 1, 0, 1, 10, 0, 25, 1, 183, 2, 25, 5, 1, 7, 18, 0, 0, 64, 1, 12, 8, 11, 10, 5, 1, 2, 6, 0, 9, 26, 1, 6, 19, 6, 26, 59, 7, 4, 9, 3, 5, 1, 1, 3, 2, 0, 19, 12, 2, 0, 16, 0, 38, 3, 3, 10, 14, 1, 6, 15, 2, 14, 2, 56, 5, 0, 76, 1, 0, 14, 0, 1, 1, 5, 1, 1, 4, 18, 4, 15, 0, 0, 0]",266
gpqa_diamond,gpqa_diamond:rec06pnAkLOr2t2mp,1,139,128,15,1,127,266,6,"[11, 1, 8, 0, 2, 1, 0, 8, 21, 8, 3, 11, 2, 4, 9, 16, 2, 0, 12, 0, 6, 5, 0, 72, 19, 1, 45, 9, 8, 6, 3, 3, 14, 23, 0, 2, 19, 0, 14, 0, 4, 73, 1, 3, 0, 7, 14, 1, 1, 8, 5, 74, 0, 5, 0, 14, 0, 6, 0, 3, 7, 9, 2, 98, 6, 5, 0, 1, 75, 0, 1, 7, 2, 0, 20, 12, 0, 0, 13, 0, 4, 18, 19, 0, 17, 8, 1, 6, 9, 4, 56, 0, 4, 4, 2, 0, 39, 9, 100, 152, 0, 60, 7, 0, 14, 6, 26, 4, 5, 0, 0, 0, 12, 3, 2, 10, 0, 3, 0, 3, 15, 2, 40, 3, 2, 71, 7, 4]",266
gpqa_diamond,gpqa_diamond:rec06pnAkLOr2t2mp,1,139,128,17,1,127,266,6,"[8, 2, 0, 47, 6, 10, 0, 24, 16, 17, 4, 13, 16, 10, 6, 31, 7, 7, 11, 6, 0, 21, 0, 0, 7, 1, 0, 17, 2, 0, 7, 4, 18, 2, 3, 16, 63, 18, 11, 19, 26, 4, 2, 4, 1, 12, 2, 1, 0, 4, 5, 4, 3, 22, 3, 5, 0, 6, 8, 26, 42, 1, 11, 0, 157, 3, 24, 11, 25, 1, 0, 2, 19, 75, 17, 5, 40, 8, 10, 4, 17, 66, 0, 0, 1, 5, 11, 8, 6, 10, 5, 0, 5, 1, 6, 1, 6, 87, 8, 0, 3, 3, 8, 0, 3, 7, 11, 1, 9, 7, 3, 24, 56, 5, 3, 19, 20, 1, 5, 0, 0, 5, 8, 82, 3, 4, 7, 13]",266
gpqa_diamond,gpqa_diamond:rec06pnAkLOr2t2mp,1,139,128,20,1,127,266,6,"[8, 2, 0, 4, 0, 16, 1, 18, 20, 15, 13, 17, 18, 5, 0, 15, 73, 20, 7, 26, 1, 4, 0, 2, 1, 2, 14, 15, 10, 4, 4, 3, 5, 9, 18, 1, 0, 5, 5, 6, 0, 0, 20, 2, 7, 2, 70, 0, 9, 18, 140, 5, 6, 9, 17, 5, 2, 6, 7, 0, 0, 9, 13, 13, 23, 5, 7, 1, 11, 0, 14, 16, 0, 3, 7, 9, 2, 1, 1, 16, 14, 0, 11, 3, 2, 65, 14, 15, 0, 1, 7, 27, 0, 0, 0, 3, 17, 2, 18, 0, 70, 21, 11, 3, 4, 22, 5, 4, 27, 6, 0, 10, 58, 10, 0, 5, 23, 8, 6, 1, 12, 4, 11, 8, 137, 2, 28, 38]",266
gpqa_diamond,gpqa_diamond:rec06pnAkLOr2t2mp,1,139,128,22,1,127,266,6,"[6, 8, 12, 12, 6, 7, 8, 24, 3, 14, 5, 10, 2, 1, 131, 0, 18, 24, 0, 7, 21, 1, 11, 3, 7, 12, 18, 13, 2, 4, 2, 6, 19, 7, 0, 1, 9, 14, 9, 6, 19, 13, 12, 6, 32, 38, 2, 5, 26, 58, 8, 3, 17, 7, 4, 24, 20, 7, 60, 3, 16, 4, 3, 12, 16, 27, 3, 17, 6, 11, 25, 15, 10, 8, 10, 1, 13, 15, 0, 1, 5, 9, 14, 17, 3, 13, 12, 5, 17, 33, 16, 9, 4, 13, 14, 18, 2, 9, 8, 7, 4, 66, 0, 16, 3, 14, 14, 3, 0, 44, 15, 3, 24, 12, 0, 0, 1, 22, 5, 10, 19, 0, 9, 6, 15, 0, 19, 4]",266
gpqa_diamond,gpqa_diamond:rec06pnAkLOr2t2mp,1,139,128,24,1,127,266,6,"[10, 5, 9, 21, 15, 6, 4, 0, 6, 5, 0, 2, 28, 2, 1, 9, 3, 15, 7, 23, 7, 189, 13, 4, 7, 24, 9, 1, 0, 9, 16, 5, 3, 8, 33, 8, 0, 11, 0, 38, 0, 15, 9, 0, 0, 9, 5, 7, 0, 14, 2, 1, 0, 15, 66, 15, 8, 3, 1, 8, 6, 6, 7, 4, 2, 1, 0, 21, 11, 7, 5, 5, 7, 1, 15, 18, 37, 0, 29, 1, 19, 7, 13, 1, 0, 12, 15, 2, 25, 0, 3, 10, 9, 44, 0, 0, 9, 1, 3, 9, 11, 6, 1, 100, 2, 1, 0, 9, 1, 0, 37, 0, 23, 18, 13, 8, 5, 4, 16, 3, 5, 38, 20, 162, 1, 7, 6, 0]",266
gpqa_diamond,gpqa_diamond:rec06pnAkLOr2t2mp,1,139,128,27,1,127,266,6,"[14, 5, 50, 2, 5, 6, 12, 0, 1, 3, 15, 15, 5, 6, 16, 5, 2, 2, 12, 10, 0, 8, 0, 7, 9, 8, 8, 1, 12, 7, 31, 7, 8, 80, 0, 101, 0, 3, 9, 4, 61, 6, 37, 0, 1, 1, 2, 0, 11, 1, 27, 57, 16, 24, 3, 4, 26, 1, 15, 18, 12, 1, 15, 2, 7, 10, 7, 0, 10, 5, 2, 2, 2, 2, 0, 6, 37, 15, 1, 13, 1, 0, 27, 16, 4, 4, 2, 9, 6, 0, 178, 4, 0, 0, 2, 25, 1, 2, 12, 1, 3, 1, 8, 49, 17, 7, 8, 63, 8, 5, 3, 5, 0, 0, 5, 0, 3, 6, 6, 5, 9, 16, 7, 19, 0, 2, 9, 89]",266
gpqa_diamond,gpqa_diamond:rec06pnAkLOr2t2mp,1,139,128,29,1,127,266,6,"[18, 14, 6, 4, 3, 7, 5, 8, 6, 12, 5, 16, 4, 2, 7, 3, 53, 1, 68, 21, 15, 5, 1, 8, 9, 10, 9, 6, 0, 6, 13, 0, 2, 7, 33, 3, 20, 10, 3, 12, 112, 7, 20, 9, 10, 66, 7, 3, 17, 13, 23, 9, 51, 8, 9, 2, 1, 4, 7, 10, 13, 4, 0, 14, 4, 11, 37, 0, 14, 3, 8, 6, 11, 7, 4, 15, 8, 5, 3, 1, 1, 8, 6, 1, 22, 8, 8, 12, 37, 29, 10, 16, 2, 5, 7, 9, 10, 15, 3, 10, 17, 5, 21, 6, 6, 14, 8, 0, 7, 0, 0, 1, 3, 21, 32, 8, 2, 4, 6, 3, 7, 8, 3, 37, 6, 3, 151, 7]",266
gpqa_diamond,gpqa_diamond:rec06pnAkLOr2t2mp,1,139,128,31,1,127,266,6,"[21, 0, 21, 4, 14, 22, 12, 7, 10, 7, 7, 15, 41, 19, 19, 0, 2, 11, 14, 21, 3, 23, 17, 30, 10, 4, 0, 32, 18, 10, 25, 3, 22, 15, 3, 21, 28, 32, 18, 7, 7, 1, 10, 31, 6, 21, 14, 18, 9, 7, 41, 4, 14, 1, 1, 0, 0, 11, 29, 16, 3, 6, 17, 0, 32, 2, 18, 84, 4, 8, 16, 5, 7, 4, 4, 5, 30, 23, 16, 0, 23, 10, 1, 35, 1, 4, 6, 21, 3, 13, 13, 0, 11, 7, 8, 18, 16, 6, 5, 9, 51, 7, 14, 1, 14, 8, 8, 14, 15, 0, 9, 14, 13, 0, 14, 1, 3, 0, 11, 9, 0, 0, 13, 10, 2, 5, 10, 27]",266
gpqa_diamond,gpqa_diamond:rec06pnAkLOr2t2mp,1,139,128,34,1,127,266,6,"[31, 57, 3, 0, 1, 8, 12, 52, 0, 6, 11, 5, 14, 28, 7, 11, 12, 16, 5, 4, 5, 0, 10, 3, 13, 19, 6, 16, 52, 5, 1, 9, 1, 7, 29, 13, 1, 7, 15, 1, 1, 8, 10, 9, 0, 6, 10, 44, 6, 4, 89, 2, 1, 4, 33, 0, 6, 5, 22, 9, 14, 11, 16, 11, 18, 3, 0, 47, 7, 7, 4, 33, 6, 26, 0, 4, 1, 0, 15, 150, 1, 6, 0, 9, 19, 3, 4, 1, 16, 0, 0, 14, 3, 10, 2, 4, 2, 30, 29, 6, 16, 9, 65, 28, 1, 6, 18, 2, 12, 14, 8, 14, 10, 0, 0, 8, 1, 2, 26, 12, 13, 13, 1, 12, 1, 0, 6, 1]",266
gpqa_diamond,gpqa_diamond:rec06pnAkLOr2t2mp,1,139,128,36,1,127,266,6,"[7, 15, 3, 24, 6, 14, 0, 22, 1, 12, 2, 4, 9, 0, 30, 10, 8, 5, 8, 7, 78, 2, 7, 10, 7, 6, 8, 11, 21, 2, 18, 56, 35, 1, 49, 1, 13, 24, 5, 8, 32, 1, 14, 0, 0, 6, 13, 0, 3, 0, 0, 1, 1, 4, 9, 0, 6, 13, 4, 10, 8, 5, 11, 11, 2, 0, 0, 0, 15, 96, 10, 9, 2, 5, 11, 11, 11, 3, 8, 5, 0, 1, 2, 14, 5, 9, 6, 7, 36, 9, 6, 9, 3, 8, 4, 6, 5, 6, 42, 10, 7, 1, 0, 4, 31, 15, 10, 6, 19, 13, 5, 33, 9, 11, 19, 13, 21, 35, 1, 18, 15, 13, 1, 24, 175, 8, 12, 0]",266
gpqa_diamond,gpqa_diamond:rec06pnAkLOr2t2mp,1,139,128,38,1,127,266,6,"[1, 1, 0, 5, 4, 5, 4, 9, 1, 1, 0, 19, 18, 5, 0, 2, 18, 17, 5, 19, 9, 8, 7, 28, 9, 4, 14, 2, 2, 47, 1, 6, 5, 2, 7, 14, 4, 18, 3, 8, 21, 0, 3, 7, 33, 0, 23, 5, 4, 2, 4, 27, 4, 11, 30, 94, 3, 7, 8, 0, 10, 9, 12, 4, 0, 0, 177, 1, 19, 1, 3, 12, 0, 0, 22, 4, 3, 1, 3, 57, 0, 2, 9, 10, 9, 21, 4, 4, 6, 2, 14, 3, 2, 2, 7, 2, 4, 0, 14, 16, 23, 81, 22, 3, 1, 18, 4, 0, 12, 1, 7, 7, 11, 21, 0, 26, 4, 4, 9, 2, 210, 0, 3, 11, 22, 2, 0, 5]",266
gpqa_diamond,gpqa_diamond:rec06pnAkLOr2t2mp,1,139,128,40,1,127,266,6,"[12, 1, 13, 5, 15, 5, 7, 22, 25, 74, 6, 5, 5, 1, 7, 0, 11, 9, 10, 2, 7, 20, 3, 10, 0, 9, 48, 1, 7, 5, 13, 73, 3, 6, 83, 12, 20, 1, 18, 2, 4, 5, 14, 11, 44, 1, 1, 12, 22, 21, 9, 1, 23, 25, 9, 1, 25, 6, 3, 1, 1, 14, 10, 9, 19, 4, 26, 11, 0, 10, 14, 4, 30, 6, 9, 3, 11, 2, 2, 4, 1, 35, 1, 3, 0, 6, 36, 6, 0, 0, 0, 10, 47, 6, 0, 22, 9, 8, 2, 99, 1, 2, 68, 13, 6, 8, 29, 6, 23, 2, 3, 5, 22, 3, 8, 2, 3, 3, 4, 0, 2, 24, 1, 9, 6, 4, 1, 44]",266
gpqa_diamond,gpqa_diamond:rec06pnAkLOr2t2mp,1,139,128,43,1,127,266,6,"[19, 4, 1, 2, 15, 17, 16, 19, 3, 4, 12, 6, 3, 0, 0, 1, 12, 19, 3, 11, 1, 3, 0, 4, 1, 11, 2, 1, 4, 15, 0, 1, 1, 4, 15, 5, 49, 16, 133, 11, 4, 18, 16, 14, 24, 1, 8, 0, 6, 5, 6, 1, 39, 13, 12, 11, 180, 5, 10, 8, 2, 27, 3, 7, 17, 2, 0, 6, 11, 11, 20, 7, 6, 18, 8, 10, 14, 0, 0, 6, 6, 8, 103, 12, 27, 8, 2, 36, 21, 4, 6, 2, 0, 50, 4, 8, 4, 7, 1, 11, 10, 4, 0, 6, 2, 2, 4, 10, 29, 16, 3, 7, 9, 27, 10, 29, 8, 6, 7, 3, 6, 11, 17, 33, 2, 7, 8, 0]",266
gpqa_diamond,gpqa_diamond:rec06pnAkLOr2t2mp,1,139,128,45,1,127,266,6,"[20, 2, 9, 7, 47, 27, 1, 5, 0, 0, 4, 23, 9, 3, 11, 7, 34, 10, 10, 76, 0, 4, 2, 3, 3, 26, 9, 27, 6, 7, 14, 5, 12, 3, 9, 0, 11, 1, 5, 7, 1, 42, 14, 9, 9, 10, 3, 6, 10, 0, 35, 43, 8, 8, 6, 29, 4, 8, 11, 21, 6, 3, 5, 11, 1, 3, 9, 6, 63, 6, 0, 9, 2, 10, 28, 7, 9, 2, 166, 1, 3, 7, 20, 6, 18, 8, 22, 41, 1, 3, 10, 14, 0, 36, 8, 8, 0, 41, 4, 3, 0, 13, 11, 21, 22, 4, 7, 6, 3, 7, 8, 1, 8, 14, 2, 1, 6, 1, 17, 30, 5, 5, 4, 7, 13, 28, 9, 7]",266
gpqa_diamond,gpqa_diamond:rec06pnAkLOr2t2mp,1,139,128,47,1,127,266,6,"[17, 22, 5, 23, 2, 13, 18, 6, 30, 14, 7, 6, 25, 3, 25, 5, 2, 13, 1, 8, 0, 13, 6, 4, 24, 4, 3, 7, 4, 4, 9, 11, 2, 3, 22, 6, 31, 0, 1, 3, 30, 5, 2, 11, 15, 9, 6, 10, 7, 10, 46, 4, 9, 7, 5, 1, 65, 12, 4, 13, 11, 8, 9, 12, 26, 0, 96, 10, 11, 12, 14, 29, 3, 18, 9, 127, 2, 2, 5, 13, 4, 2, 4, 4, 33, 0, 13, 3, 10, 10, 4, 2, 5, 4, 8, 15, 92, 20, 2, 0, 27, 16, 9, 1, 8, 2, 0, 16, 4, 0, 6, 24, 14, 2, 10, 11, 5, 9, 5, 8, 10, 7, 8, 5, 24, 3, 8, 29]",266
gpqa_diamond,gpqa_diamond:rec06pnAkLOr2t2mp,1,139,128,49,1,127,266,6,"[16, 99, 8, 0, 2, 0, 17, 3, 12, 0, 1, 17, 10, 22, 11, 12, 24, 11, 9, 8, 7, 22, 2, 2, 7, 14, 3, 0, 4, 9, 53, 16, 21, 7, 10, 15, 4, 31, 2, 1, 4, 0, 20, 15, 15, 1, 18, 9, 12, 13, 21, 1, 6, 22, 12, 17, 10, 38, 12, 3, 7, 20, 44, 10, 17, 13, 18, 34, 14, 11, 4, 2, 14, 1, 13, 3, 3, 18, 1, 1, 7, 12, 18, 11, 1, 12, 2, 6, 10, 13, 67, 0, 21, 6, 40, 6, 4, 41, 1, 6, 7, 16, 0, 0, 10, 19, 2, 9, 0, 2, 8, 0, 2, 3, 27, 6, 18, 4, 7, 2, 85, 5, 17, 15, 17, 14, 4, 4]",266
gpqa_diamond,gpqa_diamond:rec06pnAkLOr2t2mp,1,139,128,51,1,127,266,6,"[0, 19, 18, 11, 16, 0, 21, 8, 12, 42, 8, 0, 10, 3, 10, 2, 14, 23, 22, 25, 1, 15, 8, 25, 9, 34, 11, 17, 17, 1, 1, 7, 2, 6, 14, 16, 15, 8, 4, 4, 16, 41, 4, 6, 14, 23, 7, 5, 13, 38, 11, 12, 2, 19, 44, 35, 8, 17, 21, 2, 5, 13, 14, 4, 13, 0, 3, 17, 9, 16, 26, 2, 7, 14, 17, 13, 13, 11, 19, 64, 44, 18, 6, 9, 15, 34, 6, 3, 9, 2, 7, 1, 11, 6, 2, 9, 11, 13, 4, 13, 20, 1, 2, 6, 3, 7, 16, 2, 12, 12, 17, 7, 13, 20, 6, 9, 3, 24, 13, 6, 8, 7, 0, 28, 2, 20, 1, 11]",266
gpqa_diamond,gpqa_diamond:rec0Arme2jcXQZnAW,1,139,128,1,1,127,266,6,"[11, 2, 23, 0, 5, 6, 3, 15, 6, 6, 5, 28, 28, 28, 17, 1, 14, 3, 10, 4, 13, 16, 12, 15, 20, 23, 10, 11, 5, 19, 3, 16, 16, 4, 15, 9, 14, 16, 2, 11, 24, 2, 11, 8, 19, 26, 4, 6, 37, 6, 24, 4, 15, 15, 12, 9, 20, 14, 11, 15, 11, 13, 14, 16, 16, 9, 4, 3, 15, 29, 8, 27, 20, 6, 16, 17, 11, 28, 25, 5, 24, 2, 5, 27, 8, 13, 19, 6, 10, 8, 16, 15, 25, 5, 16, 20, 9, 15, 13, 11, 11, 6, 9, 8, 19, 16, 8, 16, 16, 3, 5, 9, 2, 15, 5, 13, 9, 13, 5, 14, 22, 7, 9, 25, 5, 9, 5, 5]",266
gpqa_diamond,gpqa_diamond:rec0Arme2jcXQZnAW,1,139,128,3,1,127,266,6,"[12, 19, 10, 2, 10, 21, 22, 35, 7, 0, 8, 3, 11, 6, 13, 19, 2, 47, 5, 16, 6, 0, 20, 2, 3, 7, 9, 8, 8, 1, 9, 4, 9, 31, 6, 3, 15, 10, 22, 4, 8, 15, 5, 29, 16, 5, 36, 7, 15, 15, 4, 12, 7, 50, 14, 33, 7, 10, 29, 2, 9, 9, 22, 6, 18, 5, 40, 12, 4, 28, 11, 5, 13, 7, 15, 21, 15, 7, 47, 12, 9, 13, 4, 0, 7, 36, 3, 15, 5, 3, 10, 1, 3, 9, 11, 22, 11, 3, 4, 14, 22, 18, 4, 6, 3, 12, 28, 5, 14, 10, 22, 34, 2, 1, 10, 12, 2, 19, 8, 7, 16, 6, 22, 3, 14, 11, 12, 20]",266
gpqa_diamond,gpqa_diamond:rec0Arme2jcXQZnAW,1,139,128,6,1,127,266,6,"[3, 13, 9, 22, 13, 4, 1, 20, 13, 7, 22, 14, 3, 22, 8, 16, 63, 0, 20, 5, 24, 128, 11, 18, 1, 6, 5, 4, 2, 24, 0, 10, 2, 4, 12, 3, 28, 25, 7, 8, 10, 6, 0, 1, 4, 5, 9, 8, 1, 29, 0, 3, 1, 3, 7, 1, 18, 4, 8, 7, 3, 24, 11, 7, 2, 4, 3, 2, 3, 6, 7, 7, 8, 5, 9, 15, 9, 1, 14, 10, 12, 37, 10, 7, 3, 2, 16, 3, 4, 13, 0, 11, 21, 26, 0, 20, 19, 2, 9, 5, 20, 8, 16, 6, 2, 15, 46, 4, 12, 15, 5, 5, 5, 195, 4, 8, 8, 3, 14, 1, 44, 5, 9, 3, 9, 16, 2, 21]",266
gpqa_diamond,gpqa_diamond:rec0Arme2jcXQZnAW,1,139,128,8,1,127,266,6,"[15, 30, 1, 0, 3, 25, 2, 0, 0, 11, 4, 6, 9, 2, 4, 3, 7, 4, 8, 7, 2, 10, 0, 3, 10, 22, 10, 169, 177, 21, 5, 5, 103, 0, 3, 7, 12, 9, 12, 10, 23, 8, 4, 13, 16, 0, 5, 1, 22, 11, 8, 2, 9, 26, 12, 8, 4, 5, 25, 5, 6, 0, 0, 7, 1, 11, 73, 1, 2, 8, 2, 0, 11, 0, 9, 12, 26, 41, 0, 8, 15, 2, 0, 10, 4, 29, 0, 0, 5, 15, 4, 8, 28, 4, 8, 15, 8, 8, 9, 16, 27, 4, 9, 0, 61, 6, 8, 1, 1, 13, 0, 13, 6, 8, 6, 2, 2, 10, 17, 21, 0, 1, 5, 19, 6, 5, 1, 0]",266
gpqa_diamond,gpqa_diamond:rec0Arme2jcXQZnAW,1,139,128,10,1,127,266,6,"[13, 5, 10, 16, 14, 1, 1, 10, 0, 0, 19, 3, 2, 0, 4, 13, 7, 3, 6, 0, 8, 20, 7, 3, 28, 4, 2, 8, 14, 0, 14, 1, 1, 3, 15, 11, 0, 18, 1, 18, 18, 20, 1, 3, 18, 16, 13, 62, 17, 2, 0, 5, 1, 224, 171, 3, 36, 6, 8, 0, 3, 0, 3, 0, 2, 4, 4, 38, 1, 39, 11, 6, 0, 0, 7, 6, 14, 3, 44, 7, 5, 7, 7, 1, 1, 13, 39, 2, 11, 8, 0, 2, 2, 7, 68, 1, 1, 29, 14, 28, 3, 1, 3, 7, 6, 9, 3, 0, 1, 0, 20, 26, 4, 6, 10, 6, 6, 1, 2, 7, 7, 22, 8, 17, 10, 7, 4, 35]",266
gpqa_diamond,gpqa_diamond:rec0Arme2jcXQZnAW,1,139,128,13,1,127,266,6,"[21, 2, 3, 28, 5, 12, 1, 10, 3, 1, 1, 31, 3, 25, 5, 1, 22, 1, 0, 97, 5, 0, 4, 1, 6, 21, 11, 0, 15, 6, 12, 2, 0, 14, 113, 7, 55, 28, 10, 9, 8, 16, 19, 1, 26, 21, 6, 0, 16, 18, 0, 16, 2, 0, 6, 36, 3, 0, 2, 8, 7, 102, 47, 14, 13, 0, 11, 3, 1, 0, 2, 3, 0, 18, 43, 1, 5, 16, 0, 1, 0, 1, 9, 2, 0, 0, 51, 1, 2, 0, 1, 12, 5, 1, 0, 0, 25, 7, 17, 11, 33, 11, 1, 0, 17, 4, 1, 2, 1, 19, 0, 0, 0, 2, 100, 2, 21, 29, 9, 13, 36, 0, 39, 2, 1, 26, 0, 0]",266
gpqa_diamond,gpqa_diamond:rec0Arme2jcXQZnAW,1,139,128,15,1,127,266,6,"[22, 0, 0, 3, 5, 2, 4, 2, 14, 2, 0, 12, 1, 4, 46, 24, 9, 6, 1, 8, 7, 5, 3, 2, 13, 7, 91, 5, 20, 8, 13, 3, 7, 25, 2, 1, 46, 3, 4, 6, 1, 100, 25, 2, 0, 51, 18, 1, 1, 7, 1, 3, 0, 2, 1, 2, 0, 13, 12, 5, 0, 0, 13, 135, 4, 0, 0, 3, 7, 1, 107, 15, 2, 3, 15, 5, 4, 2, 3, 3, 6, 6, 33, 0, 3, 4, 6, 0, 11, 1, 0, 2, 2, 3, 4, 22, 1, 8, 8, 1, 1, 0, 9, 5, 14, 78, 1, 34, 9, 1, 21, 7, 6, 8, 3, 11, 77, 3, 0, 15, 13, 4, 73, 18, 3, 29, 23, 6]",266
gpqa_diamond,gpqa_diamond:rec0Arme2jcXQZnAW,1,139,128,17,1,127,266,6,"[7, 0, 0, 22, 6, 11, 2, 15, 6, 22, 1, 4, 18, 11, 15, 11, 1, 5, 0, 7, 2, 17, 0, 0, 22, 0, 15, 20, 15, 0, 0, 4, 35, 5, 43, 7, 28, 12, 3, 9, 12, 11, 0, 1, 3, 19, 2, 2, 4, 1, 2, 7, 12, 9, 8, 1, 9, 9, 8, 26, 36, 4, 11, 2, 0, 2, 22, 0, 28, 1, 0, 0, 5, 46, 30, 7, 0, 6, 10, 9, 26, 1, 3, 0, 5, 15, 22, 8, 2, 14, 1, 6, 8, 5, 15, 13, 10, 8, 28, 0, 0, 7, 14, 0, 1, 10, 2, 81, 3, 13, 2, 30, 169, 1, 5, 12, 188, 0, 2, 26, 7, 13, 1, 6, 0, 4, 17, 26]",266
gpqa_diamond,gpqa_diamond:rec0Arme2jcXQZnAW,1,139,128,20,1,127,266,6,"[3, 5, 0, 3, 0, 1, 1, 19, 6, 0, 29, 3, 12, 9, 2, 14, 60, 3, 4, 35, 1, 37, 0, 0, 7, 3, 14, 14, 25, 8, 7, 0, 29, 5, 5, 11, 1, 2, 0, 3, 0, 0, 20, 0, 6, 2, 0, 11, 4, 0, 164, 23, 7, 1, 15, 4, 15, 7, 42, 0, 14, 4, 14, 6, 17, 3, 3, 14, 4, 2, 2, 5, 0, 4, 3, 8, 91, 19, 4, 39, 2, 0, 9, 4, 28, 23, 1, 20, 0, 18, 7, 41, 1, 3, 0, 5, 1, 3, 17, 0, 1, 3, 2, 3, 5, 25, 15, 11, 6, 2, 0, 7, 83, 21, 5, 2, 14, 2, 7, 1, 10, 5, 21, 186, 10, 2, 1, 5]",266
gpqa_diamond,gpqa_diamond:rec0Arme2jcXQZnAW,1,139,128,22,1,127,266,6,"[1, 21, 2, 62, 10, 2, 14, 16, 9, 7, 9, 1, 3, 0, 21, 8, 8, 20, 0, 1, 31, 1, 12, 5, 10, 6, 4, 7, 3, 24, 0, 5, 15, 1, 7, 2, 19, 32, 14, 8, 5, 16, 12, 22, 2, 22, 0, 4, 3, 74, 19, 11, 4, 5, 11, 52, 10, 11, 100, 6, 8, 4, 5, 29, 14, 36, 9, 16, 4, 11, 39, 11, 35, 23, 0, 2, 14, 57, 8, 10, 4, 4, 12, 18, 0, 8, 4, 7, 0, 88, 12, 14, 0, 0, 5, 5, 17, 12, 1, 2, 6, 34, 0, 5, 0, 8, 2, 2, 25, 32, 11, 3, 8, 3, 2, 2, 1, 15, 7, 0, 19, 0, 6, 9, 29, 1, 5, 3]",266
gpqa_diamond,gpqa_diamond:rec0Arme2jcXQZnAW,1,139,128,24,1,127,266,6,"[7, 1, 10, 21, 15, 0, 2, 0, 11, 7, 19, 9, 29, 4, 21, 8, 1, 46, 1, 25, 2, 1, 13, 0, 5, 9, 25, 1, 0, 42, 14, 17, 1, 17, 11, 6, 0, 3, 1, 17, 3, 24, 6, 5, 2, 35, 24, 3, 0, 4, 1, 24, 4, 15, 67, 1, 15, 2, 0, 2, 5, 0, 5, 3, 0, 0, 1, 3, 17, 5, 5, 3, 35, 12, 16, 47, 8, 2, 23, 4, 9, 9, 11, 3, 0, 4, 6, 4, 193, 1, 27, 4, 4, 10, 0, 1, 13, 2, 6, 11, 0, 3, 0, 19, 12, 8, 1, 9, 3, 19, 19, 0, 11, 5, 11, 2, 4, 1, 1, 2, 1, 42, 13, 206, 2, 11, 19, 1]",266
gpqa_diamond,gpqa_diamond:rec0Arme2jcXQZnAW,1,139,128,27,1,127,266,6,"[39, 12, 57, 16, 0, 5, 9, 2, 0, 3, 4, 8, 3, 31, 5, 5, 6, 2, 3, 10, 0, 26, 0, 28, 2, 21, 13, 3, 9, 7, 13, 0, 43, 70, 1, 2, 12, 7, 8, 2, 42, 10, 0, 2, 13, 2, 5, 0, 3, 1, 24, 2, 13, 4, 3, 0, 12, 1, 9, 17, 3, 7, 4, 31, 7, 5, 5, 8, 3, 0, 35, 1, 191, 1, 5, 6, 32, 1, 1, 2, 8, 0, 20, 4, 4, 2, 3, 5, 5, 9, 46, 17, 1, 0, 13, 24, 23, 4, 6, 24, 3, 9, 23, 107, 17, 7, 4, 2, 24, 2, 22, 16, 0, 11, 3, 3, 0, 31, 7, 5, 6, 39, 22, 4, 1, 3, 9, 0]",266
gpqa_diamond,gpqa_diamond:rec0Arme2jcXQZnAW,1,139,128,29,1,127,266,6,"[14, 16, 6, 0, 8, 1, 0, 18, 1, 4, 8, 3, 8, 16, 22, 11, 1, 4, 71, 37, 2, 16, 4, 13, 8, 10, 21, 15, 0, 15, 11, 2, 3, 1, 33, 14, 43, 2, 5, 12, 14, 5, 26, 17, 53, 0, 0, 7, 7, 8, 15, 13, 56, 3, 4, 16, 7, 7, 0, 4, 8, 3, 0, 9, 1, 3, 23, 2, 7, 4, 32, 10, 8, 24, 9, 4, 3, 1, 5, 17, 3, 21, 3, 38, 1, 31, 8, 2, 31, 20, 20, 6, 5, 1, 6, 5, 5, 17, 4, 8, 16, 23, 24, 7, 8, 10, 3, 0, 21, 9, 4, 4, 1, 0, 0, 3, 0, 8, 14, 2, 13, 14, 0, 27, 42, 2, 186, 6]",266
gpqa_diamond,gpqa_diamond:rec0Arme2jcXQZnAW,1,139,128,31,1,127,266,6,"[8, 3, 8, 4, 5, 0, 5, 15, 2, 5, 7, 9, 5, 9, 21, 1, 9, 1, 12, 27, 2, 14, 13, 3, 7, 23, 0, 34, 17, 0, 28, 8, 26, 25, 1, 14, 15, 2, 12, 11, 13, 119, 29, 27, 5, 19, 6, 10, 1, 3, 17, 2, 14, 7, 26, 1, 3, 6, 1, 6, 14, 42, 3, 0, 8, 2, 11, 209, 2, 6, 9, 6, 5, 5, 1, 0, 5, 10, 12, 6, 8, 19, 25, 15, 4, 5, 23, 40, 8, 18, 6, 1, 9, 7, 0, 12, 22, 3, 30, 6, 6, 9, 21, 0, 11, 4, 6, 3, 4, 0, 75, 13, 23, 0, 1, 2, 0, 3, 2, 23, 4, 0, 16, 8, 5, 5, 1, 8]",266
gpqa_diamond,gpqa_diamond:rec0Arme2jcXQZnAW,1,139,128,34,1,127,266,6,"[13, 76, 7, 1, 6, 5, 28, 35, 11, 21, 18, 7, 15, 29, 10, 15, 1, 54, 10, 1, 12, 10, 6, 19, 21, 10, 2, 22, 0, 6, 0, 5, 3, 1, 3, 0, 2, 4, 1, 1, 3, 8, 11, 6, 1, 2, 17, 0, 6, 0, 75, 2, 11, 8, 4, 4, 7, 2, 0, 8, 6, 18, 18, 9, 16, 2, 2, 66, 7, 1, 8, 14, 13, 26, 1, 0, 14, 0, 38, 215, 4, 2, 9, 5, 10, 1, 1, 3, 37, 12, 3, 8, 57, 6, 6, 20, 12, 23, 15, 5, 24, 11, 2, 37, 6, 0, 3, 12, 3, 4, 4, 2, 9, 0, 0, 8, 16, 2, 0, 1, 6, 13, 2, 22, 12, 0, 4, 14]",266
gpqa_diamond,gpqa_diamond:rec0Arme2jcXQZnAW,1,139,128,36,1,127,266,6,"[4, 12, 11, 13, 4, 32, 3, 7, 3, 34, 3, 135, 19, 0, 31, 11, 15, 11, 9, 11, 11, 0, 3, 9, 12, 89, 19, 20, 16, 5, 3, 14, 16, 4, 3, 1, 15, 6, 56, 15, 17, 11, 6, 0, 0, 3, 10, 0, 8, 2, 2, 0, 1, 8, 3, 1, 16, 10, 6, 7, 0, 11, 13, 8, 10, 3, 0, 36, 23, 4, 8, 6, 7, 10, 21, 10, 11, 4, 16, 71, 1, 1, 6, 15, 16, 8, 5, 7, 5, 8, 1, 10, 1, 33, 5, 4, 9, 0, 24, 18, 6, 0, 2, 0, 9, 16, 13, 30, 17, 22, 2, 61, 7, 22, 8, 30, 29, 8, 5, 18, 7, 12, 5, 10, 0, 6, 5, 1]",266
gpqa_diamond,gpqa_diamond:rec0Arme2jcXQZnAW,1,139,128,38,1,127,266,6,"[2, 9, 0, 4, 12, 12, 0, 15, 0, 1, 11, 39, 0, 4, 0, 1, 8, 14, 3, 7, 10, 10, 0, 1, 32, 3, 147, 4, 2, 23, 0, 9, 9, 0, 5, 9, 2, 16, 5, 11, 9, 2, 10, 6, 18, 2, 20, 1, 26, 4, 7, 15, 7, 5, 26, 23, 1, 5, 2, 0, 7, 6, 2, 18, 0, 0, 54, 11, 14, 0, 14, 16, 23, 198, 4, 9, 3, 5, 3, 12, 0, 0, 8, 8, 7, 23, 10, 8, 5, 7, 16, 3, 4, 8, 9, 3, 2, 1, 4, 4, 6, 96, 20, 2, 3, 32, 2, 17, 6, 16, 5, 2, 15, 13, 1, 17, 20, 86, 30, 24, 1, 6, 1, 6, 5, 2, 3, 1]",266
gpqa_diamond,gpqa_diamond:rec0Arme2jcXQZnAW,1,139,128,40,1,127,266,6,"[8, 12, 22, 2, 6, 5, 4, 2, 51, 71, 40, 7, 14, 0, 6, 4, 4, 0, 12, 5, 1, 9, 1, 1, 1, 6, 1, 2, 10, 1, 20, 0, 0, 15, 107, 8, 26, 2, 7, 1, 4, 6, 4, 4, 2, 2, 4, 15, 15, 14, 9, 0, 5, 3, 178, 0, 0, 29, 9, 2, 2, 7, 12, 5, 0, 1, 5, 10, 0, 15, 2, 59, 2, 5, 15, 1, 11, 2, 0, 3, 1, 24, 208, 2, 1, 9, 26, 39, 0, 22, 2, 11, 43, 1, 0, 3, 10, 7, 1, 6, 2, 2, 6, 9, 16, 16, 4, 4, 12, 7, 5, 0, 15, 0, 2, 20, 0, 1, 1, 17, 29, 3, 2, 0, 0, 0, 2, 49]",266
gpqa_diamond,gpqa_diamond:rec0Arme2jcXQZnAW,1,139,128,43,1,127,266,6,"[8, 6, 1, 1, 16, 19, 8, 11, 1, 8, 17, 6, 4, 5, 1, 10, 7, 23, 0, 3, 0, 7, 1, 22, 0, 2, 42, 30, 12, 34, 1, 0, 1, 15, 140, 1, 31, 19, 42, 8, 14, 25, 15, 9, 9, 5, 6, 3, 18, 7, 8, 17, 10, 3, 27, 12, 2, 11, 5, 25, 2, 15, 1, 2, 5, 10, 0, 11, 20, 9, 3, 5, 31, 45, 3, 0, 20, 7, 6, 2, 6, 12, 68, 5, 17, 6, 5, 18, 15, 7, 7, 4, 0, 29, 5, 7, 1, 131, 2, 38, 0, 3, 8, 5, 0, 0, 0, 2, 32, 48, 0, 0, 10, 25, 4, 4, 3, 2, 14, 11, 2, 14, 2, 1, 7, 5, 13, 7]",266
gpqa_diamond,gpqa_diamond:rec0Arme2jcXQZnAW,1,139,128,45,1,127,266,6,"[15, 163, 44, 5, 24, 1, 1, 2, 0, 10, 24, 28, 8, 11, 14, 6, 1, 6, 19, 14, 0, 5, 36, 13, 6, 15, 5, 24, 4, 6, 8, 4, 15, 10, 15, 0, 9, 0, 5, 5, 4, 34, 3, 8, 10, 15, 13, 12, 10, 9, 36, 9, 9, 39, 14, 1, 0, 2, 3, 26, 2, 1, 58, 8, 2, 6, 16, 8, 10, 5, 0, 4, 4, 5, 17, 4, 20, 1, 14, 1, 1, 3, 15, 1, 5, 14, 8, 4, 3, 2, 13, 14, 1, 16, 9, 4, 3, 0, 4, 3, 7, 8, 19, 26, 18, 7, 4, 13, 1, 23, 21, 13, 17, 4, 1, 12, 2, 0, 17, 15, 1, 1, 4, 162, 10, 28, 13, 2]",266
gpqa_diamond,gpqa_diamond:rec0Arme2jcXQZnAW,1,139,128,47,1,127,266,6,"[11, 31, 11, 11, 3, 7, 2, 8, 16, 67, 2, 28, 20, 0, 21, 3, 3, 10, 0, 9, 6, 10, 3, 4, 18, 1, 4, 11, 27, 2, 16, 18, 2, 6, 17, 13, 26, 3, 3, 1, 3, 11, 1, 4, 2, 8, 9, 9, 7, 4, 12, 5, 17, 8, 6, 4, 58, 19, 133, 4, 4, 9, 5, 12, 13, 9, 32, 4, 19, 5, 9, 33, 3, 9, 19, 57, 1, 1, 10, 16, 4, 9, 0, 8, 5, 0, 10, 0, 13, 3, 3, 0, 21, 8, 9, 18, 5, 17, 3, 147, 18, 19, 9, 1, 4, 4, 1, 6, 13, 0, 17, 9, 11, 7, 1, 4, 18, 7, 5, 4, 15, 2, 6, 7, 17, 0, 19, 41]",266
gpqa_diamond,gpqa_diamond:rec0Arme2jcXQZnAW,1,139,128,49,1,127,266,6,"[16, 5, 8, 2, 2, 19, 8, 4, 1, 2, 1, 14, 21, 55, 6, 21, 27, 23, 20, 7, 4, 11, 4, 3, 9, 12, 6, 1, 209, 2, 37, 8, 7, 11, 16, 8, 10, 13, 6, 7, 7, 0, 17, 12, 20, 3, 14, 4, 12, 12, 15, 1, 7, 4, 19, 8, 13, 20, 13, 1, 0, 18, 42, 14, 6, 5, 9, 24, 10, 13, 16, 46, 16, 8, 26, 4, 2, 8, 4, 2, 9, 10, 37, 16, 5, 2, 0, 4, 48, 15, 17, 3, 14, 14, 20, 0, 1, 1, 1, 14, 9, 6, 7, 1, 37, 13, 0, 3, 0, 12, 1, 2, 2, 8, 7, 2, 27, 8, 4, 10, 57, 0, 2, 6, 4, 8, 3, 5]",266
gpqa_diamond,gpqa_diamond:rec0Arme2jcXQZnAW,1,139,128,51,1,127,266,6,"[0, 16, 11, 6, 2, 0, 6, 7, 4, 27, 3, 1, 22, 8, 9, 1, 10, 9, 6, 13, 2, 17, 13, 10, 11, 7, 9, 27, 16, 4, 1, 12, 31, 11, 2, 18, 40, 10, 14, 9, 9, 29, 24, 26, 11, 20, 11, 4, 7, 2, 5, 10, 7, 34, 5, 19, 8, 25, 22, 11, 13, 15, 12, 9, 10, 2, 15, 11, 9, 3, 8, 10, 2, 28, 24, 15, 17, 35, 1, 70, 19, 4, 10, 5, 24, 33, 8, 3, 4, 32, 4, 1, 8, 24, 2, 2, 2, 13, 0, 30, 54, 3, 4, 4, 11, 9, 8, 1, 13, 13, 17, 6, 15, 26, 10, 7, 3, 5, 23, 15, 38, 14, 3, 18, 2, 15, 5, 3]",266
gpqa_diamond,gpqa_diamond:rec0VuKUjt1SZ7NYv,1,147,128,1,1,127,274,6,"[15, 7, 13, 21, 3, 9, 4, 21, 11, 8, 9, 8, 36, 12, 12, 12, 8, 5, 23, 2, 9, 23, 12, 15, 22, 48, 14, 7, 3, 7, 19, 16, 15, 12, 11, 9, 15, 24, 8, 5, 22, 4, 12, 12, 33, 8, 8, 7, 9, 19, 20, 8, 30, 6, 13, 10, 13, 7, 4, 11, 8, 21, 11, 6, 8, 6, 11, 5, 19, 31, 9, 10, 12, 34, 13, 6, 15, 14, 30, 2, 6, 6, 4, 21, 15, 19, 15, 1, 0, 9, 21, 11, 12, 6, 14, 6, 4, 6, 8, 10, 5, 12, 28, 18, 16, 10, 15, 5, 24, 6, 24, 14, 9, 8, 2, 11, 8, 12, 15, 6, 27, 19, 17, 29, 5, 9, 12, 24]",274
gpqa_diamond,gpqa_diamond:rec0VuKUjt1SZ7NYv,1,147,128,3,1,127,274,6,"[7, 33, 10, 4, 17, 15, 16, 33, 12, 9, 26, 9, 23, 10, 5, 7, 2, 16, 19, 7, 18, 5, 18, 5, 2, 4, 5, 13, 10, 16, 4, 12, 1, 23, 2, 2, 2, 16, 16, 3, 9, 20, 15, 3, 18, 9, 9, 15, 24, 7, 3, 5, 7, 19, 28, 23, 4, 9, 30, 2, 13, 14, 16, 11, 21, 20, 12, 7, 11, 11, 11, 8, 13, 14, 21, 52, 9, 13, 4, 28, 7, 11, 8, 2, 11, 28, 10, 5, 12, 3, 6, 6, 11, 7, 7, 29, 4, 13, 10, 8, 31, 43, 7, 9, 11, 7, 28, 11, 21, 9, 16, 27, 33, 4, 12, 13, 4, 14, 5, 10, 12, 4, 32, 6, 7, 10, 28, 7]",274
gpqa_diamond,gpqa_diamond:rec0VuKUjt1SZ7NYv,1,147,128,6,1,127,274,6,"[10, 11, 1, 13, 9, 6, 9, 1, 30, 8, 22, 7, 7, 14, 10, 22, 30, 0, 5, 4, 29, 12, 23, 24, 8, 4, 8, 9, 6, 13, 49, 13, 11, 2, 25, 0, 6, 29, 9, 8, 5, 16, 7, 11, 35, 14, 5, 5, 0, 26, 3, 4, 8, 6, 4, 33, 22, 4, 12, 6, 5, 85, 3, 39, 4, 3, 1, 3, 7, 5, 2, 25, 3, 4, 12, 1, 5, 11, 25, 8, 9, 42, 10, 8, 6, 9, 16, 2, 10, 35, 15, 12, 24, 3, 4, 2, 15, 9, 18, 23, 16, 16, 32, 11, 27, 12, 11, 7, 19, 21, 9, 4, 4, 1, 8, 14, 13, 25, 37, 20, 18, 3, 16, 5, 5, 17, 10, 7]",274
gpqa_diamond,gpqa_diamond:rec0VuKUjt1SZ7NYv,1,147,128,8,1,127,274,6,"[10, 5, 71, 4, 3, 33, 0, 12, 7, 10, 22, 0, 65, 49, 4, 19, 1, 3, 10, 13, 8, 12, 9, 0, 1, 1, 19, 6, 1, 8, 2, 0, 10, 3, 7, 13, 24, 1, 11, 44, 7, 12, 4, 15, 5, 14, 18, 9, 35, 116, 20, 8, 3, 15, 2, 0, 4, 1, 5, 8, 71, 0, 1, 7, 4, 4, 58, 0, 0, 1, 0, 5, 15, 0, 14, 10, 12, 43, 5, 1, 10, 3, 13, 0, 13, 0, 2, 123, 15, 9, 2, 4, 29, 5, 10, 12, 15, 3, 20, 42, 2, 0, 10, 0, 18, 1, 12, 5, 1, 20, 2, 45, 2, 18, 0, 20, 4, 29, 20, 3, 9, 0, 1, 12, 0, 6, 1, 0]",274
gpqa_diamond,gpqa_diamond:rec0VuKUjt1SZ7NYv,1,147,128,10,1,127,274,6,"[0, 1, 6, 27, 6, 179, 4, 0, 10, 3, 11, 1, 2, 11, 3, 3, 4, 132, 7, 0, 2, 11, 1, 3, 3, 1, 0, 5, 0, 1, 9, 1, 5, 6, 0, 7, 17, 12, 63, 6, 19, 10, 2, 0, 23, 3, 44, 32, 0, 1, 2, 171, 3, 4, 1, 10, 25, 6, 9, 1, 23, 16, 3, 1, 2, 24, 11, 3, 2, 28, 17, 21, 6, 1, 4, 1, 6, 11, 26, 7, 46, 13, 9, 0, 3, 8, 6, 1, 29, 7, 2, 7, 1, 15, 4, 1, 0, 43, 14, 28, 8, 5, 5, 6, 0, 3, 0, 1, 0, 5, 6, 9, 21, 6, 14, 1, 0, 1, 57, 18, 19, 1, 0, 7, 27, 7, 0, 38]",274
gpqa_diamond,gpqa_diamond:rec0VuKUjt1SZ7NYv,1,147,128,13,1,127,274,6,"[8, 25, 1, 57, 4, 0, 7, 8, 0, 1, 0, 9, 1, 11, 9, 2, 5, 6, 1, 71, 16, 0, 4, 1, 31, 19, 12, 1, 14, 2, 10, 0, 0, 18, 38, 5, 3, 31, 6, 1, 3, 11, 28, 2, 16, 21, 6, 7, 1, 9, 1, 11, 1, 71, 2, 27, 7, 3, 7, 10, 0, 2, 84, 0, 17, 0, 19, 25, 28, 10, 2, 9, 52, 10, 33, 1, 9, 19, 102, 16, 0, 5, 1, 1, 11, 0, 5, 0, 0, 4, 0, 20, 1, 1, 1, 0, 21, 5, 0, 15, 61, 11, 7, 27, 22, 6, 14, 3, 18, 18, 0, 84, 8, 0, 11, 5, 1, 4, 4, 9, 5, 2, 98, 1, 5, 2, 6, 1]",274
gpqa_diamond,gpqa_diamond:rec0VuKUjt1SZ7NYv,1,147,128,15,1,127,274,6,"[20, 7, 1, 9, 0, 9, 1, 0, 12, 1, 6, 5, 2, 5, 18, 15, 6, 0, 18, 19, 6, 10, 0, 3, 22, 1, 68, 9, 18, 12, 4, 1, 2, 22, 15, 5, 1, 5, 5, 0, 8, 54, 1, 14, 4, 1, 15, 6, 6, 10, 14, 19, 1, 2, 0, 0, 4, 17, 7, 2, 5, 2, 4, 105, 10, 9, 0, 7, 8, 8, 3, 13, 3, 2, 1, 6, 5, 1, 23, 0, 3, 5, 115, 2, 9, 4, 7, 0, 40, 3, 7, 0, 2, 7, 12, 21, 31, 8, 83, 100, 42, 38, 6, 0, 14, 17, 45, 45, 6, 3, 3, 1, 1, 6, 5, 8, 1, 7, 4, 5, 18, 6, 52, 19, 7, 36, 14, 13]",274
gpqa_diamond,gpqa_diamond:rec0VuKUjt1SZ7NYv,1,147,128,17,1,127,274,6,"[7, 6, 4, 23, 7, 9, 5, 7, 93, 36, 3, 10, 12, 24, 1, 7, 6, 6, 5, 9, 10, 4, 1, 4, 13, 1, 3, 26, 3, 3, 4, 5, 34, 2, 30, 20, 18, 42, 52, 8, 14, 11, 4, 3, 8, 17, 1, 1, 0, 20, 4, 3, 22, 21, 4, 1, 8, 3, 13, 41, 55, 2, 8, 2, 28, 16, 37, 53, 26, 3, 0, 1, 6, 71, 15, 5, 0, 7, 24, 1, 29, 39, 2, 1, 6, 6, 7, 28, 2, 8, 3, 3, 5, 1, 9, 0, 7, 71, 12, 1, 2, 10, 10, 1, 11, 5, 3, 3, 20, 9, 2, 20, 6, 1, 1, 16, 12, 0, 22, 0, 4, 13, 6, 7, 1, 8, 22, 67]",274
gpqa_diamond,gpqa_diamond:rec0VuKUjt1SZ7NYv,1,147,128,20,1,127,274,6,"[28, 4, 6, 11, 1, 9, 4, 12, 7, 1, 128, 33, 26, 17, 0, 19, 34, 4, 11, 46, 3, 1, 0, 1, 0, 2, 24, 8, 22, 7, 8, 8, 9, 27, 52, 4, 2, 5, 4, 2, 1, 1, 12, 3, 7, 2, 1, 5, 0, 1, 8, 12, 12, 1, 23, 5, 19, 7, 11, 0, 10, 7, 22, 8, 20, 15, 0, 61, 11, 20, 13, 9, 0, 1, 10, 7, 1, 9, 13, 18, 2, 0, 20, 3, 0, 9, 2, 31, 8, 2, 11, 37, 5, 0, 5, 7, 5, 4, 26, 4, 0, 85, 3, 2, 0, 15, 4, 2, 25, 17, 0, 13, 92, 32, 1, 7, 10, 11, 8, 3, 17, 4, 12, 2, 42, 9, 71, 0]",274
gpqa_diamond,gpqa_diamond:rec0VuKUjt1SZ7NYv,1,147,128,22,1,127,274,6,"[4, 6, 6, 41, 6, 1, 8, 3, 11, 10, 19, 9, 2, 0, 58, 2, 25, 18, 7, 2, 17, 3, 9, 18, 23, 17, 10, 5, 0, 3, 8, 1, 23, 6, 20, 0, 11, 9, 20, 6, 2, 38, 11, 17, 1, 29, 3, 2, 9, 76, 14, 4, 13, 2, 13, 25, 6, 3, 94, 3, 14, 11, 6, 15, 16, 45, 6, 21, 10, 10, 17, 15, 14, 19, 0, 1, 11, 28, 0, 18, 7, 18, 14, 22, 9, 3, 8, 5, 42, 44, 2, 13, 4, 2, 16, 13, 2, 15, 4, 14, 3, 20, 2, 7, 0, 15, 8, 7, 1, 21, 11, 8, 9, 0, 5, 5, 1, 0, 7, 7, 76, 4, 7, 9, 45, 4, 15, 1]",274
gpqa_diamond,gpqa_diamond:rec0VuKUjt1SZ7NYv,1,147,128,24,1,127,274,6,"[9, 5, 1, 29, 3, 0, 1, 0, 4, 2, 31, 8, 46, 0, 0, 6, 3, 4, 22, 72, 1, 60, 11, 2, 5, 12, 8, 4, 0, 36, 12, 1, 1, 12, 12, 8, 1, 14, 0, 18, 3, 14, 16, 0, 9, 16, 25, 6, 2, 5, 1, 3, 0, 8, 48, 50, 2, 8, 10, 14, 16, 2, 8, 0, 6, 0, 0, 23, 21, 34, 11, 14, 0, 29, 12, 41, 33, 5, 44, 1, 88, 8, 5, 10, 1, 3, 12, 0, 5, 1, 34, 8, 14, 4, 1, 3, 3, 6, 0, 3, 5, 7, 2, 57, 11, 1, 4, 19, 0, 5, 17, 0, 24, 4, 14, 6, 8, 1, 2, 4, 12, 43, 15, 132, 3, 28, 5, 2]",274
gpqa_diamond,gpqa_diamond:rec0VuKUjt1SZ7NYv,1,147,128,27,1,127,274,6,"[23, 10, 90, 3, 0, 2, 13, 9, 0, 3, 2, 12, 1, 16, 15, 13, 2, 3, 3, 13, 0, 17, 3, 13, 2, 9, 10, 5, 8, 9, 22, 4, 41, 47, 4, 103, 0, 5, 4, 6, 38, 6, 25, 1, 2, 5, 6, 5, 17, 2, 20, 7, 9, 9, 1, 2, 3, 2, 23, 16, 41, 14, 7, 33, 12, 10, 8, 9, 3, 0, 10, 29, 1, 20, 11, 4, 60, 0, 1, 1, 6, 4, 47, 6, 10, 6, 2, 8, 8, 2, 33, 29, 5, 3, 10, 11, 4, 5, 11, 17, 3, 3, 34, 82, 16, 8, 24, 0, 9, 6, 15, 5, 0, 4, 8, 2, 1, 13, 21, 15, 7, 37, 31, 5, 4, 26, 17, 3]",274
gpqa_diamond,gpqa_diamond:rec0VuKUjt1SZ7NYv,1,147,128,29,1,127,274,6,"[19, 8, 5, 1, 0, 7, 0, 25, 5, 7, 6, 3, 3, 2, 12, 2, 67, 8, 92, 16, 5, 4, 9, 3, 7, 13, 14, 3, 0, 4, 5, 4, 6, 22, 0, 5, 19, 5, 4, 30, 63, 17, 23, 17, 25, 21, 2, 11, 10, 2, 22, 3, 49, 11, 6, 7, 1, 3, 0, 5, 6, 3, 2, 7, 8, 4, 31, 24, 15, 8, 18, 16, 5, 8, 4, 12, 7, 7, 7, 2, 5, 27, 15, 0, 2, 16, 6, 32, 60, 35, 19, 16, 1, 3, 3, 8, 17, 14, 10, 10, 28, 13, 19, 16, 12, 21, 10, 8, 10, 4, 6, 0, 2, 30, 73, 2, 0, 21, 11, 3, 8, 18, 16, 18, 9, 16, 13, 16]",274
gpqa_diamond,gpqa_diamond:rec0VuKUjt1SZ7NYv,1,147,128,31,1,127,274,6,"[13, 13, 9, 4, 7, 0, 30, 1, 2, 8, 3, 18, 35, 6, 9, 5, 6, 128, 15, 24, 0, 1, 15, 1, 42, 12, 3, 47, 12, 3, 0, 0, 34, 15, 3, 4, 14, 6, 17, 9, 14, 5, 3, 23, 5, 30, 4, 29, 5, 4, 4, 4, 15, 12, 15, 4, 2, 2, 5, 10, 5, 13, 15, 62, 11, 0, 17, 105, 1, 31, 14, 5, 6, 3, 12, 0, 10, 12, 25, 5, 6, 10, 1, 11, 4, 2, 12, 28, 10, 17, 13, 0, 9, 3, 10, 9, 7, 2, 22, 15, 3, 11, 34, 1, 15, 54, 7, 9, 12, 1, 35, 6, 11, 1, 39, 9, 0, 2, 7, 11, 1, 12, 10, 10, 3, 8, 0, 20]",274
gpqa_diamond,gpqa_diamond:rec0VuKUjt1SZ7NYv,1,147,128,34,1,127,274,6,"[7, 63, 6, 0, 41, 6, 19, 40, 0, 13, 11, 15, 12, 38, 14, 12, 4, 22, 13, 27, 15, 0, 2, 2, 25, 16, 3, 7, 13, 3, 10, 12, 9, 0, 13, 36, 25, 11, 2, 1, 2, 9, 13, 25, 0, 1, 13, 58, 10, 2, 50, 7, 0, 9, 13, 1, 10, 51, 0, 8, 9, 18, 13, 7, 18, 1, 0, 9, 10, 18, 8, 19, 5, 19, 43, 8, 7, 1, 35, 5, 0, 9, 0, 17, 46, 4, 2, 2, 5, 1, 2, 8, 2, 9, 2, 19, 1, 62, 8, 17, 35, 1, 3, 43, 3, 1, 5, 4, 16, 10, 3, 23, 1, 0, 1, 12, 5, 3, 79, 10, 9, 8, 2, 33, 8, 1, 3, 3]",274
gpqa_diamond,gpqa_diamond:rec0VuKUjt1SZ7NYv,1,147,128,36,1,127,274,6,"[4, 10, 2, 20, 1, 8, 4, 4, 2, 2, 3, 0, 18, 0, 19, 13, 16, 10, 7, 14, 6, 3, 19, 15, 3, 16, 12, 18, 6, 11, 12, 16, 18, 4, 17, 59, 20, 7, 5, 14, 41, 3, 10, 2, 46, 25, 11, 0, 1, 4, 5, 0, 2, 11, 16, 23, 3, 11, 29, 14, 2, 5, 25, 105, 4, 0, 1, 0, 20, 105, 12, 4, 3, 7, 14, 4, 20, 6, 11, 4, 11, 0, 5, 10, 3, 7, 10, 1, 3, 5, 3, 13, 20, 20, 11, 6, 10, 14, 14, 14, 5, 21, 22, 2, 37, 21, 10, 9, 27, 15, 1, 24, 11, 11, 8, 36, 53, 43, 4, 22, 1, 11, 0, 6, 0, 9, 6, 2]",274
gpqa_diamond,gpqa_diamond:rec0VuKUjt1SZ7NYv,1,147,128,38,1,127,274,6,"[6, 3, 3, 2, 7, 5, 5, 26, 2, 2, 0, 0, 86, 4, 5, 1, 16, 18, 20, 9, 23, 2, 2, 131, 10, 9, 4, 3, 6, 23, 0, 29, 3, 0, 11, 20, 1, 40, 4, 26, 3, 7, 13, 1, 29, 0, 11, 83, 11, 7, 6, 14, 2, 14, 0, 27, 7, 7, 9, 0, 10, 4, 31, 10, 4, 5, 9, 1, 20, 2, 17, 3, 82, 7, 26, 9, 3, 5, 7, 21, 6, 22, 5, 9, 4, 13, 2, 16, 14, 2, 15, 7, 5, 4, 16, 0, 0, 40, 9, 12, 9, 89, 27, 11, 0, 20, 2, 0, 9, 4, 10, 1, 9, 19, 0, 8, 8, 2, 34, 3, 49, 2, 2, 5, 7, 9, 5, 5]",274
gpqa_diamond,gpqa_diamond:rec0VuKUjt1SZ7NYv,1,147,128,40,1,127,274,6,"[1, 2, 3, 2, 16, 6, 11, 1, 54, 96, 7, 3, 3, 0, 12, 9, 11, 2, 19, 6, 0, 18, 3, 5, 9, 18, 16, 0, 12, 0, 30, 94, 0, 12, 0, 14, 22, 9, 10, 9, 3, 8, 0, 1, 12, 21, 4, 17, 11, 27, 28, 10, 16, 7, 32, 13, 0, 10, 9, 10, 2, 5, 6, 9, 22, 3, 69, 9, 2, 9, 7, 7, 10, 10, 3, 3, 28, 24, 0, 4, 15, 14, 3, 6, 16, 14, 10, 13, 6, 9, 6, 19, 67, 3, 7, 40, 11, 4, 9, 7, 7, 3, 37, 19, 22, 11, 13, 17, 10, 4, 3, 12, 2, 7, 1, 33, 3, 5, 32, 6, 26, 16, 7, 1, 14, 3, 1, 34]",274
gpqa_diamond,gpqa_diamond:rec0VuKUjt1SZ7NYv,1,147,128,43,1,127,274,6,"[2, 12, 4, 2, 16, 14, 8, 20, 154, 5, 9, 6, 2, 1, 0, 8, 13, 10, 5, 1, 6, 5, 2, 14, 1, 0, 16, 7, 16, 8, 0, 0, 1, 4, 1, 10, 44, 6, 35, 4, 9, 17, 9, 7, 21, 4, 7, 18, 5, 4, 10, 6, 20, 5, 11, 11, 13, 15, 16, 0, 1, 66, 2, 6, 20, 11, 0, 8, 16, 3, 5, 2, 22, 22, 4, 14, 18, 7, 7, 2, 12, 15, 86, 9, 5, 11, 4, 34, 6, 12, 11, 5, 2, 81, 8, 3, 7, 3, 6, 27, 4, 6, 1, 1, 4, 1, 5, 30, 22, 27, 3, 5, 1, 3, 4, 92, 5, 39, 10, 8, 15, 17, 6, 24, 3, 8, 26, 11]",274
gpqa_diamond,gpqa_diamond:rec0VuKUjt1SZ7NYv,1,147,128,45,1,127,274,6,"[6, 0, 46, 19, 11, 8, 9, 23, 0, 8, 15, 19, 3, 1, 28, 22, 5, 17, 15, 83, 0, 19, 7, 7, 6, 5, 7, 15, 1, 6, 12, 5, 13, 36, 13, 9, 6, 2, 13, 6, 26, 31, 9, 12, 55, 7, 18, 28, 6, 3, 38, 22, 43, 26, 3, 0, 31, 22, 13, 7, 15, 17, 6, 24, 9, 16, 6, 6, 20, 11, 0, 8, 2, 6, 19, 3, 14, 11, 11, 1, 8, 20, 16, 18, 4, 4, 6, 35, 1, 4, 18, 16, 5, 11, 2, 3, 2, 10, 11, 1, 4, 17, 7, 23, 29, 2, 7, 7, 5, 7, 12, 8, 16, 2, 5, 2, 10, 0, 28, 43, 20, 3, 0, 16, 16, 11, 6, 12]",274
gpqa_diamond,gpqa_diamond:rec0VuKUjt1SZ7NYv,1,147,128,47,1,127,274,6,"[45, 14, 2, 40, 10, 12, 8, 7, 9, 19, 11, 20, 14, 6, 5, 0, 6, 16, 49, 18, 5, 9, 4, 4, 18, 11, 4, 9, 9, 2, 8, 11, 3, 2, 19, 6, 34, 3, 1, 27, 0, 3, 66, 4, 57, 10, 6, 6, 26, 2, 7, 9, 9, 24, 4, 2, 68, 18, 10, 37, 29, 9, 11, 9, 3, 1, 5, 21, 7, 2, 12, 22, 23, 15, 16, 37, 1, 3, 4, 1, 11, 6, 0, 4, 10, 1, 7, 2, 13, 17, 30, 22, 13, 16, 15, 17, 5, 24, 5, 2, 13, 12, 12, 21, 6, 5, 5, 10, 40, 1, 7, 38, 1, 4, 23, 1, 6, 3, 6, 17, 21, 4, 4, 9, 11, 1, 16, 28]",274
gpqa_diamond,gpqa_diamond:rec0VuKUjt1SZ7NYv,1,147,128,49,1,127,274,6,"[24, 3, 16, 23, 5, 11, 10, 12, 13, 0, 2, 20, 5, 15, 5, 27, 33, 14, 8, 11, 2, 17, 2, 0, 7, 8, 5, 1, 30, 1, 64, 14, 13, 3, 7, 17, 13, 25, 0, 0, 4, 11, 11, 10, 35, 9, 17, 9, 13, 21, 21, 0, 2, 6, 25, 3, 13, 28, 2, 7, 0, 19, 29, 12, 16, 23, 5, 19, 29, 8, 6, 7, 20, 20, 8, 10, 2, 5, 0, 0, 4, 7, 47, 3, 2, 24, 38, 9, 20, 25, 28, 5, 29, 8, 13, 4, 2, 86, 2, 6, 2, 14, 0, 0, 29, 19, 0, 4, 49, 6, 17, 2, 5, 4, 10, 1, 4, 1, 5, 16, 76, 6, 13, 6, 1, 11, 3, 7]",274
gpqa_diamond,gpqa_diamond:rec0VuKUjt1SZ7NYv,1,147,128,51,1,127,274,6,"[0, 20, 42, 26, 2, 10, 8, 28, 3, 45, 4, 2, 11, 1, 10, 11, 10, 8, 14, 10, 10, 13, 11, 12, 18, 24, 13, 9, 7, 8, 7, 12, 0, 5, 2, 23, 18, 2, 10, 13, 6, 20, 12, 24, 10, 9, 8, 13, 9, 17, 5, 13, 8, 21, 25, 3, 6, 14, 22, 28, 3, 22, 14, 6, 12, 3, 6, 8, 14, 7, 18, 31, 2, 18, 18, 17, 15, 2, 2, 43, 17, 7, 17, 9, 22, 26, 8, 7, 4, 7, 46, 3, 8, 18, 6, 9, 11, 28, 6, 9, 40, 12, 11, 9, 1, 7, 12, 0, 30, 11, 12, 15, 16, 30, 6, 15, 6, 16, 6, 16, 8, 4, 2, 38, 1, 18, 11, 7]",274
gpqa_diamond,gpqa_diamond:rec0wZvZgiz320KRs,1,156,128,1,1,127,283,6,"[24, 5, 6, 13, 10, 19, 12, 20, 16, 19, 6, 6, 23, 16, 13, 17, 6, 6, 11, 7, 18, 19, 11, 10, 29, 18, 15, 4, 10, 7, 12, 28, 26, 18, 18, 6, 17, 22, 7, 12, 16, 9, 16, 9, 18, 7, 12, 6, 13, 15, 12, 10, 7, 7, 13, 25, 27, 18, 8, 15, 14, 13, 9, 10, 17, 3, 6, 20, 24, 26, 7, 10, 12, 14, 14, 7, 6, 14, 24, 6, 14, 5, 11, 17, 17, 10, 16, 0, 8, 7, 16, 8, 24, 22, 24, 8, 3, 16, 16, 5, 4, 7, 22, 17, 5, 6, 10, 11, 28, 12, 7, 2, 22, 13, 4, 20, 9, 18, 11, 10, 25, 18, 16, 27, 7, 20, 7, 12]",283
gpqa_diamond,gpqa_diamond:rec0wZvZgiz320KRs,1,156,128,3,1,127,283,6,"[9, 19, 21, 7, 21, 14, 14, 22, 7, 0, 13, 14, 17, 8, 11, 5, 8, 20, 8, 6, 13, 3, 13, 5, 8, 10, 13, 12, 20, 3, 5, 13, 12, 14, 15, 7, 3, 22, 13, 2, 4, 13, 13, 19, 6, 12, 11, 7, 14, 9, 10, 11, 7, 39, 5, 13, 0, 3, 34, 12, 17, 14, 25, 3, 34, 23, 8, 1, 7, 18, 39, 42, 17, 21, 38, 28, 16, 7, 8, 11, 11, 15, 8, 2, 6, 32, 5, 20, 19, 2, 13, 3, 11, 9, 14, 23, 18, 6, 7, 17, 31, 16, 15, 6, 6, 4, 22, 19, 14, 12, 12, 35, 17, 10, 9, 13, 7, 9, 11, 16, 8, 1, 34, 2, 8, 13, 24, 14]",283
gpqa_diamond,gpqa_diamond:rec0wZvZgiz320KRs,1,156,128,6,1,127,283,6,"[11, 22, 8, 22, 4, 1, 1, 4, 12, 13, 9, 6, 2, 13, 11, 21, 18, 4, 40, 4, 19, 20, 17, 20, 4, 4, 6, 3, 11, 20, 22, 15, 1, 8, 10, 0, 16, 29, 8, 8, 3, 20, 29, 6, 27, 7, 11, 14, 6, 17, 1, 2, 5, 17, 7, 4, 19, 6, 14, 5, 21, 88, 11, 67, 5, 7, 9, 4, 7, 8, 8, 28, 2, 7, 8, 16, 6, 2, 16, 6, 14, 37, 4, 8, 10, 6, 14, 2, 16, 28, 7, 10, 39, 3, 28, 3, 11, 10, 17, 10, 16, 12, 18, 16, 25, 17, 30, 4, 18, 20, 22, 21, 2, 1, 25, 11, 16, 16, 34, 8, 10, 2, 22, 16, 6, 9, 9, 2]",283
gpqa_diamond,gpqa_diamond:rec0wZvZgiz320KRs,1,156,128,8,1,127,283,6,"[2, 16, 46, 13, 1, 18, 8, 0, 9, 20, 33, 0, 4, 14, 11, 14, 0, 4, 5, 8, 16, 9, 0, 3, 3, 2, 14, 201, 1, 8, 0, 12, 2, 10, 0, 7, 15, 0, 7, 0, 5, 7, 0, 20, 21, 35, 7, 6, 29, 0, 8, 18, 4, 11, 6, 0, 2, 1, 2, 28, 6, 0, 1, 16, 2, 3, 56, 5, 0, 0, 0, 5, 11, 2, 29, 6, 6, 34, 11, 1, 12, 33, 3, 0, 11, 24, 34, 14, 12, 9, 24, 1, 42, 5, 2, 11, 9, 3, 16, 5, 4, 0, 1, 6, 16, 17, 15, 1, 6, 13, 0, 9, 1, 12, 3, 13, 7, 248, 17, 16, 37, 2, 2, 11, 18, 9, 1, 3]",283
gpqa_diamond,gpqa_diamond:rec0wZvZgiz320KRs,1,156,128,10,1,127,283,6,"[1, 5, 4, 5, 10, 62, 37, 0, 0, 2, 10, 2, 3, 4, 2, 23, 9, 83, 28, 0, 4, 17, 3, 110, 0, 1, 0, 25, 6, 0, 14, 1, 4, 0, 20, 20, 7, 17, 29, 26, 18, 13, 8, 1, 19, 22, 11, 52, 71, 1, 0, 4, 7, 2, 0, 14, 62, 6, 13, 1, 34, 1, 16, 148, 5, 6, 3, 0, 2, 26, 24, 16, 2, 28, 1, 11, 0, 5, 23, 27, 0, 17, 18, 2, 2, 18, 11, 0, 3, 2, 1, 7, 0, 3, 4, 4, 2, 22, 24, 41, 0, 8, 0, 17, 0, 5, 28, 0, 0, 8, 9, 12, 8, 0, 6, 3, 1, 0, 2, 0, 17, 0, 0, 5, 3, 12, 1, 75]",283
gpqa_diamond,gpqa_diamond:rec0wZvZgiz320KRs,1,156,128,13,1,127,283,6,"[19, 16, 1, 2, 16, 1, 3, 8, 64, 4, 1, 10, 0, 18, 15, 7, 13, 72, 0, 57, 15, 0, 4, 0, 34, 28, 12, 4, 21, 3, 18, 1, 0, 70, 94, 0, 4, 27, 7, 3, 6, 11, 13, 1, 27, 23, 3, 0, 7, 3, 1, 40, 1, 19, 4, 10, 21, 1, 12, 29, 0, 0, 55, 0, 12, 5, 9, 4, 14, 0, 2, 2, 0, 2, 29, 4, 3, 16, 8, 4, 0, 19, 2, 1, 1, 1, 2, 0, 0, 2, 0, 16, 5, 4, 18, 4, 30, 113, 0, 15, 107, 7, 2, 28, 9, 1, 9, 2, 21, 16, 1, 6, 6, 7, 6, 1, 8, 3, 11, 16, 13, 3, 30, 1, 17, 0, 23, 38]",283
gpqa_diamond,gpqa_diamond:rec0wZvZgiz320KRs,1,156,128,15,1,127,283,6,"[18, 1, 3, 5, 1, 3, 4, 0, 12, 4, 7, 8, 11, 4, 7, 13, 8, 3, 33, 14, 12, 11, 1, 5, 18, 4, 56, 10, 1, 14, 2, 1, 13, 37, 3, 3, 1, 1, 9, 1, 6, 56, 4, 3, 1, 3, 7, 43, 0, 12, 16, 8, 0, 6, 2, 7, 2, 11, 5, 0, 10, 52, 4, 104, 2, 1, 7, 4, 25, 0, 3, 4, 3, 5, 19, 34, 0, 0, 29, 0, 2, 9, 57, 1, 10, 2, 2, 0, 5, 4, 7, 0, 0, 2, 30, 0, 1, 15, 11, 23, 1, 34, 15, 0, 11, 6, 169, 11, 5, 5, 0, 1, 16, 16, 2, 10, 0, 5, 0, 9, 14, 8, 61, 22, 5, 214, 4, 13]",283
gpqa_diamond,gpqa_diamond:rec0wZvZgiz320KRs,1,156,128,17,1,127,283,6,"[7, 2, 0, 1, 7, 20, 0, 29, 73, 19, 1, 8, 18, 21, 0, 10, 14, 6, 1, 17, 1, 11, 1, 1, 5, 0, 4, 27, 10, 2, 9, 2, 24, 14, 15, 37, 84, 10, 22, 16, 21, 7, 4, 4, 3, 25, 4, 3, 0, 0, 0, 22, 8, 12, 2, 0, 36, 24, 12, 50, 32, 1, 12, 2, 20, 10, 21, 19, 27, 0, 0, 2, 10, 65, 28, 8, 1, 6, 7, 0, 28, 11, 0, 3, 1, 16, 11, 22, 4, 10, 3, 1, 17, 5, 7, 1, 6, 54, 11, 0, 7, 10, 10, 0, 21, 3, 2, 0, 10, 13, 11, 16, 75, 4, 1, 17, 95, 0, 9, 0, 0, 20, 4, 36, 1, 2, 13, 50]",283
gpqa_diamond,gpqa_diamond:rec0wZvZgiz320KRs,1,156,128,20,1,127,283,6,"[6, 0, 5, 1, 1, 1, 1, 21, 11, 1, 25, 35, 17, 17, 0, 10, 35, 9, 6, 32, 1, 3, 0, 13, 2, 2, 20, 10, 8, 9, 7, 7, 8, 23, 9, 0, 1, 14, 8, 4, 0, 1, 21, 0, 14, 0, 2, 2, 1, 0, 22, 7, 4, 14, 10, 2, 53, 6, 28, 1, 7, 19, 11, 7, 20, 16, 0, 19, 6, 2, 23, 4, 0, 0, 2, 10, 1, 8, 1, 25, 3, 0, 12, 2, 10, 153, 19, 36, 2, 3, 10, 58, 8, 0, 1, 4, 4, 2, 27, 0, 0, 168, 56, 3, 2, 21, 3, 5, 19, 14, 0, 13, 70, 10, 8, 6, 21, 31, 8, 1, 13, 0, 10, 2, 46, 0, 59, 3]",283
gpqa_diamond,gpqa_diamond:rec0wZvZgiz320KRs,1,156,128,22,1,127,283,6,"[8, 6, 6, 37, 16, 4, 6, 22, 4, 14, 6, 5, 6, 0, 55, 0, 48, 25, 0, 1, 19, 4, 10, 10, 21, 12, 12, 9, 2, 5, 5, 5, 20, 10, 13, 11, 12, 10, 17, 12, 13, 18, 12, 11, 8, 32, 6, 3, 3, 70, 12, 9, 19, 15, 13, 28, 4, 10, 96, 0, 26, 4, 15, 8, 13, 33, 6, 16, 11, 7, 16, 9, 12, 12, 7, 3, 9, 26, 0, 2, 5, 11, 17, 13, 5, 4, 4, 7, 45, 32, 6, 21, 3, 2, 25, 19, 2, 13, 17, 12, 10, 44, 1, 8, 1, 4, 6, 1, 0, 19, 25, 6, 19, 0, 0, 2, 0, 11, 3, 4, 57, 0, 17, 12, 60, 1, 17, 2]",283
gpqa_diamond,gpqa_diamond:rec0wZvZgiz320KRs,1,156,128,24,1,127,283,6,"[3, 1, 3, 23, 12, 1, 7, 0, 1, 5, 0, 5, 16, 4, 0, 2, 1, 8, 11, 34, 19, 107, 11, 4, 3, 12, 10, 0, 0, 19, 11, 1, 6, 10, 11, 8, 0, 25, 0, 11, 2, 49, 16, 0, 0, 16, 7, 2, 5, 14, 2, 0, 0, 13, 90, 25, 18, 2, 7, 1, 3, 0, 1, 0, 1, 6, 0, 9, 9, 21, 5, 3, 0, 1, 8, 70, 49, 3, 30, 5, 28, 5, 8, 20, 14, 7, 3, 52, 4, 0, 74, 4, 14, 32, 3, 0, 19, 2, 4, 2, 1, 3, 4, 107, 10, 2, 0, 14, 0, 1, 21, 0, 27, 2, 10, 16, 8, 1, 8, 0, 20, 28, 13, 191, 2, 9, 7, 0]",283
gpqa_diamond,gpqa_diamond:rec0wZvZgiz320KRs,1,156,128,27,1,127,283,6,"[19, 21, 71, 6, 5, 6, 13, 0, 12, 4, 6, 7, 17, 10, 13, 40, 3, 5, 5, 8, 1, 17, 7, 13, 5, 10, 17, 1, 16, 39, 27, 11, 37, 88, 5, 109, 7, 4, 3, 10, 44, 9, 3, 2, 6, 2, 4, 0, 9, 0, 24, 1, 7, 26, 4, 7, 19, 0, 21, 11, 34, 0, 7, 41, 12, 5, 8, 1, 2, 1, 13, 0, 1, 3, 0, 3, 38, 0, 2, 6, 3, 2, 35, 2, 5, 4, 0, 8, 2, 5, 142, 6, 10, 0, 18, 16, 0, 2, 8, 19, 0, 3, 16, 85, 13, 11, 23, 1, 14, 0, 13, 5, 0, 0, 9, 6, 0, 21, 9, 17, 8, 24, 15, 4, 5, 18, 12, 5]",283
gpqa_diamond,gpqa_diamond:rec0wZvZgiz320KRs,1,156,128,29,1,127,283,6,"[18, 13, 5, 2, 3, 8, 1, 16, 3, 5, 10, 9, 3, 5, 9, 8, 83, 3, 97, 19, 11, 7, 2, 3, 4, 21, 11, 6, 0, 7, 8, 0, 4, 15, 0, 18, 23, 8, 6, 13, 19, 11, 45, 14, 33, 23, 0, 9, 16, 6, 20, 10, 68, 4, 5, 18, 0, 3, 7, 3, 9, 4, 0, 7, 2, 1, 39, 0, 15, 2, 5, 5, 18, 12, 2, 9, 4, 6, 46, 13, 4, 12, 6, 3, 2, 16, 6, 17, 54, 17, 17, 9, 7, 0, 17, 12, 16, 15, 16, 7, 12, 14, 15, 16, 4, 12, 8, 12, 9, 4, 2, 1, 4, 35, 61, 3, 35, 2, 11, 2, 9, 15, 7, 49, 6, 18, 64, 15]",283
gpqa_diamond,gpqa_diamond:rec0wZvZgiz320KRs,1,156,128,31,1,127,283,6,"[7, 2, 13, 3, 3, 8, 14, 1, 2, 3, 3, 8, 30, 40, 37, 0, 4, 205, 24, 13, 0, 17, 20, 26, 29, 7, 4, 34, 7, 0, 4, 12, 22, 14, 1, 3, 17, 2, 16, 23, 4, 1, 12, 30, 1, 16, 2, 19, 6, 3, 2, 4, 13, 7, 4, 1, 0, 16, 9, 9, 11, 7, 14, 1, 14, 4, 19, 162, 3, 19, 7, 7, 3, 4, 6, 38, 13, 46, 19, 3, 37, 6, 1, 9, 3, 13, 7, 21, 10, 15, 8, 1, 6, 6, 2, 13, 19, 5, 13, 19, 12, 6, 15, 2, 8, 15, 2, 6, 6, 2, 15, 4, 5, 0, 39, 8, 11, 0, 1, 32, 1, 0, 13, 6, 10, 5, 6, 17]",283
gpqa_diamond,gpqa_diamond:rec0wZvZgiz320KRs,1,156,128,34,1,127,283,6,"[34, 86, 2, 1, 26, 5, 41, 50, 0, 18, 9, 6, 13, 40, 15, 17, 20, 10, 5, 8, 31, 0, 2, 12, 11, 15, 2, 26, 24, 12, 0, 12, 4, 1, 8, 11, 12, 10, 4, 4, 4, 8, 13, 24, 0, 2, 15, 51, 11, 1, 111, 7, 9, 18, 8, 2, 0, 11, 14, 5, 18, 17, 11, 12, 17, 1, 0, 33, 3, 1, 17, 21, 2, 20, 11, 0, 2, 0, 17, 37, 4, 4, 0, 7, 26, 0, 20, 1, 10, 5, 0, 5, 7, 18, 0, 28, 2, 49, 33, 10, 15, 6, 4, 33, 0, 3, 2, 4, 21, 19, 6, 33, 2, 0, 0, 7, 27, 4, 40, 3, 5, 12, 6, 31, 8, 0, 11, 6]",283
gpqa_diamond,gpqa_diamond:rec0wZvZgiz320KRs,1,156,128,36,1,127,283,6,"[7, 10, 1, 74, 11, 27, 2, 8, 0, 4, 0, 0, 13, 0, 25, 9, 12, 9, 14, 6, 34, 3, 9, 15, 10, 24, 19, 33, 23, 3, 10, 33, 9, 1, 18, 9, 19, 6, 4, 15, 42, 9, 15, 1, 25, 39, 37, 2, 1, 0, 1, 0, 1, 18, 28, 0, 6, 12, 12, 13, 0, 7, 22, 78, 8, 0, 1, 0, 18, 14, 2, 3, 6, 14, 4, 12, 16, 3, 18, 10, 6, 0, 4, 9, 6, 11, 11, 0, 14, 3, 0, 10, 11, 18, 3, 7, 17, 7, 17, 17, 5, 18, 1, 9, 22, 14, 8, 9, 6, 17, 27, 34, 8, 18, 3, 15, 4, 38, 0, 20, 0, 15, 25, 5, 165, 5, 8, 1]",283
gpqa_diamond,gpqa_diamond:rec0wZvZgiz320KRs,1,156,128,38,1,127,283,6,"[1, 0, 9, 2, 9, 12, 0, 13, 3, 1, 2, 10, 29, 3, 0, 2, 14, 26, 9, 15, 14, 4, 4, 15, 17, 8, 17, 16, 21, 33, 5, 11, 25, 0, 24, 21, 1, 21, 1, 14, 16, 2, 16, 2, 33, 2, 20, 56, 1, 7, 23, 25, 4, 16, 17, 75, 2, 25, 4, 0, 10, 11, 6, 10, 5, 3, 39, 0, 18, 0, 9, 5, 0, 1, 11, 9, 9, 12, 1, 22, 6, 16, 5, 11, 3, 35, 3, 0, 14, 1, 18, 11, 2, 1, 4, 11, 6, 1, 8, 8, 27, 98, 20, 15, 0, 16, 5, 0, 17, 4, 9, 10, 20, 143, 1, 14, 4, 2, 15, 3, 110, 5, 5, 17, 6, 2, 4, 3]",283
gpqa_diamond,gpqa_diamond:rec0wZvZgiz320KRs,1,156,128,40,1,127,283,6,"[1, 2, 7, 2, 14, 14, 0, 0, 40, 105, 6, 11, 2, 1, 5, 0, 5, 2, 6, 5, 0, 12, 1, 3, 0, 16, 10, 1, 4, 3, 18, 169, 0, 6, 10, 13, 21, 12, 13, 0, 7, 14, 4, 30, 32, 20, 1, 27, 15, 17, 10, 1, 17, 15, 8, 8, 1, 7, 9, 15, 1, 5, 18, 7, 39, 2, 44, 9, 6, 10, 7, 53, 3, 11, 6, 0, 16, 3, 4, 0, 4, 9, 4, 1, 1, 11, 22, 5, 7, 0, 1, 9, 51, 2, 75, 35, 3, 11, 1, 87, 1, 14, 50, 20, 14, 10, 3, 20, 4, 1, 2, 4, 25, 0, 2, 34, 1, 5, 4, 20, 5, 3, 0, 19, 5, 15, 3, 33]",283
gpqa_diamond,gpqa_diamond:rec0wZvZgiz320KRs,1,156,128,43,1,127,283,6,"[1, 4, 0, 5, 25, 16, 15, 24, 20, 4, 10, 3, 5, 2, 1, 8, 14, 44, 0, 8, 5, 1, 3, 13, 1, 14, 27, 4, 9, 20, 0, 1, 0, 1, 4, 4, 29, 20, 88, 3, 6, 21, 17, 36, 14, 7, 6, 2, 9, 5, 7, 12, 18, 8, 18, 6, 188, 0, 18, 4, 4, 37, 0, 5, 10, 2, 2, 16, 13, 7, 9, 4, 7, 48, 6, 22, 22, 0, 4, 3, 1, 8, 87, 11, 42, 8, 0, 72, 6, 5, 5, 2, 1, 59, 7, 7, 1, 1, 0, 21, 15, 13, 0, 0, 0, 13, 5, 22, 13, 20, 1, 3, 4, 1, 2, 91, 7, 2, 11, 0, 3, 10, 4, 4, 2, 11, 7, 11]",283
gpqa_diamond,gpqa_diamond:rec0wZvZgiz320KRs,1,156,128,45,1,127,283,6,"[12, 0, 15, 5, 5, 13, 1, 7, 0, 9, 9, 24, 8, 1, 19, 19, 0, 26, 7, 152, 0, 4, 6, 7, 12, 25, 8, 31, 19, 6, 9, 9, 7, 1, 7, 3, 11, 1, 13, 10, 18, 62, 10, 1, 18, 6, 7, 26, 7, 0, 35, 54, 22, 37, 4, 2, 12, 9, 14, 16, 6, 12, 4, 17, 4, 6, 7, 7, 34, 11, 0, 6, 2, 8, 61, 4, 11, 4, 32, 9, 1, 3, 3, 12, 8, 9, 17, 19, 14, 3, 18, 7, 0, 26, 4, 7, 2, 24, 4, 12, 0, 9, 7, 27, 42, 3, 11, 5, 17, 9, 7, 2, 5, 4, 3, 11, 16, 1, 28, 13, 10, 3, 1, 17, 18, 87, 16, 7]",283
gpqa_diamond,gpqa_diamond:rec0wZvZgiz320KRs,1,156,128,47,1,127,283,6,"[25, 32, 7, 26, 4, 10, 0, 12, 32, 22, 5, 5, 24, 2, 21, 0, 12, 22, 22, 30, 1, 11, 9, 0, 34, 5, 11, 3, 6, 5, 11, 12, 3, 7, 21, 4, 40, 3, 3, 7, 58, 14, 19, 9, 44, 8, 14, 8, 16, 7, 24, 11, 5, 5, 4, 2, 67, 10, 3, 12, 28, 8, 12, 12, 23, 0, 21, 3, 12, 4, 9, 12, 6, 7, 22, 118, 1, 3, 3, 13, 8, 15, 5, 5, 13, 1, 9, 0, 7, 31, 4, 0, 18, 14, 16, 18, 17, 17, 6, 7, 46, 22, 18, 8, 7, 2, 2, 6, 16, 1, 1, 33, 11, 8, 20, 6, 12, 11, 10, 7, 9, 2, 9, 9, 8, 0, 10, 27]",283
gpqa_diamond,gpqa_diamond:rec0wZvZgiz320KRs,1,156,128,49,1,127,283,6,"[13, 54, 8, 9, 1, 0, 13, 8, 1, 1, 1, 27, 4, 22, 10, 26, 27, 14, 4, 9, 2, 21, 3, 2, 6, 11, 1, 3, 26, 1, 44, 17, 25, 9, 12, 19, 13, 22, 0, 0, 7, 0, 12, 11, 31, 9, 34, 6, 18, 12, 40, 4, 4, 3, 20, 14, 5, 41, 6, 6, 0, 21, 35, 12, 9, 21, 8, 24, 9, 11, 2, 3, 12, 25, 16, 2, 0, 3, 9, 1, 5, 8, 42, 5, 4, 11, 9, 2, 19, 12, 44, 6, 30, 8, 48, 7, 3, 61, 1, 12, 0, 12, 4, 0, 17, 12, 0, 7, 27, 6, 14, 0, 1, 12, 11, 13, 28, 0, 9, 6, 88, 13, 7, 21, 4, 45, 5, 4]",283
gpqa_diamond,gpqa_diamond:rec0wZvZgiz320KRs,1,156,128,51,1,127,283,6,"[1, 16, 32, 12, 4, 6, 9, 10, 5, 34, 5, 2, 9, 1, 5, 16, 8, 8, 12, 11, 11, 28, 12, 22, 8, 22, 15, 20, 15, 9, 7, 14, 3, 3, 5, 26, 23, 6, 9, 16, 12, 35, 12, 22, 14, 17, 7, 6, 16, 18, 11, 12, 9, 17, 36, 26, 4, 22, 12, 3, 3, 12, 19, 2, 11, 1, 4, 6, 13, 7, 7, 21, 16, 24, 11, 20, 9, 15, 7, 56, 25, 13, 19, 12, 22, 34, 6, 7, 3, 4, 35, 6, 10, 9, 5, 11, 7, 15, 9, 7, 39, 16, 7, 2, 2, 16, 8, 0, 18, 16, 8, 8, 14, 20, 10, 15, 5, 21, 14, 58, 6, 7, 0, 26, 8, 22, 13, 5]",283
gpqa_diamond,gpqa_diamond:rec0yTRmO1o1xCA6H,1,146,128,1,1,127,273,6,"[36, 3, 3, 3, 6, 7, 4, 19, 16, 5, 15, 8, 16, 13, 12, 16, 5, 8, 14, 8, 16, 21, 11, 11, 27, 28, 10, 9, 13, 18, 11, 17, 23, 10, 14, 3, 6, 24, 3, 8, 11, 7, 40, 16, 16, 9, 12, 19, 5, 6, 15, 7, 10, 11, 20, 24, 19, 7, 7, 16, 8, 29, 11, 7, 10, 5, 8, 9, 26, 16, 12, 13, 13, 12, 13, 8, 10, 20, 22, 2, 16, 6, 17, 16, 15, 17, 14, 6, 16, 17, 13, 11, 23, 9, 5, 19, 7, 9, 12, 9, 5, 7, 18, 11, 10, 8, 8, 17, 20, 7, 18, 8, 5, 15, 5, 11, 7, 20, 16, 4, 25, 17, 26, 23, 8, 14, 9, 8]",273
gpqa_diamond,gpqa_diamond:rec0yTRmO1o1xCA6H,1,146,128,3,1,127,273,6,"[14, 30, 15, 9, 11, 16, 10, 22, 10, 5, 11, 19, 26, 5, 6, 12, 5, 42, 11, 2, 17, 13, 9, 19, 6, 6, 3, 8, 19, 15, 14, 5, 2, 24, 6, 9, 8, 12, 15, 3, 9, 29, 8, 19, 9, 8, 20, 15, 7, 7, 4, 10, 10, 24, 3, 29, 6, 2, 46, 7, 2, 2, 26, 9, 10, 28, 9, 3, 9, 15, 19, 8, 6, 7, 36, 32, 19, 6, 12, 11, 5, 16, 11, 4, 2, 7, 8, 4, 9, 4, 11, 15, 12, 16, 13, 41, 5, 3, 10, 6, 26, 34, 10, 7, 2, 9, 9, 15, 14, 12, 40, 40, 8, 14, 12, 9, 10, 10, 14, 11, 7, 2, 30, 2, 10, 7, 21, 16]",273
gpqa_diamond,gpqa_diamond:rec0yTRmO1o1xCA6H,1,146,128,6,1,127,273,6,"[13, 13, 8, 10, 9, 9, 2, 6, 14, 9, 6, 2, 15, 19, 13, 9, 79, 1, 16, 13, 20, 18, 6, 9, 13, 4, 6, 9, 12, 9, 46, 16, 5, 5, 6, 5, 10, 15, 24, 6, 2, 13, 8, 17, 6, 8, 4, 6, 4, 30, 0, 5, 4, 10, 16, 9, 23, 16, 12, 14, 6, 150, 10, 5, 2, 0, 4, 5, 5, 5, 5, 57, 5, 5, 8, 5, 9, 0, 9, 18, 20, 36, 8, 11, 6, 15, 11, 3, 7, 11, 1, 11, 28, 12, 3, 5, 12, 8, 17, 6, 10, 23, 20, 10, 39, 7, 24, 13, 33, 6, 4, 0, 1, 0, 17, 8, 3, 4, 7, 6, 29, 9, 32, 23, 9, 3, 27, 10]",273
gpqa_diamond,gpqa_diamond:rec0yTRmO1o1xCA6H,1,146,128,8,1,127,273,6,"[16, 11, 34, 23, 7, 14, 0, 1, 3, 13, 2, 8, 15, 2, 1, 2, 1, 3, 16, 10, 28, 6, 3, 1, 13, 1, 11, 50, 1, 9, 2, 5, 3, 0, 1, 8, 9, 0, 6, 0, 11, 7, 7, 8, 20, 4, 15, 12, 39, 14, 18, 4, 0, 7, 9, 4, 12, 0, 2, 19, 24, 1, 0, 13, 5, 4, 101, 15, 1, 16, 0, 1, 24, 1, 20, 1, 11, 56, 8, 6, 26, 30, 1, 0, 8, 3, 0, 18, 5, 10, 20, 0, 53, 24, 18, 14, 15, 6, 8, 6, 0, 10, 8, 7, 16, 3, 10, 1, 12, 22, 1, 9, 0, 5, 6, 0, 13, 207, 21, 9, 0, 4, 1, 15, 58, 7, 46, 23]",273
gpqa_diamond,gpqa_diamond:rec0yTRmO1o1xCA6H,1,146,128,10,1,127,273,6,"[10, 1, 3, 6, 12, 154, 11, 4, 0, 6, 13, 68, 20, 2, 3, 14, 6, 21, 1, 1, 3, 26, 1, 3, 2, 11, 0, 32, 3, 28, 12, 1, 4, 21, 3, 20, 1, 12, 24, 3, 12, 3, 0, 1, 22, 48, 2, 72, 8, 1, 2, 117, 4, 8, 2, 13, 5, 2, 58, 3, 11, 0, 32, 0, 16, 16, 5, 1, 1, 25, 45, 17, 2, 6, 2, 2, 3, 17, 14, 8, 11, 7, 10, 4, 3, 15, 26, 0, 7, 20, 2, 2, 2, 3, 6, 1, 1, 27, 27, 43, 51, 1, 6, 4, 0, 8, 0, 2, 0, 2, 15, 15, 3, 1, 7, 2, 10, 1, 26, 0, 14, 0, 4, 10, 26, 18, 3, 20]",273
gpqa_diamond,gpqa_diamond:rec0yTRmO1o1xCA6H,1,146,128,13,1,127,273,6,"[15, 4, 1, 81, 22, 3, 16, 6, 2, 6, 4, 3, 2, 5, 5, 55, 7, 3, 5, 43, 1, 0, 4, 0, 7, 32, 13, 0, 13, 22, 10, 0, 0, 1, 20, 5, 1, 22, 3, 0, 8, 10, 5, 1, 37, 12, 6, 0, 8, 3, 13, 26, 1, 24, 2, 94, 10, 5, 4, 32, 13, 1, 94, 0, 6, 0, 11, 1, 19, 0, 3, 31, 0, 12, 29, 1, 17, 39, 0, 3, 0, 3, 9, 12, 14, 2, 2, 1, 2, 0, 8, 3, 8, 2, 0, 19, 1, 8, 0, 9, 148, 9, 1, 19, 15, 3, 8, 1, 5, 6, 1, 19, 7, 3, 15, 9, 2, 18, 1, 4, 3, 1, 80, 5, 129, 0, 0, 0]",273
gpqa_diamond,gpqa_diamond:rec0yTRmO1o1xCA6H,1,146,128,15,1,127,273,6,"[13, 0, 0, 37, 4, 1, 0, 2, 15, 4, 0, 17, 0, 3, 7, 43, 8, 5, 13, 1, 7, 14, 6, 11, 11, 1, 66, 13, 9, 4, 12, 1, 19, 32, 0, 7, 1, 2, 6, 3, 3, 63, 1, 8, 69, 0, 17, 1, 20, 13, 0, 2, 0, 2, 1, 23, 0, 2, 8, 2, 0, 0, 3, 94, 17, 11, 14, 0, 0, 0, 0, 4, 3, 7, 3, 13, 0, 0, 25, 9, 12, 0, 41, 0, 6, 10, 4, 0, 4, 0, 1, 1, 0, 0, 17, 34, 14, 23, 11, 165, 0, 57, 8, 6, 26, 11, 99, 0, 6, 1, 9, 4, 9, 1, 11, 6, 7, 3, 0, 5, 15, 11, 29, 8, 18, 50, 15, 44]",273
gpqa_diamond,gpqa_diamond:rec0yTRmO1o1xCA6H,1,146,128,17,1,127,273,6,"[6, 24, 5, 0, 6, 9, 0, 0, 78, 13, 2, 13, 14, 15, 1, 14, 10, 4, 5, 7, 0, 0, 0, 3, 131, 1, 5, 12, 8, 3, 33, 2, 22, 2, 23, 2, 15, 9, 0, 22, 12, 12, 5, 2, 3, 26, 24, 1, 1, 3, 0, 22, 4, 20, 13, 3, 2, 4, 0, 23, 43, 2, 7, 2, 6, 6, 25, 0, 26, 11, 0, 13, 5, 82, 10, 2, 1, 12, 0, 0, 31, 11, 0, 0, 11, 11, 10, 11, 14, 12, 39, 2, 12, 3, 3, 3, 14, 106, 27, 0, 9, 0, 14, 0, 2, 5, 2, 2, 20, 15, 0, 59, 55, 7, 12, 20, 20, 5, 14, 26, 1, 7, 8, 30, 7, 8, 8, 10]",273
gpqa_diamond,gpqa_diamond:rec0yTRmO1o1xCA6H,1,146,128,20,1,127,273,6,"[18, 23, 0, 5, 0, 8, 0, 3, 5, 9, 81, 20, 27, 14, 1, 14, 34, 2, 8, 16, 0, 7, 0, 0, 0, 2, 3, 2, 8, 10, 8, 1, 7, 5, 36, 0, 1, 2, 10, 4, 0, 0, 17, 5, 8, 3, 0, 0, 6, 0, 104, 4, 9, 5, 0, 3, 22, 7, 19, 0, 17, 12, 11, 7, 23, 2, 19, 7, 31, 2, 20, 32, 0, 8, 2, 7, 0, 16, 0, 18, 14, 19, 9, 2, 0, 15, 21, 9, 2, 28, 14, 61, 0, 3, 1, 6, 17, 2, 14, 0, 0, 113, 19, 11, 35, 9, 4, 6, 10, 19, 1, 10, 49, 12, 2, 8, 6, 36, 10, 1, 20, 2, 14, 25, 35, 6, 1, 97]",273
gpqa_diamond,gpqa_diamond:rec0yTRmO1o1xCA6H,1,146,128,22,1,127,273,6,"[7, 3, 15, 23, 14, 9, 12, 1, 42, 1, 8, 3, 2, 9, 8, 1, 12, 7, 0, 0, 7, 33, 23, 43, 9, 17, 12, 8, 0, 3, 5, 15, 30, 20, 2, 12, 13, 9, 8, 14, 7, 12, 15, 4, 33, 42, 0, 11, 1, 69, 9, 12, 3, 22, 16, 33, 12, 35, 45, 1, 2, 8, 19, 18, 11, 32, 3, 16, 15, 11, 12, 25, 10, 12, 16, 0, 11, 16, 2, 14, 7, 24, 11, 22, 17, 6, 14, 10, 9, 16, 5, 16, 2, 15, 0, 23, 1, 20, 8, 21, 13, 0, 0, 8, 14, 24, 22, 2, 1, 26, 21, 2, 12, 26, 1, 10, 0, 24, 1, 15, 4, 0, 14, 3, 9, 7, 31, 6]",273
gpqa_diamond,gpqa_diamond:rec0yTRmO1o1xCA6H,1,146,128,24,1,127,273,6,"[7, 1, 3, 25, 16, 1, 0, 0, 2, 13, 4, 1, 25, 2, 0, 12, 21, 19, 7, 23, 1, 166, 22, 1, 1, 19, 10, 0, 1, 14, 16, 4, 1, 6, 8, 2, 2, 4, 19, 83, 0, 12, 0, 0, 7, 11, 5, 8, 1, 6, 2, 0, 0, 9, 48, 6, 11, 0, 21, 1, 1, 9, 34, 24, 2, 3, 0, 0, 3, 4, 2, 13, 12, 3, 21, 11, 13, 8, 37, 1, 82, 5, 6, 3, 7, 5, 18, 13, 22, 1, 8, 4, 15, 4, 16, 4, 1, 3, 1, 61, 3, 18, 2, 80, 4, 2, 2, 3, 0, 6, 14, 1, 37, 2, 10, 7, 16, 1, 0, 0, 5, 41, 14, 132, 4, 4, 15, 25]",273
gpqa_diamond,gpqa_diamond:rec0yTRmO1o1xCA6H,1,146,128,27,1,127,273,6,"[13, 19, 63, 0, 18, 2, 25, 7, 0, 5, 12, 2, 6, 9, 4, 0, 1, 6, 18, 14, 0, 10, 12, 22, 11, 7, 6, 1, 8, 5, 20, 15, 24, 38, 3, 12, 0, 5, 13, 1, 55, 16, 118, 0, 2, 12, 3, 4, 23, 1, 13, 44, 17, 21, 20, 3, 0, 0, 24, 10, 2, 2, 12, 11, 14, 12, 6, 1, 21, 2, 2, 0, 7, 5, 1, 14, 82, 3, 1, 31, 4, 8, 4, 15, 4, 4, 14, 7, 4, 2, 43, 18, 9, 0, 4, 24, 0, 4, 29, 1, 3, 13, 7, 41, 15, 9, 13, 0, 25, 17, 4, 8, 13, 71, 5, 0, 13, 23, 2, 19, 18, 17, 4, 4, 1, 7, 12, 24]",273
gpqa_diamond,gpqa_diamond:rec0yTRmO1o1xCA6H,1,146,128,29,1,127,273,6,"[19, 12, 5, 1, 13, 4, 15, 15, 3, 0, 5, 9, 1, 7, 18, 6, 100, 1, 34, 15, 9, 7, 3, 14, 13, 21, 15, 15, 0, 12, 7, 1, 6, 1, 63, 13, 12, 12, 0, 17, 116, 4, 6, 41, 16, 0, 0, 2, 8, 9, 10, 18, 70, 21, 19, 0, 7, 0, 6, 8, 18, 5, 0, 18, 1, 2, 27, 0, 4, 7, 24, 6, 21, 9, 1, 4, 6, 12, 14, 3, 20, 29, 13, 1, 3, 11, 9, 6, 22, 24, 11, 25, 4, 13, 1, 10, 30, 18, 1, 6, 11, 5, 11, 2, 5, 13, 17, 0, 10, 0, 0, 2, 1, 14, 4, 6, 62, 3, 6, 0, 12, 6, 6, 18, 10, 0, 59, 31]",273
gpqa_diamond,gpqa_diamond:rec0yTRmO1o1xCA6H,1,146,128,31,1,127,273,6,"[3, 1, 14, 2, 3, 146, 24, 1, 11, 3, 13, 12, 114, 4, 5, 0, 7, 107, 12, 9, 2, 12, 13, 0, 8, 11, 2, 29, 11, 6, 4, 69, 25, 4, 4, 6, 11, 17, 22, 26, 8, 0, 4, 19, 3, 19, 8, 10, 7, 8, 0, 5, 9, 5, 0, 4, 1, 3, 8, 5, 4, 18, 5, 29, 9, 1, 11, 109, 3, 1, 8, 7, 7, 16, 12, 8, 13, 69, 24, 13, 1, 6, 1, 21, 3, 0, 12, 21, 7, 12, 5, 7, 10, 7, 2, 10, 17, 3, 5, 7, 13, 13, 12, 2, 14, 1, 1, 4, 11, 0, 1, 10, 2, 0, 3, 1, 29, 2, 13, 19, 5, 8, 6, 7, 3, 10, 5, 20]",273
gpqa_diamond,gpqa_diamond:rec0yTRmO1o1xCA6H,1,146,128,34,1,127,273,6,"[5, 60, 2, 0, 5, 13, 9, 53, 0, 29, 8, 19, 16, 36, 10, 16, 1, 10, 21, 2, 13, 0, 2, 0, 18, 7, 4, 3, 93, 4, 1, 18, 1, 8, 16, 0, 13, 10, 4, 1, 26, 9, 10, 23, 10, 2, 9, 92, 8, 8, 74, 6, 29, 4, 4, 0, 1, 12, 51, 9, 8, 26, 14, 0, 18, 2, 0, 44, 5, 0, 0, 19, 9, 7, 1, 0, 17, 0, 1, 91, 3, 14, 0, 8, 3, 0, 6, 1, 17, 7, 6, 9, 2, 4, 9, 5, 0, 38, 0, 11, 16, 24, 43, 16, 25, 1, 4, 7, 12, 17, 14, 4, 26, 9, 0, 19, 6, 3, 5, 0, 19, 17, 2, 10, 13, 0, 2, 1]",273
gpqa_diamond,gpqa_diamond:rec0yTRmO1o1xCA6H,1,146,128,36,1,127,273,6,"[3, 25, 0, 13, 6, 47, 1, 11, 1, 12, 10, 0, 12, 6, 37, 9, 6, 9, 10, 3, 34, 4, 1, 16, 7, 3, 5, 18, 12, 5, 5, 31, 14, 1, 3, 0, 13, 11, 4, 9, 37, 1, 12, 1, 2, 19, 8, 2, 2, 1, 2, 0, 2, 3, 25, 11, 7, 36, 23, 11, 1, 15, 11, 19, 11, 1, 37, 0, 20, 67, 11, 13, 7, 8, 5, 13, 26, 16, 11, 12, 0, 1, 1, 12, 5, 16, 2, 0, 60, 15, 10, 8, 16, 10, 10, 10, 7, 1, 16, 2, 7, 5, 1, 3, 14, 18, 9, 5, 1, 15, 1, 24, 9, 23, 5, 16, 3, 68, 6, 22, 5, 18, 17, 20, 159, 10, 25, 1]",273
gpqa_diamond,gpqa_diamond:rec0yTRmO1o1xCA6H,1,146,128,38,1,127,273,6,"[1, 1, 2, 8, 12, 2, 0, 25, 0, 1, 2, 1, 9, 6, 1, 3, 3, 4, 4, 3, 15, 20, 0, 154, 7, 20, 14, 5, 2, 10, 2, 1, 3, 9, 7, 18, 3, 11, 0, 2, 16, 2, 16, 4, 20, 1, 21, 2, 11, 10, 9, 13, 10, 26, 0, 93, 3, 5, 5, 0, 18, 4, 2, 5, 3, 1, 6, 1, 19, 1, 11, 17, 1, 1, 16, 8, 3, 3, 6, 20, 16, 112, 2, 19, 5, 17, 46, 12, 9, 14, 10, 13, 7, 0, 9, 0, 5, 5, 18, 10, 8, 70, 22, 21, 0, 19, 3, 0, 10, 28, 3, 5, 20, 15, 0, 6, 11, 6, 13, 5, 204, 2, 5, 11, 1, 4, 10, 3]",273
gpqa_diamond,gpqa_diamond:rec0yTRmO1o1xCA6H,1,146,128,40,1,127,273,6,"[4, 30, 17, 3, 17, 3, 10, 7, 11, 71, 7, 4, 25, 0, 2, 0, 9, 0, 41, 1, 0, 3, 7, 11, 7, 22, 6, 4, 7, 12, 17, 92, 0, 17, 5, 24, 18, 2, 51, 0, 4, 17, 6, 1, 1, 11, 2, 13, 11, 22, 14, 2, 26, 3, 9, 6, 2, 2, 6, 16, 2, 14, 15, 17, 1, 2, 3, 10, 4, 11, 32, 14, 10, 10, 7, 3, 45, 0, 1, 9, 5, 13, 2, 0, 0, 7, 37, 9, 0, 0, 6, 9, 48, 3, 17, 11, 3, 6, 0, 43, 2, 12, 178, 14, 14, 10, 3, 1, 3, 0, 1, 0, 8, 48, 22, 5, 0, 44, 21, 4, 14, 2, 1, 0, 13, 12, 0, 36]",273
gpqa_diamond,gpqa_diamond:rec0yTRmO1o1xCA6H,1,146,128,43,1,127,273,6,"[1, 0, 6, 3, 33, 12, 1, 9, 12, 10, 11, 3, 6, 1, 0, 7, 7, 8, 0, 10, 0, 4, 0, 27, 1, 13, 6, 4, 9, 23, 26, 4, 9, 3, 2, 4, 37, 7, 121, 4, 1, 22, 31, 8, 7, 3, 13, 2, 17, 1, 6, 5, 31, 8, 16, 9, 209, 0, 29, 2, 3, 1, 10, 10, 10, 3, 11, 3, 25, 1, 9, 2, 4, 30, 4, 31, 28, 0, 9, 0, 4, 5, 96, 13, 8, 7, 5, 20, 6, 4, 9, 8, 1, 1, 15, 3, 4, 8, 5, 9, 1, 30, 47, 1, 3, 0, 7, 7, 17, 25, 5, 19, 5, 1, 6, 37, 13, 2, 13, 3, 15, 15, 2, 65, 2, 2, 6, 0]",273
gpqa_diamond,gpqa_diamond:rec0yTRmO1o1xCA6H,1,146,128,45,1,127,273,6,"[6, 0, 9, 11, 7, 20, 4, 9, 0, 3, 29, 27, 14, 4, 4, 6, 2, 20, 7, 88, 0, 1, 1, 6, 9, 6, 5, 27, 1, 2, 16, 169, 14, 7, 7, 1, 4, 5, 15, 10, 0, 35, 10, 6, 5, 4, 2, 12, 7, 1, 45, 30, 4, 7, 9, 1, 3, 4, 24, 12, 4, 25, 13, 6, 5, 2, 5, 12, 5, 6, 0, 11, 3, 8, 8, 7, 37, 21, 12, 3, 20, 1, 7, 0, 7, 7, 30, 29, 1, 4, 10, 14, 5, 20, 3, 7, 0, 40, 1, 4, 0, 14, 4, 9, 25, 10, 3, 2, 14, 12, 9, 6, 6, 2, 1, 9, 21, 0, 17, 8, 1, 6, 2, 2, 28, 214, 3, 10]",273
gpqa_diamond,gpqa_diamond:rec0yTRmO1o1xCA6H,1,146,128,47,1,127,273,6,"[37, 27, 7, 12, 9, 13, 5, 8, 11, 23, 9, 5, 2, 14, 15, 6, 5, 27, 77, 7, 6, 12, 5, 7, 16, 2, 5, 11, 12, 10, 40, 6, 11, 7, 3, 4, 19, 4, 0, 0, 72, 8, 129, 17, 2, 12, 0, 15, 5, 14, 16, 6, 2, 21, 3, 3, 39, 10, 4, 18, 24, 7, 13, 6, 1, 13, 77, 1, 4, 2, 8, 14, 0, 9, 9, 121, 0, 2, 0, 10, 2, 4, 1, 17, 4, 0, 15, 3, 5, 42, 5, 4, 14, 10, 7, 13, 6, 9, 4, 2, 18, 10, 12, 2, 7, 8, 5, 8, 15, 2, 14, 4, 7, 1, 5, 10, 6, 6, 9, 30, 6, 3, 11, 9, 5, 1, 8, 33]",273
gpqa_diamond,gpqa_diamond:rec0yTRmO1o1xCA6H,1,146,128,49,1,127,273,6,"[25, 16, 4, 9, 3, 0, 2, 4, 3, 0, 2, 23, 6, 21, 17, 15, 11, 18, 15, 13, 3, 45, 1, 0, 13, 3, 3, 1, 6, 2, 47, 14, 36, 5, 11, 10, 3, 12, 5, 2, 3, 3, 18, 9, 25, 20, 12, 6, 18, 15, 17, 7, 6, 8, 1, 4, 9, 17, 28, 2, 4, 11, 39, 9, 44, 26, 16, 25, 14, 14, 2, 2, 9, 11, 14, 12, 10, 10, 5, 6, 15, 9, 9, 6, 5, 22, 0, 4, 5, 16, 96, 0, 14, 6, 30, 0, 3, 30, 2, 18, 0, 21, 3, 3, 3, 18, 0, 2, 0, 3, 17, 0, 4, 4, 12, 10, 9, 4, 12, 3, 36, 8, 9, 189, 5, 3, 20, 10]",273
gpqa_diamond,gpqa_diamond:rec0yTRmO1o1xCA6H,1,146,128,51,1,127,273,6,"[0, 15, 15, 13, 11, 14, 14, 6, 8, 3, 9, 2, 3, 4, 8, 6, 8, 42, 10, 7, 8, 12, 20, 7, 12, 14, 30, 15, 9, 16, 3, 12, 4, 5, 7, 13, 13, 4, 10, 6, 12, 34, 5, 13, 11, 36, 12, 2, 10, 94, 23, 12, 3, 12, 83, 4, 10, 7, 10, 2, 5, 16, 18, 2, 15, 0, 10, 20, 30, 11, 11, 3, 7, 16, 13, 13, 15, 3, 3, 42, 28, 7, 15, 13, 42, 13, 16, 12, 8, 4, 5, 1, 6, 13, 9, 9, 12, 12, 11, 12, 21, 13, 2, 3, 9, 14, 19, 3, 10, 13, 8, 11, 19, 3, 9, 16, 3, 43, 19, 14, 13, 9, 10, 9, 1, 24, 0, 6]",273
gpqa_diamond,gpqa_diamond:rec1oj2DveQWl9Rpw,1,185,128,1,1,127,312,6,"[28, 1, 26, 9, 8, 24, 9, 22, 23, 21, 12, 9, 25, 33, 9, 14, 11, 7, 18, 6, 22, 21, 19, 28, 30, 16, 11, 11, 6, 7, 6, 22, 20, 10, 8, 9, 8, 27, 10, 6, 32, 25, 23, 6, 24, 11, 6, 9, 15, 7, 15, 13, 21, 8, 10, 20, 14, 13, 5, 16, 10, 16, 11, 1, 16, 6, 12, 21, 20, 22, 11, 12, 10, 11, 26, 19, 10, 31, 19, 6, 3, 3, 7, 21, 26, 13, 23, 0, 7, 11, 17, 7, 14, 25, 28, 7, 7, 15, 16, 3, 14, 19, 28, 7, 10, 2, 22, 16, 36, 16, 17, 10, 8, 7, 5, 21, 18, 15, 17, 9, 23, 16, 18, 39, 9, 9, 8, 5]",312
gpqa_diamond,gpqa_diamond:rec1oj2DveQWl9Rpw,1,185,128,3,1,127,312,6,"[12, 14, 4, 6, 33, 21, 15, 34, 15, 0, 10, 25, 22, 6, 10, 6, 5, 93, 12, 15, 18, 10, 14, 7, 12, 3, 5, 14, 16, 1, 5, 12, 7, 21, 5, 2, 2, 19, 9, 14, 8, 2, 9, 6, 19, 8, 15, 8, 13, 19, 10, 31, 10, 78, 16, 20, 4, 0, 32, 4, 11, 1, 14, 2, 25, 17, 25, 1, 8, 16, 7, 14, 18, 28, 23, 34, 22, 21, 27, 5, 10, 18, 14, 8, 8, 42, 8, 7, 3, 3, 14, 5, 7, 15, 11, 44, 13, 7, 19, 1, 36, 20, 3, 7, 12, 9, 37, 13, 10, 23, 33, 34, 12, 9, 17, 28, 12, 11, 5, 7, 11, 1, 32, 5, 6, 8, 10, 19]",312
gpqa_diamond,gpqa_diamond:rec1oj2DveQWl9Rpw,1,185,128,6,1,127,312,6,"[13, 51, 13, 15, 8, 0, 3, 6, 12, 18, 7, 4, 29, 11, 13, 9, 44, 1, 17, 10, 21, 69, 6, 66, 8, 2, 2, 3, 4, 38, 41, 17, 4, 9, 22, 0, 11, 42, 47, 11, 16, 8, 10, 4, 10, 9, 14, 30, 1, 24, 1, 6, 2, 20, 5, 4, 13, 26, 16, 6, 20, 17, 5, 1, 12, 2, 3, 7, 1, 14, 9, 13, 3, 9, 11, 5, 7, 1, 24, 11, 5, 39, 6, 8, 4, 10, 11, 4, 10, 12, 0, 6, 19, 21, 1, 12, 10, 4, 9, 10, 8, 8, 14, 10, 22, 18, 27, 7, 16, 11, 56, 1, 10, 210, 4, 17, 8, 19, 11, 2, 11, 2, 16, 0, 16, 15, 4, 21]",312
gpqa_diamond,gpqa_diamond:rec1oj2DveQWl9Rpw,1,185,128,8,1,127,312,6,"[5, 1, 5, 0, 6, 17, 4, 0, 12, 7, 83, 2, 13, 7, 57, 7, 0, 6, 18, 6, 5, 13, 2, 6, 78, 4, 4, 12, 84, 9, 3, 0, 106, 0, 4, 12, 11, 17, 20, 6, 24, 12, 9, 3, 28, 14, 9, 1, 16, 0, 8, 2, 9, 16, 4, 90, 6, 0, 6, 20, 5, 0, 3, 12, 6, 1, 249, 0, 0, 0, 1, 2, 18, 0, 19, 12, 3, 52, 14, 7, 6, 14, 0, 75, 4, 0, 0, 0, 0, 26, 8, 0, 14, 3, 13, 30, 8, 6, 12, 28, 2, 0, 1, 1, 17, 3, 31, 3, 2, 9, 0, 15, 1, 8, 36, 7, 15, 42, 13, 21, 3, 16, 4, 12, 20, 8, 1, 1]",312
gpqa_diamond,gpqa_diamond:rec1oj2DveQWl9Rpw,1,185,128,10,1,127,312,6,"[2, 15, 17, 4, 43, 0, 3, 0, 1, 0, 14, 1, 7, 16, 3, 6, 5, 0, 3, 1, 3, 6, 1, 7, 147, 1, 18, 24, 1, 0, 12, 1, 4, 6, 7, 14, 8, 25, 5, 19, 23, 3, 10, 11, 19, 45, 0, 39, 1, 0, 8, 14, 0, 53, 196, 6, 32, 3, 1, 2, 7, 3, 4, 1, 4, 10, 11, 4, 4, 15, 11, 18, 30, 1, 2, 0, 0, 0, 7, 14, 228, 123, 6, 0, 2, 4, 22, 0, 7, 2, 4, 0, 6, 3, 6, 34, 2, 28, 27, 32, 0, 7, 0, 4, 0, 8, 16, 0, 2, 10, 7, 0, 1, 2, 30, 6, 2, 0, 83, 0, 3, 1, 8, 36, 4, 8, 16, 20]",312
gpqa_diamond,gpqa_diamond:rec1oj2DveQWl9Rpw,1,185,128,13,1,127,312,6,"[10, 1, 2, 45, 2, 4, 4, 15, 0, 0, 5, 2, 0, 38, 4, 1, 9, 6, 1, 65, 4, 0, 3, 11, 3, 19, 17, 0, 14, 14, 29, 11, 0, 0, 197, 0, 5, 35, 22, 10, 3, 5, 22, 1, 11, 24, 1, 2, 7, 6, 5, 66, 1, 48, 2, 20, 1, 0, 7, 3, 0, 96, 57, 67, 8, 9, 13, 3, 24, 0, 3, 1, 2, 11, 29, 0, 3, 18, 0, 8, 0, 18, 3, 237, 2, 3, 15, 0, 0, 0, 0, 11, 13, 3, 0, 22, 3, 3, 70, 11, 2, 4, 6, 0, 11, 0, 10, 5, 8, 8, 0, 5, 3, 3, 13, 0, 12, 5, 16, 9, 1, 0, 3, 2, 0, 88, 5, 44]",312
gpqa_diamond,gpqa_diamond:rec1oj2DveQWl9Rpw,1,185,128,15,1,127,312,6,"[20, 2, 1, 0, 1, 6, 4, 3, 14, 5, 8, 6, 7, 3, 10, 14, 13, 0, 15, 4, 25, 6, 0, 3, 18, 0, 68, 13, 25, 13, 10, 2, 4, 22, 4, 5, 9, 4, 9, 8, 4, 73, 3, 1, 0, 78, 12, 1, 0, 12, 43, 33, 3, 2, 0, 10, 0, 12, 9, 3, 1, 5, 3, 197, 2, 1, 1, 90, 106, 6, 192, 5, 2, 11, 11, 5, 22, 2, 9, 0, 10, 9, 22, 2, 14, 3, 0, 11, 16, 6, 3, 3, 1, 1, 9, 0, 3, 11, 105, 34, 0, 20, 7, 1, 11, 14, 0, 5, 13, 0, 1, 6, 7, 7, 11, 8, 13, 3, 0, 5, 21, 3, 53, 13, 6, 19, 7, 1]",312
gpqa_diamond,gpqa_diamond:rec1oj2DveQWl9Rpw,1,185,128,17,1,127,312,6,"[13, 5, 0, 150, 8, 6, 0, 16, 2, 25, 3, 8, 17, 21, 5, 19, 8, 7, 9, 12, 0, 1, 0, 1, 5, 4, 2, 34, 11, 0, 0, 3, 33, 3, 7, 49, 150, 13, 7, 1, 29, 8, 5, 2, 2, 18, 4, 11, 1, 3, 11, 6, 21, 4, 3, 8, 11, 9, 2, 25, 38, 5, 40, 2, 70, 4, 19, 0, 25, 2, 0, 3, 4, 88, 47, 2, 49, 7, 0, 0, 17, 74, 0, 0, 0, 18, 16, 17, 6, 20, 1, 4, 9, 1, 19, 6, 5, 22, 6, 0, 10, 0, 14, 0, 0, 13, 1, 70, 9, 6, 0, 12, 72, 17, 6, 10, 95, 0, 12, 1, 0, 4, 5, 2, 2, 4, 7, 13]",312
gpqa_diamond,gpqa_diamond:rec1oj2DveQWl9Rpw,1,185,128,20,1,127,312,6,"[3, 17, 2, 5, 0, 13, 22, 29, 6, 1, 8, 23, 18, 6, 2, 17, 64, 29, 4, 26, 4, 10, 1, 9, 41, 1, 129, 2, 16, 12, 15, 4, 13, 12, 2, 3, 0, 9, 4, 2, 0, 0, 21, 0, 8, 1, 40, 0, 3, 21, 219, 26, 8, 19, 14, 8, 2, 7, 6, 0, 1, 11, 10, 8, 22, 2, 0, 1, 9, 5, 11, 13, 3, 1, 4, 10, 5, 12, 0, 23, 5, 0, 10, 1, 9, 11, 1, 6, 0, 9, 15, 25, 1, 0, 2, 7, 4, 5, 21, 0, 13, 0, 7, 2, 0, 32, 4, 7, 13, 9, 0, 9, 96, 11, 0, 9, 46, 14, 9, 3, 15, 1, 9, 158, 116, 2, 11, 6]",312
gpqa_diamond,gpqa_diamond:rec1oj2DveQWl9Rpw,1,185,128,22,1,127,312,6,"[3, 7, 7, 29, 20, 4, 8, 15, 19, 50, 12, 29, 2, 0, 115, 10, 13, 63, 0, 2, 31, 4, 15, 3, 9, 15, 13, 19, 0, 6, 0, 11, 22, 1, 1, 1, 14, 8, 13, 10, 3, 23, 11, 6, 0, 28, 0, 3, 24, 65, 13, 7, 15, 0, 8, 48, 37, 6, 75, 1, 29, 18, 9, 10, 15, 29, 9, 11, 6, 10, 19, 9, 17, 11, 2, 0, 6, 22, 5, 3, 1, 13, 6, 14, 1, 19, 12, 3, 9, 55, 8, 25, 0, 5, 38, 20, 19, 12, 8, 9, 4, 120, 0, 6, 9, 8, 3, 4, 0, 82, 15, 2, 25, 9, 11, 4, 1, 6, 9, 2, 4, 0, 19, 7, 4, 4, 18, 2]",312
gpqa_diamond,gpqa_diamond:rec1oj2DveQWl9Rpw,1,185,128,24,1,127,312,6,"[7, 0, 0, 21, 18, 4, 13, 0, 3, 10, 52, 2, 29, 7, 7, 5, 4, 5, 10, 20, 7, 93, 11, 1, 0, 13, 7, 1, 0, 28, 10, 3, 25, 7, 24, 11, 0, 25, 0, 34, 0, 14, 6, 0, 0, 14, 11, 5, 4, 5, 2, 5, 0, 10, 76, 1, 14, 12, 3, 2, 0, 1, 7, 2, 1, 2, 0, 34, 14, 0, 5, 11, 195, 1, 22, 30, 10, 4, 45, 25, 3, 10, 20, 3, 3, 4, 8, 44, 120, 0, 25, 6, 14, 53, 9, 0, 2, 7, 6, 15, 3, 3, 0, 44, 7, 4, 2, 19, 0, 0, 10, 0, 29, 4, 11, 13, 4, 1, 3, 2, 1, 35, 16, 183, 1, 1, 11, 3]",312
gpqa_diamond,gpqa_diamond:rec1oj2DveQWl9Rpw,1,185,128,27,1,127,312,6,"[18, 4, 55, 6, 2, 18, 5, 1, 16, 4, 10, 10, 22, 6, 4, 13, 1, 1, 5, 12, 0, 14, 0, 11, 18, 16, 22, 4, 13, 6, 27, 0, 41, 61, 0, 51, 5, 13, 3, 8, 81, 10, 0, 1, 5, 1, 2, 6, 24, 0, 11, 24, 10, 9, 0, 5, 35, 4, 16, 12, 6, 11, 10, 3, 7, 5, 8, 1, 1, 22, 127, 0, 136, 5, 3, 4, 77, 0, 1, 6, 7, 0, 1, 9, 4, 4, 1, 10, 8, 3, 235, 7, 4, 0, 3, 22, 7, 7, 14, 9, 0, 2, 38, 70, 16, 7, 13, 1, 14, 1, 9, 4, 0, 5, 3, 0, 1, 22, 20, 14, 7, 21, 5, 6, 2, 7, 10, 4]",312
gpqa_diamond,gpqa_diamond:rec1oj2DveQWl9Rpw,1,185,128,29,1,127,312,6,"[29, 20, 11, 1, 6, 8, 3, 10, 2, 9, 2, 2, 17, 2, 21, 8, 5, 20, 75, 16, 11, 11, 3, 5, 5, 17, 11, 6, 0, 1, 12, 0, 2, 7, 89, 35, 8, 12, 11, 15, 3, 7, 12, 15, 18, 130, 8, 12, 16, 2, 24, 12, 53, 5, 4, 5, 2, 4, 6, 28, 24, 4, 4, 10, 6, 18, 40, 7, 17, 4, 12, 6, 8, 26, 6, 22, 4, 2, 0, 7, 10, 8, 11, 71, 4, 7, 13, 5, 50, 30, 12, 10, 0, 3, 44, 5, 16, 14, 13, 15, 12, 21, 19, 14, 5, 15, 8, 5, 7, 2, 14, 1, 5, 1, 15, 10, 2, 3, 11, 2, 7, 12, 2, 69, 11, 6, 123, 8]",312
gpqa_diamond,gpqa_diamond:rec1oj2DveQWl9Rpw,1,185,128,31,1,127,312,6,"[8, 4, 9, 6, 1, 2, 17, 5, 7, 16, 7, 19, 21, 24, 15, 3, 24, 6, 22, 19, 1, 13, 24, 65, 3, 13, 9, 39, 16, 0, 17, 0, 25, 12, 1, 136, 13, 2, 12, 11, 12, 236, 12, 9, 5, 17, 5, 32, 10, 7, 66, 1, 7, 0, 2, 6, 0, 3, 12, 16, 2, 14, 15, 1, 8, 3, 36, 177, 8, 7, 21, 8, 6, 8, 0, 22, 6, 5, 18, 0, 36, 7, 7, 14, 2, 9, 9, 11, 12, 18, 3, 2, 5, 4, 0, 7, 29, 6, 22, 10, 2, 8, 19, 0, 11, 0, 4, 7, 3, 0, 12, 28, 10, 0, 1, 4, 8, 0, 4, 11, 4, 1, 14, 9, 2, 7, 0, 20]",312
gpqa_diamond,gpqa_diamond:rec1oj2DveQWl9Rpw,1,185,128,34,1,127,312,6,"[6, 71, 6, 1, 2, 16, 12, 48, 2, 15, 17, 15, 15, 40, 20, 11, 9, 20, 8, 0, 8, 0, 3, 3, 12, 25, 2, 57, 23, 12, 0, 9, 1, 0, 2, 8, 0, 12, 1, 5, 1, 8, 9, 11, 0, 4, 23, 0, 9, 6, 129, 4, 12, 3, 5, 2, 6, 3, 0, 7, 14, 31, 20, 34, 19, 6, 2, 64, 3, 0, 6, 27, 11, 35, 1, 0, 2, 0, 9, 249, 11, 3, 28, 3, 28, 7, 36, 1, 9, 9, 0, 14, 3, 22, 4, 15, 3, 54, 68, 6, 11, 8, 41, 51, 0, 3, 4, 3, 14, 13, 5, 12, 5, 0, 0, 12, 12, 2, 2, 5, 14, 18, 1, 4, 8, 0, 5, 3]",312
gpqa_diamond,gpqa_diamond:rec1oj2DveQWl9Rpw,1,185,128,36,1,127,312,6,"[8, 11, 2, 14, 4, 16, 0, 18, 2, 4, 1, 177, 26, 20, 34, 8, 17, 7, 8, 4, 67, 5, 1, 23, 7, 21, 19, 41, 22, 6, 10, 83, 5, 2, 52, 7, 11, 19, 34, 20, 36, 3, 20, 1, 1, 2, 7, 0, 0, 5, 3, 1, 8, 6, 15, 1, 15, 21, 2, 4, 0, 11, 12, 6, 16, 0, 0, 4, 20, 0, 12, 6, 17, 1, 17, 4, 40, 13, 19, 6, 0, 0, 7, 16, 19, 8, 12, 2, 2, 12, 1, 17, 2, 29, 6, 5, 4, 1, 32, 117, 4, 0, 9, 3, 16, 16, 9, 6, 25, 13, 7, 38, 7, 13, 1, 46, 1, 16, 7, 33, 4, 19, 0, 17, 3, 15, 16, 45]",312
gpqa_diamond,gpqa_diamond:rec1oj2DveQWl9Rpw,1,185,128,38,1,127,312,6,"[2, 7, 1, 7, 16, 8, 1, 22, 1, 1, 1, 8, 0, 4, 1, 3, 10, 32, 3, 36, 9, 12, 0, 0, 16, 7, 32, 5, 11, 45, 3, 6, 5, 0, 4, 23, 0, 21, 7, 3, 4, 3, 10, 0, 80, 0, 19, 7, 8, 3, 4, 17, 0, 19, 220, 30, 2, 21, 23, 0, 12, 8, 9, 3, 7, 3, 10, 3, 20, 1, 29, 12, 7, 224, 6, 38, 0, 5, 4, 17, 0, 0, 10, 8, 11, 28, 17, 3, 4, 4, 28, 3, 2, 22, 23, 3, 6, 2, 22, 18, 15, 146, 10, 3, 0, 26, 12, 0, 8, 11, 3, 0, 4, 13, 0, 13, 58, 4, 18, 1, 5, 7, 9, 9, 10, 11, 0, 1]",312
gpqa_diamond,gpqa_diamond:rec1oj2DveQWl9Rpw,1,185,128,40,1,127,312,6,"[1, 5, 1, 4, 11, 5, 1, 0, 57, 107, 79, 12, 14, 0, 6, 0, 6, 0, 2, 10, 3, 1, 10, 1, 25, 21, 17, 2, 5, 2, 19, 3, 1, 15, 250, 12, 19, 6, 13, 9, 4, 20, 5, 5, 59, 2, 4, 20, 23, 14, 32, 1, 29, 6, 82, 2, 0, 9, 3, 10, 0, 10, 10, 13, 1, 0, 23, 11, 15, 7, 11, 1, 30, 17, 2, 1, 13, 2, 4, 3, 0, 22, 81, 3, 1, 9, 34, 24, 1, 28, 14, 15, 85, 1, 1, 16, 4, 8, 4, 6, 0, 4, 17, 11, 12, 8, 5, 2, 47, 2, 2, 0, 5, 10, 1, 1, 0, 0, 5, 23, 26, 13, 0, 9, 3, 17, 0, 33]",312
gpqa_diamond,gpqa_diamond:rec1oj2DveQWl9Rpw,1,185,128,43,1,127,312,6,"[3, 9, 5, 3, 16, 15, 32, 26, 0, 5, 12, 10, 9, 1, 1, 20, 6, 17, 0, 2, 1, 2, 1, 7, 38, 5, 36, 201, 22, 7, 0, 4, 5, 23, 73, 3, 33, 23, 88, 5, 19, 27, 22, 22, 12, 2, 7, 1, 23, 5, 12, 5, 8, 12, 15, 16, 1, 2, 13, 2, 1, 4, 4, 6, 8, 4, 6, 10, 14, 8, 14, 6, 13, 33, 7, 4, 13, 3, 9, 28, 9, 11, 105, 17, 5, 7, 1, 16, 26, 12, 11, 4, 1, 65, 3, 2, 2, 6, 3, 51, 4, 3, 2, 0, 2, 32, 10, 1, 24, 44, 2, 3, 13, 53, 5, 6, 5, 12, 26, 4, 5, 17, 6, 15, 1, 6, 5, 19]",312
gpqa_diamond,gpqa_diamond:rec1oj2DveQWl9Rpw,1,185,128,45,1,127,312,6,"[18, 121, 11, 8, 11, 17, 6, 58, 1, 26, 10, 29, 13, 11, 25, 22, 5, 2, 12, 0, 0, 8, 8, 5, 21, 40, 7, 30, 4, 8, 13, 12, 8, 3, 4, 0, 34, 7, 1, 10, 1, 56, 7, 3, 8, 8, 21, 16, 9, 110, 31, 58, 19, 23, 10, 2, 15, 5, 20, 18, 7, 14, 11, 4, 4, 6, 65, 6, 74, 9, 0, 4, 1, 14, 18, 3, 7, 5, 9, 1, 6, 14, 11, 7, 10, 9, 8, 13, 23, 2, 10, 12, 2, 24, 6, 6, 0, 1, 2, 3, 0, 10, 36, 45, 21, 6, 5, 22, 6, 5, 13, 1, 11, 7, 2, 1, 11, 6, 16, 33, 3, 1, 2, 57, 19, 20, 7, 6]",312
gpqa_diamond,gpqa_diamond:rec1oj2DveQWl9Rpw,1,185,128,47,1,127,312,6,"[8, 17, 19, 40, 4, 6, 4, 9, 17, 21, 8, 8, 58, 0, 12, 2, 1, 25, 1, 12, 0, 4, 1, 2, 34, 13, 9, 16, 19, 6, 5, 13, 3, 8, 35, 5, 40, 0, 1, 1, 25, 5, 4, 9, 4, 6, 6, 5, 16, 10, 13, 4, 13, 13, 9, 4, 67, 22, 131, 4, 13, 11, 16, 32, 71, 3, 42, 8, 12, 0, 2, 20, 7, 61, 8, 198, 1, 0, 1, 1, 11, 11, 2, 23, 8, 0, 11, 5, 19, 17, 1, 4, 7, 5, 11, 17, 36, 5, 8, 46, 17, 10, 8, 1, 6, 0, 0, 7, 19, 0, 5, 14, 10, 6, 4, 6, 6, 13, 3, 15, 3, 4, 12, 13, 15, 1, 37, 26]",312
gpqa_diamond,gpqa_diamond:rec1oj2DveQWl9Rpw,1,185,128,49,1,127,312,6,"[18, 9, 21, 1, 3, 3, 18, 9, 10, 1, 1, 34, 4, 25, 18, 27, 38, 15, 26, 6, 7, 45, 4, 0, 3, 14, 1, 4, 144, 4, 53, 11, 23, 19, 6, 28, 26, 10, 2, 1, 9, 2, 19, 23, 35, 7, 18, 9, 22, 19, 12, 1, 16, 10, 3, 11, 6, 29, 11, 2, 0, 29, 38, 20, 11, 15, 13, 43, 11, 12, 13, 8, 16, 18, 35, 2, 19, 10, 4, 1, 5, 19, 35, 3, 5, 3, 5, 2, 27, 13, 56, 0, 22, 12, 34, 3, 8, 10, 5, 11, 3, 15, 2, 2, 37, 17, 0, 10, 0, 6, 10, 2, 1, 13, 15, 13, 27, 6, 2, 6, 93, 0, 0, 12, 5, 11, 8, 4]",312
gpqa_diamond,gpqa_diamond:rec1oj2DveQWl9Rpw,1,185,128,51,1,127,312,6,"[0, 17, 24, 6, 9, 4, 12, 23, 4, 60, 4, 6, 12, 2, 5, 9, 13, 17, 8, 33, 9, 15, 36, 27, 4, 9, 24, 40, 15, 4, 0, 8, 21, 5, 14, 15, 44, 7, 5, 14, 20, 39, 2, 11, 26, 18, 14, 23, 26, 2, 6, 13, 8, 22, 19, 54, 6, 32, 20, 3, 3, 15, 13, 8, 9, 0, 6, 7, 22, 16, 13, 8, 9, 28, 19, 8, 14, 74, 4, 56, 18, 12, 11, 9, 12, 55, 7, 1, 7, 66, 6, 0, 3, 17, 5, 2, 12, 12, 9, 20, 26, 3, 9, 5, 2, 13, 9, 1, 6, 25, 12, 17, 21, 23, 4, 5, 2, 8, 26, 4, 11, 10, 0, 35, 4, 20, 1, 6]",312
gpqa_diamond,gpqa_diamond:rec1zl5LvaatzGhFt,1,358,128,1,1,127,485,6,"[68, 19, 25, 20, 11, 19, 8, 42, 21, 30, 14, 27, 37, 34, 35, 48, 11, 4, 36, 11, 32, 38, 24, 10, 42, 37, 28, 18, 9, 8, 5, 30, 50, 36, 12, 12, 22, 19, 3, 17, 46, 17, 31, 22, 31, 11, 19, 14, 28, 13, 14, 41, 9, 18, 21, 25, 26, 17, 9, 22, 12, 52, 20, 36, 9, 24, 16, 10, 39, 21, 11, 12, 10, 23, 33, 30, 35, 19, 66, 0, 9, 15, 15, 48, 24, 15, 28, 7, 11, 20, 62, 38, 49, 7, 29, 21, 7, 44, 13, 12, 28, 5, 27, 18, 20, 10, 25, 30, 23, 10, 35, 13, 31, 30, 6, 18, 22, 18, 11, 6, 30, 11, 43, 31, 15, 8, 6, 22]",485
gpqa_diamond,gpqa_diamond:rec1zl5LvaatzGhFt,1,358,128,3,1,127,485,6,"[10, 41, 40, 22, 24, 22, 12, 31, 16, 0, 18, 34, 51, 12, 25, 18, 16, 44, 20, 16, 40, 6, 50, 1, 1, 15, 11, 23, 14, 15, 21, 20, 3, 29, 25, 4, 7, 24, 12, 1, 35, 31, 11, 30, 50, 14, 22, 9, 8, 12, 54, 16, 5, 62, 0, 52, 4, 14, 48, 24, 24, 23, 46, 25, 45, 25, 34, 18, 30, 25, 64, 33, 20, 32, 36, 53, 22, 17, 16, 19, 6, 26, 2, 11, 15, 34, 6, 5, 17, 9, 28, 13, 17, 11, 18, 62, 15, 7, 5, 23, 51, 44, 11, 20, 10, 9, 40, 29, 30, 11, 46, 55, 20, 3, 23, 9, 3, 43, 6, 22, 17, 2, 51, 4, 27, 22, 60, 10]",485
gpqa_diamond,gpqa_diamond:rec1zl5LvaatzGhFt,1,358,128,6,1,127,485,6,"[28, 12, 7, 35, 6, 6, 1, 15, 23, 9, 17, 9, 7, 11, 19, 52, 26, 11, 86, 26, 23, 21, 28, 39, 4, 8, 12, 25, 3, 14, 77, 13, 4, 5, 53, 1, 6, 32, 9, 13, 11, 36, 33, 28, 47, 7, 6, 46, 11, 29, 1, 18, 12, 18, 8, 17, 43, 9, 20, 4, 34, 136, 22, 63, 6, 30, 17, 7, 6, 10, 35, 35, 7, 14, 19, 54, 6, 4, 11, 18, 11, 41, 29, 6, 9, 12, 31, 3, 6, 44, 29, 23, 42, 13, 26, 2, 9, 33, 40, 25, 17, 12, 48, 20, 28, 30, 18, 1, 38, 47, 38, 19, 2, 6, 1, 15, 32, 16, 145, 47, 23, 9, 42, 22, 6, 31, 18, 11]",485
gpqa_diamond,gpqa_diamond:rec1zl5LvaatzGhFt,1,358,128,8,1,127,485,6,"[18, 19, 2, 6, 3, 22, 24, 0, 7, 8, 12, 17, 18, 25, 19, 68, 0, 12, 56, 11, 8, 25, 10, 5, 30, 7, 32, 317, 36, 30, 2, 2, 33, 15, 32, 11, 11, 1, 38, 3, 6, 10, 5, 11, 23, 32, 14, 13, 19, 9, 10, 17, 10, 13, 7, 0, 4, 1, 0, 62, 23, 0, 17, 5, 9, 6, 68, 9, 0, 11, 0, 4, 25, 1, 43, 11, 37, 31, 3, 7, 18, 26, 49, 0, 20, 4, 40, 135, 123, 23, 15, 0, 31, 10, 11, 26, 15, 13, 6, 43, 6, 1, 3, 4, 14, 30, 22, 11, 13, 19, 3, 13, 4, 14, 6, 8, 5, 429, 22, 16, 4, 1, 5, 23, 34, 12, 1, 8]",485
gpqa_diamond,gpqa_diamond:rec1zl5LvaatzGhFt,1,358,128,10,1,127,485,6,"[8, 11, 6, 7, 21, 296, 100, 7, 5, 8, 9, 0, 10, 4, 7, 32, 19, 378, 13, 0, 5, 24, 20, 68, 2, 13, 2, 21, 8, 2, 12, 3, 7, 12, 26, 2, 2, 19, 37, 7, 27, 16, 13, 1, 25, 7, 165, 46, 102, 3, 1, 16, 14, 4, 2, 7, 18, 4, 1, 1, 24, 4, 16, 166, 11, 8, 18, 6, 5, 24, 51, 14, 9, 46, 1, 3, 21, 27, 136, 15, 0, 10, 5, 3, 2, 18, 15, 0, 6, 2, 2, 49, 0, 5, 3, 5, 2, 22, 66, 29, 12, 16, 1, 14, 0, 11, 22, 2, 0, 49, 25, 22, 32, 12, 12, 2, 2, 1, 1, 2, 12, 1, 10, 15, 8, 17, 4, 50]",485
gpqa_diamond,gpqa_diamond:rec1zl5LvaatzGhFt,1,358,128,13,1,127,485,6,"[33, 31, 19, 17, 26, 0, 14, 23, 23, 0, 3, 69, 2, 7, 33, 22, 29, 99, 2, 80, 30, 7, 4, 0, 35, 23, 51, 5, 36, 5, 11, 13, 20, 289, 110, 34, 12, 35, 4, 3, 6, 40, 47, 1, 68, 19, 8, 1, 18, 5, 12, 44, 1, 62, 4, 16, 27, 4, 9, 108, 1, 1, 59, 0, 10, 0, 9, 9, 31, 0, 2, 9, 0, 7, 32, 5, 19, 21, 25, 6, 1, 17, 6, 2, 1, 5, 4, 25, 1, 5, 6, 24, 3, 2, 5, 5, 38, 81, 1, 43, 210, 15, 9, 43, 10, 2, 12, 7, 47, 32, 30, 10, 9, 20, 38, 3, 4, 14, 4, 21, 4, 13, 32, 0, 13, 7, 11, 10]",485
gpqa_diamond,gpqa_diamond:rec1zl5LvaatzGhFt,1,358,128,15,1,127,485,6,"[15, 10, 24, 30, 12, 0, 3, 0, 12, 5, 4, 12, 7, 5, 18, 21, 5, 11, 11, 9, 24, 14, 37, 11, 17, 10, 119, 9, 6, 6, 6, 1, 31, 31, 0, 4, 7, 2, 8, 1, 0, 53, 1, 8, 0, 0, 17, 175, 1, 18, 36, 33, 9, 5, 1, 7, 2, 17, 10, 2, 3, 2, 3, 125, 9, 0, 8, 0, 1, 0, 1, 32, 14, 45, 27, 26, 0, 1, 66, 6, 12, 25, 86, 9, 3, 4, 3, 0, 14, 5, 9, 5, 1, 18, 156, 0, 6, 10, 22, 59, 8, 56, 32, 0, 11, 7, 289, 136, 29, 3, 23, 10, 24, 27, 8, 15, 0, 9, 0, 5, 16, 14, 91, 13, 6, 301, 8, 0]",485
gpqa_diamond,gpqa_diamond:rec1zl5LvaatzGhFt,1,358,128,17,1,127,485,6,"[8, 2, 0, 17, 7, 43, 15, 24, 170, 18, 9, 19, 21, 25, 2, 11, 13, 8, 5, 8, 14, 8, 1, 8, 16, 0, 7, 97, 10, 8, 37, 2, 51, 40, 33, 58, 70, 25, 74, 16, 14, 12, 8, 2, 2, 24, 2, 1, 1, 17, 0, 7, 17, 11, 3, 8, 77, 64, 29, 86, 36, 5, 6, 1, 0, 3, 23, 70, 27, 0, 0, 9, 30, 64, 29, 8, 1, 14, 33, 0, 33, 29, 0, 11, 8, 11, 78, 44, 4, 12, 11, 7, 24, 8, 8, 2, 5, 78, 20, 0, 5, 14, 14, 3, 21, 51, 2, 1, 23, 35, 0, 13, 128, 7, 4, 79, 159, 0, 34, 2, 4, 42, 9, 14, 4, 13, 21, 71]",485
gpqa_diamond,gpqa_diamond:rec1zl5LvaatzGhFt,1,358,128,20,1,127,485,6,"[25, 0, 6, 2, 7, 18, 1, 24, 6, 8, 100, 45, 17, 11, 0, 7, 47, 3, 4, 22, 0, 1, 0, 0, 9, 10, 2, 20, 36, 15, 21, 7, 14, 16, 25, 17, 2, 34, 16, 28, 0, 11, 22, 10, 18, 4, 0, 20, 4, 2, 14, 22, 26, 11, 30, 6, 49, 6, 32, 0, 25, 25, 18, 13, 22, 12, 0, 110, 22, 23, 50, 31, 4, 0, 3, 12, 7, 18, 21, 39, 0, 5, 25, 9, 15, 132, 99, 54, 3, 4, 7, 69, 29, 11, 2, 4, 6, 5, 42, 0, 0, 303, 81, 0, 4, 43, 8, 4, 27, 30, 0, 8, 86, 19, 9, 19, 7, 41, 7, 2, 10, 18, 15, 8, 55, 7, 204, 6]",485
gpqa_diamond,gpqa_diamond:rec1zl5LvaatzGhFt,1,358,128,22,1,127,485,6,"[8, 5, 20, 39, 22, 0, 16, 37, 29, 1, 11, 7, 11, 2, 91, 1, 86, 22, 6, 1, 17, 3, 10, 17, 28, 21, 16, 4, 4, 20, 16, 0, 44, 9, 4, 24, 46, 45, 43, 26, 10, 39, 22, 45, 7, 45, 9, 2, 15, 80, 20, 25, 39, 8, 12, 132, 10, 29, 132, 6, 32, 18, 25, 10, 58, 31, 15, 30, 21, 12, 16, 15, 25, 20, 11, 2, 17, 20, 0, 28, 7, 26, 16, 22, 2, 15, 4, 4, 75, 69, 35, 24, 16, 1, 41, 30, 2, 30, 18, 22, 73, 56, 0, 3, 3, 45, 8, 3, 5, 24, 15, 11, 27, 0, 9, 5, 0, 16, 14, 0, 89, 2, 14, 3, 85, 25, 9, 2]",485
gpqa_diamond,gpqa_diamond:rec1zl5LvaatzGhFt,1,358,128,24,1,127,485,6,"[3, 13, 11, 21, 9, 3, 23, 0, 2, 7, 2, 5, 43, 0, 4, 2, 6, 22, 26, 52, 7, 136, 11, 10, 3, 10, 15, 0, 2, 117, 7, 0, 1, 36, 23, 11, 0, 27, 0, 68, 6, 199, 7, 0, 5, 22, 8, 4, 8, 23, 3, 5, 9, 11, 191, 98, 3, 12, 8, 5, 25, 0, 16, 1, 3, 17, 0, 3, 5, 56, 32, 12, 3, 1, 1, 100, 70, 7, 42, 18, 56, 7, 9, 8, 2, 44, 11, 48, 6, 0, 81, 5, 17, 7, 3, 0, 5, 16, 0, 1, 0, 7, 8, 151, 18, 3, 14, 8, 3, 7, 44, 0, 33, 1, 13, 25, 3, 9, 3, 2, 9, 27, 11, 280, 1, 53, 68, 6]",485
gpqa_diamond,gpqa_diamond:rec1zl5LvaatzGhFt,1,358,128,27,1,127,485,6,"[102, 22, 72, 4, 18, 8, 32, 5, 1, 2, 7, 18, 7, 17, 42, 97, 0, 8, 4, 10, 0, 34, 28, 26, 7, 8, 18, 2, 20, 23, 36, 29, 39, 78, 4, 216, 10, 5, 3, 9, 45, 16, 62, 2, 7, 0, 10, 0, 7, 14, 30, 6, 21, 29, 5, 16, 18, 1, 26, 10, 43, 2, 17, 80, 7, 6, 4, 43, 8, 10, 9, 18, 5, 10, 10, 1, 105, 18, 2, 0, 5, 3, 128, 12, 7, 2, 0, 18, 6, 22, 101, 5, 39, 0, 34, 15, 2, 3, 9, 29, 1, 34, 62, 150, 11, 31, 45, 0, 34, 6, 6, 8, 0, 1, 2, 22, 14, 44, 29, 40, 5, 34, 30, 4, 6, 25, 13, 19]",485
gpqa_diamond,gpqa_diamond:rec1zl5LvaatzGhFt,1,358,128,29,1,127,485,6,"[19, 30, 9, 1, 7, 11, 1, 14, 14, 3, 4, 5, 3, 6, 21, 18, 105, 1, 105, 20, 13, 11, 5, 8, 3, 47, 18, 1, 1, 14, 19, 27, 20, 37, 2, 31, 19, 12, 5, 18, 56, 35, 46, 41, 62, 9, 0, 6, 17, 13, 26, 23, 133, 5, 9, 42, 17, 8, 25, 3, 6, 5, 3, 4, 1, 1, 41, 8, 35, 9, 9, 43, 16, 8, 3, 9, 13, 19, 109, 2, 28, 22, 14, 3, 5, 33, 14, 50, 93, 31, 9, 20, 32, 13, 2, 12, 37, 14, 17, 9, 20, 36, 17, 21, 17, 32, 22, 40, 31, 26, 5, 2, 4, 80, 100, 6, 31, 9, 18, 7, 10, 56, 9, 46, 15, 19, 99, 46]",485
gpqa_diamond,gpqa_diamond:rec1zl5LvaatzGhFt,1,358,128,31,1,127,485,6,"[8, 5, 4, 17, 24, 27, 40, 3, 2, 16, 1, 21, 35, 36, 43, 1, 4, 403, 61, 21, 7, 10, 14, 10, 43, 35, 6, 36, 11, 1, 3, 8, 43, 20, 3, 6, 19, 27, 22, 19, 3, 7, 12, 38, 6, 17, 9, 24, 9, 5, 1, 8, 10, 3, 21, 6, 0, 23, 1, 4, 19, 31, 20, 36, 16, 18, 24, 327, 1, 29, 6, 7, 3, 2, 4, 29, 16, 64, 34, 54, 15, 11, 3, 38, 2, 10, 8, 49, 28, 6, 8, 2, 5, 9, 5, 7, 9, 8, 16, 26, 27, 23, 23, 0, 26, 70, 6, 12, 9, 37, 73, 22, 5, 2, 49, 23, 19, 2, 1, 21, 4, 4, 38, 19, 7, 7, 11, 43]",485
gpqa_diamond,gpqa_diamond:rec1zl5LvaatzGhFt,1,358,128,34,1,127,485,6,"[70, 99, 5, 1, 13, 5, 61, 58, 1, 35, 8, 11, 17, 60, 6, 15, 18, 19, 6, 62, 58, 0, 4, 1, 14, 11, 10, 8, 18, 29, 3, 11, 14, 4, 16, 16, 39, 22, 12, 1, 10, 14, 13, 51, 4, 5, 7, 49, 26, 7, 118, 9, 14, 28, 6, 0, 10, 33, 11, 19, 12, 41, 23, 16, 29, 8, 3, 33, 10, 11, 26, 34, 11, 36, 69, 0, 15, 65, 23, 92, 4, 31, 1, 4, 11, 0, 7, 15, 20, 9, 0, 6, 21, 33, 0, 58, 6, 122, 26, 25, 48, 7, 4, 68, 0, 2, 3, 16, 51, 24, 7, 56, 31, 0, 0, 4, 86, 6, 137, 10, 23, 15, 11, 28, 9, 0, 10, 3]",485
gpqa_diamond,gpqa_diamond:rec1zl5LvaatzGhFt,1,358,128,36,1,127,485,6,"[6, 13, 3, 79, 4, 19, 11, 19, 19, 3, 1, 0, 30, 2, 20, 10, 28, 5, 12, 4, 30, 15, 3, 12, 22, 28, 31, 43, 29, 5, 16, 48, 39, 13, 33, 15, 20, 10, 4, 9, 37, 19, 19, 0, 33, 109, 50, 0, 0, 3, 2, 0, 1, 17, 64, 49, 12, 16, 40, 21, 6, 12, 45, 146, 13, 1, 10, 3, 24, 50, 1, 0, 4, 49, 29, 7, 27, 9, 35, 6, 5, 6, 11, 24, 12, 6, 13, 0, 55, 6, 0, 13, 21, 41, 5, 2, 109, 23, 32, 30, 4, 101, 8, 1, 23, 8, 13, 7, 29, 23, 8, 48, 8, 16, 7, 31, 32, 66, 1, 15, 6, 11, 8, 12, 285, 15, 26, 2]",485
gpqa_diamond,gpqa_diamond:rec1zl5LvaatzGhFt,1,358,128,38,1,127,485,6,"[1, 17, 31, 10, 6, 25, 0, 9, 0, 3, 0, 25, 116, 3, 1, 5, 20, 55, 8, 15, 81, 27, 1, 96, 29, 26, 23, 46, 7, 48, 21, 8, 29, 3, 18, 48, 1, 43, 14, 26, 75, 22, 27, 8, 35, 6, 37, 86, 2, 6, 8, 44, 1, 39, 5, 99, 2, 24, 17, 1, 17, 35, 18, 8, 9, 5, 53, 4, 21, 6, 14, 15, 11, 1, 35, 20, 53, 10, 2, 36, 17, 15, 5, 15, 7, 70, 10, 3, 24, 10, 22, 18, 3, 1, 12, 4, 2, 5, 26, 11, 55, 98, 29, 12, 0, 25, 13, 1, 14, 4, 12, 9, 10, 95, 0, 23, 23, 3, 72, 31, 163, 9, 0, 16, 9, 35, 0, 7]",485
gpqa_diamond,gpqa_diamond:rec1zl5LvaatzGhFt,1,358,128,40,1,127,485,6,"[21, 1, 23, 6, 77, 18, 0, 3, 44, 65, 4, 6, 3, 12, 2, 0, 5, 10, 9, 1, 0, 19, 6, 12, 19, 11, 12, 0, 28, 3, 27, 251, 2, 40, 38, 23, 22, 2, 8, 10, 9, 19, 7, 60, 14, 10, 5, 35, 9, 22, 20, 6, 13, 8, 11, 33, 11, 19, 35, 23, 2, 5, 51, 13, 37, 1, 116, 9, 4, 14, 26, 165, 11, 11, 16, 2, 12, 0, 2, 4, 12, 16, 6, 7, 1, 21, 37, 14, 17, 3, 8, 14, 93, 6, 207, 28, 3, 7, 0, 67, 5, 12, 105, 32, 25, 13, 5, 16, 18, 3, 2, 20, 58, 2, 3, 71, 1, 8, 17, 49, 8, 5, 10, 27, 38, 36, 7, 34]",485
gpqa_diamond,gpqa_diamond:rec1zl5LvaatzGhFt,1,358,128,43,1,127,485,6,"[1, 24, 0, 3, 68, 17, 6, 19, 14, 7, 11, 16, 12, 4, 1, 46, 20, 43, 1, 9, 14, 6, 2, 20, 3, 12, 55, 2, 23, 15, 0, 1, 6, 2, 7, 18, 38, 17, 172, 1, 10, 22, 9, 41, 36, 3, 21, 10, 3, 23, 15, 20, 38, 2, 39, 10, 261, 35, 27, 5, 4, 137, 8, 4, 14, 5, 13, 28, 37, 7, 8, 8, 30, 46, 15, 54, 28, 4, 11, 1, 13, 14, 82, 6, 23, 8, 1, 113, 9, 6, 6, 8, 0, 127, 14, 2, 16, 2, 5, 24, 153, 1, 2, 0, 5, 2, 20, 7, 34, 14, 1, 4, 11, 2, 6, 181, 12, 6, 17, 3, 8, 17, 11, 13, 2, 23, 30, 18]",485
gpqa_diamond,gpqa_diamond:rec1zl5LvaatzGhFt,1,358,128,45,1,127,485,6,"[24, 21, 35, 26, 6, 21, 15, 23, 0, 26, 1, 42, 31, 2, 41, 17, 9, 70, 8, 246, 0, 4, 32, 35, 14, 25, 7, 15, 3, 11, 20, 14, 8, 7, 17, 2, 3, 2, 24, 12, 65, 125, 4, 11, 24, 8, 30, 54, 18, 10, 35, 24, 39, 36, 17, 8, 22, 35, 36, 14, 12, 10, 64, 20, 6, 31, 5, 12, 24, 12, 2, 20, 6, 20, 36, 11, 12, 9, 38, 12, 2, 20, 6, 14, 20, 17, 17, 48, 8, 5, 47, 22, 3, 20, 6, 10, 1, 19, 2, 32, 13, 20, 16, 20, 56, 11, 31, 31, 19, 20, 6, 2, 23, 5, 2, 16, 13, 17, 48, 14, 14, 10, 3, 25, 33, 199, 22, 6]",485
gpqa_diamond,gpqa_diamond:rec1zl5LvaatzGhFt,1,358,128,47,1,127,485,6,"[17, 44, 5, 56, 15, 6, 3, 23, 48, 64, 8, 6, 16, 13, 39, 5, 16, 42, 77, 27, 4, 8, 17, 2, 20, 12, 10, 10, 27, 5, 13, 13, 8, 6, 13, 9, 83, 7, 11, 27, 46, 37, 53, 25, 74, 13, 29, 21, 20, 5, 30, 22, 4, 13, 6, 2, 64, 7, 10, 32, 76, 17, 13, 20, 2, 40, 17, 20, 9, 37, 14, 23, 16, 10, 48, 149, 1, 7, 13, 20, 21, 15, 50, 6, 24, 0, 17, 3, 8, 75, 9, 2, 40, 37, 40, 14, 27, 36, 4, 28, 22, 13, 34, 23, 63, 4, 17, 11, 16, 4, 18, 52, 8, 8, 68, 14, 4, 10, 6, 22, 18, 2, 20, 32, 11, 2, 20, 32]",485
gpqa_diamond,gpqa_diamond:rec1zl5LvaatzGhFt,1,358,128,49,1,127,485,6,"[26, 70, 24, 6, 5, 3, 28, 10, 11, 2, 3, 29, 8, 42, 10, 39, 40, 23, 0, 9, 2, 19, 5, 16, 24, 42, 5, 0, 41, 11, 58, 20, 47, 7, 33, 17, 12, 36, 4, 4, 25, 8, 9, 16, 79, 9, 46, 9, 16, 21, 23, 34, 6, 5, 35, 15, 8, 81, 4, 8, 1, 11, 61, 47, 19, 48, 7, 68, 9, 13, 10, 17, 16, 43, 41, 10, 0, 12, 4, 1, 7, 33, 55, 10, 15, 16, 11, 26, 13, 15, 95, 16, 31, 45, 60, 6, 3, 126, 1, 7, 4, 29, 3, 8, 31, 12, 0, 17, 117, 22, 46, 4, 6, 39, 18, 3, 42, 6, 3, 25, 74, 4, 16, 10, 1, 65, 14, 14]",485
gpqa_diamond,gpqa_diamond:rec1zl5LvaatzGhFt,1,358,128,51,1,127,485,6,"[9, 25, 27, 48, 1, 21, 5, 21, 2, 51, 14, 8, 15, 9, 1, 39, 4, 36, 17, 6, 29, 24, 38, 13, 13, 53, 39, 22, 31, 18, 13, 12, 12, 8, 2, 26, 23, 13, 7, 9, 10, 83, 36, 65, 19, 19, 38, 16, 13, 45, 4, 12, 7, 15, 55, 9, 6, 48, 25, 11, 6, 20, 38, 2, 13, 0, 12, 6, 31, 14, 12, 65, 16, 25, 27, 28, 19, 22, 1, 53, 45, 31, 20, 21, 31, 26, 9, 10, 12, 4, 83, 30, 21, 40, 9, 25, 18, 23, 6, 7, 45, 37, 20, 4, 5, 23, 9, 0, 57, 13, 23, 15, 14, 58, 20, 33, 5, 47, 20, 141, 25, 3, 7, 53, 11, 20, 11, 10]",485
gpqa_diamond,gpqa_diamond:rec260hNUCEj109Dj,1,190,128,1,1,127,317,6,"[29, 11, 29, 47, 4, 8, 4, 29, 25, 19, 9, 21, 32, 12, 13, 43, 7, 9, 22, 4, 10, 23, 20, 11, 21, 23, 12, 5, 2, 5, 8, 15, 11, 9, 14, 15, 6, 36, 4, 5, 34, 17, 24, 10, 28, 13, 11, 3, 3, 2, 11, 7, 21, 17, 11, 12, 8, 8, 8, 7, 6, 30, 18, 3, 10, 7, 22, 12, 11, 30, 12, 10, 8, 29, 25, 19, 31, 22, 30, 6, 14, 6, 4, 21, 12, 18, 1, 0, 2, 6, 40, 12, 18, 9, 28, 27, 9, 22, 12, 5, 7, 20, 22, 21, 9, 13, 15, 13, 34, 7, 29, 16, 6, 16, 2, 14, 7, 14, 13, 6, 20, 10, 11, 21, 13, 7, 6, 36]",317
gpqa_diamond,gpqa_diamond:rec260hNUCEj109Dj,1,190,128,3,1,127,317,6,"[10, 25, 10, 19, 16, 17, 15, 17, 8, 6, 18, 3, 17, 10, 7, 6, 12, 36, 12, 3, 38, 38, 11, 4, 2, 6, 9, 21, 15, 13, 5, 6, 5, 22, 7, 2, 14, 20, 15, 1, 7, 5, 10, 5, 16, 9, 13, 10, 20, 7, 5, 7, 9, 34, 21, 19, 3, 17, 48, 24, 16, 37, 33, 7, 21, 28, 4, 9, 23, 10, 22, 21, 10, 11, 20, 47, 10, 18, 14, 28, 5, 18, 8, 9, 18, 23, 5, 7, 15, 7, 14, 5, 3, 6, 5, 37, 16, 14, 22, 3, 22, 40, 0, 12, 6, 18, 31, 8, 11, 15, 45, 29, 10, 0, 15, 15, 3, 15, 9, 17, 6, 4, 42, 7, 33, 12, 28, 10]",317
gpqa_diamond,gpqa_diamond:rec260hNUCEj109Dj,1,190,128,6,1,127,317,6,"[7, 3, 2, 24, 6, 11, 11, 2, 32, 4, 18, 5, 8, 11, 4, 20, 47, 1, 16, 6, 19, 22, 6, 24, 3, 3, 3, 14, 1, 10, 77, 11, 3, 2, 45, 0, 9, 31, 7, 2, 18, 29, 16, 8, 13, 19, 24, 22, 3, 16, 2, 1, 10, 4, 5, 36, 23, 2, 8, 8, 6, 68, 15, 51, 13, 13, 9, 4, 4, 4, 24, 21, 7, 6, 23, 4, 2, 11, 25, 13, 10, 37, 17, 5, 2, 11, 24, 3, 5, 61, 30, 6, 21, 0, 7, 5, 10, 13, 12, 9, 9, 5, 40, 41, 29, 33, 14, 5, 16, 38, 9, 1, 4, 2, 0, 19, 32, 21, 26, 26, 26, 3, 27, 13, 4, 22, 9, 20]",317
gpqa_diamond,gpqa_diamond:rec260hNUCEj109Dj,1,190,128,8,1,127,317,6,"[17, 7, 31, 26, 1, 22, 6, 5, 13, 8, 9, 0, 14, 9, 1, 22, 1, 5, 1, 15, 12, 15, 13, 0, 11, 2, 17, 242, 11, 7, 7, 0, 13, 48, 2, 2, 8, 0, 12, 3, 4, 10, 4, 5, 9, 45, 13, 0, 15, 0, 9, 25, 8, 11, 2, 0, 1, 1, 2, 24, 6, 0, 5, 16, 3, 2, 87, 0, 2, 1, 3, 0, 11, 4, 11, 10, 22, 25, 0, 1, 24, 20, 0, 0, 16, 0, 1, 19, 53, 11, 4, 0, 32, 1, 7, 20, 12, 5, 11, 23, 8, 0, 11, 7, 13, 7, 15, 72, 23, 23, 2, 12, 4, 17, 1, 4, 36, 281, 25, 8, 2, 0, 8, 19, 3, 6, 1, 0]",317
gpqa_diamond,gpqa_diamond:rec260hNUCEj109Dj,1,190,128,10,1,127,317,6,"[7, 1, 3, 8, 14, 187, 5, 0, 0, 0, 15, 8, 6, 26, 2, 29, 5, 227, 16, 0, 3, 24, 20, 108, 0, 1, 0, 11, 7, 0, 8, 5, 3, 11, 3, 22, 24, 13, 31, 11, 17, 10, 3, 2, 17, 20, 8, 22, 31, 28, 0, 12, 13, 3, 0, 6, 17, 21, 0, 7, 8, 6, 11, 16, 4, 2, 0, 1, 0, 27, 61, 3, 2, 22, 3, 3, 8, 3, 46, 23, 16, 6, 13, 2, 7, 12, 20, 1, 33, 3, 2, 2, 3, 3, 1, 6, 5, 22, 18, 26, 14, 4, 2, 10, 3, 9, 1, 7, 0, 2, 19, 6, 28, 6, 10, 7, 1, 1, 37, 0, 64, 0, 8, 5, 3, 15, 1, 88]",317
gpqa_diamond,gpqa_diamond:rec260hNUCEj109Dj,1,190,128,13,1,127,317,6,"[9, 51, 8, 13, 1, 0, 20, 7, 18, 2, 3, 36, 3, 7, 6, 1, 21, 3, 0, 64, 17, 0, 3, 0, 16, 33, 22, 0, 43, 2, 11, 19, 0, 26, 21, 2, 5, 27, 5, 0, 4, 10, 23, 2, 15, 20, 10, 4, 6, 4, 17, 22, 1, 111, 6, 24, 2, 0, 6, 15, 1, 0, 43, 0, 7, 0, 10, 3, 6, 0, 2, 12, 8, 2, 27, 3, 4, 21, 29, 14, 4, 3, 9, 1, 2, 4, 6, 1, 0, 4, 3, 21, 2, 0, 0, 1, 45, 48, 0, 14, 25, 6, 10, 39, 9, 8, 2, 4, 184, 6, 0, 177, 2, 6, 15, 1, 9, 4, 3, 2, 1, 34, 147, 1, 2, 10, 6, 2]",317
gpqa_diamond,gpqa_diamond:rec260hNUCEj109Dj,1,190,128,15,1,127,317,6,"[22, 16, 1, 3, 5, 21, 0, 0, 12, 3, 0, 5, 2, 6, 26, 15, 26, 1, 3, 6, 7, 6, 2, 1, 12, 0, 93, 26, 18, 6, 7, 3, 0, 28, 0, 12, 1, 0, 4, 0, 37, 67, 1, 17, 0, 0, 11, 33, 9, 5, 17, 36, 0, 3, 1, 8, 5, 17, 18, 4, 3, 19, 4, 81, 6, 0, 3, 2, 13, 0, 1, 16, 6, 1, 10, 12, 0, 4, 25, 1, 5, 3, 147, 4, 12, 4, 1, 0, 6, 1, 13, 4, 5, 18, 14, 9, 7, 8, 46, 26, 0, 74, 4, 5, 11, 12, 142, 53, 11, 0, 1, 2, 23, 0, 1, 16, 2, 5, 0, 3, 14, 7, 33, 13, 9, 208, 7, 18]",317
gpqa_diamond,gpqa_diamond:rec260hNUCEj109Dj,1,190,128,17,1,127,317,6,"[7, 0, 1, 13, 7, 14, 0, 13, 146, 11, 4, 6, 19, 20, 0, 4, 23, 4, 12, 8, 4, 8, 0, 0, 12, 2, 2, 44, 4, 0, 29, 2, 19, 2, 30, 19, 31, 21, 108, 14, 14, 3, 0, 2, 2, 16, 0, 0, 1, 0, 0, 2, 3, 9, 7, 1, 4, 0, 22, 41, 41, 1, 8, 9, 26, 5, 22, 79, 29, 1, 0, 4, 8, 49, 27, 3, 5, 9, 32, 0, 27, 44, 0, 6, 2, 7, 16, 21, 6, 10, 6, 3, 11, 2, 7, 0, 7, 138, 15, 0, 8, 1, 11, 0, 13, 6, 2, 0, 13, 8, 0, 3, 116, 2, 2, 22, 14, 2, 25, 0, 0, 16, 2, 17, 3, 1, 7, 132]",317
gpqa_diamond,gpqa_diamond:rec260hNUCEj109Dj,1,190,128,20,1,127,317,6,"[15, 0, 1, 3, 2, 16, 2, 16, 8, 4, 111, 16, 21, 15, 9, 13, 16, 1, 10, 32, 1, 4, 0, 0, 3, 3, 11, 18, 25, 11, 11, 23, 5, 50, 31, 2, 0, 15, 3, 5, 0, 1, 12, 2, 8, 3, 3, 18, 0, 0, 75, 4, 19, 3, 21, 6, 17, 6, 15, 5, 27, 14, 13, 30, 19, 0, 6, 81, 33, 30, 23, 24, 0, 1, 5, 7, 1, 2, 1, 29, 4, 0, 19, 3, 8, 10, 40, 48, 0, 9, 8, 37, 3, 0, 3, 3, 7, 3, 61, 0, 1, 152, 7, 4, 4, 41, 3, 5, 12, 12, 0, 9, 84, 14, 3, 4, 10, 7, 1, 2, 11, 2, 13, 2, 50, 1, 86, 0]",317
gpqa_diamond,gpqa_diamond:rec260hNUCEj109Dj,1,190,128,22,1,127,317,6,"[4, 5, 15, 46, 15, 1, 16, 10, 20, 5, 14, 2, 5, 1, 93, 1, 39, 11, 1, 2, 16, 3, 11, 4, 19, 17, 7, 5, 5, 3, 9, 2, 31, 8, 33, 2, 16, 12, 19, 15, 17, 36, 11, 7, 18, 35, 18, 2, 9, 65, 13, 7, 6, 3, 9, 55, 11, 2, 70, 6, 34, 10, 8, 11, 22, 29, 8, 12, 4, 9, 15, 15, 19, 23, 7, 3, 10, 48, 0, 6, 3, 8, 15, 18, 0, 6, 5, 4, 77, 72, 2, 8, 9, 0, 32, 10, 4, 17, 7, 13, 21, 42, 4, 9, 1, 3, 12, 1, 3, 8, 12, 7, 13, 0, 1, 2, 0, 5, 5, 0, 112, 7, 14, 10, 54, 2, 6, 2]",317
gpqa_diamond,gpqa_diamond:rec260hNUCEj109Dj,1,190,128,24,1,127,317,6,"[4, 11, 4, 20, 9, 2, 9, 4, 2, 1, 3, 3, 31, 2, 0, 7, 0, 17, 19, 71, 3, 161, 17, 3, 6, 10, 10, 0, 0, 41, 12, 0, 1, 23, 8, 10, 2, 12, 0, 41, 5, 20, 12, 2, 0, 11, 16, 3, 6, 4, 5, 1, 1, 5, 69, 75, 2, 8, 5, 12, 6, 0, 12, 0, 0, 5, 1, 19, 8, 56, 7, 26, 0, 3, 10, 38, 69, 0, 37, 2, 61, 6, 7, 17, 14, 7, 7, 7, 6, 0, 16, 11, 19, 5, 1, 0, 22, 4, 0, 1, 1, 6, 17, 92, 12, 3, 0, 4, 0, 1, 16, 2, 34, 4, 13, 32, 3, 12, 0, 3, 6, 27, 15, 177, 2, 35, 19, 15]",317
gpqa_diamond,gpqa_diamond:rec260hNUCEj109Dj,1,190,128,27,1,127,317,6,"[20, 7, 52, 5, 7, 5, 20, 10, 0, 3, 5, 15, 10, 11, 24, 12, 0, 5, 5, 12, 0, 37, 8, 9, 11, 8, 8, 4, 16, 18, 22, 5, 34, 67, 13, 180, 6, 6, 1, 12, 39, 9, 6, 1, 0, 1, 8, 2, 18, 3, 20, 14, 9, 28, 1, 0, 15, 0, 17, 12, 63, 1, 9, 15, 15, 6, 8, 11, 3, 0, 7, 31, 1, 3, 21, 5, 100, 7, 1, 4, 3, 8, 12, 5, 4, 6, 1, 12, 15, 9, 53, 11, 9, 4, 17, 12, 0, 3, 18, 21, 1, 17, 21, 71, 16, 9, 7, 0, 21, 3, 16, 3, 0, 0, 14, 0, 6, 22, 14, 28, 6, 44, 24, 4, 33, 67, 14, 11]",317
gpqa_diamond,gpqa_diamond:rec260hNUCEj109Dj,1,190,128,29,1,127,317,6,"[25, 22, 4, 1, 4, 5, 0, 9, 6, 4, 3, 6, 9, 0, 10, 4, 111, 11, 81, 14, 8, 6, 13, 7, 7, 10, 13, 2, 0, 5, 12, 19, 2, 22, 18, 9, 10, 3, 5, 19, 14, 43, 39, 17, 18, 8, 1, 10, 12, 13, 17, 10, 55, 3, 5, 3, 21, 1, 4, 1, 6, 3, 0, 5, 7, 4, 27, 1, 30, 4, 7, 13, 5, 10, 4, 24, 16, 7, 24, 3, 18, 9, 3, 3, 1, 13, 12, 46, 83, 38, 6, 10, 10, 1, 4, 5, 18, 14, 5, 8, 29, 33, 15, 36, 9, 12, 6, 19, 15, 9, 4, 1, 1, 33, 127, 3, 12, 32, 8, 1, 7, 26, 8, 36, 9, 10, 72, 8]",317
gpqa_diamond,gpqa_diamond:rec260hNUCEj109Dj,1,190,128,31,1,127,317,6,"[7, 1, 9, 10, 7, 48, 25, 1, 2, 17, 2, 14, 13, 8, 16, 0, 2, 102, 42, 20, 5, 12, 16, 5, 74, 7, 5, 39, 8, 0, 4, 1, 41, 22, 1, 2, 14, 20, 12, 10, 3, 0, 6, 19, 4, 17, 13, 16, 2, 5, 0, 7, 25, 8, 3, 0, 5, 1, 23, 7, 1, 13, 11, 33, 4, 5, 13, 173, 2, 26, 10, 9, 2, 4, 4, 3, 18, 44, 30, 5, 13, 13, 4, 14, 1, 8, 4, 38, 13, 10, 11, 4, 7, 8, 7, 8, 23, 11, 31, 25, 10, 10, 24, 0, 5, 91, 8, 18, 4, 0, 60, 12, 11, 0, 62, 7, 11, 0, 8, 9, 0, 5, 9, 17, 13, 12, 1, 24]",317
gpqa_diamond,gpqa_diamond:rec260hNUCEj109Dj,1,190,128,34,1,127,317,6,"[46, 57, 3, 1, 6, 8, 19, 36, 0, 21, 19, 9, 12, 34, 25, 13, 19, 27, 5, 36, 13, 3, 3, 0, 18, 20, 21, 13, 30, 12, 14, 15, 13, 0, 23, 63, 18, 9, 3, 1, 0, 9, 9, 25, 0, 3, 13, 12, 9, 10, 44, 8, 2, 5, 5, 0, 10, 20, 27, 12, 8, 8, 13, 11, 21, 5, 0, 41, 5, 3, 17, 25, 4, 21, 36, 1, 2, 0, 59, 85, 0, 8, 0, 3, 18, 0, 1, 28, 13, 8, 3, 5, 2, 15, 0, 18, 0, 39, 6, 14, 15, 5, 9, 23, 0, 5, 3, 9, 40, 20, 2, 51, 2, 0, 0, 6, 55, 4, 122, 6, 9, 15, 2, 26, 8, 1, 7, 0]",317
gpqa_diamond,gpqa_diamond:rec260hNUCEj109Dj,1,190,128,36,1,127,317,6,"[17, 10, 0, 36, 3, 19, 10, 8, 2, 5, 0, 0, 21, 1, 16, 16, 10, 10, 19, 5, 98, 1, 25, 10, 6, 8, 27, 50, 9, 3, 17, 27, 13, 3, 18, 6, 46, 9, 4, 37, 34, 4, 8, 0, 48, 37, 6, 0, 0, 2, 0, 0, 1, 10, 11, 9, 17, 5, 7, 12, 5, 2, 34, 74, 14, 1, 2, 0, 15, 47, 6, 5, 4, 56, 23, 7, 15, 7, 18, 1, 16, 0, 1, 28, 6, 12, 14, 1, 14, 2, 2, 11, 18, 87, 1, 2, 6, 35, 16, 5, 7, 17, 10, 0, 15, 7, 18, 17, 30, 11, 0, 47, 7, 17, 17, 14, 52, 48, 4, 22, 1, 12, 0, 12, 41, 11, 16, 0]",317
gpqa_diamond,gpqa_diamond:rec260hNUCEj109Dj,1,190,128,38,1,127,317,6,"[1, 4, 5, 6, 12, 10, 0, 13, 9, 2, 0, 8, 132, 5, 2, 4, 4, 14, 5, 25, 7, 35, 0, 22, 33, 16, 9, 6, 1, 78, 12, 10, 12, 0, 17, 15, 0, 21, 3, 19, 7, 9, 19, 1, 9, 1, 28, 106, 4, 2, 5, 26, 3, 12, 1, 116, 0, 4, 15, 0, 9, 23, 36, 13, 6, 2, 22, 1, 19, 0, 10, 12, 0, 0, 24, 9, 26, 2, 0, 12, 2, 31, 4, 7, 1, 19, 7, 0, 6, 2, 17, 9, 4, 8, 9, 2, 7, 3, 12, 8, 33, 77, 12, 7, 0, 14, 8, 1, 10, 3, 8, 1, 19, 15, 15, 21, 3, 4, 36, 3, 222, 6, 8, 4, 11, 11, 14, 7]",317
gpqa_diamond,gpqa_diamond:rec260hNUCEj109Dj,1,190,128,40,1,127,317,6,"[11, 6, 21, 3, 8, 20, 6, 15, 46, 71, 8, 7, 2, 0, 5, 1, 6, 2, 9, 4, 6, 13, 3, 3, 0, 31, 13, 3, 10, 4, 22, 135, 17, 23, 7, 11, 22, 1, 27, 0, 3, 8, 11, 6, 12, 10, 3, 28, 6, 35, 33, 3, 8, 7, 51, 0, 1, 30, 7, 15, 5, 3, 12, 4, 36, 8, 85, 8, 1, 14, 7, 2, 8, 8, 10, 0, 10, 5, 1, 0, 34, 14, 4, 1, 0, 12, 15, 28, 2, 0, 5, 21, 48, 1, 35, 55, 2, 18, 0, 97, 15, 17, 120, 11, 8, 6, 2, 9, 29, 1, 4, 1, 7, 56, 4, 26, 0, 2, 3, 8, 3, 27, 1, 4, 11, 11, 0, 18]",317
gpqa_diamond,gpqa_diamond:rec260hNUCEj109Dj,1,190,128,43,1,127,317,6,"[2, 12, 6, 6, 19, 20, 5, 18, 32, 1, 12, 9, 15, 1, 2, 6, 27, 25, 0, 8, 3, 3, 1, 11, 3, 2, 37, 0, 13, 7, 0, 6, 0, 2, 3, 3, 35, 11, 76, 6, 2, 25, 34, 24, 9, 3, 6, 20, 12, 14, 15, 4, 30, 8, 27, 10, 147, 19, 6, 1, 4, 123, 1, 1, 6, 2, 1, 10, 9, 4, 18, 3, 28, 17, 11, 1, 17, 7, 2, 16, 7, 6, 90, 9, 4, 8, 0, 60, 12, 4, 5, 6, 0, 118, 12, 3, 11, 9, 0, 36, 6, 3, 3, 2, 1, 1, 10, 39, 30, 17, 0, 7, 5, 5, 9, 139, 6, 6, 4, 2, 4, 10, 2, 18, 3, 6, 5, 14]",317
gpqa_diamond,gpqa_diamond:rec260hNUCEj109Dj,1,190,128,45,1,127,317,6,"[21, 3, 20, 17, 15, 12, 6, 19, 0, 12, 12, 30, 14, 7, 50, 3, 8, 15, 16, 104, 1, 12, 32, 12, 6, 26, 11, 33, 3, 28, 16, 8, 8, 7, 14, 15, 1, 3, 8, 9, 9, 43, 14, 1, 9, 10, 35, 41, 18, 1, 28, 66, 2, 41, 1, 0, 23, 37, 10, 6, 8, 16, 14, 2, 5, 20, 2, 7, 39, 6, 1, 5, 0, 10, 20, 3, 5, 6, 35, 3, 12, 20, 2, 40, 10, 4, 26, 40, 0, 4, 28, 15, 1, 12, 5, 8, 3, 40, 3, 3, 7, 12, 9, 28, 28, 4, 43, 20, 21, 6, 8, 3, 14, 12, 3, 17, 9, 0, 17, 28, 24, 15, 8, 9, 9, 24, 7, 2]",317
gpqa_diamond,gpqa_diamond:rec260hNUCEj109Dj,1,190,128,47,1,127,317,6,"[15, 25, 2, 8, 14, 11, 7, 8, 31, 28, 4, 26, 16, 15, 15, 0, 20, 13, 51, 11, 9, 8, 12, 0, 20, 11, 5, 21, 9, 5, 14, 11, 2, 3, 12, 8, 62, 1, 1, 5, 19, 3, 79, 21, 83, 8, 37, 8, 23, 3, 24, 6, 9, 29, 1, 1, 71, 9, 3, 35, 39, 16, 6, 23, 2, 3, 21, 13, 6, 13, 16, 7, 7, 10, 50, 73, 1, 5, 9, 4, 7, 12, 15, 8, 17, 0, 19, 5, 26, 12, 26, 1, 14, 4, 11, 17, 11, 39, 5, 6, 20, 6, 12, 2, 7, 1, 6, 14, 13, 0, 5, 55, 7, 6, 7, 5, 6, 14, 5, 18, 3, 0, 5, 25, 12, 0, 32, 26]",317
gpqa_diamond,gpqa_diamond:rec260hNUCEj109Dj,1,190,128,49,1,127,317,6,"[25, 50, 19, 2, 2, 0, 23, 8, 31, 0, 5, 14, 4, 20, 11, 25, 42, 4, 6, 7, 2, 22, 10, 12, 11, 29, 2, 0, 9, 4, 60, 12, 14, 13, 6, 6, 4, 33, 4, 3, 8, 0, 11, 9, 21, 3, 17, 7, 10, 27, 24, 18, 11, 3, 48, 23, 0, 30, 2, 9, 0, 16, 40, 14, 8, 13, 10, 44, 24, 8, 18, 13, 14, 36, 11, 2, 1, 8, 1, 2, 4, 8, 30, 4, 5, 5, 4, 5, 11, 12, 54, 6, 16, 12, 59, 9, 0, 133, 1, 4, 2, 19, 3, 2, 36, 15, 0, 4, 4, 16, 7, 0, 3, 21, 19, 10, 32, 4, 1, 13, 126, 2, 4, 13, 3, 24, 15, 4]",317
gpqa_diamond,gpqa_diamond:rec260hNUCEj109Dj,1,190,128,51,1,127,317,6,"[0, 17, 56, 14, 2, 4, 12, 17, 6, 59, 8, 2, 8, 13, 6, 9, 32, 12, 6, 4, 9, 10, 17, 16, 7, 66, 12, 10, 12, 5, 8, 6, 2, 5, 3, 19, 8, 3, 16, 9, 8, 40, 5, 36, 12, 24, 9, 13, 7, 29, 7, 10, 10, 12, 33, 12, 4, 24, 23, 6, 4, 19, 10, 8, 14, 0, 5, 5, 20, 6, 29, 22, 7, 18, 23, 7, 14, 12, 3, 29, 33, 15, 23, 9, 16, 32, 6, 7, 6, 9, 63, 3, 14, 59, 10, 20, 11, 26, 7, 7, 38, 5, 0, 4, 1, 20, 13, 5, 52, 10, 9, 5, 13, 39, 8, 12, 5, 21, 34, 11, 14, 5, 1, 36, 7, 20, 21, 8]",317
gpqa_diamond,gpqa_diamond:rec2UlKqC6RFHdcro,1,177,128,1,1,127,304,6,"[21, 10, 15, 11, 3, 15, 5, 22, 14, 19, 16, 16, 25, 20, 16, 22, 15, 15, 9, 13, 15, 19, 7, 12, 32, 30, 21, 4, 11, 12, 5, 25, 20, 11, 18, 11, 11, 15, 4, 2, 13, 25, 32, 15, 20, 15, 4, 2, 9, 10, 17, 21, 7, 16, 7, 28, 18, 12, 5, 20, 13, 33, 19, 13, 21, 6, 10, 11, 17, 24, 12, 9, 14, 7, 6, 9, 5, 25, 27, 10, 18, 3, 9, 19, 27, 17, 11, 4, 13, 10, 24, 19, 24, 13, 18, 5, 7, 9, 4, 4, 6, 15, 8, 22, 7, 13, 11, 36, 28, 10, 7, 4, 9, 13, 9, 17, 9, 16, 10, 14, 20, 16, 32, 13, 13, 16, 6, 12]",304
gpqa_diamond,gpqa_diamond:rec2UlKqC6RFHdcro,1,177,128,3,1,127,304,6,"[11, 24, 17, 18, 15, 14, 10, 23, 6, 26, 22, 16, 17, 5, 11, 11, 9, 85, 22, 14, 17, 5, 14, 16, 11, 14, 18, 9, 20, 3, 16, 7, 5, 16, 10, 3, 8, 11, 13, 2, 9, 7, 11, 29, 9, 12, 19, 3, 14, 13, 11, 19, 3, 45, 8, 22, 4, 6, 33, 11, 4, 7, 23, 15, 23, 23, 21, 6, 5, 20, 18, 11, 17, 12, 21, 27, 11, 20, 39, 6, 6, 17, 10, 1, 10, 57, 8, 10, 6, 5, 1, 9, 9, 20, 10, 23, 1, 4, 14, 5, 21, 25, 3, 5, 3, 5, 27, 13, 18, 14, 26, 34, 18, 6, 11, 15, 7, 14, 10, 13, 7, 16, 23, 3, 6, 7, 21, 16]",304
gpqa_diamond,gpqa_diamond:rec2UlKqC6RFHdcro,1,177,128,6,1,127,304,6,"[15, 27, 7, 43, 10, 3, 2, 6, 7, 8, 5, 6, 17, 13, 28, 13, 95, 9, 3, 12, 18, 16, 8, 33, 6, 4, 6, 9, 2, 14, 58, 13, 3, 8, 9, 0, 14, 21, 28, 9, 5, 10, 33, 18, 13, 9, 19, 17, 0, 21, 5, 6, 1, 4, 12, 10, 17, 20, 21, 2, 16, 190, 11, 13, 1, 2, 3, 11, 1, 4, 8, 44, 2, 4, 18, 13, 8, 4, 12, 10, 10, 38, 2, 6, 9, 13, 14, 5, 4, 11, 10, 15, 16, 1, 0, 9, 11, 4, 15, 7, 11, 15, 12, 18, 10, 11, 20, 2, 26, 16, 39, 13, 6, 4, 24, 11, 11, 12, 5, 11, 17, 6, 37, 2, 15, 21, 7, 16]",304
gpqa_diamond,gpqa_diamond:rec2UlKqC6RFHdcro,1,177,128,8,1,127,304,6,"[4, 4, 8, 0, 9, 17, 0, 2, 4, 9, 36, 4, 106, 17, 5, 2, 1, 5, 4, 9, 21, 6, 1, 15, 4, 1, 3, 202, 84, 7, 1, 1, 1, 0, 0, 9, 8, 1, 11, 0, 7, 12, 15, 5, 17, 13, 5, 5, 26, 6, 6, 32, 4, 9, 4, 0, 5, 1, 0, 31, 3, 1, 0, 9, 6, 6, 53, 0, 3, 19, 6, 0, 26, 0, 17, 6, 18, 34, 0, 1, 9, 2, 7, 5, 7, 8, 0, 11, 1, 26, 13, 3, 32, 4, 31, 18, 9, 6, 11, 12, 3, 11, 1, 203, 14, 5, 11, 1, 3, 20, 0, 12, 0, 5, 2, 3, 14, 143, 20, 20, 5, 5, 2, 17, 43, 7, 6, 0]",304
gpqa_diamond,gpqa_diamond:rec2UlKqC6RFHdcro,1,177,128,10,1,127,304,6,"[2, 0, 6, 14, 20, 7, 2, 1, 0, 0, 10, 4, 8, 34, 3, 19, 5, 0, 1, 9, 3, 17, 0, 105, 1, 111, 2, 17, 1, 0, 14, 1, 6, 2, 5, 23, 6, 20, 1, 7, 18, 20, 1, 0, 16, 10, 0, 55, 132, 0, 6, 203, 0, 1, 1, 2, 34, 4, 4, 15, 4, 0, 10, 5, 4, 5, 10, 4, 1, 20, 23, 21, 31, 46, 2, 0, 3, 5, 6, 9, 17, 58, 21, 0, 2, 4, 17, 1, 67, 5, 4, 0, 1, 3, 2, 3, 0, 27, 15, 28, 1, 2, 0, 18, 0, 9, 0, 2, 0, 0, 2, 2, 3, 2, 13, 1, 0, 0, 210, 0, 9, 0, 2, 7, 7, 9, 1, 31]",304
gpqa_diamond,gpqa_diamond:rec2UlKqC6RFHdcro,1,177,128,13,1,127,304,6,"[3, 9, 1, 71, 22, 21, 8, 8, 175, 4, 3, 6, 0, 22, 8, 1, 12, 4, 0, 61, 1, 0, 3, 14, 32, 35, 9, 35, 17, 4, 33, 0, 0, 0, 37, 0, 2, 31, 93, 23, 7, 5, 3, 1, 15, 25, 1, 1, 2, 5, 0, 100, 1, 168, 1, 21, 0, 3, 7, 2, 0, 20, 55, 9, 11, 0, 9, 3, 31, 1, 2, 2, 0, 7, 27, 0, 5, 17, 0, 5, 18, 8, 0, 13, 3, 5, 0, 1, 1, 0, 0, 45, 8, 0, 0, 38, 5, 7, 7, 23, 3, 8, 13, 7, 16, 0, 2, 1, 10, 17, 0, 67, 1, 0, 44, 2, 1, 1, 7, 5, 0, 0, 53, 3, 0, 1, 0, 0]",304
gpqa_diamond,gpqa_diamond:rec2UlKqC6RFHdcro,1,177,128,15,1,127,304,6,"[38, 0, 2, 0, 1, 3, 0, 3, 19, 2, 14, 10, 1, 4, 14, 13, 11, 0, 13, 1, 7, 3, 3, 246, 19, 0, 55, 6, 3, 5, 2, 2, 0, 22, 1, 0, 9, 5, 17, 0, 0, 88, 1, 12, 0, 65, 7, 1, 22, 15, 14, 33, 0, 2, 0, 21, 0, 13, 10, 2, 2, 0, 3, 114, 7, 13, 0, 16, 67, 0, 1, 3, 2, 2, 17, 23, 1, 0, 18, 0, 4, 3, 21, 0, 20, 18, 4, 15, 9, 0, 20, 0, 1, 2, 20, 7, 26, 35, 122, 31, 0, 49, 42, 0, 11, 16, 17, 3, 10, 0, 0, 4, 11, 2, 4, 15, 5, 5, 0, 4, 14, 2, 58, 2, 3, 20, 10, 10]",304
gpqa_diamond,gpqa_diamond:rec2UlKqC6RFHdcro,1,177,128,17,1,127,304,6,"[10, 2, 0, 49, 8, 23, 0, 16, 6, 13, 5, 8, 14, 22, 2, 29, 9, 5, 6, 6, 1, 0, 3, 2, 18, 1, 2, 29, 11, 0, 8, 5, 27, 0, 16, 21, 69, 4, 7, 3, 17, 4, 1, 4, 2, 19, 0, 1, 0, 7, 11, 6, 29, 58, 3, 12, 3, 11, 6, 44, 34, 0, 17, 3, 14, 0, 33, 11, 28, 6, 0, 2, 10, 60, 21, 3, 55, 11, 1, 1, 20, 39, 0, 0, 1, 12, 4, 14, 8, 11, 14, 2, 15, 5, 73, 40, 14, 90, 8, 0, 2, 6, 18, 0, 3, 2, 3, 6, 21, 10, 1, 17, 180, 2, 1, 12, 60, 1, 6, 2, 0, 4, 10, 30, 1, 1, 29, 18]",304
gpqa_diamond,gpqa_diamond:rec2UlKqC6RFHdcro,1,177,128,20,1,127,304,6,"[4, 13, 4, 3, 2, 2, 0, 17, 11, 9, 7, 11, 15, 14, 14, 12, 39, 23, 13, 25, 2, 1, 0, 0, 3, 1, 13, 5, 11, 6, 16, 17, 22, 23, 40, 0, 1, 4, 1, 2, 0, 1, 31, 0, 6, 2, 78, 0, 0, 3, 208, 9, 9, 15, 13, 4, 6, 6, 6, 0, 9, 18, 13, 5, 19, 4, 14, 1, 7, 4, 16, 6, 0, 0, 6, 12, 1, 11, 4, 23, 4, 2, 13, 2, 3, 14, 5, 20, 3, 28, 13, 52, 0, 0, 1, 7, 7, 2, 24, 0, 15, 4, 6, 5, 0, 23, 7, 4, 14, 7, 0, 8, 74, 30, 0, 3, 25, 15, 7, 4, 12, 4, 25, 153, 68, 9, 81, 45]",304
gpqa_diamond,gpqa_diamond:rec2UlKqC6RFHdcro,1,177,128,22,1,127,304,6,"[6, 7, 11, 25, 14, 2, 12, 9, 3, 34, 6, 7, 5, 2, 105, 0, 21, 25, 0, 0, 18, 12, 18, 6, 12, 17, 15, 7, 0, 7, 1, 1, 19, 9, 2, 1, 5, 13, 17, 17, 5, 21, 24, 14, 3, 28, 11, 6, 12, 73, 13, 15, 6, 8, 9, 36, 15, 4, 91, 1, 17, 9, 4, 21, 9, 29, 7, 16, 12, 12, 26, 9, 17, 13, 4, 0, 16, 32, 0, 1, 2, 20, 3, 16, 2, 11, 8, 3, 20, 60, 23, 22, 5, 1, 15, 19, 36, 19, 7, 19, 7, 78, 1, 3, 8, 31, 11, 5, 2, 39, 12, 2, 17, 33, 1, 10, 1, 20, 9, 7, 12, 0, 13, 11, 20, 0, 19, 1]",304
gpqa_diamond,gpqa_diamond:rec2UlKqC6RFHdcro,1,177,128,24,1,127,304,6,"[7, 7, 2, 22, 20, 22, 5, 0, 3, 7, 0, 3, 16, 5, 1, 5, 3, 9, 8, 34, 9, 205, 9, 2, 13, 10, 19, 0, 0, 43, 10, 9, 17, 12, 23, 11, 7, 15, 1, 53, 1, 5, 12, 4, 2, 16, 9, 7, 0, 9, 2, 13, 0, 11, 73, 8, 22, 1, 4, 2, 0, 5, 8, 1, 2, 33, 0, 38, 5, 9, 6, 5, 20, 10, 12, 42, 14, 3, 36, 3, 11, 9, 13, 4, 5, 8, 23, 22, 28, 0, 29, 7, 11, 14, 7, 1, 5, 3, 1, 16, 0, 6, 3, 110, 11, 3, 0, 13, 6, 9, 42, 0, 18, 1, 11, 1, 4, 2, 0, 3, 2, 34, 17, 196, 6, 4, 3, 2]",304
gpqa_diamond,gpqa_diamond:rec2UlKqC6RFHdcro,1,177,128,27,1,127,304,6,"[19, 2, 49, 0, 7, 23, 6, 1, 9, 2, 14, 13, 5, 17, 12, 35, 1, 2, 7, 12, 0, 12, 1, 20, 11, 14, 11, 2, 9, 2, 25, 12, 45, 66, 4, 77, 0, 7, 5, 4, 57, 16, 4, 7, 0, 4, 3, 0, 23, 4, 11, 107, 13, 4, 7, 6, 30, 0, 15, 13, 16, 7, 16, 10, 10, 11, 24, 5, 3, 2, 7, 0, 89, 7, 0, 3, 63, 0, 3, 20, 3, 4, 16, 3, 4, 8, 1, 15, 1, 6, 136, 6, 4, 3, 6, 29, 0, 2, 14, 6, 3, 3, 15, 80, 14, 12, 20, 26, 16, 6, 4, 13, 0, 4, 7, 0, 0, 19, 9, 17, 8, 21, 28, 4, 1, 17, 11, 16]",304
gpqa_diamond,gpqa_diamond:rec2UlKqC6RFHdcro,1,177,128,29,1,127,304,6,"[18, 13, 8, 1, 11, 1, 10, 14, 2, 24, 5, 10, 2, 6, 23, 2, 30, 2, 89, 21, 4, 5, 2, 7, 9, 7, 16, 9, 0, 2, 6, 1, 7, 9, 177, 12, 6, 12, 1, 12, 202, 11, 20, 6, 12, 58, 7, 1, 9, 6, 17, 4, 32, 4, 10, 10, 19, 1, 11, 4, 17, 5, 1, 12, 1, 5, 38, 0, 6, 5, 12, 15, 4, 11, 9, 13, 3, 1, 3, 0, 5, 6, 10, 1, 15, 23, 7, 13, 35, 30, 13, 18, 8, 0, 13, 11, 24, 17, 3, 8, 12, 9, 24, 2, 5, 16, 10, 1, 13, 0, 2, 0, 4, 11, 35, 4, 1, 3, 11, 2, 12, 9, 5, 28, 11, 4, 106, 23]",304
gpqa_diamond,gpqa_diamond:rec2UlKqC6RFHdcro,1,177,128,31,1,127,304,6,"[39, 1, 20, 23, 1, 3, 22, 11, 5, 12, 8, 12, 26, 5, 6, 0, 2, 1, 23, 22, 1, 9, 20, 67, 3, 21, 0, 32, 21, 1, 0, 2, 38, 12, 3, 21, 16, 8, 14, 10, 3, 1, 6, 21, 3, 17, 10, 26, 9, 4, 63, 8, 20, 1, 1, 2, 2, 13, 1, 5, 6, 39, 66, 5, 75, 1, 16, 213, 4, 10, 13, 6, 6, 2, 1, 9, 16, 40, 22, 1, 14, 4, 9, 14, 1, 5, 10, 32, 12, 10, 8, 16, 9, 22, 1, 8, 21, 12, 6, 22, 21, 23, 14, 0, 21, 12, 3, 1, 15, 3, 6, 34, 8, 0, 16, 1, 9, 2, 4, 17, 1, 6, 18, 8, 0, 5, 3, 29]",304
gpqa_diamond,gpqa_diamond:rec2UlKqC6RFHdcro,1,177,128,34,1,127,304,6,"[21, 90, 8, 0, 16, 17, 16, 41, 0, 18, 9, 8, 17, 40, 9, 14, 5, 15, 3, 3, 13, 0, 1, 9, 17, 22, 2, 18, 20, 24, 0, 9, 1, 13, 37, 15, 1, 7, 3, 7, 1, 12, 9, 31, 6, 4, 19, 40, 6, 0, 66, 2, 20, 7, 18, 0, 14, 3, 3, 7, 16, 22, 30, 10, 22, 1, 4, 84, 7, 2, 8, 19, 27, 32, 0, 0, 4, 0, 30, 206, 2, 11, 5, 3, 27, 1, 12, 7, 3, 2, 0, 6, 1, 20, 0, 35, 14, 40, 15, 18, 15, 10, 48, 24, 0, 1, 6, 10, 17, 9, 10, 17, 9, 0, 3, 3, 0, 3, 2, 6, 6, 12, 2, 10, 8, 0, 7, 3]",304
gpqa_diamond,gpqa_diamond:rec2UlKqC6RFHdcro,1,177,128,36,1,127,304,6,"[12, 12, 2, 14, 7, 8, 0, 15, 1, 11, 2, 0, 9, 0, 19, 9, 10, 12, 8, 1, 13, 0, 7, 19, 11, 8, 6, 36, 19, 13, 18, 17, 130, 9, 36, 2, 27, 11, 8, 10, 67, 7, 16, 0, 2, 2, 28, 0, 0, 1, 9, 10, 5, 8, 24, 3, 19, 14, 9, 10, 6, 3, 16, 32, 6, 10, 7, 0, 15, 262, 2, 3, 11, 22, 5, 15, 7, 8, 16, 6, 7, 4, 5, 27, 18, 8, 0, 1, 38, 7, 0, 7, 14, 27, 13, 5, 13, 2, 26, 32, 4, 2, 1, 1, 32, 20, 9, 9, 21, 15, 5, 29, 10, 10, 3, 13, 5, 32, 2, 15, 33, 11, 3, 22, 8, 8, 8, 1]",304
gpqa_diamond,gpqa_diamond:rec2UlKqC6RFHdcro,1,177,128,38,1,127,304,6,"[1, 1, 0, 4, 8, 6, 0, 8, 0, 1, 0, 12, 0, 6, 0, 2, 9, 9, 4, 15, 8, 6, 0, 153, 18, 6, 6, 5, 1, 20, 1, 6, 2, 12, 10, 13, 5, 24, 2, 17, 9, 2, 5, 22, 26, 7, 19, 47, 4, 7, 4, 13, 5, 21, 33, 32, 0, 6, 3, 0, 5, 18, 7, 7, 4, 0, 253, 7, 18, 2, 6, 14, 8, 1, 6, 4, 3, 6, 1, 35, 4, 1, 10, 17, 3, 32, 6, 3, 7, 4, 16, 12, 3, 0, 13, 2, 5, 5, 14, 8, 7, 81, 20, 12, 1, 17, 4, 0, 7, 27, 3, 1, 15, 55, 1, 9, 14, 6, 13, 25, 247, 1, 2, 4, 9, 6, 1, 0]",304
gpqa_diamond,gpqa_diamond:rec2UlKqC6RFHdcro,1,177,128,40,1,127,304,6,"[5, 1, 10, 5, 9, 5, 2, 6, 40, 80, 7, 2, 2, 0, 6, 0, 2, 0, 9, 1, 1, 1, 8, 9, 0, 14, 19, 1, 14, 0, 15, 181, 1, 15, 92, 8, 22, 3, 16, 0, 2, 9, 1, 9, 38, 3, 10, 23, 40, 17, 8, 1, 7, 5, 2, 5, 47, 3, 28, 13, 0, 6, 18, 7, 4, 191, 84, 13, 1, 8, 14, 0, 11, 11, 17, 4, 0, 9, 2, 4, 1, 26, 4, 8, 0, 9, 31, 7, 2, 6, 9, 5, 61, 10, 1, 20, 4, 9, 0, 31, 0, 5, 72, 7, 33, 6, 9, 8, 14, 0, 3, 5, 13, 8, 5, 4, 2, 2, 11, 4, 7, 2, 1, 10, 2, 5, 5, 50]",304
gpqa_diamond,gpqa_diamond:rec2UlKqC6RFHdcro,1,177,128,43,1,127,304,6,"[2, 5, 0, 2, 46, 12, 17, 20, 56, 4, 13, 3, 7, 0, 0, 11, 13, 41, 10, 3, 7, 6, 1, 10, 0, 4, 17, 4, 16, 11, 1, 3, 0, 2, 1, 3, 37, 11, 85, 2, 6, 24, 1, 26, 15, 2, 7, 4, 5, 0, 6, 8, 29, 16, 17, 12, 193, 1, 21, 4, 1, 15, 0, 2, 11, 2, 2, 4, 25, 9, 9, 4, 13, 21, 13, 14, 15, 1, 2, 8, 4, 17, 117, 11, 7, 6, 1, 41, 19, 7, 6, 2, 0, 67, 11, 6, 4, 8, 2, 25, 6, 7, 0, 0, 12, 5, 6, 10, 21, 20, 3, 16, 11, 4, 6, 22, 8, 1, 16, 1, 2, 12, 6, 191, 2, 6, 12, 3]",304
gpqa_diamond,gpqa_diamond:rec2UlKqC6RFHdcro,1,177,128,45,1,127,304,6,"[13, 1, 19, 6, 14, 18, 9, 1, 0, 6, 9, 28, 11, 13, 4, 8, 25, 15, 7, 92, 1, 1, 1, 9, 14, 22, 10, 10, 1, 2, 10, 17, 7, 7, 14, 2, 18, 16, 13, 11, 5, 67, 22, 0, 8, 15, 9, 18, 4, 4, 38, 41, 13, 10, 5, 50, 2, 11, 29, 12, 3, 5, 32, 12, 2, 3, 10, 3, 61, 8, 3, 9, 2, 8, 42, 14, 14, 28, 165, 3, 2, 19, 7, 12, 11, 8, 9, 14, 9, 4, 8, 12, 0, 22, 6, 4, 3, 46, 7, 4, 4, 13, 12, 20, 32, 3, 15, 12, 3, 14, 12, 1, 21, 10, 3, 0, 6, 1, 20, 35, 10, 10, 6, 14, 9, 32, 17, 7]",304
gpqa_diamond,gpqa_diamond:rec2UlKqC6RFHdcro,1,177,128,47,1,127,304,6,"[71, 13, 8, 21, 5, 9, 10, 8, 30, 22, 6, 12, 27, 2, 13, 3, 7, 22, 40, 8, 6, 13, 4, 1, 14, 5, 9, 3, 0, 6, 8, 16, 3, 3, 23, 8, 26, 30, 0, 6, 53, 11, 3, 44, 10, 9, 9, 9, 11, 6, 13, 3, 9, 1, 7, 5, 64, 10, 8, 35, 22, 11, 21, 20, 23, 4, 88, 15, 10, 16, 4, 14, 5, 17, 12, 154, 3, 4, 4, 15, 10, 5, 11, 5, 9, 2, 6, 0, 4, 15, 13, 3, 11, 9, 11, 17, 56, 25, 2, 4, 19, 10, 9, 7, 10, 5, 1, 25, 8, 0, 8, 24, 9, 12, 3, 15, 4, 8, 6, 21, 11, 2, 4, 3, 15, 9, 25, 30]",304
gpqa_diamond,gpqa_diamond:rec2UlKqC6RFHdcro,1,177,128,49,1,127,304,6,"[18, 211, 22, 2, 2, 0, 17, 14, 15, 1, 4, 21, 19, 39, 10, 19, 20, 15, 9, 11, 3, 24, 2, 3, 4, 14, 8, 1, 16, 8, 31, 10, 30, 10, 27, 14, 9, 15, 1, 0, 3, 2, 12, 12, 27, 4, 19, 16, 19, 14, 14, 1, 4, 21, 10, 7, 17, 41, 13, 2, 0, 14, 31, 14, 12, 22, 18, 33, 13, 14, 15, 11, 13, 10, 15, 4, 6, 7, 0, 2, 10, 6, 23, 11, 3, 5, 6, 7, 5, 12, 85, 0, 13, 10, 42, 7, 9, 50, 4, 13, 1, 8, 2, 0, 16, 15, 5, 13, 17, 4, 11, 2, 2, 10, 18, 9, 35, 1, 10, 1, 39, 8, 21, 18, 9, 6, 6, 5]",304
gpqa_diamond,gpqa_diamond:rec2UlKqC6RFHdcro,1,177,128,51,1,127,304,6,"[0, 15, 29, 9, 5, 1, 19, 15, 16, 59, 5, 0, 11, 7, 4, 13, 7, 14, 14, 25, 7, 2, 11, 13, 10, 16, 19, 21, 14, 5, 3, 11, 10, 8, 7, 20, 31, 8, 7, 4, 9, 32, 12, 10, 15, 46, 6, 7, 23, 101, 9, 12, 6, 30, 56, 25, 5, 13, 13, 1, 5, 17, 19, 7, 11, 3, 11, 9, 20, 8, 18, 8, 4, 23, 12, 11, 13, 15, 3, 66, 26, 24, 13, 7, 26, 31, 15, 10, 6, 12, 21, 2, 11, 9, 12, 16, 35, 18, 7, 13, 44, 5, 4, 8, 8, 12, 11, 2, 10, 20, 14, 8, 18, 16, 7, 8, 3, 22, 9, 7, 10, 7, 4, 19, 1, 17, 7, 0]",304
gpqa_diamond,gpqa_diamond:rec2ZTsqazBZ3LTWZ,1,456,128,1,1,127,583,6,"[43, 25, 27, 58, 13, 19, 3, 48, 39, 40, 13, 16, 69, 27, 25, 38, 37, 11, 20, 11, 28, 20, 18, 23, 30, 29, 29, 15, 16, 27, 18, 34, 20, 26, 33, 38, 19, 16, 14, 22, 23, 31, 39, 13, 55, 6, 19, 19, 33, 9, 34, 59, 35, 15, 44, 19, 54, 10, 8, 31, 8, 39, 40, 20, 27, 22, 29, 31, 37, 22, 37, 27, 42, 25, 12, 16, 22, 63, 49, 60, 20, 15, 28, 36, 16, 32, 19, 9, 38, 17, 33, 25, 44, 4, 28, 29, 21, 23, 14, 17, 15, 69, 24, 81, 10, 30, 64, 45, 23, 27, 26, 23, 8, 38, 14, 24, 18, 18, 16, 32, 47, 18, 13, 39, 20, 19, 7, 21]",583
gpqa_diamond,gpqa_diamond:rec2ZTsqazBZ3LTWZ,1,456,128,3,1,127,583,6,"[13, 60, 17, 11, 36, 19, 35, 97, 16, 0, 19, 22, 40, 11, 64, 24, 10, 7, 30, 11, 47, 22, 33, 50, 11, 22, 25, 36, 10, 18, 27, 17, 11, 55, 15, 5, 19, 20, 7, 12, 10, 5, 22, 46, 16, 8, 67, 20, 45, 60, 20, 9, 17, 20, 33, 112, 7, 3, 74, 5, 43, 33, 51, 16, 59, 33, 47, 10, 0, 23, 34, 12, 24, 23, 38, 81, 27, 6, 32, 19, 20, 39, 15, 0, 4, 79, 9, 14, 10, 12, 13, 9, 25, 41, 30, 73, 16, 16, 12, 4, 48, 40, 22, 27, 9, 19, 26, 24, 39, 16, 76, 48, 38, 5, 36, 54, 10, 36, 21, 17, 29, 7, 76, 8, 21, 16, 26, 49]",583
gpqa_diamond,gpqa_diamond:rec2ZTsqazBZ3LTWZ,1,456,128,6,1,127,583,6,"[12, 15, 16, 50, 43, 5, 2, 32, 25, 20, 66, 16, 27, 31, 22, 14, 185, 4, 59, 26, 18, 24, 53, 47, 21, 11, 26, 19, 8, 34, 23, 15, 2, 17, 22, 6, 14, 19, 11, 21, 26, 33, 12, 10, 14, 26, 37, 19, 0, 158, 17, 2, 14, 22, 26, 31, 22, 14, 18, 26, 55, 18, 3, 11, 5, 21, 6, 18, 0, 6, 7, 31, 8, 32, 9, 22, 18, 3, 21, 32, 52, 46, 24, 8, 21, 19, 47, 3, 2, 20, 22, 21, 35, 9, 9, 19, 14, 9, 51, 7, 20, 19, 43, 27, 7, 61, 196, 19, 25, 17, 30, 30, 7, 254, 18, 6, 34, 17, 49, 44, 58, 18, 19, 37, 8, 24, 17, 22]",583
gpqa_diamond,gpqa_diamond:rec2ZTsqazBZ3LTWZ,1,456,128,8,1,127,583,6,"[11, 34, 93, 0, 11, 25, 0, 2, 1, 27, 4, 30, 11, 4, 9, 124, 7, 15, 13, 16, 36, 5, 13, 1, 11, 194, 17, 352, 139, 34, 5, 25, 13, 0, 1, 46, 10, 115, 32, 182, 3, 12, 14, 9, 10, 17, 21, 0, 22, 4, 14, 3, 2, 11, 10, 0, 14, 0, 1, 36, 1, 18, 9, 20, 8, 44, 70, 10, 6, 7, 0, 1, 19, 0, 17, 18, 21, 45, 4, 3, 25, 0, 0, 0, 24, 11, 0, 40, 7, 14, 72, 9, 42, 3, 9, 47, 8, 7, 6, 8, 23, 14, 6, 16, 37, 8, 24, 9, 4, 55, 1, 16, 0, 8, 15, 18, 21, 6, 32, 18, 118, 6, 461, 30, 10, 13, 1, 4]",583
gpqa_diamond,gpqa_diamond:rec2ZTsqazBZ3LTWZ,1,456,128,10,1,127,583,6,"[4, 0, 7, 1, 25, 2, 11, 1, 0, 233, 11, 1, 16, 0, 2, 33, 4, 0, 16, 19, 15, 22, 0, 3, 154, 0, 103, 27, 5, 0, 8, 3, 3, 3, 233, 173, 4, 17, 4, 53, 17, 12, 4, 0, 26, 17, 0, 31, 178, 0, 35, 9, 21, 12, 53, 51, 7, 19, 24, 3, 5, 6, 19, 137, 45, 15, 1, 102, 12, 24, 28, 30, 70, 9, 2, 52, 10, 8, 21, 25, 3, 27, 9, 0, 1, 25, 14, 4, 7, 18, 4, 36, 76, 29, 211, 3, 24, 44, 65, 141, 4, 12, 13, 19, 1, 11, 0, 0, 1, 0, 15, 55, 75, 7, 16, 3, 13, 10, 4, 0, 7, 7, 4, 27, 12, 19, 43, 23]",583
gpqa_diamond,gpqa_diamond:rec2ZTsqazBZ3LTWZ,1,456,128,13,1,127,583,6,"[49, 29, 7, 48, 2, 130, 35, 14, 72, 2, 3, 244, 2, 13, 5, 12, 13, 68, 5, 56, 12, 74, 10, 34, 11, 70, 76, 6, 11, 6, 15, 0, 2, 1, 107, 4, 30, 30, 138, 1, 6, 22, 28, 2, 19, 35, 1, 0, 124, 2, 5, 14, 2, 1, 1, 76, 7, 3, 15, 77, 2, 1, 63, 12, 18, 0, 37, 0, 1, 0, 2, 24, 0, 4, 29, 8, 18, 19, 0, 3, 3, 13, 10, 1, 31, 46, 232, 38, 45, 3, 5, 3, 13, 5, 1, 0, 1, 69, 28, 29, 44, 16, 24, 1, 15, 6, 14, 5, 1, 36, 6, 2, 31, 5, 202, 1, 9, 59, 10, 16, 21, 89, 16, 0, 90, 3, 26, 46]",583
gpqa_diamond,gpqa_diamond:rec2ZTsqazBZ3LTWZ,1,456,128,15,1,127,583,6,"[36, 0, 3, 13, 10, 27, 3, 22, 10, 19, 18, 3, 9, 8, 43, 24, 19, 1, 19, 7, 9, 20, 45, 3, 22, 2, 162, 8, 9, 10, 39, 21, 219, 28, 3, 9, 475, 9, 8, 83, 7, 209, 6, 8, 16, 17, 14, 3, 0, 38, 6, 8, 0, 4, 25, 33, 1, 4, 22, 1, 40, 182, 4, 210, 27, 31, 1, 3, 17, 70, 18, 16, 5, 13, 31, 31, 0, 5, 8, 0, 37, 8, 20, 4, 28, 23, 11, 0, 19, 11, 0, 31, 14, 4, 16, 3, 67, 10, 10, 3, 0, 1, 8, 0, 11, 39, 12, 3, 38, 8, 8, 8, 19, 19, 3, 10, 2, 19, 0, 5, 15, 3, 91, 25, 15, 179, 7, 19]",583
gpqa_diamond,gpqa_diamond:rec2ZTsqazBZ3LTWZ,1,456,128,17,1,127,583,6,"[15, 13, 3, 29, 43, 13, 6, 73, 28, 8, 5, 28, 47, 11, 86, 22, 27, 6, 26, 14, 1, 5, 5, 13, 25, 3, 12, 101, 7, 5, 8, 5, 63, 32, 25, 32, 80, 21, 17, 75, 19, 22, 10, 8, 26, 14, 3, 1, 0, 17, 53, 33, 43, 18, 3, 22, 7, 6, 13, 72, 31, 23, 14, 18, 104, 20, 35, 0, 33, 8, 0, 6, 20, 152, 60, 3, 9, 25, 11, 8, 70, 8, 6, 42, 3, 31, 57, 19, 16, 16, 6, 5, 29, 13, 15, 31, 10, 3, 23, 1, 8, 6, 22, 0, 7, 3, 2, 4, 11, 41, 5, 62, 198, 14, 9, 76, 408, 1, 20, 5, 3, 14, 31, 104, 2, 9, 12, 9]",583
gpqa_diamond,gpqa_diamond:rec2ZTsqazBZ3LTWZ,1,456,128,20,1,127,583,6,"[23, 60, 3, 39, 6, 5, 13, 32, 21, 69, 3, 17, 33, 19, 112, 7, 113, 22, 4, 43, 11, 350, 0, 6, 50, 11, 22, 6, 26, 16, 55, 4, 18, 7, 2, 10, 10, 2, 3, 7, 0, 1, 25, 2, 20, 13, 11, 0, 15, 7, 11, 24, 18, 7, 9, 12, 2, 7, 34, 0, 26, 33, 14, 104, 31, 25, 139, 0, 60, 0, 19, 54, 1, 0, 38, 11, 19, 22, 49, 11, 11, 2, 9, 2, 34, 163, 133, 67, 2, 11, 21, 118, 4, 21, 0, 21, 34, 3, 21, 1, 0, 0, 93, 4, 13, 79, 12, 34, 21, 4, 0, 21, 114, 16, 4, 42, 20, 15, 26, 4, 13, 8, 12, 67, 54, 9, 0, 1]",583
gpqa_diamond,gpqa_diamond:rec2ZTsqazBZ3LTWZ,1,456,128,22,1,127,583,6,"[15, 15, 31, 68, 18, 33, 21, 17, 55, 10, 20, 14, 16, 12, 66, 4, 32, 35, 3, 3, 37, 16, 29, 39, 17, 16, 22, 22, 7, 10, 3, 13, 44, 28, 5, 11, 47, 9, 6, 5, 28, 40, 32, 22, 26, 60, 0, 17, 28, 77, 26, 28, 27, 19, 26, 106, 43, 23, 119, 3, 12, 16, 18, 12, 39, 35, 4, 28, 12, 28, 38, 25, 50, 18, 10, 65, 41, 217, 0, 8, 5, 13, 7, 17, 25, 10, 11, 20, 14, 8, 28, 25, 2, 13, 24, 42, 15, 39, 21, 20, 48, 38, 0, 9, 70, 25, 25, 3, 43, 36, 44, 2, 103, 38, 0, 16, 0, 72, 9, 53, 26, 3, 32, 19, 81, 1, 39, 4]",583
gpqa_diamond,gpqa_diamond:rec2ZTsqazBZ3LTWZ,1,456,128,24,1,127,583,6,"[19, 6, 34, 21, 24, 23, 1, 0, 39, 10, 0, 11, 48, 4, 1, 15, 17, 29, 20, 20, 1, 22, 9, 1, 19, 38, 13, 15, 0, 51, 16, 421, 1, 13, 20, 6, 2, 12, 1, 167, 15, 105, 16, 18, 1, 40, 45, 8, 2, 33, 1, 6, 0, 18, 227, 0, 47, 8, 48, 2, 4, 4, 46, 11, 0, 10, 0, 12, 3, 8, 10, 30, 7, 4, 1, 20, 4, 20, 30, 16, 3, 15, 34, 5, 26, 6, 20, 94, 288, 0, 22, 10, 18, 52, 1, 10, 3, 18, 34, 16, 4, 2, 5, 37, 3, 3, 2, 7, 2, 10, 27, 0, 52, 2, 21, 22, 3, 6, 2, 11, 25, 38, 14, 393, 6, 3, 41, 32]",583
gpqa_diamond,gpqa_diamond:rec2ZTsqazBZ3LTWZ,1,456,128,27,1,127,583,6,"[96, 5, 61, 6, 28, 3, 31, 34, 44, 10, 32, 17, 10, 13, 37, 0, 6, 12, 17, 13, 0, 5, 5, 207, 36, 47, 18, 8, 19, 105, 31, 25, 39, 146, 2, 14, 17, 20, 20, 2, 62, 28, 0, 4, 25, 21, 5, 3, 19, 82, 57, 6, 52, 46, 40, 4, 15, 0, 21, 9, 16, 0, 31, 35, 9, 18, 44, 0, 10, 23, 32, 17, 129, 5, 0, 7, 128, 0, 4, 29, 7, 0, 3, 20, 4, 6, 0, 21, 4, 4, 195, 6, 10, 28, 5, 42, 3, 29, 16, 16, 3, 120, 16, 156, 26, 34, 5, 0, 41, 0, 45, 9, 6, 23, 4, 1, 11, 30, 2, 31, 28, 42, 5, 5, 3, 1, 80, 75]",583
gpqa_diamond,gpqa_diamond:rec2ZTsqazBZ3LTWZ,1,456,128,29,1,127,583,6,"[16, 13, 6, 1, 7, 8, 18, 14, 2, 1, 18, 24, 11, 14, 41, 15, 3, 16, 111, 31, 18, 14, 10, 19, 29, 61, 35, 16, 1, 18, 40, 15, 4, 6, 212, 8, 46, 24, 36, 24, 264, 46, 52, 29, 37, 56, 7, 13, 28, 15, 11, 25, 163, 5, 8, 5, 16, 7, 17, 11, 8, 9, 0, 32, 2, 60, 65, 4, 15, 5, 19, 62, 35, 48, 27, 11, 21, 4, 48, 295, 4, 17, 13, 3, 3, 18, 23, 34, 32, 55, 17, 19, 23, 6, 11, 19, 26, 19, 8, 13, 10, 16, 41, 7, 16, 19, 27, 0, 23, 7, 15, 3, 12, 6, 12, 14, 16, 6, 49, 4, 16, 38, 6, 62, 16, 10, 78, 15]",583
gpqa_diamond,gpqa_diamond:rec2ZTsqazBZ3LTWZ,1,456,128,31,1,127,583,6,"[13, 34, 15, 6, 1, 0, 15, 69, 10, 36, 2, 19, 10, 123, 44, 16, 11, 13, 15, 20, 0, 28, 15, 3, 5, 9, 6, 37, 33, 2, 255, 122, 44, 32, 2, 42, 19, 8, 20, 22, 70, 13, 23, 16, 5, 15, 42, 13, 33, 6, 28, 10, 22, 61, 4, 1, 0, 10, 6, 7, 3, 51, 29, 0, 23, 9, 35, 187, 106, 12, 29, 4, 35, 13, 17, 10, 33, 12, 36, 10, 16, 20, 12, 14, 0, 16, 17, 51, 24, 7, 11, 23, 21, 21, 2, 45, 37, 2, 40, 8, 31, 20, 22, 0, 11, 21, 8, 10, 16, 0, 37, 20, 13, 4, 52, 1, 2, 1, 9, 473, 9, 3, 19, 30, 38, 4, 24, 18]",583
gpqa_diamond,gpqa_diamond:rec2ZTsqazBZ3LTWZ,1,456,128,34,1,127,583,6,"[28, 109, 11, 0, 4, 16, 27, 63, 465, 18, 17, 15, 16, 49, 20, 15, 15, 13, 14, 11, 40, 88, 14, 16, 28, 36, 0, 51, 0, 35, 1, 42, 3, 19, 23, 15, 18, 30, 12, 12, 0, 9, 17, 11, 6, 3, 16, 17, 53, 23, 85, 25, 33, 9, 3, 1, 12, 3, 3, 22, 24, 22, 38, 21, 36, 6, 1, 155, 10, 0, 29, 20, 40, 19, 2, 9, 6, 2, 11, 1, 0, 35, 170, 12, 50, 6, 11, 8, 33, 2, 0, 101, 66, 17, 25, 61, 140, 42, 27, 22, 26, 14, 30, 28, 23, 2, 3, 31, 22, 10, 38, 22, 35, 0, 3, 17, 15, 14, 1, 9, 1, 11, 2, 6, 55, 2, 2, 36]",583
gpqa_diamond,gpqa_diamond:rec2ZTsqazBZ3LTWZ,1,456,128,36,1,127,583,6,"[19, 33, 0, 190, 12, 57, 0, 35, 23, 25, 1, 20, 85, 11, 134, 12, 89, 17, 17, 30, 50, 0, 20, 31, 13, 10, 38, 20, 22, 2, 12, 16, 20, 4, 51, 14, 28, 37, 28, 18, 70, 35, 10, 8, 19, 7, 15, 1, 6, 26, 0, 7, 8, 26, 12, 4, 180, 57, 19, 14, 20, 23, 12, 8, 4, 10, 1, 0, 57, 8, 30, 6, 1, 1, 88, 80, 39, 8, 64, 21, 1, 4, 6, 28, 25, 12, 20, 37, 1, 13, 12, 14, 17, 13, 5, 12, 49, 24, 22, 310, 11, 1, 0, 2, 32, 14, 29, 26, 20, 30, 23, 94, 16, 20, 11, 68, 6, 12, 73, 8, 12, 12, 49, 19, 0, 19, 17, 0]",583
gpqa_diamond,gpqa_diamond:rec2ZTsqazBZ3LTWZ,1,456,128,38,1,127,583,6,"[5, 8, 0, 13, 14, 78, 0, 7, 34, 17, 27, 1, 0, 6, 0, 3, 40, 16, 9, 41, 12, 84, 8, 11, 23, 10, 47, 3, 3, 31, 17, 62, 29, 3, 20, 33, 0, 16, 16, 2, 5, 6, 26, 2, 43, 1, 39, 26, 34, 8, 6, 19, 5, 15, 49, 17, 11, 20, 17, 0, 14, 9, 11, 17, 5, 18, 33, 0, 26, 0, 106, 35, 26, 1, 22, 7, 3, 2, 19, 21, 6, 7, 13, 37, 9, 50, 10, 15, 22, 414, 32, 1, 42, 2, 7, 3, 13, 6, 29, 9, 17, 88, 40, 14, 0, 69, 10, 26, 17, 53, 9, 471, 52, 17, 3, 14, 44, 135, 25, 103, 1, 10, 9, 19, 4, 2, 2, 44]",583
gpqa_diamond,gpqa_diamond:rec2ZTsqazBZ3LTWZ,1,456,128,40,1,127,583,6,"[52, 0, 4, 7, 10, 63, 1, 10, 17, 99, 21, 52, 27, 2, 14, 0, 7, 8, 85, 10, 3, 1, 15, 13, 1, 53, 46, 0, 199, 8, 25, 2, 19, 15, 75, 20, 73, 3, 2, 3, 13, 14, 38, 4, 17, 7, 0, 23, 234, 19, 20, 2, 14, 6, 6, 48, 27, 15, 323, 4, 6, 5, 54, 23, 0, 3, 6, 24, 0, 32, 4, 5, 2, 11, 19, 7, 3, 1, 2, 26, 1, 39, 79, 1, 4, 35, 27, 5, 2, 4, 27, 89, 48, 1, 4, 55, 6, 10, 7, 8, 2, 8, 33, 25, 8, 16, 9, 42, 4, 0, 1, 1, 15, 2, 2, 47, 0, 6, 9, 95, 30, 31, 8, 1, 0, 2, 494, 23]",583
gpqa_diamond,gpqa_diamond:rec2ZTsqazBZ3LTWZ,1,456,128,43,1,127,583,6,"[19, 26, 0, 83, 65, 17, 12, 24, 12, 27, 13, 12, 28, 19, 10, 18, 43, 49, 1, 17, 28, 3, 0, 32, 0, 15, 12, 7, 31, 28, 6, 1, 16, 9, 63, 7, 53, 37, 111, 15, 30, 30, 10, 14, 1, 524, 36, 2, 27, 0, 3, 78, 28, 13, 45, 11, 0, 41, 22, 169, 11, 6, 1, 8, 9, 14, 2, 12, 17, 20, 49, 9, 16, 17, 11, 27, 45, 0, 25, 6, 37, 10, 103, 9, 9, 9, 3, 13, 38, 24, 4, 10, 18, 139, 12, 233, 14, 67, 13, 16, 0, 15, 12, 16, 6, 30, 26, 4, 33, 26, 1, 4, 20, 22, 11, 2, 13, 1, 28, 7, 19, 27, 14, 2, 3, 5, 7, 5]",583
gpqa_diamond,gpqa_diamond:rec2ZTsqazBZ3LTWZ,1,456,128,45,1,127,583,6,"[40, 111, 30, 8, 10, 29, 9, 18, 0, 3, 11, 46, 16, 15, 43, 15, 19, 20, 19, 19, 2, 38, 41, 16, 16, 31, 56, 11, 4, 1, 13, 18, 64, 3, 20, 2, 1, 24, 36, 34, 10, 71, 16, 9, 7, 23, 44, 13, 8, 0, 244, 30, 5, 43, 11, 1, 0, 49, 16, 12, 11, 2, 5, 112, 39, 192, 64, 10, 27, 11, 10, 7, 4, 21, 46, 36, 13, 5, 36, 1, 2, 42, 8, 15, 27, 8, 32, 7, 20, 3, 61, 20, 12, 28, 10, 24, 0, 15, 1, 9, 5, 11, 15, 28, 31, 7, 17, 22, 29, 14, 40, 25, 35, 6, 3, 390, 22, 18, 23, 33, 5, 1, 38, 11, 116, 18, 10, 5]",583
gpqa_diamond,gpqa_diamond:rec2ZTsqazBZ3LTWZ,1,456,128,47,1,127,583,6,"[11, 38, 16, 40, 9, 67, 55, 8, 52, 33, 12, 21, 24, 3, 31, 22, 56, 13, 0, 10, 6, 31, 95, 3, 52, 5, 41, 21, 11, 14, 11, 32, 15, 24, 32, 4, 54, 23, 1, 438, 55, 40, 1, 34, 13, 11, 8, 9, 26, 10, 13, 28, 13, 9, 18, 26, 51, 12, 92, 18, 14, 27, 13, 27, 22, 14, 4, 9, 10, 38, 7, 38, 3, 11, 46, 216, 4, 3, 19, 18, 4, 21, 0, 18, 29, 0, 19, 2, 32, 23, 1, 6, 21, 9, 13, 27, 21, 44, 8, 242, 31, 17, 18, 13, 17, 20, 4, 9, 32, 0, 7, 7, 27, 6, 10, 32, 13, 46, 10, 31, 19, 11, 13, 16, 16, 10, 19, 40]",583
gpqa_diamond,gpqa_diamond:rec2ZTsqazBZ3LTWZ,1,456,128,49,1,127,583,6,"[10, 0, 16, 14, 39, 4, 17, 5, 2, 0, 42, 28, 33, 73, 23, 55, 64, 23, 7, 42, 3, 8, 1, 2, 10, 20, 8, 1, 438, 5, 97, 41, 52, 14, 27, 17, 12, 21, 8, 0, 3, 1, 26, 10, 44, 38, 53, 17, 20, 14, 15, 1, 15, 7, 25, 33, 35, 60, 102, 16, 2, 37, 39, 26, 20, 13, 6, 21, 23, 14, 6, 155, 18, 3, 23, 3, 3, 2, 5, 28, 6, 103, 14, 14, 4, 18, 6, 6, 3, 19, 30, 0, 12, 43, 34, 46, 6, 3, 11, 35, 8, 14, 9, 36, 17, 19, 0, 5, 0, 423, 29, 8, 5, 6, 38, 31, 11, 4, 36, 9, 51, 7, 12, 10, 8, 0, 17, 8]",583
gpqa_diamond,gpqa_diamond:rec2ZTsqazBZ3LTWZ,1,456,128,51,1,127,583,6,"[16, 28, 13, 7, 26, 9, 65, 40, 3, 95, 5, 10, 64, 3, 31, 4, 20, 32, 31, 39, 21, 21, 34, 22, 22, 35, 15, 53, 63, 4, 4, 21, 35, 16, 19, 22, 45, 17, 10, 13, 4, 71, 47, 18, 30, 23, 39, 58, 16, 4, 20, 22, 15, 38, 80, 28, 4, 23, 21, 10, 5, 31, 37, 9, 11, 0, 23, 32, 142, 28, 21, 6, 18, 44, 21, 16, 28, 14, 24, 53, 15, 42, 21, 59, 65, 51, 26, 92, 26, 101, 15, 45, 42, 27, 25, 1, 18, 24, 12, 31, 71, 2, 5, 15, 7, 30, 34, 2, 23, 18, 16, 16, 22, 14, 28, 27, 2, 13, 32, 31, 36, 36, 5, 66, 1, 16, 18, 7]",583
gpqa_diamond,gpqa_diamond:rec2fsnzUuvNtUYK8,1,239,128,1,1,127,366,6,"[31, 1, 10, 25, 20, 29, 4, 73, 36, 38, 15, 19, 73, 16, 23, 57, 31, 8, 9, 3, 9, 19, 9, 18, 23, 20, 53, 1, 9, 9, 1, 24, 8, 11, 12, 5, 39, 45, 6, 20, 69, 32, 16, 19, 27, 16, 2, 4, 8, 14, 33, 10, 19, 3, 14, 6, 16, 10, 16, 8, 10, 67, 6, 6, 12, 9, 5, 20, 21, 17, 3, 10, 5, 9, 23, 0, 14, 37, 23, 13, 14, 6, 23, 6, 16, 27, 3, 6, 4, 17, 69, 3, 12, 12, 10, 5, 4, 3, 3, 21, 15, 21, 16, 9, 16, 9, 26, 51, 21, 7, 15, 7, 2, 16, 2, 28, 5, 17, 11, 5, 39, 11, 7, 18, 3, 14, 3, 24]",366
gpqa_diamond,gpqa_diamond:rec2fsnzUuvNtUYK8,1,239,128,3,1,127,366,6,"[46, 44, 14, 22, 8, 21, 30, 77, 10, 0, 13, 11, 15, 7, 4, 1, 13, 52, 11, 15, 43, 20, 67, 5, 1, 4, 1, 11, 9, 5, 0, 6, 0, 44, 1, 1, 6, 5, 12, 2, 46, 11, 11, 10, 11, 10, 41, 8, 32, 40, 2, 2, 26, 54, 39, 35, 1, 16, 37, 2, 28, 11, 32, 48, 35, 12, 65, 13, 0, 37, 20, 9, 31, 4, 16, 27, 7, 1, 21, 9, 7, 42, 14, 2, 1, 31, 7, 3, 10, 4, 2, 21, 3, 3, 8, 25, 16, 3, 3, 3, 18, 12, 0, 4, 1, 30, 66, 11, 38, 6, 18, 47, 0, 27, 12, 54, 3, 4, 15, 16, 16, 3, 41, 1, 5, 8, 5, 10]",366
gpqa_diamond,gpqa_diamond:rec2fsnzUuvNtUYK8,1,239,128,6,1,127,366,6,"[4, 6, 16, 11, 8, 0, 1, 3, 16, 5, 55, 2, 0, 23, 5, 11, 60, 0, 30, 29, 23, 257, 45, 8, 1, 7, 7, 7, 18, 5, 4, 12, 6, 14, 8, 11, 39, 47, 4, 2, 21, 9, 1, 6, 2, 5, 10, 5, 0, 108, 2, 11, 59, 6, 4, 16, 15, 14, 8, 7, 2, 56, 2, 6, 3, 38, 16, 0, 8, 6, 8, 9, 2, 2, 15, 2, 22, 1, 5, 11, 34, 41, 6, 2, 3, 4, 15, 2, 7, 8, 4, 16, 14, 27, 0, 1, 16, 5, 6, 12, 12, 20, 6, 14, 1, 30, 6, 6, 8, 26, 5, 40, 23, 289, 0, 6, 5, 4, 33, 10, 21, 3, 12, 4, 8, 14, 8, 26]",366
gpqa_diamond,gpqa_diamond:rec2fsnzUuvNtUYK8,1,239,128,8,1,127,366,6,"[13, 24, 11, 1, 2, 32, 3, 0, 5, 24, 9, 2, 12, 9, 6, 6, 1, 3, 7, 39, 20, 0, 2, 0, 12, 48, 5, 230, 206, 38, 2, 5, 225, 6, 21, 6, 18, 1, 56, 2, 12, 21, 9, 16, 35, 9, 22, 0, 19, 10, 7, 2, 9, 12, 21, 4, 8, 3, 0, 17, 6, 0, 0, 15, 1, 7, 54, 6, 5, 14, 8, 4, 11, 1, 11, 11, 12, 49, 17, 1, 79, 1, 2, 2, 13, 0, 2, 0, 4, 27, 1, 3, 21, 9, 13, 10, 85, 2, 5, 15, 24, 3, 2, 0, 16, 1, 1, 1, 1, 56, 0, 6, 3, 6, 1, 3, 19, 65, 18, 27, 1, 8, 3, 33, 14, 5, 1, 3]",366
gpqa_diamond,gpqa_diamond:rec2fsnzUuvNtUYK8,1,239,128,10,1,127,366,6,"[4, 46, 15, 7, 22, 24, 5, 6, 0, 6, 16, 9, 30, 1, 3, 43, 4, 2, 8, 1, 29, 9, 19, 4, 14, 0, 8, 9, 58, 0, 11, 4, 1, 5, 0, 0, 3, 20, 15, 91, 17, 27, 3, 4, 23, 59, 50, 51, 51, 1, 6, 6, 51, 327, 27, 0, 22, 36, 5, 1, 19, 4, 4, 4, 31, 2, 0, 89, 1, 42, 44, 6, 2, 3, 2, 26, 3, 12, 12, 18, 12, 4, 41, 0, 2, 62, 37, 4, 7, 4, 0, 5, 3, 6, 19, 3, 12, 42, 18, 23, 3, 2, 12, 7, 13, 12, 2, 0, 0, 1, 8, 28, 4, 0, 8, 4, 5, 0, 6, 7, 3, 6, 70, 8, 1, 10, 2, 27]",366
gpqa_diamond,gpqa_diamond:rec2fsnzUuvNtUYK8,1,239,128,13,1,127,366,6,"[56, 10, 15, 7, 1, 0, 15, 4, 2, 2, 8, 17, 0, 17, 6, 3, 1, 5, 0, 39, 7, 0, 3, 0, 12, 27, 87, 5, 15, 7, 10, 0, 11, 6, 53, 92, 3, 36, 111, 18, 5, 10, 64, 1, 35, 31, 6, 3, 2, 7, 0, 1, 1, 0, 3, 76, 15, 0, 3, 27, 11, 40, 46, 2, 14, 0, 21, 8, 1, 0, 2, 33, 9, 8, 32, 9, 24, 23, 0, 4, 3, 2, 3, 10, 2, 1, 13, 52, 10, 1, 0, 24, 8, 4, 4, 0, 27, 54, 8, 18, 71, 7, 4, 1, 46, 14, 1, 1, 0, 12, 7, 55, 0, 23, 231, 1, 17, 0, 6, 44, 62, 0, 23, 1, 10, 10, 17, 0]",366
gpqa_diamond,gpqa_diamond:rec2fsnzUuvNtUYK8,1,239,128,15,1,127,366,6,"[13, 0, 0, 11, 0, 2, 13, 1, 9, 3, 0, 4, 6, 11, 59, 15, 41, 3, 21, 4, 43, 4, 3, 6, 17, 3, 178, 24, 16, 3, 16, 1, 10, 25, 5, 4, 5, 0, 28, 4, 19, 88, 1, 6, 19, 8, 67, 0, 21, 6, 10, 3, 0, 7, 2, 10, 1, 17, 7, 9, 9, 0, 3, 77, 39, 0, 0, 0, 1, 0, 10, 23, 2, 5, 23, 14, 0, 4, 4, 0, 6, 2, 89, 5, 14, 4, 2, 0, 33, 20, 0, 9, 4, 0, 0, 73, 16, 23, 0, 1, 5, 0, 11, 0, 12, 157, 4, 85, 77, 2, 129, 41, 5, 14, 21, 13, 6, 8, 0, 4, 16, 7, 76, 11, 21, 32, 11, 1]",366
gpqa_diamond,gpqa_diamond:rec2fsnzUuvNtUYK8,1,239,128,17,1,127,366,6,"[10, 1, 4, 15, 12, 7, 0, 1, 7, 18, 3, 4, 33, 22, 45, 15, 6, 3, 0, 7, 2, 12, 3, 0, 10, 0, 50, 89, 7, 0, 22, 3, 19, 14, 38, 1, 7, 19, 1, 25, 16, 2, 1, 1, 18, 26, 1, 0, 1, 9, 0, 0, 32, 14, 9, 0, 10, 4, 28, 35, 54, 0, 14, 0, 0, 18, 28, 1, 23, 0, 0, 0, 10, 73, 95, 2, 1, 8, 0, 0, 31, 1, 0, 11, 1, 4, 17, 5, 4, 8, 15, 26, 10, 1, 11, 1, 12, 13, 27, 0, 3, 3, 103, 1, 1, 5, 2, 72, 6, 29, 1, 58, 264, 5, 1, 79, 159, 0, 21, 3, 1, 37, 11, 30, 1, 7, 8, 18]",366
gpqa_diamond,gpqa_diamond:rec2fsnzUuvNtUYK8,1,239,128,20,1,127,366,6,"[13, 0, 0, 10, 0, 7, 3, 5, 7, 14, 213, 5, 14, 45, 1, 5, 51, 0, 6, 25, 0, 6, 0, 5, 2, 1, 0, 25, 38, 8, 5, 0, 70, 5, 7, 0, 0, 9, 1, 10, 0, 49, 13, 0, 6, 11, 0, 19, 3, 0, 246, 43, 7, 4, 46, 8, 26, 7, 104, 0, 11, 6, 12, 19, 23, 0, 1, 0, 3, 9, 6, 15, 1, 0, 4, 9, 0, 10, 8, 40, 1, 0, 6, 24, 10, 5, 102, 28, 1, 12, 24, 27, 2, 0, 1, 13, 9, 5, 33, 0, 15, 0, 18, 1, 4, 119, 6, 22, 7, 4, 0, 12, 94, 15, 0, 52, 12, 4, 22, 1, 11, 2, 18, 42, 3, 3, 19, 2]",366
gpqa_diamond,gpqa_diamond:rec2fsnzUuvNtUYK8,1,239,128,22,1,127,366,6,"[4, 26, 5, 101, 11, 0, 5, 3, 37, 1, 7, 3, 2, 0, 10, 0, 12, 64, 2, 1, 41, 4, 9, 2, 15, 12, 10, 5, 4, 10, 8, 1, 34, 1, 6, 24, 21, 3, 10, 7, 3, 28, 9, 8, 13, 23, 0, 2, 3, 68, 24, 1, 12, 0, 7, 174, 10, 15, 147, 3, 7, 4, 1, 20, 19, 37, 8, 14, 1, 6, 51, 13, 43, 31, 0, 0, 4, 46, 0, 6, 2, 7, 6, 29, 2, 8, 8, 9, 0, 101, 4, 20, 0, 6, 56, 8, 0, 6, 9, 4, 22, 185, 26, 11, 2, 1, 1, 1, 0, 43, 31, 2, 59, 0, 7, 3, 1, 13, 8, 0, 28, 1, 11, 3, 58, 3, 7, 2]",366
gpqa_diamond,gpqa_diamond:rec2fsnzUuvNtUYK8,1,239,128,24,1,127,366,6,"[4, 5, 5, 22, 16, 1, 4, 0, 3, 6, 42, 2, 55, 0, 2, 9, 6, 46, 9, 27, 7, 8, 12, 0, 1, 13, 73, 2, 0, 26, 15, 6, 1, 72, 4, 0, 0, 5, 0, 79, 4, 111, 1, 0, 0, 47, 23, 4, 9, 15, 1, 30, 4, 15, 24, 0, 11, 16, 12, 1, 26, 0, 14, 15, 0, 22, 0, 9, 9, 17, 6, 9, 2, 45, 4, 136, 1, 2, 48, 1, 20, 10, 6, 9, 3, 11, 8, 49, 244, 0, 17, 19, 9, 6, 5, 1, 3, 3, 1, 3, 13, 2, 1, 15, 5, 2, 33, 23, 8, 20, 9, 0, 19, 10, 15, 14, 19, 1, 1, 2, 1, 44, 10, 167, 12, 8, 23, 10]",366
gpqa_diamond,gpqa_diamond:rec2fsnzUuvNtUYK8,1,239,128,27,1,127,366,6,"[135, 8, 64, 60, 1, 92, 5, 10, 0, 4, 6, 2, 34, 23, 18, 13, 1, 2, 8, 8, 0, 6, 0, 20, 14, 41, 6, 9, 8, 2, 14, 2, 17, 49, 1, 0, 9, 4, 0, 1, 56, 8, 2, 0, 8, 5, 2, 2, 6, 0, 23, 13, 15, 7, 3, 9, 13, 0, 9, 16, 25, 2, 8, 36, 5, 5, 6, 70, 2, 6, 31, 0, 230, 3, 0, 5, 77, 0, 2, 0, 14, 0, 9, 34, 5, 6, 0, 12, 1, 6, 4, 16, 4, 15, 24, 12, 0, 3, 11, 1, 7, 25, 51, 168, 17, 7, 2, 0, 49, 0, 19, 17, 0, 0, 2, 1, 1, 92, 10, 7, 7, 29, 53, 5, 7, 5, 18, 13]",366
gpqa_diamond,gpqa_diamond:rec2fsnzUuvNtUYK8,1,239,128,29,1,127,366,6,"[15, 24, 2, 1, 0, 2, 1, 9, 2, 1, 34, 3, 9, 0, 37, 25, 2, 12, 40, 26, 1, 50, 3, 3, 6, 17, 34, 5, 0, 6, 10, 8, 0, 0, 8, 8, 80, 3, 3, 18, 39, 23, 72, 1, 46, 0, 0, 32, 12, 3, 18, 6, 83, 7, 11, 26, 2, 2, 2, 3, 21, 1, 0, 17, 2, 4, 21, 78, 13, 9, 19, 31, 5, 57, 3, 2, 10, 0, 15, 6, 1, 31, 5, 0, 1, 66, 11, 35, 34, 61, 26, 8, 4, 3, 6, 22, 10, 11, 1, 7, 18, 11, 23, 9, 6, 14, 4, 2, 7, 1, 3, 1, 1, 0, 13, 13, 1, 7, 46, 19, 14, 27, 2, 23, 165, 14, 194, 5]",366
gpqa_diamond,gpqa_diamond:rec2fsnzUuvNtUYK8,1,239,128,31,1,127,366,6,"[46, 21, 5, 10, 49, 0, 14, 12, 1, 7, 2, 20, 6, 12, 14, 5, 6, 26, 25, 16, 14, 8, 9, 4, 5, 7, 0, 45, 14, 3, 1, 5, 18, 43, 5, 3, 20, 0, 75, 13, 3, 11, 36, 8, 4, 20, 17, 23, 10, 4, 6, 7, 6, 9, 14, 1, 0, 4, 1, 8, 13, 39, 8, 37, 8, 1, 32, 219, 4, 10, 6, 29, 5, 9, 1, 1, 10, 1, 15, 13, 15, 41, 1, 22, 23, 1, 17, 47, 4, 63, 5, 1, 18, 5, 1, 75, 39, 6, 8, 5, 22, 39, 26, 4, 14, 2, 41, 2, 3, 19, 227, 11, 4, 0, 6, 8, 0, 3, 2, 28, 7, 0, 7, 6, 1, 9, 5, 61]",366
gpqa_diamond,gpqa_diamond:rec2fsnzUuvNtUYK8,1,239,128,34,1,127,366,6,"[1, 30, 5, 1, 14, 24, 10, 70, 2, 8, 12, 10, 14, 33, 8, 17, 1, 71, 6, 0, 8, 10, 11, 28, 34, 44, 0, 72, 0, 7, 0, 10, 2, 0, 0, 0, 0, 7, 1, 3, 6, 18, 9, 5, 2, 3, 38, 45, 12, 8, 75, 6, 13, 4, 5, 0, 15, 13, 0, 4, 7, 19, 25, 0, 44, 7, 0, 74, 4, 3, 32, 59, 47, 22, 55, 0, 2, 0, 148, 288, 1, 2, 0, 6, 12, 0, 0, 1, 24, 0, 2, 4, 1, 17, 1, 53, 81, 42, 0, 14, 16, 25, 2, 35, 1, 0, 3, 3, 14, 5, 5, 9, 17, 0, 4, 2, 3, 2, 0, 2, 3, 6, 3, 73, 8, 0, 0, 3]",366
gpqa_diamond,gpqa_diamond:rec2fsnzUuvNtUYK8,1,239,128,36,1,127,366,6,"[13, 8, 1, 12, 8, 21, 1, 2, 3, 67, 0, 6, 65, 0, 45, 10, 37, 4, 17, 5, 11, 0, 4, 7, 40, 74, 44, 17, 41, 7, 4, 25, 17, 4, 0, 6, 18, 7, 58, 18, 41, 8, 7, 0, 0, 5, 3, 0, 8, 2, 3, 0, 1, 5, 27, 19, 40, 13, 8, 6, 0, 13, 13, 9, 2, 0, 6, 54, 53, 3, 3, 2, 0, 6, 8, 23, 8, 27, 14, 247, 0, 0, 2, 18, 22, 18, 9, 4, 0, 4, 3, 9, 1, 29, 4, 4, 13, 2, 34, 124, 9, 0, 5, 0, 37, 16, 66, 32, 25, 18, 0, 33, 5, 15, 3, 26, 32, 16, 6, 19, 22, 49, 17, 20, 5, 3, 3, 0]",366
gpqa_diamond,gpqa_diamond:rec2fsnzUuvNtUYK8,1,239,128,38,1,127,366,6,"[11, 92, 1, 0, 11, 12, 1, 46, 0, 1, 35, 26, 3, 5, 0, 0, 7, 10, 11, 8, 9, 7, 3, 0, 47, 5, 240, 4, 24, 17, 0, 15, 22, 2, 18, 4, 0, 18, 1, 4, 15, 7, 10, 12, 34, 0, 29, 20, 1, 11, 5, 11, 1, 7, 1, 37, 3, 21, 18, 0, 42, 15, 5, 22, 2, 1, 108, 0, 20, 4, 2, 8, 14, 158, 2, 6, 7, 5, 14, 4, 1, 0, 2, 10, 16, 70, 3, 23, 30, 8, 14, 1, 7, 3, 8, 7, 2, 0, 6, 4, 25, 84, 37, 5, 11, 34, 1, 0, 11, 23, 4, 7, 44, 14, 1, 9, 10, 85, 76, 32, 6, 8, 2, 7, 5, 16, 4, 18]",366
gpqa_diamond,gpqa_diamond:rec2fsnzUuvNtUYK8,1,239,128,40,1,127,366,6,"[18, 0, 28, 3, 10, 8, 2, 6, 45, 83, 37, 19, 11, 0, 3, 3, 12, 2, 16, 8, 1, 1, 0, 4, 18, 34, 1, 0, 4, 1, 35, 4, 0, 8, 36, 14, 20, 3, 0, 7, 4, 12, 2, 2, 10, 9, 1, 10, 5, 27, 17, 4, 19, 4, 255, 2, 0, 47, 23, 4, 0, 13, 33, 11, 1, 0, 19, 8, 0, 13, 8, 100, 5, 15, 11, 2, 2, 1, 0, 0, 0, 35, 294, 0, 2, 4, 8, 29, 0, 72, 3, 12, 55, 1, 29, 19, 6, 7, 96, 2, 13, 1, 6, 16, 11, 14, 31, 2, 3, 0, 1, 6, 66, 3, 1, 10, 0, 2, 1, 10, 56, 1, 1, 0, 1, 2, 1, 59]",366
gpqa_diamond,gpqa_diamond:rec2fsnzUuvNtUYK8,1,239,128,43,1,127,366,6,"[10, 13, 2, 30, 12, 16, 21, 9, 1, 10, 17, 8, 4, 13, 1, 2, 7, 10, 0, 2, 0, 4, 0, 10, 0, 19, 54, 6, 25, 19, 0, 0, 4, 37, 260, 7, 42, 31, 30, 8, 7, 25, 6, 7, 7, 5, 3, 3, 16, 1, 2, 52, 9, 6, 67, 28, 19, 38, 5, 27, 3, 6, 2, 3, 37, 49, 2, 9, 28, 1, 3, 3, 23, 26, 2, 4, 17, 13, 2, 5, 8, 7, 77, 6, 15, 6, 6, 43, 6, 19, 5, 5, 0, 166, 2, 1, 10, 194, 1, 3, 0, 2, 1, 0, 3, 8, 1, 11, 46, 69, 0, 5, 32, 3, 5, 2, 6, 1, 8, 6, 18, 13, 1, 0, 3, 2, 11, 44]",366
gpqa_diamond,gpqa_diamond:rec2fsnzUuvNtUYK8,1,239,128,45,1,127,366,6,"[28, 49, 62, 11, 8, 4, 10, 13, 0, 9, 6, 30, 5, 2, 35, 4, 2, 29, 12, 85, 0, 22, 135, 6, 7, 12, 6, 20, 8, 5, 17, 21, 25, 48, 38, 2, 4, 2, 12, 10, 35, 27, 26, 3, 17, 19, 12, 9, 16, 18, 41, 7, 4, 54, 3, 1, 2, 2, 12, 58, 4, 0, 31, 12, 15, 14, 6, 6, 7, 2, 1, 13, 6, 13, 47, 14, 17, 7, 11, 2, 1, 2, 18, 5, 2, 47, 20, 8, 0, 9, 14, 40, 1, 19, 11, 2, 1, 1, 24, 0, 3, 8, 55, 69, 26, 4, 3, 32, 0, 7, 23, 12, 32, 10, 2, 18, 5, 1, 15, 29, 7, 3, 1, 151, 29, 8, 17, 3]",366
gpqa_diamond,gpqa_diamond:rec2fsnzUuvNtUYK8,1,239,128,47,1,127,366,6,"[17, 26, 5, 15, 24, 4, 6, 6, 12, 100, 35, 59, 45, 3, 6, 0, 13, 15, 18, 9, 10, 17, 11, 1, 40, 13, 21, 10, 11, 4, 8, 17, 5, 2, 66, 5, 79, 1, 1, 5, 6, 3, 2, 4, 9, 7, 1, 7, 24, 7, 12, 6, 8, 18, 8, 6, 88, 36, 105, 12, 7, 15, 7, 33, 14, 0, 27, 24, 6, 13, 10, 24, 4, 10, 38, 32, 1, 7, 13, 19, 5, 5, 1, 6, 14, 2, 5, 4, 9, 3, 0, 2, 5, 9, 49, 17, 0, 15, 3, 190, 33, 52, 11, 2, 10, 8, 3, 17, 25, 3, 16, 5, 35, 3, 1, 32, 20, 24, 11, 4, 5, 4, 6, 6, 18, 2, 40, 38]",366
gpqa_diamond,gpqa_diamond:rec2fsnzUuvNtUYK8,1,239,128,49,1,127,366,6,"[19, 12, 15, 3, 2, 29, 5, 19, 12, 6, 8, 29, 5, 29, 18, 49, 83, 23, 2, 6, 4, 11, 11, 11, 8, 15, 0, 0, 269, 4, 40, 8, 14, 7, 36, 2, 20, 16, 1, 11, 1, 0, 26, 14, 12, 5, 9, 7, 16, 14, 10, 0, 3, 8, 28, 14, 20, 35, 10, 1, 1, 25, 52, 26, 2, 8, 18, 26, 7, 6, 16, 77, 22, 8, 10, 6, 2, 13, 2, 1, 3, 10, 65, 31, 3, 6, 0, 3, 23, 34, 17, 1, 20, 63, 15, 22, 19, 7, 1, 8, 4, 21, 0, 1, 52, 13, 1, 15, 14, 6, 2, 2, 14, 6, 21, 61, 12, 10, 7, 14, 84, 0, 13, 14, 19, 7, 4, 5]",366
gpqa_diamond,gpqa_diamond:rec2fsnzUuvNtUYK8,1,239,128,51,1,127,366,6,"[8, 17, 14, 8, 1, 1, 7, 21, 1, 94, 19, 3, 3, 4, 5, 9, 11, 8, 47, 13, 10, 22, 46, 8, 4, 26, 4, 18, 24, 2, 15, 5, 7, 7, 2, 23, 16, 2, 5, 16, 10, 21, 32, 36, 8, 6, 2, 19, 7, 2, 8, 13, 6, 46, 8, 7, 7, 16, 18, 6, 7, 32, 13, 1, 12, 6, 0, 9, 14, 4, 14, 7, 11, 11, 23, 6, 12, 12, 5, 83, 34, 32, 13, 11, 65, 94, 8, 5, 15, 16, 13, 0, 13, 12, 13, 3, 4, 10, 3, 45, 84, 1, 17, 5, 19, 40, 4, 7, 12, 7, 3, 48, 11, 50, 52, 56, 3, 3, 22, 50, 79, 13, 0, 19, 10, 13, 37, 6]",366
gpqa_diamond,gpqa_diamond:rec32C1ZEapBnCC0E,1,229,128,1,1,127,356,6,"[23, 18, 14, 6, 13, 21, 12, 19, 28, 19, 11, 24, 54, 21, 20, 26, 12, 1, 11, 5, 23, 30, 13, 9, 23, 18, 8, 8, 6, 22, 15, 20, 13, 21, 16, 14, 21, 31, 7, 14, 16, 18, 33, 6, 36, 17, 30, 14, 6, 3, 26, 7, 6, 16, 33, 30, 29, 5, 2, 16, 11, 23, 18, 0, 20, 7, 11, 16, 21, 12, 11, 13, 12, 15, 16, 8, 10, 21, 32, 14, 18, 6, 9, 25, 30, 10, 12, 2, 19, 7, 17, 8, 33, 7, 9, 22, 22, 24, 29, 19, 10, 10, 20, 20, 12, 17, 24, 31, 12, 20, 21, 1, 17, 33, 8, 20, 20, 8, 16, 4, 23, 27, 25, 26, 25, 17, 5, 6]",356
gpqa_diamond,gpqa_diamond:rec32C1ZEapBnCC0E,1,229,128,3,1,127,356,6,"[12, 35, 12, 7, 21, 18, 20, 46, 14, 21, 12, 15, 26, 4, 35, 11, 7, 35, 25, 5, 13, 1, 12, 22, 4, 4, 7, 5, 4, 19, 4, 13, 7, 21, 14, 11, 9, 23, 12, 9, 5, 11, 18, 36, 8, 8, 21, 7, 24, 25, 14, 25, 9, 18, 2, 40, 9, 11, 31, 4, 12, 3, 21, 17, 36, 18, 7, 7, 26, 18, 48, 11, 10, 44, 35, 37, 29, 15, 13, 8, 9, 19, 3, 4, 16, 59, 25, 5, 5, 8, 12, 10, 26, 23, 15, 53, 0, 6, 16, 9, 30, 26, 1, 31, 4, 6, 12, 19, 17, 8, 36, 35, 22, 10, 14, 19, 6, 41, 29, 8, 14, 7, 27, 22, 9, 6, 5, 13]",356
gpqa_diamond,gpqa_diamond:rec32C1ZEapBnCC0E,1,229,128,6,1,127,356,6,"[11, 9, 9, 58, 16, 7, 1, 9, 2, 11, 8, 5, 20, 15, 11, 18, 72, 2, 53, 15, 22, 10, 17, 53, 4, 29, 14, 11, 0, 17, 89, 14, 5, 4, 10, 6, 14, 32, 8, 10, 17, 30, 7, 9, 11, 14, 16, 27, 1, 30, 27, 7, 5, 17, 32, 2, 20, 12, 23, 11, 11, 58, 15, 1, 7, 12, 18, 28, 1, 6, 5, 33, 20, 10, 10, 13, 10, 2, 12, 14, 23, 42, 20, 14, 23, 5, 24, 2, 2, 9, 6, 7, 17, 5, 8, 10, 23, 13, 32, 6, 20, 10, 16, 35, 31, 21, 109, 1, 20, 13, 50, 4, 1, 2, 3, 6, 3, 12, 34, 8, 28, 5, 10, 8, 25, 24, 8, 13]",356
gpqa_diamond,gpqa_diamond:rec32C1ZEapBnCC0E,1,229,128,8,1,127,356,6,"[10, 14, 104, 11, 17, 12, 3, 1, 0, 11, 26, 57, 304, 13, 18, 8, 16, 5, 7, 10, 23, 6, 0, 7, 1, 5, 14, 3, 0, 21, 1, 8, 1, 1, 0, 13, 7, 2, 2, 2, 3, 6, 6, 4, 42, 18, 18, 8, 30, 20, 18, 8, 5, 7, 16, 2, 7, 0, 1, 33, 14, 1, 0, 18, 2, 26, 60, 18, 6, 0, 40, 0, 21, 0, 21, 6, 15, 33, 9, 1, 22, 0, 2, 0, 6, 2, 0, 8, 87, 14, 20, 7, 22, 16, 53, 16, 22, 6, 12, 5, 14, 2, 3, 85, 15, 12, 9, 2, 1, 11, 2, 12, 0, 13, 12, 3, 4, 199, 24, 3, 22, 3, 2, 11, 6, 13, 19, 7]",356
gpqa_diamond,gpqa_diamond:rec32C1ZEapBnCC0E,1,229,128,10,1,127,356,6,"[6, 0, 3, 5, 45, 37, 8, 0, 0, 24, 17, 1, 5, 0, 2, 3, 22, 32, 7, 11, 18, 13, 0, 64, 0, 60, 0, 23, 0, 0, 8, 3, 6, 10, 3, 130, 5, 17, 10, 17, 15, 3, 1, 1, 23, 5, 0, 20, 176, 1, 21, 20, 6, 1, 1, 66, 10, 22, 9, 3, 9, 17, 5, 48, 20, 13, 14, 2, 0, 31, 19, 9, 2, 10, 1, 8, 37, 17, 7, 8, 48, 65, 4, 3, 2, 15, 4, 4, 7, 2, 3, 6, 5, 9, 5, 23, 9, 26, 59, 62, 13, 0, 9, 12, 4, 22, 7, 0, 1, 1, 9, 3, 27, 1, 10, 2, 1, 0, 292, 0, 15, 2, 1, 14, 3, 8, 2, 20]",356
gpqa_diamond,gpqa_diamond:rec32C1ZEapBnCC0E,1,229,128,13,1,127,356,6,"[16, 3, 3, 116, 3, 0, 11, 8, 245, 15, 2, 13, 0, 21, 18, 1, 21, 8, 0, 65, 11, 3, 2, 3, 6, 46, 20, 1, 16, 10, 19, 16, 7, 0, 174, 1, 22, 18, 3, 0, 13, 10, 18, 1, 13, 18, 1, 0, 51, 2, 0, 96, 1, 195, 2, 21, 3, 0, 12, 40, 0, 0, 57, 0, 5, 3, 14, 11, 1, 2, 1, 13, 0, 5, 36, 4, 14, 29, 6, 3, 39, 6, 6, 1, 1, 0, 8, 7, 3, 0, 0, 41, 5, 0, 0, 6, 4, 26, 0, 14, 1, 11, 19, 3, 15, 7, 10, 1, 10, 9, 0, 113, 7, 5, 8, 0, 4, 4, 10, 5, 0, 44, 16, 1, 3, 3, 9, 3]",356
gpqa_diamond,gpqa_diamond:rec32C1ZEapBnCC0E,1,229,128,15,1,127,356,6,"[9, 0, 0, 6, 1, 2, 1, 0, 9, 8, 7, 10, 1, 4, 5, 15, 6, 1, 6, 2, 11, 17, 1, 277, 12, 0, 90, 17, 4, 7, 2, 1, 43, 59, 4, 1, 3, 2, 17, 28, 7, 161, 1, 6, 1, 5, 8, 2, 0, 13, 30, 59, 0, 2, 3, 7, 5, 3, 2, 2, 9, 37, 3, 176, 16, 0, 7, 23, 61, 30, 2, 7, 4, 3, 14, 10, 0, 0, 1, 0, 5, 0, 57, 2, 18, 29, 1, 13, 25, 11, 3, 0, 8, 0, 11, 1, 7, 7, 15, 73, 0, 55, 7, 3, 11, 14, 7, 3, 15, 0, 28, 2, 4, 26, 3, 7, 40, 42, 0, 6, 15, 3, 84, 5, 7, 38, 9, 7]",356
gpqa_diamond,gpqa_diamond:rec32C1ZEapBnCC0E,1,229,128,17,1,127,356,6,"[16, 2, 2, 79, 27, 24, 3, 40, 3, 0, 3, 19, 31, 12, 3, 28, 14, 6, 6, 6, 4, 6, 5, 0, 21, 4, 3, 45, 14, 0, 8, 8, 26, 7, 2, 27, 115, 17, 3, 61, 19, 11, 2, 5, 10, 13, 2, 1, 0, 3, 0, 3, 6, 31, 1, 1, 2, 10, 5, 39, 35, 21, 14, 1, 140, 5, 25, 4, 37, 2, 0, 2, 12, 51, 26, 2, 13, 13, 9, 3, 31, 91, 11, 19, 0, 12, 27, 16, 8, 28, 5, 3, 10, 9, 9, 2, 6, 58, 17, 0, 1, 4, 18, 0, 6, 5, 4, 0, 13, 6, 7, 31, 76, 0, 4, 35, 27, 0, 34, 1, 0, 6, 7, 195, 1, 1, 7, 6]",356
gpqa_diamond,gpqa_diamond:rec32C1ZEapBnCC0E,1,229,128,20,1,127,356,6,"[4, 0, 3, 35, 1, 22, 8, 18, 5, 13, 45, 45, 17, 16, 0, 9, 124, 12, 4, 20, 0, 43, 0, 12, 1, 5, 49, 1, 11, 11, 16, 4, 19, 7, 6, 0, 1, 4, 7, 3, 0, 0, 32, 0, 11, 0, 3, 0, 0, 0, 109, 7, 4, 6, 8, 3, 0, 6, 12, 0, 15, 11, 18, 34, 19, 12, 19, 2, 17, 6, 14, 14, 1, 0, 13, 6, 22, 9, 3, 26, 1, 0, 12, 4, 14, 43, 39, 12, 0, 1, 18, 108, 1, 1, 1, 5, 11, 3, 10, 0, 69, 0, 57, 3, 2, 29, 11, 8, 14, 5, 6, 9, 104, 13, 0, 3, 24, 5, 8, 4, 11, 8, 11, 6, 147, 26, 187, 19]",356
gpqa_diamond,gpqa_diamond:rec32C1ZEapBnCC0E,1,229,128,22,1,127,356,6,"[3, 7, 8, 43, 16, 8, 12, 29, 25, 16, 8, 2, 8, 2, 123, 0, 35, 40, 0, 2, 35, 1, 14, 3, 9, 17, 12, 12, 7, 12, 2, 0, 16, 19, 1, 2, 19, 8, 5, 7, 17, 40, 14, 8, 30, 44, 0, 5, 20, 104, 15, 5, 36, 15, 14, 34, 18, 4, 105, 3, 24, 3, 13, 7, 8, 24, 6, 24, 15, 14, 25, 12, 11, 10, 8, 6, 17, 54, 0, 5, 3, 14, 14, 24, 5, 16, 5, 20, 11, 15, 14, 21, 17, 0, 17, 27, 7, 26, 12, 14, 48, 121, 0, 4, 4, 21, 17, 1, 6, 16, 34, 3, 57, 5, 0, 4, 0, 17, 10, 1, 4, 0, 17, 16, 22, 0, 18, 3]",356
gpqa_diamond,gpqa_diamond:rec32C1ZEapBnCC0E,1,229,128,24,1,127,356,6,"[5, 0, 0, 21, 22, 0, 4, 0, 59, 2, 0, 1, 26, 1, 0, 9, 7, 7, 0, 21, 1, 227, 15, 2, 1, 24, 11, 4, 0, 39, 36, 1, 16, 8, 26, 9, 0, 20, 0, 78, 0, 77, 10, 4, 0, 16, 10, 6, 0, 5, 2, 2, 2, 6, 186, 12, 15, 7, 2, 9, 4, 3, 15, 1, 1, 26, 2, 19, 7, 0, 7, 17, 2, 2, 2, 52, 33, 13, 34, 9, 1, 18, 32, 1, 8, 13, 11, 3, 10, 0, 3, 4, 6, 38, 5, 1, 15, 5, 1, 1, 3, 4, 1, 101, 6, 1, 10, 8, 1, 2, 32, 2, 14, 1, 10, 33, 2, 25, 6, 2, 4, 29, 11, 303, 0, 4, 21, 1]",356
gpqa_diamond,gpqa_diamond:rec32C1ZEapBnCC0E,1,229,128,27,1,127,356,6,"[27, 13, 49, 2, 13, 13, 22, 3, 26, 3, 19, 17, 1, 11, 24, 14, 0, 6, 12, 9, 0, 12, 1, 14, 6, 15, 9, 4, 18, 26, 26, 13, 36, 135, 18, 78, 16, 12, 6, 4, 34, 12, 7, 1, 2, 2, 5, 0, 8, 22, 38, 78, 24, 54, 4, 1, 39, 2, 16, 8, 0, 4, 16, 1, 11, 18, 4, 1, 7, 6, 21, 7, 1, 2, 2, 3, 49, 2, 2, 0, 1, 1, 8, 2, 4, 10, 0, 14, 1, 5, 286, 17, 9, 0, 10, 28, 0, 2, 9, 2, 0, 7, 23, 110, 16, 19, 12, 40, 18, 2, 7, 12, 1, 6, 0, 0, 0, 19, 7, 8, 11, 13, 1, 3, 0, 0, 17, 128]",356
gpqa_diamond,gpqa_diamond:rec32C1ZEapBnCC0E,1,229,128,29,1,127,356,6,"[15, 21, 4, 3, 7, 4, 1, 15, 1, 12, 11, 13, 8, 2, 25, 9, 34, 3, 97, 11, 15, 6, 3, 8, 16, 27, 23, 12, 0, 12, 10, 6, 1, 8, 35, 19, 29, 10, 11, 15, 248, 3, 15, 15, 24, 86, 3, 8, 22, 12, 16, 10, 71, 5, 16, 5, 4, 2, 18, 4, 14, 1, 0, 9, 2, 53, 37, 2, 8, 0, 15, 14, 6, 17, 11, 5, 10, 3, 6, 9, 47, 10, 9, 1, 1, 9, 9, 14, 31, 32, 17, 18, 9, 10, 15, 31, 19, 20, 21, 8, 14, 8, 31, 1, 14, 17, 17, 1, 16, 1, 3, 8, 2, 19, 3, 3, 3, 2, 16, 1, 15, 12, 11, 106, 7, 2, 84, 17]",356
gpqa_diamond,gpqa_diamond:rec32C1ZEapBnCC0E,1,229,128,31,1,127,356,6,"[10, 10, 12, 7, 2, 20, 16, 15, 6, 30, 3, 9, 28, 72, 40, 0, 0, 3, 19, 6, 18, 10, 19, 14, 3, 8, 3, 30, 12, 1, 111, 20, 40, 32, 3, 38, 14, 64, 18, 19, 120, 1, 7, 7, 5, 19, 8, 16, 23, 2, 62, 4, 15, 1, 27, 1, 0, 7, 6, 4, 9, 12, 17, 97, 16, 2, 8, 248, 12, 5, 17, 8, 4, 9, 5, 1, 15, 17, 20, 18, 32, 18, 1, 31, 3, 7, 13, 11, 12, 7, 12, 6, 9, 17, 1, 34, 15, 5, 10, 5, 62, 5, 13, 4, 7, 2, 2, 3, 2, 0, 7, 10, 5, 11, 6, 6, 2, 0, 1, 13, 1, 1, 18, 11, 2, 2, 13, 18]",356
gpqa_diamond,gpqa_diamond:rec32C1ZEapBnCC0E,1,229,128,34,1,127,356,6,"[30, 105, 5, 3, 4, 17, 12, 64, 0, 16, 9, 8, 16, 38, 9, 20, 18, 9, 2, 3, 28, 0, 4, 3, 25, 23, 11, 29, 34, 16, 0, 19, 3, 15, 25, 7, 1, 19, 7, 5, 2, 9, 15, 14, 6, 4, 22, 13, 16, 10, 42, 3, 36, 13, 6, 6, 12, 2, 0, 12, 11, 17, 30, 24, 36, 5, 0, 69, 8, 1, 31, 12, 29, 22, 0, 0, 27, 0, 2, 6, 7, 21, 9, 4, 8, 4, 31, 3, 16, 6, 0, 33, 10, 21, 6, 33, 155, 32, 94, 8, 16, 25, 102, 31, 1, 3, 14, 27, 8, 21, 7, 8, 7, 0, 0, 6, 11, 6, 20, 5, 2, 10, 1, 20, 17, 12, 7, 13]",356
gpqa_diamond,gpqa_diamond:rec32C1ZEapBnCC0E,1,229,128,36,1,127,356,6,"[18, 18, 13, 12, 2, 16, 1, 28, 0, 4, 3, 16, 33, 3, 40, 8, 16, 14, 8, 9, 119, 0, 0, 21, 1, 7, 23, 24, 31, 5, 17, 22, 25, 2, 41, 6, 26, 5, 11, 9, 104, 20, 6, 0, 0, 16, 100, 0, 2, 1, 0, 9, 2, 9, 14, 5, 8, 19, 6, 9, 11, 10, 19, 3, 5, 0, 0, 3, 18, 290, 1, 1, 7, 8, 25, 23, 22, 1, 22, 22, 0, 0, 2, 32, 10, 9, 1, 3, 24, 4, 5, 6, 11, 7, 6, 7, 14, 1, 18, 4, 3, 3, 4, 0, 31, 17, 10, 13, 33, 26, 22, 78, 9, 17, 4, 23, 8, 26, 12, 14, 12, 11, 4, 11, 62, 15, 18, 8]",356
gpqa_diamond,gpqa_diamond:rec32C1ZEapBnCC0E,1,229,128,38,1,127,356,6,"[4, 1, 1, 16, 19, 23, 1, 8, 0, 7, 17, 4, 0, 3, 35, 2, 8, 19, 0, 24, 10, 0, 3, 2, 8, 24, 40, 2, 11, 14, 34, 7, 55, 5, 18, 13, 0, 30, 0, 3, 9, 4, 7, 19, 16, 1, 48, 0, 5, 4, 15, 16, 3, 21, 38, 28, 0, 19, 19, 5, 15, 18, 2, 14, 0, 2, 280, 10, 23, 1, 14, 18, 2, 0, 5, 22, 3, 9, 2, 16, 6, 2, 2, 13, 6, 50, 10, 5, 9, 1, 31, 8, 4, 15, 10, 6, 4, 18, 14, 21, 13, 87, 27, 13, 0, 47, 0, 0, 17, 17, 5, 5, 22, 14, 0, 28, 10, 5, 13, 11, 291, 0, 1, 16, 9, 2, 21, 23]",356
gpqa_diamond,gpqa_diamond:rec32C1ZEapBnCC0E,1,229,128,40,1,127,356,6,"[18, 2, 17, 6, 8, 10, 1, 3, 16, 67, 10, 18, 9, 0, 4, 0, 17, 8, 24, 1, 2, 7, 16, 6, 5, 67, 19, 0, 11, 15, 28, 3, 5, 17, 56, 24, 24, 2, 8, 11, 3, 6, 10, 36, 25, 1, 25, 33, 55, 20, 15, 3, 19, 12, 0, 7, 116, 69, 19, 30, 1, 31, 9, 10, 3, 287, 10, 13, 3, 10, 8, 0, 8, 14, 25, 4, 22, 3, 7, 1, 5, 34, 6, 5, 0, 8, 32, 10, 8, 1, 7, 7, 73, 8, 2, 26, 11, 14, 1, 1, 2, 41, 28, 14, 13, 13, 45, 4, 45, 0, 2, 12, 13, 1, 3, 8, 8, 2, 3, 11, 14, 7, 13, 6, 1, 1, 4, 25]",356
gpqa_diamond,gpqa_diamond:rec32C1ZEapBnCC0E,1,229,128,43,1,127,356,6,"[19, 0, 1, 4, 49, 15, 11, 37, 0, 3, 11, 8, 18, 10, 0, 16, 9, 15, 0, 18, 8, 8, 7, 21, 0, 3, 19, 13, 21, 23, 1, 0, 0, 5, 3, 32, 47, 22, 71, 3, 25, 31, 1, 39, 4, 5, 9, 0, 27, 10, 5, 2, 12, 11, 21, 19, 80, 22, 15, 0, 0, 5, 22, 2, 6, 3, 10, 6, 17, 10, 18, 5, 17, 17, 9, 9, 21, 1, 1, 2, 9, 6, 204, 12, 50, 9, 1, 26, 28, 6, 5, 2, 0, 21, 12, 16, 5, 5, 0, 39, 17, 5, 4, 4, 97, 8, 6, 5, 23, 20, 8, 3, 13, 19, 8, 22, 8, 7, 14, 3, 6, 18, 1, 246, 0, 23, 16, 6]",356
gpqa_diamond,gpqa_diamond:rec32C1ZEapBnCC0E,1,229,128,45,1,127,356,6,"[36, 0, 11, 32, 19, 20, 5, 8, 0, 5, 8, 21, 8, 10, 21, 5, 12, 16, 6, 1, 5, 6, 3, 26, 20, 34, 8, 13, 7, 7, 16, 5, 7, 0, 6, 3, 34, 1, 25, 11, 10, 81, 15, 11, 15, 20, 22, 11, 4, 2, 38, 115, 3, 15, 10, 2, 1, 10, 14, 23, 2, 5, 12, 27, 19, 3, 8, 11, 62, 17, 0, 25, 5, 10, 12, 27, 41, 58, 239, 2, 1, 7, 8, 14, 18, 11, 28, 28, 6, 8, 13, 13, 5, 35, 2, 14, 1, 39, 3, 1, 4, 24, 37, 24, 22, 14, 37, 9, 1, 10, 8, 3, 16, 2, 2, 2, 12, 1, 17, 24, 3, 6, 5, 5, 21, 58, 12, 14]",356
gpqa_diamond,gpqa_diamond:rec32C1ZEapBnCC0E,1,229,128,47,1,127,356,6,"[9, 47, 5, 9, 15, 5, 13, 8, 25, 16, 9, 10, 30, 1, 15, 1, 3, 16, 157, 11, 9, 12, 4, 2, 23, 4, 18, 7, 2, 10, 15, 12, 12, 2, 30, 8, 36, 14, 2, 7, 4, 13, 2, 123, 3, 19, 17, 15, 7, 7, 7, 15, 10, 73, 4, 8, 75, 32, 4, 4, 16, 6, 14, 16, 33, 4, 15, 6, 8, 6, 7, 34, 3, 32, 8, 275, 4, 5, 19, 15, 6, 10, 5, 11, 22, 0, 7, 1, 5, 27, 18, 0, 8, 8, 27, 14, 62, 5, 3, 0, 24, 10, 26, 0, 18, 4, 2, 17, 19, 1, 5, 4, 15, 4, 2, 11, 4, 15, 5, 9, 8, 2, 18, 6, 22, 0, 9, 35]",356
gpqa_diamond,gpqa_diamond:rec32C1ZEapBnCC0E,1,229,128,49,1,127,356,6,"[18, 29, 38, 8, 5, 8, 26, 8, 5, 0, 2, 44, 15, 37, 16, 14, 41, 11, 10, 20, 2, 28, 1, 5, 4, 15, 5, 2, 5, 5, 58, 20, 16, 12, 22, 12, 7, 17, 0, 6, 3, 1, 23, 10, 43, 11, 3, 20, 22, 17, 21, 3, 9, 1, 0, 18, 16, 23, 23, 1, 3, 34, 45, 15, 15, 16, 12, 36, 21, 12, 14, 7, 8, 18, 33, 8, 5, 6, 7, 3, 18, 8, 26, 21, 4, 4, 2, 9, 24, 11, 73, 0, 24, 11, 158, 5, 1, 153, 1, 7, 10, 34, 4, 8, 5, 13, 0, 15, 1, 2, 10, 6, 3, 13, 12, 3, 80, 4, 15, 1, 82, 2, 5, 4, 6, 34, 5, 16]",356
gpqa_diamond,gpqa_diamond:rec32C1ZEapBnCC0E,1,229,128,51,1,127,356,6,"[3, 16, 14, 8, 11, 7, 32, 17, 2, 26, 2, 8, 22, 3, 3, 7, 5, 6, 14, 22, 7, 16, 25, 16, 21, 38, 19, 100, 4, 5, 22, 17, 2, 20, 4, 19, 11, 4, 14, 10, 8, 50, 13, 14, 19, 15, 12, 2, 19, 122, 5, 11, 9, 20, 63, 34, 5, 24, 18, 6, 4, 19, 21, 8, 11, 1, 10, 11, 16, 15, 12, 5, 11, 24, 11, 12, 16, 40, 31, 44, 32, 7, 27, 25, 12, 39, 39, 8, 6, 6, 7, 3, 27, 6, 3, 9, 20, 12, 15, 13, 35, 2, 20, 9, 2, 13, 17, 0, 19, 22, 18, 7, 17, 26, 12, 8, 1, 34, 20, 20, 25, 12, 6, 42, 17, 14, 8, 1]",356
gpqa_diamond,gpqa_diamond:rec47oNPXudlTIk4y,1,262,128,1,1,127,389,6,"[36, 14, 36, 5, 16, 8, 6, 35, 16, 6, 15, 27, 24, 25, 21, 21, 4, 11, 12, 0, 16, 17, 9, 13, 37, 25, 11, 14, 7, 12, 14, 42, 23, 7, 14, 23, 20, 38, 11, 8, 26, 27, 21, 27, 21, 19, 21, 16, 23, 12, 29, 9, 10, 11, 23, 30, 23, 13, 7, 30, 9, 23, 28, 11, 14, 28, 9, 21, 28, 24, 14, 28, 15, 23, 21, 22, 12, 25, 38, 7, 24, 12, 7, 38, 20, 18, 14, 5, 29, 5, 23, 21, 14, 14, 17, 13, 11, 5, 14, 16, 9, 20, 19, 8, 10, 27, 27, 39, 16, 13, 16, 13, 14, 20, 16, 41, 8, 6, 17, 14, 35, 14, 21, 59, 17, 7, 4, 7]",389
gpqa_diamond,gpqa_diamond:rec47oNPXudlTIk4y,1,262,128,3,1,127,389,6,"[23, 22, 20, 27, 32, 22, 20, 37, 26, 10, 9, 21, 39, 19, 33, 22, 6, 42, 23, 17, 32, 14, 13, 15, 11, 3, 13, 14, 4, 26, 13, 13, 12, 8, 7, 5, 9, 8, 17, 15, 14, 15, 21, 11, 8, 17, 21, 7, 6, 17, 9, 10, 32, 34, 7, 15, 8, 6, 40, 7, 18, 5, 23, 13, 34, 33, 31, 30, 0, 24, 39, 11, 24, 19, 26, 41, 8, 8, 19, 11, 16, 15, 8, 1, 4, 21, 14, 46, 8, 6, 3, 9, 17, 15, 19, 45, 37, 5, 7, 6, 21, 38, 3, 47, 6, 12, 35, 11, 9, 17, 43, 41, 9, 4, 16, 19, 20, 11, 35, 20, 7, 10, 51, 27, 14, 16, 28, 18]",389
gpqa_diamond,gpqa_diamond:rec47oNPXudlTIk4y,1,262,128,6,1,127,389,6,"[17, 9, 16, 35, 14, 6, 1, 8, 27, 8, 6, 1, 5, 19, 9, 8, 205, 6, 23, 10, 18, 133, 10, 26, 7, 0, 16, 33, 18, 11, 2, 10, 2, 11, 24, 1, 17, 23, 13, 17, 20, 20, 13, 11, 16, 13, 8, 19, 0, 16, 16, 6, 10, 15, 18, 10, 25, 9, 23, 5, 8, 23, 21, 0, 11, 1, 14, 14, 1, 7, 16, 16, 17, 27, 7, 5, 8, 19, 16, 24, 4, 39, 10, 16, 17, 11, 14, 11, 7, 18, 10, 20, 22, 6, 0, 27, 24, 2, 13, 14, 30, 10, 42, 33, 3, 18, 101, 8, 22, 2, 15, 5, 2, 158, 5, 4, 12, 24, 23, 9, 16, 5, 33, 31, 6, 18, 44, 17]",389
gpqa_diamond,gpqa_diamond:rec47oNPXudlTIk4y,1,262,128,8,1,127,389,6,"[12, 13, 3, 1, 3, 16, 7, 6, 5, 7, 2, 5, 8, 16, 1, 5, 1, 7, 17, 13, 36, 3, 0, 3, 9, 1, 20, 176, 61, 7, 1, 40, 275, 0, 8, 20, 18, 53, 18, 21, 12, 5, 11, 8, 29, 22, 15, 16, 18, 4, 12, 5, 148, 17, 8, 6, 11, 0, 18, 17, 7, 0, 6, 12, 12, 25, 53, 6, 7, 3, 8, 0, 14, 17, 17, 15, 20, 51, 3, 7, 17, 1, 17, 66, 6, 143, 3, 4, 4, 15, 13, 12, 41, 6, 16, 19, 15, 9, 9, 4, 20, 17, 3, 5, 29, 0, 16, 11, 5, 17, 3, 23, 1, 10, 7, 8, 6, 23, 44, 6, 6, 16, 3, 24, 2, 15, 9, 2]",389
gpqa_diamond,gpqa_diamond:rec47oNPXudlTIk4y,1,262,128,10,1,127,389,6,"[15, 4, 6, 6, 26, 1, 3, 4, 0, 13, 19, 11, 8, 13, 3, 22, 13, 0, 9, 1, 14, 20, 5, 14, 47, 19, 49, 14, 8, 1, 11, 2, 3, 1, 20, 71, 6, 16, 14, 8, 14, 9, 8, 4, 26, 11, 0, 44, 0, 2, 4, 5, 6, 263, 224, 1, 19, 2, 25, 10, 3, 1, 5, 22, 8, 10, 0, 62, 2, 21, 32, 23, 169, 2, 26, 15, 1, 67, 7, 42, 9, 6, 16, 9, 17, 11, 6, 7, 7, 42, 1, 0, 4, 9, 7, 1, 17, 55, 20, 84, 7, 2, 13, 11, 2, 4, 4, 1, 0, 3, 5, 8, 7, 17, 24, 4, 57, 0, 4, 0, 11, 1, 9, 40, 9, 14, 13, 21]",389
gpqa_diamond,gpqa_diamond:rec47oNPXudlTIk4y,1,262,128,13,1,127,389,6,"[4, 5, 3, 15, 30, 134, 39, 35, 3, 17, 5, 79, 0, 7, 49, 9, 17, 37, 5, 79, 1, 0, 3, 9, 5, 110, 22, 1, 12, 7, 11, 4, 4, 0, 76, 4, 37, 35, 13, 4, 15, 7, 5, 1, 10, 42, 6, 0, 33, 15, 1, 6, 1, 2, 6, 96, 6, 1, 13, 5, 10, 105, 75, 4, 15, 3, 9, 14, 3, 0, 2, 10, 0, 11, 32, 6, 21, 33, 0, 3, 2, 30, 17, 76, 11, 0, 34, 1, 23, 2, 4, 13, 26, 1, 1, 7, 2, 14, 21, 7, 2, 28, 21, 6, 19, 9, 7, 2, 19, 42, 3, 38, 51, 12, 16, 1, 4, 30, 40, 15, 22, 7, 71, 4, 3, 11, 1, 1]",389
gpqa_diamond,gpqa_diamond:rec47oNPXudlTIk4y,1,262,128,15,1,127,389,6,"[14, 2, 0, 27, 54, 4, 15, 8, 13, 31, 16, 6, 3, 5, 40, 38, 33, 13, 12, 2, 27, 34, 19, 8, 27, 2, 163, 43, 4, 4, 3, 16, 22, 37, 1, 27, 144, 18, 4, 6, 1, 199, 10, 7, 18, 5, 22, 1, 1, 13, 19, 1, 0, 3, 0, 23, 1, 7, 17, 5, 7, 0, 12, 151, 8, 10, 0, 0, 0, 0, 43, 12, 2, 22, 9, 33, 0, 0, 6, 0, 38, 3, 51, 27, 9, 23, 0, 0, 20, 0, 1, 1, 11, 1, 0, 31, 15, 7, 6, 5, 0, 4, 14, 2, 10, 32, 7, 4, 15, 0, 3, 2, 9, 2, 20, 8, 34, 5, 0, 7, 36, 8, 160, 20, 8, 34, 14, 14]",389
gpqa_diamond,gpqa_diamond:rec47oNPXudlTIk4y,1,262,128,17,1,127,389,6,"[20, 29, 0, 2, 26, 19, 1, 35, 10, 3, 8, 15, 13, 13, 35, 78, 30, 10, 33, 8, 1, 3, 0, 3, 46, 0, 8, 44, 23, 4, 6, 10, 46, 2, 48, 0, 34, 13, 1, 58, 19, 13, 6, 15, 27, 20, 12, 0, 4, 37, 20, 12, 20, 55, 3, 11, 2, 9, 0, 25, 43, 1, 13, 6, 2, 0, 23, 0, 30, 4, 0, 4, 58, 109, 14, 2, 26, 20, 1, 0, 44, 4, 9, 9, 1, 15, 6, 15, 22, 29, 12, 0, 25, 6, 16, 13, 23, 4, 10, 5, 12, 7, 12, 2, 0, 1, 10, 67, 17, 4, 23, 4, 127, 18, 7, 5, 140, 1, 41, 25, 1, 9, 32, 22, 36, 6, 26, 7]",389
gpqa_diamond,gpqa_diamond:rec47oNPXudlTIk4y,1,262,128,20,1,127,389,6,"[70, 2, 2, 8, 1, 3, 0, 16, 19, 13, 20, 2, 9, 21, 14, 9, 77, 3, 6, 32, 13, 29, 0, 2, 66, 6, 0, 10, 44, 16, 44, 1, 43, 6, 2, 0, 5, 2, 4, 3, 0, 5, 35, 0, 26, 4, 0, 3, 22, 31, 239, 33, 13, 4, 2, 34, 6, 14, 15, 0, 8, 7, 16, 10, 27, 0, 17, 1, 43, 4, 87, 5, 9, 0, 10, 6, 12, 8, 3, 20, 6, 1, 8, 3, 7, 21, 6, 5, 2, 17, 19, 133, 5, 1, 0, 9, 26, 3, 21, 0, 0, 2, 8, 5, 42, 9, 22, 34, 4, 3, 3, 18, 109, 15, 2, 2, 7, 16, 37, 1, 16, 29, 11, 171, 9, 62, 0, 2]",389
gpqa_diamond,gpqa_diamond:rec47oNPXudlTIk4y,1,262,128,22,1,127,389,6,"[7, 7, 39, 23, 38, 12, 32, 8, 21, 6, 19, 21, 16, 7, 0, 0, 1, 5, 0, 4, 10, 13, 18, 43, 8, 25, 12, 16, 0, 12, 0, 5, 12, 25, 1, 7, 18, 20, 9, 17, 20, 18, 15, 14, 31, 48, 3, 15, 1, 77, 10, 22, 8, 16, 10, 8, 20, 197, 163, 1, 1, 12, 7, 17, 20, 46, 10, 29, 16, 24, 21, 30, 17, 12, 4, 9, 23, 122, 0, 4, 6, 19, 9, 19, 27, 5, 10, 10, 7, 24, 10, 18, 15, 6, 0, 18, 18, 48, 12, 30, 22, 5, 1, 10, 1, 26, 26, 4, 20, 28, 8, 2, 27, 15, 0, 7, 12, 31, 13, 9, 0, 1, 46, 17, 9, 3, 13, 9]",389
gpqa_diamond,gpqa_diamond:rec47oNPXudlTIk4y,1,262,128,24,1,127,389,6,"[10, 6, 0, 22, 11, 0, 0, 0, 46, 10, 17, 8, 52, 0, 4, 4, 21, 15, 3, 27, 6, 37, 13, 2, 0, 7, 13, 1, 0, 51, 25, 45, 2, 14, 10, 0, 5, 33, 0, 153, 1, 12, 4, 0, 2, 6, 35, 7, 5, 11, 1, 14, 8, 18, 118, 0, 75, 5, 15, 2, 0, 4, 35, 4, 0, 17, 0, 0, 4, 0, 5, 2, 106, 3, 5, 75, 0, 10, 40, 25, 6, 48, 15, 12, 11, 4, 17, 27, 173, 0, 2, 6, 32, 4, 9, 3, 10, 3, 6, 31, 4, 20, 0, 8, 17, 7, 0, 6, 3, 2, 29, 0, 14, 1, 13, 15, 12, 8, 0, 7, 13, 56, 11, 288, 4, 24, 4, 2]",389
gpqa_diamond,gpqa_diamond:rec47oNPXudlTIk4y,1,262,128,27,1,127,389,6,"[11, 4, 65, 2, 24, 1, 7, 11, 0, 4, 29, 0, 13, 7, 3, 32, 0, 51, 8, 14, 0, 2, 32, 21, 8, 11, 10, 6, 22, 20, 21, 3, 25, 73, 20, 0, 33, 2, 23, 2, 61, 18, 0, 2, 1, 5, 13, 3, 25, 4, 14, 39, 46, 10, 5, 5, 1, 30, 19, 12, 0, 4, 31, 17, 20, 18, 4, 1, 7, 0, 8, 20, 226, 2, 0, 7, 105, 2, 10, 5, 2, 19, 10, 21, 4, 10, 0, 11, 1, 28, 62, 18, 43, 0, 4, 27, 27, 11, 10, 3, 11, 13, 0, 176, 19, 1, 6, 0, 40, 7, 10, 46, 13, 9, 5, 4, 10, 22, 7, 63, 18, 63, 9, 7, 1, 9, 15, 19]",389
gpqa_diamond,gpqa_diamond:rec47oNPXudlTIk4y,1,262,128,29,1,127,389,6,"[7, 33, 7, 8, 8, 3, 16, 16, 0, 2, 3, 8, 3, 9, 28, 8, 0, 1, 146, 23, 6, 13, 8, 17, 6, 19, 15, 9, 0, 29, 7, 0, 5, 0, 89, 7, 29, 10, 6, 18, 35, 1, 16, 35, 72, 2, 14, 10, 7, 11, 13, 10, 156, 4, 12, 9, 7, 4, 7, 7, 45, 8, 1, 9, 9, 6, 40, 3, 2, 23, 6, 19, 10, 12, 15, 22, 21, 5, 33, 6, 52, 25, 10, 6, 6, 28, 26, 15, 22, 22, 16, 20, 2, 1, 1, 21, 42, 20, 1, 17, 12, 26, 23, 7, 8, 9, 25, 2, 35, 14, 7, 3, 17, 0, 3, 12, 6, 3, 11, 21, 16, 0, 3, 57, 12, 7, 274, 19]",389
gpqa_diamond,gpqa_diamond:rec47oNPXudlTIk4y,1,262,128,31,1,127,389,6,"[65, 1, 5, 11, 1, 1, 21, 30, 16, 38, 9, 12, 11, 6, 10, 0, 1, 1, 28, 21, 0, 36, 17, 18, 1, 27, 0, 39, 20, 7, 63, 9, 34, 10, 5, 30, 15, 9, 12, 21, 3, 151, 29, 24, 13, 18, 4, 9, 3, 6, 1, 14, 37, 1, 27, 1, 5, 9, 0, 11, 15, 22, 34, 0, 10, 37, 17, 285, 26, 2, 11, 4, 42, 13, 1, 11, 8, 12, 45, 33, 11, 13, 6, 15, 28, 5, 33, 15, 28, 15, 19, 0, 6, 23, 2, 12, 41, 17, 24, 11, 34, 19, 21, 1, 15, 1, 3, 7, 13, 1, 31, 22, 3, 0, 5, 15, 0, 2, 8, 63, 14, 0, 12, 23, 4, 12, 3, 23]",389
gpqa_diamond,gpqa_diamond:rec47oNPXudlTIk4y,1,262,128,34,1,127,389,6,"[24, 141, 14, 0, 7, 24, 24, 71, 33, 25, 8, 12, 21, 35, 20, 18, 20, 11, 51, 2, 26, 1, 4, 4, 23, 10, 0, 3, 3, 25, 0, 21, 2, 4, 4, 18, 6, 38, 1, 9, 8, 14, 13, 17, 3, 7, 22, 0, 15, 15, 106, 7, 10, 10, 1, 3, 11, 5, 0, 7, 19, 21, 22, 3, 7, 4, 2, 85, 10, 0, 4, 24, 12, 10, 0, 1, 12, 0, 2, 317, 0, 10, 8, 9, 4, 0, 1, 27, 37, 3, 16, 6, 3, 4, 15, 15, 18, 78, 15, 22, 44, 13, 48, 38, 2, 3, 4, 57, 39, 11, 14, 12, 32, 0, 0, 26, 13, 10, 1, 1, 4, 17, 2, 13, 22, 2, 9, 14]",389
gpqa_diamond,gpqa_diamond:rec47oNPXudlTIk4y,1,262,128,36,1,127,389,6,"[11, 30, 29, 18, 5, 80, 5, 25, 0, 30, 22, 234, 8, 1, 133, 7, 9, 8, 28, 25, 36, 2, 0, 25, 13, 25, 0, 32, 18, 5, 25, 13, 9, 8, 0, 1, 16, 29, 23, 16, 53, 31, 15, 0, 0, 1, 6, 0, 33, 7, 0, 0, 1, 17, 19, 5, 54, 30, 13, 12, 10, 13, 14, 1, 24, 3, 2, 10, 21, 7, 6, 5, 5, 1, 19, 24, 30, 11, 26, 56, 0, 1, 4, 47, 39, 18, 19, 5, 3, 26, 7, 6, 10, 17, 15, 5, 29, 3, 11, 29, 17, 1, 3, 1, 27, 11, 19, 14, 40, 27, 2, 25, 14, 12, 5, 57, 12, 23, 4, 19, 9, 32, 0, 22, 4, 19, 32, 0]",389
gpqa_diamond,gpqa_diamond:rec47oNPXudlTIk4y,1,262,128,38,1,127,389,6,"[14, 2, 0, 9, 20, 22, 2, 4, 0, 16, 51, 2, 0, 8, 0, 7, 5, 9, 1, 13, 12, 11, 3, 1, 24, 9, 231, 9, 2, 28, 0, 2, 8, 6, 31, 48, 0, 24, 1, 6, 7, 1, 34, 17, 67, 1, 41, 4, 12, 12, 4, 24, 25, 20, 8, 26, 0, 0, 21, 0, 19, 3, 6, 12, 3, 17, 18, 1, 23, 3, 14, 40, 7, 289, 12, 65, 28, 7, 8, 16, 1, 13, 17, 16, 5, 17, 57, 6, 25, 22, 17, 4, 4, 4, 18, 1, 9, 1, 39, 6, 36, 82, 35, 12, 9, 31, 14, 4, 14, 4, 4, 0, 13, 21, 0, 24, 38, 44, 8, 16, 14, 3, 3, 14, 28, 16, 5, 4]",389
gpqa_diamond,gpqa_diamond:rec47oNPXudlTIk4y,1,262,128,40,1,127,389,6,"[17, 1, 23, 7, 11, 2, 3, 0, 19, 85, 35, 23, 72, 2, 13, 1, 11, 4, 31, 6, 9, 0, 16, 10, 4, 28, 8, 1, 12, 2, 29, 0, 0, 23, 50, 24, 26, 3, 20, 4, 10, 14, 5, 15, 5, 1, 16, 25, 7, 23, 16, 2, 23, 3, 233, 6, 0, 8, 14, 9, 0, 17, 6, 30, 9, 2, 10, 23, 9, 13, 10, 62, 39, 13, 10, 4, 18, 0, 3, 16, 2, 30, 138, 8, 2, 16, 34, 16, 2, 288, 2, 19, 85, 1, 0, 11, 29, 16, 12, 38, 0, 1, 52, 17, 17, 16, 3, 2, 3, 3, 1, 2, 12, 1, 3, 12, 1, 0, 3, 15, 31, 4, 7, 1, 0, 0, 1, 13]",389
gpqa_diamond,gpqa_diamond:rec47oNPXudlTIk4y,1,262,128,43,1,127,389,6,"[1, 0, 1, 9, 24, 18, 5, 5, 0, 20, 14, 6, 12, 4, 22, 4, 16, 33, 0, 13, 0, 44, 0, 72, 26, 8, 42, 7, 16, 17, 24, 0, 7, 24, 249, 10, 41, 6, 48, 3, 12, 30, 25, 31, 37, 4, 4, 0, 5, 4, 11, 16, 23, 8, 24, 15, 13, 14, 15, 16, 6, 1, 6, 23, 7, 18, 2, 32, 21, 12, 44, 3, 81, 65, 19, 6, 37, 3, 16, 7, 19, 22, 142, 11, 9, 11, 3, 12, 13, 17, 10, 5, 1, 4, 15, 7, 15, 114, 19, 29, 7, 14, 6, 9, 0, 11, 26, 4, 35, 32, 3, 3, 25, 19, 8, 9, 12, 1, 12, 3, 4, 16, 9, 10, 1, 3, 5, 2]",389
gpqa_diamond,gpqa_diamond:rec47oNPXudlTIk4y,1,262,128,45,1,127,389,6,"[4, 237, 28, 24, 10, 23, 22, 5, 1, 21, 33, 65, 27, 12, 90, 15, 1, 7, 9, 4, 6, 12, 5, 23, 20, 13, 20, 19, 11, 3, 18, 7, 51, 92, 17, 7, 1, 2, 23, 33, 5, 48, 10, 4, 7, 13, 29, 6, 5, 43, 37, 8, 4, 8, 15, 1, 3, 1, 21, 14, 7, 3, 37, 18, 4, 21, 19, 5, 5, 9, 4, 9, 1, 7, 5, 19, 19, 3, 13, 5, 8, 5, 9, 3, 10, 7, 71, 4, 1, 10, 29, 11, 5, 17, 20, 31, 4, 24, 3, 0, 52, 11, 23, 7, 19, 5, 5, 6, 13, 18, 16, 23, 13, 7, 1, 8, 11, 7, 25, 12, 5, 12, 8, 95, 29, 84, 23, 8]",389
gpqa_diamond,gpqa_diamond:rec47oNPXudlTIk4y,1,262,128,47,1,127,389,6,"[18, 17, 17, 41, 14, 15, 17, 13, 19, 22, 18, 6, 1, 4, 30, 5, 4, 21, 1, 25, 3, 5, 4, 10, 15, 7, 9, 9, 41, 21, 5, 8, 22, 16, 7, 11, 29, 2, 5, 1, 27, 14, 3, 22, 3, 8, 0, 24, 3, 9, 30, 5, 48, 5, 9, 22, 37, 12, 240, 14, 20, 5, 16, 25, 1, 3, 268, 4, 16, 10, 7, 46, 6, 27, 4, 169, 8, 1, 10, 6, 4, 6, 3, 16, 15, 1, 17, 5, 5, 14, 0, 0, 28, 7, 13, 18, 18, 34, 16, 99, 24, 10, 12, 1, 9, 10, 0, 18, 23, 1, 11, 3, 7, 4, 4, 12, 6, 5, 3, 31, 5, 8, 11, 4, 12, 0, 19, 37]",389
gpqa_diamond,gpqa_diamond:rec47oNPXudlTIk4y,1,262,128,49,1,127,389,6,"[6, 19, 5, 24, 2, 6, 18, 4, 10, 0, 2, 14, 54, 64, 15, 22, 7, 24, 11, 17, 4, 10, 4, 0, 5, 14, 7, 0, 226, 11, 40, 20, 66, 14, 9, 6, 5, 46, 2, 4, 8, 1, 16, 7, 33, 14, 13, 7, 19, 20, 20, 7, 47, 3, 14, 3, 24, 18, 49, 3, 3, 16, 76, 28, 23, 19, 16, 35, 21, 18, 33, 11, 11, 12, 36, 4, 2, 5, 14, 5, 24, 39, 6, 21, 9, 19, 2, 12, 9, 18, 115, 2, 15, 17, 42, 0, 92, 2, 2, 52, 8, 29, 5, 8, 2, 17, 0, 6, 1, 15, 16, 7, 6, 7, 41, 6, 10, 5, 5, 4, 55, 3, 0, 14, 13, 0, 7, 15]",389
gpqa_diamond,gpqa_diamond:rec47oNPXudlTIk4y,1,262,128,51,1,127,389,6,"[4, 24, 5, 10, 16, 2, 42, 10, 9, 8, 0, 19, 6, 6, 28, 5, 7, 11, 20, 19, 11, 9, 44, 21, 20, 37, 24, 16, 8, 6, 8, 14, 24, 21, 12, 16, 41, 10, 24, 24, 6, 43, 19, 13, 17, 28, 17, 8, 19, 22, 13, 14, 12, 14, 32, 9, 9, 13, 11, 8, 13, 18, 24, 2, 22, 2, 43, 13, 43, 17, 9, 3, 8, 25, 14, 18, 23, 165, 27, 50, 28, 6, 13, 12, 41, 17, 25, 9, 3, 116, 11, 18, 23, 14, 16, 1, 25, 10, 6, 25, 23, 2, 5, 7, 9, 20, 18, 16, 20, 22, 29, 8, 20, 0, 9, 9, 4, 2, 23, 27, 6, 28, 3, 45, 4, 34, 7, 8]",389
gpqa_diamond,gpqa_diamond:rec4JrWy7Il8ho5vk,1,137,128,1,1,127,264,6,"[18, 3, 8, 17, 13, 6, 3, 27, 14, 7, 6, 3, 30, 20, 7, 10, 4, 11, 13, 10, 19, 15, 11, 9, 32, 30, 19, 10, 4, 10, 4, 23, 12, 4, 14, 10, 10, 31, 5, 10, 14, 17, 23, 12, 26, 14, 7, 5, 1, 5, 9, 11, 2, 4, 25, 25, 12, 9, 5, 14, 9, 21, 27, 6, 12, 1, 12, 18, 19, 27, 11, 11, 12, 5, 13, 16, 11, 23, 22, 6, 8, 5, 9, 30, 14, 14, 9, 1, 11, 8, 11, 16, 11, 5, 12, 12, 2, 11, 9, 12, 5, 24, 14, 21, 13, 11, 9, 14, 14, 11, 7, 12, 3, 7, 5, 15, 10, 13, 12, 7, 32, 22, 8, 15, 11, 12, 2, 11]",264
gpqa_diamond,gpqa_diamond:rec4JrWy7Il8ho5vk,1,137,128,3,1,127,264,6,"[11, 30, 15, 12, 17, 26, 19, 49, 13, 21, 26, 8, 11, 3, 5, 8, 4, 28, 13, 7, 14, 4, 13, 2, 5, 3, 3, 9, 16, 11, 11, 5, 2, 44, 7, 4, 3, 9, 16, 2, 6, 12, 8, 22, 14, 11, 17, 6, 7, 21, 13, 9, 5, 22, 4, 32, 0, 2, 26, 2, 9, 7, 33, 0, 21, 14, 6, 7, 5, 15, 18, 5, 14, 13, 23, 23, 12, 21, 4, 3, 2, 7, 9, 1, 7, 40, 16, 5, 5, 1, 7, 7, 9, 7, 8, 24, 1, 5, 15, 1, 19, 19, 5, 12, 3, 16, 27, 15, 28, 13, 27, 26, 22, 3, 20, 11, 6, 20, 14, 9, 4, 2, 36, 2, 16, 3, 16, 12]",264
gpqa_diamond,gpqa_diamond:rec4JrWy7Il8ho5vk,1,137,128,6,1,127,264,6,"[10, 13, 6, 43, 21, 2, 5, 2, 16, 8, 34, 9, 11, 15, 9, 26, 151, 0, 23, 3, 22, 16, 28, 34, 6, 1, 2, 22, 5, 12, 19, 16, 3, 6, 8, 3, 8, 24, 5, 5, 13, 13, 1, 4, 6, 11, 13, 37, 0, 21, 2, 10, 2, 10, 8, 15, 15, 9, 10, 11, 5, 24, 0, 1, 14, 2, 5, 7, 2, 6, 3, 10, 4, 16, 5, 6, 3, 1, 11, 20, 21, 47, 4, 6, 8, 6, 14, 5, 4, 6, 7, 14, 32, 4, 3, 2, 15, 3, 21, 17, 33, 8, 11, 20, 18, 7, 15, 5, 14, 4, 23, 10, 5, 3, 13, 10, 10, 15, 4, 3, 20, 4, 21, 2, 9, 10, 27, 13]",264
gpqa_diamond,gpqa_diamond:rec4JrWy7Il8ho5vk,1,137,128,8,1,127,264,6,"[4, 13, 3, 3, 2, 39, 5, 0, 9, 6, 25, 6, 168, 7, 6, 3, 0, 2, 3, 7, 7, 9, 3, 9, 7, 6, 2, 7, 0, 8, 2, 16, 4, 2, 1, 8, 35, 10, 21, 1, 13, 16, 5, 4, 10, 6, 12, 11, 30, 7, 6, 3, 2, 19, 7, 0, 12, 0, 0, 11, 4, 0, 2, 3, 1, 5, 63, 0, 14, 2, 0, 2, 18, 0, 16, 3, 15, 91, 5, 13, 11, 0, 1, 3, 8, 0, 0, 50, 7, 6, 9, 2, 16, 0, 114, 8, 12, 6, 29, 13, 1, 0, 7, 2, 18, 1, 22, 3, 1, 44, 3, 23, 0, 1, 8, 1, 36, 130, 24, 12, 0, 8, 5, 14, 2, 6, 17, 0]",264
gpqa_diamond,gpqa_diamond:rec4JrWy7Il8ho5vk,1,137,128,10,1,127,264,6,"[9, 2, 3, 7, 7, 93, 4, 0, 0, 1, 10, 1, 9, 6, 3, 24, 10, 0, 13, 1, 5, 8, 1, 14, 16, 0, 2, 11, 11, 0, 11, 3, 3, 3, 0, 19, 16, 18, 1, 3, 13, 32, 5, 4, 24, 6, 1, 35, 9, 1, 6, 33, 13, 9, 0, 41, 70, 12, 0, 1, 10, 20, 11, 0, 2, 9, 21, 9, 2, 67, 25, 13, 5, 8, 0, 0, 0, 6, 6, 37, 46, 33, 8, 0, 6, 3, 12, 0, 2, 14, 4, 0, 0, 2, 7, 1, 1, 95, 29, 55, 7, 12, 5, 4, 1, 9, 5, 2, 0, 0, 8, 7, 6, 1, 27, 1, 2, 10, 147, 3, 3, 0, 0, 14, 23, 15, 1, 39]",264
gpqa_diamond,gpqa_diamond:rec4JrWy7Il8ho5vk,1,137,128,13,1,127,264,6,"[17, 4, 17, 20, 4, 3, 2, 11, 32, 1, 3, 8, 0, 12, 11, 6, 7, 17, 0, 67, 2, 1, 7, 12, 4, 28, 20, 14, 17, 3, 16, 8, 8, 0, 122, 25, 2, 22, 11, 2, 5, 18, 9, 1, 40, 15, 15, 0, 18, 14, 2, 22, 1, 92, 3, 61, 1, 0, 7, 16, 0, 13, 94, 8, 8, 0, 31, 48, 11, 0, 1, 34, 0, 5, 30, 0, 14, 25, 0, 19, 0, 12, 17, 3, 0, 3, 4, 9, 1, 0, 1, 15, 3, 4, 0, 0, 1, 24, 1, 10, 0, 13, 6, 1, 49, 0, 13, 1, 0, 31, 2, 2, 4, 3, 12, 0, 1, 14, 3, 7, 4, 8, 18, 6, 0, 19, 2, 10]",264
gpqa_diamond,gpqa_diamond:rec4JrWy7Il8ho5vk,1,137,128,15,1,127,264,6,"[7, 1, 1, 17, 1, 17, 0, 0, 10, 5, 9, 6, 4, 6, 35, 20, 15, 2, 23, 1, 6, 14, 0, 144, 9, 3, 82, 5, 5, 8, 1, 0, 46, 33, 7, 9, 3, 0, 15, 35, 0, 72, 1, 2, 0, 1, 29, 5, 0, 6, 53, 29, 0, 2, 6, 11, 2, 6, 13, 5, 5, 0, 9, 134, 8, 2, 0, 5, 35, 6, 0, 44, 1, 7, 14, 9, 0, 2, 5, 0, 4, 2, 18, 5, 5, 9, 1, 0, 21, 6, 1, 2, 0, 0, 9, 8, 11, 25, 31, 9, 0, 4, 25, 0, 9, 9, 0, 6, 15, 0, 0, 1, 1, 14, 14, 8, 5, 2, 0, 8, 16, 7, 23, 9, 28, 66, 12, 1]",264
gpqa_diamond,gpqa_diamond:rec4JrWy7Il8ho5vk,1,137,128,17,1,127,264,6,"[10, 3, 0, 51, 7, 18, 0, 4, 9, 7, 2, 11, 20, 26, 1, 67, 12, 7, 9, 18, 4, 3, 1, 0, 14, 1, 0, 30, 9, 7, 6, 5, 38, 57, 9, 11, 26, 16, 2, 37, 21, 11, 3, 1, 14, 25, 11, 2, 0, 13, 2, 12, 8, 6, 7, 1, 21, 12, 1, 32, 87, 2, 9, 0, 105, 0, 18, 2, 27, 5, 0, 1, 4, 121, 35, 6, 3, 10, 2, 0, 41, 32, 0, 1, 1, 12, 21, 18, 19, 14, 11, 2, 10, 3, 4, 2, 6, 8, 7, 0, 3, 3, 8, 0, 7, 4, 2, 0, 15, 8, 0, 19, 9, 8, 5, 19, 12, 1, 10, 2, 0, 10, 14, 0, 1, 0, 7, 7]",264
gpqa_diamond,gpqa_diamond:rec4JrWy7Il8ho5vk,1,137,128,20,1,127,264,6,"[8, 3, 1, 0, 0, 20, 1, 19, 8, 2, 18, 3, 23, 8, 0, 21, 86, 32, 4, 40, 1, 34, 0, 0, 0, 2, 6, 2, 19, 7, 13, 4, 5, 4, 17, 2, 3, 2, 7, 2, 0, 0, 29, 0, 9, 4, 3, 0, 8, 0, 89, 10, 3, 2, 6, 4, 1, 6, 39, 0, 17, 7, 13, 7, 27, 11, 39, 0, 4, 4, 28, 15, 2, 7, 8, 9, 2, 4, 1, 14, 6, 1, 7, 2, 4, 30, 0, 24, 0, 0, 9, 49, 2, 1, 0, 11, 15, 22, 25, 0, 0, 1, 79, 8, 3, 33, 6, 8, 17, 3, 0, 48, 133, 15, 2, 10, 12, 0, 10, 0, 11, 5, 14, 1, 51, 11, 31, 5]",264
gpqa_diamond,gpqa_diamond:rec4JrWy7Il8ho5vk,1,137,128,22,1,127,264,6,"[6, 5, 4, 37, 13, 2, 8, 18, 25, 5, 6, 2, 10, 3, 63, 0, 7, 18, 2, 2, 16, 18, 12, 5, 6, 16, 19, 7, 0, 11, 3, 7, 34, 11, 1, 1, 26, 6, 8, 3, 21, 16, 17, 6, 13, 34, 0, 4, 9, 54, 17, 2, 44, 4, 9, 35, 24, 2, 49, 3, 16, 14, 8, 20, 22, 40, 7, 23, 4, 16, 16, 25, 24, 10, 11, 1, 9, 29, 0, 15, 9, 14, 8, 30, 10, 5, 7, 5, 2, 14, 1, 7, 0, 1, 7, 16, 1, 12, 10, 14, 9, 67, 0, 13, 1, 6, 6, 4, 0, 31, 20, 3, 22, 2, 1, 4, 0, 11, 8, 0, 3, 3, 10, 20, 30, 2, 15, 1]",264
gpqa_diamond,gpqa_diamond:rec4JrWy7Il8ho5vk,1,137,128,24,1,127,264,6,"[9, 0, 1, 23, 11, 8, 2, 0, 2, 5, 0, 3, 37, 2, 0, 8, 26, 11, 0, 20, 2, 111, 14, 1, 12, 15, 12, 2, 0, 16, 34, 1, 1, 6, 12, 4, 0, 26, 2, 42, 0, 65, 6, 0, 3, 16, 38, 5, 2, 28, 2, 1, 0, 7, 84, 1, 14, 12, 3, 1, 0, 0, 11, 6, 2, 19, 0, 17, 32, 0, 9, 7, 8, 7, 12, 15, 8, 1, 39, 1, 2, 17, 10, 13, 17, 0, 5, 25, 8, 0, 14, 27, 16, 15, 4, 0, 3, 3, 1, 1, 16, 3, 0, 28, 4, 2, 4, 3, 0, 0, 15, 0, 27, 15, 18, 16, 3, 2, 0, 6, 9, 83, 18, 149, 0, 0, 18, 1]",264
gpqa_diamond,gpqa_diamond:rec4JrWy7Il8ho5vk,1,137,128,27,1,127,264,6,"[31, 11, 134, 1, 8, 6, 10, 8, 32, 8, 19, 8, 31, 8, 9, 15, 0, 1, 3, 11, 0, 8, 0, 14, 3, 5, 5, 5, 9, 2, 21, 5, 32, 90, 8, 23, 5, 9, 4, 6, 74, 7, 0, 0, 0, 0, 3, 1, 14, 0, 22, 25, 20, 22, 2, 1, 11, 4, 13, 17, 3, 1, 14, 1, 10, 10, 5, 0, 10, 2, 12, 0, 18, 4, 0, 6, 82, 0, 3, 3, 11, 1, 0, 1, 5, 4, 2, 7, 6, 0, 124, 23, 0, 0, 2, 13, 1, 1, 20, 1, 3, 3, 15, 49, 22, 12, 4, 0, 11, 0, 13, 11, 7, 5, 1, 0, 0, 16, 7, 27, 17, 64, 6, 7, 0, 2, 24, 8]",264
gpqa_diamond,gpqa_diamond:rec4JrWy7Il8ho5vk,1,137,128,29,1,127,264,6,"[11, 6, 3, 3, 1, 3, 1, 10, 9, 0, 11, 3, 19, 5, 12, 0, 6, 7, 43, 18, 7, 6, 7, 6, 8, 25, 7, 3, 7, 14, 8, 3, 1, 4, 19, 10, 19, 8, 6, 29, 107, 18, 2, 18, 20, 48, 4, 8, 9, 5, 14, 11, 114, 9, 9, 6, 1, 3, 4, 2, 19, 5, 1, 8, 2, 52, 34, 3, 2, 0, 19, 17, 8, 11, 12, 6, 3, 1, 2, 2, 39, 16, 6, 4, 1, 3, 8, 11, 48, 81, 8, 21, 1, 8, 4, 9, 23, 17, 1, 7, 10, 9, 16, 2, 7, 30, 9, 0, 9, 2, 4, 4, 3, 8, 3, 5, 11, 7, 10, 1, 8, 14, 4, 54, 10, 2, 26, 13]",264
gpqa_diamond,gpqa_diamond:rec4JrWy7Il8ho5vk,1,137,128,31,1,127,264,6,"[8, 10, 8, 5, 13, 4, 15, 11, 8, 5, 11, 45, 10, 93, 35, 2, 2, 0, 12, 24, 0, 16, 13, 21, 0, 22, 0, 41, 13, 6, 29, 6, 29, 15, 3, 7, 18, 7, 12, 11, 3, 1, 4, 20, 9, 25, 11, 15, 9, 7, 23, 3, 29, 3, 60, 0, 1, 2, 10, 20, 2, 21, 15, 66, 27, 1, 15, 98, 5, 8, 15, 11, 4, 8, 1, 1, 14, 4, 30, 7, 7, 5, 2, 15, 2, 4, 10, 26, 3, 16, 13, 1, 18, 10, 4, 13, 6, 8, 10, 5, 11, 3, 27, 1, 16, 15, 9, 1, 4, 0, 1, 14, 4, 2, 2, 2, 3, 0, 12, 13, 0, 0, 14, 19, 0, 2, 7, 26]",264
gpqa_diamond,gpqa_diamond:rec4JrWy7Il8ho5vk,1,137,128,34,1,127,264,6,"[5, 48, 3, 1, 16, 5, 8, 65, 1, 15, 14, 6, 13, 39, 4, 14, 19, 8, 26, 0, 9, 0, 3, 2, 34, 20, 1, 9, 5, 11, 2, 9, 1, 1, 5, 2, 0, 17, 4, 1, 5, 9, 13, 12, 5, 3, 20, 12, 9, 11, 63, 3, 8, 4, 13, 1, 0, 3, 4, 10, 9, 18, 17, 5, 16, 3, 0, 15, 4, 7, 10, 36, 3, 17, 2, 0, 8, 0, 2, 63, 0, 25, 7, 4, 41, 3, 2, 1, 14, 4, 0, 6, 3, 10, 7, 9, 118, 51, 24, 8, 51, 13, 50, 61, 1, 4, 4, 9, 15, 24, 7, 4, 10, 0, 0, 9, 7, 2, 14, 2, 18, 13, 10, 27, 1, 1, 1, 0]",264
gpqa_diamond,gpqa_diamond:rec4JrWy7Il8ho5vk,1,137,128,36,1,127,264,6,"[2, 14, 2, 12, 1, 4, 3, 20, 1, 5, 3, 28, 23, 0, 32, 14, 32, 6, 14, 15, 27, 0, 1, 17, 6, 28, 6, 17, 21, 5, 5, 18, 8, 5, 19, 14, 7, 14, 6, 24, 42, 3, 13, 0, 1, 23, 15, 0, 0, 7, 2, 6, 1, 4, 14, 0, 5, 6, 11, 8, 0, 7, 8, 6, 4, 3, 5, 0, 23, 144, 31, 8, 10, 2, 10, 14, 6, 12, 23, 8, 0, 2, 2, 31, 6, 9, 8, 9, 4, 8, 9, 17, 5, 5, 27, 4, 8, 13, 27, 9, 3, 1, 1, 3, 88, 14, 7, 3, 9, 19, 7, 45, 24, 14, 6, 10, 5, 17, 25, 15, 1, 13, 1, 4, 0, 4, 34, 44]",264
gpqa_diamond,gpqa_diamond:rec4JrWy7Il8ho5vk,1,137,128,38,1,127,264,6,"[4, 1, 0, 7, 12, 2, 19, 4, 2, 1, 11, 0, 13, 4, 0, 3, 6, 3, 16, 20, 14, 1, 8, 1, 6, 4, 12, 11, 5, 12, 4, 4, 11, 1, 10, 14, 2, 25, 0, 6, 15, 1, 20, 0, 28, 0, 24, 6, 13, 3, 3, 14, 7, 17, 36, 25, 1, 4, 6, 0, 8, 3, 1, 10, 7, 1, 145, 2, 27, 0, 6, 17, 0, 8, 4, 4, 2, 6, 6, 2, 0, 3, 18, 9, 5, 27, 7, 29, 32, 3, 9, 5, 2, 0, 14, 13, 3, 31, 10, 26, 21, 108, 50, 7, 1, 40, 12, 0, 9, 16, 6, 1, 5, 14, 0, 7, 22, 3, 18, 20, 146, 1, 10, 7, 29, 4, 12, 8]",264
gpqa_diamond,gpqa_diamond:rec4JrWy7Il8ho5vk,1,137,128,40,1,127,264,6,"[4, 8, 17, 4, 16, 17, 14, 0, 18, 146, 21, 4, 17, 0, 9, 2, 3, 3, 8, 24, 0, 7, 12, 11, 1, 49, 17, 3, 11, 5, 19, 0, 0, 12, 106, 20, 22, 4, 15, 1, 6, 7, 5, 12, 12, 1, 6, 9, 7, 19, 7, 11, 19, 4, 8, 5, 7, 16, 2, 6, 8, 4, 24, 11, 0, 149, 4, 12, 9, 14, 11, 2, 12, 8, 9, 1, 8, 14, 1, 8, 1, 15, 4, 1, 1, 13, 13, 13, 5, 9, 0, 18, 85, 13, 2, 18, 4, 15, 1, 1, 4, 2, 9, 16, 22, 2, 5, 5, 17, 5, 3, 0, 13, 13, 5, 9, 1, 2, 5, 21, 6, 14, 0, 3, 1, 22, 6, 13]",264
gpqa_diamond,gpqa_diamond:rec4JrWy7Il8ho5vk,1,137,128,43,1,127,264,6,"[1, 1, 28, 2, 21, 18, 5, 17, 0, 9, 13, 3, 4, 6, 1, 9, 11, 8, 2, 12, 7, 4, 0, 21, 2, 9, 3, 4, 29, 5, 7, 1, 0, 13, 3, 1, 53, 8, 51, 5, 27, 23, 15, 15, 4, 3, 5, 8, 7, 0, 9, 16, 8, 15, 20, 13, 11, 9, 13, 1, 8, 4, 1, 19, 7, 3, 2, 3, 16, 16, 4, 2, 47, 35, 4, 0, 15, 0, 30, 3, 5, 3, 158, 6, 39, 11, 1, 4, 12, 5, 10, 5, 0, 28, 18, 13, 7, 3, 1, 20, 1, 5, 1, 1, 7, 1, 6, 7, 17, 50, 0, 7, 1, 3, 5, 5, 5, 7, 11, 19, 17, 29, 4, 162, 1, 17, 2, 6]",264
gpqa_diamond,gpqa_diamond:rec4JrWy7Il8ho5vk,1,137,128,45,1,127,264,6,"[4, 12, 18, 22, 57, 13, 15, 2, 0, 2, 17, 28, 5, 21, 11, 16, 4, 5, 15, 3, 3, 2, 3, 11, 9, 18, 14, 33, 0, 4, 10, 2, 11, 4, 5, 1, 25, 1, 14, 18, 2, 37, 9, 13, 10, 6, 34, 6, 5, 10, 40, 46, 6, 21, 3, 11, 10, 14, 14, 8, 25, 9, 13, 16, 3, 22, 16, 9, 31, 12, 6, 4, 4, 6, 22, 17, 5, 16, 50, 1, 15, 10, 16, 3, 10, 5, 12, 50, 2, 1, 11, 33, 5, 35, 3, 4, 1, 6, 14, 5, 2, 29, 15, 8, 25, 4, 5, 10, 17, 10, 7, 2, 15, 2, 1, 6, 21, 2, 22, 11, 4, 5, 5, 5, 35, 9, 4, 12]",264
gpqa_diamond,gpqa_diamond:rec4JrWy7Il8ho5vk,1,137,128,47,1,127,264,6,"[13, 25, 4, 14, 8, 15, 7, 9, 31, 8, 11, 8, 8, 5, 5, 0, 2, 16, 88, 5, 2, 7, 4, 11, 22, 15, 2, 12, 1, 1, 4, 4, 7, 4, 14, 6, 36, 1, 5, 6, 14, 11, 1, 125, 6, 11, 0, 8, 11, 5, 6, 3, 7, 2, 10, 22, 73, 15, 12, 13, 16, 6, 7, 16, 11, 6, 9, 3, 11, 3, 17, 52, 6, 18, 7, 112, 4, 5, 7, 2, 2, 4, 1, 10, 16, 1, 5, 5, 25, 5, 2, 3, 8, 5, 5, 20, 17, 19, 16, 1, 19, 19, 12, 4, 8, 6, 0, 24, 10, 0, 5, 19, 6, 7, 5, 5, 13, 6, 6, 13, 12, 4, 11, 8, 17, 0, 24, 32]",264
gpqa_diamond,gpqa_diamond:rec4JrWy7Il8ho5vk,1,137,128,49,1,127,264,6,"[22, 2, 21, 1, 7, 0, 24, 5, 6, 0, 2, 16, 8, 31, 12, 16, 14, 7, 8, 11, 2, 25, 1, 4, 4, 18, 12, 1, 10, 1, 56, 25, 17, 3, 9, 10, 14, 21, 2, 0, 7, 5, 19, 6, 19, 7, 6, 8, 14, 13, 13, 0, 7, 3, 6, 13, 2, 11, 9, 3, 1, 17, 53, 24, 17, 15, 6, 38, 22, 13, 9, 8, 21, 17, 16, 5, 0, 2, 0, 3, 12, 6, 27, 0, 7, 5, 1, 2, 5, 13, 50, 0, 19, 11, 55, 1, 1, 103, 7, 6, 7, 16, 0, 2, 8, 19, 0, 10, 0, 3, 10, 0, 1, 17, 20, 8, 54, 2, 11, 5, 86, 1, 35, 7, 1, 10, 3, 11]",264
gpqa_diamond,gpqa_diamond:rec4JrWy7Il8ho5vk,1,137,128,51,1,127,264,6,"[0, 24, 12, 19, 6, 5, 15, 4, 10, 17, 12, 1, 25, 2, 8, 1, 16, 26, 11, 9, 2, 13, 4, 27, 5, 31, 13, 26, 6, 1, 8, 12, 7, 9, 5, 22, 22, 4, 2, 5, 5, 50, 5, 3, 17, 14, 14, 3, 23, 89, 13, 15, 4, 16, 37, 15, 7, 7, 23, 2, 5, 16, 9, 2, 7, 1, 13, 7, 12, 6, 17, 7, 8, 9, 25, 21, 16, 6, 13, 43, 27, 15, 10, 17, 19, 20, 10, 6, 5, 12, 3, 9, 16, 18, 7, 15, 8, 17, 2, 11, 19, 1, 6, 8, 3, 11, 8, 0, 12, 15, 16, 9, 22, 13, 13, 10, 4, 8, 10, 5, 13, 6, 4, 37, 1, 17, 9, 5]",264
gpqa_diamond,gpqa_diamond:rec4L69T0Y1AS4AFS,1,362,128,1,1,127,489,6,"[30, 19, 29, 10, 28, 10, 8, 32, 10, 30, 23, 23, 25, 29, 29, 31, 35, 20, 18, 11, 35, 25, 25, 16, 44, 46, 17, 19, 14, 9, 13, 47, 29, 9, 31, 11, 24, 20, 8, 8, 18, 23, 23, 14, 33, 15, 9, 24, 26, 4, 40, 18, 16, 15, 11, 26, 35, 19, 17, 40, 22, 45, 12, 9, 33, 11, 30, 17, 37, 27, 20, 40, 36, 29, 21, 10, 19, 41, 43, 17, 21, 20, 14, 30, 29, 16, 35, 25, 13, 18, 18, 20, 48, 19, 14, 16, 25, 31, 12, 15, 18, 20, 27, 5, 20, 38, 26, 59, 29, 20, 27, 16, 9, 21, 13, 33, 13, 21, 28, 16, 31, 23, 26, 44, 17, 30, 11, 9]",489
gpqa_diamond,gpqa_diamond:rec4L69T0Y1AS4AFS,1,362,128,3,1,127,489,6,"[33, 33, 31, 10, 23, 28, 32, 53, 20, 4, 14, 21, 29, 19, 8, 19, 14, 34, 25, 7, 40, 17, 8, 43, 13, 13, 22, 34, 28, 18, 19, 9, 19, 20, 12, 7, 9, 18, 45, 32, 10, 21, 14, 35, 14, 21, 76, 21, 25, 22, 20, 10, 17, 19, 11, 10, 22, 16, 70, 4, 19, 15, 69, 11, 39, 46, 34, 15, 14, 41, 42, 21, 23, 24, 46, 48, 19, 21, 29, 9, 13, 40, 10, 8, 12, 31, 16, 29, 15, 23, 7, 20, 21, 22, 16, 54, 18, 17, 6, 11, 26, 41, 13, 16, 13, 19, 18, 17, 13, 17, 40, 41, 27, 11, 25, 21, 16, 28, 23, 21, 26, 14, 36, 14, 24, 11, 36, 12]",489
gpqa_diamond,gpqa_diamond:rec4L69T0Y1AS4AFS,1,362,128,6,1,127,489,6,"[22, 25, 22, 33, 18, 10, 2, 21, 19, 20, 9, 5, 36, 30, 7, 12, 213, 3, 33, 16, 26, 136, 12, 21, 12, 6, 7, 27, 13, 24, 14, 27, 14, 21, 14, 6, 24, 48, 8, 18, 17, 41, 5, 23, 15, 13, 20, 12, 1, 144, 12, 32, 6, 12, 20, 7, 19, 21, 27, 13, 14, 36, 5, 1, 11, 2, 20, 10, 5, 6, 7, 31, 6, 17, 11, 14, 9, 13, 17, 26, 18, 62, 25, 8, 17, 14, 9, 6, 4, 21, 9, 12, 39, 3, 9, 23, 19, 6, 35, 15, 27, 26, 34, 22, 11, 24, 30, 15, 28, 12, 16, 9, 7, 285, 51, 4, 10, 12, 11, 10, 23, 8, 41, 37, 16, 23, 20, 13]",489
gpqa_diamond,gpqa_diamond:rec4L69T0Y1AS4AFS,1,362,128,8,1,127,489,6,"[23, 28, 39, 4, 74, 66, 3, 1, 5, 8, 5, 4, 16, 3, 6, 8, 3, 7, 10, 16, 45, 9, 3, 1, 6, 8, 11, 321, 177, 25, 5, 14, 8, 8, 2, 16, 17, 5, 28, 156, 13, 10, 18, 6, 16, 8, 42, 7, 37, 4, 37, 4, 13, 33, 31, 5, 9, 0, 2, 23, 3, 0, 0, 22, 11, 5, 60, 1, 16, 59, 303, 0, 25, 7, 20, 25, 12, 85, 4, 5, 29, 2, 20, 0, 16, 6, 6, 3, 19, 21, 35, 8, 41, 21, 22, 29, 16, 18, 12, 16, 5, 1, 22, 3, 14, 8, 14, 34, 52, 49, 6, 21, 0, 4, 2, 6, 22, 6, 25, 21, 1, 21, 4, 38, 9, 18, 6, 7]",489
gpqa_diamond,gpqa_diamond:rec4L69T0Y1AS4AFS,1,362,128,10,1,127,489,6,"[26, 12, 35, 3, 40, 41, 11, 75, 0, 17, 21, 7, 3, 4, 5, 18, 9, 0, 15, 1, 16, 35, 18, 8, 16, 4, 42, 35, 12, 2, 57, 6, 11, 2, 158, 25, 1, 12, 6, 18, 30, 8, 0, 2, 26, 22, 0, 92, 172, 1, 19, 10, 14, 19, 16, 11, 33, 10, 16, 3, 18, 2, 25, 16, 19, 2, 1, 295, 4, 47, 24, 8, 19, 6, 3, 1, 4, 53, 22, 12, 6, 4, 50, 2, 7, 37, 39, 0, 77, 40, 3, 6, 72, 14, 76, 5, 12, 73, 15, 52, 22, 10, 16, 7, 12, 20, 15, 3, 0, 12, 40, 6, 94, 4, 46, 3, 8, 3, 4, 3, 5, 1, 15, 21, 7, 14, 1, 40]",489
gpqa_diamond,gpqa_diamond:rec4L69T0Y1AS4AFS,1,362,128,13,1,127,489,6,"[14, 3, 32, 7, 9, 186, 24, 24, 31, 11, 15, 351, 4, 17, 35, 2, 20, 43, 10, 81, 1, 2, 22, 15, 16, 73, 11, 2, 17, 22, 30, 5, 11, 1, 12, 5, 2, 77, 45, 9, 6, 21, 11, 1, 3, 41, 6, 0, 9, 39, 2, 6, 2, 10, 5, 68, 2, 57, 22, 8, 3, 2, 90, 4, 24, 1, 7, 0, 3, 3, 3, 27, 8, 62, 49, 7, 17, 61, 0, 10, 2, 45, 17, 0, 13, 18, 112, 10, 39, 13, 2, 4, 12, 1, 0, 43, 1, 17, 10, 80, 3, 43, 55, 9, 36, 5, 6, 1, 2, 2, 5, 33, 36, 8, 139, 12, 3, 11, 14, 11, 15, 6, 21, 4, 13, 2, 3, 0]",489
gpqa_diamond,gpqa_diamond:rec4L69T0Y1AS4AFS,1,362,128,15,1,127,489,6,"[18, 2, 24, 48, 3, 11, 3, 27, 19, 24, 6, 23, 7, 11, 41, 28, 72, 14, 7, 0, 21, 25, 16, 6, 68, 13, 191, 33, 24, 15, 3, 7, 24, 26, 0, 0, 381, 7, 7, 12, 1, 161, 0, 15, 4, 20, 36, 3, 1, 20, 4, 0, 2, 4, 0, 20, 5, 18, 28, 14, 18, 8, 4, 141, 8, 5, 8, 4, 9, 0, 3, 25, 3, 59, 21, 40, 0, 2, 20, 52, 12, 7, 9, 1, 25, 28, 1, 0, 28, 2, 7, 1, 1, 0, 1, 20, 29, 15, 12, 2, 4, 8, 75, 8, 20, 72, 18, 11, 11, 0, 70, 11, 10, 0, 30, 7, 2, 17, 0, 20, 24, 14, 36, 53, 33, 47, 44, 35]",489
gpqa_diamond,gpqa_diamond:rec4L69T0Y1AS4AFS,1,362,128,17,1,127,489,6,"[22, 12, 6, 13, 33, 19, 4, 1, 11, 14, 2, 17, 25, 25, 73, 41, 13, 5, 7, 15, 1, 40, 12, 0, 53, 7, 12, 43, 17, 8, 36, 16, 58, 8, 57, 0, 18, 28, 1, 47, 22, 8, 6, 4, 9, 36, 14, 1, 0, 34, 22, 6, 22, 87, 5, 17, 2, 6, 6, 26, 90, 0, 14, 0, 23, 2, 34, 2, 32, 20, 0, 5, 51, 101, 31, 11, 4, 33, 0, 2, 42, 3, 4, 5, 7, 16, 13, 25, 13, 35, 37, 0, 29, 9, 74, 18, 26, 0, 43, 0, 20, 10, 30, 0, 5, 7, 2, 53, 26, 14, 5, 26, 264, 6, 5, 7, 276, 5, 56, 2, 3, 25, 15, 45, 3, 1, 7, 9]",489
gpqa_diamond,gpqa_diamond:rec4L69T0Y1AS4AFS,1,362,128,20,1,127,489,6,"[69, 34, 1, 51, 5, 6, 1, 2, 10, 47, 19, 5, 9, 15, 62, 32, 80, 8, 8, 30, 5, 94, 1, 2, 20, 10, 1, 7, 25, 14, 8, 0, 74, 4, 3, 0, 5, 5, 18, 10, 1, 1, 48, 27, 13, 6, 1, 0, 17, 16, 68, 68, 14, 14, 13, 9, 3, 7, 35, 10, 60, 21, 14, 46, 33, 21, 58, 7, 54, 30, 18, 12, 0, 3, 21, 7, 28, 35, 16, 38, 10, 7, 6, 2, 3, 10, 7, 11, 8, 85, 15, 140, 9, 8, 0, 10, 42, 70, 30, 14, 2, 4, 33, 11, 10, 11, 25, 14, 15, 5, 0, 29, 101, 15, 8, 6, 14, 35, 23, 5, 52, 10, 44, 203, 22, 43, 0, 14]",489
gpqa_diamond,gpqa_diamond:rec4L69T0Y1AS4AFS,1,362,128,22,1,127,489,6,"[13, 18, 7, 71, 26, 13, 22, 23, 14, 31, 12, 11, 4, 11, 2, 14, 4, 10, 5, 3, 36, 7, 24, 18, 9, 16, 25, 15, 1, 29, 13, 6, 6, 36, 0, 41, 17, 14, 19, 10, 29, 29, 41, 22, 50, 42, 0, 13, 7, 77, 10, 16, 11, 51, 17, 12, 27, 20, 61, 1, 0, 20, 57, 72, 17, 56, 5, 37, 17, 22, 60, 24, 10, 16, 19, 24, 45, 179, 0, 4, 7, 26, 25, 32, 23, 17, 36, 13, 11, 49, 63, 29, 7, 6, 2, 34, 32, 28, 15, 26, 4, 17, 10, 32, 13, 54, 51, 21, 2, 28, 26, 8, 42, 48, 1, 24, 3, 33, 11, 22, 2, 1, 26, 31, 28, 1, 27, 11]",489
gpqa_diamond,gpqa_diamond:rec4L69T0Y1AS4AFS,1,362,128,24,1,127,489,6,"[19, 3, 10, 30, 6, 1, 1, 4, 9, 9, 4, 45, 40, 19, 4, 9, 16, 19, 2, 20, 38, 24, 31, 0, 9, 8, 22, 7, 1, 36, 35, 326, 4, 26, 14, 1, 0, 7, 2, 175, 4, 8, 27, 2, 3, 23, 23, 4, 4, 24, 2, 42, 0, 8, 148, 1, 162, 4, 15, 4, 1, 2, 10, 14, 1, 33, 0, 0, 13, 1, 21, 4, 1, 2, 16, 29, 0, 4, 35, 2, 4, 14, 11, 12, 26, 3, 15, 41, 344, 4, 2, 9, 19, 6, 2, 1, 2, 9, 8, 8, 8, 5, 0, 6, 11, 8, 9, 14, 4, 0, 27, 1, 9, 10, 14, 7, 19, 1, 0, 5, 16, 100, 27, 324, 4, 9, 6, 17]",489
gpqa_diamond,gpqa_diamond:rec4L69T0Y1AS4AFS,1,362,128,27,1,127,489,6,"[7, 5, 110, 18, 22, 7, 47, 26, 0, 9, 25, 0, 18, 52, 1, 6, 3, 7, 19, 18, 0, 6, 7, 125, 26, 37, 15, 13, 8, 3, 29, 39, 60, 60, 8, 1, 42, 2, 18, 5, 81, 24, 17, 1, 17, 34, 13, 20, 18, 42, 30, 67, 29, 18, 29, 1, 4, 1, 26, 26, 0, 0, 23, 18, 13, 19, 24, 12, 29, 10, 20, 22, 243, 4, 1, 11, 201, 2, 8, 9, 5, 15, 4, 16, 10, 5, 1, 27, 8, 2, 16, 15, 3, 32, 4, 53, 2, 14, 6, 9, 6, 27, 18, 64, 17, 20, 32, 0, 38, 12, 8, 28, 11, 26, 12, 25, 4, 30, 26, 20, 14, 69, 16, 8, 0, 4, 19, 62]",489
gpqa_diamond,gpqa_diamond:rec4L69T0Y1AS4AFS,1,362,128,29,1,127,489,6,"[12, 23, 11, 5, 18, 10, 7, 20, 0, 2, 36, 9, 4, 6, 71, 5, 2, 25, 68, 51, 11, 14, 4, 12, 5, 9, 31, 16, 1, 19, 13, 0, 9, 1, 248, 9, 56, 22, 12, 48, 245, 7, 20, 18, 82, 6, 0, 13, 11, 13, 40, 13, 107, 8, 43, 8, 5, 10, 11, 15, 16, 10, 0, 23, 6, 15, 47, 2, 8, 13, 37, 11, 19, 25, 11, 7, 19, 3, 2, 22, 7, 20, 23, 2, 5, 34, 11, 19, 26, 65, 30, 37, 23, 91, 5, 14, 32, 26, 3, 21, 15, 22, 41, 7, 8, 14, 19, 7, 14, 2, 2, 12, 20, 1, 2, 15, 9, 5, 66, 9, 33, 7, 3, 6, 21, 6, 149, 29]",489
gpqa_diamond,gpqa_diamond:rec4L69T0Y1AS4AFS,1,362,128,31,1,127,489,6,"[19, 39, 11, 11, 11, 3, 27, 25, 13, 27, 8, 25, 7, 12, 11, 4, 10, 6, 24, 16, 0, 32, 19, 5, 8, 5, 0, 72, 21, 13, 56, 41, 39, 16, 10, 11, 40, 26, 45, 36, 12, 0, 20, 17, 16, 27, 46, 19, 15, 6, 4, 6, 13, 38, 9, 1, 2, 16, 1, 17, 22, 28, 19, 4, 5, 5, 25, 189, 10, 1, 23, 13, 25, 20, 12, 89, 13, 12, 27, 15, 31, 19, 7, 20, 1, 6, 68, 55, 20, 28, 14, 26, 18, 27, 9, 27, 65, 6, 12, 6, 45, 16, 37, 3, 26, 16, 18, 1, 11, 10, 11, 49, 19, 11, 1, 0, 9, 6, 7, 376, 5, 3, 26, 19, 29, 21, 14, 34]",489
gpqa_diamond,gpqa_diamond:rec4L69T0Y1AS4AFS,1,362,128,34,1,127,489,6,"[15, 47, 9, 2, 59, 35, 27, 104, 360, 27, 10, 26, 25, 30, 24, 32, 11, 15, 23, 2, 37, 10, 19, 12, 25, 19, 0, 27, 4, 47, 1, 33, 2, 11, 33, 3, 8, 13, 7, 5, 12, 11, 20, 27, 6, 9, 38, 18, 11, 10, 83, 9, 32, 7, 5, 2, 14, 4, 3, 8, 22, 26, 27, 3, 25, 7, 4, 174, 39, 5, 31, 33, 28, 16, 0, 0, 14, 0, 15, 13, 0, 22, 2, 16, 13, 16, 2, 2, 29, 8, 6, 60, 4, 15, 13, 33, 145, 89, 9, 25, 19, 39, 22, 72, 18, 7, 8, 18, 17, 10, 21, 8, 15, 1, 12, 12, 4, 9, 0, 12, 6, 14, 4, 23, 26, 1, 3, 14]",489
gpqa_diamond,gpqa_diamond:rec4L69T0Y1AS4AFS,1,362,128,36,1,127,489,6,"[11, 28, 0, 108, 9, 41, 0, 22, 12, 72, 4, 0, 39, 39, 39, 12, 21, 19, 19, 18, 11, 0, 0, 17, 30, 22, 11, 16, 25, 5, 16, 27, 15, 19, 2, 5, 14, 13, 26, 31, 82, 1, 14, 2, 0, 3, 2, 19, 7, 5, 3, 2, 8, 28, 29, 12, 249, 37, 16, 34, 34, 6, 19, 25, 6, 8, 139, 0, 20, 3, 13, 9, 0, 0, 37, 56, 30, 14, 37, 13, 5, 1, 16, 41, 37, 22, 7, 49, 1, 23, 30, 15, 38, 14, 12, 17, 22, 2, 23, 130, 8, 40, 1, 1, 44, 9, 28, 31, 37, 32, 2, 52, 9, 34, 40, 15, 17, 24, 7, 37, 28, 16, 18, 11, 0, 7, 41, 0]",489
gpqa_diamond,gpqa_diamond:rec4L69T0Y1AS4AFS,1,362,128,38,1,127,489,6,"[1, 19, 3, 4, 19, 14, 20, 12, 29, 2, 22, 73, 2, 10, 0, 4, 13, 10, 13, 15, 21, 31, 4, 8, 32, 18, 68, 24, 8, 20, 0, 39, 12, 13, 12, 19, 3, 9, 0, 4, 13, 10, 23, 15, 16, 0, 95, 6, 10, 4, 18, 23, 6, 24, 5, 31, 12, 12, 8, 0, 13, 15, 5, 23, 7, 4, 23, 0, 24, 9, 32, 38, 9, 0, 39, 15, 8, 3, 6, 60, 4, 0, 37, 21, 9, 34, 9, 16, 8, 380, 16, 28, 14, 1, 19, 6, 11, 0, 24, 3, 22, 103, 36, 19, 17, 44, 6, 1, 26, 8, 3, 362, 33, 14, 29, 8, 6, 163, 26, 3, 18, 9, 10, 13, 5, 4, 7, 5]",489
gpqa_diamond,gpqa_diamond:rec4L69T0Y1AS4AFS,1,362,128,40,1,127,489,6,"[5, 19, 13, 6, 16, 15, 9, 8, 16, 131, 11, 5, 25, 4, 13, 28, 4, 5, 15, 20, 4, 15, 2, 6, 22, 62, 62, 7, 34, 9, 28, 1, 0, 25, 92, 43, 48, 11, 0, 6, 13, 15, 1, 7, 4, 0, 2, 29, 12, 28, 16, 1, 22, 3, 61, 2, 5, 1, 239, 7, 9, 14, 26, 10, 0, 10, 18, 22, 0, 17, 26, 5, 12, 15, 12, 9, 0, 0, 2, 14, 14, 45, 206, 0, 38, 18, 30, 11, 165, 1, 6, 12, 60, 1, 3, 3, 6, 14, 5, 14, 14, 11, 18, 29, 11, 27, 22, 20, 5, 38, 11, 21, 85, 8, 2, 14, 0, 3, 8, 319, 19, 5, 0, 2, 3, 10, 4, 39]",489
gpqa_diamond,gpqa_diamond:rec4L69T0Y1AS4AFS,1,362,128,43,1,127,489,6,"[232, 9, 6, 50, 42, 22, 8, 18, 0, 12, 17, 3, 10, 4, 5, 8, 22, 17, 2, 3, 16, 4, 2, 41, 1, 20, 27, 0, 7, 32, 1, 2, 6, 11, 65, 5, 35, 12, 238, 17, 8, 35, 14, 4, 2, 364, 10, 2, 18, 1, 12, 19, 26, 10, 18, 20, 18, 0, 20, 7, 9, 22, 18, 4, 6, 7, 10, 10, 30, 10, 18, 8, 27, 34, 8, 69, 37, 5, 4, 8, 11, 10, 138, 4, 33, 20, 1, 0, 25, 20, 28, 3, 0, 28, 12, 8, 6, 146, 31, 33, 0, 15, 2, 1, 7, 67, 12, 5, 43, 21, 0, 6, 9, 6, 18, 4, 16, 4, 41, 25, 40, 14, 2, 1, 14, 8, 0, 12]",489
gpqa_diamond,gpqa_diamond:rec4L69T0Y1AS4AFS,1,362,128,45,1,127,489,6,"[19, 5, 38, 11, 14, 26, 6, 6, 0, 3, 14, 37, 13, 13, 10, 7, 3, 24, 15, 4, 0, 9, 13, 20, 22, 25, 14, 47, 5, 26, 23, 9, 79, 10, 19, 20, 7, 3, 22, 32, 12, 60, 26, 12, 10, 6, 27, 13, 3, 10, 251, 4, 13, 21, 12, 4, 0, 95, 29, 11, 5, 18, 8, 189, 63, 8, 17, 30, 18, 51, 5, 5, 3, 9, 17, 25, 27, 7, 23, 5, 18, 19, 8, 20, 42, 5, 28, 8, 3, 2, 20, 19, 8, 24, 18, 30, 2, 9, 1, 8, 4, 15, 12, 17, 34, 4, 3, 7, 11, 54, 4, 11, 28, 3, 9, 295, 9, 25, 26, 15, 1, 3, 7, 147, 35, 14, 19, 5]",489
gpqa_diamond,gpqa_diamond:rec4L69T0Y1AS4AFS,1,362,128,47,1,127,489,6,"[22, 29, 13, 18, 17, 20, 8, 25, 66, 49, 22, 36, 8, 51, 13, 23, 8, 26, 5, 8, 39, 49, 47, 20, 38, 13, 19, 11, 58, 15, 57, 36, 13, 11, 28, 9, 31, 91, 11, 10, 8, 16, 5, 40, 9, 9, 11, 15, 12, 13, 35, 5, 5, 22, 9, 7, 71, 23, 185, 81, 28, 16, 25, 24, 12, 7, 23, 8, 20, 35, 37, 45, 25, 15, 22, 11, 3, 7, 12, 7, 8, 14, 4, 16, 4, 2, 16, 15, 22, 13, 10, 1, 23, 9, 10, 22, 21, 59, 7, 52, 32, 16, 31, 14, 13, 20, 9, 36, 25, 1, 16, 8, 11, 15, 30, 26, 34, 18, 17, 35, 24, 10, 7, 17, 30, 7, 15, 53]",489
gpqa_diamond,gpqa_diamond:rec4L69T0Y1AS4AFS,1,362,128,49,1,127,489,6,"[13, 1, 50, 7, 123, 1, 20, 11, 9, 0, 6, 20, 36, 74, 36, 37, 34, 17, 11, 19, 8, 14, 4, 20, 11, 20, 7, 2, 379, 5, 37, 67, 38, 19, 20, 9, 4, 26, 5, 3, 6, 3, 19, 27, 18, 34, 8, 14, 19, 17, 17, 0, 15, 5, 8, 13, 37, 11, 41, 9, 4, 16, 34, 14, 9, 25, 20, 47, 21, 28, 15, 234, 24, 3, 14, 20, 1, 7, 6, 2, 5, 67, 18, 6, 12, 7, 13, 13, 4, 17, 33, 0, 18, 28, 69, 7, 2, 1, 1, 26, 21, 31, 0, 58, 5, 17, 27, 25, 3, 3, 14, 3, 5, 13, 21, 6, 63, 12, 18, 7, 73, 0, 30, 9, 3, 9, 12, 11]",489
gpqa_diamond,gpqa_diamond:rec4L69T0Y1AS4AFS,1,362,128,51,1,127,489,6,"[9, 25, 14, 12, 16, 3, 35, 18, 11, 83, 0, 9, 38, 5, 31, 7, 9, 25, 12, 38, 18, 15, 32, 32, 36, 26, 18, 17, 5, 14, 9, 22, 29, 14, 14, 20, 20, 9, 21, 25, 11, 67, 18, 14, 17, 33, 25, 13, 26, 13, 25, 17, 14, 58, 78, 5, 9, 9, 22, 14, 7, 32, 19, 2, 17, 1, 23, 19, 122, 16, 22, 2, 21, 22, 20, 15, 30, 10, 23, 59, 25, 29, 28, 10, 88, 26, 45, 36, 11, 92, 8, 2, 20, 28, 46, 23, 22, 17, 16, 35, 105, 10, 7, 12, 3, 22, 30, 2, 23, 23, 17, 17, 20, 26, 8, 10, 5, 6, 33, 36, 13, 26, 13, 32, 3, 24, 7, 28]",489
gpqa_diamond,gpqa_diamond:rec4UqStf9WUVif1f,1,159,128,1,1,127,286,6,"[10, 4, 20, 28, 2, 28, 2, 34, 12, 4, 18, 16, 33, 17, 13, 31, 4, 4, 9, 4, 10, 32, 17, 15, 22, 18, 13, 17, 4, 18, 3, 19, 11, 20, 20, 5, 19, 28, 5, 8, 21, 30, 18, 4, 26, 10, 13, 13, 4, 4, 12, 12, 11, 7, 13, 31, 14, 11, 18, 15, 6, 11, 16, 10, 9, 16, 4, 10, 18, 26, 13, 15, 9, 13, 20, 7, 6, 23, 26, 17, 10, 8, 7, 21, 16, 10, 14, 2, 3, 4, 15, 10, 19, 21, 19, 7, 6, 14, 6, 9, 12, 8, 9, 19, 8, 16, 15, 25, 20, 10, 18, 6, 4, 12, 5, 11, 16, 11, 7, 10, 20, 8, 10, 19, 11, 9, 2, 15]",286
gpqa_diamond,gpqa_diamond:rec4UqStf9WUVif1f,1,159,128,3,1,127,286,6,"[10, 15, 18, 3, 9, 19, 22, 21, 12, 6, 11, 12, 13, 11, 7, 5, 18, 68, 12, 32, 20, 12, 17, 3, 17, 2, 13, 10, 9, 10, 3, 6, 6, 15, 2, 5, 6, 16, 9, 5, 15, 13, 7, 19, 20, 9, 23, 6, 10, 4, 4, 31, 4, 63, 4, 17, 1, 4, 38, 10, 7, 7, 30, 2, 20, 22, 10, 2, 8, 16, 16, 9, 16, 30, 32, 44, 21, 7, 15, 6, 4, 20, 4, 6, 3, 24, 5, 4, 23, 3, 8, 9, 7, 6, 15, 22, 4, 3, 13, 1, 27, 21, 1, 5, 4, 11, 20, 13, 10, 11, 25, 21, 14, 2, 10, 25, 4, 13, 19, 16, 11, 1, 47, 1, 11, 13, 18, 26]",286
gpqa_diamond,gpqa_diamond:rec4UqStf9WUVif1f,1,159,128,6,1,127,286,6,"[3, 2, 12, 34, 6, 0, 1, 7, 12, 4, 7, 1, 6, 16, 5, 20, 36, 1, 5, 12, 24, 24, 8, 52, 6, 2, 4, 7, 4, 18, 61, 12, 6, 7, 34, 1, 27, 23, 18, 3, 3, 8, 46, 2, 7, 19, 14, 25, 1, 18, 0, 2, 5, 10, 7, 1, 15, 11, 18, 16, 12, 81, 9, 19, 10, 5, 3, 7, 35, 3, 5, 29, 2, 7, 6, 3, 7, 4, 13, 12, 20, 36, 11, 5, 4, 4, 24, 2, 10, 7, 1, 8, 19, 2, 2, 7, 12, 8, 34, 18, 12, 8, 17, 18, 29, 10, 16, 12, 9, 14, 44, 25, 1, 37, 13, 19, 4, 13, 17, 24, 26, 3, 14, 3, 18, 25, 6, 14]",286
gpqa_diamond,gpqa_diamond:rec4UqStf9WUVif1f,1,159,128,8,1,127,286,6,"[3, 2, 18, 0, 11, 14, 0, 0, 0, 13, 43, 2, 12, 8, 5, 2, 1, 3, 5, 9, 17, 1, 0, 2, 6, 6, 7, 199, 106, 17, 0, 1, 0, 0, 0, 3, 7, 7, 22, 5, 1, 9, 5, 14, 17, 9, 3, 0, 14, 0, 5, 25, 3, 13, 11, 1, 1, 0, 0, 11, 10, 0, 4, 13, 1, 2, 66, 0, 3, 91, 33, 0, 13, 2, 21, 1, 6, 33, 2, 5, 9, 10, 2, 7, 8, 9, 0, 0, 16, 21, 14, 5, 39, 5, 12, 7, 13, 4, 8, 27, 11, 0, 30, 3, 17, 3, 25, 14, 7, 8, 0, 25, 2, 12, 7, 11, 11, 216, 15, 14, 16, 1, 3, 17, 12, 12, 3, 0]",286
gpqa_diamond,gpqa_diamond:rec4UqStf9WUVif1f,1,159,128,10,1,127,286,6,"[6, 1, 5, 1, 10, 1, 11, 0, 0, 0, 8, 1, 8, 1, 3, 5, 3, 4, 10, 1, 6, 18, 2, 17, 1, 102, 1, 18, 0, 24, 11, 1, 19, 0, 39, 17, 30, 28, 3, 14, 15, 1, 2, 2, 11, 13, 0, 46, 224, 2, 0, 33, 5, 4, 4, 2, 27, 2, 0, 5, 5, 1, 8, 0, 4, 73, 1, 5, 2, 23, 9, 5, 11, 30, 3, 0, 6, 19, 15, 31, 31, 31, 18, 0, 2, 14, 16, 2, 3, 2, 5, 1, 0, 3, 21, 0, 2, 27, 35, 21, 21, 6, 0, 5, 1, 3, 1, 2, 0, 5, 11, 2, 3, 0, 25, 1, 1, 0, 144, 1, 103, 5, 6, 14, 10, 11, 1, 21]",286
gpqa_diamond,gpqa_diamond:rec4UqStf9WUVif1f,1,159,128,13,1,127,286,6,"[13, 5, 1, 143, 2, 8, 7, 7, 78, 3, 3, 11, 0, 34, 10, 0, 2, 2, 0, 43, 15, 2, 11, 2, 34, 15, 21, 0, 12, 6, 22, 77, 38, 0, 69, 0, 7, 19, 18, 0, 4, 6, 5, 1, 9, 10, 4, 2, 3, 4, 1, 131, 1, 86, 1, 21, 0, 2, 10, 37, 0, 14, 47, 1, 11, 17, 11, 4, 17, 2, 2, 6, 1, 8, 27, 0, 6, 16, 0, 4, 1, 4, 3, 3, 0, 4, 3, 6, 2, 1, 2, 4, 4, 2, 0, 80, 3, 24, 1, 9, 13, 11, 5, 2, 11, 1, 12, 1, 87, 7, 0, 4, 1, 4, 52, 1, 1, 6, 15, 4, 10, 8, 23, 1, 0, 0, 6, 2]",286
gpqa_diamond,gpqa_diamond:rec4UqStf9WUVif1f,1,159,128,15,1,127,286,6,"[13, 1, 3, 3, 1, 0, 1, 0, 22, 3, 27, 6, 1, 3, 27, 18, 12, 0, 2, 13, 8, 5, 16, 54, 10, 6, 66, 9, 13, 6, 13, 0, 2, 18, 1, 0, 4, 3, 4, 11, 21, 62, 3, 5, 0, 98, 8, 5, 0, 12, 41, 8, 1, 2, 0, 3, 24, 14, 16, 3, 4, 23, 8, 99, 2, 3, 4, 65, 73, 1, 2, 8, 2, 4, 9, 6, 0, 1, 24, 4, 2, 14, 18, 0, 1, 2, 3, 6, 21, 12, 4, 1, 1, 0, 40, 7, 0, 6, 38, 21, 3, 10, 36, 0, 12, 20, 31, 11, 12, 0, 47, 4, 8, 5, 19, 18, 59, 4, 0, 13, 13, 3, 36, 19, 13, 28, 7, 15]",286
gpqa_diamond,gpqa_diamond:rec4UqStf9WUVif1f,1,159,128,17,1,127,286,6,"[9, 0, 0, 43, 8, 13, 1, 30, 16, 11, 0, 21, 18, 22, 3, 24, 6, 4, 6, 9, 2, 9, 1, 0, 11, 5, 2, 22, 4, 4, 1, 5, 15, 4, 4, 56, 72, 17, 11, 10, 18, 7, 5, 5, 1, 12, 1, 5, 1, 2, 0, 2, 10, 11, 4, 4, 1, 2, 10, 44, 45, 0, 37, 5, 37, 0, 18, 0, 25, 4, 0, 0, 6, 46, 50, 8, 2, 8, 4, 6, 18, 61, 1, 2, 17, 9, 20, 13, 3, 12, 6, 0, 11, 4, 18, 33, 4, 43, 6, 1, 1, 9, 10, 2, 20, 23, 4, 0, 5, 14, 2, 21, 176, 4, 2, 27, 51, 3, 19, 1, 0, 15, 5, 30, 1, 7, 20, 17]",286
gpqa_diamond,gpqa_diamond:rec4UqStf9WUVif1f,1,159,128,20,1,127,286,6,"[7, 1, 3, 5, 1, 4, 6, 14, 5, 4, 9, 26, 29, 6, 13, 15, 35, 30, 15, 24, 0, 5, 0, 2, 0, 1, 59, 2, 23, 9, 28, 22, 11, 14, 2, 0, 0, 2, 7, 5, 0, 2, 13, 2, 6, 0, 1, 0, 0, 0, 196, 24, 7, 10, 7, 2, 13, 6, 15, 0, 15, 9, 12, 16, 19, 11, 0, 1, 15, 12, 6, 5, 0, 8, 5, 7, 7, 9, 5, 17, 0, 2, 11, 1, 5, 38, 28, 30, 0, 44, 19, 23, 0, 2, 0, 3, 6, 5, 26, 1, 0, 12, 16, 0, 1, 39, 4, 7, 12, 6, 0, 9, 72, 20, 0, 8, 47, 15, 4, 2, 13, 2, 20, 118, 69, 8, 35, 6]",286
gpqa_diamond,gpqa_diamond:rec4UqStf9WUVif1f,1,159,128,22,1,127,286,6,"[8, 9, 2, 30, 12, 2, 5, 14, 18, 51, 7, 6, 17, 1, 74, 0, 19, 65, 0, 3, 22, 2, 10, 7, 6, 13, 9, 6, 1, 8, 0, 4, 42, 7, 0, 0, 20, 5, 16, 8, 5, 21, 13, 13, 1, 35, 12, 1, 24, 46, 9, 4, 8, 10, 12, 68, 6, 4, 64, 11, 18, 7, 6, 17, 18, 26, 6, 12, 2, 9, 26, 10, 17, 12, 4, 3, 11, 12, 0, 10, 3, 7, 13, 14, 7, 13, 6, 7, 9, 73, 5, 22, 7, 3, 47, 11, 22, 12, 4, 7, 2, 85, 0, 6, 12, 13, 1, 4, 3, 11, 20, 2, 20, 0, 0, 1, 1, 12, 8, 0, 27, 1, 9, 7, 51, 0, 5, 1]",286
gpqa_diamond,gpqa_diamond:rec4UqStf9WUVif1f,1,159,128,24,1,127,286,6,"[6, 0, 3, 20, 31, 1, 25, 3, 6, 5, 0, 13, 36, 0, 36, 3, 1, 33, 4, 18, 2, 166, 13, 1, 12, 18, 17, 2, 0, 50, 11, 37, 31, 4, 18, 20, 0, 9, 0, 28, 0, 25, 21, 0, 0, 13, 9, 5, 0, 5, 2, 6, 5, 4, 56, 10, 3, 9, 4, 2, 0, 0, 3, 0, 3, 94, 1, 37, 12, 15, 13, 3, 8, 1, 8, 19, 10, 2, 36, 3, 7, 7, 19, 16, 7, 7, 8, 20, 17, 0, 16, 7, 9, 19, 2, 0, 7, 8, 3, 3, 0, 7, 0, 65, 10, 7, 0, 6, 4, 2, 31, 0, 35, 2, 13, 15, 3, 1, 0, 2, 6, 30, 15, 136, 5, 0, 9, 0]",286
gpqa_diamond,gpqa_diamond:rec4UqStf9WUVif1f,1,159,128,27,1,127,286,6,"[29, 8, 52, 1, 1, 39, 27, 0, 0, 2, 3, 16, 2, 15, 25, 7, 4, 2, 6, 8, 0, 20, 0, 9, 10, 11, 18, 3, 9, 11, 17, 12, 57, 50, 0, 85, 6, 9, 3, 3, 41, 7, 1, 1, 5, 2, 4, 1, 5, 0, 15, 9, 8, 17, 4, 8, 34, 3, 10, 17, 21, 4, 5, 1, 12, 7, 8, 0, 6, 23, 11, 0, 93, 2, 2, 6, 66, 1, 2, 2, 5, 4, 96, 0, 4, 4, 6, 8, 3, 7, 165, 13, 4, 1, 3, 24, 0, 2, 16, 5, 0, 16, 33, 50, 18, 19, 3, 0, 9, 4, 9, 2, 0, 0, 0, 2, 1, 16, 11, 8, 12, 30, 16, 5, 1, 18, 10, 9]",286
gpqa_diamond,gpqa_diamond:rec4UqStf9WUVif1f,1,159,128,29,1,127,286,6,"[17, 9, 10, 3, 3, 2, 1, 10, 2, 3, 11, 9, 4, 6, 4, 10, 23, 1, 57, 20, 14, 5, 3, 5, 14, 19, 6, 6, 1, 8, 7, 0, 1, 10, 86, 30, 4, 6, 2, 16, 138, 8, 30, 10, 16, 74, 0, 9, 21, 2, 20, 10, 40, 3, 7, 14, 0, 1, 9, 1, 13, 6, 4, 16, 2, 5, 29, 0, 11, 1, 7, 4, 15, 20, 14, 19, 9, 4, 14, 15, 12, 6, 5, 1, 3, 16, 9, 14, 56, 28, 20, 10, 13, 2, 49, 5, 10, 16, 25, 12, 14, 8, 23, 5, 7, 15, 8, 10, 4, 0, 0, 0, 1, 10, 32, 2, 3, 3, 19, 0, 10, 21, 2, 39, 12, 2, 80, 5]",286
gpqa_diamond,gpqa_diamond:rec4UqStf9WUVif1f,1,159,128,31,1,127,286,6,"[9, 12, 11, 3, 2, 84, 16, 29, 7, 19, 7, 13, 8, 8, 37, 0, 3, 18, 21, 15, 0, 9, 18, 31, 5, 25, 5, 34, 17, 1, 5, 10, 35, 12, 5, 4, 13, 8, 16, 20, 8, 3, 7, 21, 3, 19, 9, 15, 12, 1, 35, 8, 14, 1, 2, 0, 0, 18, 5, 11, 6, 71, 32, 6, 22, 8, 14, 161, 2, 11, 15, 6, 4, 7, 0, 1, 19, 15, 18, 3, 13, 8, 3, 12, 2, 50, 17, 8, 3, 9, 9, 21, 10, 5, 2, 28, 28, 9, 15, 12, 11, 7, 14, 2, 10, 14, 2, 4, 2, 5, 16, 21, 8, 0, 36, 11, 8, 1, 1, 12, 0, 0, 20, 6, 6, 1, 2, 24]",286
gpqa_diamond,gpqa_diamond:rec4UqStf9WUVif1f,1,159,128,34,1,127,286,6,"[8, 67, 2, 5, 11, 9, 9, 43, 1, 13, 12, 18, 14, 29, 10, 12, 1, 20, 1, 3, 10, 0, 8, 6, 25, 33, 2, 51, 18, 4, 0, 16, 2, 19, 7, 19, 4, 8, 12, 4, 2, 9, 9, 13, 0, 10, 19, 12, 5, 2, 34, 3, 25, 10, 15, 1, 2, 3, 1, 5, 10, 14, 14, 25, 13, 5, 0, 63, 5, 2, 15, 12, 2, 24, 0, 0, 28, 0, 13, 218, 16, 2, 4, 4, 24, 0, 36, 3, 12, 4, 1, 6, 2, 21, 20, 47, 22, 34, 15, 6, 14, 9, 18, 53, 0, 1, 4, 3, 5, 11, 3, 15, 7, 0, 0, 10, 20, 13, 10, 6, 11, 11, 1, 23, 4, 0, 4, 2]",286
gpqa_diamond,gpqa_diamond:rec4UqStf9WUVif1f,1,159,128,36,1,127,286,6,"[16, 13, 0, 12, 0, 7, 2, 8, 0, 1, 2, 0, 23, 13, 19, 17, 5, 11, 8, 6, 58, 0, 16, 21, 23, 39, 18, 30, 28, 3, 17, 37, 20, 3, 59, 0, 13, 2, 7, 4, 32, 30, 17, 5, 16, 22, 19, 0, 0, 2, 1, 0, 1, 6, 11, 0, 31, 9, 4, 6, 6, 17, 13, 44, 6, 2, 2, 6, 20, 228, 7, 9, 22, 1, 11, 5, 7, 17, 29, 8, 1, 0, 6, 9, 3, 7, 6, 2, 10, 2, 2, 15, 2, 16, 25, 3, 12, 3, 29, 29, 5, 2, 0, 23, 21, 7, 9, 16, 13, 17, 1, 38, 8, 8, 9, 8, 0, 13, 3, 16, 17, 16, 4, 19, 0, 12, 4, 12]",286
gpqa_diamond,gpqa_diamond:rec4UqStf9WUVif1f,1,159,128,38,1,127,286,6,"[1, 1, 0, 1, 10, 6, 0, 4, 11, 2, 9, 0, 1, 4, 5, 1, 6, 14, 12, 25, 10, 2, 4, 205, 18, 6, 8, 8, 3, 12, 5, 18, 4, 0, 33, 9, 3, 18, 0, 11, 14, 6, 9, 8, 2, 1, 17, 35, 14, 1, 7, 11, 1, 7, 63, 65, 0, 10, 1, 0, 7, 13, 1, 17, 23, 0, 231, 0, 19, 1, 8, 11, 18, 8, 4, 8, 0, 16, 4, 20, 0, 0, 7, 11, 12, 33, 7, 1, 17, 15, 19, 0, 2, 0, 8, 5, 2, 0, 6, 3, 5, 82, 15, 8, 0, 21, 5, 0, 9, 6, 4, 1, 11, 23, 0, 18, 2, 3, 14, 22, 123, 2, 0, 4, 4, 9, 2, 4]",286
gpqa_diamond,gpqa_diamond:rec4UqStf9WUVif1f,1,159,128,40,1,127,286,6,"[1, 1, 11, 3, 7, 8, 1, 8, 33, 81, 11, 22, 2, 0, 4, 6, 1, 2, 11, 9, 0, 4, 2, 9, 0, 30, 38, 1, 6, 11, 14, 210, 10, 19, 120, 18, 21, 2, 23, 0, 7, 8, 4, 28, 51, 2, 10, 27, 16, 16, 11, 2, 15, 10, 3, 0, 5, 9, 10, 37, 4, 1, 36, 7, 2, 13, 17, 11, 1, 8, 4, 0, 4, 18, 14, 0, 3, 0, 0, 0, 1, 25, 22, 8, 2, 7, 48, 24, 11, 1, 2, 3, 62, 11, 2, 19, 6, 3, 0, 1, 0, 11, 55, 14, 30, 7, 2, 14, 22, 5, 1, 0, 8, 3, 4, 6, 8, 4, 11, 9, 6, 14, 6, 19, 3, 5, 2, 15]",286
gpqa_diamond,gpqa_diamond:rec4UqStf9WUVif1f,1,159,128,43,1,127,286,6,"[1, 6, 1, 1, 11, 13, 40, 31, 6, 5, 12, 4, 4, 1, 1, 4, 15, 51, 0, 5, 0, 4, 0, 12, 0, 3, 10, 2, 17, 11, 1, 7, 2, 6, 1, 3, 39, 9, 129, 2, 14, 19, 6, 37, 12, 3, 6, 11, 16, 6, 7, 3, 8, 7, 13, 20, 146, 1, 6, 0, 0, 7, 1, 1, 26, 2, 3, 11, 10, 7, 4, 5, 49, 25, 7, 11, 20, 2, 2, 19, 10, 11, 60, 7, 12, 6, 2, 59, 25, 10, 5, 5, 1, 72, 2, 2, 1, 2, 3, 18, 2, 14, 2, 1, 0, 46, 6, 3, 21, 33, 14, 1, 10, 14, 1, 23, 12, 1, 26, 2, 8, 9, 3, 97, 3, 13, 10, 5]",286
gpqa_diamond,gpqa_diamond:rec4UqStf9WUVif1f,1,159,128,45,1,127,286,6,"[19, 9, 11, 4, 21, 18, 18, 10, 0, 1, 8, 29, 6, 4, 3, 4, 19, 7, 9, 110, 0, 0, 0, 5, 18, 29, 8, 12, 2, 5, 10, 19, 8, 0, 9, 2, 36, 10, 5, 11, 23, 38, 9, 0, 10, 16, 32, 16, 17, 0, 30, 82, 0, 36, 8, 13, 3, 14, 28, 24, 5, 7, 14, 2, 5, 4, 15, 2, 92, 7, 1, 4, 9, 7, 47, 3, 5, 13, 27, 5, 1, 2, 7, 21, 14, 7, 8, 17, 11, 5, 10, 11, 1, 27, 4, 3, 5, 17, 1, 9, 1, 14, 4, 49, 54, 11, 7, 8, 1, 11, 17, 0, 11, 18, 6, 0, 7, 0, 20, 39, 15, 8, 5, 21, 13, 18, 3, 2]",286
gpqa_diamond,gpqa_diamond:rec4UqStf9WUVif1f,1,159,128,47,1,127,286,6,"[10, 12, 5, 0, 1, 7, 3, 18, 23, 36, 4, 27, 51, 3, 6, 3, 10, 24, 39, 5, 11, 9, 6, 0, 34, 21, 9, 8, 1, 0, 6, 17, 2, 3, 27, 6, 44, 1, 3, 1, 68, 9, 3, 16, 4, 15, 54, 5, 21, 3, 22, 7, 12, 2, 1, 5, 76, 8, 9, 17, 14, 5, 17, 24, 63, 2, 59, 16, 15, 11, 11, 7, 0, 13, 12, 107, 6, 3, 2, 15, 4, 7, 9, 8, 31, 1, 3, 0, 6, 24, 8, 6, 12, 7, 7, 20, 12, 25, 2, 16, 27, 3, 11, 0, 4, 2, 0, 7, 5, 0, 4, 36, 5, 4, 9, 5, 6, 15, 6, 8, 13, 3, 9, 7, 28, 0, 11, 25]",286
gpqa_diamond,gpqa_diamond:rec4UqStf9WUVif1f,1,159,128,49,1,127,286,6,"[27, 190, 19, 0, 0, 3, 7, 13, 7, 1, 0, 14, 5, 17, 8, 15, 36, 3, 4, 7, 2, 14, 3, 0, 10, 23, 2, 4, 18, 1, 43, 8, 6, 12, 33, 24, 15, 6, 2, 0, 0, 1, 22, 15, 24, 11, 29, 14, 24, 22, 20, 2, 5, 17, 16, 6, 3, 48, 4, 5, 0, 23, 30, 11, 19, 21, 7, 17, 23, 15, 22, 14, 13, 11, 10, 2, 5, 5, 0, 1, 1, 7, 39, 1, 2, 3, 6, 3, 8, 14, 49, 0, 17, 6, 25, 8, 3, 49, 6, 13, 6, 10, 2, 1, 30, 16, 0, 10, 0, 6, 4, 0, 3, 12, 10, 18, 30, 3, 4, 1, 61, 1, 25, 7, 8, 41, 4, 4]",286
gpqa_diamond,gpqa_diamond:rec4UqStf9WUVif1f,1,159,128,51,1,127,286,6,"[2, 17, 25, 9, 2, 4, 4, 21, 6, 75, 3, 1, 20, 2, 3, 3, 9, 16, 16, 24, 11, 22, 13, 7, 1, 8, 6, 29, 25, 2, 15, 9, 6, 10, 3, 17, 21, 4, 3, 14, 24, 37, 8, 18, 12, 19, 6, 4, 26, 35, 5, 6, 3, 17, 24, 42, 8, 23, 19, 1, 6, 15, 25, 19, 10, 14, 6, 13, 17, 5, 13, 4, 11, 24, 18, 6, 15, 5, 2, 51, 27, 15, 8, 6, 18, 57, 7, 17, 7, 10, 12, 1, 6, 7, 19, 51, 12, 7, 6, 4, 50, 1, 2, 1, 2, 6, 4, 2, 11, 24, 6, 2, 17, 19, 8, 15, 2, 15, 6, 8, 16, 8, 0, 38, 1, 26, 10, 15]",286
swebench_verified,swebench_verified:astropy__astropy-12907,1,478,128,1,1,127,605,6,"[41, 13, 32, 7, 25, 54, 30, 52, 31, 2, 13, 9, 40, 18, 46, 53, 14, 13, 20, 16, 39, 33, 33, 41, 38, 31, 56, 41, 19, 25, 26, 71, 10, 14, 24, 16, 71, 26, 11, 15, 47, 30, 29, 30, 61, 23, 20, 29, 11, 9, 26, 19, 27, 63, 39, 19, 25, 16, 22, 47, 20, 21, 10, 15, 28, 15, 20, 21, 30, 41, 18, 31, 35, 24, 21, 40, 14, 57, 59, 19, 30, 3, 23, 31, 38, 9, 21, 22, 16, 21, 43, 12, 33, 18, 35, 10, 12, 45, 25, 67, 18, 38, 46, 20, 29, 19, 53, 42, 16, 14, 35, 20, 15, 45, 26, 26, 29, 17, 28, 25, 73, 19, 24, 64, 15, 29, 17, 14]",605
swebench_verified,swebench_verified:astropy__astropy-12907,1,478,128,3,1,127,605,6,"[21, 27, 24, 5, 57, 47, 42, 110, 15, 9, 23, 16, 20, 20, 22, 42, 37, 51, 38, 20, 38, 24, 75, 28, 22, 14, 7, 57, 25, 18, 14, 16, 24, 20, 7, 5, 8, 19, 19, 19, 19, 11, 39, 18, 44, 24, 31, 30, 18, 26, 26, 17, 50, 99, 33, 40, 30, 26, 34, 7, 13, 10, 44, 49, 42, 37, 75, 27, 17, 20, 38, 25, 6, 22, 33, 65, 27, 26, 42, 13, 23, 32, 9, 3, 13, 40, 25, 14, 19, 7, 20, 8, 26, 36, 19, 73, 17, 46, 3, 12, 91, 36, 8, 16, 11, 24, 24, 26, 20, 18, 61, 32, 15, 20, 48, 22, 35, 60, 4, 7, 28, 13, 64, 11, 30, 23, 32, 48]",605
swebench_verified,swebench_verified:astropy__astropy-12907,1,478,128,6,1,127,605,6,"[6, 12, 36, 31, 21, 13, 5, 35, 22, 28, 5, 17, 29, 47, 13, 25, 12, 1, 22, 46, 51, 48, 35, 19, 46, 36, 20, 28, 17, 39, 24, 137, 16, 16, 28, 25, 44, 35, 26, 22, 9, 125, 8, 11, 53, 19, 15, 35, 5, 75, 1, 6, 28, 15, 39, 11, 65, 17, 14, 67, 45, 132, 7, 3, 17, 35, 12, 21, 1, 6, 6, 21, 6, 13, 66, 55, 11, 34, 29, 9, 35, 49, 44, 26, 17, 14, 38, 6, 18, 27, 18, 34, 16, 8, 51, 8, 8, 11, 17, 18, 27, 13, 155, 16, 5, 12, 6, 37, 30, 15, 11, 37, 14, 25, 9, 8, 31, 12, 140, 21, 28, 21, 70, 64, 9, 25, 21, 20]",605
swebench_verified,swebench_verified:astropy__astropy-12907,1,478,128,8,1,127,605,6,"[19, 26, 52, 7, 53, 5, 73, 6, 25, 25, 5, 46, 189, 61, 26, 6, 30, 12, 2, 27, 10, 33, 10, 1, 19, 3, 58, 15, 4, 25, 3, 57, 31, 42, 3, 29, 28, 9, 55, 6, 48, 22, 18, 34, 18, 13, 35, 21, 21, 7, 39, 19, 27, 9, 8, 9, 15, 7, 44, 39, 0, 3, 0, 25, 40, 6, 12, 3, 1, 34, 4, 2, 28, 75, 30, 14, 31, 45, 11, 12, 22, 33, 14, 1, 8, 38, 2, 10, 28, 22, 33, 20, 25, 41, 49, 30, 24, 40, 28, 27, 12, 21, 16, 320, 43, 6, 30, 12, 12, 28, 10, 23, 1, 21, 0, 43, 19, 78, 43, 16, 219, 15, 40, 26, 27, 17, 15, 57]",605
swebench_verified,swebench_verified:astropy__astropy-12907,1,478,128,10,1,127,605,6,"[9, 35, 6, 8, 33, 68, 66, 57, 7, 140, 7, 40, 10, 12, 3, 12, 6, 36, 13, 5, 12, 25, 7, 132, 4, 28, 8, 23, 4, 10, 40, 23, 13, 24, 42, 71, 0, 47, 181, 44, 44, 23, 9, 3, 37, 25, 197, 24, 7, 8, 42, 3, 18, 1, 1, 27, 26, 17, 65, 32, 33, 4, 13, 13, 12, 0, 5, 8, 98, 3, 18, 86, 25, 20, 4, 53, 46, 13, 33, 17, 0, 8, 27, 15, 10, 17, 35, 172, 43, 87, 16, 38, 22, 7, 12, 22, 29, 12, 30, 11, 4, 4, 33, 39, 31, 47, 31, 17, 3, 3, 17, 44, 17, 3, 22, 3, 108, 6, 25, 3, 1, 8, 15, 5, 16, 31, 42, 15]",605
swebench_verified,swebench_verified:astropy__astropy-12907,1,478,128,13,1,127,605,6,"[43, 7, 4, 1, 19, 24, 20, 64, 49, 21, 2, 26, 7, 38, 16, 5, 7, 39, 145, 36, 17, 113, 5, 18, 11, 29, 63, 5, 2, 25, 27, 58, 1, 84, 1, 20, 33, 26, 17, 9, 4, 31, 5, 2, 65, 26, 4, 14, 5, 7, 8, 26, 11, 48, 12, 3, 80, 21, 13, 38, 195, 2, 8, 5, 37, 7, 25, 1, 2, 13, 9, 52, 6, 25, 241, 5, 44, 30, 61, 32, 3, 28, 5, 1, 17, 5, 4, 33, 30, 5, 54, 7, 10, 39, 4, 0, 1, 59, 36, 10, 96, 29, 17, 30, 21, 14, 17, 34, 12, 13, 57, 124, 82, 3, 19, 32, 23, 19, 35, 24, 18, 30, 19, 2, 112, 9, 19, 9]",605
swebench_verified,swebench_verified:astropy__astropy-12907,1,478,128,15,1,127,605,6,"[28, 0, 43, 20, 97, 8, 9, 1, 62, 16, 3, 4, 26, 11, 35, 16, 12, 0, 10, 0, 14, 9, 49, 44, 108, 190, 6, 20, 8, 8, 25, 163, 39, 43, 2, 13, 15, 0, 27, 13, 4, 33, 11, 4, 36, 13, 95, 14, 1, 27, 46, 6, 31, 26, 7, 12, 32, 17, 4, 20, 28, 88, 52, 38, 51, 1, 16, 6, 14, 16, 0, 42, 4, 13, 122, 32, 7, 11, 15, 6, 56, 23, 56, 11, 37, 14, 0, 0, 14, 77, 31, 35, 47, 8, 35, 1, 57, 6, 19, 2, 24, 28, 4, 24, 38, 31, 94, 126, 21, 4, 14, 38, 16, 77, 22, 14, 9, 56, 9, 25, 17, 13, 3, 89, 21, 26, 30, 30]",605
swebench_verified,swebench_verified:astropy__astropy-12907,1,478,128,17,1,127,605,6,"[23, 23, 1, 9, 26, 20, 10, 32, 47, 34, 49, 17, 37, 41, 24, 8, 9, 14, 10, 4, 119, 19, 19, 19, 88, 42, 28, 60, 44, 16, 15, 26, 39, 83, 42, 64, 1, 14, 7, 72, 18, 43, 5, 15, 11, 13, 17, 3, 13, 93, 9, 43, 24, 4, 7, 10, 8, 69, 42, 52, 18, 14, 30, 2, 11, 187, 31, 50, 49, 14, 22, 22, 35, 19, 33, 23, 6, 34, 4, 1, 26, 1, 0, 17, 10, 10, 27, 52, 7, 27, 5, 51, 36, 28, 10, 7, 34, 17, 34, 15, 12, 26, 59, 14, 1, 82, 1, 6, 16, 71, 21, 8, 10, 11, 5, 42, 114, 7, 47, 19, 8, 15, 24, 61, 16, 0, 149, 12]",605
swebench_verified,swebench_verified:astropy__astropy-12907,1,478,128,20,1,127,605,6,"[15, 13, 19, 23, 25, 0, 0, 6, 19, 10, 155, 1, 6, 20, 6, 24, 0, 10, 11, 16, 64, 56, 1, 105, 1, 6, 0, 26, 35, 18, 10, 4, 51, 11, 13, 16, 2, 26, 8, 7, 10, 4, 30, 27, 39, 50, 1, 0, 17, 9, 15, 81, 28, 18, 21, 20, 149, 12, 9, 2, 28, 15, 33, 31, 24, 10, 45, 46, 13, 12, 17, 41, 2, 6, 20, 19, 65, 30, 9, 25, 18, 17, 52, 42, 62, 135, 132, 14, 128, 1, 19, 29, 7, 24, 7, 19, 14, 9, 8, 89, 0, 112, 8, 21, 42, 45, 29, 11, 21, 21, 8, 24, 45, 92, 215, 35, 18, 11, 27, 8, 24, 16, 18, 3, 18, 24, 36, 0]",605
swebench_verified,swebench_verified:astropy__astropy-12907,1,478,128,22,1,127,605,6,"[15, 28, 22, 64, 25, 57, 11, 11, 5, 6, 19, 17, 20, 28, 12, 0, 80, 56, 48, 5, 22, 44, 25, 56, 20, 24, 95, 27, 45, 17, 27, 23, 35, 23, 15, 13, 32, 27, 37, 15, 25, 26, 34, 60, 127, 65, 40, 20, 23, 90, 28, 14, 48, 30, 22, 131, 8, 37, 24, 10, 20, 9, 33, 15, 115, 43, 10, 64, 60, 25, 56, 10, 29, 32, 18, 16, 42, 20, 7, 29, 4, 19, 28, 12, 29, 10, 25, 17, 15, 10, 18, 22, 47, 6, 42, 17, 23, 23, 8, 12, 26, 9, 28, 7, 18, 26, 16, 29, 5, 23, 19, 5, 29, 23, 6, 12, 9, 50, 46, 63, 9, 0, 34, 9, 42, 12, 11, 11]",605
swebench_verified,swebench_verified:astropy__astropy-12907,1,478,128,24,1,127,605,6,"[22, 32, 19, 56, 32, 2, 15, 80, 109, 20, 0, 44, 35, 10, 22, 24, 13, 4, 41, 81, 21, 52, 15, 10, 11, 6, 8, 27, 22, 328, 20, 12, 6, 20, 10, 24, 6, 21, 20, 33, 7, 140, 4, 0, 8, 21, 15, 22, 6, 28, 2, 23, 5, 43, 147, 38, 18, 17, 27, 10, 22, 7, 143, 6, 28, 3, 0, 20, 3, 11, 64, 25, 0, 9, 85, 39, 2, 15, 13, 15, 55, 12, 7, 10, 48, 8, 32, 93, 31, 18, 7, 7, 20, 71, 25, 17, 17, 21, 4, 40, 4, 7, 9, 21, 8, 10, 49, 64, 19, 13, 57, 8, 47, 9, 43, 2, 25, 17, 6, 7, 9, 14, 23, 132, 6, 35, 15, 4]",605
swebench_verified,swebench_verified:astropy__astropy-12907,1,478,128,27,1,127,605,6,"[118, 103, 11, 18, 29, 19, 5, 19, 1, 7, 18, 21, 15, 35, 40, 2, 7, 14, 19, 28, 4, 10, 10, 23, 17, 31, 18, 37, 26, 249, 36, 19, 26, 180, 8, 41, 60, 16, 32, 3, 32, 37, 23, 6, 56, 33, 7, 12, 61, 68, 37, 3, 38, 9, 28, 34, 6, 2, 15, 30, 46, 5, 22, 26, 30, 20, 10, 13, 19, 0, 2, 8, 2, 10, 13, 22, 59, 35, 15, 25, 33, 1, 29, 19, 4, 8, 9, 20, 8, 17, 3, 30, 33, 2, 4, 65, 65, 162, 24, 16, 12, 21, 10, 39, 42, 13, 27, 0, 33, 71, 17, 15, 23, 40, 8, 39, 5, 22, 65, 16, 20, 36, 37, 19, 17, 17, 2, 118]",605
swebench_verified,swebench_verified:astropy__astropy-12907,1,478,128,29,1,127,605,6,"[26, 30, 25, 5, 7, 44, 16, 31, 7, 6, 44, 13, 13, 56, 32, 36, 66, 15, 33, 36, 11, 23, 28, 28, 21, 24, 20, 24, 140, 52, 13, 10, 4, 19, 0, 55, 15, 21, 7, 23, 52, 13, 61, 44, 11, 2, 16, 16, 16, 12, 56, 9, 28, 18, 24, 27, 30, 11, 13, 23, 17, 22, 2, 28, 11, 11, 35, 9, 43, 20, 32, 70, 48, 18, 22, 17, 15, 53, 58, 51, 13, 47, 24, 2, 5, 36, 21, 28, 28, 39, 22, 20, 8, 26, 7, 48, 18, 31, 85, 27, 7, 31, 54, 21, 29, 37, 16, 25, 9, 9, 10, 93, 18, 18, 5, 33, 9, 18, 39, 157, 21, 76, 17, 45, 24, 48, 68, 15]",605
swebench_verified,swebench_verified:astropy__astropy-12907,1,478,128,31,1,127,605,6,"[62, 74, 31, 26, 9, 4, 24, 39, 26, 29, 25, 11, 33, 17, 9, 107, 57, 328, 29, 36, 0, 22, 18, 17, 26, 2, 5, 27, 39, 11, 7, 26, 68, 14, 31, 4, 21, 10, 21, 20, 71, 0, 36, 22, 17, 29, 21, 23, 4, 27, 4, 28, 21, 16, 1, 18, 16, 10, 23, 41, 21, 24, 8, 9, 10, 23, 26, 64, 25, 41, 16, 9, 35, 17, 3, 6, 22, 69, 39, 15, 17, 34, 8, 24, 5, 22, 36, 36, 17, 24, 14, 7, 13, 121, 10, 42, 67, 44, 23, 38, 63, 17, 11, 11, 10, 41, 11, 12, 20, 42, 57, 15, 25, 3, 1, 40, 17, 127, 35, 26, 34, 5, 24, 33, 5, 24, 6, 38]",605
swebench_verified,swebench_verified:astropy__astropy-12907,1,478,128,34,1,127,605,6,"[8, 39, 16, 14, 1, 54, 40, 33, 5, 40, 24, 25, 40, 61, 46, 17, 11, 13, 35, 22, 85, 10, 58, 0, 25, 72, 34, 25, 1, 28, 0, 35, 12, 8, 28, 15, 60, 15, 36, 18, 7, 6, 21, 59, 65, 10, 67, 83, 34, 36, 19, 27, 13, 28, 13, 12, 13, 19, 14, 30, 38, 30, 82, 9, 19, 16, 3, 19, 18, 8, 32, 34, 37, 31, 8, 1, 41, 177, 17, 4, 6, 15, 6, 57, 16, 33, 31, 1, 21, 39, 30, 25, 3, 13, 38, 72, 50, 37, 7, 16, 28, 44, 40, 8, 0, 32, 7, 56, 28, 77, 40, 53, 56, 6, 27, 29, 7, 14, 9, 21, 36, 28, 3, 34, 79, 11, 9, 23]",605
swebench_verified,swebench_verified:astropy__astropy-12907,1,478,128,36,1,127,605,6,"[25, 33, 1, 79, 2, 26, 22, 16, 1, 32, 7, 5, 17, 8, 35, 19, 28, 16, 18, 12, 23, 6, 10, 8, 49, 15, 23, 52, 43, 1, 25, 30, 9, 27, 14, 6, 27, 27, 11, 31, 71, 311, 25, 90, 35, 5, 45, 134, 13, 7, 4, 7, 10, 15, 17, 53, 20, 27, 67, 13, 22, 27, 16, 7, 10, 44, 1, 0, 37, 120, 43, 20, 1, 6, 18, 38, 33, 21, 38, 29, 2, 0, 3, 93, 20, 75, 2, 21, 108, 29, 23, 12, 7, 22, 38, 59, 124, 4, 36, 21, 24, 8, 0, 19, 15, 3, 27, 32, 28, 26, 2, 39, 74, 13, 10, 17, 44, 27, 33, 6, 5, 43, 2, 10, 38, 19, 28, 0]",605
swebench_verified,swebench_verified:astropy__astropy-12907,1,478,128,38,1,127,605,6,"[1, 3, 17, 0, 62, 14, 0, 39, 4, 102, 27, 3, 7, 7, 15, 6, 38, 33, 46, 9, 19, 0, 62, 1, 41, 12, 27, 4, 2, 13, 47, 6, 8, 9, 64, 18, 11, 22, 49, 18, 10, 10, 30, 4, 22, 3, 17, 9, 35, 4, 8, 10, 7, 19, 5, 16, 45, 50, 13, 1, 35, 8, 4, 60, 25, 3, 273, 8, 40, 18, 7, 19, 31, 18, 19, 10, 6, 19, 21, 12, 14, 55, 34, 47, 19, 42, 21, 23, 30, 8, 56, 30, 34, 90, 16, 29, 18, 35, 16, 14, 28, 42, 29, 20, 171, 137, 2, 17, 26, 30, 31, 1, 49, 147, 2, 35, 16, 3, 71, 15, 100, 40, 19, 10, 25, 47, 11, 55]",605
swebench_verified,swebench_verified:astropy__astropy-12907,1,478,128,40,1,127,605,6,"[70, 0, 49, 10, 65, 37, 33, 24, 50, 24, 7, 50, 1, 30, 17, 97, 0, 12, 56, 16, 4, 18, 12, 23, 22, 5, 31, 8, 0, 2, 18, 2, 0, 29, 3, 29, 52, 57, 29, 78, 16, 45, 33, 46, 19, 56, 14, 24, 14, 17, 36, 4, 52, 273, 10, 39, 16, 1, 21, 20, 24, 40, 38, 27, 4, 284, 12, 30, 9, 10, 4, 146, 16, 8, 1, 10, 34, 47, 9, 30, 13, 33, 1, 37, 7, 22, 39, 10, 8, 9, 11, 9, 18, 4, 93, 5, 1, 13, 112, 28, 10, 9, 6, 19, 2, 15, 12, 6, 9, 32, 9, 129, 9, 11, 7, 13, 4, 8, 5, 41, 44, 17, 5, 17, 4, 27, 22, 56]",605
swebench_verified,swebench_verified:astropy__astropy-12907,1,478,128,43,1,127,605,6,"[11, 27, 61, 6, 34, 20, 10, 18, 12, 20, 6, 51, 14, 10, 13, 6, 67, 32, 16, 30, 6, 4, 4, 101, 10, 2, 82, 0, 33, 46, 7, 0, 33, 33, 35, 8, 66, 26, 68, 28, 70, 27, 8, 13, 18, 5, 4, 21, 21, 7, 3, 9, 4, 14, 49, 42, 15, 41, 29, 18, 1, 28, 33, 4, 42, 2, 6, 18, 28, 23, 40, 112, 4, 6, 33, 18, 50, 4, 40, 27, 18, 29, 19, 40, 9, 15, 69, 11, 21, 23, 16, 22, 29, 24, 36, 55, 19, 2, 6, 36, 378, 48, 9, 8, 37, 4, 20, 1, 28, 11, 2, 13, 11, 43, 15, 27, 50, 14, 24, 22, 56, 14, 1, 221, 55, 2, 6, 18]",605
swebench_verified,swebench_verified:astropy__astropy-12907,1,478,128,45,1,127,605,6,"[19, 15, 72, 9, 34, 27, 23, 27, 0, 10, 42, 56, 27, 8, 10, 12, 53, 146, 19, 18, 2, 18, 11, 24, 10, 13, 24, 35, 41, 12, 17, 27, 117, 32, 55, 1, 22, 18, 23, 10, 73, 17, 92, 15, 53, 34, 7, 32, 29, 12, 54, 5, 8, 17, 16, 3, 1, 12, 20, 43, 30, 25, 47, 50, 22, 15, 5, 24, 11, 6, 25, 9, 24, 65, 15, 38, 30, 30, 252, 4, 16, 6, 21, 26, 26, 15, 23, 21, 96, 7, 19, 27, 22, 28, 9, 56, 11, 40, 8, 38, 24, 16, 4, 13, 28, 8, 4, 21, 50, 4, 25, 3, 55, 27, 68, 10, 49, 21, 56, 29, 22, 11, 37, 18, 48, 6, 21, 28]",605
swebench_verified,swebench_verified:astropy__astropy-12907,1,478,128,47,1,127,605,6,"[12, 14, 21, 3, 16, 23, 16, 58, 27, 38, 34, 67, 18, 8, 27, 13, 12, 15, 10, 10, 29, 77, 24, 48, 156, 29, 27, 17, 8, 4, 34, 38, 15, 21, 10, 9, 58, 13, 22, 17, 3, 18, 28, 75, 5, 51, 3, 26, 47, 27, 52, 13, 12, 150, 21, 31, 20, 40, 19, 17, 22, 30, 16, 17, 42, 47, 42, 8, 25, 22, 25, 12, 57, 10, 16, 31, 6, 29, 20, 156, 7, 2, 18, 18, 15, 5, 38, 23, 35, 28, 21, 4, 13, 38, 21, 34, 78, 16, 29, 7, 39, 39, 25, 27, 125, 11, 13, 20, 25, 20, 12, 9, 11, 25, 68, 20, 1, 25, 15, 44, 16, 43, 8, 24, 47, 39, 14, 26]",605
swebench_verified,swebench_verified:astropy__astropy-12907,1,478,128,49,1,127,605,6,"[19, 225, 16, 12, 12, 7, 9, 20, 4, 1, 23, 19, 20, 8, 25, 32, 19, 37, 54, 7, 55, 0, 6, 2, 125, 33, 3, 30, 3, 35, 81, 24, 16, 8, 65, 37, 25, 11, 39, 9, 15, 13, 11, 62, 47, 20, 9, 34, 14, 43, 48, 7, 40, 12, 58, 9, 31, 47, 18, 1, 9, 22, 32, 22, 42, 35, 12, 39, 23, 11, 28, 13, 65, 17, 21, 9, 3, 5, 36, 13, 60, 37, 39, 1, 9, 33, 24, 23, 73, 14, 18, 3, 2, 80, 68, 48, 49, 66, 25, 14, 49, 55, 7, 10, 16, 47, 21, 12, 20, 23, 33, 11, 18, 33, 42, 28, 23, 11, 96, 59, 13, 8, 6, 45, 20, 44, 12, 10]",605
swebench_verified,swebench_verified:astropy__astropy-12907,1,478,128,51,1,127,605,6,"[36, 71, 7, 31, 18, 20, 38, 18, 12, 41, 15, 0, 36, 14, 47, 44, 32, 32, 14, 38, 17, 33, 34, 28, 6, 13, 4, 38, 8, 22, 60, 17, 19, 16, 19, 56, 4, 21, 6, 35, 44, 36, 24, 31, 38, 24, 16, 10, 26, 8, 67, 34, 12, 35, 78, 5, 9, 9, 44, 32, 23, 42, 32, 12, 15, 39, 38, 37, 25, 38, 18, 30, 26, 42, 48, 24, 16, 5, 42, 55, 10, 16, 30, 61, 22, 42, 25, 20, 22, 5, 15, 43, 52, 16, 42, 35, 49, 13, 5, 45, 30, 20, 28, 11, 15, 28, 33, 13, 32, 40, 50, 15, 21, 25, 38, 44, 36, 26, 59, 88, 57, 30, 1, 29, 2, 21, 57, 4]",605
swebench_verified,swebench_verified:astropy__astropy-13033,1,920,128,1,1,127,1047,6,"[32, 30, 27, 25, 42, 74, 42, 76, 18, 14, 47, 54, 61, 63, 71, 63, 43, 33, 45, 29, 80, 56, 44, 57, 51, 61, 42, 104, 22, 38, 31, 105, 28, 14, 36, 41, 54, 57, 32, 43, 60, 58, 27, 46, 72, 26, 32, 35, 29, 14, 65, 17, 57, 18, 46, 61, 54, 53, 22, 80, 36, 79, 18, 56, 23, 16, 35, 60, 44, 84, 29, 55, 68, 52, 35, 49, 41, 108, 109, 17, 62, 34, 40, 69, 74, 28, 39, 17, 23, 48, 52, 45, 41, 82, 61, 32, 50, 133, 58, 48, 60, 66, 49, 26, 52, 14, 41, 100, 70, 24, 42, 53, 48, 67, 45, 50, 37, 32, 82, 78, 85, 49, 41, 84, 31, 50, 71, 28]",1047
swebench_verified,swebench_verified:astropy__astropy-13033,1,920,128,3,1,127,1047,6,"[75, 48, 65, 28, 78, 81, 47, 105, 44, 24, 17, 37, 96, 65, 28, 38, 44, 106, 43, 23, 97, 15, 53, 44, 44, 43, 36, 44, 29, 26, 21, 42, 65, 23, 17, 31, 25, 56, 53, 21, 45, 2, 48, 35, 33, 56, 94, 64, 47, 72, 33, 13, 32, 86, 33, 56, 65, 37, 67, 31, 13, 7, 51, 35, 51, 70, 97, 21, 50, 57, 85, 43, 32, 94, 76, 103, 36, 40, 29, 18, 43, 68, 40, 14, 20, 85, 42, 37, 20, 43, 26, 20, 39, 50, 52, 139, 32, 54, 39, 41, 110, 72, 29, 35, 48, 36, 70, 46, 45, 33, 69, 96, 36, 26, 82, 86, 55, 78, 35, 20, 101, 17, 86, 53, 73, 22, 48, 37]",1047
swebench_verified,swebench_verified:astropy__astropy-13033,1,920,128,6,1,127,1047,6,"[23, 24, 43, 33, 22, 27, 9, 62, 39, 53, 2, 58, 63, 76, 47, 39, 44, 25, 32, 41, 58, 26, 41, 61, 44, 35, 45, 36, 52, 142, 33, 200, 23, 57, 64, 175, 79, 76, 54, 75, 38, 70, 31, 18, 62, 24, 17, 42, 12, 157, 19, 36, 61, 34, 132, 49, 50, 57, 30, 23, 41, 106, 34, 1, 26, 20, 22, 41, 7, 44, 13, 44, 20, 34, 169, 56, 36, 46, 109, 28, 44, 69, 138, 44, 17, 36, 57, 41, 36, 30, 38, 24, 72, 23, 11, 33, 50, 14, 16, 21, 39, 84, 121, 59, 15, 26, 21, 36, 49, 48, 46, 41, 45, 103, 57, 35, 51, 19, 53, 22, 61, 49, 117, 84, 79, 36, 43, 32]",1047
swebench_verified,swebench_verified:astropy__astropy-13033,1,920,128,8,1,127,1047,6,"[42, 37, 26, 15, 12, 7, 19, 7, 328, 39, 78, 48, 381, 2, 56, 20, 56, 30, 13, 28, 47, 48, 49, 4, 30, 3, 83, 21, 2, 50, 2, 45, 19, 37, 11, 41, 284, 39, 47, 9, 55, 47, 19, 34, 43, 32, 65, 9, 63, 12, 46, 65, 12, 47, 21, 19, 31, 14, 315, 44, 3, 4, 3, 69, 53, 16, 16, 20, 10, 15, 5, 62, 60, 104, 82, 29, 40, 125, 30, 3, 18, 14, 7, 57, 25, 93, 4, 4, 37, 31, 44, 36, 45, 38, 99, 48, 63, 14, 80, 42, 16, 7, 31, 439, 62, 78, 115, 48, 26, 18, 6, 30, 19, 19, 59, 41, 27, 30, 129, 52, 22, 24, 8, 54, 34, 143, 37, 52]",1047
swebench_verified,swebench_verified:astropy__astropy-13033,1,920,128,10,1,127,1047,6,"[6, 30, 26, 21, 55, 42, 38, 30, 28, 23, 43, 38, 26, 8, 7, 7, 155, 14, 35, 4, 55, 42, 8, 40, 14, 6, 11, 59, 24, 4, 115, 19, 52, 12, 22, 62, 7, 85, 2, 100, 40, 58, 185, 7, 43, 68, 14, 51, 34, 7, 46, 8, 40, 37, 24, 18, 15, 21, 58, 20, 110, 33, 33, 22, 21, 0, 27, 57, 446, 14, 51, 321, 5, 14, 0, 21, 7, 29, 26, 24, 2, 38, 49, 25, 10, 61, 83, 9, 19, 178, 5, 12, 189, 22, 96, 160, 41, 82, 16, 16, 18, 5, 63, 38, 366, 46, 58, 6, 5, 12, 23, 15, 37, 25, 47, 15, 478, 20, 83, 4, 4, 9, 40, 14, 2, 45, 148, 113]",1047
swebench_verified,swebench_verified:astropy__astropy-13033,1,920,128,13,1,127,1047,6,"[56, 15, 23, 9, 25, 53, 16, 97, 25, 12, 26, 77, 7, 105, 23, 13, 36, 7, 619, 114, 10, 46, 64, 35, 39, 81, 95, 0, 21, 145, 97, 27, 3, 2, 4, 2, 105, 92, 24, 40, 3, 68, 59, 7, 169, 45, 6, 23, 23, 14, 3, 42, 44, 82, 9, 2, 16, 17, 61, 5, 391, 36, 17, 11, 65, 27, 44, 20, 0, 6, 256, 35, 2, 48, 390, 17, 46, 64, 37, 38, 25, 31, 6, 27, 32, 20, 90, 16, 16, 18, 68, 144, 36, 16, 22, 2, 8, 4, 90, 46, 29, 63, 39, 1, 118, 31, 38, 12, 21, 55, 52, 34, 60, 18, 18, 47, 12, 23, 67, 72, 35, 62, 31, 4, 33, 9, 24, 19]",1047
swebench_verified,swebench_verified:astropy__astropy-13033,1,920,128,15,1,127,1047,6,"[31, 4, 125, 29, 36, 78, 15, 21, 64, 18, 16, 22, 83, 32, 46, 63, 23, 8, 53, 30, 25, 24, 31, 152, 212, 164, 51, 17, 45, 13, 22, 35, 40, 54, 67, 16, 152, 34, 47, 21, 88, 120, 28, 15, 48, 32, 136, 24, 8, 31, 52, 4, 16, 19, 72, 9, 7, 47, 24, 287, 21, 10, 7, 111, 55, 5, 46, 21, 24, 150, 3, 14, 24, 11, 53, 72, 34, 6, 44, 14, 62, 3, 3, 24, 40, 33, 27, 0, 25, 110, 71, 20, 72, 20, 39, 1, 23, 10, 40, 4, 286, 9, 11, 15, 90, 50, 20, 50, 63, 10, 66, 67, 45, 24, 66, 29, 46, 25, 141, 185, 136, 15, 31, 206, 46, 18, 55, 39]",1047
swebench_verified,swebench_verified:astropy__astropy-13033,1,920,128,17,1,127,1047,6,"[29, 9, 5, 20, 49, 82, 21, 32, 5, 32, 66, 36, 59, 73, 90, 13, 29, 36, 31, 40, 131, 30, 104, 52, 178, 32, 15, 21, 314, 16, 2, 29, 117, 48, 87, 42, 9, 39, 10, 5, 72, 55, 31, 49, 7, 22, 21, 2, 19, 173, 47, 103, 30, 13, 16, 10, 61, 39, 21, 98, 24, 26, 97, 14, 30, 314, 83, 21, 84, 7, 54, 56, 35, 109, 70, 53, 74, 42, 12, 36, 78, 18, 4, 24, 33, 22, 17, 94, 32, 27, 48, 70, 61, 44, 27, 11, 44, 2, 80, 18, 17, 38, 125, 9, 8, 44, 81, 19, 49, 21, 110, 48, 23, 12, 16, 6, 15, 3, 109, 38, 12, 42, 5, 7, 37, 4, 452, 10]",1047
swebench_verified,swebench_verified:astropy__astropy-13033,1,920,128,20,1,127,1047,6,"[61, 47, 43, 25, 52, 9, 24, 10, 44, 9, 7, 1, 26, 19, 20, 31, 14, 56, 97, 22, 84, 80, 0, 113, 21, 24, 0, 14, 106, 35, 23, 3, 48, 34, 41, 4, 4, 35, 3, 6, 99, 12, 42, 51, 45, 58, 9, 0, 57, 18, 16, 240, 34, 35, 188, 12, 149, 50, 36, 4, 18, 36, 71, 157, 98, 15, 68, 61, 53, 22, 58, 53, 4, 3, 56, 26, 6, 92, 15, 16, 10, 63, 37, 11, 13, 25, 1, 14, 81, 22, 69, 59, 16, 15, 15, 72, 21, 30, 22, 395, 69, 16, 37, 15, 33, 43, 60, 38, 7, 13, 3, 448, 75, 297, 264, 36, 53, 54, 63, 13, 20, 35, 96, 2, 27, 75, 12, 9]",1047
swebench_verified,swebench_verified:astropy__astropy-13033,1,920,128,22,1,127,1047,6,"[17, 46, 53, 103, 48, 43, 49, 25, 22, 28, 44, 114, 23, 56, 10, 12, 5, 132, 89, 37, 125, 63, 40, 46, 44, 32, 116, 52, 56, 75, 53, 13, 29, 17, 25, 16, 46, 69, 85, 56, 66, 43, 46, 231, 7, 66, 106, 22, 25, 116, 69, 30, 28, 22, 50, 47, 27, 10, 63, 20, 3, 24, 116, 25, 83, 92, 20, 103, 35, 39, 79, 68, 57, 100, 20, 20, 76, 41, 43, 84, 23, 33, 69, 44, 22, 51, 41, 28, 9, 21, 41, 80, 231, 37, 28, 47, 24, 38, 27, 35, 11, 48, 33, 12, 94, 20, 22, 55, 9, 73, 41, 230, 6, 31, 15, 34, 28, 29, 36, 139, 2, 1, 33, 20, 12, 29, 44, 10]",1047
swebench_verified,swebench_verified:astropy__astropy-13033,1,920,128,24,1,127,1047,6,"[50, 50, 6, 418, 51, 5, 18, 187, 47, 30, 17, 163, 41, 57, 6, 7, 22, 1, 5, 103, 58, 21, 15, 29, 11, 21, 19, 128, 11, 292, 21, 15, 66, 52, 68, 22, 22, 45, 12, 94, 31, 31, 4, 29, 1, 27, 21, 34, 11, 85, 3, 80, 13, 52, 246, 9, 17, 31, 43, 16, 15, 25, 163, 30, 28, 4, 17, 21, 7, 12, 91, 11, 15, 47, 65, 9, 1, 38, 20, 41, 20, 65, 41, 30, 39, 16, 47, 112, 12, 2, 2, 15, 35, 151, 210, 81, 84, 19, 40, 51, 33, 15, 5, 4, 100, 9, 56, 91, 23, 30, 329, 1, 30, 0, 60, 7, 46, 43, 18, 43, 58, 91, 41, 223, 9, 36, 36, 23]",1047
swebench_verified,swebench_verified:astropy__astropy-13033,1,920,128,27,1,127,1047,6,"[34, 56, 32, 22, 42, 53, 26, 20, 20, 85, 27, 12, 39, 48, 27, 37, 32, 16, 14, 52, 1, 20, 18, 77, 40, 48, 89, 59, 71, 82, 69, 10, 49, 203, 8, 34, 103, 65, 53, 7, 215, 101, 23, 18, 57, 180, 14, 81, 54, 37, 161, 7, 35, 11, 80, 61, 58, 15, 38, 31, 6, 13, 37, 12, 15, 69, 17, 32, 23, 22, 17, 20, 16, 52, 3, 25, 72, 22, 23, 22, 160, 4, 5, 52, 180, 94, 8, 50, 22, 10, 5, 61, 27, 47, 12, 40, 62, 556, 19, 42, 9, 13, 42, 43, 80, 35, 92, 50, 38, 46, 19, 80, 31, 96, 28, 17, 50, 51, 115, 41, 18, 63, 32, 82, 5, 18, 28, 9]",1047
swebench_verified,swebench_verified:astropy__astropy-13033,1,920,128,29,1,127,1047,6,"[73, 73, 63, 7, 13, 71, 37, 45, 5, 44, 43, 53, 50, 179, 37, 19, 8, 12, 84, 53, 19, 40, 82, 47, 39, 45, 49, 49, 211, 96, 34, 18, 33, 20, 13, 123, 27, 29, 38, 73, 63, 11, 26, 28, 48, 15, 66, 22, 49, 15, 254, 27, 45, 27, 43, 24, 44, 16, 17, 57, 39, 11, 27, 37, 18, 17, 95, 4, 69, 63, 154, 31, 55, 51, 40, 35, 30, 41, 26, 34, 14, 119, 57, 16, 29, 82, 66, 42, 33, 37, 59, 65, 31, 15, 51, 44, 37, 72, 15, 58, 174, 40, 74, 34, 41, 65, 55, 2, 21, 36, 15, 47, 37, 4, 1, 65, 5, 10, 173, 88, 48, 52, 22, 58, 60, 196, 57, 32]",1047
swebench_verified,swebench_verified:astropy__astropy-13033,1,920,128,31,1,127,1047,6,"[354, 369, 52, 11, 3, 1, 34, 80, 19, 37, 38, 18, 46, 24, 30, 336, 80, 47, 18, 23, 9, 20, 56, 100, 25, 10, 23, 50, 51, 32, 47, 21, 126, 18, 50, 10, 35, 9, 37, 45, 80, 13, 32, 15, 43, 63, 38, 80, 15, 31, 23, 42, 30, 61, 7, 29, 38, 21, 23, 13, 65, 19, 33, 7, 17, 50, 34, 50, 54, 55, 75, 24, 107, 18, 5, 86, 54, 40, 75, 45, 52, 80, 18, 46, 33, 16, 61, 87, 26, 49, 27, 18, 37, 172, 29, 59, 186, 60, 37, 70, 31, 32, 61, 9, 31, 4, 28, 13, 40, 42, 10, 35, 47, 95, 2, 70, 26, 199, 25, 53, 11, 3, 32, 109, 20, 30, 11, 46]",1047
swebench_verified,swebench_verified:astropy__astropy-13033,1,920,128,34,1,127,1047,6,"[20, 59, 34, 22, 62, 118, 59, 217, 7, 45, 57, 46, 55, 60, 69, 52, 18, 86, 37, 7, 47, 2, 84, 5, 90, 134, 6, 76, 6, 60, 27, 73, 22, 2, 22, 25, 19, 56, 74, 96, 26, 139, 59, 52, 93, 46, 123, 93, 25, 48, 67, 37, 18, 17, 21, 21, 39, 29, 3, 48, 69, 37, 106, 20, 38, 12, 4, 28, 27, 77, 27, 52, 107, 35, 3, 13, 60, 93, 39, 8, 54, 23, 49, 119, 29, 13, 22, 5, 23, 32, 72, 98, 9, 86, 19, 82, 142, 40, 39, 78, 37, 78, 1, 12, 10, 23, 60, 337, 55, 17, 44, 44, 16, 4, 289, 31, 5, 12, 2, 15, 37, 29, 16, 41, 17, 15, 39, 47]",1047
swebench_verified,swebench_verified:astropy__astropy-13033,1,920,128,36,1,127,1047,6,"[51, 70, 30, 33, 14, 59, 22, 28, 72, 24, 13, 19, 22, 79, 51, 87, 22, 49, 40, 13, 78, 7, 3, 58, 90, 12, 22, 71, 161, 27, 37, 99, 51, 29, 33, 0, 77, 35, 29, 31, 130, 243, 43, 423, 11, 8, 54, 136, 19, 6, 117, 95, 11, 16, 50, 14, 41, 67, 38, 192, 19, 55, 33, 17, 21, 8, 12, 2, 49, 419, 23, 21, 5, 22, 69, 77, 26, 25, 45, 36, 5, 46, 15, 65, 23, 41, 2, 28, 39, 62, 15, 13, 48, 135, 37, 137, 8, 6, 85, 4, 18, 5, 28, 8, 27, 6, 72, 61, 73, 69, 25, 30, 105, 64, 15, 13, 38, 17, 13, 13, 51, 109, 11, 21, 3, 34, 82, 11]",1047
swebench_verified,swebench_verified:astropy__astropy-13033,1,920,128,38,1,127,1047,6,"[6, 17, 8, 7, 81, 20, 32, 140, 89, 425, 19, 5, 10, 23, 13, 18, 40, 96, 57, 11, 160, 6, 139, 2, 74, 32, 14, 17, 22, 79, 5, 34, 6, 4, 65, 40, 20, 33, 4, 16, 8, 85, 35, 20, 29, 0, 74, 16, 73, 4, 42, 14, 28, 50, 20, 47, 20, 43, 43, 0, 120, 12, 8, 112, 5, 46, 399, 9, 85, 17, 31, 36, 45, 45, 36, 13, 3, 66, 39, 19, 7, 15, 21, 54, 52, 83, 8, 27, 40, 13, 117, 19, 9, 100, 22, 36, 15, 52, 30, 11, 53, 71, 86, 14, 342, 25, 2, 183, 78, 27, 60, 7, 114, 70, 40, 68, 1, 27, 55, 23, 235, 20, 15, 31, 17, 53, 26, 122]",1047
swebench_verified,swebench_verified:astropy__astropy-13033,1,920,128,40,1,127,1047,6,"[547, 5, 40, 11, 40, 33, 15, 0, 57, 196, 35, 80, 6, 6, 35, 406, 12, 29, 26, 34, 5, 75, 8, 15, 41, 6, 133, 15, 10, 4, 132, 7, 21, 74, 33, 47, 65, 130, 15, 163, 21, 93, 236, 10, 40, 45, 37, 84, 69, 42, 64, 10, 38, 33, 13, 30, 71, 32, 28, 8, 14, 49, 8, 16, 6, 631, 12, 33, 1, 7, 15, 6, 10, 46, 18, 25, 113, 89, 7, 40, 19, 58, 2, 131, 6, 27, 73, 29, 17, 5, 39, 28, 24, 8, 14, 5, 6, 23, 48, 7, 6, 43, 49, 29, 15, 27, 222, 8, 19, 15, 18, 20, 26, 56, 10, 11, 37, 8, 18, 2, 22, 60, 16, 29, 2, 23, 27, 133]",1047
swebench_verified,swebench_verified:astropy__astropy-13033,1,920,128,43,1,127,1047,6,"[35, 55, 40, 10, 78, 115, 51, 46, 21, 11, 23, 55, 38, 4, 15, 27, 96, 67, 6, 34, 17, 15, 24, 523, 32, 33, 196, 0, 141, 57, 16, 10, 18, 34, 23, 26, 139, 46, 29, 23, 10, 99, 4, 71, 57, 14, 14, 14, 56, 9, 28, 13, 6, 13, 71, 106, 16, 14, 78, 12, 19, 3, 5, 24, 61, 7, 6, 25, 54, 41, 47, 194, 35, 30, 54, 12, 82, 8, 11, 44, 64, 81, 32, 21, 28, 60, 23, 11, 52, 40, 23, 16, 97, 33, 92, 23, 89, 5, 5, 65, 124, 95, 13, 10, 244, 24, 25, 15, 60, 14, 5, 16, 15, 7, 20, 2, 28, 13, 36, 1, 31, 16, 18, 478, 336, 45, 21, 14]",1047
swebench_verified,swebench_verified:astropy__astropy-13033,1,920,128,45,1,127,1047,6,"[42, 23, 128, 109, 12, 43, 74, 16, 3, 10, 33, 76, 42, 11, 15, 46, 102, 129, 51, 8, 6, 44, 8, 20, 61, 33, 42, 23, 22, 15, 34, 45, 44, 45, 124, 4, 103, 12, 35, 42, 40, 43, 323, 37, 107, 56, 28, 86, 42, 80, 54, 14, 23, 68, 19, 55, 17, 17, 43, 155, 29, 4, 52, 32, 31, 50, 16, 16, 23, 24, 5, 18, 24, 24, 44, 39, 50, 167, 397, 49, 21, 19, 25, 19, 47, 31, 75, 72, 120, 37, 59, 33, 5, 25, 80, 19, 16, 12, 9, 26, 64, 32, 15, 72, 67, 30, 14, 41, 9, 37, 34, 67, 133, 54, 131, 58, 55, 25, 86, 59, 38, 10, 57, 7, 95, 24, 30, 52]",1047
swebench_verified,swebench_verified:astropy__astropy-13033,1,920,128,47,1,127,1047,6,"[51, 32, 26, 32, 51, 15, 25, 36, 25, 59, 68, 109, 51, 26, 75, 22, 12, 45, 15, 38, 103, 199, 18, 45, 135, 78, 79, 34, 16, 14, 75, 48, 20, 48, 53, 23, 165, 16, 22, 19, 8, 68, 17, 137, 11, 47, 6, 53, 79, 42, 53, 10, 17, 30, 84, 55, 78, 85, 15, 60, 35, 30, 43, 28, 97, 11, 15, 29, 37, 162, 31, 24, 66, 23, 27, 28, 94, 41, 31, 137, 30, 26, 12, 25, 16, 37, 96, 10, 57, 4, 32, 7, 45, 78, 32, 70, 66, 31, 11, 31, 17, 96, 63, 24, 47, 40, 7, 35, 63, 41, 32, 18, 28, 18, 18, 34, 57, 69, 31, 26, 181, 77, 52, 27, 98, 132, 44, 224]",1047
swebench_verified,swebench_verified:astropy__astropy-13033,1,920,128,49,1,127,1047,6,"[60, 416, 32, 12, 24, 5, 43, 23, 6, 0, 39, 21, 33, 28, 47, 56, 69, 53, 80, 8, 204, 9, 41, 20, 16, 51, 35, 57, 20, 29, 70, 31, 43, 11, 156, 38, 292, 39, 22, 5, 24, 20, 21, 75, 49, 25, 7, 29, 63, 31, 22, 15, 278, 17, 47, 22, 46, 47, 45, 12, 13, 58, 68, 18, 72, 43, 34, 40, 58, 40, 30, 55, 133, 21, 60, 8, 7, 10, 19, 12, 51, 26, 95, 9, 28, 32, 44, 36, 104, 161, 29, 1, 30, 87, 97, 162, 42, 91, 24, 35, 58, 27, 6, 21, 37, 85, 216, 12, 27, 20, 26, 26, 10, 40, 70, 54, 35, 14, 151, 24, 12, 8, 55, 39, 35, 15, 10, 27]",1047
swebench_verified,swebench_verified:astropy__astropy-13033,1,920,128,51,1,127,1047,6,"[23, 87, 55, 37, 36, 13, 26, 38, 20, 48, 4, 30, 38, 33, 51, 32, 24, 40, 39, 83, 130, 101, 45, 54, 20, 24, 28, 58, 22, 8, 26, 30, 34, 66, 43, 177, 77, 25, 17, 34, 56, 63, 87, 36, 144, 83, 43, 30, 98, 25, 90, 160, 22, 49, 43, 23, 16, 52, 128, 73, 20, 54, 99, 14, 17, 112, 46, 43, 39, 62, 26, 30, 37, 57, 123, 36, 46, 8, 15, 60, 13, 28, 32, 29, 44, 147, 52, 10, 90, 10, 31, 58, 69, 56, 49, 73, 48, 18, 14, 65, 44, 25, 23, 5, 20, 46, 63, 18, 75, 129, 58, 23, 49, 83, 25, 47, 39, 15, 86, 39, 80, 48, 8, 35, 8, 78, 130, 6]",1047
swebench_verified,swebench_verified:astropy__astropy-13236,1,633,128,1,1,127,760,6,"[20, 21, 33, 16, 35, 26, 37, 55, 27, 6, 31, 44, 29, 45, 72, 39, 33, 31, 36, 27, 79, 47, 25, 34, 36, 48, 26, 63, 18, 17, 33, 73, 30, 22, 31, 20, 38, 28, 16, 40, 50, 42, 26, 43, 52, 22, 28, 19, 20, 8, 34, 26, 29, 19, 50, 57, 36, 39, 16, 64, 19, 36, 14, 25, 14, 12, 30, 37, 41, 57, 38, 34, 45, 49, 37, 34, 33, 75, 91, 19, 37, 36, 36, 60, 50, 27, 34, 19, 16, 27, 55, 37, 42, 64, 28, 38, 20, 116, 32, 26, 45, 42, 32, 16, 29, 16, 28, 76, 42, 25, 25, 34, 33, 64, 26, 36, 24, 23, 50, 52, 48, 18, 18, 54, 32, 31, 18, 16]",760
swebench_verified,swebench_verified:astropy__astropy-13236,1,633,128,3,1,127,760,6,"[41, 35, 58, 28, 75, 51, 25, 79, 40, 24, 17, 21, 60, 39, 16, 43, 39, 37, 37, 15, 67, 14, 31, 27, 38, 30, 13, 54, 19, 15, 10, 28, 61, 23, 14, 29, 17, 48, 24, 19, 20, 5, 37, 20, 21, 38, 62, 52, 35, 42, 53, 10, 47, 50, 19, 37, 69, 27, 46, 18, 29, 10, 69, 16, 43, 34, 51, 23, 15, 34, 70, 22, 28, 46, 71, 92, 34, 28, 17, 16, 32, 32, 27, 6, 14, 42, 43, 55, 25, 19, 23, 17, 18, 56, 51, 93, 39, 32, 18, 38, 67, 49, 18, 33, 32, 24, 52, 28, 28, 26, 45, 77, 20, 16, 63, 38, 42, 35, 21, 29, 61, 14, 59, 18, 50, 27, 55, 36]",760
swebench_verified,swebench_verified:astropy__astropy-13236,1,633,128,6,1,127,760,6,"[17, 35, 31, 26, 25, 37, 7, 37, 38, 42, 7, 41, 17, 58, 36, 24, 36, 20, 11, 24, 51, 55, 23, 38, 47, 23, 28, 43, 20, 57, 11, 275, 11, 41, 29, 67, 54, 75, 25, 52, 20, 67, 17, 15, 40, 27, 7, 20, 9, 83, 11, 28, 30, 31, 90, 21, 64, 36, 33, 26, 23, 170, 27, 2, 28, 6, 18, 17, 4, 23, 28, 29, 11, 19, 101, 49, 19, 36, 74, 25, 15, 67, 57, 36, 7, 28, 43, 34, 32, 18, 23, 27, 32, 16, 21, 43, 30, 8, 13, 14, 63, 27, 136, 50, 19, 21, 7, 39, 34, 33, 22, 13, 22, 26, 12, 25, 34, 19, 41, 26, 43, 35, 58, 100, 31, 17, 47, 18]",760
swebench_verified,swebench_verified:astropy__astropy-13236,1,633,128,8,1,127,760,6,"[29, 31, 4, 7, 10, 6, 27, 37, 189, 17, 35, 12, 256, 7, 35, 6, 74, 31, 25, 25, 45, 44, 62, 5, 14, 7, 65, 39, 3, 26, 4, 75, 12, 9, 10, 29, 301, 28, 9, 2, 45, 42, 17, 12, 30, 13, 49, 20, 55, 6, 26, 43, 17, 21, 14, 15, 27, 10, 138, 19, 6, 5, 0, 30, 48, 12, 16, 8, 1, 2, 0, 71, 30, 201, 67, 12, 17, 29, 36, 6, 15, 12, 4, 3, 10, 81, 7, 18, 24, 28, 34, 28, 28, 32, 89, 55, 11, 14, 40, 10, 7, 1, 22, 310, 51, 17, 89, 36, 26, 30, 2, 22, 20, 16, 2, 8, 12, 18, 90, 24, 19, 30, 7, 31, 24, 138, 31, 66]",760
swebench_verified,swebench_verified:astropy__astropy-13236,1,633,128,10,1,127,760,6,"[9, 23, 23, 17, 21, 25, 33, 38, 8, 75, 44, 36, 27, 17, 10, 6, 101, 4, 76, 7, 19, 29, 3, 3, 9, 5, 16, 42, 10, 0, 79, 10, 41, 13, 16, 52, 17, 24, 6, 67, 23, 20, 77, 5, 35, 47, 4, 22, 11, 14, 39, 17, 64, 39, 13, 4, 31, 15, 39, 47, 56, 4, 20, 20, 9, 3, 3, 6, 329, 7, 54, 125, 3, 52, 12, 16, 11, 24, 15, 86, 3, 6, 43, 20, 1, 28, 56, 15, 11, 44, 14, 9, 115, 15, 61, 77, 116, 26, 17, 11, 26, 7, 32, 25, 165, 35, 24, 6, 9, 9, 23, 11, 14, 5, 28, 16, 388, 19, 51, 9, 2, 23, 66, 23, 3, 20, 276, 75]",760
swebench_verified,swebench_verified:astropy__astropy-13236,1,633,128,13,1,127,760,6,"[20, 13, 2, 1, 64, 87, 33, 93, 0, 6, 18, 81, 17, 56, 11, 20, 28, 19, 442, 72, 3, 6, 48, 43, 22, 60, 34, 4, 5, 65, 49, 23, 4, 24, 0, 2, 27, 59, 9, 24, 5, 29, 56, 7, 123, 32, 2, 10, 7, 6, 2, 17, 29, 14, 4, 0, 29, 2, 25, 0, 334, 29, 11, 7, 63, 23, 12, 2, 1, 22, 255, 27, 14, 53, 241, 13, 30, 34, 2, 18, 28, 42, 6, 8, 39, 24, 31, 6, 8, 2, 69, 52, 31, 6, 18, 1, 2, 1, 7, 38, 37, 51, 35, 15, 118, 33, 43, 8, 9, 31, 200, 12, 70, 23, 10, 54, 8, 29, 37, 28, 25, 17, 32, 2, 10, 4, 16, 0]",760
swebench_verified,swebench_verified:astropy__astropy-13236,1,633,128,15,1,127,760,6,"[37, 2, 28, 50, 15, 37, 12, 25, 54, 43, 9, 17, 56, 9, 47, 33, 17, 4, 123, 12, 10, 13, 59, 46, 116, 228, 14, 11, 18, 11, 15, 101, 30, 48, 48, 38, 75, 7, 54, 24, 13, 57, 5, 11, 35, 90, 112, 38, 19, 33, 55, 1, 4, 15, 16, 12, 31, 33, 36, 144, 66, 1, 16, 56, 19, 1, 12, 3, 12, 51, 1, 6, 7, 11, 32, 61, 19, 12, 25, 13, 90, 25, 5, 17, 53, 16, 14, 0, 18, 10, 11, 2, 62, 32, 17, 4, 2, 11, 23, 4, 260, 10, 1, 14, 55, 42, 14, 42, 16, 4, 62, 58, 34, 15, 32, 27, 12, 31, 115, 128, 73, 15, 12, 188, 40, 0, 33, 31]",760
swebench_verified,swebench_verified:astropy__astropy-13236,1,633,128,17,1,127,760,6,"[27, 20, 3, 10, 23, 40, 16, 21, 4, 26, 40, 33, 39, 101, 45, 11, 30, 15, 39, 27, 191, 12, 52, 52, 222, 37, 8, 9, 105, 33, 10, 49, 139, 28, 105, 5, 8, 43, 12, 6, 68, 38, 19, 43, 0, 34, 25, 0, 18, 86, 17, 107, 9, 20, 10, 21, 15, 82, 14, 48, 27, 6, 43, 0, 4, 218, 55, 0, 58, 7, 46, 23, 32, 33, 43, 19, 43, 48, 14, 22, 29, 2, 4, 28, 15, 14, 3, 35, 30, 43, 10, 27, 62, 44, 18, 12, 28, 1, 39, 40, 30, 25, 39, 1, 1, 12, 75, 16, 16, 6, 39, 12, 17, 30, 18, 1, 14, 6, 72, 135, 10, 23, 1, 5, 66, 1, 287, 7]",760
swebench_verified,swebench_verified:astropy__astropy-13236,1,633,128,20,1,127,760,6,"[48, 83, 18, 34, 47, 7, 2, 0, 18, 19, 18, 0, 17, 0, 24, 34, 0, 30, 32, 14, 61, 2, 9, 27, 2, 11, 0, 2, 88, 32, 11, 4, 70, 10, 13, 1, 16, 32, 3, 14, 83, 4, 36, 12, 43, 85, 11, 1, 49, 42, 57, 139, 19, 25, 118, 19, 205, 39, 7, 0, 24, 35, 73, 49, 84, 24, 38, 27, 69, 14, 70, 29, 0, 3, 52, 14, 6, 68, 1, 24, 20, 94, 29, 12, 20, 4, 1, 8, 116, 1, 44, 42, 10, 6, 2, 57, 21, 45, 41, 124, 27, 18, 0, 13, 81, 15, 38, 17, 34, 10, 1, 205, 66, 204, 249, 12, 27, 58, 44, 10, 47, 7, 41, 13, 4, 69, 1, 1]",760
swebench_verified,swebench_verified:astropy__astropy-13236,1,633,128,22,1,127,760,6,"[18, 35, 18, 63, 40, 39, 39, 21, 2, 11, 34, 125, 19, 54, 0, 1, 2, 51, 54, 26, 58, 37, 42, 50, 19, 30, 155, 47, 40, 52, 69, 20, 2, 29, 31, 24, 22, 69, 78, 51, 32, 20, 46, 127, 27, 58, 42, 29, 27, 84, 28, 37, 23, 19, 57, 14, 14, 14, 43, 6, 0, 7, 62, 21, 40, 87, 15, 68, 27, 36, 47, 41, 20, 32, 24, 27, 74, 73, 44, 136, 46, 25, 44, 29, 15, 33, 44, 19, 5, 20, 34, 45, 72, 28, 3, 26, 76, 36, 39, 34, 4, 17, 35, 14, 25, 29, 18, 26, 7, 33, 13, 124, 2, 50, 5, 15, 26, 49, 23, 33, 4, 6, 35, 15, 18, 13, 31, 12]",760
swebench_verified,swebench_verified:astropy__astropy-13236,1,633,128,24,1,127,760,6,"[31, 21, 14, 285, 29, 0, 2, 194, 24, 40, 10, 152, 27, 52, 6, 12, 32, 3, 2, 83, 104, 2, 13, 15, 5, 19, 9, 131, 136, 152, 23, 19, 12, 48, 30, 2, 2, 11, 14, 62, 1, 4, 8, 14, 1, 25, 13, 72, 1, 80, 30, 34, 3, 50, 209, 0, 40, 11, 40, 9, 1, 39, 45, 20, 27, 0, 11, 5, 11, 3, 34, 4, 6, 24, 109, 6, 0, 26, 11, 38, 24, 56, 18, 15, 56, 23, 30, 22, 20, 18, 3, 8, 55, 1, 59, 60, 10, 33, 64, 101, 40, 16, 11, 3, 32, 5, 47, 70, 29, 10, 100, 5, 68, 2, 35, 3, 49, 29, 8, 38, 11, 79, 35, 149, 12, 41, 8, 56]",760
swebench_verified,swebench_verified:astropy__astropy-13236,1,633,128,27,1,127,760,6,"[5, 34, 27, 23, 26, 28, 21, 16, 1, 46, 26, 1, 17, 45, 7, 29, 34, 6, 42, 37, 1, 13, 139, 31, 33, 30, 86, 40, 46, 21, 40, 9, 47, 48, 0, 1, 38, 18, 50, 4, 99, 86, 5, 10, 43, 123, 8, 104, 71, 5, 75, 4, 47, 3, 57, 48, 14, 19, 26, 32, 2, 5, 23, 36, 19, 44, 14, 12, 14, 1, 8, 23, 11, 19, 4, 29, 87, 21, 9, 23, 138, 13, 30, 13, 100, 33, 13, 44, 32, 12, 1, 14, 18, 9, 3, 49, 45, 451, 13, 46, 29, 5, 24, 8, 45, 12, 55, 54, 33, 65, 6, 28, 38, 147, 26, 19, 107, 31, 62, 54, 21, 62, 18, 39, 1, 10, 17, 18]",760
swebench_verified,swebench_verified:astropy__astropy-13236,1,633,128,29,1,127,760,6,"[40, 53, 43, 9, 28, 69, 43, 39, 6, 11, 27, 45, 23, 34, 32, 16, 2, 7, 55, 54, 24, 19, 95, 41, 25, 36, 43, 45, 262, 55, 26, 5, 33, 4, 5, 64, 22, 24, 34, 76, 36, 13, 53, 37, 13, 5, 46, 11, 23, 11, 149, 28, 33, 19, 15, 15, 27, 20, 38, 43, 20, 29, 28, 33, 15, 16, 74, 0, 39, 39, 85, 21, 42, 41, 34, 21, 29, 33, 12, 4, 7, 93, 24, 8, 13, 28, 25, 43, 19, 45, 42, 42, 21, 8, 11, 11, 39, 61, 9, 43, 97, 57, 49, 26, 45, 41, 57, 0, 23, 34, 12, 44, 57, 5, 3, 44, 6, 4, 76, 181, 50, 29, 21, 45, 34, 51, 31, 22]",760
swebench_verified,swebench_verified:astropy__astropy-13236,1,633,128,31,1,127,760,6,"[113, 208, 30, 34, 0, 1, 23, 30, 13, 25, 37, 16, 28, 18, 6, 144, 42, 21, 35, 23, 12, 26, 45, 23, 20, 4, 22, 61, 41, 54, 1, 6, 93, 14, 58, 9, 26, 9, 34, 29, 7, 0, 55, 46, 39, 41, 29, 30, 9, 51, 4, 29, 24, 6, 10, 28, 41, 20, 20, 11, 33, 28, 29, 1, 16, 121, 49, 74, 55, 15, 50, 13, 72, 17, 2, 31, 45, 30, 64, 51, 30, 39, 53, 40, 10, 27, 46, 66, 42, 41, 32, 2, 24, 123, 11, 21, 81, 40, 54, 40, 28, 59, 37, 6, 22, 11, 20, 12, 43, 6, 0, 15, 13, 6, 3, 54, 30, 335, 25, 40, 14, 2, 33, 118, 10, 25, 15, 26]",760
swebench_verified,swebench_verified:astropy__astropy-13236,1,633,128,34,1,127,760,6,"[15, 46, 40, 13, 5, 55, 42, 114, 5, 40, 36, 34, 40, 43, 51, 45, 17, 45, 9, 4, 42, 0, 48, 2, 42, 93, 3, 33, 11, 52, 15, 51, 22, 8, 79, 4, 23, 71, 221, 41, 10, 68, 30, 30, 131, 21, 62, 24, 12, 37, 37, 39, 17, 28, 7, 28, 47, 39, 21, 53, 64, 26, 97, 15, 21, 14, 7, 29, 26, 14, 10, 37, 38, 18, 0, 8, 46, 87, 14, 25, 20, 30, 23, 17, 14, 11, 26, 2, 25, 4, 72, 40, 27, 36, 38, 25, 32, 41, 29, 40, 59, 57, 3, 21, 7, 32, 12, 221, 45, 39, 46, 28, 26, 0, 182, 44, 38, 14, 1, 44, 30, 66, 11, 13, 16, 7, 32, 17]",760
swebench_verified,swebench_verified:astropy__astropy-13236,1,633,128,36,1,127,760,6,"[37, 56, 5, 20, 3, 27, 16, 35, 58, 22, 16, 26, 14, 10, 33, 25, 35, 31, 40, 32, 13, 9, 11, 49, 68, 6, 12, 57, 67, 9, 45, 80, 16, 28, 8, 0, 58, 23, 11, 32, 92, 221, 44, 367, 5, 0, 48, 234, 13, 14, 8, 19, 10, 15, 34, 4, 59, 45, 31, 114, 9, 36, 28, 11, 28, 11, 1, 8, 37, 352, 41, 28, 9, 7, 33, 47, 11, 54, 38, 23, 1, 10, 3, 125, 20, 71, 3, 13, 32, 46, 29, 7, 13, 51, 70, 99, 12, 1, 33, 11, 18, 4, 12, 0, 26, 4, 39, 38, 28, 47, 0, 21, 43, 45, 1, 5, 12, 10, 19, 6, 24, 89, 4, 9, 1, 25, 48, 0]",760
swebench_verified,swebench_verified:astropy__astropy-13236,1,633,128,38,1,127,760,6,"[5, 4, 12, 0, 33, 9, 9, 96, 9, 347, 59, 2, 9, 22, 4, 7, 57, 70, 92, 14, 77, 14, 79, 4, 64, 39, 4, 11, 13, 40, 8, 10, 2, 3, 54, 72, 14, 31, 12, 28, 3, 53, 43, 25, 21, 2, 40, 13, 50, 1, 20, 12, 21, 30, 10, 36, 15, 1, 15, 0, 93, 15, 13, 58, 24, 8, 303, 11, 55, 7, 20, 61, 24, 24, 25, 13, 3, 17, 26, 12, 6, 3, 28, 35, 14, 40, 11, 34, 36, 12, 91, 8, 6, 196, 30, 7, 11, 23, 35, 2, 55, 71, 75, 11, 257, 37, 10, 132, 19, 23, 4, 9, 79, 71, 12, 66, 0, 13, 48, 18, 34, 18, 23, 29, 23, 55, 14, 64]",760
swebench_verified,swebench_verified:astropy__astropy-13236,1,633,128,40,1,127,760,6,"[321, 0, 73, 12, 39, 32, 13, 10, 30, 99, 6, 49, 3, 63, 25, 265, 18, 18, 7, 31, 6, 21, 22, 12, 48, 13, 22, 13, 7, 6, 59, 2, 1, 27, 14, 60, 42, 120, 33, 229, 8, 72, 221, 11, 24, 48, 46, 56, 16, 25, 21, 8, 10, 4, 17, 56, 19, 9, 33, 1, 20, 23, 6, 10, 3, 456, 24, 47, 1, 33, 7, 44, 12, 28, 5, 74, 27, 25, 13, 31, 29, 45, 9, 89, 4, 15, 73, 18, 3, 43, 14, 12, 28, 18, 11, 4, 14, 9, 6, 4, 14, 18, 41, 32, 7, 26, 66, 3, 15, 11, 11, 3, 33, 83, 4, 19, 25, 1, 15, 0, 18, 61, 11, 6, 4, 18, 14, 88]",760
swebench_verified,swebench_verified:astropy__astropy-13236,1,633,128,43,1,127,760,6,"[5, 27, 55, 10, 67, 71, 26, 44, 17, 13, 15, 36, 26, 0, 19, 14, 102, 45, 9, 23, 7, 9, 9, 447, 30, 19, 141, 0, 115, 65, 37, 3, 31, 26, 20, 6, 96, 18, 62, 8, 4, 46, 2, 9, 29, 14, 11, 10, 37, 1, 12, 17, 3, 10, 34, 71, 15, 2, 43, 11, 11, 1, 13, 29, 56, 3, 9, 17, 33, 19, 53, 263, 8, 1, 46, 14, 31, 4, 22, 23, 41, 33, 27, 11, 10, 49, 3, 6, 38, 47, 28, 12, 30, 5, 50, 9, 61, 1, 6, 59, 201, 99, 41, 10, 38, 9, 37, 5, 48, 8, 5, 18, 6, 8, 17, 2, 36, 18, 24, 4, 5, 11, 6, 353, 162, 25, 18, 10]",760
swebench_verified,swebench_verified:astropy__astropy-13236,1,633,128,45,1,127,760,6,"[31, 54, 85, 30, 23, 49, 86, 10, 2, 20, 38, 68, 61, 1, 9, 24, 34, 124, 37, 5, 3, 31, 5, 33, 34, 22, 48, 13, 78, 7, 19, 33, 35, 8, 65, 1, 41, 14, 11, 42, 20, 28, 339, 38, 38, 32, 12, 39, 20, 54, 64, 4, 15, 9, 14, 96, 7, 10, 26, 65, 32, 9, 38, 23, 19, 22, 4, 6, 10, 26, 26, 17, 5, 31, 22, 51, 15, 164, 353, 13, 12, 23, 10, 54, 29, 10, 26, 10, 43, 29, 70, 25, 13, 10, 50, 14, 13, 4, 8, 16, 78, 11, 1, 22, 38, 21, 14, 33, 14, 26, 24, 47, 68, 26, 46, 54, 52, 23, 87, 28, 34, 8, 63, 1, 75, 3, 10, 34]",760
swebench_verified,swebench_verified:astropy__astropy-13236,1,633,128,47,1,127,760,6,"[28, 23, 16, 22, 31, 13, 3, 22, 40, 42, 28, 61, 23, 30, 61, 33, 8, 27, 6, 17, 111, 126, 15, 55, 72, 46, 17, 43, 10, 16, 52, 30, 11, 25, 13, 7, 105, 12, 36, 16, 1, 39, 9, 68, 1, 35, 4, 59, 23, 25, 61, 13, 9, 65, 34, 84, 50, 31, 25, 40, 41, 20, 32, 19, 49, 40, 43, 12, 25, 190, 22, 15, 19, 15, 21, 19, 50, 12, 57, 196, 5, 15, 24, 45, 9, 35, 83, 9, 50, 2, 10, 6, 48, 42, 11, 47, 12, 24, 34, 49, 19, 83, 34, 84, 54, 18, 3, 23, 30, 14, 20, 17, 33, 13, 16, 22, 10, 42, 29, 33, 47, 78, 28, 33, 59, 95, 13, 125]",760
swebench_verified,swebench_verified:astropy__astropy-13236,1,633,128,49,1,127,760,6,"[87, 262, 13, 8, 8, 6, 16, 14, 2, 0, 16, 14, 37, 23, 23, 51, 21, 50, 75, 6, 226, 0, 33, 10, 31, 40, 18, 13, 30, 18, 96, 25, 36, 10, 106, 12, 72, 17, 40, 1, 16, 10, 7, 60, 47, 25, 16, 16, 41, 29, 32, 17, 151, 6, 22, 6, 51, 23, 58, 11, 4, 33, 55, 18, 64, 91, 20, 64, 65, 36, 29, 22, 92, 10, 24, 7, 1, 3, 15, 12, 46, 71, 43, 4, 24, 66, 11, 38, 62, 136, 23, 0, 23, 74, 53, 136, 29, 11, 7, 34, 52, 29, 9, 4, 22, 65, 73, 23, 8, 25, 63, 28, 6, 31, 73, 27, 20, 7, 132, 7, 9, 4, 15, 20, 8, 14, 6, 14]",760
swebench_verified,swebench_verified:astropy__astropy-13236,1,633,128,51,1,127,760,6,"[15, 79, 21, 37, 39, 21, 17, 34, 20, 25, 4, 14, 24, 18, 86, 14, 33, 36, 21, 39, 57, 44, 24, 43, 19, 26, 10, 28, 26, 4, 8, 29, 31, 24, 42, 104, 14, 27, 20, 35, 47, 53, 36, 30, 103, 26, 28, 16, 54, 12, 105, 79, 19, 35, 85, 14, 10, 24, 63, 47, 30, 35, 63, 21, 14, 116, 63, 46, 41, 53, 32, 5, 47, 37, 61, 30, 36, 8, 19, 38, 12, 9, 43, 24, 63, 39, 31, 13, 68, 8, 22, 98, 71, 15, 24, 72, 50, 13, 8, 64, 24, 34, 8, 6, 12, 37, 57, 7, 49, 75, 58, 42, 40, 34, 24, 22, 30, 13, 43, 22, 37, 58, 8, 24, 2, 56, 91, 7]",760
swebench_verified,swebench_verified:astropy__astropy-13398,1,1531,128,1,1,127,1658,6,"[77, 26, 54, 116, 65, 48, 54, 120, 71, 29, 75, 67, 114, 125, 105, 104, 69, 40, 83, 47, 136, 101, 51, 84, 75, 108, 99, 163, 58, 55, 64, 141, 50, 37, 57, 53, 63, 134, 54, 73, 72, 62, 103, 83, 129, 103, 49, 68, 28, 24, 98, 36, 46, 68, 100, 48, 83, 43, 63, 170, 68, 94, 59, 63, 36, 73, 55, 94, 99, 82, 55, 131, 89, 57, 129, 73, 66, 171, 220, 27, 93, 63, 71, 121, 125, 43, 63, 127, 37, 63, 144, 58, 104, 89, 64, 34, 39, 153, 64, 74, 54, 103, 59, 36, 82, 21, 42, 165, 84, 76, 44, 75, 57, 146, 54, 76, 37, 32, 102, 82, 115, 49, 58, 109, 52, 34, 50, 63]",1658
swebench_verified,swebench_verified:astropy__astropy-13398,1,1531,128,3,1,127,1658,6,"[93, 69, 122, 34, 127, 97, 215, 118, 77, 44, 46, 73, 153, 62, 58, 73, 83, 180, 60, 36, 162, 15, 97, 75, 80, 48, 13, 101, 65, 58, 50, 28, 91, 81, 31, 54, 37, 61, 61, 68, 31, 38, 76, 77, 61, 53, 111, 123, 55, 106, 54, 24, 47, 97, 24, 67, 198, 96, 84, 26, 134, 15, 138, 87, 80, 104, 130, 34, 102, 55, 155, 87, 40, 105, 141, 148, 47, 55, 74, 85, 61, 72, 49, 27, 27, 158, 57, 51, 47, 44, 37, 26, 90, 93, 75, 171, 70, 63, 24, 63, 129, 131, 46, 57, 55, 46, 122, 87, 40, 36, 117, 158, 66, 32, 148, 73, 48, 104, 43, 51, 94, 156, 108, 28, 110, 41, 110, 47]",1658
swebench_verified,swebench_verified:astropy__astropy-13398,1,1531,128,6,1,127,1658,6,"[47, 62, 75, 81, 63, 53, 8, 63, 66, 87, 18, 65, 203, 83, 41, 69, 51, 44, 112, 62, 68, 37, 76, 50, 49, 61, 75, 64, 41, 99, 257, 410, 59, 132, 69, 125, 86, 91, 82, 70, 42, 193, 36, 50, 72, 39, 59, 85, 12, 225, 54, 62, 37, 63, 128, 32, 91, 56, 54, 45, 38, 534, 96, 15, 41, 28, 37, 56, 12, 38, 60, 142, 93, 56, 194, 142, 45, 101, 138, 28, 55, 84, 87, 52, 37, 65, 77, 79, 40, 38, 59, 51, 91, 37, 43, 93, 53, 26, 42, 69, 97, 51, 261, 83, 31, 64, 19, 35, 99, 58, 47, 28, 38, 57, 22, 80, 75, 33, 98, 50, 62, 87, 274, 125, 68, 57, 37, 51]",1658
swebench_verified,swebench_verified:astropy__astropy-13398,1,1531,128,8,1,127,1658,6,"[57, 85, 6, 15, 80, 8, 47, 36, 93, 37, 177, 25, 893, 106, 40, 30, 78, 49, 26, 39, 62, 51, 46, 6, 35, 5, 69, 41, 7, 84, 5, 69, 13, 36, 32, 70, 312, 30, 63, 15, 79, 63, 46, 26, 41, 27, 50, 51, 50, 42, 87, 64, 28, 40, 17, 19, 27, 43, 91, 144, 5, 8, 43, 69, 121, 35, 54, 26, 8, 11, 5, 63, 75, 34, 96, 39, 43, 61, 56, 4, 49, 31, 76, 5, 34, 111, 48, 16, 902, 36, 98, 60, 71, 33, 263, 113, 49, 35, 66, 41, 18, 5, 46, 779, 86, 24, 47, 71, 13, 106, 13, 55, 27, 66, 169, 45, 53, 537, 121, 53, 8, 39, 43, 59, 45, 186, 171, 57]",1658
swebench_verified,swebench_verified:astropy__astropy-13398,1,1531,128,10,1,127,1658,6,"[22, 38, 39, 9, 109, 993, 64, 101, 24, 16, 63, 47, 49, 11, 13, 3, 152, 419, 99, 16, 22, 45, 25, 87, 7, 17, 15, 72, 5, 3, 64, 6, 60, 38, 21, 247, 4, 50, 8, 106, 41, 55, 350, 10, 42, 144, 92, 42, 259, 7, 90, 196, 81, 25, 2, 25, 104, 34, 82, 265, 49, 19, 23, 32, 12, 8, 35, 91, 390, 19, 52, 241, 12, 76, 59, 68, 75, 34, 56, 39, 25, 127, 45, 158, 84, 55, 160, 348, 104, 36, 7, 32, 65, 23, 8, 112, 99, 28, 51, 14, 53, 18, 45, 64, 180, 68, 27, 9, 4, 17, 136, 55, 17, 20, 49, 4, 370, 30, 136, 27, 27, 8, 51, 33, 8, 23, 279, 84]",1658
swebench_verified,swebench_verified:astropy__astropy-13398,1,1531,128,13,1,127,1658,6,"[73, 20, 14, 145, 80, 38, 146, 175, 103, 43, 28, 178, 18, 66, 54, 52, 46, 11, 519, 138, 22, 41, 54, 30, 44, 80, 141, 6, 29, 144, 58, 34, 27, 397, 66, 20, 76, 103, 29, 15, 27, 86, 39, 4, 116, 106, 8, 147, 15, 32, 8, 617, 35, 672, 28, 1, 12, 17, 54, 77, 528, 15, 30, 2, 90, 16, 18, 114, 8, 5, 246, 35, 8, 131, 559, 65, 66, 48, 62, 143, 52, 57, 7, 13, 35, 48, 64, 18, 18, 12, 109, 18, 62, 53, 38, 6, 6, 9, 7, 64, 167, 102, 69, 11, 88, 27, 50, 22, 32, 74, 84, 185, 106, 93, 31, 96, 57, 35, 63, 49, 23, 18, 40, 10, 36, 0, 31, 0]",1658
swebench_verified,swebench_verified:astropy__astropy-13398,1,1531,128,15,1,127,1658,6,"[148, 24, 95, 196, 31, 74, 39, 29, 83, 98, 17, 18, 49, 14, 62, 64, 44, 2, 110, 56, 29, 20, 20, 543, 157, 303, 105, 157, 114, 32, 100, 403, 74, 58, 37, 22, 103, 33, 83, 24, 39, 109, 30, 23, 39, 122, 127, 132, 24, 72, 217, 36, 3, 29, 19, 35, 27, 39, 57, 117, 52, 10, 65, 88, 64, 15, 41, 15, 71, 163, 4, 56, 33, 48, 114, 144, 18, 23, 39, 14, 163, 51, 24, 35, 114, 40, 23, 3, 42, 67, 10, 0, 85, 50, 245, 25, 6, 52, 188, 42, 258, 70, 9, 13, 125, 54, 276, 104, 17, 9, 182, 146, 56, 46, 125, 39, 8, 62, 160, 160, 97, 40, 53, 307, 90, 3, 86, 45]",1658
swebench_verified,swebench_verified:astropy__astropy-13398,1,1531,128,17,1,127,1658,6,"[52, 54, 5, 15, 28, 57, 41, 44, 143, 33, 151, 47, 97, 185, 56, 95, 35, 21, 79, 28, 368, 21, 197, 35, 304, 213, 9, 115, 159, 39, 56, 84, 177, 81, 77, 38, 30, 55, 53, 35, 89, 90, 43, 120, 20, 81, 69, 4, 117, 89, 32, 142, 16, 54, 19, 41, 204, 299, 21, 74, 30, 14, 36, 5, 108, 219, 95, 56, 93, 27, 80, 66, 86, 55, 54, 25, 26, 95, 84, 14, 70, 100, 15, 49, 20, 42, 57, 98, 35, 24, 44, 216, 85, 82, 204, 126, 44, 117, 111, 8, 51, 50, 73, 16, 13, 49, 121, 39, 63, 15, 53, 67, 41, 41, 32, 107, 241, 29, 138, 78, 16, 40, 19, 126, 50, 7, 489, 33]",1658
swebench_verified,swebench_verified:astropy__astropy-13398,1,1531,128,20,1,127,1658,6,"[62, 28, 159, 37, 136, 56, 4, 16, 75, 20, 212, 59, 53, 68, 11, 54, 59, 16, 184, 47, 79, 23, 5, 23, 12, 36, 13, 7, 111, 57, 31, 11, 145, 28, 54, 12, 26, 99, 19, 27, 81, 38, 71, 24, 80, 48, 4, 2, 113, 51, 24, 168, 53, 76, 160, 13, 252, 63, 32, 0, 76, 131, 136, 58, 103, 104, 30, 90, 46, 35, 127, 114, 15, 4, 59, 13, 200, 111, 7, 23, 18, 86, 197, 40, 19, 375, 34, 72, 380, 22, 54, 71, 46, 6, 8, 98, 35, 47, 105, 89, 112, 221, 73, 28, 74, 30, 28, 109, 10, 57, 0, 220, 96, 348, 254, 56, 23, 102, 136, 56, 58, 33, 66, 103, 67, 102, 591, 84]",1658
swebench_verified,swebench_verified:astropy__astropy-13398,1,1531,128,22,1,127,1658,6,"[41, 90, 28, 229, 83, 79, 51, 58, 68, 146, 56, 140, 33, 74, 109, 12, 81, 55, 55, 48, 56, 72, 61, 128, 44, 67, 243, 60, 270, 48, 173, 24, 54, 47, 56, 70, 89, 102, 118, 50, 131, 72, 92, 161, 147, 122, 26, 36, 88, 154, 56, 77, 54, 52, 84, 144, 22, 147, 98, 5, 28, 83, 102, 34, 104, 107, 21, 173, 77, 69, 104, 72, 39, 91, 47, 38, 126, 106, 64, 167, 79, 59, 73, 126, 68, 81, 74, 28, 48, 53, 110, 83, 91, 60, 6, 54, 145, 79, 60, 59, 97, 125, 44, 24, 38, 62, 56, 52, 14, 51, 94, 179, 26, 49, 12, 69, 47, 166, 40, 63, 50, 42, 99, 27, 118, 26, 44, 10]",1658
swebench_verified,swebench_verified:astropy__astropy-13398,1,1531,128,24,1,127,1658,6,"[61, 90, 43, 385, 40, 3, 17, 237, 458, 78, 9, 150, 37, 41, 14, 17, 35, 126, 14, 175, 198, 354, 25, 55, 20, 56, 83, 93, 98, 327, 37, 22, 21, 73, 37, 5, 2, 59, 25, 102, 3, 86, 26, 62, 29, 46, 36, 64, 40, 175, 41, 103, 21, 226, 290, 171, 57, 32, 78, 59, 23, 44, 97, 34, 146, 87, 10, 15, 18, 74, 52, 9, 27, 57, 59, 28, 102, 36, 41, 69, 128, 69, 25, 91, 79, 23, 112, 17, 4, 64, 10, 23, 64, 27, 111, 70, 19, 67, 73, 135, 46, 42, 12, 212, 37, 31, 80, 260, 34, 38, 66, 3, 130, 5, 95, 67, 87, 34, 40, 107, 12, 101, 50, 210, 61, 267, 103, 112]",1658
swebench_verified,swebench_verified:astropy__astropy-13398,1,1531,128,27,1,127,1658,6,"[52, 191, 37, 50, 83, 59, 34, 41, 1, 76, 27, 13, 60, 126, 62, 104, 20, 19, 63, 83, 19, 12, 198, 71, 56, 187, 127, 124, 65, 476, 59, 44, 116, 93, 15, 336, 93, 26, 57, 10, 125, 120, 101, 35, 49, 95, 21, 75, 56, 20, 127, 61, 40, 36, 62, 96, 7, 67, 80, 37, 14, 145, 60, 45, 41, 111, 43, 107, 33, 34, 2, 51, 3, 60, 3, 35, 135, 47, 160, 40, 183, 21, 59, 97, 114, 48, 21, 65, 14, 92, 110, 120, 44, 11, 7, 101, 168, 455, 9, 136, 10, 29, 31, 97, 72, 89, 152, 93, 153, 225, 42, 68, 50, 184, 51, 51, 97, 102, 87, 73, 28, 77, 46, 76, 17, 24, 17, 168]",1658
swebench_verified,swebench_verified:astropy__astropy-13398,1,1531,128,29,1,127,1658,6,"[90, 62, 131, 52, 79, 166, 24, 34, 38, 108, 73, 62, 53, 45, 147, 61, 139, 10, 119, 79, 32, 75, 101, 57, 41, 96, 70, 47, 301, 163, 44, 74, 51, 48, 28, 123, 61, 47, 45, 101, 156, 53, 223, 44, 28, 53, 56, 62, 67, 65, 206, 42, 40, 42, 41, 41, 72, 34, 76, 128, 114, 26, 43, 88, 14, 27, 108, 31, 91, 82, 85, 49, 104, 84, 44, 38, 29, 88, 46, 1, 235, 202, 89, 5, 54, 90, 62, 116, 12, 95, 93, 95, 44, 7, 25, 60, 68, 72, 15, 52, 112, 77, 140, 73, 58, 81, 68, 28, 41, 77, 13, 79, 51, 25, 62, 51, 16, 37, 172, 497, 74, 123, 197, 77, 67, 67, 140, 56]",1658
swebench_verified,swebench_verified:astropy__astropy-13398,1,1531,128,31,1,127,1658,6,"[148, 209, 72, 67, 33, 6, 69, 29, 32, 65, 43, 17, 64, 4, 21, 126, 158, 674, 123, 47, 52, 24, 67, 499, 127, 12, 15, 78, 161, 80, 18, 93, 160, 10, 93, 3, 59, 61, 55, 75, 13, 13, 72, 57, 41, 104, 64, 113, 45, 57, 10, 147, 44, 14, 13, 68, 43, 118, 7, 17, 57, 74, 47, 543, 49, 127, 76, 102, 134, 76, 92, 49, 128, 34, 6, 46, 59, 112, 83, 66, 52, 81, 57, 49, 45, 50, 149, 120, 61, 81, 96, 33, 42, 250, 51, 48, 96, 73, 39, 24, 117, 36, 47, 15, 79, 32, 37, 31, 65, 1, 38, 75, 19, 11, 3, 112, 23, 418, 21, 79, 17, 2, 53, 138, 55, 56, 18, 84]",1658
swebench_verified,swebench_verified:astropy__astropy-13398,1,1531,128,34,1,127,1658,6,"[65, 122, 39, 73, 4, 69, 111, 265, 2, 193, 87, 98, 89, 163, 117, 49, 52, 110, 18, 32, 130, 1, 35, 26, 81, 120, 12, 36, 25, 176, 9, 103, 43, 8, 69, 5, 74, 70, 96, 79, 14, 135, 51, 98, 183, 60, 133, 265, 37, 69, 77, 99, 78, 160, 5, 16, 98, 58, 17, 74, 81, 111, 255, 25, 101, 43, 14, 60, 99, 44, 112, 74, 153, 143, 19, 24, 162, 202, 70, 11, 48, 74, 92, 64, 37, 11, 59, 14, 64, 15, 134, 70, 18, 47, 52, 108, 126, 156, 47, 77, 69, 137, 168, 106, 20, 109, 23, 257, 75, 56, 79, 52, 119, 25, 139, 52, 35, 33, 102, 79, 59, 52, 11, 17, 35, 114, 35, 91]",1658
swebench_verified,swebench_verified:astropy__astropy-13398,1,1531,128,36,1,127,1658,6,"[207, 66, 5, 21, 5, 91, 38, 74, 67, 39, 91, 13, 124, 6, 56, 34, 150, 98, 63, 92, 17, 36, 42, 73, 136, 17, 17, 100, 77, 12, 91, 162, 85, 73, 30, 36, 59, 53, 33, 70, 193, 117, 69, 424, 75, 23, 54, 133, 68, 2, 6, 46, 18, 33, 155, 24, 56, 89, 65, 149, 25, 64, 70, 52, 34, 9, 322, 15, 62, 806, 77, 30, 1, 9, 56, 104, 64, 73, 96, 85, 4, 5, 12, 194, 95, 159, 2, 63, 544, 84, 80, 22, 110, 130, 154, 123, 71, 54, 64, 9, 70, 44, 23, 2, 26, 10, 78, 113, 94, 73, 1, 81, 103, 75, 4, 48, 93, 97, 41, 8, 79, 85, 13, 62, 57, 56, 102, 19]",1658
swebench_verified,swebench_verified:astropy__astropy-13398,1,1531,128,38,1,127,1658,6,"[6, 77, 110, 6, 43, 83, 153, 106, 8, 421, 82, 5, 38, 25, 295, 15, 79, 113, 96, 35, 117, 18, 72, 25, 143, 56, 2, 24, 41, 42, 61, 26, 12, 10, 87, 113, 9, 77, 33, 86, 42, 91, 45, 24, 64, 4, 89, 39, 35, 17, 144, 23, 18, 83, 39, 81, 18, 20, 41, 24, 121, 190, 23, 222, 27, 6, 888, 62, 57, 17, 70, 114, 66, 18, 69, 18, 1, 72, 29, 4, 128, 127, 66, 37, 34, 93, 54, 82, 27, 8, 154, 12, 31, 66, 74, 30, 28, 24, 64, 25, 143, 88, 80, 19, 439, 51, 4, 31, 46, 66, 116, 10, 121, 71, 15, 75, 26, 35, 83, 42, 956, 55, 26, 49, 27, 140, 44, 61]",1658
swebench_verified,swebench_verified:astropy__astropy-13398,1,1531,128,40,1,127,1658,6,"[337, 0, 138, 20, 80, 127, 34, 30, 118, 144, 7, 91, 1, 12, 41, 186, 17, 49, 27, 42, 11, 25, 37, 23, 64, 38, 26, 4, 7, 24, 93, 16, 4, 75, 7, 66, 69, 149, 44, 254, 13, 157, 248, 1, 107, 79, 114, 104, 41, 65, 55, 11, 22, 120, 32, 78, 68, 13, 51, 37, 15, 135, 43, 44, 32, 1296, 22, 71, 11, 21, 37, 17, 17, 51, 14, 70, 177, 119, 26, 77, 37, 104, 8, 113, 3, 100, 175, 30, 9, 10, 66, 45, 38, 16, 344, 10, 14, 27, 29, 25, 12, 45, 223, 51, 18, 49, 155, 2, 269, 57, 13, 868, 70, 50, 23, 27, 28, 6, 26, 4, 107, 41, 11, 17, 14, 22, 43, 246]",1658
swebench_verified,swebench_verified:astropy__astropy-13398,1,1531,128,43,1,127,1658,6,"[12, 70, 29, 24, 117, 105, 18, 52, 37, 23, 35, 92, 50, 12, 13, 17, 136, 71, 9, 43, 15, 12, 43, 498, 20, 24, 193, 7, 164, 105, 26, 13, 31, 30, 18, 11, 174, 37, 165, 21, 20, 64, 1, 35, 35, 8, 28, 33, 49, 14, 35, 22, 26, 12, 65, 91, 108, 26, 183, 75, 20, 56, 31, 76, 58, 6, 18, 38, 128, 62, 145, 378, 7, 1, 62, 74, 51, 24, 42, 54, 67, 104, 51, 24, 9, 64, 53, 74, 48, 55, 27, 41, 3, 34, 92, 8, 79, 6, 14, 17, 749, 177, 58, 35, 986, 11, 55, 7, 185, 12, 19, 72, 97, 17, 22, 57, 52, 37, 54, 12, 16, 64, 7, 1175, 170, 31, 34, 34]",1658
swebench_verified,swebench_verified:astropy__astropy-13398,1,1531,128,45,1,127,1658,6,"[77, 38, 203, 80, 83, 128, 139, 59, 3, 15, 68, 222, 77, 17, 11, 26, 245, 745, 46, 42, 5, 38, 9, 60, 52, 29, 61, 30, 20, 6, 35, 80, 46, 25, 167, 11, 129, 18, 89, 79, 33, 77, 350, 50, 147, 92, 35, 116, 52, 28, 79, 56, 24, 51, 34, 71, 29, 11, 102, 138, 35, 15, 47, 89, 32, 47, 32, 60, 47, 64, 107, 52, 97, 56, 65, 107, 56, 74, 886, 29, 7, 117, 28, 67, 57, 50, 68, 128, 167, 47, 91, 44, 42, 44, 70, 63, 35, 106, 27, 97, 111, 18, 1, 32, 51, 15, 34, 35, 15, 35, 53, 73, 206, 34, 114, 24, 69, 64, 152, 45, 42, 65, 85, 12, 68, 102, 30, 123]",1658
swebench_verified,swebench_verified:astropy__astropy-13398,1,1531,128,47,1,127,1658,6,"[56, 34, 19, 46, 91, 14, 27, 26, 82, 78, 80, 166, 23, 19, 233, 120, 33, 89, 683, 44, 124, 234, 70, 98, 138, 64, 38, 77, 20, 30, 101, 77, 58, 74, 12, 26, 147, 42, 77, 65, 6, 160, 32, 473, 10, 47, 13, 103, 91, 37, 61, 24, 15, 63, 50, 72, 60, 239, 15, 101, 104, 29, 48, 68, 84, 30, 36, 42, 36, 213, 33, 14, 69, 27, 59, 37, 65, 53, 58, 247, 34, 29, 141, 63, 33, 56, 178, 22, 141, 62, 126, 4, 84, 111, 33, 58, 107, 65, 23, 18, 58, 242, 132, 27, 150, 42, 14, 84, 71, 42, 60, 13, 36, 14, 65, 49, 8, 50, 31, 68, 97, 71, 52, 57, 147, 76, 98, 147]",1658
swebench_verified,swebench_verified:astropy__astropy-13398,1,1531,128,49,1,127,1658,6,"[90, 947, 142, 12, 24, 31, 76, 15, 7, 5, 29, 38, 100, 21, 92, 67, 51, 92, 133, 15, 171, 56, 42, 8, 85, 80, 21, 32, 12, 34, 114, 53, 86, 51, 148, 25, 63, 142, 26, 13, 16, 56, 44, 147, 110, 31, 46, 73, 60, 89, 32, 58, 205, 28, 134, 11, 93, 67, 88, 33, 10, 53, 84, 61, 85, 101, 47, 121, 79, 54, 27, 54, 206, 59, 38, 31, 7, 121, 34, 13, 98, 113, 83, 53, 27, 67, 75, 80, 97, 182, 70, 3, 44, 191, 106, 165, 102, 908, 37, 57, 63, 48, 6, 36, 42, 90, 66, 50, 14, 39, 84, 42, 22, 99, 104, 51, 39, 59, 256, 11, 13, 7, 35, 52, 27, 13, 39, 28]",1658
swebench_verified,swebench_verified:astropy__astropy-13398,1,1531,128,51,1,127,1658,6,"[29, 115, 37, 43, 49, 13, 47, 81, 100, 114, 9, 43, 68, 48, 134, 30, 54, 58, 25, 125, 67, 70, 71, 95, 31, 24, 18, 35, 51, 66, 16, 72, 43, 103, 85, 138, 25, 40, 25, 90, 62, 97, 100, 81, 136, 143, 26, 68, 92, 341, 126, 131, 38, 190, 234, 32, 29, 33, 125, 103, 37, 71, 98, 27, 43, 123, 81, 44, 123, 63, 94, 26, 80, 128, 113, 68, 83, 17, 66, 100, 30, 28, 140, 44, 86, 76, 85, 25, 136, 54, 61, 77, 271, 50, 75, 92, 106, 43, 59, 175, 67, 59, 14, 18, 48, 98, 93, 23, 105, 129, 142, 49, 54, 79, 35, 52, 79, 61, 80, 193, 92, 75, 17, 117, 6, 96, 272, 23]",1658
swebench_verified,swebench_verified:astropy__astropy-13453,1,2855,128,1,1,127,2982,6,"[119, 77, 86, 64, 87, 129, 106, 309, 80, 71, 110, 159, 205, 201, 224, 164, 129, 125, 83, 77, 210, 159, 111, 161, 163, 163, 162, 253, 67, 53, 63, 335, 70, 27, 108, 158, 120, 217, 67, 108, 158, 192, 48, 200, 201, 99, 101, 78, 86, 83, 224, 112, 123, 55, 140, 137, 155, 129, 100, 252, 109, 222, 17, 196, 92, 91, 122, 107, 131, 253, 85, 117, 207, 212, 81, 80, 75, 409, 356, 63, 156, 86, 159, 203, 207, 93, 153, 55, 49, 197, 177, 120, 103, 263, 154, 86, 92, 252, 174, 120, 159, 144, 112, 74, 157, 40, 92, 271, 190, 46, 171, 151, 167, 155, 103, 170, 85, 122, 215, 229, 196, 71, 87, 303, 90, 135, 114, 66]",2982
swebench_verified,swebench_verified:astropy__astropy-13453,1,2855,128,3,1,127,2982,6,"[172, 162, 165, 209, 188, 205, 134, 351, 86, 51, 53, 84, 149, 191, 136, 100, 115, 418, 125, 98, 252, 38, 166, 188, 95, 191, 44, 105, 68, 77, 89, 102, 169, 101, 28, 78, 65, 116, 135, 55, 105, 12, 94, 110, 82, 160, 282, 227, 110, 254, 71, 81, 96, 305, 91, 200, 220, 66, 167, 50, 81, 39, 169, 125, 203, 148, 324, 61, 62, 149, 227, 149, 92, 159, 217, 257, 92, 162, 95, 69, 105, 151, 148, 47, 46, 327, 148, 153, 87, 70, 61, 48, 106, 155, 126, 323, 96, 95, 47, 71, 317, 182, 158, 175, 98, 74, 200, 161, 112, 71, 165, 223, 104, 65, 289, 170, 149, 233, 99, 69, 243, 63, 299, 129, 271, 58, 205, 83]",2982
swebench_verified,swebench_verified:astropy__astropy-13453,1,2855,128,6,1,127,2982,6,"[63, 114, 154, 126, 135, 76, 13, 167, 144, 96, 12, 160, 124, 249, 108, 103, 92, 36, 123, 95, 132, 126, 170, 206, 102, 92, 162, 125, 123, 294, 64, 358, 70, 134, 105, 383, 183, 222, 255, 253, 114, 211, 99, 60, 182, 82, 91, 231, 50, 405, 74, 98, 95, 80, 303, 118, 154, 180, 67, 82, 47, 342, 109, 1, 187, 67, 82, 118, 42, 134, 104, 217, 69, 72, 362, 143, 68, 237, 161, 79, 79, 119, 355, 229, 40, 57, 171, 121, 121, 105, 82, 65, 170, 86, 17, 116, 151, 85, 54, 150, 100, 207, 274, 153, 42, 119, 44, 66, 99, 140, 222, 125, 229, 239, 131, 125, 141, 132, 155, 99, 215, 191, 450, 214, 120, 121, 119, 81]",2982
swebench_verified,swebench_verified:astropy__astropy-13453,1,2855,128,8,1,127,2982,6,"[96, 93, 43, 81, 17, 31, 63, 54, 927, 80, 520, 56, 992, 21, 199, 34, 118, 82, 139, 98, 113, 94, 133, 22, 101, 81, 287, 63, 17, 151, 14, 75, 45, 93, 54, 127, 833, 136, 129, 22, 165, 107, 153, 97, 80, 72, 209, 29, 256, 19, 278, 203, 91, 195, 31, 50, 98, 20, 673, 106, 5, 12, 10, 169, 184, 97, 60, 3, 17, 37, 19, 280, 138, 106, 175, 116, 159, 181, 118, 129, 44, 110, 81, 232, 62, 128, 30, 6, 65, 108, 134, 90, 168, 63, 268, 127, 159, 58, 121, 111, 64, 2, 83, 1139, 100, 174, 312, 80, 102, 41, 30, 64, 248, 49, 21, 181, 145, 319, 284, 129, 3, 59, 59, 240, 100, 279, 88, 51]",2982
swebench_verified,swebench_verified:astropy__astropy-13453,1,2855,128,10,1,127,2982,6,"[101, 237, 105, 73, 115, 365, 40, 88, 10, 42, 104, 143, 63, 45, 47, 71, 451, 65, 81, 20, 147, 134, 35, 59, 45, 5, 178, 167, 47, 12, 166, 174, 96, 119, 122, 339, 40, 328, 18, 272, 168, 191, 509, 30, 147, 148, 150, 82, 100, 26, 73, 90, 91, 80, 146, 131, 97, 102, 105, 73, 507, 136, 110, 275, 42, 11, 166, 139, 725, 51, 87, 928, 44, 31, 35, 117, 32, 114, 65, 70, 30, 93, 117, 128, 60, 232, 128, 9, 32, 95, 18, 49, 114, 134, 52, 266, 90, 104, 81, 15, 133, 16, 284, 104, 595, 76, 267, 87, 247, 115, 141, 88, 40, 107, 173, 174, 716, 13, 72, 22, 9, 87, 124, 50, 12, 245, 227, 828]",2982
swebench_verified,swebench_verified:astropy__astropy-13453,1,2855,128,13,1,127,2982,6,"[248, 18, 2, 32, 283, 101, 59, 239, 72, 94, 80, 120, 8, 257, 189, 151, 164, 90, 1226, 278, 29, 3, 259, 70, 78, 146, 168, 102, 63, 348, 208, 35, 67, 6, 71, 185, 265, 113, 63, 88, 14, 226, 83, 26, 368, 118, 77, 60, 83, 38, 27, 87, 44, 213, 157, 42, 18, 58, 93, 116, 876, 658, 78, 132, 221, 196, 106, 66, 7, 71, 610, 207, 17, 137, 504, 57, 163, 210, 54, 307, 78, 49, 14, 145, 86, 57, 228, 59, 38, 27, 246, 483, 96, 14, 54, 2, 59, 1, 221, 52, 46, 128, 188, 35, 526, 234, 69, 215, 25, 151, 398, 19, 135, 32, 26, 144, 106, 40, 153, 153, 165, 25, 54, 26, 6, 11, 58, 12]",2982
swebench_verified,swebench_verified:astropy__astropy-13453,1,2855,128,15,1,127,2982,6,"[169, 19, 400, 276, 117, 88, 58, 93, 128, 36, 21, 53, 145, 94, 132, 179, 26, 268, 181, 162, 252, 24, 42, 344, 521, 169, 356, 50, 76, 90, 47, 77, 433, 75, 32, 19, 221, 143, 66, 65, 141, 168, 122, 63, 50, 28, 277, 32, 22, 77, 155, 27, 16, 56, 83, 39, 96, 134, 82, 337, 40, 15, 114, 153, 115, 30, 107, 110, 350, 269, 93, 30, 71, 273, 90, 358, 130, 68, 208, 16, 126, 42, 39, 153, 152, 91, 44, 0, 139, 605, 179, 1, 278, 44, 163, 1, 16, 114, 111, 29, 914, 27, 14, 37, 146, 135, 46, 147, 117, 3, 79, 168, 95, 127, 169, 55, 100, 48, 233, 570, 336, 34, 945, 293, 137, 17, 99, 82]",2982
swebench_verified,swebench_verified:astropy__astropy-13453,1,2855,128,17,1,127,2982,6,"[59, 80, 48, 48, 116, 155, 108, 75, 62, 85, 63, 89, 110, 121, 213, 119, 69, 83, 61, 323, 578, 54, 275, 10, 587, 52, 104, 321, 693, 22, 63, 62, 247, 230, 226, 159, 22, 79, 55, 71, 116, 147, 41, 150, 39, 118, 55, 6, 40, 327, 342, 308, 103, 81, 41, 137, 338, 208, 54, 183, 25, 90, 207, 12, 106, 645, 131, 5, 199, 65, 74, 155, 132, 259, 240, 141, 63, 119, 37, 12, 156, 26, 22, 88, 57, 63, 134, 245, 58, 55, 189, 236, 119, 110, 111, 29, 191, 6, 114, 4, 41, 152, 320, 47, 28, 189, 156, 119, 92, 239, 258, 186, 85, 88, 35, 116, 74, 26, 633, 96, 21, 137, 28, 33, 165, 15, 888, 64]",2982
swebench_verified,swebench_verified:astropy__astropy-13453,1,2855,128,20,1,127,2982,6,"[181, 27, 171, 27, 156, 143, 61, 17, 294, 99, 40, 1, 189, 93, 32, 33, 48, 179, 168, 11, 292, 688, 25, 489, 107, 31, 3, 25, 167, 118, 66, 33, 201, 83, 91, 27, 19, 144, 14, 60, 224, 42, 150, 175, 94, 68, 33, 110, 163, 107, 100, 346, 138, 113, 422, 31, 627, 60, 143, 26, 79, 92, 163, 336, 200, 30, 156, 83, 48, 35, 161, 126, 49, 19, 94, 146, 0, 138, 3, 160, 32, 127, 75, 116, 92, 29, 13, 50, 226, 94, 147, 139, 113, 6, 54, 128, 74, 183, 71, 896, 56, 174, 14, 25, 278, 136, 67, 88, 75, 37, 8, 820, 228, 662, 831, 93, 115, 86, 144, 67, 91, 316, 246, 76, 53, 406, 20, 72]",2982
swebench_verified,swebench_verified:astropy__astropy-13453,1,2855,128,22,1,127,2982,6,"[56, 78, 63, 229, 65, 268, 126, 43, 117, 173, 89, 228, 97, 85, 51, 31, 14, 202, 478, 78, 192, 132, 90, 203, 161, 150, 219, 136, 105, 185, 77, 29, 101, 53, 60, 67, 133, 200, 190, 153, 205, 404, 115, 413, 190, 155, 424, 74, 63, 200, 112, 118, 104, 97, 144, 238, 42, 51, 620, 38, 10, 113, 188, 60, 258, 138, 69, 179, 146, 84, 196, 142, 130, 330, 105, 74, 169, 199, 39, 291, 63, 79, 99, 160, 58, 115, 124, 110, 24, 90, 98, 179, 450, 84, 142, 75, 110, 114, 68, 56, 375, 180, 49, 72, 76, 82, 98, 265, 66, 211, 221, 373, 28, 257, 87, 68, 112, 74, 134, 247, 1, 66, 72, 80, 74, 60, 193, 39]",2982
swebench_verified,swebench_verified:astropy__astropy-13453,1,2855,128,24,1,127,2982,6,"[69, 77, 8, 796, 117, 0, 8, 270, 160, 91, 72, 238, 245, 156, 7, 59, 18, 50, 10, 148, 500, 15, 44, 182, 44, 78, 90, 200, 94, 1038, 122, 108, 173, 145, 115, 72, 88, 141, 66, 159, 193, 148, 46, 64, 7, 140, 60, 80, 62, 333, 52, 171, 83, 161, 293, 12, 144, 112, 211, 107, 148, 57, 658, 71, 135, 68, 21, 87, 8, 77, 255, 10, 122, 129, 112, 693, 1, 100, 88, 174, 38, 159, 101, 92, 437, 140, 143, 213, 100, 56, 23, 37, 70, 545, 518, 36, 273, 93, 47, 169, 116, 79, 40, 34, 264, 32, 156, 178, 38, 128, 197, 6, 78, 50, 173, 53, 99, 122, 133, 128, 79, 281, 83, 246, 33, 37, 117, 56]",2982
swebench_verified,swebench_verified:astropy__astropy-13453,1,2855,128,27,1,127,2982,6,"[178, 285, 95, 29, 233, 114, 65, 151, 49, 169, 66, 88, 130, 109, 101, 52, 101, 54, 52, 142, 10, 51, 131, 204, 105, 110, 165, 191, 160, 148, 135, 27, 150, 546, 38, 125, 182, 197, 127, 17, 362, 169, 66, 95, 189, 159, 42, 220, 114, 355, 295, 153, 105, 51, 79, 80, 92, 47, 126, 69, 54, 90, 69, 16, 89, 121, 32, 36, 55, 9, 29, 40, 201, 225, 7, 50, 83, 21, 80, 61, 506, 37, 46, 135, 328, 217, 15, 135, 55, 99, 36, 72, 168, 195, 109, 147, 241, 1114, 26, 116, 12, 13, 202, 1131, 228, 109, 275, 172, 110, 87, 169, 176, 79, 197, 54, 173, 95, 170, 176, 115, 25, 406, 254, 180, 59, 27, 60, 23]",2982
swebench_verified,swebench_verified:astropy__astropy-13453,1,2855,128,29,1,127,2982,6,"[140, 155, 146, 88, 29, 176, 58, 168, 46, 61, 131, 150, 116, 203, 149, 81, 85, 59, 141, 76, 71, 179, 187, 149, 87, 119, 113, 115, 559, 182, 118, 6, 61, 39, 113, 233, 76, 95, 98, 176, 162, 79, 87, 62, 185, 148, 225, 72, 249, 33, 616, 119, 86, 86, 129, 53, 138, 60, 104, 100, 103, 53, 62, 154, 98, 86, 206, 153, 127, 213, 231, 185, 131, 108, 64, 85, 86, 203, 190, 113, 188, 311, 134, 33, 163, 191, 115, 137, 74, 221, 149, 196, 70, 29, 174, 203, 74, 111, 111, 120, 323, 148, 308, 66, 217, 145, 161, 23, 113, 121, 54, 168, 80, 9, 18, 213, 8, 94, 488, 267, 166, 174, 183, 107, 114, 612, 132, 98]",2982
swebench_verified,swebench_verified:astropy__astropy-13453,1,2855,128,31,1,127,2982,6,"[642, 515, 78, 50, 107, 44, 78, 39, 21, 198, 80, 88, 79, 110, 57, 906, 356, 153, 73, 120, 100, 48, 177, 329, 60, 20, 168, 125, 172, 72, 210, 7, 280, 63, 85, 25, 99, 41, 173, 115, 200, 178, 83, 38, 92, 156, 105, 179, 109, 82, 130, 72, 57, 191, 37, 105, 95, 122, 42, 30, 290, 25, 63, 30, 103, 114, 128, 465, 122, 184, 121, 102, 279, 76, 63, 304, 132, 69, 182, 242, 126, 127, 36, 80, 260, 88, 105, 212, 94, 169, 103, 27, 82, 329, 72, 200, 242, 252, 100, 213, 122, 99, 130, 270, 87, 48, 60, 43, 116, 214, 12, 104, 121, 218, 26, 171, 80, 467, 27, 126, 24, 40, 344, 264, 64, 99, 32, 207]",2982
swebench_verified,swebench_verified:astropy__astropy-13453,1,2855,128,34,1,127,2982,6,"[102, 112, 98, 42, 485, 212, 141, 449, 37, 190, 194, 143, 145, 98, 185, 173, 138, 242, 7, 0, 217, 6, 77, 14, 189, 265, 14, 177, 22, 171, 13, 201, 129, 16, 112, 201, 90, 164, 170, 155, 322, 363, 203, 124, 262, 120, 181, 250, 88, 160, 219, 88, 29, 115, 14, 56, 164, 100, 49, 222, 213, 146, 280, 109, 65, 143, 27, 118, 141, 170, 53, 172, 509, 277, 36, 63, 123, 100, 163, 247, 77, 97, 183, 98, 105, 49, 68, 15, 82, 147, 325, 345, 84, 202, 26, 224, 323, 189, 218, 251, 113, 94, 22, 173, 59, 74, 96, 518, 180, 40, 114, 93, 66, 23, 209, 75, 8, 159, 30, 73, 44, 73, 57, 208, 96, 57, 57, 93]",2982
swebench_verified,swebench_verified:astropy__astropy-13453,1,2855,128,36,1,127,2982,6,"[127, 109, 21, 154, 30, 111, 151, 83, 163, 71, 55, 109, 137, 97, 288, 101, 185, 130, 87, 29, 162, 129, 41, 211, 105, 98, 89, 168, 196, 168, 98, 176, 212, 143, 148, 66, 249, 52, 118, 173, 453, 276, 122, 673, 33, 129, 94, 263, 66, 148, 153, 146, 88, 144, 139, 80, 111, 243, 93, 297, 126, 197, 130, 122, 68, 42, 91, 16, 182, 758, 38, 31, 52, 101, 173, 136, 100, 118, 228, 103, 40, 74, 347, 174, 170, 64, 11, 187, 309, 193, 11, 50, 106, 226, 52, 181, 180, 8, 133, 63, 158, 71, 61, 36, 33, 105, 165, 124, 273, 259, 100, 95, 362, 129, 8, 111, 156, 64, 61, 48, 221, 314, 87, 88, 85, 183, 145, 168]",2982
swebench_verified,swebench_verified:astropy__astropy-13453,1,2855,128,38,1,127,2982,6,"[56, 27, 52, 31, 176, 113, 284, 227, 171, 625, 54, 108, 47, 52, 74, 59, 174, 203, 100, 118, 516, 12, 150, 117, 98, 255, 172, 149, 167, 88, 57, 114, 31, 6, 351, 72, 25, 135, 8, 72, 44, 202, 102, 25, 309, 134, 156, 95, 51, 54, 246, 137, 26, 109, 204, 181, 83, 190, 90, 1, 319, 83, 60, 161, 32, 126, 1075, 81, 232, 115, 115, 88, 135, 87, 103, 62, 55, 192, 77, 43, 3, 116, 50, 141, 88, 177, 110, 59, 45, 48, 284, 20, 81, 250, 33, 38, 137, 152, 101, 94, 129, 252, 182, 56, 698, 84, 6, 375, 416, 137, 191, 96, 213, 112, 127, 139, 139, 67, 117, 64, 330, 53, 49, 127, 38, 322, 25, 295]",2982
swebench_verified,swebench_verified:astropy__astropy-13453,1,2855,128,40,1,127,2982,6,"[800, 113, 55, 60, 186, 83, 34, 11, 79, 378, 88, 285, 70, 2, 156, 1042, 90, 52, 36, 47, 50, 99, 6, 93, 92, 85, 42, 35, 173, 48, 270, 150, 32, 211, 309, 67, 179, 402, 17, 628, 125, 254, 345, 4, 372, 167, 27, 118, 143, 83, 172, 27, 103, 143, 98, 224, 183, 23, 160, 147, 35, 123, 60, 54, 63, 1483, 45, 77, 90, 6, 161, 84, 14, 164, 103, 45, 281, 94, 109, 72, 98, 153, 66, 181, 23, 46, 153, 76, 74, 44, 66, 145, 238, 11, 328, 63, 102, 111, 70, 158, 128, 253, 111, 78, 52, 75, 230, 20, 115, 48, 34, 63, 75, 95, 54, 152, 14, 33, 112, 115, 135, 95, 72, 313, 157, 25, 87, 209]",2982
swebench_verified,swebench_verified:astropy__astropy-13453,1,2855,128,43,1,127,2982,6,"[33, 257, 53, 166, 202, 175, 146, 73, 103, 48, 67, 154, 248, 48, 56, 169, 157, 126, 21, 109, 20, 123, 105, 842, 173, 203, 284, 48, 228, 119, 28, 10, 89, 142, 158, 123, 451, 125, 50, 129, 170, 306, 3, 155, 161, 88, 162, 154, 101, 16, 54, 106, 128, 48, 222, 200, 191, 88, 185, 44, 110, 106, 233, 135, 144, 74, 67, 90, 121, 97, 97, 536, 43, 15, 272, 177, 158, 70, 83, 152, 175, 257, 166, 97, 46, 74, 90, 146, 97, 96, 68, 79, 71, 401, 242, 297, 261, 17, 16, 160, 169, 159, 49, 24, 405, 203, 65, 25, 151, 65, 14, 58, 65, 18, 67, 183, 132, 123, 88, 8, 55, 52, 19, 849, 401, 47, 29, 290]",2982
swebench_verified,swebench_verified:astropy__astropy-13453,1,2855,128,45,1,127,2982,6,"[164, 47, 243, 368, 69, 52, 197, 115, 4, 144, 41, 146, 110, 36, 24, 99, 181, 350, 117, 67, 69, 164, 64, 67, 197, 101, 163, 19, 171, 29, 98, 232, 147, 235, 444, 72, 181, 27, 145, 138, 146, 191, 567, 70, 106, 337, 195, 89, 196, 223, 84, 73, 80, 163, 87, 78, 35, 42, 88, 298, 97, 5, 188, 161, 85, 161, 93, 77, 89, 68, 43, 120, 7, 90, 170, 147, 178, 385, 698, 74, 123, 73, 68, 97, 39, 311, 208, 79, 226, 147, 94, 113, 146, 161, 235, 101, 56, 44, 22, 32, 111, 46, 39, 170, 194, 123, 55, 183, 20, 118, 161, 234, 194, 115, 362, 91, 102, 127, 145, 169, 59, 57, 90, 15, 588, 227, 126, 175]",2982
swebench_verified,swebench_verified:astropy__astropy-13453,1,2855,128,47,1,127,2982,6,"[241, 154, 69, 160, 208, 27, 182, 146, 71, 218, 113, 168, 202, 42, 108, 102, 23, 102, 74, 179, 284, 225, 96, 45, 448, 216, 165, 120, 22, 51, 140, 128, 42, 126, 108, 79, 311, 92, 233, 80, 125, 318, 124, 221, 29, 140, 32, 119, 252, 133, 70, 204, 69, 86, 197, 116, 144, 324, 81, 97, 74, 72, 184, 142, 214, 47, 142, 276, 141, 291, 31, 134, 129, 86, 61, 166, 212, 218, 110, 350, 113, 73, 30, 107, 19, 98, 162, 3, 136, 133, 65, 11, 156, 362, 309, 183, 104, 165, 35, 82, 140, 183, 111, 90, 114, 169, 45, 212, 169, 122, 135, 57, 83, 70, 96, 113, 113, 143, 95, 44, 274, 113, 226, 142, 192, 181, 205, 348]",2982
swebench_verified,swebench_verified:astropy__astropy-13453,1,2855,128,49,1,127,2982,6,"[109, 1236, 176, 98, 119, 43, 233, 117, 10, 1, 79, 81, 58, 123, 168, 188, 141, 105, 151, 59, 472, 247, 125, 47, 51, 94, 62, 274, 57, 163, 91, 64, 74, 70, 252, 136, 476, 44, 44, 67, 71, 52, 117, 240, 208, 139, 41, 134, 155, 79, 28, 66, 503, 145, 103, 124, 251, 202, 89, 68, 32, 96, 121, 98, 85, 79, 114, 133, 113, 98, 121, 203, 194, 140, 376, 14, 67, 94, 220, 109, 70, 112, 150, 111, 108, 40, 189, 48, 204, 459, 26, 3, 45, 181, 548, 214, 297, 187, 133, 54, 148, 75, 33, 51, 129, 138, 185, 82, 83, 53, 66, 109, 104, 85, 195, 206, 321, 149, 226, 93, 25, 54, 65, 153, 151, 6, 61, 140]",2982
swebench_verified,swebench_verified:astropy__astropy-13453,1,2855,128,51,1,127,2982,6,"[148, 299, 68, 62, 84, 67, 100, 100, 46, 145, 14, 160, 81, 63, 68, 97, 38, 81, 164, 229, 226, 279, 131, 140, 85, 97, 65, 166, 235, 85, 211, 96, 167, 151, 83, 430, 160, 65, 86, 102, 70, 82, 240, 109, 322, 266, 97, 125, 239, 67, 107, 229, 62, 119, 65, 158, 233, 87, 213, 249, 422, 124, 331, 58, 75, 212, 186, 47, 79, 206, 120, 98, 160, 294, 261, 194, 73, 145, 123, 167, 102, 117, 74, 84, 115, 234, 137, 36, 137, 62, 39, 82, 128, 154, 220, 141, 44, 84, 97, 140, 104, 141, 197, 38, 63, 166, 159, 69, 98, 347, 128, 126, 118, 150, 148, 144, 167, 69, 235, 303, 174, 203, 52, 65, 107, 100, 266, 40]",2982
swebench_verified,swebench_verified:astropy__astropy-13579,1,1812,128,1,1,127,1939,6,"[98, 51, 79, 46, 65, 60, 59, 210, 27, 44, 90, 72, 154, 138, 103, 147, 101, 50, 59, 34, 122, 100, 110, 148, 109, 139, 99, 132, 39, 79, 39, 150, 71, 31, 57, 51, 105, 93, 57, 101, 207, 97, 83, 114, 118, 91, 59, 50, 40, 40, 144, 49, 121, 52, 97, 84, 91, 54, 48, 133, 70, 193, 41, 78, 83, 77, 69, 77, 104, 133, 66, 97, 108, 86, 68, 72, 82, 218, 242, 35, 79, 62, 86, 126, 146, 43, 57, 71, 45, 92, 144, 61, 80, 125, 125, 92, 56, 131, 88, 60, 84, 105, 113, 50, 85, 34, 75, 246, 98, 97, 101, 104, 81, 138, 48, 95, 63, 60, 99, 87, 172, 36, 86, 135, 50, 92, 85, 56]",1939
swebench_verified,swebench_verified:astropy__astropy-13579,1,1812,128,3,1,127,1939,6,"[92, 126, 85, 48, 165, 102, 147, 214, 55, 64, 68, 70, 146, 78, 83, 60, 77, 256, 84, 47, 170, 29, 171, 67, 63, 69, 53, 72, 42, 43, 44, 57, 86, 41, 53, 61, 47, 90, 65, 40, 93, 31, 51, 108, 78, 69, 157, 103, 87, 173, 43, 57, 75, 210, 59, 149, 180, 66, 146, 17, 89, 57, 106, 75, 136, 99, 235, 36, 79, 82, 160, 70, 73, 65, 161, 126, 69, 64, 138, 62, 45, 135, 68, 19, 44, 201, 44, 42, 69, 28, 42, 52, 67, 74, 60, 210, 107, 78, 40, 55, 146, 164, 47, 38, 49, 50, 150, 95, 72, 54, 198, 136, 97, 42, 153, 103, 90, 152, 54, 34, 110, 65, 170, 76, 207, 47, 130, 61]",1939
swebench_verified,swebench_verified:astropy__astropy-13579,1,1812,128,6,1,127,1939,6,"[59, 32, 48, 167, 53, 30, 7, 78, 70, 54, 34, 65, 209, 108, 88, 92, 71, 28, 192, 60, 95, 196, 80, 162, 62, 62, 48, 67, 68, 184, 293, 301, 35, 97, 72, 173, 114, 133, 129, 129, 59, 187, 74, 25, 78, 65, 50, 175, 16, 298, 23, 31, 44, 51, 137, 64, 113, 85, 53, 67, 65, 503, 54, 4, 46, 59, 73, 77, 17, 59, 49, 124, 70, 53, 247, 188, 50, 85, 76, 41, 91, 103, 134, 69, 14, 29, 133, 66, 46, 53, 37, 61, 123, 49, 44, 88, 71, 29, 55, 47, 77, 113, 229, 98, 26, 74, 35, 48, 87, 59, 154, 65, 76, 99, 34, 69, 146, 47, 126, 67, 150, 96, 239, 110, 67, 73, 58, 90]",1939
swebench_verified,swebench_verified:astropy__astropy-13579,1,1812,128,8,1,127,1939,6,"[101, 140, 9, 49, 17, 12, 46, 12, 270, 53, 216, 30, 1117, 460, 61, 51, 38, 61, 19, 59, 93, 57, 106, 1, 86, 13, 132, 63, 13, 82, 5, 48, 125, 43, 61, 49, 314, 54, 88, 144, 113, 50, 51, 67, 92, 92, 80, 53, 145, 137, 120, 83, 18, 34, 14, 31, 37, 59, 273, 144, 1, 15, 5, 105, 87, 26, 23, 18, 44, 75, 10, 71, 84, 46, 85, 58, 76, 97, 48, 4, 54, 17, 13, 8, 28, 82, 25, 65, 117, 79, 80, 56, 83, 36, 251, 91, 78, 27, 89, 124, 30, 4, 26, 1229, 50, 69, 125, 45, 56, 99, 11, 53, 34, 41, 60, 42, 36, 429, 149, 71, 41, 31, 66, 70, 84, 142, 28, 41]",1939
swebench_verified,swebench_verified:astropy__astropy-13579,1,1812,128,10,1,127,1939,6,"[14, 21, 45, 27, 55, 1027, 48, 53, 2, 12, 32, 40, 75, 38, 10, 20, 146, 268, 26, 8, 66, 52, 22, 629, 14, 25, 10, 101, 41, 4, 113, 28, 60, 52, 20, 110, 17, 134, 8, 117, 62, 157, 523, 15, 56, 107, 46, 98, 68, 21, 87, 99, 78, 66, 10, 80, 96, 48, 166, 164, 103, 59, 58, 23, 27, 5, 57, 143, 412, 36, 143, 472, 6, 155, 0, 72, 54, 150, 112, 60, 7, 125, 130, 36, 53, 74, 86, 332, 113, 73, 24, 20, 114, 44, 12, 153, 39, 54, 53, 11, 44, 23, 121, 58, 345, 70, 61, 9, 6, 20, 82, 90, 42, 32, 105, 16, 600, 32, 125, 4, 29, 16, 43, 15, 9, 71, 124, 105]",1939
swebench_verified,swebench_verified:astropy__astropy-13579,1,1812,128,13,1,127,1939,6,"[154, 13, 78, 27, 67, 47, 44, 101, 266, 25, 21, 156, 6, 168, 65, 23, 80, 7, 648, 147, 25, 106, 67, 21, 61, 94, 191, 3, 22, 179, 127, 53, 1, 306, 30, 164, 291, 83, 35, 58, 6, 89, 34, 8, 161, 79, 16, 58, 9, 26, 9, 325, 27, 952, 12, 1, 18, 27, 50, 150, 616, 52, 30, 29, 95, 50, 82, 57, 5, 31, 258, 120, 8, 99, 578, 57, 68, 93, 73, 143, 19, 57, 7, 16, 49, 30, 111, 11, 13, 11, 107, 187, 51, 33, 32, 9, 5, 15, 85, 55, 98, 100, 109, 6, 114, 48, 72, 72, 32, 58, 65, 430, 129, 49, 109, 64, 31, 39, 106, 109, 20, 31, 33, 47, 45, 32, 16, 6]",1939
swebench_verified,swebench_verified:astropy__astropy-13579,1,1812,128,15,1,127,1939,6,"[82, 155, 207, 110, 150, 60, 26, 24, 93, 44, 55, 15, 96, 38, 57, 89, 15, 7, 60, 32, 28, 26, 19, 461, 242, 255, 23, 78, 125, 15, 153, 176, 180, 72, 42, 35, 114, 71, 36, 18, 56, 148, 86, 76, 45, 16, 135, 39, 0, 71, 173, 69, 74, 55, 32, 75, 20, 78, 20, 198, 41, 6, 10, 86, 157, 4, 85, 57, 289, 526, 7, 74, 48, 15, 94, 133, 38, 5, 38, 8, 116, 67, 60, 132, 88, 37, 23, 7, 46, 315, 121, 1, 69, 32, 444, 4, 8, 41, 175, 45, 312, 30, 27, 59, 106, 48, 201, 211, 88, 109, 77, 149, 108, 41, 77, 155, 51, 34, 176, 177, 116, 39, 41, 246, 134, 8, 147, 65]",1939
swebench_verified,swebench_verified:astropy__astropy-13579,1,1812,128,17,1,127,1939,6,"[40, 46, 14, 127, 48, 112, 15, 104, 113, 68, 126, 75, 153, 113, 76, 95, 75, 62, 52, 52, 276, 25, 214, 7, 148, 165, 31, 112, 396, 23, 12, 62, 109, 173, 62, 234, 23, 31, 110, 19, 69, 95, 30, 60, 29, 44, 39, 1, 45, 105, 70, 117, 60, 31, 44, 14, 95, 375, 63, 149, 25, 59, 161, 17, 130, 337, 90, 407, 103, 14, 60, 66, 49, 90, 124, 77, 29, 75, 49, 9, 163, 223, 11, 81, 44, 55, 81, 188, 57, 35, 41, 288, 87, 88, 101, 27, 80, 64, 168, 4, 39, 66, 145, 16, 11, 151, 86, 27, 103, 31, 81, 29, 49, 57, 29, 125, 195, 13, 200, 55, 12, 70, 31, 84, 45, 14, 658, 22]",1939
swebench_verified,swebench_verified:astropy__astropy-13579,1,1812,128,20,1,127,1939,6,"[66, 21, 120, 41, 81, 39, 20, 39, 60, 17, 385, 8, 22, 49, 12, 22, 76, 93, 273, 67, 56, 271, 1, 245, 24, 22, 13, 19, 107, 57, 32, 48, 115, 76, 102, 12, 62, 124, 22, 34, 96, 23, 63, 54, 60, 12, 8, 1, 83, 14, 60, 220, 121, 108, 226, 9, 375, 59, 21, 2, 35, 60, 91, 163, 123, 29, 39, 128, 34, 25, 135, 121, 8, 0, 52, 37, 42, 145, 18, 21, 33, 38, 47, 36, 119, 428, 54, 109, 235, 27, 99, 75, 54, 11, 50, 95, 27, 48, 39, 469, 65, 146, 72, 25, 94, 72, 44, 82, 17, 39, 1, 455, 111, 343, 424, 138, 108, 72, 123, 52, 20, 60, 109, 10, 124, 107, 718, 36]",1939
swebench_verified,swebench_verified:astropy__astropy-13579,1,1812,128,22,1,127,1939,6,"[53, 88, 36, 224, 69, 125, 62, 109, 62, 145, 65, 86, 32, 65, 148, 18, 60, 225, 89, 46, 188, 85, 81, 109, 80, 80, 179, 67, 246, 91, 94, 17, 59, 35, 40, 76, 172, 88, 116, 95, 118, 119, 99, 214, 83, 143, 127, 32, 58, 159, 119, 53, 128, 25, 88, 252, 67, 24, 97, 52, 28, 61, 172, 28, 189, 93, 42, 125, 85, 70, 144, 73, 140, 174, 50, 30, 122, 49, 45, 89, 16, 43, 108, 81, 57, 87, 41, 51, 49, 60, 94, 134, 291, 69, 115, 78, 107, 70, 151, 58, 62, 247, 135, 7, 43, 63, 37, 65, 42, 88, 77, 276, 65, 47, 11, 46, 40, 86, 96, 119, 28, 36, 78, 63, 171, 69, 91, 15]",1939
swebench_verified,swebench_verified:astropy__astropy-13579,1,1812,128,24,1,127,1939,6,"[71, 45, 19, 416, 86, 2, 102, 215, 308, 70, 25, 196, 48, 72, 6, 26, 26, 28, 9, 99, 239, 318, 23, 37, 41, 76, 37, 131, 30, 771, 35, 11, 133, 99, 154, 68, 24, 128, 26, 73, 35, 316, 5, 26, 13, 40, 47, 31, 42, 110, 12, 82, 26, 256, 325, 138, 34, 108, 90, 67, 16, 53, 192, 31, 90, 25, 6, 140, 5, 42, 265, 93, 38, 71, 39, 43, 37, 61, 38, 53, 48, 84, 56, 47, 153, 64, 232, 97, 14, 5, 43, 11, 57, 433, 294, 20, 155, 50, 46, 84, 52, 90, 15, 55, 104, 10, 85, 206, 25, 66, 195, 3, 70, 3, 108, 69, 75, 43, 27, 46, 40, 95, 52, 336, 44, 101, 136, 26]",1939
swebench_verified,swebench_verified:astropy__astropy-13579,1,1812,128,27,1,127,1939,6,"[186, 110, 25, 44, 116, 118, 43, 35, 23, 135, 44, 56, 120, 141, 152, 36, 42, 70, 46, 66, 7, 34, 45, 115, 77, 135, 87, 147, 80, 548, 85, 61, 60, 400, 27, 446, 233, 156, 63, 14, 208, 140, 90, 30, 116, 110, 33, 22, 73, 80, 183, 88, 57, 61, 53, 20, 150, 21, 94, 24, 41, 85, 57, 30, 51, 98, 6, 180, 22, 84, 32, 27, 26, 72, 34, 35, 117, 60, 110, 55, 185, 11, 112, 100, 179, 88, 8, 79, 38, 111, 87, 76, 77, 86, 16, 104, 205, 550, 14, 91, 2, 16, 40, 55, 111, 83, 196, 66, 110, 188, 83, 96, 54, 83, 61, 33, 32, 73, 163, 89, 37, 81, 71, 108, 27, 24, 57, 75]",1939
swebench_verified,swebench_verified:astropy__astropy-13579,1,1812,128,29,1,127,1939,6,"[127, 131, 99, 7, 22, 140, 26, 69, 43, 164, 52, 45, 166, 122, 135, 94, 182, 11, 99, 71, 54, 70, 92, 62, 50, 172, 78, 76, 313, 140, 66, 85, 44, 103, 7, 211, 70, 54, 77, 84, 261, 60, 170, 49, 28, 193, 98, 48, 89, 43, 302, 61, 56, 31, 34, 17, 96, 36, 62, 128, 88, 33, 37, 59, 33, 28, 99, 37, 149, 85, 144, 78, 107, 89, 43, 74, 39, 75, 91, 58, 100, 112, 85, 45, 60, 132, 158, 146, 51, 109, 81, 114, 35, 76, 149, 92, 52, 86, 25, 52, 175, 86, 137, 66, 71, 130, 90, 12, 59, 49, 23, 63, 56, 24, 47, 67, 8, 45, 256, 349, 83, 172, 51, 107, 56, 305, 202, 64]",1939
swebench_verified,swebench_verified:astropy__astropy-13579,1,1812,128,31,1,127,1939,6,"[391, 347, 66, 62, 5, 1, 85, 35, 29, 92, 27, 22, 58, 39, 41, 420, 163, 635, 73, 67, 25, 49, 86, 414, 89, 2, 47, 49, 195, 51, 69, 40, 193, 69, 69, 27, 47, 54, 75, 32, 116, 11, 68, 42, 52, 61, 42, 136, 29, 58, 78, 89, 51, 77, 49, 52, 43, 66, 28, 26, 103, 39, 58, 360, 46, 62, 104, 124, 59, 148, 126, 25, 153, 53, 41, 76, 42, 99, 108, 75, 118, 149, 50, 47, 51, 71, 131, 151, 51, 89, 93, 25, 36, 232, 70, 114, 240, 186, 59, 82, 66, 69, 71, 103, 43, 15, 55, 39, 106, 39, 112, 106, 70, 107, 42, 190, 50, 267, 26, 73, 11, 24, 57, 139, 31, 68, 46, 149]",1939
swebench_verified,swebench_verified:astropy__astropy-13579,1,1812,128,34,1,127,1939,6,"[57, 78, 97, 99, 52, 142, 104, 246, 3, 123, 107, 85, 101, 154, 68, 72, 34, 112, 7, 61, 189, 5, 54, 12, 107, 220, 28, 173, 28, 188, 10, 118, 26, 10, 41, 45, 43, 67, 51, 116, 41, 165, 112, 141, 163, 31, 224, 267, 61, 96, 92, 69, 46, 126, 7, 29, 110, 42, 11, 95, 86, 79, 183, 84, 67, 43, 15, 52, 62, 81, 122, 137, 203, 106, 287, 15, 105, 228, 69, 27, 67, 48, 55, 85, 60, 15, 90, 13, 56, 86, 179, 96, 20, 173, 46, 214, 543, 114, 68, 108, 51, 198, 81, 65, 9, 100, 62, 326, 126, 54, 63, 112, 112, 11, 176, 71, 34, 52, 86, 33, 42, 41, 14, 47, 68, 73, 34, 45]",1939
swebench_verified,swebench_verified:astropy__astropy-13579,1,1812,128,36,1,127,1939,6,"[104, 67, 2, 57, 17, 143, 76, 67, 125, 50, 50, 26, 87, 70, 91, 46, 186, 81, 54, 111, 181, 22, 19, 92, 242, 57, 71, 200, 237, 19, 93, 152, 114, 96, 118, 57, 101, 52, 53, 213, 182, 473, 67, 382, 87, 57, 61, 118, 62, 2, 22, 101, 28, 51, 70, 68, 101, 48, 129, 200, 33, 73, 90, 87, 31, 12, 180, 5, 94, 551, 34, 23, 4, 10, 83, 148, 61, 102, 122, 136, 4, 58, 28, 163, 62, 120, 3, 126, 240, 57, 24, 19, 86, 287, 69, 159, 94, 56, 103, 17, 73, 18, 23, 2, 48, 8, 120, 194, 137, 82, 40, 130, 130, 92, 11, 95, 84, 71, 39, 11, 123, 119, 32, 65, 24, 66, 125, 10]",1939
swebench_verified,swebench_verified:astropy__astropy-13579,1,1812,128,38,1,127,1939,6,"[15, 225, 27, 2, 117, 74, 105, 155, 108, 430, 50, 31, 49, 24, 51, 14, 82, 200, 134, 46, 181, 16, 82, 14, 152, 61, 32, 2, 31, 60, 27, 21, 68, 5, 110, 107, 17, 84, 72, 65, 41, 85, 61, 23, 62, 12, 162, 30, 41, 16, 85, 25, 11, 84, 159, 62, 24, 119, 42, 2, 151, 60, 34, 285, 43, 50, 1211, 34, 119, 20, 57, 49, 110, 23, 38, 39, 8, 69, 33, 15, 80, 66, 35, 52, 51, 178, 34, 24, 59, 12, 193, 75, 22, 123, 66, 57, 56, 36, 76, 26, 98, 97, 76, 30, 469, 66, 5, 190, 50, 124, 176, 10, 164, 73, 25, 145, 173, 27, 185, 34, 804, 30, 25, 47, 19, 59, 16, 356]",1939
swebench_verified,swebench_verified:astropy__astropy-13579,1,1812,128,40,1,127,1939,6,"[555, 4, 134, 22, 80, 112, 20, 22, 201, 199, 35, 161, 8, 8, 52, 390, 21, 36, 84, 38, 6, 37, 42, 28, 43, 38, 49, 8, 21, 16, 149, 9, 21, 85, 75, 42, 88, 155, 45, 157, 26, 136, 225, 3, 257, 57, 69, 198, 36, 84, 37, 46, 76, 215, 10, 47, 76, 7, 71, 12, 11, 136, 61, 22, 4, 1488, 74, 53, 34, 10, 100, 20, 24, 70, 30, 39, 277, 267, 19, 41, 19, 63, 11, 123, 11, 53, 169, 42, 18, 14, 48, 33, 41, 6, 331, 27, 9, 38, 43, 50, 36, 62, 190, 49, 10, 63, 135, 12, 114, 59, 19, 1028, 68, 56, 5, 26, 16, 9, 105, 2, 114, 33, 34, 125, 35, 7, 27, 282]",1939
swebench_verified,swebench_verified:astropy__astropy-13579,1,1812,128,43,1,127,1939,6,"[21, 110, 28, 19, 153, 124, 124, 98, 36, 36, 34, 123, 46, 6, 11, 22, 195, 194, 20, 38, 16, 17, 25, 491, 20, 40, 265, 4, 162, 64, 13, 5, 41, 46, 109, 36, 180, 135, 82, 15, 26, 112, 6, 157, 62, 9, 35, 97, 92, 71, 29, 19, 46, 9, 154, 120, 15, 147, 126, 101, 25, 49, 24, 146, 55, 15, 6, 33, 188, 44, 97, 346, 29, 7, 92, 66, 78, 6, 15, 90, 92, 112, 56, 59, 3, 55, 181, 209, 76, 51, 33, 29, 15, 140, 104, 27, 127, 1, 22, 50, 906, 155, 36, 21, 633, 104, 41, 16, 158, 51, 6, 49, 40, 7, 58, 51, 73, 36, 83, 13, 62, 30, 17, 1134, 263, 57, 17, 27]",1939
swebench_verified,swebench_verified:astropy__astropy-13579,1,1812,128,45,1,127,1939,6,"[126, 40, 250, 113, 39, 59, 102, 103, 2, 35, 49, 200, 75, 33, 23, 60, 239, 435, 74, 23, 14, 40, 18, 59, 92, 84, 63, 30, 41, 23, 35, 67, 51, 155, 155, 5, 160, 61, 104, 109, 89, 118, 320, 49, 94, 118, 64, 298, 118, 77, 80, 31, 31, 170, 23, 20, 44, 26, 74, 197, 52, 9, 48, 83, 50, 53, 14, 104, 111, 42, 69, 40, 16, 73, 134, 71, 53, 135, 1221, 60, 26, 109, 19, 136, 53, 71, 92, 255, 363, 39, 83, 67, 17, 26, 112, 25, 22, 67, 49, 45, 79, 22, 20, 137, 67, 17, 27, 72, 11, 30, 52, 73, 211, 64, 242, 42, 75, 40, 133, 112, 54, 60, 104, 47, 114, 31, 38, 59]",1939
swebench_verified,swebench_verified:astropy__astropy-13579,1,1812,128,47,1,127,1939,6,"[94, 82, 33, 91, 80, 20, 168, 49, 34, 197, 115, 219, 184, 27, 169, 14, 17, 73, 161, 40, 184, 266, 51, 62, 225, 55, 73, 65, 27, 31, 149, 145, 19, 79, 94, 28, 263, 48, 62, 63, 21, 104, 33, 283, 18, 57, 17, 78, 148, 46, 35, 24, 42, 60, 105, 121, 51, 336, 19, 65, 64, 60, 72, 76, 265, 62, 32, 65, 44, 185, 40, 13, 68, 29, 79, 81, 112, 55, 85, 299, 18, 36, 96, 32, 44, 55, 175, 20, 192, 33, 58, 11, 84, 154, 62, 93, 430, 26, 43, 82, 47, 208, 160, 59, 75, 80, 11, 101, 80, 112, 43, 25, 75, 28, 117, 34, 86, 115, 37, 28, 152, 89, 82, 49, 170, 205, 88, 229]",1939
swebench_verified,swebench_verified:astropy__astropy-13579,1,1812,128,49,1,127,1939,6,"[153, 1305, 101, 23, 18, 54, 127, 41, 13, 1, 40, 45, 58, 51, 66, 140, 128, 86, 113, 10, 280, 44, 50, 20, 28, 83, 30, 109, 26, 39, 79, 40, 65, 30, 162, 154, 314, 137, 48, 7, 34, 66, 44, 170, 94, 44, 57, 35, 82, 63, 31, 35, 264, 35, 190, 90, 63, 138, 69, 43, 36, 99, 46, 35, 96, 100, 41, 116, 60, 42, 45, 116, 187, 44, 109, 12, 17, 21, 45, 15, 97, 95, 155, 44, 30, 24, 170, 42, 121, 177, 41, 1, 145, 201, 196, 153, 78, 650, 28, 63, 70, 54, 20, 46, 117, 118, 156, 67, 32, 35, 57, 49, 17, 120, 102, 75, 64, 54, 257, 41, 17, 19, 54, 57, 69, 31, 62, 16]",1939
swebench_verified,swebench_verified:astropy__astropy-13579,1,1812,128,51,1,127,1939,6,"[120, 152, 55, 62, 52, 35, 42, 66, 62, 172, 14, 29, 82, 35, 96, 35, 80, 47, 51, 171, 163, 148, 136, 85, 29, 54, 38, 113, 86, 64, 50, 62, 71, 133, 51, 194, 49, 47, 31, 125, 80, 131, 126, 88, 146, 142, 71, 54, 147, 80, 86, 166, 40, 196, 176, 144, 12, 109, 206, 127, 72, 79, 124, 56, 83, 177, 73, 44, 82, 137, 61, 68, 55, 83, 188, 53, 46, 10, 77, 92, 38, 69, 85, 36, 81, 235, 84, 14, 114, 61, 56, 70, 263, 120, 79, 187, 109, 61, 37, 177, 54, 42, 25, 3, 83, 73, 92, 31, 133, 187, 152, 37, 77, 167, 69, 132, 69, 25, 155, 127, 173, 81, 6, 116, 10, 77, 277, 11]",1939
swebench_verified,swebench_verified:astropy__astropy-13977,1,1168,128,1,1,127,1295,6,"[70, 35, 44, 10, 56, 35, 53, 142, 39, 16, 43, 54, 68, 83, 128, 110, 40, 70, 54, 48, 54, 81, 41, 52, 54, 77, 69, 71, 39, 43, 65, 101, 92, 25, 53, 45, 73, 80, 42, 42, 67, 45, 39, 54, 94, 44, 55, 34, 36, 9, 80, 35, 41, 65, 51, 76, 78, 24, 42, 129, 51, 124, 55, 65, 37, 40, 27, 55, 72, 105, 25, 56, 84, 49, 106, 38, 20, 172, 113, 18, 65, 36, 46, 90, 81, 35, 46, 33, 23, 52, 103, 71, 75, 52, 58, 62, 34, 124, 63, 54, 58, 70, 89, 21, 77, 73, 58, 119, 65, 48, 49, 59, 50, 89, 35, 86, 41, 29, 89, 56, 94, 34, 33, 162, 35, 60, 47, 34]",1295
swebench_verified,swebench_verified:astropy__astropy-13977,1,1168,128,3,1,127,1295,6,"[98, 83, 121, 24, 109, 86, 82, 110, 75, 33, 58, 25, 96, 53, 78, 52, 46, 99, 65, 26, 110, 24, 72, 37, 54, 48, 32, 84, 28, 45, 21, 49, 33, 46, 47, 29, 20, 123, 47, 29, 32, 9, 66, 28, 65, 52, 104, 99, 46, 104, 71, 29, 54, 99, 44, 41, 98, 39, 94, 36, 41, 16, 93, 79, 101, 92, 120, 59, 22, 58, 149, 62, 31, 46, 148, 163, 68, 72, 38, 15, 55, 70, 43, 35, 14, 96, 93, 51, 43, 21, 67, 20, 84, 124, 38, 66, 36, 56, 35, 36, 87, 109, 36, 62, 25, 23, 67, 71, 26, 15, 83, 90, 56, 40, 81, 69, 54, 76, 66, 24, 57, 21, 95, 42, 87, 46, 57, 42]",1295
swebench_verified,swebench_verified:astropy__astropy-13977,1,1168,128,6,1,127,1295,6,"[60, 26, 78, 53, 58, 29, 0, 105, 41, 44, 16, 32, 39, 91, 36, 48, 50, 36, 47, 40, 54, 81, 73, 43, 85, 62, 54, 44, 43, 97, 23, 315, 46, 31, 47, 52, 100, 82, 60, 130, 43, 129, 25, 59, 85, 52, 27, 62, 17, 148, 32, 20, 33, 44, 81, 29, 108, 49, 43, 46, 72, 199, 45, 26, 90, 29, 29, 41, 18, 39, 58, 43, 41, 27, 190, 60, 28, 88, 107, 27, 45, 82, 102, 30, 67, 45, 131, 31, 80, 60, 34, 36, 94, 22, 25, 45, 49, 29, 20, 44, 58, 87, 171, 41, 54, 57, 11, 71, 69, 118, 11, 64, 58, 90, 31, 32, 100, 20, 92, 42, 46, 54, 154, 178, 32, 25, 59, 34]",1295
swebench_verified,swebench_verified:astropy__astropy-13977,1,1168,128,8,1,127,1295,6,"[64, 56, 47, 27, 3, 17, 31, 16, 111, 56, 285, 21, 284, 50, 41, 9, 96, 46, 19, 27, 90, 65, 172, 47, 47, 9, 94, 16, 40, 128, 3, 80, 58, 28, 18, 48, 92, 28, 54, 1, 62, 58, 45, 93, 60, 53, 98, 36, 113, 1, 71, 49, 26, 31, 122, 43, 107, 10, 143, 80, 11, 13, 17, 51, 123, 90, 46, 33, 7, 8, 0, 6, 63, 418, 59, 57, 66, 66, 35, 18, 68, 28, 29, 20, 18, 62, 12, 7, 65, 42, 95, 33, 50, 37, 102, 101, 54, 55, 46, 62, 49, 4, 71, 471, 40, 83, 90, 31, 22, 36, 24, 15, 33, 40, 28, 119, 47, 201, 103, 65, 5, 31, 11, 47, 48, 73, 38, 47]",1295
swebench_verified,swebench_verified:astropy__astropy-13977,1,1168,128,10,1,127,1295,6,"[10, 32, 31, 11, 32, 39, 41, 29, 3, 43, 23, 91, 71, 43, 2, 43, 18, 48, 203, 6, 27, 43, 9, 26, 14, 3, 6, 71, 44, 5, 58, 53, 40, 39, 89, 49, 9, 28, 7, 93, 75, 52, 172, 6, 39, 158, 127, 72, 8, 13, 116, 6, 71, 19, 9, 112, 101, 46, 260, 131, 34, 37, 45, 1, 45, 13, 15, 55, 234, 29, 95, 234, 15, 58, 19, 35, 285, 32, 87, 229, 16, 10, 66, 14, 34, 82, 103, 5, 50, 254, 19, 33, 109, 71, 386, 69, 134, 104, 31, 22, 66, 8, 145, 77, 92, 55, 31, 48, 3, 8, 39, 42, 30, 19, 19, 65, 275, 63, 51, 3, 64, 9, 50, 21, 3, 40, 81, 29]",1295
swebench_verified,swebench_verified:astropy__astropy-13977,1,1168,128,13,1,127,1295,6,"[55, 9, 5, 9, 150, 91, 81, 95, 3, 64, 42, 59, 41, 65, 55, 49, 35, 33, 327, 52, 28, 3, 15, 21, 60, 63, 37, 20, 20, 175, 51, 37, 10, 134, 22, 10, 80, 72, 151, 47, 30, 106, 102, 15, 117, 59, 11, 7, 32, 36, 28, 83, 13, 99, 15, 2, 35, 33, 46, 24, 935, 26, 97, 37, 102, 17, 22, 36, 1, 33, 47, 121, 7, 85, 406, 24, 126, 52, 15, 53, 23, 39, 7, 11, 62, 22, 6, 26, 88, 10, 65, 113, 66, 34, 6, 8, 11, 5, 14, 79, 352, 56, 86, 22, 57, 32, 55, 35, 29, 42, 68, 21, 47, 74, 46, 63, 15, 104, 82, 71, 25, 67, 37, 22, 12, 11, 33, 0]",1295
swebench_verified,swebench_verified:astropy__astropy-13977,1,1168,128,15,1,127,1295,6,"[75, 4, 89, 142, 87, 81, 69, 9, 109, 165, 25, 17, 79, 29, 93, 97, 21, 22, 50, 14, 21, 16, 38, 45, 156, 522, 84, 9, 74, 43, 62, 76, 40, 43, 105, 10, 41, 11, 42, 21, 37, 75, 21, 57, 144, 34, 148, 24, 174, 62, 39, 10, 7, 13, 2, 52, 41, 61, 46, 199, 55, 2, 168, 34, 56, 3, 85, 3, 91, 132, 20, 5, 12, 17, 118, 93, 19, 18, 42, 17, 256, 67, 8, 30, 121, 33, 2, 2, 24, 121, 105, 6, 178, 29, 37, 4, 41, 25, 37, 75, 86, 12, 15, 28, 77, 56, 63, 66, 27, 3, 19, 149, 81, 21, 34, 73, 30, 99, 37, 60, 53, 21, 11, 141, 126, 8, 77, 124]",1295
swebench_verified,swebench_verified:astropy__astropy-13977,1,1168,128,17,1,127,1295,6,"[28, 40, 1, 32, 69, 68, 14, 38, 72, 68, 43, 29, 62, 155, 28, 19, 19, 46, 59, 16, 185, 39, 88, 194, 114, 74, 35, 42, 261, 38, 72, 100, 39, 37, 248, 36, 17, 93, 27, 16, 69, 55, 22, 48, 16, 12, 15, 3, 20, 197, 64, 164, 45, 55, 17, 38, 25, 267, 31, 82, 26, 8, 75, 27, 13, 427, 89, 0, 56, 33, 50, 63, 82, 26, 43, 41, 60, 35, 58, 48, 29, 4, 2, 105, 19, 33, 25, 71, 34, 40, 47, 105, 30, 47, 41, 37, 58, 4, 73, 92, 17, 87, 129, 16, 19, 42, 83, 3, 41, 71, 70, 42, 32, 36, 21, 32, 126, 20, 122, 25, 21, 83, 13, 49, 64, 25, 392, 27]",1295
swebench_verified,swebench_verified:astropy__astropy-13977,1,1168,128,20,1,127,1295,6,"[31, 33, 51, 19, 86, 59, 9, 34, 64, 15, 22, 9, 62, 30, 19, 29, 23, 16, 175, 13, 131, 46, 12, 76, 34, 11, 0, 10, 84, 54, 32, 15, 117, 46, 44, 31, 17, 85, 12, 23, 31, 4, 44, 53, 41, 268, 38, 3, 74, 51, 86, 130, 54, 88, 148, 17, 402, 82, 12, 4, 25, 31, 58, 39, 40, 38, 59, 101, 40, 20, 52, 49, 32, 12, 28, 29, 15, 79, 33, 90, 21, 97, 34, 35, 78, 104, 21, 26, 393, 15, 52, 72, 10, 22, 4, 72, 44, 8, 34, 216, 2, 86, 16, 34, 96, 36, 75, 68, 34, 38, 0, 43, 140, 324, 677, 40, 43, 98, 101, 22, 34, 26, 63, 20, 6, 81, 23, 7]",1295
swebench_verified,swebench_verified:astropy__astropy-13977,1,1168,128,22,1,127,1295,6,"[34, 49, 31, 108, 37, 108, 30, 52, 6, 14, 35, 114, 49, 37, 9, 2, 34, 120, 56, 31, 100, 92, 44, 116, 49, 80, 446, 48, 115, 55, 128, 21, 41, 30, 27, 40, 40, 104, 144, 102, 51, 70, 71, 184, 87, 115, 76, 41, 42, 107, 58, 31, 80, 41, 63, 77, 38, 58, 59, 19, 15, 15, 130, 34, 97, 82, 46, 128, 29, 27, 66, 90, 52, 104, 36, 130, 64, 66, 46, 190, 87, 26, 53, 76, 35, 52, 33, 41, 15, 40, 33, 71, 91, 44, 8, 71, 79, 46, 24, 29, 4, 52, 66, 13, 102, 31, 27, 25, 16, 63, 54, 64, 14, 93, 11, 47, 51, 85, 21, 171, 13, 0, 45, 12, 57, 14, 67, 5]",1295
swebench_verified,swebench_verified:astropy__astropy-13977,1,1168,128,24,1,127,1295,6,"[38, 83, 17, 113, 56, 4, 4, 165, 84, 62, 5, 75, 71, 109, 17, 16, 33, 21, 5, 100, 205, 14, 14, 67, 10, 38, 25, 38, 109, 677, 32, 28, 46, 77, 55, 10, 9, 38, 13, 63, 43, 18, 7, 14, 6, 44, 25, 47, 40, 120, 3, 88, 8, 90, 221, 23, 78, 34, 105, 13, 4, 107, 229, 60, 37, 8, 2, 22, 10, 30, 61, 32, 34, 19, 44, 16, 4, 42, 58, 130, 75, 77, 15, 80, 120, 20, 47, 70, 34, 57, 23, 13, 26, 46, 137, 262, 31, 42, 51, 76, 23, 40, 14, 10, 63, 13, 124, 161, 39, 92, 452, 0, 130, 12, 91, 16, 57, 23, 13, 46, 55, 14, 39, 173, 23, 76, 18, 29]",1295
swebench_verified,swebench_verified:astropy__astropy-13977,1,1168,128,27,1,127,1295,6,"[38, 162, 22, 43, 74, 50, 37, 31, 7, 61, 33, 15, 102, 85, 78, 81, 27, 22, 47, 75, 14, 45, 69, 32, 44, 62, 87, 129, 64, 57, 73, 38, 35, 216, 12, 42, 105, 65, 52, 4, 52, 120, 29, 28, 119, 207, 24, 365, 60, 21, 79, 5, 56, 15, 86, 96, 25, 10, 47, 29, 32, 14, 69, 119, 26, 52, 110, 30, 20, 6, 39, 33, 81, 89, 2, 26, 144, 43, 58, 33, 109, 8, 9, 117, 21, 262, 11, 27, 21, 85, 7, 71, 48, 19, 24, 69, 85, 387, 19, 58, 120, 36, 18, 43, 79, 59, 64, 9, 36, 82, 54, 36, 29, 55, 44, 51, 197, 39, 72, 41, 26, 30, 53, 38, 11, 2, 44, 111]",1295
swebench_verified,swebench_verified:astropy__astropy-13977,1,1168,128,29,1,127,1295,6,"[50, 99, 84, 31, 83, 144, 91, 81, 10, 25, 57, 40, 46, 66, 80, 56, 39, 25, 68, 56, 36, 42, 76, 55, 31, 79, 68, 52, 342, 100, 25, 29, 24, 39, 36, 95, 63, 20, 33, 80, 128, 24, 113, 33, 50, 25, 52, 30, 39, 19, 295, 27, 48, 69, 39, 56, 69, 33, 62, 47, 42, 39, 4, 29, 22, 18, 66, 2, 83, 52, 115, 48, 70, 38, 35, 38, 52, 76, 33, 5, 84, 81, 52, 17, 75, 68, 55, 88, 28, 94, 72, 41, 22, 26, 25, 105, 34, 50, 40, 44, 41, 88, 95, 31, 48, 76, 65, 25, 46, 33, 7, 62, 51, 11, 35, 43, 6, 61, 194, 415, 53, 87, 22, 72, 45, 159, 85, 32]",1295
swebench_verified,swebench_verified:astropy__astropy-13977,1,1168,128,31,1,127,1295,6,"[150, 170, 61, 114, 3, 36, 28, 80, 24, 60, 39, 26, 113, 47, 45, 182, 99, 65, 34, 22, 4, 57, 60, 205, 58, 26, 12, 43, 57, 52, 18, 71, 100, 24, 166, 1, 45, 34, 35, 55, 24, 4, 70, 46, 42, 93, 26, 53, 20, 83, 7, 100, 41, 62, 20, 30, 14, 69, 52, 17, 53, 43, 35, 14, 15, 39, 74, 102, 59, 62, 46, 78, 135, 34, 12, 113, 101, 137, 75, 50, 31, 85, 29, 44, 44, 65, 96, 68, 28, 98, 73, 44, 43, 80, 45, 56, 284, 200, 73, 77, 72, 72, 44, 22, 41, 21, 56, 40, 66, 50, 23, 31, 37, 31, 5, 70, 33, 403, 26, 77, 15, 8, 49, 103, 31, 39, 12, 59]",1295
swebench_verified,swebench_verified:astropy__astropy-13977,1,1168,128,34,1,127,1295,6,"[36, 50, 34, 44, 16, 173, 30, 57, 8, 88, 80, 102, 59, 94, 95, 34, 10, 28, 14, 14, 68, 7, 28, 6, 52, 113, 4, 40, 15, 66, 1, 77, 18, 24, 175, 39, 55, 44, 511, 29, 0, 23, 46, 98, 185, 29, 120, 150, 47, 63, 91, 42, 49, 72, 19, 23, 42, 35, 24, 68, 71, 42, 179, 12, 47, 21, 21, 41, 103, 24, 39, 97, 88, 45, 1, 6, 79, 193, 57, 109, 18, 41, 26, 188, 29, 39, 31, 22, 50, 33, 98, 24, 44, 42, 56, 109, 40, 102, 34, 64, 34, 113, 4, 11, 11, 91, 17, 109, 98, 30, 52, 38, 63, 274, 276, 33, 15, 20, 9, 54, 37, 61, 10, 109, 26, 55, 26, 65]",1295
swebench_verified,swebench_verified:astropy__astropy-13977,1,1168,128,36,1,127,1295,6,"[79, 55, 8, 73, 11, 112, 52, 40, 32, 49, 50, 56, 28, 31, 41, 35, 71, 62, 48, 62, 53, 13, 30, 57, 106, 22, 22, 111, 176, 9, 64, 134, 63, 69, 75, 38, 71, 27, 115, 52, 205, 407, 54, 167, 8, 15, 46, 466, 50, 52, 151, 19, 47, 16, 50, 13, 107, 35, 97, 29, 25, 69, 57, 30, 37, 9, 2, 11, 62, 218, 41, 23, 29, 6, 44, 128, 24, 89, 110, 74, 13, 4, 9, 201, 77, 108, 3, 18, 109, 59, 25, 24, 22, 131, 58, 114, 41, 6, 29, 41, 48, 47, 44, 27, 30, 57, 92, 76, 97, 44, 4, 58, 41, 45, 2, 23, 100, 49, 51, 45, 81, 49, 5, 44, 27, 34, 26, 8]",1295
swebench_verified,swebench_verified:astropy__astropy-13977,1,1168,128,38,1,127,1295,6,"[6, 32, 39, 2, 100, 65, 14, 131, 24, 154, 69, 6, 20, 53, 23, 22, 134, 86, 83, 22, 48, 24, 153, 17, 99, 18, 20, 8, 57, 34, 16, 59, 39, 5, 154, 95, 19, 61, 44, 77, 15, 24, 59, 22, 64, 6, 76, 34, 30, 7, 55, 23, 77, 62, 103, 113, 45, 35, 53, 2, 188, 25, 25, 217, 22, 22, 212, 48, 69, 30, 26, 69, 43, 20, 24, 21, 3, 36, 30, 25, 27, 108, 27, 40, 37, 76, 33, 55, 66, 18, 83, 14, 92, 74, 30, 63, 32, 12, 54, 115, 59, 49, 123, 32, 523, 79, 6, 535, 42, 42, 69, 40, 122, 28, 62, 74, 1, 49, 76, 21, 278, 51, 26, 64, 27, 13, 12, 19]",1295
swebench_verified,swebench_verified:astropy__astropy-13977,1,1168,128,40,1,127,1295,6,"[179, 0, 189, 30, 60, 43, 19, 16, 107, 39, 23, 90, 2, 234, 35, 590, 23, 17, 36, 21, 7, 92, 111, 16, 13, 38, 347, 7, 21, 11, 63, 6, 1, 40, 77, 96, 51, 63, 57, 89, 12, 74, 58, 23, 391, 107, 62, 82, 10, 54, 40, 9, 42, 90, 53, 77, 85, 31, 102, 9, 14, 85, 22, 128, 26, 478, 17, 59, 24, 20, 21, 133, 10, 29, 9, 103, 110, 83, 24, 31, 29, 86, 14, 57, 56, 26, 93, 114, 3, 42, 61, 18, 22, 21, 11, 26, 13, 13, 26, 38, 53, 38, 28, 51, 17, 41, 60, 29, 77, 12, 13, 17, 78, 26, 23, 72, 17, 2, 33, 19, 21, 135, 38, 41, 13, 22, 47, 182]",1295
swebench_verified,swebench_verified:astropy__astropy-13977,1,1168,128,43,1,127,1295,6,"[31, 47, 40, 11, 102, 92, 26, 46, 18, 19, 21, 61, 40, 26, 25, 7, 66, 121, 16, 27, 2, 39, 45, 202, 10, 16, 246, 7, 106, 126, 7, 6, 101, 34, 72, 16, 130, 38, 142, 24, 38, 96, 0, 97, 67, 7, 269, 90, 59, 9, 40, 14, 57, 28, 43, 105, 55, 10, 168, 43, 27, 43, 18, 25, 68, 18, 25, 99, 61, 28, 63, 801, 49, 19, 68, 41, 50, 25, 31, 53, 65, 63, 21, 83, 14, 9, 19, 24, 30, 31, 17, 19, 1, 46, 46, 66, 86, 0, 33, 18, 518, 103, 60, 7, 109, 15, 70, 6, 89, 17, 12, 45, 21, 20, 41, 43, 105, 22, 35, 2, 25, 19, 4, 310, 221, 23, 4, 15]",1295
swebench_verified,swebench_verified:astropy__astropy-13977,1,1168,128,45,1,127,1295,6,"[71, 89, 167, 32, 78, 69, 56, 29, 1, 30, 62, 180, 67, 1, 25, 39, 146, 402, 71, 5, 10, 42, 15, 48, 45, 37, 69, 19, 168, 49, 28, 23, 7, 32, 101, 16, 55, 6, 110, 89, 140, 78, 187, 20, 176, 101, 28, 168, 42, 74, 48, 7, 64, 48, 20, 100, 49, 20, 38, 137, 39, 16, 63, 95, 46, 68, 23, 41, 49, 9, 21, 29, 21, 32, 47, 50, 51, 75, 285, 23, 23, 20, 10, 67, 56, 25, 47, 40, 212, 34, 39, 54, 7, 10, 44, 27, 35, 14, 34, 83, 80, 18, 11, 38, 88, 12, 27, 46, 16, 45, 56, 28, 211, 43, 172, 61, 30, 42, 136, 104, 51, 9, 67, 55, 107, 49, 14, 56]",1295
swebench_verified,swebench_verified:astropy__astropy-13977,1,1168,128,47,1,127,1295,6,"[49, 56, 45, 103, 92, 30, 13, 52, 64, 196, 80, 101, 60, 11, 140, 30, 8, 41, 17, 31, 82, 160, 48, 39, 150, 128, 88, 40, 22, 42, 56, 45, 15, 79, 26, 16, 137, 45, 37, 32, 14, 68, 19, 75, 21, 108, 99, 64, 82, 44, 42, 31, 13, 56, 58, 151, 134, 71, 53, 65, 69, 18, 33, 66, 77, 26, 100, 20, 38, 65, 73, 26, 60, 13, 25, 23, 81, 36, 37, 270, 8, 51, 66, 54, 22, 24, 138, 37, 105, 30, 36, 9, 90, 113, 32, 63, 68, 46, 21, 33, 91, 198, 44, 150, 101, 10, 11, 49, 63, 27, 22, 51, 45, 18, 60, 20, 18, 61, 29, 43, 125, 97, 32, 35, 151, 129, 53, 61]",1295
swebench_verified,swebench_verified:astropy__astropy-13977,1,1168,128,49,1,127,1295,6,"[84, 324, 56, 14, 22, 11, 32, 24, 6, 0, 80, 24, 48, 54, 53, 63, 36, 51, 103, 8, 408, 77, 17, 17, 34, 81, 9, 21, 30, 50, 73, 56, 50, 16, 173, 24, 113, 49, 27, 7, 29, 28, 33, 91, 86, 60, 13, 41, 72, 76, 29, 18, 85, 10, 124, 17, 55, 94, 67, 22, 4, 66, 52, 62, 63, 169, 48, 63, 44, 35, 33, 23, 163, 36, 34, 4, 25, 4, 463, 28, 75, 224, 124, 16, 18, 25, 62, 33, 81, 45, 35, 1, 16, 137, 160, 70, 56, 147, 30, 45, 65, 29, 12, 12, 63, 95, 264, 24, 19, 24, 55, 26, 21, 85, 90, 69, 46, 15, 243, 16, 21, 4, 9, 36, 69, 16, 42, 6]",1295
swebench_verified,swebench_verified:astropy__astropy-13977,1,1168,128,51,1,127,1295,6,"[37, 131, 37, 33, 39, 66, 39, 83, 17, 39, 9, 6, 63, 19, 39, 57, 42, 52, 40, 79, 91, 99, 81, 70, 16, 30, 15, 61, 35, 10, 29, 60, 47, 50, 38, 157, 45, 85, 36, 100, 51, 116, 62, 99, 112, 99, 25, 32, 56, 41, 67, 73, 44, 48, 136, 39, 11, 34, 122, 64, 46, 65, 140, 45, 27, 68, 83, 56, 101, 66, 46, 32, 40, 65, 115, 61, 42, 9, 87, 57, 28, 37, 93, 40, 65, 83, 59, 29, 68, 63, 62, 139, 138, 45, 79, 80, 86, 38, 21, 80, 47, 79, 21, 7, 37, 98, 70, 7, 104, 98, 126, 33, 39, 101, 34, 70, 70, 42, 75, 44, 92, 99, 10, 66, 8, 36, 225, 35]",1295
swebench_verified,swebench_verified:astropy__astropy-14096,1,387,128,1,1,127,514,6,"[20, 12, 19, 6, 20, 25, 25, 49, 23, 6, 15, 13, 31, 18, 31, 20, 20, 15, 27, 14, 56, 47, 13, 11, 29, 45, 26, 43, 11, 16, 23, 43, 19, 8, 12, 14, 21, 24, 24, 26, 32, 35, 16, 24, 38, 15, 24, 23, 11, 9, 30, 15, 37, 11, 26, 27, 28, 15, 20, 58, 13, 31, 11, 13, 27, 10, 18, 25, 21, 52, 18, 21, 32, 25, 22, 25, 24, 63, 65, 10, 26, 22, 19, 42, 31, 19, 28, 8, 22, 19, 24, 32, 38, 23, 22, 15, 10, 59, 22, 21, 14, 34, 17, 11, 24, 19, 20, 32, 29, 14, 23, 23, 15, 28, 20, 31, 23, 17, 24, 26, 57, 12, 7, 60, 19, 19, 15, 9]",514
swebench_verified,swebench_verified:astropy__astropy-14096,1,387,128,3,1,127,514,6,"[51, 20, 62, 20, 41, 35, 28, 61, 19, 21, 7, 5, 67, 19, 19, 18, 15, 56, 19, 9, 44, 12, 27, 13, 17, 21, 12, 40, 10, 16, 4, 11, 29, 11, 14, 12, 11, 39, 26, 15, 26, 7, 19, 14, 19, 14, 39, 46, 21, 24, 26, 10, 32, 34, 23, 18, 47, 16, 41, 4, 6, 3, 46, 21, 22, 25, 41, 21, 36, 23, 51, 24, 6, 33, 52, 50, 14, 44, 9, 11, 14, 39, 14, 12, 10, 42, 24, 23, 32, 5, 23, 13, 13, 37, 24, 57, 21, 27, 14, 10, 37, 42, 16, 18, 11, 14, 15, 23, 9, 10, 29, 33, 19, 21, 30, 13, 18, 37, 31, 7, 25, 12, 38, 12, 37, 16, 47, 16]",514
swebench_verified,swebench_verified:astropy__astropy-14096,1,387,128,6,1,127,514,6,"[10, 13, 21, 14, 18, 12, 4, 56, 10, 13, 7, 6, 29, 46, 23, 32, 22, 14, 17, 20, 44, 30, 15, 19, 34, 16, 20, 21, 33, 38, 14, 137, 10, 8, 16, 47, 62, 20, 26, 46, 9, 31, 26, 7, 6, 27, 10, 25, 8, 73, 0, 6, 32, 7, 34, 23, 35, 38, 18, 18, 14, 36, 14, 1, 9, 11, 9, 16, 8, 20, 14, 13, 21, 23, 67, 24, 14, 25, 27, 30, 1, 45, 47, 17, 2, 16, 95, 4, 27, 14, 16, 24, 61, 21, 4, 24, 30, 11, 4, 21, 33, 36, 48, 7, 4, 25, 7, 29, 43, 28, 8, 14, 20, 14, 6, 15, 39, 22, 10, 22, 23, 21, 33, 109, 41, 10, 33, 28]",514
swebench_verified,swebench_verified:astropy__astropy-14096,1,387,128,8,1,127,514,6,"[27, 11, 40, 6, 3, 3, 5, 3, 33, 47, 59, 5, 215, 5, 17, 7, 65, 12, 11, 15, 47, 15, 39, 0, 23, 11, 33, 42, 26, 26, 2, 6, 8, 1, 1, 21, 46, 2, 13, 2, 35, 20, 6, 11, 11, 15, 47, 7, 48, 11, 36, 11, 1, 34, 23, 7, 31, 17, 92, 24, 3, 3, 2, 36, 22, 29, 4, 14, 2, 22, 0, 4, 37, 154, 22, 15, 15, 76, 14, 2, 11, 12, 8, 0, 7, 46, 2, 2, 42, 10, 18, 6, 24, 17, 80, 50, 18, 6, 33, 17, 20, 0, 23, 147, 23, 15, 56, 15, 38, 11, 25, 16, 15, 5, 26, 45, 34, 35, 63, 45, 0, 4, 8, 16, 21, 9, 13, 31]",514
swebench_verified,swebench_verified:astropy__astropy-14096,1,387,128,10,1,127,514,6,"[13, 8, 16, 4, 17, 94, 27, 7, 20, 20, 8, 11, 34, 9, 2, 1, 7, 10, 40, 0, 15, 14, 1, 8, 2, 6, 4, 29, 5, 0, 51, 4, 17, 8, 11, 21, 3, 26, 9, 64, 54, 29, 93, 7, 23, 31, 2, 27, 85, 4, 28, 8, 34, 2, 4, 14, 26, 20, 55, 11, 21, 24, 28, 6, 3, 12, 10, 30, 105, 13, 53, 101, 13, 6, 5, 20, 16, 15, 23, 7, 2, 10, 28, 13, 20, 41, 32, 9, 10, 108, 1, 5, 87, 29, 209, 43, 64, 34, 3, 17, 15, 2, 26, 19, 39, 16, 17, 11, 3, 0, 34, 4, 55, 18, 27, 10, 97, 37, 22, 8, 5, 3, 18, 27, 0, 20, 55, 17]",514
swebench_verified,swebench_verified:astropy__astropy-14096,1,387,128,13,1,127,514,6,"[11, 7, 8, 8, 22, 125, 14, 36, 20, 12, 8, 32, 12, 41, 8, 3, 5, 5, 166, 32, 4, 0, 20, 7, 10, 33, 31, 5, 8, 77, 15, 6, 11, 2, 1, 1, 43, 31, 57, 12, 4, 23, 94, 6, 71, 38, 11, 10, 8, 13, 1, 35, 6, 64, 11, 3, 10, 2, 16, 4, 367, 1, 20, 5, 37, 8, 4, 12, 0, 3, 37, 57, 4, 46, 199, 18, 14, 34, 2, 15, 8, 17, 5, 6, 19, 4, 5, 5, 2, 7, 24, 15, 31, 16, 1, 0, 1, 2, 8, 24, 20, 30, 38, 1, 30, 17, 5, 17, 4, 14, 87, 5, 22, 18, 11, 11, 3, 24, 30, 27, 32, 42, 25, 1, 91, 0, 17, 0]",514
swebench_verified,swebench_verified:astropy__astropy-14096,1,387,128,15,1,127,514,6,"[25, 2, 35, 48, 19, 66, 26, 1, 24, 54, 6, 11, 27, 26, 35, 15, 4, 0, 3, 8, 24, 6, 28, 66, 57, 184, 63, 11, 19, 5, 12, 50, 2, 38, 38, 13, 28, 3, 33, 18, 23, 56, 23, 25, 40, 7, 82, 9, 44, 11, 30, 2, 2, 36, 13, 10, 5, 26, 14, 113, 13, 0, 108, 36, 17, 2, 13, 1, 20, 26, 0, 0, 6, 10, 31, 39, 8, 0, 25, 3, 125, 8, 3, 11, 41, 2, 1, 0, 13, 73, 42, 4, 24, 0, 7, 5, 24, 8, 18, 2, 20, 8, 1, 10, 33, 32, 9, 9, 7, 4, 16, 64, 37, 7, 24, 28, 3, 24, 3, 16, 47, 14, 2, 86, 23, 8, 36, 40]",514
swebench_verified,swebench_verified:astropy__astropy-14096,1,387,128,17,1,127,514,6,"[12, 25, 1, 3, 11, 39, 9, 21, 11, 19, 25, 20, 23, 52, 12, 3, 18, 29, 28, 11, 75, 14, 28, 19, 65, 19, 20, 8, 124, 9, 24, 31, 21, 7, 190, 7, 8, 11, 4, 0, 16, 42, 7, 11, 3, 9, 17, 1, 20, 115, 39, 45, 4, 26, 1, 2, 18, 33, 10, 57, 16, 7, 56, 4, 16, 208, 45, 3, 45, 9, 17, 25, 26, 17, 21, 15, 8, 14, 20, 51, 12, 6, 1, 23, 21, 14, 1, 51, 15, 34, 13, 45, 26, 13, 7, 18, 33, 3, 52, 16, 9, 16, 41, 6, 3, 18, 3, 3, 14, 15, 33, 27, 22, 10, 5, 3, 33, 8, 54, 12, 0, 22, 7, 3, 8, 4, 133, 13]",514
swebench_verified,swebench_verified:astropy__astropy-14096,1,387,128,20,1,127,514,6,"[20, 13, 14, 9, 11, 10, 6, 13, 23, 6, 5, 6, 0, 7, 16, 12, 5, 19, 86, 12, 57, 25, 0, 51, 2, 5, 0, 2, 27, 18, 11, 5, 32, 14, 11, 0, 4, 27, 3, 14, 19, 7, 34, 7, 14, 42, 2, 0, 6, 12, 19, 85, 11, 35, 63, 10, 201, 11, 60, 2, 7, 19, 16, 43, 14, 5, 81, 24, 24, 12, 24, 3, 0, 12, 10, 16, 3, 46, 6, 26, 6, 5, 12, 7, 25, 6, 1, 18, 141, 8, 22, 23, 4, 17, 5, 23, 6, 5, 12, 129, 13, 9, 10, 16, 30, 22, 85, 20, 3, 17, 0, 14, 66, 144, 288, 11, 32, 25, 43, 7, 14, 25, 34, 2, 1, 17, 27, 2]",514
swebench_verified,swebench_verified:astropy__astropy-14096,1,387,128,22,1,127,514,6,"[18, 20, 24, 44, 20, 50, 13, 15, 6, 4, 19, 17, 9, 14, 8, 0, 2, 63, 47, 5, 63, 55, 23, 37, 23, 8, 237, 21, 31, 29, 25, 22, 30, 22, 8, 13, 7, 27, 42, 32, 17, 16, 17, 67, 9, 44, 38, 16, 20, 62, 41, 5, 23, 20, 32, 32, 9, 15, 53, 9, 6, 4, 29, 11, 24, 32, 14, 55, 29, 24, 33, 15, 5, 35, 12, 13, 21, 13, 15, 98, 25, 11, 17, 27, 21, 14, 21, 16, 2, 14, 19, 29, 56, 1, 10, 15, 26, 34, 6, 14, 1, 33, 44, 3, 45, 17, 7, 18, 12, 19, 10, 5, 1, 45, 4, 10, 15, 19, 11, 107, 8, 0, 15, 4, 27, 6, 28, 6]",514
swebench_verified,swebench_verified:astropy__astropy-14096,1,387,128,24,1,127,514,6,"[30, 40, 4, 45, 37, 0, 1, 93, 15, 16, 0, 39, 22, 24, 1, 12, 8, 3, 0, 65, 26, 13, 6, 5, 4, 2, 18, 13, 93, 254, 11, 48, 20, 36, 7, 0, 0, 20, 15, 43, 6, 1, 2, 4, 0, 14, 15, 8, 4, 28, 3, 40, 6, 37, 106, 6, 19, 9, 63, 3, 0, 46, 172, 11, 6, 12, 0, 2, 2, 7, 44, 5, 8, 11, 24, 6, 1, 6, 16, 12, 10, 31, 5, 20, 29, 11, 34, 75, 63, 3, 5, 0, 15, 34, 52, 34, 15, 8, 10, 37, 11, 9, 5, 2, 51, 9, 19, 46, 24, 11, 265, 1, 10, 4, 31, 5, 20, 8, 2, 7, 26, 6, 14, 117, 2, 26, 6, 2]",514
swebench_verified,swebench_verified:astropy__astropy-14096,1,387,128,27,1,127,514,6,"[9, 75, 16, 13, 17, 29, 6, 12, 15, 8, 6, 4, 22, 16, 24, 15, 16, 8, 17, 24, 3, 17, 5, 22, 19, 20, 24, 41, 22, 10, 20, 12, 40, 169, 1, 19, 82, 15, 20, 3, 30, 51, 11, 10, 53, 56, 7, 148, 57, 12, 59, 0, 27, 2, 42, 47, 16, 3, 12, 11, 11, 4, 18, 23, 18, 17, 23, 38, 17, 2, 4, 6, 9, 30, 0, 21, 37, 38, 14, 27, 24, 1, 7, 29, 19, 113, 13, 14, 6, 18, 4, 67, 14, 15, 11, 34, 19, 170, 26, 40, 17, 8, 44, 21, 28, 41, 28, 7, 14, 30, 25, 17, 12, 15, 16, 9, 28, 16, 62, 18, 16, 12, 10, 2, 6, 2, 5, 4]",514
swebench_verified,swebench_verified:astropy__astropy-14096,1,387,128,29,1,127,514,6,"[31, 40, 26, 6, 30, 60, 24, 28, 2, 14, 33, 9, 17, 81, 27, 27, 12, 6, 51, 50, 8, 14, 43, 20, 16, 9, 28, 30, 160, 30, 15, 3, 7, 3, 12, 81, 38, 13, 11, 18, 74, 9, 46, 10, 27, 5, 18, 21, 5, 16, 112, 27, 17, 2, 22, 9, 26, 14, 10, 19, 11, 15, 1, 5, 6, 3, 25, 2, 32, 19, 28, 10, 25, 20, 25, 24, 15, 29, 10, 0, 16, 27, 16, 1, 23, 42, 28, 23, 10, 23, 17, 17, 27, 10, 15, 16, 16, 20, 4, 30, 9, 25, 32, 11, 13, 29, 18, 1, 13, 6, 1, 37, 18, 1, 4, 26, 8, 17, 54, 135, 18, 27, 33, 39, 13, 91, 79, 18]",514
swebench_verified,swebench_verified:astropy__astropy-14096,1,387,128,31,1,127,514,6,"[73, 140, 25, 15, 0, 5, 10, 54, 14, 13, 45, 8, 4, 4, 8, 112, 33, 14, 5, 13, 0, 19, 19, 52, 17, 10, 7, 23, 35, 15, 4, 21, 44, 7, 38, 0, 22, 8, 29, 23, 19, 0, 30, 31, 27, 39, 11, 39, 4, 19, 7, 28, 19, 82, 9, 18, 13, 14, 57, 7, 37, 36, 3, 42, 9, 14, 16, 27, 30, 18, 13, 25, 45, 16, 9, 15, 37, 16, 38, 11, 10, 26, 10, 23, 7, 42, 27, 44, 12, 43, 22, 9, 13, 7, 7, 14, 145, 73, 41, 37, 11, 33, 32, 9, 11, 4, 19, 9, 14, 5, 0, 11, 29, 5, 4, 10, 12, 150, 26, 28, 4, 7, 13, 45, 5, 19, 7, 32]",514
swebench_verified,swebench_verified:astropy__astropy-14096,1,387,128,34,1,127,514,6,"[11, 23, 22, 5, 8, 69, 28, 29, 13, 28, 20, 46, 21, 20, 26, 29, 2, 12, 19, 1, 30, 0, 19, 3, 18, 87, 10, 26, 4, 27, 7, 26, 15, 18, 17, 17, 13, 24, 119, 23, 3, 8, 20, 23, 100, 21, 91, 70, 18, 15, 22, 13, 35, 9, 15, 50, 27, 7, 20, 22, 22, 27, 71, 3, 14, 14, 6, 10, 23, 20, 16, 50, 31, 13, 2, 14, 29, 2, 12, 9, 13, 8, 2, 116, 12, 1, 13, 1, 17, 19, 52, 11, 6, 33, 20, 39, 56, 42, 11, 27, 17, 49, 0, 7, 1, 25, 22, 52, 39, 13, 13, 29, 22, 89, 91, 21, 1, 8, 3, 11, 38, 17, 4, 41, 16, 8, 13, 23]",514
swebench_verified,swebench_verified:astropy__astropy-14096,1,387,128,36,1,127,514,6,"[26, 30, 0, 17, 3, 74, 55, 13, 12, 20, 25, 7, 10, 24, 43, 17, 18, 19, 17, 12, 27, 5, 12, 18, 54, 11, 13, 42, 79, 2, 23, 37, 16, 24, 21, 1, 29, 22, 24, 27, 52, 10, 17, 67, 3, 11, 38, 209, 14, 10, 76, 8, 26, 3, 17, 2, 44, 20, 23, 21, 5, 33, 25, 5, 9, 13, 53, 1, 30, 141, 32, 22, 2, 3, 21, 36, 6, 30, 64, 20, 1, 0, 2, 55, 27, 55, 3, 2, 109, 23, 10, 10, 16, 65, 18, 88, 12, 3, 18, 26, 19, 5, 7, 1, 15, 0, 42, 32, 26, 23, 0, 22, 19, 8, 0, 13, 11, 11, 2, 8, 24, 31, 1, 15, 6, 17, 32, 0]",514
swebench_verified,swebench_verified:astropy__astropy-14096,1,387,128,38,1,127,514,6,"[3, 31, 4, 0, 24, 15, 4, 65, 14, 81, 10, 1, 5, 12, 12, 3, 35, 25, 76, 12, 13, 5, 127, 1, 25, 12, 0, 11, 21, 15, 11, 24, 12, 2, 17, 26, 10, 30, 13, 22, 8, 5, 24, 11, 13, 0, 41, 9, 17, 0, 3, 4, 1, 28, 12, 27, 33, 23, 1, 2, 73, 6, 6, 63, 4, 1, 194, 53, 27, 10, 14, 11, 7, 8, 20, 10, 3, 4, 20, 11, 8, 5, 28, 19, 12, 48, 20, 23, 29, 6, 24, 5, 10, 30, 8, 19, 8, 7, 19, 6, 31, 49, 42, 15, 292, 28, 0, 140, 59, 20, 31, 4, 41, 29, 10, 30, 1, 13, 20, 15, 129, 6, 11, 2, 19, 8, 54, 15]",514
swebench_verified,swebench_verified:astropy__astropy-14096,1,387,128,40,1,127,514,6,"[91, 1, 35, 6, 14, 36, 4, 5, 45, 23, 10, 31, 0, 117, 16, 287, 9, 9, 6, 9, 2, 37, 57, 17, 7, 4, 183, 2, 4, 14, 22, 5, 1, 22, 2, 38, 23, 6, 9, 46, 5, 38, 35, 12, 28, 80, 13, 32, 19, 23, 8, 7, 8, 12, 21, 38, 107, 13, 19, 6, 8, 26, 10, 7, 7, 263, 16, 22, 3, 20, 10, 1, 9, 13, 2, 38, 44, 27, 1, 13, 6, 34, 16, 33, 4, 17, 33, 24, 10, 2, 26, 14, 19, 15, 11, 1, 1, 5, 2, 9, 16, 20, 27, 8, 3, 6, 24, 2, 28, 17, 10, 29, 10, 10, 14, 19, 6, 4, 9, 6, 30, 67, 4, 11, 5, 8, 2, 88]",514
swebench_verified,swebench_verified:astropy__astropy-14096,1,387,128,43,1,127,514,6,"[2, 20, 31, 9, 29, 48, 16, 16, 3, 9, 8, 15, 19, 20, 9, 4, 43, 52, 6, 9, 16, 19, 1, 114, 1, 6, 91, 3, 45, 51, 25, 6, 10, 23, 30, 7, 44, 17, 46, 3, 20, 36, 10, 34, 15, 9, 3, 12, 20, 3, 22, 5, 6, 23, 39, 40, 11, 14, 80, 19, 41, 2, 7, 2, 43, 2, 10, 22, 31, 15, 31, 276, 8, 6, 14, 15, 50, 3, 9, 19, 18, 19, 22, 22, 7, 10, 2, 30, 19, 17, 17, 12, 10, 22, 15, 19, 45, 7, 3, 36, 19, 34, 17, 3, 118, 14, 17, 4, 14, 12, 3, 26, 22, 28, 9, 8, 28, 9, 16, 1, 16, 16, 12, 198, 106, 4, 10, 15]",514
swebench_verified,swebench_verified:astropy__astropy-14096,1,387,128,45,1,127,514,6,"[21, 1, 57, 11, 22, 15, 15, 20, 3, 2, 24, 50, 18, 1, 11, 18, 25, 74, 22, 2, 4, 32, 1, 35, 14, 14, 16, 16, 2, 4, 14, 16, 19, 14, 42, 3, 37, 3, 52, 43, 28, 22, 83, 12, 83, 21, 12, 23, 23, 49, 38, 5, 10, 33, 15, 59, 5, 7, 20, 76, 12, 9, 23, 13, 28, 12, 21, 8, 7, 7, 13, 27, 15, 19, 32, 24, 19, 51, 190, 5, 17, 4, 22, 21, 73, 13, 19, 26, 16, 8, 12, 22, 11, 7, 10, 17, 30, 7, 52, 51, 24, 11, 2, 35, 39, 9, 7, 22, 5, 30, 16, 16, 81, 26, 51, 46, 34, 22, 52, 23, 13, 13, 19, 6, 25, 10, 20, 37]",514
swebench_verified,swebench_verified:astropy__astropy-14096,1,387,128,47,1,127,514,6,"[13, 30, 23, 32, 16, 8, 19, 12, 27, 37, 10, 62, 21, 3, 40, 16, 6, 19, 66, 9, 47, 94, 7, 22, 37, 34, 66, 21, 16, 19, 40, 19, 9, 41, 19, 22, 51, 9, 12, 58, 3, 17, 3, 80, 3, 23, 4, 22, 21, 18, 25, 5, 6, 15, 25, 28, 48, 44, 11, 20, 24, 16, 7, 24, 54, 8, 26, 6, 21, 29, 38, 13, 46, 6, 8, 4, 23, 21, 13, 73, 5, 32, 30, 23, 2, 1, 32, 11, 28, 5, 16, 14, 12, 23, 17, 22, 6, 12, 10, 15, 16, 58, 19, 62, 40, 14, 4, 19, 29, 5, 6, 49, 8, 12, 26, 8, 40, 29, 15, 9, 51, 48, 10, 46, 37, 46, 30, 39]",514
swebench_verified,swebench_verified:astropy__astropy-14096,1,387,128,49,1,127,514,6,"[4, 170, 12, 2, 13, 18, 23, 7, 16, 2, 10, 20, 18, 16, 23, 36, 18, 32, 47, 6, 154, 0, 9, 6, 11, 26, 21, 13, 28, 19, 72, 18, 21, 6, 59, 10, 36, 16, 17, 5, 19, 9, 6, 40, 31, 10, 14, 18, 16, 20, 27, 4, 29, 3, 30, 12, 21, 40, 20, 11, 4, 21, 32, 15, 27, 48, 10, 24, 20, 9, 17, 27, 58, 11, 9, 11, 3, 7, 21, 10, 27, 13, 44, 8, 5, 29, 35, 32, 71, 10, 17, 0, 8, 32, 56, 51, 14, 142, 2, 17, 45, 17, 7, 7, 6, 28, 158, 16, 2, 16, 23, 9, 8, 22, 33, 30, 13, 5, 112, 6, 16, 5, 21, 13, 9, 21, 11, 8]",514
swebench_verified,swebench_verified:astropy__astropy-14096,1,387,128,51,1,127,514,6,"[16, 41, 7, 16, 14, 24, 12, 14, 31, 42, 14, 1, 15, 6, 28, 5, 20, 41, 20, 46, 47, 32, 29, 22, 10, 11, 8, 17, 7, 8, 9, 16, 14, 35, 16, 76, 24, 12, 8, 14, 57, 30, 31, 30, 38, 41, 20, 8, 23, 32, 28, 43, 5, 17, 37, 13, 10, 11, 46, 32, 10, 15, 37, 12, 18, 36, 22, 39, 27, 22, 18, 10, 22, 33, 50, 10, 14, 4, 15, 49, 13, 23, 47, 15, 25, 54, 21, 11, 14, 7, 28, 46, 58, 33, 43, 16, 25, 16, 7, 29, 20, 11, 17, 5, 17, 37, 47, 10, 33, 34, 43, 12, 13, 34, 19, 35, 35, 2, 29, 38, 26, 36, 3, 47, 3, 18, 78, 8]",514
swebench_verified,swebench_verified:astropy__astropy-14182,1,708,128,1,1,127,835,6,"[43, 11, 15, 11, 22, 38, 36, 75, 28, 12, 27, 32, 46, 57, 71, 68, 18, 43, 36, 20, 41, 53, 21, 43, 63, 73, 49, 54, 15, 36, 14, 67, 16, 18, 28, 25, 61, 67, 36, 38, 59, 39, 20, 29, 73, 38, 42, 21, 28, 12, 46, 21, 39, 14, 29, 31, 52, 17, 12, 92, 7, 82, 15, 33, 34, 10, 31, 30, 24, 66, 15, 49, 63, 40, 42, 27, 52, 77, 98, 12, 56, 35, 13, 57, 53, 11, 35, 14, 19, 19, 55, 48, 33, 67, 67, 24, 25, 91, 54, 24, 21, 40, 47, 20, 74, 28, 33, 62, 43, 26, 37, 41, 19, 72, 41, 38, 33, 19, 69, 45, 60, 21, 19, 121, 35, 37, 28, 33]",835
swebench_verified,swebench_verified:astropy__astropy-14182,1,708,128,3,1,127,835,6,"[56, 51, 57, 29, 53, 59, 30, 90, 56, 33, 36, 9, 50, 43, 51, 24, 23, 158, 36, 53, 55, 8, 72, 41, 33, 27, 34, 76, 20, 22, 29, 14, 41, 27, 17, 18, 10, 33, 56, 9, 22, 6, 20, 29, 28, 30, 72, 28, 24, 56, 45, 25, 29, 53, 37, 44, 88, 51, 72, 14, 17, 23, 40, 43, 35, 58, 62, 29, 27, 72, 61, 29, 24, 24, 75, 96, 21, 33, 22, 29, 47, 51, 25, 11, 18, 68, 26, 35, 22, 23, 22, 21, 37, 48, 29, 76, 25, 29, 14, 18, 60, 69, 32, 73, 16, 21, 39, 30, 11, 9, 50, 51, 76, 31, 35, 50, 22, 68, 24, 30, 24, 22, 65, 40, 75, 22, 63, 25]",835
swebench_verified,swebench_verified:astropy__astropy-14182,1,708,128,6,1,127,835,6,"[20, 39, 41, 22, 26, 22, 1, 62, 23, 24, 4, 11, 67, 59, 25, 64, 42, 8, 22, 32, 80, 42, 40, 53, 23, 15, 24, 41, 40, 82, 47, 191, 41, 20, 20, 70, 63, 57, 85, 66, 28, 59, 17, 9, 30, 53, 27, 59, 7, 110, 27, 13, 28, 11, 50, 32, 74, 39, 18, 34, 22, 121, 18, 0, 23, 15, 33, 29, 9, 37, 38, 30, 29, 23, 136, 55, 25, 66, 32, 17, 19, 59, 84, 33, 16, 11, 69, 21, 21, 19, 27, 18, 63, 11, 28, 29, 68, 33, 11, 59, 33, 49, 89, 31, 7, 31, 11, 15, 59, 42, 42, 32, 30, 39, 7, 34, 37, 48, 30, 7, 44, 49, 110, 134, 33, 26, 25, 20]",835
swebench_verified,swebench_verified:astropy__astropy-14182,1,708,128,8,1,127,835,6,"[35, 25, 4, 9, 7, 2, 75, 3, 99, 20, 203, 23, 419, 60, 17, 11, 50, 43, 20, 47, 29, 42, 26, 3, 105, 23, 58, 12, 3, 59, 1, 23, 40, 4, 12, 10, 95, 19, 45, 4, 9, 43, 38, 34, 40, 31, 42, 7, 92, 2, 25, 25, 19, 43, 47, 8, 26, 2, 200, 56, 2, 7, 0, 52, 37, 16, 12, 6, 2, 27, 1, 100, 42, 55, 48, 22, 47, 39, 35, 7, 38, 22, 15, 18, 15, 47, 0, 0, 41, 40, 18, 19, 41, 35, 128, 61, 40, 29, 32, 31, 10, 1, 20, 394, 36, 31, 44, 11, 63, 17, 1, 14, 56, 8, 20, 48, 48, 85, 68, 27, 6, 20, 46, 47, 29, 14, 14, 31]",835
swebench_verified,swebench_verified:astropy__astropy-14182,1,708,128,10,1,127,835,6,"[24, 40, 55, 4, 35, 207, 15, 10, 31, 36, 19, 64, 36, 2, 7, 15, 43, 22, 47, 13, 50, 31, 1, 103, 11, 5, 9, 64, 13, 2, 56, 53, 26, 27, 24, 31, 25, 33, 22, 72, 61, 21, 211, 3, 23, 58, 60, 32, 11, 5, 25, 9, 34, 19, 87, 41, 39, 36, 21, 64, 92, 13, 57, 8, 5, 26, 23, 40, 120, 11, 108, 85, 14, 62, 3, 60, 10, 51, 19, 13, 10, 31, 62, 13, 10, 32, 49, 4, 30, 49, 16, 4, 33, 22, 106, 88, 103, 15, 26, 11, 47, 5, 82, 28, 54, 27, 29, 10, 64, 12, 62, 28, 27, 22, 63, 24, 199, 14, 41, 5, 8, 19, 27, 31, 1, 33, 90, 181]",835
swebench_verified,swebench_verified:astropy__astropy-14182,1,708,128,13,1,127,835,6,"[66, 7, 18, 1, 35, 12, 23, 98, 41, 27, 25, 99, 3, 84, 44, 16, 39, 22, 214, 47, 10, 15, 22, 20, 29, 49, 86, 2, 9, 122, 62, 7, 9, 1, 7, 48, 42, 33, 60, 30, 25, 21, 16, 8, 95, 47, 10, 12, 25, 0, 6, 14, 18, 86, 52, 4, 10, 2, 23, 17, 541, 153, 10, 11, 41, 30, 35, 24, 0, 18, 168, 31, 3, 66, 287, 14, 56, 65, 20, 86, 13, 32, 21, 9, 17, 4, 9, 11, 4, 8, 37, 62, 31, 13, 0, 2, 0, 3, 2, 22, 27, 30, 49, 58, 122, 26, 23, 34, 9, 19, 180, 55, 32, 8, 39, 19, 23, 22, 31, 37, 65, 3, 21, 23, 3, 5, 10, 3]",835
swebench_verified,swebench_verified:astropy__astropy-14182,1,708,128,15,1,127,835,6,"[34, 13, 63, 50, 72, 53, 19, 21, 38, 56, 6, 16, 46, 11, 90, 22, 44, 61, 23, 16, 57, 11, 16, 70, 171, 169, 123, 20, 71, 6, 30, 34, 51, 37, 7, 5, 24, 92, 35, 18, 19, 59, 45, 23, 5, 38, 101, 5, 4, 31, 60, 9, 6, 8, 27, 8, 18, 33, 37, 237, 27, 6, 70, 41, 31, 6, 34, 2, 70, 110, 4, 22, 7, 34, 20, 58, 10, 17, 31, 4, 165, 8, 3, 49, 41, 26, 0, 0, 49, 110, 10, 2, 79, 9, 84, 2, 12, 22, 26, 14, 51, 17, 9, 9, 102, 49, 10, 22, 10, 4, 16, 162, 14, 27, 69, 31, 1, 27, 6, 30, 133, 20, 4, 137, 65, 3, 34, 59]",835
swebench_verified,swebench_verified:astropy__astropy-14182,1,708,128,17,1,127,835,6,"[44, 37, 2, 15, 54, 36, 26, 23, 32, 21, 36, 22, 24, 99, 20, 20, 16, 57, 20, 62, 331, 16, 28, 9, 135, 84, 15, 64, 239, 10, 1, 94, 58, 121, 231, 34, 6, 30, 4, 16, 18, 24, 13, 16, 11, 19, 7, 1, 16, 39, 49, 25, 27, 12, 6, 24, 52, 83, 25, 67, 20, 7, 68, 25, 12, 235, 50, 20, 48, 25, 29, 11, 57, 34, 59, 42, 13, 34, 40, 20, 44, 23, 0, 26, 15, 9, 21, 48, 15, 24, 11, 140, 27, 25, 29, 9, 39, 1, 65, 3, 5, 62, 48, 20, 3, 52, 20, 9, 43, 59, 13, 25, 11, 33, 8, 21, 20, 4, 133, 36, 0, 32, 2, 9, 13, 6, 157, 17]",835
swebench_verified,swebench_verified:astropy__astropy-14182,1,708,128,20,1,127,835,6,"[16, 7, 24, 20, 45, 75, 31, 5, 27, 18, 25, 0, 19, 16, 8, 15, 21, 14, 81, 18, 71, 29, 3, 117, 6, 9, 3, 2, 71, 33, 16, 9, 60, 12, 23, 2, 8, 45, 4, 24, 65, 10, 38, 35, 57, 33, 0, 7, 12, 41, 42, 250, 69, 33, 116, 25, 242, 9, 44, 0, 40, 16, 26, 24, 49, 21, 10, 86, 29, 12, 27, 78, 16, 11, 17, 30, 9, 82, 3, 69, 5, 8, 27, 34, 23, 12, 4, 24, 299, 24, 28, 44, 11, 3, 8, 16, 11, 94, 11, 168, 3, 30, 2, 17, 28, 42, 29, 47, 12, 38, 13, 25, 92, 184, 310, 54, 54, 54, 60, 30, 25, 17, 57, 6, 21, 59, 31, 1]",835
swebench_verified,swebench_verified:astropy__astropy-14182,1,708,128,22,1,127,835,6,"[48, 32, 23, 92, 12, 41, 48, 11, 15, 40, 14, 39, 13, 22, 1, 1, 6, 96, 111, 9, 65, 28, 37, 58, 33, 61, 299, 26, 114, 40, 41, 16, 20, 12, 9, 31, 49, 43, 50, 80, 25, 48, 30, 164, 26, 56, 89, 12, 19, 97, 58, 19, 56, 25, 63, 113, 23, 21, 26, 9, 4, 14, 64, 26, 93, 55, 19, 127, 23, 18, 57, 27, 53, 80, 17, 34, 36, 52, 19, 119, 24, 13, 53, 26, 14, 17, 35, 38, 6, 52, 18, 64, 75, 17, 28, 12, 67, 22, 7, 11, 8, 47, 50, 8, 11, 11, 14, 58, 21, 22, 31, 19, 6, 43, 2, 12, 23, 23, 31, 92, 6, 20, 38, 32, 23, 24, 26, 8]",835
swebench_verified,swebench_verified:astropy__astropy-14182,1,708,128,24,1,127,835,6,"[21, 26, 2, 108, 108, 0, 12, 52, 91, 47, 4, 102, 30, 58, 0, 8, 20, 9, 1, 143, 136, 24, 15, 19, 17, 33, 10, 29, 34, 340, 30, 41, 59, 78, 21, 9, 10, 32, 10, 47, 17, 50, 2, 0, 2, 46, 37, 9, 1, 87, 5, 78, 5, 73, 161, 27, 67, 13, 101, 3, 49, 43, 162, 5, 99, 5, 4, 28, 2, 18, 105, 6, 23, 14, 47, 21, 0, 7, 19, 40, 3, 47, 11, 53, 47, 38, 81, 92, 21, 19, 5, 33, 16, 67, 50, 20, 20, 28, 7, 38, 21, 19, 7, 2, 92, 19, 32, 147, 2, 31, 136, 3, 31, 1, 47, 13, 42, 11, 27, 8, 48, 27, 21, 156, 5, 15, 23, 11]",835
swebench_verified,swebench_verified:astropy__astropy-14182,1,708,128,27,1,127,835,6,"[70, 74, 14, 22, 21, 43, 14, 11, 4, 24, 11, 5, 71, 59, 23, 14, 19, 13, 26, 29, 11, 14, 71, 30, 30, 46, 44, 59, 20, 84, 25, 18, 20, 174, 15, 50, 64, 55, 14, 3, 71, 121, 7, 21, 77, 47, 17, 154, 38, 42, 59, 9, 24, 15, 20, 43, 41, 9, 29, 23, 20, 23, 24, 7, 13, 21, 35, 17, 17, 0, 15, 16, 16, 31, 3, 12, 61, 5, 26, 8, 137, 2, 38, 60, 59, 259, 5, 28, 20, 102, 5, 103, 55, 36, 17, 36, 61, 360, 14, 20, 52, 8, 67, 45, 48, 39, 37, 26, 19, 99, 21, 29, 8, 44, 33, 30, 13, 10, 86, 15, 17, 36, 55, 11, 49, 9, 28, 8]",835
swebench_verified,swebench_verified:astropy__astropy-14182,1,708,128,29,1,127,835,6,"[37, 75, 41, 14, 48, 125, 6, 47, 23, 30, 48, 9, 49, 32, 35, 15, 9, 8, 53, 36, 18, 21, 39, 15, 20, 30, 48, 19, 153, 91, 23, 7, 21, 22, 26, 67, 30, 17, 11, 31, 62, 18, 65, 24, 91, 57, 28, 31, 25, 18, 234, 29, 23, 27, 28, 3, 37, 12, 14, 63, 31, 6, 1, 24, 9, 17, 43, 6, 63, 27, 85, 19, 52, 39, 16, 28, 47, 65, 49, 8, 11, 53, 22, 7, 34, 71, 55, 30, 15, 67, 23, 20, 32, 16, 41, 65, 25, 25, 19, 34, 20, 60, 79, 24, 37, 42, 42, 3, 18, 11, 10, 37, 37, 3, 12, 19, 5, 34, 123, 227, 38, 84, 31, 68, 22, 210, 52, 24]",835
swebench_verified,swebench_verified:astropy__astropy-14182,1,708,128,31,1,127,835,6,"[115, 249, 20, 19, 8, 7, 26, 24, 11, 66, 14, 15, 5, 12, 8, 134, 49, 34, 31, 13, 5, 30, 43, 135, 38, 5, 45, 42, 132, 86, 4, 0, 61, 23, 49, 7, 28, 4, 35, 20, 11, 16, 28, 30, 25, 88, 44, 57, 11, 56, 42, 22, 24, 46, 7, 15, 15, 20, 13, 9, 63, 37, 10, 4, 35, 35, 25, 33, 23, 63, 34, 66, 72, 50, 5, 60, 68, 11, 44, 17, 43, 39, 10, 22, 59, 57, 63, 68, 29, 63, 35, 6, 16, 93, 29, 45, 235, 97, 37, 46, 20, 49, 51, 36, 32, 5, 35, 13, 18, 21, 7, 19, 29, 6, 3, 55, 17, 191, 24, 43, 1, 3, 75, 76, 12, 14, 14, 63]",835
swebench_verified,swebench_verified:astropy__astropy-14182,1,708,128,34,1,127,835,6,"[17, 48, 24, 15, 128, 181, 76, 90, 1, 69, 39, 37, 34, 40, 45, 27, 10, 41, 10, 0, 61, 0, 31, 3, 25, 86, 1, 55, 3, 37, 4, 58, 16, 8, 42, 34, 41, 105, 111, 21, 12, 12, 32, 67, 101, 36, 121, 145, 28, 26, 35, 39, 20, 32, 29, 17, 29, 9, 15, 22, 29, 28, 163, 16, 35, 21, 11, 9, 83, 22, 21, 62, 71, 34, 22, 1, 47, 40, 22, 17, 1, 15, 7, 88, 21, 3, 22, 13, 21, 10, 149, 29, 23, 49, 9, 89, 116, 51, 37, 98, 28, 68, 7, 53, 1, 50, 28, 79, 72, 23, 29, 52, 69, 54, 43, 14, 3, 16, 8, 20, 40, 21, 4, 41, 20, 19, 17, 25]",835
swebench_verified,swebench_verified:astropy__astropy-14182,1,708,128,36,1,127,835,6,"[51, 20, 1, 51, 3, 40, 32, 9, 10, 16, 35, 7, 48, 35, 65, 25, 33, 34, 21, 35, 41, 14, 14, 21, 76, 24, 39, 109, 86, 33, 40, 61, 58, 29, 53, 3, 106, 22, 27, 108, 125, 96, 27, 142, 3, 7, 33, 95, 34, 113, 44, 16, 11, 17, 48, 10, 114, 65, 41, 20, 15, 55, 43, 18, 13, 0, 8, 2, 43, 246, 34, 8, 15, 16, 25, 55, 12, 55, 61, 21, 3, 0, 69, 90, 56, 50, 0, 59, 22, 38, 6, 9, 24, 130, 27, 114, 18, 1, 41, 8, 40, 32, 11, 1, 37, 2, 107, 45, 67, 67, 9, 70, 29, 21, 0, 17, 59, 11, 4, 27, 59, 35, 13, 15, 47, 30, 32, 17]",835
swebench_verified,swebench_verified:astropy__astropy-14182,1,708,128,38,1,127,835,6,"[2, 36, 18, 2, 77, 42, 81, 74, 19, 117, 16, 1, 9, 10, 8, 27, 34, 69, 37, 14, 35, 5, 41, 10, 57, 14, 21, 14, 34, 54, 8, 10, 44, 2, 123, 21, 15, 65, 3, 14, 2, 24, 24, 8, 27, 0, 77, 31, 17, 5, 13, 16, 2, 26, 67, 29, 15, 30, 22, 1, 137, 20, 14, 150, 10, 1, 485, 21, 42, 7, 13, 12, 34, 10, 27, 30, 7, 21, 16, 23, 2, 51, 9, 51, 38, 93, 23, 9, 19, 7, 75, 3, 13, 147, 12, 10, 16, 16, 23, 11, 48, 82, 48, 13, 480, 104, 0, 137, 43, 27, 66, 5, 74, 26, 12, 49, 55, 10, 37, 6, 65, 14, 21, 3, 26, 21, 11, 100]",835
swebench_verified,swebench_verified:astropy__astropy-14182,1,708,128,40,1,127,835,6,"[130, 75, 64, 12, 47, 24, 8, 4, 62, 37, 33, 48, 3, 13, 22, 501, 27, 8, 28, 11, 1, 71, 11, 11, 32, 15, 128, 9, 12, 10, 55, 5, 0, 27, 53, 26, 45, 41, 4, 280, 14, 47, 99, 4, 108, 159, 10, 61, 24, 38, 38, 13, 18, 52, 20, 22, 60, 5, 18, 1, 7, 60, 23, 16, 10, 602, 12, 33, 3, 13, 16, 2, 6, 19, 24, 28, 95, 36, 6, 24, 13, 31, 7, 30, 8, 9, 56, 28, 6, 6, 25, 15, 20, 3, 70, 18, 10, 15, 21, 16, 44, 41, 33, 8, 32, 14, 20, 3, 13, 7, 15, 7, 38, 75, 18, 13, 6, 5, 30, 3, 29, 102, 20, 21, 5, 22, 4, 136]",835
swebench_verified,swebench_verified:astropy__astropy-14182,1,708,128,43,1,127,835,6,"[7, 32, 17, 16, 48, 94, 45, 47, 19, 13, 8, 36, 33, 11, 9, 135, 96, 95, 17, 23, 9, 9, 3, 208, 22, 16, 143, 3, 54, 106, 5, 7, 7, 25, 41, 20, 74, 35, 16, 8, 67, 78, 3, 58, 62, 6, 9, 26, 30, 25, 38, 15, 7, 11, 57, 65, 22, 21, 85, 10, 8, 15, 4, 30, 48, 8, 5, 18, 50, 19, 45, 342, 28, 0, 46, 13, 43, 7, 6, 27, 26, 30, 20, 72, 9, 13, 42, 20, 33, 16, 24, 7, 39, 45, 32, 26, 79, 0, 13, 220, 140, 61, 26, 4, 60, 32, 20, 3, 51, 18, 5, 19, 6, 3, 7, 5, 36, 31, 22, 0, 20, 15, 7, 432, 102, 4, 26, 20]",835
swebench_verified,swebench_verified:astropy__astropy-14182,1,708,128,45,1,127,835,6,"[31, 16, 75, 82, 46, 40, 39, 55, 3, 15, 20, 91, 31, 15, 4, 30, 42, 155, 31, 4, 2, 17, 8, 41, 17, 37, 22, 17, 21, 14, 37, 17, 1, 33, 58, 11, 34, 1, 53, 63, 65, 46, 94, 9, 64, 48, 21, 47, 70, 41, 51, 16, 9, 61, 21, 13, 15, 9, 41, 144, 27, 2, 21, 19, 28, 23, 29, 8, 32, 14, 14, 24, 8, 24, 30, 34, 16, 312, 376, 2, 8, 25, 10, 132, 10, 32, 28, 45, 147, 14, 20, 19, 43, 3, 27, 53, 18, 5, 4, 24, 17, 7, 0, 62, 54, 42, 7, 38, 16, 65, 58, 32, 77, 43, 112, 54, 27, 17, 67, 36, 29, 49, 32, 13, 87, 2, 7, 36]",835
swebench_verified,swebench_verified:astropy__astropy-14182,1,708,128,47,1,127,835,6,"[62, 36, 33, 34, 34, 10, 53, 29, 32, 72, 44, 61, 56, 10, 77, 30, 6, 26, 11, 10, 128, 102, 12, 19, 142, 84, 59, 11, 11, 21, 23, 78, 11, 31, 30, 24, 91, 13, 40, 50, 18, 50, 23, 88, 10, 54, 3, 29, 65, 19, 26, 13, 11, 22, 34, 39, 154, 79, 20, 31, 38, 13, 22, 38, 90, 20, 57, 19, 16, 66, 23, 16, 17, 14, 41, 23, 10, 32, 15, 181, 5, 38, 56, 33, 18, 13, 79, 6, 93, 4, 34, 2, 38, 52, 22, 35, 49, 16, 20, 10, 13, 165, 21, 21, 22, 19, 5, 45, 47, 49, 12, 15, 25, 17, 28, 12, 125, 36, 13, 21, 114, 41, 38, 29, 89, 46, 34, 40]",835
swebench_verified,swebench_verified:astropy__astropy-14182,1,708,128,49,1,127,835,6,"[13, 454, 45, 13, 27, 10, 18, 19, 2, 0, 16, 34, 15, 18, 21, 46, 27, 16, 76, 17, 377, 24, 19, 25, 34, 33, 4, 31, 16, 36, 53, 26, 22, 31, 99, 46, 73, 46, 15, 1, 17, 20, 10, 58, 36, 30, 17, 28, 41, 39, 16, 7, 54, 21, 86, 21, 27, 64, 11, 32, 10, 46, 40, 26, 31, 54, 27, 24, 23, 24, 25, 61, 119, 17, 45, 5, 11, 10, 24, 9, 12, 23, 61, 4, 14, 24, 103, 7, 49, 130, 13, 0, 12, 65, 78, 56, 37, 120, 33, 54, 29, 31, 4, 10, 29, 49, 145, 21, 23, 27, 22, 13, 10, 53, 36, 37, 25, 4, 178, 34, 18, 9, 13, 22, 39, 9, 25, 36]",835
swebench_verified,swebench_verified:astropy__astropy-14182,1,708,128,51,1,127,835,6,"[18, 71, 14, 19, 14, 12, 39, 23, 20, 53, 5, 20, 39, 21, 32, 28, 18, 22, 30, 44, 195, 62, 50, 37, 16, 23, 5, 68, 43, 6, 29, 42, 32, 68, 14, 123, 57, 22, 9, 39, 46, 19, 24, 43, 72, 44, 20, 27, 43, 23, 37, 43, 13, 45, 46, 50, 11, 21, 84, 48, 33, 28, 65, 30, 23, 55, 51, 36, 54, 35, 14, 20, 23, 51, 69, 22, 9, 13, 16, 54, 22, 38, 54, 27, 39, 81, 92, 17, 31, 14, 34, 81, 144, 18, 48, 55, 32, 29, 24, 54, 19, 20, 29, 7, 8, 45, 67, 14, 68, 42, 77, 17, 24, 73, 41, 57, 61, 2, 50, 22, 62, 37, 7, 47, 8, 20, 196, 14]",835
swebench_verified,swebench_verified:astropy__astropy-14309,1,1621,128,1,1,127,1748,6,"[97, 43, 55, 12, 55, 78, 76, 151, 67, 26, 73, 97, 84, 152, 135, 108, 80, 55, 64, 33, 106, 113, 51, 80, 95, 105, 81, 147, 35, 72, 33, 121, 54, 37, 64, 52, 140, 101, 60, 73, 102, 95, 35, 65, 123, 69, 87, 58, 26, 13, 119, 54, 87, 42, 110, 95, 151, 59, 32, 115, 47, 134, 27, 72, 44, 58, 50, 59, 95, 135, 39, 72, 121, 63, 78, 72, 97, 170, 195, 29, 91, 93, 57, 126, 137, 56, 75, 39, 38, 71, 95, 39, 85, 122, 97, 35, 69, 199, 105, 57, 65, 75, 95, 49, 110, 39, 86, 223, 112, 75, 76, 77, 55, 149, 69, 93, 57, 62, 114, 109, 128, 46, 33, 174, 60, 80, 68, 68]",1748
swebench_verified,swebench_verified:astropy__astropy-14309,1,1621,128,3,1,127,1748,6,"[136, 68, 166, 52, 148, 106, 131, 197, 75, 52, 34, 18, 127, 109, 49, 74, 65, 219, 77, 42, 152, 13, 177, 102, 50, 74, 27, 80, 47, 41, 62, 43, 110, 48, 34, 48, 35, 88, 103, 29, 40, 18, 38, 63, 62, 63, 151, 154, 65, 154, 57, 22, 56, 108, 102, 64, 188, 81, 138, 28, 28, 7, 92, 99, 77, 98, 126, 66, 42, 95, 160, 37, 40, 88, 173, 199, 55, 78, 86, 23, 56, 80, 53, 31, 26, 158, 73, 71, 43, 49, 35, 30, 118, 107, 52, 204, 64, 65, 26, 47, 143, 195, 44, 77, 39, 75, 112, 66, 62, 40, 79, 101, 119, 63, 155, 100, 45, 103, 66, 59, 104, 43, 119, 95, 143, 56, 112, 56]",1748
swebench_verified,swebench_verified:astropy__astropy-14309,1,1621,128,6,1,127,1748,6,"[54, 31, 66, 57, 56, 33, 5, 126, 61, 54, 24, 95, 126, 92, 66, 134, 89, 25, 39, 70, 112, 80, 110, 68, 60, 42, 69, 49, 50, 185, 23, 485, 45, 55, 52, 284, 134, 93, 102, 167, 36, 118, 46, 30, 135, 60, 39, 34, 22, 183, 42, 56, 51, 31, 187, 45, 124, 68, 57, 59, 52, 229, 62, 0, 46, 66, 43, 86, 39, 47, 86, 50, 111, 37, 329, 58, 72, 111, 62, 74, 54, 81, 196, 51, 44, 30, 172, 67, 64, 65, 59, 26, 115, 36, 30, 67, 129, 32, 32, 77, 113, 120, 211, 81, 24, 61, 44, 54, 117, 95, 40, 40, 60, 113, 60, 54, 117, 73, 92, 32, 91, 71, 187, 222, 68, 76, 53, 41]",1748
swebench_verified,swebench_verified:astropy__astropy-14309,1,1621,128,8,1,127,1748,6,"[81, 37, 47, 13, 11, 25, 60, 28, 277, 99, 209, 18, 517, 42, 65, 43, 167, 111, 27, 53, 83, 129, 71, 9, 131, 19, 96, 49, 31, 75, 7, 102, 66, 45, 24, 55, 344, 117, 95, 26, 71, 61, 50, 96, 55, 45, 125, 22, 158, 14, 77, 74, 43, 81, 48, 34, 53, 19, 584, 152, 10, 20, 13, 98, 82, 50, 19, 25, 14, 9, 36, 91, 70, 223, 133, 60, 80, 131, 101, 8, 44, 31, 31, 32, 26, 111, 25, 2, 91, 85, 65, 39, 88, 93, 361, 98, 41, 67, 103, 106, 59, 11, 34, 544, 78, 110, 141, 42, 112, 36, 31, 30, 89, 27, 33, 110, 45, 31, 169, 100, 7, 61, 26, 98, 79, 139, 29, 39]",1748
swebench_verified,swebench_verified:astropy__astropy-14309,1,1621,128,10,1,127,1748,6,"[73, 76, 117, 14, 106, 129, 40, 24, 23, 72, 31, 137, 147, 22, 7, 70, 136, 8, 155, 27, 80, 49, 19, 56, 13, 29, 24, 150, 12, 41, 101, 56, 95, 89, 81, 94, 14, 98, 16, 151, 108, 58, 12, 42, 48, 121, 23, 93, 28, 27, 118, 18, 75, 47, 28, 43, 31, 93, 87, 96, 93, 102, 65, 32, 53, 38, 41, 166, 479, 47, 119, 437, 47, 70, 10, 54, 39, 85, 50, 56, 10, 62, 93, 19, 20, 121, 88, 41, 93, 238, 5, 39, 219, 33, 414, 212, 138, 71, 25, 18, 12, 9, 54, 70, 478, 65, 63, 61, 93, 21, 142, 49, 83, 38, 49, 25, 493, 51, 158, 2, 48, 25, 90, 32, 4, 77, 170, 106]",1748
swebench_verified,swebench_verified:astropy__astropy-14309,1,1621,128,13,1,127,1748,6,"[102, 18, 60, 7, 25, 87, 46, 180, 18, 59, 61, 196, 2, 133, 44, 58, 56, 93, 715, 126, 31, 46, 96, 27, 65, 124, 199, 6, 86, 195, 136, 19, 10, 43, 13, 20, 196, 115, 75, 38, 52, 120, 106, 8, 286, 86, 61, 29, 13, 9, 11, 41, 42, 124, 34, 32, 22, 29, 70, 4, 965, 51, 42, 16, 112, 48, 40, 16, 0, 16, 211, 50, 5, 104, 713, 56, 44, 67, 36, 68, 20, 30, 22, 42, 50, 23, 87, 31, 23, 29, 124, 252, 78, 52, 52, 0, 10, 10, 133, 64, 45, 90, 81, 95, 119, 105, 67, 46, 19, 94, 270, 30, 69, 52, 102, 57, 34, 49, 102, 122, 52, 26, 52, 49, 11, 8, 42, 3]",1748
swebench_verified,swebench_verified:astropy__astropy-14309,1,1621,128,15,1,127,1748,6,"[88, 19, 89, 38, 116, 199, 36, 36, 88, 74, 26, 47, 157, 63, 166, 82, 41, 4, 64, 47, 19, 8, 39, 182, 187, 387, 177, 29, 193, 43, 61, 61, 66, 68, 64, 31, 179, 142, 68, 21, 58, 148, 195, 130, 36, 74, 263, 54, 9, 68, 66, 14, 76, 24, 81, 28, 21, 89, 74, 644, 43, 7, 112, 99, 102, 6, 106, 10, 16, 107, 14, 19, 24, 27, 64, 70, 30, 48, 47, 84, 157, 32, 10, 37, 89, 69, 15, 0, 52, 113, 130, 5, 157, 23, 63, 18, 19, 42, 83, 5, 400, 14, 49, 42, 126, 80, 23, 78, 48, 5, 74, 235, 84, 15, 68, 92, 78, 67, 168, 146, 121, 54, 29, 281, 68, 10, 86, 136]",1748
swebench_verified,swebench_verified:astropy__astropy-14309,1,1621,128,17,1,127,1748,6,"[67, 45, 4, 21, 44, 87, 46, 57, 44, 44, 145, 56, 62, 166, 125, 25, 38, 101, 45, 35, 408, 42, 129, 91, 274, 132, 64, 70, 451, 41, 24, 120, 107, 30, 417, 45, 29, 85, 46, 37, 57, 46, 17, 66, 23, 49, 24, 7, 43, 209, 67, 95, 42, 32, 29, 41, 64, 143, 30, 113, 37, 32, 147, 35, 7, 467, 183, 6, 89, 19, 67, 76, 115, 99, 130, 91, 44, 48, 106, 48, 110, 18, 6, 65, 48, 30, 10, 98, 38, 56, 61, 233, 45, 72, 57, 36, 69, 2, 158, 32, 15, 152, 154, 43, 36, 104, 174, 26, 59, 52, 66, 106, 73, 38, 16, 21, 85, 14, 238, 76, 35, 68, 4, 14, 43, 16, 530, 44]",1748
swebench_verified,swebench_verified:astropy__astropy-14309,1,1621,128,20,1,127,1748,6,"[87, 14, 49, 39, 75, 138, 22, 10, 111, 26, 6, 3, 81, 32, 36, 23, 16, 66, 116, 38, 165, 85, 11, 66, 35, 11, 2, 21, 116, 61, 58, 5, 175, 56, 26, 14, 18, 78, 5, 18, 85, 36, 66, 88, 86, 225, 15, 5, 69, 30, 72, 411, 71, 112, 383, 18, 292, 80, 59, 14, 51, 70, 73, 174, 94, 28, 103, 106, 46, 71, 71, 96, 29, 8, 93, 33, 13, 209, 24, 103, 25, 31, 42, 42, 60, 43, 4, 41, 387, 30, 81, 70, 29, 13, 22, 72, 28, 45, 48, 590, 7, 35, 4, 19, 22, 77, 112, 90, 36, 58, 3, 348, 260, 690, 519, 99, 109, 59, 138, 24, 21, 53, 98, 15, 21, 124, 2, 16]",1748
swebench_verified,swebench_verified:astropy__astropy-14309,1,1621,128,22,1,127,1748,6,"[42, 80, 71, 207, 32, 112, 77, 141, 20, 54, 50, 107, 34, 65, 12, 30, 14, 228, 87, 44, 199, 66, 68, 131, 78, 43, 447, 65, 258, 151, 121, 39, 35, 25, 76, 43, 62, 90, 138, 148, 73, 126, 63, 344, 28, 107, 50, 35, 55, 146, 101, 59, 89, 26, 118, 109, 31, 75, 127, 28, 9, 50, 137, 33, 169, 110, 65, 223, 38, 47, 140, 80, 97, 189, 21, 38, 96, 106, 35, 185, 80, 38, 84, 73, 12, 82, 45, 89, 21, 58, 59, 79, 328, 71, 21, 47, 93, 67, 44, 24, 14, 25, 85, 10, 68, 24, 40, 47, 68, 86, 78, 242, 13, 82, 25, 47, 39, 51, 36, 260, 11, 5, 45, 56, 45, 29, 75, 19]",1748
swebench_verified,swebench_verified:astropy__astropy-14309,1,1621,128,24,1,127,1748,6,"[55, 102, 3, 390, 140, 0, 12, 216, 99, 80, 18, 269, 69, 175, 4, 46, 69, 30, 7, 152, 120, 8, 11, 67, 25, 48, 30, 129, 43, 711, 45, 42, 83, 127, 36, 6, 13, 62, 11, 128, 26, 13, 29, 21, 3, 49, 52, 44, 22, 168, 7, 208, 20, 115, 263, 56, 101, 53, 129, 27, 19, 75, 290, 32, 92, 28, 14, 30, 2, 16, 122, 33, 30, 52, 47, 114, 4, 50, 50, 56, 34, 102, 32, 151, 85, 34, 135, 71, 30, 55, 39, 109, 47, 178, 247, 145, 101, 40, 64, 57, 60, 66, 12, 2, 107, 38, 104, 223, 37, 56, 545, 6, 73, 15, 78, 18, 69, 52, 67, 38, 142, 80, 41, 326, 19, 71, 36, 108]",1748
swebench_verified,swebench_verified:astropy__astropy-14309,1,1621,128,27,1,127,1748,6,"[66, 75, 86, 52, 32, 106, 58, 26, 113, 121, 33, 53, 118, 69, 47, 27, 58, 27, 57, 68, 30, 51, 74, 116, 48, 99, 101, 94, 84, 76, 65, 26, 25, 178, 13, 4, 201, 119, 37, 18, 209, 264, 42, 29, 163, 327, 18, 228, 61, 107, 185, 10, 38, 18, 158, 42, 66, 11, 45, 32, 61, 12, 42, 26, 48, 70, 70, 33, 26, 4, 21, 18, 92, 62, 1, 27, 109, 50, 38, 21, 277, 11, 12, 89, 175, 444, 7, 53, 44, 266, 11, 153, 97, 78, 9, 73, 103, 742, 21, 78, 114, 8, 53, 111, 98, 61, 92, 26, 54, 185, 134, 87, 35, 86, 64, 36, 123, 77, 173, 34, 18, 59, 67, 74, 97, 10, 112, 22]",1748
swebench_verified,swebench_verified:astropy__astropy-14309,1,1621,128,29,1,127,1748,6,"[80, 135, 97, 15, 54, 208, 45, 135, 22, 17, 69, 50, 124, 234, 95, 42, 28, 25, 99, 96, 31, 68, 89, 58, 57, 66, 85, 72, 229, 157, 80, 24, 50, 41, 54, 170, 110, 36, 43, 96, 104, 41, 150, 23, 145, 14, 136, 47, 77, 37, 481, 50, 55, 42, 62, 25, 139, 21, 59, 122, 68, 25, 38, 33, 37, 23, 76, 14, 139, 91, 198, 68, 99, 105, 55, 54, 72, 117, 25, 19, 33, 91, 47, 11, 55, 148, 56, 51, 60, 150, 94, 79, 60, 18, 56, 187, 40, 58, 16, 73, 166, 111, 134, 35, 82, 66, 104, 25, 37, 43, 20, 43, 58, 12, 19, 87, 10, 75, 285, 400, 118, 145, 36, 51, 87, 265, 66, 53]",1748
swebench_verified,swebench_verified:astropy__astropy-14309,1,1621,128,31,1,127,1748,6,"[473, 510, 47, 39, 8, 28, 49, 102, 9, 56, 25, 40, 108, 82, 25, 325, 136, 53, 50, 43, 8, 49, 68, 65, 75, 4, 13, 49, 142, 101, 62, 20, 142, 37, 185, 14, 48, 10, 94, 58, 57, 37, 69, 44, 49, 188, 60, 146, 13, 125, 24, 121, 47, 82, 127, 56, 79, 64, 31, 15, 93, 53, 39, 11, 59, 104, 50, 82, 65, 101, 85, 116, 148, 37, 34, 128, 82, 55, 101, 41, 70, 100, 28, 26, 137, 92, 120, 172, 60, 140, 86, 57, 36, 189, 53, 111, 365, 180, 71, 133, 62, 69, 97, 25, 59, 8, 81, 41, 85, 18, 13, 63, 64, 65, 6, 169, 88, 340, 22, 106, 11, 14, 67, 133, 37, 37, 14, 98]",1748
swebench_verified,swebench_verified:astropy__astropy-14309,1,1621,128,34,1,127,1748,6,"[66, 86, 62, 60, 105, 277, 65, 232, 7, 76, 79, 72, 69, 105, 87, 71, 16, 119, 18, 4, 73, 7, 209, 34, 106, 181, 17, 74, 12, 100, 6, 95, 26, 11, 65, 30, 37, 80, 145, 171, 25, 133, 97, 83, 161, 50, 204, 254, 48, 82, 144, 87, 46, 76, 16, 25, 65, 28, 15, 93, 80, 71, 250, 16, 117, 44, 45, 32, 98, 106, 63, 115, 191, 101, 31, 32, 108, 42, 82, 65, 36, 43, 54, 188, 50, 24, 21, 46, 79, 70, 161, 125, 58, 81, 30, 172, 152, 111, 44, 178, 58, 117, 8, 90, 16, 67, 51, 354, 134, 22, 51, 46, 59, 180, 300, 51, 15, 23, 2, 29, 35, 54, 29, 193, 43, 36, 27, 99]",1748
swebench_verified,swebench_verified:astropy__astropy-14309,1,1621,128,36,1,127,1748,6,"[106, 67, 2, 73, 37, 127, 50, 34, 76, 26, 80, 26, 57, 120, 71, 57, 78, 97, 70, 117, 69, 38, 15, 75, 137, 32, 44, 178, 222, 64, 72, 229, 82, 56, 96, 1, 180, 20, 119, 93, 197, 136, 108, 430, 11, 6, 153, 271, 71, 20, 200, 92, 34, 32, 79, 19, 153, 130, 84, 200, 49, 102, 82, 40, 49, 11, 25, 2, 92, 475, 11, 9, 19, 8, 101, 108, 57, 87, 125, 146, 3, 26, 23, 148, 125, 107, 3, 48, 66, 49, 15, 30, 67, 195, 25, 327, 37, 6, 80, 81, 34, 137, 42, 4, 55, 22, 141, 139, 109, 96, 20, 123, 72, 89, 17, 27, 100, 35, 34, 77, 79, 124, 23, 52, 11, 54, 65, 29]",1748
swebench_verified,swebench_verified:astropy__astropy-14309,1,1621,128,38,1,127,1748,6,"[3, 143, 26, 2, 135, 93, 54, 202, 143, 485, 17, 4, 21, 46, 18, 51, 92, 136, 33, 47, 175, 28, 151, 18, 130, 74, 46, 25, 131, 119, 35, 39, 117, 2, 130, 88, 9, 82, 8, 30, 25, 98, 42, 13, 79, 3, 169, 46, 26, 17, 56, 17, 40, 65, 51, 104, 37, 25, 50, 1, 238, 24, 25, 202, 21, 41, 712, 70, 95, 22, 38, 33, 90, 27, 33, 22, 19, 69, 47, 12, 8, 28, 23, 80, 94, 149, 87, 53, 44, 17, 212, 25, 49, 235, 26, 42, 58, 23, 44, 36, 117, 130, 137, 29, 837, 134, 7, 523, 73, 34, 90, 16, 209, 51, 90, 125, 8, 33, 78, 21, 113, 61, 23, 55, 19, 68, 12, 70]",1748
swebench_verified,swebench_verified:astropy__astropy-14309,1,1621,128,40,1,127,1748,6,"[637, 71, 78, 24, 69, 64, 16, 23, 140, 203, 62, 119, 26, 118, 58, 764, 66, 33, 52, 44, 9, 66, 24, 23, 53, 24, 321, 12, 34, 32, 188, 15, 21, 81, 60, 75, 103, 151, 31, 168, 24, 113, 273, 6, 69, 223, 27, 140, 89, 100, 74, 14, 48, 42, 20, 43, 67, 56, 60, 9, 15, 119, 30, 23, 21, 954, 41, 59, 17, 34, 72, 35, 24, 64, 50, 32, 271, 105, 29, 37, 23, 104, 23, 124, 32, 50, 103, 104, 17, 49, 62, 39, 34, 39, 29, 24, 30, 21, 30, 15, 51, 110, 103, 56, 36, 80, 112, 15, 35, 18, 24, 33, 107, 115, 35, 48, 33, 4, 49, 19, 70, 235, 41, 30, 44, 27, 59, 260]",1748
swebench_verified,swebench_verified:astropy__astropy-14309,1,1621,128,43,1,127,1748,6,"[9, 110, 40, 24, 125, 207, 91, 56, 29, 38, 27, 69, 57, 11, 14, 58, 192, 163, 10, 28, 28, 23, 39, 578, 100, 28, 391, 48, 144, 166, 10, 7, 36, 41, 29, 46, 161, 102, 127, 30, 121, 145, 13, 44, 120, 21, 20, 38, 116, 23, 54, 54, 28, 41, 129, 196, 59, 54, 197, 64, 52, 26, 21, 65, 111, 36, 23, 80, 124, 19, 78, 692, 48, 11, 70, 37, 88, 16, 23, 68, 61, 114, 83, 44, 15, 54, 71, 43, 61, 43, 40, 27, 25, 76, 124, 47, 161, 0, 13, 206, 86, 145, 54, 14, 149, 52, 71, 30, 109, 48, 8, 47, 29, 24, 36, 30, 88, 36, 44, 2, 31, 21, 14, 752, 326, 52, 46, 119]",1748
swebench_verified,swebench_verified:astropy__astropy-14309,1,1621,128,45,1,127,1748,6,"[62, 50, 228, 151, 48, 82, 71, 79, 8, 52, 54, 186, 96, 23, 22, 83, 69, 211, 55, 25, 33, 93, 29, 77, 79, 67, 61, 22, 24, 53, 24, 69, 93, 89, 184, 24, 67, 39, 124, 168, 76, 85, 316, 44, 139, 149, 38, 109, 154, 76, 79, 9, 31, 112, 51, 47, 68, 23, 62, 344, 61, 5, 48, 52, 70, 75, 52, 47, 25, 40, 7, 44, 19, 36, 70, 68, 39, 668, 523, 20, 45, 35, 18, 107, 38, 96, 97, 67, 185, 57, 86, 72, 27, 37, 95, 39, 46, 6, 21, 38, 65, 25, 6, 96, 100, 67, 48, 102, 10, 89, 76, 70, 246, 82, 252, 110, 47, 38, 133, 82, 61, 79, 69, 21, 130, 21, 37, 59]",1748
swebench_verified,swebench_verified:astropy__astropy-14309,1,1621,128,47,1,127,1748,6,"[86, 121, 57, 55, 152, 17, 105, 57, 72, 97, 117, 198, 78, 26, 142, 42, 35, 34, 61, 41, 167, 202, 74, 15, 245, 121, 126, 67, 24, 29, 107, 125, 19, 91, 56, 54, 187, 45, 87, 97, 22, 100, 58, 173, 13, 87, 14, 73, 84, 67, 46, 13, 16, 98, 104, 101, 153, 173, 42, 101, 91, 53, 44, 103, 141, 24, 93, 47, 73, 230, 12, 38, 49, 27, 47, 67, 112, 53, 42, 296, 20, 52, 110, 40, 34, 51, 147, 10, 157, 34, 52, 18, 90, 124, 63, 94, 46, 52, 11, 25, 50, 301, 128, 42, 28, 68, 9, 102, 73, 73, 29, 48, 52, 39, 88, 29, 181, 115, 44, 37, 159, 117, 54, 48, 187, 130, 89, 227]",1748
swebench_verified,swebench_verified:astropy__astropy-14309,1,1621,128,49,1,127,1748,6,"[51, 699, 106, 26, 46, 21, 60, 40, 8, 2, 65, 66, 78, 83, 63, 77, 76, 51, 119, 12, 554, 41, 68, 32, 32, 47, 42, 33, 30, 50, 55, 43, 55, 30, 190, 40, 385, 89, 23, 14, 93, 51, 33, 125, 108, 64, 48, 48, 81, 79, 49, 12, 283, 31, 161, 36, 121, 84, 56, 21, 9, 77, 110, 52, 113, 117, 35, 66, 57, 50, 54, 75, 253, 72, 80, 11, 16, 9, 57, 26, 62, 52, 123, 11, 53, 13, 152, 29, 157, 190, 34, 2, 70, 163, 202, 180, 84, 104, 39, 82, 89, 47, 17, 61, 48, 111, 373, 36, 55, 44, 29, 36, 18, 115, 98, 90, 68, 27, 456, 43, 54, 30, 44, 80, 47, 4, 11, 30]",1748
swebench_verified,swebench_verified:astropy__astropy-14309,1,1621,128,51,1,127,1748,6,"[75, 126, 41, 40, 37, 28, 70, 51, 42, 85, 8, 27, 103, 59, 52, 74, 29, 51, 52, 109, 267, 150, 72, 53, 43, 38, 22, 97, 41, 20, 49, 96, 53, 125, 40, 271, 67, 39, 29, 69, 97, 56, 128, 130, 182, 113, 37, 39, 102, 41, 93, 162, 43, 131, 53, 42, 18, 61, 183, 107, 59, 59, 137, 49, 28, 161, 101, 52, 109, 93, 53, 68, 51, 104, 166, 62, 34, 14, 53, 130, 30, 57, 100, 70, 82, 197, 185, 23, 64, 31, 66, 83, 242, 65, 111, 148, 80, 45, 38, 157, 55, 44, 59, 18, 42, 100, 112, 37, 113, 132, 110, 59, 49, 155, 76, 132, 97, 21, 75, 64, 167, 123, 28, 36, 24, 70, 386, 29]",1748
swebench_verified,swebench_verified:astropy__astropy-14365,1,618,128,1,1,127,745,6,"[37, 13, 16, 11, 31, 27, 41, 68, 39, 30, 20, 49, 46, 50, 43, 68, 39, 18, 27, 17, 43, 40, 20, 50, 67, 41, 24, 32, 18, 30, 22, 54, 29, 15, 26, 19, 44, 40, 21, 27, 70, 48, 25, 22, 62, 20, 18, 17, 13, 13, 37, 11, 35, 15, 40, 20, 50, 27, 13, 71, 18, 53, 11, 39, 34, 17, 44, 23, 21, 66, 14, 41, 68, 46, 23, 26, 30, 76, 76, 14, 50, 10, 26, 56, 46, 14, 56, 10, 14, 24, 48, 21, 33, 72, 58, 24, 37, 65, 32, 33, 41, 53, 42, 10, 35, 19, 25, 75, 32, 26, 42, 25, 27, 63, 26, 41, 28, 12, 32, 39, 82, 17, 13, 88, 17, 35, 67, 10]",745
swebench_verified,swebench_verified:astropy__astropy-14365,1,618,128,3,1,127,745,6,"[48, 59, 62, 15, 56, 40, 38, 97, 32, 8, 19, 19, 39, 30, 26, 33, 39, 38, 26, 23, 45, 8, 25, 44, 19, 18, 28, 31, 16, 20, 28, 19, 62, 49, 11, 16, 8, 28, 18, 20, 33, 5, 32, 10, 24, 27, 53, 45, 37, 86, 25, 15, 28, 70, 32, 41, 77, 28, 49, 12, 15, 24, 64, 24, 57, 35, 55, 19, 22, 26, 84, 62, 27, 41, 67, 69, 51, 19, 18, 9, 17, 65, 18, 15, 15, 78, 24, 21, 28, 13, 22, 14, 28, 35, 25, 108, 19, 32, 5, 15, 89, 39, 19, 38, 29, 27, 35, 45, 32, 21, 52, 52, 22, 23, 89, 23, 29, 46, 21, 25, 31, 13, 97, 35, 83, 25, 35, 21]",745
swebench_verified,swebench_verified:astropy__astropy-14365,1,618,128,6,1,127,745,6,"[9, 32, 56, 27, 22, 16, 0, 22, 17, 36, 3, 9, 57, 65, 38, 33, 12, 12, 35, 31, 49, 18, 45, 37, 26, 38, 63, 25, 22, 138, 12, 150, 12, 21, 23, 237, 81, 75, 34, 55, 29, 51, 21, 6, 25, 27, 19, 60, 7, 72, 1, 7, 33, 14, 68, 21, 63, 37, 29, 29, 33, 87, 12, 0, 24, 18, 23, 9, 6, 30, 7, 26, 5, 26, 102, 85, 23, 11, 47, 13, 21, 60, 92, 18, 15, 16, 53, 10, 17, 13, 17, 18, 64, 18, 7, 37, 51, 27, 8, 28, 29, 53, 124, 19, 2, 39, 12, 23, 29, 20, 26, 34, 19, 20, 15, 18, 62, 33, 38, 19, 67, 47, 68, 75, 22, 17, 34, 17]",745
swebench_verified,swebench_verified:astropy__astropy-14365,1,618,128,8,1,127,745,6,"[22, 37, 12, 10, 6, 12, 31, 4, 295, 18, 122, 37, 325, 6, 4, 7, 31, 23, 12, 26, 25, 17, 17, 0, 33, 13, 39, 35, 3, 26, 1, 20, 142, 8, 5, 9, 75, 23, 60, 14, 22, 29, 24, 61, 18, 29, 27, 4, 42, 7, 22, 17, 6, 34, 28, 12, 19, 1, 168, 35, 1, 3, 3, 41, 41, 8, 9, 12, 12, 16, 4, 36, 26, 142, 34, 20, 24, 108, 14, 6, 13, 13, 7, 11, 9, 61, 10, 5, 25, 29, 39, 28, 57, 20, 89, 59, 46, 5, 45, 52, 23, 3, 17, 299, 38, 26, 103, 12, 108, 28, 2, 39, 5, 8, 20, 32, 30, 53, 59, 13, 10, 13, 10, 30, 8, 40, 29, 19]",745
swebench_verified,swebench_verified:astropy__astropy-14365,1,618,128,10,1,127,745,6,"[17, 64, 10, 11, 16, 103, 21, 81, 33, 4, 13, 57, 21, 24, 2, 4, 25, 30, 4, 18, 30, 39, 4, 147, 5, 4, 3, 30, 17, 3, 91, 1, 20, 8, 14, 71, 1, 52, 0, 135, 38, 43, 55, 35, 28, 48, 89, 23, 9, 7, 22, 6, 29, 42, 16, 10, 31, 7, 18, 17, 64, 12, 24, 29, 21, 5, 24, 8, 134, 6, 53, 185, 9, 34, 0, 6, 10, 24, 11, 12, 3, 37, 40, 47, 7, 46, 56, 9, 12, 92, 1, 8, 85, 22, 29, 50, 9, 43, 15, 10, 5, 13, 36, 35, 133, 25, 24, 14, 45, 8, 52, 33, 13, 17, 59, 37, 424, 15, 44, 11, 6, 15, 43, 18, 5, 27, 134, 81]",745
swebench_verified,swebench_verified:astropy__astropy-14365,1,618,128,13,1,127,745,6,"[23, 4, 15, 4, 18, 9, 18, 45, 7, 5, 8, 88, 4, 100, 24, 7, 25, 3, 353, 67, 12, 12, 114, 28, 26, 50, 80, 0, 14, 100, 96, 7, 20, 7, 1, 9, 93, 37, 29, 28, 12, 16, 30, 23, 60, 47, 12, 15, 22, 3, 20, 12, 13, 136, 8, 7, 15, 13, 13, 0, 244, 181, 16, 14, 56, 16, 26, 10, 0, 3, 206, 30, 5, 30, 164, 4, 21, 55, 20, 36, 4, 25, 2, 16, 16, 9, 45, 7, 7, 8, 10, 142, 33, 14, 8, 1, 16, 2, 30, 23, 19, 23, 28, 5, 152, 30, 17, 15, 24, 32, 31, 56, 25, 10, 7, 29, 5, 19, 44, 31, 158, 18, 23, 12, 5, 5, 16, 9]",745
swebench_verified,swebench_verified:astropy__astropy-14365,1,618,128,15,1,127,745,6,"[25, 50, 45, 46, 21, 83, 44, 3, 45, 32, 13, 10, 57, 17, 111, 15, 17, 22, 15, 5, 23, 16, 8, 106, 160, 70, 65, 26, 46, 10, 30, 51, 47, 43, 19, 4, 62, 130, 39, 16, 17, 89, 36, 18, 11, 9, 121, 27, 2, 26, 28, 1, 5, 22, 58, 20, 15, 33, 12, 188, 13, 24, 18, 44, 68, 6, 38, 9, 31, 124, 0, 1, 15, 59, 36, 62, 16, 5, 55, 7, 24, 5, 15, 19, 44, 26, 2, 0, 27, 96, 38, 0, 80, 1, 33, 0, 17, 21, 23, 7, 20, 11, 13, 7, 45, 43, 12, 35, 50, 24, 12, 51, 37, 11, 70, 29, 36, 12, 7, 73, 52, 30, 30, 147, 35, 2, 43, 39]",745
swebench_verified,swebench_verified:astropy__astropy-14365,1,618,128,17,1,127,745,6,"[24, 23, 3, 4, 33, 77, 24, 16, 3, 23, 51, 39, 40, 54, 23, 14, 12, 23, 17, 22, 232, 18, 21, 20, 198, 21, 10, 23, 262, 16, 3, 19, 70, 65, 135, 27, 0, 32, 9, 3, 28, 27, 18, 24, 8, 21, 3, 1, 17, 55, 41, 34, 21, 5, 10, 14, 111, 27, 12, 72, 24, 12, 92, 9, 20, 274, 64, 12, 69, 8, 6, 41, 33, 31, 57, 37, 38, 40, 9, 14, 27, 10, 2, 15, 9, 14, 7, 77, 22, 51, 12, 73, 39, 30, 39, 6, 37, 0, 52, 8, 7, 47, 121, 3, 1, 47, 18, 7, 23, 30, 23, 29, 15, 18, 8, 6, 11, 3, 100, 57, 1, 22, 5, 6, 13, 1, 161, 9]",745
swebench_verified,swebench_verified:astropy__astropy-14365,1,618,128,20,1,127,745,6,"[20, 3, 6, 21, 17, 16, 17, 1, 33, 15, 2, 1, 21, 10, 12, 30, 2, 60, 101, 11, 73, 33, 1, 84, 9, 7, 2, 1, 89, 25, 13, 1, 86, 26, 34, 3, 2, 27, 2, 5, 59, 24, 41, 19, 22, 73, 5, 0, 10, 26, 18, 241, 52, 8, 53, 15, 193, 17, 79, 0, 27, 32, 19, 40, 41, 19, 35, 34, 32, 13, 41, 17, 3, 2, 16, 42, 0, 77, 4, 26, 16, 33, 36, 16, 13, 25, 0, 11, 99, 16, 55, 39, 21, 6, 13, 26, 19, 38, 17, 356, 20, 9, 9, 17, 40, 40, 14, 10, 41, 13, 3, 143, 50, 165, 292, 43, 61, 31, 22, 13, 39, 14, 51, 6, 8, 46, 8, 10]",745
swebench_verified,swebench_verified:astropy__astropy-14365,1,618,128,22,1,127,745,6,"[10, 54, 26, 89, 20, 40, 20, 21, 4, 37, 26, 49, 10, 27, 1, 35, 24, 145, 54, 13, 110, 55, 28, 42, 32, 32, 90, 33, 30, 70, 7, 20, 15, 20, 11, 8, 27, 38, 50, 46, 34, 42, 47, 114, 28, 71, 65, 17, 19, 75, 51, 23, 44, 25, 57, 71, 21, 12, 54, 17, 1, 21, 80, 22, 67, 59, 21, 70, 19, 26, 54, 20, 24, 79, 20, 23, 44, 45, 20, 60, 10, 10, 37, 30, 25, 36, 34, 15, 6, 34, 31, 69, 181, 22, 17, 17, 32, 22, 22, 12, 2, 40, 38, 10, 48, 13, 24, 19, 15, 24, 22, 29, 5, 38, 6, 11, 26, 30, 16, 94, 7, 1, 25, 17, 41, 5, 54, 17]",745
swebench_verified,swebench_verified:astropy__astropy-14365,1,618,128,24,1,127,745,6,"[42, 28, 2, 117, 32, 0, 17, 105, 118, 34, 11, 100, 30, 49, 0, 25, 10, 31, 0, 80, 237, 12, 15, 42, 11, 20, 21, 44, 14, 302, 27, 3, 54, 49, 57, 22, 7, 24, 9, 41, 16, 24, 7, 1, 3, 19, 8, 35, 8, 59, 4, 54, 0, 31, 141, 3, 12, 15, 29, 7, 9, 26, 77, 19, 49, 1, 11, 10, 2, 12, 103, 6, 10, 33, 62, 55, 0, 27, 20, 8, 2, 44, 33, 35, 45, 21, 30, 91, 24, 43, 0, 4, 37, 69, 108, 26, 51, 17, 35, 64, 19, 7, 9, 2, 63, 15, 36, 60, 6, 35, 155, 10, 20, 6, 43, 2, 22, 15, 8, 3, 92, 16, 28, 104, 3, 37, 6, 11]",745
swebench_verified,swebench_verified:astropy__astropy-14365,1,618,128,27,1,127,745,6,"[20, 91, 11, 16, 38, 26, 14, 8, 9, 55, 23, 8, 53, 48, 35, 24, 27, 24, 17, 36, 8, 15, 37, 50, 32, 49, 52, 37, 16, 67, 47, 12, 38, 160, 5, 17, 30, 36, 39, 3, 65, 47, 16, 7, 72, 115, 19, 76, 67, 37, 116, 1, 35, 7, 25, 32, 48, 8, 24, 34, 13, 5, 20, 1, 20, 42, 19, 37, 20, 9, 7, 15, 27, 52, 3, 20, 33, 41, 12, 20, 35, 3, 29, 27, 13, 113, 3, 36, 43, 52, 2, 18, 41, 22, 5, 40, 66, 437, 19, 11, 19, 14, 37, 47, 47, 28, 45, 6, 32, 38, 44, 36, 18, 67, 10, 23, 15, 14, 135, 18, 24, 61, 31, 18, 8, 2, 8, 10]",745
swebench_verified,swebench_verified:astropy__astropy-14365,1,618,128,29,1,127,745,6,"[43, 58, 24, 13, 10, 66, 17, 40, 6, 42, 58, 14, 39, 71, 34, 9, 2, 11, 46, 45, 17, 30, 64, 25, 27, 8, 37, 23, 180, 42, 29, 1, 11, 1, 0, 83, 39, 24, 19, 36, 38, 22, 29, 31, 210, 7, 36, 12, 34, 16, 168, 19, 36, 9, 27, 5, 35, 19, 32, 41, 6, 22, 0, 16, 10, 14, 49, 4, 53, 37, 119, 24, 37, 32, 19, 26, 18, 32, 8, 17, 10, 43, 20, 17, 24, 62, 48, 32, 25, 52, 26, 14, 14, 3, 33, 39, 15, 54, 8, 48, 43, 40, 50, 20, 48, 48, 27, 8, 24, 10, 11, 33, 28, 0, 0, 26, 7, 26, 220, 81, 42, 44, 17, 50, 31, 178, 44, 14]",745
swebench_verified,swebench_verified:astropy__astropy-14365,1,618,128,31,1,127,745,6,"[220, 467, 32, 5, 12, 5, 21, 47, 18, 37, 35, 13, 24, 4, 10, 181, 41, 22, 32, 16, 5, 24, 62, 106, 10, 19, 16, 38, 75, 14, 13, 0, 65, 26, 45, 9, 27, 14, 49, 17, 14, 4, 26, 20, 29, 42, 22, 42, 11, 27, 17, 10, 18, 50, 6, 15, 17, 13, 19, 31, 53, 23, 13, 3, 2, 35, 38, 30, 22, 30, 40, 19, 55, 20, 4, 38, 43, 38, 44, 9, 25, 58, 10, 32, 8, 25, 15, 57, 23, 24, 22, 4, 22, 11, 8, 42, 198, 93, 46, 63, 24, 35, 57, 3, 13, 12, 30, 19, 30, 32, 6, 11, 39, 53, 0, 14, 19, 184, 32, 27, 12, 0, 24, 97, 4, 13, 5, 21]",745
swebench_verified,swebench_verified:astropy__astropy-14365,1,618,128,34,1,127,745,6,"[10, 34, 33, 0, 197, 161, 34, 171, 2, 38, 33, 19, 44, 69, 21, 27, 7, 38, 32, 3, 19, 3, 91, 9, 50, 132, 0, 73, 5, 40, 3, 48, 14, 4, 24, 39, 22, 92, 43, 54, 1, 8, 45, 33, 100, 10, 124, 71, 24, 16, 17, 17, 14, 19, 4, 19, 13, 6, 2, 19, 23, 22, 82, 13, 27, 9, 4, 7, 44, 20, 16, 62, 57, 50, 4, 6, 40, 11, 29, 35, 50, 17, 17, 50, 15, 9, 19, 1, 14, 10, 88, 44, 12, 81, 20, 43, 150, 24, 29, 54, 25, 43, 6, 29, 0, 11, 38, 129, 39, 30, 33, 30, 72, 1, 114, 32, 6, 25, 6, 21, 45, 39, 3, 33, 8, 7, 13, 24]",745
swebench_verified,swebench_verified:astropy__astropy-14365,1,618,128,36,1,127,745,6,"[38, 37, 21, 13, 6, 48, 13, 28, 57, 37, 8, 13, 29, 121, 55, 40, 42, 23, 32, 12, 60, 9, 6, 51, 84, 14, 33, 93, 147, 15, 31, 18, 29, 38, 14, 5, 46, 33, 30, 43, 68, 43, 23, 209, 61, 0, 41, 149, 13, 28, 65, 40, 6, 11, 9, 1, 36, 38, 21, 37, 12, 32, 18, 7, 28, 1, 16, 0, 34, 243, 36, 17, 9, 18, 37, 52, 18, 25, 45, 17, 2, 10, 18, 43, 19, 28, 3, 46, 41, 42, 11, 13, 20, 107, 31, 115, 18, 2, 67, 11, 24, 10, 3, 1, 19, 2, 81, 52, 48, 83, 24, 35, 22, 23, 0, 21, 26, 7, 36, 14, 44, 62, 8, 13, 22, 41, 60, 6]",745
swebench_verified,swebench_verified:astropy__astropy-14365,1,618,128,38,1,127,745,6,"[25, 15, 9, 7, 75, 34, 26, 143, 101, 153, 12, 2, 8, 7, 12, 1, 51, 48, 16, 14, 22, 4, 88, 2, 65, 14, 9, 82, 22, 40, 2, 13, 22, 0, 49, 30, 8, 32, 4, 15, 6, 32, 33, 48, 22, 0, 37, 11, 40, 3, 29, 17, 8, 22, 11, 16, 27, 60, 11, 0, 105, 18, 11, 76, 8, 38, 378, 26, 55, 9, 12, 29, 18, 4, 13, 9, 9, 66, 19, 18, 16, 24, 11, 42, 54, 74, 25, 23, 38, 4, 57, 22, 3, 145, 15, 18, 7, 3, 19, 5, 48, 57, 45, 16, 243, 38, 14, 171, 42, 10, 42, 6, 54, 27, 10, 47, 20, 5, 35, 11, 83, 9, 30, 5, 53, 3, 23, 82]",745
swebench_verified,swebench_verified:astropy__astropy-14365,1,618,128,40,1,127,745,6,"[310, 132, 43, 19, 31, 19, 22, 1, 42, 42, 45, 48, 1, 0, 32, 423, 3, 5, 8, 16, 11, 64, 7, 11, 4, 5, 120, 12, 4, 8, 90, 5, 0, 25, 26, 26, 27, 30, 20, 59, 11, 44, 78, 9, 44, 51, 15, 64, 25, 33, 27, 9, 25, 90, 48, 22, 65, 13, 23, 7, 23, 10, 15, 4, 7, 474, 10, 33, 2, 9, 15, 2, 16, 50, 8, 45, 55, 29, 2, 22, 12, 56, 4, 61, 0, 15, 45, 34, 23, 2, 32, 11, 28, 10, 22, 2, 4, 17, 26, 2, 4, 38, 17, 22, 8, 14, 112, 5, 7, 10, 11, 9, 25, 74, 17, 6, 5, 2, 13, 4, 67, 61, 18, 56, 7, 10, 11, 101]",745
swebench_verified,swebench_verified:astropy__astropy-14365,1,618,128,43,1,127,745,6,"[3, 31, 42, 5, 59, 60, 30, 30, 1, 21, 21, 30, 27, 19, 14, 30, 117, 68, 17, 12, 4, 11, 16, 225, 5, 8, 112, 4, 78, 75, 16, 1, 0, 29, 132, 18, 74, 55, 24, 17, 33, 100, 5, 72, 30, 16, 11, 10, 55, 3, 35, 117, 0, 15, 53, 53, 12, 31, 43, 9, 4, 12, 6, 61, 60, 4, 9, 14, 36, 21, 26, 149, 19, 19, 15, 11, 26, 4, 17, 44, 57, 20, 16, 29, 20, 16, 18, 17, 28, 28, 23, 7, 44, 11, 11, 27, 42, 8, 3, 48, 63, 44, 16, 22, 159, 19, 28, 8, 31, 3, 3, 11, 6, 0, 39, 2, 31, 17, 20, 2, 16, 19, 7, 374, 219, 15, 7, 15]",745
swebench_verified,swebench_verified:astropy__astropy-14365,1,618,128,45,1,127,745,6,"[53, 25, 98, 51, 22, 23, 27, 23, 1, 7, 39, 32, 21, 2, 8, 31, 15, 40, 36, 5, 4, 42, 5, 18, 48, 37, 22, 11, 10, 34, 31, 14, 8, 69, 43, 5, 105, 1, 38, 16, 37, 32, 141, 34, 58, 40, 31, 50, 44, 76, 54, 9, 5, 97, 13, 37, 14, 6, 28, 117, 8, 9, 21, 13, 26, 13, 15, 17, 8, 6, 19, 8, 42, 18, 35, 43, 28, 229, 346, 53, 16, 31, 17, 130, 13, 23, 36, 42, 159, 8, 19, 15, 36, 9, 19, 19, 4, 6, 3, 9, 31, 10, 13, 88, 23, 25, 7, 52, 19, 38, 31, 16, 68, 23, 79, 46, 40, 25, 50, 42, 11, 5, 25, 3, 60, 2, 6, 18]",745
swebench_verified,swebench_verified:astropy__astropy-14365,1,618,128,47,1,127,745,6,"[49, 30, 24, 11, 24, 20, 26, 36, 21, 63, 38, 94, 60, 10, 53, 16, 16, 15, 2, 27, 124, 172, 12, 38, 84, 41, 48, 20, 45, 4, 31, 49, 10, 46, 65, 7, 124, 8, 19, 11, 5, 30, 0, 80, 11, 36, 3, 40, 42, 25, 43, 15, 6, 48, 42, 33, 67, 46, 19, 28, 28, 10, 25, 30, 110, 17, 16, 16, 25, 54, 18, 9, 47, 17, 29, 5, 65, 69, 14, 93, 11, 25, 10, 51, 17, 7, 42, 3, 30, 4, 24, 4, 17, 56, 17, 43, 45, 10, 29, 28, 16, 59, 32, 12, 24, 14, 13, 53, 41, 20, 12, 10, 42, 12, 22, 35, 107, 21, 27, 29, 141, 53, 64, 23, 46, 65, 31, 64]",745
swebench_verified,swebench_verified:astropy__astropy-14365,1,618,128,49,1,127,745,6,"[42, 363, 47, 14, 6, 4, 35, 16, 4, 3, 16, 21, 18, 37, 20, 24, 67, 43, 50, 7, 215, 1, 16, 8, 12, 18, 8, 37, 42, 28, 84, 38, 14, 14, 73, 35, 200, 18, 32, 3, 11, 8, 19, 45, 18, 20, 27, 28, 51, 28, 19, 3, 69, 6, 27, 30, 35, 21, 21, 9, 12, 62, 52, 12, 45, 31, 33, 47, 30, 24, 18, 21, 69, 12, 29, 5, 7, 16, 10, 21, 25, 17, 61, 9, 21, 34, 25, 30, 67, 52, 16, 0, 57, 52, 72, 99, 27, 37, 21, 25, 54, 21, 11, 11, 26, 46, 184, 29, 10, 5, 23, 19, 15, 13, 49, 45, 28, 17, 125, 23, 16, 2, 27, 26, 13, 21, 28, 52]",745
swebench_verified,swebench_verified:astropy__astropy-14365,1,618,128,51,1,127,745,6,"[26, 68, 37, 48, 20, 24, 22, 24, 23, 47, 12, 17, 17, 26, 33, 23, 30, 30, 21, 56, 127, 79, 30, 31, 10, 18, 4, 78, 16, 4, 46, 47, 42, 39, 16, 95, 29, 17, 13, 11, 73, 50, 37, 33, 59, 34, 21, 25, 55, 10, 52, 38, 26, 68, 39, 20, 7, 46, 72, 27, 15, 33, 38, 13, 11, 74, 44, 53, 22, 39, 36, 19, 30, 39, 71, 31, 20, 14, 18, 52, 13, 58, 16, 39, 51, 125, 35, 18, 44, 10, 15, 35, 94, 74, 40, 56, 31, 21, 4, 70, 30, 7, 32, 2, 7, 13, 42, 11, 42, 72, 39, 29, 34, 53, 25, 25, 33, 3, 48, 15, 35, 22, 3, 54, 9, 29, 83, 4]",745
swebench_verified,swebench_verified:astropy__astropy-14369,1,982,128,1,1,127,1109,6,"[66, 15, 36, 12, 32, 44, 54, 129, 23, 25, 27, 36, 84, 100, 77, 68, 53, 58, 27, 19, 64, 77, 45, 58, 75, 78, 49, 49, 19, 25, 16, 78, 30, 21, 40, 20, 51, 70, 28, 41, 39, 87, 28, 37, 85, 57, 31, 65, 27, 6, 85, 24, 53, 27, 66, 51, 71, 21, 16, 91, 21, 94, 40, 64, 34, 27, 29, 49, 49, 98, 43, 61, 87, 80, 57, 53, 32, 110, 111, 53, 79, 32, 32, 100, 109, 27, 46, 19, 23, 37, 76, 26, 63, 81, 81, 16, 65, 71, 56, 56, 43, 56, 49, 25, 74, 21, 51, 112, 73, 25, 65, 43, 31, 65, 38, 44, 67, 17, 64, 39, 116, 29, 43, 114, 42, 47, 64, 24]",1109
swebench_verified,swebench_verified:astropy__astropy-14369,1,982,128,3,1,127,1109,6,"[70, 83, 88, 52, 92, 67, 61, 167, 30, 34, 30, 57, 83, 53, 40, 36, 49, 146, 43, 49, 71, 19, 24, 32, 17, 41, 20, 28, 26, 29, 53, 38, 37, 40, 12, 30, 9, 47, 36, 35, 28, 6, 55, 34, 28, 56, 61, 53, 72, 88, 31, 52, 34, 114, 55, 71, 94, 42, 70, 11, 31, 16, 79, 36, 86, 118, 79, 22, 41, 28, 114, 50, 61, 55, 111, 70, 58, 54, 40, 21, 40, 124, 18, 26, 22, 122, 33, 19, 19, 22, 36, 22, 44, 46, 27, 126, 22, 31, 14, 24, 97, 89, 20, 60, 33, 18, 78, 69, 21, 19, 66, 44, 73, 19, 95, 68, 60, 63, 44, 36, 49, 39, 188, 79, 65, 17, 83, 26]",1109
swebench_verified,swebench_verified:astropy__astropy-14369,1,982,128,6,1,127,1109,6,"[42, 42, 99, 89, 57, 18, 0, 39, 19, 33, 4, 12, 101, 99, 66, 110, 33, 16, 62, 60, 51, 46, 52, 112, 31, 28, 51, 55, 25, 191, 131, 140, 23, 23, 54, 196, 128, 93, 102, 67, 23, 54, 52, 26, 54, 35, 33, 141, 21, 100, 51, 12, 41, 24, 101, 39, 70, 57, 26, 30, 20, 158, 34, 2, 38, 21, 29, 63, 26, 23, 19, 18, 11, 28, 150, 83, 26, 29, 62, 10, 17, 67, 82, 39, 24, 31, 52, 14, 19, 33, 37, 21, 116, 20, 13, 28, 38, 39, 11, 31, 28, 51, 126, 33, 30, 49, 21, 25, 60, 44, 104, 86, 52, 91, 8, 48, 52, 43, 49, 24, 77, 41, 87, 75, 31, 36, 28, 83]",1109
swebench_verified,swebench_verified:astropy__astropy-14369,1,982,128,8,1,127,1109,6,"[24, 58, 0, 154, 9, 6, 16, 12, 191, 26, 387, 75, 759, 28, 23, 21, 3, 24, 17, 26, 43, 54, 28, 12, 48, 5, 70, 25, 1, 114, 2, 3, 78, 40, 6, 12, 137, 46, 43, 45, 32, 29, 24, 108, 33, 32, 37, 8, 64, 7, 57, 24, 9, 21, 33, 22, 27, 4, 148, 65, 1, 6, 0, 57, 54, 19, 19, 14, 23, 21, 13, 36, 47, 74, 22, 24, 37, 49, 28, 7, 23, 15, 11, 28, 20, 48, 0, 0, 18, 52, 41, 23, 61, 51, 124, 34, 36, 7, 38, 42, 49, 2, 34, 745, 35, 74, 74, 12, 180, 24, 10, 33, 19, 17, 24, 13, 23, 243, 58, 50, 15, 9, 49, 72, 25, 17, 36, 34]",1109
swebench_verified,swebench_verified:astropy__astropy-14369,1,982,128,10,1,127,1109,6,"[44, 88, 27, 25, 30, 375, 22, 97, 14, 18, 15, 25, 21, 11, 2, 10, 57, 41, 1, 13, 21, 19, 17, 283, 9, 9, 30, 52, 33, 10, 88, 23, 45, 42, 25, 62, 37, 109, 1, 181, 38, 52, 421, 16, 25, 54, 67, 26, 38, 11, 34, 19, 48, 35, 4, 77, 83, 29, 19, 44, 89, 74, 26, 22, 8, 14, 67, 58, 93, 18, 54, 173, 16, 31, 14, 34, 22, 23, 45, 46, 62, 16, 46, 40, 17, 50, 50, 28, 65, 22, 41, 4, 31, 41, 30, 39, 5, 26, 24, 11, 75, 25, 75, 33, 158, 31, 62, 8, 63, 28, 38, 77, 17, 12, 165, 19, 378, 0, 366, 9, 19, 15, 30, 10, 7, 51, 55, 81]",1109
swebench_verified,swebench_verified:astropy__astropy-14369,1,982,128,13,1,127,1109,6,"[37, 1, 33, 4, 106, 11, 42, 72, 158, 41, 9, 128, 2, 172, 26, 12, 49, 3, 269, 89, 11, 36, 23, 9, 65, 47, 50, 18, 15, 87, 81, 9, 32, 13, 61, 30, 110, 28, 103, 38, 10, 22, 89, 3, 104, 37, 7, 21, 61, 10, 20, 58, 13, 597, 20, 3, 14, 7, 12, 51, 258, 99, 17, 57, 69, 92, 30, 24, 0, 4, 144, 29, 2, 46, 226, 10, 105, 82, 12, 69, 6, 16, 6, 28, 5, 24, 88, 26, 4, 13, 43, 306, 28, 6, 2, 1, 29, 3, 44, 16, 24, 43, 58, 14, 121, 42, 26, 86, 24, 20, 36, 149, 19, 20, 37, 42, 28, 7, 57, 34, 290, 30, 23, 13, 4, 8, 21, 20]",1109
swebench_verified,swebench_verified:astropy__astropy-14369,1,982,128,15,1,127,1109,6,"[25, 11, 82, 39, 76, 44, 33, 12, 41, 7, 11, 14, 37, 18, 58, 40, 51, 133, 14, 21, 41, 10, 13, 318, 153, 110, 169, 25, 30, 4, 43, 52, 63, 73, 4, 6, 24, 76, 32, 17, 30, 89, 6, 13, 9, 13, 110, 11, 5, 30, 38, 53, 12, 22, 157, 46, 49, 28, 28, 121, 17, 69, 9, 46, 70, 17, 84, 5, 361, 479, 3, 42, 25, 41, 38, 85, 35, 20, 39, 8, 20, 32, 9, 40, 30, 32, 9, 0, 191, 176, 31, 4, 83, 64, 96, 0, 1, 29, 24, 112, 73, 11, 0, 21, 44, 38, 43, 84, 37, 2, 19, 66, 34, 38, 111, 30, 82, 30, 3, 71, 88, 21, 7, 147, 78, 5, 48, 47]",1109
swebench_verified,swebench_verified:astropy__astropy-14369,1,982,128,17,1,127,1109,6,"[13, 8, 3, 64, 42, 88, 25, 29, 72, 17, 109, 34, 77, 53, 101, 21, 21, 20, 14, 25, 245, 29, 33, 3, 151, 23, 38, 68, 402, 17, 13, 64, 46, 301, 57, 142, 5, 41, 39, 27, 28, 43, 18, 18, 17, 13, 3, 3, 15, 121, 71, 34, 20, 17, 11, 28, 118, 67, 55, 128, 21, 17, 153, 8, 56, 233, 37, 12, 60, 12, 25, 15, 40, 85, 129, 35, 10, 51, 8, 4, 85, 89, 0, 15, 6, 17, 41, 95, 14, 24, 8, 45, 64, 46, 114, 13, 57, 5, 46, 2, 17, 49, 267, 7, 13, 130, 12, 10, 42, 80, 24, 35, 78, 19, 9, 71, 77, 4, 134, 32, 7, 37, 2, 14, 11, 10, 207, 51]",1109
swebench_verified,swebench_verified:astropy__astropy-14369,1,982,128,20,1,127,1109,6,"[16, 1, 18, 14, 30, 12, 77, 2, 39, 11, 27, 0, 18, 19, 26, 20, 205, 89, 90, 22, 104, 131, 0, 179, 15, 9, 11, 6, 98, 37, 72, 5, 89, 31, 128, 5, 17, 36, 15, 10, 41, 31, 61, 66, 27, 21, 7, 25, 34, 10, 87, 208, 92, 80, 172, 22, 257, 5, 210, 4, 36, 38, 42, 43, 62, 39, 37, 39, 36, 11, 36, 51, 9, 7, 8, 52, 6, 96, 11, 16, 16, 46, 20, 41, 64, 28, 20, 50, 60, 7, 59, 61, 14, 4, 22, 22, 34, 80, 46, 323, 32, 45, 45, 14, 25, 108, 15, 52, 28, 11, 9, 134, 72, 176, 329, 62, 104, 62, 42, 19, 17, 36, 72, 12, 78, 51, 99, 19]",1109
swebench_verified,swebench_verified:astropy__astropy-14369,1,982,128,22,1,127,1109,6,"[24, 34, 35, 208, 31, 65, 46, 97, 29, 175, 24, 24, 16, 32, 22, 12, 14, 194, 107, 4, 144, 42, 24, 30, 25, 47, 48, 28, 43, 59, 20, 23, 27, 32, 7, 11, 56, 75, 63, 49, 35, 53, 47, 107, 66, 101, 120, 19, 19, 98, 71, 25, 76, 33, 35, 368, 24, 18, 77, 15, 5, 44, 97, 22, 228, 38, 22, 152, 50, 24, 56, 71, 73, 93, 17, 13, 57, 33, 2, 37, 7, 33, 63, 44, 15, 45, 43, 38, 45, 88, 44, 76, 143, 10, 143, 28, 45, 31, 32, 32, 13, 226, 51, 6, 18, 38, 20, 59, 11, 31, 46, 31, 19, 18, 9, 14, 11, 33, 47, 84, 25, 12, 43, 48, 77, 23, 38, 11]",1109
swebench_verified,swebench_verified:astropy__astropy-14369,1,982,128,24,1,127,1109,6,"[32, 38, 6, 100, 149, 0, 26, 54, 200, 63, 2, 54, 40, 40, 1, 21, 15, 106, 1, 87, 419, 37, 12, 15, 24, 20, 20, 15, 3, 444, 36, 7, 136, 72, 44, 51, 1, 122, 7, 40, 30, 166, 0, 10, 1, 26, 34, 39, 9, 86, 2, 67, 2, 33, 195, 6, 28, 16, 42, 19, 37, 21, 192, 15, 33, 58, 62, 162, 4, 24, 189, 3, 208, 48, 53, 74, 2, 47, 28, 50, 5, 45, 22, 22, 50, 43, 47, 228, 31, 3, 21, 7, 32, 168, 112, 2, 61, 29, 8, 74, 18, 17, 24, 16, 91, 17, 48, 72, 13, 69, 76, 3, 17, 0, 69, 18, 31, 10, 34, 4, 35, 13, 28, 145, 4, 51, 37, 3]",1109
swebench_verified,swebench_verified:astropy__astropy-14369,1,982,128,27,1,127,1109,6,"[228, 122, 16, 21, 39, 88, 23, 8, 33, 29, 53, 26, 48, 53, 62, 28, 35, 22, 36, 50, 1, 30, 14, 114, 60, 60, 141, 47, 36, 105, 54, 19, 88, 274, 8, 216, 93, 341, 44, 5, 135, 70, 12, 22, 62, 79, 18, 4, 54, 100, 94, 11, 25, 32, 21, 18, 95, 5, 36, 26, 24, 38, 33, 4, 55, 38, 7, 65, 31, 16, 40, 32, 33, 49, 1, 24, 49, 18, 12, 22, 92, 11, 14, 32, 52, 94, 5, 62, 27, 95, 24, 19, 43, 27, 9, 41, 42, 377, 20, 39, 1, 11, 128, 39, 70, 58, 63, 30, 27, 57, 17, 58, 22, 77, 9, 34, 12, 24, 154, 21, 25, 91, 80, 20, 5, 21, 68, 27]",1109
swebench_verified,swebench_verified:astropy__astropy-14369,1,982,128,29,1,127,1109,6,"[46, 60, 24, 8, 9, 71, 2, 49, 19, 58, 45, 10, 58, 50, 30, 21, 7, 12, 74, 49, 18, 38, 68, 32, 56, 48, 37, 37, 179, 50, 15, 4, 24, 18, 11, 171, 48, 27, 16, 59, 209, 39, 48, 37, 181, 165, 38, 44, 53, 16, 163, 23, 46, 47, 45, 12, 82, 18, 19, 53, 16, 20, 0, 34, 15, 17, 40, 4, 113, 51, 113, 69, 31, 36, 31, 90, 30, 95, 67, 67, 79, 65, 29, 35, 50, 63, 50, 55, 33, 39, 38, 94, 31, 30, 159, 68, 29, 44, 37, 36, 24, 38, 52, 19, 47, 53, 42, 29, 27, 18, 11, 59, 28, 6, 56, 44, 3, 33, 222, 63, 51, 71, 44, 114, 29, 352, 91, 29]",1109
swebench_verified,swebench_verified:astropy__astropy-14369,1,982,128,31,1,127,1109,6,"[212, 462, 46, 19, 3, 20, 40, 47, 14, 39, 49, 15, 22, 54, 40, 206, 62, 45, 29, 29, 5, 30, 69, 460, 11, 14, 77, 28, 96, 21, 56, 5, 131, 45, 31, 5, 32, 25, 36, 26, 94, 1, 28, 29, 37, 43, 29, 70, 5, 24, 104, 34, 36, 103, 19, 33, 19, 21, 37, 22, 55, 35, 27, 34, 49, 34, 47, 61, 33, 59, 40, 47, 69, 20, 34, 46, 29, 73, 44, 15, 47, 76, 7, 40, 7, 83, 42, 73, 35, 47, 29, 5, 36, 338, 11, 48, 144, 72, 35, 75, 42, 35, 69, 18, 26, 48, 19, 38, 28, 39, 25, 35, 66, 48, 4, 12, 20, 111, 25, 45, 15, 3, 106, 89, 10, 25, 13, 95]",1109
swebench_verified,swebench_verified:astropy__astropy-14369,1,982,128,34,1,127,1109,6,"[4, 53, 31, 10, 337, 91, 38, 200, 6, 61, 46, 31, 45, 32, 24, 44, 18, 31, 11, 1, 37, 1, 86, 6, 70, 168, 6, 168, 30, 67, 19, 69, 21, 26, 77, 72, 19, 48, 65, 52, 18, 14, 62, 98, 89, 59, 104, 135, 28, 27, 19, 14, 30, 40, 5, 29, 35, 6, 5, 54, 35, 51, 81, 26, 78, 17, 6, 13, 81, 48, 47, 143, 66, 66, 25, 1, 54, 15, 76, 126, 111, 21, 4, 62, 46, 35, 77, 4, 28, 46, 91, 90, 34, 85, 23, 113, 524, 38, 43, 57, 25, 73, 20, 49, 0, 17, 37, 130, 37, 26, 24, 91, 97, 0, 24, 32, 4, 51, 10, 15, 65, 33, 1, 34, 30, 13, 19, 18]",1109
swebench_verified,swebench_verified:astropy__astropy-14369,1,982,128,36,1,127,1109,6,"[51, 47, 21, 38, 1, 30, 57, 28, 40, 15, 6, 37, 78, 70, 105, 33, 84, 31, 32, 25, 148, 7, 13, 57, 153, 12, 85, 174, 163, 39, 75, 53, 77, 58, 129, 13, 88, 41, 27, 109, 118, 126, 28, 148, 76, 12, 41, 150, 20, 18, 26, 25, 8, 15, 38, 12, 42, 38, 32, 37, 16, 36, 31, 22, 27, 12, 14, 1, 30, 611, 38, 27, 17, 84, 34, 61, 27, 27, 61, 28, 8, 8, 61, 99, 14, 19, 0, 146, 62, 47, 11, 14, 32, 156, 20, 95, 60, 11, 66, 51, 64, 11, 6, 4, 20, 16, 108, 88, 70, 72, 20, 38, 42, 20, 3, 23, 39, 10, 13, 14, 99, 67, 28, 57, 28, 42, 82, 26]",1109
swebench_verified,swebench_verified:astropy__astropy-14369,1,982,128,38,1,127,1109,6,"[11, 24, 9, 13, 211, 32, 65, 131, 52, 144, 29, 23, 44, 6, 12, 6, 41, 54, 30, 16, 69, 1, 58, 7, 99, 12, 17, 54, 12, 26, 3, 22, 7, 3, 129, 41, 10, 75, 5, 15, 18, 22, 24, 32, 31, 2, 41, 12, 23, 5, 48, 14, 7, 57, 236, 37, 16, 110, 21, 0, 69, 28, 3, 127, 16, 24, 825, 25, 59, 7, 29, 12, 26, 18, 12, 97, 8, 119, 20, 8, 3, 10, 32, 62, 77, 162, 8, 18, 26, 10, 71, 21, 5, 169, 16, 13, 10, 33, 37, 9, 44, 76, 72, 27, 178, 244, 7, 97, 69, 86, 46, 6, 87, 32, 14, 37, 38, 8, 61, 17, 259, 5, 35, 22, 23, 17, 22, 327]",1109
swebench_verified,swebench_verified:astropy__astropy-14369,1,982,128,40,1,127,1109,6,"[238, 105, 45, 49, 42, 63, 31, 1, 91, 31, 29, 115, 0, 1, 43, 336, 22, 8, 24, 14, 20, 90, 10, 22, 10, 23, 53, 6, 10, 4, 79, 16, 0, 46, 297, 33, 35, 15, 23, 148, 14, 75, 51, 13, 428, 54, 25, 94, 46, 31, 46, 5, 35, 37, 17, 50, 70, 26, 30, 18, 16, 21, 41, 13, 1, 877, 16, 22, 26, 21, 26, 22, 9, 49, 8, 22, 54, 154, 16, 25, 23, 95, 5, 41, 0, 37, 77, 35, 44, 18, 34, 8, 22, 6, 77, 6, 2, 13, 10, 22, 33, 26, 45, 55, 28, 12, 113, 11, 62, 22, 12, 30, 77, 198, 7, 7, 9, 4, 11, 21, 102, 63, 30, 52, 18, 24, 26, 149]",1109
swebench_verified,swebench_verified:astropy__astropy-14369,1,982,128,43,1,127,1109,6,"[7, 47, 50, 8, 71, 70, 141, 76, 4, 14, 17, 57, 42, 9, 29, 80, 171, 62, 7, 22, 5, 8, 3, 205, 18, 8, 160, 3, 57, 94, 4, 1, 8, 28, 25, 16, 106, 94, 43, 14, 56, 78, 0, 89, 32, 16, 77, 29, 51, 24, 38, 29, 41, 13, 62, 122, 23, 67, 74, 11, 13, 8, 10, 152, 45, 11, 8, 31, 72, 17, 39, 154, 79, 12, 30, 83, 58, 5, 6, 75, 52, 69, 15, 133, 8, 16, 19, 82, 44, 23, 27, 14, 29, 110, 27, 23, 49, 4, 27, 85, 45, 109, 51, 39, 339, 124, 58, 2, 53, 30, 13, 29, 12, 4, 31, 5, 37, 19, 53, 12, 50, 40, 8, 710, 121, 13, 22, 45]",1109
swebench_verified,swebench_verified:astropy__astropy-14369,1,982,128,45,1,127,1109,6,"[94, 23, 103, 85, 35, 33, 34, 46, 0, 42, 44, 65, 39, 9, 3, 31, 72, 57, 38, 6, 11, 26, 17, 39, 58, 73, 46, 11, 92, 7, 39, 27, 4, 31, 71, 3, 129, 0, 41, 12, 93, 69, 129, 39, 58, 47, 33, 88, 72, 128, 49, 16, 9, 101, 14, 17, 16, 14, 49, 164, 26, 15, 64, 30, 33, 18, 19, 34, 135, 9, 14, 10, 4, 50, 132, 39, 29, 300, 605, 43, 20, 35, 19, 71, 11, 44, 39, 101, 419, 6, 17, 46, 38, 17, 39, 5, 11, 8, 12, 32, 22, 26, 15, 127, 50, 25, 35, 40, 14, 25, 36, 30, 99, 47, 168, 21, 40, 44, 57, 91, 22, 17, 28, 10, 112, 17, 19, 17]",1109
swebench_verified,swebench_verified:astropy__astropy-14369,1,982,128,47,1,127,1109,6,"[53, 47, 30, 27, 39, 27, 32, 38, 22, 79, 35, 122, 163, 20, 90, 6, 11, 63, 16, 27, 138, 178, 21, 40, 295, 94, 94, 26, 31, 11, 54, 67, 14, 29, 77, 8, 143, 47, 32, 22, 36, 60, 2, 250, 9, 61, 15, 79, 73, 12, 51, 22, 21, 70, 75, 25, 43, 61, 15, 49, 38, 45, 37, 66, 237, 51, 23, 34, 32, 51, 31, 19, 96, 15, 42, 12, 39, 46, 31, 180, 18, 35, 20, 44, 27, 11, 32, 6, 40, 12, 70, 9, 31, 77, 13, 53, 95, 19, 22, 33, 34, 78, 59, 4, 51, 20, 20, 71, 58, 35, 22, 29, 47, 12, 63, 27, 140, 71, 23, 34, 132, 74, 57, 24, 69, 97, 57, 57]",1109
swebench_verified,swebench_verified:astropy__astropy-14369,1,982,128,49,1,127,1109,6,"[32, 669, 69, 13, 36, 20, 47, 37, 6, 1, 28, 41, 28, 50, 16, 31, 75, 78, 68, 11, 134, 44, 37, 16, 24, 56, 10, 46, 46, 33, 101, 20, 29, 37, 132, 37, 159, 56, 67, 8, 14, 23, 17, 123, 54, 55, 26, 48, 73, 18, 29, 15, 106, 25, 69, 52, 67, 79, 32, 20, 4, 68, 56, 52, 46, 50, 68, 43, 38, 27, 43, 37, 82, 20, 93, 10, 22, 71, 32, 16, 36, 13, 109, 23, 22, 43, 59, 43, 67, 62, 69, 2, 72, 110, 99, 61, 76, 143, 27, 30, 61, 45, 34, 5, 43, 67, 76, 37, 19, 21, 49, 54, 14, 25, 47, 57, 92, 7, 192, 21, 27, 12, 66, 50, 24, 18, 14, 40]",1109
swebench_verified,swebench_verified:astropy__astropy-14369,1,982,128,51,1,127,1109,6,"[54, 81, 34, 65, 15, 20, 44, 66, 46, 189, 10, 26, 48, 48, 36, 43, 15, 55, 59, 44, 100, 90, 58, 35, 14, 50, 16, 136, 49, 13, 78, 31, 62, 76, 18, 115, 79, 11, 25, 60, 85, 66, 56, 70, 134, 33, 22, 29, 75, 56, 37, 110, 16, 71, 81, 110, 9, 81, 93, 39, 35, 53, 45, 21, 16, 107, 66, 44, 36, 78, 51, 7, 36, 76, 84, 49, 24, 6, 32, 42, 23, 62, 20, 37, 61, 197, 57, 13, 39, 7, 26, 54, 144, 54, 76, 123, 24, 29, 10, 82, 44, 17, 52, 8, 27, 24, 51, 22, 65, 100, 62, 50, 36, 79, 26, 28, 68, 8, 67, 29, 42, 31, 13, 79, 18, 41, 120, 14]",1109
swebench_verified,swebench_verified:astropy__astropy-14508,1,1050,128,1,1,127,1177,6,"[64, 23, 46, 16, 28, 49, 52, 109, 43, 20, 39, 48, 68, 73, 108, 65, 43, 55, 76, 29, 91, 99, 39, 82, 68, 76, 38, 65, 27, 29, 42, 70, 45, 26, 58, 50, 67, 59, 43, 50, 60, 75, 46, 54, 71, 51, 82, 30, 34, 22, 65, 50, 50, 50, 56, 47, 49, 33, 44, 88, 47, 109, 26, 45, 63, 32, 20, 93, 59, 89, 34, 54, 69, 58, 61, 52, 31, 124, 101, 39, 56, 38, 59, 102, 118, 37, 56, 19, 23, 43, 78, 51, 55, 93, 68, 30, 29, 99, 46, 49, 57, 59, 41, 19, 71, 25, 71, 101, 51, 37, 46, 54, 50, 80, 39, 81, 33, 15, 60, 63, 113, 31, 23, 78, 34, 53, 67, 20]",1177
swebench_verified,swebench_verified:astropy__astropy-14508,1,1050,128,3,1,127,1177,6,"[72, 54, 98, 34, 66, 80, 63, 141, 40, 14, 28, 36, 72, 31, 56, 70, 54, 118, 68, 48, 103, 39, 47, 45, 42, 60, 38, 72, 51, 40, 19, 44, 44, 61, 18, 34, 15, 66, 35, 37, 57, 7, 55, 37, 61, 42, 67, 84, 48, 121, 61, 26, 47, 141, 41, 44, 102, 45, 51, 18, 49, 11, 77, 28, 68, 62, 77, 28, 67, 27, 160, 55, 41, 61, 99, 79, 55, 54, 59, 19, 54, 92, 35, 15, 30, 117, 31, 32, 45, 15, 54, 26, 62, 72, 55, 100, 53, 76, 32, 27, 117, 81, 25, 32, 32, 35, 84, 44, 21, 18, 62, 37, 52, 39, 90, 43, 46, 86, 30, 41, 53, 52, 115, 49, 88, 50, 81, 52]",1177
swebench_verified,swebench_verified:astropy__astropy-14508,1,1050,128,6,1,127,1177,6,"[22, 25, 65, 68, 19, 26, 1, 45, 45, 42, 2, 41, 122, 70, 64, 46, 33, 19, 47, 55, 63, 31, 56, 71, 85, 29, 38, 34, 55, 174, 66, 280, 28, 38, 45, 188, 134, 101, 58, 88, 41, 64, 72, 27, 94, 54, 32, 169, 21, 96, 14, 10, 65, 33, 85, 36, 69, 84, 32, 23, 52, 123, 33, 1, 33, 26, 29, 35, 12, 44, 31, 30, 24, 36, 175, 130, 50, 32, 71, 17, 24, 62, 78, 35, 17, 22, 103, 20, 43, 32, 33, 36, 104, 47, 26, 38, 33, 21, 12, 46, 63, 64, 108, 49, 11, 40, 40, 28, 62, 72, 113, 46, 42, 50, 28, 31, 112, 44, 50, 32, 48, 33, 122, 103, 49, 34, 49, 83]",1177
swebench_verified,swebench_verified:astropy__astropy-14508,1,1050,128,8,1,127,1177,6,"[44, 44, 14, 16, 7, 15, 30, 19, 255, 24, 266, 62, 519, 123, 48, 9, 45, 32, 24, 61, 43, 65, 66, 67, 57, 7, 97, 20, 14, 43, 1, 43, 64, 19, 13, 19, 112, 36, 44, 16, 55, 42, 26, 29, 67, 30, 58, 12, 63, 44, 44, 22, 10, 35, 73, 15, 67, 17, 175, 94, 5, 17, 3, 59, 43, 22, 17, 26, 12, 68, 23, 23, 77, 329, 44, 44, 33, 129, 38, 4, 21, 26, 10, 69, 22, 59, 2, 6, 31, 43, 38, 16, 50, 47, 157, 69, 43, 22, 33, 53, 34, 18, 62, 499, 26, 119, 77, 42, 130, 64, 8, 42, 35, 24, 68, 22, 68, 31, 80, 56, 0, 22, 15, 58, 57, 47, 18, 26]",1177
swebench_verified,swebench_verified:astropy__astropy-14508,1,1050,128,10,1,127,1177,6,"[36, 211, 36, 13, 24, 302, 21, 166, 54, 9, 22, 115, 19, 15, 4, 20, 14, 14, 50, 28, 29, 16, 9, 94, 14, 15, 20, 70, 29, 18, 110, 25, 65, 125, 13, 26, 11, 65, 5, 197, 49, 129, 142, 49, 27, 72, 79, 56, 31, 8, 50, 26, 38, 46, 8, 25, 77, 28, 139, 45, 208, 31, 40, 52, 24, 9, 31, 74, 135, 18, 48, 246, 4, 107, 8, 17, 13, 41, 65, 59, 12, 54, 55, 12, 109, 101, 84, 12, 32, 77, 33, 18, 120, 34, 78, 130, 29, 28, 16, 10, 13, 20, 49, 38, 161, 39, 89, 9, 28, 2, 46, 19, 47, 29, 112, 34, 468, 2, 106, 11, 4, 16, 22, 27, 1, 31, 75, 37]",1177
swebench_verified,swebench_verified:astropy__astropy-14508,1,1050,128,13,1,127,1177,6,"[36, 7, 14, 3, 377, 131, 39, 83, 40, 7, 10, 158, 6, 153, 34, 54, 37, 14, 454, 60, 46, 0, 13, 24, 40, 57, 68, 7, 1, 134, 76, 16, 3, 20, 5, 56, 157, 57, 26, 55, 7, 38, 30, 8, 95, 65, 10, 24, 14, 29, 5, 50, 9, 412, 5, 10, 53, 7, 27, 3, 553, 79, 8, 34, 66, 37, 23, 49, 0, 20, 246, 50, 21, 65, 259, 21, 20, 65, 6, 50, 13, 27, 4, 28, 11, 20, 8, 6, 12, 37, 32, 140, 41, 16, 16, 10, 3, 3, 65, 42, 55, 58, 59, 31, 101, 17, 31, 56, 32, 21, 70, 51, 53, 15, 19, 54, 29, 56, 87, 101, 237, 34, 21, 30, 7, 8, 35, 9]",1177
swebench_verified,swebench_verified:astropy__astropy-14508,1,1050,128,15,1,127,1177,6,"[60, 29, 68, 99, 50, 41, 24, 26, 62, 57, 20, 14, 60, 16, 96, 31, 26, 79, 25, 31, 138, 16, 7, 195, 220, 392, 113, 27, 60, 15, 31, 338, 45, 66, 27, 22, 53, 60, 98, 23, 19, 111, 5, 23, 9, 10, 158, 17, 1, 31, 84, 14, 76, 18, 72, 17, 64, 62, 15, 143, 19, 2, 28, 54, 134, 2, 39, 47, 212, 63, 18, 6, 13, 88, 56, 83, 15, 5, 51, 21, 55, 24, 17, 63, 76, 35, 9, 0, 32, 132, 53, 4, 117, 7, 13, 0, 46, 28, 63, 8, 109, 9, 2, 24, 40, 32, 5, 69, 60, 13, 31, 105, 108, 32, 108, 10, 56, 16, 3, 67, 204, 24, 17, 165, 75, 1, 75, 55]",1177
swebench_verified,swebench_verified:astropy__astropy-14508,1,1050,128,17,1,127,1177,6,"[29, 43, 2, 67, 32, 86, 47, 29, 21, 61, 67, 41, 56, 77, 43, 38, 22, 17, 32, 13, 354, 42, 25, 49, 191, 47, 11, 39, 292, 15, 1, 33, 44, 137, 96, 99, 6, 48, 34, 2, 29, 97, 14, 32, 6, 11, 41, 19, 47, 198, 117, 60, 31, 13, 10, 35, 76, 187, 12, 138, 30, 28, 166, 2, 76, 407, 76, 3, 62, 22, 11, 66, 49, 25, 87, 83, 40, 48, 28, 3, 37, 43, 7, 56, 20, 24, 12, 71, 28, 43, 29, 157, 42, 44, 50, 13, 53, 5, 78, 24, 37, 19, 189, 3, 3, 43, 54, 30, 30, 116, 28, 40, 38, 27, 14, 2, 25, 15, 132, 49, 2, 46, 18, 9, 31, 5, 333, 15]",1177
swebench_verified,swebench_verified:astropy__astropy-14508,1,1050,128,20,1,127,1177,6,"[17, 13, 30, 24, 52, 22, 19, 29, 94, 29, 7, 0, 19, 7, 9, 36, 15, 113, 129, 6, 223, 52, 1, 102, 20, 13, 7, 59, 66, 37, 21, 7, 155, 43, 41, 9, 0, 113, 11, 9, 29, 31, 56, 17, 23, 87, 102, 7, 17, 65, 134, 173, 51, 44, 157, 15, 273, 8, 132, 3, 32, 44, 33, 42, 45, 20, 107, 48, 23, 25, 57, 18, 11, 10, 19, 48, 2, 111, 6, 17, 34, 50, 52, 16, 33, 36, 0, 41, 157, 14, 50, 54, 25, 1, 20, 46, 28, 31, 41, 396, 57, 4, 15, 29, 117, 86, 56, 41, 36, 9, 3, 114, 71, 186, 608, 41, 96, 84, 110, 17, 32, 72, 70, 9, 30, 94, 40, 9]",1177
swebench_verified,swebench_verified:astropy__astropy-14508,1,1050,128,22,1,127,1177,6,"[36, 60, 23, 140, 26, 86, 44, 74, 9, 133, 33, 50, 12, 52, 55, 15, 9, 179, 166, 18, 178, 122, 34, 62, 47, 54, 169, 62, 68, 87, 74, 31, 36, 40, 15, 22, 27, 79, 81, 71, 65, 73, 51, 131, 20, 96, 92, 41, 52, 90, 65, 39, 64, 45, 45, 153, 38, 27, 63, 36, 10, 26, 120, 19, 71, 61, 30, 113, 37, 39, 74, 33, 32, 79, 40, 20, 58, 34, 29, 92, 12, 37, 59, 38, 36, 63, 21, 43, 33, 40, 69, 94, 204, 25, 75, 33, 105, 30, 89, 26, 15, 123, 70, 16, 18, 33, 24, 28, 9, 25, 29, 28, 7, 81, 17, 30, 32, 40, 47, 115, 9, 17, 53, 40, 43, 29, 63, 7]",1177
swebench_verified,swebench_verified:astropy__astropy-14508,1,1050,128,24,1,127,1177,6,"[62, 92, 4, 110, 35, 3, 64, 161, 82, 46, 4, 114, 37, 57, 1, 39, 15, 16, 38, 81, 607, 30, 25, 7, 10, 13, 18, 67, 31, 557, 27, 3, 112, 84, 76, 46, 8, 61, 24, 47, 15, 2, 5, 4, 3, 18, 13, 31, 24, 120, 9, 89, 3, 71, 243, 20, 22, 81, 52, 12, 23, 37, 250, 30, 29, 16, 0, 36, 4, 20, 95, 8, 37, 34, 85, 77, 1, 33, 14, 114, 5, 50, 22, 40, 94, 31, 91, 196, 38, 41, 2, 6, 36, 135, 165, 80, 33, 32, 11, 89, 38, 14, 11, 2, 152, 14, 34, 90, 1, 31, 163, 2, 51, 15, 53, 7, 59, 48, 0, 18, 59, 16, 28, 137, 16, 62, 21, 29]",1177
swebench_verified,swebench_verified:astropy__astropy-14508,1,1050,128,27,1,127,1177,6,"[25, 128, 28, 29, 102, 86, 17, 10, 77, 39, 41, 33, 52, 91, 50, 9, 61, 13, 40, 56, 2, 28, 41, 121, 32, 82, 79, 59, 42, 67, 47, 24, 45, 191, 10, 76, 94, 89, 81, 4, 46, 127, 9, 32, 114, 150, 23, 48, 85, 29, 144, 50, 28, 2, 47, 38, 101, 114, 63, 32, 31, 9, 32, 19, 31, 52, 12, 42, 29, 39, 14, 20, 25, 35, 12, 32, 74, 47, 31, 38, 85, 13, 11, 136, 68, 215, 17, 37, 21, 91, 8, 55, 55, 18, 15, 75, 155, 421, 31, 39, 58, 10, 117, 76, 56, 39, 69, 39, 19, 83, 57, 64, 43, 89, 48, 15, 29, 28, 163, 35, 23, 67, 58, 28, 14, 19, 8, 35]",1177
swebench_verified,swebench_verified:astropy__astropy-14508,1,1050,128,29,1,127,1177,6,"[52, 96, 27, 11, 19, 93, 53, 68, 8, 38, 75, 13, 46, 85, 67, 27, 5, 23, 50, 94, 22, 40, 80, 58, 48, 24, 50, 57, 345, 76, 36, 13, 39, 13, 14, 187, 45, 18, 27, 42, 131, 39, 92, 31, 199, 53, 94, 40, 25, 20, 186, 31, 30, 3, 37, 18, 50, 33, 24, 75, 19, 23, 0, 35, 14, 44, 63, 14, 92, 71, 150, 36, 41, 44, 32, 64, 19, 31, 24, 18, 33, 62, 36, 62, 20, 84, 65, 53, 42, 51, 56, 64, 38, 4, 125, 35, 32, 50, 13, 47, 10, 68, 83, 26, 57, 70, 51, 4, 34, 16, 32, 79, 53, 13, 13, 45, 10, 29, 261, 233, 42, 65, 13, 72, 38, 319, 99, 26]",1177
swebench_verified,swebench_verified:astropy__astropy-14508,1,1050,128,31,1,127,1177,6,"[282, 500, 39, 24, 5, 3, 43, 17, 37, 51, 51, 29, 67, 38, 14, 199, 56, 11, 50, 24, 3, 44, 53, 212, 39, 16, 59, 38, 84, 23, 14, 5, 81, 24, 73, 21, 38, 10, 64, 40, 60, 1, 42, 40, 45, 59, 36, 84, 6, 64, 36, 35, 24, 67, 17, 35, 29, 28, 82, 47, 35, 26, 10, 10, 55, 37, 75, 78, 42, 44, 67, 14, 85, 44, 8, 373, 43, 45, 56, 15, 52, 128, 24, 34, 48, 56, 54, 90, 39, 30, 59, 19, 41, 25, 33, 58, 213, 108, 60, 68, 35, 57, 68, 18, 29, 19, 29, 31, 104, 9, 6, 15, 93, 49, 3, 21, 45, 246, 37, 40, 26, 8, 154, 96, 10, 27, 13, 55]",1177
swebench_verified,swebench_verified:astropy__astropy-14508,1,1050,128,34,1,127,1177,6,"[15, 26, 47, 26, 401, 155, 59, 225, 8, 54, 38, 28, 27, 44, 39, 47, 73, 12, 25, 6, 56, 1, 74, 12, 52, 196, 22, 152, 8, 71, 11, 63, 33, 5, 50, 24, 29, 72, 97, 73, 6, 6, 53, 71, 186, 62, 144, 67, 73, 37, 48, 38, 29, 44, 9, 49, 56, 6, 52, 49, 67, 42, 110, 30, 64, 21, 26, 40, 43, 24, 35, 205, 93, 60, 17, 13, 74, 18, 39, 43, 54, 42, 21, 90, 49, 15, 80, 5, 62, 73, 106, 36, 10, 80, 47, 123, 193, 35, 64, 100, 23, 91, 20, 47, 5, 51, 17, 149, 68, 48, 52, 52, 72, 0, 99, 31, 11, 50, 2, 43, 53, 63, 5, 25, 21, 15, 15, 44]",1177
swebench_verified,swebench_verified:astropy__astropy-14508,1,1050,128,36,1,127,1177,6,"[43, 51, 31, 77, 4, 118, 64, 47, 15, 67, 34, 50, 53, 49, 39, 76, 85, 49, 40, 45, 114, 42, 24, 47, 132, 17, 30, 119, 193, 20, 45, 62, 38, 51, 41, 13, 76, 40, 39, 91, 83, 79, 36, 242, 63, 7, 92, 408, 30, 23, 67, 41, 22, 16, 31, 9, 41, 83, 68, 34, 15, 48, 44, 23, 41, 18, 12, 13, 38, 454, 50, 41, 32, 6, 29, 96, 60, 49, 75, 51, 11, 18, 40, 82, 35, 65, 2, 116, 129, 49, 12, 28, 21, 139, 78, 180, 12, 8, 62, 32, 73, 15, 7, 3, 42, 9, 112, 86, 73, 70, 5, 42, 26, 13, 3, 32, 40, 10, 28, 28, 37, 83, 10, 34, 10, 44, 66, 1]",1177
swebench_verified,swebench_verified:astropy__astropy-14508,1,1050,128,38,1,127,1177,6,"[18, 24, 21, 8, 84, 47, 124, 204, 64, 183, 56, 70, 22, 15, 8, 5, 64, 95, 45, 35, 33, 14, 106, 2, 84, 9, 4, 18, 19, 42, 19, 39, 22, 5, 80, 73, 25, 58, 7, 22, 16, 48, 33, 101, 39, 0, 94, 17, 34, 8, 34, 9, 64, 41, 98, 32, 30, 133, 14, 0, 93, 15, 9, 146, 36, 35, 550, 68, 60, 9, 33, 34, 15, 18, 21, 35, 1, 110, 27, 45, 31, 28, 79, 38, 54, 99, 21, 55, 50, 6, 63, 51, 17, 298, 36, 34, 41, 23, 66, 14, 48, 72, 82, 27, 289, 44, 47, 266, 23, 44, 120, 13, 97, 33, 11, 89, 28, 23, 48, 18, 173, 34, 36, 18, 32, 12, 15, 138]",1177
swebench_verified,swebench_verified:astropy__astropy-14508,1,1050,128,40,1,127,1177,6,"[280, 97, 77, 41, 41, 54, 43, 35, 117, 50, 37, 85, 2, 11, 46, 617, 18, 20, 9, 23, 25, 51, 20, 38, 17, 5, 39, 12, 36, 23, 36, 12, 0, 61, 62, 33, 33, 35, 39, 63, 14, 81, 68, 17, 224, 112, 43, 97, 36, 32, 46, 19, 35, 198, 3, 44, 70, 26, 60, 12, 36, 56, 17, 9, 4, 692, 29, 41, 35, 9, 28, 5, 29, 49, 11, 90, 141, 94, 33, 35, 20, 105, 34, 57, 4, 23, 79, 58, 52, 23, 49, 27, 36, 14, 28, 7, 11, 29, 27, 13, 12, 16, 36, 71, 5, 41, 131, 16, 15, 48, 13, 108, 164, 111, 20, 16, 24, 4, 18, 8, 50, 101, 13, 18, 13, 63, 7, 201]",1177
swebench_verified,swebench_verified:astropy__astropy-14508,1,1050,128,43,1,127,1177,6,"[3, 34, 89, 8, 120, 85, 104, 34, 17, 20, 21, 41, 47, 9, 13, 12, 132, 65, 37, 26, 14, 8, 10, 271, 56, 5, 208, 11, 67, 90, 22, 10, 12, 58, 62, 23, 82, 85, 162, 34, 11, 61, 4, 91, 29, 22, 30, 26, 78, 38, 38, 30, 2, 37, 69, 93, 163, 33, 72, 50, 25, 10, 23, 165, 98, 6, 20, 11, 129, 25, 48, 440, 16, 30, 70, 25, 97, 10, 24, 72, 88, 59, 17, 75, 12, 14, 24, 44, 44, 32, 58, 16, 5, 33, 36, 5, 52, 13, 2, 104, 94, 145, 25, 36, 138, 111, 51, 10, 53, 16, 9, 30, 12, 29, 38, 5, 29, 21, 41, 13, 25, 30, 7, 573, 194, 22, 27, 17]",1177
swebench_verified,swebench_verified:astropy__astropy-14508,1,1050,128,45,1,127,1177,6,"[87, 54, 122, 66, 64, 56, 49, 65, 10, 20, 55, 71, 59, 5, 4, 51, 39, 75, 31, 5, 7, 43, 8, 39, 56, 69, 43, 15, 370, 27, 21, 35, 5, 74, 71, 12, 150, 20, 89, 48, 35, 90, 202, 25, 45, 57, 13, 99, 79, 113, 67, 12, 14, 170, 13, 76, 19, 8, 64, 167, 29, 55, 33, 23, 36, 49, 28, 17, 48, 11, 16, 15, 47, 26, 47, 75, 37, 286, 457, 65, 37, 23, 19, 67, 66, 23, 25, 62, 226, 33, 24, 46, 27, 19, 38, 23, 6, 4, 47, 18, 25, 22, 20, 126, 39, 15, 24, 34, 46, 54, 26, 30, 129, 100, 101, 44, 79, 43, 45, 65, 26, 10, 36, 16, 61, 21, 15, 19]",1177
swebench_verified,swebench_verified:astropy__astropy-14508,1,1050,128,47,1,127,1177,6,"[31, 74, 29, 23, 54, 29, 55, 31, 15, 77, 40, 134, 133, 12, 102, 33, 10, 50, 25, 25, 177, 215, 16, 112, 97, 81, 87, 29, 32, 19, 81, 74, 28, 34, 70, 5, 139, 22, 36, 29, 7, 79, 4, 222, 8, 57, 2, 86, 53, 37, 77, 15, 29, 43, 74, 44, 38, 80, 41, 41, 49, 48, 25, 74, 194, 39, 43, 17, 45, 72, 25, 25, 73, 26, 16, 11, 76, 39, 39, 217, 20, 28, 81, 42, 28, 6, 77, 9, 55, 23, 29, 12, 28, 45, 31, 49, 77, 11, 43, 47, 36, 124, 50, 36, 39, 16, 23, 55, 42, 22, 14, 28, 58, 15, 61, 31, 157, 102, 18, 61, 175, 110, 65, 32, 112, 136, 92, 56]",1177
swebench_verified,swebench_verified:astropy__astropy-14508,1,1050,128,49,1,127,1177,6,"[48, 586, 42, 21, 16, 16, 45, 22, 3, 0, 17, 26, 55, 52, 34, 36, 78, 78, 97, 11, 335, 8, 34, 17, 42, 60, 12, 59, 23, 25, 173, 25, 24, 33, 138, 49, 170, 35, 79, 3, 65, 37, 21, 113, 56, 72, 23, 32, 49, 38, 43, 16, 60, 28, 43, 33, 64, 67, 58, 22, 8, 91, 130, 18, 70, 64, 60, 99, 28, 19, 44, 21, 120, 23, 72, 11, 19, 29, 189, 16, 87, 18, 106, 5, 31, 59, 46, 61, 148, 41, 28, 0, 114, 71, 117, 102, 55, 126, 16, 29, 90, 32, 24, 14, 25, 56, 93, 13, 24, 17, 47, 18, 12, 38, 64, 72, 41, 19, 178, 11, 32, 4, 38, 29, 22, 7, 22, 62]",1177
swebench_verified,swebench_verified:astropy__astropy-14508,1,1050,128,51,1,127,1177,6,"[34, 80, 46, 64, 45, 39, 49, 52, 34, 175, 20, 16, 36, 49, 52, 44, 45, 42, 75, 50, 103, 49, 47, 54, 18, 17, 10, 78, 28, 17, 45, 36, 40, 40, 45, 132, 83, 18, 20, 48, 135, 110, 47, 63, 110, 41, 37, 46, 52, 13, 81, 75, 51, 150, 104, 99, 9, 67, 103, 51, 41, 39, 47, 24, 17, 98, 51, 59, 38, 66, 59, 29, 54, 112, 96, 39, 21, 10, 29, 116, 35, 26, 38, 45, 49, 132, 54, 11, 66, 4, 28, 92, 148, 75, 81, 100, 54, 23, 4, 128, 50, 23, 44, 8, 64, 48, 86, 24, 72, 99, 102, 49, 38, 84, 25, 41, 44, 31, 64, 37, 54, 71, 13, 41, 15, 38, 127, 13]",1177
swebench_verified,swebench_verified:astropy__astropy-14539,1,609,128,1,1,127,736,6,"[25, 10, 23, 6, 22, 48, 31, 70, 17, 17, 22, 36, 43, 61, 59, 60, 33, 15, 21, 13, 40, 41, 33, 66, 52, 44, 36, 29, 26, 28, 27, 55, 28, 28, 26, 27, 42, 39, 28, 26, 58, 42, 33, 35, 66, 62, 43, 20, 17, 13, 36, 26, 32, 24, 39, 29, 48, 19, 18, 61, 23, 54, 20, 47, 23, 10, 14, 34, 10, 60, 21, 39, 52, 28, 27, 30, 22, 78, 57, 16, 38, 12, 28, 67, 57, 12, 31, 9, 28, 31, 40, 21, 28, 65, 56, 22, 27, 61, 37, 35, 23, 49, 30, 14, 46, 18, 58, 74, 24, 18, 23, 36, 26, 72, 13, 43, 18, 11, 25, 33, 62, 23, 26, 82, 16, 38, 55, 16]",736
swebench_verified,swebench_verified:astropy__astropy-14539,1,609,128,3,1,127,736,6,"[54, 42, 54, 11, 67, 54, 49, 88, 31, 12, 10, 24, 46, 38, 37, 52, 43, 52, 29, 20, 49, 13, 30, 20, 18, 30, 6, 29, 22, 29, 20, 17, 33, 14, 40, 13, 8, 27, 21, 31, 24, 5, 28, 27, 32, 23, 46, 44, 40, 80, 30, 13, 45, 58, 42, 52, 79, 21, 31, 6, 13, 17, 46, 16, 46, 35, 67, 12, 15, 19, 64, 24, 23, 42, 81, 59, 31, 24, 16, 17, 36, 64, 20, 14, 13, 84, 23, 15, 27, 6, 21, 12, 53, 19, 28, 73, 19, 50, 11, 17, 54, 50, 12, 32, 11, 31, 46, 35, 22, 10, 73, 38, 49, 16, 82, 50, 22, 98, 21, 12, 21, 38, 90, 57, 67, 23, 44, 31]",736
swebench_verified,swebench_verified:astropy__astropy-14539,1,609,128,6,1,127,736,6,"[10, 24, 36, 36, 27, 16, 0, 25, 26, 28, 4, 17, 97, 61, 35, 45, 24, 5, 36, 20, 43, 24, 55, 50, 30, 21, 30, 20, 23, 170, 27, 157, 12, 18, 26, 172, 76, 55, 46, 38, 29, 57, 15, 10, 22, 63, 8, 40, 2, 71, 8, 7, 38, 12, 47, 20, 64, 40, 25, 25, 23, 80, 15, 1, 4, 23, 15, 11, 5, 25, 15, 44, 15, 24, 105, 92, 19, 15, 42, 35, 16, 45, 54, 21, 18, 16, 67, 5, 19, 17, 22, 20, 46, 18, 22, 17, 21, 7, 7, 19, 28, 57, 127, 37, 29, 23, 19, 26, 27, 31, 29, 16, 29, 23, 20, 27, 65, 40, 29, 38, 54, 23, 81, 68, 15, 21, 37, 44]",736
swebench_verified,swebench_verified:astropy__astropy-14539,1,609,128,8,1,127,736,6,"[38, 48, 11, 14, 7, 6, 17, 7, 224, 21, 69, 37, 417, 57, 15, 3, 42, 16, 10, 42, 24, 13, 31, 2, 25, 14, 91, 11, 7, 49, 1, 19, 33, 2, 12, 18, 65, 19, 21, 35, 52, 36, 19, 28, 34, 15, 42, 10, 59, 29, 30, 7, 13, 14, 4, 20, 7, 0, 149, 48, 2, 10, 0, 41, 20, 20, 15, 3, 9, 5, 22, 6, 32, 141, 27, 25, 32, 45, 12, 2, 15, 15, 1, 2, 24, 48, 0, 2, 8, 34, 43, 12, 41, 23, 152, 49, 32, 22, 43, 40, 13, 11, 32, 449, 25, 15, 44, 14, 99, 43, 8, 27, 35, 15, 18, 19, 22, 8, 44, 11, 9, 19, 8, 32, 34, 32, 13, 33]",736
swebench_verified,swebench_verified:astropy__astropy-14539,1,609,128,10,1,127,736,6,"[23, 34, 25, 13, 26, 133, 15, 42, 38, 3, 18, 26, 15, 18, 2, 16, 13, 7, 11, 21, 8, 14, 5, 42, 2, 6, 11, 48, 24, 8, 81, 14, 42, 18, 12, 26, 5, 45, 4, 109, 40, 47, 62, 4, 28, 40, 38, 38, 5, 5, 65, 5, 13, 16, 12, 13, 61, 30, 145, 24, 25, 25, 26, 10, 8, 1, 20, 23, 123, 6, 36, 133, 3, 167, 1, 13, 10, 12, 23, 61, 2, 33, 39, 6, 2, 58, 43, 9, 40, 116, 23, 41, 142, 19, 8, 82, 40, 17, 8, 10, 9, 6, 66, 15, 136, 39, 23, 2, 87, 0, 28, 31, 29, 23, 32, 8, 400, 1, 98, 2, 3, 11, 23, 23, 3, 33, 84, 23]",736
swebench_verified,swebench_verified:astropy__astropy-14539,1,609,128,13,1,127,736,6,"[27, 6, 14, 2, 109, 81, 16, 69, 70, 8, 4, 94, 3, 88, 28, 5, 22, 17, 350, 40, 10, 26, 18, 8, 10, 45, 78, 1, 1, 111, 62, 8, 8, 2, 0, 24, 105, 32, 9, 29, 3, 10, 21, 5, 44, 29, 13, 14, 16, 8, 1, 15, 11, 213, 16, 1, 49, 9, 19, 10, 322, 14, 9, 18, 29, 3, 18, 22, 8, 11, 145, 17, 0, 45, 183, 14, 38, 46, 4, 35, 7, 16, 3, 7, 12, 5, 22, 12, 8, 2, 17, 135, 19, 13, 12, 4, 1, 3, 47, 22, 35, 40, 33, 33, 60, 17, 17, 21, 7, 17, 8, 66, 57, 12, 9, 55, 3, 24, 43, 44, 12, 82, 15, 13, 127, 23, 20, 28]",736
swebench_verified,swebench_verified:astropy__astropy-14539,1,609,128,15,1,127,736,6,"[23, 23, 51, 37, 26, 56, 16, 1, 36, 16, 10, 21, 29, 17, 72, 32, 16, 0, 9, 9, 33, 12, 38, 69, 135, 227, 16, 24, 50, 4, 30, 126, 42, 63, 15, 4, 35, 66, 51, 16, 32, 81, 12, 6, 13, 6, 113, 11, 0, 24, 100, 4, 49, 11, 11, 33, 23, 31, 17, 178, 7, 70, 4, 51, 42, 10, 33, 15, 30, 83, 6, 15, 14, 37, 62, 65, 13, 3, 31, 8, 26, 16, 3, 48, 26, 23, 6, 0, 49, 88, 32, 2, 47, 0, 21, 1, 46, 19, 10, 7, 21, 4, 1, 20, 49, 44, 22, 42, 61, 5, 17, 62, 71, 24, 65, 17, 27, 24, 2, 57, 43, 19, 14, 166, 26, 1, 58, 74]",736
swebench_verified,swebench_verified:astropy__astropy-14539,1,609,128,17,1,127,736,6,"[22, 16, 1, 67, 37, 73, 22, 19, 15, 19, 39, 26, 45, 61, 20, 23, 14, 15, 18, 9, 185, 21, 31, 13, 95, 55, 22, 15, 212, 13, 1, 50, 39, 93, 48, 54, 5, 33, 8, 6, 24, 20, 12, 9, 7, 10, 17, 2, 24, 132, 58, 12, 24, 14, 18, 1, 50, 73, 4, 85, 28, 14, 96, 9, 86, 299, 47, 6, 76, 11, 5, 52, 29, 15, 68, 38, 21, 30, 13, 0, 28, 11, 1, 15, 8, 19, 11, 59, 20, 24, 10, 81, 24, 30, 54, 13, 32, 2, 69, 11, 6, 12, 117, 5, 1, 40, 35, 6, 25, 25, 9, 15, 18, 14, 3, 4, 25, 2, 81, 23, 3, 37, 12, 60, 10, 1, 199, 7]",736
swebench_verified,swebench_verified:astropy__astropy-14539,1,609,128,20,1,127,736,6,"[6, 1, 13, 16, 25, 8, 19, 5, 31, 9, 36, 0, 10, 8, 7, 24, 3, 61, 92, 23, 83, 80, 3, 76, 12, 9, 22, 14, 57, 17, 27, 11, 59, 18, 33, 29, 9, 37, 1, 10, 28, 20, 43, 17, 22, 61, 30, 1, 13, 6, 80, 222, 48, 13, 48, 9, 154, 6, 14, 5, 22, 35, 33, 48, 27, 5, 106, 40, 33, 15, 25, 21, 2, 6, 16, 20, 3, 64, 7, 20, 25, 4, 28, 14, 31, 66, 6, 31, 108, 17, 57, 39, 14, 1, 11, 18, 18, 16, 11, 326, 16, 3, 7, 27, 10, 37, 40, 18, 23, 4, 6, 160, 65, 160, 293, 28, 55, 41, 35, 16, 16, 10, 58, 8, 16, 23, 5, 3]",736
swebench_verified,swebench_verified:astropy__astropy-14539,1,609,128,22,1,127,736,6,"[18, 29, 17, 109, 25, 34, 28, 64, 5, 61, 26, 21, 5, 19, 2, 6, 6, 130, 23, 7, 130, 57, 31, 39, 20, 40, 75, 29, 62, 61, 27, 20, 14, 26, 6, 19, 31, 38, 45, 45, 26, 30, 35, 80, 84, 83, 76, 25, 24, 86, 46, 15, 49, 34, 36, 52, 30, 17, 43, 28, 5, 15, 83, 29, 52, 49, 15, 71, 27, 27, 59, 41, 19, 72, 5, 8, 38, 10, 30, 25, 13, 18, 45, 21, 34, 47, 26, 16, 11, 27, 41, 82, 157, 12, 21, 23, 13, 32, 39, 13, 6, 47, 34, 3, 29, 24, 16, 41, 5, 18, 23, 17, 26, 13, 8, 16, 15, 56, 19, 124, 2, 1, 34, 15, 55, 16, 22, 11]",736
swebench_verified,swebench_verified:astropy__astropy-14539,1,609,128,24,1,127,736,6,"[42, 41, 1, 72, 26, 0, 8, 74, 79, 27, 3, 75, 32, 25, 1, 28, 34, 8, 6, 111, 169, 3, 20, 5, 10, 11, 12, 20, 37, 321, 21, 12, 69, 53, 64, 27, 1, 31, 27, 42, 10, 18, 6, 2, 12, 35, 21, 33, 6, 37, 1, 63, 0, 51, 149, 8, 12, 20, 25, 14, 6, 23, 110, 33, 82, 6, 2, 26, 6, 19, 117, 2, 3, 5, 68, 7, 0, 15, 15, 15, 4, 42, 32, 22, 13, 18, 70, 91, 32, 7, 5, 4, 24, 175, 97, 80, 47, 11, 10, 25, 11, 7, 11, 1, 92, 10, 39, 70, 9, 31, 186, 5, 20, 6, 39, 18, 21, 14, 13, 8, 40, 10, 20, 144, 9, 21, 12, 9]",736
swebench_verified,swebench_verified:astropy__astropy-14539,1,609,128,27,1,127,736,6,"[11, 60, 19, 20, 24, 31, 12, 14, 32, 38, 28, 10, 46, 59, 36, 4, 37, 19, 37, 31, 2, 15, 10, 69, 32, 47, 59, 55, 22, 80, 41, 12, 49, 140, 13, 18, 102, 69, 40, 5, 50, 55, 5, 5, 67, 130, 12, 59, 47, 16, 118, 7, 28, 14, 42, 17, 67, 11, 16, 23, 12, 3, 28, 10, 31, 48, 8, 38, 25, 7, 36, 5, 2, 34, 9, 20, 54, 32, 20, 18, 35, 5, 11, 25, 9, 145, 6, 18, 34, 37, 1, 54, 24, 18, 3, 23, 46, 363, 16, 9, 0, 9, 31, 17, 44, 25, 38, 5, 30, 62, 25, 28, 21, 40, 22, 10, 6, 12, 100, 22, 23, 34, 43, 12, 10, 3, 10, 175]",736
swebench_verified,swebench_verified:astropy__astropy-14539,1,609,128,29,1,127,736,6,"[41, 66, 26, 9, 9, 68, 28, 37, 10, 17, 64, 13, 60, 82, 32, 25, 2, 14, 55, 43, 13, 19, 57, 26, 33, 7, 32, 37, 172, 57, 29, 5, 6, 6, 1, 99, 34, 19, 25, 41, 63, 38, 36, 39, 18, 28, 22, 12, 32, 17, 148, 20, 27, 5, 21, 9, 26, 15, 23, 57, 14, 9, 0, 18, 10, 14, 37, 0, 52, 40, 152, 17, 26, 35, 14, 20, 29, 35, 7, 41, 34, 24, 16, 37, 12, 59, 64, 44, 41, 29, 31, 16, 39, 6, 47, 38, 21, 49, 11, 41, 18, 38, 39, 12, 22, 55, 27, 0, 28, 7, 31, 41, 22, 2, 1, 25, 3, 7, 202, 129, 37, 42, 7, 48, 14, 184, 59, 12]",736
swebench_verified,swebench_verified:astropy__astropy-14539,1,609,128,31,1,127,736,6,"[211, 394, 28, 18, 0, 1, 26, 38, 7, 13, 34, 5, 23, 81, 11, 152, 41, 9, 31, 37, 1, 28, 52, 34, 28, 2, 46, 28, 66, 12, 9, 7, 71, 23, 42, 37, 21, 24, 28, 25, 97, 3, 22, 33, 31, 39, 31, 65, 6, 25, 20, 22, 24, 40, 10, 25, 22, 22, 49, 28, 16, 41, 9, 0, 9, 21, 29, 33, 13, 28, 42, 12, 54, 14, 3, 41, 26, 30, 38, 9, 32, 70, 5, 25, 2, 24, 36, 65, 24, 15, 30, 1, 44, 17, 15, 38, 228, 40, 43, 34, 103, 25, 38, 7, 13, 2, 18, 8, 29, 23, 4, 30, 62, 48, 0, 18, 16, 132, 25, 26, 7, 3, 34, 57, 13, 12, 11, 38]",736
swebench_verified,swebench_verified:astropy__astropy-14539,1,609,128,34,1,127,736,6,"[10, 34, 17, 9, 17, 148, 53, 188, 5, 23, 32, 15, 54, 41, 22, 20, 13, 13, 14, 0, 34, 1, 120, 4, 60, 129, 27, 82, 8, 44, 13, 77, 22, 2, 43, 27, 14, 31, 66, 57, 3, 10, 30, 55, 81, 5, 107, 52, 18, 26, 40, 21, 13, 25, 10, 18, 22, 6, 5, 15, 18, 26, 84, 32, 31, 8, 3, 15, 42, 39, 23, 61, 45, 47, 11, 3, 34, 45, 26, 0, 42, 13, 7, 104, 18, 5, 43, 2, 24, 63, 67, 25, 11, 60, 37, 72, 111, 26, 30, 64, 18, 53, 10, 22, 2, 28, 23, 116, 42, 23, 31, 36, 51, 2, 153, 24, 12, 12, 6, 12, 32, 35, 4, 45, 30, 10, 5, 11]",736
swebench_verified,swebench_verified:astropy__astropy-14539,1,609,128,36,1,127,736,6,"[39, 35, 1, 68, 3, 38, 7, 31, 7, 35, 11, 5, 28, 100, 28, 61, 72, 26, 32, 20, 104, 23, 2, 44, 121, 10, 24, 89, 179, 5, 37, 27, 14, 29, 17, 1, 46, 31, 22, 101, 45, 71, 11, 193, 24, 2, 57, 163, 24, 4, 70, 22, 5, 10, 11, 5, 31, 56, 48, 28, 14, 15, 21, 10, 21, 2, 5, 0, 30, 219, 39, 10, 12, 46, 32, 76, 22, 20, 41, 27, 1, 22, 9, 52, 13, 39, 4, 98, 101, 24, 12, 9, 21, 92, 29, 100, 13, 6, 39, 16, 23, 5, 1, 1, 14, 1, 60, 49, 29, 43, 19, 22, 23, 6, 1, 12, 80, 5, 27, 17, 26, 43, 7, 12, 1, 24, 50, 0]",736
swebench_verified,swebench_verified:astropy__astropy-14539,1,609,128,38,1,127,736,6,"[6, 13, 5, 3, 67, 44, 43, 138, 62, 131, 19, 3, 5, 4, 7, 7, 65, 50, 34, 24, 20, 5, 91, 0, 72, 2, 11, 23, 5, 50, 12, 10, 9, 3, 14, 55, 14, 18, 4, 10, 27, 39, 20, 131, 26, 0, 64, 5, 29, 3, 15, 7, 23, 44, 44, 16, 21, 30, 18, 0, 64, 6, 4, 122, 25, 27, 427, 5, 49, 5, 21, 7, 6, 0, 11, 8, 2, 28, 19, 14, 21, 21, 19, 23, 31, 82, 8, 25, 31, 8, 54, 51, 5, 174, 13, 13, 23, 16, 30, 5, 73, 57, 51, 23, 197, 35, 4, 152, 26, 16, 90, 3, 57, 32, 5, 64, 6, 5, 42, 9, 50, 8, 32, 11, 18, 2, 20, 105]",736
swebench_verified,swebench_verified:astropy__astropy-14539,1,609,128,40,1,127,736,6,"[248, 12, 66, 9, 24, 43, 18, 9, 77, 44, 10, 45, 4, 1, 23, 229, 2, 5, 3, 13, 14, 16, 16, 11, 10, 2, 46, 3, 7, 22, 30, 0, 0, 31, 39, 34, 23, 15, 20, 78, 13, 45, 63, 16, 48, 53, 30, 68, 27, 42, 21, 6, 27, 84, 3, 25, 53, 15, 41, 6, 13, 29, 15, 10, 2, 499, 9, 20, 0, 16, 10, 66, 20, 41, 13, 25, 123, 38, 3, 23, 12, 83, 3, 48, 0, 23, 46, 26, 14, 5, 26, 13, 26, 5, 23, 3, 2, 26, 29, 7, 7, 11, 34, 25, 2, 16, 108, 9, 20, 40, 11, 62, 178, 147, 8, 7, 29, 9, 6, 0, 12, 62, 14, 20, 6, 16, 5, 169]",736
swebench_verified,swebench_verified:astropy__astropy-14539,1,609,128,43,1,127,736,6,"[4, 19, 37, 8, 60, 46, 33, 21, 5, 9, 17, 25, 18, 2, 6, 7, 79, 30, 19, 15, 8, 6, 0, 229, 25, 3, 143, 7, 78, 61, 9, 4, 3, 26, 14, 26, 56, 53, 131, 32, 13, 74, 0, 43, 20, 16, 25, 6, 46, 4, 5, 8, 1, 11, 50, 49, 5, 29, 42, 19, 14, 2, 7, 94, 60, 5, 9, 2, 82, 12, 37, 229, 6, 31, 15, 11, 44, 9, 8, 35, 47, 37, 14, 17, 23, 14, 22, 11, 25, 19, 30, 7, 16, 15, 15, 43, 30, 2, 2, 83, 300, 100, 18, 17, 96, 13, 19, 1, 26, 11, 3, 8, 7, 1, 3, 5, 21, 22, 16, 5, 18, 31, 3, 433, 155, 21, 31, 8]",736
swebench_verified,swebench_verified:astropy__astropy-14539,1,609,128,45,1,127,736,6,"[42, 4, 105, 25, 20, 27, 22, 24, 0, 14, 28, 57, 35, 3, 4, 24, 49, 55, 35, 6, 3, 27, 9, 25, 34, 35, 15, 11, 128, 24, 17, 17, 13, 67, 42, 2, 93, 21, 28, 28, 19, 32, 132, 17, 39, 22, 6, 44, 59, 60, 49, 6, 5, 85, 13, 17, 9, 9, 37, 125, 21, 8, 16, 10, 41, 20, 13, 21, 39, 9, 8, 11, 8, 13, 36, 26, 25, 360, 390, 57, 13, 28, 13, 22, 25, 11, 31, 57, 199, 6, 13, 29, 18, 7, 22, 26, 12, 7, 11, 15, 16, 11, 6, 62, 23, 6, 13, 23, 10, 17, 31, 12, 84, 26, 64, 46, 36, 12, 53, 37, 13, 1, 31, 7, 57, 2, 11, 6]",736
swebench_verified,swebench_verified:astropy__astropy-14539,1,609,128,47,1,127,736,6,"[12, 25, 21, 7, 27, 15, 42, 23, 25, 65, 34, 119, 48, 17, 99, 6, 16, 23, 1, 14, 129, 187, 8, 38, 81, 36, 61, 21, 33, 7, 56, 37, 12, 25, 57, 3, 100, 7, 15, 20, 16, 38, 3, 150, 6, 39, 5, 37, 43, 26, 32, 3, 8, 58, 81, 38, 51, 44, 11, 19, 27, 26, 23, 48, 107, 40, 14, 18, 21, 39, 29, 11, 39, 14, 24, 16, 40, 24, 7, 118, 6, 7, 13, 22, 16, 6, 34, 4, 47, 4, 23, 8, 17, 37, 22, 33, 54, 4, 26, 19, 18, 80, 51, 29, 26, 8, 3, 29, 38, 33, 5, 15, 29, 9, 37, 41, 30, 35, 18, 26, 129, 42, 34, 22, 67, 88, 51, 56]",736
swebench_verified,swebench_verified:astropy__astropy-14539,1,609,128,49,1,127,736,6,"[26, 448, 32, 5, 8, 7, 20, 13, 5, 1, 14, 27, 26, 46, 13, 26, 61, 42, 59, 16, 166, 4, 14, 4, 21, 34, 10, 21, 28, 9, 77, 21, 17, 13, 108, 31, 182, 23, 35, 4, 28, 24, 11, 63, 21, 23, 12, 10, 54, 26, 19, 3, 45, 10, 35, 21, 24, 24, 29, 18, 10, 56, 45, 16, 25, 44, 53, 55, 34, 35, 19, 19, 74, 12, 35, 2, 24, 5, 40, 11, 32, 41, 89, 3, 29, 34, 22, 19, 71, 22, 22, 0, 33, 76, 58, 95, 57, 40, 10, 24, 44, 25, 10, 18, 24, 39, 145, 15, 12, 18, 17, 9, 7, 28, 40, 27, 9, 10, 158, 15, 15, 2, 56, 24, 12, 7, 11, 11]",736
swebench_verified,swebench_verified:astropy__astropy-14539,1,609,128,51,1,127,736,6,"[20, 51, 41, 42, 16, 7, 19, 24, 21, 101, 8, 17, 23, 17, 38, 29, 30, 37, 20, 45, 64, 24, 39, 34, 11, 13, 9, 58, 23, 5, 32, 26, 20, 37, 18, 73, 32, 8, 4, 16, 62, 70, 31, 25, 43, 28, 21, 14, 43, 7, 49, 46, 41, 78, 72, 23, 5, 52, 72, 22, 17, 39, 33, 9, 6, 89, 42, 52, 28, 29, 26, 11, 19, 40, 66, 24, 18, 7, 38, 46, 22, 28, 24, 26, 39, 116, 46, 20, 53, 5, 21, 56, 105, 43, 39, 118, 58, 10, 10, 74, 42, 15, 9, 9, 33, 37, 44, 11, 42, 70, 70, 34, 46, 55, 13, 25, 39, 11, 44, 34, 41, 29, 11, 20, 3, 31, 85, 5]",736
swebench_verified,swebench_verified:astropy__astropy-14598,1,1125,128,1,1,127,1252,6,"[33, 27, 47, 31, 24, 60, 40, 173, 20, 9, 40, 55, 135, 49, 71, 65, 194, 29, 37, 14, 57, 51, 53, 50, 63, 139, 75, 69, 27, 36, 11, 117, 39, 24, 41, 24, 96, 74, 72, 15, 53, 39, 56, 57, 98, 35, 22, 44, 24, 9, 90, 38, 49, 195, 56, 72, 35, 24, 38, 106, 37, 115, 14, 90, 27, 21, 23, 28, 44, 88, 44, 35, 50, 55, 52, 20, 33, 138, 100, 40, 42, 38, 79, 104, 121, 210, 45, 10, 29, 41, 59, 21, 28, 94, 69, 14, 53, 54, 159, 124, 37, 50, 31, 109, 81, 43, 79, 112, 51, 15, 86, 35, 27, 54, 13, 66, 47, 38, 168, 45, 90, 18, 35, 133, 33, 83, 46, 13]",1252
swebench_verified,swebench_verified:astropy__astropy-14598,1,1125,128,3,1,127,1252,6,"[95, 112, 135, 18, 114, 109, 59, 200, 13, 9, 23, 14, 33, 60, 42, 56, 58, 85, 62, 25, 84, 22, 47, 30, 152, 56, 25, 53, 33, 21, 46, 31, 23, 43, 18, 18, 16, 34, 27, 18, 64, 6, 62, 39, 41, 154, 114, 82, 62, 73, 78, 21, 79, 168, 101, 155, 64, 25, 51, 25, 26, 22, 79, 23, 74, 77, 92, 42, 24, 43, 141, 23, 21, 58, 240, 51, 98, 34, 13, 37, 26, 116, 18, 24, 16, 116, 39, 15, 14, 17, 22, 16, 41, 64, 22, 81, 47, 51, 7, 30, 113, 53, 154, 25, 44, 24, 66, 101, 117, 9, 140, 37, 51, 21, 99, 103, 52, 91, 56, 21, 88, 11, 145, 50, 137, 30, 41, 50]",1252
swebench_verified,swebench_verified:astropy__astropy-14598,1,1125,128,6,1,127,1252,6,"[8, 37, 166, 107, 40, 28, 0, 77, 44, 31, 48, 39, 38, 105, 52, 44, 50, 18, 82, 47, 73, 118, 109, 61, 39, 71, 34, 33, 48, 157, 17, 124, 24, 23, 44, 145, 86, 215, 60, 95, 57, 82, 30, 11, 29, 75, 35, 181, 11, 203, 2, 18, 174, 17, 79, 23, 92, 42, 14, 40, 49, 48, 48, 1, 21, 12, 23, 39, 10, 31, 46, 30, 54, 35, 113, 51, 29, 65, 60, 39, 46, 70, 123, 39, 8, 15, 153, 16, 64, 40, 22, 39, 74, 23, 57, 17, 78, 27, 29, 43, 46, 65, 65, 41, 8, 48, 11, 100, 49, 205, 137, 62, 78, 83, 60, 26, 82, 22, 48, 34, 163, 61, 170, 88, 32, 33, 29, 27]",1252
swebench_verified,swebench_verified:astropy__astropy-14598,1,1125,128,8,1,127,1252,6,"[59, 92, 64, 8, 7, 34, 56, 7, 221, 27, 285, 94, 467, 118, 30, 8, 12, 19, 30, 42, 14, 59, 113, 24, 74, 9, 205, 24, 11, 206, 2, 58, 41, 35, 18, 30, 73, 83, 79, 9, 74, 65, 73, 69, 54, 52, 93, 50, 180, 49, 85, 18, 34, 50, 3, 38, 101, 8, 159, 51, 5, 4, 0, 48, 104, 52, 10, 13, 11, 55, 14, 22, 36, 219, 78, 48, 36, 122, 29, 6, 67, 52, 13, 72, 16, 55, 4, 2, 62, 52, 39, 35, 73, 33, 79, 40, 33, 27, 39, 50, 134, 11, 22, 383, 28, 77, 72, 15, 38, 26, 38, 26, 44, 56, 32, 87, 17, 18, 78, 38, 2, 15, 22, 186, 81, 13, 19, 26]",1252
swebench_verified,swebench_verified:astropy__astropy-14598,1,1125,128,10,1,127,1252,6,"[45, 102, 70, 25, 58, 194, 77, 240, 12, 1, 26, 97, 15, 26, 3, 99, 35, 4, 37, 2, 36, 34, 1, 55, 38, 6, 27, 99, 180, 72, 52, 42, 45, 158, 41, 59, 43, 158, 3, 206, 134, 78, 64, 40, 40, 53, 52, 42, 53, 8, 44, 22, 16, 79, 33, 35, 23, 29, 270, 43, 193, 72, 25, 61, 13, 1, 52, 37, 130, 22, 40, 349, 1, 54, 34, 44, 18, 41, 86, 44, 1, 21, 67, 32, 92, 80, 62, 5, 19, 94, 11, 112, 156, 65, 24, 67, 41, 41, 48, 13, 29, 13, 153, 22, 107, 29, 73, 57, 13, 1, 27, 102, 29, 36, 31, 53, 306, 3, 29, 18, 7, 9, 39, 13, 0, 153, 82, 29]",1252
swebench_verified,swebench_verified:astropy__astropy-14598,1,1125,128,13,1,127,1252,6,"[107, 5, 63, 7, 211, 100, 21, 104, 45, 26, 32, 46, 2, 197, 33, 29, 36, 47, 408, 61, 46, 0, 14, 41, 45, 94, 72, 12, 12, 145, 80, 14, 2, 53, 4, 127, 228, 49, 71, 122, 9, 180, 20, 10, 105, 37, 58, 7, 20, 20, 4, 37, 9, 107, 47, 1, 20, 7, 49, 22, 349, 176, 9, 30, 82, 21, 104, 18, 6, 6, 101, 66, 9, 39, 209, 65, 230, 112, 5, 107, 49, 28, 11, 47, 28, 25, 14, 74, 19, 17, 18, 109, 46, 4, 20, 2, 4, 2, 102, 30, 31, 42, 55, 33, 123, 25, 42, 70, 31, 41, 12, 23, 112, 9, 8, 46, 24, 31, 157, 106, 343, 54, 13, 20, 16, 27, 23, 22]",1252
swebench_verified,swebench_verified:astropy__astropy-14598,1,1125,128,15,1,127,1252,6,"[51, 57, 118, 117, 67, 38, 9, 18, 52, 33, 12, 23, 94, 23, 55, 55, 15, 55, 50, 17, 146, 14, 20, 97, 172, 206, 75, 18, 49, 11, 8, 125, 151, 80, 23, 10, 51, 26, 35, 39, 112, 75, 41, 53, 5, 7, 218, 14, 0, 37, 96, 17, 100, 26, 19, 43, 43, 62, 57, 109, 23, 0, 8, 59, 128, 81, 55, 43, 44, 120, 30, 83, 21, 144, 199, 106, 82, 71, 30, 5, 20, 17, 17, 19, 57, 48, 25, 0, 80, 127, 148, 65, 197, 61, 15, 7, 103, 37, 185, 71, 38, 7, 40, 31, 40, 45, 11, 31, 108, 9, 20, 78, 83, 134, 48, 43, 46, 39, 3, 78, 127, 34, 48, 109, 48, 18, 63, 53]",1252
swebench_verified,swebench_verified:astropy__astropy-14598,1,1125,128,17,1,127,1252,6,"[10, 9, 2, 78, 38, 71, 23, 42, 12, 50, 26, 43, 54, 67, 23, 29, 31, 47, 22, 30, 149, 22, 109, 42, 204, 26, 58, 199, 303, 18, 11, 26, 31, 66, 44, 114, 7, 26, 44, 39, 24, 19, 14, 21, 7, 60, 9, 7, 17, 145, 207, 70, 138, 16, 13, 33, 60, 116, 31, 96, 27, 37, 123, 7, 116, 227, 58, 32, 57, 21, 9, 75, 50, 71, 156, 83, 5, 43, 41, 35, 139, 9, 5, 24, 10, 14, 55, 91, 16, 40, 22, 117, 32, 45, 21, 12, 80, 3, 55, 18, 10, 135, 324, 3, 27, 102, 73, 93, 32, 177, 33, 62, 81, 20, 10, 69, 84, 2, 212, 66, 26, 29, 34, 36, 20, 4, 287, 32]",1252
swebench_verified,swebench_verified:astropy__astropy-14598,1,1125,128,20,1,127,1252,6,"[14, 14, 51, 21, 38, 14, 10, 21, 70, 20, 4, 2, 29, 67, 25, 29, 8, 113, 35, 25, 120, 470, 23, 156, 20, 25, 13, 176, 47, 26, 24, 2, 68, 78, 41, 38, 13, 87, 14, 6, 13, 13, 66, 59, 34, 89, 4, 18, 70, 11, 162, 145, 122, 59, 133, 15, 243, 6, 121, 20, 10, 34, 30, 66, 100, 27, 79, 28, 39, 83, 76, 103, 3, 3, 23, 22, 121, 81, 55, 17, 12, 45, 43, 29, 30, 43, 5, 23, 111, 12, 44, 71, 33, 10, 12, 26, 34, 6, 18, 399, 22, 101, 6, 8, 65, 229, 43, 31, 20, 6, 1, 105, 82, 235, 378, 97, 155, 42, 64, 34, 24, 83, 55, 33, 51, 64, 9, 3]",1252
swebench_verified,swebench_verified:astropy__astropy-14598,1,1125,128,22,1,127,1252,6,"[20, 35, 51, 97, 27, 89, 35, 45, 23, 41, 33, 20, 19, 35, 58, 19, 22, 220, 95, 31, 184, 62, 24, 59, 37, 76, 97, 24, 57, 143, 76, 10, 63, 25, 33, 21, 70, 43, 68, 76, 55, 83, 51, 112, 115, 95, 73, 12, 62, 101, 45, 27, 57, 34, 35, 364, 34, 16, 44, 19, 7, 15, 95, 16, 258, 46, 34, 63, 120, 23, 76, 27, 129, 171, 23, 16, 68, 23, 26, 23, 49, 23, 53, 67, 57, 45, 38, 41, 24, 60, 25, 56, 210, 25, 155, 26, 109, 24, 25, 19, 149, 71, 37, 11, 26, 40, 20, 35, 25, 60, 69, 47, 79, 66, 69, 38, 29, 45, 69, 186, 43, 5, 39, 47, 55, 10, 47, 8]",1252
swebench_verified,swebench_verified:astropy__astropy-14598,1,1125,128,24,1,127,1252,6,"[32, 36, 4, 83, 233, 4, 76, 75, 38, 74, 47, 77, 63, 46, 0, 21, 45, 22, 5, 83, 482, 39, 18, 49, 16, 16, 38, 51, 13, 575, 19, 3, 62, 56, 68, 77, 5, 83, 19, 25, 23, 187, 6, 14, 0, 22, 35, 26, 11, 78, 9, 69, 21, 83, 196, 9, 24, 58, 36, 28, 46, 28, 340, 70, 7, 7, 0, 33, 4, 43, 80, 6, 17, 20, 71, 58, 1, 67, 26, 46, 8, 40, 38, 19, 66, 86, 44, 312, 29, 34, 6, 7, 23, 379, 122, 59, 49, 41, 61, 62, 38, 16, 73, 0, 193, 25, 21, 63, 0, 61, 174, 5, 48, 23, 104, 33, 41, 10, 17, 26, 36, 16, 31, 161, 9, 58, 51, 11]",1252
swebench_verified,swebench_verified:astropy__astropy-14598,1,1125,128,27,1,127,1252,6,"[300, 140, 40, 38, 62, 69, 26, 26, 18, 50, 64, 52, 90, 83, 43, 4, 121, 18, 25, 42, 12, 25, 13, 81, 47, 43, 80, 93, 50, 11, 32, 37, 63, 255, 11, 7, 83, 156, 39, 3, 109, 50, 9, 53, 74, 68, 19, 87, 42, 262, 151, 78, 43, 36, 65, 48, 108, 33, 37, 27, 42, 11, 23, 12, 28, 51, 28, 129, 20, 25, 34, 9, 45, 52, 36, 20, 51, 78, 70, 42, 56, 23, 20, 55, 48, 108, 3, 52, 32, 50, 0, 32, 78, 37, 84, 61, 81, 317, 22, 35, 31, 5, 77, 164, 95, 54, 58, 42, 65, 30, 22, 49, 10, 124, 56, 7, 49, 22, 211, 22, 20, 41, 79, 31, 25, 89, 75, 108]",1252
swebench_verified,swebench_verified:astropy__astropy-14598,1,1125,128,29,1,127,1252,6,"[47, 117, 95, 17, 14, 71, 17, 90, 4, 76, 73, 24, 41, 182, 54, 48, 11, 103, 69, 59, 14, 78, 44, 27, 39, 81, 41, 28, 153, 67, 38, 40, 65, 24, 23, 126, 89, 13, 35, 27, 81, 25, 99, 23, 245, 9, 62, 34, 60, 24, 153, 18, 35, 16, 32, 25, 41, 30, 35, 32, 49, 12, 4, 38, 24, 40, 50, 34, 82, 40, 98, 117, 47, 150, 12, 39, 18, 91, 96, 157, 33, 42, 58, 30, 31, 93, 59, 72, 26, 105, 36, 63, 25, 5, 86, 176, 20, 54, 72, 40, 44, 80, 72, 25, 44, 75, 26, 9, 25, 32, 42, 40, 22, 5, 22, 57, 18, 6, 287, 116, 32, 109, 33, 64, 77, 343, 103, 37]",1252
swebench_verified,swebench_verified:astropy__astropy-14598,1,1125,128,31,1,127,1252,6,"[207, 354, 49, 26, 32, 10, 63, 23, 13, 32, 25, 30, 19, 18, 14, 163, 113, 21, 23, 31, 30, 23, 63, 170, 55, 11, 67, 27, 81, 21, 80, 2, 133, 84, 88, 26, 28, 31, 40, 21, 190, 3, 40, 23, 41, 28, 30, 81, 18, 47, 56, 47, 32, 220, 121, 35, 19, 35, 39, 22, 71, 51, 25, 2, 5, 18, 99, 101, 31, 110, 65, 69, 84, 56, 18, 85, 46, 39, 99, 22, 45, 85, 37, 71, 26, 50, 95, 68, 40, 43, 42, 7, 21, 150, 57, 80, 145, 121, 40, 73, 63, 69, 64, 18, 27, 108, 79, 30, 63, 33, 60, 24, 127, 41, 11, 38, 150, 147, 17, 90, 14, 14, 119, 72, 44, 58, 10, 56]",1252
swebench_verified,swebench_verified:astropy__astropy-14598,1,1125,128,34,1,127,1252,6,"[6, 49, 16, 50, 566, 117, 50, 146, 7, 100, 81, 74, 54, 119, 80, 34, 61, 24, 6, 10, 77, 16, 42, 5, 71, 159, 8, 148, 5, 35, 1, 77, 21, 8, 58, 26, 29, 31, 85, 33, 0, 28, 106, 110, 80, 95, 101, 153, 52, 34, 36, 22, 25, 65, 8, 24, 65, 7, 44, 59, 67, 57, 126, 38, 114, 38, 22, 23, 63, 130, 24, 207, 75, 94, 37, 19, 45, 17, 57, 70, 107, 26, 13, 61, 41, 15, 35, 49, 32, 60, 53, 60, 76, 82, 22, 134, 138, 49, 31, 80, 42, 51, 15, 36, 2, 67, 41, 145, 99, 34, 34, 48, 46, 0, 118, 31, 13, 42, 3, 24, 31, 48, 9, 104, 95, 57, 35, 56]",1252
swebench_verified,swebench_verified:astropy__astropy-14598,1,1125,128,36,1,127,1252,6,"[61, 49, 28, 81, 3, 89, 28, 40, 6, 21, 64, 60, 71, 59, 91, 47, 64, 45, 26, 67, 146, 45, 39, 42, 74, 21, 112, 143, 138, 3, 52, 40, 54, 73, 44, 19, 83, 39, 134, 83, 268, 66, 65, 153, 69, 12, 66, 199, 58, 11, 186, 39, 104, 49, 24, 12, 33, 35, 87, 35, 21, 26, 55, 36, 37, 7, 13, 5, 48, 253, 23, 18, 25, 68, 38, 75, 28, 68, 81, 78, 10, 29, 57, 76, 48, 31, 1, 70, 83, 105, 25, 19, 21, 91, 41, 143, 59, 16, 95, 52, 36, 36, 54, 19, 61, 9, 156, 43, 83, 114, 16, 60, 43, 44, 21, 47, 46, 12, 29, 33, 35, 216, 13, 41, 35, 83, 84, 13]",1252
swebench_verified,swebench_verified:astropy__astropy-14598,1,1125,128,38,1,127,1252,6,"[38, 50, 17, 18, 105, 54, 38, 112, 90, 140, 24, 17, 17, 14, 8, 43, 70, 73, 187, 53, 109, 40, 160, 1, 59, 23, 14, 14, 13, 70, 16, 19, 72, 2, 324, 39, 9, 68, 14, 11, 16, 80, 32, 48, 61, 2, 63, 24, 32, 49, 49, 35, 50, 49, 15, 55, 38, 152, 33, 1, 101, 13, 27, 90, 29, 28, 545, 41, 76, 34, 17, 22, 20, 40, 22, 34, 9, 108, 22, 23, 13, 7, 36, 73, 134, 144, 19, 66, 106, 7, 104, 39, 64, 281, 28, 36, 30, 149, 38, 39, 54, 96, 111, 15, 230, 173, 9, 145, 30, 40, 78, 22, 71, 26, 51, 43, 19, 8, 31, 27, 167, 34, 22, 20, 37, 32, 12, 66]",1252
swebench_verified,swebench_verified:astropy__astropy-14598,1,1125,128,40,1,127,1252,6,"[224, 93, 57, 53, 91, 47, 26, 13, 67, 76, 32, 142, 4, 3, 34, 693, 19, 13, 56, 22, 28, 56, 9, 25, 18, 54, 130, 7, 37, 50, 74, 32, 0, 58, 22, 30, 44, 62, 22, 108, 47, 93, 69, 40, 56, 80, 29, 94, 69, 39, 85, 10, 44, 11, 66, 82, 69, 28, 44, 56, 9, 91, 118, 10, 16, 575, 52, 26, 4, 15, 22, 49, 19, 46, 34, 29, 128, 115, 12, 22, 12, 97, 22, 36, 2, 33, 56, 95, 31, 101, 122, 98, 61, 21, 28, 13, 4, 24, 48, 13, 51, 45, 47, 96, 19, 29, 132, 11, 23, 19, 13, 57, 165, 89, 29, 88, 9, 45, 20, 12, 68, 108, 55, 35, 10, 40, 34, 112]",1252
swebench_verified,swebench_verified:astropy__astropy-14598,1,1125,128,43,1,127,1252,6,"[4, 75, 35, 7, 97, 62, 148, 57, 18, 10, 18, 51, 25, 46, 15, 30, 108, 76, 14, 41, 18, 13, 29, 189, 85, 47, 137, 8, 55, 57, 20, 13, 12, 29, 80, 21, 141, 105, 89, 32, 53, 132, 6, 96, 49, 26, 13, 26, 108, 4, 18, 189, 16, 29, 76, 138, 47, 54, 121, 13, 19, 8, 43, 103, 73, 27, 14, 67, 73, 19, 55, 357, 26, 23, 65, 15, 94, 11, 8, 89, 69, 215, 20, 240, 2, 14, 58, 26, 91, 30, 38, 23, 8, 43, 38, 149, 77, 3, 14, 98, 42, 68, 46, 17, 179, 63, 37, 49, 38, 99, 7, 26, 70, 43, 10, 14, 83, 38, 27, 4, 26, 37, 2, 444, 149, 4, 27, 87]",1252
swebench_verified,swebench_verified:astropy__astropy-14598,1,1125,128,45,1,127,1252,6,"[41, 62, 157, 19, 52, 26, 25, 69, 3, 18, 32, 38, 47, 27, 28, 23, 73, 64, 49, 21, 2, 39, 8, 61, 95, 73, 34, 10, 147, 41, 35, 48, 145, 121, 114, 12, 118, 41, 66, 55, 85, 50, 182, 37, 43, 116, 49, 85, 116, 107, 73, 9, 15, 154, 38, 42, 21, 4, 87, 167, 19, 8, 55, 35, 33, 55, 54, 33, 25, 2, 16, 27, 8, 16, 140, 36, 39, 159, 391, 48, 54, 15, 13, 97, 30, 59, 34, 27, 182, 32, 34, 70, 55, 27, 24, 13, 36, 49, 16, 16, 52, 11, 10, 138, 228, 29, 29, 67, 24, 31, 45, 14, 93, 43, 188, 34, 42, 75, 57, 79, 30, 45, 82, 33, 251, 28, 13, 40]",1252
swebench_verified,swebench_verified:astropy__astropy-14598,1,1125,128,47,1,127,1252,6,"[66, 77, 56, 29, 21, 14, 114, 82, 24, 102, 104, 118, 279, 23, 65, 15, 12, 41, 10, 14, 91, 185, 51, 30, 204, 218, 52, 16, 30, 12, 120, 52, 18, 55, 118, 34, 150, 29, 90, 70, 34, 37, 3, 177, 16, 84, 8, 38, 109, 34, 43, 90, 33, 59, 125, 41, 62, 55, 51, 29, 33, 47, 35, 58, 117, 62, 62, 18, 36, 75, 19, 12, 132, 10, 29, 37, 55, 69, 19, 138, 38, 48, 29, 41, 32, 6, 78, 1, 95, 20, 29, 49, 48, 111, 40, 74, 39, 50, 8, 68, 44, 105, 26, 8, 59, 17, 22, 48, 60, 18, 29, 32, 34, 80, 43, 26, 182, 78, 47, 19, 105, 50, 76, 45, 56, 88, 58, 71]",1252
swebench_verified,swebench_verified:astropy__astropy-14598,1,1125,128,49,1,127,1252,6,"[42, 536, 25, 16, 19, 5, 57, 44, 0, 4, 50, 38, 23, 99, 78, 70, 145, 45, 87, 16, 229, 1, 22, 8, 43, 58, 2, 138, 50, 18, 75, 16, 22, 46, 160, 136, 192, 29, 26, 22, 56, 34, 52, 118, 70, 92, 20, 16, 66, 53, 22, 24, 125, 17, 86, 19, 30, 104, 96, 15, 14, 105, 160, 66, 81, 46, 56, 38, 31, 33, 33, 44, 79, 67, 36, 7, 19, 14, 47, 60, 31, 29, 89, 42, 21, 33, 82, 12, 97, 47, 18, 0, 41, 89, 226, 175, 102, 63, 45, 18, 130, 34, 19, 17, 46, 69, 72, 25, 17, 53, 17, 62, 17, 51, 53, 121, 64, 9, 210, 41, 18, 13, 46, 45, 70, 16, 17, 57]",1252
swebench_verified,swebench_verified:astropy__astropy-14598,1,1125,128,51,1,127,1252,6,"[26, 148, 33, 46, 13, 54, 54, 60, 22, 181, 15, 17, 54, 42, 25, 162, 14, 46, 128, 139, 72, 95, 81, 65, 26, 28, 17, 146, 36, 25, 119, 49, 24, 53, 17, 208, 139, 16, 17, 67, 64, 52, 46, 73, 78, 54, 22, 82, 69, 16, 42, 188, 34, 55, 60, 28, 6, 65, 80, 56, 48, 41, 81, 28, 27, 108, 97, 29, 66, 65, 90, 29, 40, 57, 83, 25, 20, 13, 27, 49, 46, 106, 36, 88, 45, 192, 40, 19, 41, 36, 26, 53, 95, 44, 82, 120, 39, 56, 35, 43, 34, 25, 34, 8, 32, 34, 58, 15, 44, 107, 114, 8, 68, 71, 60, 100, 86, 15, 95, 62, 53, 112, 3, 36, 44, 24, 134, 22]",1252
swebench_verified,swebench_verified:astropy__astropy-14995,1,939,128,1,1,127,1066,6,"[51, 11, 38, 18, 36, 29, 19, 97, 45, 55, 35, 40, 110, 101, 49, 105, 38, 29, 49, 24, 91, 44, 40, 49, 53, 45, 77, 82, 15, 39, 54, 76, 42, 22, 18, 42, 88, 74, 41, 37, 88, 43, 91, 54, 62, 27, 20, 18, 27, 25, 65, 62, 94, 59, 47, 51, 57, 28, 18, 73, 20, 73, 22, 39, 59, 38, 43, 41, 42, 60, 17, 52, 65, 46, 45, 33, 28, 91, 102, 40, 45, 29, 28, 60, 47, 50, 83, 40, 88, 31, 89, 45, 53, 87, 42, 34, 50, 70, 57, 29, 45, 43, 53, 38, 45, 22, 52, 111, 39, 32, 50, 39, 60, 82, 25, 58, 35, 31, 51, 45, 91, 51, 27, 104, 28, 37, 43, 29]",1066
swebench_verified,swebench_verified:astropy__astropy-14995,1,939,128,3,1,127,1066,6,"[84, 40, 120, 20, 118, 90, 97, 114, 22, 15, 43, 15, 86, 43, 76, 39, 57, 124, 40, 18, 94, 78, 70, 35, 29, 42, 15, 85, 24, 51, 47, 37, 59, 49, 40, 23, 20, 42, 47, 14, 32, 20, 32, 48, 32, 28, 75, 69, 42, 80, 23, 9, 25, 111, 34, 44, 84, 20, 84, 15, 26, 18, 72, 50, 64, 51, 121, 35, 11, 55, 144, 37, 26, 27, 91, 94, 39, 44, 41, 27, 18, 61, 54, 16, 13, 105, 36, 25, 35, 28, 34, 19, 31, 43, 31, 103, 78, 46, 25, 48, 121, 138, 36, 39, 8, 47, 37, 35, 33, 24, 54, 84, 16, 43, 79, 27, 30, 46, 27, 16, 39, 32, 129, 38, 68, 36, 45, 78]",1066
swebench_verified,swebench_verified:astropy__astropy-14995,1,939,128,6,1,127,1066,6,"[23, 51, 55, 39, 37, 28, 0, 49, 46, 35, 2, 30, 63, 64, 40, 61, 37, 22, 34, 60, 42, 133, 43, 55, 90, 58, 37, 41, 26, 145, 30, 187, 40, 37, 28, 109, 56, 79, 76, 57, 22, 71, 20, 20, 22, 18, 36, 57, 19, 124, 21, 19, 35, 38, 77, 36, 94, 58, 27, 40, 47, 87, 45, 15, 58, 44, 19, 26, 12, 21, 27, 37, 50, 43, 142, 114, 35, 30, 50, 27, 34, 50, 135, 25, 6, 29, 93, 19, 26, 34, 21, 38, 115, 52, 70, 57, 21, 18, 25, 41, 52, 68, 69, 36, 44, 19, 10, 128, 56, 36, 23, 58, 49, 59, 26, 38, 77, 19, 95, 67, 105, 73, 132, 70, 16, 25, 82, 27]",1066
swebench_verified,swebench_verified:astropy__astropy-14995,1,939,128,8,1,127,1066,6,"[45, 50, 8, 11, 29, 14, 26, 26, 237, 18, 39, 26, 329, 40, 12, 5, 58, 8, 20, 22, 48, 25, 89, 31, 25, 8, 51, 13, 17, 55, 3, 11, 38, 11, 17, 32, 94, 111, 83, 20, 65, 49, 26, 53, 47, 65, 73, 13, 64, 10, 71, 17, 36, 16, 18, 57, 51, 3, 190, 64, 1, 12, 5, 46, 50, 90, 8, 22, 10, 14, 3, 11, 53, 255, 50, 33, 56, 53, 44, 12, 19, 43, 16, 14, 22, 53, 5, 43, 31, 28, 35, 28, 89, 63, 84, 71, 54, 83, 48, 54, 34, 6, 36, 479, 30, 54, 147, 12, 296, 27, 0, 29, 28, 16, 31, 63, 43, 98, 62, 69, 9, 10, 154, 36, 44, 22, 36, 21]",1066
swebench_verified,swebench_verified:astropy__astropy-14995,1,939,128,10,1,127,1066,6,"[24, 2, 11, 56, 23, 115, 72, 80, 3, 0, 17, 15, 18, 19, 2, 9, 14, 12, 38, 7, 24, 29, 32, 114, 6, 4, 29, 50, 11, 2, 91, 23, 37, 60, 60, 50, 7, 92, 2, 133, 52, 41, 14, 5, 73, 36, 169, 30, 23, 9, 39, 4, 34, 36, 46, 74, 163, 17, 61, 23, 13, 23, 30, 1, 28, 1, 37, 59, 143, 24, 66, 255, 12, 97, 19, 19, 334, 53, 74, 132, 2, 17, 63, 31, 13, 104, 51, 167, 58, 137, 3, 63, 158, 13, 81, 75, 67, 43, 30, 13, 34, 12, 50, 27, 192, 52, 61, 7, 4, 9, 23, 92, 43, 20, 21, 57, 490, 6, 17, 5, 5, 15, 21, 31, 5, 60, 63, 23]",1066
swebench_verified,swebench_verified:astropy__astropy-14995,1,939,128,13,1,127,1066,6,"[64, 4, 4, 6, 110, 116, 15, 80, 27, 10, 36, 93, 48, 104, 23, 7, 59, 5, 434, 39, 5, 133, 12, 6, 34, 45, 124, 19, 4, 116, 80, 20, 8, 147, 26, 12, 125, 37, 76, 40, 11, 22, 116, 6, 80, 52, 13, 6, 25, 15, 13, 51, 9, 37, 9, 2, 50, 54, 25, 47, 530, 90, 16, 40, 46, 14, 23, 9, 3, 28, 63, 113, 9, 36, 256, 29, 31, 59, 5, 55, 3, 59, 10, 16, 85, 20, 16, 44, 77, 10, 51, 145, 32, 14, 3, 14, 8, 5, 83, 38, 103, 52, 67, 14, 31, 40, 70, 57, 13, 40, 37, 113, 88, 25, 29, 34, 17, 28, 72, 49, 14, 51, 29, 1, 109, 3, 19, 7]",1066
swebench_verified,swebench_verified:astropy__astropy-14995,1,939,128,15,1,127,1066,6,"[57, 1, 116, 152, 87, 32, 25, 9, 67, 42, 7, 18, 42, 16, 32, 53, 5, 5, 12, 14, 24, 7, 37, 74, 153, 453, 18, 15, 82, 15, 48, 107, 190, 42, 166, 17, 81, 8, 47, 38, 52, 75, 57, 29, 37, 11, 129, 9, 6, 41, 78, 1, 28, 12, 0, 59, 31, 36, 15, 209, 21, 71, 53, 36, 86, 4, 35, 27, 11, 86, 27, 36, 33, 8, 110, 96, 28, 9, 31, 8, 36, 41, 5, 79, 44, 28, 3, 0, 30, 173, 87, 10, 141, 18, 2, 7, 36, 17, 54, 37, 20, 6, 16, 21, 62, 31, 139, 113, 73, 31, 10, 91, 60, 93, 61, 43, 21, 50, 7, 80, 26, 20, 30, 127, 68, 12, 42, 50]",1066
swebench_verified,swebench_verified:astropy__astropy-14995,1,939,128,17,1,127,1066,6,"[18, 49, 5, 11, 50, 86, 36, 48, 58, 51, 29, 36, 53, 65, 50, 87, 25, 34, 29, 9, 162, 26, 71, 84, 142, 52, 28, 118, 218, 17, 3, 23, 29, 62, 54, 91, 2, 46, 48, 11, 26, 48, 15, 19, 6, 24, 7, 2, 17, 89, 90, 54, 28, 10, 11, 31, 29, 169, 36, 81, 23, 25, 84, 7, 14, 323, 55, 10, 58, 17, 8, 79, 34, 47, 73, 58, 16, 47, 36, 16, 48, 10, 4, 33, 21, 29, 62, 78, 33, 43, 63, 101, 72, 56, 28, 25, 35, 1, 77, 72, 2, 17, 119, 5, 3, 78, 14, 11, 34, 72, 31, 33, 24, 26, 16, 36, 183, 7, 227, 73, 1, 54, 21, 101, 37, 3, 320, 19]",1066
swebench_verified,swebench_verified:astropy__astropy-14995,1,939,128,20,1,127,1066,6,"[25, 21, 49, 19, 46, 23, 2, 18, 113, 6, 33, 1, 49, 24, 11, 22, 21, 75, 68, 40, 84, 233, 14, 188, 31, 11, 2, 9, 101, 29, 25, 0, 91, 37, 29, 52, 14, 51, 13, 18, 80, 15, 59, 135, 28, 102, 4, 2, 29, 16, 34, 147, 172, 26, 42, 10, 281, 14, 8, 2, 48, 26, 49, 78, 26, 32, 79, 36, 42, 12, 55, 101, 3, 2, 12, 24, 5, 79, 3, 23, 32, 19, 42, 28, 52, 141, 14, 26, 171, 19, 58, 50, 20, 1, 13, 27, 17, 6, 22, 389, 17, 34, 6, 19, 59, 60, 36, 37, 15, 29, 2, 115, 55, 171, 458, 55, 50, 48, 43, 12, 18, 34, 55, 9, 25, 94, 45, 9]",1066
swebench_verified,swebench_verified:astropy__astropy-14995,1,939,128,22,1,127,1066,6,"[22, 33, 30, 100, 19, 64, 49, 55, 44, 19, 41, 34, 54, 63, 22, 38, 33, 128, 22, 15, 161, 73, 42, 119, 31, 44, 112, 26, 86, 95, 46, 17, 64, 36, 48, 33, 60, 48, 56, 47, 63, 41, 49, 55, 57, 89, 96, 32, 27, 95, 52, 31, 67, 28, 91, 177, 44, 23, 63, 31, 6, 4, 116, 19, 125, 63, 33, 97, 58, 25, 63, 38, 53, 92, 37, 36, 64, 21, 51, 91, 15, 21, 45, 28, 52, 62, 44, 55, 15, 18, 30, 77, 213, 23, 45, 32, 52, 24, 4, 29, 76, 34, 23, 5, 21, 52, 18, 21, 22, 65, 31, 46, 32, 51, 27, 38, 44, 76, 25, 137, 19, 8, 33, 14, 60, 18, 75, 9]",1066
swebench_verified,swebench_verified:astropy__astropy-14995,1,939,128,24,1,127,1066,6,"[48, 62, 16, 78, 110, 6, 2, 116, 55, 35, 12, 107, 62, 32, 4, 16, 31, 25, 1, 66, 172, 6, 15, 13, 15, 25, 11, 34, 63, 672, 22, 32, 42, 29, 95, 48, 58, 34, 22, 30, 23, 63, 4, 10, 4, 32, 24, 42, 16, 43, 1, 43, 8, 103, 208, 10, 17, 10, 80, 30, 42, 33, 218, 23, 40, 6, 1, 22, 5, 34, 68, 39, 12, 10, 50, 22, 4, 45, 20, 75, 28, 57, 23, 30, 73, 52, 69, 135, 24, 5, 14, 8, 29, 229, 120, 174, 64, 34, 10, 74, 20, 9, 22, 9, 67, 5, 64, 70, 27, 40, 260, 2, 88, 1, 53, 28, 58, 32, 7, 8, 44, 7, 24, 159, 21, 68, 71, 18]",1066
swebench_verified,swebench_verified:astropy__astropy-14995,1,939,128,27,1,127,1066,6,"[97, 109, 16, 30, 86, 41, 21, 38, 55, 26, 25, 27, 43, 66, 63, 26, 88, 37, 69, 66, 3, 30, 32, 61, 75, 60, 48, 65, 28, 127, 47, 29, 34, 298, 17, 36, 81, 96, 38, 3, 98, 54, 12, 15, 72, 117, 16, 79, 72, 178, 121, 2, 29, 22, 63, 30, 69, 25, 26, 23, 26, 11, 41, 28, 22, 63, 62, 13, 25, 8, 4, 17, 29, 28, 5, 24, 128, 73, 43, 46, 47, 9, 15, 54, 15, 109, 5, 34, 16, 37, 13, 48, 56, 46, 10, 68, 66, 388, 20, 25, 8, 47, 25, 63, 63, 49, 51, 56, 31, 60, 24, 71, 23, 51, 32, 14, 25, 26, 83, 45, 25, 57, 82, 27, 9, 15, 34, 163]",1066
swebench_verified,swebench_verified:astropy__astropy-14995,1,939,128,29,1,127,1066,6,"[72, 98, 75, 11, 21, 83, 33, 80, 7, 21, 51, 28, 38, 121, 83, 47, 18, 34, 89, 51, 24, 48, 63, 43, 63, 45, 60, 37, 281, 56, 32, 28, 29, 47, 13, 114, 58, 22, 31, 25, 40, 28, 81, 39, 22, 10, 82, 28, 73, 27, 150, 22, 58, 11, 48, 20, 76, 32, 23, 33, 42, 19, 0, 28, 7, 13, 42, 1, 76, 53, 108, 62, 67, 75, 25, 25, 40, 49, 103, 120, 18, 37, 53, 24, 38, 72, 54, 63, 24, 57, 53, 44, 17, 16, 34, 47, 33, 53, 61, 44, 34, 44, 76, 28, 44, 72, 50, 21, 25, 25, 5, 36, 32, 9, 23, 35, 21, 21, 171, 209, 37, 107, 29, 91, 51, 142, 60, 18]",1066
swebench_verified,swebench_verified:astropy__astropy-14995,1,939,128,31,1,127,1066,6,"[281, 226, 34, 37, 3, 16, 31, 41, 22, 25, 38, 15, 25, 22, 26, 253, 58, 82, 17, 34, 23, 51, 68, 56, 67, 14, 58, 24, 100, 24, 26, 63, 94, 27, 69, 4, 47, 8, 51, 25, 76, 42, 33, 25, 26, 27, 62, 76, 5, 46, 25, 46, 50, 94, 24, 31, 37, 15, 71, 14, 46, 46, 16, 3, 1, 31, 62, 80, 35, 70, 49, 16, 81, 14, 13, 122, 51, 87, 71, 36, 33, 63, 26, 26, 15, 37, 90, 73, 35, 40, 41, 15, 26, 129, 37, 64, 185, 102, 47, 52, 117, 41, 34, 25, 16, 36, 19, 16, 48, 93, 74, 37, 66, 64, 5, 64, 54, 198, 27, 51, 5, 18, 17, 67, 22, 41, 17, 48]",1066
swebench_verified,swebench_verified:astropy__astropy-14995,1,939,128,34,1,127,1066,6,"[20, 55, 28, 34, 11, 123, 34, 146, 44, 97, 51, 36, 45, 62, 55, 29, 10, 47, 9, 17, 83, 5, 22, 9, 44, 144, 28, 83, 3, 61, 15, 72, 9, 1, 83, 31, 24, 51, 168, 47, 0, 38, 60, 71, 132, 7, 113, 71, 25, 41, 61, 22, 71, 54, 7, 33, 39, 10, 33, 32, 67, 36, 90, 13, 58, 38, 5, 29, 45, 89, 30, 80, 114, 48, 49, 1, 80, 277, 29, 12, 44, 34, 75, 125, 24, 33, 21, 3, 34, 40, 116, 49, 26, 80, 50, 118, 60, 35, 47, 86, 21, 74, 15, 23, 0, 64, 41, 91, 60, 31, 42, 54, 31, 20, 215, 39, 13, 16, 5, 15, 52, 52, 13, 74, 64, 36, 24, 65]",1066
swebench_verified,swebench_verified:astropy__astropy-14995,1,939,128,36,1,127,1066,6,"[76, 41, 8, 33, 1, 74, 26, 30, 31, 31, 51, 9, 65, 51, 41, 40, 62, 35, 36, 28, 68, 29, 36, 59, 90, 22, 66, 107, 142, 1, 50, 31, 35, 34, 33, 6, 40, 31, 56, 61, 96, 529, 28, 232, 6, 6, 45, 305, 45, 7, 105, 63, 21, 12, 24, 9, 46, 34, 115, 23, 32, 56, 51, 22, 22, 5, 5, 2, 40, 131, 38, 23, 17, 1, 35, 82, 26, 107, 51, 64, 4, 25, 10, 114, 37, 57, 3, 24, 265, 34, 8, 18, 17, 102, 37, 82, 113, 3, 49, 181, 37, 24, 3, 29, 21, 14, 54, 50, 61, 41, 8, 46, 33, 14, 1, 27, 48, 11, 47, 25, 27, 72, 6, 26, 20, 60, 73, 8]",1066
swebench_verified,swebench_verified:astropy__astropy-14995,1,939,128,38,1,127,1066,6,"[6, 3, 31, 3, 106, 39, 12, 110, 74, 173, 51, 158, 9, 21, 27, 2, 66, 70, 77, 15, 32, 1, 160, 6, 52, 15, 9, 1, 11, 77, 20, 75, 8, 9, 86, 68, 18, 38, 16, 24, 11, 29, 34, 26, 30, 2, 47, 9, 25, 9, 33, 41, 29, 43, 18, 50, 18, 51, 25, 3, 142, 13, 21, 109, 21, 38, 321, 27, 76, 23, 19, 35, 16, 84, 15, 39, 1, 45, 29, 17, 19, 50, 40, 27, 29, 105, 37, 18, 53, 10, 63, 22, 21, 139, 23, 155, 23, 22, 26, 29, 60, 72, 76, 30, 306, 114, 5, 547, 37, 37, 173, 1, 98, 24, 32, 68, 16, 9, 92, 19, 86, 58, 34, 14, 21, 5, 19, 29]",1066
swebench_verified,swebench_verified:astropy__astropy-14995,1,939,128,40,1,127,1066,6,"[354, 4, 77, 14, 52, 28, 26, 12, 78, 26, 84, 63, 5, 23, 36, 443, 37, 4, 43, 24, 9, 35, 64, 23, 5, 7, 136, 3, 17, 5, 39, 2, 0, 26, 23, 64, 54, 23, 19, 109, 13, 56, 61, 23, 30, 125, 11, 51, 28, 41, 23, 7, 46, 27, 34, 13, 60, 8, 62, 5, 9, 83, 48, 120, 9, 638, 17, 37, 9, 12, 19, 248, 15, 52, 9, 40, 162, 61, 18, 43, 15, 37, 5, 57, 1, 7, 45, 55, 21, 31, 56, 51, 24, 8, 51, 6, 17, 26, 96, 18, 14, 36, 16, 30, 5, 22, 158, 5, 21, 19, 8, 325, 179, 32, 7, 14, 4, 2, 3, 33, 49, 21, 9, 117, 47, 24, 7, 93]",1066
swebench_verified,swebench_verified:astropy__astropy-14995,1,939,128,43,1,127,1066,6,"[35, 64, 26, 13, 123, 42, 42, 25, 10, 9, 11, 54, 32, 3, 24, 4, 93, 94, 16, 20, 9, 18, 9, 245, 27, 12, 145, 2, 81, 62, 24, 7, 72, 32, 102, 19, 78, 68, 87, 19, 57, 99, 5, 78, 51, 32, 231, 38, 90, 3, 22, 6, 0, 16, 84, 80, 7, 41, 87, 7, 25, 2, 6, 9, 65, 8, 13, 14, 49, 17, 48, 426, 41, 10, 36, 9, 48, 4, 18, 23, 44, 41, 21, 37, 11, 14, 80, 14, 38, 25, 26, 21, 2, 41, 40, 34, 36, 2, 19, 31, 572, 70, 30, 5, 122, 24, 66, 23, 24, 27, 2, 14, 11, 38, 13, 4, 35, 16, 28, 3, 94, 59, 10, 534, 181, 12, 21, 18]",1066
swebench_verified,swebench_verified:astropy__astropy-14995,1,939,128,45,1,127,1066,6,"[51, 34, 105, 26, 38, 36, 28, 53, 1, 17, 52, 63, 30, 6, 4, 51, 123, 247, 52, 4, 6, 44, 4, 72, 51, 39, 61, 17, 103, 14, 24, 31, 24, 99, 66, 4, 148, 16, 39, 47, 85, 72, 176, 46, 88, 53, 54, 74, 68, 68, 44, 8, 43, 74, 14, 14, 45, 21, 42, 87, 53, 13, 16, 58, 38, 45, 12, 35, 15, 8, 45, 17, 11, 86, 35, 34, 71, 154, 356, 38, 25, 29, 21, 17, 56, 21, 55, 28, 251, 13, 40, 51, 13, 14, 19, 25, 21, 29, 14, 19, 26, 25, 9, 101, 57, 8, 45, 41, 44, 16, 25, 11, 160, 38, 138, 44, 86, 32, 99, 66, 19, 43, 69, 15, 81, 9, 33, 49]",1066
swebench_verified,swebench_verified:astropy__astropy-14995,1,939,128,47,1,127,1066,6,"[62, 85, 31, 21, 48, 29, 23, 28, 61, 70, 119, 105, 60, 23, 97, 16, 20, 47, 14, 36, 98, 168, 41, 33, 136, 31, 95, 24, 23, 5, 49, 37, 13, 40, 85, 44, 156, 50, 18, 80, 12, 60, 4, 162, 7, 50, 8, 51, 69, 28, 47, 20, 14, 73, 55, 109, 62, 92, 37, 46, 89, 35, 31, 31, 95, 24, 33, 14, 24, 64, 19, 47, 58, 18, 41, 44, 62, 20, 34, 166, 5, 23, 55, 84, 13, 9, 76, 21, 96, 25, 35, 10, 33, 70, 39, 70, 36, 15, 11, 46, 56, 98, 27, 99, 102, 25, 31, 33, 72, 35, 22, 18, 66, 9, 60, 31, 29, 55, 35, 13, 103, 50, 40, 53, 41, 119, 61, 65]",1066
swebench_verified,swebench_verified:astropy__astropy-14995,1,939,128,49,1,127,1066,6,"[39, 471, 27, 6, 20, 10, 25, 19, 7, 0, 9, 15, 55, 72, 57, 63, 91, 38, 83, 15, 210, 13, 12, 5, 76, 50, 5, 56, 12, 46, 106, 52, 28, 17, 108, 28, 272, 16, 49, 6, 12, 53, 18, 89, 45, 27, 10, 22, 63, 46, 29, 12, 74, 13, 69, 18, 62, 42, 56, 25, 10, 89, 35, 17, 51, 89, 37, 30, 36, 24, 32, 30, 75, 36, 27, 3, 24, 10, 511, 26, 29, 186, 74, 11, 14, 17, 63, 14, 73, 22, 15, 0, 12, 94, 87, 99, 35, 58, 38, 65, 48, 33, 25, 10, 40, 78, 158, 26, 18, 56, 32, 15, 9, 57, 48, 74, 21, 14, 117, 54, 17, 3, 14, 63, 53, 23, 9, 9]",1066
swebench_verified,swebench_verified:astropy__astropy-14995,1,939,128,51,1,127,1066,6,"[32, 84, 24, 24, 22, 65, 31, 39, 20, 41, 11, 26, 61, 7, 40, 18, 54, 48, 21, 73, 104, 125, 63, 36, 24, 34, 21, 106, 34, 11, 56, 36, 41, 66, 21, 108, 43, 23, 12, 56, 46, 104, 58, 52, 73, 60, 22, 12, 77, 35, 52, 50, 34, 61, 146, 19, 7, 74, 83, 58, 35, 40, 51, 12, 14, 106, 30, 35, 64, 53, 45, 42, 61, 62, 94, 15, 28, 18, 38, 52, 22, 30, 73, 49, 70, 134, 16, 47, 74, 52, 21, 139, 85, 60, 69, 91, 44, 40, 35, 53, 43, 24, 21, 1, 18, 48, 98, 14, 57, 89, 89, 37, 51, 69, 38, 75, 45, 31, 75, 86, 89, 36, 18, 55, 13, 22, 161, 10]",1066
