onchip_mode,design,predictor,batch,windows,latency_geomean_ms,HBM_geomean_MiB,HBM_sum_GiB,ratio_vs_none,speedup_vs_none_pct,speedup_CI95_lower_pct,speedup_CI95_upper_pct,ratio_vs_nominal,speedup_vs_nominal_pct,nominal_speedup_CI95_lower_pct,nominal_speedup_CI95_upper_pct,tasks,task_duration_mean_abs_pct,worstunderestimate_pct,binding_mean_absolute_error_us,binding_worst_underestimate_us,prefetch_late_pct,prefetch_exposed_wait_sum_ms,next_samples
pipelined,B1,none,2,27,1.7205627027040957,206.65247252137212,5.49462890625,1.0,0.0,0.0,0.0,1.0,0.0,0.0,0.0,314,0.06499545907511733,0.04728201174048722,0.06739808917197451,0.065,48.08362369337979,0.017802,287
pipelined,B1,none,4,27,2.8962958729773676,347.8558802063531,9.2490234375,1.0,0.0,0.0,0.0,1.0,0.0,0.0,0.0,547,0.06648987729721043,0.04728201174048722,0.0663327239488117,0.065,49.61538461538461,0.033338,520
pipelined,B1,none,8,27,3.629674683505227,435.91307032010616,11.81103515625,1.0,0.0,0.0,0.0,1.0,0.0,0.0,0.0,706,0.06351988179118431,0.04728201174048722,0.06764730878186968,0.065,52.57731958762887,0.046365,679
pipelined,B1,none,16,27,4.838666056300646,581.0757127293483,16.00048828125,1.0,0.0,0.0,0.0,1.0,0.0,0.0,0.0,966,0.06440883804734392,0.04728201174048722,0.06618426501035196,0.065,52.609158679446224,0.064258,939
pipelined,B1,none,64,9,8.485994686104796,1006.5901292724799,8.8623046875,1.0,0.0,0.0,0.0,1.0,0.0,-2.220446049250313e-14,0.0,541,0.06508384945954818,0.04728201174048722,0.06581515711644714,0.065,52.63157894736842,0.03642366666666791,532
pipelined,B1,none,96,9,9.128534880404674,1081.1275565478677,9.5068359375,1.0,0.0,0.0,0.0,1.0,0.0,0.0,0.0,563,0.06616339617799996,0.04728201174048722,0.06532721618467131,0.065,53.97111913357401,0.03699803645833302,554
pipelined,B1,none,128,9,9.421156630504653,1107.0986297602988,9.732421875,1.0,0.0,0.0,0.0,1.0,0.0,0.0,0.0,577,0.0671649606930022,0.04728201174048722,0.06634805010146136,0.065,54.22535211267606,0.037476457272373837,568
pipelined,B1,none,all,135,3.795787520978372,454.41107591339477,70.65673828125,1.0,0.0,0.0,0.0,1.0,0.0,0.0,0.0,4214,0.06527219934863861,0.04728201174048722,0.06639963161378999,0.065,52.316744300073545,0.27266116039737476,4079
pipelined,B1,nominal,2,27,1.7205627027040957,206.65247252137212,5.49462890625,1.0,0.0,0.0,0.0,1.0,0.0,0.0,0.0,314,0.06499545907511733,0.04728201174048722,0.06739808917197451,0.065,48.08362369337979,0.017802,287
pipelined,B1,nominal,4,27,2.8962958729773676,347.8558802063531,9.2490234375,1.0,0.0,0.0,0.0,1.0,0.0,0.0,0.0,547,0.06648987729721043,0.04728201174048722,0.0663327239488117,0.065,49.61538461538461,0.033338,520
pipelined,B1,nominal,8,27,3.629674683505227,435.91307032010616,11.81103515625,1.0,0.0,0.0,0.0,1.0,0.0,0.0,0.0,706,0.06351988179118431,0.04728201174048722,0.06764730878186968,0.065,52.57731958762887,0.046365,679
pipelined,B1,nominal,16,27,4.838666056300646,581.0757127293483,16.00048828125,1.0,0.0,0.0,0.0,1.0,0.0,0.0,0.0,966,0.06440883804734392,0.04728201174048722,0.06618426501035196,0.065,52.609158679446224,0.064258,939
pipelined,B1,nominal,64,9,8.485994686104796,1006.5901292724799,8.8623046875,1.0,0.0,0.0,1.1102230246251565e-14,1.0,0.0,0.0,0.0,541,0.06508384945954891,0.04728201174048722,0.06581515711645446,0.065,52.63157894736842,0.03642366666666791,532
pipelined,B1,nominal,96,9,9.128534880404674,1081.1275565478677,9.5068359375,1.0,0.0,0.0,0.0,1.0,0.0,0.0,0.0,563,0.06616339617799996,0.04728201174048722,0.06532721618467173,0.065,53.97111913357401,0.03699803645833302,554
pipelined,B1,nominal,128,9,9.421156630504653,1107.0986297602988,9.732421875,1.0,0.0,0.0,0.0,1.0,0.0,0.0,0.0,577,0.06716496069300235,0.04728201174048722,0.06634805010146146,0.065,54.22535211267606,0.037476457272373837,568
pipelined,B1,nominal,all,135,3.795787520978372,454.41107591339477,70.65673828125,1.0,0.0,0.0,0.0,1.0,0.0,0.0,0.0,4214,0.06527219934863873,0.04728201174048722,0.06639963161379102,0.065,52.316744300073545,0.27266116039737476,4079
pipelined,B1,random,2,27,1.720577330934204,206.65247252137212,5.49462890625,1.000008502003493,-0.0008502003493005006,-0.0027369204730975927,0.0010401356021094705,1.000008502003493,-0.0008502003493005006,-0.002870366889634046,0.001127544054278784,314,50.88979789518036,99.9598153607562,89.23859031165641,344.84189729051303,48.08362369337979,0.018354,287
pipelined,B1,random,4,27,2.89638591197567,347.8558802063531,9.2490234375,1.0000310876382288,-0.003108763822878835,-0.005072849388320089,-0.0013274864516377174,1.0000310876382288,-0.003108763822878835,-0.004981414451213917,-0.0012929224166996504,547,50.854408085230176,99.26028226774356,84.64984699385172,375.78346406112036,54.03846153846153,0.037373,520
pipelined,B1,random,8,27,3.6297301333450314,435.91307032010616,11.81103515625,1.0000152768070527,-0.001527680705271095,-0.003014000195520339,-0.000174482267645826,1.0000152768070527,-0.001527680705271095,-0.00298948766267515,-0.00012686996294919542,706,51.21096350183354,99.94047869555277,79.07310940189397,354.7087393386284,53.75552282768778,0.048541,679
pipelined,B1,random,16,27,4.838780876816029,581.0757127293483,16.00048828125,1.000023729787104,-0.002372978710396545,-0.003786319190151044,-0.000967773944651751,1.000023729787104,-0.002372978710396545,-0.0038370678307009243,-0.0009686544161824353,966,50.937361909938474,99.10061970429169,80.47450590691135,374.89726506276037,55.80404685835995,0.069684,939
pipelined,B1,random,64,9,8.48629347012951,1006.5901292724799,8.8623046875,1.0000352090751607,-0.0035209075160747005,-0.0056523304383515605,-0.00146290990069742,1.0000352090751607,-0.0035209075160747005,-0.00564945608845957,-0.0014938641917305873,541,53.6916796550597,99.45282124871137,82.40173404675755,427.2961953104874,57.89473684210527,0.041055666666666046,532
pipelined,B1,random,96,9,9.128799015101759,1081.1275565478677,9.5068359375,1.0000289350591904,-0.002893505919043804,-0.00536429380090353,-0.0006621874242052073,1.0000289350591904,-0.002893505919043804,-0.005285753214098188,-0.00064070152105023,563,53.107105694855306,99.0073016770885,91.18100395703378,716.8543369106296,54.87364620938629,0.04052103645833302,554
pipelined,B1,random,128,9,9.4213600985832,1107.0986297602988,9.732421875,1.0000215969319401,-0.002159693194014878,-0.0038390110774205732,-0.0006616665894926269,1.0000215969319401,-0.002159693194014878,-0.003956190666110082,-0.0007077749865525007,577,51.98412436079182,99.99824314769327,85.5989815796574,731.9721592255961,52.46478873239436,0.03979707291666651,568
pipelined,B1,random,all,135,3.7958688847455657,454.41107591339477,70.65673828125,1.0000214352797,-0.00214352797001105,-0.0028657634871032123,-0.0014180430255061886,1.0000214352797,-0.00214352797001105,-0.0029029656655732428,-0.001417011852134499,4214,51.75570207754397,99.99824314769327,83.81424473798735,731.9721592255961,54.37607256680559,0.2953257760416656,4079
pipelined,B1,static,2,27,1.7208860424311712,206.65247252137212,5.49462890625,1.0001879267326712,-0.01879267326712064,-0.01923180340279218,-0.01833075552385488,1.0001879267326712,-0.01879267326712064,-0.019235227690452272,-0.018341116458991946,314,8.255601950905072,47.88752650531944,27.177008076307242,131.5724156991603,90.59233449477352,0.03458,287
pipelined,B1,static,4,27,2.8969141732871884,347.8558802063531,9.2490234375,1.0002134796778153,-0.021347967781526478,-0.021888039433008433,-0.020687995637678203,1.0002134796778153,-0.021347967781526478,-0.021887100366094203,-0.020771743272074983,547,6.69510958921178,47.87764262039746,18.28146570325256,131.54525942882063,94.8076923076923,0.065569,520
pipelined,B1,static,8,27,3.6304295111293494,435.91307032010616,11.81103515625,1.0002079601314005,-0.02079601314004531,-0.021520733605346343,-0.02005638797761056,1.0002079601314005,-0.02079601314004531,-0.021507533337949414,-0.020002208849417835,706,6.214277091161987,47.86953884918029,15.574945672219776,131.52299407428828,96.02356406480118,0.086716,679
pipelined,B1,static,16,27,4.839704750372042,581.0757127293483,16.00048828125,1.0002146653766368,-0.02146653766368356,-0.022218476889281358,-0.02065686409972789,1.0002146653766368,-0.02146653766368356,-0.022225780369786174,-0.020678845158897396,966,5.742982688362539,47.865810880559685,13.035891651981965,131.51275136866414,97.12460063897763,0.121296,939
pipelined,B1,static,64,9,8.487959361710544,1006.5901292724799,8.8623046875,1.0002315197779899,-0.023151977798985257,-0.023724854518106242,-0.02249965368334328,1.0002315197779899,-0.023151977798985257,-0.02374212405962528,-0.02252715122080806,541,5.54744463892923,61.95493420625072,10.089202506778618,233.5585370365139,100.0,0.07096225,532
pipelined,B1,static,96,9,9.130637985904299,1081.1275565478677,9.5068359375,1.0002303880663408,-0.0230388066340792,-0.023439319907802014,-0.022681125615534592,1.0002303880663408,-0.0230388066340792,-0.023429780257488986,-0.022695392859639618,563,5.756933834842674,78.61030919611315,14.608276138466385,526.9437690157537,99.81949458483754,0.07380219270833302,554
pipelined,B1,static,128,9,9.423357188234847,1107.0986297602988,9.732421875,1.0002335761750383,-0.023357617503827477,-0.023677561930087743,-0.02300285732451446,1.0002335761750383,-0.023357617503827477,-0.023687133755909695,-0.02301598466937782,577,5.8082621343797225,80.5806119309487,15.636583933906538,595.1350930690561,99.64788732394366,0.07555451041666651,568
pipelined,B1,static,all,135,3.7965890845855914,454.41107591339477,70.65673828125,1.0002111718853568,-0.021117188535679787,-0.02146598679853784,-0.0207313574826129,1.0002111718853568,-0.021117188535679787,-0.021479798217913793,-0.02075991518967535,4214,6.118455959045052,80.5806119309487,15.383757049840826,595.1350930690561,97.27874479038981,0.5284799531249995,4079
pipelined,B1,btb,2,27,1.7203497320218029,206.65247252137212,5.49462890625,0.9998762203307334,0.012377966926657713,0.010628737529956578,0.014122979367500732,0.9998762203307334,0.012377966926657713,0.010580547846364141,0.014172766265981294,314,0.06619653714091897,0.1411186196562234,0.09207961783441715,0.195,49.47735191637631,0.010962000000000466,287
pipelined,B1,btb,4,27,2.895963991482929,347.8558802063531,9.2490234375,0.9998854117434842,0.011458825651577964,0.010095888718447965,0.012853913865447375,0.9998854117434842,0.011458825651577964,0.010049933812545653,0.01285194876736534,547,0.0676128197732959,0.1411186196563081,0.0943967093235602,0.259,53.07692307692308,0.02385399999999441,520
pipelined,B1,btb,8,27,3.6293639985152892,435.91307032010616,11.81103515625,0.9999144041775012,0.008559582249878517,0.00740023923095523,0.00983671554322607,0.9999144041775012,0.008559582249878517,0.0073191345615145065,0.009837984330104133,706,0.06936954960271018,0.14111861965639277,0.10026912181301534,0.259,59.499263622974965,0.03789499999999627,679
pipelined,B1,btb,16,27,4.838251818000902,581.0757127293483,16.00048828125,0.9999143899796091,0.00856100203908694,0.007200466372455916,0.009952965976503525,0.9999143899796091,0.00856100203908694,0.0071699340020986435,0.009990005288016135,966,0.24396677431843156,0.14111861965690087,0.572638371290548,0.259,63.0457933972311,0.054175,939
pipelined,B1,btb,64,9,8.48519111921851,1006.5901292724799,8.8623046875,0.9999053066946172,0.009469330538280918,0.008198213140164778,0.010692268770211564,0.9999053066946173,0.009469330538269816,0.008234267026592523,0.010707541901660842,541,1.5403218767420794,27.135047000434287,5.6315194085027604,102.22933333333395,62.59398496240601,0.02980283333333407,532
pipelined,B1,btb,96,9,9.127746852243755,1081.1275565478677,9.5068359375,0.999913674190739,0.008632580926104527,0.007401317974866095,0.009898074159073176,0.999913674190739,0.008632580926104527,0.007335676034571914,0.009864137369303414,563,0.8205802888626889,43.77087299077253,4.890450509089822,293.47066666666603,61.01083032490975,0.029810809532123735,554
pipelined,B1,btb,128,9,9.420269661876395,1107.0986297602988,9.732421875,0.9999058535312544,0.009414646874561505,0.0073292151976747655,0.011605299375028189,0.9999058535312544,0.009414646874561505,0.007291476667517505,0.011544010597868136,577,0.30828171592001774,31.63061844299937,1.461928627258016,68.36366666666605,56.33802816901409,0.02857626859287708,568
pipelined,B1,btb,all,135,3.7954069581549303,454.41107591339477,70.65673828125,0.999899740746462,0.010025925353795984,0.009378777539531535,0.010645941899308786,0.999899740746462,0.010025925353795984,0.00935764077693274,0.010678265894057681,4214,0.43084862817331954,43.77087299077253,1.7437150263910988,293.47066666666603,58.96052954155431,0.21507591145832602,4079
pipelined,B1,ema,2,27,1.720244362212096,206.65247252137212,5.49462890625,0.9998149788487803,0.018502115121965534,0.017996596527623532,0.018961556075152985,0.9998149788487803,0.018502115121965534,0.018010771118243396,0.018970736746810324,314,0.012317724357878337,0.06837418642337385,0.022717359553189848,0.05227714857237879,99.30313588850174,0.010590502276691609,287
pipelined,B1,ema,4,27,2.895740902731013,347.8558802063531,9.2490234375,0.9998083862040711,0.019161379592891326,0.018114002563278386,0.020074880654072924,0.9998083862040711,0.019161379592891326,0.01810548655958283,0.020131663273752765,547,0.012734762497989141,0.09919967007240509,0.014344905439158881,0.13637276243860832,96.15384615384616,0.018781849850587024,520
pipelined,B1,ema,8,27,3.6290771543529146,435.91307032010616,11.81103515625,0.9998353766647385,0.01646233352614601,0.015226186457124313,0.01753634648079455,0.9998353766647385,0.01646233352614601,0.015241069722122524,0.017575416141033806,706,0.028548936219158324,0.10938323660046048,0.03620653274491866,0.15037241685180924,86.45066273932254,0.03126139864919119,679
pipelined,B1,ema,16,27,4.838104782275752,581.0757127293483,16.00048828125,0.999884002322466,0.01159976775340077,0.010079445991882652,0.013056998175446366,0.999884002322466,0.01159976775340077,0.009933903360617724,0.013134382893759122,966,0.4818712563138949,0.11556682239517377,1.250678601312663,0.15887317775096743,75.82534611288605,0.05124328541750088,939
pipelined,B1,ema,64,9,8.484861553952518,1006.5901292724799,8.8623046875,0.999866470320311,0.013352967968904839,0.010655639817201967,0.01596501312263271,0.999866470320311,0.013352967968904839,0.010550464868300524,0.015924012499068663,541,0.9611577500641877,27.089821375094953,3.489185073934468,102.21093479237892,75.93984962406014,0.02765645956717513,532
pipelined,B1,ema,96,9,9.127115336616706,1081.1275565478677,9.5068359375,0.9998444937981212,0.01555062018787634,0.013852695747616772,0.017203603735063962,0.9998444937981212,0.01555062018787634,0.013868917410853054,0.01713894362749879,563,0.45219650918724996,55.19087233543619,2.624000946828537,370.01482582601346,79.78339350180505,0.02578500510413182,554
pipelined,B1,ema,128,9,9.419780626116772,1107.0986297602988,9.732421875,0.9998539452806222,0.014605471937778614,0.01032103630901171,0.018110583212497495,0.9998539452806222,0.014605471937778614,0.01034208797485281,0.01844764390304926,577,0.5730803928963832,46.81159188984596,3.3067380174141014,345.6950078508258,85.03521126760563,0.026926869933417766,568
pipelined,B1,ema,all,135,3.7951784579435994,454.41107591339477,70.65673828125,0.9998395423791753,0.01604576208247277,0.015316587335088838,0.016758666500330255,0.9998395423791753,0.01604576208247277,0.015274139849423274,0.01677121982497226,4214,0.3800942637074235,55.19087233543619,1.5476143211371185,370.01482582601346,83.67246874233881,0.19224537079869541,4079
pipelined,B1,ours,2,27,1.7202403087031974,206.65247252137212,5.49462890625,0.999812622928306,0.018737707169402817,0.018241066439971254,0.019190751016551766,0.999812622928306,0.018737707169402817,0.018217395784978774,0.019196037862923843,314,0.015380949770519474,0.0645827051463835,0.05080650078693359,0.17741536458331392,47.038327526132406,0.0016735555555606842,287
pipelined,B1,ours,4,27,2.895728406609061,347.8558802063531,9.2490234375,0.9998040716856309,0.01959283143690982,0.018785316291837773,0.02035756054558302,0.9998040716856309,0.01959283143690982,0.01873028174409208,0.020328116334223933,547,0.013529492928226894,0.0950978022607774,0.060297768431890504,0.2612434895832557,35.96153846153846,0.004213617283951259,520
pipelined,B1,ours,8,27,3.6290428890038138,435.91307032010616,11.81103515625,0.999825936328596,0.017406367140404555,0.0163716197735006,0.018342951409964225,0.999825936328596,0.017406367140404555,0.016323500757016995,0.018373531408346355,706,0.020885500644999458,0.08490405024920876,0.04891315070470408,0.16064973958331394,63.18114874815905,0.01585013580247335,679
pipelined,B1,ours,16,27,4.837861231891001,581.0757127293483,16.00048828125,0.9998336681225194,0.016633187748060774,0.01565940290437079,0.0175840468270258,0.9998336681225194,0.016633187748060774,0.015727856255501327,0.017557003971663543,966,0.021286560658566083,0.09405783589454178,0.042786948249545605,0.14388411458331393,66.77316293929712,0.02558824279834912,939
pipelined,B1,ours,64,9,8.484412340481656,1006.5901292724799,8.8623046875,0.999813534455103,0.01864655448969854,0.018015999821264228,0.01921212236167813,0.999813534455103,0.01864655448969854,0.017999018347810147,0.019198564853500355,541,0.017562931469717387,0.08490405024903948,0.05023950146709813,0.15089257812313736,50.75187969924813,0.010219567901246191,532
pipelined,B1,ours,96,9,9.126806617103403,1081.1275565478677,9.5068359375,0.9998106746237035,0.01893253762964564,0.018125121759493823,0.019691615974593013,0.9998106746237035,0.01893253762964564,0.01814672939369183,0.01970826283150262,563,0.013902926242945798,0.07880152648531484,0.05630087221623662,3.0312322837756946,36.28158844765343,0.007100983539099223,554
pipelined,B1,ours,128,9,9.419341452918532,1107.0986297602988,9.732421875,0.9998073296456779,0.01926703543221331,0.018374662028848854,0.020014707009589072,0.9998073296456779,0.01926703543221331,0.018435851034402928,0.020002199019255873,577,0.011584234933731006,0.08642968118975905,0.07191761325409714,3.755117113701068,29.929577464788732,0.005130246913587063,568
pipelined,B1,ours,all,135,3.795094267210405,454.41107591339477,70.65673828125,0.9998173623354482,0.01826376645518435,0.017901749839709657,0.018642744522597288,0.9998173623354482,0.01826376645518435,0.01786075274456761,0.018637863111962694,4214,0.016979408843826784,0.0950978022607774,0.05343484128737037,3.755117113701068,49.49742583966659,0.06977634979426689,4079
pipelined,B2,none,2,27,1.7198375979534253,206.65247252137212,5.49462890625,1.0,0.0,0.0,0.0,1.0,0.0,0.0,0.0,314,48.21739619401457,49.99445021662351,269.6376887029048,411.81449010214357,0.0,0.0,260
pipelined,B2,none,4,27,2.8950293404324774,347.8558802063531,9.2490234375,1.0,0.0,0.0,0.0,1.0,0.0,0.0,0.0,547,48.687989505991,49.99445021662351,270.9232774890177,411.81449010214357,0.0,0.0,493
pipelined,B2,none,8,27,3.6280412814518477,435.91307032010616,11.81103515625,1.0,0.0,0.0,0.0,1.0,0.0,0.0,0.0,706,48.90478536973184,49.99445021662351,271.51707699745566,411.81449010214357,0.0,0.0,652
pipelined,B2,none,16,27,4.836463730031555,581.0757127293483,16.00048828125,1.0,0.0,0.0,0.0,0.9999999999999999,1.1102230246251565e-14,0.0,1.1102230246251565e-14,966,49.602911204909475,49.99445021662351,273.435997333674,411.81449010214357,0.0,0.0,912
pipelined,B2,none,64,9,8.6541926997573,1039.6470809562015,9.15234375,1.0,0.0,0.0,0.0,0.9999999999999999,1.1102230246251565e-14,0.0,1.1102230246251565e-14,541,48.401921942516346,49.98557710244443,265.488930661909,274.432,0.0,0.0,523
pipelined,B2,none,96,9,9.2855332098401,1114.1436604183825,9.796875,1.0,0.0,0.0,0.0,1.0,0.0,-2.220446049250313e-14,1.1102230246251565e-14,563,47.43424047531127,49.98557710244443,261.8619239825129,331.00642953985744,0.7339449541284404,0.00023834330283559394,545
pipelined,B2,none,128,9,9.798724502725015,1173.1120520904879,10.3125,1.0,0.0,0.0,0.0,1.0,0.0,-4.440892098500626e-14,2.220446049250313e-14,577,45.78841300950747,49.959347830800425,253.5035353406189,395.59465118878825,2.5044722719141324,0.0009543131025008042,559
pipelined,B2,none,all,135,3.8137156573967976,458.0704633768413,71.81689453125,1.0,0.0,0.0,0.0,1.0,0.0,0.0,0.0,4214,48.29772539740348,49.99445021662351,267.20949487553924,411.81449010214357,0.4563894523326572,0.0011926564053363982,3944
pipelined,B2,nominal,2,27,1.7198375979534253,206.65247252137212,5.49462890625,1.0,0.0,0.0,0.0,1.0,0.0,0.0,0.0,314,48.21739619401457,49.99445021662351,269.63768870290494,411.81449010214345,0.0,0.0,260
pipelined,B2,nominal,4,27,2.8950293404324774,347.8558802063531,9.2490234375,1.0,0.0,0.0,0.0,1.0,0.0,0.0,0.0,547,48.687989505991,49.99445021662351,270.9232774890177,411.81449010214357,0.0,0.0,493
pipelined,B2,nominal,8,27,3.6280412814518477,435.91307032010616,11.81103515625,1.0,0.0,0.0,0.0,1.0,0.0,0.0,0.0,706,48.90478536973184,49.99445021662352,271.51707699745566,411.8144901021437,0.0,0.0,652
pipelined,B2,nominal,16,27,4.836463730031555,581.0757127293483,16.00048828125,1.0,0.0,-2.220446049250313e-14,0.0,1.0,0.0,0.0,0.0,966,49.60291120490949,49.99445021662351,273.43599733367404,411.8144901021437,0.0,0.0,912
pipelined,B2,nominal,64,9,8.6541926997573,1039.6470809562015,9.15234375,1.0,0.0,-2.220446049250313e-14,0.0,1.0,0.0,0.0,0.0,541,48.401921942516346,49.985577102444424,265.488930661909,274.432,0.0,0.0,523
pipelined,B2,nominal,96,9,9.2855332098401,1114.1436604183825,9.796875,1.0,0.0,-2.220446049250313e-14,2.220446049250313e-14,1.0,0.0,0.0,0.0,563,47.43424047531127,49.98557710244443,261.8619239825129,331.00642953985744,0.7339449541284404,0.00023834330283553572,545
pipelined,B2,nominal,128,9,9.798724502725012,1173.1120520904879,10.3125,1.0,0.0,-2.220446049250313e-14,4.440892098500626e-14,1.0,0.0,0.0,0.0,577,45.78841300950746,49.959347830800596,253.50353534061884,395.59465118878825,2.5044722719141324,0.0009543131025012117,559
pipelined,B2,nominal,all,135,3.8137156573967976,458.0704633768413,71.81689453125,1.0,0.0,0.0,0.0,1.0,0.0,0.0,0.0,4214,48.29772539740348,49.99445021662352,267.20949487553924,411.8144901021437,0.4563894523326572,0.0011926564053367475,3944
pipelined,B2,random,2,27,1.719738038536896,206.65247252137212,5.49462890625,0.999942111152444,0.005788884755597579,0.003569592199977878,0.007849486501995961,0.999942111152444,0.005788884755597579,0.003559755424589195,0.007924211441738547,314,53.666662612099934,98.81699619362011,195.448382205669,710.7272974334811,42.69230769230769,0.01857763398884004,260
pipelined,B2,random,4,27,2.8947451138753673,347.8558802063531,9.2490234375,0.9999018225642345,0.009817743576545634,0.007779229629548412,0.011706825412595987,0.9999018225642345,0.009817743576545634,0.0077454233593934885,0.011597097693707146,547,55.4221567882378,99.77308024489837,175.62906593716662,724.345306810523,51.724137931034484,0.04279297757599526,493
pipelined,B2,random,8,27,3.627736576067922,435.91307032010616,11.81103515625,0.9999160138046161,0.00839861953838561,0.006721649050357714,0.009940159035201346,0.9999160138046161,0.00839861953838561,0.006755072082827995,0.009842790089217845,706,54.805379878058794,99.60455156247228,170.905150467424,658.6264496556743,50.920245398773,0.055057582585605676,652
pipelined,B2,random,16,27,4.835925928066057,581.0757127293483,16.00048828125,0.9998888026468267,0.011119735317333124,0.009838758934388181,0.012408672127622589,0.9998888026468266,0.011119735317344226,0.009778299747955077,0.012341096138764607,966,53.568305775800575,99.35255119378357,163.3046984424886,765.0901232789156,51.864035087719294,0.07903599988395721,912
pipelined,B2,random,64,9,8.65409460937728,1039.6470809562015,9.15234375,0.9999886655655332,0.001133443446676985,-0.0008914668756587751,0.002632682112924666,0.9999886655655332,0.001133443446676985,-0.0008475570374610886,0.002653918295125457,541,51.35594965767375,99.98708288297001,182.77483195479007,1220.1708808439132,52.198852772466545,0.04592750946638384,523
pipelined,B2,random,96,9,9.275452016000635,1114.1436604183825,9.796875,0.9989143117996947,0.10856882003053014,0.0002056006402015309,0.2483328182927047,0.9989143117996948,0.10856882003051904,0.00017672170385812935,0.26306850664899156,563,53.46779103230364,99.9377651523581,205.68518369508232,1836.620458128782,50.45871559633027,0.04608994029131392,545
pipelined,B2,random,128,9,9.77089867130829,1173.1120520904879,10.3125,0.9971602598471886,0.28397401528114097,0.020659464848984677,0.5878808431994691,0.9971602598471886,0.28397401528114097,0.05391352352109528,0.5776868790460183,577,52.76115753878281,99.68640314287256,213.61528656503486,2192.4139995887986,51.341681574239715,0.04831195488686301,559
pipelined,B2,random,all,135,3.8124458531007437,458.0704633768413,71.81689453125,0.9996670427451532,0.03329572548468329,0.013320851835158243,0.05943949229329752,0.9996670427451532,0.03329572548468329,0.013403314601834193,0.059395161173917126,4214,53.61555681361282,99.98708288297001,183.62345250630125,2192.4139995887986,50.86206896551724,0.33579359867895897,3944
pipelined,B2,static,2,27,1.7195995591079485,206.65247252137212,5.49462890625,0.9998615922539662,0.013840774603379735,0.013216372336491977,0.014399215481007976,0.9998615922539662,0.013840774603379735,0.013213237725013816,0.014415645718145464,314,11.684625236542773,48.13536151695303,58.92958019005776,264.3216163937477,89.61538461538461,0.0394935,260
pipelined,B2,static,4,27,2.894539635271082,347.8558802063531,9.2490234375,0.9998308462181866,0.016915378181336926,0.01653753931521118,0.017259247346585183,0.9998308462181866,0.016915378181336926,0.01655602049197763,0.017253533934040444,547,9.12389775844728,48.12457232136998,39.63717367273714,264.26237060175134,94.52332657200812,0.078987,493
pipelined,B2,static,8,27,3.6273969224640545,435.91307032010616,11.81103515625,0.9998223948026482,0.017760519735177116,0.01731226791055085,0.018184613714940786,0.9998223948026482,0.017760519735177116,0.017318605399340714,0.018169554396562093,706,8.206168176066363,48.128566293048834,33.60718296262629,264.2843023587117,95.85889570552148,0.1059375,652
pipelined,B2,static,16,27,4.835549633693493,581.0757127293483,16.00048828125,0.999810999029645,0.01890009703550133,0.01851815564854531,0.019236927198880982,0.9998109990296449,0.01890009703551243,0.01851937013757743,0.019231831662924193,966,6.276911075764953,48.12985759972908,26.55632451085833,264.29139320124875,97.03947368421053,0.1500075,912
pipelined,B2,static,64,9,8.655804085156475,1039.6470809562015,9.15234375,1.0001861970786972,-0.018619707869715896,-0.021120170384469894,-0.015815001368170715,1.0001861970786972,-0.018619707869715896,-0.02123530612648583,-0.015869167230680437,541,6.353352130742487,74.05470606748497,39.549540694427364,813.4767598647587,98.2791586998088,0.0851677073844233,523
pipelined,B2,static,96,9,9.31551233189705,1114.1436604183825,9.796875,1.003228583795832,-0.32285837958319075,-1.0068780759395783,0.18719289272422995,1.003228583795832,-0.32285837958319075,-1.092573739517999,0.18713567494909322,563,6.927106948970911,82.72377972881574,55.672382052688796,1363.0225158799383,97.61467889908258,0.08788303292710352,545
pipelined,B2,static,128,9,9.933766682502004,1173.1120520904879,10.3125,1.013781607977593,-1.378160797759298,-2.820861003490984,0.04679581787231939,1.013781607977593,-1.378160797759298,-2.888937829512912,0.05969832671441625,577,7.734332975686711,87.02877585837506,70.1940337664648,1974.2429496755424,96.06440071556351,0.08873588896562107,559
pipelined,B2,static,all,135,3.81755021362125,458.0704633768413,71.81689453125,1.0010054646357849,-0.10054646357848807,-0.23062239999479928,0.0049465797751820995,1.0010054646357849,-0.10054646357848807,-0.22437965135562177,0.007486132151581434,4214,7.668872821929386,87.02877585837506,43.38094753734405,1974.2429496755424,96.14604462474645,0.6362121292771478,3944
pipelined,B2,btb,2,27,1.7196580976184506,206.65247252137212,5.49462890625,0.9998956294854885,0.010437051451150925,0.00803851205549655,0.012390184901517052,0.9998956294854885,0.010437051451150925,0.008267493508564983,0.012422338323176962,314,4.553239111538561,49.99958567965459,10.091269612418428,273.5787272595967,68.84615384615384,0.01801362635462731,260
pipelined,B2,btb,4,27,2.894600467576001,347.8558802063531,9.2490234375,0.9998518588912085,0.014814110879146636,0.013325427783550392,0.016138907381639256,0.9998518588912085,0.014814110879146636,0.013376151478454168,0.01613405310939453,547,4.053641702887661,50.02302862827567,12.152068086590283,274.5316437215131,71.6024340770791,0.034068471150469556,493
pipelined,B2,btb,8,27,3.627535876636782,435.91307032010616,11.81103515625,0.9998606948554722,0.01393051445277571,0.012235697308620452,0.015554894685299303,0.9998606948554722,0.01393051445277571,0.012204891933795536,0.015448819038220152,706,3.712559088537141,50.037192414272724,11.76953446254265,274.5295773662869,73.92638036809815,0.046599848802657856,652
pipelined,B2,btb,16,27,4.835719476654631,581.0757127293483,16.00048828125,0.9998461162083563,0.015388379164371635,0.013572445370218511,0.016951605831018454,0.9998461162083563,0.015388379164371635,0.013655177290022302,0.01696239657603349,966,2.103389525445047,50.00058753096736,8.493250634525033,274.59597139370163,69.95614035087719,0.06050868423123291,912
pipelined,B2,btb,64,9,8.653706209941504,1039.6470809562015,9.15234375,0.9999437856501842,0.0056214349815841835,0.00473403387937027,0.006674986430420248,0.999943785650184,0.005621434981595286,0.004727888160423188,0.006703247876949092,541,2.5915082940055596,50.00868085548501,20.523075169588775,549.3618855985378,71.1281070745698,0.03732385524351947,523
pipelined,B2,btb,96,9,9.27702552704056,1114.1436604183825,9.796875,0.9990837701392822,0.0916229860717821,0.0036238116691411637,0.21438736003156295,0.9990837701392822,0.0916229860717821,0.0035941671599321046,0.21485380670623414,563,2.0776964084556035,49.992187903505474,22.88932837468896,549.3151835129538,70.64220183486239,0.0375167258183753,545
pipelined,B2,btb,128,9,9.767704283526182,1173.1120520904879,10.3125,0.9968342594803841,0.3165740519615934,0.06225314027619111,0.6816762618184193,0.9968342594803842,0.3165740519615823,0.025248237221098258,0.6698913199695478,577,2.354003227321797,49.96154158298472,25.21552859120439,549.3573830811514,68.51520572450805,0.03984866660982661,559
pipelined,B2,btb,all,135,3.812246174367478,458.0704633768413,71.81689453125,0.9996146846903834,0.03853153096166073,0.016556583841200734,0.06969627783983522,0.9996146846903834,0.03853153096166073,0.016830418108436662,0.06816528682901778,4214,2.902232799661126,50.037192414272724,15.393603911721145,549.3618855985378,70.79107505070994,0.273879878210709,3944
pipelined,B2,ema,2,27,1.7196787205566444,206.65247252137212,5.49462890625,0.9999076206980416,0.009237930195837851,0.007324279895912222,0.01109834390613018,0.9999076206980416,0.009237930195837851,0.007341274492824734,0.011112120001253445,314,4.497132528146674,19.600168066950324,10.1227883242997,107.58095022094552,51.53846153846153,0.009380229964104016,260
pipelined,B2,ema,4,27,2.8946546419970423,347.8558802063531,9.2490234375,0.9998705718003607,0.01294281996393476,0.011070951982640465,0.014711438789714315,0.9998705718003607,0.01294281996393476,0.011082479417730828,0.014713535891710535,547,3.5498057760531156,16.44955405498905,8.843930556990673,90.26524882549955,58.620689655172406,0.019700584971543866,493
pipelined,B2,ema,8,27,3.627512899628463,435.91307032010616,11.81103515625,0.9998543616837863,0.014563831621372536,0.013094368543000723,0.01601400978087364,0.9998543616837863,0.014563831621372536,0.013117083659628381,0.015951039565179903,706,3.055715367691741,21.903141580955786,8.11773162014156,120.16653709434392,64.2638036809816,0.03293533703581308,652
pipelined,B2,ema,16,27,4.835956549975127,581.0757127293483,16.00048828125,0.9998951341135303,0.010486588646974049,0.008525846210727384,0.012440337337452088,0.9998951341135301,0.010486588646985151,0.008451622501360057,0.012429014408586181,966,2.088891157951405,21.882792953261436,8.374547243593112,101.61546340107382,63.26754385964912,0.046552585370799295,912
pipelined,B2,ema,64,9,8.653469269393744,1039.6470809562015,9.15234375,0.9999164069499428,0.008359305005722906,0.007007059714678743,0.009280768068195555,0.9999164069499427,0.008359305005734008,0.007036863665137727,0.009284580445856339,541,2.041231111658713,49.9916437138687,12.721678185882958,549.1992679212966,70.36328871892925,0.031575943166331735,523
pipelined,B2,ema,96,9,9.277916869021562,1114.1436604183825,9.796875,0.9991797626860601,0.08202373139398755,0.00838766122368273,0.2164152829270516,0.9991797626860601,0.08202373139398755,0.008367630439736762,0.2039565707474969,563,1.450669813000912,58.328692443710764,12.540588325449201,961.1722204235648,77.61467889908256,0.0355586745498986,545
pipelined,B2,ema,128,9,9.768723602026208,1173.1120520904879,10.3125,0.996938285111449,0.30617148885510037,0.019066900567021317,0.6932268053236057,0.996938285111449,0.30617148885510037,0.018930494840652123,0.654731855941377,577,2.135207697424834,57.808576637541265,29.948756624105208,1270.0957662437347,80.14311270125224,0.03808340744539688,559
pipelined,B2,ema,all,135,3.8123461175528965,458.0704633768413,71.81689453125,0.9996408909402451,0.03591090597548918,0.015367987590072518,0.06687514393316522,0.9996408909402451,0.03591090597548918,0.015592721722589298,0.06704369518709008,4214,2.5349063263055394,58.328692443710764,12.591440058740906,1270.0957662437347,67.39350912778905,0.21378676250388748,3944
pipelined,B2,ours,2,27,1.7198040357118625,206.65247252137212,5.49462890625,0.9999804852262779,0.0019514773722084655,0.0018015072092178452,0.002142590319880733,0.9999804852262779,0.0019514773722084655,0.0017992807386202347,0.0021182313646331274,314,4.759011363732172,16.4222444260883,8.903076208796467,90.17701432291669,100.0,0.019525426919149175,260
pipelined,B2,ours,4,27,2.895009669335584,347.8558802063531,9.2490234375,0.9999932052167422,0.0006794783257824122,0.0005538728389070657,0.0008050496361539092,0.9999932052167422,0.0006794783257824122,0.0005640863483308278,0.0008057522523574612,547,3.6973165835549207,16.47014407643161,6.794053700330257,68.75054557291656,100.0,0.03251306075526879,493
pipelined,B2,ours,8,27,3.628031565664137,435.91307032010616,11.81103515625,0.9999973220294488,0.00026779705512014473,0.00010072850639641917,0.00045642103146309443,0.9999973220294488,0.00026779705512014473,9.61156717654843e-05,0.00044858734218722324,706,3.085122682459898,13.447888565335134,5.7159287599871815,36.9401451822916,100.0,0.041437593697050176,652
pipelined,B2,ours,16,27,4.836473222891687,581.0757127293483,16.00048828125,1.0000019627688042,-0.00019627688041534697,-0.00036089802759542433,-2.643601148211166e-05,1.0000019627688042,-0.00019627688041534697,-0.0003548149060994543,-2.2976966828625103e-05,966,1.5973448572558917,22.82716826917218,3.4348328093704588,62.723496398866644,100.0,0.05631552718342113,912
pipelined,B2,ours,64,9,8.654851157676818,1039.6470809562015,9.15234375,1.0000760854238362,-0.007608542383619188,-0.008203456769408368,-0.007078033456128785,1.000076085423836,-0.007608542383596983,-0.008203306765085516,-0.007054976191122053,541,1.6925729583214293,16.108075704793393,5.353665948632359,118.32600883391045,92.92543021032505,0.02625438648530969,523
pipelined,B2,ours,96,9,9.285721855670472,1114.1436604183825,9.796875,1.0000203161009829,-0.0020316100982853413,-0.005984802104269105,0.004307061614265139,1.000020316100983,-0.002031610098307546,-0.005998299650205596,0.004002220657644267,563,2.426509509853031,26.12735766542152,8.095912395410961,150.1353209356866,91.74311926605505,0.030100391595772175,545
pipelined,B2,ours,128,9,9.801653608913057,1173.1120520904879,10.3125,1.0002989272927538,-0.029892729275382557,-0.07107732381182008,-0.00044145573417697875,1.000298927292754,-0.02989272927540476,-0.06727427326427005,-0.00026433573223627604,577,3.7408615122520423,25.705458506142975,12.640906135336717,155.50302270064947,82.28980322003578,0.03560773542955599,559
pipelined,B2,ours,all,135,3.8137955444185443,458.0704633768413,71.81689453125,1.0000209472936432,-0.0020947293643214238,-0.005157638658245811,7.473120412687653e-05,1.0000209472936432,-0.0020947293643214238,-0.005243794540973901,6.646788497627106e-05,4214,2.7712808263908166,26.12735766542152,6.7901144515807585,155.50302270064947,95.4107505070994,0.24175412206552713,3944
pipelined,best_hetero,none,2,27,1.7196200715770802,206.65247252137212,5.49462890625,1.0,0.0,0.0,0.0,1.0,0.0,-2.220446049250313e-14,0.0,314,48.33006974644817,52.57995156142029,268.4934399197663,376.21776333841444,0.0,0.0,260
pipelined,best_hetero,none,4,27,2.8968102582215884,347.8558802063531,9.2490234375,1.0,0.0,0.0,0.0,1.0000000000000002,-2.220446049250313e-14,-2.220446049250313e-14,0.0,547,48.7800871145506,52.5940011754464,271.0768091861617,376.21776333841444,0.0,0.0,493
pipelined,best_hetero,none,8,27,3.6281349494355255,435.91307032010616,11.81103515625,1.0,0.0,0.0,0.0,1.0,0.0,-2.220446049250313e-14,0.0,706,49.130214402479396,52.608544721511116,272.37918839103946,457.2907314248252,0.0,0.0,652
pipelined,best_hetero,none,16,27,4.844668109857773,582.0331613930191,16.0166015625,1.0,0.0,0.0,0.0,1.0,0.0,-2.220446049250313e-14,1.1102230246251565e-14,966,48.896398387911496,52.643814174206035,270.6804262165334,457.8941630681817,0.3289473684210526,0.0005651178004724206,912
pipelined,best_hetero,none,64,9,8.491429194002444,1020.0129489280215,8.97509765625,1.0,0.0,0.0,0.0,1.0000000000000002,-2.220446049250313e-14,-4.440892098500626e-14,0.0,541,47.695419769249604,53.03277254738488,258.5240206891603,371.7908170640172,4.2065009560229445,0.004324584986199974,523
pipelined,best_hetero,none,96,9,9.212999187693162,1106.655589652282,9.732421875,1.0,0.0,0.0,0.0,1.0,0.0,-2.220446049250313e-14,1.1102230246251565e-14,563,47.21161409274264,53.07531899085932,257.81137914056745,457.2301120783158,6.422018348623854,0.006936294592698337,545
pipelined,best_hetero,none,128,9,9.706940403056185,1156.530857880636,10.16748046875,1.0,0.0,0.0,0.0,1.0,0.0,-2.220446049250313e-14,2.220446049250313e-14,577,43.28900699366706,53.079040977216266,232.7905853779528,623.3123359650814,12.343470483005367,4.434331750908051,559
pipelined,best_hetero,none,all,135,3.8061942563508224,456.99965742729074,71.4462890625,1.0,0.0,0.0,0.0,1.0,0.0,-2.220446049250313e-14,0.0,4214,47.73121016318009,53.079040977216266,262.38548241597914,623.3123359650814,3.27079107505071,4.446157748287422,3944
pipelined,best_hetero,nominal,2,27,1.71962007157708,206.65247252137212,5.49462890625,0.9999999999999999,1.1102230246251565e-14,0.0,1.1102230246251565e-14,1.0,0.0,0.0,0.0,314,48.33006974644817,52.57995156142029,268.4934399197663,376.21776333841456,0.0,0.0,260
pipelined,best_hetero,nominal,4,27,2.8968102582215884,347.8558802063531,9.2490234375,0.9999999999999999,1.1102230246251565e-14,0.0,1.1102230246251565e-14,1.0,0.0,0.0,0.0,547,48.78008711455058,52.5940011754464,271.07680918616165,376.21776333841444,0.0,0.0,493
pipelined,best_hetero,nominal,8,27,3.6281349494355255,435.91307032010616,11.81103515625,1.0,0.0,0.0,1.1102230246251565e-14,1.0,0.0,0.0,0.0,706,49.130214402479396,52.608544721511116,272.3791883910394,457.2907314248252,0.0,0.0,652
pipelined,best_hetero,nominal,16,27,4.844668109857773,582.0331613930191,16.0166015625,1.0,0.0,0.0,2.220446049250313e-14,1.0,0.0,0.0,0.0,966,48.89639838791149,52.643814174206035,270.6804262165334,457.8941630681817,0.3289473684210526,0.0005651178004724206,912
pipelined,best_hetero,nominal,64,9,8.491429194002444,1020.0129489280215,8.97509765625,0.9999999999999998,2.220446049250313e-14,0.0,4.440892098500626e-14,1.0,0.0,0.0,0.0,541,47.69541976924959,53.03277254738492,258.5240206891601,371.7908170640174,4.2065009560229445,0.004324584986199974,523
pipelined,best_hetero,nominal,96,9,9.212999187693157,1106.655589652282,9.732421875,1.0,0.0,-2.220446049250313e-14,2.220446049250313e-14,1.0,0.0,0.0,0.0,563,47.21161409274263,53.07531899085932,257.8113791405674,457.2301120783158,6.422018348623854,0.006936294592698337,545
pipelined,best_hetero,nominal,128,9,9.70694040305619,1156.530857880636,10.16748046875,1.0,0.0,-2.220446049250313e-14,1.1102230246251565e-14,1.0,0.0,0.0,0.0,577,43.289006993667066,53.079040977216295,232.79058537795282,623.3123359650816,12.343470483005367,4.434331750908053,559
pipelined,best_hetero,nominal,all,135,3.8061942563508224,456.99965742729074,71.4462890625,0.9999999999999999,1.1102230246251565e-14,0.0,1.1102230246251565e-14,1.0,0.0,0.0,0.0,4214,47.73121016318009,53.079040977216295,262.3854824159791,623.3123359650816,3.27079107505071,4.446157748287424,3944
pipelined,best_hetero,random,2,27,1.728587451349516,206.65247252137212,5.49462890625,1.005214744768716,-0.5214744768716084,-1.125498871688158,-0.006129524987921194,1.005214744768716,-0.5214744768716084,-1.1630155683754018,-0.006054505666217571,314,66.5467369915287,98.80901938710277,218.6032514073371,806.1404275950032,55.00000000000001,0.028449463818893274,260
pipelined,best_hetero,random,4,27,2.904724576667062,347.8558802063531,9.2490234375,1.002732080371164,-0.2732080371163903,-0.7522812166908943,0.07895867328613942,1.0027320803711641,-0.2732080371164125,-0.7714873116729654,0.06934953557098843,547,66.18425637867543,99.9666280498301,205.5578578137058,715.2994941481443,52.73833671399595,0.051884709638244125,493
pipelined,best_hetero,random,8,27,3.733411855555384,447.25181536186244,12.13330078125,1.0290168110026443,-2.9016811002644305,-4.235082935317134,-1.6095961765755908,1.0290168110026443,-2.9016811002644305,-4.266619017487763,-1.7149751840877894,706,61.741304528848815,99.53964080695835,201.28524260864094,1113.1395063929824,53.83435582822086,0.07011554921704487,652
pipelined,best_hetero,random,16,27,5.147555814275279,617.5852829779918,16.93505859375,1.0625198047728388,-6.2519804772838805,-10.14726723723678,-2.902418355301967,1.0625198047728388,-6.2519804772838805,-10.187891085443525,-2.874587861255822,966,63.67699733338029,99.25258761484554,217.41085363536143,2163.9782775132767,56.9078947368421,0.10390569371424022,912
pipelined,best_hetero,random,64,9,9.83486200381925,1178.9738814594689,10.45751953125,1.1582104471607302,-15.821044716073018,-28.523952139757938,-6.572172177599534,1.1582104471607304,-15.82104471607304,-28.19112505652916,-5.958296477167347,541,59.104092956640905,99.66180282222375,253.5831994873327,7049.6471479176125,57.74378585086042,0.06043073717967851,523
pipelined,best_hetero,random,96,9,11.931854497084773,1432.5162805612138,12.77783203125,1.29511077272464,-29.511077272464004,-46.9261411786178,-14.76646432586825,1.2951107727246403,-29.511077272464025,-46.59898398184971,-14.487400909914417,563,56.93966339944154,99.5635843161019,316.9657171480688,11407.008862499028,61.65137614678899,0.06725573315892433,545
pipelined,best_hetero,random,128,9,12.019071618608557,1443.6229456883652,12.90673828125,1.2381936140067786,-23.819361400677863,-42.322404633992576,-11.701050278686004,1.2381936140067786,-23.819361400677863,-41.929219014668334,-11.840273067335485,577,58.52363014736647,99.9478487219223,293.6140078605277,14072.448482930795,59.92844364937389,0.06711733564546052,559
pipelined,best_hetero,random,all,135,4.04442822457014,484.5980209166593,79.9541015625,1.0625911217804536,-6.259112178045356,-8.51631935682739,-4.33730345753768,1.0625911217804538,-6.2591121780453784,-8.574302837353837,-4.337582500430016,4214,61.69916550886258,99.9666280498301,241.6381887214036,14072.448482930795,56.94726166328601,0.44915922237248584,3944
pipelined,best_hetero,static,2,27,1.7196596120970224,206.65247252137212,5.49462890625,1.0000229937534435,-0.0022993753443500964,-0.0030759583743739105,-0.001551273747606441,1.0000229937534437,-0.002299375344372301,-0.0030814333330148047,-0.0015604459140394766,314,26.024421352629055,51.718275366916025,101.46146327357697,299.3375950514896,89.61538461538461,0.04670215853658598,260
pipelined,best_hetero,static,4,27,2.8945996806079943,347.8558802063531,9.2490234375,0.9992368925070875,0.07631074929125292,0.015650520442339055,0.1375619784062615,0.9992368925070876,0.07631074929124182,0.015990912068072904,0.13723159913640787,547,22.233972000169473,51.61013874485237,77.87008286956892,298.74384181882766,94.52332657200812,0.09376738781163434,493
pipelined,best_hetero,static,8,27,3.627460267218534,435.91307032010616,11.81103515625,0.9998140415870979,0.0185958412902143,0.0019406782093678299,0.05125703548924137,0.9998140415870979,0.0185958412902143,0.0019463234443295452,0.051232385921079475,706,21.39686156061599,51.52310114733516,71.28052099217263,298.3282528328579,95.85889570552148,0.12588384892086335,652
pipelined,best_hetero,static,16,27,4.868638561688509,585.0410835206322,16.0810546875,1.0049478006103167,-0.4947800610316744,-1.1631041830577742,0.021268084057366465,1.0049478006103167,-0.4947800610316744,-1.1585729477237232,0.02111886479015,966,19.614109799842097,51.454110647234984,64.22135718124467,298.12419575029037,97.03947368421053,0.1784007813362775,912
pipelined,best_hetero,static,64,9,9.846922140917208,1182.8423075613573,10.55419921875,1.1596307189221051,-15.963071892210511,-27.199916935424135,-7.04688000743512,1.1596307189221053,-15.963071892210534,-27.435008485369643,-6.370231864843449,541,16.292919230554137,95.3605009324084,113.28514162948176,6283.977035984865,99.4263862332696,0.10139834625631193,523
pipelined,best_hetero,static,96,9,11.562828536612699,1388.8919215438063,12.4072265625,1.255055851091192,-25.5055851091192,-44.839772211325375,-9.26528802322626,1.255055851091192,-25.5055851091192,-45.30776296624966,-10.783066409173866,563,17.44635345135503,95.5125555236802,133.185498454876,7344.220089184039,99.44954128440368,0.1055880964581928,545
pipelined,best_hetero,static,128,9,15.255551739262327,1832.3750333672515,16.45166015625,1.5716127951562553,-57.16127951562553,-76.30135077950008,-35.00757702615647,1.5716127951562553,-57.16127951562553,-81.17311927262854,-34.55188802441842,577,18.349598150579986,96.30141065230251,237.23628062994362,8575.837004695066,98.92665474060823,0.10791795232103457,559
pipelined,best_hetero,static,all,135,4.025264353157643,483.6737893804083,82.048828125,1.0575562049785794,-5.755620497857938,-8.559725540336512,-3.3782610271823583,1.0575562049785796,-5.755620497857961,-8.557139337024877,-3.2081277421496908,4214,19.84137393141621,96.30141065230251,109.15323797585094,8575.837004695066,96.95740365111561,0.7596585716409004,3944
pipelined,best_hetero,btb,2,27,1.7196123306670497,206.65247252137212,5.49462890625,0.9999954984765772,0.0004501523422795195,-0.0007523651879387527,0.0015200174919283152,0.9999954984765773,0.00045015234226841727,-0.0007061272994196566,0.0015035722857242861,314,5.878501736571117,52.61800542715552,17.215901557624374,304.62346875,69.61538461538461,0.024381574665222377,260
pipelined,best_hetero,btb,4,27,2.8945742012933318,347.8558802063531,9.2490234375,0.9992280968620881,0.07719031379118668,0.01659500564953592,0.13858716621593437,0.9992280968620882,0.07719031379117558,0.017087895639096573,0.13836511840004923,547,4.222005349870897,52.593631195836146,13.59757011433035,274.306894205843,70.38539553752535,0.04202513981811679,493
pipelined,best_hetero,btb,8,27,3.62758789804639,435.91307032010616,11.81103515625,0.9998492196688492,0.015078033115079048,-0.002040714618437578,0.0477183853066826,0.9998492196688492,0.015078033115079048,-0.0020228060504862144,0.04822452064802557,706,3.9276034434856744,52.601828786955366,12.714638414087066,304.6222051476316,69.93865030674846,0.05447576830857713,652
pipelined,best_hetero,btb,16,27,4.875890947453728,585.8984224570481,16.09716796875,1.0064447836029105,-0.6444783602910453,-1.2218615213455475,-0.2341737556151164,1.0064447836029105,-0.6444783602910453,-1.1909626208222228,-0.12971008346162274,966,3.9440062250170236,52.58189150331144,13.418105581858718,304.47372651051313,73.79385964912281,0.08268492336986849,912
pipelined,best_hetero,btb,64,9,8.705198942074558,1045.8661995809575,9.20068359375,1.025174766601493,-2.517476660149298,-3.523289165113882,-1.419613898556546,1.0251747666014932,-2.5174766601493204,-3.5206404091392667,-1.4530254345632592,541,11.250859634226428,75.0024066120054,41.63591937033561,823.9309643291351,74.5697896749522,0.05517594167519052,523
pipelined,best_hetero,btb,96,9,9.853399733588903,1183.6421862220172,10.4091796875,1.0695105397112372,-6.951053971123722,-8.24771066883611,-5.74217723904385,1.0695105397112372,-6.951053971123722,-8.220391112951512,-5.762962343402139,563,14.253871501923074,79.99766403373468,60.74463247171717,1098.6297577221421,75.96330275229359,0.7526937708646081,545
pipelined,best_hetero,btb,128,9,10.52801464190178,1264.5433987167487,11.1181640625,1.0845863067818036,-8.458630678180356,-10.03899164167374,-6.672498443216293,1.0845863067818033,-8.458630678180334,-10.073087144850026,-6.593374960374326,577,20.288447360060204,80.00522839598919,78.93841323084406,1098.700358157029,77.8175313059034,1.2039189768317053,559
pipelined,best_hetero,btb,all,135,3.854649125771014,463.1778563062956,73.3798828125,1.0127305298039746,-1.27305298039746,-1.7549328108168776,-0.820168727655585,1.0127305298039746,-1.27305298039746,-1.7515755634711299,-0.8335607769529945,4214,8.674931979255806,80.00522839598919,32.52344887261013,1098.700358157029,73.42799188640974,2.215356095533289,3944
pipelined,best_hetero,ema,2,27,1.7195905148248778,206.65247252137212,5.49462890625,0.9999828120451193,0.0017187954880704126,0.0010325904187147295,0.0023536878578470084,0.9999828120451193,0.0017187954880704126,0.0010449371507104122,0.0023574860267813746,314,4.395174078136285,23.511923969896113,9.716751811836343,129.06194273638656,52.307692307692314,0.012283220555510255,260
pipelined,best_hetero,ema,4,27,2.894535724321636,347.8558802063531,9.2490234375,0.9992148143312123,0.07851856687877135,0.031854424021694194,0.13993850970201865,0.9992148143312124,0.07851856687876024,0.01805353986251479,0.13923752776837023,547,3.6607998473939425,17.74710260731533,9.429477757932048,97.42746092623729,60.446247464503045,0.02623519509280956,493
pipelined,best_hetero,ema,8,27,3.627564727893824,435.91307032010616,11.81103515625,0.9998428334255346,0.015716657446540605,-0.001473598189686287,0.04855254039274947,0.9998428334255346,0.015716657446540605,-0.0014211000576946908,0.04864592143428603,706,3.14306221891865,21.88662074839611,8.656967807773992,90.01870063992729,62.73006134969326,0.04091047754432657,652
pipelined,best_hetero,ema,16,27,4.85638897376086,583.5480413827482,16.048828125,1.002419332684367,-0.24193326843668927,-0.8164192885721494,0.3292986699532399,1.002419332684367,-0.24193326843668927,-0.8161411531227786,0.32922957240214573,966,2.8236334538309196,47.89556954053803,9.965889364718041,263.0880515353547,66.99561403508771,0.06317352826222597,912
pipelined,best_hetero,ema,64,9,8.393034208492253,1008.3530201553192,8.87841796875,0.9884124352612295,1.158756473877054,0.17522151060823102,2.399307734502502,0.9884124352612297,1.1587564738770317,0.043666817062587016,2.347447993826836,541,6.7829123751057585,49.47138213126156,22.01382366534834,271.73549453208267,62.7151051625239,0.03924205912956898,523
pipelined,best_hetero,ema,96,9,9.656542915156741,1159.9500563046738,10.19970703125,1.0481432504689758,-4.814325046897583,-6.956244346252434,-2.807760234777642,1.0481432504689758,-4.814325046897583,-6.975505805247752,-2.783654009226286,563,6.701369066319261,70.48126291395431,30.343087600268728,774.3830002298066,72.8440366972477,0.0753779549998949,545
pipelined,best_hetero,ema,128,9,10.482980801726518,1258.7983826164811,11.06982421875,1.0799469623225457,-7.994696232254572,-10.63767573525093,-5.234674642873616,1.0799469623225457,-7.994696232254572,-10.522103735255495,-5.254209859487217,577,10.636150670055995,69.28377604723607,46.33427629373713,951.4384144619592,64.57960644007156,0.16194779658437497,559
pipelined,best_hetero,ema,all,135,3.835908288231276,460.9181715007579,72.75146484375,1.0078067565340034,-0.7806756534003423,-1.2680174712810026,-0.36570597959810114,1.0078067565340036,-0.7806756534003645,-1.27157119378764,-0.36444106862803216,4214,5.199017402920926,70.48126291395431,18.90730117335135,951.4384144619592,64.40162271805275,0.4191702321687112,3944
pipelined,best_hetero,ours,2,27,1.7198170914074582,206.65247252137212,5.49462890625,1.0001145717205995,-0.011457172059947673,-0.012050688783103447,-0.010841351206619665,1.0001145717205995,-0.011457172059947673,-0.012051896235310555,-0.010795305106469644,314,4.900621142966411,16.017499319351046,9.239365626537031,87.9566920138888,100.0,0.022072561484124627,260
pipelined,best_hetero,ours,4,27,2.8949994935900665,347.8558802063531,9.2490234375,0.9993749108605291,0.06250891394709024,0.0020801613647278283,0.1233443482837307,0.9993749108605292,0.06250891394707914,0.016283406831324176,0.123346772905783,547,3.7524385352875997,14.589366675344017,7.146547581212539,72.63292566287872,100.0,0.035633773302563176,493
pipelined,best_hetero,ours,8,27,3.628021241466503,435.91307032010616,11.81103515625,0.9999686593881961,0.003134061180387615,-0.013249446835493228,0.03549842808341391,0.9999686593881961,0.003134061180387615,-0.013245983063500666,0.035532734054737884,706,3.087745447448655,21.876271579685707,5.776950355523708,60.14990930607263,100.0,0.046331250548931016,652
pipelined,best_hetero,ours,16,27,4.868214576506061,584.9088405511048,16.0810546875,1.0048602847737653,-0.4860284773765322,-1.3122989722173577,0.18922981194690705,1.0048602847737653,-0.4860284773765322,-1.2374784820250084,0.1876913274222288,966,2.1249091112669642,21.88477908299177,4.509890422134589,60.170390134158545,96.71052631578947,0.05901778978141176,912
pipelined,best_hetero,ours,64,9,8.442354887385893,1014.2818915656468,8.9267578125,0.9942207247454631,0.577927525453692,-0.31920263125975734,1.5358895314948056,0.9942207247454633,0.5779275254536698,-0.18744761423797662,1.5290527832770833,541,3.3599293949589195,26.14138301515572,10.60277467437385,71.92227707096376,57.17017208413002,0.023316296049641097,523
pipelined,best_hetero,ours,96,9,9.440224114394638,1133.9849738267167,9.97412109375,1.024663513159212,-2.466351315921189,-4.8245010764050456,-0.18570107885931855,1.024663513159212,-2.466351315921189,-4.846334864279832,-0.026014709867748044,563,2.9416444427227746,18.77592867474867,9.728978149812454,256.82993313805525,62.018348623853214,0.19507908772485696,545
pipelined,best_hetero,ours,128,9,10.071741959679326,1209.6728515628747,10.634765625,1.0375815181175194,-3.758151811751942,-4.829754993747842,-2.543977499868232,1.0375815181175192,-3.7581518117519197,-4.863212103858345,-2.5264320890724874,577,7.196034972945656,47.1002755790062,18.558316329297543,503.04101076864197,63.50626118067979,3.557594183750703,559
pipelined,best_hetero,ours,all,135,3.8235850707198935,459.3966952287521,72.17138671875,1.0045690821849287,-0.45690821849286856,-0.7588921264334025,-0.17073186713132588,1.004569082184929,-0.45690821849289076,-0.7672146213824271,-0.1859845185162247,4214,3.6663429540559442,47.1002755790062,8.81990217171879,503.04101076864197,83.13894523326572,3.9390449426422314,3944
port_tight,B1,none,2,27,4.825755781967399,206.65247252137212,5.49462890625,1.0,0.0,0.0,0.0,0.9999999999999998,2.220446049250313e-14,1.1102230246251565e-14,2.220446049250313e-14,314,0.014560099404494717,0.005623112688725381,0.10054892401228316,0.04333333333325572,100.0,0.03468130973938375,287
port_tight,B1,none,4,27,8.123165006891828,347.8558802063531,9.2490234375,1.0,0.0,0.0,0.0,1.0000000000000002,-2.220446049250313e-14,-2.220446049250313e-14,0.0,547,0.01522640186194461,0.011243725568782368,0.10675661099702483,0.04333333333395421,100.0,0.06452654837611178,520
port_tight,B1,none,8,27,10.179828301038857,435.91307032010616,11.81103515625,1.0,0.0,0.0,0.0,0.9999999999999999,1.1102230246251565e-14,0.0,2.220446049250313e-14,706,0.014866596269479,0.01124372556902399,0.09381969263194698,0.04333333333395421,100.0,0.09138299954164925,679
port_tight,B1,none,16,27,13.57011391955478,581.0757127293483,16.00048828125,1.0,0.0,0.0,0.0,1.0,0.0,-2.220446049250313e-14,1.1102230246251565e-14,966,0.01491726820053055,0.01124372556902399,0.09106209010313814,0.04333333333581686,100.0,0.12892796200318843,939
port_tight,B1,none,64,9,23.508575206593594,1006.5901292724799,8.8623046875,1.0,0.0,0.0,0.0,0.9999999999999999,1.1102230246251565e-14,-2.220446049250313e-14,4.440892098500626e-14,541,0.015011169680449715,0.01124372556902399,0.10012339035359528,0.04333333333581686,100.0,0.07087512477539364,532
port_tight,B1,none,96,9,25.250248706013497,1081.1275565478677,9.5068359375,1.0,0.0,0.0,0.0,1.0000000000000004,-4.440892098500626e-14,-8.881784197001252e-14,2.220446049250313e-14,563,0.015261606274541437,0.01124372556902399,0.10690084177260696,0.04333333333395421,100.0,0.07141064672517916,554
port_tight,B1,none,128,9,25.85796686213531,1107.0986297602988,9.732421875,1.0,0.0,0.0,0.0,1.0,0.0,-6.661338147750939e-14,4.440892098500626e-14,577,0.015440070210777233,0.01124372556902399,0.11033730780359459,0.04333333333395421,100.0,0.07176326682766544,568
port_tight,B1,none,all,135,10.611953423289952,454.41107591339477,70.65673828125,1.0,0.0,0.0,0.0,1.0,0.0,0.0,1.1102230246251565e-14,4214,0.01505193609890088,0.01124372556902399,0.10018686879329908,0.04333333333581686,100.0,0.5335678579885715,4079
port_tight,B1,nominal,2,27,4.8257557819674,206.65247252137212,5.49462890625,1.0000000000000002,-2.220446049250313e-14,-2.220446049250313e-14,-2.220446049250313e-14,1.0,0.0,0.0,0.0,314,0.014560099404467387,0.005623112688725381,0.10054892401218823,0.04333333333325572,100.0,0.03468130973937444,287
port_tight,B1,nominal,4,27,8.123165006891824,347.8558802063531,9.2490234375,0.9999999999999998,2.220446049250313e-14,1.1102230246251565e-14,2.220446049250313e-14,1.0,0.0,0.0,0.0,547,0.015226401861954963,0.01124372556902399,0.10675661099720381,0.04333333333488554,100.0,0.06452654837602878,520
port_tight,B1,nominal,8,27,10.179828301038857,435.91307032010616,11.81103515625,1.0,0.0,-2.220446049250313e-14,1.1102230246251565e-14,1.0,0.0,0.0,0.0,706,0.014866596269470938,0.01124372556902399,0.09381969263198589,0.04333333333488554,100.0,0.09138299954156497,679
port_tight,B1,nominal,16,27,13.570113919554773,581.0757127293483,16.00048828125,1.0,0.0,-2.220446049250313e-14,2.220446049250313e-14,1.0,0.0,0.0,0.0,966,0.014917268200536156,0.01124372556902399,0.09106209010323804,0.04333333333581686,100.0,0.1289279620031292,939
port_tight,B1,nominal,64,9,23.508575206593594,1006.5901292724799,8.8623046875,1.0000000000000002,-2.220446049250313e-14,-4.440892098500626e-14,2.220446049250313e-14,1.0,0.0,0.0,0.0,541,0.015011169680420098,0.01124372556902399,0.10012339035333072,0.04333333333488554,100.0,0.07087512477554667,532
port_tight,B1,nominal,96,9,25.250248706013497,1081.1275565478677,9.5068359375,0.9999999999999997,3.3306690738754696e-14,-2.220446049250313e-14,8.881784197001252e-14,1.0,0.0,0.0,0.0,563,0.015261606274576475,0.01124372556902399,0.10690084177266237,0.04333333333488554,100.0,0.07141064672529278,554
port_tight,B1,nominal,128,9,25.85796686213531,1107.0986297602988,9.732421875,0.9999999999999999,1.1102230246251565e-14,-4.440892098500626e-14,6.661338147750939e-14,1.0,0.0,0.0,0.0,577,0.015440070210811417,0.01124372556902399,0.11033730780368277,0.04333333333488554,100.0,0.0717632668278467,568
port_tight,B1,nominal,all,135,10.611953423289952,454.41107591339477,70.65673828125,1.0,0.0,0.0,1.1102230246251565e-14,1.0,0.0,0.0,0.0,4214,0.015051936098905684,0.01124372556902399,0.10018686879333018,0.04333333333581686,100.0,0.5335678579887835,4079
port_tight,B1,random,2,27,4.825985893376212,206.65247252137212,5.49462890625,1.0000476840145274,-0.004768401452737159,-0.005510224088867699,-0.004075630952837806,1.0000476840145274,-0.004768401452737159,-0.005508631567542888,-0.0040188557640213896,314,50.70610849391961,99.95999945459164,250.44112195331994,968.3438284347977,47.73519163763066,0.03430479999999958,287
port_tight,B1,random,4,27,8.12368579731036,347.8558802063531,9.2490234375,1.0000641117616214,-0.00641117616213549,-0.0072668094399497285,-0.005602233772581955,1.0000641117616214,-0.00641117616213549,-0.007328641182483553,-0.0055743881075104315,547,50.625714610721985,99.26193297288066,237.17148066766188,1055.0476671630652,54.03846153846153,0.07036240000004927,520
port_tight,B1,random,8,27,10.180274604043248,435.91307032010616,11.81103515625,1.0000438418990178,-0.004384189901784907,-0.004993699974844001,-0.0037862739689215053,1.0000438418990176,-0.004384189901762703,-0.0050383947492155245,-0.003733271063144916,706,50.99539381792867,99.94063203268134,221.60190462160543,995.4250509296488,53.31369661266569,0.09064080000007863,679
port_tight,B1,random,16,27,13.570719934983556,581.0757127293483,16.00048828125,1.0000446580944249,-0.004465809442488755,-0.005080597038062407,-0.0037996570831205782,1.000044658094425,-0.00446580944251096,-0.005062428430799293,-0.003805827550175667,966,50.71897838653845,99.1031014412761,225.42614086094585,1051.8980821214323,55.6975505857295,0.13095520000010205,939
port_tight,B1,random,64,9,23.510009344319222,1006.5901292724799,8.8623046875,1.0000610048764345,-0.006100487643445618,-0.007196998010270961,-0.0051293650894657095,1.0000610048764345,-0.006100487643445618,-0.007175621904113028,-0.005138771136498077,541,53.12113433104597,99.45640459361897,225.9703115007646,912.733236747589,57.70676691729323,0.07687279999993288,532
port_tight,B1,random,96,9,25.25188151871127,1081.1275565478677,9.5068359375,1.0000646652124807,-0.006466521248071899,-0.007608909710339895,-0.00540870162554663,1.000064665212481,-0.006466521248094104,-0.007747003320007773,-0.005386967433495538,563,52.74184558771261,99.01116947848314,249.69729297831776,1672.3100455853566,54.69314079422383,0.0758711999999102,554
port_tight,B1,random,128,9,25.859655289307664,1107.0986297602988,9.732421875,1.0000652962076004,-0.006529620760042931,-0.007309026251205442,-0.005832486054587749,1.0000652962076004,-0.006529620760042931,-0.0072598746229779465,-0.005830356345986054,577,51.69339716485707,99.99825054058215,231.72371367394348,1522.7569229450673,52.46478873239436,0.07461919999989623,568
port_tight,B1,random,all,135,10.612513630413892,454.41107591339477,70.65673828125,1.0000527901981464,-0.005279019814641295,-0.005626119221924242,-0.004950281116972156,1.0000527901981464,-0.005279019814641295,-0.005615260903905628,-0.004946040395775175,4214,51.46429710942337,99.99825054058215,232.3488386833537,1672.3100455853566,54.20446187791125,0.5536263999999689,4079
port_tight,B1,static,2,27,4.826294077557175,206.65247252137212,5.49462890625,1.0001115463803176,-0.011154638031762865,-0.011432501003904583,-0.010839361641533096,1.0001115463803174,-0.01115463803174066,-0.011437033792558449,-0.01084434985915872,314,7.88307430835921,48.032605209013255,75.33686953728979,370.1907466934403,90.59233449477352,0.06510399999999907,287
port_tight,B1,static,4,27,8.124214056325972,347.8558802063531,9.2490234375,1.0001291429428374,-0.012914294283739025,-0.013511060044613665,-0.012203556653165859,1.0001291429428376,-0.01291429428376123,-0.013527326524552796,-0.012190391289377267,547,6.296921409529108,48.022064942041396,50.05140915743605,370.10951209698885,94.8076923076923,0.12344720000008308,520
port_tight,B1,static,8,27,10.180982401556662,435.91307032010616,11.81103515625,1.0001133713146897,-0.011337131468969197,-0.01196050076260502,-0.010648530491935149,1.0001133713146895,-0.011337131468946993,-0.01200024451234627,-0.010639216358216963,706,5.803275957167349,48.01320555211684,42.33685585007202,370.0412321409643,96.02356406480118,0.16326080000014231,679
port_tight,B1,static,16,27,13.57164570244827,581.0757127293483,16.00048828125,1.0001128791477043,-0.01128791477043034,-0.011893541596703083,-0.010648294543448844,1.0001128791477043,-0.01128791477043034,-0.011886409629309758,-0.010659417666832873,966,5.328263703053736,48.013593944453994,35.133458207723194,370.0442255086709,97.12460063897763,0.22836480000017398,939
port_tight,B1,static,64,9,23.511717089981087,1006.5901292724799,8.8623046875,1.0001336483968035,-0.01336483968035207,-0.013945427376163,-0.01279279116899068,1.0001336483968035,-0.01336483968035207,-0.01398353821627174,-0.012786130325181944,541,4.8561612433065875,47.97261411408267,21.786093188565918,369.67005630668626,100.0,0.13321279999988828,532
port_tight,B1,static,96,9,25.253780233993368,1081.1275565478677,9.5068359375,1.0001398611166559,-0.013986111665587053,-0.014613872356800672,-0.013382284716880744,1.0001398611166563,-0.013986111665631462,-0.014591979546539346,-0.013398490065720803,563,5.205255983090636,73.99398514903778,33.728152650566535,1140.373988849245,100.0,0.1387215999998555,554
port_tight,B1,static,128,9,25.86170437112537,1107.0986297602988,9.732421875,1.000144539940436,-0.014453994043606144,-0.01501814708046334,-0.013942725617150376,1.0001445399404363,-0.014453994043628349,-0.015017658610840257,-0.013938353465909326,577,5.187682054502347,73.99194067562404,33.32832154645485,1140.3424800138027,100.0,0.14222719999983463,568
port_tight,B1,static,all,135,10.613240206021713,454.41107591339477,70.65673828125,1.0001212578571002,-0.012125785710015435,-0.01242468676195374,-0.011818875634239112,1.0001212578571002,-0.012125785710015435,-0.012425812420310822,-0.011809863559177902,4214,5.627658235240631,73.99398514903778,39.1239455605661,1140.373988849245,97.35229222848737,0.9943383999999769,4079
port_tight,B1,btb,2,27,4.825763074504912,206.65247252137212,5.49462890625,1.0000015111700309,-0.0001511170030887854,-0.0009341050220479374,0.000609782555885951,1.0000015111700307,-0.00015111700306658093,-0.0009231060636294419,0.0006333294748281371,314,0.02089287275533138,0.07969318125222735,0.08686003203882768,0.3113329423237592,95.1219512195122,0.02977859151904902,287
port_tight,B1,btb,4,27,8.123297819355443,347.8558802063531,9.2490234375,1.000016349841903,-0.0016349841903018358,-0.0023977990640711155,-0.0008831403317760558,1.0000163498419032,-0.0016349841903240403,-0.002351406589061189,-0.0008733318332426763,547,0.024520814233054064,0.07969318125198593,0.09832899028438159,0.30719999999925496,94.61538461538461,0.05867114712579688,520
port_tight,B1,btb,8,27,10.179932767527276,435.91307032010616,11.81103515625,1.0000102621071132,-0.001026210711319031,-0.0015067513836297675,-0.0005650706069065815,1.0000102621071132,-0.001026210711319031,-0.0014957641983404102,-0.0005608897577513708,706,0.02609110601399342,0.07969318125295177,0.10772322741909963,0.3505333333369344,94.84536082474226,0.0858193411628143,679
port_tight,B1,btb,16,27,13.570278240130698,581.0757127293483,16.00048828125,1.000012109004898,-0.001210900489789779,-0.0016859425894538704,-0.0007358132261664486,1.000012109004898,-0.001210900489789779,-0.001708100314501415,-0.0007584380593123052,966,0.1310198234443843,0.07969318125295177,0.910663822363448,0.35053333333320913,94.78168264110755,0.12347430860254366,939
port_tight,B1,btb,64,9,23.509179114371562,1006.5901292724799,8.8623046875,1.0000256888294026,-0.0025688829402570335,-0.0033150926356051436,-0.0017096300918256761,1.0000256888294026,-0.0025688829402570335,-0.003293266824561103,-0.0017476257152337926,541,1.5106340824208269,0.07969318125295177,11.519592442970373,0.3505333333369344,90.6015037593985,0.06846674989104085,532
port_tight,B1,btb,96,9,25.25106499478089,1081.1275565478677,9.5068359375,1.000032327949593,-0.0032327949593069505,-0.0039152328121794255,-0.002645847929552137,1.0000323279495935,-0.0032327949593513594,-0.0039151651513336105,-0.0026831999801468776,563,0.8307242498499668,50.0115792529888,12.441453700144667,770.7662580114119,92.59927797833934,0.0702555567984879,554
port_tight,B1,btb,128,9,25.858725626370944,1107.0986297602988,9.732421875,1.0000293435380931,-0.002934353809314061,-0.0034711480849120013,-0.002385309771725242,1.0000293435380931,-0.002934353809314061,-0.003495733679454993,-0.0024063420055814304,577,0.030208528037547432,0.07969318125295177,0.12969875484369617,0.3505333333369344,91.72535211267606,0.067616852567397,568
port_tight,B1,btb,all,135,10.612100615375777,454.41107591339477,70.65673828125,1.0000138704044343,-0.0013870404434346284,-0.0016900545918652199,-0.001078445978058285,1.0000138704044343,-0.0013870404434346284,-0.001702040827381568,-0.0010531881500353002,4214,0.3482059396432541,50.0115792529888,3.404909346245837,770.7662580114119,93.52782544741358,0.5040825476671296,4079
port_tight,B1,ema,2,27,4.825649368975132,206.65247252137212,5.49462890625,0.9999779489478797,0.002205105212027547,0.00213362747817053,0.002278158548309761,0.9999779489478796,0.0022051052120386494,0.0021286893289890196,0.0022852271563508775,314,0.0032928284071927143,0.01765442520397959,0.01998712751612395,0.04570853304001503,100.0,0.028343944585302146,287
port_tight,B1,ema,4,27,8.123043447941843,347.8558802063531,9.2490234375,0.9999850355188057,0.0014964481194312818,0.0013181304465617605,0.0016607703013007957,0.9999850355188059,0.0014964481194090773,0.0013269842507199203,0.0016650426718922693,547,0.003502834365358246,0.0439086312474867,0.013365970482749453,0.16924603799078614,100.0,0.05203653196394432,520
port_tight,B1,ema,8,27,10.179654456119234,435.91307032010616,11.81103515625,0.9999829226078789,0.001707739212108983,0.0015795753671565826,0.0018307366509234813,0.9999829226078789,0.001707739212108983,0.0015744436856449107,0.001838096274818235,706,0.009963201019356932,0.04910611939067348,0.037287572387151954,0.1892837178343907,100.0,0.07720256571009511,679
port_tight,B1,ema,16,27,13.57003268190873,581.0757127293483,16.00048828125,0.9999940134882779,0.0005986511722122501,0.00037849371190779024,0.0008371918455438163,0.999994013488278,0.0005986511722011478,0.00037189531933656816,0.0008403271847653991,966,0.27195940431995,0.05506184684182043,2.0336215043966015,0.2122456336375326,100.0,0.11608475368483492,939
port_tight,B1,ema,64,9,23.508337831462335,1006.5901292724799,8.8623046875,0.999989902615145,0.0010097384855023428,0.0008173679673678658,0.0012017702819971938,0.9999899026151449,0.001009738485513445,0.0008244520811870326,0.0012092076807651564,541,1.0310122513750848,0.051956419702861634,7.881222349193784,0.20027272684592753,100.0,0.060144832878833286,532
port_tight,B1,ema,96,9,25.25004356413507,1081.1275565478677,9.5068359375,0.9999918756491936,0.0008124350806437697,0.000631312112277238,0.0009913327101812586,0.9999918756491939,0.000812435080610463,0.0006248012231352407,0.0009862501920918088,563,0.4437303296928894,49.98788938214022,6.706494113859496,770.4502960138693,100.0,0.06001272301038576,554
port_tight,B1,ema,128,9,25.857708856317515,1107.0986297602988,9.732421875,0.9999900221924187,0.0009977807581273979,0.0007873827748694495,0.001180783728494672,0.9999900221924187,0.0009977807581273979,0.0008011236563038038,0.001184372847123083,577,0.3246209287103387,37.49335122262421,4.910420477985518,577.7778051695898,100.0,0.05883575706496212,568
port_tight,B1,ema,all,135,10.611805960931658,454.41107591339477,70.65673828125,0.9999861041268828,0.0013895873117175661,0.0012752065032634041,0.0015010242012158947,0.9999861041268828,0.0013895873117175661,0.0012703513260056698,0.0015050431798815933,4214,0.30080704377962275,49.98788938214022,3.0558141044283227,770.4502960138693,100.0,0.45266110889835764,4079
port_tight,B1,ours,2,27,4.825648343808448,206.65247252137212,5.49462890625,0.9999777365113766,0.002226348862344185,0.0021654617286204214,0.002293752504388402,0.9999777365113763,0.0022263488623663896,0.002161222631352211,0.002293678269599808,314,0.004945265774081583,0.020242308256739353,0.02537890159453274,0.1559873263888294,100.0,0.02493964699212974,287
port_tight,B1,ours,4,27,8.123028290665365,347.8558802063531,9.2490234375,0.9999831695864425,0.0016830413557489265,0.00148814581287543,0.0019060046708285758,0.9999831695864426,0.0016830413557378243,0.0014778829079692413,0.001901428930497495,547,0.00409987192760386,0.02634570595479153,0.028844930976050162,0.20302013888885267,100.0,0.047204890271405224,520
port_tight,B1,ours,8,27,10.179595782270766,435.91307032010616,11.81103515625,0.999977158871327,0.0022841128673012356,0.002119820014203355,0.0024475133946300076,0.999977158871327,0.0022841128673012356,0.0021200275449237416,0.0024457736370084304,706,0.0062311245856127885,0.023699173330290348,0.027731787565071928,0.14422912326385268,100.0,0.0727211857326061,679
port_tight,B1,ours,16,27,13.569802189805232,581.0757127293483,16.00048828125,0.9999770282142515,0.002297178574850456,0.002154727483894281,0.0024402985500837637,0.9999770282142516,0.0022971785748393536,0.002152303416091128,0.0024316118187728275,966,0.006604870387943041,0.02675081323769604,0.025068070203912354,0.12071271701389924,100.0,0.10492290593045019,939
port_tight,B1,ours,64,9,23.50810496910866,1006.5901292724799,8.8623046875,0.9999799971933307,0.002000280666925036,0.0017470360140087182,0.0022058328645774283,0.9999799971933306,0.0020002806669361384,0.0017599270957560642,0.00220537009609445,541,0.0055480491954468455,0.023699173330290348,0.022568066969968475,0.09132990451529623,100.0,0.05508914037651464,532
port_tight,B1,ours,96,9,25.249869036720156,1081.1275565478677,9.5068359375,0.9999849637404457,0.0015036259554346287,0.0012405962218359212,0.0017669593546559836,0.999984963740446,0.001503625955401322,0.0012286880175349513,0.001771342932155584,563,0.004935584437264008,0.023699173328840677,0.019975259562217768,0.09132990451157093,100.0,0.05371098953523953,554
port_tight,B1,ours,128,9,25.85759481374862,1107.0986297602988,9.732421875,0.9999856118468761,0.0014388153123934266,0.0011236150746418705,0.0017045095714798841,0.9999856118468762,0.0014388153123823244,0.0011221803092756333,0.0017137119090682162,577,0.004380030871010898,0.025224993282543552,0.01918196570705477,0.0972099826335907,100.0,0.052746902286164465,568
port_tight,B1,ours,all,135,10.611738249843206,454.41107591339477,70.65673828125,0.9999797234836828,0.0020276516317196958,0.001940167884682542,0.002116817525661674,0.9999797234836828,0.0020276516317196958,0.0019405740116903991,0.002114975065142244,4214,0.00543009696610019,0.02675081323769604,0.02422044132884551,0.20302013888885267,100.0,0.41133566112450987,4079
port_tight,B2,none,2,27,4.987296513580067,206.65247252137212,5.49462890625,1.0,0.0,0.0,0.0,1.0000000000000002,-2.220446049250313e-14,-2.220446049250313e-14,0.0,314,0.005346913365374216,0.002811635395121341,0.06153874734609876,0.021666666666977107,100.0,0.037809496296301016,260
port_tight,B2,none,4,27,8.32937531583539,347.8558802063531,9.2490234375,1.0,0.0,0.0,0.0,1.0,0.0,-2.220446049250313e-14,1.1102230246251565e-14,547,0.005505014516595949,0.002811635395181767,0.06494966182932752,0.02166666666790843,100.0,0.07464651358027313,493
port_tight,B2,none,8,27,10.411652070579427,435.91307032010616,11.81103515625,1.0,0.0,0.0,0.0,1.0000000000000002,-2.220446049250313e-14,-4.440892098500626e-14,1.1102230246251565e-14,706,0.005518419381745317,0.002811635395423471,0.06616819816480093,0.021666666669771076,100.0,0.09930002158208645,652
port_tight,B2,none,16,27,13.66720156230313,581.0757127293483,16.00048828125,1.0,0.0,0.0,0.0,1.0,0.0,-4.440892098500626e-14,3.3306690738754696e-14,966,0.005307742411112232,0.002811635395665176,0.0632051776875737,0.021666666671633722,100.0,0.14513200320082112,912
port_tight,B2,none,64,9,24.442974339866836,1039.6470809562015,9.15234375,1.0,0.0,0.0,0.0,0.9999999999999996,4.440892098500626e-14,-2.220446049250313e-14,9.992007221626409e-14,541,0.005751127586319874,0.0028116353959068805,0.08006543189575577,0.021666666671633722,100.0,0.07626290117922495,523
port_tight,B2,none,96,9,26.190394318512144,1114.1436604183825,9.796875,1.0,0.0,0.0,0.0,1.0000000000000007,-6.661338147750939e-14,-1.7763568394002505e-13,3.3306690738754696e-14,563,0.005868575821448597,0.0028116353959068805,0.08445538675489664,0.021666666671633722,100.0,0.07743026265008794,545
port_tight,B2,none,128,9,27.398816519603233,1173.1120520904879,10.3125,1.0,0.0,0.0,0.0,0.9999999999999991,8.881784197001252e-14,-6.661338147750939e-14,2.1121993043493452e-13,577,0.005858796581386842,0.002811635395076021,0.0866212152008583,0.021666666668839752,100.0,0.07861508186361764,559
port_tight,B2,none,all,135,10.89608710214452,458.0704633768413,71.81689453125,1.0,0.0,0.0,0.0,1.0,0.0,-2.220446049250313e-14,1.1102230246251565e-14,4214,0.005578868255597275,0.0028116353959068805,0.07201371708765276,0.021666666671633722,100.0,0.5891962803524122,3944
port_tight,B2,nominal,2,27,4.987296513580066,206.65247252137212,5.49462890625,0.9999999999999999,1.1102230246251565e-14,0.0,2.220446049250313e-14,1.0,0.0,0.0,0.0,314,0.005346913365368633,0.002811635395302619,0.061538747346067985,0.02166666666837409,100.0,0.03780949629629892,260
port_tight,B2,nominal,4,27,8.329375315835387,347.8558802063531,9.2490234375,1.0,0.0,-2.220446049250313e-14,2.220446049250313e-14,1.0,0.0,0.0,0.0,547,0.00550501451658957,0.002811635395363045,0.06494966182939987,0.021666666668839752,100.0,0.07464651358031785,493
port_tight,B2,nominal,8,27,10.411652070579422,435.91307032010616,11.81103515625,0.9999999999999999,1.1102230246251565e-14,-2.220446049250313e-14,3.3306690738754696e-14,1.0,0.0,0.0,0.0,706,0.005518419381758733,0.002811635395665176,0.06616819816505999,0.021666666671633722,100.0,0.09930002158209693,652
port_tight,B2,nominal,16,27,13.66720156230313,581.0757127293483,16.00048828125,1.0,0.0,-2.220446049250313e-14,3.3306690738754696e-14,1.0,0.0,0.0,0.0,966,0.005307742411104585,0.0028116353959068805,0.06320517768767324,0.021666666673496364,100.0,0.1451320032008331,912
port_tight,B2,nominal,64,9,24.442974339866847,1039.6470809562015,9.15234375,1.0000000000000004,-4.440892098500626e-14,-8.881784197001252e-14,2.220446049250313e-14,1.0,0.0,0.0,0.0,541,0.0057511275863277225,0.0028116353968736987,0.08006543189584509,0.0216666666790843,100.0,0.07626290117929457,523
port_tight,B2,nominal,96,9,26.19039431851212,1114.1436604183825,9.796875,0.9999999999999993,6.661338147750939e-14,-4.440892098500626e-14,1.7763568394002505e-13,1.0,0.0,0.0,0.0,563,0.005868575821439734,0.0028116353968736987,0.08445538675503746,0.0216666666790843,100.0,0.07743026264986676,545
port_tight,B2,nominal,128,9,27.398816519603255,1173.1120520904879,10.3125,1.0000000000000009,-8.881784197001252e-14,-2.220446049250313e-13,5.551115123125783e-14,1.0,0.0,0.0,0.0,577,0.00585879658138037,0.0028116353968736987,0.08662121520069285,0.0216666666790843,100.0,0.07861508186354872,559
port_tight,B2,nominal,all,135,10.89608710214452,458.0704633768413,71.81689453125,1.0,0.0,-2.220446049250313e-14,2.220446049250313e-14,1.0,0.0,0.0,0.0,4214,0.005578868255595463,0.0028116353968736987,0.07201371708773371,0.0216666666790843,100.0,0.5891962803522568,3944
port_tight,B2,random,2,27,4.987343639894987,206.65247252137212,5.49462890625,1.0000094492707206,-0.0009449270720551795,-0.0016335505053927113,-0.0002539719096478212,1.0000094492707208,-0.0009449270720773839,-0.00165796049661604,-0.0002588855157187324,314,52.75664499516554,99.96644323508104,527.2077130667491,2150.630965540105,53.07692307692308,0.03510719999999402,260
port_tight,B2,random,4,27,8.329520258466337,347.8558802063531,9.2490234375,1.0000174013807102,-0.0017401380710158065,-0.0021968091787566424,-0.0013015677903022167,1.0000174013807102,-0.0017401380710158065,-0.002208247099329541,-0.0012605240771224047,547,54.307925626572406,99.36601850141223,499.69277507539925,2033.9524622737085,55.78093306288032,0.07000000000002095,493
port_tight,B2,random,8,27,10.411785307565786,435.91307032010616,11.81103515625,1.000012796911139,-0.0012796911138979183,-0.001717772131766826,-0.00087196547617463,1.0000127969111392,-0.0012796911139201228,-0.0017157177374244048,-0.0008527681365294582,706,53.04485278457049,98.80687954332906,497.4817336050742,2028.0376504091762,53.52760736196319,0.08866684726696171,652
port_tight,B2,random,16,27,13.667393297184777,581.0757127293483,16.00048828125,1.0000140288325132,-0.0014028832513224287,-0.0017731579205304548,-0.0009976046375498315,1.0000140288325132,-0.0014028832513224287,-0.0017701869451064445,-0.0010066548495452081,966,51.81102592386523,99.71927906421284,479.16861417848287,2107.268460809392,57.675438596491226,0.13384640000008965,912
port_tight,B2,random,64,9,24.44351805394657,1039.6470809562015,9.15234375,1.0000222441864957,-0.002224418649565685,-0.0027594455999591094,-0.001611469459925075,1.0000222441864952,-0.002224418649521276,-0.002772819768475099,-0.0016776243212585087,541,53.54104872260261,99.75994477356514,489.6996467148056,3299.5551089727787,59.273422562141484,0.07887199999992002,523
port_tight,B2,random,96,9,26.190986160484677,1114.1436604183825,9.796875,1.0000225976732282,-0.0022597673228208492,-0.0028576343394925985,-0.0017098740242016412,1.0000225976732289,-0.0022597673228874626,-0.002856106995503538,-0.0017312824351001235,563,52.25197420729957,99.69881409847136,536.9684763214257,4462.76634515861,55.04587155963303,0.07632799999988009,545
port_tight,B2,random,128,9,27.6441183108891,1173.1120520904879,10.3125,1.0089530068245964,-0.8953006824596432,-2.7056692023659967,-0.0019049590041803068,1.0089530068245955,-0.8953006824595544,-2.7056939247599106,-0.0019165275718635577,577,53.64359167927575,99.89364111483877,615.0421483446313,6561.946922971528,49.37388193202147,0.07021635937494342,559
port_tight,B2,random,all,135,10.902713236550628,458.0704633768413,71.81689453125,1.0006081205430895,-0.06081205430894521,-0.1796730130980334,-0.0013469267607851834,1.0006081205430895,-0.06081205430894521,-0.17965989503060276,-0.0013186379129270789,4214,52.944247790972334,99.96644323508104,516.1590497691799,6561.946922971528,55.121703853955374,0.5530368066418099,3944
port_tight,B2,static,2,27,4.987489111105244,206.65247252137212,5.49462890625,1.0000386176207197,-0.0038617620719660906,-0.004457117826481838,-0.0031877655719125832,1.0000386176207199,-0.003861762071988295,-0.004439732524590401,-0.00321005149247211,314,8.79508235846055,47.76375937507576,155.7548876523462,736.1182466453675,89.61538461538461,0.05927519999998703,260
port_tight,B2,static,4,27,8.3297282709405,347.8558802063531,9.2490234375,1.0000423747390081,-0.004237473900814415,-0.004723774261438107,-0.0037276918126261105,1.0000423747390081,-0.004237473900814415,-0.004718949669953454,-0.0037247585576749573,547,7.262595294386909,47.71665810570927,106.43726518484213,735.3923384615382,94.52332657200812,0.11855040000007616,493
port_tight,B2,static,8,27,10.412106981549515,435.91307032010616,11.81103515625,1.0000436924867449,-0.004369248674485071,-0.004736978250819424,-0.004000111657210259,1.000043692486745,-0.004369248674507276,-0.004729853009755036,-0.0040080668622105575,706,6.790498252142781,47.700475180226604,91.3910025924858,735.1429329103889,95.85889570552148,0.1590000000001354,652
port_tight,B2,static,16,27,13.667860419144025,581.0757127293483,16.00048828125,1.0000482071503731,-0.004820715037312517,-0.005114057869075039,-0.004511895989469106,1.0000482071503731,-0.004820715037312517,-0.0051281964845972805,-0.0045062442132082214,966,6.325405823645699,47.70419513212369,77.31995598784073,735.200263499604,97.03947368421053,0.22514400000016704,912
port_tight,B2,static,64,9,24.44436247427255,1039.6470809562015,9.15234375,1.0000567907320281,-0.005679073202813356,-0.006030994470258011,-0.00531881682374058,1.0000567907320277,-0.005679073202768947,-0.006025267105387866,-0.005314899660784356,541,6.446530851096388,73.82063238702891,114.37451410672848,2275.305437083596,98.2791586998088,0.13076159999988204,523
port_tight,B2,static,96,9,26.446176809874228,1114.1436604183825,9.796875,1.0097662711088424,-0.9766271108842428,-2.305478201989011,-0.005227236695160566,1.0097662711088433,-0.9766271108843316,-2.3054647322749084,-0.005173448724802855,563,6.532523986326833,82.60340665918847,160.68365349412545,3818.962989611808,98.34862385321101,0.13635839999986976,545
port_tight,B2,static,128,9,28.320069388196618,1173.1120520904879,10.3125,1.0336238197709835,-3.36238197709835,-5.815004298925837,-1.2248123760915963,1.0336238197709826,-3.362381977098261,-5.555661521132912,-1.2246157732109575,577,6.614625437479027,86.92859471168273,206.283061935996,5358.534495810948,98.38998211091234,0.13992195937484853,559
port_tight,B2,static,all,135,10.927633444546945,458.0704633768413,71.81689453125,1.0028951991762447,-0.28951991762447005,-0.5321626911340793,-0.08837358522068962,1.002895199176245,-0.28951991762449225,-0.5263741834906266,-0.0870372657041413,4214,6.791825427245218,86.92859471168273,122.85433789261911,5358.534495810948,96.57707910750507,0.969011559374966,3944
port_tight,B2,btb,2,27,4.987285931325738,206.65247252137212,5.49462890625,0.9999978781581768,0.00021218418232438196,-0.00019609910121287655,0.0006397012773221016,0.9999978781581769,0.00021218418231327973,-0.00021295226527384692,0.0006214203143092844,314,0.009697396494895911,0.03906087722297373,0.08259843296610014,0.31245331504242496,98.07692307692307,0.036583770439790796,260
port_tight,B2,btb,4,27,8.329356987217443,347.8558802063531,9.2490234375,0.9999977995207019,0.00022004792981089594,-0.0001290565816280953,0.0005814828681063866,0.999997799520702,0.0002200479297997937,-0.00011849053141110844,0.0005788922575361565,547,0.009916532697774445,0.03985949527940687,0.08182417613785767,0.3288666666606441,97.56592292089249,0.07115256162210089,493
port_tight,B2,btb,8,27,10.411633232411003,435.91307032010616,11.81103515625,0.9999981906648152,0.00018093351847880967,-9.746504843810566e-05,0.0004709863496163424,0.9999981906648153,0.00018093351846770744,-0.00010480856337924394,0.0004804082660755936,706,0.010788308734072171,0.03985949527910479,0.09326958874498562,0.32886666667088865,96.47239263803681,0.0947263899220617,652
port_tight,B2,btb,16,27,13.667211557447096,581.0757127293483,16.00048828125,1.0000007313233743,-7.31323374303372e-05,-0.00032490131013362955,0.00019318869314555173,1.0000007313233743,-7.31323374303372e-05,-0.0003304548427107701,0.000208540646963462,966,0.3208894812780409,0.03985949527976934,4.874595577067115,0.32886666667740794,98.35526315789474,0.1426110942815079,912
port_tight,B2,btb,64,9,24.443076815852304,1039.6470809562015,9.15234375,1.0000041924515417,-0.00041924515417068875,-0.000646972495458864,-0.00021309340438369079,1.0000041924515413,-0.00041924515412627983,-0.0006381248387204996,-0.00021244733398206877,541,1.581988569055669,50.000512641304816,51.36872968418249,1541.0878003432174,97.89674952198853,0.0744505400561652,523
port_tight,B2,btb,96,9,26.190550346357888,1114.1436604183825,9.796875,1.0000059574454603,-0.0005957445460280653,-0.0010732434464277851,-8.696074935532484e-05,1.0000059574454612,-0.0005957445461168831,-0.0010355130491518372,-0.00012572757115691957,563,0.5459512350902836,33.334163929161264,49.372279512664015,1541.1008000000004,93.76146788990826,0.07496767988002254,545
port_tight,B2,btb,128,9,27.399220787975864,1173.1120520904879,10.3125,1.000014754957476,-0.0014754957476048602,-0.0018509074158223893,-0.0009573815067487341,1.0000147549574752,-0.0014754957475160424,-0.0018718893813601811,-0.0010035083079751317,577,0.41041771117245696,25.00007178482464,48.23526730236824,1541.0683000000008,86.40429338103756,0.08043615468591184,559
port_tight,B2,btb,all,135,10.896093424564992,458.0704633768413,71.81689453125,1.0000005802468728,-5.8024687277224984e-05,-0.0002200493146475857,0.00010328336007198147,1.0000005802468728,-5.8024687277224984e-05,-0.00021992335137221986,0.00011963339495935079,4214,0.409611412275125,50.000512641304816,20.945473836648937,1541.1008000000004,95.53752535496957,0.5749281908875609,3944
port_tight,B2,ema,2,27,4.9872384354180035,206.65247252137212,5.49462890625,0.9999883547806101,0.0011645219389899708,0.0009025523905686894,0.0014061056406763914,0.9999883547806102,0.0011645219389788686,0.0009029807409410839,0.0014131649293883108,314,0.004389349146454557,0.016814473053628473,0.04047886379383457,0.12958080928120763,100.0,0.03381118235364801,260
port_tight,B2,ema,4,27,8.329276775991495,347.8558802063531,9.2490234375,0.9999881695997409,0.0011830400259094098,0.0009262913787791427,0.0014564086588506053,0.999988169599741,0.0011830400258983076,0.000928933319212788,0.0014427445472511846,547,0.004860111471697717,0.017414303468590468,0.04076846806906671,0.13420372698642313,100.0,0.06596609675698296,493
port_tight,B2,ema,8,27,10.411531269002982,435.91307032010616,11.81103515625,0.9999883974631858,0.0011602536814203646,0.0010178589794623827,0.001310755752968462,0.9999883974631859,0.0011602536814092623,0.001013533350147089,0.0013066556849627986,706,0.0054228722873369195,0.01730220559240297,0.03835698536256769,0.1333397823534906,100.0,0.08810351592873049,652
port_tight,B2,ema,16,27,13.66710985179898,581.0757127293483,16.00048828125,0.9999932897379371,0.0006710262062892269,0.0005214534347935951,0.0008241146167156654,0.9999932897379371,0.0006710262062892269,0.0005215760546026238,0.0008354907718011173,966,0.4073403715507135,0.0188634787238043,6.220866272402675,0.14537267189426348,100.0,0.134494436340202,912
port_tight,B2,ema,64,9,24.442667935534157,1039.6470809562015,9.15234375,0.9999874645234076,0.0012535476592412387,0.0007468611825767191,0.001623718383299555,0.9999874645234071,0.0012535476592856476,0.0007229605031611186,0.0016280833591311714,541,0.7186742210285412,49.98146788111765,24.908683574451427,1540.5328015492387,99.80879541108987,0.06616378450888546,523
port_tight,B2,ema,96,9,26.189967284831553,1114.1436604183825,9.796875,0.9999836950266805,0.001630497331950309,0.0014428549398015633,0.001800481635341744,0.9999836950266812,0.0016304973318836957,0.0014478423102196047,0.0018099727939574484,563,0.28084018416983575,58.32351919709509,25.74348526866875,2696.442801161929,98.34862385321101,0.06433720525093284,545
port_tight,B2,ema,128,9,27.398373109044744,1173.1120520904879,10.3125,0.9999838164338894,0.0016183566110550274,0.0011461948555574475,0.0019340377525939312,0.9999838164338886,0.0016183566111438452,0.0011551429180420292,0.0019236810294945283,577,0.5477357938566331,57.80670210805386,66.93705896537134,3563.375300871445,98.38998211091234,0.06457907939153607,559
port_tight,B2,ema,all,135,10.89596333034643,458.0704633768413,71.81689453125,0.9999886407113917,0.0011359288608292495,0.001025540817808368,0.0012483674015015265,0.9999886407113917,0.0011359288608292495,0.001023310826485102,0.0012434421828053097,4214,0.30002738815358093,58.32351919709509,17.24331053847413,3563.375300871445,99.5182555780933,0.5174553005309178,3944
port_tight,B2,ours,2,27,4.9872172749894546,206.65247252137212,5.49462890625,0.9999841119150631,0.0015888084936910296,0.0012978180742367895,0.0018745725474006436,0.9999841119150631,0.0015888084936910296,0.0013088145112166716,0.0018804619370349496,314,0.003374262864977883,0.007629394531265107,0.045196807316252315,0.11757226562523283,100.0,0.034733602228097155,260
port_tight,B2,ours,4,27,8.329248531506778,347.8558802063531,9.2490234375,0.9999847786510028,0.0015221348997229711,0.0013469930898990512,0.0016982705293069889,0.9999847786510029,0.0015221348997118689,0.001336436987225409,0.0017026402061728894,547,0.0030532935315763276,0.007629394531431273,0.03981918201435458,0.117572265625,100.0,0.06862381749345443,493
port_tight,B2,ours,8,27,10.411471941094478,435.91307032010616,11.81103515625,0.9999826992408387,0.001730075916128726,0.001591433694318467,0.001867133638816243,0.9999826992408388,0.0017300759161176238,0.0015894844780445228,0.0018689718674563813,706,0.0029829513591645013,0.009155273437496978,0.03894236880303697,0.14108671874995343,100.0,0.09083707411657856,652
port_tight,B2,ours,16,27,13.666983782840004,581.0757127293483,16.00048828125,0.999984065540986,0.0015934459014044222,0.0014389401076192465,0.001742792491526701,0.999984065540986,0.0015934459014044222,0.0014335161304671051,0.0017428364933291807,966,0.0031631700457904065,0.009155273437496978,0.03955020829577876,0.14108671874995343,100.0,0.13435347387089405,912
port_tight,B2,ours,64,9,24.44250735022824,1039.6470809562015,9.15234375,0.9999808947294175,0.0019105270582464584,0.0017297314604200476,0.0020776622245033405,0.9999808947294171,0.0019105270582908673,0.0017394745253690447,0.0020820822068376432,541,0.0028261891905555065,0.011574317218373747,1.167728367446117,68.52613588541607,98.2791586998088,0.06446019496896979,523
port_tight,B2,ours,96,9,26.189890754913346,1114.1436604183825,9.796875,0.9999807729661236,0.0019227033876356714,0.0018096784785309739,0.0020305845369797404,0.9999807729661243,0.001922703387569058,0.0018132485337848947,0.0020304064619749984,563,0.0025136159378819005,0.010681152344891994,3.542480598694357,220.14085027901922,98.34862385321101,0.06415817172337533,545
port_tight,B2,ours,128,9,27.39826360905076,1173.1120520904879,10.3125,0.999979819911124,0.0020180088876053937,0.0019194038816061632,0.0021001915430476914,0.9999798199111232,0.0020180088876831093,0.001928090736821042,0.0021079270075896606,577,0.00234324191626757,0.010681152342475072,5.678138745756213,362.6210564414859,98.38998211091234,0.06423537877826498,559
port_tight,B2,ours,all,135,10.895904377402521,458.0704633768413,71.81689453125,0.9999832302421695,0.0016769757830492615,0.0015885316704597474,0.001757700758277525,0.9999832302421695,0.0016769757830492615,0.0015856578797177057,0.0017602234717195575,4214,0.002892131166583627,0.011574317218373747,1.4248019420508848,362.6210564414859,99.31541582150102,0.5214017131796344,3944
port_tight,best_hetero,none,2,27,4.987229052168507,206.65247252137212,5.49462890625,1.0,0.0,0.0,0.0,1.0000000000000002,-2.220446049250313e-14,-2.220446049250313e-14,0.0,314,0.007319080435753615,0.005623112688710275,0.08453526775156864,0.04333333333313931,100.0,0.062368888888914835,260
port_tight,best_hetero,none,4,27,8.329202189213161,347.8558802063531,9.2490234375,1.0,0.0,0.0,0.0,0.9999999999999989,1.1102230246251565e-13,9.992007221626409e-14,1.3322676295501878e-13,547,0.0073351174608549865,0.005623112688740486,0.09750950564709181,0.04333333333337214,100.0,0.11943348888899456,493
port_tight,best_hetero,none,8,27,10.411407288440271,435.91307032010616,11.81103515625,1.0,0.0,0.0,0.0,1.0,0.0,-2.220446049250313e-14,2.220446049250313e-14,706,0.007482032657235591,0.005623112688710275,0.10331317630868517,0.04333333333313931,100.0,0.15812876422300026,652
port_tight,best_hetero,none,16,27,13.7109403142361,582.0331613930191,16.0166015625,1.0,0.0,0.0,0.0,0.9999999999999998,2.220446049250313e-14,-2.220446049250313e-14,6.661338147750939e-14,966,0.007662066204634309,0.005623112688816014,0.10862551076437456,0.04333333333395421,100.0,0.22219569134056638,912
port_tight,best_hetero,none,64,9,23.751504683028088,1010.0915942706163,8.89453125,1.0,0.0,0.0,0.0,0.9999999999999999,1.1102230246251565e-14,-2.220446049250313e-14,5.551115123125783e-14,541,0.007695506503990087,0.005623112688816014,0.1091826497644258,0.04333333333395421,100.0,0.13109706115376252,523
port_tight,best_hetero,none,96,9,25.585781429169266,1091.9141337788972,9.603515625,1.0,0.0,0.0,0.0,0.9999999999999994,5.551115123125783e-14,-6.661338147750939e-14,1.5543122344752192e-13,563,0.007654800952882709,0.005623112688997283,0.10806683951774389,0.04333333333581686,100.0,0.13789496047786878,545
port_tight,best_hetero,none,128,9,28.06380869514032,1174.5511614495122,10.32861328125,1.0,0.0,0.0,0.0,0.9999999999999997,3.3306690738754696e-14,-4.440892098500626e-14,1.1102230246251565e-13,577,0.007232251637295235,0.0056231126892389745,0.09759484959615372,0.04333333333581686,100.0,6.308335521677716,559
port_tight,best_hetero,none,all,135,10.882540885938543,456.7644134137949,71.39794921875,1.0,0.0,0.0,0.0,0.9999999999999997,3.3306690738754696e-14,1.1102230246251565e-14,4.440892098500626e-14,4214,0.007508377472104968,0.0056231126892389745,0.10298405123950978,0.04333333333581686,100.0,7.139454376650823,3944
port_tight,best_hetero,nominal,2,27,4.987229052168507,206.65247252137212,5.49462890625,0.9999999999999999,1.1102230246251565e-14,0.0,3.3306690738754696e-14,1.0,0.0,0.0,0.0,314,0.007319080435787918,0.005623112688725381,0.08453526775150673,0.043333333333721386,100.0,0.0623688888888536,260
port_tight,best_hetero,nominal,4,27,8.329202189213172,347.8558802063531,9.2490234375,1.000000000000001,-1.1102230246251565e-13,-1.3322676295501878e-13,-8.881784197001252e-14,1.0,0.0,0.0,0.0,547,0.007335117460746314,0.005623112688725381,0.09750950564543838,0.04333333333348855,100.0,0.11943348888878827,493
port_tight,best_hetero,nominal,8,27,10.411407288440271,435.91307032010616,11.81103515625,1.0,0.0,-2.220446049250313e-14,2.220446049250313e-14,1.0,0.0,0.0,0.0,706,0.007482032657229379,0.005623112688725381,0.10331317630855212,0.04333333333395421,100.0,0.15812876422285033,652
port_tight,best_hetero,nominal,16,27,13.7109403142361,582.0331613930191,16.0166015625,1.0000000000000002,-2.220446049250313e-14,-6.661338147750939e-14,2.220446049250313e-14,1.0,0.0,0.0,0.0,966,0.007662066204640612,0.005623112688876438,0.10862551076436684,0.043333333334419875,100.0,0.22219569134062447,912
port_tight,best_hetero,nominal,64,9,23.751504683028088,1010.0915942706163,8.89453125,1.0,0.0,-4.440892098500626e-14,3.3306690738754696e-14,1.0,0.0,0.0,0.0,541,0.007695506503997182,0.005623112689722356,0.10918264976443935,0.04333333333954215,100.0,0.13109706115378428,523
port_tight,best_hetero,nominal,96,9,25.585781429169277,1091.9141337788972,9.603515625,1.0000000000000004,-4.440892098500626e-14,-1.5543122344752192e-13,5.551115123125783e-14,1.0,0.0,0.0,0.0,563,0.0076548009528614215,0.0056231126902057385,0.10806683951737728,0.043333333343267444,100.0,0.13789496047781025,545
port_tight,best_hetero,nominal,128,9,28.063808695140334,1174.5511614495122,10.32861328125,1.0000000000000002,-2.220446049250313e-14,-1.1102230246251565e-13,4.440892098500626e-14,1.0,0.0,0.0,0.0,577,0.007232251637263852,0.0056231126902057385,0.09759484959554744,0.043333333343267444,100.0,6.308335521677544,559
port_tight,best_hetero,nominal,all,135,10.882540885938548,456.7644134137949,71.39794921875,1.0000000000000002,-2.220446049250313e-14,-4.440892098500626e-14,-2.220446049250313e-14,1.0,0.0,0.0,0.0,4214,0.007508377472087592,0.0056231126902057385,0.10298405123913622,0.043333333343267444,100.0,7.139454376650255,3944
port_tight,best_hetero,random,2,27,4.987368625835997,206.65247252137212,5.49462890625,1.000027986215598,-0.0027986215598074793,-0.0033114707616310746,-0.002283171451528677,1.0000279862155983,-0.0027986215598296837,-0.0033498883748589448,-0.002280413708943274,314,57.86620365525522,99.5182921289425,547.8396158023473,2294.9442463909068,55.00000000000001,0.0624623999999899,260
port_tight,best_hetero,random,4,27,8.329476696924322,347.8558802063531,9.2490234375,1.0000329572634838,-0.0032957263483845978,-0.0038477506787637505,-0.0027602574660567938,1.0000329572634827,-0.0032957263482735755,-0.003814164343301507,-0.0027637765326671286,547,56.197004189156665,99.52860302736505,501.63109884869976,1869.5824086088655,52.33265720081136,0.11272639999997115,493
port_tight,best_hetero,random,8,27,10.628066337369528,445.17287922778553,12.03662109375,1.0208097755593342,-2.0809775559334165,-3.564507456729809,-0.8152112978667453,1.0208097755593344,-2.0809775559334387,-3.455899691179048,-0.8377975107347618,706,54.7296308047587,99.975679762126,518.2489632821353,2906.9516996020193,53.68098159509203,0.15265867320425808,652
port_tight,best_hetero,random,16,27,14.667822276023028,619.6798498995329,17.0478515625,1.0697896672187677,-6.978966721876767,-10.204153351264665,-4.158208768629395,1.0697896672187674,-6.978966721876745,-10.059569490167837,-3.9638618231372282,966,57.01706939836642,99.72148253051779,575.3797637400693,6762.5280516051735,56.79824561403509,0.22626240000007744,912
port_tight,best_hetero,random,64,9,26.802796895379327,1137.6538127481742,10.119140625,1.1284673225158477,-12.846732251584768,-22.92496293548646,-5.370964575275268,1.1284673225158477,-12.846732251584768,-22.86822165142229,-5.400109939441532,541,55.63295048309749,99.5963847768021,632.700545349732,20126.114823132066,59.273422562141484,0.13540800000009615,523
port_tight,best_hetero,random,96,9,31.408641157187436,1310.3774431130278,11.666015625,1.2275818600318287,-22.758186003182868,-40.719999439179155,-8.989633772173084,1.227581860031828,-22.7581860031828,-41.706702306992604,-9.23317702045873,563,58.7779643473879,99.82848321186552,780.986715913259,29765.094799078473,57.064220183486235,0.1358448000000863,545
port_tight,best_hetero,random,128,9,34.83470943494838,1448.0800670911917,12.955078125,1.2412680621280232,-24.12680621280232,-48.04344921236492,-8.777887503808934,1.2412680621280228,-24.126806212802276,-47.50572213463502,-8.703633085575182,577,55.51228392985323,99.66863947623474,820.1805185630914,39267.8309230384,61.53846153846154,0.15026720000011834,559
port_tight,best_hetero,random,all,135,11.483596214363512,480.5594769856057,78.568359375,1.0552311573854594,-5.523115738545936,-7.6754801828713966,-3.5520703829097573,1.055231157385459,-5.523115738545892,-7.819338654950948,-3.563403099614418,4214,56.442184526022984,99.975679762126,622.5308840974238,39267.8309230384,56.64300202839757,0.9756298732045974,3944
port_tight,best_hetero,static,2,27,4.987489111105242,206.65247252137212,5.49462890625,1.0000521449754995,-0.005214497549954622,-0.005695899235959034,-0.004734753252009227,1.0000521449754998,-0.0052144975499768265,-0.005699762854480261,-0.004711204516712475,314,21.814438588108775,48.40076204374338,253.43624386649932,745.9943628765789,89.61538461538461,0.1017743999999687,260
port_tight,best_hetero,static,4,27,8.329728270940482,347.8558802063531,9.2490234375,1.0000631611186006,-0.006316111860060758,-0.0066609437290310325,-0.005944167868812689,1.0000631611185995,-0.006316111859949736,-0.006668519011281959,-0.005961769573858966,547,20.11393175617501,48.28510028107972,203.868442520025,744.2116838586437,94.52332657200812,0.20354879999993486,493
port_tight,best_hetero,static,8,27,10.41210903499283,435.91307032010616,11.81103515625,1.000067401700185,-0.006740170018493252,-0.007111502803745506,-0.006370776695921454,1.000067401700185,-0.006740170018493252,-0.007093413501957357,-0.006397456539223301,706,19.59979865045523,48.18868666649081,188.84518966135616,742.7256739292362,95.85889570552148,0.2729999999999679,652
port_tight,best_hetero,static,16,27,13.747035022037382,582.7901091737107,16.03271484375,1.002632547948867,-0.26325479488669146,-0.7769211573610169,-0.007211439607977543,1.0026325479488665,-0.26325479488664705,-0.7770142289523102,-0.007244425998777504,966,19.115931540433582,48.11755957860558,175.58730749649334,741.6294017969452,97.03947368421053,0.3865680000000775,912
port_tight,best_hetero,static,64,9,28.3893441895712,1176.4473161084659,10.505859375,1.1952650818731974,-19.526508187319735,-34.230119724946924,-8.38969555779434,1.1952650818731971,-19.526508187319713,-33.70190185944001,-8.879673708357751,541,16.996961941970778,95.61036235848745,356.6280132805361,19154.39336347211,99.4263862332696,0.22733600000024098,523
port_tight,best_hetero,static,96,9,37.735535805697076,1435.5748085458192,12.826171875,1.4748635256719733,-47.48635256719733,-83.44141050564895,-18.406763425431492,1.4748635256719727,-47.486352567197265,-83.81118182731184,-18.589423369144093,563,17.52807173605767,97.10671172327126,599.1696362512422,29929.363718624398,99.26605504587155,0.2367168000002655,545
port_tight,best_hetero,static,128,9,58.80297940344171,1920.6156804667428,17.1123046875,2.0953313943315317,-109.53313943315317,-130.92083183235306,-75.65876046763572,2.0953313943315313,-109.53313943315312,-131.07855482954645,-75.48519979639713,577,16.773230034128687,97.72744564860228,1241.0410518569013,40342.60027000159,98.56887298747765,0.24113280000027665,559
port_tight,best_hetero,static,all,135,11.879708632831969,485.7129199510912,83.03173828125,1.0916300482897223,-9.163004828972232,-13.729878732775735,-5.408712502216809,1.091630048289722,-9.163004828972209,-13.681780186502698,-5.130233902861293,4214,18.722666499827486,97.72744564860228,413.0009513267005,40342.60027000159,96.88133874239351,1.670076800000732,3944
port_tight,best_hetero,btb,2,27,4.987262788802365,206.65247252137212,5.49462890625,1.0000067646048552,-0.0006764604855158396,-0.0011748528502847355,-0.00020307107872985522,1.0000067646048554,-0.000676460485538044,-0.0011739975416075188,-0.0001836036810293209,314,0.013289003263914448,0.05518986665264505,0.11275583642573729,0.40251971399225295,100.0,0.06213052215582074,260
port_tight,best_hetero,btb,4,27,8.329264546771789,347.8558802063531,9.2490234375,1.0000074866184314,-0.0007486618431418179,-0.001200918195446432,-0.00031166580034214247,1.0000074866184303,-0.0007486618430307956,-0.0012010160058806285,-0.00029606773307655514,547,0.01436762435938363,0.06607614389934058,0.1126016256439202,0.38470804871758446,100.0,0.11851339145858422,493
port_tight,best_hetero,btb,8,27,10.411489214028208,435.91307032010616,11.81103515625,1.0000078688294167,-0.0007868829416723955,-0.0012176004276986951,-0.00035892322412356414,1.0000078688294167,-0.0007868829416723955,-0.0012381234743519265,-0.00036360544503177865,706,0.014284061853324957,0.06397063682034088,0.11846307750972267,0.510560631852597,100.0,0.15539965671021444,652
port_tight,best_hetero,btb,16,27,13.77526809785006,583.4161359011883,16.048828125,1.0046917120299304,-0.46917120299303505,-1.6151325673163246,0.6415449342585446,1.0046917120299301,-0.46917120299301285,-1.6598523124049063,0.6414405673545084,966,0.6861146476714364,49.999999999999986,7.288535595414946,770.5855999999999,100.0,0.2183559110570954,912
port_tight,best_hetero,btb,64,9,24.788117231138163,1048.8537158445376,9.23291015625,1.0436440790570547,-4.36440790570547,-5.784417652375295,-2.8504514989783933,1.0436440790570545,-4.3644079057054475,-5.844321751063075,-2.8887960184820547,541,8.640305536131596,66.66805514016413,91.28124519659144,1541.2032981304917,100.0,0.13825628952240654,523
port_tight,best_hetero,btb,96,9,28.253473957270504,1189.3598662395739,10.45751953125,1.1042646493126027,-10.42646493126027,-13.049151792987082,-8.158159031569973,1.104264649312602,-10.426464931260204,-13.079979297768158,-8.205595795569165,563,12.536046806159215,74.99999999999994,156.13921825127144,2311.756799999997,99.44954128440368,4.774972497732499,545
port_tight,best_hetero,btb,128,9,30.222559824988203,1271.9455206517373,11.1826171875,1.0769229562992886,-7.692295629928858,-10.717292278621914,-4.894796623234482,1.0769229562992884,-7.692295629928836,-10.92186182355868,-5.055831363397399,577,16.648570752169192,85.71428571428571,188.44687810877997,4623.513599999996,97.67441860465115,5.550881251309521,559
port_tight,best_hetero,btb,all,135,11.050776799613205,463.20165654717573,73.4765625,1.0154592494012165,-1.5459249401216457,-2.170782522287013,-0.9626156401102967,1.015459249401216,-1.5459249401216013,-2.1750291548085583,-0.9639723303341481,4214,5.226228786375168,85.71428571428571,60.09604673358933,4623.513599999996,99.59432048681542,11.018509519946141,3944
port_tight,best_hetero,ema,2,27,4.98716832859438,206.65247252137212,5.49462890625,0.9999878241858373,0.0012175814162684873,0.0011262192210437227,0.001284262519835322,0.9999878241858374,0.001217581416257385,0.0011235737988624095,0.0012822408017029718,314,0.00440741151716179,0.022033353192124468,0.03813462008924259,0.1698065411974676,100.0,0.05604882675248594,260
port_tight,best_hetero,ema,4,27,8.329112086310335,347.8558802063531,9.2490234375,0.9999891822889176,0.0010817711082355963,0.0009994435980087424,0.0011578559093652907,0.9999891822889165,0.0010817711083466186,0.0009958578414850927,0.0011580084094489629,547,0.00341027193331427,0.025310542830029856,0.02801389868809353,0.19506572794902605,100.0,0.10733294860522286,493
port_tight,best_hetero,ema,8,27,10.411316091362067,435.91307032010616,11.81103515625,0.9999912406578978,0.0008759342102204748,0.0007857146101458712,0.0009693608581073931,0.9999912406578978,0.0008759342102204748,0.0007850607308890201,0.0009672063051052725,706,0.003206464440744102,0.021506229623423107,0.021845208589669426,0.1657437582940329,100.0,0.1423829470740558,652
port_tight,best_hetero,ema,16,27,13.810359932299416,584.1748822726719,16.06494140625,1.0072511159544681,-0.7251115954468146,-1.9188850165529237,0.45453560324618253,1.007251115954468,-0.7251115954467924,-1.9634536763595605,0.4545886178385358,966,1.0323568376445595,43.99946438779077,10.952910465978682,678.1070732988878,100.0,0.2097204154937073,912
port_tight,best_hetero,ema,64,9,24.80194360148854,1047.277071359921,9.216796875,1.0442262051385343,-4.422620513853426,-6.0716431553690455,-2.539006512616084,1.0442262051385343,-4.422620513853426,-6.109482961447367,-2.491597807203716,541,7.097684419513193,49.4626167745304,69.66923473815467,962.3202218401776,100.0,0.12914170298606878,523
port_tight,best_hetero,ema,96,9,28.243464181060713,1200.1772747803197,10.55419921875,1.103873425138446,-10.387342513844612,-11.672518012023433,-8.91216639159803,1.1038734251384454,-10.387342513844544,-11.71660725974346,-8.899192301289368,563,6.908533972544319,57.76653358841297,86.66211871811782,1540.7388422458382,100.0,0.14277343380127452,545
port_tight,best_hetero,ema,128,9,30.218423140871785,1288.427418491623,11.32763671875,1.0767755534944399,-7.677555349443987,-10.062506338624255,-5.502863444875833,1.0767755534944394,-7.677555349443943,-9.956464076160557,-5.68389794750105,577,9.524643250719533,73.03081255259845,122.75465101336923,3934.148337048907,100.0,0.14860090007926255,559
port_tight,best_hetero,ema,all,135,11.05633114769376,463.9533789227716,73.71826171875,1.0159696401398106,-1.5969640139810615,-2.206140137471777,-0.9850056202481898,1.0159696401398104,-1.5969640139810393,-2.197889055241154,-1.0155116189326476,4214,3.3763267366369205,73.03081255259845,39.85156491861561,3934.148337048907,100.0,0.9360011747920778,3944
port_tight,best_hetero,ours,2,27,4.98715469462508,206.65247252137212,5.49462890625,0.9999850904093941,0.001490959060590491,0.0014185067543304175,0.0015646923622322784,0.9999850904093943,0.0014909590605682865,0.001418500135134948,0.0015631022765516533,314,0.003957800259832287,0.012613061134177905,0.034265574602397965,0.17949006076389923,100.0,0.05506248985678551,260
port_tight,best_hetero,ours,4,27,8.329098876695072,347.8558802063531,9.2490234375,0.9999875963488765,0.001240365112353814,0.001206724500735501,0.0012777671176456007,0.9999875963488754,0.0012403651124648363,0.001204899602294529,0.0012775929239036699,547,0.0026747336286970236,0.012613061134177905,0.02712346967939846,0.1559756076389458,100.0,0.1030101984478134,493
port_tight,best_hetero,ours,8,27,10.411296219315265,435.91307032010616,11.81103515625,0.999989331977712,0.0010668022287996237,0.0009994429241921843,0.001135927237501666,0.999989331977712,0.0010668022287996237,0.0010018549535098509,0.001133668990289105,706,0.0020291738400039657,0.012613061134177905,0.026843594995785865,0.10894670138927176,100.0,0.13572786548009083,652
port_tight,best_hetero,ours,16,27,13.730701350884766,582.4564122346778,16.03271484375,1.0014412604967835,-0.1441260496783503,-1.0403647791202324,0.7530463680766388,1.0014412604967833,-0.1441260496783281,-1.0263291943862145,0.753066997953046,966,0.0021147193983774193,0.00956136228529532,0.027579273748376664,0.10894670138903893,100.0,0.19043977767626138,912
port_tight,best_hetero,ours,64,9,23.751302570150035,1008.3256638605521,8.87841796875,0.9999914905232004,0.0008509476799645199,0.0004095856370134321,0.001419352014597752,0.9999914905232002,0.0008509476799756222,0.0004106764132424945,0.0013894247135223798,541,0.0025741903221301386,0.011087211709744166,0.024659059108142197,0.09405781250027939,100.0,0.11399075583611533,523
port_tight,best_hetero,ours,96,9,26.016593280988516,1106.655589652282,9.732421875,1.016837939971148,-1.683793997114802,-3.1480978238355113,-0.33174616975971294,1.0168379399711474,-1.6837939971147353,-3.10610948305858,-0.3221142574851843,563,0.002599716627761521,0.012613061134736798,0.02104161764863861,0.14109843749366702,100.0,0.12196341419118166,545
port_tight,best_hetero,ours,128,9,28.83719152516884,1207.5932606375538,10.61865234375,1.0275580138971816,-2.75580138971816,-5.114744347124843,-0.321625142324471,1.0275580138971814,-2.7558013897181377,-4.934968188648687,-0.3141975341200844,577,0.002984597739402423,0.0126130611332867,0.023317438400823433,0.14109843750484288,100.0,7.0635331066361795,559
port_tight,best_hetero,ours,all,135,10.917479818173122,458.0324572830103,71.81689453125,1.0032105491356091,-0.3210549135609142,-0.6178798001007457,-0.030921351980367016,1.0032105491356087,-0.3210549135608698,-0.6069488564111974,-0.035951419272344985,4214,0.0025533067317744036,0.012613061134736798,0.02606317715204181,0.17949006076389923,100.0,7.783727608124428,3944
